LECROYHDO6104B,11090,Waveform
Segments,1,SegmentSize,5002
Segment,TrigTime,TimeSinceSegment1
#1,04-May-2026 18:32:57,0                 
Time,Ampl
-3.702908e-08,-0.0059678941
-3.692908e-08,-0.0059729205
-3.682908e-08,-0.0059844095
-3.672908e-08,-0.0059973346
-3.662908e-08,-0.0060066693
-3.652908e-08,-0.0060102597
-3.642908e-08,-0.0060102597
-3.632908e-08,-0.0060088235
-3.622908e-08,-0.0060081055
-3.612908e-08,-0.0060066693
-3.602908e-08,-0.006003079
-3.592908e-08,-0.0059973346
-3.582908e-08,-0.005990872
-3.572908e-08,-0.0059872817
-3.562908e-08,-0.0059923081
-3.552908e-08,-0.0060088235
-3.542908e-08,-0.0060346737
-3.532908e-08,-0.0060641142
-3.522908e-08,-0.0060885283
-3.512908e-08,-0.0061007353
-3.502908e-08,-0.0060992992
-3.492908e-08,-0.0060870921
-3.482908e-08,-0.006073449
-3.472908e-08,-0.0060662684
-3.462908e-08,-0.0060705767
-3.452908e-08,-0.006085656
-3.442908e-08,-0.0061057617
-3.432908e-08,-0.0061237132
-3.422908e-08,-0.0061344841
-3.412908e-08,-0.0061359203
-3.402908e-08,-0.0061308938
-3.392908e-08,-0.0061237132
-3.382908e-08,-0.0061179688
-3.372908e-08,-0.0061129423
-3.362908e-08,-0.006108634
-3.352908e-08,-0.0061007353
-3.342908e-08,-0.0060899644
-3.332908e-08,-0.0060791935
-3.322908e-08,-0.006073449
-3.312908e-08,-0.0060777574
-3.302908e-08,-0.0060928366
-3.292908e-08,-0.0061143784
-3.282908e-08,-0.0061352022
-3.272908e-08,-0.0061466912
-3.262908e-08,-0.0061438189
-3.252908e-08,-0.0061265855
-3.242908e-08,-0.0061014534
-3.232908e-08,-0.0060777574
-3.222908e-08,-0.0060633961
-3.212908e-08,-0.0060641142
-3.202908e-08,-0.0060777574
-3.192908e-08,-0.0061007353
-3.182908e-08,-0.0061258674
-3.172908e-08,-0.0061474092
-3.162908e-08,-0.0061624885
-3.152908e-08,-0.0061696691
-3.142908e-08,-0.0061696691
-3.132908e-08,-0.0061624885
-3.122908e-08,-0.0061509995
-3.112908e-08,-0.0061352022
-3.102908e-08,-0.0061186868
-3.092908e-08,-0.0061050437
-3.082908e-08,-0.0060985811
-3.072908e-08,-0.0061007353
-3.062908e-08,-0.0061107881
-3.052908e-08,-0.0061251494
-3.042908e-08,-0.0061352022
-3.032908e-08,-0.0061352022
-3.022908e-08,-0.0061222771
-3.012908e-08,-0.0060978631
-3.002908e-08,-0.0060691406
-2.992908e-08,-0.0060432904
-2.982908e-08,-0.0060282112
-2.972908e-08,-0.0060274931
-2.962908e-08,-0.006038264
-2.952908e-08,-0.0060547794
-2.942908e-08,-0.0060705767
-2.932908e-08,-0.0060784754
-2.922908e-08,-0.0060770393
-2.912908e-08,-0.0060662684
-2.902908e-08,-0.006050471
-2.892908e-08,-0.0060339557
-2.882908e-08,-0.0060231847
-2.872908e-08,-0.0060203125
-2.862908e-08,-0.006026775
-2.852908e-08,-0.0060411363
-2.842908e-08,-0.0060598058
-2.832908e-08,-0.0060777574
-2.822908e-08,-0.0060899644
-2.812908e-08,-0.0060921186
-2.802908e-08,-0.0060835018
-2.792908e-08,-0.0060662684
-2.782908e-08,-0.0060461627
-2.772908e-08,-0.0060303653
-2.762908e-08,-0.0060246209
-2.752908e-08,-0.0060318015
-2.742908e-08,-0.006050471
-2.732908e-08,-0.0060756032
-2.722908e-08,-0.0061014534
-2.712908e-08,-0.0061237132
-2.702908e-08,-0.0061395106
-2.692908e-08,-0.0061502815
-2.682908e-08,-0.006156026
-2.672908e-08,-0.0061581801
-2.662908e-08,-0.006156744
-2.652908e-08,-0.0061495634
-2.642908e-08,-0.0061380744
-2.632908e-08,-0.0061237132
-2.622908e-08,-0.0061122243
-2.612908e-08,-0.0061079159
-2.602908e-08,-0.0061165326
-2.592908e-08,-0.0061352022
-2.582908e-08,-0.0061581801
-2.572908e-08,-0.0061761317
-2.562908e-08,-0.0061811581
-2.552908e-08,-0.0061696691
-2.542908e-08,-0.0061459731
-2.532908e-08,-0.0061201229
-2.522908e-08,-0.0061028895
-2.512908e-08,-0.0061007353
-2.502908e-08,-0.0061143784
-2.492908e-08,-0.0061373564
-2.482908e-08,-0.0061581801
-2.472908e-08,-0.0061696691
-2.462908e-08,-0.0061675149
-2.452908e-08,-0.0061538718
-2.442908e-08,-0.0061373564
-2.432908e-08,-0.0061237132
-2.422908e-08,-0.0061165326
-2.412908e-08,-0.0061143784
-2.402908e-08,-0.0061136604
-2.392908e-08,-0.0061122243
-2.382908e-08,-0.0061100701
-2.372908e-08,-0.0061107881
-2.362908e-08,-0.0061186868
-2.352908e-08,-0.0061352022
-2.342908e-08,-0.006156744
-2.332908e-08,-0.0061732594
-2.322908e-08,-0.0061754136
-2.312908e-08,-0.0061581801
-2.302908e-08,-0.0061229952
-2.292908e-08,-0.0060791935
-2.282908e-08,-0.0060411363
-2.272908e-08,-0.0060203125
-2.262908e-08,-0.0060203125
-2.252908e-08,-0.0060361098
-2.242908e-08,-0.0060590878
-2.232908e-08,-0.0060777574
-2.222908e-08,-0.0060870921
-2.212908e-08,-0.0060878102
-2.202908e-08,-0.0060863741
-2.192908e-08,-0.0060892463
-2.182908e-08,-0.0060992992
-2.172908e-08,-0.0061129423
-2.162908e-08,-0.0061229952
-2.152908e-08,-0.0061237132
-2.142908e-08,-0.0061136604
-2.132908e-08,-0.0060992992
-2.122908e-08,-0.0060878102
-2.112908e-08,-0.0060892463
-2.102908e-08,-0.0061050437
-2.092908e-08,-0.0061301758
-2.082908e-08,-0.0061553079
-2.072908e-08,-0.0061696691
-2.062908e-08,-0.0061696691
-2.052908e-08,-0.0061588982
-2.042908e-08,-0.0061474092
-2.032908e-08,-0.0061466912
-2.022908e-08,-0.0061617705
-2.012908e-08,-0.0061904929
-2.002908e-08,-0.0062242417
-1.992908e-08,-0.0062500919
-1.982908e-08,-0.0062601448
-1.972908e-08,-0.0062536822
-1.962908e-08,-0.0062357307
-1.952908e-08,-0.006215625
-1.942908e-08,-0.0062005457
-1.932908e-08,-0.0061940832
-1.922908e-08,-0.0061926471
-1.912908e-08,-0.0061926471
-1.902908e-08,-0.0061904929
-1.892908e-08,-0.0061869026
-1.882908e-08,-0.0061861845
-1.872908e-08,-0.0061926471
-1.862908e-08,-0.0062062902
-1.852908e-08,-0.0062228056
-1.842908e-08,-0.0062328585
-1.832908e-08,-0.006227114
-1.822908e-08,-0.0062012638
-1.812908e-08,-0.0061596163
-1.802908e-08,-0.0061143784
-1.792908e-08,-0.0060777574
-1.782908e-08,-0.006061242
-1.772908e-08,-0.0060677045
-1.762908e-08,-0.0060885283
-1.752908e-08,-0.0061122243
-1.742908e-08,-0.0061251494
-1.732908e-08,-0.0061194049
-1.722908e-08,-0.006097145
-1.712908e-08,-0.0060662684
-1.702908e-08,-0.006037546
-1.692908e-08,-0.0060188764
-1.682908e-08,-0.006014568
-1.672908e-08,-0.0060203125
-1.662908e-08,-0.0060303653
-1.652908e-08,-0.0060368279
-1.642908e-08,-0.006037546
-1.632908e-08,-0.0060318015
-1.622908e-08,-0.0060239028
-1.612908e-08,-0.0060167222
-1.602908e-08,-0.0060116958
-1.592908e-08,-0.0060088235
-1.582908e-08,-0.0060052332
-1.572908e-08,-0.0059994887
-1.562908e-08,-0.0059923081
-1.552908e-08,-0.0059858456
-1.542908e-08,-0.0059836914
-1.532908e-08,-0.0059894359
-1.522908e-08,-0.006002361
-1.512908e-08,-0.0060203125
-1.502908e-08,-0.006037546
-1.492908e-08,-0.0060483169
-1.482908e-08,-0.006050471
-1.472908e-08,-0.0060432904
-1.462908e-08,-0.0060303653
-1.452908e-08,-0.0060167222
-1.442908e-08,-0.0060088235
-1.432908e-08,-0.0060088235
-1.422908e-08,-0.0060188764
-1.412908e-08,-0.0060368279
-1.402908e-08,-0.0060576517
-1.392908e-08,-0.0060777574
-1.382908e-08,-0.0060906824
-1.372908e-08,-0.0060935547
-1.362908e-08,-0.006084938
-1.352908e-08,-0.0060662684
-1.342908e-08,-0.0060411363
-1.332908e-08,-0.0060152861
-1.322908e-08,-0.0059951804
-1.312908e-08,-0.0059858456
-1.302908e-08,-0.0059894359
-1.292908e-08,-0.0060052332
-1.282908e-08,-0.0060296473
-1.272908e-08,-0.0060547794
-1.262908e-08,-0.0060748851
-1.252908e-08,-0.0060835018
-1.242908e-08,-0.0060799115
-1.232908e-08,-0.0060662684
-1.222908e-08,-0.0060468807
-1.212908e-08,-0.0060296473
-1.202908e-08,-0.0060195944
-1.192908e-08,-0.0060203125
-1.182908e-08,-0.0060310834
-1.172908e-08,-0.0060468807
-1.162908e-08,-0.0060605239
-1.152908e-08,-0.0060662684
-1.142908e-08,-0.0060590878
-1.132908e-08,-0.0060397001
-1.122908e-08,-0.0060131319
-1.112908e-08,-0.0059858456
-1.102908e-08,-0.005966458
-1.092908e-08,-0.0059607135
-1.082908e-08,-0.0059686121
-1.072908e-08,-0.0059858456
-1.062908e-08,-0.0060059513
-1.052908e-08,-0.0060217486
-1.042908e-08,-0.006026775
-1.032908e-08,-0.0060203125
-1.022908e-08,-0.0060037971
-1.012908e-08,-0.0059822553
-1.002908e-08,-0.0059599954
-9.929079e-09,-0.0059398897
-9.829079e-09,-0.0059233743
-9.729079e-09,-0.0059104492
-9.629079e-09,-0.0059003964
-9.529079e-09,-0.0058939338
-9.429079e-09,-0.0058932158
-9.329079e-09,-0.0058996783
-9.229079e-09,-0.0059126034
-9.129079e-09,-0.0059284007
-9.029079e-09,-0.0059413258
-8.929079e-09,-0.0059449161
-8.829079e-09,-0.0059362994
-8.729079e-09,-0.0059169118
-8.629079e-09,-0.0058917796
-8.529079e-09,-0.0058695198
-8.429079e-09,-0.0058580308
-8.329079e-09,-0.0058594669
-8.229079e-09,-0.0058716739
-8.129079e-09,-0.0058889074
-8.029079e-09,-0.0059018325
-7.929079e-09,-0.0059054228
-7.829079e-09,-0.0058996783
-7.729079e-09,-0.0058881893
-7.629079e-09,-0.0058774184
-7.529079e-09,-0.0058709559
-7.429079e-09,-0.0058702378
-7.329079e-09,-0.0058716739
-7.229079e-09,-0.0058695198
-7.129079e-09,-0.0058594669
-7.029079e-09,-0.0058407973
-6.929079e-09,-0.0058178194
-6.829079e-09,-0.0057955595
-6.729079e-09,-0.0057790441
-6.629079e-09,-0.0057682732
-6.529079e-09,-0.0057589384
-6.429079e-09,-0.0057452953
-6.329079e-09,-0.0057215993
-6.229079e-09,-0.0056856962
-6.129079e-09,-0.0056404584
-6.029079e-09,-0.0055930664
-5.929079e-09,-0.0055492647
-5.829079e-09,-0.0055119256
-5.729079e-09,-0.0054774586
-5.629079e-09,-0.0054394014
-5.529079e-09,-0.0053884191
-5.429079e-09,-0.0053194853
-5.329079e-09,-0.0052304458
-5.229079e-09,-0.0051248909
-5.129079e-09,-0.0050092831
-5.029079e-09,-0.004890085
-4.929079e-09,-0.004771605
-4.829079e-09,-0.0046545611
-4.729079e-09,-0.0045382353
-4.629079e-09,-0.0044204733
-4.529079e-09,-0.0043005572
-4.429079e-09,-0.0041756147
-4.329079e-09,-0.0040442096
-4.229079e-09,-0.0039041877
-4.129079e-09,-0.0037541131
-4.029079e-09,-0.0035932675
-3.929079e-09,-0.0034238051
-3.829079e-09,-0.0032529067
-3.729079e-09,-0.0030884708
-3.629079e-09,-0.0029376781
-3.529079e-09,-0.0028034007
-3.429079e-09,-0.0026820485
-3.329079e-09,-0.0025650046
-3.229079e-09,-0.0024429343
-3.129079e-09,-0.002309375
-3.029079e-09,-0.0021636087
-2.929079e-09,-0.0020120979
-2.829079e-09,-0.0018663316
-2.729079e-09,-0.0017349265
-2.629079e-09,-0.001622909
-2.529079e-09,-0.0015274069
-2.429079e-09,-0.0014412397
-2.329079e-09,-0.0013557904
-2.229079e-09,-0.0012660329
-2.129079e-09,-0.0011712489
-2.029079e-09,-0.0010771829
-1.929079e-09,-0.00098814338
-1.829079e-09,-0.00090843865
-1.729079e-09,-0.00083663258
-1.629079e-09,-0.00076913488
-1.529079e-09,-0.00070091912
-1.429079e-09,-0.00062983111
-1.329079e-09,-0.00056017923
-1.229079e-09,-0.00049698989
-1.129079e-09,-0.00044816176
-1.029079e-09,-0.00041513097
-9.290788e-10,-0.00039358915
-8.290788e-10,-0.00037348346
-7.290788e-10,-0.00034476103
-6.290788e-10,-0.00029808709
-5.290788e-10,-0.00023202551
-4.290788e-10,-0.00015160271
-3.290788e-10,-6.9025735e-05
-2.290788e-10,6.3706342e-06
-1.290788e-10,6.9559972e-05
-2.907883e-11,0.00011910616
7.092117e-11,0.00016075368
1.709212e-10,0.00020240119
2.709212e-10,0.00025051126
3.709212e-10,0.00030580193
4.709212e-10,0.00036755515
5.709212e-10,0.00043289867
6.709212e-10,0.00049824219
7.709212e-10,0.00056430377
8.709212e-10,0.00063180147
9.709212e-10,0.00070288948
1.070921e-09,0.00077756778
1.170921e-09,0.00085511834
1.270921e-09,0.00093051471
1.370921e-09,0.0010008847
1.470921e-09,0.001064792
1.570921e-09,0.0011243911
1.670921e-09,0.0011832721
1.770921e-09,0.0012478975
1.870921e-09,0.0013211397
1.970921e-09,0.0014044347
2.070921e-09,0.0014934743
2.170921e-09,0.0015817957
2.270921e-09,0.0016629366
2.370921e-09,0.0017297162
2.470921e-09,0.0017806985
2.570921e-09,0.0018180377
2.670921e-09,0.0018467601
2.770921e-09,0.0018740464
2.870921e-09,0.0019070772
2.970921e-09,0.0019501608
3.070921e-09,0.0020040154
3.170921e-09,0.0020643325
3.270921e-09,0.0021253676
3.370921e-09,0.0021792222
3.470921e-09,0.0022187155
3.570921e-09,0.0022424115
3.670921e-09,0.0022517463
3.770921e-09,0.0022524644
3.870921e-09,0.0022524644
3.970921e-09,0.0022589269
4.070921e-09,0.0022747243
4.170921e-09,0.0022991383
4.270921e-09,0.0023285788
4.370921e-09,0.0023558651
4.470921e-09,0.002378125
4.570921e-09,0.0023924862
4.670921e-09,0.0023996668
4.770921e-09,0.002401821
4.870921e-09,0.0024011029
4.970921e-09,0.0023982307
5.070921e-09,0.0023924862
5.170921e-09,0.0023853056
5.270921e-09,0.002378125
5.370921e-09,0.0023745347
5.470921e-09,0.002378125
5.570921e-09,0.0023917682
5.670921e-09,0.0024125919
5.770921e-09,0.0024355699
5.870921e-09,0.0024535214
5.970921e-09,0.0024578297
6.070921e-09,0.0024470588
6.170921e-09,0.0024233628
6.270921e-09,0.0023960765
6.370921e-09,0.0023745347
6.470921e-09,0.002366636
6.570921e-09,0.0023738166
6.670921e-09,0.0023910501
6.770921e-09,0.0024111558
6.870921e-09,0.0024240809
6.970921e-09,0.0024247989
7.070921e-09,0.002414028
7.170921e-09,0.0023967946
7.270921e-09,0.002378125
7.370921e-09,0.0023644818
7.470921e-09,0.0023587374
7.570921e-09,0.0023601735
7.670921e-09,0.002366636
7.770921e-09,0.0023759708
7.870921e-09,0.0023881778
7.970921e-09,0.0024011029
8.070921e-09,0.0024125919
8.170921e-09,0.0024190545
8.270921e-09,0.0024161822
8.370921e-09,0.0023982307
8.470921e-09,0.002366636
8.570921e-09,0.0023257066
8.670921e-09,0.0022840591
8.770921e-09,0.0022531824
8.870921e-09,0.0022402574
8.970921e-09,0.0022467199
9.070921e-09,0.0022675437
9.170921e-09,0.0022919577
9.270921e-09,0.0023091912
9.370921e-09,0.0023120634
9.470921e-09,0.0022984203
9.570921e-09,0.0022725701
9.670921e-09,0.0022402574
9.770921e-09,0.0022079446
9.870921e-09,0.0021792222
9.970921e-09,0.0021555262
1.007092e-08,0.0021368566
1.017092e-08,0.0021246496
1.027092e-08,0.0021196232
1.037092e-08,0.0021239315
1.047092e-08,0.0021368566
1.057092e-08,0.002153372
1.067092e-08,0.0021670152
1.077092e-08,0.0021706055
1.087092e-08,0.0021598346
1.097092e-08,0.0021368566
1.107092e-08,0.0021088523
1.117092e-08,0.0020865924
1.127092e-08,0.0020794118
1.137092e-08,0.0020901827
1.147092e-08,0.0021153148
1.157092e-08,0.0021461914
1.167092e-08,0.0021713235
1.177092e-08,0.0021842486
1.187092e-08,0.0021835306
1.197092e-08,0.0021727597
1.207092e-08,0.0021598346
1.217092e-08,0.0021519359
1.227092e-08,0.002153372
1.237092e-08,0.0021641429
1.247092e-08,0.0021828125
1.257092e-08,0.0022065085
1.267092e-08,0.0022330767
1.277092e-08,0.0022603631
1.287092e-08,0.0022862132
1.297092e-08,0.0023063189
1.307092e-08,0.0023156537
1.317092e-08,0.0023084731
1.327092e-08,0.0022862132
1.337092e-08,0.0022531824
1.347092e-08,0.0022187155
1.357092e-08,0.0021964557
1.367092e-08,0.0021943015
1.377092e-08,0.0022151252
1.387092e-08,0.0022531824
1.397092e-08,0.0022962661
1.407092e-08,0.0023321691
1.417092e-08,0.0023508387
1.427092e-08,0.0023501206
1.437092e-08,0.0023336052
1.447092e-08,0.0023091912
1.457092e-08,0.0022854952
1.467092e-08,0.0022653895
1.477092e-08,0.0022510283
1.487092e-08,0.0022402574
1.497092e-08,0.0022316406
1.507092e-08,0.0022251781
1.517092e-08,0.002223742
1.527092e-08,0.0022287684
1.537092e-08,0.0022402574
1.547092e-08,0.0022539005
1.557092e-08,0.0022639534
1.567092e-08,0.0022632353
1.577092e-08,0.0022495921
1.587092e-08,0.0022266142
1.597092e-08,0.0022014821
1.607092e-08,0.0021828125
1.617092e-08,0.002177068
1.627092e-08,0.0021849667
1.637092e-08,0.0022014821
1.647092e-08,0.0022172794
1.657092e-08,0.0022251781
1.667092e-08,0.0022223058
1.677092e-08,0.0022093807
1.687092e-08,0.0021943015
1.697092e-08,0.0021856847
1.707092e-08,0.0021899931
1.717092e-08,0.0022086627
1.727092e-08,0.0022402574
1.737092e-08,0.0022775965
1.747092e-08,0.0023127815
1.757092e-08,0.0023400678
1.767092e-08,0.0023551471
1.777092e-08,0.0023573012
1.787092e-08,0.0023486845
1.797092e-08,0.002330733
1.807092e-08,0.0023091912
1.817092e-08,0.0022883674
1.827092e-08,0.0022732881
1.837092e-08,0.0022675437
1.847092e-08,0.0022747243
1.857092e-08,0.0022926758
1.867092e-08,0.0023178079
1.877092e-08,0.0023450942
1.887092e-08,0.002366636
1.897092e-08,0.0023788431
1.907092e-08,0.0023802792
1.917092e-08,0.0023709444
1.927092e-08,0.0023551471
1.937092e-08,0.0023364775
1.947092e-08,0.002318526
1.957092e-08,0.0023048828
1.967092e-08,0.0022977022
1.977092e-08,0.0022969841
1.987092e-08,0.0023020106
1.997092e-08,0.0023113454
2.007092e-08,0.0023206801
2.017092e-08,0.0023264246
2.027092e-08,0.0023249885
2.037092e-08,0.0023149357
2.047092e-08,0.0022977022
2.057092e-08,0.0022775965
2.067092e-08,0.0022603631
2.077092e-08,0.0022510283
2.087092e-08,0.0022517463
2.097092e-08,0.002259645
2.107092e-08,0.0022682617
2.117092e-08,0.002271134
2.127092e-08,0.0022632353
2.137092e-08,0.0022438477
2.147092e-08,0.0022179975
2.157092e-08,0.0021914292
2.167092e-08,0.0021713235
2.177092e-08,0.0021619887
2.187092e-08,0.0021641429
2.197092e-08,0.0021727597
2.207092e-08,0.0021828125
2.217092e-08,0.0021899931
2.227092e-08,0.0021921473
2.237092e-08,0.002189275
2.247092e-08,0.0021828125
2.257092e-08,0.0021734777
2.267092e-08,0.0021612707
2.277092e-08,0.0021454733
2.287092e-08,0.0021253676
2.297092e-08,0.0021023897
2.307092e-08,0.0020801298
2.317092e-08,0.0020636144
2.327092e-08,0.0020564338
2.337092e-08,0.0020593061
2.347092e-08,0.0020686409
2.357092e-08,0.0020779756
2.367092e-08,0.0020794118
2.377092e-08,0.0020679228
2.387092e-08,0.0020427907
2.397092e-08,0.0020097599
2.407092e-08,0.001976011
2.417092e-08,0.0019508789
2.427092e-08,0.001940108
2.437092e-08,0.0019458525
2.447092e-08,0.0019645221
2.457092e-08,0.0019889361
2.467092e-08,0.0020104779
2.477092e-08,0.002022685
2.487092e-08,0.0020219669
2.497092e-08,0.0020076057
2.507092e-08,0.0019817555
2.517092e-08,0.0019501608
2.527092e-08,0.0019185662
2.537092e-08,0.0018934341
2.547092e-08,0.001880509
2.557092e-08,0.001881227
2.567092e-08,0.0018955882
2.577092e-08,0.0019185662
2.587092e-08,0.0019422622
2.597092e-08,0.0019594956
2.607092e-08,0.0019645221
2.617092e-08,0.0019544692
2.627092e-08,0.0019314913
2.637092e-08,0.0019013327
2.647092e-08,0.0018726103
2.657092e-08,0.0018517865
2.667092e-08,0.0018417337
2.677092e-08,0.0018424517
2.687092e-08,0.0018496324
2.697092e-08,0.0018582491
2.707092e-08,0.0018647116
2.717092e-08,0.0018654297
2.727092e-08,0.0018611213
2.737092e-08,0.0018539407
2.747092e-08,0.0018446059
2.757092e-08,0.0018359892
2.767092e-08,0.0018266544
2.777092e-08,0.0018166016
2.787092e-08,0.0018051126
2.797092e-08,0.0017921875
2.807092e-08,0.0017806985
2.817092e-08,0.0017720818
2.827092e-08,0.0017684915
2.837092e-08,0.0017677734
2.847092e-08,0.0017692096
2.857092e-08,0.0017670554
2.867092e-08,0.0017577206
2.877092e-08,0.001739051
2.887092e-08,0.0017117647
2.897092e-08,0.00168017
2.907092e-08,0.0016521657
2.917092e-08,0.0016342142
2.927092e-08,0.0016313419
2.937092e-08,0.0016435489
2.947092e-08,0.0016650908
2.957092e-08,0.0016873506
2.967092e-08,0.0017002757
2.977092e-08,0.0016959674
2.987092e-08,0.0016729894
2.997092e-08,0.0016363683
3.007092e-08,0.001596875
3.017092e-08,0.0015667165
3.027092e-08,0.0015545094
3.037092e-08,0.0015624081
3.047092e-08,0.001585386
3.057092e-08,0.0016126723
3.067092e-08,0.00163206
3.077092e-08,0.0016349322
3.087092e-08,0.0016198529
3.097092e-08,0.0015911305
3.107092e-08,0.0015580997
3.117092e-08,0.0015315315
3.127092e-08,0.0015164522
3.137092e-08,0.00151358
3.147092e-08,0.0015186064
3.157092e-08,0.0015250689
3.167092e-08,0.0015279412
3.177092e-08,0.0015265051
3.187092e-08,0.0015207606
3.197092e-08,0.00151358
3.207092e-08,0.0015049632
3.217092e-08,0.0014941923
3.227092e-08,0.0014776769
3.237092e-08,0.0014532629
3.247092e-08,0.0014245404
3.257092e-08,0.0013965361
3.267092e-08,0.0013778665
3.277092e-08,0.0013749943
3.287092e-08,0.0013900735
3.297092e-08,0.0014166418
3.307092e-08,0.001442492
3.317092e-08,0.001455417
3.327092e-08,0.0014475184
3.337092e-08,0.001419514
3.347092e-08,0.0013800207
3.357092e-08,0.0013433996
3.367092e-08,0.0013211397
3.377092e-08,0.0013197036
3.387092e-08,0.001336219
3.397092e-08,0.001359915
3.407092e-08,0.0013785846
3.417092e-08,0.001383611
3.427092e-08,0.001372122
3.437092e-08,0.001348426
3.447092e-08,0.0013211397
3.457092e-08,0.0012974437
3.467092e-08,0.0012830825
3.477092e-08,0.0012759019
3.487092e-08,0.0012751838
3.497092e-08,0.0012766199
3.507092e-08,0.0012794922
3.517092e-08,0.0012823644
3.527092e-08,0.0012866728
3.537092e-08,0.0012902631
3.547092e-08,0.0012902631
3.557092e-08,0.0012823644
3.567092e-08,0.0012636949
3.577092e-08,0.0012364085
3.587092e-08,0.00120625
3.597092e-08,0.0011818359
3.607092e-08,0.0011717831
3.617092e-08,0.0011782456
3.627092e-08,0.0011976333
3.637092e-08,0.0012220473
3.647092e-08,0.0012407169
3.657092e-08,0.0012457433
3.667092e-08,0.0012342544
3.677092e-08,0.0012112764
3.687092e-08,0.0011832721
3.697092e-08,0.0011581399
3.707092e-08,0.0011394704
3.717092e-08,0.0011294175
3.727092e-08,0.0011258272
3.737092e-08,0.0011251091
3.747092e-08,0.0011265453
3.757092e-08,0.0011308536
3.767092e-08,0.0011373162
3.777092e-08,0.001146651
3.787092e-08,0.0011552677
3.797092e-08,0.0011574219
3.807092e-08,0.0011488051
3.817092e-08,0.0011258272
3.827092e-08,0.0010913603
3.837092e-08,0.0010497128
3.847092e-08,0.0010109375
3.857092e-08,0.00098293313
3.867092e-08,0.00097000804
3.877092e-08,0.00097288028
3.887092e-08,0.00098795956
3.897092e-08,0.0010080653
3.907092e-08,0.0010260168
3.917092e-08,0.0010360696
3.927092e-08,0.0010339154
3.937092e-08,0.0010188362
3.947092e-08,0.00099370404
3.957092e-08,0.00096210937
3.967092e-08,0.00093051471
3.977092e-08,0.0009068187
3.987092e-08,0.00089604779
3.997092e-08,0.00090107422
4.007092e-08,0.00091902574
4.017092e-08,0.00094272174
4.027092e-08,0.00096139131
4.037092e-08,0.00096641774
4.047092e-08,0.00095349265
4.057092e-08,0.00092405216
4.067092e-08,0.00088743107
4.077092e-08,0.00085511834
4.087092e-08,0.00083860294
4.097092e-08,0.00084219324
4.107092e-08,0.00086445312
4.117092e-08,0.00089748392
4.127092e-08,0.00093051471
4.137092e-08,0.00095421071
4.147092e-08,0.0009635455
4.157092e-08,0.00095851907
4.167092e-08,0.00094200368
4.177092e-08,0.00092046186
4.187092e-08,0.0008996381
4.197092e-08,0.0008831227
4.207092e-08,0.00087306985
4.217092e-08,0.00087163373
4.227092e-08,0.00087881434
4.237092e-08,0.00089173943
4.247092e-08,0.00090753676
4.257092e-08,0.0009197438
4.267092e-08,0.00092117992
4.277092e-08,0.00090969095
4.287092e-08,0.00088455882
4.297092e-08,0.00085224609
4.307092e-08,0.00082208755
4.317092e-08,0.00080413603
4.327092e-08,0.00080413603
4.337092e-08,0.00082136949
4.347092e-08,0.00084793773
4.357092e-08,0.00087306985
4.367092e-08,0.00088455882
4.377092e-08,0.00087737822
4.387092e-08,0.00085224609
4.397092e-08,0.00081706112
4.407092e-08,0.00078115809
4.417092e-08,0.00075315372
4.427092e-08,0.00073735639
4.437092e-08,0.00073304802
4.447092e-08,0.00073520221
4.457092e-08,0.00073951057
4.467092e-08,0.00074310087
4.477092e-08,0.00074525506
4.487092e-08,0.00074669118
4.497092e-08,0.00074740924
4.507092e-08,0.00074525506
4.517092e-08,0.00073879251
4.527092e-08,0.00072371324
4.537092e-08,0.00070073529
4.547092e-08,0.00067344899
4.557092e-08,0.00064831687
4.567092e-08,0.00063180147
4.577092e-08,0.00062821117
4.587092e-08,0.00063826402
4.597092e-08,0.00065765165
4.607092e-08,0.00067775735
4.617092e-08,0.00069283663
4.627092e-08,0.00069714499
4.637092e-08,0.00069140051
4.647092e-08,0.00067775735
4.657092e-08,0.0006605239
4.667092e-08,0.00064472656
4.677092e-08,0.00063036535
4.687092e-08,0.0006203125
4.697092e-08,0.00061384995
4.707092e-08,0.00061097771
4.717092e-08,0.00061313189
4.727092e-08,0.0006203125
4.737092e-08,0.00063108341
4.747092e-08,0.00064257238
4.757092e-08,0.00064831687
4.767092e-08,0.00064329044
4.777092e-08,0.00062605699
4.787092e-08,0.00059733456
4.797092e-08,0.00056573989
4.807092e-08,0.00053988971
4.817092e-08,0.00052768267
4.827092e-08,0.00053199104
4.837092e-08,0.00055066062
4.847092e-08,0.00057435662
4.857092e-08,0.00059159007
4.867092e-08,0.00059374426
4.877092e-08,0.00057507468
4.887092e-08,0.00053988971
4.897092e-08,0.00049680607
4.907092e-08,0.00045731273
4.917092e-08,0.00043218061
4.927092e-08,0.000425
4.937092e-08,0.00043577091
4.947092e-08,0.00045659467
4.957092e-08,0.00047885455
4.967092e-08,0.00049393382
4.977092e-08,0.00049752413
4.987092e-08,0.00048818934
4.997092e-08,0.00047023782
5.007092e-08,0.00044797794
5.017092e-08,0.00042643612
5.027092e-08,0.00040920267
5.037092e-08,0.00039699563
5.047092e-08,0.00039053309
5.057092e-08,0.00038909697
5.067092e-08,0.00039053309
5.077092e-08,0.00039555951
5.087092e-08,0.00040202206
5.097092e-08,0.00040776654
5.107092e-08,0.00041135685
5.117092e-08,0.00040920267
5.127092e-08,0.00040202206
5.137092e-08,0.00038981503
5.147092e-08,0.00037545381
5.157092e-08,0.00036252872
5.167092e-08,0.00035606618
5.177092e-08,0.00035678424
5.187092e-08,0.00036324678
5.197092e-08,0.00037258157
5.207092e-08,0.00037904412
5.217092e-08,0.00037904412
5.227092e-08,0.00037186351
5.237092e-08,0.00035893842
5.247092e-08,0.00034457721
5.257092e-08,0.00033452436
5.267092e-08,0.0003338063
5.277092e-08,0.00034170496
5.287092e-08,0.00035606618
5.297092e-08,0.00037258157
5.307092e-08,0.00038550666
5.317092e-08,0.00039196921
5.327092e-08,0.00039053309
5.337092e-08,0.00038335248
5.347092e-08,0.00037329963
5.357092e-08,0.00036324678
5.367092e-08,0.00035606618
5.377092e-08,0.00035103975
5.387092e-08,0.00034744945
5.397092e-08,0.00034529527
5.407092e-08,0.00034457721
5.417092e-08,0.00034601333
5.427092e-08,0.00034888557
5.437092e-08,0.00035319393
5.447092e-08,0.00035606618
5.457092e-08,0.00035247587
5.467092e-08,0.00034026884
5.477092e-08,0.0003172909
5.487092e-08,0.00028713235
5.497092e-08,0.00025625574
5.507092e-08,0.0002332778
5.517092e-08,0.00022394301
5.527092e-08,0.0002296875
5.537092e-08,0.00024692096
5.547092e-08,0.00026630859
5.557092e-08,0.00027851562
5.567092e-08,0.00027564338
5.577092e-08,0.00025553768
5.587092e-08,0.00022322495
5.597092e-08,0.00018803998
5.607092e-08,0.00016075368
5.617092e-08,0.00014854665
5.627092e-08,0.00015357307
5.637092e-08,0.00017224265
5.647092e-08,0.00019522059
5.657092e-08,0.00021389017
5.667092e-08,0.00022250689
5.677092e-08,0.00021963465
5.687092e-08,0.00020670956
5.697092e-08,0.00018875804
5.707092e-08,0.00017080653
5.717092e-08,0.00015357307
5.727092e-08,0.00013777574
5.737092e-08,0.00012054228
5.747092e-08,0.0001018727
5.757092e-08,8.3203125e-05
5.767092e-08,6.8841912e-05
5.777092e-08,6.3097426e-05
5.787092e-08,6.8123851e-05
5.797092e-08,8.3203125e-05
5.807092e-08,0.00010330882
5.817092e-08,0.00011910616
5.827092e-08,0.00012269646
5.837092e-08,0.00010977137
5.847092e-08,8.0330882e-05
5.857092e-08,4.2273667e-05
5.867092e-08,4.9345129e-06
5.877092e-08,-2.2351792e-05
5.887092e-08,-3.4558824e-05
5.897092e-08,-3.096852e-05
5.907092e-08,-1.7325368e-05
5.917092e-08,-8.0997243e-07
5.927092e-08,1.1397059e-05
5.937092e-08,1.4269301e-05
5.947092e-08,7.8067555e-06
5.957092e-08,-5.8363971e-06
5.967092e-08,-2.3069853e-05
5.977092e-08,-3.8867187e-05
5.987092e-08,-5.1074219e-05
5.997092e-08,-5.7536765e-05
6.007092e-08,-5.7536765e-05
6.017092e-08,-5.1074219e-05
6.027092e-08,-4.1021369e-05
6.037092e-08,-2.9532399e-05
6.047092e-08,-2.3069853e-05
6.057092e-08,-2.5942096e-05
6.067092e-08,-4.1021369e-05
6.077092e-08,-6.9025735e-05
6.087092e-08,-0.00010349265
6.097092e-08,-0.00013508732
6.107092e-08,-0.00015447495
6.117092e-08,-0.00015519301
6.127092e-08,-0.00013795956
6.137092e-08,-0.00011067325
6.147092e-08,-8.482307e-05
6.157092e-08,-7.2616039e-05
6.167092e-08,-8.0514706e-05
6.177092e-08,-0.00010708295
6.187092e-08,-0.00014298598
6.197092e-08,-0.00017601677
6.207092e-08,-0.00019540441
6.217092e-08,-0.00019755859
6.227092e-08,-0.00018678768
6.237092e-08,-0.00017099035
6.247092e-08,-0.0001609375
6.257092e-08,-0.00016309168
6.267092e-08,-0.00017673483
6.277092e-08,-0.00019755859
6.287092e-08,-0.00021838235
6.297092e-08,-0.00023346163
6.307092e-08,-0.00024207835
6.317092e-08,-0.00024710478
6.327092e-08,-0.00025284926
6.337092e-08,-0.00026290211
6.347092e-08,-0.00027726333
6.357092e-08,-0.00029090648
6.367092e-08,-0.00029880515
6.377092e-08,-0.00029880515
6.387092e-08,-0.00029090648
6.397092e-08,-0.00028085363
6.407092e-08,-0.00027582721
6.417092e-08,-0.00028013557
6.427092e-08,-0.0002959329
6.437092e-08,-0.00031962891
6.447092e-08,-0.00034476103
6.457092e-08,-0.00036558479
6.467092e-08,-0.00037779182
6.477092e-08,-0.00038138212
6.487092e-08,-0.00037922794
6.497092e-08,-0.00037563764
6.507092e-08,-0.00037420152
6.517092e-08,-0.00037491958
6.527092e-08,-0.00037922794
6.537092e-08,-0.00038569049
6.547092e-08,-0.00039574334
6.557092e-08,-0.00040866843
6.567092e-08,-0.00042518382
6.577092e-08,-0.0004438534
6.587092e-08,-0.00046180492
6.597092e-08,-0.00047185777
6.607092e-08,-0.00047113971
6.617092e-08,-0.00045749655
6.627092e-08,-0.00043595473
6.637092e-08,-0.00041369485
6.647092e-08,-0.00040220588
6.657092e-08,-0.00040866843
6.667092e-08,-0.00043451861
6.677092e-08,-0.00047473001
6.687092e-08,-0.00051709559
6.697092e-08,-0.00054869026
6.707092e-08,-0.00055874311
6.717092e-08,-0.00054653608
6.727092e-08,-0.00051709559
6.737092e-08,-0.00048262868
6.747092e-08,-0.00045606043
6.757092e-08,-0.0004474437
6.767092e-08,-0.00045965074
6.777092e-08,-0.00048837316
6.787092e-08,-0.00052499426
6.797092e-08,-0.00055946117
6.807092e-08,-0.00058602941
6.817092e-08,-0.00060039063
6.827092e-08,-0.00060398093
6.837092e-08,-0.00059823644
6.847092e-08,-0.00058602941
6.857092e-08,-0.00056951402
6.867092e-08,-0.00055012638
6.877092e-08,-0.00053073874
6.887092e-08,-0.00051709559
6.897092e-08,-0.00051278722
6.907092e-08,-0.00052068589
6.917092e-08,-0.00053935547
6.927092e-08,-0.00056305147
6.937092e-08,-0.00058172105
6.947092e-08,-0.00058746553
6.957092e-08,-0.00057597656
6.967092e-08,-0.0005515625
6.977092e-08,-0.00052499426
6.987092e-08,-0.00050991498
6.997092e-08,-0.00051422335
7.007092e-08,-0.00054007353
7.017092e-08,-0.00057813074
7.027092e-08,-0.00061475184
7.037092e-08,-0.00063485754
7.047092e-08,-0.00063198529
7.057092e-08,-0.00060900735
7.067092e-08,-0.00057884881
7.077092e-08,-0.00055587086
7.087092e-08,-0.0005515625
7.097092e-08,-0.0005680779
7.107092e-08,-0.0005989545
7.117092e-08,-0.00063126723
7.127092e-08,-0.00065496324
7.137092e-08,-0.00066501608
7.147092e-08,-0.00066501608
7.157092e-08,-0.0006628619
7.167092e-08,-0.00066645221
7.177092e-08,-0.00067865924
7.187092e-08,-0.00069517463
7.197092e-08,-0.00070881778
7.207092e-08,-0.00071240809
7.217092e-08,-0.00070522748
7.227092e-08,-0.00069302045
7.237092e-08,-0.00068440372
7.247092e-08,-0.00068943015
7.257092e-08,-0.00070953585
7.267092e-08,-0.00073969439
7.277092e-08,-0.000770571
7.287092e-08,-0.00079283088
7.297092e-08,-0.00080144761
7.307092e-08,-0.00079857537
7.317092e-08,-0.00079354894
7.327092e-08,-0.00079283088
7.337092e-08,-0.00080144761
7.347092e-08,-0.00081796301
7.357092e-08,-0.00083663258
7.367092e-08,-0.00085027574
7.377092e-08,-0.0008581744
7.387092e-08,-0.00086463695
7.397092e-08,-0.00087540786
7.407092e-08,-0.00089623162
7.417092e-08,-0.00092639017
7.427092e-08,-0.0009587029
7.437092e-08,-0.0009823989
7.447092e-08,-0.00098814338
7.457092e-08,-0.00097521829
7.467092e-08,-0.00095080423
7.477092e-08,-0.00092782629
7.487092e-08,-0.00091920956
7.497092e-08,-0.00093069853
7.507092e-08,-0.00095726677
7.517092e-08,-0.00098886144
7.527092e-08,-0.0010111213
7.537092e-08,-0.0010161477
7.547092e-08,-0.0010039407
7.557092e-08,-0.00098383502
7.567092e-08,-0.00096516544
7.577092e-08,-0.00095798483
7.587092e-08,-0.00096301126
7.597092e-08,-0.00097593635
7.607092e-08,-0.00098814338
7.617092e-08,-0.00099388787
7.627092e-08,-0.00099101563
7.637092e-08,-0.00098383502
7.647092e-08,-0.00097665441
7.657092e-08,-0.00097450023
7.667092e-08,-0.00097593635
7.677092e-08,-0.00097809053
7.687092e-08,-0.00097665441
7.697092e-08,-0.00097090993
7.707092e-08,-0.00096444738
7.717092e-08,-0.00096444738
7.727092e-08,-0.00097665441
7.737092e-08,-0.0010025046
7.747092e-08,-0.0010362534
7.757092e-08,-0.0010692842
7.767092e-08,-0.0010915441
7.777092e-08,-0.0010987247
7.787092e-08,-0.0010922622
7.797092e-08,-0.0010793371
7.807092e-08,-0.0010685662
7.817092e-08,-0.0010649759
7.827092e-08,-0.0010678481
7.837092e-08,-0.0010750287
7.847092e-08,-0.0010800551
7.857092e-08,-0.0010829274
7.867092e-08,-0.0010857996
7.877092e-08,-0.0010944164
7.887092e-08,-0.0011145221
7.897092e-08,-0.0011453987
7.907092e-08,-0.0011813017
7.917092e-08,-0.0012114602
7.927092e-08,-0.0012294118
7.937092e-08,-0.0012315659
7.947092e-08,-0.0012229492
7.957092e-08,-0.0012150506
7.967092e-08,-0.0012179228
7.977092e-08,-0.0012373104
7.987092e-08,-0.0012696232
7.997092e-08,-0.0013055262
8.007092e-08,-0.0013328125
8.017092e-08,-0.0013435834
8.027092e-08,-0.0013356847
8.037092e-08,-0.0013177332
8.047092e-08,-0.0012983456
8.057092e-08,-0.0012875747
8.067092e-08,-0.0012897289
8.077092e-08,-0.001303372
8.087092e-08,-0.0013213235
8.097092e-08,-0.0013378389
8.107092e-08,-0.001350046
8.117092e-08,-0.0013550724
8.127092e-08,-0.0013557904
8.137092e-08,-0.0013529182
8.147092e-08,-0.0013457376
8.157092e-08,-0.0013349667
8.167092e-08,-0.0013213235
8.177092e-08,-0.0013076804
8.187092e-08,-0.0012990636
8.197092e-08,-0.001303372
8.207092e-08,-0.0013213235
8.217092e-08,-0.0013522001
8.227092e-08,-0.0013873851
8.237092e-08,-0.0014182617
8.247092e-08,-0.0014362132
8.257092e-08,-0.0014383674
8.267092e-08,-0.0014290326
8.277092e-08,-0.0014139534
8.287092e-08,-0.0014017463
8.297092e-08,-0.0013952838
8.307092e-08,-0.0013938477
8.317092e-08,-0.0013931296
8.327092e-08,-0.0013902574
8.337092e-08,-0.0013852309
8.347092e-08,-0.0013823587
8.357092e-08,-0.001386667
8.367092e-08,-0.0014017463
8.377092e-08,-0.0014247243
8.387092e-08,-0.0014491383
8.397092e-08,-0.0014663718
8.407092e-08,-0.0014706801
8.417092e-08,-0.0014627815
8.427092e-08,-0.0014498564
8.437092e-08,-0.0014419577
8.447092e-08,-0.0014477022
8.457092e-08,-0.0014678079
8.467092e-08,-0.0014965303
8.477092e-08,-0.0015230986
8.487092e-08,-0.001539614
8.497092e-08,-0.0015424862
8.507092e-08,-0.0015374598
8.517092e-08,-0.0015338695
8.527092e-08,-0.001539614
8.537092e-08,-0.0015590016
8.547092e-08,-0.0015884421
8.557092e-08,-0.0016186006
8.567092e-08,-0.0016430147
8.577092e-08,-0.0016573759
8.587092e-08,-0.0016659926
8.597092e-08,-0.0016746094
8.607092e-08,-0.0016889706
8.617092e-08,-0.0017105124
8.627092e-08,-0.0017320542
8.637092e-08,-0.0017464154
8.647092e-08,-0.0017464154
8.657092e-08,-0.0017320542
8.667092e-08,-0.0017119485
8.677092e-08,-0.0016975873
8.687092e-08,-0.0017004596
8.697092e-08,-0.0017234375
8.707092e-08,-0.0017607767
8.717092e-08,-0.0017988339
8.727092e-08,-0.0018268382
8.737092e-08,-0.0018368911
8.747092e-08,-0.0018325827
8.757092e-08,-0.0018218118
8.767092e-08,-0.0018153493
8.777092e-08,-0.0018189396
8.787092e-08,-0.0018311466
8.797092e-08,-0.0018447898
8.807092e-08,-0.0018498162
8.817092e-08,-0.0018433536
8.827092e-08,-0.0018275563
8.837092e-08,-0.001811759
8.847092e-08,-0.0018038603
8.857092e-08,-0.0018088867
8.867092e-08,-0.001823966
8.877092e-08,-0.0018404814
8.887092e-08,-0.0018498162
8.897092e-08,-0.0018483801
8.907092e-08,-0.0018383272
8.917092e-08,-0.0018282744
8.927092e-08,-0.0018268382
8.937092e-08,-0.0018383272
8.947092e-08,-0.0018584329
8.957092e-08,-0.0018771025
8.967092e-08,-0.0018842831
8.977092e-08,-0.0018727941
8.987092e-08,-0.0018455078
8.997092e-08,-0.0018110409
9.007092e-08,-0.0017808824
9.017092e-08,-0.001764367
9.027092e-08,-0.001764367
9.037092e-08,-0.001776574
9.047092e-08,-0.0017923713
9.057092e-08,-0.0018052964
9.067092e-08,-0.001812477
9.077092e-08,-0.0018146312
9.087092e-08,-0.0018153493
9.097092e-08,-0.0018167854
9.107092e-08,-0.0018167854
9.117092e-08,-0.0018139131
9.127092e-08,-0.0018038603
9.137092e-08,-0.001788781
9.147092e-08,-0.0017729837
9.157092e-08,-0.001765085
9.167092e-08,-0.0017693934
9.177092e-08,-0.0017873449
9.187092e-08,-0.001812477
9.197092e-08,-0.001836173
9.207092e-08,-0.0018498162
9.217092e-08,-0.0018498162
9.227092e-08,-0.0018383272
9.237092e-08,-0.0018246841
9.247092e-08,-0.0018153493
9.257092e-08,-0.0018146312
9.267092e-08,-0.0018210938
9.277092e-08,-0.0018268382
9.287092e-08,-0.0018268382
9.297092e-08,-0.0018175034
9.307092e-08,-0.0018024242
9.317092e-08,-0.001788063
9.327092e-08,-0.0017808824
9.337092e-08,-0.0017837546
9.347092e-08,-0.0017923713
9.357092e-08,-0.0018009881
9.367092e-08,-0.0018038603
9.377092e-08,-0.00180027
9.387092e-08,-0.0017959616
9.397092e-08,-0.0017988339
9.407092e-08,-0.0018153493
9.417092e-08,-0.0018455078
9.427092e-08,-0.0018799747
9.437092e-08,-0.0019043888
9.447092e-08,-0.001907261
9.457092e-08,-0.001883565
9.467092e-08,-0.0018411994
9.477092e-08,-0.0017966797
9.487092e-08,-0.0017693934
9.497092e-08,-0.0017722656
9.507092e-08,-0.0018060145
9.517092e-08,-0.0018613051
9.527092e-08,-0.00191875
9.537092e-08,-0.0019596795
9.547092e-08,-0.0019740407
9.557092e-08,-0.0019611156
9.567092e-08,-0.001930239
9.577092e-08,-0.0018964901
9.587092e-08,-0.0018727941
9.597092e-08,-0.0018648955
9.607092e-08,-0.0018727941
9.617092e-08,-0.0018914637
9.627092e-08,-0.0019144416
9.637092e-08,-0.0019352654
9.647092e-08,-0.0019532169
9.657092e-08,-0.0019668601
9.667092e-08,-0.0019769129
9.677092e-08,-0.0019840935
9.687092e-08,-0.0019876838
9.697092e-08,-0.0019884019
9.707092e-08,-0.0019862477
9.717092e-08,-0.0019855296
9.727092e-08,-0.0019876838
9.737092e-08,-0.0019948644
9.747092e-08,-0.0020063534
9.757092e-08,-0.0020207146
9.767092e-08,-0.0020336397
9.777092e-08,-0.0020422564
9.787092e-08,-0.0020444106
9.797092e-08,-0.0020415384
9.807092e-08,-0.0020336397
9.817092e-08,-0.0020235869
9.827092e-08,-0.0020128159
9.837092e-08,-0.0020041992
9.847092e-08,-0.0019991728
9.857092e-08,-0.002001327
9.867092e-08,-0.002013534
9.877092e-08,-0.0020365119
9.887092e-08,-0.0020681066
9.897092e-08,-0.0021032916
9.907092e-08,-0.0021327321
9.917092e-08,-0.0021492475
9.927092e-08,-0.0021485294
9.937092e-08,-0.002132014
9.947092e-08,-0.002108318
9.957092e-08,-0.0020867762
9.967092e-08,-0.0020795956
9.977092e-08,-0.0020918026
9.987092e-08,-0.0021219612
9.997092e-08,-0.0021636087
1.000709e-07,-0.0022059743
1.001709e-07,-0.0022397231
1.002709e-07,-0.0022591108
1.003709e-07,-0.002261983
1.004709e-07,-0.0022519301
1.005709e-07,-0.0022339786
1.006709e-07,-0.0022138729
1.007709e-07,-0.0021959214
1.008709e-07,-0.0021829963
1.009709e-07,-0.0021779699
1.010709e-07,-0.0021829963
1.011709e-07,-0.0021966395
1.012709e-07,-0.0022174632
1.013709e-07,-0.0022418773
1.014709e-07,-0.0022641372
1.015709e-07,-0.0022799345
1.016709e-07,-0.0022863971
1.017709e-07,-0.0022849609
1.018709e-07,-0.0022799345
1.019709e-07,-0.0022756261
1.020709e-07,-0.0022749081
1.021709e-07,-0.0022792165
1.022709e-07,-0.0022863971
1.023709e-07,-0.0022935777
1.024709e-07,-0.002297886
1.025709e-07,-0.0022993222
1.026709e-07,-0.0022993222
1.027709e-07,-0.0023021944
1.028709e-07,-0.002309375
1.029709e-07,-0.0023201459
1.030709e-07,-0.002333071
1.031709e-07,-0.002345278
1.032709e-07,-0.0023553309
1.033709e-07,-0.0023661018
1.034709e-07,-0.0023797449
1.035709e-07,-0.0023998506
1.036709e-07,-0.0024242647
1.037709e-07,-0.0024479607
1.038709e-07,-0.002463758
1.039709e-07,-0.002463758
1.040709e-07,-0.0024472426
1.041709e-07,-0.0024192383
1.042709e-07,-0.0023905159
1.043709e-07,-0.0023740005
1.044709e-07,-0.0023783088
1.045709e-07,-0.002404159
1.046709e-07,-0.0024436523
1.047709e-07,-0.0024852999
1.048709e-07,-0.0025161765
1.049709e-07,-0.0025312557
1.050709e-07,-0.0025312557
1.051709e-07,-0.0025233571
1.052709e-07,-0.0025161765
1.053709e-07,-0.0025161765
1.054709e-07,-0.0025247932
1.055709e-07,-0.0025377183
1.056709e-07,-0.0025506434
1.057709e-07,-0.0025614143
1.058709e-07,-0.0025707491
1.059709e-07,-0.00258152
1.060709e-07,-0.0025965993
1.061709e-07,-0.0026152688
1.062709e-07,-0.0026325023
1.063709e-07,-0.0026432732
1.064709e-07,-0.0026425551
1.065709e-07,-0.0026317842
1.066709e-07,-0.0026159869
1.067709e-07,-0.0026059341
1.068709e-07,-0.0026080882
1.069709e-07,-0.0026253217
1.070709e-07,-0.002652608
1.071709e-07,-0.0026806124
1.072709e-07,-0.0027
1.073709e-07,-0.0027057445
1.074709e-07,-0.0026985639
1.075709e-07,-0.0026863568
1.076709e-07,-0.0026770221
1.077709e-07,-0.002676304
1.078709e-07,-0.0026849207
1.079709e-07,-0.0026985639
1.080709e-07,-0.002711489
1.081709e-07,-0.0027186696
1.082709e-07,-0.0027208238
1.083709e-07,-0.0027208238
1.084709e-07,-0.0027229779
1.085709e-07,-0.0027287224
1.086709e-07,-0.002735903
1.087709e-07,-0.0027394933
1.088709e-07,-0.0027344669
1.089709e-07,-0.0027193876
1.090709e-07,-0.0026978458
1.091709e-07,-0.0026770221
1.092709e-07,-0.0026655331
1.093709e-07,-0.0026669692
1.094709e-07,-0.0026791762
1.095709e-07,-0.0026971278
1.096709e-07,-0.002711489
1.097709e-07,-0.0027165154
1.098709e-07,-0.0027100528
1.099709e-07,-0.0026956916
1.100709e-07,-0.0026770221
1.101709e-07,-0.0026597886
1.102709e-07,-0.0026468635
1.103709e-07,-0.0026375287
1.104709e-07,-0.0026310662
1.105709e-07,-0.0026281939
1.106709e-07,-0.0026296301
1.107709e-07,-0.0026382468
1.108709e-07,-0.0026540441
1.109709e-07,-0.0026755859
1.110709e-07,-0.0026956916
1.111709e-07,-0.0027093348
1.112709e-07,-0.002711489
1.113709e-07,-0.0027021542
1.114709e-07,-0.002687793
1.115709e-07,-0.0026770221
1.116709e-07,-0.0026770221
1.117709e-07,-0.0026899472
1.118709e-07,-0.0027136432
1.119709e-07,-0.0027387753
1.120709e-07,-0.0027574449
1.121709e-07,-0.0027660616
1.122709e-07,-0.0027646255
1.123709e-07,-0.002759599
1.124709e-07,-0.0027574449
1.125709e-07,-0.0027631893
1.126709e-07,-0.0027775506
1.127709e-07,-0.0027969382
1.128709e-07,-0.0028148897
1.129709e-07,-0.0028292509
1.130709e-07,-0.0028400218
1.131709e-07,-0.0028493566
1.132709e-07,-0.0028608456
1.133709e-07,-0.0028744887
1.134709e-07,-0.0028881319
1.135709e-07,-0.0028967486
1.136709e-07,-0.0028953125
1.137709e-07,-0.0028845416
1.138709e-07,-0.0028680262
1.139709e-07,-0.002853665
1.140709e-07,-0.0028493566
1.141709e-07,-0.0028586914
1.142709e-07,-0.0028795152
1.143709e-07,-0.0029060834
1.144709e-07,-0.0029297794
1.145709e-07,-0.0029441406
1.146709e-07,-0.0029462948
1.147709e-07,-0.0029398323
1.148709e-07,-0.0029297794
1.149709e-07,-0.0029204446
1.150709e-07,-0.002913264
1.151709e-07,-0.0029096737
1.152709e-07,-0.0029068015
1.153709e-07,-0.0029046473
1.154709e-07,-0.0029032112
1.155709e-07,-0.0029039292
1.156709e-07,-0.0029068015
1.157709e-07,-0.0029111098
1.158709e-07,-0.002912546
1.159709e-07,-0.0029075195
1.160709e-07,-0.0028953125
1.161709e-07,-0.002878079
1.162709e-07,-0.0028615636
1.163709e-07,-0.002854383
1.164709e-07,-0.0028608456
1.165709e-07,-0.0028816693
1.166709e-07,-0.0029103918
1.167709e-07,-0.00293696
1.168709e-07,-0.0029527574
1.169709e-07,-0.0029534754
1.170709e-07,-0.0029405503
1.171709e-07,-0.0029218807
1.172709e-07,-0.0029068015
1.173709e-07,-0.0029024931
1.174709e-07,-0.0029111098
1.175709e-07,-0.0029297794
1.176709e-07,-0.0029527574
1.177709e-07,-0.0029750172
1.178709e-07,-0.0029936868
1.179709e-07,-0.0030094841
1.180709e-07,-0.0030216912
1.181709e-07,-0.003031744
1.182709e-07,-0.0030367705
1.183709e-07,-0.0030338982
1.184709e-07,-0.0030216912
1.185709e-07,-0.0030015855
1.186709e-07,-0.0029800437
1.187709e-07,-0.0029649644
1.188709e-07,-0.0029642463
1.189709e-07,-0.0029807617
1.190709e-07,-0.0030094841
1.191709e-07,-0.0030425149
1.192709e-07,-0.0030676471
1.193709e-07,-0.0030769818
1.194709e-07,-0.0030683651
1.195709e-07,-0.0030461052
1.196709e-07,-0.0030216912
1.197709e-07,-0.0030044577
1.198709e-07,-0.0030008674
1.199709e-07,-0.0030123564
1.200709e-07,-0.0030331801
1.201709e-07,-0.00305544
1.202709e-07,-0.0030712374
1.203709e-07,-0.0030755457
1.204709e-07,-0.0030676471
1.205709e-07,-0.0030504136
1.206709e-07,-0.0030274357
1.207709e-07,-0.0030051758
1.208709e-07,-0.0029872243
1.209709e-07,-0.0029764534
1.210709e-07,-0.0029757353
1.211709e-07,-0.002983634
1.212709e-07,-0.0029987132
1.213709e-07,-0.0030166648
1.214709e-07,-0.0030324621
1.215709e-07,-0.0030389246
1.216709e-07,-0.0030331801
1.217709e-07,-0.0030152286
1.218709e-07,-0.0029886604
1.219709e-07,-0.0029613741
1.220709e-07,-0.0029412684
1.221709e-07,-0.0029340878
1.222709e-07,-0.0029427045
1.223709e-07,-0.0029620921
1.224709e-07,-0.0029872243
1.225709e-07,-0.0030102022
1.226709e-07,-0.0030245634
1.227709e-07,-0.0030281537
1.228709e-07,-0.0030216912
1.229709e-07,-0.0030094841
1.230709e-07,-0.0029951229
1.231709e-07,-0.0029829159
1.232709e-07,-0.0029757353
1.233709e-07,-0.0029742992
1.234709e-07,-0.0029778895
1.235709e-07,-0.0029865062
1.236709e-07,-0.0029987132
1.237709e-07,-0.0030130744
1.238709e-07,-0.0030267176
1.239709e-07,-0.0030382066
1.240709e-07,-0.0030446691
1.241709e-07,-0.0030453872
1.242709e-07,-0.0030403608
1.243709e-07,-0.003031744
1.244709e-07,-0.0030216912
1.245709e-07,-0.0030137925
1.246709e-07,-0.0030102022
1.247709e-07,-0.0030130744
1.248709e-07,-0.0030216912
1.249709e-07,-0.0030353343
1.250709e-07,-0.0030511317
1.251709e-07,-0.003066929
1.252709e-07,-0.003079136
1.253709e-07,-0.0030848805
1.254709e-07,-0.0030820083
1.255709e-07,-0.0030719554
1.256709e-07,-0.0030561581
1.257709e-07,-0.0030396427
1.258709e-07,-0.0030259995
1.259709e-07,-0.003019537
1.260709e-07,-0.0030216912
1.261709e-07,-0.0030295898
1.262709e-07,-0.0030396427
1.263709e-07,-0.0030461052
1.264709e-07,-0.0030446691
1.265709e-07,-0.0030331801
1.266709e-07,-0.0030130744
1.267709e-07,-0.0029879423
1.268709e-07,-0.0029642463
1.269709e-07,-0.0029462948
1.270709e-07,-0.0029383961
1.271709e-07,-0.0029405503
1.272709e-07,-0.0029527574
1.273709e-07,-0.002972145
1.274709e-07,-0.0029951229
1.275709e-07,-0.0030166648
1.276709e-07,-0.0030331801
1.277709e-07,-0.0030410788
1.278709e-07,-0.0030389246
1.279709e-07,-0.0030274357
1.280709e-07,-0.0030102022
1.281709e-07,-0.0029929687
1.282709e-07,-0.0029807617
1.283709e-07,-0.0029786075
1.284709e-07,-0.0029872243
1.285709e-07,-0.0030030216
1.286709e-07,-0.0030216912
1.287709e-07,-0.0030367705
1.288709e-07,-0.0030446691
1.289709e-07,-0.0030439511
1.290709e-07,-0.0030374885
1.291709e-07,-0.0030288718
1.292709e-07,-0.0030216912
1.293709e-07,-0.0030188189
1.294709e-07,-0.0030202551
1.295709e-07,-0.0030252815
1.296709e-07,-0.0030331801
1.297709e-07,-0.0030425149
1.298709e-07,-0.0030532858
1.299709e-07,-0.0030619026
1.300709e-07,-0.0030676471
1.301709e-07,-0.0030662109
1.302709e-07,-0.0030568761
1.303709e-07,-0.0030403608
1.304709e-07,-0.0030216912
1.305709e-07,-0.0030087661
1.306709e-07,-0.0030094841
1.307709e-07,-0.0030267176
1.308709e-07,-0.0030561581
1.309709e-07,-0.0030891889
1.310709e-07,-0.0031136029
1.311709e-07,-0.0031186294
1.312709e-07,-0.003102114
1.313709e-07,-0.0030712374
1.314709e-07,-0.0030382066
1.315709e-07,-0.0030188189
1.316709e-07,-0.0030216912
1.317709e-07,-0.0030461052
1.318709e-07,-0.0030827263
1.319709e-07,-0.0031171932
1.320709e-07,-0.0031365809
1.321709e-07,-0.0031358628
1.322709e-07,-0.0031186294
1.323709e-07,-0.0030963695
1.324709e-07,-0.003079136
1.325709e-07,-0.0030755457
1.326709e-07,-0.0030841625
1.327709e-07,-0.0030999598
1.328709e-07,-0.0031136029
1.329709e-07,-0.0031193474
1.330709e-07,-0.0031179113
1.331709e-07,-0.0031136029
1.332709e-07,-0.0031136029
1.333709e-07,-0.0031215016
1.334709e-07,-0.0031351448
1.335709e-07,-0.0031509421
1.336709e-07,-0.0031595588
1.337709e-07,-0.0031581227
1.338709e-07,-0.0031473518
1.339709e-07,-0.0031329906
1.340709e-07,-0.0031250919
1.341709e-07,-0.0031286822
1.342709e-07,-0.0031451976
1.343709e-07,-0.0031696117
1.344709e-07,-0.0031940257
1.345709e-07,-0.0032098231
1.346709e-07,-0.0032141314
1.347709e-07,-0.0032069508
1.348709e-07,-0.0031940257
1.349709e-07,-0.0031818187
1.350709e-07,-0.0031746381
1.351709e-07,-0.0031746381
1.352709e-07,-0.0031825368
1.353709e-07,-0.0031961799
1.354709e-07,-0.0032134134
1.355709e-07,-0.003232801
1.356709e-07,-0.0032514706
1.357709e-07,-0.0032665499
1.358709e-07,-0.0032737305
1.359709e-07,-0.003268704
1.360709e-07,-0.0032514706
1.361709e-07,-0.0032249023
1.362709e-07,-0.003196898
1.363709e-07,-0.0031760742
1.364709e-07,-0.0031710478
1.365709e-07,-0.0031839729
1.366709e-07,-0.0032112592
1.367709e-07,-0.003245008
1.368709e-07,-0.0032744485
1.369709e-07,-0.0032924
1.370709e-07,-0.0032967084
1.371709e-07,-0.0032888097
1.372709e-07,-0.0032744485
1.373709e-07,-0.0032600873
1.374709e-07,-0.0032507525
1.375709e-07,-0.0032478803
1.376709e-07,-0.0032514706
1.377709e-07,-0.0032608054
1.378709e-07,-0.0032766027
1.379709e-07,-0.0032967084
1.380709e-07,-0.0033204044
1.381709e-07,-0.0033441004
1.382709e-07,-0.0033620519
1.383709e-07,-0.0033699506
1.384709e-07,-0.0033663603
1.385709e-07,-0.0033534352
1.386709e-07,-0.0033376379
1.387709e-07,-0.0033283031
1.388709e-07,-0.0033318934
1.389709e-07,-0.0033498449
1.390709e-07,-0.0033792854
1.391709e-07,-0.0034108801
1.392709e-07,-0.0034352941
1.393709e-07,-0.0034467831
1.394709e-07,-0.0034439108
1.395709e-07,-0.0034302677
1.396709e-07,-0.0034123162
1.397709e-07,-0.0033965188
1.398709e-07,-0.0033857479
1.399709e-07,-0.0033807215
1.400709e-07,-0.0033778493
1.401709e-07,-0.0033764131
1.402709e-07,-0.0033771312
1.403709e-07,-0.0033807215
1.404709e-07,-0.0033893382
1.405709e-07,-0.0034036994
1.406709e-07,-0.003421651
1.407709e-07,-0.0034374483
1.408709e-07,-0.0034467831
1.409709e-07,-0.003446065
1.410709e-07,-0.0034374483
1.411709e-07,-0.0034238051
1.412709e-07,-0.0034123162
1.413709e-07,-0.0034080078
1.414709e-07,-0.0034137523
1.415709e-07,-0.0034281135
1.416709e-07,-0.0034467831
1.417709e-07,-0.0034654527
1.418709e-07,-0.0034805319
1.419709e-07,-0.0034891487
1.420709e-07,-0.003492739
1.421709e-07,-0.0034913028
1.422709e-07,-0.0034855584
1.423709e-07,-0.0034783778
1.424709e-07,-0.003469761
1.425709e-07,-0.0034618624
1.426709e-07,-0.0034568359
1.427709e-07,-0.0034553998
1.428709e-07,-0.0034582721
1.429709e-07,-0.0034625804
1.430709e-07,-0.0034661707
1.431709e-07,-0.0034647346
1.432709e-07,-0.0034582721
1.433709e-07,-0.0034475011
1.434709e-07,-0.0034352941
1.435709e-07,-0.0034266774
1.436709e-07,-0.0034238051
1.437709e-07,-0.0034273955
1.438709e-07,-0.0034345761
1.439709e-07,-0.0034424747
1.440709e-07,-0.0034467831
1.441709e-07,-0.0034475011
1.442709e-07,-0.003446065
1.443709e-07,-0.003445347
1.444709e-07,-0.0034467831
1.445709e-07,-0.0034503734
1.446709e-07,-0.0034546818
1.447709e-07,-0.003457554
1.448709e-07,-0.0034582721
1.449709e-07,-0.0034597082
1.450709e-07,-0.0034654527
1.451709e-07,-0.0034805319
1.452709e-07,-0.0035042279
1.453709e-07,-0.0035329504
1.454709e-07,-0.0035595186
1.455709e-07,-0.0035745979
1.456709e-07,-0.0035731618
1.457709e-07,-0.0035559283
1.458709e-07,-0.0035315142
1.459709e-07,-0.0035099724
1.460709e-07,-0.0035042279
1.461709e-07,-0.0035185892
1.462709e-07,-0.0035509019
1.463709e-07,-0.0035918313
1.464709e-07,-0.0036306066
1.465709e-07,-0.0036571749
1.466709e-07,-0.0036693819
1.467709e-07,-0.0036686638
1.468709e-07,-0.0036650735
1.469709e-07,-0.0036657916
1.470709e-07,-0.0036758444
1.471709e-07,-0.0036966682
1.472709e-07,-0.0037225184
1.473709e-07,-0.0037483686
1.474709e-07,-0.0037691923
1.475709e-07,-0.0037835535
1.476709e-07,-0.0037914522
1.477709e-07,-0.0037957606
1.478709e-07,-0.0037993509
1.479709e-07,-0.0038015051
1.480709e-07,-0.0038029412
1.481709e-07,-0.0038015051
1.482709e-07,-0.0037986328
1.483709e-07,-0.0037936064
1.484709e-07,-0.0037914522
1.485709e-07,-0.0037936064
1.486709e-07,-0.0038029412
1.487709e-07,-0.0038180205
1.488709e-07,-0.0038374081
1.489709e-07,-0.0038575138
1.490709e-07,-0.0038740292
1.491709e-07,-0.003883364
1.492709e-07,-0.003883364
1.493709e-07,-0.0038725931
1.494709e-07,-0.0038532054
1.495709e-07,-0.0038280733
1.496709e-07,-0.0038029412
1.497709e-07,-0.0037835535
1.498709e-07,-0.0037742188
1.499709e-07,-0.0037778091
1.500709e-07,-0.0037914522
1.501709e-07,-0.0038094037
1.502709e-07,-0.0038230469
1.503709e-07,-0.0038259191
1.504709e-07,-0.0038144301
1.505709e-07,-0.0037907341
1.506709e-07,-0.0037598575
1.507709e-07,-0.0037311351
1.508709e-07,-0.0037110294
1.509709e-07,-0.0037024127
1.510709e-07,-0.0037052849
1.511709e-07,-0.0037131836
1.512709e-07,-0.0037225184
1.513709e-07,-0.0037275448
1.514709e-07,-0.0037275448
1.515709e-07,-0.0037218003
1.516709e-07,-0.0037110294
1.517709e-07,-0.0036959501
1.518709e-07,-0.0036765625
1.519709e-07,-0.0036543026
1.520709e-07,-0.0036306066
1.521709e-07,-0.0036097829
1.522709e-07,-0.0035975758
1.523709e-07,-0.0035968578
1.524709e-07,-0.0036076287
1.525709e-07,-0.0036255802
1.526709e-07,-0.0036428136
1.527709e-07,-0.0036499943
1.528709e-07,-0.0036420956
1.529709e-07,-0.0036205538
1.530709e-07,-0.0035911133
1.531709e-07,-0.0035652631
1.532709e-07,-0.0035501838
1.533709e-07,-0.0035501838
1.534709e-07,-0.0035631089
1.535709e-07,-0.0035817785
1.536709e-07,-0.0035961397
1.537709e-07,-0.0036004481
1.538709e-07,-0.0035939855
1.539709e-07,-0.0035789062
1.540709e-07,-0.0035616728
1.541709e-07,-0.0035473116
1.542709e-07,-0.0035394129
1.543709e-07,-0.0035372587
1.544709e-07,-0.0035386949
1.545709e-07,-0.0035430032
1.546709e-07,-0.0035501838
1.547709e-07,-0.0035602367
1.548709e-07,-0.0035731618
1.549709e-07,-0.003587523
1.550709e-07,-0.0035982939
1.551709e-07,-0.0036026023
1.552709e-07,-0.0035961397
1.553709e-07,-0.0035810604
1.554709e-07,-0.0035631089
1.555709e-07,-0.0035501838
1.556709e-07,-0.0035501838
1.557709e-07,-0.0035659812
1.558709e-07,-0.0035961397
1.559709e-07,-0.0036320427
1.560709e-07,-0.0036650735
1.561709e-07,-0.0036866153
1.562709e-07,-0.003694514
1.563709e-07,-0.0036887695
1.564709e-07,-0.0036765625
1.565709e-07,-0.0036636374
1.566709e-07,-0.0036564568
1.567709e-07,-0.0036564568
1.568709e-07,-0.0036650735
1.569709e-07,-0.0036801528
1.570709e-07,-0.0036981043
1.571709e-07,-0.003717492
1.572709e-07,-0.0037340074
1.573709e-07,-0.0037440602
1.574709e-07,-0.0037462144
1.575709e-07,-0.0037375977
1.576709e-07,-0.0037225184
1.577709e-07,-0.003706003
1.578709e-07,-0.003694514
1.579709e-07,-0.0036952321
1.580709e-07,-0.0037110294
1.581709e-07,-0.0037383157
1.582709e-07,-0.0037706284
1.583709e-07,-0.0037979148
1.584709e-07,-0.0038144301
1.585709e-07,-0.0038180205
1.586709e-07,-0.003812994
1.587709e-07,-0.0038050954
1.588709e-07,-0.0038029412
1.589709e-07,-0.0038086857
1.590709e-07,-0.0038216108
1.591709e-07,-0.0038374081
1.592709e-07,-0.0038488971
1.593709e-07,-0.0038532054
1.594709e-07,-0.0038510512
1.595709e-07,-0.0038445887
1.596709e-07,-0.0038374081
1.597709e-07,-0.0038323817
1.598709e-07,-0.0038302275
1.599709e-07,-0.0038287914
1.600709e-07,-0.0038259191
1.601709e-07,-0.0038230469
1.602709e-07,-0.0038223288
1.603709e-07,-0.0038266372
1.604709e-07,-0.0038374081
1.605709e-07,-0.0038532054
1.606709e-07,-0.0038675666
1.607709e-07,-0.0038754653
1.608709e-07,-0.003871875
1.609709e-07,-0.0038567957
1.610709e-07,-0.0038352539
1.611709e-07,-0.0038151482
1.612709e-07,-0.0038029412
1.613709e-07,-0.0038015051
1.614709e-07,-0.0038086857
1.615709e-07,-0.0038187385
1.616709e-07,-0.0038259191
1.617709e-07,-0.0038266372
1.618709e-07,-0.0038223288
1.619709e-07,-0.0038173024
1.620709e-07,-0.0038144301
1.621709e-07,-0.0038165843
1.622709e-07,-0.0038208927
1.623709e-07,-0.0038252011
1.624709e-07,-0.0038259191
1.625709e-07,-0.0038237649
1.626709e-07,-0.0038230469
1.627709e-07,-0.0038302275
1.628709e-07,-0.0038488971
1.629709e-07,-0.0038790556
1.630709e-07,-0.0039163948
1.631709e-07,-0.0039508617
1.632709e-07,-0.0039752757
1.633709e-07,-0.0039860466
1.634709e-07,-0.0039846105
1.635709e-07,-0.003978866
1.636709e-07,-0.0039752757
1.637709e-07,-0.0039803022
1.638709e-07,-0.0039939453
1.639709e-07,-0.004013333
1.640709e-07,-0.0040327206
1.641709e-07,-0.004049236
1.642709e-07,-0.004061443
1.643709e-07,-0.0040700597
1.644709e-07,-0.0040786765
1.645709e-07,-0.0040865751
1.646709e-07,-0.0040923196
1.647709e-07,-0.0040944738
1.648709e-07,-0.0040901654
1.649709e-07,-0.0040829848
1.650709e-07,-0.0040765223
1.651709e-07,-0.0040779584
1.652709e-07,-0.0040901654
1.653709e-07,-0.0041109892
1.654709e-07,-0.0041332491
1.655709e-07,-0.0041483284
1.656709e-07,-0.0041476103
1.657709e-07,-0.0041296588
1.658709e-07,-0.0041002183
1.659709e-07,-0.0040679056
1.660709e-07,-0.0040442096
1.661709e-07,-0.0040363109
1.662709e-07,-0.0040442096
1.663709e-07,-0.0040643153
1.664709e-07,-0.0040901654
1.665709e-07,-0.0041152976
1.666709e-07,-0.0041368394
1.667709e-07,-0.0041547909
1.668709e-07,-0.0041705882
1.669709e-07,-0.0041842314
1.670709e-07,-0.0041928481
1.671709e-07,-0.0041964384
1.672709e-07,-0.0041935662
1.673709e-07,-0.0041878217
1.674709e-07,-0.0041856675
1.675709e-07,-0.0041942842
1.676709e-07,-0.0042165441
1.677709e-07,-0.0042495749
1.678709e-07,-0.0042847599
1.679709e-07,-0.0043113281
1.680709e-07,-0.0043199449
1.681709e-07,-0.0043084559
1.682709e-07,-0.0042818876
1.683709e-07,-0.004251011
1.684709e-07,-0.0042280331
1.685709e-07,-0.0042186983
1.686709e-07,-0.0042244428
1.687709e-07,-0.0042373679
1.688709e-07,-0.004251011
1.689709e-07,-0.0042589097
1.690709e-07,-0.0042589097
1.691709e-07,-0.0042553194
1.692709e-07,-0.004251011
1.693709e-07,-0.0042495749
1.694709e-07,-0.0042495749
1.695709e-07,-0.0042467027
1.696709e-07,-0.0042395221
1.697709e-07,-0.004226597
1.698709e-07,-0.0042122358
1.699709e-07,-0.004202901
1.700709e-07,-0.0042050551
1.701709e-07,-0.0042186983
1.702709e-07,-0.0042402401
1.703709e-07,-0.0042617819
1.704709e-07,-0.004273989
1.705709e-07,-0.004273989
1.706709e-07,-0.0042632181
1.707709e-07,-0.0042488568
1.708709e-07,-0.0042395221
1.709709e-07,-0.0042409582
1.710709e-07,-0.0042524472
1.711709e-07,-0.0042696806
1.712709e-07,-0.0042854779
1.713709e-07,-0.0042948127
1.714709e-07,-0.0042962489
1.715709e-07,-0.0042919405
1.716709e-07,-0.0042854779
1.717709e-07,-0.0042797335
1.718709e-07,-0.0042732709
1.719709e-07,-0.0042646542
1.720709e-07,-0.004251011
1.721709e-07,-0.0042323415
1.722709e-07,-0.0042129538
1.723709e-07,-0.0041985926
1.724709e-07,-0.0041935662
1.725709e-07,-0.0042000287
1.726709e-07,-0.0042129538
1.727709e-07,-0.0042251608
1.728709e-07,-0.0042280331
1.729709e-07,-0.0042172622
1.730709e-07,-0.0041921301
1.731709e-07,-0.0041590993
1.732709e-07,-0.0041246324
1.733709e-07,-0.0040951919
1.734709e-07,-0.0040722139
1.735709e-07,-0.0040564166
1.736709e-07,-0.0040442096
1.737709e-07,-0.0040348748
1.738709e-07,-0.0040291303
1.739709e-07,-0.0040276942
1.740709e-07,-0.0040327206
1.741709e-07,-0.0040427734
1.742709e-07,-0.0040542624
1.743709e-07,-0.0040635972
1.744709e-07,-0.0040671875
1.745709e-07,-0.0040671875
1.746709e-07,-0.0040671875
1.747709e-07,-0.0040743681
1.748709e-07,-0.0040901654
1.749709e-07,-0.0041138614
1.750709e-07,-0.0041389936
1.751709e-07,-0.004156227
1.752709e-07,-0.0041590993
1.753709e-07,-0.0041476103
1.754709e-07,-0.0041282227
1.755709e-07,-0.0041131434
1.756709e-07,-0.0041131434
1.757709e-07,-0.0041339671
1.758709e-07,-0.0041727424
1.759709e-07,-0.0042194164
1.760709e-07,-0.0042625
1.761709e-07,-0.0042919405
1.762709e-07,-0.0043041475
1.763709e-07,-0.0043027114
1.764709e-07,-0.0042969669
1.765709e-07,-0.0042940947
1.766709e-07,-0.0042998392
1.767709e-07,-0.0043134823
1.768709e-07,-0.0043314338
1.769709e-07,-0.0043493853
1.770709e-07,-0.0043651827
1.771709e-07,-0.0043781078
1.772709e-07,-0.0043888787
1.773709e-07,-0.0043996496
1.774709e-07,-0.0044104205
1.775709e-07,-0.0044190372
1.776709e-07,-0.0044233456
1.777709e-07,-0.0044233456
1.778709e-07,-0.0044197553
1.779709e-07,-0.0044147289
1.780709e-07,-0.0044118566
1.781709e-07,-0.0044125747
1.782709e-07,-0.0044154469
1.783709e-07,-0.0044197553
1.784709e-07,-0.0044233456
1.785709e-07,-0.0044262178
1.786709e-07,-0.0044305262
1.787709e-07,-0.0044369887
1.788709e-07,-0.0044463235
1.789709e-07,-0.0044556583
1.790709e-07,-0.0044614028
1.791709e-07,-0.0044585306
1.792709e-07,-0.0044463235
1.793709e-07,-0.004428372
1.794709e-07,-0.0044097024
1.795709e-07,-0.0043996496
1.796709e-07,-0.0044003676
1.797709e-07,-0.0044118566
1.798709e-07,-0.0044262178
1.799709e-07,-0.0044362707
1.800709e-07,-0.0044348346
1.801709e-07,-0.0044197553
1.802709e-07,-0.0043967773
1.803709e-07,-0.0043723633
1.804709e-07,-0.0043544118
1.805709e-07,-0.0043465131
1.806709e-07,-0.0043479492
1.807709e-07,-0.0043522576
1.808709e-07,-0.0043544118
1.809709e-07,-0.0043522576
1.810709e-07,-0.0043472312
1.811709e-07,-0.0043429228
1.812709e-07,-0.0043429228
1.813709e-07,-0.0043479492
1.814709e-07,-0.0043544118
1.815709e-07,-0.0043580021
1.816709e-07,-0.0043544118
1.817709e-07,-0.004345077
1.818709e-07,-0.004333588
1.819709e-07,-0.0043278435
1.820709e-07,-0.0043314338
1.821709e-07,-0.0043443589
1.822709e-07,-0.0043608743
1.823709e-07,-0.0043745175
1.824709e-07,-0.0043773897
1.825709e-07,-0.004369491
1.826709e-07,-0.0043565659
1.827709e-07,-0.004345077
1.828709e-07,-0.0043429228
1.829709e-07,-0.0043515395
1.830709e-07,-0.0043673369
1.831709e-07,-0.0043824161
1.832709e-07,-0.0043888787
1.833709e-07,-0.0043838523
1.834709e-07,-0.0043702091
1.835709e-07,-0.0043544118
1.836709e-07,-0.0043429228
1.837709e-07,-0.0043378964
1.838709e-07,-0.0043357422
1.839709e-07,-0.0043314338
1.840709e-07,-0.0043199449
1.841709e-07,-0.0043019933
1.842709e-07,-0.0042826057
1.843709e-07,-0.0042711167
1.844709e-07,-0.004273989
1.845709e-07,-0.0042919405
1.846709e-07,-0.0043177907
1.847709e-07,-0.0043386144
1.848709e-07,-0.0043429228
1.849709e-07,-0.0043264074
1.850709e-07,-0.0042926585
1.851709e-07,-0.0042553194
1.852709e-07,-0.0042280331
1.853709e-07,-0.0042208525
1.854709e-07,-0.0042337776
1.855709e-07,-0.0042596278
1.856709e-07,-0.0042854779
1.857709e-07,-0.0042991211
1.858709e-07,-0.0042969669
1.859709e-07,-0.0042818876
1.860709e-07,-0.0042625
1.861709e-07,-0.0042495749
1.862709e-07,-0.0042474207
1.863709e-07,-0.0042574736
1.864709e-07,-0.004273989
1.865709e-07,-0.0042897863
1.866709e-07,-0.0043012753
1.867709e-07,-0.0043063017
1.868709e-07,-0.0043084559
1.869709e-07,-0.004309892
1.870709e-07,-0.0043134823
1.871709e-07,-0.0043177907
1.872709e-07,-0.0043199449
1.873709e-07,-0.0043185087
1.874709e-07,-0.0043142004
1.875709e-07,-0.0043091739
1.876709e-07,-0.0043084559
1.877709e-07,-0.0043156365
1.878709e-07,-0.0043314338
1.879709e-07,-0.0043536937
1.880709e-07,-0.0043773897
1.881709e-07,-0.0043974954
1.882709e-07,-0.0044104205
1.883709e-07,-0.0044147289
1.884709e-07,-0.0044118566
1.885709e-07,-0.004404676
1.886709e-07,-0.0043960593
1.887709e-07,-0.0043895967
1.888709e-07,-0.0043888787
1.889709e-07,-0.0043960593
1.890709e-07,-0.0044132927
1.891709e-07,-0.0044391429
1.892709e-07,-0.0044693015
1.893709e-07,-0.0044980239
1.894709e-07,-0.0045181296
1.895709e-07,-0.0045245921
1.896709e-07,-0.0045152574
1.897709e-07,-0.0044951517
1.898709e-07,-0.0044714557
1.899709e-07,-0.0044535041
1.900709e-07,-0.0044463235
1.901709e-07,-0.0044506319
1.902709e-07,-0.0044621209
1.903709e-07,-0.0044743279
1.904709e-07,-0.0044807904
1.905709e-07,-0.0044800724
1.906709e-07,-0.0044728918
1.907709e-07,-0.0044649931
1.908709e-07,-0.0044578125
1.909709e-07,-0.0044535041
1.910709e-07,-0.0044491958
1.911709e-07,-0.0044434513
1.912709e-07,-0.0044348346
1.913709e-07,-0.0044262178
1.914709e-07,-0.0044233456
1.915709e-07,-0.0044298081
1.916709e-07,-0.0044463235
1.917709e-07,-0.0044685834
1.918709e-07,-0.0044886891
1.919709e-07,-0.0044973058
1.920709e-07,-0.0044922794
1.921709e-07,-0.0044764821
1.922709e-07,-0.0044606847
1.923709e-07,-0.0044556583
1.924709e-07,-0.0044693015
1.925709e-07,-0.0045008961
1.926709e-07,-0.0045403895
1.927709e-07,-0.0045762925
1.928709e-07,-0.0045956801
1.929709e-07,-0.0045949621
1.930709e-07,-0.0045784467
1.931709e-07,-0.0045554687
1.932709e-07,-0.0045382353
1.933709e-07,-0.0045332089
1.934709e-07,-0.0045403895
1.935709e-07,-0.0045554687
1.936709e-07,-0.0045727022
1.937709e-07,-0.0045877815
1.938709e-07,-0.0046028608
1.939709e-07,-0.0046193761
1.940709e-07,-0.004641636
1.941709e-07,-0.0046667682
1.942709e-07,-0.0046897461
1.943709e-07,-0.0047019531
1.944709e-07,-0.0046990809
1.945709e-07,-0.0046825655
1.946709e-07,-0.0046595875
1.947709e-07,-0.0046430722
1.948709e-07,-0.004641636
1.949709e-07,-0.0046574334
1.950709e-07,-0.0046854377
1.951709e-07,-0.0047141602
1.952709e-07,-0.0047335478
1.953709e-07,-0.0047385742
1.954709e-07,-0.0047313936
1.955709e-07,-0.0047191866
1.956709e-07,-0.0047105699
1.957709e-07,-0.0047098518
1.958709e-07,-0.0047155963
1.959709e-07,-0.0047213408
1.960709e-07,-0.0047220588
1.961709e-07,-0.0047163143
1.962709e-07,-0.0047076976
1.963709e-07,-0.0047033892
1.964709e-07,-0.0047105699
1.965709e-07,-0.0047278033
1.966709e-07,-0.0047500632
1.967709e-07,-0.0047658605
1.968709e-07,-0.0047680147
1.969709e-07,-0.0047550896
1.970709e-07,-0.0047335478
1.971709e-07,-0.0047148782
1.972709e-07,-0.0047105699
1.973709e-07,-0.004724213
1.974709e-07,-0.0047500632
1.975709e-07,-0.0047766314
1.976709e-07,-0.0047909926
1.977709e-07,-0.0047859662
1.978709e-07,-0.0047644244
1.979709e-07,-0.0047349839
1.980709e-07,-0.0047105699
1.981709e-07,-0.0046983628
1.982709e-07,-0.0046990809
1.983709e-07,-0.0047062615
1.984709e-07,-0.0047105699
1.985709e-07,-0.0047055434
1.986709e-07,-0.0046919003
1.987709e-07,-0.0046753849
1.988709e-07,-0.004664614
1.989709e-07,-0.0046638959
1.990709e-07,-0.0046717946
1.991709e-07,-0.0046825655
1.992709e-07,-0.0046875919
1.993709e-07,-0.0046818474
1.994709e-07,-0.0046667682
1.995709e-07,-0.0046502528
1.996709e-07,-0.004641636
1.997709e-07,-0.0046466625
1.998709e-07,-0.004665332
1.999709e-07,-0.0046904642
2.000709e-07,-0.0047105699
2.001709e-07,-0.0047177505
2.002709e-07,-0.0047091337
2.003709e-07,-0.004689028
2.004709e-07,-0.004664614
2.005709e-07,-0.0046452263
2.006709e-07,-0.0046351735
2.007709e-07,-0.0046351735
2.008709e-07,-0.004641636
2.009709e-07,-0.0046502528
2.010709e-07,-0.0046595875
2.011709e-07,-0.0046674862
2.012709e-07,-0.0046761029
2.013709e-07,-0.0046840016
2.014709e-07,-0.0046897461
2.015709e-07,-0.0046911822
2.016709e-07,-0.0046875919
2.017709e-07,-0.0046804113
2.018709e-07,-0.0046739488
2.019709e-07,-0.0046753849
2.020709e-07,-0.0046875919
2.021709e-07,-0.0047098518
2.022709e-07,-0.00473642
2.023709e-07,-0.0047586799
2.024709e-07,-0.0047680147
2.025709e-07,-0.0047622702
2.026709e-07,-0.0047436006
2.027709e-07,-0.0047199046
2.028709e-07,-0.0046990809
2.029709e-07,-0.0046861558
2.030709e-07,-0.0046818474
2.031709e-07,-0.0046840016
2.032709e-07,-0.0046875919
2.033709e-07,-0.0046919003
2.034709e-07,-0.0046969267
2.035709e-07,-0.0047062615
2.036709e-07,-0.0047220588
2.037709e-07,-0.0047421645
2.038709e-07,-0.0047622702
2.039709e-07,-0.0047759134
2.040709e-07,-0.0047795037
2.041709e-07,-0.0047737592
2.042709e-07,-0.0047637063
2.043709e-07,-0.0047558077
2.044709e-07,-0.0047565257
2.045709e-07,-0.0047651425
2.046709e-07,-0.0047759134
2.047709e-07,-0.004783094
2.048709e-07,-0.0047795037
2.049709e-07,-0.0047658605
2.050709e-07,-0.0047464729
2.051709e-07,-0.0047299575
2.052709e-07,-0.0047220588
2.053709e-07,-0.0047249311
2.054709e-07,-0.0047342659
2.055709e-07,-0.0047421645
2.056709e-07,-0.0047450368
2.057709e-07,-0.0047407284
2.058709e-07,-0.0047335478
2.059709e-07,-0.0047306756
2.060709e-07,-0.0047335478
2.061709e-07,-0.0047414465
2.062709e-07,-0.0047471909
2.063709e-07,-0.0047421645
2.064709e-07,-0.0047220588
2.065709e-07,-0.0046904642
2.066709e-07,-0.0046588695
2.067709e-07,-0.0046394818
2.068709e-07,-0.004641636
2.069709e-07,-0.004665332
2.070709e-07,-0.0047012351
2.071709e-07,-0.0047321117
2.072709e-07,-0.0047450368
2.073709e-07,-0.0047335478
2.074709e-07,-0.0047019531
2.075709e-07,-0.0046624598
2.076709e-07,-0.0046301471
2.077709e-07,-0.0046129136
2.078709e-07,-0.0046114775
2.079709e-07,-0.0046200942
2.080709e-07,-0.0046301471
2.081709e-07,-0.0046373277
2.082709e-07,-0.004640918
2.083709e-07,-0.0046452263
2.084709e-07,-0.004653125
2.085709e-07,-0.004664614
2.086709e-07,-0.0046753849
2.087709e-07,-0.004676821
2.088709e-07,-0.004664614
2.089709e-07,-0.0046423541
2.090709e-07,-0.0046193761
2.091709e-07,-0.0046086052
2.092709e-07,-0.0046186581
2.093709e-07,-0.0046502528
2.094709e-07,-0.0046919003
2.095709e-07,-0.0047285214
2.096709e-07,-0.0047450368
2.097709e-07,-0.0047349839
2.098709e-07,-0.0047048254
2.099709e-07,-0.0046689223
2.100709e-07,-0.004641636
2.101709e-07,-0.0046344554
2.102709e-07,-0.0046459444
2.103709e-07,-0.0046682043
2.104709e-07,-0.0046875919
2.105709e-07,-0.0046947725
2.106709e-07,-0.0046875919
2.107709e-07,-0.0046710765
2.108709e-07,-0.004653125
2.109709e-07,-0.0046394818
2.110709e-07,-0.0046315832
2.111709e-07,-0.0046258387
2.112709e-07,-0.0046186581
2.113709e-07,-0.0046086052
2.114709e-07,-0.0046007066
2.115709e-07,-0.0046021427
2.116709e-07,-0.0046186581
2.117709e-07,-0.0046480986
2.118709e-07,-0.0046825655
2.119709e-07,-0.0047069795
2.120709e-07,-0.0047105699
2.121709e-07,-0.004689028
2.122709e-07,-0.0046488166
2.123709e-07,-0.0046042969
2.124709e-07,-0.0045727022
2.125709e-07,-0.0045640855
2.126709e-07,-0.0045798828
2.127709e-07,-0.0046100414
2.128709e-07,-0.004641636
2.129709e-07,-0.0046624598
2.130709e-07,-0.0046689223
2.131709e-07,-0.0046631778
2.132709e-07,-0.004653125
2.133709e-07,-0.0046459444
2.134709e-07,-0.0046430722
2.135709e-07,-0.0046430722
2.136709e-07,-0.004641636
2.137709e-07,-0.0046351735
2.138709e-07,-0.0046251206
2.139709e-07,-0.00461794
2.140709e-07,-0.0046186581
2.141709e-07,-0.0046301471
2.142709e-07,-0.0046488166
2.143709e-07,-0.0046667682
2.144709e-07,-0.0046761029
2.145709e-07,-0.0046710765
2.146709e-07,-0.0046545611
2.147709e-07,-0.0046337374
2.148709e-07,-0.0046186581
2.149709e-07,-0.0046165039
2.150709e-07,-0.0046287109
2.151709e-07,-0.0046473805
2.152709e-07,-0.004664614
2.153709e-07,-0.0046717946
2.154709e-07,-0.0046660501
2.155709e-07,-0.0046495347
2.156709e-07,-0.0046301471
2.157709e-07,-0.0046136317
2.158709e-07,-0.0046050149
2.159709e-07,-0.0046035788
2.160709e-07,-0.0046071691
2.161709e-07,-0.0046136317
2.162709e-07,-0.0046229665
2.163709e-07,-0.0046351735
2.164709e-07,-0.004653125
2.165709e-07,-0.0046753849
2.166709e-07,-0.0046976448
2.167709e-07,-0.0047148782
2.168709e-07,-0.0047220588
2.169709e-07,-0.0047170324
2.170709e-07,-0.0047033892
2.171709e-07,-0.0046868739
2.172709e-07,-0.0046761029
2.173709e-07,-0.0046761029
2.174709e-07,-0.00468831
2.175709e-07,-0.0047091337
2.176709e-07,-0.0047335478
2.177709e-07,-0.0047565257
2.178709e-07,-0.0047759134
2.179709e-07,-0.0047909926
2.180709e-07,-0.0048024816
2.181709e-07,-0.0048103803
2.182709e-07,-0.0048132525
2.183709e-07,-0.0048103803
2.184709e-07,-0.0048024816
2.185709e-07,-0.0047931468
2.186709e-07,-0.0047881204
2.187709e-07,-0.0047938649
2.188709e-07,-0.0048139706
2.189709e-07,-0.0048448472
2.190709e-07,-0.0048771599
2.191709e-07,-0.0049001379
2.192709e-07,-0.0049058824
2.193709e-07,-0.0048908031
2.194709e-07,-0.0048613626
2.195709e-07,-0.0048276137
2.196709e-07,-0.0048024816
2.197709e-07,-0.0047938649
2.198709e-07,-0.0048031997
2.199709e-07,-0.0048247415
2.200709e-07,-0.0048484375
2.201709e-07,-0.004865671
2.202709e-07,-0.0048728516
2.203709e-07,-0.0048692613
2.204709e-07,-0.0048599265
2.205709e-07,-0.0048505917
2.206709e-07,-0.0048441291
2.207709e-07,-0.0048434111
2.208709e-07,-0.0048484375
2.209709e-07,-0.0048577723
2.210709e-07,-0.0048714154
2.211709e-07,-0.0048879308
2.212709e-07,-0.0049058824
2.213709e-07,-0.0049209616
2.214709e-07,-0.0049288603
2.215709e-07,-0.0049238339
2.216709e-07,-0.0049058824
2.217709e-07,-0.004877878
2.218709e-07,-0.0048477194
2.219709e-07,-0.0048240234
2.220709e-07,-0.0048139706
2.221709e-07,-0.0048197151
2.222709e-07,-0.0048362305
2.223709e-07,-0.0048563362
2.224709e-07,-0.0048714154
2.225709e-07,-0.0048757238
2.226709e-07,-0.0048692613
2.227709e-07,-0.004854182
2.228709e-07,-0.0048369485
2.229709e-07,-0.0048197151
2.230709e-07,-0.0048053539
2.231709e-07,-0.0047917107
2.232709e-07,-0.0047795037
2.233709e-07,-0.0047701689
2.234709e-07,-0.0047658605
2.235709e-07,-0.0047687328
2.236709e-07,-0.0047795037
2.237709e-07,-0.0047938649
2.238709e-07,-0.0048039177
2.239709e-07,-0.0048039177
2.240709e-07,-0.0047909926
2.241709e-07,-0.0047672966
2.242709e-07,-0.0047414465
2.243709e-07,-0.004724213
2.244709e-07,-0.0047220588
2.245709e-07,-0.00473642
2.246709e-07,-0.0047608341
2.247709e-07,-0.0047859662
2.248709e-07,-0.0048024816
2.249709e-07,-0.004807508
2.250709e-07,-0.0048046358
2.251709e-07,-0.0048003274
2.252709e-07,-0.0048024816
2.253709e-07,-0.0048139706
2.254709e-07,-0.004831204
2.255709e-07,-0.0048484375
2.256709e-07,-0.0048599265
2.257709e-07,-0.0048620807
2.258709e-07,-0.0048584903
2.259709e-07,-0.0048563362
2.260709e-07,-0.0048599265
2.261709e-07,-0.0048721335
2.262709e-07,-0.0048886489
2.263709e-07,-0.004901574
2.264709e-07,-0.0049058824
2.265709e-07,-0.0048994198
2.266709e-07,-0.0048872128
2.267709e-07,-0.004878596
2.268709e-07,-0.0048829044
2.269709e-07,-0.0049030101
2.270709e-07,-0.0049360409
2.271709e-07,-0.0049712259
2.272709e-07,-0.0049977941
2.273709e-07,-0.005008565
2.274709e-07,-0.0050013844
2.275709e-07,-0.004984151
2.276709e-07,-0.0049633272
2.277709e-07,-0.0049475299
2.278709e-07,-0.0049396312
2.279709e-07,-0.0049381951
2.280709e-07,-0.0049403493
2.281709e-07,-0.0049432215
2.282709e-07,-0.0049482479
2.283709e-07,-0.0049575827
2.284709e-07,-0.0049748162
2.285709e-07,-0.0049992302
2.286709e-07,-0.0050250804
2.287709e-07,-0.0050466222
2.288709e-07,-0.005055239
2.289709e-07,-0.0050487764
2.290709e-07,-0.005031543
2.291709e-07,-0.0050114373
2.292709e-07,-0.0049977941
2.293709e-07,-0.0049970761
2.294709e-07,-0.005008565
2.295709e-07,-0.0050272346
2.296709e-07,-0.00504375
2.297709e-07,-0.0050516487
2.298709e-07,-0.0050487764
2.299709e-07,-0.0050365694
2.300709e-07,-0.0050207721
2.301709e-07,-0.005007847
2.302709e-07,-0.0050013844
2.303709e-07,-0.0050028205
2.304709e-07,-0.0050092831
2.305709e-07,-0.0050193359
2.306709e-07,-0.005031543
2.307709e-07,-0.0050444681
2.308709e-07,-0.005055239
2.309709e-07,-0.0050617015
2.310709e-07,-0.0050588293
2.311709e-07,-0.0050451861
2.312709e-07,-0.0050207721
2.313709e-07,-0.0049913316
2.314709e-07,-0.0049669175
2.315709e-07,-0.0049554285
2.316709e-07,-0.0049633272
2.317709e-07,-0.0049891774
2.318709e-07,-0.0050243624
2.319709e-07,-0.0050573932
2.320709e-07,-0.0050782169
2.321709e-07,-0.0050825253
2.322709e-07,-0.0050724724
2.323709e-07,-0.005055957
2.324709e-07,-0.00504375
2.325709e-07,-0.0050408778
2.326709e-07,-0.0050494945
2.327709e-07,-0.0050638557
2.328709e-07,-0.0050782169
2.329709e-07,-0.0050889878
2.330709e-07,-0.0050961684
2.331709e-07,-0.005102631
2.332709e-07,-0.0051126838
2.333709e-07,-0.005127045
2.334709e-07,-0.0051428424
2.335709e-07,-0.0051550494
2.336709e-07,-0.0051586397
2.337709e-07,-0.0051514591
2.338709e-07,-0.005138534
2.339709e-07,-0.005127045
2.340709e-07,-0.0051241728
2.341709e-07,-0.0051349437
2.342709e-07,-0.0051572036
2.343709e-07,-0.0051837718
2.344709e-07,-0.0052045956
2.345709e-07,-0.0052146484
2.346709e-07,-0.0052117762
2.347709e-07,-0.0052024414
2.348709e-07,-0.0051931066
2.349709e-07,-0.0051916705
2.350709e-07,-0.0051988511
2.351709e-07,-0.0052132123
2.352709e-07,-0.0052275735
2.353709e-07,-0.0052361903
2.354709e-07,-0.0052369083
2.355709e-07,-0.0052318819
2.356709e-07,-0.0052275735
2.357709e-07,-0.0052290097
2.358709e-07,-0.0052390625
2.359709e-07,-0.0052555779
2.360709e-07,-0.0052735294
2.361709e-07,-0.0052871726
2.362709e-07,-0.005292917
2.363709e-07,-0.0052907629
2.364709e-07,-0.0052850184
2.365709e-07,-0.0052814281
2.366709e-07,-0.0052857364
2.367709e-07,-0.0052986615
2.368709e-07,-0.0053194853
2.369709e-07,-0.0053424632
2.370709e-07,-0.0053625689
2.371709e-07,-0.005374776
2.372709e-07,-0.0053769301
2.373709e-07,-0.0053697495
2.374709e-07,-0.0053582606
2.375709e-07,-0.0053467716
2.376709e-07,-0.0053424632
2.377709e-07,-0.0053482077
2.378709e-07,-0.0053647231
2.379709e-07,-0.0053877011
2.380709e-07,-0.0054113971
2.381709e-07,-0.0054264763
2.382709e-07,-0.0054279125
2.383709e-07,-0.0054135512
2.384709e-07,-0.0053884191
2.385709e-07,-0.0053611328
2.386709e-07,-0.0053424632
2.387709e-07,-0.005339591
2.388709e-07,-0.0053539522
2.389709e-07,-0.0053798024
2.390709e-07,-0.0054056526
2.391709e-07,-0.005422886
2.392709e-07,-0.005422886
2.393709e-07,-0.0054070887
2.394709e-07,-0.0053805205
2.395709e-07,-0.0053532341
2.396709e-07,-0.0053309743
2.397709e-07,-0.0053166131
2.398709e-07,-0.0053094324
2.399709e-07,-0.0053029699
2.400709e-07,-0.0052965074
2.401709e-07,-0.0052893267
2.402709e-07,-0.0052864545
2.403709e-07,-0.005292199
2.404709e-07,-0.0053079963
2.405709e-07,-0.0053302562
2.406709e-07,-0.0053496438
2.407709e-07,-0.0053561064
2.408709e-07,-0.0053424632
2.409709e-07,-0.0053101505
2.410709e-07,-0.0052670669
2.411709e-07,-0.0052275735
2.412709e-07,-0.0052045956
2.413709e-07,-0.0052038775
2.414709e-07,-0.0052225471
2.415709e-07,-0.0052498334
2.416709e-07,-0.0052735294
2.417709e-07,-0.0052835823
2.418709e-07,-0.0052771197
2.419709e-07,-0.0052591682
2.420709e-07,-0.0052390625
2.421709e-07,-0.0052261374
2.422709e-07,-0.0052254193
2.423709e-07,-0.0052354722
2.424709e-07,-0.0052505515
2.425709e-07,-0.0052656307
2.426709e-07,-0.0052756836
2.427709e-07,-0.0052821461
2.428709e-07,-0.0052850184
2.429709e-07,-0.0052878906
2.430709e-07,-0.005292199
2.431709e-07,-0.0052957893
2.432709e-07,-0.0052965074
2.433709e-07,-0.0052936351
2.434709e-07,-0.0052886087
2.435709e-07,-0.0052843003
2.436709e-07,-0.0052850184
2.437709e-07,-0.0052943532
2.438709e-07,-0.0053108686
2.439709e-07,-0.0053324104
2.440709e-07,-0.0053539522
2.441709e-07,-0.0053704676
2.442709e-07,-0.0053790843
2.443709e-07,-0.0053805205
2.444709e-07,-0.0053769301
2.445709e-07,-0.0053719037
2.446709e-07,-0.0053668773
2.447709e-07,-0.0053640051
2.448709e-07,-0.0053654412
2.449709e-07,-0.0053711857
2.450709e-07,-0.0053826746
2.451709e-07,-0.0054006261
2.452709e-07,-0.005422886
2.453709e-07,-0.0054451459
2.454709e-07,-0.0054616613
2.455709e-07,-0.0054659697
2.456709e-07,-0.0054573529
2.457709e-07,-0.0054365292
2.458709e-07,-0.005410679
2.459709e-07,-0.0053884191
2.460709e-07,-0.0053769301
2.461709e-07,-0.0053783663
2.462709e-07,-0.0053891372
2.463709e-07,-0.0054027803
2.464709e-07,-0.0054113971
2.465709e-07,-0.0054092429
2.466709e-07,-0.0053948817
2.467709e-07,-0.005374776
2.468709e-07,-0.0053539522
2.469709e-07,-0.005339591
2.470709e-07,-0.0053360007
2.471709e-07,-0.0053417452
2.472709e-07,-0.0053539522
2.473709e-07,-0.0053683134
2.474709e-07,-0.0053805205
2.475709e-07,-0.0053877011
2.476709e-07,-0.0053884191
2.477709e-07,-0.0053805205
2.478709e-07,-0.0053640051
2.479709e-07,-0.0053388729
2.480709e-07,-0.0053079963
2.481709e-07,-0.0052764017
2.482709e-07,-0.0052512695
2.483709e-07,-0.0052376264
2.484709e-07,-0.0052390625
2.485709e-07,-0.0052534237
2.486709e-07,-0.0052749655
2.487709e-07,-0.0052957893
2.488709e-07,-0.0053079963
2.489709e-07,-0.0053087144
2.490709e-07,-0.0052986615
2.491709e-07,-0.00528071
2.492709e-07,-0.0052620404
2.493709e-07,-0.0052462431
2.494709e-07,-0.0052347541
2.495709e-07,-0.0052290097
2.496709e-07,-0.0052275735
2.497709e-07,-0.0052304458
2.498709e-07,-0.0052383444
2.499709e-07,-0.0052491153
2.500709e-07,-0.0052620404
2.501709e-07,-0.0052720933
2.502709e-07,-0.0052742475
2.503709e-07,-0.0052670669
2.504709e-07,-0.0052505515
2.505709e-07,-0.0052318819
2.506709e-07,-0.0052196749
2.507709e-07,-0.005221111
2.508709e-07,-0.0052390625
2.509709e-07,-0.005268503
2.510709e-07,-0.0052993796
2.511709e-07,-0.0053194853
2.512709e-07,-0.0053194853
2.513709e-07,-0.0052986615
2.514709e-07,-0.0052649127
2.515709e-07,-0.0052297277
2.516709e-07,-0.0052045956
2.517709e-07,-0.0051952608
2.518709e-07,-0.0052017233
2.519709e-07,-0.0052153665
2.520709e-07,-0.0052275735
2.521709e-07,-0.0052326
2.522709e-07,-0.0052297277
2.523709e-07,-0.0052225471
2.524709e-07,-0.0052160846
2.525709e-07,-0.0052139304
2.526709e-07,-0.0052153665
2.527709e-07,-0.0052175207
2.528709e-07,-0.0052160846
2.529709e-07,-0.005209622
2.530709e-07,-0.0052002872
2.531709e-07,-0.0051938247
2.532709e-07,-0.0051931066
2.533709e-07,-0.0052010053
2.534709e-07,-0.0052153665
2.535709e-07,-0.0052297277
2.536709e-07,-0.0052390625
2.537709e-07,-0.0052412167
2.538709e-07,-0.0052369083
2.539709e-07,-0.0052304458
2.540709e-07,-0.0052275735
2.541709e-07,-0.0052290097
2.542709e-07,-0.0052340361
2.543709e-07,-0.0052383444
2.544709e-07,-0.0052390625
2.545709e-07,-0.0052361903
2.546709e-07,-0.0052318819
2.547709e-07,-0.0052318819
2.548709e-07,-0.0052390625
2.549709e-07,-0.0052527057
2.550709e-07,-0.0052670669
2.551709e-07,-0.0052756836
2.552709e-07,-0.0052735294
2.553709e-07,-0.0052613224
2.554709e-07,-0.005245525
2.555709e-07,-0.0052354722
2.556709e-07,-0.0052390625
2.557709e-07,-0.0052584501
2.558709e-07,-0.0052878906
2.559709e-07,-0.005315895
2.560709e-07,-0.0053309743
2.561709e-07,-0.005328102
2.562709e-07,-0.0053087144
2.563709e-07,-0.0052828642
2.564709e-07,-0.0052620404
2.565709e-07,-0.005256296
2.566709e-07,-0.005268503
2.567709e-07,-0.005292199
2.568709e-07,-0.0053194853
2.569709e-07,-0.005339591
2.570709e-07,-0.0053474897
2.571709e-07,-0.0053424632
2.572709e-07,-0.0053309743
2.573709e-07,-0.0053180492
2.574709e-07,-0.0053094324
2.575709e-07,-0.0053065602
2.576709e-07,-0.0053079963
2.577709e-07,-0.0053123047
2.578709e-07,-0.0053173311
2.579709e-07,-0.0053237937
2.580709e-07,-0.0053309743
2.581709e-07,-0.0053388729
2.582709e-07,-0.0053446174
2.583709e-07,-0.0053467716
2.584709e-07,-0.0053424632
2.585709e-07,-0.0053316923
2.586709e-07,-0.0053180492
2.587709e-07,-0.005304406
2.588709e-07,-0.0052965074
2.589709e-07,-0.0052950712
2.590709e-07,-0.0052979435
2.591709e-07,-0.005303688
2.592709e-07,-0.0053079963
2.593709e-07,-0.0053101505
2.594709e-07,-0.0053108686
2.595709e-07,-0.0053137408
2.596709e-07,-0.0053194853
2.597709e-07,-0.005327384
2.598709e-07,-0.0053345646
2.599709e-07,-0.0053367188
2.600709e-07,-0.0053309743
2.601709e-07,-0.0053194853
2.602709e-07,-0.0053072783
2.603709e-07,-0.0053022518
2.604709e-07,-0.0053079963
2.605709e-07,-0.0053259478
2.606709e-07,-0.0053503619
2.607709e-07,-0.0053733398
2.608709e-07,-0.0053884191
2.609709e-07,-0.0053912914
2.610709e-07,-0.0053841108
2.611709e-07,-0.0053733398
2.612709e-07,-0.0053654412
2.613709e-07,-0.0053654412
2.614709e-07,-0.0053733398
2.615709e-07,-0.0053862649
2.616709e-07,-0.0053999081
2.617709e-07,-0.005410679
2.618709e-07,-0.0054178596
2.619709e-07,-0.0054214499
2.620709e-07,-0.005422886
2.621709e-07,-0.0054214499
2.622709e-07,-0.0054157054
2.623709e-07,-0.0054042165
2.624709e-07,-0.0053884191
2.625709e-07,-0.0053719037
2.626709e-07,-0.0053618509
2.627709e-07,-0.0053625689
2.628709e-07,-0.0053769301
2.629709e-07,-0.0053999081
2.630709e-07,-0.005422886
2.631709e-07,-0.0054365292
2.632709e-07,-0.005434375
2.633709e-07,-0.0054164235
2.634709e-07,-0.0053905733
2.635709e-07,-0.0053668773
2.636709e-07,-0.0053539522
2.637709e-07,-0.0053561064
2.638709e-07,-0.0053697495
2.639709e-07,-0.005386983
2.640709e-07,-0.0053999081
2.641709e-07,-0.0054034984
2.642709e-07,-0.0053977539
2.643709e-07,-0.005386983
2.644709e-07,-0.0053769301
2.645709e-07,-0.0053690315
2.646709e-07,-0.0053618509
2.647709e-07,-0.0053539522
2.648709e-07,-0.0053424632
2.649709e-07,-0.0053309743
2.650709e-07,-0.0053252298
2.651709e-07,-0.0053324104
2.652709e-07,-0.0053539522
2.653709e-07,-0.0053862649
2.654709e-07,-0.0054185777
2.655709e-07,-0.0054372472
2.656709e-07,-0.005434375
2.657709e-07,-0.0054092429
2.658709e-07,-0.0053719037
2.659709e-07,-0.0053367188
2.660709e-07,-0.0053194853
2.661709e-07,-0.0053266659
2.662709e-07,-0.0053539522
2.663709e-07,-0.0053912914
2.664709e-07,-0.005422886
2.665709e-07,-0.0054379653
2.666709e-07,-0.005434375
2.667709e-07,-0.0054185777
2.668709e-07,-0.0053999081
2.669709e-07,-0.0053891372
2.670709e-07,-0.0053912914
2.671709e-07,-0.0054042165
2.672709e-07,-0.005422886
2.673709e-07,-0.0054415556
2.674709e-07,-0.0054566349
2.675709e-07,-0.0054688419
2.676709e-07,-0.0054803309
2.677709e-07,-0.0054925379
2.678709e-07,-0.0055047449
2.679709e-07,-0.0055126436
2.680709e-07,-0.0055147978
2.681709e-07,-0.0055097714
2.682709e-07,-0.0055004366
2.683709e-07,-0.0054925379
2.684709e-07,-0.0054918199
2.685709e-07,-0.0055004366
2.686709e-07,-0.0055155159
2.687709e-07,-0.0055334674
2.688709e-07,-0.0055492647
2.689709e-07,-0.0055600356
2.690709e-07,-0.0055664982
2.691709e-07,-0.0055736788
2.692709e-07,-0.0055837316
2.693709e-07,-0.0055966567
2.694709e-07,-0.0056081457
2.695709e-07,-0.005612454
2.696709e-07,-0.0056067096
2.697709e-07,-0.0055909122
2.698709e-07,-0.0055722426
2.699709e-07,-0.0055600356
2.700709e-07,-0.0055607537
2.701709e-07,-0.005576551
2.702709e-07,-0.005600247
2.703709e-07,-0.0056217888
2.704709e-07,-0.0056296875
2.705709e-07,-0.0056189166
2.706709e-07,-0.0055945025
2.707709e-07,-0.0055664982
2.708709e-07,-0.0055492647
2.709709e-07,-0.0055514189
2.710709e-07,-0.0055743968
2.711709e-07,-0.0056088637
2.712709e-07,-0.0056411765
2.713709e-07,-0.0056584099
2.714709e-07,-0.0056533835
2.715709e-07,-0.0056296875
2.716709e-07,-0.0055952206
2.717709e-07,-0.0055629079
2.718709e-07,-0.0055428022
2.719709e-07,-0.0055392119
2.720709e-07,-0.0055492647
2.721709e-07,-0.0055672162
2.722709e-07,-0.0055851677
2.723709e-07,-0.005599529
2.724709e-07,-0.0056067096
2.725709e-07,-0.0056081457
2.726709e-07,-0.0056038373
2.727709e-07,-0.0055959386
2.728709e-07,-0.0055837316
2.729709e-07,-0.0055686523
2.730709e-07,-0.0055521369
2.731709e-07,-0.0055370577
2.732709e-07,-0.0055262868
2.733709e-07,-0.0055226965
2.734709e-07,-0.0055270048
2.735709e-07,-0.0055370577
2.736709e-07,-0.0055492647
2.737709e-07,-0.0055600356
2.738709e-07,-0.0055657801
2.739709e-07,-0.0055657801
2.740709e-07,-0.0055607537
2.741709e-07,-0.005552855
2.742709e-07,-0.0055442383
2.743709e-07,-0.0055384938
2.744709e-07,-0.0055377757
2.745709e-07,-0.0055449563
2.746709e-07,-0.0055593176
2.747709e-07,-0.0055815774
2.748709e-07,-0.0056067096
2.749709e-07,-0.0056311236
2.750709e-07,-0.0056483571
2.751709e-07,-0.0056562557
2.752709e-07,-0.0056526654
2.753709e-07,-0.0056411765
2.754709e-07,-0.0056260972
2.755709e-07,-0.0056131721
2.756709e-07,-0.0056067096
2.757709e-07,-0.0056074276
2.758709e-07,-0.0056138902
2.759709e-07,-0.0056225069
2.760709e-07,-0.0056296875
2.761709e-07,-0.0056347139
2.762709e-07,-0.0056383042
2.763709e-07,-0.0056404584
2.764709e-07,-0.0056411765
2.765709e-07,-0.0056397403
2.766709e-07,-0.005635432
2.767709e-07,-0.0056268153
2.768709e-07,-0.0056181985
2.769709e-07,-0.0056138902
2.770709e-07,-0.0056189166
2.771709e-07,-0.00563615
2.772709e-07,-0.0056641544
2.773709e-07,-0.0056935949
2.774709e-07,-0.0057144187
2.775709e-07,-0.0057172909
2.776709e-07,-0.0056986213
2.777709e-07,-0.0056641544
2.778709e-07,-0.0056260972
2.779709e-07,-0.005599529
2.780709e-07,-0.0055952206
2.781709e-07,-0.0056153263
2.782709e-07,-0.0056519474
2.783709e-07,-0.0056921588
2.784709e-07,-0.0057215993
2.785709e-07,-0.0057316521
2.786709e-07,-0.0057215993
2.787709e-07,-0.0056993394
2.788709e-07,-0.0056756434
2.789709e-07,-0.005659128
2.790709e-07,-0.0056533835
2.791709e-07,-0.0056569738
2.792709e-07,-0.0056641544
2.793709e-07,-0.005670617
2.794709e-07,-0.0056734892
2.795709e-07,-0.0056742073
2.796709e-07,-0.0056756434
2.797709e-07,-0.0056792337
2.798709e-07,-0.0056842601
2.799709e-07,-0.0056878504
2.800709e-07,-0.0056871324
2.801709e-07,-0.0056813879
2.802709e-07,-0.0056720531
2.803709e-07,-0.0056648725
2.804709e-07,-0.0056641544
2.805709e-07,-0.0056727711
2.806709e-07,-0.0056885685
2.807709e-07,-0.0057072381
2.808709e-07,-0.0057215993
2.809709e-07,-0.0057273438
2.810709e-07,-0.0057237534
2.811709e-07,-0.0057129825
2.812709e-07,-0.0056986213
2.813709e-07,-0.0056856962
2.814709e-07,-0.0056777976
2.815709e-07,-0.0056742073
2.816709e-07,-0.0056756434
2.817709e-07,-0.0056821059
2.818709e-07,-0.0056921588
2.819709e-07,-0.00570652
2.820709e-07,-0.0057215993
2.821709e-07,-0.0057330882
2.822709e-07,-0.0057352424
2.823709e-07,-0.0057237534
2.824709e-07,-0.0056986213
2.825709e-07,-0.0056648725
2.826709e-07,-0.0056311236
2.827709e-07,-0.0056095818
2.828709e-07,-0.0056067096
2.829709e-07,-0.0056225069
2.830709e-07,-0.0056505113
2.831709e-07,-0.0056792337
2.832709e-07,-0.0056986213
2.833709e-07,-0.0057022116
2.834709e-07,-0.0056914407
2.835709e-07,-0.0056720531
2.836709e-07,-0.0056526654
2.837709e-07,-0.0056397403
2.838709e-07,-0.005635432
2.839709e-07,-0.0056368681
2.840709e-07,-0.0056411765
2.841709e-07,-0.0056447668
2.842709e-07,-0.0056462029
2.843709e-07,-0.0056483571
2.844709e-07,-0.0056526654
2.845709e-07,-0.0056584099
2.846709e-07,-0.0056627183
2.847709e-07,-0.0056620002
2.848709e-07,-0.0056526654
2.849709e-07,-0.0056347139
2.850709e-07,-0.0056131721
2.851709e-07,-0.0055945025
2.852709e-07,-0.0055837316
2.853709e-07,-0.0055837316
2.854709e-07,-0.0055909122
2.855709e-07,-0.0056009651
2.856709e-07,-0.0056067096
2.857709e-07,-0.0056052734
2.858709e-07,-0.0055973748
2.859709e-07,-0.0055851677
2.860709e-07,-0.0055722426
2.861709e-07,-0.0055614717
2.862709e-07,-0.0055521369
2.863709e-07,-0.0055442383
2.864709e-07,-0.0055377757
2.865709e-07,-0.0055341854
2.866709e-07,-0.0055363396
2.867709e-07,-0.0055456744
2.868709e-07,-0.0055607537
2.869709e-07,-0.0055743968
2.870709e-07,-0.0055787052
2.871709e-07,-0.0055664982
2.872709e-07,-0.0055377757
2.873709e-07,-0.0054982824
2.874709e-07,-0.0054609432
2.875709e-07,-0.0054372472
2.876709e-07,-0.005434375
2.877709e-07,-0.0054487362
2.878709e-07,-0.005470278
2.879709e-07,-0.0054839212
2.880709e-07,-0.0054803309
2.881709e-07,-0.0054566349
2.882709e-07,-0.0054214499
2.883709e-07,-0.0053877011
2.884709e-07,-0.0053654412
2.885709e-07,-0.0053596967
2.886709e-07,-0.0053661592
2.887709e-07,-0.005374776
2.888709e-07,-0.0053769301
2.889709e-07,-0.0053690315
2.890709e-07,-0.0053546703
2.891709e-07,-0.0053431813
2.892709e-07,-0.0053424632
2.893709e-07,-0.0053539522
2.894709e-07,-0.0053719037
2.895709e-07,-0.0053862649
2.896709e-07,-0.0053884191
2.897709e-07,-0.005375494
2.898709e-07,-0.0053546703
2.899709e-07,-0.0053360007
2.900709e-07,-0.0053309743
2.901709e-07,-0.0053424632
2.902709e-07,-0.0053654412
2.903709e-07,-0.0053891372
2.904709e-07,-0.0053999081
2.905709e-07,-0.0053927275
2.906709e-07,-0.0053697495
2.907709e-07,-0.0053417452
2.908709e-07,-0.0053194853
2.909709e-07,-0.0053115866
2.910709e-07,-0.0053187672
2.911709e-07,-0.0053352826
2.912709e-07,-0.0053539522
2.913709e-07,-0.0053683134
2.914709e-07,-0.0053783663
2.915709e-07,-0.0053877011
2.916709e-07,-0.0053999081
2.917709e-07,-0.0054157054
2.918709e-07,-0.0054300666
2.919709e-07,-0.0054379653
2.920709e-07,-0.005434375
2.921709e-07,-0.0054207318
2.922709e-07,-0.0054034984
2.923709e-07,-0.0053941636
2.924709e-07,-0.0053999081
2.925709e-07,-0.0054214499
2.926709e-07,-0.0054516085
2.927709e-07,-0.0054781767
2.928709e-07,-0.0054918199
2.929709e-07,-0.0054896657
2.930709e-07,-0.0054774586
2.931709e-07,-0.0054674058
2.932709e-07,-0.0054688419
2.933709e-07,-0.0054875115
2.934709e-07,-0.00551767
2.935709e-07,-0.0055499828
2.936709e-07,-0.0055722426
2.937709e-07,-0.0055801413
2.938709e-07,-0.0055772691
2.939709e-07,-0.0055715246
2.940709e-07,-0.0055722426
2.941709e-07,-0.0055837316
2.942709e-07,-0.0056031193
2.943709e-07,-0.0056210708
2.944709e-07,-0.0056296875
2.945709e-07,-0.0056268153
2.946709e-07,-0.0056167624
2.947709e-07,-0.0056110179
2.948709e-07,-0.0056181985
2.949709e-07,-0.0056404584
2.950709e-07,-0.0056698989
2.951709e-07,-0.0056935949
2.952709e-07,-0.0056986213
2.953709e-07,-0.0056785156
2.954709e-07,-0.0056390223
2.955709e-07,-0.0055945025
2.956709e-07,-0.0055607537
2.957709e-07,-0.0055492647
2.958709e-07,-0.0055593176
2.959709e-07,-0.0055837316
2.960709e-07,-0.0056067096
2.961709e-07,-0.0056174805
2.962709e-07,-0.0056102999
2.963709e-07,-0.005588758
2.964709e-07,-0.0055607537
2.965709e-07,-0.0055349035
2.966709e-07,-0.0055133617
2.967709e-07,-0.0054968463
2.968709e-07,-0.0054803309
2.969709e-07,-0.0054623794
2.970709e-07,-0.0054437098
2.971709e-07,-0.0054293486
2.972709e-07,-0.005422886
2.973709e-07,-0.0054250402
2.974709e-07,-0.0054322208
2.975709e-07,-0.0054372472
2.976709e-07,-0.005434375
2.977709e-07,-0.0054214499
2.978709e-07,-0.0054042165
2.979709e-07,-0.0053898552
2.980709e-07,-0.0053884191
2.981709e-07,-0.0054020623
2.982709e-07,-0.0054279125
2.983709e-07,-0.0054573529
2.984709e-07,-0.0054803309
2.985709e-07,-0.0054903837
2.986709e-07,-0.0054882295
2.987709e-07,-0.0054788948
2.988709e-07,-0.0054688419
2.989709e-07,-0.0054623794
2.990709e-07,-0.0054595071
2.991709e-07,-0.0054587891
2.992709e-07,-0.0054573529
2.993709e-07,-0.0054566349
2.994709e-07,-0.0054602252
2.995709e-07,-0.0054753045
2.996709e-07,-0.0055033088
2.997709e-07,-0.0055420841
2.998709e-07,-0.0055815774
2.999709e-07,-0.0056095818
3.000709e-07,-0.0056181985
3.001709e-07,-0.0056052734
3.002709e-07,-0.0055772691
3.003709e-07,-0.0055471105
3.004709e-07,-0.0055262868
3.005709e-07,-0.0055212603
3.006709e-07,-0.0055320312
3.007709e-07,-0.0055514189
3.008709e-07,-0.0055722426
3.009709e-07,-0.0055909122
3.010709e-07,-0.0056088637
3.011709e-07,-0.0056282514
3.012709e-07,-0.0056526654
3.013709e-07,-0.0056792337
3.014709e-07,-0.0057000574
3.015709e-07,-0.0057086742
3.016709e-07,-0.0056986213
3.017709e-07,-0.0056742073
3.018709e-07,-0.005646921
3.019709e-07,-0.0056282514
3.020709e-07,-0.0056296875
3.021709e-07,-0.0056497932
3.022709e-07,-0.0056785156
3.023709e-07,-0.0056993394
3.024709e-07,-0.0056986213
3.025709e-07,-0.0056727711
3.026709e-07,-0.0056304056
3.027709e-07,-0.0055873219
3.028709e-07,-0.0055607537
3.029709e-07,-0.0055614717
3.030709e-07,-0.0055858858
3.031709e-07,-0.0056225069
3.032709e-07,-0.0056526654
3.033709e-07,-0.0056641544
3.034709e-07,-0.0056533835
3.035709e-07,-0.0056268153
3.036709e-07,-0.0055952206
3.037709e-07,-0.0055700885
3.038709e-07,-0.0055557273
3.039709e-07,-0.0055514189
3.040709e-07,-0.0055492647
3.041709e-07,-0.0055449563
3.042709e-07,-0.0055377757
3.043709e-07,-0.0055298771
3.044709e-07,-0.0055262868
3.045709e-07,-0.0055298771
3.046709e-07,-0.0055370577
3.047709e-07,-0.0055428022
3.048709e-07,-0.0055377757
3.049709e-07,-0.0055198242
3.050709e-07,-0.0054925379
3.051709e-07,-0.0054645335
3.052709e-07,-0.005445864
3.053709e-07,-0.0054437098
3.054709e-07,-0.0054573529
3.055709e-07,-0.0054810489
3.056709e-07,-0.0055033088
3.057709e-07,-0.0055162339
3.058709e-07,-0.005516952
3.059709e-07,-0.0055061811
3.060709e-07,-0.0054918199
3.061709e-07,-0.0054788948
3.062709e-07,-0.0054709961
3.063709e-07,-0.0054688419
3.064709e-07,-0.0054688419
3.065709e-07,-0.005470278
3.066709e-07,-0.0054738683
3.067709e-07,-0.0054803309
3.068709e-07,-0.0054918199
3.069709e-07,-0.0055061811
3.070709e-07,-0.0055183881
3.071709e-07,-0.0055226965
3.072709e-07,-0.0055147978
3.073709e-07,-0.0054954102
3.074709e-07,-0.0054709961
3.075709e-07,-0.0054508904
3.076709e-07,-0.005445864
3.077709e-07,-0.0054587891
3.078709e-07,-0.0054867934
3.079709e-07,-0.0055205423
3.080709e-07,-0.0055492647
3.081709e-07,-0.005565062
3.082709e-07,-0.005565062
3.083709e-07,-0.0055535731
3.084709e-07,-0.0055377757
3.085709e-07,-0.0055234145
3.086709e-07,-0.0055147978
3.087709e-07,-0.0055126436
3.088709e-07,-0.0055147978
3.089709e-07,-0.0055205423
3.090709e-07,-0.0055313132
3.091709e-07,-0.0055485466
3.092709e-07,-0.0055722426
3.093709e-07,-0.005600247
3.094709e-07,-0.0056253791
3.095709e-07,-0.0056411765
3.096709e-07,-0.0056411765
3.097709e-07,-0.0056260972
3.098709e-07,-0.0056016831
3.099709e-07,-0.0055801413
3.100709e-07,-0.0055722426
3.101709e-07,-0.0055837316
3.102709e-07,-0.0056131721
3.103709e-07,-0.0056512293
3.104709e-07,-0.0056871324
3.105709e-07,-0.0057101103
3.106709e-07,-0.0057151367
3.107709e-07,-0.0057050839
3.108709e-07,-0.0056871324
3.109709e-07,-0.005670617
3.110709e-07,-0.0056620002
3.111709e-07,-0.0056641544
3.112709e-07,-0.0056756434
3.113709e-07,-0.0056935949
3.114709e-07,-0.0057151367
3.115709e-07,-0.0057366785
3.116709e-07,-0.0057560662
3.117709e-07,-0.0057711455
3.118709e-07,-0.0057797622
3.119709e-07,-0.0057783261
3.120709e-07,-0.0057675551
3.121709e-07,-0.0057488856
3.122709e-07,-0.0057273438
3.123709e-07,-0.0057086742
3.124709e-07,-0.0056986213
3.125709e-07,-0.0056986213
3.126709e-07,-0.0057058019
3.127709e-07,-0.0057151367
3.128709e-07,-0.0057215993
3.129709e-07,-0.0057215993
3.130709e-07,-0.0057151367
3.131709e-07,-0.0057058019
3.132709e-07,-0.0056986213
3.133709e-07,-0.0056957491
3.134709e-07,-0.0056979033
3.135709e-07,-0.0057036477
3.136709e-07,-0.0057101103
3.137709e-07,-0.0057158548
3.138709e-07,-0.0057208812
3.139709e-07,-0.0057259076
3.140709e-07,-0.0057330882
3.141709e-07,-0.0057402688
3.142709e-07,-0.0057445772
3.143709e-07,-0.0057431411
3.144709e-07,-0.0057330882
3.145709e-07,-0.0057165728
3.146709e-07,-0.0056971852
3.147709e-07,-0.0056821059
3.148709e-07,-0.0056756434
3.149709e-07,-0.0056806698
3.150709e-07,-0.005695031
3.151709e-07,-0.0057137006
3.152709e-07,-0.0057330882
3.153709e-07,-0.0057488856
3.154709e-07,-0.0057618107
3.155709e-07,-0.0057711455
3.156709e-07,-0.0057790441
3.157709e-07,-0.0057840705
3.158709e-07,-0.0057840705
3.159709e-07,-0.0057783261
3.160709e-07,-0.0057675551
3.161709e-07,-0.0057553481
3.162709e-07,-0.0057488856
3.163709e-07,-0.0057524759
3.164709e-07,-0.0057675551
3.165709e-07,-0.005789815
3.166709e-07,-0.0058106388
3.167709e-07,-0.0058199736
3.168709e-07,-0.005813511
3.169709e-07,-0.0057912511
3.170709e-07,-0.0057618107
3.171709e-07,-0.0057359605
3.172709e-07,-0.0057215993
3.173709e-07,-0.0057230354
3.174709e-07,-0.0057366785
3.175709e-07,-0.0057546301
3.176709e-07,-0.0057675551
3.177709e-07,-0.0057711455
3.178709e-07,-0.005766119
3.179709e-07,-0.0057553481
3.180709e-07,-0.0057445772
3.181709e-07,-0.0057366785
3.182709e-07,-0.0057309341
3.183709e-07,-0.0057259076
3.184709e-07,-0.0057215993
3.185709e-07,-0.0057194451
3.186709e-07,-0.0057251896
3.187709e-07,-0.0057409869
3.188709e-07,-0.0057675551
3.189709e-07,-0.0057977137
3.190709e-07,-0.0058206916
3.191709e-07,-0.0058242819
3.192709e-07,-0.0058020221
3.193709e-07,-0.0057575023
3.194709e-07,-0.0057029297
3.195709e-07,-0.0056555377
3.196709e-07,-0.0056296875
3.197709e-07,-0.0056311236
3.198709e-07,-0.0056562557
3.199709e-07,-0.0056907227
3.200709e-07,-0.0057215993
3.201709e-07,-0.0057373966
3.202709e-07,-0.0057345244
3.203709e-07,-0.0057194451
3.204709e-07,-0.0056986213
3.205709e-07,-0.0056792337
3.206709e-07,-0.0056648725
3.207709e-07,-0.0056526654
3.208709e-07,-0.0056411765
3.209709e-07,-0.0056296875
3.210709e-07,-0.0056210708
3.211709e-07,-0.0056203527
3.212709e-07,-0.0056296875
3.213709e-07,-0.005647639
3.214709e-07,-0.0056677447
3.215709e-07,-0.0056792337
3.216709e-07,-0.0056756434
3.217709e-07,-0.0056569738
3.218709e-07,-0.0056311236
3.219709e-07,-0.0056102999
3.220709e-07,-0.0056067096
3.221709e-07,-0.005623943
3.222709e-07,-0.0056576919
3.223709e-07,-0.005695031
3.224709e-07,-0.0057215993
3.225709e-07,-0.0057287799
3.226709e-07,-0.0057165728
3.227709e-07,-0.005695031
3.228709e-07,-0.0056756434
3.229709e-07,-0.005670617
3.230709e-07,-0.0056842601
3.231709e-07,-0.0057122645
3.232709e-07,-0.0057445772
3.233709e-07,-0.0057711455
3.234709e-07,-0.0057855067
3.235709e-07,-0.0057869428
3.236709e-07,-0.0057790441
3.237709e-07,-0.0057668371
3.238709e-07,-0.0057553481
3.239709e-07,-0.0057438591
3.240709e-07,-0.0057330882
3.241709e-07,-0.0057230354
3.242709e-07,-0.0057158548
3.243709e-07,-0.0057144187
3.244709e-07,-0.0057215993
3.245709e-07,-0.0057381147
3.246709e-07,-0.0057589384
3.247709e-07,-0.0057790441
3.248709e-07,-0.0057905331
3.249709e-07,-0.005789815
3.250709e-07,-0.0057761719
3.251709e-07,-0.0057553481
3.252709e-07,-0.0057330882
3.253709e-07,-0.0057144187
3.254709e-07,-0.0057029297
3.255709e-07,-0.0056979033
3.256709e-07,-0.0056986213
3.257709e-07,-0.0057036477
3.258709e-07,-0.0057115464
3.259709e-07,-0.0057223173
3.260709e-07,-0.0057330882
3.261709e-07,-0.0057402688
3.262709e-07,-0.0057388327
3.263709e-07,-0.0057244715
3.264709e-07,-0.0056986213
3.265709e-07,-0.0056663086
3.266709e-07,-0.0056383042
3.267709e-07,-0.005623943
3.268709e-07,-0.0056296875
3.269709e-07,-0.0056526654
3.270709e-07,-0.005683542
3.271709e-07,-0.0057101103
3.272709e-07,-0.0057215993
3.273709e-07,-0.0057144187
3.274709e-07,-0.0056935949
3.275709e-07,-0.0056691808
3.276709e-07,-0.0056526654
3.277709e-07,-0.0056512293
3.278709e-07,-0.0056648725
3.279709e-07,-0.0056871324
3.280709e-07,-0.0057101103
3.281709e-07,-0.0057280618
3.282709e-07,-0.0057381147
3.283709e-07,-0.005742423
3.284709e-07,-0.0057445772
3.285709e-07,-0.0057445772
3.286709e-07,-0.0057409869
3.287709e-07,-0.005730216
3.288709e-07,-0.0057101103
3.289709e-07,-0.005682824
3.290709e-07,-0.0056562557
3.291709e-07,-0.0056397403
3.292709e-07,-0.0056411765
3.293709e-07,-0.0056612822
3.294709e-07,-0.005695031
3.295709e-07,-0.0057309341
3.296709e-07,-0.0057560662
3.297709e-07,-0.0057639648
3.298709e-07,-0.005753912
3.299709e-07,-0.0057323702
3.300709e-07,-0.0057101103
3.301709e-07,-0.0056957491
3.302709e-07,-0.0056935949
3.303709e-07,-0.0057036477
3.304709e-07,-0.0057215993
3.305709e-07,-0.0057431411
3.306709e-07,-0.005765401
3.307709e-07,-0.0057855067
3.308709e-07,-0.0058020221
3.309709e-07,-0.005812793
3.310709e-07,-0.0058149472
3.311709e-07,-0.0058070485
3.312709e-07,-0.0057905331
3.313709e-07,-0.0057718635
3.314709e-07,-0.0057603745
3.315709e-07,-0.005765401
3.316709e-07,-0.0057905331
3.317709e-07,-0.0058314625
3.318709e-07,-0.0058767004
3.319709e-07,-0.0059126034
3.320709e-07,-0.0059284007
3.321709e-07,-0.0059212201
3.322709e-07,-0.0058968061
3.323709e-07,-0.0058680836
3.324709e-07,-0.0058479779
3.325709e-07,-0.0058443876
3.326709e-07,-0.0058573127
3.327709e-07,-0.0058810087
3.328709e-07,-0.0059054228
3.329709e-07,-0.0059240924
3.330709e-07,-0.0059341452
3.331709e-07,-0.0059377355
3.332709e-07,-0.0059398897
3.333709e-07,-0.0059413258
3.334709e-07,-0.0059420439
3.335709e-07,-0.0059384536
3.336709e-07,-0.0059284007
3.337709e-07,-0.0059133215
3.338709e-07,-0.0058975241
3.339709e-07,-0.0058896255
3.340709e-07,-0.0058939338
3.341709e-07,-0.0059104492
3.342709e-07,-0.0059334272
3.343709e-07,-0.0059535329
3.344709e-07,-0.0059628676
3.345709e-07,-0.0059585593
3.346709e-07,-0.0059441981
3.347709e-07,-0.0059269646
3.348709e-07,-0.0059169118
3.349709e-07,-0.0059169118
3.350709e-07,-0.0059262466
3.351709e-07,-0.0059398897
3.352709e-07,-0.0059513787
3.353709e-07,-0.0059585593
3.354709e-07,-0.0059621496
3.355709e-07,-0.005966458
3.356709e-07,-0.0059743566
3.357709e-07,-0.0059844095
3.358709e-07,-0.0059930262
3.359709e-07,-0.0059937443
3.360709e-07,-0.0059858456
3.361709e-07,-0.0059722024
3.362709e-07,-0.0059614315
3.363709e-07,-0.0059643038
3.364709e-07,-0.0059858456
3.365709e-07,-0.0060239028
3.366709e-07,-0.0060669864
3.367709e-07,-0.0061000172
3.368709e-07,-0.0061122243
3.369709e-07,-0.0061007353
3.370709e-07,-0.0060748851
3.371709e-07,-0.0060511891
3.372709e-07,-0.0060432904
3.373709e-07,-0.0060598058
3.374709e-07,-0.0060957089
3.375709e-07,-0.0061373564
3.376709e-07,-0.0061696691
3.377709e-07,-0.0061811581
3.378709e-07,-0.0061703872
3.379709e-07,-0.0061466912
3.380709e-07,-0.0061237132
3.381709e-07,-0.0061115062
3.382709e-07,-0.0061136604
3.383709e-07,-0.0061244313
3.384709e-07,-0.0061352022
3.385709e-07,-0.0061366383
3.386709e-07,-0.0061258674
3.387709e-07,-0.0061071978
3.388709e-07,-0.0060892463
3.389709e-07,-0.0060799115
3.390709e-07,-0.0060820657
3.391709e-07,-0.0060921186
3.392709e-07,-0.0061007353
3.393709e-07,-0.0061007353
3.394709e-07,-0.0060892463
3.395709e-07,-0.0060677045
3.396709e-07,-0.0060432904
3.397709e-07,-0.0060239028
3.398709e-07,-0.006014568
3.399709e-07,-0.006014568
3.400709e-07,-0.0060203125
3.401709e-07,-0.0060253389
3.402709e-07,-0.0060239028
3.403709e-07,-0.006014568
3.404709e-07,-0.0059973346
3.405709e-07,-0.0059757927
3.406709e-07,-0.0059528148
3.407709e-07,-0.005931991
3.408709e-07,-0.0059169118
3.409709e-07,-0.0059090131
3.410709e-07,-0.0059090131
3.411709e-07,-0.0059169118
3.412709e-07,-0.0059284007
3.413709e-07,-0.0059377355
3.414709e-07,-0.0059370175
3.415709e-07,-0.0059226563
3.416709e-07,-0.0058939338
3.417709e-07,-0.0058551585
3.418709e-07,-0.0058156652
3.419709e-07,-0.0057847886
3.420709e-07,-0.0057675551
3.421709e-07,-0.0057625287
3.422709e-07,-0.0057632468
3.423709e-07,-0.0057603745
3.424709e-07,-0.0057445772
3.425709e-07,-0.0057144187
3.426709e-07,-0.005671335
3.427709e-07,-0.0056217888
3.428709e-07,-0.0055722426
3.429709e-07,-0.0055241326
3.430709e-07,-0.0054760225
3.431709e-07,-0.0054236041
3.432709e-07,-0.0053654412
3.433709e-07,-0.0053029699
3.434709e-07,-0.0052404986
3.435709e-07,-0.0051837718
3.436709e-07,-0.0051356618
3.437709e-07,-0.0050925781
3.438709e-07,-0.0050451861
3.439709e-07,-0.004984869
3.440709e-07,-0.0049058824
3.441709e-07,-0.0048103803
3.442709e-07,-0.0047091337
3.443709e-07,-0.0046150678
3.444709e-07,-0.0045382353
3.445709e-07,-0.0044822266
3.446709e-07,-0.004439861
3.447709e-07,-0.0043974954
3.448709e-07,-0.0043429228
3.449709e-07,-0.0042689625
3.450709e-07,-0.0041777688
3.451709e-07,-0.0040793945
3.452709e-07,-0.0039867647
3.453709e-07,-0.0039084961
3.454709e-07,-0.0038460248
3.455709e-07,-0.0037943244
3.456709e-07,-0.0037454963
3.457709e-07,-0.003693796
3.458709e-07,-0.0036385053
3.459709e-07,-0.0035846507
3.460709e-07,-0.0035386949
3.461709e-07,-0.0035042279
3.462709e-07,-0.0034790958
3.463709e-07,-0.0034553998
3.464709e-07,-0.0034238051
3.465709e-07,-0.0033792854
3.466709e-07,-0.0033225586
3.467709e-07,-0.0032608054
3.468709e-07,-0.0032055147
3.469709e-07,-0.0031645852
3.470709e-07,-0.0031408892
3.471709e-07,-0.0031301183
3.472709e-07,-0.0031250919
3.473709e-07,-0.0031164752
3.474709e-07,-0.0030985237
3.475709e-07,-0.0030733915
3.476709e-07,-0.0030446691
3.477709e-07,-0.0030188189
3.478709e-07,-0.0030001494
3.479709e-07,-0.0029900965
3.480709e-07,-0.0029872243
3.481709e-07,-0.0029893784
3.482709e-07,-0.0029944049
3.483709e-07,-0.0030015855
3.484709e-07,-0.0030102022
3.485709e-07,-0.003019537
3.486709e-07,-0.0030259995
3.487709e-07,-0.0030274357
3.488709e-07,-0.0030216912
3.489709e-07,-0.0030087661
3.490709e-07,-0.0029929687
3.491709e-07,-0.0029800437
3.492709e-07,-0.0029757353
3.493709e-07,-0.0029821978
3.494709e-07,-0.0029994313
3.495709e-07,-0.0030216912
3.496709e-07,-0.0030446691
3.497709e-07,-0.0030619026
3.498709e-07,-0.0030719554
3.499709e-07,-0.0030733915
3.500709e-07,-0.0030676471
3.501709e-07,-0.0030561581
3.502709e-07,-0.0030396427
3.503709e-07,-0.003019537
3.504709e-07,-0.0029987132
3.505709e-07,-0.0029807617
3.506709e-07,-0.0029699908
3.507709e-07,-0.0029685547
3.508709e-07,-0.0029757353
3.509709e-07,-0.0029857881
3.510709e-07,-0.0029908146
3.511709e-07,-0.002984352
3.512709e-07,-0.0029642463
3.513709e-07,-0.0029340878
3.514709e-07,-0.0029032112
3.515709e-07,-0.0028802332
3.516709e-07,-0.0028723346
3.517709e-07,-0.002878079
3.518709e-07,-0.0028902861
3.519709e-07,-0.0028989028
3.520709e-07,-0.0028953125
3.521709e-07,-0.002877361
3.522709e-07,-0.0028486386
3.523709e-07,-0.0028177619
3.524709e-07,-0.0027919118
3.525709e-07,-0.0027753964
3.526709e-07,-0.0027653435
3.527709e-07,-0.0027574449
3.528709e-07,-0.0027459559
3.529709e-07,-0.0027294405
3.530709e-07,-0.002711489
3.531709e-07,-0.0026964097
3.532709e-07,-0.002688511
3.533709e-07,-0.002687793
3.534709e-07,-0.002688511
3.535709e-07,-0.0026827665
3.536709e-07,-0.0026655331
3.537709e-07,-0.0026360926
3.538709e-07,-0.0026009076
3.539709e-07,-0.002569313
3.540709e-07,-0.0025506434
3.541709e-07,-0.0025484892
3.542709e-07,-0.0025606962
3.543709e-07,-0.0025800839
3.544709e-07,-0.0025965993
3.545709e-07,-0.0026059341
3.546709e-07,-0.0026073702
3.547709e-07,-0.0026030618
3.548709e-07,-0.0025965993
3.549709e-07,-0.0025879825
3.550709e-07,-0.0025757755
3.551709e-07,-0.0025556698
3.552709e-07,-0.0025276654
3.553709e-07,-0.0024960708
3.554709e-07,-0.0024687845
3.555709e-07,-0.0024544233
3.556709e-07,-0.0024587316
3.557709e-07,-0.0024788373
3.558709e-07,-0.0025046875
3.559709e-07,-0.0025240751
3.560709e-07,-0.0025276654
3.561709e-07,-0.0025147403
3.562709e-07,-0.0024924805
3.563709e-07,-0.0024738109
3.564709e-07,-0.0024702206
3.565709e-07,-0.0024852999
3.566709e-07,-0.0025140223
3.567709e-07,-0.0025434628
3.568709e-07,-0.0025621324
3.569709e-07,-0.0025621324
3.570709e-07,-0.002546335
3.571709e-07,-0.002522639
3.572709e-07,-0.0025046875
3.573709e-07,-0.0024996611
3.574709e-07,-0.0025097139
3.575709e-07,-0.0025291016
3.576709e-07,-0.0025506434
3.577709e-07,-0.0025671588
3.578709e-07,-0.0025786477
3.579709e-07,-0.0025865464
3.580709e-07,-0.0025965993
3.581709e-07,-0.0026088063
3.582709e-07,-0.0026210133
3.583709e-07,-0.0026260398
3.584709e-07,-0.0026195772
3.585709e-07,-0.0026016257
3.586709e-07,-0.0025793658
3.587709e-07,-0.0025628504
3.588709e-07,-0.0025621324
3.589709e-07,-0.00258152
3.590709e-07,-0.0026145508
3.591709e-07,-0.0026511719
3.592709e-07,-0.0026770221
3.593709e-07,-0.0026834846
3.594709e-07,-0.0026719956
3.595709e-07,-0.0026504538
3.596709e-07,-0.0026310662
3.597709e-07,-0.0026246036
3.598709e-07,-0.0026339384
3.599709e-07,-0.0026547622
3.600709e-07,-0.0026770221
3.601709e-07,-0.0026913833
3.602709e-07,-0.0026942555
3.603709e-07,-0.0026870749
3.604709e-07,-0.0026770221
3.605709e-07,-0.0026698415
3.606709e-07,-0.0026691234
3.607709e-07,-0.0026734318
3.608709e-07,-0.0026770221
3.609709e-07,-0.0026748679
3.610709e-07,-0.0026655331
3.611709e-07,-0.002652608
3.612709e-07,-0.0026425551
3.613709e-07,-0.002641119
3.614709e-07,-0.0026504538
3.615709e-07,-0.0026691234
3.616709e-07,-0.002688511
3.617709e-07,-0.0027021542
3.618709e-07,-0.0027043084
3.619709e-07,-0.0026942555
3.620709e-07,-0.0026770221
3.621709e-07,-0.0026583525
3.622709e-07,-0.0026439913
3.623709e-07,-0.0026389648
3.624709e-07,-0.0026425551
3.625709e-07,-0.002652608
3.626709e-07,-0.0026655331
3.627709e-07,-0.0026784582
3.628709e-07,-0.002688511
3.629709e-07,-0.0026935375
3.630709e-07,-0.0026935375
3.631709e-07,-0.002687793
3.632709e-07,-0.0026770221
3.633709e-07,-0.002664815
3.634709e-07,-0.0026540441
3.635709e-07,-0.0026497358
3.636709e-07,-0.0026540441
3.637709e-07,-0.0026684053
3.638709e-07,-0.0026892291
3.639709e-07,-0.0027136432
3.640709e-07,-0.0027344669
3.641709e-07,-0.0027488281
3.642709e-07,-0.0027538545
3.643709e-07,-0.0027517004
3.644709e-07,-0.0027459559
3.645709e-07,-0.0027394933
3.646709e-07,-0.0027366211
3.647709e-07,-0.0027380572
3.648709e-07,-0.0027459559
3.649709e-07,-0.002759599
3.650709e-07,-0.0027768325
3.651709e-07,-0.0027962201
3.652709e-07,-0.0028148897
3.653709e-07,-0.0028285329
3.654709e-07,-0.0028328412
3.655709e-07,-0.0028278148
3.656709e-07,-0.0028148897
3.657709e-07,-0.0027983743
3.658709e-07,-0.0027854492
3.659709e-07,-0.0027818589
3.660709e-07,-0.0027919118
3.661709e-07,-0.0028134536
3.662709e-07,-0.0028393038
3.663709e-07,-0.0028615636
3.664709e-07,-0.0028723346
3.665709e-07,-0.0028665901
3.666709e-07,-0.0028472024
3.667709e-07,-0.0028191981
3.668709e-07,-0.0027919118
3.669709e-07,-0.0027732422
3.670709e-07,-0.0027674977
3.671709e-07,-0.0027746783
3.672709e-07,-0.0027919118
3.673709e-07,-0.0028141716
3.674709e-07,-0.0028364315
3.675709e-07,-0.0028565372
3.676709e-07,-0.0028723346
3.677709e-07,-0.0028823874
3.678709e-07,-0.0028859777
3.679709e-07,-0.0028823874
3.680709e-07,-0.0028723346
3.681709e-07,-0.0028565372
3.682709e-07,-0.0028393038
3.683709e-07,-0.0028242245
3.684709e-07,-0.0028148897
3.685709e-07,-0.0028141716
3.686709e-07,-0.0028220703
3.687709e-07,-0.0028357135
3.688709e-07,-0.0028493566
3.689709e-07,-0.0028594095
3.690709e-07,-0.0028608456
3.691709e-07,-0.002853665
3.692709e-07,-0.0028378676
3.693709e-07,-0.0028163258
3.694709e-07,-0.0027926298
3.695709e-07,-0.0027718061
3.696709e-07,-0.0027574449
3.697709e-07,-0.0027524184
3.698709e-07,-0.0027560087
3.699709e-07,-0.0027667796
3.700709e-07,-0.0027804228
3.701709e-07,-0.0027904756
3.702709e-07,-0.0027940659
3.703709e-07,-0.0027897576
3.704709e-07,-0.0027804228
3.705709e-07,-0.0027732422
3.706709e-07,-0.0027739602
3.707709e-07,-0.0027883215
3.708709e-07,-0.0028148897
3.709709e-07,-0.0028464844
3.710709e-07,-0.0028744887
3.711709e-07,-0.00288885
3.712709e-07,-0.0028838235
3.713709e-07,-0.0028622817
3.714709e-07,-0.002830687
3.715709e-07,-0.0028005285
3.716709e-07,-0.0027804228
3.717709e-07,-0.0027746783
3.718709e-07,-0.002782577
3.719709e-07,-0.0027976563
3.720709e-07,-0.0028148897
3.721709e-07,-0.0028292509
3.722709e-07,-0.0028400218
3.723709e-07,-0.0028500747
3.724709e-07,-0.0028608456
3.725709e-07,-0.0028723346
3.726709e-07,-0.0028831055
3.727709e-07,-0.0028874138
3.728709e-07,-0.0028838235
3.729709e-07,-0.0028723346
3.730709e-07,-0.0028579733
3.731709e-07,-0.0028479205
3.732709e-07,-0.0028493566
3.733709e-07,-0.0028637178
3.734709e-07,-0.00288885
3.735709e-07,-0.0029175724
3.736709e-07,-0.0029412684
3.737709e-07,-0.0029541935
3.738709e-07,-0.0029549115
3.739709e-07,-0.002948449
3.740709e-07,-0.0029412684
3.741709e-07,-0.0029398323
3.742709e-07,-0.0029462948
3.743709e-07,-0.002959938
3.744709e-07,-0.0029757353
3.745709e-07,-0.0029879423
3.746709e-07,-0.0029944049
3.747709e-07,-0.0029929687
3.748709e-07,-0.0029872243
3.749709e-07,-0.0029793256
3.750709e-07,-0.002972145
3.751709e-07,-0.0029671186
3.752709e-07,-0.0029642463
3.753709e-07,-0.0029642463
3.754709e-07,-0.0029678366
3.755709e-07,-0.0029750172
3.756709e-07,-0.0029872243
3.757709e-07,-0.0030023035
3.758709e-07,-0.0030159467
3.759709e-07,-0.0030238454
3.760709e-07,-0.0030216912
3.761709e-07,-0.00300733
3.762709e-07,-0.0029829159
3.763709e-07,-0.0029549115
3.764709e-07,-0.0029297794
3.765709e-07,-0.0029139821
3.766709e-07,-0.0029118279
3.767709e-07,-0.0029218807
3.768709e-07,-0.0029412684
3.769709e-07,-0.0029635283
3.770709e-07,-0.002983634
3.771709e-07,-0.002995841
3.772709e-07,-0.0029987132
3.773709e-07,-0.0029908146
3.774709e-07,-0.0029750172
3.775709e-07,-0.0029527574
3.776709e-07,-0.0029297794
3.777709e-07,-0.0029111098
3.778709e-07,-0.002901775
3.779709e-07,-0.0029046473
3.780709e-07,-0.0029182904
3.781709e-07,-0.0029398323
3.782709e-07,-0.0029620921
3.783709e-07,-0.0029793256
3.784709e-07,-0.0029872243
3.785709e-07,-0.0029857881
3.786709e-07,-0.0029778895
3.787709e-07,-0.0029685547
3.788709e-07,-0.0029642463
3.789709e-07,-0.0029671186
3.790709e-07,-0.0029778895
3.791709e-07,-0.0029929687
3.792709e-07,-0.0030102022
3.793709e-07,-0.0030267176
3.794709e-07,-0.0030417969
3.795709e-07,-0.00305544
3.796709e-07,-0.0030676471
3.797709e-07,-0.003078418
3.798709e-07,-0.0030863166
3.799709e-07,-0.0030899069
3.800709e-07,-0.003090625
3.801709e-07,-0.003090625
3.802709e-07,-0.0030956514
3.803709e-07,-0.0031100126
3.804709e-07,-0.0031365809
3.805709e-07,-0.003173202
3.806709e-07,-0.0032141314
3.807709e-07,-0.0032507525
3.808709e-07,-0.0032744485
3.809709e-07,-0.0032823472
3.810709e-07,-0.0032766027
3.811709e-07,-0.0032636776
3.812709e-07,-0.0032514706
3.813709e-07,-0.0032464442
3.814709e-07,-0.0032521886
3.815709e-07,-0.0032665499
3.816709e-07,-0.0032859375
3.817709e-07,-0.0033046071
3.818709e-07,-0.0033196864
3.819709e-07,-0.0033283031
3.820709e-07,-0.0033318934
3.821709e-07,-0.0033304573
3.822709e-07,-0.0033239947
3.823709e-07,-0.0033125057
3.824709e-07,-0.0032974265
3.825709e-07,-0.003279475
3.826709e-07,-0.0032615234
3.827709e-07,-0.0032471622
3.828709e-07,-0.0032399816
3.829709e-07,-0.0032399816
3.830709e-07,-0.003245008
3.831709e-07,-0.0032500345
3.832709e-07,-0.0032514706
3.833709e-07,-0.003245008
3.834709e-07,-0.0032313649
3.835709e-07,-0.0032126953
3.836709e-07,-0.0031940257
3.837709e-07,-0.0031789465
3.838709e-07,-0.0031703297
3.839709e-07,-0.0031681756
3.840709e-07,-0.0031710478
3.841709e-07,-0.0031767923
3.842709e-07,-0.0031832548
3.843709e-07,-0.0031897174
3.844709e-07,-0.0031940257
3.845709e-07,-0.0031961799
3.846709e-07,-0.0031954619
3.847709e-07,-0.0031904354
3.848709e-07,-0.0031825368
3.849709e-07,-0.00317392
3.850709e-07,-0.0031667394
3.851709e-07,-0.0031653033
3.852709e-07,-0.0031710478
3.853709e-07,-0.0031832548
3.854709e-07,-0.0031990522
3.855709e-07,-0.0032155676
3.856709e-07,-0.0032284926
3.857709e-07,-0.0032371094
3.858709e-07,-0.0032428539
3.859709e-07,-0.0032464442
3.860709e-07,-0.0032514706
3.861709e-07,-0.0032579331
3.862709e-07,-0.0032665499
3.863709e-07,-0.0032766027
3.864709e-07,-0.0032859375
3.865709e-07,-0.0032959903
3.866709e-07,-0.0033067613
3.867709e-07,-0.0033196864
3.868709e-07,-0.0033318934
3.869709e-07,-0.0033419462
3.870709e-07,-0.0033455365
3.871709e-07,-0.0033419462
3.872709e-07,-0.0033318934
3.873709e-07,-0.0033211225
3.874709e-07,-0.003316096
3.875709e-07,-0.0033225586
3.876709e-07,-0.0033433824
3.877709e-07,-0.0033735409
3.878709e-07,-0.0034051356
3.879709e-07,-0.0034281135
3.880709e-07,-0.0034352941
3.881709e-07,-0.0034266774
3.882709e-07,-0.0034072898
3.883709e-07,-0.0033879021
3.884709e-07,-0.0033778493
3.885709e-07,-0.0033814396
3.886709e-07,-0.0033972369
3.887709e-07,-0.0034180607
3.888709e-07,-0.0034352941
3.889709e-07,-0.0034424747
3.890709e-07,-0.0034381664
3.891709e-07,-0.0034259593
3.892709e-07,-0.0034123162
3.893709e-07,-0.0034036994
3.894709e-07,-0.0034036994
3.895709e-07,-0.0034115981
3.896709e-07,-0.0034238051
3.897709e-07,-0.0034367302
3.898709e-07,-0.0034482192
3.899709e-07,-0.0034553998
3.900709e-07,-0.0034582721
3.901709e-07,-0.0034568359
3.902709e-07,-0.0034489373
3.903709e-07,-0.0034345761
3.904709e-07,-0.0034123162
3.905709e-07,-0.0033857479
3.906709e-07,-0.0033591797
3.907709e-07,-0.003339074
3.908709e-07,-0.0033318934
3.909709e-07,-0.0033383559
3.910709e-07,-0.0033563074
3.911709e-07,-0.0033800034
3.912709e-07,-0.0034008272
3.913709e-07,-0.0034130342
3.914709e-07,-0.0034144704
3.915709e-07,-0.0034051356
3.916709e-07,-0.0033893382
3.917709e-07,-0.0033713867
3.918709e-07,-0.0033548713
3.919709e-07,-0.0033412282
3.920709e-07,-0.0033318934
3.921709e-07,-0.003327585
3.922709e-07,-0.0033297392
3.923709e-07,-0.003339074
3.924709e-07,-0.0033548713
3.925709e-07,-0.003374259
3.926709e-07,-0.0033922105
3.927709e-07,-0.0034022633
3.928709e-07,-0.0034008272
3.929709e-07,-0.0033886202
3.930709e-07,-0.0033706687
3.931709e-07,-0.0033563074
3.932709e-07,-0.0033548713
3.933709e-07,-0.0033713867
3.934709e-07,-0.0034051356
3.935709e-07,-0.0034489373
3.936709e-07,-0.003492739
3.937709e-07,-0.0035257698
3.938709e-07,-0.0035415671
3.939709e-07,-0.003540131
3.940709e-07,-0.0035272059
3.941709e-07,-0.0035106905
3.942709e-07,-0.0034992015
3.943709e-07,-0.0034963293
3.944709e-07,-0.0035042279
3.945709e-07,-0.0035193072
3.946709e-07,-0.0035379768
3.947709e-07,-0.0035566464
3.948709e-07,-0.0035731618
3.949709e-07,-0.0035868049
3.950709e-07,-0.0035982939
3.951709e-07,-0.0036090648
3.952709e-07,-0.0036191176
3.953709e-07,-0.0036298886
3.954709e-07,-0.0036406595
3.955709e-07,-0.0036521484
3.956709e-07,-0.0036650735
3.957709e-07,-0.0036787167
3.958709e-07,-0.0036930779
3.959709e-07,-0.0037081572
3.960709e-07,-0.0037225184
3.961709e-07,-0.0037347254
3.962709e-07,-0.0037433421
3.963709e-07,-0.0037469324
3.964709e-07,-0.0037454963
3.965709e-07,-0.0037390338
3.966709e-07,-0.0037289809
3.967709e-07,-0.00371821
3.968709e-07,-0.0037110294
3.969709e-07,-0.0037095933
3.970709e-07,-0.0037160558
3.971709e-07,-0.0037289809
3.972709e-07,-0.0037454963
3.973709e-07,-0.0037598575
3.974709e-07,-0.0037670381
3.975709e-07,-0.003765602
3.976709e-07,-0.0037569853
3.977709e-07,-0.0037454963
3.978709e-07,-0.0037368796
3.979709e-07,-0.0037368796
3.980709e-07,-0.0037454963
3.981709e-07,-0.0037605756
3.982709e-07,-0.003777091
3.983709e-07,-0.00378858
3.984709e-07,-0.0037914522
3.985709e-07,-0.0037871438
3.986709e-07,-0.0037792452
3.987709e-07,-0.0037720646
3.988709e-07,-0.0037684743
3.989709e-07,-0.0037691923
3.990709e-07,-0.0037713465
3.991709e-07,-0.0037713465
3.992709e-07,-0.0037684743
3.993709e-07,-0.0037641659
3.994709e-07,-0.0037627298
3.995709e-07,-0.0037670381
3.996709e-07,-0.0037799632
3.997709e-07,-0.0037971967
3.998709e-07,-0.003812994
3.999709e-07,-0.0038201746
4.000709e-07,-0.0038144301
4.001709e-07,-0.0037971967
4.002709e-07,-0.0037749368
4.003709e-07,-0.0037555492
4.004709e-07,-0.0037454963
4.005709e-07,-0.0037476505
4.006709e-07,-0.0037584214
4.007709e-07,-0.0037713465
4.008709e-07,-0.0037799632
4.009709e-07,-0.0037806813
4.010709e-07,-0.0037735007
4.011709e-07,-0.0037641659
4.012709e-07,-0.0037569853
4.013709e-07,-0.0037541131
4.014709e-07,-0.0037548311
4.015709e-07,-0.0037569853
4.016709e-07,-0.0037569853
4.017709e-07,-0.0037548311
4.018709e-07,-0.0037519589
4.019709e-07,-0.0037519589
4.020709e-07,-0.0037569853
4.021709e-07,-0.003765602
4.022709e-07,-0.0037735007
4.023709e-07,-0.0037749368
4.024709e-07,-0.0037684743
4.025709e-07,-0.0037555492
4.026709e-07,-0.003741906
4.027709e-07,-0.0037368796
4.028709e-07,-0.0037454963
4.029709e-07,-0.0037677562
4.030709e-07,-0.0037971967
4.031709e-07,-0.0038237649
4.032709e-07,-0.0038374081
4.033709e-07,-0.0038338178
4.034709e-07,-0.0038158663
4.035709e-07,-0.0037907341
4.036709e-07,-0.0037684743
4.037709e-07,-0.0037562672
4.038709e-07,-0.0037569853
4.039709e-07,-0.0037663201
4.040709e-07,-0.0037799632
4.041709e-07,-0.0037928883
4.042709e-07,-0.0038043773
4.043709e-07,-0.0038144301
4.044709e-07,-0.0038259191
4.045709e-07,-0.0038381261
4.046709e-07,-0.003848179
4.047709e-07,-0.0038532054
4.048709e-07,-0.0038488971
4.049709e-07,-0.00383669
4.050709e-07,-0.0038208927
4.051709e-07,-0.0038079676
4.052709e-07,-0.0038029412
4.053709e-07,-0.0038072495
4.054709e-07,-0.0038165843
4.055709e-07,-0.003824483
4.056709e-07,-0.0038259191
4.057709e-07,-0.0038173024
4.058709e-07,-0.0038029412
4.059709e-07,-0.0037878619
4.060709e-07,-0.0037799632
4.061709e-07,-0.0037813994
4.062709e-07,-0.003789298
4.063709e-07,-0.0037986328
4.064709e-07,-0.0038029412
4.065709e-07,-0.0037986328
4.066709e-07,-0.0037878619
4.067709e-07,-0.0037756549
4.068709e-07,-0.0037684743
4.069709e-07,-0.0037684743
4.070709e-07,-0.0037735007
4.071709e-07,-0.0037792452
4.072709e-07,-0.0037799632
4.073709e-07,-0.0037727826
4.074709e-07,-0.0037605756
4.075709e-07,-0.0037490866
4.076709e-07,-0.0037454963
4.077709e-07,-0.0037519589
4.078709e-07,-0.0037670381
4.079709e-07,-0.0037828355
4.080709e-07,-0.0037914522
4.081709e-07,-0.0037871438
4.082709e-07,-0.0037684743
4.083709e-07,-0.0037404699
4.084709e-07,-0.0037110294
4.085709e-07,-0.0036887695
4.086709e-07,-0.0036787167
4.087709e-07,-0.003683025
4.088709e-07,-0.0036995404
4.089709e-07,-0.0037253906
4.090709e-07,-0.0037562672
4.091709e-07,-0.0037871438
4.092709e-07,-0.0038144301
4.093709e-07,-0.0038330997
4.094709e-07,-0.0038388442
4.095709e-07,-0.0038316636
4.096709e-07,-0.0038144301
4.097709e-07,-0.0037957606
4.098709e-07,-0.0037849897
4.099709e-07,-0.0037907341
4.100709e-07,-0.0038144301
4.101709e-07,-0.0038510512
4.102709e-07,-0.0038898265
4.103709e-07,-0.0039185489
4.104709e-07,-0.0039293199
4.105709e-07,-0.0039214212
4.106709e-07,-0.0039020335
4.107709e-07,-0.0038826459
4.108709e-07,-0.003871875
4.109709e-07,-0.0038733111
4.110709e-07,-0.0038826459
4.111709e-07,-0.0038919807
4.112709e-07,-0.0038948529
4.113709e-07,-0.0038891085
4.114709e-07,-0.0038783375
4.115709e-07,-0.0038704389
4.116709e-07,-0.003871875
4.117709e-07,-0.003883364
4.118709e-07,-0.0038970071
4.119709e-07,-0.0039041877
4.120709e-07,-0.0038948529
4.121709e-07,-0.0038682847
4.122709e-07,-0.0038309455
4.123709e-07,-0.0037971967
4.124709e-07,-0.0037799632
4.125709e-07,-0.0037871438
4.126709e-07,-0.0038158663
4.127709e-07,-0.0038532054
4.128709e-07,-0.003883364
4.129709e-07,-0.0038934168
4.130709e-07,-0.0038783375
4.131709e-07,-0.0038438706
4.132709e-07,-0.0038029412
4.133709e-07,-0.0037684743
4.134709e-07,-0.0037505227
4.135709e-07,-0.0037519589
4.136709e-07,-0.0037684743
4.137709e-07,-0.0037928883
4.138709e-07,-0.0038173024
4.139709e-07,-0.00383669
4.140709e-07,-0.0038488971
4.141709e-07,-0.0038532054
4.142709e-07,-0.0038510512
4.143709e-07,-0.0038445887
4.144709e-07,-0.0038374081
4.145709e-07,-0.0038323817
4.146709e-07,-0.0038352539
4.147709e-07,-0.003848179
4.148709e-07,-0.003871875
4.149709e-07,-0.0039027516
4.150709e-07,-0.0039343463
4.151709e-07,-0.0039601965
4.152709e-07,-0.0039752757
4.153709e-07,-0.0039795841
4.154709e-07,-0.0039774299
4.155709e-07,-0.0039738396
4.156709e-07,-0.0039752757
4.157709e-07,-0.0039817383
4.158709e-07,-0.0039917911
4.159709e-07,-0.004001844
4.160709e-07,-0.0040097426
4.161709e-07,-0.0040162052
4.162709e-07,-0.004026258
4.163709e-07,-0.0040434915
4.164709e-07,-0.0040671875
4.165709e-07,-0.0040937557
4.166709e-07,-0.0041145795
4.167709e-07,-0.0041224782
4.168709e-07,-0.0041131434
4.169709e-07,-0.0040923196
4.170709e-07,-0.0040700597
4.171709e-07,-0.0040592888
4.172709e-07,-0.0040671875
4.173709e-07,-0.0040923196
4.174709e-07,-0.0041231962
4.175709e-07,-0.0041454561
4.176709e-07,-0.0041476103
4.177709e-07,-0.0041267865
4.178709e-07,-0.0040901654
4.179709e-07,-0.0040542624
4.180709e-07,-0.0040327206
4.181709e-07,-0.0040341567
4.182709e-07,-0.0040564166
4.183709e-07,-0.0040872932
4.184709e-07,-0.0041131434
4.185709e-07,-0.0041231962
4.186709e-07,-0.0041152976
4.187709e-07,-0.004097346
4.188709e-07,-0.0040786765
4.189709e-07,-0.0040693417
4.190709e-07,-0.004072932
4.191709e-07,-0.0040858571
4.192709e-07,-0.0041016544
4.193709e-07,-0.0041145795
4.194709e-07,-0.0041231962
4.195709e-07,-0.0041289407
4.196709e-07,-0.0041361213
4.197709e-07,-0.0041468922
4.198709e-07,-0.0041598173
4.199709e-07,-0.0041698702
4.200709e-07,-0.0041705882
4.201709e-07,-0.0041598173
4.202709e-07,-0.0041382755
4.203709e-07,-0.0041131434
4.204709e-07,-0.0040901654
4.205709e-07,-0.0040758042
4.206709e-07,-0.0040707778
4.207709e-07,-0.00407365
4.208709e-07,-0.0040786765
4.209709e-07,-0.0040837029
4.210709e-07,-0.0040865751
4.211709e-07,-0.0040887293
4.212709e-07,-0.0040901654
4.213709e-07,-0.0040901654
4.214709e-07,-0.0040858571
4.215709e-07,-0.0040743681
4.216709e-07,-0.0040556985
4.217709e-07,-0.0040348748
4.218709e-07,-0.0040197955
4.219709e-07,-0.0040176413
4.220709e-07,-0.0040327206
4.221709e-07,-0.0040628791
4.222709e-07,-0.0040987822
4.223709e-07,-0.0041303768
4.224709e-07,-0.0041476103
4.225709e-07,-0.0041497645
4.226709e-07,-0.0041425839
4.227709e-07,-0.0041346852
4.228709e-07,-0.0041361213
4.229709e-07,-0.0041497645
4.230709e-07,-0.0041720244
4.231709e-07,-0.0041971565
4.232709e-07,-0.0042165441
4.233709e-07,-0.0042280331
4.234709e-07,-0.0042344956
4.235709e-07,-0.0042409582
4.236709e-07,-0.004251011
4.237709e-07,-0.0042653722
4.238709e-07,-0.0042775793
4.239709e-07,-0.0042818876
4.240709e-07,-0.004273989
4.241709e-07,-0.0042560375
4.242709e-07,-0.0042380859
4.243709e-07,-0.0042301873
4.244709e-07,-0.0042395221
4.245709e-07,-0.0042653722
4.246709e-07,-0.0042969669
4.247709e-07,-0.0043192268
4.248709e-07,-0.0043199449
4.249709e-07,-0.0042948127
4.250709e-07,-0.0042517291
4.251709e-07,-0.0042043371
4.252709e-07,-0.0041705882
4.253709e-07,-0.0041590993
4.254709e-07,-0.0041698702
4.255709e-07,-0.0041928481
4.256709e-07,-0.0042165441
4.257709e-07,-0.0042301873
4.258709e-07,-0.0042316234
4.259709e-07,-0.0042244428
4.260709e-07,-0.0042165441
4.261709e-07,-0.0042122358
4.262709e-07,-0.0042122358
4.263709e-07,-0.0042115177
4.264709e-07,-0.0042050551
4.265709e-07,-0.0041899759
4.266709e-07,-0.0041705882
4.267709e-07,-0.0041533548
4.268709e-07,-0.0041476103
4.269709e-07,-0.004156227
4.270709e-07,-0.0041748966
4.271709e-07,-0.0041942842
4.272709e-07,-0.0042050551
4.273709e-07,-0.0042007468
4.274709e-07,-0.0041835133
4.275709e-07,-0.0041619715
4.276709e-07,-0.0041476103
4.277709e-07,-0.0041483284
4.278709e-07,-0.0041641257
4.279709e-07,-0.0041906939
4.280709e-07,-0.0042165441
4.281709e-07,-0.0042330595
4.282709e-07,-0.0042366498
4.283709e-07,-0.0042294692
4.284709e-07,-0.0042165441
4.285709e-07,-0.004203619
4.286709e-07,-0.0041942842
4.287709e-07,-0.0041878217
4.288709e-07,-0.0041820772
4.289709e-07,-0.0041763327
4.290709e-07,-0.0041734605
4.291709e-07,-0.0041784869
4.292709e-07,-0.0041935662
4.293709e-07,-0.0042201344
4.294709e-07,-0.0042524472
4.295709e-07,-0.0042811696
4.296709e-07,-0.0042969669
4.297709e-07,-0.0042955308
4.298709e-07,-0.0042790154
4.299709e-07,-0.0042567555
4.300709e-07,-0.0042395221
4.301709e-07,-0.0042366498
4.302709e-07,-0.004251011
4.303709e-07,-0.0042782973
4.304709e-07,-0.0043084559
4.305709e-07,-0.0043321519
4.306709e-07,-0.0043429228
4.307709e-07,-0.0043414867
4.308709e-07,-0.0043314338
4.309709e-07,-0.0043206629
4.310709e-07,-0.0043134823
4.311709e-07,-0.0043142004
4.312709e-07,-0.0043199449
4.313709e-07,-0.0043292796
4.314709e-07,-0.0043393325
4.315709e-07,-0.0043472312
4.316709e-07,-0.0043544118
4.317709e-07,-0.0043594382
4.318709e-07,-0.0043615924
4.319709e-07,-0.0043601563
4.320709e-07,-0.0043544118
4.321709e-07,-0.004345077
4.322709e-07,-0.004333588
4.323709e-07,-0.0043242532
4.324709e-07,-0.0043199449
4.325709e-07,-0.004322099
4.326709e-07,-0.0043307158
4.327709e-07,-0.0043422047
4.328709e-07,-0.0043544118
4.329709e-07,-0.0043637466
4.330709e-07,-0.004369491
4.331709e-07,-0.0043702091
4.332709e-07,-0.0043659007
4.333709e-07,-0.0043558479
4.334709e-07,-0.0043400506
4.335709e-07,-0.0043192268
4.336709e-07,-0.0042969669
4.337709e-07,-0.0042790154
4.338709e-07,-0.0042711167
4.339709e-07,-0.0042768612
4.340709e-07,-0.0042969669
4.341709e-07,-0.0043249713
4.342709e-07,-0.0043508215
4.343709e-07,-0.0043666188
4.344709e-07,-0.0043659007
4.345709e-07,-0.0043501034
4.346709e-07,-0.0043271255
4.347709e-07,-0.0043063017
4.348709e-07,-0.0042969669
4.349709e-07,-0.0043027114
4.350709e-07,-0.0043206629
4.351709e-07,-0.0043443589
4.352709e-07,-0.0043659007
4.353709e-07,-0.0043795439
4.354709e-07,-0.0043845703
4.355709e-07,-0.0043831342
4.356709e-07,-0.0043773897
4.357709e-07,-0.0043702091
4.358709e-07,-0.0043601563
4.359709e-07,-0.0043472312
4.360709e-07,-0.0043314338
4.361709e-07,-0.0043149184
4.362709e-07,-0.0043027114
4.363709e-07,-0.0043005572
4.364709e-07,-0.0043084559
4.365709e-07,-0.0043242532
4.366709e-07,-0.0043407686
4.367709e-07,-0.0043486673
4.368709e-07,-0.0043429228
4.369709e-07,-0.0043235352
4.370709e-07,-0.004297685
4.371709e-07,-0.004274707
4.372709e-07,-0.0042625
4.373709e-07,-0.0042646542
4.374709e-07,-0.0042782973
4.375709e-07,-0.0042955308
4.376709e-07,-0.0043084559
4.377709e-07,-0.0043120462
4.378709e-07,-0.0043070198
4.379709e-07,-0.0042969669
4.380709e-07,-0.0042854779
4.381709e-07,-0.0042754251
4.382709e-07,-0.0042675264
4.383709e-07,-0.0042589097
4.384709e-07,-0.004251011
4.385709e-07,-0.0042459846
4.386709e-07,-0.004250293
4.387709e-07,-0.0042668084
4.388709e-07,-0.0042969669
4.389709e-07,-0.004333588
4.390709e-07,-0.0043659007
4.391709e-07,-0.0043824161
4.392709e-07,-0.0043773897
4.393709e-07,-0.0043536937
4.394709e-07,-0.0043235352
4.395709e-07,-0.0043005572
4.396709e-07,-0.0042969669
4.397709e-07,-0.0043156365
4.398709e-07,-0.0043501034
4.399709e-07,-0.0043867245
4.400709e-07,-0.0044118566
4.401709e-07,-0.0044190372
4.402709e-07,-0.0044097024
4.403709e-07,-0.004392469
4.404709e-07,-0.0043773897
4.405709e-07,-0.0043716452
4.406709e-07,-0.0043759536
4.407709e-07,-0.0043867245
4.408709e-07,-0.0044003676
4.409709e-07,-0.0044147289
4.410709e-07,-0.0044326804
4.411709e-07,-0.0044578125
4.412709e-07,-0.0044922794
4.413709e-07,-0.0045317727
4.414709e-07,-0.0045662397
4.415709e-07,-0.0045863454
4.416709e-07,-0.0045841912
4.417709e-07,-0.0045633674
4.418709e-07,-0.004534645
4.419709e-07,-0.0045145393
4.420709e-07,-0.0045152574
4.421709e-07,-0.0045418256
4.422709e-07,-0.0045870634
4.423709e-07,-0.0046366096
4.424709e-07,-0.0046761029
4.425709e-07,-0.0046969267
4.426709e-07,-0.0046997989
4.427709e-07,-0.0046926183
4.428709e-07,-0.0046875919
4.429709e-07,-0.0046911822
4.430709e-07,-0.0047033892
4.431709e-07,-0.0047199046
4.432709e-07,-0.0047335478
4.433709e-07,-0.0047421645
4.434709e-07,-0.0047471909
4.435709e-07,-0.0047543716
4.436709e-07,-0.0047680147
4.437709e-07,-0.0047881204
4.438709e-07,-0.0048096622
4.439709e-07,-0.0048240234
4.440709e-07,-0.0048254596
4.441709e-07,-0.0048161248
4.442709e-07,-0.0048031997
4.443709e-07,-0.0048003274
4.444709e-07,-0.0048139706
4.445709e-07,-0.0048455653
4.446709e-07,-0.0048864947
4.447709e-07,-0.0049216797
4.448709e-07,-0.0049403493
4.449709e-07,-0.0049381951
4.450709e-07,-0.0049195255
4.451709e-07,-0.0048979837
4.452709e-07,-0.0048829044
4.453709e-07,-0.0048807502
4.454709e-07,-0.0048872128
4.455709e-07,-0.0048943934
4.456709e-07,-0.0048943934
4.457709e-07,-0.0048857767
4.458709e-07,-0.0048750057
4.459709e-07,-0.0048721335
4.460709e-07,-0.0048829044
4.461709e-07,-0.0049073185
4.462709e-07,-0.0049346048
4.463709e-07,-0.004948966
4.464709e-07,-0.0049403493
4.465709e-07,-0.0049066004
4.466709e-07,-0.0048577723
4.467709e-07,-0.0048139706
4.468709e-07,-0.0047909926
4.469709e-07,-0.0047967371
4.470709e-07,-0.0048247415
4.471709e-07,-0.0048599265
4.472709e-07,-0.0048829044
4.473709e-07,-0.0048829044
4.474709e-07,-0.0048613626
4.475709e-07,-0.0048297679
4.476709e-07,-0.0048024816
4.477709e-07,-0.0047909926
4.478709e-07,-0.0047974552
4.479709e-07,-0.0048125345
4.480709e-07,-0.0048254596
4.481709e-07,-0.0048276137
4.482709e-07,-0.0048175609
4.483709e-07,-0.0048017636
4.484709e-07,-0.0047909926
4.485709e-07,-0.0047902746
4.486709e-07,-0.0047996094
4.487709e-07,-0.0048103803
4.488709e-07,-0.0048139706
4.489709e-07,-0.0048053539
4.490709e-07,-0.0047859662
4.491709e-07,-0.0047665786
4.492709e-07,-0.0047565257
4.493709e-07,-0.0047637063
4.494709e-07,-0.0047852482
4.495709e-07,-0.0048139706
4.496709e-07,-0.0048369485
4.497709e-07,-0.0048470014
4.498709e-07,-0.0048434111
4.499709e-07,-0.0048326402
4.500709e-07,-0.0048254596
4.501709e-07,-0.0048283318
4.502709e-07,-0.004842693
4.503709e-07,-0.0048635168
4.504709e-07,-0.0048829044
4.505709e-07,-0.0048936753
4.506709e-07,-0.0048965476
4.507709e-07,-0.0048943934
4.508709e-07,-0.0048943934
4.509709e-07,-0.004901574
4.510709e-07,-0.0049144991
4.511709e-07,-0.0049295784
4.512709e-07,-0.0049403493
4.513709e-07,-0.0049432215
4.514709e-07,-0.0049403493
4.515709e-07,-0.004937477
4.516709e-07,-0.0049403493
4.517709e-07,-0.0049518382
4.518709e-07,-0.0049705078
4.519709e-07,-0.0049877413
4.520709e-07,-0.0049977941
4.521709e-07,-0.0049956399
4.522709e-07,-0.0049827148
4.523709e-07,-0.0049654814
4.524709e-07,-0.0049518382
4.525709e-07,-0.0049468118
4.526709e-07,-0.0049511202
4.527709e-07,-0.0049626091
4.528709e-07,-0.0049748162
4.529709e-07,-0.0049863051
4.530709e-07,-0.0049970761
4.531709e-07,-0.005007847
4.532709e-07,-0.0050207721
4.533709e-07,-0.005031543
4.534709e-07,-0.0050351333
4.535709e-07,-0.0050250804
4.536709e-07,-0.0049977941
4.537709e-07,-0.0049583008
4.538709e-07,-0.0049180894
4.539709e-07,-0.004889367
4.540709e-07,-0.0048829044
4.541709e-07,-0.0049001379
4.542709e-07,-0.0049331687
4.543709e-07,-0.0049669175
4.544709e-07,-0.0049863051
4.545709e-07,-0.0049834329
4.546709e-07,-0.004960455
4.547709e-07,-0.0049259881
4.548709e-07,-0.0048943934
4.549709e-07,-0.0048742877
4.550709e-07,-0.0048699793
4.551709e-07,-0.0048750057
4.552709e-07,-0.0048829044
4.553709e-07,-0.0048850586
4.554709e-07,-0.004878596
4.555709e-07,-0.0048649529
4.556709e-07,-0.0048484375
4.557709e-07,-0.0048326402
4.558709e-07,-0.004818279
4.559709e-07,-0.0048053539
4.560709e-07,-0.0047909926
4.561709e-07,-0.0047766314
4.562709e-07,-0.0047658605
4.563709e-07,-0.0047615522
4.564709e-07,-0.0047680147
4.565709e-07,-0.0047816579
4.566709e-07,-0.004795301
4.567709e-07,-0.0048010455
4.568709e-07,-0.0047909926
4.569709e-07,-0.0047658605
4.570709e-07,-0.0047313936
4.571709e-07,-0.0046983628
4.572709e-07,-0.0046761029
4.573709e-07,-0.0046696404
4.574709e-07,-0.004676821
4.575709e-07,-0.004689028
4.576709e-07,-0.0046990809
4.577709e-07,-0.0047012351
4.578709e-07,-0.0046962086
4.579709e-07,-0.0046897461
4.580709e-07,-0.0046875919
4.581709e-07,-0.0046919003
4.582709e-07,-0.004700517
4.583709e-07,-0.0047076976
4.584709e-07,-0.0047105699
4.585709e-07,-0.0047062615
4.586709e-07,-0.0046997989
4.587709e-07,-0.0046954906
4.588709e-07,-0.0046990809
4.589709e-07,-0.0047105699
4.590709e-07,-0.004724213
4.591709e-07,-0.0047342659
4.592709e-07,-0.0047335478
4.593709e-07,-0.0047220588
4.594709e-07,-0.0047055434
4.595709e-07,-0.0046919003
4.596709e-07,-0.0046875919
4.597709e-07,-0.0046940545
4.598709e-07,-0.0047069795
4.599709e-07,-0.0047184685
4.600709e-07,-0.0047220588
4.601709e-07,-0.0047184685
4.602709e-07,-0.004712006
4.603709e-07,-0.0047112879
4.604709e-07,-0.0047220588
4.605709e-07,-0.0047436006
4.606709e-07,-0.0047680147
4.607709e-07,-0.0047859662
4.608709e-07,-0.0047909926
4.609709e-07,-0.004783094
4.610709e-07,-0.0047708869
4.611709e-07,-0.0047665786
4.612709e-07,-0.0047795037
4.613709e-07,-0.0048110983
4.614709e-07,-0.0048513097
4.615709e-07,-0.0048879308
4.616709e-07,-0.0049058824
4.617709e-07,-0.004901574
4.618709e-07,-0.0048793141
4.619709e-07,-0.0048527459
4.620709e-07,-0.0048369485
4.621709e-07,-0.0048391027
4.622709e-07,-0.0048599265
4.623709e-07,-0.004889367
4.624709e-07,-0.0049173713
4.625709e-07,-0.004936759
4.626709e-07,-0.0049453757
4.627709e-07,-0.0049482479
4.628709e-07,-0.0049518382
4.629709e-07,-0.0049575827
4.630709e-07,-0.0049633272
