LECROYHDO6104B,11090,Waveform
Segments,1,SegmentSize,5002
Segment,TrigTime,TimeSinceSegment1
#1,04-May-2026 18:31:02,0                 
Time,Ampl
-3.702424e-08,-0.0054271944
-3.692424e-08,-0.0054171415
-3.682424e-08,-0.0054113971
-3.672424e-08,-0.0054099609
-3.662424e-08,-0.0054099609
-3.652424e-08,-0.0054070887
-3.642424e-08,-0.0053999081
-3.632424e-08,-0.0053891372
-3.622424e-08,-0.0053805205
-3.612424e-08,-0.0053790843
-3.602424e-08,-0.0053884191
-3.592424e-08,-0.0054049345
-3.582424e-08,-0.0054200138
-3.572424e-08,-0.0054236041
-3.562424e-08,-0.0054113971
-3.552424e-08,-0.0053841108
-3.542424e-08,-0.0053525161
-3.532424e-08,-0.005327384
-3.522424e-08,-0.0053194853
-3.512424e-08,-0.0053302562
-3.502424e-08,-0.0053532341
-3.492424e-08,-0.0053762121
-3.482424e-08,-0.0053884191
-3.472424e-08,-0.0053855469
-3.462424e-08,-0.0053726218
-3.452424e-08,-0.0053582606
-3.442424e-08,-0.0053539522
-3.432424e-08,-0.0053625689
-3.422424e-08,-0.0053819566
-3.412424e-08,-0.0054013442
-3.402424e-08,-0.0054113971
-3.392424e-08,-0.0054078068
-3.382424e-08,-0.0053934455
-3.372424e-08,-0.0053762121
-3.362424e-08,-0.0053654412
-3.352424e-08,-0.0053647231
-3.342424e-08,-0.0053719037
-3.332424e-08,-0.0053783663
-3.322424e-08,-0.0053769301
-3.312424e-08,-0.005363287
-3.302424e-08,-0.0053417452
-3.292424e-08,-0.0053202034
-3.282424e-08,-0.0053079963
-3.272424e-08,-0.0053094324
-3.262424e-08,-0.0053216395
-3.252424e-08,-0.0053360007
-3.242424e-08,-0.0053424632
-3.232424e-08,-0.0053367188
-3.222424e-08,-0.0053202034
-3.212424e-08,-0.0053000977
-3.202424e-08,-0.0052850184
-3.192424e-08,-0.0052792739
-3.182424e-08,-0.0052821461
-3.172424e-08,-0.0052864545
-3.162424e-08,-0.0052850184
-3.152424e-08,-0.0052749655
-3.142424e-08,-0.0052584501
-3.132424e-08,-0.0052440889
-3.122424e-08,-0.0052390625
-3.112424e-08,-0.0052469612
-3.102424e-08,-0.0052634766
-3.092424e-08,-0.005279992
-3.082424e-08,-0.0052850184
-3.072424e-08,-0.0052735294
-3.062424e-08,-0.0052462431
-3.052424e-08,-0.0052124943
-3.042424e-08,-0.0051816176
-3.032424e-08,-0.00516223
-3.022424e-08,-0.0051550494
-3.012424e-08,-0.0051564855
-3.002424e-08,-0.0051586397
-2.992424e-08,-0.0051564855
-2.982424e-08,-0.0051485869
-2.972424e-08,-0.0051392521
-2.962424e-08,-0.0051356618
-2.952424e-08,-0.0051406882
-2.942424e-08,-0.0051536133
-2.932424e-08,-0.0051694106
-2.922424e-08,-0.0051816176
-2.912424e-08,-0.0051844899
-2.902424e-08,-0.0051787454
-2.892424e-08,-0.0051679745
-2.882424e-08,-0.0051586397
-2.872424e-08,-0.0051550494
-2.862424e-08,-0.0051572036
-2.852424e-08,-0.0051636661
-2.842424e-08,-0.0051701287
-2.832424e-08,-0.005174437
-2.822424e-08,-0.0051773093
-2.812424e-08,-0.0051830538
-2.802424e-08,-0.0051931066
-2.792424e-08,-0.0052081859
-2.782424e-08,-0.0052247013
-2.772424e-08,-0.0052361903
-2.762424e-08,-0.0052390625
-2.752424e-08,-0.0052318819
-2.742424e-08,-0.0052182387
-2.732424e-08,-0.0052074678
-2.722424e-08,-0.0052045956
-2.712424e-08,-0.0052132123
-2.702424e-08,-0.0052304458
-2.692424e-08,-0.0052491153
-2.682424e-08,-0.0052620404
-2.672424e-08,-0.0052649127
-2.662424e-08,-0.0052584501
-2.652424e-08,-0.0052476792
-2.642424e-08,-0.0052390625
-2.632424e-08,-0.0052354722
-2.622424e-08,-0.0052361903
-2.612424e-08,-0.0052383444
-2.602424e-08,-0.0052390625
-2.592424e-08,-0.0052369083
-2.582424e-08,-0.0052354722
-2.572424e-08,-0.0052390625
-2.562424e-08,-0.0052505515
-2.552424e-08,-0.005269221
-2.542424e-08,-0.0052900448
-2.532424e-08,-0.0053051241
-2.522424e-08,-0.0053079963
-2.512424e-08,-0.0052986615
-2.502424e-08,-0.0052821461
-2.492424e-08,-0.0052677849
-2.482424e-08,-0.0052620404
-2.472424e-08,-0.005268503
-2.462424e-08,-0.0052835823
-2.452424e-08,-0.0052993796
-2.442424e-08,-0.0053079963
-2.432424e-08,-0.0053051241
-2.422424e-08,-0.0052943532
-2.412424e-08,-0.0052814281
-2.402424e-08,-0.0052735294
-2.392424e-08,-0.0052756836
-2.382424e-08,-0.0052857364
-2.372424e-08,-0.0052993796
-2.362424e-08,-0.0053079963
-2.352424e-08,-0.0053087144
-2.342424e-08,-0.0053022518
-2.332424e-08,-0.005292917
-2.322424e-08,-0.0052850184
-2.312424e-08,-0.0052828642
-2.302424e-08,-0.0052857364
-2.292424e-08,-0.0052914809
-2.282424e-08,-0.0052965074
-2.272424e-08,-0.0053008157
-2.262424e-08,-0.0053072783
-2.252424e-08,-0.0053166131
-2.242424e-08,-0.0053309743
-2.232424e-08,-0.0053467716
-2.222424e-08,-0.0053589786
-2.212424e-08,-0.0053618509
-2.202424e-08,-0.0053539522
-2.192424e-08,-0.0053381549
-2.182424e-08,-0.0053223575
-2.172424e-08,-0.0053151769
-2.162424e-08,-0.0053194853
-2.152424e-08,-0.0053338465
-2.142424e-08,-0.0053489258
-2.132424e-08,-0.0053575425
-2.122424e-08,-0.0053539522
-2.112424e-08,-0.0053417452
-2.102424e-08,-0.0053302562
-2.092424e-08,-0.0053288201
-2.082424e-08,-0.0053424632
-2.072424e-08,-0.0053683134
-2.062424e-08,-0.0053948817
-2.052424e-08,-0.0054113971
-2.042424e-08,-0.0054113971
-2.032424e-08,-0.0053977539
-2.022424e-08,-0.0053833927
-2.012424e-08,-0.0053812385
-2.002424e-08,-0.0053999081
-1.992424e-08,-0.0054372472
-1.982424e-08,-0.0054788948
-1.972424e-08,-0.0055090533
-1.962424e-08,-0.0055147978
-1.952424e-08,-0.0054954102
-1.942424e-08,-0.0054630974
-1.932424e-08,-0.0054336569
-1.922424e-08,-0.005422886
-1.912424e-08,-0.0054336569
-1.902424e-08,-0.0054566349
-1.892424e-08,-0.0054774586
-1.882424e-08,-0.0054803309
-1.872424e-08,-0.0054623794
-1.862424e-08,-0.0054329389
-1.852424e-08,-0.0054063706
-1.842424e-08,-0.0053999081
-1.832424e-08,-0.0054178596
-1.822424e-08,-0.0054516085
-1.812424e-08,-0.0054860754
-1.802424e-08,-0.0055033088
-1.792424e-08,-0.0054954102
-1.782424e-08,-0.0054652516
-1.772424e-08,-0.0054286305
-1.762424e-08,-0.0053999081
-1.752424e-08,-0.0053891372
-1.742424e-08,-0.0053941636
-1.732424e-08,-0.0054056526
-1.722424e-08,-0.0054113971
-1.712424e-08,-0.0054063706
-1.702424e-08,-0.0053934455
-1.692424e-08,-0.0053841108
-1.682424e-08,-0.0053884191
-1.672424e-08,-0.0054099609
-1.662424e-08,-0.0054415556
-1.652424e-08,-0.00546956
-1.642424e-08,-0.0054803309
-1.632424e-08,-0.0054681239
-1.622424e-08,-0.0054394014
-1.612424e-08,-0.0054078068
-1.602424e-08,-0.0053884191
-1.592424e-08,-0.0053905733
-1.582424e-08,-0.005410679
-1.572424e-08,-0.0054372472
-1.562424e-08,-0.0054573529
-1.552424e-08,-0.0054616613
-1.542424e-08,-0.0054530446
-1.532424e-08,-0.0054394014
-1.522424e-08,-0.005434375
-1.512424e-08,-0.0054437098
-1.502424e-08,-0.0054645335
-1.492424e-08,-0.0054882295
-1.482424e-08,-0.0055033088
-1.472424e-08,-0.0055040269
-1.462424e-08,-0.005493974
-1.452424e-08,-0.0054824851
-1.442424e-08,-0.0054803309
-1.432424e-08,-0.0054925379
-1.422424e-08,-0.0055147978
-1.412424e-08,-0.0055370577
-1.402424e-08,-0.0055492647
-1.392424e-08,-0.0055463925
-1.382424e-08,-0.0055327493
-1.372424e-08,-0.0055183881
-1.362424e-08,-0.0055147978
-1.352424e-08,-0.0055255687
-1.342424e-08,-0.0055456744
-1.332424e-08,-0.005565062
-1.322424e-08,-0.0055722426
-1.312424e-08,-0.0055636259
-1.302424e-08,-0.0055435202
-1.292424e-08,-0.0055234145
-1.282424e-08,-0.0055147978
-1.272424e-08,-0.0055212603
-1.262424e-08,-0.0055384938
-1.252424e-08,-0.0055557273
-1.242424e-08,-0.0055607537
-1.232424e-08,-0.0055507008
-1.222424e-08,-0.0055320312
-1.212424e-08,-0.0055155159
-1.202424e-08,-0.0055147978
-1.192424e-08,-0.0055334674
-1.182424e-08,-0.0055657801
-1.172424e-08,-0.0055980928
-1.162424e-08,-0.0056181985
-1.152424e-08,-0.0056181985
-1.142424e-08,-0.0056031193
-1.132424e-08,-0.0055837316
-1.122424e-08,-0.0055722426
-1.112424e-08,-0.005576551
-1.102424e-08,-0.0055945025
-1.092424e-08,-0.0056153263
-1.082424e-08,-0.0056296875
-1.072424e-08,-0.0056311236
-1.062424e-08,-0.0056217888
-1.052424e-08,-0.0056110179
-1.042424e-08,-0.0056067096
-1.032424e-08,-0.0056138902
-1.022424e-08,-0.0056275333
-1.012424e-08,-0.0056397403
-1.002424e-08,-0.0056411765
-9.924244e-09,-0.0056304056
-9.824244e-09,-0.0056131721
-9.724244e-09,-0.0055980928
-9.624244e-09,-0.0055952206
-9.524244e-09,-0.0056052734
-9.424244e-09,-0.0056210708
-9.324244e-09,-0.0056325597
-9.224244e-09,-0.0056296875
-9.124244e-09,-0.0056131721
-9.024244e-09,-0.0055916303
-8.924244e-09,-0.0055779871
-8.824244e-09,-0.0055837316
-8.724244e-09,-0.0056088637
-8.624244e-09,-0.0056433307
-8.524244e-09,-0.005670617
-8.424244e-09,-0.0056756434
-8.324244e-09,-0.0056541016
-8.224244e-09,-0.0056146082
-8.124244e-09,-0.0055736788
-8.024244e-09,-0.0055492647
-7.924244e-09,-0.0055492647
-7.824244e-09,-0.0055693704
-7.724244e-09,-0.0055973748
-7.624244e-09,-0.0056181985
-7.524244e-09,-0.005623225
-7.424244e-09,-0.0056146082
-7.324244e-09,-0.0056009651
-7.224244e-09,-0.0055952206
-7.124244e-09,-0.0056016831
-7.024244e-09,-0.0056167624
-6.924244e-09,-0.0056296875
-6.824244e-09,-0.0056296875
-6.724244e-09,-0.005612454
-6.624244e-09,-0.0055837316
-6.524244e-09,-0.0055550092
-6.424244e-09,-0.0055377757
-6.324244e-09,-0.0055370577
-6.224244e-09,-0.0055485466
-6.124244e-09,-0.0055607537
-6.024244e-09,-0.0055607537
-5.924244e-09,-0.0055449563
-5.824244e-09,-0.0055191062
-5.724244e-09,-0.005493256
-5.624244e-09,-0.0054803309
-5.524244e-09,-0.0054824851
-5.424244e-09,-0.0054925379
-5.324244e-09,-0.0054968463
-5.224244e-09,-0.0054803309
-5.124244e-09,-0.0054372472
-5.024244e-09,-0.0053726218
-4.924244e-09,-0.0053022518
-4.824244e-09,-0.0052390625
-4.724244e-09,-0.0051923886
-4.624244e-09,-0.0051572036
-4.524244e-09,-0.0051205825
-4.424244e-09,-0.0050667279
-4.324244e-09,-0.0049870232
-4.224244e-09,-0.0048836225
-4.124244e-09,-0.0047672966
-4.024244e-09,-0.004653125
-3.924244e-09,-0.0045504423
-3.824244e-09,-0.0044585306
-3.724244e-09,-0.0043666188
-3.624244e-09,-0.0042625
-3.524244e-09,-0.0041368394
-3.424244e-09,-0.0039896369
-3.324244e-09,-0.0038323817
-3.224244e-09,-0.0036765625
-3.124244e-09,-0.0035329504
-3.024244e-09,-0.0034008272
-2.924244e-09,-0.0032730124
-2.824244e-09,-0.0031365809
-2.724244e-09,-0.0029821978
-2.624244e-09,-0.0028098633
-2.524244e-09,-0.0026267578
-2.424244e-09,-0.0024472426
-2.324244e-09,-0.0022820887
-2.224244e-09,-0.0021348863
-2.124244e-09,-0.002001327
-2.024244e-09,-0.0018727941
-1.924244e-09,-0.0017399529
-1.824244e-09,-0.0015984949
-1.724244e-09,-0.0014527286
-1.624244e-09,-0.0013098346
-1.524244e-09,-0.0011755572
-1.424244e-09,-0.0010527688
-1.324244e-09,-0.0009385972
-1.224244e-09,-0.00082729779
-1.124244e-09,-0.00071456227
-1.024244e-09,-0.00060039063
-9.242442e-10,-0.00049052734
-8.242442e-10,-0.00039071691
-7.242442e-10,-0.00030670381
-6.242442e-10,-0.00023848805
-5.242442e-10,-0.0001810432
-4.242442e-10,-0.00012647059
-3.242442e-10,-6.9743796e-05
-2.242442e-10,-1.0144761e-05
-1.242442e-10,5.0172335e-05
-2.424423e-11,0.00010330882
7.575577e-11,0.0001456744
1.757558e-10,0.00017583295
2.757558e-10,0.00019881089
3.757558e-10,0.00021819853
4.757558e-10,0.00023974035
5.757558e-10,0.00026487247
6.757558e-10,0.0002900046
7.757558e-10,0.00031011029
8.757558e-10,0.0003208812
9.757558e-10,0.0003208812
1.075756e-09,0.00031226448
1.175756e-09,0.00029862132
1.275756e-09,0.00028426011
1.375756e-09,0.00027205308
1.475756e-09,0.00026128217
1.575756e-09,0.00025266544
1.675756e-09,0.00024476677
1.775756e-09,0.00023902229
1.875756e-09,0.00023399586
1.975756e-09,0.0002296875
2.075756e-09,0.00022250689
2.175756e-09,0.00020814568
2.275756e-09,0.00018373162
2.375756e-09,0.00014926471
2.475756e-09,0.00010977137
2.575756e-09,7.2432215e-05
2.675756e-09,4.5863971e-05
2.775756e-09,3.4375e-05
2.875756e-09,3.5811121e-05
2.975756e-09,4.3709789e-05
3.075756e-09,4.8736213e-05
3.175756e-09,4.5863971e-05
3.275756e-09,3.3656939e-05
3.375756e-09,1.7141544e-05
3.475756e-09,4.2164522e-06
3.575756e-09,-9.1911765e-08
3.675756e-09,4.2164522e-06
3.775756e-09,1.2115119e-05
3.875756e-09,1.6423483e-05
3.975756e-09,1.1397059e-05
4.075756e-09,-2.9641544e-06
4.175756e-09,-2.0915671e-05
4.275756e-09,-3.3840763e-05
4.375756e-09,-3.4558824e-05
4.475756e-09,-2.1633732e-05
4.575756e-09,-8.0997243e-07
4.675756e-09,2.0731847e-05
4.775756e-09,3.4375e-05
4.875756e-09,3.9401425e-05
4.975756e-09,3.9401425e-05
5.075756e-09,4.2991728e-05
5.175756e-09,5.7352941e-05
5.275756e-09,8.2485064e-05
5.375756e-09,0.00011264361
5.475756e-09,0.00013777574
5.575756e-09,0.00014926471
5.675756e-09,0.0001456744
5.775756e-09,0.00013274931
5.875756e-09,0.00012269646
5.975756e-09,0.00012628676
6.075756e-09,0.00014854665
6.175756e-09,0.00018444968
6.275756e-09,0.00022322495
6.375756e-09,0.00025266544
6.475756e-09,0.00026343635
6.575756e-09,0.00025697381
6.675756e-09,0.00024189453
6.775756e-09,0.0002296875
6.875756e-09,0.0002296875
6.975756e-09,0.00024333065
7.075756e-09,0.00026630859
7.175756e-09,0.00028713235
7.275756e-09,0.00029862132
7.375756e-09,0.00029862132
7.475756e-09,0.00029215878
7.575756e-09,0.00028713235
7.675756e-09,0.00029287684
7.775756e-09,0.00031082835
7.875756e-09,0.00033883272
7.975756e-09,0.00036755515
8.075756e-09,0.00038694278
8.175756e-09,0.00039196921
8.275756e-09,0.00038335248
8.375756e-09,0.00036755515
8.475756e-09,0.00035319393
8.575756e-09,0.00034744945
8.675756e-09,0.00035319393
8.775756e-09,0.00036755515
8.875756e-09,0.00038550666
8.975756e-09,0.00039986788
9.075756e-09,0.00040633042
9.175756e-09,0.00040202206
9.275756e-09,0.00038837891
9.375756e-09,0.00036827321
9.475756e-09,0.00034457721
9.575756e-09,0.00032159926
9.675756e-09,0.00030364775
9.775756e-09,0.0002935949
9.875756e-09,0.00029215878
9.975756e-09,0.00029862132
1.007576e-08,0.00030867417
1.017576e-08,0.0003172909
1.027576e-08,0.00031800896
1.037576e-08,0.00031011029
1.047576e-08,0.00029287684
1.057576e-08,0.00027061696
1.067576e-08,0.00024835708
1.077576e-08,0.0002296875
1.087576e-08,0.00021604435
1.097576e-08,0.00020527344
1.107576e-08,0.00019522059
1.117576e-08,0.00018373162
1.127576e-08,0.00017152459
1.137576e-08,0.00016147174
1.147576e-08,0.00015788143
1.157576e-08,0.00016075368
1.167576e-08,0.00016865234
1.177576e-08,0.00017511489
1.187576e-08,0.00017367877
1.197576e-08,0.00016075368
1.207576e-08,0.00013705767
1.217576e-08,0.00010761719
1.227576e-08,8.2485064e-05
1.237576e-08,6.8841912e-05
1.247576e-08,6.9559972e-05
1.257576e-08,8.1767004e-05
1.267576e-08,9.971852e-05
1.277576e-08,0.00011479779
1.287576e-08,0.00012341452
1.297576e-08,0.0001255687
1.307576e-08,0.0001255687
1.317576e-08,0.00012628676
1.327576e-08,0.00013131319
1.337576e-08,0.00013992992
1.347576e-08,0.00014711052
1.357576e-08,0.00014926471
1.367576e-08,0.00014495634
1.377576e-08,0.00013633961
1.387576e-08,0.00012844095
1.397576e-08,0.00012628676
1.407576e-08,0.00013346737
1.417576e-08,0.00014854665
1.427576e-08,0.00016721622
1.437576e-08,0.00018373162
1.447576e-08,0.00019522059
1.457576e-08,0.00020096507
1.467576e-08,0.00020383732
1.477576e-08,0.00020670956
1.487576e-08,0.00021173598
1.497576e-08,0.00021748047
1.507576e-08,0.00022035271
1.517576e-08,0.00021819853
1.527576e-08,0.0002095818
1.537576e-08,0.00019809283
1.547576e-08,0.00018732192
1.557576e-08,0.00018373162
1.567576e-08,0.00018875804
1.577576e-08,0.00020168313
1.587576e-08,0.00021676241
1.597576e-08,0.0002296875
1.607576e-08,0.00023543199
1.617576e-08,0.00023184168
1.627576e-08,0.00022178883
1.637576e-08,0.00020670956
1.647576e-08,0.00019019416
1.657576e-08,0.00017439683
1.667576e-08,0.00016003562
1.677576e-08,0.00014926471
1.687576e-08,0.00014352022
1.697576e-08,0.00014495634
1.707576e-08,0.00015500919
1.717576e-08,0.00017224265
1.727576e-08,0.00019091222
1.737576e-08,0.00020455538
1.747576e-08,0.00020670956
1.757576e-08,0.00019522059
1.767576e-08,0.00017367877
1.777576e-08,0.00014998277
1.787576e-08,0.00013203125
1.797576e-08,0.00012628676
1.807576e-08,0.00013203125
1.817576e-08,0.00014495634
1.827576e-08,0.00015644531
1.837576e-08,0.00016075368
1.847576e-08,0.00015644531
1.857576e-08,0.00014711052
1.867576e-08,0.00013921186
1.877576e-08,0.00013777574
1.887576e-08,0.00014352022
1.897576e-08,0.00015285501
1.907576e-08,0.00016003562
1.917576e-08,0.00016075368
1.927576e-08,0.00015500919
1.937576e-08,0.0001456744
1.947576e-08,0.00013921186
1.957576e-08,0.00013777574
1.967576e-08,0.00014064798
1.977576e-08,0.00014352022
1.987576e-08,0.00013921186
1.997576e-08,0.00012628676
2.007576e-08,0.00010689913
2.017576e-08,8.9665671e-05
2.027576e-08,8.3203125e-05
2.037576e-08,9.1819853e-05
2.047576e-08,0.00011407973
2.057576e-08,0.00013992992
2.067576e-08,0.00015859949
2.077576e-08,0.00016075368
2.087576e-08,0.00014711052
2.097576e-08,0.00012485064
2.107576e-08,0.00010761719
2.117576e-08,0.00010330882
2.127576e-08,0.00011551585
2.137576e-08,0.00013921186
2.147576e-08,0.00016147174
2.157576e-08,0.00017224265
2.167576e-08,0.00016793428
2.177576e-08,0.00015285501
2.187576e-08,0.00013562155
2.197576e-08,0.00012628676
2.207576e-08,0.00012772289
2.217576e-08,0.00013633961
2.227576e-08,0.00014280216
2.237576e-08,0.00013777574
2.247576e-08,0.00011982422
2.257576e-08,9.5410156e-05
2.267576e-08,7.4586397e-05
2.277576e-08,6.8841912e-05
2.287576e-08,8.1048943e-05
2.297576e-08,0.00010546301
2.307576e-08,0.00012915901
2.317576e-08,0.00013777574
2.327576e-08,0.00012485064
2.337576e-08,9.3255974e-05
2.347576e-08,5.4480699e-05
2.357576e-08,2.2886029e-05
2.367576e-08,9.2428768e-06
2.377576e-08,1.4269301e-05
2.387576e-08,3.0784697e-05
2.397576e-08,4.5863971e-05
2.407576e-08,4.9454274e-05
2.417576e-08,3.7965303e-05
2.427576e-08,1.4269301e-05
2.437576e-08,-1.1580882e-05
2.447576e-08,-3.1686581e-05
2.457576e-08,-4.2457491e-05
2.467576e-08,-4.5329733e-05
2.477576e-08,-4.6047794e-05
2.487576e-08,-5.0356158e-05
2.497576e-08,-6.1127068e-05
2.507576e-08,-7.6206342e-05
2.517576e-08,-9.2003676e-05
2.527576e-08,-0.00010492877
2.537576e-08,-0.0001135455
2.547576e-08,-0.00012000804
2.557576e-08,-0.00012647059
2.567576e-08,-0.00013508732
2.577576e-08,-0.00014514017
2.587576e-08,-0.00015447495
2.597576e-08,-0.0001609375
2.607576e-08,-0.00016524586
2.617576e-08,-0.00017027229
2.627576e-08,-0.00017960708
2.637576e-08,-0.00019540441
2.647576e-08,-0.00021551011
2.657576e-08,-0.00023346163
2.667576e-08,-0.00024351448
2.677576e-08,-0.00024136029
2.687576e-08,-0.00022771714
2.697576e-08,-0.00021048369
2.707576e-08,-0.00019684053
2.717576e-08,-0.00019540441
2.727576e-08,-0.00020689338
2.737576e-08,-0.00022771714
2.747576e-08,-0.00024925896
2.757576e-08,-0.00026433824
2.767576e-08,-0.00027080078
2.777576e-08,-0.00027295496
2.787576e-08,-0.00027654527
2.797576e-08,-0.00028731618
2.807576e-08,-0.00030670381
2.817576e-08,-0.00032968176
2.827576e-08,-0.00034906939
2.837576e-08,-0.00035625
2.847576e-08,-0.00035050551
2.857576e-08,-0.0003361443
2.867576e-08,-0.00032034697
2.877576e-08,-0.00031029412
2.887576e-08,-0.000308858
2.897576e-08,-0.00031388442
2.907576e-08,-0.00031962891
2.917576e-08,-0.00032178309
2.927576e-08,-0.00032106503
2.937576e-08,-0.00032106503
2.947576e-08,-0.00032824563
2.957576e-08,-0.00034476103
2.967576e-08,-0.00036773897
2.977576e-08,-0.00038856273
2.987576e-08,-0.00039789752
2.997576e-08,-0.00039071691
3.007576e-08,-0.00036917509
3.017576e-08,-0.00034476103
3.027576e-08,-0.00032968176
3.037576e-08,-0.00033327206
3.047576e-08,-0.00035481388
3.057576e-08,-0.00038497243
3.067576e-08,-0.00040795037
3.077576e-08,-0.00041369485
3.087576e-08,-0.00039861558
3.097576e-08,-0.00037061121
3.107576e-08,-0.00034476103
3.117576e-08,-0.00033327206
3.127576e-08,-0.00034188879
3.137576e-08,-0.00036486673
3.147576e-08,-0.00038928079
3.157576e-08,-0.00040220588
3.167576e-08,-0.00039789752
3.177576e-08,-0.00038066406
3.187576e-08,-0.00036271255
3.197576e-08,-0.00035625
3.207576e-08,-0.00036845703
3.217576e-08,-0.00039430722
3.227576e-08,-0.00042231158
3.237576e-08,-0.00043667279
3.247576e-08,-0.00042949219
3.257576e-08,-0.000403642
3.267576e-08,-0.00036989315
3.277576e-08,-0.00034476103
3.287576e-08,-0.0003397346
3.297576e-08,-0.00035768612
3.307576e-08,-0.00039071691
3.317576e-08,-0.00042518382
3.327576e-08,-0.00044959789
3.337576e-08,-0.00045821461
3.347576e-08,-0.00045462431
3.357576e-08,-0.00044816176
3.367576e-08,-0.0004474437
3.377576e-08,-0.00045677849
3.387576e-08,-0.00047401195
3.397576e-08,-0.00049411765
3.407576e-08,-0.00051063304
3.417576e-08,-0.00052212201
3.427576e-08,-0.00053002068
3.437576e-08,-0.00054007353
3.447576e-08,-0.00055658892
3.457576e-08,-0.00057813074
3.467576e-08,-0.00060182675
3.477576e-08,-0.00062049632
3.487576e-08,-0.00062911305
3.497576e-08,-0.00062839499
3.507576e-08,-0.00062336857
3.517576e-08,-0.00062049632
3.527576e-08,-0.00062552275
3.537576e-08,-0.00064060202
3.547576e-08,-0.00065998966
3.557576e-08,-0.00067794118
3.567576e-08,-0.00068799403
3.577576e-08,-0.00068943015
3.587576e-08,-0.00068368566
3.597576e-08,-0.00067794118
3.607576e-08,-0.00067794118
3.617576e-08,-0.0006865579
3.627576e-08,-0.0007030733
3.637576e-08,-0.00072389706
3.647576e-08,-0.00074400276
3.657576e-08,-0.00076051815
3.667576e-08,-0.00077272518
3.677576e-08,-0.00078134191
3.687576e-08,-0.0007870864
3.697576e-08,-0.00078995864
3.707576e-08,-0.00078780446
3.717576e-08,-0.00078134191
3.727576e-08,-0.000770571
3.737576e-08,-0.00075836397
3.747576e-08,-0.00074902918
3.757576e-08,-0.000746875
3.767576e-08,-0.00075261949
3.777576e-08,-0.0007633904
3.787576e-08,-0.00077487937
3.797576e-08,-0.00078134191
3.807576e-08,-0.00078062385
3.817576e-08,-0.00077200712
3.827576e-08,-0.00075908203
3.837576e-08,-0.000746875
3.847576e-08,-0.00073754021
3.857576e-08,-0.00073323185
3.867576e-08,-0.00073251379
3.877576e-08,-0.00073538603
3.887576e-08,-0.00074041245
3.897576e-08,-0.00074759306
3.907576e-08,-0.00075836397
3.917576e-08,-0.00076985294
3.927576e-08,-0.00078062385
3.937576e-08,-0.00078565028
3.947576e-08,-0.00078205997
3.957576e-08,-0.00076985294
3.967576e-08,-0.00075261949
3.977576e-08,-0.00073682215
3.987576e-08,-0.0007303596
3.997576e-08,-0.00073538603
4.007576e-08,-0.00075118336
4.017576e-08,-0.00077128906
4.027576e-08,-0.00078780446
4.037576e-08,-0.00079283088
4.047576e-08,-0.00078636834
4.057576e-08,-0.00077128906
4.067576e-08,-0.00075620979
4.077576e-08,-0.000746875
4.087576e-08,-0.00074615694
4.097576e-08,-0.00075118336
4.107576e-08,-0.00075692785
4.117576e-08,-0.00075836397
4.127576e-08,-0.00075333755
4.137576e-08,-0.00074472082
4.147576e-08,-0.00073682215
4.157576e-08,-0.00073538603
4.167576e-08,-0.00074184858
4.177576e-08,-0.00075261949
4.187576e-08,-0.0007633904
4.197576e-08,-0.00076985294
4.207576e-08,-0.000770571
4.217576e-08,-0.00076841682
4.227576e-08,-0.000770571
4.237576e-08,-0.00078134191
4.247576e-08,-0.00080072955
4.257576e-08,-0.00082370749
4.267576e-08,-0.00084237707
4.277576e-08,-0.00085027574
4.287576e-08,-0.00084524931
4.297576e-08,-0.00083160616
4.307576e-08,-0.00081868107
4.317576e-08,-0.00081580882
4.327576e-08,-0.00082801585
4.337576e-08,-0.00085314798
4.347576e-08,-0.00088258847
4.357576e-08,-0.00090772059
4.367576e-08,-0.00091992762
4.377576e-08,-0.0009184915
4.387576e-08,-0.00090772059
4.397576e-08,-0.00089623162
4.407576e-08,-0.00089048713
4.417576e-08,-0.0008947955
4.427576e-08,-0.00090556641
4.437576e-08,-0.00091920956
4.447576e-08,-0.00092998047
4.457576e-08,-0.00093572495
4.467576e-08,-0.00093787914
4.477576e-08,-0.0009421875
4.487576e-08,-0.00095152229
4.497576e-08,-0.00096875574
4.507576e-08,-0.0009895795
4.517576e-08,-0.0010111213
4.527576e-08,-0.0010269187
4.537576e-08,-0.0010333812
4.547576e-08,-0.001031227
4.557576e-08,-0.0010226103
4.567576e-08,-0.0010111213
4.577576e-08,-0.0010003504
4.587576e-08,-0.00099245175
4.597576e-08,-0.00098814338
4.607576e-08,-0.00098742532
4.617576e-08,-0.00099101563
4.627576e-08,-0.00099891429
4.637576e-08,-0.0010111213
4.647576e-08,-0.0010262006
4.657576e-08,-0.0010412799
4.667576e-08,-0.0010527688
4.677576e-08,-0.0010570772
4.687576e-08,-0.001054205
4.697576e-08,-0.0010470244
4.707576e-08,-0.0010391257
4.717576e-08,-0.0010340993
4.727576e-08,-0.0010348173
4.737576e-08,-0.0010405618
4.747576e-08,-0.0010484605
4.757576e-08,-0.0010570772
4.767576e-08,-0.0010635398
4.777576e-08,-0.0010685662
4.787576e-08,-0.0010735926
4.797576e-08,-0.0010800551
4.807576e-08,-0.0010893899
4.817576e-08,-0.0010994428
4.827576e-08,-0.0011080595
4.837576e-08,-0.0011145221
4.847576e-08,-0.0011181124
4.857576e-08,-0.0011217027
4.867576e-08,-0.0011274472
4.877576e-08,-0.0011375
4.887576e-08,-0.0011511432
4.897576e-08,-0.0011640682
4.907576e-08,-0.001172685
4.917576e-08,-0.0011719669
4.927576e-08,-0.0011626321
4.937576e-08,-0.0011482709
4.947576e-08,-0.0011339097
4.957576e-08,-0.001126011
4.967576e-08,-0.0011274472
4.977576e-08,-0.0011367819
4.987576e-08,-0.001149707
4.997576e-08,-0.0011604779
5.007576e-08,-0.0011662224
5.017576e-08,-0.0011662224
5.027576e-08,-0.0011626321
5.037576e-08,-0.0011604779
5.047576e-08,-0.0011619141
5.057576e-08,-0.0011662224
5.067576e-08,-0.0011712489
5.077576e-08,-0.0011719669
5.087576e-08,-0.0011655044
5.097576e-08,-0.0011518612
5.107576e-08,-0.0011339097
5.117576e-08,-0.0011145221
5.127576e-08,-0.0010994428
5.137576e-08,-0.0010908261
5.147576e-08,-0.0010886719
5.157576e-08,-0.0010915441
5.167576e-08,-0.0010965705
5.177576e-08,-0.001101597
5.187576e-08,-0.0011044692
5.197576e-08,-0.0011030331
5.207576e-08,-0.0010980067
5.217576e-08,-0.0010893899
5.227576e-08,-0.001078619
5.237576e-08,-0.0010685662
5.247576e-08,-0.0010613856
5.257576e-08,-0.0010592314
5.267576e-08,-0.0010621036
5.277576e-08,-0.0010685662
5.287576e-08,-0.0010743107
5.297576e-08,-0.0010750287
5.307576e-08,-0.0010685662
5.317576e-08,-0.0010570772
5.327576e-08,-0.0010455882
5.337576e-08,-0.0010412799
5.347576e-08,-0.0010484605
5.357576e-08,-0.0010685662
5.367576e-08,-0.0010951344
5.377576e-08,-0.0011209846
5.387576e-08,-0.0011360639
5.397576e-08,-0.0011375
5.407576e-08,-0.0011274472
5.417576e-08,-0.0011123679
5.427576e-08,-0.001102315
5.437576e-08,-0.0011030331
5.447576e-08,-0.0011145221
5.457576e-08,-0.0011310375
5.467576e-08,-0.0011446806
5.477576e-08,-0.001148989
5.487576e-08,-0.0011425264
5.497576e-08,-0.0011288833
5.507576e-08,-0.0011173943
5.517576e-08,-0.0011145221
5.527576e-08,-0.0011217027
5.537576e-08,-0.0011360639
5.547576e-08,-0.0011511432
5.557576e-08,-0.0011604779
5.567576e-08,-0.0011619141
5.577576e-08,-0.0011583238
5.587576e-08,-0.0011561696
5.597576e-08,-0.0011604779
5.607576e-08,-0.0011719669
5.617576e-08,-0.0011863281
5.627576e-08,-0.001196381
5.637576e-08,-0.0011949449
5.647576e-08,-0.0011820198
5.657576e-08,-0.0011619141
5.667576e-08,-0.0011439625
5.677576e-08,-0.0011375
5.687576e-08,-0.0011468348
5.697576e-08,-0.0011690947
5.707576e-08,-0.001196381
5.717576e-08,-0.0012179228
5.727576e-08,-0.0012279756
5.737576e-08,-0.0012272576
5.747576e-08,-0.0012215131
5.757576e-08,-0.0012179228
5.767576e-08,-0.0012236673
5.777576e-08,-0.0012380285
5.787576e-08,-0.0012581342
5.797576e-08,-0.0012753676
5.807576e-08,-0.0012847024
5.817576e-08,-0.0012847024
5.827576e-08,-0.001278958
5.837576e-08,-0.0012753676
5.847576e-08,-0.001278958
5.857576e-08,-0.001291883
5.867576e-08,-0.0013119887
5.877576e-08,-0.0013328125
5.887576e-08,-0.0013493279
5.897576e-08,-0.0013579446
5.907576e-08,-0.0013586627
5.917576e-08,-0.0013557904
5.927576e-08,-0.0013522001
5.937576e-08,-0.001350764
5.947576e-08,-0.0013522001
5.957576e-08,-0.0013557904
5.967576e-08,-0.0013608169
5.977576e-08,-0.0013679975
5.987576e-08,-0.0013773323
5.997576e-08,-0.0013902574
6.007576e-08,-0.0014046186
6.017576e-08,-0.0014175437
6.027576e-08,-0.0014247243
6.037576e-08,-0.0014247243
6.047576e-08,-0.0014182617
6.057576e-08,-0.0014082089
6.067576e-08,-0.0014010283
6.077576e-08,-0.0014017463
6.087576e-08,-0.0014110811
6.097576e-08,-0.0014268784
6.107576e-08,-0.00144483
6.117576e-08,-0.0014591912
6.127576e-08,-0.001468526
6.137576e-08,-0.0014728343
6.147576e-08,-0.0014764246
6.157576e-08,-0.0014821691
6.167576e-08,-0.0014907858
6.177576e-08,-0.0014994026
6.187576e-08,-0.0015058651
6.197576e-08,-0.0015051471
6.207576e-08,-0.0014979665
6.217576e-08,-0.0014864775
6.227576e-08,-0.0014757066
6.237576e-08,-0.0014706801
6.247576e-08,-0.0014728343
6.257576e-08,-0.0014800149
6.267576e-08,-0.0014879136
6.277576e-08,-0.0014936581
6.287576e-08,-0.0014950942
6.297576e-08,-0.00149294
6.307576e-08,-0.0014915039
6.317576e-08,-0.0014936581
6.327576e-08,-0.0014994026
6.337576e-08,-0.0015073012
6.347576e-08,-0.0015137638
6.357576e-08,-0.001516636
6.367576e-08,-0.001515918
6.377576e-08,-0.0015151999
6.387576e-08,-0.0015187902
6.397576e-08,-0.001528125
6.407576e-08,-0.0015432043
6.417576e-08,-0.0015590016
6.427576e-08,-0.0015697725
6.437576e-08,-0.0015740809
6.447576e-08,-0.0015719267
6.457576e-08,-0.0015697725
6.467576e-08,-0.0015726448
6.477576e-08,-0.0015855699
6.487576e-08,-0.0016063936
6.497576e-08,-0.0016293716
6.507576e-08,-0.0016473231
6.517576e-08,-0.0016545037
6.527576e-08,-0.0016516314
6.537576e-08,-0.0016458869
6.547576e-08,-0.0016444508
6.557576e-08,-0.0016545037
6.567576e-08,-0.0016767636
6.577576e-08,-0.0017047679
6.587576e-08,-0.0017306181
6.597576e-08,-0.0017464154
6.607576e-08,-0.0017500057
6.617576e-08,-0.0017456974
6.627576e-08,-0.001741389
6.637576e-08,-0.0017464154
6.647576e-08,-0.0017622128
6.657576e-08,-0.0017859088
6.667576e-08,-0.0018096048
6.677576e-08,-0.0018268382
6.687576e-08,-0.0018347369
6.697576e-08,-0.001836173
6.707576e-08,-0.0018390453
6.717576e-08,-0.0018498162
6.727576e-08,-0.0018699219
6.737576e-08,-0.001895054
6.747576e-08,-0.0019180319
6.757576e-08,-0.001930239
6.767576e-08,-0.0019288028
6.777576e-08,-0.0019173139
6.787576e-08,-0.0019036707
6.797576e-08,-0.0018957721
6.807576e-08,-0.0018986443
6.817576e-08,-0.0019108513
6.827576e-08,-0.0019273667
6.837576e-08,-0.0019417279
6.847576e-08,-0.0019510627
6.857576e-08,-0.0019575253
6.867576e-08,-0.0019647059
6.877576e-08,-0.0019761949
6.887576e-08,-0.0019905561
6.897576e-08,-0.0020041992
6.907576e-08,-0.0020077895
6.917576e-08,-0.0019991728
6.927576e-08,-0.0019790671
6.937576e-08,-0.0019553711
6.947576e-08,-0.0019395738
6.957576e-08,-0.0019417279
6.967576e-08,-0.0019632698
6.977576e-08,-0.0019991728
6.987576e-08,-0.0020379481
6.997576e-08,-0.0020681066
7.007576e-08,-0.002084622
7.017576e-08,-0.0020874943
7.027576e-08,-0.002083904
7.037576e-08,-0.0020795956
7.047576e-08,-0.0020781595
7.057576e-08,-0.0020767233
7.067576e-08,-0.0020709789
7.077576e-08,-0.0020566176
7.087576e-08,-0.0020350758
7.097576e-08,-0.002013534
7.107576e-08,-0.0020027631
7.117576e-08,-0.0020106618
7.127576e-08,-0.0020386661
7.137576e-08,-0.0020795956
7.147576e-08,-0.002119807
7.157576e-08,-0.0021485294
7.167576e-08,-0.0021593003
7.177576e-08,-0.002154992
7.187576e-08,-0.002144221
7.197576e-08,-0.0021370404
7.207576e-08,-0.0021391946
7.217576e-08,-0.0021499655
7.227576e-08,-0.0021628906
7.237576e-08,-0.0021715074
7.247576e-08,-0.0021743796
7.257576e-08,-0.0021736615
7.267576e-08,-0.002178688
7.277576e-08,-0.0021944853
7.287576e-08,-0.0022224897
7.297576e-08,-0.0022555205
7.307576e-08,-0.0022842429
7.317576e-08,-0.002297886
7.327576e-08,-0.0022935777
7.337576e-08,-0.0022749081
7.347576e-08,-0.0022533663
7.357576e-08,-0.0022404412
7.367576e-08,-0.0022418773
7.377576e-08,-0.0022562385
7.387576e-08,-0.0022777803
7.397576e-08,-0.002297886
7.407576e-08,-0.0023129653
7.417576e-08,-0.0023244543
7.427576e-08,-0.0023366613
7.437576e-08,-0.0023553309
7.447576e-08,-0.0023797449
7.457576e-08,-0.0024048771
7.467576e-08,-0.0024213925
7.477576e-08,-0.0024242647
7.487576e-08,-0.0024127757
7.497576e-08,-0.0023955423
7.507576e-08,-0.0023840533
7.517576e-08,-0.0023897978
7.527576e-08,-0.0024149299
7.537576e-08,-0.0024551413
7.547576e-08,-0.0024960708
7.557576e-08,-0.0025276654
7.567576e-08,-0.0025420267
7.577576e-08,-0.0025413086
7.587576e-08,-0.0025334099
7.597576e-08,-0.0025276654
7.607576e-08,-0.0025298196
7.617576e-08,-0.0025391544
7.627576e-08,-0.0025484892
7.637576e-08,-0.0025506434
7.647576e-08,-0.0025441808
7.657576e-08,-0.0025312557
7.667576e-08,-0.0025197668
7.677576e-08,-0.0025161765
7.687576e-08,-0.002521921
7.697576e-08,-0.0025305377
7.707576e-08,-0.002534846
7.717576e-08,-0.0025276654
7.727576e-08,-0.0025075597
7.737576e-08,-0.0024824276
7.747576e-08,-0.002463758
7.757576e-08,-0.0024587316
7.767576e-08,-0.0024702206
7.777576e-08,-0.0024896082
7.787576e-08,-0.0025054056
7.797576e-08,-0.0025046875
7.807576e-08,-0.0024838637
7.817576e-08,-0.0024493968
7.827576e-08,-0.0024134938
7.837576e-08,-0.0023897978
7.847576e-08,-0.0023840533
7.857576e-08,-0.0023941062
7.867576e-08,-0.0024070313
7.877576e-08,-0.0024127757
7.887576e-08,-0.0024034409
7.897576e-08,-0.0023818991
7.907576e-08,-0.0023582031
7.917576e-08,-0.0023438419
7.927576e-08,-0.002345278
7.937576e-08,-0.0023596392
7.947576e-08,-0.0023790269
7.957576e-08,-0.0023897978
7.967576e-08,-0.0023847714
7.977576e-08,-0.0023639476
7.987576e-08,-0.0023352252
7.997576e-08,-0.002309375
8.007576e-08,-0.0022942957
8.017576e-08,-0.0022907054
8.027576e-08,-0.0022942957
8.037576e-08,-0.002297886
8.047576e-08,-0.0022957318
8.057576e-08,-0.0022892693
8.067576e-08,-0.0022835248
8.077576e-08,-0.0022863971
8.087576e-08,-0.0023014763
8.097576e-08,-0.0023287626
8.107576e-08,-0.0023603573
8.117576e-08,-0.0023897978
8.127576e-08,-0.0024099035
8.137576e-08,-0.0024206744
8.147576e-08,-0.0024235466
8.157576e-08,-0.0024242647
8.167576e-08,-0.0024242647
8.177576e-08,-0.0024235466
8.187576e-08,-0.0024199563
8.197576e-08,-0.0024127757
8.207576e-08,-0.0024048771
8.217576e-08,-0.0024020048
8.227576e-08,-0.0024113396
8.237576e-08,-0.0024357537
8.247576e-08,-0.0024716567
8.257576e-08,-0.0025075597
8.267576e-08,-0.0025334099
8.277576e-08,-0.0025391544
8.287576e-08,-0.0025262293
8.297576e-08,-0.0025039694
8.307576e-08,-0.0024852999
8.317576e-08,-0.0024817096
8.327576e-08,-0.0024975069
8.337576e-08,-0.0025255113
8.347576e-08,-0.0025549517
8.357576e-08,-0.0025736213
8.367576e-08,-0.0025764936
8.377576e-08,-0.0025671588
8.387576e-08,-0.0025549517
8.397576e-08,-0.0025506434
8.407576e-08,-0.002558542
8.417576e-08,-0.0025750574
8.427576e-08,-0.0025908548
8.437576e-08,-0.0025965993
8.447576e-08,-0.0025879825
8.457576e-08,-0.002570031
8.467576e-08,-0.0025499253
8.477576e-08,-0.0025391544
8.487576e-08,-0.0025413086
8.497576e-08,-0.0025535156
8.507576e-08,-0.0025671588
8.517576e-08,-0.0025736213
8.527576e-08,-0.002570031
8.537576e-08,-0.0025592601
8.547576e-08,-0.0025506434
8.557576e-08,-0.0025506434
8.567576e-08,-0.0025621324
8.577576e-08,-0.0025800839
8.587576e-08,-0.0025951631
8.597576e-08,-0.0025965993
8.607576e-08,-0.0025822381
8.617576e-08,-0.0025571059
8.627576e-08,-0.0025319738
8.637576e-08,-0.0025161765
8.647576e-08,-0.0025154584
8.657576e-08,-0.0025247932
8.667576e-08,-0.0025362822
8.677576e-08,-0.0025391544
8.687576e-08,-0.0025298196
8.697576e-08,-0.0025125862
8.707576e-08,-0.0024967888
8.717576e-08,-0.0024931985
8.727576e-08,-0.0025046875
8.737576e-08,-0.0025255113
8.747576e-08,-0.0025448989
8.757576e-08,-0.0025506434
8.767576e-08,-0.0025362822
8.777576e-08,-0.0025068417
8.787576e-08,-0.0024723748
8.797576e-08,-0.0024472426
8.807576e-08,-0.0024407801
8.817576e-08,-0.0024544233
8.827576e-08,-0.0024795554
8.837576e-08,-0.0025046875
8.847576e-08,-0.002521921
8.857576e-08,-0.0025276654
8.867576e-08,-0.0025276654
8.877576e-08,-0.0025276654
8.887576e-08,-0.002534128
8.897576e-08,-0.0025477711
8.907576e-08,-0.0025628504
8.917576e-08,-0.0025736213
8.927576e-08,-0.0025757755
8.937576e-08,-0.0025707491
8.947576e-08,-0.0025635685
8.957576e-08,-0.0025621324
8.967576e-08,-0.002569313
8.977576e-08,-0.0025851103
8.987576e-08,-0.0026037799
8.997576e-08,-0.0026195772
9.007576e-08,-0.0026296301
9.017576e-08,-0.0026353745
9.027576e-08,-0.0026418371
9.037576e-08,-0.0026540441
9.047576e-08,-0.0026741498
9.057576e-08,-0.0026985639
9.067576e-08,-0.0027208238
9.077576e-08,-0.0027344669
9.087576e-08,-0.0027380572
9.097576e-08,-0.002735185
9.107576e-08,-0.0027315947
9.117576e-08,-0.0027344669
9.127576e-08,-0.0027445198
9.137576e-08,-0.0027581629
9.147576e-08,-0.0027682158
9.157576e-08,-0.0027689338
9.167576e-08,-0.002759599
9.177576e-08,-0.0027452378
9.187576e-08,-0.0027337489
9.197576e-08,-0.0027344669
9.207576e-08,-0.0027481101
9.217576e-08,-0.0027703699
9.227576e-08,-0.0027911937
9.237576e-08,-0.0028034007
9.247576e-08,-0.0028019646
9.257576e-08,-0.0027911937
9.267576e-08,-0.0027775506
9.277576e-08,-0.0027689338
9.287576e-08,-0.0027674977
9.297576e-08,-0.0027703699
9.307576e-08,-0.0027689338
9.317576e-08,-0.0027574449
9.327576e-08,-0.002735185
9.337576e-08,-0.0027071806
9.347576e-08,-0.0026849207
9.357576e-08,-0.0026770221
9.367576e-08,-0.0026863568
9.377576e-08,-0.0027086167
9.387576e-08,-0.0027323127
9.397576e-08,-0.0027459559
9.407576e-08,-0.0027445198
9.417576e-08,-0.0027301585
9.427576e-08,-0.002711489
9.437576e-08,-0.0027
9.447576e-08,-0.0027021542
9.457576e-08,-0.0027172335
9.467576e-08,-0.0027387753
9.477576e-08,-0.0027574449
9.487576e-08,-0.0027682158
9.497576e-08,-0.0027718061
9.507576e-08,-0.0027732422
9.517576e-08,-0.0027804228
9.527576e-08,-0.0027969382
9.537576e-08,-0.0028206342
9.547576e-08,-0.0028450483
9.557576e-08,-0.0028608456
9.567576e-08,-0.0028644359
9.577576e-08,-0.0028565372
9.587576e-08,-0.0028450483
9.597576e-08,-0.0028378676
9.607576e-08,-0.002841458
9.617576e-08,-0.002854383
9.627576e-08,-0.0028716165
9.637576e-08,-0.0028838235
9.647576e-08,-0.0028866958
9.657576e-08,-0.0028795152
9.667576e-08,-0.0028680262
9.677576e-08,-0.0028608456
9.687576e-08,-0.0028637178
9.697576e-08,-0.002877361
9.707576e-08,-0.0028981847
9.717576e-08,-0.0029182904
9.727576e-08,-0.0029319336
9.737576e-08,-0.002936242
9.747576e-08,-0.0029340878
9.757576e-08,-0.0029297794
9.767576e-08,-0.0029276252
9.777576e-08,-0.0029276252
9.787576e-08,-0.0029297794
9.797576e-08,-0.0029297794
9.807576e-08,-0.0029261891
9.817576e-08,-0.0029190085
9.827576e-08,-0.0029118279
9.837576e-08,-0.0029068015
9.847576e-08,-0.0029053653
9.857576e-08,-0.0029053653
9.867576e-08,-0.0029032112
9.877576e-08,-0.0028953125
9.887576e-08,-0.0028816693
9.897576e-08,-0.002865872
9.907576e-08,-0.002853665
9.917576e-08,-0.0028493566
9.927576e-08,-0.0028551011
9.937576e-08,-0.0028680262
9.947576e-08,-0.0028831055
9.957576e-08,-0.0028953125
9.967576e-08,-0.0029032112
9.977576e-08,-0.0029089557
9.987576e-08,-0.0029168543
9.997576e-08,-0.0029297794
1.000758e-07,-0.002949167
1.001758e-07,-0.0029707089
1.002758e-07,-0.0029886604
1.003758e-07,-0.0029987132
1.004758e-07,-0.0029987132
1.005758e-07,-0.0029929687
1.006758e-07,-0.0029872243
1.007758e-07,-0.0029872243
1.008758e-07,-0.0029944049
1.009758e-07,-0.0030058938
1.010758e-07,-0.0030166648
1.011758e-07,-0.0030216912
1.012758e-07,-0.003019537
1.013758e-07,-0.0030137925
1.014758e-07,-0.0030087661
1.015758e-07,-0.0030102022
1.016758e-07,-0.0030188189
1.017758e-07,-0.003031026
1.018758e-07,-0.0030410788
1.019758e-07,-0.0030446691
1.020758e-07,-0.0030403608
1.021758e-07,-0.003031744
1.022758e-07,-0.0030238454
1.023758e-07,-0.0030216912
1.024758e-07,-0.0030245634
1.025758e-07,-0.0030288718
1.026758e-07,-0.0030295898
1.027758e-07,-0.0030216912
1.028758e-07,-0.00300733
1.029758e-07,-0.0029915326
1.030758e-07,-0.0029829159
1.031758e-07,-0.0029872243
1.032758e-07,-0.0030037397
1.033758e-07,-0.0030267176
1.034758e-07,-0.0030461052
1.035758e-07,-0.0030561581
1.036758e-07,-0.0030540039
1.037758e-07,-0.0030446691
1.038758e-07,-0.0030353343
1.039758e-07,-0.0030331801
1.040758e-07,-0.0030389246
1.041758e-07,-0.0030489775
1.042758e-07,-0.0030568761
1.043758e-07,-0.0030561581
1.044758e-07,-0.0030482594
1.045758e-07,-0.0030403608
1.046758e-07,-0.0030403608
1.047758e-07,-0.0030561581
1.048758e-07,-0.0030863166
1.049758e-07,-0.0031236558
1.050758e-07,-0.0031552505
1.051758e-07,-0.0031710478
1.052758e-07,-0.0031688936
1.053758e-07,-0.0031530963
1.054758e-07,-0.0031351448
1.055758e-07,-0.0031250919
1.056758e-07,-0.0031279642
1.057758e-07,-0.0031408892
1.058758e-07,-0.0031545324
1.059758e-07,-0.0031595588
1.060758e-07,-0.0031530963
1.061758e-07,-0.0031394531
1.062758e-07,-0.0031272461
1.063758e-07,-0.0031250919
1.064758e-07,-0.0031372989
1.065758e-07,-0.0031602769
1.066758e-07,-0.0031825368
1.067758e-07,-0.0031940257
1.068758e-07,-0.0031897174
1.069758e-07,-0.0031724839
1.070758e-07,-0.0031516602
1.071758e-07,-0.0031365809
1.072758e-07,-0.0031344267
1.073758e-07,-0.0031444795
1.074758e-07,-0.0031595588
1.075758e-07,-0.0031710478
1.076758e-07,-0.003173202
1.077758e-07,-0.0031674575
1.078758e-07,-0.0031602769
1.079758e-07,-0.0031595588
1.080758e-07,-0.0031703297
1.081758e-07,-0.0031911535
1.082758e-07,-0.0032134134
1.083758e-07,-0.0032284926
1.084758e-07,-0.0032313649
1.085758e-07,-0.0032220301
1.086758e-07,-0.0032062328
1.087758e-07,-0.0031940257
1.088758e-07,-0.0031897174
1.089758e-07,-0.0031954619
1.090758e-07,-0.0032062328
1.091758e-07,-0.0032170037
1.092758e-07,-0.0032241843
1.093758e-07,-0.0032299288
1.094758e-07,-0.0032371094
1.095758e-07,-0.0032514706
1.096758e-07,-0.0032737305
1.097758e-07,-0.0032995807
1.098758e-07,-0.0033211225
1.099758e-07,-0.0033318934
1.100758e-07,-0.0033290211
1.101758e-07,-0.003316096
1.102758e-07,-0.0033024529
1.103758e-07,-0.0032974265
1.104758e-07,-0.0033060432
1.105758e-07,-0.0033254308
1.106758e-07,-0.0033491268
1.107758e-07,-0.0033663603
1.108758e-07,-0.0033713867
1.109758e-07,-0.0033649242
1.110758e-07,-0.0033527171
1.111758e-07,-0.0033433824
1.112758e-07,-0.0033441004
1.113758e-07,-0.0033555894
1.114758e-07,-0.0033728228
1.115758e-07,-0.0033893382
1.116758e-07,-0.003398673
1.117758e-07,-0.003398673
1.118758e-07,-0.0033936466
1.119758e-07,-0.0033893382
1.120758e-07,-0.0033907744
1.121758e-07,-0.003398673
1.122758e-07,-0.0034115981
1.123758e-07,-0.0034238051
1.124758e-07,-0.0034324219
1.125758e-07,-0.0034352941
1.126758e-07,-0.0034352941
1.127758e-07,-0.0034352941
1.128758e-07,-0.0034381664
1.129758e-07,-0.0034446289
1.130758e-07,-0.0034518095
1.131758e-07,-0.0034582721
1.132758e-07,-0.0034625804
1.133758e-07,-0.0034661707
1.134758e-07,-0.0034719152
1.135758e-07,-0.00348125
1.136758e-07,-0.0034941751
1.137758e-07,-0.0035071002
1.138758e-07,-0.0035157169
1.139758e-07,-0.0035157169
1.140758e-07,-0.0035078182
1.141758e-07,-0.0034956112
1.142758e-07,-0.0034848403
1.143758e-07,-0.00348125
1.144758e-07,-0.0034862764
1.145758e-07,-0.0034970473
1.146758e-07,-0.0035085363
1.147758e-07,-0.0035157169
1.148758e-07,-0.003516435
1.149758e-07,-0.0035128447
1.150758e-07,-0.0035078182
1.151758e-07,-0.0035042279
1.152758e-07,-0.0035027918
1.153758e-07,-0.0035006376
1.154758e-07,-0.0034941751
1.155758e-07,-0.00348125
1.156758e-07,-0.0034640165
1.157758e-07,-0.0034489373
1.158758e-07,-0.0034424747
1.159758e-07,-0.0034467831
1.160758e-07,-0.0034611443
1.161758e-07,-0.0034769416
1.162758e-07,-0.0034862764
1.163758e-07,-0.00348125
1.164758e-07,-0.0034618624
1.165758e-07,-0.0034345761
1.166758e-07,-0.0034072898
1.167758e-07,-0.0033893382
1.168758e-07,-0.0033821576
1.169758e-07,-0.0033814396
1.170758e-07,-0.0033785673
1.171758e-07,-0.0033663603
1.172758e-07,-0.0033426643
1.173758e-07,-0.0033117877
1.174758e-07,-0.0032823472
1.175758e-07,-0.0032629596
1.176758e-07,-0.0032579331
1.177758e-07,-0.0032643957
1.178758e-07,-0.0032766027
1.179758e-07,-0.0032859375
1.180758e-07,-0.0032888097
1.181758e-07,-0.0032852194
1.182758e-07,-0.003279475
1.183758e-07,-0.0032744485
1.184758e-07,-0.0032715763
1.185758e-07,-0.0032694221
1.186758e-07,-0.0032629596
1.187758e-07,-0.0032514706
1.188758e-07,-0.0032378274
1.189758e-07,-0.0032284926
1.190758e-07,-0.003232083
1.191758e-07,-0.0032514706
1.192758e-07,-0.0032837833
1.193758e-07,-0.0033196864
1.194758e-07,-0.0033462546
1.195758e-07,-0.0033548713
1.196758e-07,-0.0033441004
1.197758e-07,-0.0033204044
1.198758e-07,-0.0032974265
1.199758e-07,-0.0032859375
1.200758e-07,-0.0032902459
1.201758e-07,-0.0033067613
1.202758e-07,-0.003327585
1.203758e-07,-0.0033433824
1.204758e-07,-0.003350563
1.205758e-07,-0.0033519991
1.206758e-07,-0.0033548713
1.207758e-07,-0.0033663603
1.208758e-07,-0.003386466
1.209758e-07,-0.0034087259
1.210758e-07,-0.0034238051
1.211758e-07,-0.0034238051
1.212758e-07,-0.0034065717
1.213758e-07,-0.0033792854
1.214758e-07,-0.0033541533
1.215758e-07,-0.0033433824
1.216758e-07,-0.003350563
1.217758e-07,-0.0033721048
1.218758e-07,-0.0033965188
1.219758e-07,-0.0034123162
1.220758e-07,-0.0034123162
1.221758e-07,-0.003398673
1.222758e-07,-0.0033800034
1.223758e-07,-0.0033663603
1.224758e-07,-0.0033642061
1.225758e-07,-0.0033721048
1.226758e-07,-0.0033835938
1.227758e-07,-0.0033893382
1.228758e-07,-0.0033857479
1.229758e-07,-0.003374977
1.230758e-07,-0.0033656422
1.231758e-07,-0.0033663603
1.232758e-07,-0.0033814396
1.233758e-07,-0.0034080078
1.234758e-07,-0.0034367302
1.235758e-07,-0.0034582721
1.236758e-07,-0.0034661707
1.237758e-07,-0.0034611443
1.238758e-07,-0.0034510915
1.239758e-07,-0.0034467831
1.240758e-07,-0.0034539637
1.241758e-07,-0.0034719152
1.242758e-07,-0.0034956112
1.243758e-07,-0.0035157169
1.244758e-07,-0.0035264878
1.245758e-07,-0.0035279239
1.246758e-07,-0.0035257698
1.247758e-07,-0.0035272059
1.248758e-07,-0.0035365407
1.249758e-07,-0.0035537741
1.250758e-07,-0.0035717256
1.251758e-07,-0.0035846507
1.252758e-07,-0.003587523
1.253758e-07,-0.0035810604
1.254758e-07,-0.0035738798
1.255758e-07,-0.0035731618
1.256758e-07,-0.0035853688
1.257758e-07,-0.0036090648
1.258758e-07,-0.0036385053
1.259758e-07,-0.0036650735
1.260758e-07,-0.0036808709
1.261758e-07,-0.0036851792
1.262758e-07,-0.0036815889
1.263758e-07,-0.0036765625
1.264758e-07,-0.0036765625
1.265758e-07,-0.003683025
1.266758e-07,-0.0036923598
1.267758e-07,-0.0036995404
1.268758e-07,-0.0037002585
1.269758e-07,-0.0036952321
1.270758e-07,-0.0036887695
1.271758e-07,-0.0036880515
1.272758e-07,-0.0036981043
1.273758e-07,-0.0037189281
1.274758e-07,-0.0037447783
1.275758e-07,-0.0037684743
1.276758e-07,-0.0037821174
1.277758e-07,-0.0037835535
1.278758e-07,-0.0037763729
1.279758e-07,-0.0037684743
1.280758e-07,-0.0037670381
1.281758e-07,-0.0037778091
1.282758e-07,-0.0037993509
1.283758e-07,-0.0038259191
1.284758e-07,-0.0038503332
1.285758e-07,-0.0038668486
1.286758e-07,-0.0038733111
1.287758e-07,-0.003871875
1.288758e-07,-0.0038661305
1.289758e-07,-0.0038611041
1.290758e-07,-0.003859668
1.291758e-07,-0.003860386
1.292758e-07,-0.0038625402
1.293758e-07,-0.0038639763
1.294758e-07,-0.0038625402
1.295758e-07,-0.003860386
1.296758e-07,-0.0038582318
1.297758e-07,-0.0038589499
1.298758e-07,-0.0038632583
1.299758e-07,-0.003871875
1.300758e-07,-0.003883364
1.301758e-07,-0.0038962891
1.302758e-07,-0.0039084961
1.303758e-07,-0.0039178309
1.304758e-07,-0.0039228573
1.305758e-07,-0.0039242934
1.306758e-07,-0.0039221392
1.307758e-07,-0.0039178309
1.308758e-07,-0.0039142406
1.309758e-07,-0.0039135225
1.310758e-07,-0.0039149586
1.311758e-07,-0.0039178309
1.312758e-07,-0.0039199851
1.313758e-07,-0.0039207031
1.314758e-07,-0.0039185489
1.315758e-07,-0.0039178309
1.316758e-07,-0.0039214212
1.317758e-07,-0.0039329102
1.318758e-07,-0.0039522978
1.319758e-07,-0.0039752757
1.320758e-07,-0.0039953814
1.321758e-07,-0.0040054343
1.322758e-07,-0.004001844
1.323758e-07,-0.0039867647
1.324758e-07,-0.0039680951
1.325758e-07,-0.00395517
1.326758e-07,-0.0039573242
1.327758e-07,-0.0039752757
1.328758e-07,-0.0040039982
1.329758e-07,-0.0040327206
1.330758e-07,-0.0040513902
1.331758e-07,-0.0040556985
1.332758e-07,-0.0040485179
1.333758e-07,-0.004037747
1.334758e-07,-0.0040348748
1.335758e-07,-0.0040442096
1.336758e-07,-0.0040650333
1.337758e-07,-0.0040880113
1.338758e-07,-0.0041030905
1.339758e-07,-0.0041016544
1.340758e-07,-0.0040837029
1.341758e-07,-0.0040571347
1.342758e-07,-0.0040327206
1.343758e-07,-0.0040212316
1.344758e-07,-0.00402554
1.345758e-07,-0.0040427734
1.346758e-07,-0.0040628791
1.347758e-07,-0.0040786765
1.348758e-07,-0.0040858571
1.349758e-07,-0.0040858571
1.350758e-07,-0.004085139
1.351758e-07,-0.0040901654
1.352758e-07,-0.0041009364
1.353758e-07,-0.0041145795
1.354758e-07,-0.0041239143
1.355758e-07,-0.0041246324
1.356758e-07,-0.0041160156
1.357758e-07,-0.0041045267
1.358758e-07,-0.004097346
1.359758e-07,-0.0041016544
1.360758e-07,-0.0041167337
1.361758e-07,-0.0041354033
1.362758e-07,-0.0041483284
1.363758e-07,-0.0041476103
1.364758e-07,-0.004132531
1.365758e-07,-0.004108835
1.366758e-07,-0.0040880113
1.367758e-07,-0.0040786765
1.368758e-07,-0.0040829848
1.369758e-07,-0.004096628
1.370758e-07,-0.0041102711
1.371758e-07,-0.0041131434
1.372758e-07,-0.0041030905
1.373758e-07,-0.004084421
1.374758e-07,-0.0040657514
1.375758e-07,-0.0040556985
1.376758e-07,-0.0040564166
1.377758e-07,-0.0040643153
1.378758e-07,-0.0040707778
1.379758e-07,-0.0040671875
1.380758e-07,-0.0040528263
1.381758e-07,-0.0040320025
1.382758e-07,-0.0040147691
1.383758e-07,-0.0040097426
1.384758e-07,-0.0040190774
1.385758e-07,-0.0040384651
1.386758e-07,-0.0040571347
1.387758e-07,-0.0040671875
1.388758e-07,-0.0040650333
1.389758e-07,-0.0040542624
1.390758e-07,-0.0040449276
1.391758e-07,-0.0040442096
1.392758e-07,-0.0040542624
1.393758e-07,-0.0040693417
1.394758e-07,-0.0040801126
1.395758e-07,-0.0040786765
1.396758e-07,-0.0040643153
1.397758e-07,-0.0040434915
1.398758e-07,-0.0040298483
1.399758e-07,-0.0040327206
1.400758e-07,-0.0040549805
1.401758e-07,-0.0040880113
1.402758e-07,-0.0041196059
1.403758e-07,-0.0041361213
1.404758e-07,-0.0041310949
1.405758e-07,-0.0041102711
1.406758e-07,-0.004084421
1.407758e-07,-0.0040671875
1.408758e-07,-0.0040671875
1.409758e-07,-0.0040822668
1.410758e-07,-0.0041052447
1.411758e-07,-0.0041246324
1.412758e-07,-0.0041354033
1.413758e-07,-0.0041382755
1.414758e-07,-0.0041397116
1.415758e-07,-0.0041476103
1.416758e-07,-0.0041655618
1.417758e-07,-0.0041899759
1.418758e-07,-0.0042136719
1.419758e-07,-0.0042280331
1.420758e-07,-0.0042309053
1.421758e-07,-0.0042258789
1.422758e-07,-0.0042222886
1.423758e-07,-0.0042280331
1.424758e-07,-0.0042452665
1.425758e-07,-0.0042682445
1.426758e-07,-0.0042883502
1.427758e-07,-0.0042969669
1.428758e-07,-0.0042933766
1.429758e-07,-0.0042833238
1.430758e-07,-0.0042775793
1.431758e-07,-0.0042854779
1.432758e-07,-0.0043077378
1.433758e-07,-0.0043371783
1.434758e-07,-0.0043601563
1.435758e-07,-0.0043659007
1.436758e-07,-0.0043501034
1.437758e-07,-0.0043199449
1.438758e-07,-0.0042905044
1.439758e-07,-0.004273989
1.440758e-07,-0.0042790154
1.441758e-07,-0.0043012753
1.442758e-07,-0.0043307158
1.443758e-07,-0.0043544118
1.444758e-07,-0.0043651827
1.445758e-07,-0.0043651827
1.446758e-07,-0.0043623104
1.447758e-07,-0.0043659007
1.448758e-07,-0.0043802619
1.449758e-07,-0.0044032399
1.450758e-07,-0.0044247817
1.451758e-07,-0.0044348346
1.452758e-07,-0.0044290901
1.453758e-07,-0.0044118566
1.454758e-07,-0.0043910329
1.455758e-07,-0.0043773897
1.456758e-07,-0.0043759536
1.457758e-07,-0.0043838523
1.458758e-07,-0.0043946232
1.459758e-07,-0.0044003676
1.460758e-07,-0.0043982135
1.461758e-07,-0.0043917509
1.462758e-07,-0.0043903148
1.463758e-07,-0.0044003676
1.464758e-07,-0.0044240636
1.465758e-07,-0.0044542222
1.466758e-07,-0.0044800724
1.467758e-07,-0.0044922794
1.468758e-07,-0.004487253
1.469758e-07,-0.0044714557
1.470758e-07,-0.0044542222
1.471758e-07,-0.0044463235
1.472758e-07,-0.0044499138
1.473758e-07,-0.0044599667
1.474758e-07,-0.0044649931
1.475758e-07,-0.0044578125
1.476758e-07,-0.0044362707
1.477758e-07,-0.0044097024
1.478758e-07,-0.0043895967
1.479758e-07,-0.0043888787
1.480758e-07,-0.0044089844
1.481758e-07,-0.0044412971
1.482758e-07,-0.0044700195
1.483758e-07,-0.0044807904
1.484758e-07,-0.0044664292
1.485758e-07,-0.0044326804
1.486758e-07,-0.004393187
1.487758e-07,-0.0043659007
1.488758e-07,-0.0043587201
1.489758e-07,-0.0043702091
1.490758e-07,-0.0043888787
1.491758e-07,-0.0044003676
1.492758e-07,-0.0043960593
1.493758e-07,-0.0043781078
1.494758e-07,-0.0043558479
1.495758e-07,-0.0043429228
1.496758e-07,-0.0043486673
1.497758e-07,-0.0043709272
1.498758e-07,-0.0044010857
1.499758e-07,-0.0044233456
1.500758e-07,-0.0044262178
1.501758e-07,-0.0044068302
1.502758e-07,-0.0043709272
1.503758e-07,-0.0043314338
1.504758e-07,-0.0042991211
1.505758e-07,-0.0042797335
1.506758e-07,-0.0042725528
1.507758e-07,-0.004273989
1.508758e-07,-0.0042782973
1.509758e-07,-0.0042840418
1.510758e-07,-0.0042926585
1.511758e-07,-0.0043084559
1.512758e-07,-0.0043307158
1.513758e-07,-0.0043565659
1.514758e-07,-0.0043781078
1.515758e-07,-0.0043888787
1.516758e-07,-0.0043860064
1.517758e-07,-0.0043716452
1.518758e-07,-0.0043544118
1.519758e-07,-0.0043429228
1.520758e-07,-0.0043407686
1.521758e-07,-0.0043479492
1.522758e-07,-0.0043587201
1.523758e-07,-0.0043659007
1.524758e-07,-0.0043666188
1.525758e-07,-0.0043637466
1.526758e-07,-0.0043608743
1.527758e-07,-0.0043659007
1.528758e-07,-0.0043795439
1.529758e-07,-0.0043982135
1.530758e-07,-0.0044154469
1.531758e-07,-0.0044233456
1.532758e-07,-0.0044204733
1.533758e-07,-0.0044089844
1.534758e-07,-0.0043960593
1.535758e-07,-0.0043888787
1.536758e-07,-0.0043895967
1.537758e-07,-0.0043953412
1.538758e-07,-0.0044010857
1.539758e-07,-0.0044003676
1.540758e-07,-0.004393187
1.541758e-07,-0.0043838523
1.542758e-07,-0.0043802619
1.543758e-07,-0.0043888787
1.544758e-07,-0.0044097024
1.545758e-07,-0.0044348346
1.546758e-07,-0.0044542222
1.547758e-07,-0.0044578125
1.548758e-07,-0.0044412971
1.549758e-07,-0.0044097024
1.550758e-07,-0.0043730813
1.551758e-07,-0.0043429228
1.552758e-07,-0.0043256893
1.553758e-07,-0.004322099
1.554758e-07,-0.0043264074
1.555758e-07,-0.0043314338
1.556758e-07,-0.0043321519
1.557758e-07,-0.0043299977
1.558758e-07,-0.0043285616
1.559758e-07,-0.0043314338
1.560758e-07,-0.0043400506
1.561758e-07,-0.0043486673
1.562758e-07,-0.0043515395
1.563758e-07,-0.0043429228
1.564758e-07,-0.004322099
1.565758e-07,-0.0042955308
1.566758e-07,-0.0042732709
1.567758e-07,-0.0042625
1.568758e-07,-0.0042660903
1.569758e-07,-0.0042790154
1.570758e-07,-0.0042919405
1.571758e-07,-0.0042969669
1.572758e-07,-0.0042905044
1.573758e-07,-0.0042768612
1.574758e-07,-0.0042646542
1.575758e-07,-0.0042625
1.576758e-07,-0.0042725528
1.577758e-07,-0.0042905044
1.578758e-07,-0.0043055836
1.579758e-07,-0.0043084559
1.580758e-07,-0.0042962489
1.581758e-07,-0.0042732709
1.582758e-07,-0.004251011
1.583758e-07,-0.0042395221
1.584758e-07,-0.0042445485
1.585758e-07,-0.0042632181
1.586758e-07,-0.0042847599
1.587758e-07,-0.0042969669
1.588758e-07,-0.0042940947
1.589758e-07,-0.0042768612
1.590758e-07,-0.0042546013
1.591758e-07,-0.0042395221
1.592758e-07,-0.0042395221
1.593758e-07,-0.0042546013
1.594758e-07,-0.0042775793
1.595758e-07,-0.0042969669
1.596758e-07,-0.0043034295
1.597758e-07,-0.0042940947
1.598758e-07,-0.0042732709
1.599758e-07,-0.004251011
1.600758e-07,-0.0042359318
1.601758e-07,-0.0042323415
1.602758e-07,-0.004238804
1.603758e-07,-0.004251011
1.604758e-07,-0.0042625
1.605758e-07,-0.0042718348
1.606758e-07,-0.0042782973
1.607758e-07,-0.0042854779
1.608758e-07,-0.0042969669
1.609758e-07,-0.0043120462
1.610758e-07,-0.0043285616
1.611758e-07,-0.0043429228
1.612758e-07,-0.0043529756
1.613758e-07,-0.0043580021
1.614758e-07,-0.0043615924
1.615758e-07,-0.0043659007
1.616758e-07,-0.0043723633
1.617758e-07,-0.0043802619
1.618758e-07,-0.0043867245
1.619758e-07,-0.0043888787
1.620758e-07,-0.0043874426
1.621758e-07,-0.0043852884
1.622758e-07,-0.0043881606
1.623758e-07,-0.0044003676
1.624758e-07,-0.0044211914
1.625758e-07,-0.0044477597
1.626758e-07,-0.0044736098
1.627758e-07,-0.0044922794
1.628758e-07,-0.0045016142
1.629758e-07,-0.0045016142
1.630758e-07,-0.0044973058
1.631758e-07,-0.0044922794
1.632758e-07,-0.004487253
1.633758e-07,-0.0044807904
1.634758e-07,-0.0044714557
1.635758e-07,-0.0044578125
1.636758e-07,-0.0044434513
1.637758e-07,-0.0044341165
1.638758e-07,-0.0044341165
1.639758e-07,-0.0044463235
1.640758e-07,-0.0044657112
1.641758e-07,-0.0044836627
1.642758e-07,-0.0044908433
1.643758e-07,-0.0044807904
1.644758e-07,-0.0044556583
1.645758e-07,-0.0044233456
1.646758e-07,-0.0043946232
1.647758e-07,-0.0043773897
1.648758e-07,-0.0043745175
1.649758e-07,-0.0043802619
1.650758e-07,-0.0043874426
1.651758e-07,-0.0043888787
1.652758e-07,-0.0043831342
1.653758e-07,-0.0043752355
1.654758e-07,-0.0043716452
1.655758e-07,-0.0043773897
1.656758e-07,-0.0043917509
1.657758e-07,-0.0044075483
1.658758e-07,-0.004416165
1.659758e-07,-0.0044118566
1.660758e-07,-0.0043953412
1.661758e-07,-0.0043737994
1.662758e-07,-0.0043580021
1.663758e-07,-0.0043544118
1.664758e-07,-0.0043637466
1.665758e-07,-0.0043781078
1.666758e-07,-0.0043888787
1.667758e-07,-0.0043888787
1.668758e-07,-0.0043802619
1.669758e-07,-0.0043730813
1.670758e-07,-0.0043773897
1.671758e-07,-0.0044003676
1.672758e-07,-0.004439861
1.673758e-07,-0.0044843807
1.674758e-07,-0.0045166935
1.675758e-07,-0.0045267463
1.676758e-07,-0.0045123851
1.677758e-07,-0.0044850988
1.678758e-07,-0.0044621209
1.679758e-07,-0.0044578125
1.680758e-07,-0.0044772001
1.681758e-07,-0.0045131032
1.682758e-07,-0.0045504423
1.683758e-07,-0.0045727022
1.684758e-07,-0.0045727022
1.685758e-07,-0.0045547507
1.686758e-07,-0.0045310547
1.687758e-07,-0.0045152574
1.688758e-07,-0.0045159754
1.689758e-07,-0.0045310547
1.690758e-07,-0.0045497243
1.691758e-07,-0.0045612132
1.692758e-07,-0.0045590591
1.693758e-07,-0.004546134
1.694758e-07,-0.0045317727
1.695758e-07,-0.0045267463
1.696758e-07,-0.004534645
1.697758e-07,-0.0045518784
1.698758e-07,-0.0045683938
1.699758e-07,-0.0045727022
1.700758e-07,-0.0045604952
1.701758e-07,-0.0045353631
1.702758e-07,-0.0045095129
1.703758e-07,-0.0044922794
1.704758e-07,-0.0044901252
1.705758e-07,-0.0044980239
1.706758e-07,-0.0045059226
1.707758e-07,-0.0045037684
1.708758e-07,-0.0044858169
1.709758e-07,-0.0044570944
1.710758e-07,-0.0044290901
1.711758e-07,-0.0044118566
1.712758e-07,-0.0044111386
1.713758e-07,-0.0044226275
1.714758e-07,-0.0044348346
1.715758e-07,-0.0044348346
1.716758e-07,-0.0044183192
1.717758e-07,-0.0043888787
1.718758e-07,-0.0043594382
1.719758e-07,-0.0043429228
1.720758e-07,-0.0043472312
1.721758e-07,-0.004369491
1.722758e-07,-0.0043996496
1.723758e-07,-0.0044233456
1.724758e-07,-0.0044319623
1.725758e-07,-0.0044240636
1.726758e-07,-0.0044061121
1.727758e-07,-0.0043888787
1.728758e-07,-0.0043795439
1.729758e-07,-0.0043773897
1.730758e-07,-0.0043795439
1.731758e-07,-0.0043773897
1.732758e-07,-0.0043680549
1.733758e-07,-0.0043544118
1.734758e-07,-0.0043436409
1.735758e-07,-0.0043429228
1.736758e-07,-0.0043551298
1.737758e-07,-0.0043766716
1.738758e-07,-0.0043982135
1.739758e-07,-0.0044118566
1.740758e-07,-0.0044140108
1.741758e-07,-0.0044075483
1.742758e-07,-0.0044003676
1.743758e-07,-0.0044003676
1.744758e-07,-0.0044104205
1.745758e-07,-0.0044269359
1.746758e-07,-0.0044412971
1.747758e-07,-0.0044463235
1.748758e-07,-0.004439861
1.749758e-07,-0.004427654
1.750758e-07,-0.0044197553
1.751758e-07,-0.0044233456
1.752758e-07,-0.0044412971
1.753758e-07,-0.0044678653
1.754758e-07,-0.0044922794
1.755758e-07,-0.0045037684
1.756758e-07,-0.004498742
1.757758e-07,-0.0044815085
1.758758e-07,-0.0044606847
1.759758e-07,-0.0044463235
1.760758e-07,-0.0044412971
1.761758e-07,-0.0044420152
1.762758e-07,-0.0044420152
1.763758e-07,-0.0044348346
1.764758e-07,-0.0044204733
1.765758e-07,-0.0044061121
1.766758e-07,-0.0044010857
1.767758e-07,-0.0044118566
1.768758e-07,-0.0044369887
1.769758e-07,-0.0044664292
1.770758e-07,-0.0044843807
1.771758e-07,-0.0044807904
1.772758e-07,-0.0044535041
1.773758e-07,-0.0044125747
1.774758e-07,-0.0043745175
1.775758e-07,-0.0043544118
1.776758e-07,-0.0043580021
1.777758e-07,-0.0043802619
1.778758e-07,-0.0044068302
1.779758e-07,-0.0044233456
1.780758e-07,-0.0044219095
1.781758e-07,-0.0044061121
1.782758e-07,-0.0043874426
1.783758e-07,-0.0043773897
1.784758e-07,-0.0043831342
1.785758e-07,-0.0044003676
1.786758e-07,-0.0044183192
1.787758e-07,-0.0044233456
1.788758e-07,-0.0044097024
1.789758e-07,-0.0043802619
1.790758e-07,-0.004345795
1.791758e-07,-0.0043199449
1.792758e-07,-0.004309892
1.793758e-07,-0.0043142004
1.794758e-07,-0.0043249713
1.795758e-07,-0.0043314338
1.796758e-07,-0.0043271255
1.797758e-07,-0.0043127642
1.798758e-07,-0.0042962489
1.799758e-07,-0.0042854779
1.800758e-07,-0.0042840418
1.801758e-07,-0.0042890682
1.802758e-07,-0.0042919405
1.803758e-07,-0.0042854779
1.804758e-07,-0.0042668084
1.805758e-07,-0.0042416762
1.806758e-07,-0.0042215705
1.807758e-07,-0.0042165441
1.808758e-07,-0.0042301873
1.809758e-07,-0.0042560375
1.810758e-07,-0.0042826057
1.811758e-07,-0.0042969669
1.812758e-07,-0.0042926585
1.813758e-07,-0.004273989
1.814758e-07,-0.0042524472
1.815758e-07,-0.0042395221
1.816758e-07,-0.0042438304
1.817758e-07,-0.0042632181
1.818758e-07,-0.0042890682
1.819758e-07,-0.0043084559
1.820758e-07,-0.0043149184
1.821758e-07,-0.0043084559
1.822758e-07,-0.0042955308
1.823758e-07,-0.0042854779
1.824758e-07,-0.0042847599
1.825758e-07,-0.0042926585
1.826758e-07,-0.0043034295
1.827758e-07,-0.0043084559
1.828758e-07,-0.0043048656
1.829758e-07,-0.0042955308
1.830758e-07,-0.004286196
1.831758e-07,-0.0042854779
1.832758e-07,-0.0042962489
1.833758e-07,-0.0043163545
1.834758e-07,-0.0043386144
1.835758e-07,-0.0043544118
1.836758e-07,-0.0043608743
1.837758e-07,-0.0043587201
1.838758e-07,-0.0043551298
1.839758e-07,-0.0043544118
1.840758e-07,-0.0043587201
1.841758e-07,-0.0043651827
1.842758e-07,-0.004368773
1.843758e-07,-0.0043659007
1.844758e-07,-0.0043601563
1.845758e-07,-0.0043594382
1.846758e-07,-0.0043716452
1.847758e-07,-0.0044003676
1.848758e-07,-0.0044412971
1.849758e-07,-0.0044807904
1.850758e-07,-0.0045052045
1.851758e-07,-0.0045037684
1.852758e-07,-0.0044786363
1.853758e-07,-0.0044420152
1.854758e-07,-0.0044111386
1.855758e-07,-0.0044003676
1.856758e-07,-0.0044125747
1.857758e-07,-0.004440579
1.858758e-07,-0.0044678653
1.859758e-07,-0.0044807904
1.860758e-07,-0.004475046
1.861758e-07,-0.0044578125
1.862758e-07,-0.0044434513
1.863758e-07,-0.0044463235
1.864758e-07,-0.0044714557
1.865758e-07,-0.004510949
1.866758e-07,-0.0045504423
1.867758e-07,-0.0045727022
1.868758e-07,-0.00456983
1.869758e-07,-0.0045439798
1.870758e-07,-0.0045095129
1.871758e-07,-0.0044807904
1.872758e-07,-0.0044685834
1.873758e-07,-0.0044721737
1.874758e-07,-0.0044843807
1.875758e-07,-0.0044922794
1.876758e-07,-0.0044901252
1.877758e-07,-0.0044793543
1.878758e-07,-0.0044693015
1.879758e-07,-0.0044693015
1.880758e-07,-0.0044843807
1.881758e-07,-0.0045102309
1.882758e-07,-0.0045360811
1.883758e-07,-0.0045497243
1.884758e-07,-0.0045454159
1.885758e-07,-0.0045267463
1.886758e-07,-0.0045044864
1.887758e-07,-0.0044922794
1.888758e-07,-0.0044973058
1.889758e-07,-0.0045188477
1.890758e-07,-0.0045482881
1.891758e-07,-0.0045727022
1.892758e-07,-0.0045856273
1.893758e-07,-0.0045863454
1.894758e-07,-0.0045834731
1.895758e-07,-0.0045841912
1.896758e-07,-0.0045949621
1.897758e-07,-0.0046136317
1.898758e-07,-0.0046323012
1.899758e-07,-0.004641636
1.900758e-07,-0.0046373277
1.901758e-07,-0.0046215303
1.902758e-07,-0.0046042969
1.903758e-07,-0.0045956801
1.904758e-07,-0.0046007066
1.905758e-07,-0.00461794
1.906758e-07,-0.0046387638
1.907758e-07,-0.004653125
1.908758e-07,-0.0046552792
1.909758e-07,-0.0046473805
1.910758e-07,-0.0046358915
1.911758e-07,-0.0046301471
1.912758e-07,-0.0046351735
1.913758e-07,-0.0046495347
1.914758e-07,-0.0046660501
1.915758e-07,-0.0046761029
1.916758e-07,-0.0046746668
1.917758e-07,-0.0046617417
1.918758e-07,-0.0046445083
1.919758e-07,-0.0046301471
1.920758e-07,-0.0046229665
1.921758e-07,-0.0046215303
1.922758e-07,-0.0046215303
1.923758e-07,-0.0046186581
1.924758e-07,-0.0046107594
1.925758e-07,-0.0045999885
1.926758e-07,-0.004593526
1.927758e-07,-0.0045956801
1.928758e-07,-0.0046050149
1.929758e-07,-0.004617222
1.930758e-07,-0.0046236845
1.931758e-07,-0.0046186581
1.932758e-07,-0.0046028608
1.933758e-07,-0.0045827551
1.934758e-07,-0.0045669577
1.935758e-07,-0.0045612132
1.936758e-07,-0.0045655216
1.937758e-07,-0.0045727022
1.938758e-07,-0.0045734203
1.939758e-07,-0.0045612132
1.940758e-07,-0.0045382353
1.941758e-07,-0.0045138212
1.942758e-07,-0.00449946
1.943758e-07,-0.0045037684
1.944758e-07,-0.0045253102
1.945758e-07,-0.0045554687
1.946758e-07,-0.0045784467
1.947758e-07,-0.0045841912
1.948758e-07,-0.0045719841
1.949758e-07,-0.0045497243
1.950758e-07,-0.0045310547
1.951758e-07,-0.0045267463
1.952758e-07,-0.0045382353
1.953758e-07,-0.004558341
1.954758e-07,-0.0045727022
1.955758e-07,-0.0045727022
1.956758e-07,-0.0045569049
1.957758e-07,-0.004534645
1.958758e-07,-0.0045210018
1.959758e-07,-0.0045267463
1.960758e-07,-0.0045540326
1.961758e-07,-0.0045906537
1.962758e-07,-0.0046215303
1.963758e-07,-0.0046301471
1.964758e-07,-0.0046143497
1.965758e-07,-0.0045834731
1.966758e-07,-0.0045561868
1.967758e-07,-0.0045497243
1.968758e-07,-0.004570548
1.969758e-07,-0.0046121955
1.970758e-07,-0.0046574334
1.971758e-07,-0.0046875919
1.972758e-07,-0.0046933364
1.973758e-07,-0.0046775391
1.974758e-07,-0.0046545611
1.975758e-07,-0.004641636
1.976758e-07,-0.0046495347
1.977758e-07,-0.0046775391
1.978758e-07,-0.0047141602
1.979758e-07,-0.0047450368
1.980758e-07,-0.004759398
1.981758e-07,-0.0047565257
1.982758e-07,-0.0047443187
1.983758e-07,-0.0047335478
1.984758e-07,-0.0047328297
1.985758e-07,-0.0047421645
1.986758e-07,-0.0047565257
1.987758e-07,-0.0047680147
1.988758e-07,-0.0047737592
1.989758e-07,-0.0047766314
1.990758e-07,-0.004783812
1.991758e-07,-0.0048024816
1.992758e-07,-0.0048333582
1.993758e-07,-0.0048685432
1.994758e-07,-0.0048958295
1.995758e-07,-0.0049058824
1.996758e-07,-0.0048958295
1.997758e-07,-0.0048728516
1.998758e-07,-0.0048527459
1.999758e-07,-0.0048484375
2.000758e-07,-0.004865671
2.001758e-07,-0.0048994198
2.002758e-07,-0.004936759
2.003758e-07,-0.0049633272
2.004758e-07,-0.004972662
2.005758e-07,-0.0049669175
2.006758e-07,-0.0049561466
2.007758e-07,-0.0049518382
2.008758e-07,-0.0049590188
2.009758e-07,-0.0049733801
2.010758e-07,-0.0049863051
2.011758e-07,-0.0049863051
2.012758e-07,-0.0049705078
2.013758e-07,-0.0049439396
2.014758e-07,-0.0049188074
2.015758e-07,-0.0049058824
2.016758e-07,-0.0049094727
2.017758e-07,-0.0049245519
2.018758e-07,-0.0049389131
2.019758e-07,-0.0049403493
2.020758e-07,-0.00492527
2.021758e-07,-0.0048987017
2.022758e-07,-0.0048728516
2.023758e-07,-0.0048599265
2.024758e-07,-0.0048649529
2.025758e-07,-0.0048836225
2.026758e-07,-0.004901574
2.027758e-07,-0.0049058824
2.028758e-07,-0.004890085
2.029758e-07,-0.0048570542
2.030758e-07,-0.0048197151
2.031758e-07,-0.0047909926
2.032758e-07,-0.0047787856
2.033758e-07,-0.004783094
2.034758e-07,-0.0047938649
2.035758e-07,-0.0048024816
2.036758e-07,-0.0048017636
2.037758e-07,-0.0047931468
2.038758e-07,-0.004783812
2.039758e-07,-0.0047795037
2.040758e-07,-0.004783812
2.041758e-07,-0.0047924288
2.042758e-07,-0.0047967371
2.043758e-07,-0.0047909926
2.044758e-07,-0.0047751953
2.045758e-07,-0.0047565257
2.046758e-07,-0.004747909
2.047758e-07,-0.0047565257
2.048758e-07,-0.004783094
2.049758e-07,-0.004818279
2.050758e-07,-0.0048477194
2.051758e-07,-0.0048599265
2.052758e-07,-0.0048513097
2.053758e-07,-0.0048297679
2.054758e-07,-0.0048089442
2.055758e-07,-0.0048024816
2.056758e-07,-0.0048139706
2.057758e-07,-0.0048376666
2.058758e-07,-0.0048606445
2.059758e-07,-0.0048714154
2.060758e-07,-0.004865671
2.061758e-07,-0.0048498736
2.062758e-07,-0.0048369485
2.063758e-07,-0.0048369485
2.064758e-07,-0.0048534639
2.065758e-07,-0.0048800322
2.066758e-07,-0.004901574
2.067758e-07,-0.0049058824
2.068758e-07,-0.004890085
2.069758e-07,-0.0048620807
2.070758e-07,-0.0048355124
2.071758e-07,-0.0048254596
2.072758e-07,-0.0048355124
2.073758e-07,-0.0048606445
2.074758e-07,-0.0048843405
2.075758e-07,-0.0048943934
2.076758e-07,-0.0048843405
2.077758e-07,-0.0048606445
2.078758e-07,-0.0048362305
2.079758e-07,-0.0048254596
2.080758e-07,-0.0048333582
2.081758e-07,-0.0048549
2.082758e-07,-0.0048757238
2.083758e-07,-0.0048829044
2.084758e-07,-0.0048706974
2.085758e-07,-0.0048448472
2.086758e-07,-0.0048211512
2.087758e-07,-0.0048139706
2.088758e-07,-0.0048290499
2.089758e-07,-0.0048599265
2.090758e-07,-0.0048915211
2.091758e-07,-0.0049058824
2.092758e-07,-0.0048943934
2.093758e-07,-0.0048613626
2.094758e-07,-0.0048211512
2.095758e-07,-0.0047909926
2.096758e-07,-0.0047823759
2.097758e-07,-0.004795301
2.098758e-07,-0.004818279
2.099758e-07,-0.0048369485
2.100758e-07,-0.0048405388
2.101758e-07,-0.0048290499
2.102758e-07,-0.0048118164
2.103758e-07,-0.0048024816
2.104758e-07,-0.0048089442
2.105758e-07,-0.004830486
2.106758e-07,-0.0048556181
2.107758e-07,-0.0048714154
2.108758e-07,-0.0048671071
2.109758e-07,-0.0048434111
2.110758e-07,-0.0048096622
2.111758e-07,-0.0047795037
2.112758e-07,-0.0047658605
2.113758e-07,-0.004771605
2.114758e-07,-0.0047909926
2.115758e-07,-0.0048139706
2.116758e-07,-0.0048297679
2.117758e-07,-0.0048347943
2.118758e-07,-0.004831204
2.119758e-07,-0.0048254596
2.120758e-07,-0.0048240234
2.121758e-07,-0.0048276137
2.122758e-07,-0.0048340763
2.123758e-07,-0.0048369485
2.124758e-07,-0.0048333582
2.125758e-07,-0.0048247415
2.126758e-07,-0.0048168428
2.127758e-07,-0.0048139706
2.128758e-07,-0.0048211512
2.129758e-07,-0.0048362305
2.130758e-07,-0.0048549
2.131758e-07,-0.0048714154
2.132758e-07,-0.0048836225
2.133758e-07,-0.0048936753
2.134758e-07,-0.0049037282
2.135758e-07,-0.0049173713
2.136758e-07,-0.0049317325
2.137758e-07,-0.0049403493
2.138758e-07,-0.004936759
2.139758e-07,-0.0049173713
2.140758e-07,-0.0048850586
2.141758e-07,-0.0048513097
2.142758e-07,-0.0048276137
2.143758e-07,-0.0048254596
2.144758e-07,-0.0048448472
2.145758e-07,-0.0048793141
2.146758e-07,-0.0049152171
2.147758e-07,-0.0049403493
2.148758e-07,-0.0049496841
2.149758e-07,-0.0049460937
2.150758e-07,-0.0049360409
2.151758e-07,-0.0049288603
2.152758e-07,-0.0049267061
2.153758e-07,-0.0049274242
2.154758e-07,-0.0049259881
2.155758e-07,-0.0049173713
2.156758e-07,-0.0049037282
2.157758e-07,-0.0048929573
2.158758e-07,-0.0048922392
2.159758e-07,-0.0049058824
2.160758e-07,-0.0049302964
2.161758e-07,-0.0049554285
2.162758e-07,-0.0049690717
2.163758e-07,-0.0049633272
2.164758e-07,-0.0049425034
2.165758e-07,-0.0049166533
2.166758e-07,-0.004902292
2.167758e-07,-0.0049058824
2.168758e-07,-0.0049259881
2.169758e-07,-0.0049504021
2.170758e-07,-0.0049626091
2.171758e-07,-0.0049518382
2.172758e-07,-0.0049195255
2.173758e-07,-0.0048793141
2.174758e-07,-0.0048513097
2.175758e-07,-0.0048484375
2.176758e-07,-0.0048728516
2.177758e-07,-0.0049116268
2.178758e-07,-0.0049439396
2.179758e-07,-0.0049518382
2.180758e-07,-0.0049302964
2.181758e-07,-0.004889367
2.182758e-07,-0.0048477194
2.183758e-07,-0.0048254596
2.184758e-07,-0.004830486
2.185758e-07,-0.0048577723
2.186758e-07,-0.0048886489
2.187758e-07,-0.0049058824
2.188758e-07,-0.0048987017
2.189758e-07,-0.0048692613
2.190758e-07,-0.0048319221
2.191758e-07,-0.0048024816
2.192758e-07,-0.0047902746
2.193758e-07,-0.0047931468
2.194758e-07,-0.0048017636
2.195758e-07,-0.0048024816
2.196758e-07,-0.0047909926
2.197758e-07,-0.004771605
2.198758e-07,-0.0047558077
2.199758e-07,-0.0047565257
2.200758e-07,-0.0047773495
2.201758e-07,-0.0048110983
2.202758e-07,-0.0048434111
2.203758e-07,-0.0048599265
2.204758e-07,-0.004854182
2.205758e-07,-0.0048326402
2.206758e-07,-0.0048103803
2.207758e-07,-0.0048024816
2.208758e-07,-0.0048168428
2.209758e-07,-0.0048484375
2.210758e-07,-0.0048829044
2.211758e-07,-0.0049058824
2.212758e-07,-0.0049087546
2.213758e-07,-0.0048943934
2.214758e-07,-0.0048771599
2.215758e-07,-0.0048714154
2.216758e-07,-0.0048857767
2.217758e-07,-0.0049166533
2.218758e-07,-0.0049518382
2.219758e-07,-0.0049748162
2.220758e-07,-0.0049769704
2.221758e-07,-0.004960455
2.222758e-07,-0.0049353228
2.223758e-07,-0.0049173713
2.224758e-07,-0.0049152171
2.225758e-07,-0.0049302964
2.226758e-07,-0.0049539924
2.227758e-07,-0.0049748162
2.228758e-07,-0.004984869
2.229758e-07,-0.004984151
2.230758e-07,-0.0049776884
2.231758e-07,-0.0049748162
2.232758e-07,-0.0049776884
2.233758e-07,-0.004984151
2.234758e-07,-0.0049855871
2.235758e-07,-0.0049748162
2.236758e-07,-0.0049518382
2.237758e-07,-0.0049231158
2.238758e-07,-0.0049008559
2.239758e-07,-0.0048943934
2.240758e-07,-0.0049051643
2.241758e-07,-0.0049259881
2.242758e-07,-0.0049417854
2.243758e-07,-0.0049403493
2.244758e-07,-0.0049180894
2.245758e-07,-0.0048821864
2.246758e-07,-0.0048470014
2.247758e-07,-0.0048254596
2.248758e-07,-0.0048240234
2.249758e-07,-0.0048383847
2.250758e-07,-0.004854182
2.251758e-07,-0.0048599265
2.252758e-07,-0.0048484375
2.253758e-07,-0.0048233054
2.254758e-07,-0.0047967371
2.255758e-07,-0.0047795037
2.256758e-07,-0.0047780676
2.257758e-07,-0.0047881204
2.258758e-07,-0.0047996094
2.259758e-07,-0.0048024816
2.260758e-07,-0.0047931468
2.261758e-07,-0.0047773495
2.262758e-07,-0.0047651425
2.263758e-07,-0.0047680147
2.264758e-07,-0.0047874023
2.265758e-07,-0.0048161248
2.266758e-07,-0.0048405388
2.267758e-07,-0.0048484375
2.268758e-07,-0.0048355124
2.269758e-07,-0.0048089442
2.270758e-07,-0.0047823759
2.271758e-07,-0.0047680147
2.272758e-07,-0.004771605
2.273758e-07,-0.0047874023
2.274758e-07,-0.0048024816
2.275758e-07,-0.0048024816
2.276758e-07,-0.004783812
2.277758e-07,-0.0047522174
2.278758e-07,-0.0047227769
2.279758e-07,-0.0047105699
2.280758e-07,-0.0047227769
2.281758e-07,-0.0047536535
2.282758e-07,-0.0047895565
2.283758e-07,-0.0048139706
2.284758e-07,-0.0048175609
2.285758e-07,-0.0048010455
2.286758e-07,-0.0047766314
2.287758e-07,-0.0047565257
2.288758e-07,-0.0047500632
2.289758e-07,-0.0047579619
2.290758e-07,-0.0047708869
2.291758e-07,-0.0047795037
2.292758e-07,-0.0047780676
2.293758e-07,-0.0047694508
2.294758e-07,-0.0047629883
2.295758e-07,-0.0047680147
2.296758e-07,-0.0047895565
2.297758e-07,-0.0048218693
2.298758e-07,-0.0048534639
2.299758e-07,-0.0048714154
2.300758e-07,-0.0048699793
2.301758e-07,-0.0048527459
2.302758e-07,-0.0048297679
2.303758e-07,-0.0048139706
2.304758e-07,-0.0048118164
2.305758e-07,-0.0048218693
2.306758e-07,-0.0048333582
2.307758e-07,-0.0048369485
2.308758e-07,-0.0048268957
2.309758e-07,-0.0048082261
2.310758e-07,-0.0047917107
2.311758e-07,-0.0047909926
2.312758e-07,-0.0048125345
2.313758e-07,-0.0048534639
2.314758e-07,-0.0049008559
2.315758e-07,-0.0049403493
2.316758e-07,-0.004961173
2.317758e-07,-0.0049626091
2.318758e-07,-0.0049518382
2.319758e-07,-0.0049403493
2.320758e-07,-0.004937477
2.321758e-07,-0.0049460937
2.322758e-07,-0.004961173
2.323758e-07,-0.0049748162
2.324758e-07,-0.0049827148
2.325758e-07,-0.004984869
2.326758e-07,-0.0049877413
2.327758e-07,-0.0049977941
2.328758e-07,-0.0050178998
2.329758e-07,-0.0050444681
2.330758e-07,-0.0050681641
2.331758e-07,-0.0050782169
2.332758e-07,-0.0050696002
2.333758e-07,-0.0050444681
2.334758e-07,-0.0050121553
2.335758e-07,-0.0049863051
2.336758e-07,-0.0049748162
2.337758e-07,-0.0049805607
2.338758e-07,-0.0049992302
2.339758e-07,-0.0050207721
2.340758e-07,-0.0050387236
2.341758e-07,-0.0050494945
2.342758e-07,-0.0050538028
2.343758e-07,-0.005055239
2.344758e-07,-0.005055957
2.345758e-07,-0.0050538028
2.346758e-07,-0.0050473403
2.347758e-07,-0.005032261
2.348758e-07,-0.0050107192
2.349758e-07,-0.0049870232
2.350758e-07,-0.0049697898
2.351758e-07,-0.0049633272
2.352758e-07,-0.0049690717
2.353758e-07,-0.0049827148
2.354758e-07,-0.0049942038
2.355758e-07,-0.0049977941
2.356758e-07,-0.0049906135
2.357758e-07,-0.0049776884
2.358758e-07,-0.0049661994
2.359758e-07,-0.0049633272
2.360758e-07,-0.0049712259
2.361758e-07,-0.0049863051
2.362758e-07,-0.0050013844
2.363758e-07,-0.0050092831
2.364758e-07,-0.005008565
2.365758e-07,-0.0050035386
2.366758e-07,-0.0050021025
2.367758e-07,-0.0050092831
2.368758e-07,-0.0050257985
2.369758e-07,-0.0050444681
2.370758e-07,-0.0050566751
2.371758e-07,-0.005055239
2.372758e-07,-0.0050380055
2.373758e-07,-0.0050128734
2.374758e-07,-0.0049884593
2.375758e-07,-0.0049748162
2.376758e-07,-0.0049733801
2.377758e-07,-0.0049798426
2.378758e-07,-0.0049827148
2.379758e-07,-0.0049748162
2.380758e-07,-0.0049532744
2.381758e-07,-0.0049238339
2.382758e-07,-0.0048972656
2.383758e-07,-0.0048829044
2.384758e-07,-0.0048829044
2.385758e-07,-0.0048922392
2.386758e-07,-0.0048994198
2.387758e-07,-0.0048943934
2.388758e-07,-0.0048735696
2.389758e-07,-0.004841975
2.390758e-07,-0.0048103803
2.391758e-07,-0.0047909926
2.392758e-07,-0.0047895565
2.393758e-07,-0.0048046358
2.394758e-07,-0.0048268957
2.395758e-07,-0.0048484375
2.396758e-07,-0.0048620807
2.397758e-07,-0.0048678251
2.398758e-07,-0.0048692613
2.399758e-07,-0.0048714154
2.400758e-07,-0.0048742877
2.401758e-07,-0.0048750057
2.402758e-07,-0.0048671071
2.403758e-07,-0.0048484375
2.404758e-07,-0.0048225873
2.405758e-07,-0.0047988913
2.406758e-07,-0.0047902746
2.407758e-07,-0.0048024816
2.408758e-07,-0.0048340763
2.409758e-07,-0.0048742877
2.410758e-07,-0.0049058824
2.411758e-07,-0.0049173713
2.412758e-07,-0.0049044462
2.413758e-07,-0.0048757238
2.414758e-07,-0.0048448472
2.415758e-07,-0.0048254596
2.416758e-07,-0.0048240234
2.417758e-07,-0.0048362305
2.418758e-07,-0.0048520278
2.419758e-07,-0.0048599265
2.420758e-07,-0.0048563362
2.421758e-07,-0.0048455653
2.422758e-07,-0.0048398208
2.423758e-07,-0.0048484375
2.424758e-07,-0.0048750057
2.425758e-07,-0.0049123449
2.426758e-07,-0.0049460937
2.427758e-07,-0.0049633272
2.428758e-07,-0.0049583008
2.429758e-07,-0.004936759
2.430758e-07,-0.0049101907
2.431758e-07,-0.0048943934
2.432758e-07,-0.0048965476
2.433758e-07,-0.0049144991
2.434758e-07,-0.004936759
2.435758e-07,-0.0049518382
2.436758e-07,-0.0049518382
2.437758e-07,-0.0049389131
2.438758e-07,-0.0049238339
2.439758e-07,-0.0049173713
2.440758e-07,-0.0049274242
2.441758e-07,-0.0049511202
2.442758e-07,-0.0049791245
2.443758e-07,-0.0049977941
2.444758e-07,-0.0049992302
2.445758e-07,-0.004984151
2.446758e-07,-0.004960455
2.447758e-07,-0.0049403493
2.448758e-07,-0.0049338867
2.449758e-07,-0.0049425034
2.450758e-07,-0.0049626091
2.451758e-07,-0.0049863051
2.452758e-07,-0.0050071289
2.453758e-07,-0.0050236443
2.454758e-07,-0.0050380055
2.455758e-07,-0.005055239
2.456758e-07,-0.0050746266
2.457758e-07,-0.0050918601
2.458758e-07,-0.0050990407
2.459758e-07,-0.0050897059
2.460758e-07,-0.0050631376
2.461758e-07,-0.0050265165
2.462758e-07,-0.0049927677
2.463758e-07,-0.0049748162
2.464758e-07,-0.0049791245
2.465758e-07,-0.0050035386
2.466758e-07,-0.0050365694
2.467758e-07,-0.0050667279
2.468758e-07,-0.0050839614
2.469758e-07,-0.0050853975
2.470758e-07,-0.0050774989
2.471758e-07,-0.0050667279
2.472758e-07,-0.0050602654
2.473758e-07,-0.0050588293
2.474758e-07,-0.0050588293
2.475758e-07,-0.005055239
2.476758e-07,-0.0050451861
2.477758e-07,-0.005031543
2.478758e-07,-0.0050214901
2.479758e-07,-0.0050207721
2.480758e-07,-0.0050329791
2.481758e-07,-0.0050545209
2.482758e-07,-0.0050767808
2.483758e-07,-0.0050897059
2.484758e-07,-0.0050889878
2.485758e-07,-0.0050760627
2.486758e-07,-0.0050581112
2.487758e-07,-0.00504375
2.488758e-07,-0.0050387236
2.489758e-07,-0.0050430319
2.490758e-07,-0.0050502125
2.491758e-07,-0.005055239
2.492758e-07,-0.0050523667
2.493758e-07,-0.0050444681
2.494758e-07,-0.0050351333
2.495758e-07,-0.005032261
2.496758e-07,-0.0050387236
2.497758e-07,-0.0050538028
2.498758e-07,-0.0050688821
2.499758e-07,-0.0050782169
2.500758e-07,-0.0050767808
2.501758e-07,-0.0050667279
2.502758e-07,-0.0050530848
2.503758e-07,-0.00504375
2.504758e-07,-0.0050430319
2.505758e-07,-0.0050509306
2.506758e-07,-0.0050609835
2.507758e-07,-0.0050667279
2.508758e-07,-0.0050638557
2.509758e-07,-0.0050530848
2.510758e-07,-0.0050401597
2.511758e-07,-0.005032261
2.512758e-07,-0.0050336972
2.513758e-07,-0.0050451861
2.514758e-07,-0.0050617015
2.515758e-07,-0.0050782169
2.516758e-07,-0.0050889878
2.517758e-07,-0.0050925781
2.518758e-07,-0.0050918601
2.519758e-07,-0.0050897059
2.520758e-07,-0.0050889878
2.521758e-07,-0.0050904239
2.522758e-07,-0.005091142
2.523758e-07,-0.0050897059
2.524758e-07,-0.0050853975
2.525758e-07,-0.005079653
2.526758e-07,-0.0050767808
2.527758e-07,-0.0050782169
2.528758e-07,-0.0050832433
2.529758e-07,-0.0050875517
2.530758e-07,-0.0050868336
2.531758e-07,-0.0050782169
2.532758e-07,-0.0050645738
2.533758e-07,-0.0050516487
2.534758e-07,-0.0050473403
2.535758e-07,-0.005055239
2.536758e-07,-0.0050746266
2.537758e-07,-0.0050990407
2.538758e-07,-0.0051184283
2.539758e-07,-0.0051241728
2.540758e-07,-0.005114838
2.541758e-07,-0.0050940142
2.542758e-07,-0.0050710363
2.543758e-07,-0.005055239
2.544758e-07,-0.0050502125
2.545758e-07,-0.005055957
2.546758e-07,-0.0050667279
2.547758e-07,-0.0050782169
2.548758e-07,-0.0050875517
2.549758e-07,-0.0050976045
2.550758e-07,-0.0051126838
2.551758e-07,-0.0051356618
2.552758e-07,-0.0051643842
2.553758e-07,-0.0051931066
2.554758e-07,-0.0052124943
2.555758e-07,-0.0052160846
2.556758e-07,-0.0052038775
2.557758e-07,-0.0051816176
2.558758e-07,-0.0051600758
2.559758e-07,-0.0051471507
2.560758e-07,-0.0051471507
2.561758e-07,-0.0051564855
2.562758e-07,-0.0051665384
2.563758e-07,-0.0051701287
2.564758e-07,-0.0051643842
2.565758e-07,-0.0051536133
2.566758e-07,-0.0051457146
2.567758e-07,-0.0051471507
2.568758e-07,-0.0051600758
2.569758e-07,-0.0051787454
2.570758e-07,-0.0051931066
2.571758e-07,-0.0051931066
2.572758e-07,-0.0051758732
2.573758e-07,-0.0051449966
2.574758e-07,-0.0051126838
2.575758e-07,-0.0050897059
2.576758e-07,-0.0050846795
2.577758e-07,-0.0050961684
2.578758e-07,-0.0051169922
2.579758e-07,-0.0051356618
2.580758e-07,-0.0051435604
2.581758e-07,-0.0051392521
2.582758e-07,-0.005126327
2.583758e-07,-0.0051126838
2.584758e-07,-0.0051055032
2.585758e-07,-0.0051055032
2.586758e-07,-0.0051098116
2.587758e-07,-0.0051126838
2.588758e-07,-0.0051090935
2.589758e-07,-0.0050990407
2.590758e-07,-0.0050868336
2.591758e-07,-0.0050782169
2.592758e-07,-0.0050782169
2.593758e-07,-0.0050875517
2.594758e-07,-0.0051011949
2.595758e-07,-0.0051126838
2.596758e-07,-0.0051169922
2.597758e-07,-0.0051119658
2.598758e-07,-0.0051011949
2.599758e-07,-0.0050897059
2.600758e-07,-0.0050818072
2.601758e-07,-0.0050803711
2.602758e-07,-0.0050832433
2.603758e-07,-0.0050897059
2.604758e-07,-0.0050968865
2.605758e-07,-0.0051047852
2.606758e-07,-0.0051134019
2.607758e-07,-0.0051241728
2.608758e-07,-0.0051349437
2.609758e-07,-0.0051428424
2.610758e-07,-0.0051435604
2.611758e-07,-0.0051356618
2.612758e-07,-0.0051205825
2.613758e-07,-0.0051019129
2.614758e-07,-0.0050868336
2.615758e-07,-0.0050782169
2.616758e-07,-0.0050760627
2.617758e-07,-0.0050774989
2.618758e-07,-0.0050753447
2.619758e-07,-0.0050667279
2.620758e-07,-0.0050523667
2.621758e-07,-0.0050380055
2.622758e-07,-0.0050293888
2.623758e-07,-0.005032261
2.624758e-07,-0.0050451861
2.625758e-07,-0.0050624196
2.626758e-07,-0.0050760627
2.627758e-07,-0.0050782169
2.628758e-07,-0.0050681641
2.629758e-07,-0.0050502125
2.630758e-07,-0.005031543
2.631758e-07,-0.0050207721
2.632758e-07,-0.0050207721
2.633758e-07,-0.0050301068
2.634758e-07,-0.0050430319
2.635758e-07,-0.005055239
2.636758e-07,-0.0050631376
2.637758e-07,-0.0050681641
2.638758e-07,-0.0050724724
2.639758e-07,-0.0050782169
2.640758e-07,-0.0050832433
2.641758e-07,-0.0050832433
2.642758e-07,-0.0050739085
2.643758e-07,-0.005055239
2.644758e-07,-0.005031543
2.645758e-07,-0.0050128734
2.646758e-07,-0.005008565
2.647758e-07,-0.0050207721
2.648758e-07,-0.0050466222
2.649758e-07,-0.0050746266
2.650758e-07,-0.005091142
2.651758e-07,-0.0050897059
2.652758e-07,-0.0050703182
2.653758e-07,-0.0050423139
2.654758e-07,-0.0050186179
2.655758e-07,-0.0050092831
2.656758e-07,-0.0050150276
2.657758e-07,-0.0050286707
2.658758e-07,-0.0050372875
2.659758e-07,-0.005032261
2.660758e-07,-0.0050121553
2.661758e-07,-0.0049870232
2.662758e-07,-0.0049705078
2.663758e-07,-0.0049748162
2.664758e-07,-0.0050021025
2.665758e-07,-0.0050430319
2.666758e-07,-0.0050810892
2.667758e-07,-0.0051011949
2.668758e-07,-0.0050947323
2.669758e-07,-0.0050660099
2.670758e-07,-0.0050286707
2.671758e-07,-0.0049977941
2.672758e-07,-0.004984869
2.673758e-07,-0.0049906135
2.674758e-07,-0.0050064108
2.675758e-07,-0.0050207721
2.676758e-07,-0.0050250804
2.677758e-07,-0.0050178998
2.678758e-07,-0.0050064108
2.679758e-07,-0.0049977941
2.680758e-07,-0.0049985122
2.681758e-07,-0.0050056928
2.682758e-07,-0.0050121553
2.683758e-07,-0.0050092831
2.684758e-07,-0.0049913316
2.685758e-07,-0.0049618911
2.686758e-07,-0.0049295784
2.687758e-07,-0.0049058824
2.688758e-07,-0.0048994198
2.689758e-07,-0.0049101907
2.690758e-07,-0.0049310145
2.691758e-07,-0.0049518382
2.692758e-07,-0.0049647633
2.693758e-07,-0.0049676356
2.694758e-07,-0.0049654814
2.695758e-07,-0.0049633272
2.696758e-07,-0.0049676356
2.697758e-07,-0.0049776884
2.698758e-07,-0.0049906135
2.699758e-07,-0.0049977941
2.700758e-07,-0.004996358
2.701758e-07,-0.0049870232
2.702758e-07,-0.0049733801
2.703758e-07,-0.0049633272
2.704758e-07,-0.0049597369
2.705758e-07,-0.0049633272
2.706758e-07,-0.0049697898
2.707758e-07,-0.0049748162
2.708758e-07,-0.0049762523
2.709758e-07,-0.0049762523
2.710758e-07,-0.0049784065
2.711758e-07,-0.0049863051
2.712758e-07,-0.0049999483
2.713758e-07,-0.0050164637
2.714758e-07,-0.0050286707
2.715758e-07,-0.005032261
2.716758e-07,-0.0050279527
2.717758e-07,-0.005020054
2.718758e-07,-0.0050157456
2.719758e-07,-0.0050207721
2.720758e-07,-0.0050351333
2.721758e-07,-0.0050545209
2.722758e-07,-0.0050703182
2.723758e-07,-0.0050782169
2.724758e-07,-0.0050767808
2.725758e-07,-0.0050717544
2.726758e-07,-0.0050703182
2.727758e-07,-0.0050782169
2.728758e-07,-0.0050940142
2.729758e-07,-0.0051105296
2.730758e-07,-0.0051184283
2.731758e-07,-0.0051126838
2.732758e-07,-0.0050940142
2.733758e-07,-0.0050703182
2.734758e-07,-0.0050545209
2.735758e-07,-0.005055239
2.736758e-07,-0.0050731905
2.737758e-07,-0.0050997587
2.738758e-07,-0.0051241728
2.739758e-07,-0.0051356618
2.740758e-07,-0.0051313534
2.741758e-07,-0.0051184283
2.742758e-07,-0.0051090935
2.743758e-07,-0.0051126838
2.744758e-07,-0.0051335076
2.745758e-07,-0.0051658203
2.746758e-07,-0.005197415
2.747758e-07,-0.0052160846
2.748758e-07,-0.0052182387
2.749758e-07,-0.0052074678
2.750758e-07,-0.0051952608
2.751758e-07,-0.0051931066
2.752758e-07,-0.0052060317
2.753758e-07,-0.0052304458
2.754758e-07,-0.005257014
2.755758e-07,-0.0052735294
2.756758e-07,-0.0052756836
2.757758e-07,-0.0052663488
2.758758e-07,-0.0052541418
2.759758e-07,-0.0052505515
2.760758e-07,-0.0052591682
2.761758e-07,-0.0052778378
2.762758e-07,-0.0052979435
2.763758e-07,-0.0053079963
2.764758e-07,-0.005304406
2.765758e-07,-0.0052900448
2.766758e-07,-0.0052728114
2.767758e-07,-0.0052620404
2.768758e-07,-0.0052627585
2.769758e-07,-0.0052720933
2.770758e-07,-0.0052821461
2.771758e-07,-0.0052850184
2.772758e-07,-0.0052764017
2.773758e-07,-0.0052606043
2.774758e-07,-0.005244807
2.775758e-07,-0.0052390625
2.776758e-07,-0.005245525
2.777758e-07,-0.0052591682
2.778758e-07,-0.0052720933
2.779758e-07,-0.0052735294
2.780758e-07,-0.0052606043
2.781758e-07,-0.0052369083
2.782758e-07,-0.0052110581
2.783758e-07,-0.0051931066
2.784758e-07,-0.0051866441
2.785758e-07,-0.0051887983
2.786758e-07,-0.0051931066
2.787758e-07,-0.0051931066
2.788758e-07,-0.0051866441
2.789758e-07,-0.0051794635
2.790758e-07,-0.0051794635
2.791758e-07,-0.0051931066
2.792758e-07,-0.0052196749
2.793758e-07,-0.0052519876
2.794758e-07,-0.0052771197
2.795758e-07,-0.0052850184
2.796758e-07,-0.0052735294
2.797758e-07,-0.0052498334
2.798758e-07,-0.0052268555
2.799758e-07,-0.0052160846
2.800758e-07,-0.0052225471
2.801758e-07,-0.0052412167
2.802758e-07,-0.0052620404
2.803758e-07,-0.0052735294
2.804758e-07,-0.0052713752
2.805758e-07,-0.0052584501
2.806758e-07,-0.0052440889
2.807758e-07,-0.0052390625
2.808758e-07,-0.005245525
2.809758e-07,-0.0052598863
2.810758e-07,-0.0052720933
2.811758e-07,-0.0052735294
2.812758e-07,-0.0052620404
2.813758e-07,-0.0052433709
2.814758e-07,-0.0052290097
2.815758e-07,-0.0052275735
2.816758e-07,-0.0052426528
2.817758e-07,-0.0052663488
2.818758e-07,-0.0052886087
2.819758e-07,-0.0052965074
2.820758e-07,-0.0052878906
2.821758e-07,-0.0052670669
2.822758e-07,-0.0052476792
2.823758e-07,-0.0052390625
2.824758e-07,-0.0052462431
2.825758e-07,-0.0052641946
2.826758e-07,-0.00528071
2.827758e-07,-0.0052850184
2.828758e-07,-0.0052735294
2.829758e-07,-0.0052527057
2.830758e-07,-0.005233318
2.831758e-07,-0.0052275735
2.832758e-07,-0.0052397806
2.833758e-07,-0.0052634766
2.834758e-07,-0.0052871726
2.835758e-07,-0.0052965074
2.836758e-07,-0.0052871726
2.837758e-07,-0.0052620404
2.838758e-07,-0.0052340361
2.839758e-07,-0.0052160846
2.840758e-07,-0.0052139304
2.841758e-07,-0.0052261374
2.842758e-07,-0.0052419347
2.843758e-07,-0.0052505515
2.844758e-07,-0.0052469612
2.845758e-07,-0.0052340361
2.846758e-07,-0.0052203929
2.847758e-07,-0.0052160846
2.848758e-07,-0.0052247013
2.849758e-07,-0.0052412167
2.850758e-07,-0.005257014
2.851758e-07,-0.0052620404
2.852758e-07,-0.0052527057
2.853758e-07,-0.005233318
2.854758e-07,-0.0052139304
2.855758e-07,-0.0052045956
2.856758e-07,-0.0052081859
2.857758e-07,-0.0052203929
2.858758e-07,-0.0052297277
2.859758e-07,-0.0052275735
2.860758e-07,-0.0052103401
2.861758e-07,-0.0051844899
2.862758e-07,-0.0051600758
2.863758e-07,-0.0051471507
2.864758e-07,-0.0051485869
2.865758e-07,-0.0051579216
2.866758e-07,-0.0051643842
2.867758e-07,-0.0051586397
2.868758e-07,-0.0051392521
2.869758e-07,-0.005114838
2.870758e-07,-0.0050983226
2.871758e-07,-0.0051011949
2.872758e-07,-0.0051248909
2.873758e-07,-0.0051600758
2.874758e-07,-0.0051916705
2.875758e-07,-0.0052045956
2.876758e-07,-0.0051945427
2.877758e-07,-0.0051672564
2.878758e-07,-0.005138534
2.879758e-07,-0.0051241728
2.880758e-07,-0.0051313534
2.881758e-07,-0.0051557675
2.882758e-07,-0.005185208
2.883758e-07,-0.0052045956
2.884758e-07,-0.0052060317
2.885758e-07,-0.0051931066
2.886758e-07,-0.0051765912
2.887758e-07,-0.0051701287
2.888758e-07,-0.0051816176
2.889758e-07,-0.005208904
2.890758e-07,-0.0052397806
2.891758e-07,-0.0052620404
2.892758e-07,-0.0052670669
2.893758e-07,-0.005257014
2.894758e-07,-0.0052397806
2.895758e-07,-0.0052275735
2.896758e-07,-0.0052275735
2.897758e-07,-0.0052383444
2.898758e-07,-0.0052534237
2.899758e-07,-0.0052620404
2.900758e-07,-0.0052606043
2.901758e-07,-0.0052527057
2.902758e-07,-0.0052462431
2.903758e-07,-0.0052505515
2.904758e-07,-0.005268503
2.905758e-07,-0.0052957893
2.906758e-07,-0.0053202034
2.907758e-07,-0.0053309743
2.908758e-07,-0.0053230756
2.909758e-07,-0.0053015338
2.910758e-07,-0.0052771197
2.911758e-07,-0.0052620404
2.912758e-07,-0.0052627585
2.913758e-07,-0.0052771197
2.914758e-07,-0.0052957893
2.915758e-07,-0.0053079963
2.916758e-07,-0.0053094324
2.917758e-07,-0.0053015338
2.918758e-07,-0.0052943532
2.919758e-07,-0.0052965074
2.920758e-07,-0.0053108686
2.921758e-07,-0.0053331284
2.922758e-07,-0.00535108
2.923758e-07,-0.0053539522
2.924758e-07,-0.0053367188
2.925758e-07,-0.0053029699
2.926758e-07,-0.0052663488
2.927758e-07,-0.0052390625
2.928758e-07,-0.0052290097
2.929758e-07,-0.0052361903
2.930758e-07,-0.0052505515
2.931758e-07,-0.0052620404
2.932758e-07,-0.0052634766
2.933758e-07,-0.0052555779
2.934758e-07,-0.005244807
2.935758e-07,-0.0052390625
2.936758e-07,-0.0052433709
2.937758e-07,-0.005256296
2.938758e-07,-0.005269221
2.939758e-07,-0.0052735294
2.940758e-07,-0.0052656307
2.941758e-07,-0.0052483973
2.942758e-07,-0.0052290097
2.943758e-07,-0.0052160846
2.944758e-07,-0.0052139304
2.945758e-07,-0.0052196749
2.946758e-07,-0.0052261374
2.947758e-07,-0.0052275735
2.948758e-07,-0.005221111
2.949758e-07,-0.005209622
2.950758e-07,-0.0052024414
2.951758e-07,-0.0052045956
2.952758e-07,-0.0052168026
2.953758e-07,-0.005233318
2.954758e-07,-0.0052433709
2.955758e-07,-0.0052390625
2.956758e-07,-0.0052182387
2.957758e-07,-0.0051887983
2.958758e-07,-0.0051615119
2.959758e-07,-0.0051471507
2.960758e-07,-0.0051485869
2.961758e-07,-0.0051607939
2.962758e-07,-0.0051715648
2.963758e-07,-0.0051701287
2.964758e-07,-0.0051528952
2.965758e-07,-0.0051248909
2.966758e-07,-0.0050961684
2.967758e-07,-0.0050782169
2.968758e-07,-0.0050753447
2.969758e-07,-0.0050839614
2.970758e-07,-0.0050918601
2.971758e-07,-0.0050897059
2.972758e-07,-0.0050724724
2.973758e-07,-0.00504375
2.974758e-07,-0.0050150276
2.975758e-07,-0.0049977941
2.976758e-07,-0.0049970761
2.977758e-07,-0.0050100011
2.978758e-07,-0.0050250804
2.979758e-07,-0.005032261
2.980758e-07,-0.0050243624
2.981758e-07,-0.0050035386
2.982758e-07,-0.0049798426
2.983758e-07,-0.0049633272
2.984758e-07,-0.004961173
2.985758e-07,-0.0049712259
2.986758e-07,-0.0049870232
2.987758e-07,-0.0049977941
2.988758e-07,-0.0049992302
2.989758e-07,-0.0049920496
2.990758e-07,-0.004984869
2.991758e-07,-0.0049863051
2.992758e-07,-0.0050006664
2.993758e-07,-0.0050243624
2.994758e-07,-0.0050494945
2.995758e-07,-0.0050667279
2.996758e-07,-0.0050710363
2.997758e-07,-0.0050667279
2.998758e-07,-0.0050617015
2.999758e-07,-0.0050667279
3.000758e-07,-0.0050875517
3.001758e-07,-0.0051227367
3.002758e-07,-0.0051615119
3.003758e-07,-0.0051931066
3.004758e-07,-0.005209622
3.005758e-07,-0.0052103401
3.006758e-07,-0.0052017233
3.007758e-07,-0.0051931066
3.008758e-07,-0.0051909524
3.009758e-07,-0.0051966969
3.010758e-07,-0.0052074678
3.011758e-07,-0.0052160846
3.012758e-07,-0.0052196749
3.013758e-07,-0.0052196749
3.014758e-07,-0.0052203929
3.015758e-07,-0.0052275735
3.016758e-07,-0.0052426528
3.017758e-07,-0.0052627585
3.018758e-07,-0.0052792739
3.019758e-07,-0.0052850184
3.020758e-07,-0.0052764017
3.021758e-07,-0.005257014
3.022758e-07,-0.005233318
3.023758e-07,-0.0052160846
3.024758e-07,-0.005208904
3.025758e-07,-0.0052117762
3.026758e-07,-0.0052160846
3.027758e-07,-0.0052160846
3.028758e-07,-0.0052060317
3.029758e-07,-0.0051887983
3.030758e-07,-0.0051701287
3.031758e-07,-0.0051586397
3.032758e-07,-0.0051586397
3.033758e-07,-0.0051694106
3.034758e-07,-0.0051837718
3.035758e-07,-0.0051931066
3.036758e-07,-0.0051909524
3.037758e-07,-0.0051773093
3.038758e-07,-0.0051557675
3.039758e-07,-0.0051356618
3.040758e-07,-0.0051227367
3.041758e-07,-0.0051191464
3.042758e-07,-0.0051248909
3.043758e-07,-0.0051356618
3.044758e-07,-0.0051485869
3.045758e-07,-0.00516223
3.046758e-07,-0.0051765912
3.047758e-07,-0.0051931066
3.048758e-07,-0.005208904
3.049758e-07,-0.0052203929
3.050758e-07,-0.0052232652
3.051758e-07,-0.0052160846
3.052758e-07,-0.0052010053
3.053758e-07,-0.005185926
3.054758e-07,-0.0051773093
3.055758e-07,-0.0051816176
3.056758e-07,-0.005198133
3.057758e-07,-0.0052203929
3.058758e-07,-0.0052397806
3.059758e-07,-0.0052505515
3.060758e-07,-0.0052498334
3.061758e-07,-0.0052412167
3.062758e-07,-0.0052318819
3.063758e-07,-0.0052275735
3.064758e-07,-0.0052290097
3.065758e-07,-0.005233318
3.066758e-07,-0.0052340361
3.067758e-07,-0.0052275735
3.068758e-07,-0.0052153665
3.069758e-07,-0.0052031595
3.070758e-07,-0.005198133
3.071758e-07,-0.0052045956
3.072758e-07,-0.0052196749
3.073758e-07,-0.0052361903
3.074758e-07,-0.005244807
3.075758e-07,-0.0052390625
3.076758e-07,-0.005221111
3.077758e-07,-0.0052010053
3.078758e-07,-0.0051887983
3.079758e-07,-0.0051931066
3.080758e-07,-0.0052132123
3.081758e-07,-0.0052397806
3.082758e-07,-0.0052591682
3.083758e-07,-0.0052620404
3.084758e-07,-0.0052469612
3.085758e-07,-0.005221111
3.086758e-07,-0.0051995692
3.087758e-07,-0.0051931066
3.088758e-07,-0.0052060317
3.089758e-07,-0.0052318819
3.090758e-07,-0.0052584501
3.091758e-07,-0.0052735294
3.092758e-07,-0.0052713752
3.093758e-07,-0.0052577321
3.094758e-07,-0.0052433709
3.095758e-07,-0.0052390625
3.096758e-07,-0.0052505515
3.097758e-07,-0.0052735294
3.098758e-07,-0.0052965074
3.099758e-07,-0.0053079963
3.100758e-07,-0.0053015338
3.101758e-07,-0.00528071
3.102758e-07,-0.0052555779
3.103758e-07,-0.0052390625
3.104758e-07,-0.0052376264
3.105758e-07,-0.0052505515
3.106758e-07,-0.005269221
3.107758e-07,-0.0052850184
3.108758e-07,-0.0052914809
3.109758e-07,-0.0052886087
3.110758e-07,-0.0052843003
3.111758e-07,-0.0052850184
3.112758e-07,-0.0052950712
3.113758e-07,-0.0053108686
3.114758e-07,-0.0053259478
3.115758e-07,-0.0053309743
3.116758e-07,-0.0053237937
3.117758e-07,-0.0053087144
3.118758e-07,-0.005292917
3.119758e-07,-0.0052850184
3.120758e-07,-0.0052878906
3.121758e-07,-0.0052965074
3.122758e-07,-0.0053022518
3.123758e-07,-0.0052965074
3.124758e-07,-0.0052771197
3.125758e-07,-0.0052505515
3.126758e-07,-0.0052261374
3.127758e-07,-0.0052160846
3.128758e-07,-0.0052232652
3.129758e-07,-0.0052433709
3.130758e-07,-0.0052641946
3.131758e-07,-0.0052735294
3.132758e-07,-0.0052641946
3.133758e-07,-0.0052376264
3.134758e-07,-0.0052024414
3.135758e-07,-0.0051701287
3.136758e-07,-0.0051485869
3.137758e-07,-0.0051392521
3.138758e-07,-0.0051370979
3.139758e-07,-0.0051356618
3.140758e-07,-0.0051327895
3.141758e-07,-0.0051299173
3.142758e-07,-0.0051327895
3.143758e-07,-0.0051471507
3.144758e-07,-0.0051722829
3.145758e-07,-0.0052017233
3.146758e-07,-0.0052232652
3.147758e-07,-0.0052275735
3.148758e-07,-0.0052103401
3.149758e-07,-0.0051787454
3.150758e-07,-0.0051449966
3.151758e-07,-0.0051241728
3.152758e-07,-0.0051241728
3.153758e-07,-0.0051435604
3.154758e-07,-0.0051751551
3.155758e-07,-0.0052045956
3.156758e-07,-0.0052247013
3.157758e-07,-0.0052326
3.158758e-07,-0.0052347541
3.159758e-07,-0.0052390625
3.160758e-07,-0.0052505515
3.161758e-07,-0.005269221
3.162758e-07,-0.0052871726
3.163758e-07,-0.0052965074
3.164758e-07,-0.0052914809
3.165758e-07,-0.0052742475
3.166758e-07,-0.0052527057
3.167758e-07,-0.0052390625
3.168758e-07,-0.0052412167
3.169758e-07,-0.0052598863
3.170758e-07,-0.0052893267
3.171758e-07,-0.0053194853
3.172758e-07,-0.005339591
3.173758e-07,-0.0053460535
3.174758e-07,-0.0053410271
3.175758e-07,-0.0053309743
3.176758e-07,-0.0053237937
3.177758e-07,-0.0053237937
3.178758e-07,-0.0053309743
3.179758e-07,-0.0053424632
3.180758e-07,-0.0053546703
3.181758e-07,-0.0053661592
3.182758e-07,-0.0053762121
3.183758e-07,-0.0053884191
3.184758e-07,-0.0054027803
3.185758e-07,-0.0054178596
3.186758e-07,-0.0054293486
3.187758e-07,-0.005434375
3.188758e-07,-0.0054300666
3.189758e-07,-0.0054200138
3.190758e-07,-0.0054078068
3.191758e-07,-0.0053999081
3.192758e-07,-0.0054013442
3.193758e-07,-0.0054113971
3.194758e-07,-0.0054279125
3.195758e-07,-0.005445864
3.196758e-07,-0.0054602252
3.197758e-07,-0.005470278
3.198758e-07,-0.0054760225
3.199758e-07,-0.0054803309
3.200758e-07,-0.0054846392
3.201758e-07,-0.0054882295
3.202758e-07,-0.0054911018
3.203758e-07,-0.0054918199
3.204758e-07,-0.0054911018
3.205758e-07,-0.0054918199
3.206758e-07,-0.0054954102
3.207758e-07,-0.0055033088
3.208758e-07,-0.0055140797
3.209758e-07,-0.0055241326
3.210758e-07,-0.0055284409
3.211758e-07,-0.0055262868
3.212758e-07,-0.0055191062
3.213758e-07,-0.0055112075
3.214758e-07,-0.0055090533
3.215758e-07,-0.0055147978
3.216758e-07,-0.0055262868
3.217758e-07,-0.0055384938
3.218758e-07,-0.0055435202
3.219758e-07,-0.0055377757
3.220758e-07,-0.0055234145
3.221758e-07,-0.0055076172
3.222758e-07,-0.0054982824
3.223758e-07,-0.0055033088
3.224758e-07,-0.0055212603
3.225758e-07,-0.0055456744
3.226758e-07,-0.0055657801
3.227758e-07,-0.0055722426
3.228758e-07,-0.0055621898
3.229758e-07,-0.0055392119
3.230758e-07,-0.0055119256
3.231758e-07,-0.0054918199
3.232758e-07,-0.0054832031
3.233758e-07,-0.0054867934
3.234758e-07,-0.0054954102
3.235758e-07,-0.0055033088
3.236758e-07,-0.005505463
3.237758e-07,-0.0055011546
3.238758e-07,-0.0054954102
3.239758e-07,-0.0054918199
3.240758e-07,-0.0054925379
3.241758e-07,-0.0054961282
3.242758e-07,-0.0054975643
3.243758e-07,-0.0054918199
3.244758e-07,-0.0054774586
3.245758e-07,-0.0054559168
3.246758e-07,-0.0054322208
3.247758e-07,-0.0054113971
3.248758e-07,-0.0053948817
3.249758e-07,-0.0053819566
3.250758e-07,-0.0053690315
3.251758e-07,-0.0053539522
3.252758e-07,-0.0053381549
3.253758e-07,-0.0053245117
3.254758e-07,-0.0053180492
3.255758e-07,-0.0053194853
3.256758e-07,-0.0053259478
3.257758e-07,-0.0053302562
3.258758e-07,-0.0053252298
3.259758e-07,-0.0053079963
3.260758e-07,-0.0052821461
3.261758e-07,-0.0052555779
3.262758e-07,-0.0052397806
3.263758e-07,-0.0052390625
3.264758e-07,-0.0052519876
3.265758e-07,-0.005269221
3.266758e-07,-0.0052792739
3.267758e-07,-0.0052735294
3.268758e-07,-0.0052519876
3.269758e-07,-0.0052225471
3.270758e-07,-0.0051995692
3.271758e-07,-0.0051931066
3.272758e-07,-0.0052045956
3.273758e-07,-0.0052268555
3.274758e-07,-0.0052469612
3.275758e-07,-0.0052505515
3.276758e-07,-0.0052340361
3.277758e-07,-0.0052024414
3.278758e-07,-0.0051686926
3.279758e-07,-0.0051471507
3.280758e-07,-0.0051464327
3.281758e-07,-0.0051643842
3.282758e-07,-0.0051916705
3.283758e-07,-0.0052160846
3.284758e-07,-0.0052282916
3.285758e-07,-0.0052268555
3.286758e-07,-0.0052196749
3.287758e-07,-0.0052160846
3.288758e-07,-0.0052232652
3.289758e-07,-0.0052412167
3.290758e-07,-0.0052649127
3.291758e-07,-0.0052850184
3.292758e-07,-0.0052943532
3.293758e-07,-0.005292199
3.294758e-07,-0.0052821461
3.295758e-07,-0.0052735294
3.296758e-07,-0.0052713752
3.297758e-07,-0.0052764017
3.298758e-07,-0.0052871726
3.299758e-07,-0.0052965074
3.300758e-07,-0.0053015338
3.301758e-07,-0.0053029699
3.302758e-07,-0.005303688
3.303758e-07,-0.0053079963
3.304758e-07,-0.0053187672
3.305758e-07,-0.0053331284
3.306758e-07,-0.0053460535
3.307758e-07,-0.0053539522
3.308758e-07,-0.0053539522
3.309758e-07,-0.0053482077
3.310758e-07,-0.0053424632
3.311758e-07,-0.0053424632
3.312758e-07,-0.0053496438
3.313758e-07,-0.0053611328
3.314758e-07,-0.0053719037
3.315758e-07,-0.0053769301
3.316758e-07,-0.0053740579
3.317758e-07,-0.0053675954
3.318758e-07,-0.0053625689
3.319758e-07,-0.0053654412
3.320758e-07,-0.0053762121
3.321758e-07,-0.0053920094
3.322758e-07,-0.0054056526
3.323758e-07,-0.0054113971
3.324758e-07,-0.0054085248
3.325758e-07,-0.00539919
3.326758e-07,-0.0053912914
3.327758e-07,-0.0053884191
3.328758e-07,-0.0053905733
3.329758e-07,-0.0053912914
3.330758e-07,-0.0053848288
3.331758e-07,-0.0053654412
3.332758e-07,-0.0053345646
3.333758e-07,-0.0053000977
3.334758e-07,-0.0052728114
3.335758e-07,-0.0052620404
3.336758e-07,-0.005268503
3.337758e-07,-0.0052864545
3.338758e-07,-0.0053029699
3.339758e-07,-0.0053079963
3.340758e-07,-0.0052972254
3.341758e-07,-0.0052735294
3.342758e-07,-0.0052469612
3.343758e-07,-0.0052275735
3.344758e-07,-0.0052196749
3.345758e-07,-0.0052225471
3.346758e-07,-0.0052275735
3.347758e-07,-0.0052275735
3.348758e-07,-0.0052189568
3.349758e-07,-0.0052060317
3.350758e-07,-0.0051945427
3.351758e-07,-0.0051931066
3.352758e-07,-0.0052038775
3.353758e-07,-0.005221111
3.354758e-07,-0.0052361903
3.355758e-07,-0.0052390625
3.356758e-07,-0.0052261374
3.357758e-07,-0.0052017233
3.358758e-07,-0.0051751551
3.359758e-07,-0.0051586397
3.360758e-07,-0.0051579216
3.361758e-07,-0.0051730009
3.362758e-07,-0.0051952608
3.363758e-07,-0.0052160846
3.364758e-07,-0.0052282916
3.365758e-07,-0.0052326
3.366758e-07,-0.005233318
3.367758e-07,-0.0052390625
3.368758e-07,-0.0052527057
3.369758e-07,-0.0052720933
3.370758e-07,-0.0052893267
3.371758e-07,-0.0052965074
3.372758e-07,-0.0052886087
3.373758e-07,-0.0052670669
3.374758e-07,-0.0052390625
3.375758e-07,-0.0052160846
3.376758e-07,-0.0052045956
3.377758e-07,-0.0052060317
3.378758e-07,-0.0052160846
3.379758e-07,-0.0052275735
3.380758e-07,-0.0052340361
3.381758e-07,-0.0052347541
3.382758e-07,-0.0052304458
3.383758e-07,-0.0052275735
3.384758e-07,-0.0052282916
3.385758e-07,-0.0052326
3.386758e-07,-0.0052376264
3.387758e-07,-0.0052390625
3.388758e-07,-0.0052347541
3.389758e-07,-0.0052282916
3.390758e-07,-0.0052239832
3.391758e-07,-0.0052275735
3.392758e-07,-0.0052412167
3.393758e-07,-0.0052620404
3.394758e-07,-0.0052828642
3.395758e-07,-0.0052965074
3.396758e-07,-0.0053000977
3.397758e-07,-0.0052950712
3.398758e-07,-0.0052878906
3.399758e-07,-0.0052850184
3.400758e-07,-0.0052914809
3.401758e-07,-0.0053051241
3.402758e-07,-0.0053209214
3.403758e-07,-0.0053309743
3.404758e-07,-0.0053295381
3.405758e-07,-0.0053180492
3.406758e-07,-0.0053000977
3.407758e-07,-0.0052850184
3.408758e-07,-0.0052778378
3.409758e-07,-0.0052814281
3.410758e-07,-0.0052936351
3.411758e-07,-0.0053079963
3.412758e-07,-0.0053194853
3.413758e-07,-0.0053252298
3.414758e-07,-0.0053245117
3.415758e-07,-0.0053194853
3.416758e-07,-0.0053123047
3.417758e-07,-0.005303688
3.418758e-07,-0.0052943532
3.419758e-07,-0.0052850184
3.420758e-07,-0.0052771197
3.421758e-07,-0.0052735294
3.422758e-07,-0.0052756836
3.423758e-07,-0.0052850184
3.424758e-07,-0.0052986615
3.425758e-07,-0.0053115866
3.426758e-07,-0.0053194853
3.427758e-07,-0.0053194853
3.428758e-07,-0.0053137408
3.429758e-07,-0.0053072783
3.430758e-07,-0.005304406
3.431758e-07,-0.0053079963
3.432758e-07,-0.0053166131
3.433758e-07,-0.0053245117
3.434758e-07,-0.0053259478
3.435758e-07,-0.0053194853
3.436758e-07,-0.0053072783
3.437758e-07,-0.0052972254
3.438758e-07,-0.0052957893
3.439758e-07,-0.0053079963
3.440758e-07,-0.0053302562
3.441758e-07,-0.0053532341
3.442758e-07,-0.0053675954
3.443758e-07,-0.0053654412
3.444758e-07,-0.0053489258
3.445758e-07,-0.0053259478
3.446758e-07,-0.0053087144
3.447758e-07,-0.0053079963
3.448758e-07,-0.0053252298
3.449758e-07,-0.0053539522
3.450758e-07,-0.0053826746
3.451758e-07,-0.0053999081
3.452758e-07,-0.0054006261
3.453758e-07,-0.0053877011
3.454758e-07,-0.0053690315
3.455758e-07,-0.0053539522
3.456758e-07,-0.0053482077
3.457758e-07,-0.0053496438
3.458758e-07,-0.0053539522
3.459758e-07,-0.0053539522
3.460758e-07,-0.0053474897
3.461758e-07,-0.0053374368
3.462758e-07,-0.0053295381
3.463758e-07,-0.0053309743
3.464758e-07,-0.0053424632
3.465758e-07,-0.0053589786
3.466758e-07,-0.0053726218
3.467758e-07,-0.0053769301
3.468758e-07,-0.0053690315
3.469758e-07,-0.0053532341
3.470758e-07,-0.0053381549
3.471758e-07,-0.0053309743
3.472758e-07,-0.0053338465
3.473758e-07,-0.0053438994
3.474758e-07,-0.0053532341
3.475758e-07,-0.0053539522
3.476758e-07,-0.0053446174
3.477758e-07,-0.0053288201
3.478758e-07,-0.0053144589
3.479758e-07,-0.0053079963
3.480758e-07,-0.0053108686
3.481758e-07,-0.0053173311
3.482758e-07,-0.0053187672
3.483758e-07,-0.0053079963
3.484758e-07,-0.0052835823
3.485758e-07,-0.0052505515
3.486758e-07,-0.005221111
3.487758e-07,-0.0052045956
3.488758e-07,-0.0052053136
3.489758e-07,-0.0052196749
3.490758e-07,-0.0052376264
3.491758e-07,-0.0052505515
3.492758e-07,-0.0052519876
3.493758e-07,-0.0052426528
3.494758e-07,-0.0052290097
3.495758e-07,-0.0052160846
3.496758e-07,-0.0052067498
3.497758e-07,-0.0051995692
3.498758e-07,-0.0051880802
3.499758e-07,-0.0051701287
3.500758e-07,-0.0051471507
3.501758e-07,-0.005126327
3.502758e-07,-0.0051162741
3.503758e-07,-0.0051241728
3.504758e-07,-0.0051478688
3.505758e-07,-0.0051787454
3.506758e-07,-0.0052045956
3.507758e-07,-0.0052160846
3.508758e-07,-0.0052110581
3.509758e-07,-0.0051959789
3.510758e-07,-0.0051830538
3.511758e-07,-0.0051816176
3.512758e-07,-0.0051938247
3.513758e-07,-0.0052132123
3.514758e-07,-0.0052275735
3.515758e-07,-0.0052275735
3.516758e-07,-0.0052110581
3.517758e-07,-0.0051866441
3.518758e-07,-0.0051686926
3.519758e-07,-0.0051701287
3.520758e-07,-0.0051959789
3.521758e-07,-0.0052376264
3.522758e-07,-0.00528071
3.523758e-07,-0.0053079963
3.524758e-07,-0.0053115866
3.525758e-07,-0.0052936351
3.526758e-07,-0.005268503
3.527758e-07,-0.0052505515
3.528758e-07,-0.0052519876
3.529758e-07,-0.0052728114
3.530758e-07,-0.005303688
3.531758e-07,-0.0053309743
3.532758e-07,-0.0053446174
3.533758e-07,-0.0053417452
3.534758e-07,-0.0053302562
3.535758e-07,-0.0053194853
3.536758e-07,-0.0053194853
3.537758e-07,-0.0053338465
3.538758e-07,-0.0053561064
3.539758e-07,-0.0053769301
3.540758e-07,-0.0053884191
3.541758e-07,-0.0053877011
3.542758e-07,-0.0053776482
3.543758e-07,-0.0053654412
3.544758e-07,-0.0053575425
3.545758e-07,-0.0053561064
3.546758e-07,-0.0053596967
3.547758e-07,-0.0053654412
3.548758e-07,-0.0053690315
3.549758e-07,-0.0053711857
3.550758e-07,-0.0053726218
3.551758e-07,-0.0053769301
3.552758e-07,-0.0053826746
3.553758e-07,-0.0053855469
3.554758e-07,-0.0053812385
3.555758e-07,-0.0053654412
3.556758e-07,-0.005339591
3.557758e-07,-0.0053115866
3.558758e-07,-0.0052907629
3.559758e-07,-0.0052850184
3.560758e-07,-0.0052965074
3.561758e-07,-0.0053194853
3.562758e-07,-0.0053424632
3.563758e-07,-0.0053539522
3.564758e-07,-0.0053474897
3.565758e-07,-0.0053245117
3.566758e-07,-0.005292917
3.567758e-07,-0.0052620404
3.568758e-07,-0.0052404986
3.569758e-07,-0.0052290097
3.570758e-07,-0.0052268555
3.571758e-07,-0.0052275735
3.572758e-07,-0.0052282916
3.573758e-07,-0.0052297277
3.574758e-07,-0.0052326
3.575758e-07,-0.0052390625
3.576758e-07,-0.0052483973
3.577758e-07,-0.005257014
3.578758e-07,-0.0052591682
3.579758e-07,-0.0052505515
3.580758e-07,-0.005233318
3.581758e-07,-0.0052139304
3.582758e-07,-0.0051988511
3.583758e-07,-0.0051931066
3.584758e-07,-0.005197415
3.585758e-07,-0.0052067498
3.586758e-07,-0.0052146484
3.587758e-07,-0.0052160846
3.588758e-07,-0.0052124943
3.589758e-07,-0.005209622
3.590758e-07,-0.0052139304
3.591758e-07,-0.0052275735
3.592758e-07,-0.0052476792
3.593758e-07,-0.0052656307
3.594758e-07,-0.0052713752
3.595758e-07,-0.0052620404
3.596758e-07,-0.0052419347
3.597758e-07,-0.0052239832
3.598758e-07,-0.0052203929
3.599758e-07,-0.0052390625
3.600758e-07,-0.0052764017
3.601758e-07,-0.0053202034
3.602758e-07,-0.0053532341
3.603758e-07,-0.0053654412
3.604758e-07,-0.0053561064
3.605758e-07,-0.0053352826
3.606758e-07,-0.0053187672
3.607758e-07,-0.0053194853
3.608758e-07,-0.0053374368
3.609758e-07,-0.0053640051
3.610758e-07,-0.0053812385
3.611758e-07,-0.0053769301
3.612758e-07,-0.0053496438
3.613758e-07,-0.0053087144
3.614758e-07,-0.0052742475
3.615758e-07,-0.0052620404
3.616758e-07,-0.0052778378
3.617758e-07,-0.0053144589
3.618758e-07,-0.0053539522
3.619758e-07,-0.0053769301
3.620758e-07,-0.0053740579
3.621758e-07,-0.0053482077
3.622758e-07,-0.0053130227
3.623758e-07,-0.0052850184
3.624758e-07,-0.0052742475
3.625758e-07,-0.0052792739
3.626758e-07,-0.0052914809
3.627758e-07,-0.0052965074
3.628758e-07,-0.0052864545
3.629758e-07,-0.0052627585
3.630758e-07,-0.0052347541
3.631758e-07,-0.0052160846
3.632758e-07,-0.0052132123
3.633758e-07,-0.0052254193
3.634758e-07,-0.0052419347
3.635758e-07,-0.0052505515
3.636758e-07,-0.0052440889
3.637758e-07,-0.0052239832
3.638758e-07,-0.0051995692
3.639758e-07,-0.0051816176
3.640758e-07,-0.0051780273
3.641758e-07,-0.0051873621
3.642758e-07,-0.0051995692
3.643758e-07,-0.0052045956
3.644758e-07,-0.0051945427
3.645758e-07,-0.0051730009
3.646758e-07,-0.0051493049
3.647758e-07,-0.0051356618
3.648758e-07,-0.0051406882
3.649758e-07,-0.0051629481
3.650758e-07,-0.0051931066
3.651758e-07,-0.0052160846
3.652758e-07,-0.005221829
3.653758e-07,-0.0052074678
3.654758e-07,-0.0051787454
3.655758e-07,-0.0051471507
3.656758e-07,-0.0051220186
3.657758e-07,-0.0051083755
3.658758e-07,-0.005103349
3.659758e-07,-0.0051011949
3.660758e-07,-0.0050961684
3.661758e-07,-0.0050861156
3.662758e-07,-0.0050746266
3.663758e-07,-0.0050667279
3.664758e-07,-0.0050667279
3.665758e-07,-0.0050731905
3.666758e-07,-0.0050825253
3.667758e-07,-0.0050897059
3.668758e-07,-0.005091142
3.669758e-07,-0.0050889878
3.670758e-07,-0.0050868336
3.671758e-07,-0.0050897059
3.672758e-07,-0.0050997587
3.673758e-07,-0.0051126838
3.674758e-07,-0.0051227367
3.675758e-07,-0.0051241728
3.676758e-07,-0.005114838
3.677758e-07,-0.0050990407
3.678758e-07,-0.0050846795
3.679758e-07,-0.0050782169
3.680758e-07,-0.0050839614
3.681758e-07,-0.0050976045
3.682758e-07,-0.0051141199
3.683758e-07,-0.0051241728
3.684758e-07,-0.005126327
3.685758e-07,-0.0051220186
3.686758e-07,-0.0051191464
3.687758e-07,-0.0051241728
3.688758e-07,-0.0051399701
3.689758e-07,-0.0051615119
3.690758e-07,-0.0051823357
3.691758e-07,-0.0051931066
3.692758e-07,-0.0051895163
3.693758e-07,-0.005173719
3.694758e-07,-0.0051528952
3.695758e-07,-0.0051356618
3.696758e-07,-0.0051277631
3.697758e-07,-0.0051299173
3.698758e-07,-0.0051378159
3.699758e-07,-0.0051471507
3.700758e-07,-0.0051550494
3.701758e-07,-0.0051629481
3.702758e-07,-0.0051751551
3.703758e-07,-0.0051931066
3.704758e-07,-0.0052168026
3.705758e-07,-0.0052390625
3.706758e-07,-0.0052527057
3.707758e-07,-0.0052505515
3.708758e-07,-0.0052326
3.709758e-07,-0.0052045956
3.710758e-07,-0.0051765912
3.711758e-07,-0.0051586397
3.712758e-07,-0.0051557675
3.713758e-07,-0.0051651023
3.714758e-07,-0.0051801815
3.715758e-07,-0.0051931066
3.716758e-07,-0.0051995692
3.717758e-07,-0.0052002872
3.718758e-07,-0.0052002872
3.719758e-07,-0.0052045956
3.720758e-07,-0.0052132123
3.721758e-07,-0.0052225471
3.722758e-07,-0.0052247013
3.723758e-07,-0.0052160846
3.724758e-07,-0.0051952608
3.725758e-07,-0.0051686926
3.726758e-07,-0.0051457146
3.727758e-07,-0.0051356618
3.728758e-07,-0.0051414062
3.729758e-07,-0.0051586397
3.730758e-07,-0.0051787454
3.731758e-07,-0.0051931066
3.732758e-07,-0.005198133
3.733758e-07,-0.0051945427
3.734758e-07,-0.0051909524
3.735758e-07,-0.0051931066
3.736758e-07,-0.0052031595
3.737758e-07,-0.0052175207
3.738758e-07,-0.0052282916
3.739758e-07,-0.0052275735
3.740758e-07,-0.0052139304
3.741758e-07,-0.0051916705
3.742758e-07,-0.0051701287
3.743758e-07,-0.0051586397
3.744758e-07,-0.00516223
3.745758e-07,-0.0051787454
3.746758e-07,-0.0051995692
3.747758e-07,-0.0052160846
3.748758e-07,-0.005221829
3.749758e-07,-0.0052160846
3.750758e-07,-0.0052045956
3.751758e-07,-0.0051931066
3.752758e-07,-0.005185208
3.753758e-07,-0.0051794635
3.754758e-07,-0.0051715648
3.755758e-07,-0.0051586397
3.756758e-07,-0.0051399701
3.757758e-07,-0.0051198644
3.758758e-07,-0.0051047852
3.759758e-07,-0.0051011949
3.760758e-07,-0.0051083755
3.761758e-07,-0.0051205825
3.762758e-07,-0.0051277631
3.763758e-07,-0.0051241728
3.764758e-07,-0.0051069393
3.765758e-07,-0.0050810892
3.766758e-07,-0.0050573932
3.767758e-07,-0.00504375
3.768758e-07,-0.0050444681
3.769758e-07,-0.005055239
3.770758e-07,-0.0050696002
3.771758e-07,-0.0050782169
3.772758e-07,-0.0050782169
3.773758e-07,-0.0050717544
3.774758e-07,-0.0050660099
3.775758e-07,-0.0050667279
3.776758e-07,-0.0050753447
3.777758e-07,-0.0050875517
3.778758e-07,-0.0050940142
3.779758e-07,-0.0050897059
3.780758e-07,-0.0050731905
3.781758e-07,-0.0050509306
3.782758e-07,-0.0050336972
3.783758e-07,-0.005032261
3.784758e-07,-0.0050494945
3.785758e-07,-0.005079653
3.786758e-07,-0.0051119658
3.787758e-07,-0.0051356618
3.788758e-07,-0.0051442785
3.789758e-07,-0.0051392521
3.790758e-07,-0.0051299173
3.791758e-07,-0.0051241728
3.792758e-07,-0.0051284812
3.793758e-07,-0.0051421243
3.794758e-07,-0.0051579216
3.795758e-07,-0.0051701287
3.796758e-07,-0.005174437
3.797758e-07,-0.005173719
3.798758e-07,-0.005173719
3.799758e-07,-0.0051816176
3.800758e-07,-0.0051988511
3.801758e-07,-0.0052203929
3.802758e-07,-0.0052404986
3.803758e-07,-0.0052505515
3.804758e-07,-0.0052483973
3.805758e-07,-0.0052390625
3.806758e-07,-0.0052290097
3.807758e-07,-0.0052275735
3.808758e-07,-0.0052361903
3.809758e-07,-0.0052519876
3.810758e-07,-0.0052663488
3.811758e-07,-0.0052735294
3.812758e-07,-0.0052720933
3.813758e-07,-0.0052670669
3.814758e-07,-0.005269221
3.815758e-07,-0.0052850184
3.816758e-07,-0.005315895
3.817758e-07,-0.0053539522
3.818758e-07,-0.0053855469
3.819758e-07,-0.0053999081
3.820758e-07,-0.0053905733
3.821758e-07,-0.0053618509
3.822758e-07,-0.0053266659
3.823758e-07,-0.0052965074
3.824758e-07,-0.0052814281
3.825758e-07,-0.0052828642
3.826758e-07,-0.0052943532
3.827758e-07,-0.0053079963
3.828758e-07,-0.0053173311
3.829758e-07,-0.0053223575
3.830758e-07,-0.0053252298
3.831758e-07,-0.0053309743
3.832758e-07,-0.005339591
3.833758e-07,-0.0053474897
3.834758e-07,-0.0053460535
3.835758e-07,-0.0053309743
3.836758e-07,-0.0053015338
3.837758e-07,-0.0052634766
3.838758e-07,-0.0052282916
3.839758e-07,-0.0052045956
3.840758e-07,-0.0051966969
3.841758e-07,-0.0052017233
3.842758e-07,-0.0052110581
3.843758e-07,-0.0052160846
3.844758e-07,-0.0052132123
3.845758e-07,-0.0052045956
3.846758e-07,-0.0051959789
3.847758e-07,-0.0051931066
3.848758e-07,-0.0051959789
3.849758e-07,-0.0052002872
3.850758e-07,-0.005197415
3.851758e-07,-0.0051816176
3.852758e-07,-0.0051543313
3.853758e-07,-0.0051227367
3.854758e-07,-0.0050983226
3.855758e-07,-0.0050897059
3.856758e-07,-0.0050976045
3.857758e-07,-0.005114838
3.858758e-07,-0.0051306353
3.859758e-07,-0.0051356618
3.860758e-07,-0.0051284812
3.861758e-07,-0.0051155561
3.862758e-07,-0.0051076574
3.863758e-07,-0.0051126838
3.864758e-07,-0.0051327895
3.865758e-07,-0.0051607939
3.866758e-07,-0.0051844899
3.867758e-07,-0.0051931066
3.868758e-07,-0.0051844899
3.869758e-07,-0.0051636661
3.870758e-07,-0.0051442785
3.871758e-07,-0.0051356618
3.872758e-07,-0.0051421243
3.873758e-07,-0.0051586397
3.874758e-07,-0.005174437
3.875758e-07,-0.0051816176
3.876758e-07,-0.0051765912
3.877758e-07,-0.0051665384
3.878758e-07,-0.0051615119
3.879758e-07,-0.0051701287
3.880758e-07,-0.0051931066
3.881758e-07,-0.0052225471
3.882758e-07,-0.005244807
3.883758e-07,-0.0052505515
3.884758e-07,-0.0052376264
3.885758e-07,-0.0052153665
3.886758e-07,-0.0051959789
3.887758e-07,-0.0051931066
3.888758e-07,-0.0052081859
3.889758e-07,-0.0052340361
3.890758e-07,-0.005256296
3.891758e-07,-0.0052620404
3.892758e-07,-0.0052476792
3.893758e-07,-0.005221829
3.894758e-07,-0.0051988511
3.895758e-07,-0.0051931066
3.896758e-07,-0.005209622
3.897758e-07,-0.0052412167
3.898758e-07,-0.0052720933
3.899758e-07,-0.0052850184
3.900758e-07,-0.0052728114
3.901758e-07,-0.0052397806
3.902758e-07,-0.0052002872
3.903758e-07,-0.0051701287
3.904758e-07,-0.0051593578
3.905758e-07,-0.0051672564
3.906758e-07,-0.0051823357
3.907758e-07,-0.0051931066
3.908758e-07,-0.0051902344
3.909758e-07,-0.0051758732
3.910758e-07,-0.0051579216
3.911758e-07,-0.0051471507
3.912758e-07,-0.005150023
3.913758e-07,-0.0051636661
3.914758e-07,-0.0051780273
3.915758e-07,-0.0051816176
3.916758e-07,-0.0051694106
3.917758e-07,-0.0051449966
3.918758e-07,-0.0051184283
3.919758e-07,-0.0051011949
3.920758e-07,-0.0050990407
3.921758e-07,-0.0051090935
3.922758e-07,-0.0051213006
3.923758e-07,-0.0051241728
3.924758e-07,-0.0051126838
3.925758e-07,-0.005091142
3.926758e-07,-0.0050717544
3.927758e-07,-0.0050667279
3.928758e-07,-0.0050825253
3.929758e-07,-0.0051162741
3.930758e-07,-0.0051543313
3.931758e-07,-0.0051816176
3.932758e-07,-0.0051880802
3.933758e-07,-0.005174437
3.934758e-07,-0.0051485869
3.935758e-07,-0.0051241728
3.936758e-07,-0.0051134019
3.937758e-07,-0.0051184283
3.938758e-07,-0.0051363798
3.939758e-07,-0.0051586397
3.940758e-07,-0.0051773093
3.941758e-07,-0.0051909524
3.942758e-07,-0.0052024414
3.943758e-07,-0.0052160846
3.944758e-07,-0.0052340361
3.945758e-07,-0.0052541418
3.946758e-07,-0.005269221
3.947758e-07,-0.0052735294
3.948758e-07,-0.0052663488
3.949758e-07,-0.0052512695
3.950758e-07,-0.0052397806
3.951758e-07,-0.0052390625
3.952758e-07,-0.0052527057
3.953758e-07,-0.0052764017
3.954758e-07,-0.0052986615
3.955758e-07,-0.0053079963
3.956758e-07,-0.0052993796
3.957758e-07,-0.0052756836
3.958758e-07,-0.0052476792
3.959758e-07,-0.0052275735
3.960758e-07,-0.0052225471
3.961758e-07,-0.0052326
3.962758e-07,-0.0052498334
3.963758e-07,-0.0052620404
3.964758e-07,-0.0052620404
3.965758e-07,-0.0052476792
3.966758e-07,-0.0052254193
3.967758e-07,-0.0052045956
3.968758e-07,-0.0051923886
3.969758e-07,-0.0051916705
3.970758e-07,-0.005197415
3.971758e-07,-0.0052045956
3.972758e-07,-0.0052060317
3.973758e-07,-0.0052002872
3.974758e-07,-0.0051909524
3.975758e-07,-0.0051816176
3.976758e-07,-0.0051773093
3.977758e-07,-0.0051773093
3.978758e-07,-0.0051801815
3.979758e-07,-0.0051816176
3.980758e-07,-0.0051801815
3.981758e-07,-0.0051773093
3.982758e-07,-0.0051773093
3.983758e-07,-0.0051816176
3.984758e-07,-0.0051909524
3.985758e-07,-0.0052017233
3.986758e-07,-0.0052074678
3.987758e-07,-0.0052045956
3.988758e-07,-0.0051923886
3.989758e-07,-0.0051758732
3.990758e-07,-0.0051629481
3.991758e-07,-0.0051586397
3.992758e-07,-0.0051658203
3.993758e-07,-0.0051794635
3.994758e-07,-0.0051945427
3.995758e-07,-0.0052045956
3.996758e-07,-0.0052074678
3.997758e-07,-0.0052074678
3.998758e-07,-0.005208904
3.999758e-07,-0.0052160846
4.000758e-07,-0.0052290097
4.001758e-07,-0.0052433709
4.002758e-07,-0.0052519876
4.003758e-07,-0.0052505515
4.004758e-07,-0.0052412167
4.005758e-07,-0.0052304458
4.006758e-07,-0.0052275735
4.007758e-07,-0.0052390625
4.008758e-07,-0.0052634766
4.009758e-07,-0.0052936351
4.010758e-07,-0.0053187672
4.011758e-07,-0.0053309743
4.012758e-07,-0.0053295381
4.013758e-07,-0.0053194853
4.014758e-07,-0.0053101505
4.015758e-07,-0.0053079963
4.016758e-07,-0.0053137408
4.017758e-07,-0.0053216395
4.018758e-07,-0.0053209214
4.019758e-07,-0.0053079963
4.020758e-07,-0.0052835823
4.021758e-07,-0.0052577321
4.022758e-07,-0.0052433709
4.023758e-07,-0.0052505515
4.024758e-07,-0.0052792739
4.025758e-07,-0.0053194853
4.026758e-07,-0.0053568244
4.027758e-07,-0.0053769301
4.028758e-07,-0.005374776
4.029758e-07,-0.0053546703
4.030758e-07,-0.005328102
4.031758e-07,-0.0053079963
4.032758e-07,-0.0052993796
4.033758e-07,-0.0053015338
4.034758e-07,-0.0053065602
4.035758e-07,-0.0053079963
4.036758e-07,-0.005303688
4.037758e-07,-0.0052986615
4.038758e-07,-0.0053022518
4.039758e-07,-0.0053194853
4.040758e-07,-0.0053489258
4.041758e-07,-0.0053805205
4.042758e-07,-0.0054013442
4.043758e-07,-0.0053999081
4.044758e-07,-0.005375494
4.045758e-07,-0.0053381549
4.046758e-07,-0.005303688
4.047758e-07,-0.0052850184
4.048758e-07,-0.0052878906
4.049758e-07,-0.0053072783
4.050758e-07,-0.0053295381
4.051758e-07,-0.0053424632
4.052758e-07,-0.0053410271
4.053758e-07,-0.0053309743
4.054758e-07,-0.0053237937
4.055758e-07,-0.0053309743
4.056758e-07,-0.0053561064
4.057758e-07,-0.0053934455
4.058758e-07,-0.0054279125
4.059758e-07,-0.005445864
4.060758e-07,-0.0054408375
4.061758e-07,-0.0054171415
4.062758e-07,-0.0053877011
4.063758e-07,-0.0053654412
4.064758e-07,-0.0053589786
4.065758e-07,-0.0053668773
4.066758e-07,-0.0053805205
4.067758e-07,-0.0053884191
4.068758e-07,-0.0053855469
4.069758e-07,-0.005374776
4.070758e-07,-0.0053647231
4.071758e-07,-0.0053654412
4.072758e-07,-0.0053798024
4.073758e-07,-0.0054027803
4.074758e-07,-0.0054243222
4.075758e-07,-0.005434375
4.076758e-07,-0.0054286305
4.077758e-07,-0.0054113971
4.078758e-07,-0.0053941636
4.079758e-07,-0.0053884191
4.080758e-07,-0.0053977539
4.081758e-07,-0.0054171415
4.082758e-07,-0.0054365292
4.083758e-07,-0.005445864
4.084758e-07,-0.0054415556
4.085758e-07,-0.0054286305
4.086758e-07,-0.0054192957
4.087758e-07,-0.005422886
4.088758e-07,-0.0054422737
4.089758e-07,-0.0054709961
4.090758e-07,-0.0054954102
4.091758e-07,-0.0055033088
4.092758e-07,-0.0054896657
4.093758e-07,-0.0054609432
4.094758e-07,-0.0054300666
4.095758e-07,-0.0054113971
4.096758e-07,-0.0054113971
4.097758e-07,-0.0054271944
4.098758e-07,-0.005446582
4.099758e-07,-0.0054573529
4.100758e-07,-0.0054537626
4.101758e-07,-0.0054394014
4.102758e-07,-0.0054250402
4.103758e-07,-0.005422886
4.104758e-07,-0.0054379653
4.105758e-07,-0.0054645335
4.106758e-07,-0.0054911018
4.107758e-07,-0.0055033088
4.108758e-07,-0.0054954102
4.109758e-07,-0.0054724322
4.110758e-07,-0.0054473001
4.111758e-07,-0.005434375
4.112758e-07,-0.0054422737
4.113758e-07,-0.0054666877
4.114758e-07,-0.0054968463
4.115758e-07,-0.0055147978
4.116758e-07,-0.0055104894
4.117758e-07,-0.0054839212
4.118758e-07,-0.005445864
4.119758e-07,-0.0054113971
4.120758e-07,-0.0053934455
4.121758e-07,-0.0053963178
4.122758e-07,-0.0054142693
4.123758e-07,-0.005434375
4.124758e-07,-0.005445864
4.125758e-07,-0.0054429917
4.126758e-07,-0.0054286305
4.127758e-07,-0.0054113971
4.128758e-07,-0.00539919
4.129758e-07,-0.0053963178
4.130758e-07,-0.0054020623
4.131758e-07,-0.0054113971
4.132758e-07,-0.0054200138
4.133758e-07,-0.0054250402
4.134758e-07,-0.0054286305
4.135758e-07,-0.005434375
4.136758e-07,-0.0054429917
4.137758e-07,-0.0054544807
4.138758e-07,-0.0054638155
4.139758e-07,-0.0054688419
4.140758e-07,-0.0054681239
4.141758e-07,-0.0054638155
4.142758e-07,-0.0054630974
4.143758e-07,-0.0054688419
4.144758e-07,-0.005481767
4.145758e-07,-0.0054982824
4.146758e-07,-0.0055104894
4.147758e-07,-0.0055147978
4.148758e-07,-0.0055097714
4.149758e-07,-0.0055011546
4.150758e-07,-0.0054968463
4.151758e-07,-0.0055033088
4.152758e-07,-0.0055205423
4.153758e-07,-0.0055435202
4.154758e-07,-0.0055636259
4.155758e-07,-0.0055722426
4.156758e-07,-0.0055679343
4.157758e-07,-0.0055550092
4.158758e-07,-0.0055420841
4.159758e-07,-0.0055377757
4.160758e-07,-0.0055449563
4.161758e-07,-0.0055614717
4.162758e-07,-0.0055801413
4.163758e-07,-0.0055952206
4.164758e-07,-0.0056045554
4.165758e-07,-0.005611736
4.166758e-07,-0.0056225069
4.167758e-07,-0.0056411765
4.168758e-07,-0.0056648725
4.169758e-07,-0.0056849782
4.170758e-07,-0.0056914407
4.171758e-07,-0.0056756434
4.172758e-07,-0.0056397403
4.173758e-07,-0.0055930664
4.174758e-07,-0.0055514189
4.175758e-07,-0.0055262868
4.176758e-07,-0.0055234145
4.177758e-07,-0.0055384938
4.178758e-07,-0.0055585995
4.179758e-07,-0.0055722426
4.180758e-07,-0.0055722426
4.181758e-07,-0.0055593176
4.182758e-07,-0.005541366
4.183758e-07,-0.0055262868
4.184758e-07,-0.00551767
4.185758e-07,-0.0055140797
4.186758e-07,-0.0055076172
4.187758e-07,-0.0054918199
4.188758e-07,-0.0054652516
4.189758e-07,-0.0054336569
4.190758e-07,-0.0054056526
4.191758e-07,-0.0053884191
4.192758e-07,-0.0053855469
4.193758e-07,-0.0053920094
4.194758e-07,-0.00539919
4.195758e-07,-0.0053999081
4.196758e-07,-0.0053912914
4.197758e-07,-0.0053776482
4.198758e-07,-0.0053668773
4.199758e-07,-0.0053654412
4.200758e-07,-0.0053733398
4.201758e-07,-0.0053841108
4.202758e-07,-0.0053877011
4.203758e-07,-0.0053769301
4.204758e-07,-0.0053532341
4.205758e-07,-0.0053245117
4.206758e-07,-0.0053022518
4.207758e-07,-0.0052965074
4.208758e-07,-0.0053065602
4.209758e-07,-0.0053237937
4.210758e-07,-0.0053352826
4.211758e-07,-0.0053309743
4.212758e-07,-0.0053087144
4.213758e-07,-0.0052785558
4.214758e-07,-0.0052555779
4.215758e-07,-0.0052505515
4.216758e-07,-0.0052677849
4.217758e-07,-0.0052972254
4.218758e-07,-0.0053230756
4.219758e-07,-0.0053309743
4.220758e-07,-0.0053137408
4.221758e-07,-0.0052785558
4.222758e-07,-0.0052404986
4.223758e-07,-0.0052160846
4.224758e-07,-0.0052153665
4.225758e-07,-0.0052347541
4.226758e-07,-0.0052634766
4.227758e-07,-0.0052850184
4.228758e-07,-0.0052893267
4.229758e-07,-0.0052749655
4.230758e-07,-0.0052505515
4.231758e-07,-0.0052275735
4.232758e-07,-0.0052146484
4.233758e-07,-0.0052132123
4.234758e-07,-0.0052160846
4.235758e-07,-0.0052160846
4.236758e-07,-0.0052074678
4.237758e-07,-0.0051923886
4.238758e-07,-0.0051773093
4.239758e-07,-0.0051701287
4.240758e-07,-0.005174437
4.241758e-07,-0.0051873621
4.242758e-07,-0.0051995692
4.243758e-07,-0.0052045956
4.244758e-07,-0.0051988511
4.245758e-07,-0.0051887983
4.246758e-07,-0.0051837718
4.247758e-07,-0.0051931066
4.248758e-07,-0.0052182387
4.249758e-07,-0.0052527057
4.250758e-07,-0.0052828642
4.251758e-07,-0.0052965074
4.252758e-07,-0.0052878906
4.253758e-07,-0.0052620404
4.254758e-07,-0.005233318
4.255758e-07,-0.0052160846
4.256758e-07,-0.0052189568
4.257758e-07,-0.0052404986
4.258758e-07,-0.0052713752
4.259758e-07,-0.0052965074
4.260758e-07,-0.0053079963
4.261758e-07,-0.005303688
4.262758e-07,-0.005292917
4.263758e-07,-0.0052850184
4.264758e-07,-0.0052893267
4.265758e-07,-0.0053087144
4.266758e-07,-0.0053367188
4.267758e-07,-0.0053654412
4.268758e-07,-0.0053884191
4.269758e-07,-0.0054034984
4.270758e-07,-0.0054135512
4.271758e-07,-0.005422886
4.272758e-07,-0.005434375
4.273758e-07,-0.005446582
4.274758e-07,-0.0054551988
4.275758e-07,-0.0054573529
4.276758e-07,-0.0054530446
4.277758e-07,-0.0054487362
4.278758e-07,-0.0054516085
4.279758e-07,-0.0054688419
4.280758e-07,-0.0054990005
4.281758e-07,-0.0055341854
4.282758e-07,-0.0055621898
4.283758e-07,-0.0055722426
4.284758e-07,-0.0055600356
4.285758e-07,-0.0055305951
4.286758e-07,-0.0054961282
4.287758e-07,-0.0054688419
4.288758e-07,-0.0054566349
4.289758e-07,-0.0054609432
4.290758e-07,-0.0054753045
4.291758e-07,-0.0054918199
4.292758e-07,-0.0055061811
4.293758e-07,-0.005516952
4.294758e-07,-0.0055262868
4.295758e-07,-0.0055377757
4.296758e-07,-0.0055492647
4.297758e-07,-0.0055542911
4.298758e-07,-0.0055485466
4.299758e-07,-0.0055262868
4.300758e-07,-0.0054925379
4.301758e-07,-0.0054559168
4.302758e-07,-0.0054300666
4.303758e-07,-0.005422886
4.304758e-07,-0.0054350931
4.305758e-07,-0.0054573529
4.306758e-07,-0.0054760225
4.307758e-07,-0.0054803309
4.308758e-07,-0.0054652516
4.309758e-07,-0.0054372472
4.310758e-07,-0.0054078068
4.311758e-07,-0.0053884191
4.312758e-07,-0.0053833927
4.313758e-07,-0.0053884191
4.314758e-07,-0.0053934455
4.315758e-07,-0.0053884191
4.316758e-07,-0.0053690315
4.317758e-07,-0.0053403091
4.318758e-07,-0.0053123047
4.319758e-07,-0.0052965074
4.320758e-07,-0.0052957893
4.321758e-07,-0.0053065602
4.322758e-07,-0.0053180492
4.323758e-07,-0.0053194853
4.324758e-07,-0.0053065602
4.325758e-07,-0.0052821461
4.326758e-07,-0.005256296
4.327758e-07,-0.0052390625
4.328758e-07,-0.0052347541
4.329758e-07,-0.0052390625
4.330758e-07,-0.0052433709
4.331758e-07,-0.0052390625
4.332758e-07,-0.0052239832
4.333758e-07,-0.0052031595
4.334758e-07,-0.0051895163
4.335758e-07,-0.0051931066
4.336758e-07,-0.0052160846
4.337758e-07,-0.0052512695
4.338758e-07,-0.0052828642
4.339758e-07,-0.0052965074
4.340758e-07,-0.0052843003
4.341758e-07,-0.0052505515
4.342758e-07,-0.0052103401
4.343758e-07,-0.0051816176
4.344758e-07,-0.0051773093
4.345758e-07,-0.0051988511
4.346758e-07,-0.0052361903
4.347758e-07,-0.0052735294
4.348758e-07,-0.0052972254
4.349758e-07,-0.0053008157
4.350758e-07,-0.0052893267
4.351758e-07,-0.0052735294
4.352758e-07,-0.0052634766
4.353758e-07,-0.0052641946
4.354758e-07,-0.0052742475
4.355758e-07,-0.0052850184
4.356758e-07,-0.0052893267
4.357758e-07,-0.0052835823
4.358758e-07,-0.0052720933
4.359758e-07,-0.0052620404
4.360758e-07,-0.0052606043
4.361758e-07,-0.0052713752
4.362758e-07,-0.0052893267
4.363758e-07,-0.0053079963
4.364758e-07,-0.0053180492
4.365758e-07,-0.0053137408
4.366758e-07,-0.0052972254
4.367758e-07,-0.0052735294
4.368758e-07,-0.0052512695
4.369758e-07,-0.0052369083
4.370758e-07,-0.005233318
4.371758e-07,-0.0052390625
4.372758e-07,-0.0052505515
4.373758e-07,-0.0052641946
4.374758e-07,-0.0052756836
4.375758e-07,-0.0052850184
4.376758e-07,-0.0052907629
4.377758e-07,-0.005292199
4.378758e-07,-0.0052900448
4.379758e-07,-0.0052850184
4.380758e-07,-0.0052792739
4.381758e-07,-0.0052764017
4.382758e-07,-0.0052778378
4.383758e-07,-0.0052850184
4.384758e-07,-0.0052950712
4.385758e-07,-0.0053051241
4.386758e-07,-0.0053094324
4.387758e-07,-0.0053079963
4.388758e-07,-0.0053029699
4.389758e-07,-0.0052993796
4.390758e-07,-0.005304406
4.391758e-07,-0.0053194853
4.392758e-07,-0.0053438994
4.393758e-07,-0.0053697495
4.394758e-07,-0.0053905733
4.395758e-07,-0.0053999081
4.396758e-07,-0.0053970358
4.397758e-07,-0.0053855469
4.398758e-07,-0.0053733398
4.399758e-07,-0.0053654412
4.400758e-07,-0.0053647231
4.401758e-07,-0.0053697495
4.402758e-07,-0.005374776
4.403758e-07,-0.0053769301
4.404758e-07,-0.0053762121
4.405758e-07,-0.005375494
4.406758e-07,-0.0053783663
4.407758e-07,-0.0053884191
4.408758e-07,-0.0054020623
4.409758e-07,-0.0054149874
4.410758e-07,-0.0054185777
4.411758e-07,-0.0054113971
4.412758e-07,-0.0053948817
4.413758e-07,-0.0053769301
4.414758e-07,-0.0053654412
4.415758e-07,-0.0053654412
4.416758e-07,-0.0053762121
4.417758e-07,-0.0053912914
4.418758e-07,-0.0054013442
4.419758e-07,-0.0053999081
4.420758e-07,-0.0053877011
4.421758e-07,-0.0053711857
4.422758e-07,-0.0053575425
4.423758e-07,-0.0053539522
4.424758e-07,-0.0053582606
4.425758e-07,-0.0053654412
4.426758e-07,-0.0053654412
4.427758e-07,-0.0053539522
4.428758e-07,-0.0053338465
4.429758e-07,-0.0053151769
4.430758e-07,-0.0053079963
4.431758e-07,-0.0053194853
4.432758e-07,-0.0053474897
4.433758e-07,-0.0053812385
4.434758e-07,-0.0054056526
4.435758e-07,-0.0054113971
4.436758e-07,-0.0053955997
4.437758e-07,-0.0053683134
4.438758e-07,-0.0053424632
4.439758e-07,-0.0053309743
4.440758e-07,-0.0053381549
4.441758e-07,-0.0053582606
4.442758e-07,-0.0053783663
4.443758e-07,-0.0053884191
4.444758e-07,-0.0053826746
4.445758e-07,-0.0053668773
4.446758e-07,-0.0053496438
4.447758e-07,-0.0053424632
4.448758e-07,-0.0053482077
4.449758e-07,-0.0053625689
4.450758e-07,-0.005374776
4.451758e-07,-0.0053769301
4.452758e-07,-0.0053668773
4.453758e-07,-0.0053503619
4.454758e-07,-0.0053388729
4.455758e-07,-0.0053424632
4.456758e-07,-0.0053618509
4.457758e-07,-0.0053905733
4.458758e-07,-0.0054142693
4.459758e-07,-0.005422886
4.460758e-07,-0.0054121151
4.461758e-07,-0.0053877011
4.462758e-07,-0.0053647231
4.463758e-07,-0.0053539522
4.464758e-07,-0.0053604148
4.465758e-07,-0.0053769301
4.466758e-07,-0.0053905733
4.467758e-07,-0.0053884191
4.468758e-07,-0.0053647231
4.469758e-07,-0.0053266659
4.470758e-07,-0.0052871726
4.471758e-07,-0.0052620404
4.472758e-07,-0.0052598863
4.473758e-07,-0.0052771197
4.474758e-07,-0.0053015338
4.475758e-07,-0.0053194853
4.476758e-07,-0.0053209214
4.477758e-07,-0.0053065602
4.478758e-07,-0.0052871726
4.479758e-07,-0.0052735294
4.480758e-07,-0.0052749655
4.481758e-07,-0.0052893267
4.482758e-07,-0.0053079963
4.483758e-07,-0.0053194853
4.484758e-07,-0.005315895
4.485758e-07,-0.0052986615
4.486758e-07,-0.0052764017
4.487758e-07,-0.0052620404
4.488758e-07,-0.0052634766
4.489758e-07,-0.0052792739
4.490758e-07,-0.0053022518
4.491758e-07,-0.0053194853
4.492758e-07,-0.0053216395
4.493758e-07,-0.0053072783
4.494758e-07,-0.0052843003
4.495758e-07,-0.0052620404
4.496758e-07,-0.0052512695
4.497758e-07,-0.005256296
4.498758e-07,-0.0052735294
4.499758e-07,-0.0052965074
4.500758e-07,-0.0053187672
4.501758e-07,-0.0053374368
4.502758e-07,-0.0053561064
4.503758e-07,-0.0053769301
4.504758e-07,-0.0054027803
4.505758e-07,-0.0054307847
4.506758e-07,-0.0054551988
4.507758e-07,-0.0054688419
4.508758e-07,-0.0054681239
4.509758e-07,-0.0054559168
4.510758e-07,-0.0054379653
4.511758e-07,-0.005422886
4.512758e-07,-0.0054157054
4.513758e-07,-0.0054178596
4.514758e-07,-0.0054250402
4.515758e-07,-0.005434375
4.516758e-07,-0.0054422737
4.517758e-07,-0.0054508904
4.518758e-07,-0.0054630974
4.519758e-07,-0.0054803309
4.520758e-07,-0.0055025908
4.521758e-07,-0.0055241326
4.522758e-07,-0.0055370577
4.523758e-07,-0.0055377757
4.524758e-07,-0.0055255687
4.525758e-07,-0.0055061811
4.526758e-07,-0.0054889476
4.527758e-07,-0.0054803309
4.528758e-07,-0.0054832031
4.529758e-07,-0.005493256
4.530758e-07,-0.0055018727
4.531758e-07,-0.0055033088
4.532758e-07,-0.0054954102
4.533758e-07,-0.0054824851
4.534758e-07,-0.0054717142
4.535758e-07,-0.0054688419
4.536758e-07,-0.0054738683
4.537758e-07,-0.0054810489
4.538758e-07,-0.005481767
4.539758e-07,-0.0054688419
4.540758e-07,-0.0054422737
4.541758e-07,-0.0054085248
4.542758e-07,-0.0053798024
4.543758e-07,-0.0053654412
4.544758e-07,-0.0053675954
4.545758e-07,-0.0053819566
4.546758e-07,-0.0053955997
4.547758e-07,-0.0053999081
4.548758e-07,-0.0053891372
4.549758e-07,-0.0053661592
4.550758e-07,-0.005339591
4.551758e-07,-0.0053194853
4.552758e-07,-0.0053094324
4.553758e-07,-0.0053065602
4.554758e-07,-0.005304406
4.555758e-07,-0.0052965074
4.556758e-07,-0.00528071
4.557758e-07,-0.0052620404
4.558758e-07,-0.0052498334
4.559758e-07,-0.0052505515
4.560758e-07,-0.0052663488
4.561758e-07,-0.0052907629
4.562758e-07,-0.0053123047
4.563758e-07,-0.0053194853
4.564758e-07,-0.0053094324
4.565758e-07,-0.0052864545
4.566758e-07,-0.0052627585
4.567758e-07,-0.0052505515
4.568758e-07,-0.005257014
4.569758e-07,-0.0052792739
4.570758e-07,-0.0053079963
4.571758e-07,-0.0053309743
4.572758e-07,-0.005339591
4.573758e-07,-0.0053338465
4.574758e-07,-0.0053202034
4.575758e-07,-0.0053079963
4.576758e-07,-0.005303688
4.577758e-07,-0.0053079963
4.578758e-07,-0.005315895
4.579758e-07,-0.0053194853
4.580758e-07,-0.0053144589
4.581758e-07,-0.0053022518
4.582758e-07,-0.0052893267
4.583758e-07,-0.0052850184
4.584758e-07,-0.005292917
4.585758e-07,-0.0053108686
4.586758e-07,-0.0053302562
4.587758e-07,-0.0053424632
4.588758e-07,-0.005339591
4.589758e-07,-0.0053223575
4.590758e-07,-0.0052965074
4.591758e-07,-0.0052735294
4.592758e-07,-0.0052613224
4.593758e-07,-0.0052620404
4.594758e-07,-0.0052720933
4.595758e-07,-0.0052850184
4.596758e-07,-0.0052936351
4.597758e-07,-0.0052943532
4.598758e-07,-0.0052900448
4.599758e-07,-0.0052850184
4.600758e-07,-0.0052835823
4.601758e-07,-0.0052864545
4.602758e-07,-0.005292199
4.603758e-07,-0.0052965074
4.604758e-07,-0.0052957893
4.605758e-07,-0.0052893267
4.606758e-07,-0.00528071
4.607758e-07,-0.0052735294
4.608758e-07,-0.0052706572
4.609758e-07,-0.0052713752
4.610758e-07,-0.0052735294
4.611758e-07,-0.0052735294
4.612758e-07,-0.0052706572
4.613758e-07,-0.0052670669
4.614758e-07,-0.0052663488
4.615758e-07,-0.0052735294
4.616758e-07,-0.0052886087
4.617758e-07,-0.0053094324
4.618758e-07,-0.0053295381
4.619758e-07,-0.0053424632
4.620758e-07,-0.0053460535
4.621758e-07,-0.0053410271
4.622758e-07,-0.0053338465
4.623758e-07,-0.0053309743
4.624758e-07,-0.0053360007
4.625758e-07,-0.0053503619
4.626758e-07,-0.0053697495
4.627758e-07,-0.0053884191
4.628758e-07,-0.0054034984
4.629758e-07,-0.0054128332
4.630758e-07,-0.0054178596
