LECROYHDO6104B,11090,Waveform
Segments,1,SegmentSize,5002
Segment,TrigTime,TimeSinceSegment1
#1,04-May-2026 18:31:10,0                 
Time,Ampl
-3.708175e-08,-0.0045497243
-3.698175e-08,-0.0045669577
-3.688175e-08,-0.004593526
-3.678175e-08,-0.0046186581
-3.668175e-08,-0.0046301471
-3.658175e-08,-0.0046236845
-3.648175e-08,-0.0046028608
-3.638175e-08,-0.0045784467
-3.628175e-08,-0.0045612132
-3.618175e-08,-0.0045554687
-3.608175e-08,-0.0045561868
-3.598175e-08,-0.0045540326
-3.588175e-08,-0.0045382353
-3.578175e-08,-0.0045066406
-3.568175e-08,-0.0044657112
-3.558175e-08,-0.0044269359
-3.548175e-08,-0.0044003676
-3.538175e-08,-0.0043881606
-3.528175e-08,-0.0043824161
-3.518175e-08,-0.0043680549
-3.508175e-08,-0.0043314338
-3.498175e-08,-0.0042682445
-3.488175e-08,-0.0041856675
-3.478175e-08,-0.0040980641
-3.468175e-08,-0.0040212316
-3.458175e-08,-0.0039623506
-3.448175e-08,-0.0039178309
-3.438175e-08,-0.0038733111
-3.428175e-08,-0.0038144301
-3.418175e-08,-0.0037332893
-3.408175e-08,-0.0036334789
-3.398175e-08,-0.0035250517
-3.388175e-08,-0.0034238051
-3.378175e-08,-0.0033376379
-3.368175e-08,-0.0032658318
-3.358175e-08,-0.0031990522
-3.348175e-08,-0.0031250919
-3.338175e-08,-0.0030374885
-3.328175e-08,-0.0029383961
-3.318175e-08,-0.0028378676
-3.308175e-08,-0.0027459559
-3.298175e-08,-0.0026698415
-3.288175e-08,-0.0026073702
-3.278175e-08,-0.0025484892
-3.268175e-08,-0.0024817096
-3.258175e-08,-0.0024027229
-3.248175e-08,-0.0023144014
-3.238175e-08,-0.0022289522
-3.228175e-08,-0.0021600184
-3.218175e-08,-0.0021147806
-3.208175e-08,-0.0020903665
-3.198175e-08,-0.0020752872
-3.188175e-08,-0.0020566176
-3.178175e-08,-0.0020228688
-3.168175e-08,-0.0019733226
-3.158175e-08,-0.0019158778
-3.148175e-08,-0.0018613051
-3.138175e-08,-0.0018203757
-3.128175e-08,-0.0017952436
-3.118175e-08,-0.0017808824
-3.108175e-08,-0.0017693934
-3.098175e-08,-0.001753596
-3.088175e-08,-0.0017334903
-3.078175e-08,-0.0017133847
-3.068175e-08,-0.0017004596
-3.058175e-08,-0.0017004596
-3.048175e-08,-0.0017126666
-3.038175e-08,-0.0017306181
-3.028175e-08,-0.0017464154
-3.018175e-08,-0.001753596
-3.008175e-08,-0.001752878
-2.998175e-08,-0.0017478516
-2.988175e-08,-0.0017464154
-2.978175e-08,-0.0017521599
-2.968175e-08,-0.001764367
-2.958175e-08,-0.0017794462
-2.948175e-08,-0.0017923713
-2.938175e-08,-0.0018009881
-2.928175e-08,-0.0018074506
-2.918175e-08,-0.0018182215
-2.908175e-08,-0.0018383272
-2.898175e-08,-0.0018692038
-2.888175e-08,-0.0019051068
-2.878175e-08,-0.0019359835
-2.868175e-08,-0.0019532169
-2.858175e-08,-0.0019524989
-2.848175e-08,-0.0019381376
-2.838175e-08,-0.0019194681
-2.828175e-08,-0.001907261
-2.818175e-08,-0.0019079791
-2.808175e-08,-0.0019209042
-2.798175e-08,-0.0019395738
-2.788175e-08,-0.0019532169
-2.778175e-08,-0.0019560892
-2.768175e-08,-0.0019474724
-2.758175e-08,-0.0019316751
-2.748175e-08,-0.00191875
-2.738175e-08,-0.0019137236
-2.728175e-08,-0.0019173139
-2.718175e-08,-0.0019252125
-2.708175e-08,-0.001930239
-2.698175e-08,-0.0019259306
-2.688175e-08,-0.0019108513
-2.678175e-08,-0.0018878734
-2.668175e-08,-0.0018613051
-2.658175e-08,-0.0018368911
-2.648175e-08,-0.0018160673
-2.638175e-08,-0.0017981158
-2.628175e-08,-0.0017808824
-2.618175e-08,-0.0017629308
-2.608175e-08,-0.0017456974
-2.598175e-08,-0.0017313362
-2.588175e-08,-0.0017234375
-2.578175e-08,-0.0017205653
-2.568175e-08,-0.0017198472
-2.558175e-08,-0.0017148208
-2.548175e-08,-0.0017004596
-2.538175e-08,-0.0016760455
-2.528175e-08,-0.0016444508
-2.518175e-08,-0.0016121381
-2.508175e-08,-0.0015855699
-2.498175e-08,-0.0015669003
-2.488175e-08,-0.0015539752
-2.478175e-08,-0.0015424862
-2.468175e-08,-0.001528125
-2.458175e-08,-0.0015101735
-2.448175e-08,-0.0014915039
-2.438175e-08,-0.0014764246
-2.428175e-08,-0.0014706801
-2.418175e-08,-0.0014742705
-2.408175e-08,-0.0014836052
-2.398175e-08,-0.0014915039
-2.388175e-08,-0.0014936581
-2.378175e-08,-0.0014871955
-2.368175e-08,-0.0014757066
-2.358175e-08,-0.0014642176
-2.348175e-08,-0.0014591912
-2.338175e-08,-0.0014613454
-2.328175e-08,-0.001469244
-2.318175e-08,-0.0014778608
-2.308175e-08,-0.0014821691
-2.298175e-08,-0.0014828872
-2.288175e-08,-0.0014836052
-2.278175e-08,-0.0014900678
-2.268175e-08,-0.0015051471
-2.258175e-08,-0.0015288431
-2.248175e-08,-0.0015546932
-2.238175e-08,-0.001575517
-2.228175e-08,-0.0015855699
-2.218175e-08,-0.0015855699
-2.208175e-08,-0.0015798254
-2.198175e-08,-0.0015783892
-2.188175e-08,-0.0015855699
-2.178175e-08,-0.0016020852
-2.168175e-08,-0.0016214729
-2.158175e-08,-0.0016336799
-2.148175e-08,-0.0016315257
-2.138175e-08,-0.0016142923
-2.128175e-08,-0.0015898782
-2.118175e-08,-0.0015683364
-2.108175e-08,-0.0015625919
-2.098175e-08,-0.0015762351
-2.088175e-08,-0.0016049575
-2.078175e-08,-0.0016394244
-2.068175e-08,-0.0016659926
-2.058175e-08,-0.0016774816
-2.048175e-08,-0.0016710191
-2.038175e-08,-0.0016537856
-2.028175e-08,-0.0016315257
-2.018175e-08,-0.00161142
-2.008175e-08,-0.0015941866
-1.998175e-08,-0.0015791073
-1.988175e-08,-0.0015625919
-1.978175e-08,-0.0015446404
-1.968175e-08,-0.0015274069
-1.958175e-08,-0.001516636
-1.948175e-08,-0.001516636
-1.938175e-08,-0.0015259708
-1.928175e-08,-0.0015381778
-1.918175e-08,-0.0015453585
-1.908175e-08,-0.001539614
-1.898175e-08,-0.0015209444
-1.888175e-08,-0.0014943761
-1.878175e-08,-0.0014706801
-1.868175e-08,-0.0014591912
-1.858175e-08,-0.0014634995
-1.848175e-08,-0.0014792969
-1.838175e-08,-0.0014965303
-1.828175e-08,-0.0015051471
-1.818175e-08,-0.0015001206
-1.808175e-08,-0.0014843233
-1.798175e-08,-0.0014670898
-1.788175e-08,-0.0014591912
-1.778175e-08,-0.0014678079
-1.768175e-08,-0.001492222
-1.758175e-08,-0.0015238166
-1.748175e-08,-0.0015511029
-1.738175e-08,-0.0015647461
-1.728175e-08,-0.0015611558
-1.718175e-08,-0.0015460765
-1.708175e-08,-0.001528125
-1.698175e-08,-0.0015151999
-1.688175e-08,-0.0015123277
-1.678175e-08,-0.0015180722
-1.668175e-08,-0.001528125
-1.658175e-08,-0.0015367417
-1.648175e-08,-0.0015424862
-1.638175e-08,-0.0015453585
-1.628175e-08,-0.0015511029
-1.618175e-08,-0.0015611558
-1.608175e-08,-0.0015762351
-1.598175e-08,-0.0015934685
-1.588175e-08,-0.0016085478
-1.578175e-08,-0.0016178826
-1.568175e-08,-0.0016207548
-1.558175e-08,-0.0016207548
-1.548175e-08,-0.0016200368
-1.538175e-08,-0.0016221909
-1.528175e-08,-0.0016264993
-1.518175e-08,-0.0016308077
-1.508175e-08,-0.0016315257
-1.498175e-08,-0.0016272174
-1.488175e-08,-0.0016193187
-1.478175e-08,-0.00161142
-1.468175e-08,-0.0016085478
-1.458175e-08,-0.0016121381
-1.448175e-08,-0.0016214729
-1.438175e-08,-0.0016329619
-1.428175e-08,-0.0016430147
-1.418175e-08,-0.0016494773
-1.408175e-08,-0.0016516314
-1.398175e-08,-0.0016523495
-1.388175e-08,-0.0016545037
-1.378175e-08,-0.001658812
-1.368175e-08,-0.0016631204
-1.358175e-08,-0.0016667107
-1.348175e-08,-0.0016659926
-1.338175e-08,-0.0016624023
-1.328175e-08,-0.001658812
-1.318175e-08,-0.001658812
-1.308175e-08,-0.0016659926
-1.298175e-08,-0.0016789177
-1.288175e-08,-0.0016947151
-1.278175e-08,-0.0017069221
-1.268175e-08,-0.0017119485
-1.258175e-08,-0.0017097943
-1.248175e-08,-0.0017033318
-1.238175e-08,-0.0016990234
-1.228175e-08,-0.0017004596
-1.218175e-08,-0.0017076402
-1.208175e-08,-0.001717693
-1.198175e-08,-0.0017241556
-1.188175e-08,-0.0017234375
-1.178175e-08,-0.0017162569
-1.168175e-08,-0.0017090763
-1.158175e-08,-0.0017090763
-1.148175e-08,-0.0017234375
-1.138175e-08,-0.001752878
-1.128175e-08,-0.0017930894
-1.118175e-08,-0.0018325827
-1.108175e-08,-0.0018613051
-1.098175e-08,-0.0018742302
-1.088175e-08,-0.001871358
-1.078175e-08,-0.0018605871
-1.068175e-08,-0.0018498162
-1.058175e-08,-0.0018462259
-1.048175e-08,-0.0018512523
-1.038175e-08,-0.0018620232
-1.028175e-08,-0.0018727941
-1.018175e-08,-0.0018785386
-1.008175e-08,-0.0018778205
-9.981751e-09,-0.0018742302
-9.881751e-09,-0.0018727941
-9.781751e-09,-0.0018771025
-9.681751e-09,-0.0018900276
-9.581751e-09,-0.0019086972
-9.481751e-09,-0.001930239
-9.381751e-09,-0.0019503447
-9.281751e-09,-0.0019654239
-9.181751e-09,-0.0019740407
-9.081751e-09,-0.0019761949
-8.981751e-09,-0.0019704504
-8.881751e-09,-0.0019582433
-8.781751e-09,-0.0019395738
-8.681751e-09,-0.00191875
-8.581751e-09,-0.0019022346
-8.481751e-09,-0.0018957721
-8.381751e-09,-0.0019051068
-8.281751e-09,-0.001930239
-8.181751e-09,-0.0019647059
-8.081751e-09,-0.0019977367
-7.981751e-09,-0.0020192785
-7.881751e-09,-0.0020221507
-7.781751e-09,-0.0020070715
-7.681751e-09,-0.0019819393
-7.581751e-09,-0.0019568072
-7.481751e-09,-0.0019417279
-7.381751e-09,-0.0019395738
-7.281751e-09,-0.0019481905
-7.181751e-09,-0.0019589614
-7.081751e-09,-0.0019647059
-6.981751e-09,-0.0019618336
-6.881751e-09,-0.0019510627
-6.781751e-09,-0.0019388557
-6.681751e-09,-0.001930239
-6.581751e-09,-0.0019288028
-6.481751e-09,-0.0019331112
-6.381751e-09,-0.0019388557
-6.281751e-09,-0.0019417279
-6.181751e-09,-0.0019410099
-6.081751e-09,-0.0019388557
-5.981751e-09,-0.0019381376
-5.881751e-09,-0.0019417279
-5.781751e-09,-0.0019481905
-5.681751e-09,-0.001953935
-5.581751e-09,-0.0019524989
-5.481751e-09,-0.0019417279
-5.381751e-09,-0.0019244945
-5.281751e-09,-0.001907261
-5.181751e-09,-0.0019000804
-5.081751e-09,-0.001907261
-4.981751e-09,-0.0019273667
-4.881751e-09,-0.0019524989
-4.781751e-09,-0.0019711684
-4.681751e-09,-0.0019761949
-4.581751e-09,-0.0019654239
-4.481751e-09,-0.0019460363
-4.381751e-09,-0.0019273667
-4.281751e-09,-0.00191875
-4.181751e-09,-0.0019230584
-4.081751e-09,-0.0019345473
-3.981751e-09,-0.0019438821
-3.881751e-09,-0.0019417279
-3.781751e-09,-0.0019259306
-3.681751e-09,-0.0019015165
-3.581751e-09,-0.0018799747
-3.481751e-09,-0.0018727941
-3.381751e-09,-0.0018842831
-3.281751e-09,-0.0019108513
-3.181751e-09,-0.001942446
-3.081751e-09,-0.0019647059
-2.981751e-09,-0.0019704504
-2.881751e-09,-0.0019603975
-2.781751e-09,-0.0019395738
-2.681751e-09,-0.00191875
-2.581751e-09,-0.0019036707
-2.481751e-09,-0.0018936179
-2.381751e-09,-0.001882847
-2.281751e-09,-0.0018613051
-2.181751e-09,-0.0018246841
-2.081751e-09,-0.0017737017
-1.981751e-09,-0.001717693
-1.881751e-09,-0.0016659926
-1.781751e-09,-0.0016272174
-1.681751e-09,-0.0016013672
-1.581751e-09,-0.0015798254
-1.481751e-09,-0.0015511029
-1.381751e-09,-0.0015037109
-1.281751e-09,-0.001433341
-1.181751e-09,-0.0013428653
-1.081751e-09,-0.0012409007
-9.817506e-10,-0.0011382181
-8.817506e-10,-0.0010398437
-7.817506e-10,-0.0009457778
-6.817506e-10,-0.00085027574
-5.817506e-10,-0.000746875
-4.817506e-10,-0.00063054917
-3.817506e-10,-0.00050273438
-2.817506e-10,-0.00036773897
-1.817506e-10,-0.00023346163
-8.175059e-11,-0.00010421071
1.824941e-11,1.7859605e-05
1.182494e-10,0.00013777574
2.182494e-10,0.00026056411
3.182494e-10,0.00039125115
4.182494e-10,0.00053127298
5.182494e-10,0.00067775735
6.182494e-10,0.00082567785
7.182494e-10,0.00096857192
8.182494e-10,0.0011035673
9.182494e-10,0.0012292279
1.018249e-09,0.001347708
1.118249e-09,0.0014618796
1.218249e-09,0.0015753332
1.318249e-09,0.0016887868
1.418249e-09,0.0018029584
1.518249e-09,0.0019149759
1.618249e-09,0.002023403
1.718249e-09,0.0021253676
1.818249e-09,0.0022194336
1.918249e-09,0.0023056009
2.018249e-09,0.0023845875
2.118249e-09,0.0024585478
2.218249e-09,0.0025303539
2.318249e-09,0.0026007238
2.418249e-09,0.0026696576
2.518249e-09,0.0027342831
2.618249e-09,0.0027917279
2.718249e-09,0.0028376838
2.818249e-09,0.0028714327
2.918249e-09,0.0028951287
3.018249e-09,0.0029137983
3.118249e-09,0.0029324678
3.218249e-09,0.0029568819
3.318249e-09,0.0029870404
3.418249e-09,0.0030207893
3.518249e-09,0.003052384
3.618249e-09,0.003076798
3.718249e-09,0.0030904412
3.818249e-09,0.0030954676
3.918249e-09,0.0030961857
4.018249e-09,0.0030976218
4.118249e-09,0.0031019301
4.218249e-09,0.0031083927
4.318249e-09,0.0031134191
4.418249e-09,0.003111983
4.518249e-09,0.0031019301
4.618249e-09,0.0030861328
4.718249e-09,0.0030688994
4.818249e-09,0.0030581284
4.918249e-09,0.0030559743
5.018249e-09,0.0030624368
5.118249e-09,0.0030724897
5.218249e-09,0.0030796703
5.318249e-09,0.0030789522
5.418249e-09,0.0030703355
5.518249e-09,0.0030574104
5.618249e-09,0.0030473575
5.718249e-09,0.0030444853
5.818249e-09,0.0030495117
5.918249e-09,0.0030566923
6.018249e-09,0.0030610007
6.118249e-09,0.0030559743
6.218249e-09,0.003040895
6.318249e-09,0.0030215074
6.418249e-09,0.0030042739
6.518249e-09,0.0029985294
6.618249e-09,0.0030064281
6.718249e-09,0.0030258157
6.818249e-09,0.0030487937
6.918249e-09,0.0030674632
7.018249e-09,0.003076798
7.118249e-09,0.0030753619
7.218249e-09,0.0030667452
7.318249e-09,0.0030559743
7.418249e-09,0.0030466395
7.518249e-09,0.0030387408
7.618249e-09,0.0030308421
7.718249e-09,0.0030215074
7.818249e-09,0.0030107364
7.918249e-09,0.0030006836
8.018249e-09,0.0029956572
8.118249e-09,0.0029985294
8.218249e-09,0.0030085823
8.318249e-09,0.0030215074
8.418249e-09,0.0030308421
8.518249e-09,0.0030329963
8.618249e-09,0.0030265338
8.718249e-09,0.0030143267
8.818249e-09,0.0030035558
8.918249e-09,0.0029985294
9.018249e-09,0.0029999655
9.118249e-09,0.0030042739
9.218249e-09,0.00300571
9.318249e-09,0.0029985294
9.418249e-09,0.0029827321
9.518249e-09,0.0029626264
9.618249e-09,0.002946111
9.718249e-09,0.0029410846
9.818249e-09,0.0029504193
9.918249e-09,0.0029719612
1.001825e-08,0.0029985294
1.011825e-08,0.0030215074
1.021825e-08,0.0030351505
1.031825e-08,0.0030394589
1.041825e-08,0.0030373047
1.051825e-08,0.0030329963
1.061825e-08,0.003029406
1.071825e-08,0.0030265338
1.081825e-08,0.0030215074
1.091825e-08,0.0030100184
1.101825e-08,0.0029927849
1.111825e-08,0.0029733973
1.121825e-08,0.002958318
1.131825e-08,0.0029525735
1.141825e-08,0.002958318
1.151825e-08,0.0029741153
1.161825e-08,0.0029927849
1.171825e-08,0.0030100184
1.181825e-08,0.0030222254
1.191825e-08,0.0030301241
1.201825e-08,0.0030365866
1.211825e-08,0.0030444853
1.221825e-08,0.003053102
1.231825e-08,0.0030581284
1.241825e-08,0.003053102
1.251825e-08,0.0030329963
1.261825e-08,0.0029992475
1.271825e-08,0.002958318
1.281825e-08,0.0029202608
1.291825e-08,0.0028951287
1.301825e-08,0.00288723
1.311825e-08,0.0028936926
1.321825e-08,0.0029073357
1.331825e-08,0.0029181066
1.341825e-08,0.0029195427
1.351825e-08,0.0029116441
1.361825e-08,0.0028972829
1.371825e-08,0.0028836397
1.381825e-08,0.002875023
1.391825e-08,0.0028714327
1.401825e-08,0.0028685604
1.411825e-08,0.0028606618
1.421825e-08,0.0028441464
1.431825e-08,0.0028190142
1.441825e-08,0.0027917279
1.451825e-08,0.00276875
1.461825e-08,0.002757261
1.471825e-08,0.0027586972
1.481825e-08,0.0027716222
1.491825e-08,0.0027917279
1.501825e-08,0.0028132698
1.511825e-08,0.0028326574
1.521825e-08,0.0028484547
1.531825e-08,0.0028606618
1.541825e-08,0.0028685604
1.551825e-08,0.0028699966
1.561825e-08,0.0028642521
1.571825e-08,0.0028491728
1.581825e-08,0.002827631
1.591825e-08,0.002804653
1.601825e-08,0.0027867015
1.611825e-08,0.002780239
1.621825e-08,0.0027867015
1.631825e-08,0.002804653
1.641825e-08,0.002827631
1.651825e-08,0.0028491728
1.661825e-08,0.0028664063
1.671825e-08,0.0028778952
1.681825e-08,0.0028865119
1.691825e-08,0.0028951287
1.701825e-08,0.0029044635
1.711825e-08,0.0029116441
1.721825e-08,0.0029137983
1.731825e-08,0.0029066176
1.741825e-08,0.0028908203
1.751825e-08,0.0028707146
1.761825e-08,0.0028549173
1.771825e-08,0.0028491728
1.781825e-08,0.0028577895
1.791825e-08,0.0028771772
1.801825e-08,0.0029001551
1.811825e-08,0.0029181066
1.821825e-08,0.0029245692
1.831825e-08,0.0029173886
1.841825e-08,0.0029015912
1.851825e-08,0.0028836397
1.861825e-08,0.0028699966
1.871825e-08,0.0028642521
1.881825e-08,0.0028628159
1.891825e-08,0.0028606618
1.901825e-08,0.0028527631
1.911825e-08,0.0028376838
1.921825e-08,0.0028154239
1.931825e-08,0.0027917279
1.941825e-08,0.0027730584
1.951825e-08,0.0027630055
1.961825e-08,0.0027622875
1.971825e-08,0.00276875
1.981825e-08,0.0027766487
1.991825e-08,0.002780957
2.001825e-08,0.0027788028
2.011825e-08,0.00276875
2.021825e-08,0.0027529527
2.031825e-08,0.0027342831
2.041825e-08,0.0027156135
2.051825e-08,0.0026998162
2.061825e-08,0.0026890453
2.071825e-08,0.0026840188
2.081825e-08,0.0026840188
2.091825e-08,0.0026883272
2.101825e-08,0.0026947898
2.111825e-08,0.0027012523
2.121825e-08,0.0027062787
2.131825e-08,0.0027113051
2.141825e-08,0.0027163316
2.151825e-08,0.0027220761
2.161825e-08,0.0027292567
2.171825e-08,0.0027342831
2.181825e-08,0.0027350011
2.191825e-08,0.0027271025
2.201825e-08,0.0027105871
2.211825e-08,0.0026883272
2.221825e-08,0.0026660673
2.231825e-08,0.00265027
2.241825e-08,0.0026466797
2.251825e-08,0.0026538603
2.261825e-08,0.0026682215
2.271825e-08,0.0026804285
2.281825e-08,0.0026847369
2.291825e-08,0.0026768382
2.301825e-08,0.0026610409
2.311825e-08,0.0026452436
2.321825e-08,0.0026373449
2.331825e-08,0.0026423713
2.341825e-08,0.0026588867
2.351825e-08,0.0026789924
2.361825e-08,0.0026911994
2.371825e-08,0.0026883272
2.381825e-08,0.0026682215
2.391825e-08,0.002638063
2.401825e-08,0.0026064683
2.411825e-08,0.0025849265
2.421825e-08,0.002579182
2.431825e-08,0.0025877987
2.441825e-08,0.0026043141
2.451825e-08,0.0026193934
2.461825e-08,0.002626574
2.471825e-08,0.0026244198
2.481825e-08,0.0026165211
2.491825e-08,0.0026079044
2.501825e-08,0.002603596
2.511825e-08,0.002602878
2.521825e-08,0.0026021599
2.531825e-08,0.0025964154
2.541825e-08,0.0025827723
2.551825e-08,0.0025612305
2.561825e-08,0.0025368164
2.571825e-08,0.0025159926
2.581825e-08,0.0025030676
2.591825e-08,0.0024994773
2.601825e-08,0.0025016314
2.611825e-08,0.0025045037
2.621825e-08,0.0025037856
2.631825e-08,0.0024973231
2.641825e-08,0.0024887063
2.651825e-08,0.0024815257
2.661825e-08,0.0024793716
2.671825e-08,0.0024829619
2.681825e-08,0.0024887063
2.691825e-08,0.0024930147
2.701825e-08,0.0024915786
2.711825e-08,0.0024836799
2.721825e-08,0.0024707548
2.731825e-08,0.0024585478
2.741825e-08,0.0024513672
2.751825e-08,0.0024520852
2.761825e-08,0.0024592659
2.771825e-08,0.0024700368
2.781825e-08,0.0024793716
2.791825e-08,0.0024836799
2.801825e-08,0.0024800896
2.811825e-08,0.0024700368
2.821825e-08,0.0024549575
2.831825e-08,0.002437006
2.841825e-08,0.0024183364
2.851825e-08,0.0024011029
2.861825e-08,0.0023860237
2.871825e-08,0.0023730986
2.881825e-08,0.0023630457
2.891825e-08,0.0023551471
2.901825e-08,0.0023486845
2.911825e-08,0.00234294
2.921825e-08,0.0023371955
2.931825e-08,0.0023321691
2.941825e-08,0.0023300149
2.951825e-08,0.0023314511
2.961825e-08,0.0023364775
2.971825e-08,0.0023436581
2.981825e-08,0.0023479665
2.991825e-08,0.0023443761
3.001825e-08,0.0023314511
3.011825e-08,0.0023091912
3.021825e-08,0.0022840591
3.031825e-08,0.0022625172
3.041825e-08,0.0022510283
3.051825e-08,0.0022517463
3.061825e-08,0.0022610811
3.071825e-08,0.002271134
3.081825e-08,0.0022732881
3.091825e-08,0.0022632353
3.101825e-08,0.0022424115
3.111825e-08,0.0022165614
3.121825e-08,0.0021943015
3.131825e-08,0.0021828125
3.141825e-08,0.0021820944
3.151825e-08,0.0021878389
3.161825e-08,0.0021907112
3.171825e-08,0.0021828125
3.181825e-08,0.0021619887
3.191825e-08,0.0021318302
3.201825e-08,0.0021016716
3.211825e-08,0.0020794118
3.221825e-08,0.002070795
3.231825e-08,0.0020743853
3.241825e-08,0.0020837201
3.251825e-08,0.0020909007
3.261825e-08,0.0020894646
3.271825e-08,0.0020786937
3.281825e-08,0.0020614602
3.291825e-08,0.0020449449
3.301825e-08,0.0020334559
3.311825e-08,0.0020284295
3.321825e-08,0.0020262753
3.331825e-08,0.0020219669
3.341825e-08,0.0020104779
3.351825e-08,0.0019903722
3.361825e-08,0.0019659582
3.371825e-08,0.0019415441
3.381825e-08,0.0019235926
3.391825e-08,0.0019149759
3.401825e-08,0.0019149759
3.411825e-08,0.0019185662
3.421825e-08,0.0019214384
3.431825e-08,0.0019192842
3.441825e-08,0.0019106675
3.451825e-08,0.0018955882
3.461825e-08,0.0018754825
3.471825e-08,0.0018525046
3.481825e-08,0.0018280905
3.491825e-08,0.0018036765
3.501825e-08,0.0017814166
3.511825e-08,0.001762029
3.521825e-08,0.0017462316
3.531825e-08,0.0017347426
3.541825e-08,0.0017254079
3.551825e-08,0.0017175092
3.561825e-08,0.0017088925
3.571825e-08,0.0017002757
3.581825e-08,0.0016923771
3.591825e-08,0.0016880687
3.601825e-08,0.0016873506
3.611825e-08,0.0016887868
3.621825e-08,0.0016873506
3.631825e-08,0.0016787339
3.641825e-08,0.0016593463
3.651825e-08,0.0016313419
3.661825e-08,0.0016019014
3.671825e-08,0.0015796415
3.681825e-08,0.001573179
3.691825e-08,0.001585386
3.701825e-08,0.0016112362
3.711825e-08,0.0016399586
3.721825e-08,0.0016607824
3.731825e-08,0.0016658088
3.741825e-08,0.0016550379
3.751825e-08,0.0016349322
3.761825e-08,0.0016169807
3.771825e-08,0.001608364
3.781825e-08,0.0016126723
3.791825e-08,0.0016255974
3.801825e-08,0.0016385225
3.811825e-08,0.0016428309
3.821825e-08,0.0016356503
3.831825e-08,0.0016198529
3.841825e-08,0.0016040556
3.851825e-08,0.001596875
3.861825e-08,0.0016026195
3.871825e-08,0.0016176988
3.881825e-08,0.0016342142
3.891825e-08,0.0016428309
3.901825e-08,0.0016370864
3.911825e-08,0.0016169807
3.921825e-08,0.0015889763
3.931825e-08,0.0015624081
3.941825e-08,0.0015437385
3.951825e-08,0.0015358398
3.961825e-08,0.0015358398
3.971825e-08,0.0015394301
3.981825e-08,0.0015408663
3.991825e-08,0.001537994
4.001825e-08,0.0015322495
4.011825e-08,0.0015279412
4.021825e-08,0.0015265051
4.031825e-08,0.0015272231
4.041825e-08,0.0015286592
4.051825e-08,0.0015279412
4.061825e-08,0.0015229148
4.071825e-08,0.0015150161
4.081825e-08,0.0015085535
4.091825e-08,0.0015049632
4.101825e-08,0.0015063994
4.111825e-08,0.0015092716
4.121825e-08,0.0015099897
4.131825e-08,0.0015049632
4.141825e-08,0.0014927562
4.151825e-08,0.0014776769
4.161825e-08,0.0014647518
4.171825e-08,0.0014590074
4.181825e-08,0.0014633157
4.191825e-08,0.0014748047
4.201825e-08,0.0014870117
4.211825e-08,0.0014934743
4.221825e-08,0.001490602
4.231825e-08,0.001478395
4.241825e-08,0.0014625977
4.251825e-08,0.0014475184
4.261825e-08,0.0014374655
4.271825e-08,0.0014331572
4.281825e-08,0.0014302849
4.291825e-08,0.0014245404
4.301825e-08,0.0014137695
4.311825e-08,0.0013972541
4.321825e-08,0.0013807387
4.331825e-08,0.0013670956
4.341825e-08,0.001360633
4.351825e-08,0.001360633
4.361825e-08,0.0013642233
4.371825e-08,0.0013670956
4.381825e-08,0.0013656595
4.391825e-08,0.0013591969
4.401825e-08,0.0013469899
4.411825e-08,0.0013326287
4.421825e-08,0.0013168313
4.431825e-08,0.0012995979
4.441825e-08,0.0012816464
4.451825e-08,0.0012636949
4.461825e-08,0.0012478975
4.471825e-08,0.0012371266
4.481825e-08,0.0012349724
4.491825e-08,0.0012407169
4.501825e-08,0.0012507698
4.511825e-08,0.0012593865
4.521825e-08,0.0012608226
4.531825e-08,0.0012522059
4.541825e-08,0.0012356905
4.551825e-08,0.001218457
4.561825e-08,0.0012069681
4.571825e-08,0.00120625
4.581825e-08,0.0012155848
4.591825e-08,0.0012292279
4.601825e-08,0.0012392808
4.611825e-08,0.0012407169
4.621825e-08,0.0012321002
4.631825e-08,0.0012191751
4.641825e-08,0.0012084042
4.651825e-08,0.00120625
4.661825e-08,0.0012134306
4.671825e-08,0.0012242015
4.681825e-08,0.0012321002
4.691825e-08,0.0012292279
4.701825e-08,0.0012148667
4.711825e-08,0.001194761
4.721825e-08,0.0011775276
4.731825e-08,0.0011717831
4.741825e-08,0.0011796818
4.751825e-08,0.0011983513
4.761825e-08,0.001218457
4.771825e-08,0.0012292279
4.781825e-08,0.0012256376
4.791825e-08,0.0012091222
4.801825e-08,0.0011847082
4.811825e-08,0.0011602941
4.821825e-08,0.0011430607
4.831825e-08,0.0011337259
4.841825e-08,0.0011294175
4.851825e-08,0.0011258272
4.861825e-08,0.0011193647
4.871825e-08,0.0011100299
4.881825e-08,0.001099977
4.891825e-08,0.0010913603
4.901825e-08,0.0010856158
4.911825e-08,0.0010805894
4.921825e-08,0.0010719727
4.931825e-08,0.0010568934
4.941825e-08,0.0010367877
4.951825e-08,0.001016682
4.961825e-08,0.0010030388
4.971825e-08,0.00099944853
4.981825e-08,0.0010066291
4.991825e-08,0.0010181181
5.001825e-08,0.0010252987
5.011825e-08,0.0010224265
5.021825e-08,0.0010066291
5.031825e-08,0.00098221507
5.041825e-08,0.00095780101
5.051825e-08,0.00094200368
5.061825e-08,0.00093841337
5.071825e-08,0.00094415786
5.081825e-08,0.00095205653
5.091825e-08,0.00095349265
5.101825e-08,0.00094487592
5.111825e-08,0.0009269244
5.121825e-08,0.00090825483
5.131825e-08,0.00089604779
5.141825e-08,0.00089532973
5.151825e-08,0.00090538258
5.161825e-08,0.00092046186
5.171825e-08,0.00093051471
5.181825e-08,0.00093051471
5.191825e-08,0.00092046186
5.201825e-08,0.00090251034
5.211825e-08,0.00088455882
5.221825e-08,0.00087091567
5.231825e-08,0.000863017
5.241825e-08,0.00085727252
5.251825e-08,0.00085009191
5.261825e-08,0.00083788488
5.271825e-08,0.00082065142
5.281825e-08,0.00080413603
5.291825e-08,0.00079264706
5.301825e-08,0.00079121094
5.311825e-08,0.0007991096
5.321825e-08,0.00081275276
5.331825e-08,0.00082711397
5.341825e-08,0.00083788488
5.351825e-08,0.00084434743
5.361825e-08,0.00084721967
5.371825e-08,0.00085009191
5.381825e-08,0.00085440028
5.391825e-08,0.00085799058
5.401825e-08,0.00085799058
5.411825e-08,0.00085009191
5.421825e-08,0.00083285846
5.431825e-08,0.00080988051
5.441825e-08,0.00078618451
5.451825e-08,0.00076966912
5.461825e-08,0.00076464269
5.471825e-08,0.0007718233
5.481825e-08,0.00078690257
5.491825e-08,0.00080413603
5.501825e-08,0.00081777918
5.511825e-08,0.00082567785
5.521825e-08,0.00082783203
5.531825e-08,0.00082711397
5.541825e-08,0.00082567785
5.551825e-08,0.00082352367
5.561825e-08,0.00082065142
5.571825e-08,0.000815625
5.581825e-08,0.00080700827
5.591825e-08,0.00079695542
5.601825e-08,0.00078690257
5.611825e-08,0.00078115809
5.621825e-08,0.00078115809
5.631825e-08,0.00078618451
5.641825e-08,0.00079480124
5.651825e-08,0.00080413603
5.661825e-08,0.00081418888
5.671825e-08,0.00082424173
5.681825e-08,0.00083644876
5.691825e-08,0.00085009191
5.701825e-08,0.000863017
5.711825e-08,0.00087019761
5.721825e-08,0.00086660731
5.731825e-08,0.00085009191
5.741825e-08,0.00082136949
5.751825e-08,0.00078690257
5.761825e-08,0.00075602597
5.771825e-08,0.00073520221
5.781825e-08,0.00072873966
5.791825e-08,0.00073376608
5.801825e-08,0.00074310087
5.811825e-08,0.00074669118
5.821825e-08,0.00073879251
5.831825e-08,0.00071725069
5.841825e-08,0.00068709214
5.851825e-08,0.00065477941
5.861825e-08,0.00062749311
5.871825e-08,0.00060882353
5.881825e-08,0.0005966165
5.891825e-08,0.00058584559
5.901825e-08,0.00057148438
5.911825e-08,0.00054994256
5.921825e-08,0.00052265625
5.931825e-08,0.00049393382
5.941825e-08,0.0004688017
5.951825e-08,0.00045156824
5.961825e-08,0.0004415154
5.971825e-08,0.00043648897
5.981825e-08,0.00043074449
5.991825e-08,0.00041997358
6.001825e-08,0.00040274012
6.011825e-08,0.00037904412
6.021825e-08,0.00035319393
6.031825e-08,0.00032949793
6.041825e-08,0.00031082835
6.051825e-08,0.00029862132
6.061825e-08,0.00029072266
6.071825e-08,0.00028426011
6.081825e-08,0.00027564338
6.091825e-08,0.00026415441
6.101825e-08,0.00024907514
6.111825e-08,0.00023255974
6.121825e-08,0.00021748047
6.131825e-08,0.00020670956
6.141825e-08,0.00020168313
6.151825e-08,0.00020240119
6.161825e-08,0.00020527344
6.171825e-08,0.00020670956
6.181825e-08,0.00020240119
6.191825e-08,0.0001894761
6.201825e-08,0.00016721622
6.211825e-08,0.00013777574
6.221825e-08,0.00010689913
6.231825e-08,8.0330882e-05
6.241825e-08,6.3097426e-05
6.251825e-08,5.7352941e-05
6.261825e-08,6.2379366e-05
6.271825e-08,7.4586397e-05
6.281825e-08,8.9665671e-05
6.291825e-08,0.00010330882
6.301825e-08,0.00011407973
6.311825e-08,0.00012126034
6.321825e-08,0.00012485064
6.331825e-08,0.00012628676
6.341825e-08,0.00012485064
6.351825e-08,0.00012054228
6.361825e-08,0.00011336167
6.371825e-08,0.00010330882
6.381825e-08,9.3974035e-05
6.391825e-08,8.9665671e-05
6.401825e-08,9.2537914e-05
6.411825e-08,0.00010330882
6.421825e-08,0.00011982422
6.431825e-08,0.00013777574
6.441825e-08,0.00015213695
6.451825e-08,0.00016075368
6.461825e-08,0.00016362592
6.471825e-08,0.00016362592
6.481825e-08,0.0001657801
6.491825e-08,0.00017224265
6.501825e-08,0.00018373162
6.511825e-08,0.00019665671
6.521825e-08,0.0002059915
6.531825e-08,0.00020670956
6.541825e-08,0.00019809283
6.551825e-08,0.0001822955
6.561825e-08,0.00016434398
6.571825e-08,0.00014926471
6.581825e-08,0.00014064798
6.591825e-08,0.0001384938
6.601825e-08,0.0001384938
6.611825e-08,0.00013777574
6.621825e-08,0.00013131319
6.631825e-08,0.0001183881
6.641825e-08,0.00010043658
6.651825e-08,8.0330882e-05
6.661825e-08,6.0225184e-05
6.671825e-08,4.2273667e-05
6.681825e-08,2.6476333e-05
6.691825e-08,1.1397059e-05
6.701825e-08,-2.9641544e-06
6.711825e-08,-1.5889246e-05
6.721825e-08,-2.6660156e-05
6.731825e-08,-3.4558824e-05
6.741825e-08,-4.0303309e-05
6.751825e-08,-4.4611673e-05
6.761825e-08,-4.9638097e-05
6.771825e-08,-5.7536765e-05
6.781825e-08,-6.8307675e-05
6.791825e-08,-8.0514706e-05
6.801825e-08,-9.2721737e-05
6.811825e-08,-0.00010349265
6.821825e-08,-0.0001135455
6.831825e-08,-0.00012431641
6.841825e-08,-0.00013580538
6.851825e-08,-0.00014944853
6.861825e-08,-0.00016237362
6.871825e-08,-0.00017242647
6.881825e-08,-0.00017601677
6.891825e-08,-0.00017242647
6.901825e-08,-0.00016309168
6.911825e-08,-0.00015160271
6.921825e-08,-0.00014226792
6.931825e-08,-0.00013795956
6.941825e-08,-0.0001372415
6.951825e-08,-0.00013652344
6.961825e-08,-0.00013365119
6.971825e-08,-0.00012647059
6.981825e-08,-0.0001171358
6.991825e-08,-0.00010923713
7.001825e-08,-0.00010780101
7.011825e-08,-0.00011498162
7.021825e-08,-0.00012790671
7.031825e-08,-0.00014154986
7.041825e-08,-0.00015016659
7.051825e-08,-0.00014944853
7.061825e-08,-0.0001408318
7.071825e-08,-0.00012790671
7.081825e-08,-0.00011857192
7.091825e-08,-0.00011498162
7.101825e-08,-0.00011857192
7.111825e-08,-0.00012431641
7.121825e-08,-0.00012790671
7.131825e-08,-0.00012647059
7.141825e-08,-0.0001207261
7.151825e-08,-0.00011498162
7.161825e-08,-0.00011569968
7.171825e-08,-0.00012647059
7.181825e-08,-0.00014585823
7.191825e-08,-0.00016740005
7.201825e-08,-0.00018606962
7.211825e-08,-0.00019540441
7.221825e-08,-0.00019684053
7.231825e-08,-0.00019612247
7.241825e-08,-0.00019755859
7.251825e-08,-0.00020689338
7.261825e-08,-0.0002212546
7.271825e-08,-0.00023561581
7.281825e-08,-0.00024351448
7.291825e-08,-0.00024136029
7.301825e-08,-0.00023346163
7.311825e-08,-0.00022771714
7.321825e-08,-0.00023274357
7.331825e-08,-0.00025284926
7.341825e-08,-0.00028444393
7.351825e-08,-0.0003160386
7.361825e-08,-0.00033470818
7.371825e-08,-0.00033327206
7.381825e-08,-0.0003124483
7.391825e-08,-0.00028228975
7.401825e-08,-0.00025859375
7.411825e-08,-0.00025284926
7.421825e-08,-0.0002686466
7.431825e-08,-0.00029808709
7.441825e-08,-0.00032752757
7.451825e-08,-0.00034476103
7.461825e-08,-0.00034404297
7.471825e-08,-0.00032968176
7.481825e-08,-0.00031460248
7.491825e-08,-0.00031029412
7.501825e-08,-0.00032393727
7.511825e-08,-0.0003526597
7.521825e-08,-0.00038640855
7.531825e-08,-0.00041369485
7.541825e-08,-0.00042661994
7.551825e-08,-0.00042590188
7.561825e-08,-0.00041872128
7.571825e-08,-0.00041369485
7.581825e-08,-0.00041800322
7.591825e-08,-0.00043021025
7.601825e-08,-0.00044672564
7.611825e-08,-0.00045965074
7.621825e-08,-0.0004675494
7.631825e-08,-0.00047329389
7.641825e-08,-0.0004840648
7.651825e-08,-0.00050560662
7.661825e-08,-0.00053791935
7.671825e-08,-0.0005752585
7.681825e-08,-0.00060613511
7.691825e-08,-0.00062049632
7.701825e-08,-0.00061475184
7.711825e-08,-0.0005953642
7.721825e-08,-0.00057382238
7.731825e-08,-0.00056305147
7.741825e-08,-0.00057023208
7.751825e-08,-0.00059392808
7.761825e-08,-0.00062193244
7.771825e-08,-0.00064347426
7.781825e-08,-0.00064921875
7.791825e-08,-0.0006391659
7.801825e-08,-0.00062193244
7.811825e-08,-0.00060900735
7.821825e-08,-0.00060828929
7.831825e-08,-0.00062049632
7.841825e-08,-0.00063988396
7.851825e-08,-0.00065496324
7.861825e-08,-0.00065783548
7.871825e-08,-0.00064706457
7.881825e-08,-0.00062767693
7.891825e-08,-0.00060900735
7.901825e-08,-0.00060039063
7.911825e-08,-0.00060398093
7.921825e-08,-0.00061762408
7.931825e-08,-0.00063198529
7.941825e-08,-0.00064132008
7.951825e-08,-0.00064203814
7.961825e-08,-0.00063701172
7.971825e-08,-0.00063198529
7.981825e-08,-0.00063270335
7.991825e-08,-0.00064132008
8.001825e-08,-0.00065496324
8.011825e-08,-0.00066645221
8.021825e-08,-0.00067147863
8.031825e-08,-0.00066645221
8.041825e-08,-0.0006556813
8.051825e-08,-0.00064347426
8.061825e-08,-0.00063772978
8.071825e-08,-0.00064203814
8.081825e-08,-0.00065639936
8.091825e-08,-0.00067794118
8.101825e-08,-0.00070235524
8.111825e-08,-0.00072533318
8.121825e-08,-0.00074400276
8.131825e-08,-0.00075836397
8.141825e-08,-0.00076841682
8.151825e-08,-0.00077487937
8.161825e-08,-0.00077918773
8.171825e-08,-0.00078134191
8.181825e-08,-0.00078421415
8.191825e-08,-0.0007906767
8.201825e-08,-0.00080144761
8.211825e-08,-0.00081580882
8.221825e-08,-0.00082945198
8.231825e-08,-0.0008380687
8.241825e-08,-0.0008380687
8.251825e-08,-0.00082729779
8.261825e-08,-0.00081150046
8.271825e-08,-0.00079713925
8.281825e-08,-0.00079354894
8.291825e-08,-0.00080431985
8.301825e-08,-0.00082873392
8.311825e-08,-0.00085961052
8.321825e-08,-0.00088833295
8.331825e-08,-0.00090772059
8.341825e-08,-0.00091418313
8.351825e-08,-0.00091059283
8.361825e-08,-0.00090269416
8.371825e-08,-0.00089623162
8.381825e-08,-0.00089264131
8.391825e-08,-0.00088976907
8.401825e-08,-0.00088402459
8.411825e-08,-0.00087325368
8.421825e-08,-0.00085745634
8.431825e-08,-0.00084309513
8.441825e-08,-0.00083519646
8.451825e-08,-0.00083878676
8.461825e-08,-0.00085314798
8.471825e-08,-0.00087325368
8.481825e-08,-0.00088976907
8.491825e-08,-0.00089623162
8.501825e-08,-0.00089120519
8.511825e-08,-0.00087899816
8.521825e-08,-0.00086750919
8.531825e-08,-0.00086176471
8.541825e-08,-0.00086463695
8.551825e-08,-0.00087109949
8.561825e-08,-0.00087612592
8.571825e-08,-0.00087325368
8.581825e-08,-0.00086176471
8.591825e-08,-0.00084668543
8.601825e-08,-0.00083735064
8.611825e-08,-0.00083878676
8.621825e-08,-0.00085386604
8.631825e-08,-0.00087612592
8.641825e-08,-0.00089766774
8.651825e-08,-0.00090772059
8.661825e-08,-0.00090341222
8.671825e-08,-0.00088833295
8.681825e-08,-0.00087109949
8.691825e-08,-0.00086176471
8.701825e-08,-0.00086535501
8.711825e-08,-0.00087971622
8.721825e-08,-0.00089694968
8.731825e-08,-0.00090772059
8.741825e-08,-0.00090628447
8.751825e-08,-0.00089264131
8.761825e-08,-0.0008746898
8.771825e-08,-0.00086176471
8.781825e-08,-0.00086104665
8.791825e-08,-0.00087253562
8.801825e-08,-0.00089120519
8.811825e-08,-0.00090772059
8.821825e-08,-0.00091418313
8.831825e-08,-0.00090700253
8.841825e-08,-0.00089120519
8.851825e-08,-0.00087325368
8.861825e-08,-0.00086176471
8.871825e-08,-0.00086032858
8.881825e-08,-0.00086966337
8.891825e-08,-0.00088474265
8.901825e-08,-0.00090053998
8.911825e-08,-0.00091274701
8.921825e-08,-0.00092279986
8.931825e-08,-0.00093069853
8.941825e-08,-0.00094003332
8.951825e-08,-0.00095224035
8.961825e-08,-0.00096516544
8.971825e-08,-0.00097665441
8.981825e-08,-0.00098455308
8.991825e-08,-0.0009895795
9.001825e-08,-0.00099316981
9.011825e-08,-0.00099963235
9.021825e-08,-0.0010118394
9.031825e-08,-0.0010297909
9.041825e-08,-0.0010534869
9.051825e-08,-0.0010800551
9.061825e-08,-0.0011059053
9.071825e-08,-0.0011303194
9.081825e-08,-0.0011525793
9.091825e-08,-0.0011719669
9.101825e-08,-0.0011892004
9.111825e-08,-0.0012028435
9.121825e-08,-0.0012128964
9.131825e-08,-0.0012179228
9.141825e-08,-0.001220795
9.151825e-08,-0.0012258215
9.161825e-08,-0.0012351563
9.171825e-08,-0.0012523897
9.181825e-08,-0.0012753676
9.191825e-08,-0.0013004998
9.201825e-08,-0.0013206055
9.211825e-08,-0.0013328125
9.221825e-08,-0.0013349667
9.231825e-08,-0.0013299403
9.241825e-08,-0.0013234777
9.251825e-08,-0.0013213235
9.261825e-08,-0.0013256319
9.271825e-08,-0.0013356847
9.281825e-08,-0.0013471737
9.291825e-08,-0.0013557904
9.301825e-08,-0.0013586627
9.311825e-08,-0.0013572266
9.321825e-08,-0.0013550724
9.331825e-08,-0.0013557904
9.341825e-08,-0.0013608169
9.351825e-08,-0.0013694336
9.361825e-08,-0.0013766142
9.371825e-08,-0.0013787684
9.381825e-08,-0.0013730239
9.391825e-08,-0.001362253
9.401825e-08,-0.001350046
9.411825e-08,-0.0013443015
9.421825e-08,-0.0013486098
9.431825e-08,-0.0013644072
9.441825e-08,-0.0013881032
9.451825e-08,-0.0014132353
9.461825e-08,-0.0014347771
9.471825e-08,-0.0014477022
9.481825e-08,-0.0014512925
9.491825e-08,-0.0014477022
9.501825e-08,-0.0014390855
9.511825e-08,-0.0014290326
9.521825e-08,-0.0014204159
9.531825e-08,-0.0014132353
9.541825e-08,-0.001409645
9.551825e-08,-0.0014110811
9.561825e-08,-0.0014161075
9.571825e-08,-0.0014247243
9.581825e-08,-0.0014347771
9.591825e-08,-0.0014433938
9.601825e-08,-0.0014477022
9.611825e-08,-0.0014477022
9.621825e-08,-0.00144483
9.631825e-08,-0.0014419577
9.641825e-08,-0.0014419577
9.651825e-08,-0.0014477022
9.661825e-08,-0.001457037
9.671825e-08,-0.0014678079
9.681825e-08,-0.0014771427
9.691825e-08,-0.0014821691
9.701825e-08,-0.0014850414
9.711825e-08,-0.0014886317
9.721825e-08,-0.0014950942
9.731825e-08,-0.0015051471
9.741825e-08,-0.001516636
9.751825e-08,-0.0015252528
9.761825e-08,-0.0015252528
9.771825e-08,-0.001516636
9.781825e-08,-0.0015015568
9.791825e-08,-0.0014864775
9.801825e-08,-0.0014792969
9.811825e-08,-0.0014821691
9.821825e-08,-0.0014950942
9.831825e-08,-0.0015116096
9.841825e-08,-0.0015245347
9.851825e-08,-0.001528125
9.861825e-08,-0.0015223805
9.871825e-08,-0.0015123277
9.881825e-08,-0.001504429
9.891825e-08,-0.0015051471
9.901825e-08,-0.001515918
9.911825e-08,-0.0015331514
9.921825e-08,-0.0015511029
9.931825e-08,-0.0015625919
9.941825e-08,-0.0015669003
9.951825e-08,-0.0015669003
9.961825e-08,-0.0015676183
9.971825e-08,-0.0015740809
9.981825e-08,-0.0015862879
9.991825e-08,-0.0016020852
1.000182e-07,-0.0016142923
1.001182e-07,-0.0016200368
1.002182e-07,-0.0016178826
1.003182e-07,-0.00161142
1.004182e-07,-0.0016071117
1.005182e-07,-0.0016085478
1.006182e-07,-0.0016171645
1.007182e-07,-0.0016286535
1.008182e-07,-0.0016387063
1.009182e-07,-0.0016430147
1.010182e-07,-0.0016430147
1.011182e-07,-0.0016437328
1.012182e-07,-0.0016509134
1.013182e-07,-0.0016659926
1.014182e-07,-0.0016868164
1.015182e-07,-0.0017047679
1.016182e-07,-0.0017112305
1.017182e-07,-0.0017004596
1.018182e-07,-0.0016760455
1.019182e-07,-0.0016480411
1.020182e-07,-0.0016300896
1.021182e-07,-0.0016315257
1.022182e-07,-0.0016545037
1.023182e-07,-0.0016904067
1.024182e-07,-0.0017255917
1.025182e-07,-0.0017464154
1.026182e-07,-0.0017478516
1.027182e-07,-0.0017334903
1.028182e-07,-0.0017133847
1.029182e-07,-0.0017004596
1.030182e-07,-0.0017011776
1.031182e-07,-0.0017148208
1.032182e-07,-0.0017327723
1.033182e-07,-0.0017464154
1.034182e-07,-0.0017485696
1.035182e-07,-0.001741389
1.036182e-07,-0.0017299
1.037182e-07,-0.0017234375
1.038182e-07,-0.0017270278
1.039182e-07,-0.001740671
1.040182e-07,-0.0017571864
1.041182e-07,-0.0017693934
1.042182e-07,-0.0017729837
1.043182e-07,-0.0017686753
1.044182e-07,-0.0017614947
1.045182e-07,-0.0017579044
1.046182e-07,-0.0017614947
1.047182e-07,-0.0017715476
1.048182e-07,-0.0017837546
1.049182e-07,-0.0017923713
1.050182e-07,-0.0017959616
1.051182e-07,-0.0017959616
1.052182e-07,-0.0017973977
1.053182e-07,-0.0018038603
1.054182e-07,-0.0018153493
1.055182e-07,-0.0018282744
1.056182e-07,-0.0018376091
1.057182e-07,-0.0018383272
1.058182e-07,-0.0018325827
1.059182e-07,-0.0018261202
1.060182e-07,-0.0018268382
1.061182e-07,-0.0018383272
1.062182e-07,-0.001859869
1.063182e-07,-0.0018842831
1.064182e-07,-0.0019022346
1.065182e-07,-0.001907261
1.066182e-07,-0.0019007985
1.067182e-07,-0.0018900276
1.068182e-07,-0.0018864373
1.069182e-07,-0.0018957721
1.070182e-07,-0.0019194681
1.071182e-07,-0.0019489085
1.072182e-07,-0.0019740407
1.073182e-07,-0.0019876838
1.074182e-07,-0.0019884019
1.075182e-07,-0.0019840935
1.076182e-07,-0.0019855296
1.077182e-07,-0.0019991728
1.078182e-07,-0.002025023
1.079182e-07,-0.0020530273
1.080182e-07,-0.0020702608
1.081182e-07,-0.0020681066
1.082182e-07,-0.0020472829
1.083182e-07,-0.0020178424
1.084182e-07,-0.0019977367
1.085182e-07,-0.0019991728
1.086182e-07,-0.002025023
1.087182e-07,-0.0020666705
1.088182e-07,-0.0021054458
1.089182e-07,-0.0021255515
1.090182e-07,-0.002119807
1.091182e-07,-0.0020925207
1.092182e-07,-0.0020580538
1.093182e-07,-0.0020336397
1.094182e-07,-0.0020278952
1.095182e-07,-0.0020393842
1.096182e-07,-0.0020573357
1.097182e-07,-0.0020681066
1.098182e-07,-0.0020637983
1.099182e-07,-0.0020444106
1.100182e-07,-0.0020192785
1.101182e-07,-0.0019991728
1.102182e-07,-0.0019927102
1.103182e-07,-0.0019991728
1.104182e-07,-0.0020120979
1.105182e-07,-0.0020221507
1.106182e-07,-0.002025023
1.107182e-07,-0.0020214327
1.108182e-07,-0.0020185604
1.109182e-07,-0.0020221507
1.110182e-07,-0.0020350758
1.111182e-07,-0.0020508732
1.112182e-07,-0.002060926
1.113182e-07,-0.0020566176
1.114182e-07,-0.0020357939
1.115182e-07,-0.0020049173
1.116182e-07,-0.0019769129
1.117182e-07,-0.0019647059
1.118182e-07,-0.0019726045
1.119182e-07,-0.0019948644
1.120182e-07,-0.0020199966
1.121182e-07,-0.0020336397
1.122182e-07,-0.0020278952
1.123182e-07,-0.0020056353
1.124182e-07,-0.0019761949
1.125182e-07,-0.0019532169
1.126182e-07,-0.0019453182
1.127182e-07,-0.0019532169
1.128182e-07,-0.0019704504
1.129182e-07,-0.0019876838
1.130182e-07,-0.0019977367
1.131182e-07,-0.002001327
1.132182e-07,-0.0020034812
1.133182e-07,-0.0020106618
1.134182e-07,-0.0020271772
1.135182e-07,-0.002048719
1.136182e-07,-0.0020695427
1.137182e-07,-0.0020795956
1.138182e-07,-0.0020767233
1.139182e-07,-0.0020645163
1.140182e-07,-0.0020508732
1.141182e-07,-0.0020451287
1.142182e-07,-0.0020515912
1.143182e-07,-0.0020666705
1.144182e-07,-0.0020824678
1.145182e-07,-0.0020910846
1.146182e-07,-0.0020889304
1.147182e-07,-0.0020788775
1.148182e-07,-0.0020695427
1.149182e-07,-0.0020681066
1.150182e-07,-0.0020788775
1.151182e-07,-0.0020989832
1.152182e-07,-0.0021212431
1.153182e-07,-0.0021370404
1.154182e-07,-0.002143503
1.155182e-07,-0.002144221
1.156182e-07,-0.002143503
1.157182e-07,-0.0021485294
1.158182e-07,-0.0021585823
1.159182e-07,-0.002167917
1.160182e-07,-0.0021700712
1.161182e-07,-0.0021600184
1.162182e-07,-0.0021391946
1.163182e-07,-0.0021169347
1.164182e-07,-0.0021061638
1.165182e-07,-0.0021140625
1.166182e-07,-0.0021413488
1.167182e-07,-0.002178688
1.168182e-07,-0.0022117188
1.169182e-07,-0.0022289522
1.170182e-07,-0.00222608
1.171182e-07,-0.0022081284
1.172182e-07,-0.0021865866
1.173182e-07,-0.0021715074
1.174182e-07,-0.0021657629
1.175182e-07,-0.0021657629
1.176182e-07,-0.0021621726
1.177182e-07,-0.0021485294
1.178182e-07,-0.0021255515
1.179182e-07,-0.0021025735
1.180182e-07,-0.0020918026
1.181182e-07,-0.0021025735
1.182182e-07,-0.0021341682
1.183182e-07,-0.0021750977
1.184182e-07,-0.0022074104
1.185182e-07,-0.0022174632
1.186182e-07,-0.0022002298
1.187182e-07,-0.0021643267
1.188182e-07,-0.0021262695
1.189182e-07,-0.0021025735
1.190182e-07,-0.0021004193
1.191182e-07,-0.0021162167
1.192182e-07,-0.0021370404
1.193182e-07,-0.0021485294
1.194182e-07,-0.0021427849
1.195182e-07,-0.0021241153
1.196182e-07,-0.0021025735
1.197182e-07,-0.0020910846
1.198182e-07,-0.002096829
1.199182e-07,-0.0021154986
1.200182e-07,-0.0021370404
1.201182e-07,-0.0021485294
1.202182e-07,-0.002144221
1.203182e-07,-0.0021255515
1.204182e-07,-0.0021047277
1.205182e-07,-0.0020910846
1.206182e-07,-0.0020925207
1.207182e-07,-0.0021061638
1.208182e-07,-0.0021241153
1.209182e-07,-0.0021370404
1.210182e-07,-0.0021420669
1.211182e-07,-0.0021413488
1.212182e-07,-0.0021449391
1.213182e-07,-0.0021600184
1.214182e-07,-0.0021873047
1.215182e-07,-0.0022210535
1.216182e-07,-0.002249776
1.217182e-07,-0.0022634191
1.218182e-07,-0.0022612649
1.219182e-07,-0.002249776
1.220182e-07,-0.0022433134
1.221182e-07,-0.0022519301
1.222182e-07,-0.0022784984
1.223182e-07,-0.0023158375
1.224182e-07,-0.0023488683
1.225182e-07,-0.0023668199
1.226182e-07,-0.0023661018
1.227182e-07,-0.0023560489
1.228182e-07,-0.0023517406
1.229182e-07,-0.0023668199
1.230182e-07,-0.0024055951
1.231182e-07,-0.0024594497
1.232182e-07,-0.002510432
1.233182e-07,-0.0025391544
1.234182e-07,-0.0025362822
1.235182e-07,-0.0025075597
1.236182e-07,-0.0024673483
1.237182e-07,-0.0024357537
1.238182e-07,-0.0024271369
1.239182e-07,-0.0024436523
1.240182e-07,-0.002474529
1.241182e-07,-0.0025046875
1.242182e-07,-0.0025212029
1.243182e-07,-0.0025197668
1.244182e-07,-0.0025068417
1.245182e-07,-0.0024931985
1.246182e-07,-0.0024881721
1.247182e-07,-0.0024946347
1.248182e-07,-0.002510432
1.249182e-07,-0.0025276654
1.250182e-07,-0.0025405905
1.251182e-07,-0.0025484892
1.252182e-07,-0.0025542337
1.253182e-07,-0.0025621324
1.254182e-07,-0.0025736213
1.255182e-07,-0.0025858284
1.256182e-07,-0.0025908548
1.257182e-07,-0.0025851103
1.258182e-07,-0.0025685949
1.259182e-07,-0.0025477711
1.260182e-07,-0.0025355641
1.261182e-07,-0.0025391544
1.262182e-07,-0.0025614143
1.263182e-07,-0.0025944451
1.264182e-07,-0.0026253217
1.265182e-07,-0.0026425551
1.266182e-07,-0.002640401
1.267182e-07,-0.0026224494
1.268182e-07,-0.0026001896
1.269182e-07,-0.0025851103
1.270182e-07,-0.0025836742
1.271182e-07,-0.002593009
1.272182e-07,-0.0026044979
1.273182e-07,-0.0026080882
1.274182e-07,-0.0025994715
1.275182e-07,-0.0025808019
1.276182e-07,-0.0025614143
1.277182e-07,-0.0025506434
1.278182e-07,-0.0025527976
1.279182e-07,-0.0025635685
1.280182e-07,-0.0025736213
1.281182e-07,-0.0025736213
1.282182e-07,-0.0025599782
1.283182e-07,-0.0025370002
1.284182e-07,-0.0025154584
1.285182e-07,-0.0025046875
1.286182e-07,-0.002510432
1.287182e-07,-0.0025291016
1.288182e-07,-0.0025499253
1.289182e-07,-0.0025621324
1.290182e-07,-0.0025599782
1.291182e-07,-0.002545617
1.292182e-07,-0.0025276654
1.293182e-07,-0.0025161765
1.294182e-07,-0.0025154584
1.295182e-07,-0.0025247932
1.296182e-07,-0.0025355641
1.297182e-07,-0.0025391544
1.298182e-07,-0.0025319738
1.299182e-07,-0.0025168945
1.300182e-07,-0.0025010972
1.301182e-07,-0.0024931985
1.302182e-07,-0.0024960708
1.303182e-07,-0.0025068417
1.304182e-07,-0.0025161765
1.305182e-07,-0.0025161765
1.306182e-07,-0.0025032514
1.307182e-07,-0.0024809915
1.308182e-07,-0.0024594497
1.309182e-07,-0.0024472426
1.310182e-07,-0.0024493968
1.311182e-07,-0.002463758
1.312182e-07,-0.0024809915
1.313182e-07,-0.0024931985
1.314182e-07,-0.0024960708
1.315182e-07,-0.0024910443
1.316182e-07,-0.0024838637
1.317182e-07,-0.0024817096
1.318182e-07,-0.0024852999
1.319182e-07,-0.0024903263
1.320182e-07,-0.0024910443
1.321182e-07,-0.0024817096
1.322182e-07,-0.0024644761
1.323182e-07,-0.0024465246
1.324182e-07,-0.0024379079
1.325182e-07,-0.0024472426
1.326182e-07,-0.0024723748
1.327182e-07,-0.0025054056
1.328182e-07,-0.0025305377
1.329182e-07,-0.0025391544
1.330182e-07,-0.0025276654
1.331182e-07,-0.0025032514
1.332182e-07,-0.0024802734
1.333182e-07,-0.0024702206
1.334182e-07,-0.0024781193
1.335182e-07,-0.002498943
1.336182e-07,-0.0025190487
1.337182e-07,-0.0025276654
1.338182e-07,-0.0025190487
1.339182e-07,-0.002498943
1.340182e-07,-0.0024781193
1.341182e-07,-0.0024702206
1.342182e-07,-0.0024809915
1.343182e-07,-0.0025068417
1.344182e-07,-0.0025377183
1.345182e-07,-0.0025621324
1.346182e-07,-0.0025729033
1.347182e-07,-0.0025707491
1.348182e-07,-0.0025642865
1.349182e-07,-0.0025621324
1.350182e-07,-0.0025678768
1.351182e-07,-0.0025793658
1.352182e-07,-0.0025872645
1.353182e-07,-0.0025851103
1.354182e-07,-0.002570031
1.355182e-07,-0.0025484892
1.356182e-07,-0.0025312557
1.357182e-07,-0.0025276654
1.358182e-07,-0.0025420267
1.359182e-07,-0.0025671588
1.360182e-07,-0.002593727
1.361182e-07,-0.0026080882
1.362182e-07,-0.0026066521
1.363182e-07,-0.002593009
1.364182e-07,-0.0025779297
1.365182e-07,-0.0025736213
1.366182e-07,-0.0025843922
1.367182e-07,-0.0026066521
1.368182e-07,-0.0026296301
1.369182e-07,-0.0026425551
1.370182e-07,-0.002640401
1.371182e-07,-0.0026267578
1.372182e-07,-0.0026123966
1.373182e-07,-0.0026080882
1.374182e-07,-0.0026195772
1.375182e-07,-0.0026447093
1.376182e-07,-0.0026712776
1.377182e-07,-0.002688511
1.378182e-07,-0.0026899472
1.379182e-07,-0.0026777401
1.380182e-07,-0.0026619428
1.381182e-07,-0.0026540441
1.382182e-07,-0.0026605067
1.383182e-07,-0.0026798943
1.384182e-07,-0.0027043084
1.385182e-07,-0.0027229779
1.386182e-07,-0.0027294405
1.387182e-07,-0.0027258502
1.388182e-07,-0.0027208238
1.389182e-07,-0.0027229779
1.390182e-07,-0.0027387753
1.391182e-07,-0.0027660616
1.392182e-07,-0.0027955021
1.393182e-07,-0.0028148897
1.394182e-07,-0.0028170439
1.395182e-07,-0.0028019646
1.396182e-07,-0.0027782686
1.397182e-07,-0.0027574449
1.398182e-07,-0.0027488281
1.399182e-07,-0.0027545726
1.400182e-07,-0.0027718061
1.401182e-07,-0.0027919118
1.402182e-07,-0.0028091452
1.403182e-07,-0.0028206342
1.404182e-07,-0.0028285329
1.405182e-07,-0.0028378676
1.406182e-07,-0.0028507927
1.407182e-07,-0.0028680262
1.408182e-07,-0.0028838235
1.409182e-07,-0.0028953125
1.410182e-07,-0.0028996209
1.411182e-07,-0.0028981847
1.412182e-07,-0.0028953125
1.413182e-07,-0.0028953125
1.414182e-07,-0.0028989028
1.415182e-07,-0.0029046473
1.416182e-07,-0.0029082376
1.417182e-07,-0.0029068015
1.418182e-07,-0.002901057
1.419182e-07,-0.0028960306
1.420182e-07,-0.0028967486
1.421182e-07,-0.0029068015
1.422182e-07,-0.0029233169
1.423182e-07,-0.0029391142
1.424182e-07,-0.0029462948
1.425182e-07,-0.0029412684
1.426182e-07,-0.0029269072
1.427182e-07,-0.002912546
1.428182e-07,-0.0029075195
1.429182e-07,-0.0029182904
1.430182e-07,-0.0029419864
1.431182e-07,-0.0029692727
1.432182e-07,-0.0029872243
1.433182e-07,-0.0029872243
1.434182e-07,-0.0029692727
1.435182e-07,-0.0029434226
1.436182e-07,-0.0029225988
1.437182e-07,-0.0029182904
1.438182e-07,-0.0029319336
1.439182e-07,-0.0029556296
1.440182e-07,-0.0029778895
1.441182e-07,-0.0029872243
1.442182e-07,-0.0029814798
1.443182e-07,-0.0029664005
1.444182e-07,-0.0029541935
1.445182e-07,-0.0029527574
1.446182e-07,-0.0029642463
1.447182e-07,-0.0029807617
1.448182e-07,-0.0029915326
1.449182e-07,-0.0029872243
1.450182e-07,-0.0029678366
1.451182e-07,-0.0029427045
1.452182e-07,-0.0029261891
1.453182e-07,-0.0029297794
1.454182e-07,-0.0029541935
1.455182e-07,-0.0029893784
1.456182e-07,-0.0030166648
1.457182e-07,-0.0030216912
1.458182e-07,-0.0029987132
1.459182e-07,-0.0029570657
1.460182e-07,-0.002912546
1.461182e-07,-0.0028838235
1.462182e-07,-0.0028809513
1.463182e-07,-0.0029003389
1.464182e-07,-0.0029297794
1.465182e-07,-0.0029527574
1.466182e-07,-0.002959938
1.467182e-07,-0.0029513212
1.468182e-07,-0.00293696
1.469182e-07,-0.0029297794
1.470182e-07,-0.0029391142
1.471182e-07,-0.0029635283
1.472182e-07,-0.0029951229
1.473182e-07,-0.0030216912
1.474182e-07,-0.0030353343
1.475182e-07,-0.0030353343
1.476182e-07,-0.0030274357
1.477182e-07,-0.0030216912
1.478182e-07,-0.0030231273
1.479182e-07,-0.0030303079
1.480182e-07,-0.0030396427
1.481182e-07,-0.0030446691
1.482182e-07,-0.003043233
1.483182e-07,-0.0030396427
1.484182e-07,-0.0030417969
1.485182e-07,-0.0030561581
1.486182e-07,-0.0030820083
1.487182e-07,-0.0031128849
1.488182e-07,-0.003138017
1.489182e-07,-0.0031480699
1.490182e-07,-0.0031423254
1.491182e-07,-0.0031286822
1.492182e-07,-0.0031193474
1.493182e-07,-0.0031250919
1.494182e-07,-0.0031480699
1.495182e-07,-0.0031796645
1.496182e-07,-0.0032069508
1.497182e-07,-0.0032170037
1.498182e-07,-0.0032062328
1.499182e-07,-0.0031811006
1.500182e-07,-0.0031566866
1.501182e-07,-0.0031480699
1.502182e-07,-0.003161713
1.503182e-07,-0.0031918716
1.504182e-07,-0.0032270565
1.505182e-07,-0.0032514706
1.506182e-07,-0.003255779
1.507182e-07,-0.0032428539
1.508182e-07,-0.003221312
1.509182e-07,-0.0032055147
1.510182e-07,-0.0032026425
1.511182e-07,-0.0032134134
1.512182e-07,-0.0032292107
1.513182e-07,-0.0032399816
1.514182e-07,-0.0032414177
1.515182e-07,-0.0032356733
1.516182e-07,-0.003232083
1.517182e-07,-0.0032399816
1.518182e-07,-0.0032643957
1.519182e-07,-0.0032995807
1.520182e-07,-0.0033340476
1.521182e-07,-0.0033548713
1.522182e-07,-0.0033534352
1.523182e-07,-0.0033318934
1.524182e-07,-0.0033010168
1.525182e-07,-0.0032744485
1.526182e-07,-0.0032615234
1.527182e-07,-0.0032636776
1.528182e-07,-0.0032751666
1.529182e-07,-0.0032859375
1.530182e-07,-0.0032895278
1.531182e-07,-0.0032845014
1.532182e-07,-0.0032773208
1.533182e-07,-0.0032744485
1.534182e-07,-0.0032816291
1.535182e-07,-0.0032967084
1.536182e-07,-0.0033125057
1.537182e-07,-0.0033204044
1.538182e-07,-0.003315378
1.539182e-07,-0.0033002987
1.540182e-07,-0.0032837833
1.541182e-07,-0.0032744485
1.542182e-07,-0.003279475
1.543182e-07,-0.0032967084
1.544182e-07,-0.0033175322
1.545182e-07,-0.0033318934
1.546182e-07,-0.0033318934
1.547182e-07,-0.0033168141
1.548182e-07,-0.0032938362
1.549182e-07,-0.0032744485
1.550182e-07,-0.0032665499
1.551182e-07,-0.0032730124
1.552182e-07,-0.0032902459
1.553182e-07,-0.0033089154
1.554182e-07,-0.0033218405
1.555182e-07,-0.0033261489
1.556182e-07,-0.0033239947
1.557182e-07,-0.0033204044
1.558182e-07,-0.0033211225
1.559182e-07,-0.003326867
1.560182e-07,-0.0033362017
1.561182e-07,-0.0033433824
1.562182e-07,-0.0033448185
1.563182e-07,-0.0033412282
1.564182e-07,-0.0033354837
1.565182e-07,-0.0033318934
1.566182e-07,-0.0033347656
1.567182e-07,-0.0033426643
1.568182e-07,-0.003351281
1.569182e-07,-0.0033548713
1.570182e-07,-0.0033491268
1.571182e-07,-0.0033347656
1.572182e-07,-0.003315378
1.573182e-07,-0.0032974265
1.574182e-07,-0.0032859375
1.575182e-07,-0.0032823472
1.576182e-07,-0.0032837833
1.577182e-07,-0.0032859375
1.578182e-07,-0.0032837833
1.579182e-07,-0.0032766027
1.580182e-07,-0.0032643957
1.581182e-07,-0.0032514706
1.582182e-07,-0.0032406997
1.583182e-07,-0.0032335191
1.584182e-07,-0.0032299288
1.585182e-07,-0.0032284926
1.586182e-07,-0.0032284926
1.587182e-07,-0.0032292107
1.588182e-07,-0.003232801
1.589182e-07,-0.0032399816
1.590182e-07,-0.0032485983
1.591182e-07,-0.0032572151
1.592182e-07,-0.0032622415
1.593182e-07,-0.0032629596
1.594182e-07,-0.0032600873
1.595182e-07,-0.003256497
1.596182e-07,-0.0032572151
1.597182e-07,-0.0032629596
1.598182e-07,-0.0032730124
1.599182e-07,-0.0032830653
1.600182e-07,-0.0032888097
1.601182e-07,-0.0032859375
1.602182e-07,-0.0032766027
1.603182e-07,-0.0032665499
1.604182e-07,-0.0032608054
1.605182e-07,-0.0032629596
1.606182e-07,-0.0032730124
1.607182e-07,-0.0032866556
1.608182e-07,-0.0032959903
1.609182e-07,-0.0032974265
1.610182e-07,-0.0032909639
1.611182e-07,-0.0032809111
1.612182e-07,-0.0032737305
1.613182e-07,-0.0032744485
1.614182e-07,-0.0032823472
1.615182e-07,-0.0032931181
1.616182e-07,-0.0032995807
1.617182e-07,-0.0032974265
1.618182e-07,-0.0032859375
1.619182e-07,-0.0032701402
1.620182e-07,-0.0032572151
1.621182e-07,-0.0032514706
1.622182e-07,-0.0032543428
1.623182e-07,-0.0032608054
1.624182e-07,-0.0032651137
1.625182e-07,-0.0032629596
1.626182e-07,-0.0032550609
1.627182e-07,-0.0032485983
1.628182e-07,-0.0032493164
1.629182e-07,-0.0032629596
1.630182e-07,-0.0032866556
1.631182e-07,-0.0033125057
1.632182e-07,-0.0033297392
1.633182e-07,-0.0033318934
1.634182e-07,-0.0033189683
1.635182e-07,-0.0032981445
1.636182e-07,-0.003280193
1.637182e-07,-0.0032744485
1.638182e-07,-0.0032816291
1.639182e-07,-0.0032967084
1.640182e-07,-0.0033081974
1.641182e-07,-0.0033089154
1.642182e-07,-0.0032959903
1.643182e-07,-0.0032758847
1.644182e-07,-0.0032579331
1.645182e-07,-0.0032514706
1.646182e-07,-0.0032600873
1.647182e-07,-0.0032787569
1.648182e-07,-0.0032981445
1.649182e-07,-0.0033089154
1.650182e-07,-0.0033081974
1.651182e-07,-0.0032974265
1.652182e-07,-0.0032845014
1.653182e-07,-0.0032744485
1.654182e-07,-0.003268704
1.655182e-07,-0.0032629596
1.656182e-07,-0.0032500345
1.657182e-07,-0.0032284926
1.658182e-07,-0.0032004883
1.659182e-07,-0.0031746381
1.660182e-07,-0.0031631491
1.661182e-07,-0.0031710478
1.662182e-07,-0.0031961799
1.663182e-07,-0.0032270565
1.664182e-07,-0.0032485983
1.665182e-07,-0.0032514706
1.666182e-07,-0.0032342371
1.667182e-07,-0.0032055147
1.668182e-07,-0.0031811006
1.669182e-07,-0.0031710478
1.670182e-07,-0.0031782284
1.671182e-07,-0.0031947438
1.672182e-07,-0.0032076689
1.673182e-07,-0.0032055147
1.674182e-07,-0.0031868451
1.675182e-07,-0.0031588408
1.676182e-07,-0.0031344267
1.677182e-07,-0.0031250919
1.678182e-07,-0.0031329906
1.679182e-07,-0.0031516602
1.680182e-07,-0.0031674575
1.681182e-07,-0.0031710478
1.682182e-07,-0.0031602769
1.683182e-07,-0.0031430434
1.684182e-07,-0.0031315545
1.685182e-07,-0.0031365809
1.686182e-07,-0.0031574046
1.687182e-07,-0.0031832548
1.688182e-07,-0.0031990522
1.689182e-07,-0.0031940257
1.690182e-07,-0.0031674575
1.691182e-07,-0.0031308364
1.692182e-07,-0.0031042682
1.693182e-07,-0.003102114
1.694182e-07,-0.0031279642
1.695182e-07,-0.0031717659
1.696182e-07,-0.0032148495
1.697182e-07,-0.0032399816
1.698182e-07,-0.0032399816
1.699182e-07,-0.0032234662
1.700182e-07,-0.0032062328
1.701182e-07,-0.0032055147
1.702182e-07,-0.0032292107
1.703182e-07,-0.0032701402
1.704182e-07,-0.0033139419
1.705182e-07,-0.0033433824
1.706182e-07,-0.0033527171
1.707182e-07,-0.0033469727
1.708182e-07,-0.0033426643
1.709182e-07,-0.0033548713
1.710182e-07,-0.0033900563
1.711182e-07,-0.0034424747
1.712182e-07,-0.0034941751
1.713182e-07,-0.0035272059
1.714182e-07,-0.0035322323
1.715182e-07,-0.0035135627
1.716182e-07,-0.0034862764
1.717182e-07,-0.003469761
1.718182e-07,-0.0034747875
1.719182e-07,-0.0034999196
1.720182e-07,-0.0035343865
1.721182e-07,-0.0035616728
1.722182e-07,-0.0035731618
1.723182e-07,-0.0035688534
1.724182e-07,-0.0035609547
1.725182e-07,-0.0035616728
1.726182e-07,-0.0035796243
1.727182e-07,-0.003611937
1.728182e-07,-0.0036456859
1.729182e-07,-0.0036650735
1.730182e-07,-0.0036614832
1.731182e-07,-0.0036363511
1.732182e-07,-0.0036018842
1.733182e-07,-0.0035731618
1.734182e-07,-0.0035623909
1.735182e-07,-0.0035710076
1.736182e-07,-0.0035903952
1.737182e-07,-0.0036076287
1.738182e-07,-0.0036133732
1.739182e-07,-0.0036061926
1.740182e-07,-0.0035932675
1.741182e-07,-0.0035846507
1.742182e-07,-0.003588241
1.743182e-07,-0.0036047564
1.744182e-07,-0.0036262983
1.745182e-07,-0.0036420956
1.746182e-07,-0.0036456859
1.747182e-07,-0.0036363511
1.748182e-07,-0.0036205538
1.749182e-07,-0.0036076287
1.750182e-07,-0.0036026023
1.751182e-07,-0.0036054745
1.752182e-07,-0.0036097829
1.753182e-07,-0.0036076287
1.754182e-07,-0.0035961397
1.755182e-07,-0.0035789062
1.756182e-07,-0.003564545
1.757182e-07,-0.0035616728
1.758182e-07,-0.0035738798
1.759182e-07,-0.0035968578
1.760182e-07,-0.0036198357
1.761182e-07,-0.0036306066
1.762182e-07,-0.003623426
1.763182e-07,-0.0036026023
1.764182e-07,-0.0035774701
1.765182e-07,-0.0035616728
1.766182e-07,-0.0035631089
1.767182e-07,-0.0035817785
1.768182e-07,-0.0036083467
1.769182e-07,-0.0036306066
1.770182e-07,-0.0036392233
1.771182e-07,-0.0036334789
1.772182e-07,-0.0036191176
1.773182e-07,-0.0036076287
1.774182e-07,-0.0036076287
1.775182e-07,-0.0036205538
1.776182e-07,-0.0036428136
1.777182e-07,-0.0036650735
1.778182e-07,-0.0036794347
1.779182e-07,-0.003683025
1.780182e-07,-0.0036801528
1.781182e-07,-0.0036765625
1.782182e-07,-0.0036794347
1.783182e-07,-0.0036909237
1.784182e-07,-0.003706721
1.785182e-07,-0.0037225184
1.786182e-07,-0.0037318532
1.787182e-07,-0.0037325712
1.788182e-07,-0.0037282629
1.789182e-07,-0.0037225184
1.790182e-07,-0.0037210823
1.791182e-07,-0.0037253906
1.792182e-07,-0.0037347254
1.793182e-07,-0.0037454963
1.794182e-07,-0.0037555492
1.795182e-07,-0.0037634478
1.796182e-07,-0.0037713465
1.797182e-07,-0.0037799632
1.798182e-07,-0.003789298
1.799182e-07,-0.0037979148
1.800182e-07,-0.0038029412
1.801182e-07,-0.0038029412
1.802182e-07,-0.0037993509
1.803182e-07,-0.0037950425
1.804182e-07,-0.0037957606
1.805182e-07,-0.0038029412
1.806182e-07,-0.0038165843
1.807182e-07,-0.0038316636
1.808182e-07,-0.0038438706
1.809182e-07,-0.0038488971
1.810182e-07,-0.0038488971
1.811182e-07,-0.0038488971
1.812182e-07,-0.0038560777
1.813182e-07,-0.003871875
1.814182e-07,-0.0038941349
1.815182e-07,-0.0039156767
1.816182e-07,-0.0039250115
1.817182e-07,-0.0039178309
1.818182e-07,-0.0038941349
1.819182e-07,-0.0038625402
1.820182e-07,-0.00383669
1.821182e-07,-0.0038259191
1.822182e-07,-0.0038345358
1.823182e-07,-0.0038560777
1.824182e-07,-0.0038804917
1.825182e-07,-0.0038948529
1.826182e-07,-0.0038926988
1.827182e-07,-0.0038740292
1.828182e-07,-0.0038488971
1.829182e-07,-0.0038259191
1.830182e-07,-0.0038137121
1.831182e-07,-0.003812994
1.832182e-07,-0.0038194566
1.833182e-07,-0.0038259191
1.834182e-07,-0.0038280733
1.835182e-07,-0.0038237649
1.836182e-07,-0.0038180205
1.837182e-07,-0.0038144301
1.838182e-07,-0.0038158663
1.839182e-07,-0.0038216108
1.840182e-07,-0.0038266372
1.841182e-07,-0.0038259191
1.842182e-07,-0.0038173024
1.843182e-07,-0.0038029412
1.844182e-07,-0.00378858
1.845182e-07,-0.0037799632
1.846182e-07,-0.0037799632
1.847182e-07,-0.0037871438
1.848182e-07,-0.0037964786
1.849182e-07,-0.0038029412
1.850182e-07,-0.0038043773
1.851182e-07,-0.0038036592
1.852182e-07,-0.0038050954
1.853182e-07,-0.0038144301
1.854182e-07,-0.0038323817
1.855182e-07,-0.0038546415
1.856182e-07,-0.0038740292
1.857182e-07,-0.003883364
1.858182e-07,-0.0038790556
1.859182e-07,-0.0038654125
1.860182e-07,-0.003848179
1.861182e-07,-0.0038374081
1.862182e-07,-0.0038374081
1.863182e-07,-0.003848179
1.864182e-07,-0.0038654125
1.865182e-07,-0.003883364
1.866182e-07,-0.0038977252
1.867182e-07,-0.003907778
1.868182e-07,-0.0039178309
1.869182e-07,-0.0039293199
1.870182e-07,-0.0039443991
1.871182e-07,-0.0039594784
1.872182e-07,-0.0039709674
1.873182e-07,-0.0039752757
1.874182e-07,-0.0039716854
1.875182e-07,-0.0039659409
1.876182e-07,-0.0039652229
1.877182e-07,-0.0039752757
1.878182e-07,-0.0039982537
1.879182e-07,-0.0040291303
1.880182e-07,-0.0040585708
1.881182e-07,-0.0040786765
1.882182e-07,-0.0040829848
1.883182e-07,-0.0040722139
1.884182e-07,-0.0040528263
1.885182e-07,-0.0040327206
1.886182e-07,-0.0040183594
1.887182e-07,-0.0040126149
1.888182e-07,-0.004014051
1.889182e-07,-0.0040212316
1.890182e-07,-0.0040312845
1.891182e-07,-0.0040420554
1.892182e-07,-0.0040549805
1.893182e-07,-0.0040671875
1.894182e-07,-0.0040765223
1.895182e-07,-0.0040786765
1.896182e-07,-0.0040714959
1.897182e-07,-0.0040556985
1.898182e-07,-0.0040363109
1.899182e-07,-0.0040226677
1.900182e-07,-0.0040205136
1.901182e-07,-0.0040327206
1.902182e-07,-0.0040528263
1.903182e-07,-0.0040700597
1.904182e-07,-0.004072932
1.905182e-07,-0.0040556985
1.906182e-07,-0.0040219497
1.907182e-07,-0.0039824563
1.908182e-07,-0.0039515797
1.909182e-07,-0.0039408088
1.910182e-07,-0.0039501436
1.911182e-07,-0.0039716854
1.912182e-07,-0.0039917911
1.913182e-07,-0.0039982537
1.914182e-07,-0.0039860466
1.915182e-07,-0.0039616326
1.916182e-07,-0.0039350643
1.917182e-07,-0.0039178309
1.918182e-07,-0.0039156767
1.919182e-07,-0.0039257295
1.920182e-07,-0.0039372185
1.921182e-07,-0.0039408088
1.922182e-07,-0.0039321921
1.923182e-07,-0.0039135225
1.924182e-07,-0.0038941349
1.925182e-07,-0.003883364
1.926182e-07,-0.0038855182
1.927182e-07,-0.0038977252
1.928182e-07,-0.0039113683
1.929182e-07,-0.0039178309
1.930182e-07,-0.0039128045
1.931182e-07,-0.0038998794
1.932182e-07,-0.0038869543
1.933182e-07,-0.003883364
1.934182e-07,-0.0038919807
1.935182e-07,-0.0039084961
1.936182e-07,-0.0039235754
1.937182e-07,-0.0039293199
1.938182e-07,-0.0039207031
1.939182e-07,-0.0039013155
1.940182e-07,-0.0038819278
1.941182e-07,-0.003871875
1.942182e-07,-0.0038769014
1.943182e-07,-0.0038948529
1.944182e-07,-0.0039156767
1.945182e-07,-0.0039293199
1.946182e-07,-0.0039293199
1.947182e-07,-0.0039171128
1.948182e-07,-0.0038984432
1.949182e-07,-0.003883364
1.950182e-07,-0.0038776195
1.951182e-07,-0.0038819278
1.952182e-07,-0.0038898265
1.953182e-07,-0.0038948529
1.954182e-07,-0.0038926988
1.955182e-07,-0.003884082
1.956182e-07,-0.0038754653
1.957182e-07,-0.003871875
1.958182e-07,-0.0038769014
1.959182e-07,-0.0038883904
1.960182e-07,-0.0039005974
1.961182e-07,-0.0039063419
1.962182e-07,-0.0039041877
1.963182e-07,-0.0038970071
1.964182e-07,-0.0038919807
1.965182e-07,-0.0038948529
1.966182e-07,-0.0039084961
1.967182e-07,-0.0039278837
1.968182e-07,-0.0039451172
1.969182e-07,-0.0039522978
1.970182e-07,-0.0039465533
1.971182e-07,-0.003931474
1.972182e-07,-0.0039156767
1.973182e-07,-0.0039063419
1.974182e-07,-0.003907778
1.975182e-07,-0.0039185489
1.976182e-07,-0.003931474
1.977182e-07,-0.0039408088
1.978182e-07,-0.0039443991
1.979182e-07,-0.0039451172
1.980182e-07,-0.0039494256
1.981182e-07,-0.0039637868
1.982182e-07,-0.0039874828
1.983182e-07,-0.0040147691
1.984182e-07,-0.0040363109
1.985182e-07,-0.0040442096
1.986182e-07,-0.0040355928
1.987182e-07,-0.0040147691
1.988182e-07,-0.0039917911
1.989182e-07,-0.0039752757
1.990182e-07,-0.0039702493
1.991182e-07,-0.0039745577
1.992182e-07,-0.0039824563
1.993182e-07,-0.0039867647
1.994182e-07,-0.0039860466
1.995182e-07,-0.0039831744
1.996182e-07,-0.0039860466
1.997182e-07,-0.0039982537
1.998182e-07,-0.0040197955
1.999182e-07,-0.0040449276
2.000182e-07,-0.0040628791
2.001182e-07,-0.0040671875
2.002182e-07,-0.0040571347
2.003182e-07,-0.0040399012
2.004182e-07,-0.0040248219
2.005182e-07,-0.0040212316
2.006182e-07,-0.0040312845
2.007182e-07,-0.0040485179
2.008182e-07,-0.0040628791
2.009182e-07,-0.0040671875
2.010182e-07,-0.0040592888
2.011182e-07,-0.0040463637
2.012182e-07,-0.004037747
2.013182e-07,-0.0040442096
2.014182e-07,-0.0040657514
2.015182e-07,-0.004096628
2.016182e-07,-0.0041231962
2.017182e-07,-0.0041361213
2.018182e-07,-0.004131813
2.019182e-07,-0.0041167337
2.020182e-07,-0.0041023725
2.021182e-07,-0.0041016544
2.022182e-07,-0.0041174517
2.023182e-07,-0.0041461742
2.024182e-07,-0.0041748966
2.025182e-07,-0.0041935662
2.026182e-07,-0.0041971565
2.027182e-07,-0.004191412
2.028182e-07,-0.0041863856
2.029182e-07,-0.0041935662
2.030182e-07,-0.0042172622
2.031182e-07,-0.0042531652
2.032182e-07,-0.0042876321
2.033182e-07,-0.0043084559
2.034182e-07,-0.0043084559
2.035182e-07,-0.0042897863
2.036182e-07,-0.0042625
2.037182e-07,-0.0042395221
2.038182e-07,-0.0042287511
2.039182e-07,-0.0042301873
2.040182e-07,-0.0042366498
2.041182e-07,-0.0042395221
2.042182e-07,-0.0042344956
2.043182e-07,-0.0042237247
2.044182e-07,-0.004215108
2.045182e-07,-0.0042165441
2.046182e-07,-0.0042309053
2.047182e-07,-0.0042546013
2.048182e-07,-0.0042761432
2.049182e-07,-0.0042854779
2.050182e-07,-0.0042775793
2.051182e-07,-0.0042567555
2.052182e-07,-0.0042323415
2.053182e-07,-0.0042165441
2.054182e-07,-0.0042158261
2.055182e-07,-0.0042294692
2.056182e-07,-0.0042488568
2.057182e-07,-0.0042625
2.058182e-07,-0.0042646542
2.059182e-07,-0.0042546013
2.060182e-07,-0.0042402401
2.061182e-07,-0.0042280331
2.062182e-07,-0.0042244428
2.063182e-07,-0.004227315
2.064182e-07,-0.0042309053
2.065182e-07,-0.0042280331
2.066182e-07,-0.004215108
2.067182e-07,-0.0041957204
2.068182e-07,-0.0041784869
2.069182e-07,-0.0041705882
2.070182e-07,-0.0041777688
2.071182e-07,-0.0041971565
2.072182e-07,-0.0042208525
2.073182e-07,-0.0042395221
2.074182e-07,-0.0042481388
2.075182e-07,-0.0042474207
2.076182e-07,-0.0042416762
2.077182e-07,-0.0042395221
2.078182e-07,-0.0042431124
2.079182e-07,-0.0042517291
2.080182e-07,-0.0042603458
2.081182e-07,-0.0042625
2.082182e-07,-0.0042574736
2.083182e-07,-0.0042474207
2.084182e-07,-0.0042402401
2.085182e-07,-0.0042395221
2.086182e-07,-0.0042474207
2.087182e-07,-0.0042596278
2.088182e-07,-0.0042703987
2.089182e-07,-0.004273989
2.090182e-07,-0.0042711167
2.091182e-07,-0.0042682445
2.092182e-07,-0.0042711167
2.093182e-07,-0.0042854779
2.094182e-07,-0.0043091739
2.095182e-07,-0.0043350241
2.096182e-07,-0.0043522576
2.097182e-07,-0.0043544118
2.098182e-07,-0.0043429228
2.099182e-07,-0.0043271255
2.100182e-07,-0.0043163545
2.101182e-07,-0.0043199449
2.102182e-07,-0.0043364602
2.103182e-07,-0.004357284
2.104182e-07,-0.004369491
2.105182e-07,-0.0043659007
2.106182e-07,-0.0043465131
2.107182e-07,-0.004321381
2.108182e-07,-0.0043055836
2.109182e-07,-0.0043084559
2.110182e-07,-0.0043314338
2.111182e-07,-0.0043651827
2.112182e-07,-0.004392469
2.113182e-07,-0.0044003676
2.114182e-07,-0.0043845703
2.115182e-07,-0.0043515395
2.116182e-07,-0.0043177907
2.117182e-07,-0.0042969669
2.118182e-07,-0.0042955308
2.119182e-07,-0.0043084559
2.120182e-07,-0.0043249713
2.121182e-07,-0.0043314338
2.122182e-07,-0.0043228171
2.123182e-07,-0.0043034295
2.124182e-07,-0.0042833238
2.125182e-07,-0.004273989
2.126182e-07,-0.0042782973
2.127182e-07,-0.0042919405
2.128182e-07,-0.0043012753
2.129182e-07,-0.0042969669
2.130182e-07,-0.004274707
2.131182e-07,-0.0042416762
2.132182e-07,-0.0042107996
2.133182e-07,-0.0041935662
2.134182e-07,-0.0041957204
2.135182e-07,-0.0042122358
2.136182e-07,-0.0042301873
2.137182e-07,-0.0042395221
2.138182e-07,-0.0042344956
2.139182e-07,-0.0042201344
2.140182e-07,-0.0042064913
2.141182e-07,-0.0042050551
2.142182e-07,-0.0042172622
2.143182e-07,-0.0042373679
2.144182e-07,-0.0042524472
2.145182e-07,-0.004251011
2.146182e-07,-0.0042309053
2.147182e-07,-0.0042000287
2.148182e-07,-0.0041720244
2.149182e-07,-0.0041590993
2.150182e-07,-0.0041662799
2.151182e-07,-0.0041871036
2.152182e-07,-0.0042079274
2.153182e-07,-0.0042165441
2.154182e-07,-0.0042079274
2.155182e-07,-0.0041885398
2.156182e-07,-0.0041720244
2.157182e-07,-0.0041705882
2.158182e-07,-0.0041878217
2.159182e-07,-0.0042158261
2.160182e-07,-0.0042416762
2.161182e-07,-0.004251011
2.162182e-07,-0.004238804
2.163182e-07,-0.0042115177
2.164182e-07,-0.0041842314
2.165182e-07,-0.0041705882
2.166182e-07,-0.0041777688
2.167182e-07,-0.0042007468
2.168182e-07,-0.0042258789
2.169182e-07,-0.0042395221
2.170182e-07,-0.0042359318
2.171182e-07,-0.0042186983
2.172182e-07,-0.0042000287
2.173182e-07,-0.0041935662
2.174182e-07,-0.004203619
2.175182e-07,-0.0042244428
2.176182e-07,-0.0042445485
2.177182e-07,-0.004251011
2.178182e-07,-0.0042395221
2.179182e-07,-0.004215108
2.180182e-07,-0.004191412
2.181182e-07,-0.0041820772
2.182182e-07,-0.004191412
2.183182e-07,-0.0042143899
2.184182e-07,-0.004238804
2.185182e-07,-0.004251011
2.186182e-07,-0.0042474207
2.187182e-07,-0.0042337776
2.188182e-07,-0.0042230067
2.189182e-07,-0.0042280331
2.190182e-07,-0.0042517291
2.191182e-07,-0.0042869141
2.192182e-07,-0.0043185087
2.193182e-07,-0.0043314338
2.194182e-07,-0.0043206629
2.195182e-07,-0.0042933766
2.196182e-07,-0.0042646542
2.197182e-07,-0.004251011
2.198182e-07,-0.0042610639
2.199182e-07,-0.0042912224
2.200182e-07,-0.0043271255
2.201182e-07,-0.0043544118
2.202182e-07,-0.0043644646
2.203182e-07,-0.0043601563
2.204182e-07,-0.0043522576
2.205182e-07,-0.0043544118
2.206182e-07,-0.0043723633
2.207182e-07,-0.0044025218
2.208182e-07,-0.0044312443
2.209182e-07,-0.0044463235
2.210182e-07,-0.004440579
2.211182e-07,-0.0044183192
2.212182e-07,-0.004392469
2.213182e-07,-0.0043773897
2.214182e-07,-0.0043802619
2.215182e-07,-0.0043989315
2.216182e-07,-0.0044211914
2.217182e-07,-0.0044348346
2.218182e-07,-0.0044333984
2.219182e-07,-0.0044190372
2.220182e-07,-0.004403958
2.221182e-07,-0.0044003676
2.222182e-07,-0.0044132927
2.223182e-07,-0.0044391429
2.224182e-07,-0.0044664292
2.225182e-07,-0.0044807904
2.226182e-07,-0.004475764
2.227182e-07,-0.0044535041
2.228182e-07,-0.0044240636
2.229182e-07,-0.0044003676
2.230182e-07,-0.0043895967
2.231182e-07,-0.0043910329
2.232182e-07,-0.0043974954
2.233182e-07,-0.0044003676
2.234182e-07,-0.0043953412
2.235182e-07,-0.0043845703
2.236182e-07,-0.0043766716
2.237182e-07,-0.0043773897
2.238182e-07,-0.0043888787
2.239182e-07,-0.004403958
2.240182e-07,-0.0044147289
2.241182e-07,-0.0044118566
2.242182e-07,-0.0043967773
2.243182e-07,-0.0043766716
2.244182e-07,-0.0043630285
2.245182e-07,-0.0043659007
2.246182e-07,-0.0043838523
2.247182e-07,-0.0044075483
2.248182e-07,-0.0044240636
2.249182e-07,-0.0044233456
2.250182e-07,-0.0044053941
2.251182e-07,-0.0043795439
2.252182e-07,-0.0043630285
2.253182e-07,-0.0043659007
2.254182e-07,-0.0043895967
2.255182e-07,-0.0044226275
2.256182e-07,-0.0044499138
2.257182e-07,-0.0044578125
2.258182e-07,-0.0044434513
2.259182e-07,-0.0044176011
2.260182e-07,-0.0043946232
2.261182e-07,-0.0043888787
2.262182e-07,-0.0044025218
2.263182e-07,-0.0044262178
2.264182e-07,-0.0044448874
2.265182e-07,-0.0044463235
2.266182e-07,-0.0044298081
2.267182e-07,-0.0044061121
2.268182e-07,-0.004392469
2.269182e-07,-0.0044003676
2.270182e-07,-0.0044305262
2.271182e-07,-0.0044685834
2.272182e-07,-0.0044951517
2.273182e-07,-0.0044922794
2.274182e-07,-0.0044585306
2.275182e-07,-0.0044082663
2.276182e-07,-0.0043623104
2.277182e-07,-0.0043429228
2.278182e-07,-0.0043558479
2.279182e-07,-0.0043910329
2.280182e-07,-0.004428372
2.281182e-07,-0.0044463235
2.282182e-07,-0.0044369887
2.283182e-07,-0.0044061121
2.284182e-07,-0.0043723633
2.285182e-07,-0.0043544118
2.286182e-07,-0.0043601563
2.287182e-07,-0.0043824161
2.288182e-07,-0.0044053941
2.289182e-07,-0.0044118566
2.290182e-07,-0.0043946232
2.291182e-07,-0.0043623104
2.292182e-07,-0.0043314338
2.293182e-07,-0.0043199449
2.294182e-07,-0.0043343061
2.295182e-07,-0.0043651827
2.296182e-07,-0.0043939051
2.297182e-07,-0.0044003676
2.298182e-07,-0.0043773897
2.299182e-07,-0.0043328699
2.300182e-07,-0.0042869141
2.301182e-07,-0.0042625
2.302182e-07,-0.0042703987
2.303182e-07,-0.0043070198
2.304182e-07,-0.0043536937
2.305182e-07,-0.0043888787
2.306182e-07,-0.0043989315
2.307182e-07,-0.0043845703
2.308182e-07,-0.0043601563
2.309182e-07,-0.0043429228
2.310182e-07,-0.004345795
2.311182e-07,-0.0043673369
2.312182e-07,-0.0043982135
2.313182e-07,-0.0044233456
2.314182e-07,-0.0044326804
2.315182e-07,-0.0044290901
2.316182e-07,-0.0044211914
2.317182e-07,-0.0044233456
2.318182e-07,-0.0044412971
2.319182e-07,-0.0044700195
2.320182e-07,-0.00449946
2.321182e-07,-0.0045152574
2.322182e-07,-0.0045131032
2.323182e-07,-0.0044973058
2.324182e-07,-0.0044822266
2.325182e-07,-0.0044807904
2.326182e-07,-0.0044973058
2.327182e-07,-0.0045260283
2.328182e-07,-0.0045518784
2.329182e-07,-0.0045612132
2.330182e-07,-0.0045490062
2.331182e-07,-0.004522438
2.332182e-07,-0.0044980239
2.333182e-07,-0.0044922794
2.334182e-07,-0.004510949
2.335182e-07,-0.0045482881
2.336182e-07,-0.0045856273
2.337182e-07,-0.0046071691
2.338182e-07,-0.0046028608
2.339182e-07,-0.0045777286
2.340182e-07,-0.004546852
2.341182e-07,-0.0045267463
2.342182e-07,-0.0045267463
2.343182e-07,-0.0045432617
2.344182e-07,-0.0045633674
2.345182e-07,-0.0045727022
2.346182e-07,-0.0045626494
2.347182e-07,-0.0045382353
2.348182e-07,-0.0045131032
2.349182e-07,-0.0045037684
2.350182e-07,-0.0045181296
2.351182e-07,-0.0045518784
2.352182e-07,-0.0045906537
2.353182e-07,-0.0046186581
2.354182e-07,-0.0046244026
2.355182e-07,-0.0046086052
2.356182e-07,-0.0045827551
2.357182e-07,-0.0045612132
2.358182e-07,-0.0045540326
2.359182e-07,-0.0045612132
2.360182e-07,-0.0045748564
2.361182e-07,-0.0045841912
2.362182e-07,-0.0045834731
2.363182e-07,-0.0045741383
2.364182e-07,-0.0045676758
2.365182e-07,-0.0045727022
2.366182e-07,-0.004594244
2.367182e-07,-0.0046265568
2.368182e-07,-0.0046581514
2.369182e-07,-0.0046761029
2.370182e-07,-0.0046739488
2.371182e-07,-0.0046552792
2.372182e-07,-0.0046330193
2.373182e-07,-0.0046186581
2.374182e-07,-0.0046200942
2.375182e-07,-0.0046351735
2.376182e-07,-0.004653125
2.377182e-07,-0.004664614
2.378182e-07,-0.0046638959
2.379182e-07,-0.004653125
2.380182e-07,-0.0046430722
2.381182e-07,-0.004641636
2.382182e-07,-0.0046516889
2.383182e-07,-0.0046682043
2.384182e-07,-0.0046796932
2.385182e-07,-0.0046761029
2.386182e-07,-0.0046552792
2.387182e-07,-0.0046244026
2.388182e-07,-0.0045963982
2.389182e-07,-0.0045841912
2.390182e-07,-0.0045913718
2.391182e-07,-0.0046121955
2.392182e-07,-0.0046337374
2.393182e-07,-0.004641636
2.394182e-07,-0.0046315832
2.395182e-07,-0.0046064511
2.396182e-07,-0.0045798828
2.397182e-07,-0.0045612132
2.398182e-07,-0.0045569049
2.399182e-07,-0.0045619313
2.400182e-07,-0.0045662397
2.401182e-07,-0.0045612132
2.402182e-07,-0.0045446978
2.403182e-07,-0.0045217199
2.404182e-07,-0.0045052045
2.405182e-07,-0.0045037684
2.406182e-07,-0.0045166935
2.407182e-07,-0.0045360811
2.408182e-07,-0.004546852
2.409182e-07,-0.0045382353
2.410182e-07,-0.0045102309
2.411182e-07,-0.0044743279
2.412182e-07,-0.0044477597
2.413182e-07,-0.0044463235
2.414182e-07,-0.0044721737
2.415182e-07,-0.0045152574
2.416182e-07,-0.0045547507
2.417182e-07,-0.0045727022
2.418182e-07,-0.0045597771
2.419182e-07,-0.0045210018
2.420182e-07,-0.0044728918
2.421182e-07,-0.0044348346
2.422182e-07,-0.0044176011
2.423182e-07,-0.0044197553
2.424182e-07,-0.0044298081
2.425182e-07,-0.0044348346
2.426182e-07,-0.0044254998
2.427182e-07,-0.004403958
2.428182e-07,-0.0043802619
2.429182e-07,-0.0043659007
2.430182e-07,-0.0043666188
2.431182e-07,-0.0043795439
2.432182e-07,-0.0043946232
2.433182e-07,-0.0044003676
2.434182e-07,-0.0043917509
2.435182e-07,-0.0043723633
2.436182e-07,-0.0043529756
2.437182e-07,-0.0043429228
2.438182e-07,-0.004345795
2.439182e-07,-0.004357284
2.440182e-07,-0.0043666188
2.441182e-07,-0.0043659007
2.442182e-07,-0.0043544118
2.443182e-07,-0.0043393325
2.444182e-07,-0.0043321519
2.445182e-07,-0.0043429228
2.446182e-07,-0.004369491
2.447182e-07,-0.0044003676
2.448182e-07,-0.0044183192
2.449182e-07,-0.0044118566
2.450182e-07,-0.0043802619
2.451182e-07,-0.0043350241
2.452182e-07,-0.004298403
2.453182e-07,-0.0042854779
2.454182e-07,-0.0043027114
2.455182e-07,-0.0043386144
2.456182e-07,-0.0043745175
2.457182e-07,-0.0043888787
2.458182e-07,-0.0043737994
2.459182e-07,-0.0043350241
2.460182e-07,-0.0042912224
2.461182e-07,-0.0042625
2.462182e-07,-0.0042610639
2.463182e-07,-0.0042840418
2.464182e-07,-0.0043177907
2.465182e-07,-0.0043429228
2.466182e-07,-0.0043472312
2.467182e-07,-0.0043292796
2.468182e-07,-0.0043005572
2.469182e-07,-0.004273989
2.470182e-07,-0.0042610639
2.471182e-07,-0.0042625
2.472182e-07,-0.0042696806
2.473182e-07,-0.004273989
2.474182e-07,-0.0042689625
2.475182e-07,-0.0042567555
2.476182e-07,-0.0042474207
2.477182e-07,-0.004251011
2.478182e-07,-0.0042711167
2.479182e-07,-0.0043012753
2.480182e-07,-0.0043299977
2.481182e-07,-0.0043429228
2.482182e-07,-0.0043350241
2.483182e-07,-0.004309892
2.484182e-07,-0.0042811696
2.485182e-07,-0.0042625
2.486182e-07,-0.0042610639
2.487182e-07,-0.0042732709
2.488182e-07,-0.0042890682
2.489182e-07,-0.0042969669
2.490182e-07,-0.0042912224
2.491182e-07,-0.0042761432
2.492182e-07,-0.0042632181
2.493182e-07,-0.0042625
2.494182e-07,-0.0042790154
2.495182e-07,-0.0043055836
2.496182e-07,-0.0043278435
2.497182e-07,-0.0043314338
2.498182e-07,-0.0043106101
2.499182e-07,-0.0042718348
2.500182e-07,-0.0042309053
2.501182e-07,-0.0042050551
2.502182e-07,-0.0042050551
2.503182e-07,-0.0042301873
2.504182e-07,-0.0042660903
2.505182e-07,-0.0042969669
2.506182e-07,-0.004309892
2.507182e-07,-0.0043019933
2.508182e-07,-0.0042818876
2.509182e-07,-0.0042625
2.510182e-07,-0.0042546013
2.511182e-07,-0.0042617819
2.512182e-07,-0.0042790154
2.513182e-07,-0.0042969669
2.514182e-07,-0.0043070198
2.515182e-07,-0.0043077378
2.516182e-07,-0.0043019933
2.517182e-07,-0.0042969669
2.518182e-07,-0.0042969669
2.519182e-07,-0.0043019933
2.520182e-07,-0.0043070198
2.521182e-07,-0.0043084559
2.522182e-07,-0.0043041475
2.523182e-07,-0.004298403
2.524182e-07,-0.004297685
2.525182e-07,-0.0043084559
2.526182e-07,-0.0043307158
2.527182e-07,-0.0043580021
2.528182e-07,-0.0043802619
2.529182e-07,-0.0043888787
2.530182e-07,-0.00438098
2.531182e-07,-0.0043623104
2.532182e-07,-0.0043422047
2.533182e-07,-0.0043314338
2.534182e-07,-0.004333588
2.535182e-07,-0.004345795
2.536182e-07,-0.0043594382
2.537182e-07,-0.0043659007
2.538182e-07,-0.0043630285
2.539182e-07,-0.0043529756
2.540182e-07,-0.0043443589
2.541182e-07,-0.0043429228
2.542182e-07,-0.0043501034
2.543182e-07,-0.0043615924
2.544182e-07,-0.004368773
2.545182e-07,-0.0043659007
2.546182e-07,-0.0043536937
2.547182e-07,-0.0043378964
2.548182e-07,-0.0043285616
2.549182e-07,-0.0043314338
2.550182e-07,-0.0043443589
2.551182e-07,-0.0043587201
2.552182e-07,-0.0043644646
2.553182e-07,-0.0043544118
2.554182e-07,-0.0043321519
2.555182e-07,-0.0043084559
2.556182e-07,-0.004297685
2.557182e-07,-0.0043084559
2.558182e-07,-0.0043386144
2.559182e-07,-0.0043745175
2.560182e-07,-0.0043989315
2.561182e-07,-0.0044003676
2.562182e-07,-0.0043773897
2.563182e-07,-0.0043414867
2.564182e-07,-0.004309892
2.565182e-07,-0.0042969669
2.566182e-07,-0.0043055836
2.567182e-07,-0.0043264074
2.568182e-07,-0.0043436409
2.569182e-07,-0.0043429228
2.570182e-07,-0.0043228171
2.571182e-07,-0.0042933766
2.572182e-07,-0.0042718348
2.573182e-07,-0.004273989
2.574182e-07,-0.0043027114
2.575182e-07,-0.0043479492
2.576182e-07,-0.0043903148
2.577182e-07,-0.0044118566
2.578182e-07,-0.0044061121
2.579182e-07,-0.00438098
2.580182e-07,-0.0043536937
2.581182e-07,-0.0043429228
2.582182e-07,-0.004357284
2.583182e-07,-0.0043903148
2.584182e-07,-0.0044262178
2.585182e-07,-0.0044463235
2.586182e-07,-0.0044420152
2.587182e-07,-0.0044183192
2.588182e-07,-0.0043910329
2.589182e-07,-0.0043773897
2.590182e-07,-0.0043881606
2.591182e-07,-0.0044211914
2.592182e-07,-0.0044614028
2.593182e-07,-0.0044922794
2.594182e-07,-0.0045016142
2.595182e-07,-0.0044908433
2.596182e-07,-0.0044707376
2.597182e-07,-0.0044578125
2.598182e-07,-0.0044614028
2.599182e-07,-0.0044807904
2.600182e-07,-0.0045073587
2.601182e-07,-0.0045267463
2.602182e-07,-0.0045310547
2.603182e-07,-0.0045210018
2.604182e-07,-0.0045073587
2.605182e-07,-0.0045037684
2.606182e-07,-0.0045181296
2.607182e-07,-0.0045497243
2.608182e-07,-0.0045877815
2.609182e-07,-0.0046186581
2.610182e-07,-0.0046337374
2.611182e-07,-0.0046330193
2.612182e-07,-0.0046244026
2.613182e-07,-0.0046186581
2.614182e-07,-0.0046236845
2.615182e-07,-0.0046387638
2.616182e-07,-0.0046559972
2.617182e-07,-0.004664614
2.618182e-07,-0.0046595875
2.619182e-07,-0.004641636
2.620182e-07,-0.0046208123
2.621182e-07,-0.0046071691
2.622182e-07,-0.0046064511
2.623182e-07,-0.00461794
2.624182e-07,-0.0046330193
2.625182e-07,-0.004641636
2.626182e-07,-0.0046387638
2.627182e-07,-0.0046251206
2.628182e-07,-0.0046078872
2.629182e-07,-0.0045956801
2.630182e-07,-0.0045920898
2.631182e-07,-0.0045949621
2.632182e-07,-0.0045985524
2.633182e-07,-0.0045956801
2.634182e-07,-0.0045841912
2.635182e-07,-0.0045676758
2.636182e-07,-0.0045540326
2.637182e-07,-0.0045497243
2.638182e-07,-0.0045561868
2.639182e-07,-0.0045669577
2.640182e-07,-0.0045748564
2.641182e-07,-0.0045727022
2.642182e-07,-0.0045604952
2.643182e-07,-0.0045446978
2.644182e-07,-0.0045353631
2.645182e-07,-0.0045382353
2.646182e-07,-0.0045518784
2.647182e-07,-0.0045669577
2.648182e-07,-0.0045727022
2.649182e-07,-0.0045612132
2.650182e-07,-0.0045353631
2.651182e-07,-0.0045059226
2.652182e-07,-0.004487971
2.653182e-07,-0.0044922794
2.654182e-07,-0.0045174115
2.655182e-07,-0.0045511604
2.656182e-07,-0.0045777286
2.657182e-07,-0.0045841912
2.658182e-07,-0.0045683938
2.659182e-07,-0.0045411075
2.660182e-07,-0.0045188477
2.661182e-07,-0.0045152574
2.662182e-07,-0.0045332089
2.663182e-07,-0.0045633674
2.664182e-07,-0.0045884995
2.665182e-07,-0.0045956801
2.666182e-07,-0.0045806009
2.667182e-07,-0.0045533146
2.668182e-07,-0.0045296186
2.669182e-07,-0.0045267463
2.670182e-07,-0.0045475701
2.671182e-07,-0.0045834731
2.672182e-07,-0.0046165039
2.673182e-07,-0.0046301471
2.674182e-07,-0.004617222
2.675182e-07,-0.0045863454
2.676182e-07,-0.0045540326
2.677182e-07,-0.0045382353
2.678182e-07,-0.0045475701
2.679182e-07,-0.0045770106
2.680182e-07,-0.0046100414
2.681182e-07,-0.0046301471
2.682182e-07,-0.0046279929
2.683182e-07,-0.004605733
2.684182e-07,-0.0045784467
2.685182e-07,-0.0045612132
2.686182e-07,-0.0045626494
2.687182e-07,-0.0045813189
2.688182e-07,-0.0046042969
2.689182e-07,-0.0046186581
2.690182e-07,-0.0046157858
2.691182e-07,-0.0045978343
2.692182e-07,-0.0045755744
2.693182e-07,-0.0045612132
2.694182e-07,-0.0045597771
2.695182e-07,-0.0045683938
2.696182e-07,-0.0045762925
2.697182e-07,-0.0045727022
2.698182e-07,-0.0045547507
2.699182e-07,-0.0045281824
2.700182e-07,-0.0045073587
2.701182e-07,-0.0045037684
2.702182e-07,-0.0045210018
2.703182e-07,-0.0045504423
2.704182e-07,-0.0045762925
2.705182e-07,-0.0045841912
2.706182e-07,-0.0045669577
2.707182e-07,-0.0045310547
2.708182e-07,-0.0044929975
2.709182e-07,-0.0044693015
2.710182e-07,-0.0044693015
2.711182e-07,-0.0044894072
2.712182e-07,-0.0045181296
2.713182e-07,-0.0045382353
2.714182e-07,-0.0045411075
2.715182e-07,-0.0045281824
2.716182e-07,-0.0045073587
2.717182e-07,-0.0044922794
2.718182e-07,-0.0044886891
2.719182e-07,-0.0044951517
2.720182e-07,-0.0045030503
2.721182e-07,-0.0045037684
2.722182e-07,-0.0044929975
2.723182e-07,-0.0044772001
2.724182e-07,-0.0044657112
2.725182e-07,-0.0044693015
2.726182e-07,-0.0044894072
2.727182e-07,-0.0045181296
2.728182e-07,-0.0045418256
2.729182e-07,-0.0045497243
2.730182e-07,-0.0045389534
2.731182e-07,-0.0045174115
2.732182e-07,-0.0045016142
2.733182e-07,-0.0045037684
2.734182e-07,-0.0045281824
2.735182e-07,-0.0045648035
2.736182e-07,-0.0045971163
2.737182e-07,-0.0046071691
2.738182e-07,-0.0045892176
2.739182e-07,-0.0045497243
2.740182e-07,-0.0045073587
2.741182e-07,-0.0044807904
2.742182e-07,-0.0044822266
2.743182e-07,-0.0045095129
2.744182e-07,-0.0045497243
2.745182e-07,-0.0045841912
2.746182e-07,-0.0046007066
2.747182e-07,-0.0045978343
2.748182e-07,-0.0045841912
2.749182e-07,-0.0045727022
2.750182e-07,-0.0045727022
2.751182e-07,-0.0045863454
2.752182e-07,-0.0046050149
2.753182e-07,-0.0046186581
2.754182e-07,-0.0046208123
2.755182e-07,-0.0046107594
2.756182e-07,-0.0045956801
2.757182e-07,-0.0045841912
2.758182e-07,-0.0045813189
2.759182e-07,-0.0045841912
2.760182e-07,-0.0045877815
2.761182e-07,-0.0045841912
2.762182e-07,-0.0045719841
2.763182e-07,-0.0045561868
2.764182e-07,-0.004546134
2.765182e-07,-0.0045497243
2.766182e-07,-0.0045676758
2.767182e-07,-0.0045928079
2.768182e-07,-0.0046129136
2.769182e-07,-0.0046186581
2.770182e-07,-0.0046071691
2.771182e-07,-0.0045856273
2.772182e-07,-0.0045662397
2.773182e-07,-0.0045612132
2.774182e-07,-0.0045727022
2.775182e-07,-0.0045928079
2.776182e-07,-0.0046078872
2.777182e-07,-0.0046071691
2.778182e-07,-0.0045863454
2.779182e-07,-0.0045518784
2.780182e-07,-0.0045202838
2.781182e-07,-0.0045037684
2.782182e-07,-0.0045087948
2.783182e-07,-0.0045289005
2.784182e-07,-0.0045511604
2.785182e-07,-0.0045612132
2.786182e-07,-0.0045540326
2.787182e-07,-0.0045332089
2.788182e-07,-0.0045123851
2.789182e-07,-0.0045037684
2.790182e-07,-0.0045138212
2.791182e-07,-0.0045375172
2.792182e-07,-0.0045612132
2.793182e-07,-0.0045727022
2.794182e-07,-0.0045648035
2.795182e-07,-0.0045411075
2.796182e-07,-0.0045166935
2.797182e-07,-0.0045037684
2.798182e-07,-0.004510949
2.799182e-07,-0.0045353631
2.800182e-07,-0.0045640855
2.801182e-07,-0.0045841912
2.802182e-07,-0.0045870634
2.803182e-07,-0.0045727022
2.804182e-07,-0.0045525965
2.805182e-07,-0.0045382353
2.806182e-07,-0.0045367992
2.807182e-07,-0.0045482881
2.808182e-07,-0.0045633674
2.809182e-07,-0.0045727022
2.810182e-07,-0.00456983
2.811182e-07,-0.0045576229
2.812182e-07,-0.0045439798
2.813182e-07,-0.0045382353
2.814182e-07,-0.004546134
2.815182e-07,-0.0045640855
2.816182e-07,-0.0045841912
2.817182e-07,-0.0045956801
2.818182e-07,-0.0045949621
2.819182e-07,-0.0045849092
2.820182e-07,-0.0045748564
2.821182e-07,-0.0045727022
2.822182e-07,-0.004582037
2.823182e-07,-0.0045992705
2.824182e-07,-0.0046143497
2.825182e-07,-0.0046186581
2.826182e-07,-0.0046100414
2.827182e-07,-0.004594244
2.828182e-07,-0.004582037
2.829182e-07,-0.0045841912
2.830182e-07,-0.0046042969
2.831182e-07,-0.0046358915
2.832182e-07,-0.0046674862
2.833182e-07,-0.0046875919
2.834182e-07,-0.0046904642
2.835182e-07,-0.0046811294
2.836182e-07,-0.0046689223
2.837182e-07,-0.004664614
2.838182e-07,-0.0046739488
2.839182e-07,-0.0046926183
2.840182e-07,-0.004712006
2.841182e-07,-0.0047220588
2.842182e-07,-0.0047191866
2.843182e-07,-0.0047084157
2.844182e-07,-0.0046983628
2.845182e-07,-0.0046990809
2.846182e-07,-0.0047134421
2.847182e-07,-0.00473642
2.848182e-07,-0.0047579619
2.849182e-07,-0.0047680147
2.850182e-07,-0.0047637063
2.851182e-07,-0.0047493451
2.852182e-07,-0.00473642
2.853182e-07,-0.0047335478
2.854182e-07,-0.0047436006
2.855182e-07,-0.0047615522
2.856182e-07,-0.0047766314
2.857182e-07,-0.0047795037
2.858182e-07,-0.0047687328
2.859182e-07,-0.0047514993
2.860182e-07,-0.0047407284
2.861182e-07,-0.0047450368
2.862182e-07,-0.0047680147
2.863182e-07,-0.0048010455
2.864182e-07,-0.0048319221
2.865182e-07,-0.0048484375
2.866182e-07,-0.0048455653
2.867182e-07,-0.0048297679
2.868182e-07,-0.0048118164
2.869182e-07,-0.0048024816
2.870182e-07,-0.0048060719
2.871182e-07,-0.0048161248
2.872182e-07,-0.0048218693
2.873182e-07,-0.0048139706
2.874182e-07,-0.0047917107
2.875182e-07,-0.0047644244
2.876182e-07,-0.0047450368
2.877182e-07,-0.0047450368
2.878182e-07,-0.0047651425
2.879182e-07,-0.004794583
2.880182e-07,-0.0048161248
2.881182e-07,-0.0048139706
2.882182e-07,-0.004783812
2.883182e-07,-0.0047342659
2.884182e-07,-0.0046840016
2.885182e-07,-0.004653125
2.886182e-07,-0.0046495347
2.887182e-07,-0.0046689223
2.888182e-07,-0.0046954906
2.889182e-07,-0.0047105699
2.890182e-07,-0.0047026712
2.891182e-07,-0.0046739488
2.892182e-07,-0.0046366096
2.893182e-07,-0.0046071691
2.894182e-07,-0.0045978343
2.895182e-07,-0.0046078872
2.896182e-07,-0.0046279929
2.897182e-07,-0.004641636
2.898182e-07,-0.0046380457
2.899182e-07,-0.0046157858
2.900182e-07,-0.004582037
2.901182e-07,-0.0045497243
2.902182e-07,-0.0045296186
2.903182e-07,-0.0045245921
2.904182e-07,-0.0045303366
2.905182e-07,-0.0045382353
2.906182e-07,-0.0045411075
2.907182e-07,-0.0045389534
2.908182e-07,-0.0045353631
2.909182e-07,-0.0045382353
2.910182e-07,-0.0045504423
2.911182e-07,-0.0045691119
2.912182e-07,-0.0045870634
2.913182e-07,-0.0045956801
2.914182e-07,-0.0045913718
2.915182e-07,-0.0045762925
2.916182e-07,-0.0045597771
2.917182e-07,-0.0045497243
2.918182e-07,-0.0045518784
2.919182e-07,-0.0045648035
2.920182e-07,-0.0045813189
2.921182e-07,-0.0045956801
2.922182e-07,-0.0046035788
2.923182e-07,-0.0046086052
2.924182e-07,-0.0046150678
2.925182e-07,-0.0046301471
2.926182e-07,-0.0046538431
2.927182e-07,-0.0046825655
2.928182e-07,-0.0047069795
2.929182e-07,-0.0047220588
2.930182e-07,-0.0047256491
2.931182e-07,-0.004724213
2.932182e-07,-0.0047249311
2.933182e-07,-0.0047335478
2.934182e-07,-0.0047507813
2.935182e-07,-0.0047687328
2.936182e-07,-0.0047802217
2.937182e-07,-0.0047795037
2.938182e-07,-0.0047687328
2.939182e-07,-0.0047586799
2.940182e-07,-0.004760116
2.941182e-07,-0.0047795037
2.942182e-07,-0.0048139706
2.943182e-07,-0.0048505917
2.944182e-07,-0.0048735696
2.945182e-07,-0.0048714154
2.946182e-07,-0.0048441291
2.947182e-07,-0.0048024816
2.948182e-07,-0.0047644244
2.949182e-07,-0.0047450368
2.950182e-07,-0.0047471909
2.951182e-07,-0.0047637063
2.952182e-07,-0.0047787856
2.953182e-07,-0.0047795037
2.954182e-07,-0.0047615522
2.955182e-07,-0.0047335478
2.956182e-07,-0.0047084157
2.957182e-07,-0.0046990809
2.958182e-07,-0.0047091337
2.959182e-07,-0.0047306756
2.960182e-07,-0.0047471909
2.961182e-07,-0.0047450368
2.962182e-07,-0.0047199046
2.963182e-07,-0.0046804113
2.964182e-07,-0.004641636
2.965182e-07,-0.0046186581
2.966182e-07,-0.0046186581
2.967182e-07,-0.0046358915
2.968182e-07,-0.0046559972
2.969182e-07,-0.004664614
2.970182e-07,-0.0046567153
2.971182e-07,-0.0046373277
2.972182e-07,-0.0046200942
2.973182e-07,-0.0046186581
2.974182e-07,-0.0046373277
2.975182e-07,-0.0046689223
2.976182e-07,-0.0046983628
2.977182e-07,-0.0047105699
2.978182e-07,-0.0046983628
2.979182e-07,-0.0046682043
2.980182e-07,-0.0046366096
2.981182e-07,-0.0046186581
2.982182e-07,-0.0046236845
2.983182e-07,-0.0046480986
2.984182e-07,-0.0046789752
2.985182e-07,-0.0046990809
2.986182e-07,-0.004700517
2.987182e-07,-0.0046854377
2.988182e-07,-0.004665332
2.989182e-07,-0.004653125
2.990182e-07,-0.0046574334
2.991182e-07,-0.0046739488
2.992182e-07,-0.0046926183
2.993182e-07,-0.0046990809
2.994182e-07,-0.0046868739
2.995182e-07,-0.0046588695
2.996182e-07,-0.0046279929
2.997182e-07,-0.0046071691
2.998182e-07,-0.0046042969
2.999182e-07,-0.004617222
3.000182e-07,-0.0046337374
3.001182e-07,-0.004641636
3.002182e-07,-0.0046330193
3.003182e-07,-0.0046114775
3.004182e-07,-0.0045863454
3.005182e-07,-0.0045727022
3.006182e-07,-0.0045770106
3.007182e-07,-0.0045978343
3.008182e-07,-0.0046236845
3.009182e-07,-0.004641636
3.010182e-07,-0.0046430722
3.011182e-07,-0.004629429
3.012182e-07,-0.0046100414
3.013182e-07,-0.0045956801
3.014182e-07,-0.0045956801
3.015182e-07,-0.0046086052
3.016182e-07,-0.0046272748
3.017182e-07,-0.004641636
3.018182e-07,-0.0046445083
3.019182e-07,-0.0046358915
3.020182e-07,-0.0046244026
3.021182e-07,-0.0046186581
3.022182e-07,-0.0046244026
3.023182e-07,-0.004640918
3.024182e-07,-0.0046603056
3.025182e-07,-0.0046761029
3.026182e-07,-0.0046825655
3.027182e-07,-0.0046804113
3.028182e-07,-0.0046761029
3.029182e-07,-0.0046761029
3.030182e-07,-0.0046818474
3.031182e-07,-0.0046897461
3.032182e-07,-0.0046933364
3.033182e-07,-0.0046875919
3.034182e-07,-0.0046739488
3.035182e-07,-0.0046588695
3.036182e-07,-0.004653125
3.037182e-07,-0.004664614
3.038182e-07,-0.0046919003
3.039182e-07,-0.0047270852
3.040182e-07,-0.0047558077
3.041182e-07,-0.0047680147
3.042182e-07,-0.0047615522
3.043182e-07,-0.0047428826
3.044182e-07,-0.0047263672
3.045182e-07,-0.0047220588
3.046182e-07,-0.0047335478
3.047182e-07,-0.0047550896
3.048182e-07,-0.0047737592
3.049182e-07,-0.0047795037
3.050182e-07,-0.0047687328
3.051182e-07,-0.0047486271
3.052182e-07,-0.0047328297
3.053182e-07,-0.0047335478
3.054182e-07,-0.0047543716
3.055182e-07,-0.0047874023
3.056182e-07,-0.0048197151
3.057182e-07,-0.0048369485
3.058182e-07,-0.0048333582
3.059182e-07,-0.0048139706
3.060182e-07,-0.0047917107
3.061182e-07,-0.0047795037
3.062182e-07,-0.004783812
3.063182e-07,-0.0048010455
3.064182e-07,-0.004818997
3.065182e-07,-0.0048254596
3.066182e-07,-0.0048154067
3.067182e-07,-0.0047924288
3.068182e-07,-0.0047687328
3.069182e-07,-0.0047565257
3.070182e-07,-0.0047615522
3.071182e-07,-0.0047809398
3.072182e-07,-0.0048024816
3.073182e-07,-0.0048139706
3.074182e-07,-0.0048089442
3.075182e-07,-0.0047909926
3.076182e-07,-0.0047694508
3.077182e-07,-0.0047565257
3.078182e-07,-0.004759398
3.079182e-07,-0.0047744773
3.080182e-07,-0.0047924288
3.081182e-07,-0.0048024816
3.082182e-07,-0.0047981733
3.083182e-07,-0.0047823759
3.084182e-07,-0.0047651425
3.085182e-07,-0.0047565257
3.086182e-07,-0.0047629883
3.087182e-07,-0.0047823759
3.088182e-07,-0.00480679
3.089182e-07,-0.0048254596
3.090182e-07,-0.0048326402
3.091182e-07,-0.0048283318
3.092182e-07,-0.0048204331
3.093182e-07,-0.0048139706
3.094182e-07,-0.0048132525
3.095182e-07,-0.0048146886
3.096182e-07,-0.0048125345
3.097182e-07,-0.0048024816
3.098182e-07,-0.0047859662
3.099182e-07,-0.0047708869
3.100182e-07,-0.0047665786
3.101182e-07,-0.0047795037
3.102182e-07,-0.004807508
3.103182e-07,-0.0048391027
3.104182e-07,-0.0048606445
3.105182e-07,-0.0048599265
3.106182e-07,-0.0048362305
3.107182e-07,-0.0047988913
3.108182e-07,-0.0047637063
3.109182e-07,-0.0047450368
3.110182e-07,-0.004747909
3.111182e-07,-0.0047672966
3.112182e-07,-0.0047895565
3.113182e-07,-0.0048024816
3.114182e-07,-0.0048017636
3.115182e-07,-0.0047917107
3.116182e-07,-0.0047852482
3.117182e-07,-0.0047909926
3.118182e-07,-0.0048125345
3.119182e-07,-0.004841975
3.120182e-07,-0.004865671
3.121182e-07,-0.0048714154
3.122182e-07,-0.0048549
3.123182e-07,-0.0048225873
3.124182e-07,-0.0047895565
3.125182e-07,-0.0047680147
3.126182e-07,-0.0047637063
3.127182e-07,-0.0047723231
3.128182e-07,-0.0047809398
3.129182e-07,-0.0047795037
3.130182e-07,-0.0047629883
3.131182e-07,-0.0047385742
3.132182e-07,-0.0047170324
3.133182e-07,-0.0047105699
3.134182e-07,-0.0047213408
3.135182e-07,-0.0047414465
3.136182e-07,-0.0047572438
3.137182e-07,-0.0047565257
3.138182e-07,-0.004735702
3.139182e-07,-0.0047019531
3.140182e-07,-0.0046703585
3.141182e-07,-0.004653125
3.142182e-07,-0.0046559972
3.143182e-07,-0.0046717946
3.144182e-07,-0.0046868739
3.145182e-07,-0.0046875919
3.146182e-07,-0.0046696404
3.147182e-07,-0.004640918
3.148182e-07,-0.0046150678
3.149182e-07,-0.0046071691
3.150182e-07,-0.0046215303
3.151182e-07,-0.0046516889
3.152182e-07,-0.0046825655
3.153182e-07,-0.0046990809
3.154182e-07,-0.0046933364
3.155182e-07,-0.0046710765
3.156182e-07,-0.0046452263
3.157182e-07,-0.0046301471
3.158182e-07,-0.0046330193
3.159182e-07,-0.0046488166
3.160182e-07,-0.0046674862
3.161182e-07,-0.0046761029
3.162182e-07,-0.0046703585
3.163182e-07,-0.0046552792
3.164182e-07,-0.0046459444
3.165182e-07,-0.004653125
3.166182e-07,-0.0046818474
3.167182e-07,-0.0047249311
3.168182e-07,-0.0047665786
3.169182e-07,-0.0047909926
3.170182e-07,-0.0047909926
3.171182e-07,-0.0047723231
3.172182e-07,-0.004747909
3.173182e-07,-0.0047335478
3.174182e-07,-0.00473642
3.175182e-07,-0.0047536535
3.176182e-07,-0.0047723231
3.177182e-07,-0.0047795037
3.178182e-07,-0.0047694508
3.179182e-07,-0.0047464729
3.180182e-07,-0.0047263672
3.181182e-07,-0.0047220588
3.182182e-07,-0.0047421645
3.183182e-07,-0.0047816579
3.184182e-07,-0.0048268957
3.185182e-07,-0.0048599265
3.186182e-07,-0.0048706974
3.187182e-07,-0.0048599265
3.188182e-07,-0.0048362305
3.189182e-07,-0.0048139706
3.190182e-07,-0.0048024816
3.191182e-07,-0.0048031997
3.192182e-07,-0.0048096622
3.193182e-07,-0.0048139706
3.194182e-07,-0.0048110983
3.195182e-07,-0.0048039177
3.196182e-07,-0.0047988913
3.197182e-07,-0.0048024816
3.198182e-07,-0.0048161248
3.199182e-07,-0.0048326402
3.200182e-07,-0.004842693
3.201182e-07,-0.0048369485
3.202182e-07,-0.0048154067
3.203182e-07,-0.0047859662
3.204182e-07,-0.0047629883
3.205182e-07,-0.0047565257
3.206182e-07,-0.0047701689
3.207182e-07,-0.004794583
3.208182e-07,-0.0048175609
3.209182e-07,-0.0048254596
3.210182e-07,-0.0048146886
3.211182e-07,-0.0047924288
3.212182e-07,-0.0047730411
3.213182e-07,-0.0047680147
3.214182e-07,-0.0047823759
3.215182e-07,-0.0048082261
3.216182e-07,-0.004831204
3.217182e-07,-0.0048369485
3.218182e-07,-0.0048204331
3.219182e-07,-0.0047888385
3.220182e-07,-0.0047550896
3.221182e-07,-0.0047335478
3.222182e-07,-0.0047306756
3.223182e-07,-0.0047421645
3.224182e-07,-0.0047550896
3.225182e-07,-0.0047565257
3.226182e-07,-0.0047414465
3.227182e-07,-0.0047163143
3.228182e-07,-0.0046940545
3.229182e-07,-0.0046875919
3.230182e-07,-0.0047026712
3.231182e-07,-0.0047328297
3.232182e-07,-0.0047637063
3.233182e-07,-0.0047795037
3.234182e-07,-0.0047744773
3.235182e-07,-0.0047522174
3.236182e-07,-0.0047256491
3.237182e-07,-0.0047105699
3.238182e-07,-0.004712724
3.239182e-07,-0.0047299575
3.240182e-07,-0.0047486271
3.241182e-07,-0.0047565257
3.242182e-07,-0.0047471909
3.243182e-07,-0.0047256491
3.244182e-07,-0.0047055434
3.245182e-07,-0.0046990809
3.246182e-07,-0.0047141602
3.247182e-07,-0.0047464729
3.248182e-07,-0.0047809398
3.249182e-07,-0.0048024816
3.250182e-07,-0.0048017636
3.251182e-07,-0.0047802217
3.252182e-07,-0.0047486271
3.253182e-07,-0.0047220588
3.254182e-07,-0.0047105699
3.255182e-07,-0.0047134421
3.256182e-07,-0.0047249311
3.257182e-07,-0.0047335478
3.258182e-07,-0.0047335478
3.259182e-07,-0.0047278033
3.260182e-07,-0.004724213
3.261182e-07,-0.0047335478
3.262182e-07,-0.0047586799
3.263182e-07,-0.004794583
3.264182e-07,-0.0048290499
3.265182e-07,-0.0048484375
3.266182e-07,-0.0048455653
3.267182e-07,-0.0048240234
3.268182e-07,-0.0047967371
3.269182e-07,-0.0047795037
3.270182e-07,-0.0047816579
3.271182e-07,-0.0048046358
3.272182e-07,-0.0048391027
3.273182e-07,-0.0048714154
3.274182e-07,-0.004890085
3.275182e-07,-0.0048908031
3.276182e-07,-0.004877878
3.277182e-07,-0.0048599265
3.278182e-07,-0.0048434111
3.279182e-07,-0.0048326402
3.280182e-07,-0.0048240234
3.281182e-07,-0.0048139706
3.282182e-07,-0.0048010455
3.283182e-07,-0.0047859662
3.284182e-07,-0.0047737592
3.285182e-07,-0.0047680147
3.286182e-07,-0.0047694508
3.287182e-07,-0.0047730411
3.288182e-07,-0.0047737592
3.289182e-07,-0.0047680147
3.290182e-07,-0.0047565257
3.291182e-07,-0.0047457548
3.292182e-07,-0.0047443187
3.293182e-07,-0.0047565257
3.294182e-07,-0.0047795037
3.295182e-07,-0.0048039177
3.296182e-07,-0.0048175609
3.297182e-07,-0.0048139706
3.298182e-07,-0.0047938649
3.299182e-07,-0.0047672966
3.300182e-07,-0.0047471909
3.301182e-07,-0.0047450368
3.302182e-07,-0.0047608341
3.303182e-07,-0.0047859662
3.304182e-07,-0.004807508
3.305182e-07,-0.0048139706
3.306182e-07,-0.0048046358
3.307182e-07,-0.0047881204
3.308182e-07,-0.0047759134
3.309182e-07,-0.0047795037
3.310182e-07,-0.0047996094
3.311182e-07,-0.0048261776
3.312182e-07,-0.0048462833
3.313182e-07,-0.0048484375
3.314182e-07,-0.004831204
3.315182e-07,-0.0048039177
3.316182e-07,-0.0047823759
3.317182e-07,-0.0047795037
3.318182e-07,-0.0047988913
3.319182e-07,-0.004830486
3.320182e-07,-0.0048592084
3.321182e-07,-0.0048714154
3.322182e-07,-0.0048620807
3.323182e-07,-0.0048398208
3.324182e-07,-0.004818279
3.325182e-07,-0.0048139706
3.326182e-07,-0.004831204
3.327182e-07,-0.0048635168
3.328182e-07,-0.0048965476
3.329182e-07,-0.0049173713
3.330182e-07,-0.0049195255
3.331182e-07,-0.0049080365
3.332182e-07,-0.0048958295
3.333182e-07,-0.0048943934
3.334182e-07,-0.0049080365
3.335182e-07,-0.0049302964
3.336182e-07,-0.0049482479
3.337182e-07,-0.0049518382
3.338182e-07,-0.004937477
3.339182e-07,-0.0049144991
3.340182e-07,-0.0048958295
3.341182e-07,-0.0048943934
3.342182e-07,-0.0049116268
3.343182e-07,-0.0049389131
3.344182e-07,-0.004960455
3.345182e-07,-0.0049633272
3.346182e-07,-0.0049439396
3.347182e-07,-0.0049109088
3.348182e-07,-0.0048821864
3.349182e-07,-0.0048714154
3.350182e-07,-0.0048829044
3.351182e-07,-0.0049087546
3.352182e-07,-0.0049324506
3.353182e-07,-0.0049403493
3.354182e-07,-0.0049274242
3.355182e-07,-0.0049030101
3.356182e-07,-0.0048836225
3.357182e-07,-0.0048829044
3.358182e-07,-0.0049051643
3.359182e-07,-0.0049396312
3.360182e-07,-0.0049690717
3.361182e-07,-0.0049748162
3.362182e-07,-0.0049518382
3.363182e-07,-0.0049080365
3.364182e-07,-0.0048635168
3.365182e-07,-0.0048369485
3.366182e-07,-0.0048362305
3.367182e-07,-0.0048570542
3.368182e-07,-0.0048821864
3.369182e-07,-0.0048943934
3.370182e-07,-0.0048850586
3.371182e-07,-0.0048584903
3.372182e-07,-0.0048297679
3.373182e-07,-0.0048139706
3.374182e-07,-0.0048175609
3.375182e-07,-0.0048355124
3.376182e-07,-0.0048513097
3.377182e-07,-0.0048484375
3.378182e-07,-0.0048197151
3.379182e-07,-0.0047723231
3.380182e-07,-0.0047220588
3.381182e-07,-0.0046875919
3.382182e-07,-0.0046789752
3.383182e-07,-0.0046933364
3.384182e-07,-0.0047170324
3.385182e-07,-0.0047335478
3.386182e-07,-0.0047342659
3.387182e-07,-0.0047206227
3.388182e-07,-0.0047048254
3.389182e-07,-0.0046990809
3.390182e-07,-0.0047098518
3.391182e-07,-0.0047313936
3.392182e-07,-0.0047514993
3.393182e-07,-0.0047565257
3.394182e-07,-0.0047414465
3.395182e-07,-0.004712006
3.396182e-07,-0.0046854377
3.397182e-07,-0.0046761029
3.398182e-07,-0.0046911822
3.399182e-07,-0.004724213
3.400182e-07,-0.004759398
3.401182e-07,-0.0047795037
3.402182e-07,-0.0047766314
3.403182e-07,-0.0047558077
3.404182e-07,-0.0047313936
3.405182e-07,-0.0047220588
3.406182e-07,-0.0047371381
3.407182e-07,-0.0047730411
3.408182e-07,-0.0048161248
3.409182e-07,-0.0048484375
3.410182e-07,-0.0048584903
3.411182e-07,-0.0048477194
3.412182e-07,-0.0048268957
3.413182e-07,-0.0048139706
3.414182e-07,-0.0048197151
3.415182e-07,-0.0048455653
3.416182e-07,-0.0048829044
3.417182e-07,-0.0049173713
3.418182e-07,-0.0049381951
3.419182e-07,-0.0049417854
3.420182e-07,-0.0049360409
3.421182e-07,-0.0049288603
3.422182e-07,-0.0049288603
3.423182e-07,-0.0049360409
3.424182e-07,-0.0049460937
3.425182e-07,-0.0049518382
3.426182e-07,-0.0049511202
3.427182e-07,-0.0049460937
3.428182e-07,-0.0049439396
3.429182e-07,-0.0049518382
3.430182e-07,-0.0049697898
3.431182e-07,-0.0049920496
3.432182e-07,-0.005007847
3.433182e-07,-0.0050092831
3.434182e-07,-0.0049956399
3.435182e-07,-0.0049755342
3.436182e-07,-0.004961173
3.437182e-07,-0.0049633272
3.438182e-07,-0.0049834329
3.439182e-07,-0.0050135915
3.440182e-07,-0.0050380055
3.441182e-07,-0.00504375
3.442182e-07,-0.0050265165
3.443182e-07,-0.0049942038
3.444182e-07,-0.004960455
3.445182e-07,-0.0049403493
3.446182e-07,-0.0049410673
3.447182e-07,-0.0049575827
3.448182e-07,-0.0049776884
3.449182e-07,-0.0049863051
3.450182e-07,-0.0049776884
3.451182e-07,-0.0049547105
3.452182e-07,-0.0049302964
3.453182e-07,-0.0049173713
3.454182e-07,-0.0049216797
3.455182e-07,-0.0049410673
3.456182e-07,-0.0049626091
3.457182e-07,-0.0049748162
3.458182e-07,-0.0049705078
3.459182e-07,-0.0049518382
3.460182e-07,-0.0049302964
3.461182e-07,-0.0049173713
3.462182e-07,-0.0049195255
3.463182e-07,-0.0049353228
3.464182e-07,-0.0049532744
3.465182e-07,-0.0049633272
3.466182e-07,-0.0049590188
3.467182e-07,-0.0049439396
3.468182e-07,-0.0049267061
3.469182e-07,-0.0049173713
3.470182e-07,-0.0049216797
3.471182e-07,-0.004936759
3.472182e-07,-0.0049539924
3.473182e-07,-0.0049633272
3.474182e-07,-0.004961173
3.475182e-07,-0.0049511202
3.476182e-07,-0.0049417854
3.477182e-07,-0.0049403493
3.478182e-07,-0.0049496841
3.479182e-07,-0.0049647633
3.480182e-07,-0.0049755342
3.481182e-07,-0.0049748162
3.482182e-07,-0.0049618911
3.483182e-07,-0.0049439396
3.484182e-07,-0.0049338867
3.485182e-07,-0.0049403493
3.486182e-07,-0.0049640453
3.487182e-07,-0.0049949219
3.488182e-07,-0.0050178998
3.489182e-07,-0.0050207721
3.490182e-07,-0.0049999483
3.491182e-07,-0.0049633272
3.492182e-07,-0.0049274242
3.493182e-07,-0.0049058824
3.494182e-07,-0.0049058824
3.495182e-07,-0.0049223977
3.496182e-07,-0.0049417854
3.497182e-07,-0.0049518382
3.498182e-07,-0.0049453757
3.499182e-07,-0.0049281422
3.500182e-07,-0.0049109088
3.501182e-07,-0.0049058824
3.502182e-07,-0.0049180894
3.503182e-07,-0.0049425034
3.504182e-07,-0.0049654814
3.505182e-07,-0.0049748162
3.506182e-07,-0.0049640453
3.507182e-07,-0.0049381951
3.508182e-07,-0.0049109088
3.509182e-07,-0.0048943934
3.510182e-07,-0.0048965476
3.511182e-07,-0.0049144991
3.512182e-07,-0.004937477
3.513182e-07,-0.0049518382
3.514182e-07,-0.0049518382
3.515182e-07,-0.0049381951
3.516182e-07,-0.0049195255
3.517182e-07,-0.0049058824
3.518182e-07,-0.004902292
3.519182e-07,-0.0049051643
3.520182e-07,-0.0049087546
3.521182e-07,-0.0049058824
3.522182e-07,-0.0048943934
3.523182e-07,-0.0048793141
3.524182e-07,-0.0048699793
3.525182e-07,-0.0048714154
3.526182e-07,-0.0048821864
3.527182e-07,-0.0048929573
3.528182e-07,-0.0048915211
3.529182e-07,-0.0048714154
3.530182e-07,-0.0048347943
3.531182e-07,-0.004795301
3.532182e-07,-0.0047687328
3.533182e-07,-0.0047680147
3.534182e-07,-0.0047924288
3.535182e-07,-0.0048297679
3.536182e-07,-0.0048613626
3.537182e-07,-0.0048714154
3.538182e-07,-0.0048563362
3.539182e-07,-0.0048247415
3.540182e-07,-0.0047938649
3.541182e-07,-0.0047795037
3.542182e-07,-0.0047874023
3.543182e-07,-0.0048089442
3.544182e-07,-0.004830486
3.545182e-07,-0.0048369485
3.546182e-07,-0.0048240234
3.547182e-07,-0.0048003274
3.548182e-07,-0.0047809398
3.549182e-07,-0.0047795037
3.550182e-07,-0.0047996094
3.551182e-07,-0.0048326402
3.552182e-07,-0.0048613626
3.553182e-07,-0.0048714154
3.554182e-07,-0.0048592084
3.555182e-07,-0.0048340763
3.556182e-07,-0.0048132525
3.557182e-07,-0.0048139706
3.558182e-07,-0.0048412569
3.559182e-07,-0.0048857767
3.560182e-07,-0.0049281422
3.561182e-07,-0.0049518382
3.562182e-07,-0.0049482479
3.563182e-07,-0.00492527
3.564182e-07,-0.0049008559
3.565182e-07,-0.0048943934
3.566182e-07,-0.0049152171
3.567182e-07,-0.0049568647
3.568182e-07,-0.0050028205
3.569182e-07,-0.005032261
3.570182e-07,-0.0050351333
3.571182e-07,-0.0050135915
3.572182e-07,-0.004984151
3.573182e-07,-0.0049633272
3.574182e-07,-0.0049640453
3.575182e-07,-0.004984151
3.576182e-07,-0.0050121553
3.577182e-07,-0.005032261
3.578182e-07,-0.0050336972
3.579182e-07,-0.0050186179
3.580182e-07,-0.0049977941
3.581182e-07,-0.0049863051
3.582182e-07,-0.0049920496
3.583182e-07,-0.0050128734
3.584182e-07,-0.0050351333
3.585182e-07,-0.00504375
3.586182e-07,-0.0050301068
3.587182e-07,-0.0049970761
3.588182e-07,-0.0049575827
3.589182e-07,-0.0049288603
3.590182e-07,-0.0049216797
3.591182e-07,-0.004937477
3.592182e-07,-0.0049640453
3.593182e-07,-0.0049863051
3.594182e-07,-0.0049927677
3.595182e-07,-0.0049798426
3.596182e-07,-0.0049547105
3.597182e-07,-0.0049288603
3.598182e-07,-0.004913063
3.599182e-07,-0.0049094727
3.600182e-07,-0.004913063
3.601182e-07,-0.0049173713
3.602182e-07,-0.0049159352
3.603182e-07,-0.0049094727
3.604182e-07,-0.0049037282
3.605182e-07,-0.0049058824
3.606182e-07,-0.0049180894
3.607182e-07,-0.004937477
3.608182e-07,-0.0049554285
3.609182e-07,-0.0049633272
3.610182e-07,-0.0049590188
3.611182e-07,-0.0049468118
3.612182e-07,-0.004937477
3.613182e-07,-0.0049403493
3.614182e-07,-0.0049583008
3.615182e-07,-0.0049870232
3.616182e-07,-0.0050157456
3.617182e-07,-0.005032261
3.618182e-07,-0.005032261
3.619182e-07,-0.005020054
3.620182e-07,-0.0050049747
3.621182e-07,-0.0049977941
3.622182e-07,-0.0050035386
3.623182e-07,-0.0050193359
3.624182e-07,-0.0050358513
3.625182e-07,-0.00504375
3.626182e-07,-0.0050387236
3.627182e-07,-0.0050265165
3.628182e-07,-0.0050171818
3.629182e-07,-0.0050207721
3.630182e-07,-0.0050415958
3.631182e-07,-0.0050739085
3.632182e-07,-0.0051055032
3.633182e-07,-0.0051241728
3.634182e-07,-0.0051227367
3.635182e-07,-0.0051040671
3.636182e-07,-0.0050774989
3.637182e-07,-0.005055239
3.638182e-07,-0.0050459042
3.639182e-07,-0.0050487764
3.640182e-07,-0.0050588293
3.641182e-07,-0.0050667279
3.642182e-07,-0.0050688821
3.643182e-07,-0.005067446
3.644182e-07,-0.0050688821
3.645182e-07,-0.0050782169
3.646182e-07,-0.0050976045
3.647182e-07,-0.0051220186
3.648182e-07,-0.0051414062
3.649182e-07,-0.0051471507
3.650182e-07,-0.0051363798
3.651182e-07,-0.005114838
3.652182e-07,-0.0050918601
3.653182e-07,-0.0050782169
3.654182e-07,-0.0050782169
3.655182e-07,-0.0050875517
3.656182e-07,-0.0050976045
3.657182e-07,-0.0051011949
3.658182e-07,-0.0050947323
3.659182e-07,-0.0050825253
3.660182e-07,-0.0050746266
3.661182e-07,-0.0050782169
3.662182e-07,-0.0050947323
3.663182e-07,-0.0051169922
3.664182e-07,-0.0051342256
3.665182e-07,-0.0051356618
3.666182e-07,-0.0051177102
3.667182e-07,-0.0050861156
3.668182e-07,-0.0050538028
3.669182e-07,-0.005032261
3.670182e-07,-0.0050272346
3.671182e-07,-0.0050358513
3.672182e-07,-0.0050480584
3.673182e-07,-0.005055239
3.674182e-07,-0.0050516487
3.675182e-07,-0.0050394416
3.676182e-07,-0.0050265165
3.677182e-07,-0.0050207721
3.678182e-07,-0.0050236443
3.679182e-07,-0.0050301068
3.680182e-07,-0.005031543
3.681182e-07,-0.0050207721
3.682182e-07,-0.0049970761
3.683182e-07,-0.0049683536
3.684182e-07,-0.0049460937
3.685182e-07,-0.0049403493
3.686182e-07,-0.0049518382
3.687182e-07,-0.0049719439
3.688182e-07,-0.0049877413
3.689182e-07,-0.0049863051
3.690182e-07,-0.0049654814
3.691182e-07,-0.0049331687
3.692182e-07,-0.0049044462
3.693182e-07,-0.0048943934
3.694182e-07,-0.0049087546
3.695182e-07,-0.0049410673
3.696182e-07,-0.0049762523
3.697182e-07,-0.0049977941
3.698182e-07,-0.0049949219
3.699182e-07,-0.0049697898
3.700182e-07,-0.0049353228
3.701182e-07,-0.0049058824
3.702182e-07,-0.0048943934
3.703182e-07,-0.004901574
3.704182e-07,-0.0049209616
3.705182e-07,-0.0049403493
3.706182e-07,-0.0049504021
3.707182e-07,-0.004948966
3.708182e-07,-0.0049425034
3.709182e-07,-0.0049403493
3.710182e-07,-0.0049482479
3.711182e-07,-0.0049654814
3.712182e-07,-0.004984869
3.713182e-07,-0.0049977941
3.714182e-07,-0.004996358
3.715182e-07,-0.0049812787
3.716182e-07,-0.0049597369
3.717182e-07,-0.0049403493
3.718182e-07,-0.0049317325
3.719182e-07,-0.0049360409
3.720182e-07,-0.004948966
3.721182e-07,-0.0049633272
3.722182e-07,-0.0049733801
3.723182e-07,-0.0049769704
3.724182e-07,-0.0049762523
3.725182e-07,-0.0049748162
3.726182e-07,-0.0049733801
3.727182e-07,-0.0049712259
3.728182e-07,-0.0049647633
3.729182e-07,-0.0049518382
3.730182e-07,-0.0049331687
3.731182e-07,-0.004913781
3.732182e-07,-0.0048994198
3.733182e-07,-0.0048943934
3.734182e-07,-0.0048965476
3.735182e-07,-0.0049001379
3.736182e-07,-0.0048972656
3.737182e-07,-0.0048829044
3.738182e-07,-0.0048606445
3.739182e-07,-0.0048391027
3.740182e-07,-0.0048290499
3.741182e-07,-0.0048369485
3.742182e-07,-0.0048606445
3.743182e-07,-0.0048886489
3.744182e-07,-0.0049073185
3.745182e-07,-0.0049058824
3.746182e-07,-0.0048829044
3.747182e-07,-0.0048462833
3.748182e-07,-0.0048118164
3.749182e-07,-0.0047909926
3.750182e-07,-0.0047895565
3.751182e-07,-0.0048017636
3.752182e-07,-0.0048175609
3.753182e-07,-0.0048254596
3.754182e-07,-0.0048218693
3.755182e-07,-0.0048125345
3.756182e-07,-0.00480679
3.757182e-07,-0.0048139706
3.758182e-07,-0.0048355124
3.759182e-07,-0.0048649529
3.760182e-07,-0.0048879308
3.761182e-07,-0.0048943934
3.762182e-07,-0.0048807502
3.763182e-07,-0.0048556181
3.764182e-07,-0.0048319221
3.765182e-07,-0.0048254596
3.766182e-07,-0.0048412569
3.767182e-07,-0.0048750057
3.768182e-07,-0.004913063
3.769182e-07,-0.0049403493
3.770182e-07,-0.004948966
3.771182e-07,-0.0049389131
3.772182e-07,-0.0049209616
3.773182e-07,-0.0049058824
3.774182e-07,-0.0049030101
3.775182e-07,-0.0049123449
3.776182e-07,-0.0049274242
3.777182e-07,-0.0049403493
3.778182e-07,-0.0049460937
3.779182e-07,-0.0049446576
3.780182e-07,-0.0049410673
3.781182e-07,-0.0049403493
3.782182e-07,-0.0049432215
3.783182e-07,-0.0049453757
3.784182e-07,-0.0049425034
3.785182e-07,-0.0049288603
3.786182e-07,-0.0049080365
3.787182e-07,-0.0048879308
3.788182e-07,-0.004877878
3.789182e-07,-0.0048829044
3.790182e-07,-0.0049001379
3.791182e-07,-0.0049195255
3.792182e-07,-0.0049274242
3.793182e-07,-0.0049173713
3.794182e-07,-0.0048922392
3.795182e-07,-0.0048642348
3.796182e-07,-0.0048505917
3.797182e-07,-0.0048599265
3.798182e-07,-0.0048915211
3.799182e-07,-0.0049310145
3.800182e-07,-0.004960455
3.801182e-07,-0.0049633272
3.802182e-07,-0.0049389131
3.803182e-07,-0.0048987017
3.804182e-07,-0.0048627987
3.805182e-07,-0.0048484375
3.806182e-07,-0.0048620807
3.807182e-07,-0.0048936753
3.808182e-07,-0.0049259881
3.809182e-07,-0.0049403493
3.810182e-07,-0.0049295784
3.811182e-07,-0.0049001379
3.812182e-07,-0.0048706974
3.813182e-07,-0.0048599265
3.814182e-07,-0.0048771599
3.815182e-07,-0.0049180894
3.816182e-07,-0.0049647633
3.817182e-07,-0.0049977941
3.818182e-07,-0.0050049747
3.819182e-07,-0.0049863051
3.820182e-07,-0.0049547105
3.821182e-07,-0.0049288603
3.822182e-07,-0.0049209616
3.823182e-07,-0.0049338867
3.824182e-07,-0.004960455
3.825182e-07,-0.0049863051
3.826182e-07,-0.0050021025
3.827182e-07,-0.0050049747
3.828182e-07,-0.0050006664
3.829182e-07,-0.0049977941
3.830182e-07,-0.0050006664
3.831182e-07,-0.005008565
3.832182e-07,-0.0050135915
3.833182e-07,-0.0050092831
3.834182e-07,-0.0049934858
3.835182e-07,-0.0049712259
3.836182e-07,-0.0049539924
3.837182e-07,-0.0049518382
3.838182e-07,-0.0049669175
3.839182e-07,-0.0049920496
3.840182e-07,-0.0050143095
3.841182e-07,-0.0050207721
3.842182e-07,-0.0050049747
3.843182e-07,-0.0049712259
3.844182e-07,-0.0049338867
3.845182e-07,-0.0049058824
3.846182e-07,-0.0048965476
3.847182e-07,-0.0049037282
3.848182e-07,-0.0049180894
3.849182e-07,-0.0049288603
3.850182e-07,-0.0049288603
3.851182e-07,-0.0049202436
3.852182e-07,-0.0049094727
3.853182e-07,-0.0049058824
3.854182e-07,-0.004913063
3.855182e-07,-0.0049274242
3.856182e-07,-0.0049396312
3.857182e-07,-0.0049403493
3.858182e-07,-0.0049281422
3.859182e-07,-0.0049087546
3.860182e-07,-0.0048943934
3.861182e-07,-0.0048943934
3.862182e-07,-0.004913063
3.863182e-07,-0.0049446576
3.864182e-07,-0.0049769704
3.865182e-07,-0.0049977941
3.866182e-07,-0.0050035386
3.867182e-07,-0.0049992302
3.868182e-07,-0.0049977941
3.869182e-07,-0.0050092831
3.870182e-07,-0.0050387236
3.871182e-07,-0.005078935
3.872182e-07,-0.0051155561
3.873182e-07,-0.0051356618
3.874182e-07,-0.0051320715
3.875182e-07,-0.0051098116
3.876182e-07,-0.0050825253
3.877182e-07,-0.0050667279
3.878182e-07,-0.0050717544
3.879182e-07,-0.0050954504
3.880182e-07,-0.0051291992
3.881182e-07,-0.0051586397
3.882182e-07,-0.0051751551
3.883182e-07,-0.0051787454
3.884182e-07,-0.0051773093
3.885182e-07,-0.0051816176
3.886182e-07,-0.005198133
3.887182e-07,-0.0052247013
3.888182e-07,-0.0052534237
3.889182e-07,-0.0052735294
3.890182e-07,-0.0052785558
3.891182e-07,-0.005268503
3.892182e-07,-0.0052519876
3.893182e-07,-0.0052390625
3.894182e-07,-0.0052361903
3.895182e-07,-0.0052426528
3.896182e-07,-0.0052541418
3.897182e-07,-0.0052620404
3.898182e-07,-0.0052627585
3.899182e-07,-0.005257014
3.900182e-07,-0.0052512695
3.901182e-07,-0.0052505515
3.902182e-07,-0.0052577321
3.903182e-07,-0.005268503
3.904182e-07,-0.0052756836
3.905182e-07,-0.0052735294
3.906182e-07,-0.0052606043
3.907182e-07,-0.0052412167
3.908182e-07,-0.0052247013
3.909182e-07,-0.0052160846
3.910182e-07,-0.0052175207
3.911182e-07,-0.0052247013
3.912182e-07,-0.0052297277
3.913182e-07,-0.0052275735
3.914182e-07,-0.0052189568
3.915182e-07,-0.0052117762
3.916182e-07,-0.0052132123
3.917182e-07,-0.0052275735
3.918182e-07,-0.0052512695
3.919182e-07,-0.0052728114
3.920182e-07,-0.0052785558
3.921182e-07,-0.0052620404
3.922182e-07,-0.0052254193
3.923182e-07,-0.0051837718
3.924182e-07,-0.0051528952
3.925182e-07,-0.0051471507
3.926182e-07,-0.0051665384
3.927182e-07,-0.0051995692
3.928182e-07,-0.0052282916
3.929182e-07,-0.0052390625
3.930182e-07,-0.0052268555
3.931182e-07,-0.0052010053
3.932182e-07,-0.0051773093
3.933182e-07,-0.0051701287
3.934182e-07,-0.0051837718
3.935182e-07,-0.005209622
3.936182e-07,-0.0052326
3.937182e-07,-0.0052390625
3.938182e-07,-0.0052232652
3.939182e-07,-0.0051916705
3.940182e-07,-0.0051615119
3.941182e-07,-0.0051471507
3.942182e-07,-0.0051543313
3.943182e-07,-0.0051780273
3.944182e-07,-0.0052038775
3.945182e-07,-0.0052160846
3.946182e-07,-0.005209622
3.947182e-07,-0.0051887983
3.948182e-07,-0.0051672564
3.949182e-07,-0.0051586397
3.950182e-07,-0.0051694106
3.951182e-07,-0.0051938247
3.952182e-07,-0.0052175207
3.953182e-07,-0.0052275735
3.954182e-07,-0.0052175207
3.955182e-07,-0.0051916705
3.956182e-07,-0.0051636661
3.957182e-07,-0.0051471507
3.958182e-07,-0.0051493049
3.959182e-07,-0.0051651023
3.960182e-07,-0.0051844899
3.961182e-07,-0.0051931066
3.962182e-07,-0.0051866441
3.963182e-07,-0.0051694106
3.964182e-07,-0.0051521772
3.965182e-07,-0.0051471507
3.966182e-07,-0.0051579216
3.967182e-07,-0.0051773093
3.968182e-07,-0.0051931066
3.969182e-07,-0.0051931066
3.970182e-07,-0.005174437
3.971182e-07,-0.0051449966
3.972182e-07,-0.0051198644
3.973182e-07,-0.0051126838
3.974182e-07,-0.005127045
3.975182e-07,-0.0051564855
3.976182e-07,-0.0051830538
3.977182e-07,-0.0051931066
3.978182e-07,-0.0051801815
3.979182e-07,-0.0051514591
3.980182e-07,-0.0051227367
3.981182e-07,-0.0051126838
3.982182e-07,-0.0051277631
3.983182e-07,-0.0051636661
3.984182e-07,-0.0052031595
3.985182e-07,-0.0052275735
3.986182e-07,-0.0052268555
3.987182e-07,-0.0052017233
3.988182e-07,-0.0051658203
3.989182e-07,-0.0051356618
3.990182e-07,-0.0051241728
3.991182e-07,-0.0051320715
3.992182e-07,-0.0051514591
3.993182e-07,-0.0051701287
3.994182e-07,-0.0051794635
3.995182e-07,-0.0051794635
3.996182e-07,-0.0051765912
3.997182e-07,-0.0051816176
3.998182e-07,-0.005198133
3.999182e-07,-0.005221829
4.000182e-07,-0.0052433709
4.001182e-07,-0.0052505515
4.002182e-07,-0.0052390625
4.003182e-07,-0.0052132123
4.004182e-07,-0.005185926
4.005182e-07,-0.0051701287
4.006182e-07,-0.005173719
4.007182e-07,-0.0051931066
4.008182e-07,-0.0052196749
4.009182e-07,-0.0052390625
4.010182e-07,-0.005244807
4.011182e-07,-0.0052369083
4.012182e-07,-0.0052239832
4.013182e-07,-0.0052160846
4.014182e-07,-0.0052189568
4.015182e-07,-0.0052304458
4.016182e-07,-0.0052433709
4.017182e-07,-0.0052505515
4.018182e-07,-0.0052476792
4.019182e-07,-0.0052376264
4.020182e-07,-0.0052290097
4.021182e-07,-0.0052275735
4.022182e-07,-0.0052347541
4.023182e-07,-0.0052433709
4.024182e-07,-0.0052433709
4.025182e-07,-0.0052275735
4.026182e-07,-0.0051966969
4.027182e-07,-0.0051593578
4.028182e-07,-0.0051320715
4.029182e-07,-0.0051241728
4.030182e-07,-0.0051392521
4.031182e-07,-0.0051679745
4.032182e-07,-0.0051945427
4.033182e-07,-0.0052045956
4.034182e-07,-0.0051923886
4.035182e-07,-0.0051643842
4.036182e-07,-0.0051335076
4.037182e-07,-0.0051126838
4.038182e-07,-0.0051090935
4.039182e-07,-0.0051198644
4.040182e-07,-0.0051320715
4.041182e-07,-0.0051356618
4.042182e-07,-0.0051248909
4.043182e-07,-0.0051047852
4.044182e-07,-0.0050861156
4.045182e-07,-0.0050782169
4.046182e-07,-0.0050853975
4.047182e-07,-0.005103349
4.048182e-07,-0.0051191464
4.049182e-07,-0.0051241728
4.050182e-07,-0.005114838
4.051182e-07,-0.0050968865
4.052182e-07,-0.0050818072
4.053182e-07,-0.0050782169
4.054182e-07,-0.0050882698
4.055182e-07,-0.0051047852
4.056182e-07,-0.0051162741
4.057182e-07,-0.0051126838
4.058182e-07,-0.0050947323
4.059182e-07,-0.0050724724
4.060182e-07,-0.0050595473
4.061182e-07,-0.0050667279
4.062182e-07,-0.0050932962
4.063182e-07,-0.0051277631
4.064182e-07,-0.0051543313
4.065182e-07,-0.0051586397
4.066182e-07,-0.0051392521
4.067182e-07,-0.0051062213
4.068182e-07,-0.0050767808
4.069182e-07,-0.0050667279
4.070182e-07,-0.005078935
4.071182e-07,-0.0051055032
4.072182e-07,-0.0051291992
4.073182e-07,-0.0051356618
4.074182e-07,-0.0051220186
4.075182e-07,-0.0050968865
4.076182e-07,-0.0050774989
4.077182e-07,-0.0050782169
4.078182e-07,-0.0051019129
4.079182e-07,-0.0051392521
4.080182e-07,-0.0051715648
4.081182e-07,-0.0051816176
4.082182e-07,-0.0051636661
4.083182e-07,-0.005127045
4.084182e-07,-0.0050889878
4.085182e-07,-0.0050667279
4.086182e-07,-0.005067446
4.087182e-07,-0.0050861156
4.088182e-07,-0.0051055032
4.089182e-07,-0.0051126838
4.090182e-07,-0.0051011949
4.091182e-07,-0.0050774989
4.092182e-07,-0.0050581112
4.093182e-07,-0.005055239
4.094182e-07,-0.0050731905
4.095182e-07,-0.005102631
4.096182e-07,-0.0051248909
4.097182e-07,-0.0051241728
4.098182e-07,-0.0050961684
4.099182e-07,-0.0050509306
4.100182e-07,-0.005007847
4.101182e-07,-0.0049863051
4.102182e-07,-0.0049934858
4.103182e-07,-0.0050207721
4.104182e-07,-0.0050516487
4.105182e-07,-0.0050667279
4.106182e-07,-0.0050573932
4.107182e-07,-0.0050301068
4.108182e-07,-0.0050006664
4.109182e-07,-0.0049863051
4.110182e-07,-0.0049949219
4.111182e-07,-0.0050207721
4.112182e-07,-0.0050466222
4.113182e-07,-0.005055239
4.114182e-07,-0.0050394416
4.115182e-07,-0.0050056928
4.116182e-07,-0.0049705078
4.117182e-07,-0.0049518382
4.118182e-07,-0.0049575827
4.119182e-07,-0.0049812787
4.120182e-07,-0.005008565
4.121182e-07,-0.0050207721
4.122182e-07,-0.0050100011
4.123182e-07,-0.0049805607
4.124182e-07,-0.0049475299
4.125182e-07,-0.0049288603
4.126182e-07,-0.0049324506
4.127182e-07,-0.0049547105
4.128182e-07,-0.0049812787
4.129182e-07,-0.0049977941
4.130182e-07,-0.004996358
4.131182e-07,-0.0049812787
4.132182e-07,-0.0049661994
4.133182e-07,-0.0049633272
4.134182e-07,-0.0049791245
4.135182e-07,-0.0050071289
4.136182e-07,-0.0050329791
4.137182e-07,-0.00504375
4.138182e-07,-0.0050351333
4.139182e-07,-0.0050157456
4.140182e-07,-0.0050021025
4.141182e-07,-0.0050092831
4.142182e-07,-0.0050415958
4.143182e-07,-0.0050889878
4.144182e-07,-0.0051342256
4.145182e-07,-0.0051586397
4.146182e-07,-0.0051543313
4.147182e-07,-0.0051299173
4.148182e-07,-0.0051019129
4.149182e-07,-0.0050897059
4.150182e-07,-0.005103349
4.151182e-07,-0.0051378159
4.152182e-07,-0.0051773093
4.153182e-07,-0.0052045956
4.154182e-07,-0.0052110581
4.155182e-07,-0.0052017233
4.156182e-07,-0.0051902344
4.157182e-07,-0.0051931066
4.158182e-07,-0.0052175207
4.159182e-07,-0.005257014
4.160182e-07,-0.0052972254
4.161182e-07,-0.0053194853
4.162182e-07,-0.005315895
4.163182e-07,-0.0052907629
4.164182e-07,-0.0052591682
4.165182e-07,-0.0052390625
4.166182e-07,-0.0052412167
4.167182e-07,-0.0052641946
4.168182e-07,-0.0052957893
4.169182e-07,-0.0053194853
4.170182e-07,-0.0053266659
4.171182e-07,-0.0053180492
4.172182e-07,-0.005304406
4.173182e-07,-0.0052965074
4.174182e-07,-0.0053015338
4.175182e-07,-0.005315895
4.176182e-07,-0.0053295381
4.177182e-07,-0.0053309743
4.178182e-07,-0.0053173311
4.179182e-07,-0.0052950712
4.180182e-07,-0.0052764017
4.181182e-07,-0.0052735294
4.182182e-07,-0.0052893267
4.183182e-07,-0.0053166131
4.184182e-07,-0.0053388729
4.185182e-07,-0.0053424632
4.186182e-07,-0.0053223575
4.187182e-07,-0.0052857364
4.188182e-07,-0.0052491153
4.189182e-07,-0.0052275735
4.190182e-07,-0.0052290097
4.191182e-07,-0.0052491153
4.192182e-07,-0.0052728114
4.193182e-07,-0.0052850184
4.194182e-07,-0.0052792739
4.195182e-07,-0.0052591682
4.196182e-07,-0.0052376264
4.197182e-07,-0.0052275735
4.198182e-07,-0.0052347541
4.199182e-07,-0.0052541418
4.200182e-07,-0.0052713752
4.201182e-07,-0.0052735294
4.202182e-07,-0.005256296
4.203182e-07,-0.0052275735
4.204182e-07,-0.0052010053
4.205182e-07,-0.0051931066
4.206182e-07,-0.0052081859
4.207182e-07,-0.0052397806
4.208182e-07,-0.0052706572
4.209182e-07,-0.0052850184
4.210182e-07,-0.0052749655
4.211182e-07,-0.005244807
4.212182e-07,-0.0052124943
4.213182e-07,-0.0051931066
4.214182e-07,-0.005198133
4.215182e-07,-0.0052239832
4.216182e-07,-0.0052577321
4.217182e-07,-0.0052850184
4.218182e-07,-0.0052957893
4.219182e-07,-0.0052914809
4.220182e-07,-0.0052835823
4.221182e-07,-0.0052850184
4.222182e-07,-0.005303688
4.223182e-07,-0.0053352826
4.224182e-07,-0.0053683134
4.225182e-07,-0.0053884191
4.226182e-07,-0.0053891372
4.227182e-07,-0.0053726218
4.228182e-07,-0.0053525161
4.229182e-07,-0.0053424632
4.230182e-07,-0.00535108
4.231182e-07,-0.0053762121
4.232182e-07,-0.0054085248
4.233182e-07,-0.005434375
4.234182e-07,-0.005446582
4.235182e-07,-0.005445864
4.236182e-07,-0.0054422737
4.237182e-07,-0.005445864
4.238182e-07,-0.0054623794
4.239182e-07,-0.0054882295
4.240182e-07,-0.0055133617
4.241182e-07,-0.0055262868
4.242182e-07,-0.0055212603
4.243182e-07,-0.0055025908
4.244182e-07,-0.0054810489
4.245182e-07,-0.0054688419
4.246182e-07,-0.0054717142
4.247182e-07,-0.0054875115
4.248182e-07,-0.005505463
4.249182e-07,-0.0055147978
4.250182e-07,-0.0055104894
4.251182e-07,-0.0054954102
4.252182e-07,-0.0054781767
4.253182e-07,-0.0054688419
4.254182e-07,-0.0054709961
4.255182e-07,-0.0054796128
4.256182e-07,-0.0054860754
4.257182e-07,-0.0054803309
4.258182e-07,-0.0054602252
4.259182e-07,-0.0054307847
4.260182e-07,-0.0054034984
4.261182e-07,-0.0053884191
4.262182e-07,-0.0053884191
4.263182e-07,-0.0053977539
4.264182e-07,-0.0054049345
4.265182e-07,-0.0053999081
4.266182e-07,-0.0053790843
4.267182e-07,-0.0053496438
4.268182e-07,-0.0053223575
4.269182e-07,-0.0053079963
4.270182e-07,-0.0053101505
4.271182e-07,-0.0053223575
4.272182e-07,-0.0053324104
4.273182e-07,-0.0053309743
4.274182e-07,-0.0053151769
4.275182e-07,-0.0052914809
4.276182e-07,-0.0052706572
4.277182e-07,-0.0052620404
4.278182e-07,-0.0052663488
4.279182e-07,-0.0052756836
4.280182e-07,-0.0052771197
4.281182e-07,-0.0052620404
4.282182e-07,-0.0052304458
4.283182e-07,-0.0051931066
4.284182e-07,-0.0051651023
4.285182e-07,-0.0051586397
4.286182e-07,-0.005173719
4.287182e-07,-0.0051988511
4.288182e-07,-0.0052175207
4.289182e-07,-0.0052160846
4.290182e-07,-0.0051916705
4.291182e-07,-0.0051557675
4.292182e-07,-0.0051241728
4.293182e-07,-0.0051126838
4.294182e-07,-0.0051241728
4.295182e-07,-0.0051485869
4.296182e-07,-0.0051694106
4.297182e-07,-0.0051701287
4.298182e-07,-0.0051478688
4.299182e-07,-0.0051126838
4.300182e-07,-0.0050839614
4.301182e-07,-0.0050782169
4.302182e-07,-0.0051011949
4.303182e-07,-0.0051428424
4.304182e-07,-0.0051837718
4.305182e-07,-0.0052045956
4.306182e-07,-0.0051952608
4.307182e-07,-0.00516223
4.308182e-07,-0.0051205825
4.309182e-07,-0.0050897059
4.310182e-07,-0.005078935
4.311182e-07,-0.0050861156
4.312182e-07,-0.0050983226
4.313182e-07,-0.0051011949
4.314182e-07,-0.0050882698
4.315182e-07,-0.0050652918
4.316182e-07,-0.0050459042
4.317182e-07,-0.00504375
4.318182e-07,-0.0050638557
4.319182e-07,-0.0050976045
4.320182e-07,-0.005127045
4.321182e-07,-0.0051356618
4.322182e-07,-0.0051155561
4.323182e-07,-0.0050731905
4.324182e-07,-0.0050279527
4.325182e-07,-0.0049977941
4.326182e-07,-0.0049949219
4.327182e-07,-0.0050157456
4.328182e-07,-0.0050459042
4.329182e-07,-0.0050667279
4.330182e-07,-0.0050667279
4.331182e-07,-0.0050480584
4.332182e-07,-0.0050229262
4.333182e-07,-0.0050092831
4.334182e-07,-0.0050164637
4.335182e-07,-0.00504375
4.336182e-07,-0.0050774989
4.337182e-07,-0.0051011949
4.338182e-07,-0.0051040671
4.339182e-07,-0.0050868336
4.340182e-07,-0.0050617015
4.341182e-07,-0.00504375
4.342182e-07,-0.0050451861
4.343182e-07,-0.0050667279
4.344182e-07,-0.0050983226
4.345182e-07,-0.0051241728
4.346182e-07,-0.0051320715
4.347182e-07,-0.0051213006
4.348182e-07,-0.0050983226
4.349182e-07,-0.0050782169
4.350182e-07,-0.0050724724
4.351182e-07,-0.0050853975
4.352182e-07,-0.0051098116
4.353182e-07,-0.0051356618
4.354182e-07,-0.0051514591
4.355182e-07,-0.0051543313
4.356182e-07,-0.0051464327
4.357182e-07,-0.0051356618
4.358182e-07,-0.0051299173
4.359182e-07,-0.0051320715
4.360182e-07,-0.0051392521
4.361182e-07,-0.0051471507
4.362182e-07,-0.0051536133
4.363182e-07,-0.0051600758
4.364182e-07,-0.0051715648
4.365182e-07,-0.0051931066
4.366182e-07,-0.0052254193
4.367182e-07,-0.0052620404
4.368182e-07,-0.005292917
4.369182e-07,-0.0053079963
4.370182e-07,-0.0053029699
4.371182e-07,-0.0052828642
4.372182e-07,-0.005257014
4.373182e-07,-0.0052390625
4.374182e-07,-0.0052369083
4.375182e-07,-0.0052505515
4.376182e-07,-0.0052742475
4.377182e-07,-0.0052965074
4.378182e-07,-0.0053108686
4.379182e-07,-0.0053144589
4.380182e-07,-0.0053115866
4.381182e-07,-0.0053079963
4.382182e-07,-0.0053072783
4.383182e-07,-0.0053101505
4.384182e-07,-0.0053115866
4.385182e-07,-0.0053079963
4.386182e-07,-0.0052965074
4.387182e-07,-0.0052792739
4.388182e-07,-0.0052620404
4.389182e-07,-0.0052505515
4.390182e-07,-0.0052462431
4.391182e-07,-0.0052462431
4.392182e-07,-0.005245525
4.393182e-07,-0.0052390625
4.394182e-07,-0.0052268555
4.395182e-07,-0.0052124943
4.396182e-07,-0.0052031595
4.397182e-07,-0.0052045956
4.398182e-07,-0.0052153665
4.399182e-07,-0.0052290097
4.400182e-07,-0.0052354722
4.401182e-07,-0.0052275735
4.402182e-07,-0.0052038775
4.403182e-07,-0.0051715648
4.404182e-07,-0.0051414062
4.405182e-07,-0.0051241728
4.406182e-07,-0.0051234547
4.407182e-07,-0.0051370979
4.408182e-07,-0.0051557675
4.409182e-07,-0.0051701287
4.410182e-07,-0.0051765912
4.411182e-07,-0.0051765912
4.412182e-07,-0.0051765912
4.413182e-07,-0.0051816176
4.414182e-07,-0.0051938247
4.415182e-07,-0.005208904
4.416182e-07,-0.0052182387
4.417182e-07,-0.0052160846
4.418182e-07,-0.0052017233
4.419182e-07,-0.0051808996
4.420182e-07,-0.0051636661
4.421182e-07,-0.0051586397
4.422182e-07,-0.0051679745
4.423182e-07,-0.005185208
4.424182e-07,-0.0052010053
4.425182e-07,-0.0052045956
4.426182e-07,-0.0051938247
4.427182e-07,-0.005173719
4.428182e-07,-0.0051550494
4.429182e-07,-0.0051471507
4.430182e-07,-0.0051543313
4.431182e-07,-0.0051708467
4.432182e-07,-0.0051873621
4.433182e-07,-0.0051931066
4.434182e-07,-0.0051823357
4.435182e-07,-0.0051586397
4.436182e-07,-0.0051320715
4.437182e-07,-0.0051126838
4.438182e-07,-0.0051069393
4.439182e-07,-0.0051141199
4.440182e-07,-0.005127045
4.441182e-07,-0.0051356618
4.442182e-07,-0.0051356618
4.443182e-07,-0.0051277631
4.444182e-07,-0.0051177102
4.445182e-07,-0.0051126838
4.446182e-07,-0.005114838
4.447182e-07,-0.0051213006
4.448182e-07,-0.005126327
4.449182e-07,-0.0051241728
4.450182e-07,-0.0051119658
4.451182e-07,-0.0050940142
4.452182e-07,-0.0050774989
4.453182e-07,-0.0050667279
4.454182e-07,-0.0050638557
4.455182e-07,-0.0050631376
4.456182e-07,-0.0050581112
4.457182e-07,-0.00504375
4.458182e-07,-0.0050222082
4.459182e-07,-0.0050013844
4.460182e-07,-0.0049906135
4.461182e-07,-0.0049977941
4.462182e-07,-0.005020054
4.463182e-07,-0.0050480584
4.464182e-07,-0.005067446
4.465182e-07,-0.0050667279
4.466182e-07,-0.0050444681
4.467182e-07,-0.0050092831
4.468182e-07,-0.0049740981
4.469182e-07,-0.0049518382
4.470182e-07,-0.0049482479
4.471182e-07,-0.0049575827
4.472182e-07,-0.0049705078
4.473182e-07,-0.0049748162
4.474182e-07,-0.0049669175
4.475182e-07,-0.0049518382
4.476182e-07,-0.0049396312
4.477182e-07,-0.0049403493
4.478182e-07,-0.0049568647
4.479182e-07,-0.0049834329
4.480182e-07,-0.005008565
4.481182e-07,-0.0050207721
4.482182e-07,-0.0050164637
4.483182e-07,-0.0049985122
4.484182e-07,-0.0049776884
4.485182e-07,-0.0049633272
4.486182e-07,-0.0049597369
4.487182e-07,-0.0049640453
4.488182e-07,-0.0049676356
4.489182e-07,-0.0049633272
4.490182e-07,-0.0049511202
4.491182e-07,-0.004936759
4.492182e-07,-0.0049310145
4.493182e-07,-0.0049403493
4.494182e-07,-0.0049626091
4.495182e-07,-0.0049863051
4.496182e-07,-0.0049985122
4.497182e-07,-0.0049863051
4.498182e-07,-0.0049504021
4.499182e-07,-0.004902292
4.500182e-07,-0.0048592084
4.501182e-07,-0.0048369485
4.502182e-07,-0.0048412569
4.503182e-07,-0.0048642348
4.504182e-07,-0.0048908031
4.505182e-07,-0.0049058824
4.506182e-07,-0.004902292
4.507182e-07,-0.0048843405
4.508182e-07,-0.004865671
4.509182e-07,-0.0048599265
4.510182e-07,-0.0048735696
4.511182e-07,-0.0049030101
4.512182e-07,-0.0049331687
4.513182e-07,-0.0049518382
4.514182e-07,-0.0049518382
4.515182e-07,-0.004937477
4.516182e-07,-0.0049209616
4.517182e-07,-0.0049173713
4.518182e-07,-0.0049338867
4.519182e-07,-0.0049661994
4.520182e-07,-0.0050035386
4.521182e-07,-0.005032261
4.522182e-07,-0.00504375
4.523182e-07,-0.0050401597
4.524182e-07,-0.005032261
4.525182e-07,-0.005032261
4.526182e-07,-0.0050466222
4.527182e-07,-0.0050739085
4.528182e-07,-0.0051040671
4.529182e-07,-0.0051241728
4.530182e-07,-0.0051291992
4.531182e-07,-0.0051198644
4.532182e-07,-0.0051076574
4.533182e-07,-0.0051011949
4.534182e-07,-0.0051069393
4.535182e-07,-0.0051213006
4.536182e-07,-0.0051342256
4.537182e-07,-0.0051356618
4.538182e-07,-0.0051220186
4.539182e-07,-0.0050976045
4.540182e-07,-0.0050746266
4.541182e-07,-0.0050667279
4.542182e-07,-0.005079653
4.543182e-07,-0.0051098116
4.544182e-07,-0.0051449966
4.545182e-07,-0.0051701287
4.546182e-07,-0.0051758732
4.547182e-07,-0.0051615119
4.548182e-07,-0.0051363798
4.549182e-07,-0.0051126838
4.550182e-07,-0.0050990407
4.551182e-07,-0.0050976045
4.552182e-07,-0.0051047852
4.553182e-07,-0.0051126838
4.554182e-07,-0.0051162741
4.555182e-07,-0.0051162741
4.556182e-07,-0.0051169922
4.557182e-07,-0.0051241728
4.558182e-07,-0.005138534
4.559182e-07,-0.0051557675
4.560182e-07,-0.0051686926
4.561182e-07,-0.0051701287
4.562182e-07,-0.0051600758
4.563182e-07,-0.0051442785
4.564182e-07,-0.0051335076
4.565182e-07,-0.0051356618
4.566182e-07,-0.0051536133
4.567182e-07,-0.0051801815
4.568182e-07,-0.0052045956
4.569182e-07,-0.0052160846
4.570182e-07,-0.0052117762
4.571182e-07,-0.005197415
4.572182e-07,-0.0051837718
4.573182e-07,-0.0051816176
4.574182e-07,-0.0051945427
4.575182e-07,-0.0052182387
4.576182e-07,-0.0052404986
4.577182e-07,-0.0052505515
4.578182e-07,-0.0052440889
4.579182e-07,-0.0052254193
4.580182e-07,-0.0052045956
4.581182e-07,-0.0051931066
4.582182e-07,-0.0051966969
4.583182e-07,-0.0052110581
4.584182e-07,-0.0052290097
4.585182e-07,-0.0052390625
4.586182e-07,-0.0052376264
4.587182e-07,-0.0052275735
4.588182e-07,-0.0052175207
4.589182e-07,-0.0052160846
4.590182e-07,-0.0052268555
4.591182e-07,-0.0052440889
4.592182e-07,-0.0052591682
4.593182e-07,-0.0052620404
4.594182e-07,-0.0052491153
4.595182e-07,-0.0052268555
4.596182e-07,-0.0052045956
4.597182e-07,-0.0051931066
4.598182e-07,-0.005197415
4.599182e-07,-0.0052132123
4.600182e-07,-0.0052304458
4.601182e-07,-0.0052390625
4.602182e-07,-0.0052354722
4.603182e-07,-0.0052247013
4.604182e-07,-0.0052146484
4.605182e-07,-0.0052160846
4.606182e-07,-0.0052326
4.607182e-07,-0.0052591682
4.608182e-07,-0.0052878906
4.609182e-07,-0.0053079963
4.610182e-07,-0.0053166131
4.611182e-07,-0.0053180492
4.612182e-07,-0.0053202034
4.613182e-07,-0.0053309743
4.614182e-07,-0.005351798
4.615182e-07,-0.0053762121
4.616182e-07,-0.0053948817
4.617182e-07,-0.0053999081
4.618182e-07,-0.0053905733
4.619182e-07,-0.005375494
4.620182e-07,-0.0053675954
4.621182e-07,-0.0053769301
4.622182e-07,-0.0054056526
4.623182e-07,-0.0054437098
4.624182e-07,-0.0054774586
4.625182e-07,-0.0054918199
4.626182e-07,-0.0054832031
4.627182e-07,-0.0054566349
4.628182e-07,-0.0054279125
4.629182e-07,-0.0054113971
4.630182e-07,-0.0054142693
