LECROYHDO6104B,11090,Waveform
Segments,1,SegmentSize,7024
Segment,TrigTime,TimeSinceSegment1
#1,04-May-2026 18:29:13,0                 
Time,Ampl
992976,0.0075252759
992977,0.0056899125
992978,0.01074865
992979,0.0061961454
992980,0.012670181
992981,0.0061975815
992982,0.0064359778
992983,0.006439568
992984,0.010549747
992985,0.0061372644
992986,0.011949966
992987,0.017500574
992988,0.010049977
992989,0.0092349779
992990,0.0066004135
992991,0.0097196689
992992,0.0089972997
992993,0.0062751323
992994,0.0069170785
992995,0.014744658
992996,0.0088465074
992997,0.016983045
992998,0.0059713926
992999,0.0062758503
993000,0.0054656984
993001,0.006204044
993002,0.0060783834
993003,0.0058356789
993004,0.0091667622
993005,0.0060546873
993006,0.0087251551
993007,0.013775276
993008,0.012260168
993009,0.011917653
993010,0.0059455424
993011,0.037663717
993012,0.0052520847
993013,0.0060345819
993014,0.015633179
993015,0.0066470876
993016,0.0088493796
993017,0.0062507181
993018,0.0056847101
993019,0.0073156022
993020,0.0063699163
993021,0.018029068
993022,0.0060891546
993023,0.006058278
993024,0.006226304
993025,0.0091947671
993026,0.0063289865
993027,0.0055999937
993028,0.010505947
993029,0.0079790903
993030,0.0066880169
993031,0.0093010394
993032,0.0062334845
993033,0.0085678995
993034,0.0097893206
993035,0.0092895506
993036,0.0071762982
993037,0.0068423999
993038,0.010213695
993039,0.0067124311
993040,0.0074211569
993041,0.0064180261
993042,0.0088350186
993043,0.019749541
993044,0.010519186
993045,0.0065487134
993046,0.0058852253
993047,0.0061724493
993048,0.011752499
993049,0.017876837
993050,0.0088041415
993051,0.0064869602
993052,0.012056957
993053,0.006049661
993054,0.011873133
993055,0.009031767
993056,0.013475127
993057,0.0080006318
993058,0.0060798195
993059,0.0063490923
993060,0.02053869
993061,0.0061351103
993062,0.0090877758
993063,0.0087732654
993064,0.0091839954
993065,0.017313879
993066,0.0089520626
993067,0.0063842773
993068,0.0038728339
993069,0.0062758503
993070,0.0063368855
993071,0.0069163605
993072,0.0061099781
993073,0.012677361
993074,0.0063060089
993075,0.022138771
993076,0.0094360355
993077,0.0062622069
993078,0.0082084043
993079,0.0064941407
993080,0.0071159811
993081,0.0091710705
993082,0.0068423999
993083,0.01474753
993084,0.013789861
993085,0.023528693
993086,0.0083567901
993087,0.0061911191
993088,0.0063304226
993089,0.0061975815
993090,0.0073350128
993091,0.012447582
993092,0.0064144358
993093,0.00641659
993094,0.0065487134
993095,0.0073235007
993096,0.015847599
993097,0.01520278
993098,0.0092945769
993099,0.0059857536
993100,0.0060388902
993101,0.0058335247
993102,0.010850171
993103,0.006153062
993104,0.008826402
993105,0.0073594037
993106,0.0062988279
993107,0.020413747
993108,0.011918371
993109,0.008811322
993110,0.0064266431
993111,0.0054790182
993112,0.0061817844
993113,0.0062586167
993114,0.0082620056
993115,0.0091330139
993116,0.0076128789
993117,0.0064460305
993118,0.0060317097
993119,0.0062449737
993120,0.0065321978
993121,0.0063620172
993122,0.0092529301
993123,0.0065300437
993124,0.0088508856
993125,0.014855239
993126,0.017666446
993127,0.0058235661
993128,0.008650477
993129,0.0094317272
993130,0.01055262
993131,0.012214212
993132,0.0061860927
993133,0.0061006434
993134,0.014244887
993135,0.0091409124
993136,0.0061853747
993137,0.0061372644
993138,0.014865292
993139,0.007056382
993140,0.0033483205
993141,0.0091825593
993142,0.011415728
993143,0.0062061981
993144,0.010398236
993145,0.012063419
993146,0.0089843748
993147,0.0092479037
993148,0.011760398
993149,0.016383272
993150,0.0091760969
993151,0.0095724668
993152,0.014879653
993153,0.0071030562
993154,0.0063770968
993155,0.005342273
993156,0.009662224
993157,0.012466969
993158,0.0089980178
993159,0.0062744142
993160,0.0091567095
993161,0.009662224
993162,0.0090813134
993163,0.020542279
993164,0.0062076342
993165,0.0089104148
993166,0.018808881
993167,0.0059390799
993168,0.014719525
993169,0.0092414403
993170,0.020873304
993171,0.01780216
993172,0.011982996
993173,0.0085064089
993174,0.0052534081
993175,0.023097752
993176,0.009031767
993177,0.0061236215
993178,0.0062514362
993179,0.0061430088
993180,0.0062464098
993181,0.008076746
993182,0.011987304
993183,0.0066262637
993184,0.0064934227
993185,0.0090856217
993186,0.0062593347
993187,0.011903292
993188,0.0064833695
993189,0.0091969213
993190,0.009266573
993191,0.012798714
993192,0.0071217255
993193,0.0062385108
993194,0.0090827495
993195,0.010548311
993196,0.0074520335
993197,0.0093211457
993198,0.012132353
993199,0.011997358
993200,0.013476563
993201,0.0062500001
993202,0.0075949277
993203,0.0064223344
993204,0.0096162688
993205,0.013131369
993206,0.0061379825
993207,0.013268769
993208,0.0049587595
993209,0.012005975
993210,0.010085065
993211,0.0061702952
993212,0.0063598631
993213,0.0061947093
993214,0.0050704819
993215,0.0089613972
993216,0.0060446346
993217,0.0091337319
993218,0.0028509635
993219,0.006571691
993220,0.020196892
993221,0.011392033
993222,0.014992389
993223,0.016842768
993224,0.012120864
993225,0.0059850356
993226,0.0061121322
993227,0.0094870171
993228,0.0060029873
993229,0.0082720593
993230,0.0093225818
993231,0.0078584561
993232,0.011864516
993233,0.011827177
993234,0.0049107494
993235,0.011823587
993236,0.0060453527
993237,0.0089082606
993238,0.011708697
993239,0.0063763787
993240,0.018546071
993241,0.0087215649
993242,0.0060532512
993243,0.0090554627
993244,0.018401023
993245,0.0072624655
993246,0.0088285562
993247,0.0069091795
993248,0.0069400561
993249,0.0064553656
993250,0.0048905467
993251,0.010696978
993252,0.0066205193
993253,0.0063634538
993254,0.0094468063
993255,0.006366326
993256,0.0061444449
993257,0.0074677411
993258,0.011893957
993259,0.0063131894
993260,0.0094410619
993261,0.0065946691
993262,0.011970789
993263,0.015234375
993264,0.0061659869
993265,0.017889611
993266,0.015092199
993267,0.0064812154
993268,0.012043313
993269,0.011908318
993270,0.0066219554
993271,0.0061178766
993272,0.0073479149
993273,0.011730239
993274,0.0024347489
993275,0.006145163
993276,0.005801212
993277,0.0092120003
993278,0.0086770449
993279,0.0081499889
993280,0.0064869602
993281,0.0089118509
993282,0.0065142461
993283,0.006322524
993284,0.038886577
993285,0.0064223344
993286,0.0096737128
993287,0.00568585
993288,0.011308561
993289,0.0057299584
993290,0.011873133
993291,0.014669261
993292,0.0062148152
993293,0.0070506376
993294,0.0028038141
993295,0.0090533085
993296,0.0059726317
993297,0.0064223344
993298,0.0090475641
993299,0.0089649875
993300,0.0092924228
993301,0.0064812154
993302,0.0068783029
993303,0.012112965
993304,0.0063605811
993305,0.010569135
993306,0.0070226332
993307,0.023253676
993308,0.014522059
993309,0.017800005
993310,0.0022032058
993311,0.0094697839
993312,0.0061257756
993313,0.013636763
993314,0.0089319563
993315,0.011871697
993316,0.0062248679
993317,0.01386799
993318,0.0062205596
993319,0.0061925552
993320,0.0060510971
993321,0.0064366958
993322,0.0063289865
993323,0.025413603
993324,0.0090892119
993325,0.015600586
993326,0.0061142864
993327,0.016974954
993328,0.0092048198
993329,0.0071490118
993330,0.015007468
993331,0.0073069851
993332,0.0091121895
993333,0.015507238
993334,0.013039982
993335,0.018152574
993336,0.017911306
993337,0.0090849036
993338,0.011523438
993339,0.0090037631
993340,0.015886374
993341,0.011972225
993342,0.0061422908
993343,0.0090540266
993344,0.0090087894
993345,0.0018428644
993346,0.0063770968
993347,0.0066312901
993348,0.006240665
993349,0.0060755112
993350,0.011848719
993351,0.0067468979
993352,0.0089958636
993353,0.0083058076
993354,0.014871037
993355,0.0059240004
993356,0.0060087317
993357,0.0061106961
993358,0.0077306409
993359,0.014901195
993360,0.012591911
993361,0.0061121322
993362,0.0061343922
993363,0.006108542
993364,0.0062916474
993365,0.016256893
993366,0.00911937
993367,0.0094410619
993368,0.0060733571
993369,0.01262207
993370,0.0063548367
993371,0.0088565601
993372,0.0059168199
993373,0.0061351103
993374,0.015114459
993375,0.0090626432
993376,0.0091725066
993377,0.013638252
993378,0.0064280792
993379,0.018895701
993380,0.008927648
993381,0.0060683307
993382,0.011812816
993383,0.0091107534
993384,0.038879395
993385,0.0061710132
993386,0.014591711
993387,0.006036018
993388,0.011914062
993389,0.0063763787
993390,0.0095516425
993391,0.0090188421
993392,0.021557618
993393,0.0065803081
993394,0.0062557445
993395,0.0092486218
993396,0.017670037
993397,0.0061236215
993398,0.0070233513
993399,0.01064358
993400,0.0063677621
993401,0.0060037053
993402,0.0055156779
993403,0.0062392289
993404,0.01519201
993405,0.0058030421
993406,0.0075827204
993407,0.0060834098
993408,0.012216366
993409,0.0061329561
993410,0.0069845761
993411,0.016610922
993412,0.0061580883
993413,0.0088809747
993414,0.0025440967
993415,0.0066865808
993416,0.0082126148
993417,0.0097354669
993418,0.011000689
993419,0.0058249081
993420,0.0094302911
993421,0.008972886
993422,0.0098252241
993423,0.0094439341
993424,0.013224952
993425,0.0089858109
993426,0.031656422
993427,0.0089621153
993428,0.0067038145
993429,0.026378676
993430,0.0088120401
993431,0.011156509
993432,0.0061638327
993433,0.012328384
993434,0.0060151941
993435,0.011243394
993436,0.0061509078
993437,0.0090303309
993438,0.011926987
993439,0.0068172677
993440,0.0091358861
993441,0.0092629828
993442,0.017980238
993443,0.0060554054
993444,0.0091423485
993445,0.0099329334
993446,0.0093369428
993447,0.0089082606
993448,0.014880371
993449,0.0085118907
993450,0.006307445
993451,0.0063462202
993452,0.0065142461
993453,0.0064941407
993454,0.011784812
993455,0.0088027054
993456,0.0067210477
993457,0.0061580883
993458,0.0098230699
993459,0.0062672333
993460,0.0062614889
993461,0.0079045827
993462,0.0078548659
993463,0.0069063073
993464,0.0088249659
993465,0.014710909
993466,0.0063095991
993467,0.0062808767
993468,0.0061695771
993469,0.0065946691
993470,0.0058280448
993471,0.010803223
993472,0.0088867191
993473,0.012007411
993474,0.0063893036
993475,0.0084917853
993476,0.011087575
993477,0.0064007929
993478,0.023231417
993479,0.0061343922
993480,0.0076746321
993481,0.0088364547
993482,0.0088163484
993483,0.007904307
993484,0.0068151136
993485,0.0091545554
993486,0.0061631147
993487,0.0089965817
993488,0.008751723
993489,0.0062973918
993490,0.016624307
993491,0.011343917
993492,0.0074750115
993493,0.008561437
993494,0.0062643611
993495,0.0063648899
993496,0.0072851018
993497,0.0063857134
993498,0.0059060492
993499,0.0065961052
993500,0.0061272117
993501,0.02451944
993502,0.020387897
993503,0.034919292
993504,0.012890625
993505,0.010425523
993506,0.0076737488
993507,0.0065752813
993508,0.019009992
993509,0.0063993568
993510,0.02600131
993511,0.0061006434
993512,0.0087466966
993513,0.0060984893
993514,0.01788402
993515,0.006571691
993516,0.010509536
993517,0.0073529412
993518,0.009662224
993519,0.0094977887
993520,0.006307445
993521,0.0089563709
993522,0.0059211282
993523,0.013657514
993524,0.0090339212
993525,0.0060051414
993526,0.0054638041
993527,0.0064402861
993528,0.0065415325
993529,0.013130457
993530,0.0061264937
993531,0.0091567095
993532,0.0057703354
993533,0.0083022173
993534,0.0062399469
993535,0.0086389882
993536,0.0076229321
993537,0.020628447
993538,0.0070219152
993539,0.014676441
993540,0.0063964846
993541,0.0064137178
993542,0.011242676
993543,0.0058465763
993544,0.01191478
993545,0.0066779642
993546,0.0065113739
993547,0.013851859
993548,0.0095315371
993549,0.0070807962
993550,0.0060467888
993551,0.0097196689
993552,0.012216366
993553,0.012085679
993554,0.0088378908
993555,0.0060618683
993556,0.014158002
993557,0.0060704849
993558,0.008869485
993559,0.01010814
993560,0.010232916
993561,0.010075827
993562,0.014592429
993563,0.0067899814
993564,0.0060238107
993565,0.009003045
993566,0.0060877181
993567,0.0150326
993568,0.033696726
993569,0.0066255457
993570,0.0060015512
993571,0.0060661766
993572,0.011942067
993573,0.0019354143
993574,0.0096306298
993575,0.010749793
993576,0.021358542
993577,0.0066176471
993578,0.02347053
993579,0.0079467772
993580,0.0061020795
993581,0.0064690085
993582,0.008943446
993583,0.0064094095
993584,0.0096694045
993585,0.0064453124
993586,0.0061221854
993587,0.011429371
993588,0.0082344776
993589,0.0088924635
993590,0.0089384187
993591,0.0089377007
993592,0.0075317384
993593,0.020358456
993594,0.036130603
993595,0.019129137
993596,0.0071116728
993597,0.006571691
993598,0.0089613972
993599,0.0098000923
993600,0.0064051012
993601,0.005597305
993602,0.0090188421
993603,0.011834358
993604,0.012034697
993605,0.01788402
993606,0.0060324278
993607,0.0069372803
993608,0.014935662
993609,0.020728976
993610,0.0062442557
993611,0.01431813
993612,0.0059082033
993613,0.0073191924
993614,0.0062514362
993615,0.0056175929
993616,0.011765424
993617,0.0090612071
993618,0.025637638
993619,0.006402947
993620,0.0062973918
993621,0.010709874
993622,0.0090691065
993623,0.015729118
993624,0.016637659
993625,0.023630658
993626,0.0065544578
993627,0.0094008502
993628,0.0090892119
993629,0.0090389475
993630,0.01202967
993631,0.011982996
993632,0.0052267825
993633,0.0091559915
993634,0.0063426299
993635,0.0061925552
993636,0.0061860927
993637,0.0069027171
993638,0.0064596739
993639,0.0087948069
993640,0.014195583
993641,0.0061157225
993642,0.0089061065
993643,0.0063878675
993644,0.006212661
993645,0.012320485
993646,0.020657169
993647,0.010215457
993648,0.0062909294
993649,0.0076092887
993650,0.011758244
993651,0.016247559
993652,0.0088012693
993653,0.013640963
993654,0.0058249081
993655,0.0092112822
993656,0.0090547446
993657,0.0064101275
993658,0.0080078123
993659,0.011541389
993660,0.0063261143
993661,0.0091129076
993662,0.014878935
993663,0.020316808
993664,0.011999512
993665,0.01446246
993666,0.0063842773
993667,0.012196979
993668,0.014947869
993669,0.0064086914
993670,0.012800868
993671,0.0060546873
993672,0.0089111328
993673,0.033012517
993674,0.014848058
993675,0.0092306696
993676,0.0092608286
993677,0.0062772864
993678,0.0092601106
993679,0.0097426474
993680,0.0068476866
993681,0.0064955768
993682,0.0063189338
993683,0.017808622
993684,0.0089635514
993685,0.0087840362
993686,0.0088235298
993687,0.011719468
993688,0.006725356
993689,0.0076085706
993690,0.012695313
993691,0.011931296
993692,0.0061013615
993693,0.0091753788
993694,0.0061099781
993695,0.0089937095
993696,0.011831486
993697,0.0066865808
993698,0.0065659466
993699,0.012045467
993700,0.01260771
993701,0.0053333896
993702,0.0060245288
993703,0.005991498
993704,0.015418199
993705,0.014797794
993706,0.01114861
993707,0.012138816
993708,0.0059613395
993709,0.0059627756
993710,0.0023215925
993711,0.0078677908
993712,0.0061272117
993713,0.009544462
993714,0.0086971503
993715,0.014720243
993716,0.0090798773
993717,0.0089671416
993718,0.0088960538
993719,0.008082117
993720,0.0066291359
993721,0.0065429686
993722,0.0064797793
993723,0.0075985179
993724,0.0062866211
993725,0.0089341104
993726,0.0094396258
993727,0.01325645
993728,0.0061925552
993729,0.014511288
993730,0.0052661551
993731,0.011467429
993732,0.011730239
993733,0.0092802159
993734,0.0075482535
993735,0.0089269299
993736,0.012082807
993737,0.014855239
993738,0.0058766087
993739,0.0059678024
993740,0.0054742941
993741,0.0095286649
993742,0.013910209
993743,0.015981158
993744,0.012063419
993745,0.006094181
993746,0.0062959557
993747,0.021117548
993748,0.011806353
993749,0.010689051
993750,0.0084130876
993751,0.0090202782
993752,0.011896829
993753,0.0062500001
993754,0.0061659869
993755,0.011926269
993756,0.0060855639
993757,0.0089498945
993758,0.0065257354
993759,0.0090288948
993760,0.0090087894
993761,0.010034179
993762,0.0065860525
993763,0.0061975815
993764,0.0064309514
993765,0.011979406
993766,0.0063210879
993767,0.012190516
993768,0.014878935
993769,0.012082089
993770,0.0093721282
993771,0.0094202375
993772,0.0086957142
993773,0.0025287988
993774,0.0088967718
993775,0.0060510971
993776,0.0061171586
993777,0.0061817844
993778,0.010713466
993779,0.0060898727
993780,0.008840045
993781,0.00646111
993782,0.0091107534
993783,0.0061185947
993784,0.017538631
993785,0.0090741329
993786,0.010493021
993787,0.010318532
993788,0.0093010394
993789,0.014820772
993790,0.0062514362
993791,0.0060546873
993792,0.01741728
993793,0.013430607
993794,0.0066779642
993795,0.0088752294
993796,0.0063275504
993797,0.0069443649
993798,0.0062140971
993799,0.014380601
993800,0.0069630342
993801,0.0081492709
993802,0.0083503276
993803,0.0061272117
993804,0.010955451
993805,0.020369945
993806,0.0062729781
993807,0.0061279298
993808,0.0085248165
993809,0.0090432558
993810,0.014834415
993811,0.0063878675
993812,0.011828613
993813,0.0066557042
993814,0.012938735
993815,0.0065178368
993816,0.013885125
993817,0.0053380798
993818,0.015077838
993819,0.014592429
993820,0.0063526826
993821,0.0099883713
993822,0.006343348
993823,0.0054973555
993824,0.0082885744
993825,0.024672829
993826,0.014112571
993827,0.0063878675
993828,0.004983746
993829,0.01470301
993830,0.0030728835
993831,0.0092048198
993832,0.012179027
993833,0.01507712
993834,0.0090411017
993835,0.0081793303
993836,0.0077916677
993837,0.0061925552
993838,0.014819336
993839,0.010253906
993840,0.0081916358
993841,0.0097577265
993842,0.0092098461
993843,0.010514562
993844,0.01647106
993845,0.0069515454
993846,0.011661305
993847,0.0094353175
993848,0.0061954274
993849,0.0066636028
993850,0.011978688
993851,0.0067361272
993852,0.012090705
993853,0.0061580883
993854,0.0072176377
993855,0.0061982996
993856,0.0059864717
993857,0.0054935841
993858,0.012194824
993859,0.012027516
993860,0.0068129594
993861,0.010368796
993862,0.006271542
993863,0.010701976
993864,0.0066535501
993865,0.0063024187
993866,0.015729118
993867,0.032301959
993868,0.0078290151
993869,0.0091595817
993870,0.006227022
993871,0.0063699163
993872,0.0011484788
993873,0.011144086
993874,0.0052473554
993875,0.012227137
993876,0.0092845242
993877,0.0089664236
993878,0.0089563709
993879,0.0026575513
993880,0.017589614
993881,0.0061501898
993882,0.0050690598
993883,0.021139706
993884,0.011971507
993885,0.0061501898
993886,0.011776913
993887,0.005426351
993888,0.0068689683
993889,0.008986529
993890,0.0062657972
993891,0.0091789691
993892,0.0092751896
993893,0.014785587
993894,0.014759019
993895,0.017520681
993896,0.011173644
993897,0.017665729
993898,0.011784812
993899,0.0092026656
993900,0.0063462202
993901,0.0066269818
993902,0.00830233
993903,0.0061954274
993904,0.0091567095
993905,0.0063139074
993906,0.0062744142
993907,0.0062600528
993908,0.018407485
993909,0.012138098
993910,0.0061430088
993911,0.0044422206
993912,0.0117446
993913,0.0061825025
993914,0.0060963351
993915,0.011877442
993916,0.0093570482
993917,0.006094899
993918,0.0061695771
993919,0.0061760396
993920,0.0090726968
993921,0.006321806
993922,0.0068467082
993923,0.026700368
993924,0.0064115636
993925,0.020642091
993926,0.0072703641
993927,0.0068136775
993928,0.0099903783
993929,0.017845962
993930,0.0063598631
993931,0.0091954852
993932,0.0066449335
993933,0.0061738854
993934,0.0023927109
993935,0.0064266431
993936,0.0059749829
993937,0.0062729781
993938,0.0066291359
993939,0.0071762982
993940,0.0061588064
993941,0.012097886
993942,0.0061480352
993943,0.0067224838
993944,0.0061444449
993945,0.011401367
993946,0.0091918949
993947,0.0070398669
993948,0.010980107
993949,0.0060317097
993950,0.0097103342
993951,0.017601103
993952,0.0063569909
993953,0.0062370747
993954,0.0063835592
993955,0.0063146255
993956,0.0092486218
993957,0.0061746035
993958,0.0090942383
993959,0.020473346
993960,0.0061911191
993961,0.0091689164
993962,0.014027175
993963,0.0061465991
993964,0.0067670038
993965,0.011891085
993966,0.0060668946
993967,0.0057236617
993968,0.008869485
993969,0.01408835
993970,0.011822151
993971,0.010049977
993972,0.0082610687
993973,0.0062736962
993974,0.0062076342
993975,0.0090619251
993976,0.0062413835
993977,0.006058278
993978,0.010352999
993979,0.016360294
993980,0.0067720301
993981,0.007481474
993982,0.010177074
993983,0.0060001151
993984,0.0076631433
993985,0.0063928938
993986,0.0092859603
993987,0.014701574
993988,0.020243566
993989,0.0097103342
993990,0.0059864717
993991,0.0089039523
993992,0.0063131894
993993,0.0058672735
993994,0.006322524
993995,0.010416188
993996,0.0061250576
993997,0.015045526
993998,0.012480298
993999,0.011346077
994000,0.01662511
994001,0.0091035729
994002,0.026434686
994003,0.039182417
994004,0.0094051585
994005,0.012137379
994006,0.01484016
994007,0.00641659
994008,0.0062729781
994009,0.038166359
994010,0.0077349492
994011,0.0086616967
994012,0.0064338236
994013,0.0063670441
994014,0.0055184118
994015,0.009280934
994016,0.0088491319
994017,0.0066090305
994018,0.020387178
994019,0.012858562
994020,0.011708697
994021,0.0062399469
994022,0.011939129
994023,0.0064812154
994024,0.0061322381
994025,0.0063103172
994026,0.0060259649
994027,0.011769732
994028,0.0064912685
994029,0.017554428
994030,0.014950023
994031,0.012206313
994032,0.005991498
994033,0.018159755
994034,0.032495949
994035,0.020762006
994036,0.010070801
994037,0.0063735065
994038,0.0061142864
994039,0.008501363
994040,0.0177282
994041,0.011952838
994042,0.0061236215
994043,0.020833813
994044,0.0070312498
994045,0.0060029873
994046,0.0063950485
994047,0.012043313
994048,0.0057767979
994049,0.009090648
994050,0.0094360355
994051,0.011625402
994052,0.0095401537
994053,0.0060568415
994054,0.0061185947
994055,0.0061264937
994056,0.015088608
994057,0.0060317097
994058,0.011055611
994059,0.0091646081
994060,0.014402143
994061,0.0080544865
994062,0.0062313303
994063,0.01198156
994064,0.0053833816
994065,0.022486787
994066,0.0092751896
994067,0.012041877
994068,0.012058393
994069,0.014460306
994070,0.0061853747
994071,0.0061157225
994072,0.009105009
994073,0.01563218
994074,0.0064129997
994075,0.015065631
994076,0.0060905907
994077,0.0063304226
994078,0.0061552161
994079,0.0063814051
994080,0.0060022692
994081,0.0066844267
994082,0.0060202205
994083,0.0064970129
994084,0.0064596739
994085,0.0090130977
994086,0.0062083523
994087,0.0061853747
994088,0.0061322381
994089,0.02066076
994090,0.0091861505
994091,0.0165799
994092,0.0064589558
994093,0.0090805953
994094,0.015085018
994095,0.01323247
994096,0.0084673716
994097,0.0072875977
994098,0.0079525216
994099,0.0088522518
994100,0.0061236215
994101,0.0065558939
994102,0.0063605811
994103,0.0063943304
994104,0.0066291359
994105,0.0079970416
994106,0.0059311809
994107,0.018411776
994108,0.0090554627
994109,0.0088536879
994110,0.0060798195
994111,0.0053939093
994112,0.017543659
994113,0.0059232824
994114,0.0063024187
994115,0.0098489197
994116,0.0065099378
994117,0.0063368855
994118,0.014649156
994119,0.0061465991
994120,0.0014127152
994121,0.0062320484
994122,0.0052734376
994123,0.0062578986
994124,0.00564649
994125,0.0063928938
994126,0.0060087317
994127,0.0079956399
994128,0.026445456
994129,0.0028340276
994130,0.0060891546
994131,0.0070513557
994132,0.0059347712
994133,0.012005975
994134,0.0099530388
994135,0.0064697266
994136,0.0090274587
994137,0.0091940491
994138,0.0060604322
994139,0.0059304629
994140,0.0089204675
994141,0.0084693935
994142,0.0059527229
994143,0.0074218749
994144,0.010049977
994145,0.006299546
994146,0.014836569
994147,0.0063411938
994148,0.0069055893
994149,0.006380687
994150,0.0090540266
994151,0.011795582
994152,0.0085743619
994153,0.018583409
994154,0.0061997357
994155,0.005786851
994156,0.0064510568
994157,0.0061027976
994158,0.0092558023
994159,0.01758028
994160,0.0062657972
994161,0.011937041
994162,0.017486213
994163,0.0059857536
994164,0.0094898893
994165,0.020356301
994166,0.0062392289
994167,0.009237132
994168,0.0091918949
994169,0.0065996954
994170,0.010861386
994171,0.0068747126
994172,0.011784093
994173,0.01214456
994174,0.011822151
994175,0.0064840876
994176,0.0093075018
994177,0.0091222422
994178,0.00613152
994179,0.0063950485
994180,0.01202249
994181,0.0065228632
994182,0.0094439341
994183,0.012337718
994184,0.0061516259
994185,0.012413114
994186,0.0063131894
994187,0.014918428
994188,0.0095897
994189,0.011818561
994190,0.0062873391
994191,0.0062614889
994192,0.0095703127
994193,0.0074793198
994194,0.0060381722
994195,0.0091818413
994196,0.0084693301
994197,0.0066966335
994198,0.011893239
994199,0.020616958
994200,0.017658548
994201,0.0066032857
994202,0.0063770968
994203,0.0088529699
994204,0.014776252
994205,0.0062069162
994206,0.011849437
994207,0.014433968
994208,0.0065487134
994209,0.024060059
994210,0.0070549459
994211,0.0092715994
994212,0.012005975
994213,0.0065623564
994214,0.0085743619
994215,0.012110811
994216,0.0052267336
994217,0.0061602425
994218,0.0061465991
994219,0.0095861098
994220,0.014494054
994221,0.0056525888
994222,0.009046128
994223,0.0062722601
994224,0.020564539
994225,0.01519201
994226,0.00869356
994227,0.0060331458
994228,0.0061178766
994229,0.0062334845
994230,0.006262925
994231,0.0067325369
994232,0.0068840478
994233,0.006921865
994234,0.01512164
994235,0.0062061981
994236,0.0064280792
994237,0.005873736
994238,0.006204044
994239,0.014578786
994240,0.017682962
994241,0.014827953
994242,0.0055253371
994243,0.012298224
994244,0.006366326
994245,0.016010033
994246,0.02089054
994247,0.0071885055
994248,0.023157457
994249,0.0091753788
994250,0.015917968
994251,0.0062191235
994252,0.018232996
994253,0.0094898893
994254,0.0073830998
994255,0.025791816
994256,0.019389074
994257,0.0061738854
994258,0.011834358
994259,0.0064589558
994260,0.0063534006
994261,0.012788661
994262,0.0052700229
994263,0.022082519
994264,0.014820772
994265,0.010757267
994266,0.011818561
994267,0.011638328
994268,0.0063498104
994269,0.0084659355
994270,0.0069637522
994271,0.0053050816
994272,0.0088493796
994273,0.0088465074
994274,0.009059771
994275,0.0266221
994276,0.0063103172
994277,0.0062327664
994278,0.0054612076
994279,0.0089039523
994280,0.0088723572
994281,0.014898323
994282,0.012082089
994283,0.0061236215
994284,0.0058790869
994285,0.0091681983
994286,0.0065286076
994287,0.010430456
994288,0.011972225
994289,0.0063699163
994290,0.0084300321
994291,0.014881807
994292,0.0061832205
994293,0.006307445
994294,0.0063763787
994295,0.013131893
994296,0.0061853747
994297,0.008157528
994298,0.0061487532
994299,0.0061150044
994300,0.0065329159
994301,0.0081341909
994302,0.0071274703
994303,0.01432894
994304,0.0057495791
994305,0.0062112249
994306,0.02657399
994307,0.0061588064
994308,0.01753217
994309,0.011256319
994310,0.0059376438
994311,0.0061358283
994312,0.011730239
994313,0.006424489
994314,0.0032359876
994315,0.01159668
994316,0.015688907
994317,0.0066822725
994318,0.0092141544
994319,0.0092263613
994320,0.0067856731
994321,0.020527201
994322,0.0094001321
994323,0.0063864314
994324,0.014832261
994325,0.0032684074
994326,0.010651712
994327,0.0092163086
994328,0.014981617
994329,0.0088766655
994330,0.0061975815
994331,0.0062614889
994332,0.0064919866
994333,0.0088709211
994334,0.0096758679
994335,0.01949653
994336,0.0071131089
994337,0.019875666
994338,0.0060467888
994339,0.0028044905
994340,0.016553452
994341,0.011758962
994342,0.0065846164
994343,0.0077837775
994344,0.0091466568
994345,0.0063390397
994346,0.0070852558
994347,0.0059706746
994348,0.013373162
994349,0.0059886258
994350,0.0059800092
994351,0.0098000923
994352,0.023260253
994353,0.0066470876
994354,0.0068014706
994355,0.0061372644
994356,0.0089858109
994357,0.012389419
994358,0.0091007007
994359,0.0060173483
994360,0.0095818015
994361,0.0063110352
994362,0.0090375114
994363,0.0063010948
994364,0.0072409236
994365,0.0018800708
994366,0.0068301931
994367,0.0061444449
994368,0.0094604176
994369,0.0092996033
994370,0.0062729781
994371,0.01159668
994372,0.006204762
994373,0.0060891546
994374,0.0091007007
994375,0.013325051
994376,0.011906882
994377,0.0061580883
994378,0.0061358283
994379,0.014726706
994380,0.0065041934
994381,0.0057433429
994382,0.0061659869
994383,0.0063512465
994384,0.012365723
994385,0.0090849036
994386,0.0062622069
994387,0.011772605
994388,0.029330062
994389,0.010871345
994390,0.0066485237
994391,0.0077457204
994392,0.0063792509
994393,0.0097196689
994394,0.012190516
994395,0.0062471279
994396,0.026258042
994397,0.0061487532
994398,0.009265855
994399,0.0061595244
994400,0.0065044262
994401,0.0082663847
994402,0.0093441233
994403,0.0083108339
994404,0.0090698246
994405,0.012201287
994406,0.01202967
994407,0.01226663
994408,0.0062298942
994409,0.026206343
994410,0.0090504363
994411,0.0062772864
994412,0.0018378721
994413,0.016160792
994414,0.012839642
994415,0.0090145338
994416,0.025823615
994417,0.0064352597
994418,0.0093469955
994419,0.0090791592
994420,0.0062564625
994421,0.0054711499
994422,0.012028952
994423,0.0055951602
994424,0.010263959
994425,0.01495864
994426,0.0091107534
994427,0.0058787628
994428,0.0090389475
994429,0.0091380402
994430,0.011947812
994431,0.0087445425
994432,0.011327407
994433,0.0091911769
994434,0.0090490002
994435,0.0060640224
994436,0.0057286862
994437,0.015992647
994438,0.0050548012
994439,0.0069996552
994440,0.0060791015
994441,0.005384888
994442,0.0095265107
994443,0.0092033837
994444,0.0060992073
994445,0.0061063878
994446,0.031588208
994447,0.0080611035
994448,0.0064043831
994449,0.0062686694
994450,0.014677878
994451,0.0059613395
994452,0.0062054801
994453,0.0091085993
994454,0.006733973
994455,0.016346768
994456,0.0091538373
994457,0.0062277401
994458,0.0088816928
994459,0.0089915553
994460,0.0064129997
994461,0.0091545554
994462,0.0061422908
994463,0.0064747529
994464,0.0018050751
994465,0.0062514362
994466,0.0068984088
994467,0.013915201
994468,0.0014865033
994469,0.0054644528
994470,0.0090992646
994471,0.0062744142
994472,0.0067153033
994473,0.0064876783
994474,0.0063828412
994475,0.0063749426
994476,0.0062191235
994477,0.0064467485
994478,0.011967199
994479,0.0092945769
994480,0.006167423
994481,0.0059283087
994482,0.0040566255
994483,0.0063095991
994484,0.0067145852
994485,0.0060712029
994486,0.0089915553
994487,0.006343348
994488,0.01808005
994489,0.006519991
994490,0.0062155332
994491,0.0061667049
994492,0.0091394763
994493,0.010979866
994494,0.01063296
994495,0.0087617766
994496,0.0064812154
994497,0.01198156
994498,0.0063900216
994499,0.014586684
994500,0.018411793
994501,0.0055908826
994502,0.0076990463
994503,0.012568934
994504,0.0066535501
994505,0.012087115
994506,0.001967791
994507,0.017647777
994508,0.035345681
994509,0.006240665
994510,0.0064094095
994511,0.0089965817
994512,0.010424179
994513,0.0088457894
994514,0.009457577
994515,0.0084156711
994516,0.010984892
994517,0.0063577089
994518,0.0070226332
994519,0.010888672
994520,0.011201747
994521,0.011924115
994522,0.008329195
994523,0.0090877758
994524,0.0090130977
994525,0.0091337319
994526,0.0095422287
994527,0.0061846566
994528,0.0062844669
994529,0.006402229
994530,0.0060072956
994531,0.0061121322
994532,0.0070578181
994533,0.0060611502
994534,0.014731732
994535,0.0091172159
994536,0.0058127008
994537,0.012408088
994538,0.013441815
994539,0.0068129594
994540,0.008884565
994541,0.0075367647
994542,0.0062751323
994543,0.015975008
994544,0.01830193
994545,0.01742805
994546,0.0061071059
994547,0.013881548
994548,0.0061322381
994549,0.0060116039
994550,0.0070886947
994551,0.0063095991
994552,0.0061659869
994553,0.009955911
994554,0.0063354494
994555,0.0089671416
994556,0.0061695771
994557,0.0088120401
994558,0.010826197
994559,0.0042440845
994560,0.0062966738
994561,0.0089736041
994562,0.0062801586
994563,0.0064474666
994564,0.010673254
994565,0.0065034754
994566,0.0087294634
994567,0.017876837
994568,0.014960076
994569,0.0063311406
994570,0.032304112
994571,0.0081980983
994572,0.0066176471
994573,0.012120864
994574,0.011733111
994575,0.0089333924
994576,0.019177889
994577,0.0058981501
994578,0.0090360753
994579,0.005523779
994580,0.0087603405
994581,0.0059211282
994582,0.0062550264
994583,0.006108542
994584,0.011462403
994585,0.017555147
994586,0.0062894933
994587,0.009003045
994588,0.0099200085
994589,0.017630544
994590,0.0062787225
994591,0.0092565203
994592,0.02348561
994593,0.0063232421
994594,0.02776956
994595,0.0059685204
994596,0.0090274587
994597,0.0063921758
994598,0.0069917566
994599,0.0064051012
994600,0.0056978115
994601,0.0063641719
994602,0.011260072
994603,0.0065242993
994604,0.0079015391
994605,0.012991154
994606,0.0062973918
994607,0.0054674535
994608,0.011960736
994609,0.0061982996
994610,0.006534352
994611,0.017849552
994612,0.029418945
994613,0.0070673437
994614,0.0081571694
994615,0.0063627353
994616,0.022966452
994617,0.0065637925
994618,0.0092558023
994619,0.014718807
994620,0.0063038548
994621,0.0051852376
994622,0.0067792106
994623,0.0081377812
994624,0.013142664
994625,0.012425322
994626,0.006300264
994627,0.009721823
994628,0.0030876466
994629,0.009104291
994630,0.00599078
994631,0.0089319563
994632,0.0089039523
994633,0.0063189338
994634,0.0065278895
994635,0.0089613972
994636,0.0087883445
994637,0.0089175953
994638,0.0060202205
994639,0.0060855639
994640,0.0073737651
994641,0.0058299345
994642,0.0063024187
994643,0.0064058192
994644,0.0062392289
994645,0.011847283
994646,0.012102194
994647,0.014826517
994648,0.0060001151
994649,0.0065953871
994650,0.0068373736
994651,0.0053423196
994652,0.012522978
994653,0.014866728
994654,0.024024874
994655,0.0069896025
994656,0.0090640802
994657,0.013061523
994658,0.0088974899
994659,0.011623966
994660,0.0098862592
994661,0.0059168199
994662,0.0088723572
994663,0.0063627353
994664,0.0056274412
994665,0.0090375114
994666,0.010043515
994667,0.01495864
994668,0.0070700254
994669,0.013350184
994670,0.0064072553
994671,0.010348972
994672,0.0061925552
994673,0.011712288
994674,0.011475327
994675,0.0061753215
994676,0.006425207
994677,0.0091143437
994678,0.0062421015
994679,0.0077730068
994680,0.0075058881
994681,0.0080406498
994682,0.0090087894
994683,0.0062421015
994684,0.0060317097
994685,0.0069868863
994686,0.01048225
994687,0.0056310319
994688,0.023575367
994689,0.0092041017
994690,0.0096665323
994691,0.006520709
994692,0.0061925552
994693,0.0052154087
994694,0.01210004
994695,0.0062844669
994696,0.0060805376
994697,0.011810662
994698,0.014453125
994699,0.012559599
994700,0.0063936124
994701,0.008458755
994702,0.0067052506
994703,0.0038349768
994704,0.014636949
994705,0.0064338236
994706,0.027555101
994707,0.0088536879
994708,0.008363896
994709,0.0087323356
994710,0.0080955783
994711,0.0060417624
994712,0.0064453124
994713,0.0091969213
994714,0.011583037
994715,0.0088134762
994716,0.0061336742
994717,0.011664895
994718,0.020852482
994719,0.016554423
994720,0.0063648899
994721,0.016834931
994722,0.0089305202
994723,0.0071461396
994724,0.0091868686
994725,0.0091452207
994726,0.0092486218
994727,0.0062054801
994728,0.0068021887
994729,0.017639879
994730,0.0018845205
994731,0.0075891833
994732,0.017231302
994733,0.0060654585
994734,0.0065645105
994735,0.012127327
994736,0.012431785
994737,0.014751839
994738,0.0088974899
994739,0.006299546
994740,0.0061990176
994741,0.03147978
994742,0.0062248679
994743,0.038924631
994744,0.0095825195
994745,0.0063878675
994746,0.0061379825
994747,0.006519991
994748,0.0062385108
994749,0.0062981099
994750,0.0089412909
994751,0.020553768
994752,0.02313376
994753,0.025376607
994754,0.0077141258
994755,0.0068359375
994756,0.0062155332
994757,0.0019995228
994758,0.0016554227
994759,0.0062930835
994760,0.010924458
994761,0.011997358
994762,0.012534467
994763,0.0065142461
994764,0.016797926
994765,0.0060245288
994766,0.015339212
994767,0.011675666
994768,0.018947467
994769,0.0063763787
994770,0.006300264
994771,0.0060259649
994772,0.015135283
994773,0.0090353573
994774,0.027903862
994775,0.018177705
994776,0.011740512
994777,0.0062464098
994778,0.0064453124
994779,0.01462546
994780,0.016224518
994781,0.025129251
994782,0.0016406127
994783,0.009281652
994784,0.0060554054
994785,0.0091552734
994786,0.012028952
994787,0.017637005
994788,0.0091825593
994789,0.0060970532
994790,0.011822869
994791,0.0064309514
994792,0.01183364
994793,0.012087115
994794,0.0083007813
994795,0.0091258334
994796,0.0090051992
994797,0.0084031457
994798,0.012278119
994799,0.008928366
994800,0.0064273612
994801,0.009501379
994802,0.0078936405
994803,0.0062327664
994804,0.0091545554
994805,0.015097943
994806,0.0063964846
994807,0.0020001356
994808,0.0063828412
994809,0.0060546873
994810,0.0060410444
994811,0.0064553656
994812,0.014981617
994813,0.0064366958
994814,0.0071698357
994815,0.0060317097
994816,0.0063318587
994817,0.01458094
994818,0.002027076
994819,0.012119428
994820,0.014803539
994821,0.0066176471
994822,0.016704248
994823,0.0063110352
994824,0.0079523241
994825,0.0061544981
994826,0.0056418027
994827,0.0065070656
994828,0.0063770968
994829,0.014789177
994830,0.023770681
994831,0.015096507
994832,0.018905101
994833,0.015208525
994834,0.010241699
994835,0.0063749426
994836,0.0066729379
994837,0.0062643611
994838,0.028118938
994839,0.012031106
994840,0.0084860409
994841,0.013131893
994842,0.015062041
994843,0.0063694622
994844,0.0096162688
994845,0.0058119828
994846,0.008928366
994847,0.0063139074
994848,0.0091502471
994849,0.012012437
994850,0.012179027
994851,0.005977137
994852,0.009310375
994853,0.011367872
994854,0.008003898
994855,0.0060819737
994856,0.016832072
994857,0.0060094497
994858,0.013227396
994859,0.0064223344
994860,0.012179526
994861,0.0059713926
994862,0.013915298
994863,0.012169692
994864,0.0055667837
994865,0.011663459
994866,0.0090095075
994867,0.0093333526
994868,0.0062298942
994869,0.0069048712
994870,0.0062930835
994871,0.0062385108
994872,0.010868068
994873,0.00613152
994874,0.020364201
994875,0.0087050498
994876,0.0063246782
994877,0.015543141
994878,0.0035818275
994879,0.014924173
994880,0.012159639
994881,0.0088371728
994882,0.0090195602
994883,0.011685719
994884,0.022278484
994885,0.009003045
994886,0.006168141
994887,0.0091617359
994888,0.0080799069
994889,0.0058733849
994890,0.012143842
994891,0.0093003213
994892,0.0051988848
994893,0.0061415727
994894,0.0088285562
994895,0.005977137
994896,0.0063691982
994897,0.02064568
994898,0.0062571806
994899,0.0085370233
994900,0.0092256432
994901,0.0061465991
994902,0.015171186
994903,0.012180463
994904,0.026585478
994905,0.0087883445
994906,0.0015264337
994907,0.0092105642
994908,0.013442095
994909,0.020396514
994910,0.01472886
994911,0.010504509
994912,0.012842515
994913,0.011753217
994914,0.013446836
994915,0.0073694563
994916,0.0011630893
994917,0.014333927
994918,0.0096392464
994919,0.022497119
994920,0.0088737933
994921,0.0060597141
994922,0.01484375
994923,0.0066348803
994924,0.017616183
994925,0.014619716
994926,0.0061236215
994927,0.0091559915
994928,0.0060259649
994929,0.0060819737
994930,0.0061889649
994931,0.01191119
994932,0.0058859433
994933,0.0060044234
994934,0.0060625863
994935,0.0066327262
994936,0.0089326743
994937,0.012345617
994938,0.0061300839
994939,0.022287168
994940,0.0097541362
994941,0.010462143
994942,0.0062808767
994943,0.0064051012
994944,0.010480814
994945,0.014820054
994946,0.011053308
994947,0.0064568017
994948,0.0062801586
994949,0.0062657972
994950,0.008517636
994951,0.02240815
994952,0.0090647982
994953,0.0086188819
994954,0.014815028
994955,0.017480435
994956,0.0072538489
994957,0.014974437
994958,0.0088931816
994959,0.0088938996
994960,0.0061473171
994961,0.0088486616
994962,0.0062844669
994963,0.009838149
994964,0.0063146255
994965,0.023783183
994966,0.0064927046
994967,0.0065602022
994968,0.0092924228
994969,0.009237132
994970,0.016608786
994971,0.0077967024
994972,0.0059060492
994973,0.0055635339
994974,0.0060597141
994975,0.0091832774
994976,0.0062693874
994977,0.0063763787
994978,0.006285903
994979,0.0063268323
994980,0.011979406
994981,0.0061710132
994982,0.0061063878
994983,0.0049698544
994984,0.0062844669
994985,0.014996697
994986,0.0089506265
994987,0.010316378
994988,0.0091545554
994989,0.0058608111
994990,0.03315717
994991,0.0061982996
994992,0.0089965817
994993,0.0060798195
994994,0.0063124713
994995,0.0095143039
994996,0.015126666
994997,0.0096593518
994998,0.0094475243
994999,0.0061846566
995000,0.0061695771
995001,0.0062205596
995002,0.0061868108
995003,0.0089175953
995004,0.0061078239
995005,0.0091552734
995006,0.020703126
995007,0.0061300839
995008,0.0071324967
995009,0.011671358
995010,0.0061559342
995011,0.0058945599
995012,0.014602481
995013,0.0065041934
995014,0.0084784459
995015,0.0064338236
995016,0.0097469557
995017,0.0060159122
995018,0.010139734
995019,0.0093635106
995020,0.0064187441
995021,0.0063203699
995022,0.0061839386
995023,0.014579504
995024,0.0061465991
995025,0.023292452
995026,0.010584932
995027,0.0060654585
995028,0.0093003213
995029,0.0067002242
995030,0.0060625863
995031,0.0079325372
995032,0.0085197901
995033,0.0089951456
995034,0.0081004426
995035,0.0060094497
995036,0.0081966622
995037,0.0059103575
995038,0.0060367361
995039,0.011775477
995040,0.0064481846
995041,0.011719468
995042,0.0079963235
995043,0.0061544981
995044,0.015028291
995045,0.014771226
995046,0.0086062774
995047,0.0089527806
995048,0.0089039523
995049,0.0061588064
995050,0.007754337
995051,0.0061214673
995052,0.0086677102
995053,0.011534926
995054,0.0061501898
995055,0.0095437439
995056,0.0092184627
995057,0.015093635
995058,0.012021772
995059,0.0059512868
995060,0.0061408547
995061,0.0060668946
995062,0.0059792912
995063,0.005991498
995064,0.0064259251
995065,0.0064467485
995066,0.006285185
995067,0.0065659466
995068,0.0066320081
995069,0.012245807
995070,0.012055521
995071,0.020423081
995072,0.0089570889
995073,0.0087007415
995074,0.0092629828
995075,0.014756865
995076,0.0066636028
995077,0.0065838983
995078,0.013888431
995079,0.0061264937
995080,0.0067605413
995081,0.0063943304
995082,0.0022568994
995083,0.0060734604
995084,0.017807905
995085,0.0035725462
995086,0.0088608684
995087,0.0065293256
995088,0.023427447
995089,0.01451057
995090,0.0073112939
995091,0.014590993
995092,0.0061365464
995093,0.0064359778
995094,0.0092041017
995095,0.024551213
995096,0.0062435376
995097,0.0061825025
995098,0.0068323473
995099,0.012328384
995100,0.0062938016
995101,0.0064402861
995102,0.0087646488
995103,0.024732167
995104,0.0015073684
995105,0.014993107
995106,0.0049095345
995107,0.001813449
995108,0.0089915553
995109,0.0093276082
995110,0.026293945
995111,0.0096406825
995112,0.0091093173
995113,0.019687636
995114,0.0085628731
995115,0.0062880572
995116,0.011963609
995117,0.015252327
995118,0.026740579
995119,0.006498449
995120,0.0067210477
995121,0.021961169
995122,0.012293916
995123,0.0060144761
995124,0.011660587
995125,0.0099106729
995126,0.0061071059
995127,0.0090877758
995128,0.0071389591
995129,0.007151884
995130,0.0098130172
995131,0.015971823
995132,0.018134622
995133,0.006226304
995134,0.0063670441
995135,0.0060180663
995136,0.0079367245
995137,0.0062090703
995138,0.0091459388
995139,0.0089958636
995140,0.0060898727
995141,0.0064718807
995142,0.023061236
995143,0.0090490002
995144,0.0064122817
995145,0.006050379
995146,0.019029938
995147,0.0093958238
995148,0.0061875288
995149,0.0060654585
995150,0.0032110226
995151,0.0063376036
995152,0.0092945769
995153,0.014717371
995154,0.007826861
995155,0.006307445
995156,0.0063189338
995157,0.012160357
995158,0.0053245118
995159,0.0088816928
995160,0.0053720651
995161,0.015633617
995162,0.0087567493
995163,0.0070054
995164,0.0063735065
995165,0.016391888
995166,0.0060824938
995167,0.012089922
995168,0.026340619
995169,0.021024281
995170,0.0083406465
995171,0.0062083523
995172,0.012826717
995173,0.012234317
995174,0.0067720301
995175,0.0098462105
995176,0.0054365015
995177,0.010622726
995178,0.0079388786
995179,0.0061954274
995180,0.037227135
995181,0.005859375
995182,0.0059857536
995183,0.0091071632
995184,0.012260389
995185,0.014727424
995186,0.0079360064
995187,0.0062873391
995188,0.0065975413
995189,0.010893112
995190,0.0093706921
995191,0.0061925552
995192,0.009075569
995193,0.008884565
995194,0.012264476
995195,0.017620074
995196,0.0060431985
995197,0.0072847256
995198,0.0072143553
995199,0.009339097
995200,0.009177533
995201,0.0065185549
995202,0.006307445
995203,0.0062981099
995204,0.0092055378
995205,0.012253705
995206,0.0056561558
995207,0.012155331
995208,0.0062772864
995209,0.038798254
995210,0.0064065373
995211,0.005895278
995212,0.01290714
995213,0.0066406252
995214,0.0066980696
995215,0.011952838
995216,0.013041418
995217,0.008121266
995218,0.031881895
995219,0.0060618683
995220,0.009076287
995221,0.0060956171
995222,0.0061580883
995223,0.0064302334
995224,0.0061746035
995225,0.020479091
995226,0.0062054801
995227,0.011818561
995228,0.0092026656
995229,0.0061997357
995230,0.0059943702
995231,0.0088371728
995232,0.011580883
995233,0.0087840362
995234,0.0091452207
995235,0.0061710132
995236,0.0096424762
995237,0.017018756
995238,0.006285185
995239,0.0060453527
995240,0.0071849148
995241,0.0061846566
995242,0.0063878675
995243,0.012041159
995244,0.0075884652
995245,0.0093412511
995246,0.011776195
995247,0.013156308
995248,0.0093290443
995249,0.011997358
995250,0.01240378
995251,0.0055891089
995252,0.0063038548
995253,0.017687988
995254,0.0091416305
995255,0.0067720301
995256,0.0061839386
995257,0.012443991
995258,0.0092256432
995259,0.0063627353
995260,0.012028952
995261,0.0063742246
995262,0.014527085
995263,0.0066442154
995264,0.0098941624
995265,0.0065307617
995266,0.01439209
995267,0.0082601504
995268,0.0061494717
995269,0.0060905907
995270,0.0061616786
995271,0.0062665152
995272,0.011638328
995273,0.0090877758
995274,0.006071921
995275,0.0060238107
995276,0.0063720704
995277,0.0060554054
995278,0.012897307
995279,0.0080757532
995280,0.0065652286
995281,0.011744132
995282,0.013667567
995283,0.0089341104
995284,0.013074997
995285,0.0091911769
995286,0.0063842773
995287,0.0093060657
995288,0.014323156
995289,0.0089384187
995290,0.029170496
995291,0.0088730752
995292,0.010886265
995293,0.0092601106
995294,0.011368036
995295,0.0026646852
995296,0.0063232421
995297,0.0059591853
995298,0.017704504
995299,0.017645624
995300,0.026414579
995301,0.0087136663
995302,0.0060302736
995303,0.0085426224
995304,0.0061997357
995305,0.0087761376
995306,0.0062794406
995307,0.0059936522
995308,0.017775591
995309,0.0090332031
995310,0.0060453527
995311,0.011216928
995312,0.0063095991
995313,0.0062622069
995314,0.0086224722
995315,0.015207089
995316,0.006365608
995317,0.0061071059
995318,0.0018309782
995319,0.011963609
995320,0.0090669524
995321,0.0058199312
995322,0.00610926
995323,0.0061602425
995324,0.011818561
995325,0.0065142461
995326,0.015929457
995327,0.004978158
995328,0.0120706
995329,0.0071389591
995330,0.0089707319
995331,0.0060676127
995332,0.0093017574
995333,0.0064934227
995334,0.0087711113
995335,0.0091789691
995336,0.0059196921
995337,0.0061330884
995338,0.0066233915
995339,0.022281423
995340,0.0075066062
995341,0.01157083
995342,0.010231647
995343,0.011894675
995344,0.0060080136
995345,0.0057333349
995346,0.0021206124
995347,0.0061049517
995348,0.0055820537
995349,0.0074987076
995350,0.0098460475
995351,0.010814155
995352,0.0092328237
995353,0.020082721
995354,0.027775947
995355,0.0063268323
995356,0.0057688993
995357,0.006299546
995358,0.0095896311
995359,0.0083945934
995360,0.01148897
995361,0.0077076633
995362,0.0058572209
995363,0.011551442
995364,0.015254965
995365,0.0058147674
995366,0.0062421015
995367,0.0017725952
995368,0.0058558653
995369,0.038694851
995370,0.0061616786
995371,0.0072165094
995372,0.0063749426
995373,0.0090425378
995374,0.0065487134
995375,0.012917948
995376,0.012102912
995377,0.009397978
995378,0.0063383216
995379,0.010344182
995380,0.020476935
995381,0.0062650791
995382,0.015945055
995383,0.0062054801
995384,0.0060403263
995385,0.0061372644
995386,0.0089003621
995387,0.010821397
995388,0.0063893036
995389,0.0090949563
995390,0.001748047
995391,0.0064072553
995392,0.0052657374
995393,0.0062708235
995394,0.015085018
995395,0.010579905
995396,0.00097567547
995397,0.0067232018
995398,0.009017406
995399,0.0088838469
995400,0.011676535
995401,0.006271542
995402,0.0059591853
995403,0.0091064451
995404,0.036016572
995405,0.0088874372
995406,0.0094101848
995407,0.0060841278
995408,0.010744947
995409,0.01489186
995410,0.013935835
995411,0.0060202205
995412,0.0090518724
995413,0.0090805953
995414,0.006570973
995415,0.0068510165
995416,0.0062686694
995417,0.012075626
995418,0.017027372
995419,0.0093656648
995420,0.0059074853
995421,0.006425207
995422,0.008796961
995423,0.017410817
995424,0.0068818936
995425,0.0054785297
995426,0.0063770968
995427,0.011466711
995428,0.0063332953
995429,0.0096945371
995430,0.0092321057
995431,0.012105784
995432,0.0060094497
995433,0.0090813134
995434,0.0080710016
995435,0.0062844669
995436,0.024626609
995437,0.0056532915
995438,0.012089269
995439,0.031641886
995440,0.0061580883
995441,0.015250172
995442,0.006497731
995443,0.006094899
995444,0.0062219957
995445,0.017959416
995446,0.0094222762
995447,0.006153062
995448,0.0067088408
995449,0.011467429
995450,0.0059879078
995451,0.0063670441
995452,0.0098632816
995453,0.0063555548
995454,0.01559915
995455,0.0078200884
995456,0.0062571806
995457,0.006519991
995458,0.0092715994
995459,0.0060202205
995460,0.0080347834
995461,0.0092286495
995462,0.0083912564
995463,0.011569394
995464,0.011594526
995465,0.0058155735
995466,0.0062981099
995467,0.011462403
995468,0.0064804973
995469,0.0074247471
995470,0.0090992646
995471,0.0089384187
995472,0.012112965
995473,0.017589614
995474,0.011592371
995475,0.0065946691
995476,0.0061106961
995477,0.0066327262
995478,0.0061286478
995479,0.0065645105
995480,0.009280934
995481,0.0060977712
995482,0.011291504
995483,0.012155331
995484,0.012270939
995485,0.0061516259
995486,0.0060633044
995487,0.0069694966
995488,0.0062363567
995489,0.0090130977
995490,0.0064223344
995491,0.011780503
995492,0.013406911
995493,0.0061135683
995494,0.0092033837
995495,0.0090533085
995496,0.0089534987
995497,0.012040259
995498,0.0061774757
995499,0.0060546873
995500,0.0066312901
995501,0.009736903
995502,0.0093362248
995503,0.0059283087
995504,0.0063447841
995505,0.011971507
995506,0.01238511
995507,0.0060546873
995508,0.0061559342
995509,0.012319049
995510,0.026135972
995511,0.011354693
995512,0.011040183
995513,0.0074629639
995514,0.016498089
995515,0.0059555951
995516,0.0080896718
995517,0.0059735468
995518,0.0061738854
995519,0.0070312498
995520,0.0062959557
995521,0.0091725066
995522,0.014046958
995523,0.0063246782
995524,0.027001236
995525,0.023644302
995526,0.014456715
995527,0.021477195
995528,0.0069127702
995529,0.0091222422
995530,0.023704618
995531,0.0064460305
995532,0.019444006
995533,0.0062643611
995534,0.0090992646
995535,0.0067648496
995536,0.0092622647
995537,0.0072926241
995538,0.0065027573
995539,0.0061990176
995540,0.0060008331
995541,0.012132353
995542,0.0091710705
995543,0.0065221451
995544,0.0064589558
995545,0.0063182157
995546,0.0060575595
995547,0.010246726
995548,0.0061932732
995549,0.0069055893
995550,0.0088615865
995551,0.015111587
995552,0.0065422505
995553,0.014753275
995554,0.0052649705
995555,0.0094353175
995556,0.0057125115
995557,0.0074340822
995558,0.0093405331
995559,0.0090992646
995560,0.010734289
995561,0.0062069162
995562,0.0061286478
995563,0.0060044234
995564,0.0091732247
995565,0.0062780045
995566,0.013617302
995567,0.0094518326
995568,0.0063419119
995569,0.010240263
995570,0.014932072
995571,0.011971507
995572,0.01183364
995573,0.0064216163
995574,0.0089204675
995575,0.0061516259
995576,0.011978688
995577,0.011708697
995578,0.0062112249
995579,0.0089233397
995580,0.01399572
995581,0.0082474472
995582,0.0058220359
995583,0.0063763787
995584,0.0081844553
995585,0.0062377928
995586,0.0063376036
995587,0.0064941407
995588,0.020001842
995589,0.0089534987
995590,0.0060396083
995591,0.0092859603
995592,0.016461106
995593,0.0090533085
995594,0.0062643611
995595,0.006227022
995596,0.0064338236
995597,0.00098977762
995598,0.023782169
995599,0.015257353
995600,0.0062894933
995601,0.0059879078
995602,0.012507181
995603,0.0062219957
995604,0.015879912
995605,0.0062191235
995606,0.0019481824
995607,0.0055454108
995608,0.0065523037
995609,0.0089377007
995610,0.023128733
995611,0.010977712
995612,0.012064137
995613,0.0074190027
995614,0.0063282684
995615,0.0062076342
995616,0.01488468
995617,0.020674402
995618,0.0063368855
995619,0.012572524
995620,0.013406193
995621,0.0063476563
995622,0.0059555951
995623,0.0060963351
995624,0.0060683307
995625,0.0090849036
995626,0.0092967311
995627,0.0092069739
995628,0.0061939913
995629,0.013477281
995630,0.0064848056
995631,0.0060589961
995632,0.012053366
995633,0.0066880169
995634,0.0062650791
995635,0.012076344
995636,0.0064237705
995637,0.016204474
995638,0.012319049
995639,0.0088924635
995640,0.011868106
995641,0.010205796
995642,0.0091129076
995643,0.011902574
995644,0.0060044234
995645,0.0062708235
995646,0.014960794
995647,0.0067131491
995648,0.0020116237
995649,0.0051990217
995650,0.011994486
995651,0.038786765
995652,0.0089470362
995653,0.017284438
995654,0.0058909697
995655,0.015390912
995656,0.022917081
995657,0.009237132
995658,0.017123941
995659,0.0065759993
995660,0.002850479
995661,0.014127086
995662,0.0054479265
995663,0.0061509078
995664,0.0066018496
995665,0.0068345014
995666,0.012129481
995667,0.0061659869
995668,0.009324736
995669,0.0057846969
995670,0.0064496207
995671,0.0066700657
995672,0.0064338236
995673,0.02403708
995674,0.012281709
995675,0.0062614889
995676,0.0089901192
995677,0.0061465991
995678,0.017763386
995679,0.0098410212
995680,0.0061832205
995681,0.0063670441
995682,0.0081571694
995683,0.011923397
995684,0.0072761085
995685,0.0062744142
995686,0.0075089317
995687,0.014456715
995688,0.0063577089
995689,0.0076451921
995690,0.014477539
995691,0.014919146
995692,0.0060812556
995693,0.0070441752
995694,0.016058709
995695,0.006211943
995696,0.0059570312
995697,0.011628275
995698,0.0063124713
995699,0.02508183
995700,0.0065982593
995701,0.0061659869
995702,0.0089779124
995703,0.0083484557
995704,0.0067325369
995705,0.0073996149
995706,0.026145307
995707,0.0061106961
995708,0.016906623
995709,0.0090820314
995710,0.0062966738
995711,0.0036326766
995712,0.026465561
995713,0.0099078007
995714,0.0060546873
995715,0.012526568
995716,0.0080368966
995717,0.0075446633
995718,0.0064546475
995719,0.012221392
995720,0.0054790438
995721,0.0064568017
995722,0.014901195
995723,0.0095877424
995724,0.0090784412
995725,0.0069745234
995726,0.0077607995
995727,0.012013155
995728,0.0089958636
995729,0.0092270793
995730,0.014367408
995731,0.0067583867
995732,0.011817843
995733,0.01160386
995734,0.0062133791
995735,0.0062514362
995736,0.011730239
995737,0.0060791015
995738,0.017945772
995739,0.0066198013
995740,0.015097225
995741,0.014527803
995742,0.009076287
995743,0.0084459316
995744,0.0069759595
995745,0.011925551
995746,0.00601304
995747,0.0063297045
995748,0.0088199396
995749,0.0062478459
995750,0.0064338236
995751,0.0063419119
995752,0.0061401366
995753,0.014131865
995754,0.020582492
995755,0.0082810437
995756,0.017733226
995757,0.0092945769
995758,0.0205868
995759,0.0092996033
995760,0.0070764879
995761,0.0095272288
995762,0.0049874494
995763,0.0060202205
995764,0.0099099549
995765,0.015085018
995766,0.0087352078
995767,0.0061178766
995768,0.0089836568
995769,0.0088745113
995770,0.0062729781
995771,0.0066054398
995772,0.011685001
995773,0.0057157627
995774,0.014441636
995775,0.0097096162
995776,0.0062313303
995777,0.001956322
995778,0.010355153
995779,0.013776108
995780,0.0062887752
995781,0.0061868108
995782,0.0060898727
995783,0.0087926527
995784,0.0093096569
995785,0.012023926
995786,0.011717314
995787,0.0091222422
995788,0.01060432
995789,0.0078986669
995790,0.0090805953
995791,0.0063541187
995792,0.009869026
995793,0.0092026656
995794,0.014988081
995795,0.01411061
995796,0.012111529
995797,0.0060353
995798,0.0066966335
995799,0.0063261143
995800,0.012261604
995801,0.0053767804
995802,0.0061006434
995803,0.012792969
995804,0.011214672
995805,0.011446605
995806,0.009193331
995807,0.0059007281
995808,0.020932904
995809,0.0069106156
995810,0.016545143
995811,0.014905503
995812,0.0060187844
995813,0.0088414811
995814,0.012063419
995815,0.01106316
995816,0.0090798773
995817,0.012168256
995818,0.011750345
995819,0.0072789812
995820,0.0070441752
995821,0.0091373222
995822,0.032373048
995823,0.0090647982
995824,0.0097921928
995825,0.0061114142
995826,0.0054235402
995827,0.0083180144
995828,0.0062140971
995829,0.0063088811
995830,0.011047363
995831,0.005940516
995832,0.0062571806
995833,0.0063677621
995834,0.0079972073
995835,0.0060625863
995836,0.014684341
995837,0.0064295153
995838,0.017838782
995839,0.0097175147
995840,0.0078304512
995841,0.0063447841
995842,0.0060087317
995843,0.0052185347
995844,0.0064560836
995845,0.0053919572
995846,0.0060812556
995847,0.0066542681
995848,0.011916216
995849,0.017980238
995850,0.0081614777
995851,0.0060704849
995852,0.020806525
995853,0.03606724
995854,0.0061236215
995855,0.0062571806
995856,0.015208525
995857,0.023655791
995858,0.0089937095
995859,0.0061465991
995860,0.0092601106
995861,0.015165441
995862,0.0063304226
995863,0.0088005513
995864,0.0064546475
995865,0.026390165
995866,0.0063354494
995867,0.0060561234
995868,0.0063210879
995869,0.0083388388
995870,0.0062004537
995871,0.014867446
995872,0.0063577089
995873,0.011979406
995874,0.0060546873
995875,0.0060367361
995876,0.017425308
995877,0.022139246
995878,0.0095868278
995879,0.006556612
995880,0.0062701055
995881,0.0060898727
995882,0.01237793
995883,0.012554573
995884,0.014840878
995885,0.011351103
995886,0.0094396258
995887,0.013429889
995888,0.0064711627
995889,0.012272375
995890,0.017980238
995891,0.0061738854
995892,0.0042030667
995893,0.017589614
995894,0.0054565002
995895,0.0063275504
995896,0.0087747015
995897,0.0064632641
995898,0.01302562
995899,0.0063246782
995900,0.011989458
995901,0.010957606
995902,0.0085621551
995903,0.0061480352
995904,0.0056436742
995905,0.0074692671
995906,0.0061695771
995907,0.0051987418
995908,0.0092967311
995909,0.0092981672
995910,0.0065171188
995911,0.006402229
995912,0.0093161194
995913,0.0079661654
995914,0.0013445091
995915,0.0066061579
995916,0.016768692
995917,0.014970128
995918,0.0062528723
995919,0.0086361151
995920,0.0090633612
995921,0.0062478459
995922,0.0075877472
995923,0.010650994
995924,0.012098604
995925,0.0062219957
995926,0.0063785329
995927,0.0065106559
995928,0.0061250576
995929,0.023701746
995930,0.0063174977
995931,0.0060633044
995932,0.0063347314
995933,0.0060209385
995934,0.007034122
995935,0.015609094
995936,0.0058622472
995937,0.031767003
995938,0.0063713524
995939,0.006263643
995940,0.0015738868
995941,0.0080193011
995942,0.0055229589
995943,0.020651424
995944,0.0070736157
995945,0.0065113739
995946,0.01170435
995947,0.011914062
995948,0.011788402
995949,0.00655733
995950,0.0066119027
995951,0.0088895913
995952,0.0019946815
995953,0.0061961454
995954,0.008252671
995955,0.010209386
995956,0.0071044923
995957,0.023721134
995958,0.0061825025
995959,0.0061207493
995960,0.01198156
995961,0.009149529
995962,0.016620319
995963,0.0094927624
995964,0.0082844384
995965,0.0065903608
995966,0.0061918371
995967,0.010305607
995968,0.011827177
995969,0.0064855241
995970,0.0062097884
995971,0.006425207
995972,0.014728142
995973,0.009692383
995974,0.017886892
995975,0.0062535903
995976,0.0059613395
995977,0.0063189338
995978,0.0081966622
995979,0.0043128831
995980,0.0089384187
995981,0.01063017
995982,0.0096751498
995983,0.0063368855
995984,0.0066600125
995985,0.007444853
995986,0.020284496
995987,0.012375776
995988,0.020417336
995989,0.020728257
995990,0.0054851891
995991,0.0064804973
995992,0.0055445558
995993,0.0089369826
995994,0.0053300937
995995,0.0060044234
995996,0.008299225
995997,0.0063139074
995998,0.0062155332
995999,0.0081931921
996000,0.0063246782
996001,0.0081496444
996002,0.0063253962
996003,0.0094848629
996004,0.0061480352
996005,0.029222915
996006,0.0058529126
996007,0.0068395277
996008,0.011328843
996009,0.0062069162
996010,0.0071080825
996011,0.0090863397
996012,0.0061961454
996013,0.0061300839
996014,0.0081564514
996015,0.024010926
996016,0.009501379
996017,0.0091021368
996018,0.01733542
996019,0.012306842
996020,0.0061027976
996021,0.012402344
996022,0.0096404981
996023,0.0061939913
996024,0.033170812
996025,0.020002298
996026,0.0059218463
996027,0.0062385108
996028,0.0062191235
996029,0.0062205596
996030,0.0062385108
996031,0.0084554395
996032,0.0059254365
996033,0.011259191
996034,0.0092629828
996035,0.008825684
996036,0.0062902113
996037,0.0033628447
996038,0.0061932732
996039,0.0090324851
996040,0.0089664236
996041,0.0091883047
996042,0.014402918
996043,0.012039723
996044,0.0090389475
996045,0.011196001
996046,0.0060927449
996047,0.0061063878
996048,0.0063340133
996049,0.0063914577
996050,0.012706083
996051,0.0078699449
996052,0.0060072956
996053,0.0061006434
996054,0.019112621
996055,0.013556625
996056,0.0064345417
996057,0.011840102
996058,0.027825825
996059,0.010779527
996060,0.012212776
996061,0.010041361
996062,0.0092306696
996063,0.021254595
996064,0.0062514362
996065,0.012203441
996066,0.0071044923
996067,0.006108542
996068,0.017675782
996069,0.0063304226
996070,0.0061695771
996071,0.0063555548
996072,0.0060690488
996073,0.010988482
996074,0.016092457
996075,0.0066255457
996076,0.0065946691
996077,0.006285185
996078,0.010971967
996079,0.0093240179
996080,0.0093477136
996081,0.0075525618
996082,0.015131692
996083,0.0094805546
996084,0.001949424
996085,0.0061839386
996086,0.0061236215
996087,0.0052207001
996088,0.0089944275
996089,0.014639103
996090,0.006424489
996091,0.0066226735
996092,0.011172946
996093,0.0061135683
996094,0.0063519645
996095,0.0087732654
996096,0.0064237705
996097,0.0052531385
996098,0.0092177447
996099,0.0091681983
996100,0.014843659
996101,0.0083790496
996102,0.0060324278
996103,0.008189992
996104,0.006285903
996105,0.0060977712
996106,0.0065487134
996107,0.017661421
996108,0.0060661766
996109,0.0061839386
996110,0.019930348
996111,0.017963005
996112,0.0091150617
996113,0.014247759
996114,0.0062736962
996115,0.0063232421
996116,0.023784323
996117,0.017830165
996118,0.0060317097
996119,0.010975372
996120,0.013428543
996121,0.0072380514
996122,0.011471737
996123,0.0059196921
996124,0.0070326859
996125,0.0093218638
996126,0.018451286
996127,0.014889706
996128,0.015062041
996129,0.0093912752
996130,0.0063189338
996131,0.0061473171
996132,0.0060532512
996133,0.0092586745
996134,0.0089082606
996135,0.0082045607
996136,0.0062578986
996137,0.0061939913
996138,0.005918256
996139,0.0060546873
996140,0.0063957665
996141,0.0078914864
996142,0.0072114831
996143,0.0063634538
996144,0.0090612071
996145,0.01493638
996146,0.023349179
996147,0.0062342025
996148,0.0090963924
996149,0.0092881145
996150,0.014338235
996151,0.0064108456
996152,0.015203498
996153,0.006380687
996154,0.012706801
996155,0.020475499
996156,0.011883186
996157,0.0059692385
996158,0.0062399469
996159,0.0091502471
996160,0.0060676127
996161,0.0067275101
996162,0.0082454886
996163,0.0057961857
996164,0.0071942499
996165,0.0094338814
996166,0.01188534
996167,0.005149988
996168,0.0060546873
996169,0.0090662343
996170,0.0060595251
996171,0.0087919347
996172,0.0060381722
996173,0.0059103575
996174,0.0091696344
996175,0.01753935
996176,0.0084393667
996177,0.018037684
996178,0.009780704
996179,0.0062952377
996180,0.014970128
996181,0.012065574
996182,0.0087445425
996183,0.01157801
996184,0.0064912685
996185,0.0061035156
996186,0.0091452207
996187,0.0076236501
996188,0.0057559744
996189,0.0060367361
996190,0.0066492418
996191,0.023627069
996192,0.0083733052
996193,0.0081781866
996194,0.027726747
996195,0.0090827495
996196,0.0079410328
996197,0.0055346275
996198,0.0052425284
996199,0.0069529815
996200,0.0070111444
996201,0.012180463
996202,0.02065286
996203,0.018865608
996204,0.012042595
996205,0.0061702952
996206,0.010456399
996207,0.006380687
996208,0.02854722
996209,0.0062808767
996210,0.017578125
996211,0.0063735065
996212,0.011971507
996213,0.0028004234
996214,0.0061430088
996215,0.010976548
996216,0.0065034754
996217,0.0055652168
996218,0.017912023
996219,0.0062823128
996220,0.0063878675
996221,0.0090418197
996222,0.005954877
996223,0.0088084498
996224,0.0062184054
996225,0.0062227137
996226,0.0060747932
996227,0.0063268323
996228,0.010141989
996229,0.0060460707
996230,0.0059017404
996231,0.0087747015
996232,0.0062471279
996233,0.0059283087
996234,0.0090554627
996235,0.0073184744
996236,0.033373099
996237,0.03008298
996238,0.0062176874
996239,0.0063239601
996240,0.0061465991
996241,0.0018199421
996242,0.021151194
996243,0.0062930835
996244,0.009252212
996245,0.019102102
996246,0.0067468979
996247,0.0063455021
996248,0.0096148327
996249,0.015414609
996250,0.01726958
996251,0.0024625305
996252,0.017837346
996253,0.013973968
996254,0.0062736962
996255,0.0094109029
996256,0.0069271312
996257,0.0050636837
996258,0.010913042
996259,0.0060374541
996260,0.0068969727
996261,0.018098719
996262,0.006784237
996263,0.0060977712
996264,0.008135627
996265,0.0087445425
996266,0.022209037
996267,0.0091452207
996268,0.0060992073
996269,0.014906221
996270,0.0020036788
996271,0.0055149775
996272,0.00641659
996273,0.0084275324
996274,0.017471135
996275,0.0062787225
996276,0.0062205596
996277,0.0063081631
996278,0.012497846
996279,0.0030053114
996280,0.0065472773
996281,0.0085657453
996282,0.023403034
996283,0.005917538
996284,0.020392206
996285,0.005954159
996286,0.0062356386
996287,0.014924173
996288,0.006226304
996289,0.0063878675
996290,0.0061860927
996291,0.0062564625
996292,0.006227022
996293,0.015004596
996294,0.007811782
996295,0.009046128
996296,0.011994486
996297,0.029046271
996298,0.01230038
996299,0.0062385108
996300,0.0093204277
996301,0.011879596
996302,0.0060202205
996303,0.012561035
996304,0.0062219957
996305,0.016052885
996306,0.01165197
996307,0.0060324278
996308,0.011756808
996309,0.0059886258
996310,0.0085592829
996311,0.012097886
996312,0.0065027573
996313,0.0073328353
996314,0.014489746
996315,0.0065838983
996316,0.011337604
996317,0.0061006434
996318,0.012500718
996319,0.0060044234
996320,0.0062938016
996321,0.006439568
996322,0.0059871897
996323,0.0063735065
996324,0.0086741727
996325,0.0089534987
996326,0.0061372644
996327,0.0064079734
996328,0.009587355
996329,0.0085061463
996330,0.013064396
996331,0.016963642
996332,0.0062528723
996333,0.017773438
996334,0.0075871912
996335,0.0059843175
996336,0.0064079734
996337,0.011663459
996338,0.0061221854
996339,0.0098927217
996340,0.0088174203
996341,0.018508462
996342,0.006227022
996343,0.014464614
996344,0.013863597
996345,0.0089958636
996346,0.0063763787
996347,0.0089822207
996348,0.0096636601
996349,0.0094669117
996350,0.017398611
996351,0.0093520219
996352,0.0089247758
996353,0.0097462377
996354,0.006227022
996355,0.00610926
996356,0.0061817844
996357,0.0058252877
996358,0.012982537
996359,0.011972225
996360,0.0062069162
996361,0.0094001321
996362,0.014512978
996363,0.011879596
996364,0.0093455594
996365,0.012133071
996366,0.0080789002
996367,0.0078936405
996368,0.012738396
996369,0.024365235
996370,0.01486242
996371,0.014813592
996372,0.006094181
996373,0.0088378908
996374,0.0068158316
996375,0.01909573
996376,0.0093094399
996377,0.0059204102
996378,0.0090303309
996379,0.020665068
996380,0.0060123219
996381,0.014924173
996382,0.017710967
996383,0.0053803427
996384,0.0057788668
996385,0.0091301417
996386,0.0062837489
996387,0.012395881
996388,0.0075942096
996389,0.0060575595
996390,0.011994486
996391,0.0092292335
996392,0.024787348
996393,0.014170209
996394,0.015798053
996395,0.009163172
996396,0.0075662052
996397,0.0063311406
996398,0.0021993059
996399,0.0057181423
996400,0.0087387981
996401,0.022414478
996402,0.0061595244
996403,0.01226663
996404,0.0061810664
996405,0.0048911367
996406,0.0091990754
996407,0.0060008331
996408,0.0061264937
996409,0.014096967
996410,0.0061882469
996411,0.0090346392
996412,0.01183364
996413,0.035202205
996414,0.0092830881
996415,0.01156293
996416,0.0091373222
996417,0.0080099441
996418,0.0054080845
996419,0.015004596
996420,0.0084206974
996421,0.011521284
996422,0.0062973918
996423,0.010955952
996424,0.0069163605
996425,0.020370662
996426,0.0091466568
996427,0.0082347197
996428,0.0062844669
996429,0.0088235298
996430,0.0062787225
996431,0.016405532
996432,0.008605957
996433,0.0091136256
996434,0.0053949128
996435,0.006071921
996436,0.0088185025
996437,0.0064927046
996438,0.0095387176
996439,0.023352768
996440,0.019495009
996441,0.0062894933
996442,0.0052920533
996443,0.0075252759
996444,0.011367618
996445,0.0054666521
996446,0.018405331
996447,0.0088802557
996448,0.0092285154
996449,0.0060798195
996450,0.0092392862
996451,0.010064338
996452,0.0054441034
996453,0.0058794809
996454,0.0061214673
996455,0.0061645508
996456,0.009353458
996457,0.0061164405
996458,0.011555032
996459,0.0064711627
996460,0.0066176471
996461,0.0068589156
996462,0.014698702
996463,0.0091265514
996464,0.0063885855
996465,0.015067067
996466,0.0038359372
996467,0.0051455302
996468,0.0059972429
996469,0.0060410444
996470,0.011996626
996471,0.0061868108
996472,0.0072811353
996473,0.039051011
996474,0.0059218463
996475,0.0061142864
996476,0.012155331
996477,0.014002884
996478,0.0080062244
996479,0.0057222256
996480,0.010332893
996481,0.0061623966
996482,0.0063706343
996483,0.024213005
996484,0.0064065373
996485,0.0094489604
996486,0.006425207
996487,0.012879136
996488,0.01415227
996489,0.0055257189
996490,0.012243653
996491,0.0086397063
996492,0.015682444
996493,0.038407627
996494,0.014696548
996495,0.0065156827
996496,0.0061997357
996497,0.0061968635
996498,0.0068143955
996499,0.015034754
996500,0.0065085017
996501,0.0060956171
996502,0.0053929696
996503,0.012421732
996504,0.0097297216
996505,0.0073558134
996506,0.0068660961
996507,0.009368537
996508,0.0061990176
996509,0.011918371
996510,0.012273093
996511,0.0060826917
996512,0.0063031367
996513,0.0075942096
996514,0.0062557445
996515,0.0065637925
996516,0.0060934629
996517,0.009105009
996518,0.0052688047
996519,0.0082548251
996520,0.0092335418
996521,0.0091445027
996522,0.0063534006
996523,0.021054169
996524,0.012005975
996525,0.0061638327
996526,0.0062298942
996527,0.019372828
996528,0.0060819737
996529,0.01217041
996530,0.01706543
996531,0.014947151
996532,0.020514276
996533,0.0060482249
996534,0.0061825025
996535,0.0087991152
996536,0.011941349
996537,0.010551902
996538,0.0062693874
996539,0.0061264937
996540,0.0068402458
996541,0.0063088811
996542,0.0077600814
996543,0.013300638
996544,0.0089082606
996545,0.0062657972
996546,0.014834415
996547,0.010213695
996548,0.0061810664
996549,0.0061580883
996550,0.0092048198
996551,0.0057394588
996552,0.033246927
996553,0.0057674632
996554,0.005932617
996555,0.0063110352
996556,0.0083356202
996557,0.0062054801
996558,0.0061415727
996559,0.0093800267
996560,0.012591911
996561,0.011916935
996562,0.029641544
996563,0.0063821231
996564,0.009003045
996565,0.0063821231
996566,0.0062880572
996567,0.0061846566
996568,0.0053242082
996569,0.014728142
996570,0.0062514362
996571,0.017242862
996572,0.011764706
996573,0.016810643
996574,0.0096880747
996575,0.0062298942
996576,0.0082450463
996577,0.014804257
996578,0.014685777
996579,0.0083424291
996580,0.012107939
996581,0.0056088446
996582,0.010070801
996583,0.020998966
996584,0.0055836397
996585,0.0090669524
996586,0.0093886433
996587,0.02038287
996588,0.00736443
996589,0.0063483743
996590,0.0095243566
996591,0.0066269818
996592,0.013554459
996593,0.0061810664
996594,0.0061006434
996595,0.0016931973
996596,0.012005975
996597,0.014901195
996598,0.013517131
996599,0.017835191
996600,0.0078965127
996601,0.012601964
996602,0.0061875288
996603,0.0064819334
996604,0.012338436
996605,0.012281709
996606,0.0053350199
996607,0.0089886831
996608,0.0091301417
996609,0.0062622069
996610,0.0091265514
996611,0.010500919
996612,0.0062449737
996613,0.0065860525
996614,0.011924115
996615,0.015027573
996616,0.011871697
996617,0.0088924635
996618,0.01252226
996619,0.0094949165
996620,0.0061688591
996621,0.012490666
996622,0.0059520048
996623,0.0062076342
996624,0.0062018898
996625,0.0078839157
996626,0.0060611502
996627,0.0070894128
996628,0.0090913661
996629,0.0091208061
996630,0.012178309
996631,0.0062011718
996632,0.016578889
996633,0.0059534409
996634,0.011199592
996635,0.0081586502
996636,0.001637344
996637,0.0064797793
996638,0.0058901538
996639,0.0094324453
996640,0.0092486218
996641,0.0060094497
996642,0.023308966
996643,0.0067165047
996644,0.0077205882
996645,0.01750919
996646,0.0069048712
996647,0.0085442038
996648,0.0075853416
996649,0.01195212
996650,0.0062155332
996651,0.0055472688
996652,0.0058672735
996653,0.015594842
996654,0.0088134762
996655,0.0067727482
996656,0.0068488624
996657,0.0086082639
996658,0.0063340133
996659,0.0093182735
996660,0.0059900619
996661,0.010764257
996662,0.0090123797
996663,0.014615406
996664,0.0063261143
996665,0.0063648899
996666,0.0087797279
996667,0.020204073
996668,0.012115119
996669,0.0062478459
996670,0.0087904986
996671,0.014453125
996672,0.0090748509
996673,0.016717279
996674,0.0054419073
996675,0.030796703
996676,0.002319651
996677,0.0060281195
996678,0.0075518438
996679,0.0092601106
996680,0.0037612147
996681,0.0093276082
996682,0.0064424402
996683,0.0064833695
996684,0.020746209
996685,0.011006434
996686,0.0093175555
996687,0.0090418197
996688,0.0055067143
996689,0.0062442557
996690,0.011903292
996691,0.0073299631
996692,0.007174144
996693,0.0071540382
996694,0.015004596
996695,0.0063009821
996696,0.0063986387
996697,0.023690257
996698,0.0042044548
996699,0.012201287
996700,0.011155791
996701,0.0098647177
996702,0.0087064859
996703,0.006578872
996704,0.0061975815
996705,0.0058945599
996706,0.0070219152
996707,0.012040441
996708,0.0063332953
996709,0.018370863
996710,0.01973095
996711,0.017842371
996712,0.026668055
996713,0.0090432558
996714,0.011799891
996715,0.0061939913
996716,0.0051574991
996717,0.012196261
996718,0.0066104666
996719,0.0062586167
996720,0.0062564625
996721,0.0011597616
996722,0.012073472
996723,0.011841538
996724,0.005976419
996725,0.0072150733
996726,0.00095313991
996727,0.0061422908
996728,0.0092026656
996729,0.0089412909
996730,0.0063936124
996731,0.012147432
996732,0.0059470972
996733,0.0081621958
996734,0.0094288541
996735,0.0089104148
996736,0.011776195
996737,0.0060891546
996738,0.0069817039
996739,0.0088831289
996740,0.0059893439
996741,0.0061243395
996742,0.0061731674
996743,0.012337718
996744,0.0064000748
996745,0.01764706
996746,0.016718268
996747,0.0090432558
996748,0.0064503388
996749,0.016532158
996750,0.017478315
996751,0.0087639308
996752,0.0089843748
996753,0.009383617
996754,0.013215898
996755,0.0086239083
996756,0.0013491064
996757,0.020599725
996758,0.0062514362
996759,0.0062291762
996760,0.0065537398
996761,0.0077442843
996762,0.0089499084
996763,0.009193331
996764,0.0066341623
996765,0.0013595936
996766,0.0091911769
996767,0.0089965817
996768,0.01529182
996769,0.0062076342
996770,0.008840045
996771,0.0095107136
996772,0.0070298137
996773,0.0061351103
996774,0.0080860807
996775,0.0090202782
996776,0.006285185
996777,0.0064273612
996778,0.0082100527
996779,0.034571029
996780,0.015992647
996781,0.01129294
996782,0.0064194622
996783,0.0064201802
996784,0.0063304226
996785,0.00920841
996786,0.006204044
996787,0.0063763787
996788,0.012045467
996789,0.0062306123
996790,0.006379969
996791,0.0061121322
996792,0.023173254
996793,0.0061013615
996794,0.01117263
996795,0.0064783432
996796,0.0083101159
996797,0.0060568415
996798,0.0064819334
996799,0.013665104
996800,0.0063210879
996801,0.019244026
996802,0.0085348692
996803,0.0064568017
996804,0.0062306123
996805,0.0089750402
996806,0.0063490923
996807,0.017753331
996808,0.0068194219
996809,0.008943446
996810,0.011060216
996811,0.012109375
996812,0.0060216566
996813,0.016589355
996814,0.0054892981
996815,0.0058292164
996816,0.0061616786
996817,0.0063763787
996818,0.0062162513
996819,0.0063419119
996820,0.0015493404
996821,0.0062478459
996822,0.0078649186
996823,0.015337057
996824,0.0064855241
996825,0.014407169
996826,0.011752499
996827,0.0094898893
996828,0.021389024
996829,0.006204762
996830,0.0061595244
996831,0.013028492
996832,0.0051470255
996833,0.0066176471
996834,0.0098352768
996835,0.011604578
996836,0.0087100761
996837,0.012120864
996838,0.014943561
996839,0.024429886
996840,0.0066865808
996841,0.012419577
996842,0.0060855639
996843,0.0060202205
996844,0.0062744142
996845,0.011864516
996846,0.0088493796
996847,0.0053062825
996848,0.0091366041
996849,0.0062284581
996850,0.006343348
996851,0.0060934629
996852,0.012770709
996853,0.0064194622
996854,0.0060051414
996855,0.019874386
996856,0.0058708638
996857,0.0061444449
996858,0.0063196518
996859,0.0077119716
996860,0.013628791
996861,0.0061128503
996862,0.0060532512
996863,0.021806067
996864,0.0062507181
996865,0.0060087317
996866,0.0093204277
996867,0.017397175
996868,0.0089506265
996869,0.0056992704
996870,0.0057459213
996871,0.011598834
996872,0.0047386391
996873,0.011930577
996874,0.0058651194
996875,0.029696116
996876,0.0016286495
996877,0.0065867705
996878,0.0069278493
996879,0.011887494
996880,0.0084705967
996881,0.0064137178
996882,0.0089477543
996883,0.0054562367
996884,0.012686696
996885,0.011617503
996886,0.0063936124
996887,0.023750575
996888,0.03279024
996889,0.0060431985
996890,0.0063031367
996891,0.0091847135
996892,0.0066427793
996893,0.017940028
996894,0.0072301528
996895,0.0147066
996896,0.006322524
996897,0.0066442154
996898,0.010633042
996899,0.0053921533
996900,0.0088579962
996901,0.014481129
996902,0.0017690668
996903,0.016667314
996904,0.018032657
996905,0.0098733343
996906,0.01763916
996907,0.0056438693
996908,0.0061659869
996909,0.005932617
996910,0.0055892309
996911,0.0069766776
996912,0.0064072553
996913,0.0091452207
996914,0.0119593
996915,0.012049058
996916,0.0061415727
996917,0.017667165
996918,0.0087201288
996919,0.0089779124
996920,0.0061853747
996921,0.0065551759
996922,0.0074975099
996923,0.0087136663
996924,0.0064524929
996925,0.0061401366
996926,0.0059290268
996927,0.0054400926
996928,0.006688735
996929,0.006380687
996930,0.01195212
996931,0.014892578
996932,0.0064912685
996933,0.0062291762
996934,0.0066700657
996935,0.006725356
996936,0.010818602
996937,0.012138098
996938,0.012277401
996939,0.012394445
996940,0.0064819334
996941,0.0090080714
996942,0.0098474836
996943,0.0059110755
996944,0.0094633214
996945,0.0060245288
996946,0.006240665
996947,0.0059938645
996948,0.0061214673
996949,0.0090956744
996950,0.009046128
996951,0.0060317097
996952,0.011794146
996953,0.015331313
996954,0.0055588814
996955,0.0072437958
996956,0.0063239601
996957,0.0059189741
996958,0.0088500977
996959,0.0063993568
996960,0.015171904
996961,0.0058823531
996962,0.011850155
996963,0.019763963
996964,0.010692641
996965,0.0074046417
996966,0.010220875
996967,0.0077090994
996968,0.011925551
996969,0.0062284581
996970,0.0061250576
996971,0.0012632454
996972,0.0057380227
996973,0.0093936697
996974,0.0065602022
996975,0.0078823883
996976,0.007365148
996977,0.0092069739
996978,0.008032945
996979,0.0091129076
996980,0.0095861098
996981,0.006108542
996982,0.0066621667
996983,0.009765625
996984,0.0088235298
996985,0.023319021
996986,0.0080092484
996987,0.0065975413
996988,0.0062162513
996989,0.017747587
996990,0.0092536481
996991,0.017899817
996992,0.006322524
996993,0.006476189
996994,0.0086741727
996995,0.0060230927
996996,0.006145163
996997,0.0071353689
996998,0.0091588637
996999,0.020224897
997000,0.017486213
997001,0.0062564625
997002,0.0093290443
997003,0.038552675
997004,0.0090719787
997005,0.012591911
997006,0.020986758
997007,0.005917538
997008,0.0060015512
997009,0.018678546
997010,0.0093426872
997011,0.0064079734
997012,0.0060065775
997013,0.012879675
997014,0.0064582378
997015,0.0092105642
997016,0.022753906
997017,0.0059943702
997018,0.018289723
997019,0.011869647
997020,0.0090956744
997021,0.0090145338
997022,0.021017635
997023,0.011946375
997024,0.0062780045
997025,0.0089965817
997026,0.0062169693
997027,0.0094934804
997028,0.012661563
997029,0.0061207493
997030,0.0033245014
997031,0.01439568
997032,0.006262925
997033,0.00550261
997034,0.0097706513
997035,0.0056372881
997036,0.0060690488
997037,0.012049058
997038,0.0053468649
997039,0.0089326743
997040,0.0063964846
997041,0.012393009
997042,0.0062320484
997043,0.0116412
997044,0.0092945769
997045,0.0064338236
997046,0.0061480352
997047,0.0086078756
997048,0.0093750004
997049,0.011765424
997050,0.0063189338
997051,0.0062176874
997052,0.015119486
997053,0.01043773
997054,0.0064431583
997055,0.0057653091
997056,0.01205193
997057,0.012984691
997058,0.022113677
997059,0.0091689164
997060,0.0063419119
997061,0.013623765
997062,0.0061042337
997063,0.006556612
997064,0.0060546873
997065,0.0060431985
997066,0.012174718
997067,0.0091093173
997068,0.0085520986
997069,0.009765625
997070,0.01539522
997071,0.0098061198
997072,0.011923397
997073,0.0060740751
997074,0.0059670843
997075,0.024921732
997076,0.0074857823
997077,0.0068093692
997078,0.0062219957
997079,0.0061150044
997080,0.0091466568
997081,0.0063289865
997082,0.014947869
997083,0.0064603919
997084,0.0061631147
997085,0.0044840272
997086,0.0061236215
997087,0.0061839386
997088,0.010166303
997089,0.0059555951
997090,0.0062069162
997091,0.0093584843
997092,0.0095243566
997093,0.0051049599
997094,0.0092134364
997095,0.010034897
997096,0.0061810664
997097,0.0081403796
997098,0.02254495
997099,0.011836512
997100,0.0062593347
997101,0.0078462493
997102,0.0060431985
997103,0.010114603
997104,0.011653407
997105,0.015188419
997106,0.0091911769
997107,0.0061695771
997108,0.0063354494
997109,0.0063203699
997110,0.0086669922
997111,0.0055509745
997112,0.011679256
997113,0.0089075426
997114,0.0028242373
997115,0.0055519589
997116,0.00615378
997117,0.012449018
997118,0.0053720977
997119,0.012054803
997120,0.0062564625
997121,0.012079935
997122,0.011865952
997123,0.0067045325
997124,0.013208725
997125,0.0091875866
997126,0.0068998449
997127,0.0060546873
997128,0.011639046
997129,0.0064682905
997130,0.0096162688
997131,0.014504108
997132,0.0121223
997133,0.0067023784
997134,0.006049661
997135,0.0061961454
997136,0.0091107534
997137,0.0062679513
997138,0.0064596739
997139,0.0080157109
997140,0.0063368855
997141,0.012871237
997142,0.017566636
997143,0.0060819737
997144,0.0066600125
997145,0.023925062
997146,0.0075697955
997147,0.027640203
997148,0.0065738452
997149,0.0061185947
997150,0.0091811232
997151,0.0086786943
997152,0.006262925
997153,0.0091437846
997154,0.0076767867
997155,0.017827293
997156,0.0089377007
997157,0.0059627756
997158,0.011771169
997159,0.017420869
997160,0.0062570614
997161,0.02602539
997162,0.011982278
997163,0.026102941
997164,0.0069213868
997165,0.012173282
997166,0.0090037631
997167,0.0070082722
997168,0.0062507181
997169,0.0063095991
997170,0.0063483743
997171,0.011873852
997172,0.0060166302
997173,0.0068488624
997174,0.0064898324
997175,0.006299546
997176,0.010458553
997177,0.011960018
997178,0.00646111
997179,0.023965992
997180,0.0092895506
997181,0.012339154
997182,0.0084163621
997183,0.0061415727
997184,0.010849897
997185,0.0064151539
997186,0.0062657972
997187,0.012097886
997188,0.0061616786
997189,0.0065681008
997190,0.014959358
997191,0.0087330537
997192,0.0061781937
997193,0.0099049285
997194,0.0091617359
997195,0.0056719147
997196,0.010996381
997197,0.022004459
997198,0.0087294634
997199,0.0062614889
997200,0.010097369
997201,0.0092723174
997202,0.0092213349
997203,0.0061860927
997204,0.012409524
997205,0.014705882
997206,0.0090841856
997207,0.0092026656
997208,0.012216366
997209,0.0067246379
997210,0.01747616
997211,0.01155216
997212,0.0093347887
997213,0.0063246782
997214,0.030283058
997215,0.0094109029
997216,0.011977252
997217,0.007915183
997218,0.0061954274
997219,0.00563872
997220,0.017743278
997221,0.0063009821
997222,0.0062780045
997223,0.0094188014
997224,0.0062787225
997225,0.0060992073
997226,0.0099192904
997227,0.011259191
997228,0.014832261
997229,0.011734547
997230,0.0053395536
997231,0.0089678597
997232,0.011324535
997233,0.011546415
997234,0.0066951974
997235,0.024289837
997236,0.012316177
997237,0.0092608286
997238,0.0062442557
997239,0.0092170266
997240,0.0065142461
997241,0.024710553
997242,0.0088077318
997243,0.0091875866
997244,0.0062033259
997245,0.0060116039
997246,0.011947812
997247,0.0062184054
997248,0.020624856
997249,0.012005975
997250,0.015579044
997251,0.018877815
997252,0.006343348
997253,0.0061702952
997254,0.0061961454
997255,0.0065214271
997256,0.01175968
997257,0.0050220862
997258,0.0096852025
997259,0.016135503
997260,0.0081255743
997261,0.010927586
997262,0.0091624539
997263,0.0069580078
997264,0.0067634135
997265,0.011591653
997266,0.015338494
997267,0.020378562
997268,0.014926327
997269,0.0062679513
997270,0.0092335418
997271,0.0062004537
997272,0.0094302911
997273,0.015797334
997274,0.0061580883
997275,0.017589614
997276,0.0061688591
997277,0.028849524
997278,0.0061387005
997279,0.0062657972
997280,0.0067583867
997281,0.010568417
997282,0.011791274
997283,0.012017463
997284,0.0095387176
997285,0.0014534579
997286,0.0065982593
997287,0.0059627756
997288,0.0093319165
997289,0.011695772
997290,0.0075324564
997291,0.0062212776
997292,0.0060891546
997293,0.014456715
997294,0.0080372533
997295,0.0016239185
997296,0.0088766655
997297,0.0087976791
997298,0.0064740349
997299,0.0093197096
997300,0.006227022
997301,0.0063009821
997302,0.0077694166
997303,0.012163947
997304,0.011701517
997305,0.0097929109
997306,0.0089549348
997307,0.011914062
997308,0.011944939
997309,0.025758272
997310,0.0065400964
997311,0.012143842
997312,0.0090992646
997313,0.0060798195
997314,0.008406003
997315,0.014606072
997316,0.00643885
997317,0.011720186
997318,0.0081040328
997319,0.0064259251
997320,0.0061006434
997321,0.0062837489
997322,0.0084352558
997323,0.0064453124
997324,0.0063885855
997325,0.012110093
997326,0.010200052
997327,0.009325454
997328,0.013763068
997329,0.0093276082
997330,0.0092177447
997331,0.0064725988
997332,0.0234375
997333,0.008165529
997334,0.0093419692
997335,0.015085736
997336,0.0063167796
997337,0.017684398
997338,0.012258732
997339,0.0063577089
997340,0.0062054801
997341,0.0063792509
997342,0.012594784
997343,0.0061243395
997344,0.015851188
997345,0.0063045728
997346,0.0062349206
997347,0.0089219036
997348,0.0076286765
997349,0.016050091
997350,0.0068991268
997351,0.0086583756
997352,0.010147633
997353,0.020385742
997354,0.0092464667
997355,0.0068660961
997356,0.0056798598
997357,0.0083493898
997358,0.0095128678
997359,0.0061616786
997360,0.01496223
997361,0.0064359778
997362,0.0094496785
997363,0.009148811
997364,0.0019812696
997365,0.0089972997
997366,0.0078168083
997367,0.012049058
997368,0.0062600528
997369,0.0099516027
997370,0.0092852423
997371,0.012568934
997372,0.0091624539
997373,0.0060841278
997374,0.013685009
997375,0.0062973918
997376,0.0062105069
997377,0.014209153
997378,0.0065551759
997379,0.013915535
997380,0.0065192729
997381,0.0099255694
997382,0.0062385108
997383,0.026593806
997384,0.0058320886
997385,0.0089369826
997386,0.0063749426
997387,0.010518152
997388,0.0063347314
997389,0.0010894496
997390,0.0066571403
997391,0.0084609091
997392,0.029425409
997393,0.0092737535
997394,0.01462546
997395,0.030074453
997396,0.0060101678
997397,0.0070657171
997398,0.008532715
997399,0.0065192729
997400,0.010635914
997401,0.0075934916
997402,0.0063534006
997403,0.0071116728
997404,0.0087682391
997405,0.0063936124
997406,0.013243193
997407,0.020694509
997408,0.011741728
997409,0.009354176
997410,0.0086978693
997411,0.0089371921
997412,0.0057911593
997413,0.0051312754
997414,0.009076287
997415,0.009588982
997416,0.0088328645
997417,0.012752757
997418,0.0063878675
997419,0.0065487134
997420,0.0078469673
997421,0.0058967141
997422,0.0095178941
997423,0.011678538
997424,0.0064632641
997425,0.020812269
997426,0.006211943
997427,0.0093139652
997428,0.0091969213
997429,0.0061243395
997430,0.009369256
997431,0.0068165497
997432,0.020876896
997433,0.0097914748
997434,0.0087639308
997435,0.0058536306
997436,0.0063304226
997437,0.012410242
997438,0.0060633044
997439,0.0091021368
997440,0.005632468
997441,0.0075281481
997442,0.0083977198
997443,0.0060597141
997444,0.015277824
997445,0.0064129997
997446,0.0062392289
997447,0.011818561
997448,0.008165068
997449,0.012093578
997450,0.012757066
997451,0.0062844669
997452,0.0088120401
997453,0.012059111
997454,0.006379969
997455,0.011908318
997456,0.014972283
997457,0.0059979609
997458,0.0054143239
997459,0.025259435
997460,0.0060094497
997461,0.020361328
997462,0.029124541
997463,0.0063972026
997464,0.0064826515
997465,0.0058608111
997466,0.0061580883
997467,0.0060841278
997468,0.011446605
997469,0.0057574105
997470,0.0064855241
997471,0.0090159699
997472,0.0063972026
997473,0.0094590131
997474,0.01187026
997475,0.012465533
997476,0.0063304226
997477,0.0062614889
997478,0.006049661
997479,0.0084853228
997480,0.0088508157
997481,0.009501379
997482,0.0095374314
997483,0.0064086914
997484,0.0071327318
997485,0.0060353
997486,0.013625992
997487,0.022109088
997488,0.020559512
997489,0.0060618683
997490,0.0092033837
997491,0.0062471279
997492,0.0065027573
997493,0.007856302
997494,0.0084261689
997495,0.0062356386
997496,0.0062607708
997497,0.011557904
997498,0.0028184266
997499,0.010994945
997500,0.026382267
997501,0.0064079734
997502,0.0057301242
997503,0.013511471
997504,0.01746539
997505,0.0063261143
997506,0.0020637931
997507,0.0064776251
997508,0.019472137
997509,0.0070032454
997510,0.020555923
997511,0.008870203
997512,0.0062248679
997513,0.012212776
997514,0.01231115
997515,0.0099149812
997516,0.012258732
997517,0.0084910672
997518,0.0093828989
997519,0.0063684802
997520,0.006204044
997521,0.012085679
997522,0.0082062455
997523,0.009001608
997524,0.0088924635
997525,0.012668027
997526,0.0065156827
997527,0.0061753215
997528,0.0089635514
997529,0.0053353985
997530,0.0064704446
997531,0.0066061579
997532,0.0057885945
997533,0.008134909
997534,0.0089894012
997535,0.0062657972
997536,0.0063045728
997537,0.005505553
997538,0.0090418197
997539,0.0083524818
997540,0.03067356
997541,0.0061825025
997542,0.015728401
997543,0.0063174977
997544,0.0072531309
997545,0.0063239601
997546,0.0088321464
997547,0.0062464098
997548,0.0061279298
997549,0.011891085
997550,0.007813218
997551,0.015039062
997552,0.011971507
997553,0.0059390799
997554,0.0059060492
997555,0.0055122739
997556,0.0060518151
997557,0.0060087317
997558,0.006248564
997559,0.0028274674
997560,0.0091222422
997561,0.0094202375
997562,0.006556612
997563,0.023448989
997564,0.014523495
997565,0.0059929341
997566,0.006321806
997567,0.0061810664
997568,0.013220801
997569,0.010305607
997570,0.0061049517
997571,0.0060230927
997572,0.0061071059
997573,0.01758028
997574,0.0063627353
997575,0.0091287056
997576,0.017715992
997577,0.0092873964
997578,0.0060446346
997579,0.005859375
997580,0.014476103
997581,0.0059311809
997582,0.0085485121
997583,0.01018693
997584,0.0079395967
997585,0.0054855985
997586,0.0088185025
997587,0.0062162513
997588,0.015214987
997589,0.0062155332
997590,0.0012844305
997591,0.0066571403
997592,0.0059857536
997593,0.0064955768
997594,0.0062399469
997595,0.0090475641
997596,0.014708037
997597,0.0074649588
997598,0.0087194107
997599,0.011898265
997600,0.009281652
997601,0.0059857536
997602,0.0090202782
997603,0.0062385108
997604,0.00870864
997605,0.024748679
997606,0.0079618562
997607,0.014786305
997608,0.0059599034
997609,0.014855239
997610,0.0080221733
997611,0.0060589961
997612,0.0063534006
997613,0.021276856
997614,0.0058794268
997615,0.0061372644
997616,0.0071949679
997617,0.0066442154
997618,0.0063095991
997619,0.017303107
997620,0.01172234
997621,0.0061695771
997622,0.0062083523
997623,0.012301098
997624,0.014545755
997625,0.0090590529
997626,0.015016085
997627,0.0064194622
997628,0.012917194
997629,0.015112305
997630,0.014636949
997631,0.0099329334
997632,0.0063993568
997633,0.0092550842
997634,0.006307445
997635,0.0061286478
997636,0.0014473137
997637,0.006402229
997638,0.0063419119
997639,0.0065314798
997640,0.011975097
997641,0.0040543438
997642,0.0063569909
997643,0.006190401
997644,0.014444509
997645,0.014537138
997646,0.0055377437
997647,0.012454044
997648,0.0089506265
997649,0.0071712718
997650,0.009486299
997651,0.0068330653
997652,0.0060905907
997653,0.010982623
997654,0.012765682
997655,0.0094216736
997656,0.012088551
997657,0.019951243
997658,0.0079460591
997659,0.0091287056
997660,0.0061968635
997661,0.012580423
997662,0.0060546873
997663,0.0062072184
997664,0.011768296
997665,0.0089570889
997666,0.0060051414
997667,0.0092041017
997668,0.0034603253
997669,0.012009565
997670,0.008198902
997671,0.0061724493
997672,0.0055098953
997673,0.0087904986
997674,0.0061121322
997675,0.0088343006
997676,0.0086397063
997677,0.0091875866
997678,0.0061437269
997679,0.006049661
997680,0.0082146144
997681,0.0055927904
997682,0.0088788196
997683,0.0065386603
997684,0.0060884366
997685,0.0119593
997686,0.0066600125
997687,0.014117072
997688,0.0064072553
997689,0.0063153435
997690,0.0093211457
997691,0.0083911344
997692,0.0089046704
997693,0.0062823128
997694,0.006204762
997695,0.0083223227
997696,0.012304688
997697,0.0061121322
997698,0.0062298942
997699,0.0093778726
997700,0.0063526826
997701,0.0064402861
997702,0.011938477
997703,0.014148127
997704,0.01157083
997705,0.010745778
997706,0.009750546
997707,0.0065738452
997708,0.0092873964
997709,0.0062227137
997710,0.0089513445
997711,0.0062844669
997712,0.0062844669
997713,0.0062586167
997714,0.0063318587
997715,0.0093592023
997716,0.0091567095
997717,0.0093340706
997718,0.0071482938
997719,0.012550265
997720,0.006130802
997721,0.0064682905
997722,0.0088608684
997723,0.014764763
997724,0.0018542634
997725,0.0022142101
997726,0.0062313303
997727,0.011126244
997728,0.0060180663
997729,0.0062959557
997730,0.0063907397
997731,0.009222771
997732,0.0099264709
997733,0.00696088
997734,0.025055796
997735,0.0064129997
997736,0.0065156827
997737,0.0095243566
997738,0.0097893206
997739,0.016871553
997740,0.0063340133
997741,0.0063131894
997742,0.008987247
997743,0.022967171
997744,0.0093649467
997745,0.0041757408
997746,0.012224264
997747,0.026156077
997748,0.0059735468
997749,0.0073371436
997750,0.02068661
997751,0.0062033259
997752,0.011654125
997753,0.011743882
997754,0.026380831
997755,0.01032284
997756,0.0066808364
997757,0.0061135683
997758,0.011799891
997759,0.0098460475
997760,0.008885283
997761,0.0074613681
997762,0.012151022
997763,0.014789177
997764,0.0060891546
997765,0.0061710132
997766,0.010522461
997767,0.0080817724
997768,0.01198874
997769,0.005701195
997770,0.0068265568
997771,0.0063081631
997772,0.007233025
997773,0.0092041017
997774,0.0063038548
997775,0.0088012693
997776,0.01841682
997777,0.0065487134
997778,0.0062069162
997779,0.0051039886
997780,0.0090159699
997781,0.0065300437
997782,0.015770048
997783,0.0062112249
997784,0.0077744429
997785,0.008958525
997786,0.0027055177
997787,0.020219153
997788,0.0093663828
997789,0.0066779642
997790,0.0061695771
997791,0.0016678044
997792,0.0080932453
997793,0.0062830308
997794,0.011822151
997795,0.0062672333
997796,0.0095344093
997797,0.012116556
997798,0.011657715
997799,0.0054700174
997800,0.0089262119
997801,0.0052697402
997802,0.0061128503
997803,0.013549805
997804,0.019312616
997805,0.0061243395
997806,0.0061925552
997807,0.012212058
997808,0.0063462202
997809,0.0069702147
997810,0.0065142461
997811,0.0062385108
997812,0.0066916072
997813,0.0080489712
997814,0.0093405331
997815,0.006344066
997816,0.0065198112
997817,0.0089613972
997818,0.0083473641
997819,0.012545956
997820,0.013697007
997821,0.0076171877
997822,0.0088579962
997823,0.02130845
997824,0.0062780045
997825,0.012005975
997826,0.0066004135
997827,0.0091847135
997828,0.0090568988
997829,0.015169092
997830,0.011846565
997831,0.017681526
997832,0.01210004
997833,0.0090992646
997834,0.0083424291
997835,0.024172794
997836,0.0062787225
997837,0.012023926
997838,0.022169897
997839,0.0063146255
997840,0.0089592431
997841,0.014453125
997842,0.0062105069
997843,0.0062090703
997844,0.0059835995
997845,0.0063426299
997846,0.013756946
997847,0.0062162513
997848,0.0090389475
997849,0.0064524929
997850,0.0063849953
997851,0.0060087317
997852,0.0079963235
997853,0.0066104666
997854,0.0061602425
997855,0.0062212776
997856,0.014878217
997857,0.0062385108
997858,0.0062880572
997859,0.0076613375
997860,0.006240665
997861,0.0083023133
997862,0.006425207
997863,0.0090920841
997864,0.017917767
997865,0.0099020563
997866,0.0090260226
997867,0.0063893036
997868,0.0059792912
997869,0.0021872735
997870,0.0060826917
997871,0.0093175555
997872,0.0020682369
997873,0.012197697
997874,0.0060913088
997875,0.0066564223
997876,0.012844669
997877,0.0090999827
997878,0.017757639
997879,0.014761891
997880,0.012255142
997881,0.023693848
997882,0.0097584445
997883,0.0081198299
997884,0.018779384
997885,0.0062011718
997886,0.006204044
997887,0.011902574
997888,0.0064151539
997889,0.0057457299
997890,0.0065523037
997891,0.009118652
997892,0.0079180552
997893,0.015196318
997894,0.013318589
997895,0.0068000345
997896,0.0062255859
997897,0.0091337319
997898,0.00096650032
997899,0.0062155332
997900,0.01781293
997901,0.0094554229
997902,0.029311955
997903,0.008363937
997904,0.009207692
997905,0.019176528
997906,0.013434501
997907,0.0061229034
997908,0.017829446
997909,0.005917538
997910,0.014748248
997911,0.023366412
997912,0.023782169
997913,0.0059634936
997914,0.0062026079
997915,0.014832261
997916,0.031130802
997917,0.0063907397
997918,0.0062930835
997919,0.0060281195
997920,0.0065278895
997921,0.014925609
997922,0.0073256548
997923,0.0063246782
997924,0.018709071
997925,0.0091911769
997926,0.0060798195
997927,0.011985868
997928,0.0069084615
997929,0.0062315729
997930,0.0060029873
997931,0.0088809747
997932,0.0055722422
997933,0.0060367361
997934,0.0012236701
997935,0.0097110523
997936,0.0063332953
997937,0.012155331
997938,0.011547133
997939,0.0072789812
997940,0.008429314
997941,0.0090547446
997942,0.0089664236
997943,0.0087646488
997944,0.017996754
997945,0.0064180261
997946,0.011741728
997947,0.0060992073
997948,0.01445887
997949,0.0091567095
997950,0.0071540382
997951,0.0062988279
997952,0.02017894
997953,0.019308148
997954,0.015126943
997955,0.0061157225
997956,0.0061408547
997957,0.012014591
997958,0.0087711113
997959,0.017848115
997960,0.016528312
997961,0.026217831
997962,0.006204762
997963,0.0097246952
997964,0.0062241498
997965,0.012014591
997966,0.0028242476
997967,0.014802821
997968,0.0062959557
997969,0.017846679
997970,0.012466969
997971,0.0095200483
997972,0.0065056295
997973,0.0063778148
997974,0.0060891546
997975,0.0061372644
997976,0.0091330139
997977,0.01473245
997978,0.0089068245
997979,0.0063785329
997980,0.0096392464
997981,0.0015341792
997982,0.0064122817
997983,0.0062148152
997984,0.0089750402
997985,0.0077994191
997986,0.0071346508
997987,0.0090274587
997988,0.0059261546
997989,0.0062449737
997990,0.0058794809
997991,0.0049751732
997992,0.0060791015
997993,0.012032542
997994,0.0093405331
997995,0.016603718
997996,0.013847589
997997,0.0092134364
997998,0.008518354
997999,0.0061243395
998000,0.011753217
998001,0.011752499
998002,0.016331488
998003,0.01221852
998004,0.0063548367
998005,0.0091322958
998006,0.013923103
998007,0.0093520219
998008,0.017733945
998009,0.012657973
998010,0.0062291762
998011,0.0062327664
998012,0.024279311
998013,0.0092766257
998014,0.015027573
998015,0.009765625
998016,0.006072639
998017,0.011616067
998018,0.0060317097
998019,0.0063921758
998020,0.0072969324
998021,0.012178309
998022,0.0066004135
998023,0.038706344
998024,0.0093462775
998025,0.0090920841
998026,0.0084688077
998027,0.0060345819
998028,0.006036018
998029,0.006519991
998030,0.011632583
998031,0.0086892517
998032,0.0060489429
998033,0.020058306
998034,0.0061588064
998035,0.012754194
998036,0.0064043831
998037,0.009237132
998038,0.0090490002
998039,0.0079966849
998040,0.02074549
998041,0.0096507352
998042,0.016314317
998043,0.0061501898
998044,0.022001622
998045,0.0072265626
998046,0.00646111
998047,0.018150419
998048,0.022687145
998049,0.0060101678
998050,0.0088673308
998051,0.0088034235
998052,0.014733886
998053,0.032423727
998054,0.010420497
998055,0.0069005629
998056,0.012869801
998057,0.0091516832
998058,0.0059089214
998059,0.0077442843
998060,0.014889706
998061,0.0082153324
998062,0.0089003621
998063,0.0063534006
998064,0.0074290554
998065,0.0063900216
998066,0.020486271
998067,0.0079474952
998068,0.008701073
998069,0.0085822614
998070,0.008605239
998071,0.011971507
998072,0.0062435376
998073,0.0062988279
998074,0.0062571806
998075,0.017945772
998076,0.008234866
998077,0.012519388
998078,0.01190401
998079,0.0041450262
998080,0.0088637406
998081,0.0061875288
998082,0.0060281195
998083,0.0086756088
998084,0.015808454
998085,0.017578125
998086,0.0093785906
998087,0.0092155905
998088,0.014427993
998089,0.0093333526
998090,0.0058644013
998091,0.024242423
998092,0.0061925552
998093,0.014836569
998094,0.011927705
998095,0.01484235
998096,0.00641659
998097,0.014845186
998098,0.0090274587
998099,0.0016383374
998100,0.014822926
998101,0.0056516798
998102,0.017479751
998103,0.0053093405
998104,0.0062894933
998105,0.015654441
998106,0.0089628333
998107,0.0091071632
998108,0.012130199
998109,0.013569809
998110,0.005859375
998111,0.0059390799
998112,0.026145842
998113,0.0082878564
998114,0.0062693874
998115,0.011768296
998116,0.032982863
998117,0.01195212
998118,0.0062744142
998119,0.023129452
998120,0.0095099956
998121,0.0061738854
998122,0.0063411938
998123,0.009383617
998124,0.0094295722
998125,0.0065415325
998126,0.0061738854
998127,0.0060604322
998128,0.0092579564
998129,0.0064187441
998130,0.0019124356
998131,0.0089384187
998132,0.014911965
998133,0.0062133791
998134,0.0062370747
998135,0.011814252
998136,0.0091588637
998137,0.0062449737
998138,0.0092601106
998139,0.0073565315
998140,0.0062535903
998141,0.016691964
998142,0.011077952
998143,0.0090626432
998144,0.008337141
998145,0.010887006
998146,0.011776913
998147,0.0091136256
998148,0.020978861
998149,0.011962891
998150,0.0088357367
998151,0.0069199507
998152,0.0065831803
998153,0.0062456918
998154,0.0056825522
998155,0.0059290268
998156,0.011966481
998157,0.012534467
998158,0.0022890074
998159,0.011937759
998160,0.011582319
998161,0.0061839386
998162,0.006204044
998163,0.002249988
998164,0.0081141545
998165,0.0099587832
998166,0.0094992248
998167,0.012175436
998168,0.017635569
998169,0.0063232421
998170,0.0065142461
998171,0.01181138
998172,0.0075928904
998173,0.0061810664
998174,0.0081980983
998175,0.0058069564
998176,0.0065085017
998177,0.012120864
998178,0.0063088811
998179,0.0090547446
998180,0.0063361675
998181,0.0064137178
998182,0.005940516
998183,0.011697209
998184,0.007055664
998185,0.0062342025
998186,0.0069393381
998187,0.0064517749
998188,0.0064187441
998189,0.0088924635
998190,0.0063210879
998191,0.012428194
998192,0.0092988852
998193,0.0062780045
998194,0.0061006434
998195,0.0070240693
998196,0.0034392574
998197,0.018688247
998198,0.012265194
998199,0.0059749829
998200,0.012051212
998201,0.0061789118
998202,0.01753217
998203,0.013439223
998204,0.012180463
998205,0.0093154013
998206,0.012162511
998207,0.0090547446
998208,0.0061293659
998209,0.034370691
998210,0.0088414811
998211,0.034129728
998212,0.0066865808
998213,0.006424489
998214,0.014455997
998215,0.011779785
998216,0.0062794406
998217,0.0092428764
998218,0.0095473342
998219,0.0064819334
998220,0.006227022
998221,0.0062535903
998222,0.0090468461
998223,0.013763787
998224,0.012150304
998225,0.0091078812
998226,0.0085923141
998227,0.0066578584
998228,0.0060848459
998229,0.006402947
998230,0.0074577779
998231,0.012143842
998232,0.0061925552
998233,0.0078254249
998234,0.012319767
998235,0.0062500001
998236,0.012280991
998237,0.0062758503
998238,0.017957261
998239,0.0089929914
998240,0.011902574
998241,0.0064129997
998242,0.0059304629
998243,0.0092313876
998244,0.0065831803
998245,0.023958094
998246,0.014960794
998247,0.014101083
998248,0.0093319165
998249,0.0088587143
998250,0.0062313303
998251,0.0063541187
998252,0.0064797793
998253,0.0064991671
998254,0.0063713524
998255,0.0037460143
998256,0.0061875288
998257,0.0063684802
998258,0.0063210879
998259,0.012280273
998260,0.011896829
998261,0.0061351103
998262,0.0073816637
998263,0.007481474
998264,0.0065171188
998265,0.011094037
998266,0.0061580883
998267,0.0079510855
998268,0.0090396656
998269,0.026464125
998270,0.012421732
998271,0.0063770968
998272,0.0066061579
998273,0.015561811
998274,0.0091473749
998275,0.0060927449
998276,0.0084236572
998277,0.0056344173
998278,0.0060094497
998279,0.0064338236
998280,0.012080653
998281,0.0061810664
998282,0.0058636833
998283,0.006379969
998284,0.0098948758
998285,0.0052776881
998286,0.0060266829
998287,0.0014933394
998288,0.0089635514
998289,0.015421071
998290,0.014336081
998291,0.0089499084
998292,0.0081176758
998293,0.0086813532
998294,0.0062074126
998295,0.012195542
998296,0.012044749
998297,0.005034646
998298,0.0062550264
998299,0.012915757
998300,0.0088005513
998301,0.028609691
998302,0.005651617
998303,0.0047519021
998304,0.011902574
998305,0.0075985179
998306,0.011845847
998307,0.0089333924
998308,0.011746754
998309,0.006675092
998310,0.0061121322
998311,0.006343348
998312,0.0064287973
998313,0.0092996033
998314,0.026447611
998315,0.0090705426
998316,0.0093821809
998317,0.006227022
998318,0.0066872989
998319,0.010686976
998320,0.0065831803
998321,0.0063677621
998322,0.0063419119
998323,0.0061114142
998324,0.008870203
998325,0.0099544749
998326,0.0015509884
998327,0.016585046
998328,0.0080702836
998329,0.0061465991
998330,0.0061408547
998331,0.0059555951
998332,0.0067670038
998333,0.0093060657
998334,0.0097426474
998335,0.0149213
998336,0.0062219957
998337,0.017591769
998338,0.011856617
998339,0.0060403263
998340,0.0066557042
998341,0.0087775737
998342,0.0054346346
998343,0.0063778148
998344,0.0091983574
998345,0.0097146425
998346,0.021580346
998347,0.015028291
998348,0.0062370747
998349,0.0077823414
998350,0.0064230524
998351,0.014399989
998352,0.0060345819
998353,0.0071576289
998354,0.013813333
998355,0.0053733983
998356,0.0088781016
998357,0.0092263613
998358,0.009076287
998359,0.0062112249
998360,0.0089621153
998361,0.0084774178
998362,0.0090188421
998363,0.0063189338
998364,0.024031335
998365,0.012009565
998366,0.006036018
998367,0.018971575
998368,0.005976419
998369,0.0064043831
998370,0.0067325369
998371,0.020746926
998372,0.0063677621
998373,0.0065645105
998374,0.0064381319
998375,0.013026053
998376,0.016483083
998377,0.020737592
998378,0.012420295
998379,0.0064453124
998380,0.0095293829
998381,0.014809283
998382,0.011927705
998383,0.0065838983
998384,0.0062449737
998385,0.0064072553
998386,0.0059563131
998387,0.017400764
998388,0.011471019
998389,0.0096047791
998390,0.0059879078
998391,0.017872529
998392,0.020473346
998393,0.0061796298
998394,0.026034007
998395,0.010684743
998396,0.0092529301
998397,0.012212058
998398,0.014545036
998399,0.00641659
998400,0.0063878675
998401,0.014820772
998402,0.006226304
998403,0.020455394
998404,0.0064991671
998405,0.012120864
998406,0.017440258
998407,0.0063907397
998408,0.0095293829
998409,0.0064912685
998410,0.0045394525
998411,0.0063124713
998412,0.025382362
998413,0.0091681983
998414,0.014645565
998415,0.0090533085
998416,0.0091107534
998417,0.0065838983
998418,0.01247774
998419,0.015341366
998420,0.0067648496
998421,0.012013155
998422,0.006380687
998423,0.0089456001
998424,0.0079898611
998425,0.0059972429
998426,0.017790671
998427,0.0069084615
998428,0.011903292
998429,0.0082261031
998430,0.0062069162
998431,0.013552249
998432,0.0060439166
998433,0.0062866211
998434,0.0058945599
998435,0.0063361675
998436,0.0088070137
998437,0.0062320484
998438,0.009251494
998439,0.006344066
998440,0.025031686
998441,0.0060668946
998442,0.0091308597
998443,0.007444853
998444,0.0079920152
998445,0.0062191235
998446,0.029217888
998447,0.010671818
998448,0.0057732076
998449,0.012317613
998450,0.0091983574
998451,0.0058722999
998452,0.0095473342
998453,0.014874627
998454,0.0072574392
998455,0.0062054801
998456,0.013430607
998457,0.012040441
998458,0.0016257148
998459,0.011822869
998460,0.0062140971
998461,0.0088953357
998462,0.0095379995
998463,0.0091480929
998464,0.027087457
998465,0.0062988279
998466,0.014729578
998467,0.022784065
998468,0.012188362
998469,0.0092012295
998470,0.0090044811
998471,0.011592371
998472,0.0063534006
998473,0.014978745
998474,0.0061358283
998475,0.0092005115
998476,0.0060144761
998477,0.0060546873
998478,0.026745815
998479,0.0084859459
998480,0.0064230524
998481,0.0070642806
998482,0.0061846566
998483,0.01160386
998484,0.0068373736
998485,0.0061006434
998486,0.0062201004
998487,0.0012582017
998488,0.0062794406
998489,0.0092751896
998490,0.014545755
998491,0.0073759193
998492,0.02076775
998493,0.013929312
998494,0.0063770968
998495,0.0084271599
998496,0.0092715994
998497,0.011954992
998498,0.0062614889
998499,0.0061659869
998500,0.009354176
998501,0.011094801
998502,0.026387293
998503,0.017409381
998504,0.0070815142
998505,0.0060776654
998506,0.0065099378
998507,0.0065185549
998508,0.0061623966
998509,0.0039535514
998510,0.012256578
998511,0.0061006434
998512,0.0087782918
998513,0.0090963924
998514,0.0063541187
998515,0.0027369049
998516,0.0060331458
998517,0.006366326
998518,0.011900419
998519,0.012123737
998520,0.0082146144
998521,0.01184082
998522,0.011776195
998523,0.0061602425
998524,0.0090985466
998525,0.014962948
998526,0.0073414524
998527,0.011880314
998528,0.0087926527
998529,0.0090145338
998530,0.012074908
998531,0.0071432674
998532,0.0054507786
998533,0.011121289
998534,0.015087172
998535,0.0060762293
998536,0.0060611502
998537,0.0067648496
998538,0.0067763384
998539,0.022580136
998540,0.020385742
998541,0.0063605811
998542,0.019707175
998543,0.0084709618
998544,0.0063311406
998545,0.0069544176
998546,0.006050379
998547,0.0202091
998548,0.0053089508
998549,0.011764706
998550,0.0064000748
998551,0.022243584
998552,0.0062815947
998553,0.0090130977
998554,0.0057202098
998555,0.0056283833
998556,0.0062076342
998557,0.012519388
998558,0.00823831
998559,0.0060087317
998560,0.011891085
998561,0.0043841209
998562,0.0061609605
998563,0.008943446
998564,0.01167423
998565,0.01200382
998566,0.0061286478
998567,0.0065616383
998568,0.0053123343
998569,0.017781336
998570,0.015456974
998571,0.012402344
998572,0.0065185549
998573,0.0062112249
998574,0.016628774
998575,0.0061767576
998576,0.0055527817
998577,0.0089757582
998578,0.0063828412
998579,0.010370232
998580,0.023049029
998581,0.0061968635
998582,0.0064998851
998583,0.014478257
998584,0.020609705
998585,0.0081341909
998586,0.018258579
998587,0.0062054801
998588,0.011830502
998589,0.0062464098
998590,0.023759192
998591,0.0095968805
998592,0.010251034
998593,0.0221931
998594,0.0062643611
998595,0.015565401
998596,0.0062880572
998597,0.006204044
998598,0.0061580883
998599,0.0062449737
998600,0.024517201
998601,0.006049661
998602,0.0058905105
998603,0.011549287
998604,0.011960018
998605,0.017333984
998606,0.0088781016
998607,0.0061982996
998608,0.006227022
998609,0.012360697
998610,0.0053998162
998611,0.0060834098
998612,0.011799172
998613,0.006036018
998614,0.010962663
998615,0.0089039523
998616,0.0082741035
998617,0.012018899
998618,0.0063512465
998619,0.0094784005
998620,0.0093075018
998621,0.0059599034
998622,0.0063548367
998623,0.0076495004
998624,0.0092378501
998625,0.00095781859
998626,0.0070980298
998627,0.0064453124
998628,0.026134536
998629,0.026023237
998630,0.0064402861
998631,0.0058823531
998632,0.0064711627
998633,0.0098805148
998634,0.013292476
998635,0.0062686694
998636,0.0089104148
998637,0.0086188819
998638,0.0062614889
998639,0.0068625058
998640,0.0089384187
998641,0.0083400579
998642,0.0061695771
998643,0.0088220937
998644,0.0090568988
998645,0.0063842773
998646,0.01109377
998647,0.0067131491
998648,0.006865378
998649,0.0067504882
998650,0.016865809
998651,0.012178309
998652,0.0080571044
998653,0.0061623966
998654,0.014703728
998655,0.0081025967
998656,0.019222058
998657,0.016206115
998658,0.0090267407
998659,0.020829504
998660,0.0059527229
998661,0.020695226
998662,0.0063699163
998663,0.0063691982
998664,0.011847283
998665,0.0065300437
998666,0.0079813814
998667,0.0055787042
998668,0.0062198415
998669,0.0065063476
998670,0.0062916474
998671,0.011814252
998672,0.0060238107
998673,0.0061688591
998674,0.023097139
998675,0.006733255
998676,0.0091818413
998677,0.01131879
998678,0.022738991
998679,0.0064129997
998680,0.0092766257
998681,0.0062959557
998682,0.011458094
998683,0.020289522
998684,0.011626838
998685,0.028481876
998686,0.0064122817
998687,0.01458094
998688,0.011982996
998689,0.0064051012
998690,0.0089613972
998691,0.0062729781
998692,0.0063993568
998693,0.012005256
998694,0.012209185
998695,0.0062866211
998696,0.0064015109
998697,0.014761173
998698,0.018050609
998699,0.0084056184
998700,0.0070886947
998701,0.021915156
998702,0.0093211457
998703,0.0061753215
998704,0.0092550842
998705,0.0089944275
998706,0.0054005841
998707,0.0092493398
998708,0.0062880572
998709,0.013253964
998710,0.0061020795
998711,0.0061868108
998712,0.012283863
998713,0.011119287
998714,0.011313348
998715,0.0055982643
998716,0.015327005
998717,0.0088644587
998718,0.014880371
998719,0.0064690085
998720,0.0095638502
998721,0.0035904422
998722,0.007313448
998723,0.010236673
998724,0.0061272117
998725,0.0062736962
998726,0.0063936124
998727,0.0061947093
998728,0.0062392289
998729,0.0091222422
998730,0.0056211199
998731,0.0067196116
998732,0.013899061
998733,0.006130802
998734,0.0094525507
998735,0.0063447841
998736,0.017830882
998737,0.0088249659
998738,0.0063383216
998739,0.0062729781
998740,0.0063117533
998741,0.0091796871
998742,0.0062054801
998743,0.011672794
998744,0.006271542
998745,0.012190516
998746,0.0061020795
998747,0.012201287
998748,0.013111788
998749,0.0063232421
998750,0.0059555951
998751,0.0089448821
998752,0.0099895103
998753,0.017532887
998754,0.0037559692
998755,0.0092256432
998756,0.002056231
998757,0.0052298033
998758,0.0065178368
998759,0.0078699449
998760,0.0060317097
998761,0.0061006434
998762,0.015191291
998763,0.0090238685
998764,0.0071482938
998765,0.0063763787
998766,0.0064417222
998767,0.0091681983
998768,0.023736212
998769,0.0062306123
998770,0.0063210879
998771,0.0090877758
998772,0.0060238107
998773,0.018903006
998774,0.013556985
998775,0.013504194
998776,0.006262925
998777,0.012191234
998778,0.0062205596
998779,0.01474035
998780,0.0080529386
998781,0.00696088
998782,0.0067964443
998783,0.0089570889
998784,0.012373622
998785,0.02030101
998786,0.014759019
998787,0.0061408547
998788,0.01529182
998789,0.0092435945
998790,0.0033674976
998791,0.0058399872
998792,0.012270221
998793,0.0091107534
998794,0.0090770051
998795,0.0085628731
998796,0.0062140971
998797,0.014845186
998798,0.0054174992
998799,0.0064000748
998800,0.0093972599
998801,0.012047537
998802,0.010517434
998803,0.0062198415
998804,0.020611931
998805,0.0071138269
998806,0.0092443125
998807,0.0059584673
998808,0.0092299515
998809,0.0063648899
998810,0.0090238685
998811,0.0065508676
998812,0.006786169
998813,0.039132152
998814,0.0090324851
998815,0.0061279298
998816,0.006227022
998817,0.014813592
998818,0.02204722
998819,0.023667997
998820,0.011420395
998821,0.0062090703
998822,0.01017851
998823,0.011776195
998824,0.0090475641
998825,0.0061444449
998826,0.00653507
998827,0.0094324453
998828,0.020944394
998829,0.016233915
998830,0.0062435376
998831,0.010061466
998832,0.0036796171
998833,0.011810662
998834,0.0066779642
998835,0.0019185818
998836,0.0062112249
998837,0.0060762293
998838,0.0091954852
998839,0.0096248854
998840,0.0092177447
998841,0.012280273
998842,0.0061013615
998843,0.0045835865
998844,0.015073529
998845,0.0065889247
998846,0.0088601504
998847,0.028894043
998848,0.0082473904
998849,0.014396398
998850,0.0088086585
998851,0.0089908373
998852,0.012956125
998853,0.015222886
998854,0.0066219554
998855,0.011753217
998856,0.009252212
998857,0.019829962
998858,0.011232248
998859,0.01753935
998860,0.01005644
998861,0.0061875288
998862,0.020337632
998863,0.0066614486
998864,0.014361213
998865,0.0064912685
998866,0.0062413835
998867,0.0064266431
998868,0.0056422995
998869,0.0069429288
998870,0.0091796871
998871,0.0066169291
998872,0.0092730355
998873,0.0093520219
998874,0.0061257756
998875,0.020136574
998876,0.0067612594
998877,0.0061020795
998878,0.012245089
998879,0.0076552448
998880,0.0096859206
998881,0.0062614889
998882,0.021162683
998883,0.0045675985
998884,0.0065946691
998885,0.0090073533
998886,0.011926269
998887,0.007100184
998888,0.0091014188
998889,0.010179228
998890,0.001051951
998891,0.0069314395
998892,0.0079496494
998893,0.0074498793
998894,0.009311093
998895,0.0042033684
998896,0.0056535713
998897,0.0087983971
998898,0.006380687
998899,0.0062421015
998900,0.0091014188
998901,0.02926169
998902,0.0073874081
998903,0.0096356561
998904,0.0064905505
998905,0.0065077837
998906,0.0061006434
998907,0.0072150733
998908,0.014746094
998909,0.0061695771
998910,0.0061889649
998911,0.010736939
998912,0.0093915155
998913,0.0065982593
998914,0.017765539
998915,0.011857335
998916,0.0090554627
998917,0.0092486218
998918,0.01006003
998919,0.0081942352
998920,0.0088163484
998921,0.0089362646
998922,0.0061465991
998923,0.0062327664
998924,0.0064661363
998925,0.0088888733
998926,0.009354894
998927,0.0061279298
998928,0.0067576687
998929,0.0092277974
998930,0.035605755
998931,0.011628993
998932,0.0013911234
998933,0.014975155
998934,0.0073823817
998935,0.0095932903
998936,0.008914005
998937,0.0085398955
998938,0.0094381897
998939,0.029148955
998940,0.0015528634
998941,0.0064718807
998942,0.0070125805
998943,0.0064833695
998944,0.0092723174
998945,0.0088235298
998946,0.014603199
998947,0.0061171586
998948,0.0066872989
998949,0.011782657
998950,0.0082150539
998951,0.011925551
998952,0.0091466568
998953,0.01233341
998954,0.012743423
998955,0.034263223
998956,0.0096852025
998957,0.013085937
998958,0.0070757698
998959,0.015514418
998960,0.012281709
998961,0.0089161592
998962,0.0092163086
998963,0.0073306812
998964,0.011671358
998965,0.012123737
998966,0.0063878675
998967,0.006558001
998968,0.0088149123
998969,0.0087890625
998970,0.0066449335
998971,0.014537138
998972,0.0072272806
998973,0.0091516832
998974,0.0062614889
998975,0.012263758
998976,0.0092069739
998977,0.006675092
998978,0.0086404243
998979,0.0060230927
998980,0.011937041
998981,0.0070815142
998982,0.006638471
998983,0.0066980696
998984,0.012223546
998985,0.0062966738
998986,0.0062061981
998987,0.024241729
998988,0.0092041017
998989,0.019447237
998990,0.0062413835
998991,0.011181593
998992,0.0091401944
998993,0.011179486
998994,0.0072990865
998995,0.012089987
998996,0.023047592
998997,0.0075762579
998998,0.017430922
998999,0.012075626
999000,0.0063936124
999001,0.017766258
999002,0.012377212
999003,0.0069048712
999004,0.0089850929
999005,0.007004682
999006,0.0062033259
999007,0.0058134189
999008,0.0058644013
999009,0.0067899814
999010,0.0085495375
999011,0.0091667622
999012,0.0083137061
999013,0.0062650791
999014,0.0086698644
999015,0.020553768
999016,0.0091861505
999017,0.0065379422
999018,0.018562768
999019,0.0062808767
999020,0.0066061579
999021,0.0091904588
999022,0.0090884939
999023,0.017181037
999024,0.012852568
999025,0.0086490409
999026,0.00908993
999027,0.013115378
999028,0.011623966
999029,0.0086985873
999030,0.0063347314
999031,0.004335803
999032,0.012113683
999033,0.006306727
999034,0.017499857
999035,0.009353458
999036,0.0091452207
999037,0.018439798
999038,0.011958582
999039,0.0091610178
999040,0.0091330139
999041,0.0089147231
999042,0.01112635
999043,0.0081335381
999044,0.017773438
999045,0.018030504
999046,0.0066951974
999047,0.00615378
999048,0.017269358
999049,0.013625919
999050,0.0062614889
999051,0.0089621153
999052,0.012225701
999053,0.0063648899
999054,0.0080993157
999055,0.0063031367
999056,0.0087136663
999057,0.014575914
999058,0.0066434974
999059,0.011822151
999060,0.0092033837
999061,0.0018385904
999062,0.007732077
999063,0.009619141
999064,0.0079482133
999065,0.0078881718
999066,0.010381721
999067,0.012978218
999068,0.0062600528
999069,0.01160386
999070,0.021919236
999071,0.030063931
999072,0.014907657
999073,0.014971565
999074,0.017293055
999075,0.010018382
999076,0.0083076609
999077,0.0090123797
999078,0.012125668
999079,0.0084277792
999080,0.0018279668
999081,0.0093355067
999082,0.0089836568
999083,0.009765625
999084,0.011868106
999085,0.0093197096
999086,0.020738309
999087,0.0071971221
999088,0.0081858914
999089,0.006996783
999090,0.011898265
999091,0.012373622
999092,0.023729032
999093,0.010870304
999094,0.012178309
999095,0.019312497
999096,0.011839384
999097,0.0072279987
999098,0.0082006659
999099,0.0091559915
999100,0.0089039523
999101,0.011898265
999102,0.012060547
999103,0.0076839672
999104,0.0075224033
999105,0.015696088
999106,0.012203441
999107,0.016958253
999108,0.0071224435
999109,0.0063275504
999110,0.0076825311
999111,0.012337
999112,0.0066786823
999113,0.011920525
999114,0.0091129076
999115,0.0091567095
999116,0.0091617359
999117,0.0075015798
999118,0.006380687
999119,0.0081923539
999120,0.0070750518
999121,0.0064912685
999122,0.011721622
999123,0.0064280792
999124,0.0082469266
999125,0.014671415
999126,0.0080053192
999127,0.012135225
999128,0.012074908
999129,0.0088709211
999130,0.0083365003
999131,0.0065286076
999132,0.0092881145
999133,0.026263786
999134,0.0093807448
999135,0.010358743
999136,0.0062650791
999137,0.010620835
999138,0.011695772
999139,0.0093405331
999140,0.017170984
999141,0.010634478
999142,0.009412339
999143,0.014855957
999144,0.012220674
999145,0.0072437958
999146,0.0061193132
999147,0.012074908
999148,0.02698113
999149,0.0075209672
999150,0.0069788317
999151,0.0024741101
999152,0.0054975599
999153,0.012146714
999154,0.0064345417
999155,0.0087431064
999156,0.028090762
999157,0.0094669117
999158,0.0070255054
999159,0.0063203699
999160,0.011746036
999161,0.015709732
999162,0.0074707032
999163,0.0061494717
999164,0.0063677621
999165,0.016135124
999166,0.012016745
999167,0.011139994
999168,0.01428421
999169,0.0081808651
999170,0.0091911769
999171,0.0064453124
999172,0.0063900216
999173,0.0063146255
999174,0.0066657569
999175,0.009105009
999176,0.002584348
999177,0.011901137
999178,0.01349954
999179,0.007635857
999180,0.007958984
999181,0.0090353573
999182,0.01167782
999183,0.010248162
999184,0.0074649588
999185,0.014650592
999186,0.011594526
999187,0.0090533085
999188,0.013747753
999189,0.011638328
999190,0.0090683885
999191,0.0070075542
999192,0.01103718
999193,0.017579561
999194,0.0061781937
999195,0.0091524012
999196,0.019320156
999197,0.01785386
999198,0.0063131894
999199,0.0091014188
999200,0.014529239
999201,0.0093139652
999202,0.0061659869
999203,0.0082419002
999204,0.0064072553
999205,0.01085261
999206,0.0091825593
999207,0.023077752
999208,0.01760613
999209,0.008372548
999210,0.039017264
999211,0.018011115
999212,0.009251494
999213,0.014234834
999214,0.020400103
999215,0.0063354494
999216,0.014659926
999217,0.0061925552
999218,0.0089154411
999219,0.009031049
999220,0.0063541187
999221,0.0080307908
999222,0.011922679
999223,0.0053113247
999224,0.0096141146
999225,0.0078893322
999226,0.015029009
999227,0.0067009423
999228,0.017566636
999229,0.020519301
999230,0.01920139
999231,0.0092256432
999232,0.013895192
999233,0.013648897
999234,0.0097541362
999235,0.0094324453
999236,0.01814683
999237,0.011523438
999238,0.0062902113
999239,0.0067346911
999240,0.0091940491
999241,0.0063541187
999242,0.0095315371
999243,0.0065975413
999244,0.0074778837
999245,0.0099551929
999246,0.0065027573
999247,0.0095379995
999248,0.0064654183
999249,0.0068050609
999250,0.0073120119
999251,0.011840102
999252,0.01328125
999253,0.016491786
999254,0.0073270909
999255,0.018176269
999256,0.0077450024
999257,0.0092313876
999258,0.02068661
999259,0.0064553656
999260,0.011802763
999261,0.0063620172
999262,0.0063038548
999263,0.014533548
999264,0.006248564
999265,0.0063964846
999266,0.0062054801
999267,0.012854883
999268,0.012167538
999269,0.0088967718
999270,0.013586096
999271,0.0094834268
999272,0.016763782
999273,0.020670813
999274,0.034924317
999275,0.0088737933
999276,0.01221493
999277,0.011960018
999278,0.01040039
999279,0.006424489
999280,0.0060661766
999281,0.018449204
999282,0.0062500001
999283,0.01551011
999284,0.009736903
999285,0.0088414811
999286,0.0067813648
999287,0.011926987
999288,0.039680034
999289,0.011893239
999290,0.010767319
999291,0.0088587143
999292,0.0094216736
999293,0.0060690488
999294,0.0069738054
999295,0.0077521829
999296,0.0061106961
999297,0.014684341
999298,0.017613769
999299,0.0072732363
999300,0.0063534006
999301,0.0065365061
999302,0.0089549348
999303,0.0064582378
999304,0.0096507352
999305,0.013763787
999306,0.009324736
999307,0.020484835
999308,0.014719525
999309,0.0064043831
999310,0.0063936124
999311,0.010426241
999312,0.012098604
999313,0.011761834
999314,0.0063189338
999315,0.0067451489
999316,0.013849287
999317,0.017876837
999318,0.0092026656
999319,0.0069436468
999320,0.010194307
999321,0.015166877
999322,0.013660386
999323,0.016692039
999324,0.0090159699
999325,0.0090145338
999326,0.0060431985
999327,0.0089613972
999328,0.0065214271
999329,0.0090863397
999330,0.0062909294
999331,0.012357824
999332,0.014438046
999333,0.0077213063
999334,0.0095537975
999335,0.0064230524
999336,0.0065422505
999337,0.015360754
999338,0.00688692
999339,0.0063419119
999340,0.029435461
999341,0.011664177
999342,0.011537799
999343,0.0063131894
999344,0.0089771943
999345,0.0092428764
999346,0.0066025676
999347,0.0078405039
999348,0.0063821231
999349,0.0076675382
999350,0.0089843748
999351,0.0091208061
999352,0.008121266
999353,0.0062600528
999354,0.006285185
999355,0.0064007929
999356,0.0088292742
999357,0.020737592
999358,0.011450914
999359,0.01020795
999360,0.0086918995
999361,0.01463264
999362,0.024987793
999363,0.013924063
999364,0.0061925552
999365,0.006240665
999366,0.0063239601
999367,0.020779239
999368,0.033269506
999369,0.0079916595
999370,0.036098152
999371,0.0066858628
999372,0.0064927046
999373,0.0086899698
999374,0.0089312382
999375,0.0091021368
999376,0.0089384187
999377,0.0013067469
999378,0.006307445
999379,0.0061465991
999380,0.0089628333
999381,0.015636489
999382,0.0080702836
999383,0.011882468
999384,0.0097756777
999385,0.0067784926
999386,0.0099501666
999387,0.012023208
999388,0.011883186
999389,0.0062959557
999390,0.008972886
999391,0.0064524929
999392,0.0061796298
999393,0.0095904181
999394,0.00657959
999395,0.0061817844
999396,0.0091660442
999397,0.0195329
999398,0.0095102843
999399,0.0068818936
999400,0.011926269
999401,0.014458152
999402,0.0062018898
999403,0.008898926
999404,0.0083479648
999405,0.0062787225
999406,0.015242992
999407,0.0064316695
999408,0.011845129
999409,0.015428252
999410,0.0061214673
999411,0.0073105758
999412,0.0096076513
999413,0.0086691463
999414,0.0092680091
999415,0.01912052
999416,0.016613051
999417,0.0088465074
999418,0.0058866614
999419,0.00997472
999420,0.0062054801
999421,0.0092191808
999422,0.0067799287
999423,0.0061609605
999424,0.0096550435
999425,0.01200023
999426,0.0055668596
999427,0.0089118509
999428,0.011912626
999429,0.0095616961
999430,0.0062205596
999431,0.0078031654
999432,0.0068714037
999433,0.0091545554
999434,0.010638714
999435,0.0082756495
999436,0.0088809747
999437,0.011131782
999438,0.0063534006
999439,0.0095222024
999440,0.0073766373
999441,0.015387322
999442,0.0066585764
999443,0.0063577089
999444,0.0075687855
999445,0.0064051012
999446,0.014692958
999447,0.0089613972
999448,0.0065142461
999449,0.01185949
999450,0.013501694
999451,0.012274529
999452,0.0089075426
999453,0.0092866784
999454,0.0067540784
999455,0.0064431583
999456,0.0093118111
999457,0.0074793198
999458,0.0080056582
999459,0.0091732247
999460,0.0091667622
999461,0.0084251137
999462,0.011870978
999463,0.0064338236
999464,0.014507698
999465,0.0062184054
999466,0.020615522
999467,0.0078038834
999468,0.018141085
999469,0.013117532
999470,0.017743997
999471,0.012059111
999472,0.0095545156
999473,0.0063332953
999474,0.0097290035
999475,0.017546223
999476,0.0076361247
999477,0.0091100354
999478,0.0063648899
999479,0.0088515338
999480,0.011698645
999481,0.0062392289
999482,0.029566148
999483,0.019870175
999484,0.0089750402
999485,0.0079273898
999486,0.013701683
999487,0.0088630226
999488,0.011822151
999489,0.0091847135
999490,0.0066492418
999491,0.0062212776
999492,0.0064912685
999493,0.014849494
999494,0.020766314
999495,0.0090827495
999496,0.0094956346
999497,0.012040441
999498,0.010509536
999499,0.0091423485
999500,0.005615429
999501,0.011986586
999502,0.0094008502
999503,0.011881032
999504,0.014547191
999505,0.0064043831
999506,0.0068380916
999507,0.0082427384
999508,0.014951459
999509,0.0061731674
999510,0.0065767178
999511,0.020330451
999512,0.0091279875
999513,0.0065846164
999514,0.0061128503
999515,0.0067052506
999516,0.017810777
999517,0.0087890625
999518,0.0068732766
999519,0.0065494315
999520,0.0065006032
999521,0.0062054801
999522,0.015516573
999523,0.023432473
999524,0.012214212
999525,0.0058493223
999526,0.0099974545
999527,0.016704964
999528,0.0064287973
999529,0.0091064451
999530,0.0062794406
999531,0.0066837086
999532,0.022726065
999533,0.0069996552
999534,0.017614027
999535,0.0061171586
999536,0.011800609
999537,0.014986644
999538,0.012005975
999539,0.01493638
999540,0.0063483743
999541,0.0091976393
999542,0.0083818436
999543,0.0082016885
999544,0.011901137
999545,0.0089341104
999546,0.0065896427
999547,0.0096974093
999548,0.0089204675
999549,0.0059714164
999550,0.0055360179
999551,0.011519847
999552,0.0063735065
999553,0.0060604322
999554,0.0089843748
999555,0.01229607
999556,0.017638441
999557,0.0061078239
999558,0.012109375
999559,0.0091452207
999560,0.00804877
999561,0.0090877758
999562,0.0018528749
999563,0.0032036607
999564,0.0061623966
999565,0.0091409124
999566,0.0088465074
999567,0.019405549
999568,0.023651386
999569,0.0063885855
999570,0.013281968
999571,0.0063390397
999572,0.011980124
999573,0.0063476563
999574,0.0080056582
999575,0.0064769071
999576,0.0093750004
999577,0.009339815
999578,0.0077019185
999579,0.009076287
999580,0.007716998
999581,0.0093333526
999582,0.012139534
999583,0.0093620745
999584,0.0067490521
999585,0.0091243964
999586,0.0064517749
999587,0.0091452207
999588,0.0098747704
999589,0.020622702
999590,0.0066061579
999591,0.022511585
999592,0.013269761
999593,0.0094288541
999594,0.0081826653
999595,0.011802045
999596,0.017499138
999597,0.014486155
999598,0.0091509651
999599,0.012097886
999600,0.0098546641
999601,0.0065652286
999602,0.0061889649
999603,0.0092996033
999604,0.012386546
999605,0.0079523064
999606,0.0068495804
999607,0.008723719
999608,0.0062311497
999609,0.010340791
999610,0.0087215649
999611,0.0063756607
999612,0.011974379
999613,0.012161075
999614,0.0019853229
999615,0.0089714499
999616,0.0090367934
999617,0.0063354494
999618,0.0063404758
999619,0.012327665
999620,0.032238051
999621,0.013287713
999622,0.0084027462
999623,0.017134583
999624,0.012465533
999625,0.037232164
999626,0.0094547048
999627,0.010992791
999628,0.0093197096
999629,0.0064804973
999630,0.011896829
999631,0.0081176758
999632,0.0093017574
999633,0.0096787401
999634,0.0096873567
999635,0.0089154411
999636,0.0081341909
999637,0.017784927
999638,0.020651424
999639,0.028492646
999640,0.0090044811
999641,0.0094003212
999642,0.0094094668
999643,0.0081772748
999644,0.0093814628
999645,0.012629969
999646,0.023490636
999647,0.0068093692
999648,0.002780627
999649,0.011151273
999650,0.0064108456
999651,0.009105009
999652,0.0062923655
999653,0.0075183711
999654,0.0066276998
999655,0.026390165
999656,0.0085836975
999657,0.011092644
999658,0.0089894012
999659,0.0091567095
999660,0.0066061579
999661,0.017487649
999662,0.0091222422
999663,0.010862104
999664,0.012237189
999665,0.0066837086
999666,0.0065041934
999667,0.0082524568
999668,0.012008847
999669,0.0063189338
999670,0.0089089787
999671,0.011845847
999672,0.012032542
999673,0.0063304226
999674,0.015916532
999675,0.0016056732
999676,0.0064151539
999677,0.011694336
999678,0.012287454
999679,0.012224264
999680,0.020605469
999681,0.017711684
999682,0.01529182
999683,0.0064223344
999684,0.0068502985
999685,0.0065257354
999686,0.0016425612
999687,0.0092026656
999688,0.015166877
999689,0.014652746
999690,0.0092651369
999691,0.011860926
999692,0.023788631
999693,0.0063713524
999694,0.0040074121
999695,0.017594641
999696,0.0063943304
999697,0.0088953357
999698,0.00641659
999699,0.012492102
999700,0.0062973918
999701,0.0055400329
999702,0.014764045
999703,0.012392291
999704,0.014860983
999705,0.011557904
999706,0.0090504363
999707,0.011835794
999708,0.0090647982
999709,0.0068897922
999710,0.0089743221
999711,0.012547392
999712,0.020284496
999713,0.006843118
999714,0.0061623966
999715,0.0078067556
999716,0.020680146
999717,0.0062342025
999718,0.0088472255
999719,0.0064467485
999720,0.020591108
999721,0.010759421
999722,0.011155791
999723,0.012366441
999724,0.0062284581
999725,0.0066341623
999726,0.009882669
999727,0.0097591626
999728,0.014935662
999729,0.012011001
999730,0.0093929516
999731,0.0093218638
999732,0.0091552734
999733,0.0069145276
999734,0.0089843748
999735,0.011868106
999736,0.013556985
999737,0.0086511951
999738,0.0090626432
999739,0.011028802
999740,0.0062227137
999741,0.017824421
999742,0.0093189916
999743,0.01198156
999744,0.0062923655
999745,0.011929859
999746,0.0095818015
999747,0.012187644
999748,0.008927648
999749,0.012362133
999750,0.0061825025
999751,0.0076889936
999752,0.0065465593
999753,0.017110163
999754,0.012209185
999755,0.0097325938
999756,0.0066219554
999757,0.0062722601
999758,0.0068826117
999759,0.0061430088
999760,0.0083891023
999761,0.0059189741
999762,0.010118193
999763,0.0088651767
999764,0.0063189338
999765,0.03705911
999766,0.014252809
999767,0.015053424
999768,0.011922679
999769,0.0062823128
999770,0.0078929225
999771,0.0071174172
999772,0.006366326
999773,0.009560978
999774,0.026879882
999775,0.017428769
999776,0.0071619372
999777,0.012313304
999778,0.012172564
999779,0.017372759
999780,0.0070283776
999781,0.0094288541
999782,0.012046903
999783,0.005684989
999784,0.0026066827
999785,0.0062708235
999786,0.012018899
999787,0.0084684715
999788,0.0068165497
999789,0.0063203699
999790,0.0062643611
999791,0.0088974899
999792,0.0064015109
999793,0.0064941407
999794,0.006240665
999795,0.0092198988
999796,0.0084357765
999797,0.0090482822
999798,0.0059886258
999799,0.0061351103
999800,0.015349264
999801,0.012113683
999802,0.0096895108
999803,0.0088881552
999804,0.0061746035
999805,0.015083582
999806,0.0091208061
999807,0.0063174977
999808,0.016130514
999809,0.0089161592
999810,0.00646111
999811,0.0096349902
999812,0.0087782918
999813,0.0089039523
999814,0.0091509651
999815,0.011961455
999816,0.014154412
999817,0.010488712
999818,0.0088120401
999819,0.0064682905
999820,0.012013155
999821,0.011953556
999822,0.0090568988
999823,0.0063957665
999824,0.01923286
999825,0.0063957665
999826,0.022970043
999827,0.0070448932
999828,0.006365608
999829,0.010836972
999830,0.008972168
999831,0.01655848
999832,0.013410501
999833,0.006675092
999834,0.011687155
999835,0.015594842
999836,0.00641659
999837,0.0092407223
999838,0.0062241498
999839,0.006167423
999840,0.017581716
999841,0.022103433
999842,0.0068818936
999843,0.020367073
999844,0.0064740349
999845,0.012215648
999846,0.0062543084
999847,0.0082655214
999848,0.0079927333
999849,0.0062578986
999850,0.010352392
999851,0.016043242
999852,0.0075439452
999853,0.031249922
999854,0.0079072844
999855,0.012056239
999856,0.006227022
999857,0.016504291
999858,0.0064898324
999859,0.0061939913
999860,0.01112021
999861,0.0017224198
999862,0.0092881145
999863,0.014971565
999864,0.012095732
999865,0.0090877758
999866,0.0093017574
999867,0.0018856291
999868,0.006476189
999869,0.0063304226
999870,0.011396341
999871,0.0061516259
999872,0.012117274
999873,0.023036823
999874,0.0090813134
999875,0.0064086914
999876,0.0066585764
999877,0.0098230699
999878,0.0088220937
999879,0.0063648899
999880,0.0019525931
999881,0.0067160213
999882,0.0055798534
999883,0.0062765684
999884,0.008869485
999885,0.018454878
999886,0.011845129
999887,0.029000316
999888,0.0090834675
999889,0.014533548
999890,0.003131174
999891,0.0065429686
999892,0.0067325369
999893,0.0062191235
999894,0.0063411938
999895,0.0091969213
999896,0.0094561409
999897,0.010926011
999898,0.0022435198
999899,0.014446674
999900,0.0087431064
999901,0.0090935202
999902,0.0091071632
999903,0.011807071
999904,0.012867647
999905,0.0091839954
999906,0.011994486
999907,0.011855899
999908,0.0089858109
999909,0.008898926
999910,0.0062004537
999911,0.015165441
999912,0.013651052
999913,0.011810662
999914,0.026241526
999915,0.0016239036
999916,0.0065874886
999917,0.0061932732
999918,0.0023161457
999919,0.0069522634
999920,0.01662454
999921,0.011891085
999922,0.0095394356
999923,0.0076258667
999924,0.023216337
999925,0.011707261
999926,0.019001629
999927,0.014247433
999928,0.012385828
999929,0.0065372242
999930,0.0062105069
999931,0.013246783
999932,0.0092141544
999933,0.0062399469
999934,0.0080796182
999935,0.020749081
999936,0.013192928
999937,0.017649932
999938,0.018000344
999939,0.012048339
999940,0.039229091
999941,0.0090719787
999942,0.0064912685
999943,0.011856617
999944,0.012056239
999945,0.0091567095
999946,0.0091552734
999947,0.027354356
999948,0.035659384
999949,0.0062464098
999950,0.017705223
999951,0.010409676
999952,0.015346392
999953,0.011697209
999954,0.0067713121
999955,0.0066399071
999956,0.012927964
999957,0.011672794
999958,0.0060661766
999959,0.0055794627
999960,0.0085556926
999961,0.027238993
999962,0.023984661
999963,0.0084329043
999964,0.0091832774
999965,0.011020773
999966,0.015590533
999967,0.0067289462
999968,0.0065027573
999969,0.0060999254
999970,0.0088371728
999971,0.0019620599
999972,0.0061207493
999973,0.0092457486
999974,0.0022449661
999975,0.0062959557
999976,0.0088465074
999977,0.0063455021
999978,0.0065882066
999979,0.01247774
999980,0.0089269299
999981,0.014404297
999982,0.007246668
999983,0.0053584571
999984,0.0096320659
999985,0.0074692671
999986,0.0087854723
999987,0.0066183652
999988,0.0070463293
999989,0.010295554
999990,0.0091437846
999991,0.016804056
999992,0.0084547373
999993,0.038354494
999994,0.006321806
999995,0.0095983166
999996,0.0094381897
999997,0.017930692
999998,0.0061351103
999999,0.0073529412
