LECROYHDO6104B,11090,Waveform
Segments,1,SegmentSize,10002
Segment,TrigTime,TimeSinceSegment1
#1,04-May-2026 17:14:44,0                 
Time,Ampl
-2.160461e-07,-0.0061612534
-2.159461e-07,-0.0061447381
-2.158461e-07,-0.0061361213
-2.157461e-07,-0.0061397116
-2.156461e-07,-0.0061547909
-2.155461e-07,-0.0061756147
-2.154461e-07,-0.0061935662
-2.153461e-07,-0.006202901
-2.152461e-07,-0.0062043371
-2.151461e-07,-0.006202901
-2.150461e-07,-0.0062050551
-2.149461e-07,-0.0062158261
-2.148461e-07,-0.0062330595
-2.147461e-07,-0.006251011
-2.146461e-07,-0.0062625
-2.145461e-07,-0.0062625
-2.144461e-07,-0.0062524472
-2.143461e-07,-0.0062373679
-2.142461e-07,-0.0062280331
-2.141461e-07,-0.0062294692
-2.140461e-07,-0.0062431124
-2.139461e-07,-0.0062646542
-2.138461e-07,-0.0062854779
-2.137461e-07,-0.0062998392
-2.136461e-07,-0.0063048656
-2.135461e-07,-0.0063019933
-2.134461e-07,-0.0062969669
-2.133461e-07,-0.0062948127
-2.132461e-07,-0.0062969669
-2.131461e-07,-0.0063019933
-2.130461e-07,-0.0063084559
-2.129461e-07,-0.0063127642
-2.128461e-07,-0.0063142004
-2.127461e-07,-0.0063156365
-2.126461e-07,-0.0063199449
-2.125461e-07,-0.0063278435
-2.124461e-07,-0.0063386144
-2.123461e-07,-0.0063486673
-2.122461e-07,-0.0063544118
-2.121461e-07,-0.0063551298
-2.120461e-07,-0.0063522576
-2.119461e-07,-0.0063508215
-2.118461e-07,-0.0063544118
-2.117461e-07,-0.0063644646
-2.116461e-07,-0.0063795439
-2.115461e-07,-0.006393187
-2.114461e-07,-0.0064003676
-2.113461e-07,-0.0063989315
-2.112461e-07,-0.0063910329
-2.111461e-07,-0.0063816981
-2.110461e-07,-0.0063773897
-2.109461e-07,-0.0063816981
-2.108461e-07,-0.0063939051
-2.107461e-07,-0.0064097024
-2.106461e-07,-0.0064233456
-2.105461e-07,-0.0064290901
-2.104461e-07,-0.0064269359
-2.103461e-07,-0.0064197553
-2.102461e-07,-0.0064118566
-2.101461e-07,-0.0064082663
-2.100461e-07,-0.0064104205
-2.099461e-07,-0.006416883
-2.098461e-07,-0.0064233456
-2.097461e-07,-0.0064262178
-2.096461e-07,-0.0064247817
-2.095461e-07,-0.0064190372
-2.094461e-07,-0.0064118566
-2.093461e-07,-0.0064061121
-2.092461e-07,-0.0064025218
-2.091461e-07,-0.0064010857
-2.090461e-07,-0.0064003676
-2.089461e-07,-0.0063996496
-2.088461e-07,-0.0063982135
-2.087461e-07,-0.0063982135
-2.086461e-07,-0.0064003676
-2.085461e-07,-0.006403958
-2.084461e-07,-0.0064068302
-2.083461e-07,-0.0064061121
-2.082461e-07,-0.0064003676
-2.081461e-07,-0.0063895967
-2.080461e-07,-0.0063766716
-2.079461e-07,-0.0063673369
-2.078461e-07,-0.0063659007
-2.077461e-07,-0.0063752355
-2.076461e-07,-0.0063953412
-2.075461e-07,-0.0064204733
-2.074461e-07,-0.0064463235
-2.073461e-07,-0.0064664292
-2.072461e-07,-0.0064786363
-2.071461e-07,-0.0064829446
-2.070461e-07,-0.0064807904
-2.069461e-07,-0.006475046
-2.068461e-07,-0.0064664292
-2.067461e-07,-0.0064570944
-2.066461e-07,-0.0064463235
-2.065461e-07,-0.0064362707
-2.064461e-07,-0.006427654
-2.063461e-07,-0.0064226275
-2.062461e-07,-0.0064233456
-2.061461e-07,-0.0064290901
-2.060461e-07,-0.0064369887
-2.059461e-07,-0.0064441693
-2.058461e-07,-0.0064463235
-2.057461e-07,-0.0064427332
-2.056461e-07,-0.0064333984
-2.055461e-07,-0.0064219095
-2.054461e-07,-0.0064118566
-2.053461e-07,-0.0064061121
-2.052461e-07,-0.006404676
-2.051461e-07,-0.0064075483
-2.050461e-07,-0.0064118566
-2.049461e-07,-0.006416165
-2.048461e-07,-0.0064190372
-2.047461e-07,-0.0064211914
-2.046461e-07,-0.0064233456
-2.045461e-07,-0.0064247817
-2.044461e-07,-0.0064254998
-2.043461e-07,-0.0064254998
-2.042461e-07,-0.0064233456
-2.041461e-07,-0.0064211914
-2.040461e-07,-0.0064219095
-2.039461e-07,-0.0064262178
-2.038461e-07,-0.0064348346
-2.037461e-07,-0.0064463235
-2.036461e-07,-0.0064563764
-2.035461e-07,-0.0064606847
-2.034461e-07,-0.0064578125
-2.033461e-07,-0.0064484777
-2.032461e-07,-0.0064362707
-2.031461e-07,-0.0064262178
-2.030461e-07,-0.0064233456
-2.029461e-07,-0.006428372
-2.028461e-07,-0.0064391429
-2.027461e-07,-0.0064506319
-2.026461e-07,-0.0064578125
-2.025461e-07,-0.0064570944
-2.024461e-07,-0.0064484777
-2.023461e-07,-0.0064362707
-2.022461e-07,-0.0064233456
-2.021461e-07,-0.0064132927
-2.020461e-07,-0.0064075483
-2.019461e-07,-0.006403958
-2.018461e-07,-0.0064003676
-2.017461e-07,-0.0063946232
-2.016461e-07,-0.0063860064
-2.015461e-07,-0.0063759536
-2.014461e-07,-0.0063659007
-2.013461e-07,-0.006357284
-2.012461e-07,-0.0063501034
-2.011461e-07,-0.006345795
-2.010461e-07,-0.0063429228
-2.009461e-07,-0.0063429228
-2.008461e-07,-0.0063465131
-2.007461e-07,-0.0063544118
-2.006461e-07,-0.0063659007
-2.005461e-07,-0.0063773897
-2.004461e-07,-0.0063867245
-2.003461e-07,-0.0063903148
-2.002461e-07,-0.0063888787
-2.001461e-07,-0.0063852884
-2.000461e-07,-0.0063831342
-1.999461e-07,-0.0063881606
-1.998461e-07,-0.0064003676
-1.997461e-07,-0.0064183192
-1.996461e-07,-0.0064384249
-1.995461e-07,-0.0064563764
-1.994461e-07,-0.0064693015
-1.993461e-07,-0.0064800724
-1.992461e-07,-0.0064915614
-1.991461e-07,-0.0065066406
-1.990461e-07,-0.0065267463
-1.989461e-07,-0.006546852
-1.988461e-07,-0.0065619313
-1.987461e-07,-0.0065662397
-1.986461e-07,-0.0065612132
-1.985461e-07,-0.0065511604
-1.984461e-07,-0.0065454159
-1.983461e-07,-0.0065518784
-1.982461e-07,-0.0065727022
-1.981461e-07,-0.0066035788
-1.980461e-07,-0.0066330193
-1.979461e-07,-0.0066516889
-1.978461e-07,-0.006653125
-1.977461e-07,-0.0066401999
-1.976461e-07,-0.0066222484
-1.975461e-07,-0.0066121955
-1.974461e-07,-0.0066186581
-1.973461e-07,-0.006640918
-1.972461e-07,-0.0066703585
-1.971461e-07,-0.0066933364
-1.970461e-07,-0.0066990809
-1.969461e-07,-0.0066854377
-1.968461e-07,-0.0066588695
-1.967461e-07,-0.0066330193
-1.966461e-07,-0.0066186581
-1.965461e-07,-0.0066222484
-1.964461e-07,-0.0066401999
-1.963461e-07,-0.0066617417
-1.962461e-07,-0.0066761029
-1.961461e-07,-0.006676821
-1.960461e-07,-0.0066638959
-1.959461e-07,-0.0066452263
-1.958461e-07,-0.0066301471
-1.957461e-07,-0.0066236845
-1.956461e-07,-0.0066251206
-1.955461e-07,-0.0066301471
-1.954461e-07,-0.0066301471
-1.953461e-07,-0.0066222484
-1.952461e-07,-0.0066086052
-1.951461e-07,-0.006593526
-1.950461e-07,-0.0065841912
-1.949461e-07,-0.0065834731
-1.948461e-07,-0.0065899357
-1.947461e-07,-0.0065992705
-1.946461e-07,-0.0066071691
-1.945461e-07,-0.0066129136
-1.944461e-07,-0.0066193761
-1.943461e-07,-0.0066323012
-1.942461e-07,-0.006653125
-1.941461e-07,-0.0066796932
-1.940461e-07,-0.0067041073
-1.939461e-07,-0.0067163143
-1.938461e-07,-0.0067105699
-1.937461e-07,-0.0066897461
-1.936461e-07,-0.0066624598
-1.935461e-07,-0.0066430722
-1.934461e-07,-0.006641636
-1.933461e-07,-0.0066595875
-1.932461e-07,-0.0066904642
-1.931461e-07,-0.0067191866
-1.930461e-07,-0.0067335478
-1.929461e-07,-0.0067278033
-1.928461e-07,-0.0067055434
-1.927461e-07,-0.006676821
-1.926461e-07,-0.006653125
-1.925461e-07,-0.006640918
-1.924461e-07,-0.0066366096
-1.923461e-07,-0.0066323012
-1.922461e-07,-0.0066186581
-1.921461e-07,-0.0065913718
-1.920461e-07,-0.0065540326
-1.919461e-07,-0.0065174115
-1.918461e-07,-0.0064922794
-1.917461e-07,-0.0064843807
-1.916461e-07,-0.0064908433
-1.915461e-07,-0.0065008961
-1.914461e-07,-0.0065037684
-1.913461e-07,-0.0064908433
-1.912461e-07,-0.006463557
-1.911461e-07,-0.0064298081
-1.910461e-07,-0.0064003676
-1.909461e-07,-0.0063831342
-1.908461e-07,-0.0063795439
-1.907461e-07,-0.0063845703
-1.906461e-07,-0.0063888787
-1.905461e-07,-0.0063867245
-1.904461e-07,-0.0063773897
-1.903461e-07,-0.0063644646
-1.902461e-07,-0.0063544118
-1.901461e-07,-0.0063508215
-1.900461e-07,-0.0063529756
-1.899461e-07,-0.0063565659
-1.898461e-07,-0.0063544118
-1.897461e-07,-0.006345077
-1.896461e-07,-0.0063299977
-1.895461e-07,-0.0063156365
-1.894461e-07,-0.0063084559
-1.893461e-07,-0.0063113281
-1.892461e-07,-0.0063228171
-1.891461e-07,-0.0063357422
-1.890461e-07,-0.0063429228
-1.889461e-07,-0.0063414867
-1.888461e-07,-0.0063328699
-1.887461e-07,-0.0063235352
-1.886461e-07,-0.0063199449
-1.885461e-07,-0.0063242532
-1.884461e-07,-0.0063350241
-1.883461e-07,-0.0063472312
-1.882461e-07,-0.0063544118
-1.881461e-07,-0.0063558479
-1.880461e-07,-0.0063544118
-1.879461e-07,-0.0063558479
-1.878461e-07,-0.0063659007
-1.877461e-07,-0.0063845703
-1.876461e-07,-0.0064082663
-1.875461e-07,-0.0064269359
-1.874461e-07,-0.0064348346
-1.873461e-07,-0.0064305262
-1.872461e-07,-0.0064190372
-1.871461e-07,-0.0064097024
-1.870461e-07,-0.0064118566
-1.869461e-07,-0.006427654
-1.868461e-07,-0.0064535041
-1.867461e-07,-0.0064779182
-1.866461e-07,-0.0064922794
-1.865461e-07,-0.0064901252
-1.864461e-07,-0.0064743279
-1.863461e-07,-0.006452068
-1.862461e-07,-0.0064348346
-1.861461e-07,-0.0064290901
-1.860461e-07,-0.0064348346
-1.859461e-07,-0.0064470416
-1.858461e-07,-0.0064578125
-1.857461e-07,-0.0064621209
-1.856461e-07,-0.0064606847
-1.855461e-07,-0.0064570944
-1.854461e-07,-0.0064578125
-1.853461e-07,-0.0064664292
-1.852461e-07,-0.0064829446
-1.851461e-07,-0.0065008961
-1.850461e-07,-0.0065152574
-1.849461e-07,-0.006522438
-1.848461e-07,-0.0065238741
-1.847461e-07,-0.0065238741
-1.846461e-07,-0.0065267463
-1.845461e-07,-0.0065353631
-1.844461e-07,-0.006546134
-1.843461e-07,-0.0065525965
-1.842461e-07,-0.0065497243
-1.841461e-07,-0.0065353631
-1.840461e-07,-0.0065131032
-1.839461e-07,-0.0064922794
-1.838461e-07,-0.0064807904
-1.837461e-07,-0.0064829446
-1.836461e-07,-0.0064965878
-1.835461e-07,-0.0065145393
-1.834461e-07,-0.0065267463
-1.833461e-07,-0.0065281824
-1.832461e-07,-0.0065188477
-1.831461e-07,-0.0065044864
-1.830461e-07,-0.0064922794
-1.829461e-07,-0.0064886891
-1.828461e-07,-0.0064929975
-1.827461e-07,-0.0065001781
-1.826461e-07,-0.0065037684
-1.825461e-07,-0.0064980239
-1.824461e-07,-0.0064822266
-1.823461e-07,-0.0064628389
-1.822461e-07,-0.0064463235
-1.821461e-07,-0.006440579
-1.820461e-07,-0.0064470416
-1.819461e-07,-0.0064628389
-1.818461e-07,-0.0064807904
-1.817461e-07,-0.0064944336
-1.816461e-07,-0.0065001781
-1.815461e-07,-0.0064980239
-1.814461e-07,-0.0064922794
-1.813461e-07,-0.006487253
-1.812461e-07,-0.0064850988
-1.811461e-07,-0.006487971
-1.810461e-07,-0.0064922794
-1.809461e-07,-0.0064965878
-1.808461e-07,-0.00649946
-1.807461e-07,-0.0065016142
-1.806461e-07,-0.0065037684
-1.805461e-07,-0.0065080767
-1.804461e-07,-0.0065145393
-1.803461e-07,-0.0065210018
-1.802461e-07,-0.0065267463
-1.801461e-07,-0.0065303366
-1.800461e-07,-0.0065324908
-1.799461e-07,-0.006534645
-1.798461e-07,-0.0065382353
-1.797461e-07,-0.0065425437
-1.796461e-07,-0.0065475701
-1.795461e-07,-0.0065497243
-1.794461e-07,-0.0065497243
-1.793461e-07,-0.0065475701
-1.792461e-07,-0.0065446978
-1.791461e-07,-0.0065454159
-1.790461e-07,-0.0065497243
-1.789461e-07,-0.006558341
-1.788461e-07,-0.0065676758
-1.787461e-07,-0.0065770106
-1.786461e-07,-0.0065841912
-1.785461e-07,-0.0065906537
-1.784461e-07,-0.0065978343
-1.783461e-07,-0.0066078872
-1.782461e-07,-0.0066186581
-1.781461e-07,-0.0066265568
-1.780461e-07,-0.0066272748
-1.779461e-07,-0.0066165039
-1.778461e-07,-0.0065956801
-1.777461e-07,-0.0065719841
-1.776461e-07,-0.0065533146
-1.775461e-07,-0.0065490062
-1.774461e-07,-0.0065612132
-1.773461e-07,-0.0065856273
-1.772461e-07,-0.0066129136
-1.771461e-07,-0.0066337374
-1.770461e-07,-0.006641636
-1.769461e-07,-0.0066380457
-1.768461e-07,-0.0066301471
-1.767461e-07,-0.0066258387
-1.766461e-07,-0.0066301471
-1.765461e-07,-0.006640918
-1.764461e-07,-0.0066509708
-1.763461e-07,-0.0066524069
-1.762461e-07,-0.006641636
-1.761461e-07,-0.0066222484
-1.760461e-07,-0.006605733
-1.759461e-07,-0.0066021427
-1.758461e-07,-0.0066186581
-1.757461e-07,-0.0066516889
-1.756461e-07,-0.0066897461
-1.755461e-07,-0.0067170324
-1.754461e-07,-0.0067220588
-1.753461e-07,-0.0067026712
-1.752461e-07,-0.0066667682
-1.751461e-07,-0.0066308651
-1.750461e-07,-0.0066071691
-1.749461e-07,-0.0066014246
-1.748461e-07,-0.0066086052
-1.747461e-07,-0.0066186581
-1.746461e-07,-0.0066186581
-1.745461e-07,-0.0066050149
-1.744461e-07,-0.0065813189
-1.743461e-07,-0.0065590591
-1.742461e-07,-0.0065497243
-1.741461e-07,-0.0065569049
-1.740461e-07,-0.0065770106
-1.739461e-07,-0.0065978343
-1.738461e-07,-0.0066071691
-1.737461e-07,-0.0065992705
-1.736461e-07,-0.0065755744
-1.735461e-07,-0.0065475701
-1.734461e-07,-0.0065267463
-1.733461e-07,-0.0065202838
-1.732461e-07,-0.0065281824
-1.731461e-07,-0.0065411075
-1.730461e-07,-0.0065497243
-1.729461e-07,-0.0065475701
-1.728461e-07,-0.0065353631
-1.727461e-07,-0.0065217199
-1.726461e-07,-0.0065152574
-1.725461e-07,-0.006523156
-1.724461e-07,-0.0065446978
-1.723461e-07,-0.0065719841
-1.722461e-07,-0.0065956801
-1.721461e-07,-0.0066086052
-1.720461e-07,-0.0066107594
-1.719461e-07,-0.0066078872
-1.718461e-07,-0.0066071691
-1.717461e-07,-0.0066150678
-1.716461e-07,-0.0066308651
-1.715461e-07,-0.0066495347
-1.714461e-07,-0.006664614
-1.713461e-07,-0.0066710765
-1.712461e-07,-0.0066710765
-1.711461e-07,-0.0066703585
-1.710461e-07,-0.0066761029
-1.709461e-07,-0.0066926183
-1.708461e-07,-0.0067177505
-1.707461e-07,-0.0067457548
-1.706461e-07,-0.0067680147
-1.705461e-07,-0.0067787856
-1.704461e-07,-0.0067780676
-1.703461e-07,-0.0067687328
-1.702461e-07,-0.0067565257
-1.701461e-07,-0.0067457548
-1.700461e-07,-0.00673642
-1.699461e-07,-0.0067256491
-1.698461e-07,-0.0067105699
-1.697461e-07,-0.0066911822
-1.696461e-07,-0.0066717946
-1.695461e-07,-0.0066574334
-1.694461e-07,-0.006653125
-1.693461e-07,-0.0066588695
-1.692461e-07,-0.0066703585
-1.691461e-07,-0.0066782571
-1.690461e-07,-0.0066761029
-1.689461e-07,-0.0066624598
-1.688461e-07,-0.006641636
-1.687461e-07,-0.0066208123
-1.686461e-07,-0.0066071691
-1.685461e-07,-0.0066035788
-1.684461e-07,-0.0066050149
-1.683461e-07,-0.0066050149
-1.682461e-07,-0.0065956801
-1.681461e-07,-0.0065755744
-1.680461e-07,-0.0065497243
-1.679461e-07,-0.0065267463
-1.678461e-07,-0.0065152574
-1.677461e-07,-0.0065181296
-1.676461e-07,-0.0065310547
-1.675461e-07,-0.0065446978
-1.674461e-07,-0.0065497243
-1.673461e-07,-0.0065411075
-1.672461e-07,-0.0065217199
-1.671461e-07,-0.006498742
-1.670461e-07,-0.0064807904
-1.669461e-07,-0.0064743279
-1.668461e-07,-0.0064779182
-1.667461e-07,-0.0064858169
-1.666461e-07,-0.0064922794
-1.665461e-07,-0.0064922794
-1.664461e-07,-0.0064886891
-1.663461e-07,-0.0064865349
-1.662461e-07,-0.0064922794
-1.661461e-07,-0.0065087948
-1.660461e-07,-0.0065324908
-1.659461e-07,-0.0065561868
-1.658461e-07,-0.0065727022
-1.657461e-07,-0.0065784467
-1.656461e-07,-0.0065755744
-1.655461e-07,-0.0065712661
-1.654461e-07,-0.0065727022
-1.653461e-07,-0.0065834731
-1.652461e-07,-0.0066014246
-1.651461e-07,-0.0066193761
-1.650461e-07,-0.0066301471
-1.649461e-07,-0.0066287109
-1.648461e-07,-0.0066157858
-1.647461e-07,-0.0065985524
-1.646461e-07,-0.0065841912
-1.645461e-07,-0.0065784467
-1.644461e-07,-0.0065813189
-1.643461e-07,-0.0065884995
-1.642461e-07,-0.0065956801
-1.641461e-07,-0.0065992705
-1.640461e-07,-0.0065999885
-1.639461e-07,-0.0066014246
-1.638461e-07,-0.0066071691
-1.637461e-07,-0.00661794
-1.636461e-07,-0.006629429
-1.635461e-07,-0.0066351735
-1.634461e-07,-0.0066301471
-1.633461e-07,-0.0066136317
-1.632461e-07,-0.0065906537
-1.631461e-07,-0.006570548
-1.630461e-07,-0.0065612132
-1.629461e-07,-0.0065662397
-1.628461e-07,-0.0065834731
-1.627461e-07,-0.0066035788
-1.626461e-07,-0.0066186581
-1.625461e-07,-0.0066222484
-1.624461e-07,-0.0066157858
-1.623461e-07,-0.0066042969
-1.622461e-07,-0.0065956801
-1.621461e-07,-0.0065956801
-1.620461e-07,-0.0066050149
-1.619461e-07,-0.0066186581
-1.618461e-07,-0.0066301471
-1.617461e-07,-0.0066358915
-1.616461e-07,-0.0066344554
-1.615461e-07,-0.0066308651
-1.614461e-07,-0.0066301471
-1.613461e-07,-0.0066351735
-1.612461e-07,-0.0066452263
-1.611461e-07,-0.0066567153
-1.610461e-07,-0.006664614
-1.609461e-07,-0.0066667682
-1.608461e-07,-0.006664614
-1.607461e-07,-0.0066624598
-1.606461e-07,-0.006664614
-1.605461e-07,-0.0066732307
-1.604461e-07,-0.0066868739
-1.603461e-07,-0.006700517
-1.602461e-07,-0.0067105699
-1.601461e-07,-0.0067141602
-1.600461e-07,-0.0067134421
-1.599461e-07,-0.0067148782
-1.598461e-07,-0.0067220588
-1.597461e-07,-0.0067378562
-1.596461e-07,-0.0067586799
-1.595461e-07,-0.0067787856
-1.594461e-07,-0.0067909926
-1.593461e-07,-0.0067909926
-1.592461e-07,-0.0067795037
-1.591461e-07,-0.0067622702
-1.590461e-07,-0.0067450368
-1.589461e-07,-0.0067328297
-1.588461e-07,-0.0067263672
-1.587461e-07,-0.006724213
-1.586461e-07,-0.0067220588
-1.585461e-07,-0.0067177505
-1.584461e-07,-0.006712724
-1.583461e-07,-0.0067091337
-1.582461e-07,-0.0067105699
-1.581461e-07,-0.0067170324
-1.580461e-07,-0.0067263672
-1.579461e-07,-0.0067328297
-1.578461e-07,-0.0067335478
-1.577461e-07,-0.0067256491
-1.576461e-07,-0.0067105699
-1.575461e-07,-0.0066926183
-1.574461e-07,-0.0066761029
-1.573461e-07,-0.0066631778
-1.572461e-07,-0.0066538431
-1.571461e-07,-0.0066437902
-1.570461e-07,-0.0066301471
-1.569461e-07,-0.0066136317
-1.568461e-07,-0.0065956801
-1.567461e-07,-0.0065806009
-1.566461e-07,-0.0065727022
-1.565461e-07,-0.0065712661
-1.564461e-07,-0.0065734203
-1.563461e-07,-0.0065748564
-1.562461e-07,-0.0065727022
-1.561461e-07,-0.0065662397
-1.560461e-07,-0.0065597771
-1.559461e-07,-0.0065569049
-1.558461e-07,-0.0065612132
-1.557461e-07,-0.006570548
-1.556461e-07,-0.0065798828
-1.555461e-07,-0.006582037
-1.554461e-07,-0.0065727022
-1.553461e-07,-0.0065533146
-1.552461e-07,-0.0065303366
-1.551461e-07,-0.0065152574
-1.550461e-07,-0.0065152574
-1.549461e-07,-0.0065332089
-1.548461e-07,-0.0065633674
-1.547461e-07,-0.0065949621
-1.546461e-07,-0.0066186581
-1.545461e-07,-0.0066279929
-1.544461e-07,-0.0066236845
-1.543461e-07,-0.0066143497
-1.542461e-07,-0.0066071691
-1.541461e-07,-0.0066086052
-1.540461e-07,-0.0066186581
-1.539461e-07,-0.0066315832
-1.538461e-07,-0.006641636
-1.537461e-07,-0.0066437902
-1.536461e-07,-0.0066380457
-1.535461e-07,-0.0066308651
-1.534461e-07,-0.0066301471
-1.533461e-07,-0.006640918
-1.532461e-07,-0.0066631778
-1.531461e-07,-0.0066926183
-1.530461e-07,-0.0067220588
-1.529461e-07,-0.0067443187
-1.528461e-07,-0.0067565257
-1.527461e-07,-0.006759398
-1.526461e-07,-0.0067565257
-1.525461e-07,-0.0067529354
-1.524461e-07,-0.0067493451
-1.523461e-07,-0.0067471909
-1.522461e-07,-0.0067450368
-1.521461e-07,-0.0067421645
-1.520461e-07,-0.0067414465
-1.519461e-07,-0.0067450368
-1.518461e-07,-0.0067565257
-1.517461e-07,-0.0067780676
-1.516461e-07,-0.00680679
-1.515461e-07,-0.0068398208
-1.514461e-07,-0.0068714154
-1.513461e-07,-0.0068987017
-1.512461e-07,-0.0069188074
-1.511461e-07,-0.0069324506
-1.510461e-07,-0.0069403493
-1.509461e-07,-0.0069410673
-1.508461e-07,-0.0069353228
-1.507461e-07,-0.0069223977
-1.506461e-07,-0.0069058824
-1.505461e-07,-0.006890085
-1.504461e-07,-0.0068829044
-1.503461e-07,-0.0068872128
-1.502461e-07,-0.0069058824
-1.501461e-07,-0.0069331687
-1.500461e-07,-0.006960455
-1.499461e-07,-0.0069798426
-1.498461e-07,-0.0069863051
-1.497461e-07,-0.0069819968
-1.496461e-07,-0.0069733801
-1.495461e-07,-0.0069690717
-1.494461e-07,-0.0069748162
-1.493461e-07,-0.0069891774
-1.492461e-07,-0.0070056928
-1.491461e-07,-0.0070143095
-1.490461e-07,-0.0070092831
-1.489461e-07,-0.0069913316
-1.488461e-07,-0.0069669175
-1.487461e-07,-0.0069468118
-1.486461e-07,-0.0069403493
-1.485461e-07,-0.0069482479
-1.484461e-07,-0.0069661994
-1.483461e-07,-0.0069819968
-1.482461e-07,-0.0069863051
-1.481461e-07,-0.0069748162
-1.480461e-07,-0.0069504021
-1.479461e-07,-0.0069202436
-1.478461e-07,-0.0068943934
-1.477461e-07,-0.0068764419
-1.476461e-07,-0.0068642348
-1.475461e-07,-0.0068534639
-1.474461e-07,-0.0068369485
-1.473461e-07,-0.0068132525
-1.472461e-07,-0.0067874023
-1.471461e-07,-0.0067658605
-1.470461e-07,-0.0067565257
-1.469461e-07,-0.0067629883
-1.468461e-07,-0.0067802217
-1.467461e-07,-0.0068003274
-1.466461e-07,-0.0068139706
-1.465461e-07,-0.0068161248
-1.464461e-07,-0.0068089442
-1.463461e-07,-0.0067981733
-1.462461e-07,-0.0067909926
-1.461461e-07,-0.0067917107
-1.460461e-07,-0.0067988913
-1.459461e-07,-0.0068082261
-1.458461e-07,-0.0068139706
-1.457461e-07,-0.0068139706
-1.456461e-07,-0.0068118164
-1.455461e-07,-0.0068139706
-1.454461e-07,-0.0068254596
-1.453461e-07,-0.0068477194
-1.452461e-07,-0.0068742877
-1.451461e-07,-0.0068965476
-1.450461e-07,-0.0069058824
-1.449461e-07,-0.0068987017
-1.448461e-07,-0.0068800322
-1.447461e-07,-0.0068592084
-1.446461e-07,-0.0068484375
-1.445461e-07,-0.006854182
-1.444461e-07,-0.0068750057
-1.443461e-07,-0.0069037282
-1.442461e-07,-0.0069288603
-1.441461e-07,-0.0069425034
-1.440461e-07,-0.0069417854
-1.439461e-07,-0.0069310145
-1.438461e-07,-0.0069173713
-1.437461e-07,-0.0069080365
-1.436461e-07,-0.0069066004
-1.435461e-07,-0.0069109088
-1.434461e-07,-0.0069173713
-1.433461e-07,-0.0069231158
-1.432461e-07,-0.0069274242
-1.431461e-07,-0.0069324506
-1.430461e-07,-0.0069403493
-1.429461e-07,-0.0069511202
-1.428461e-07,-0.0069626091
-1.427461e-07,-0.0069676356
-1.426461e-07,-0.0069633272
-1.425461e-07,-0.0069475299
-1.424461e-07,-0.0069245519
-1.423461e-07,-0.0069001379
-1.422461e-07,-0.0068829044
-1.421461e-07,-0.0068757238
-1.420461e-07,-0.0068771599
-1.419461e-07,-0.0068814683
-1.418461e-07,-0.0068829044
-1.417461e-07,-0.0068771599
-1.416461e-07,-0.0068649529
-1.415461e-07,-0.0068498736
-1.414461e-07,-0.0068369485
-1.413461e-07,-0.0068276137
-1.412461e-07,-0.0068218693
-1.411461e-07,-0.0068146886
-1.410461e-07,-0.0068024816
-1.409461e-07,-0.0067852482
-1.408461e-07,-0.0067658605
-1.407461e-07,-0.0067507812
-1.406461e-07,-0.0067450368
-1.405461e-07,-0.0067507812
-1.404461e-07,-0.0067651425
-1.403461e-07,-0.0067809398
-1.402461e-07,-0.0067909926
-1.401461e-07,-0.0067924288
-1.400461e-07,-0.0067859662
-1.399461e-07,-0.0067759134
-1.398461e-07,-0.0067680147
-1.397461e-07,-0.0067658605
-1.396461e-07,-0.0067672966
-1.395461e-07,-0.0067694508
-1.394461e-07,-0.0067680147
-1.393461e-07,-0.0067608341
-1.392461e-07,-0.0067493451
-1.391461e-07,-0.0067385742
-1.390461e-07,-0.0067335478
-1.389461e-07,-0.0067342659
-1.388461e-07,-0.0067385742
-1.387461e-07,-0.0067400103
-1.386461e-07,-0.0067335478
-1.385461e-07,-0.0067184685
-1.384461e-07,-0.0066976448
-1.383461e-07,-0.0066775391
-1.382461e-07,-0.006664614
-1.381461e-07,-0.0066617417
-1.380461e-07,-0.0066667682
-1.379461e-07,-0.0066732307
-1.378461e-07,-0.0066761029
-1.377461e-07,-0.0066717946
-1.376461e-07,-0.0066624598
-1.375461e-07,-0.0066545611
-1.374461e-07,-0.006653125
-1.373461e-07,-0.0066624598
-1.372461e-07,-0.0066804113
-1.371461e-07,-0.0067026712
-1.370461e-07,-0.0067220588
-1.369461e-07,-0.0067342659
-1.368461e-07,-0.0067400103
-1.367461e-07,-0.0067421645
-1.366461e-07,-0.0067450368
-1.365461e-07,-0.0067514993
-1.364461e-07,-0.006760116
-1.363461e-07,-0.0067665786
-1.362461e-07,-0.0067680147
-1.361461e-07,-0.0067622702
-1.360461e-07,-0.0067522174
-1.359461e-07,-0.0067450368
-1.358461e-07,-0.0067450368
-1.357461e-07,-0.0067572438
-1.356461e-07,-0.0067795037
-1.355461e-07,-0.0068082261
-1.354461e-07,-0.0068369485
-1.353461e-07,-0.0068606445
-1.352461e-07,-0.006878596
-1.351461e-07,-0.0068929573
-1.350461e-07,-0.0069058824
-1.349461e-07,-0.0069188074
-1.348461e-07,-0.0069310145
-1.347461e-07,-0.0069389131
-1.346461e-07,-0.0069403493
-1.345461e-07,-0.0069353228
-1.344461e-07,-0.0069267061
-1.343461e-07,-0.0069195255
-1.342461e-07,-0.0069173713
-1.341461e-07,-0.0069223977
-1.340461e-07,-0.0069310145
-1.339461e-07,-0.0069381951
-1.338461e-07,-0.0069403493
-1.337461e-07,-0.0069353228
-1.336461e-07,-0.0069245519
-1.335461e-07,-0.006913063
-1.334461e-07,-0.0069058824
-1.333461e-07,-0.0069037282
-1.332461e-07,-0.0069058824
-1.331461e-07,-0.0069073185
-1.330461e-07,-0.0069058824
-1.329461e-07,-0.0069008559
-1.328461e-07,-0.0068951114
-1.327461e-07,-0.0068922392
-1.326461e-07,-0.0068943934
-1.325461e-07,-0.0069001379
-1.324461e-07,-0.0069044462
-1.323461e-07,-0.0069001379
-1.322461e-07,-0.0068829044
-1.321461e-07,-0.0068527459
-1.320461e-07,-0.0068154067
-1.319461e-07,-0.0067809398
-1.318461e-07,-0.0067565257
-1.317461e-07,-0.0067450368
-1.316461e-07,-0.0067443187
-1.315461e-07,-0.0067471909
-1.314461e-07,-0.0067450368
-1.313461e-07,-0.0067349839
-1.312461e-07,-0.0067191866
-1.311461e-07,-0.0067012351
-1.310461e-07,-0.0066875919
-1.309461e-07,-0.0066811294
-1.308461e-07,-0.0066804113
-1.307461e-07,-0.0066804113
-1.306461e-07,-0.0066761029
-1.305461e-07,-0.006665332
-1.304461e-07,-0.0066488166
-1.303461e-07,-0.0066323012
-1.302461e-07,-0.0066186581
-1.301461e-07,-0.0066107594
-1.300461e-07,-0.0066064511
-1.299461e-07,-0.0066021427
-1.298461e-07,-0.0065956801
-1.297461e-07,-0.0065870634
-1.296461e-07,-0.0065798828
-1.295461e-07,-0.0065777286
-1.294461e-07,-0.0065841912
-1.293461e-07,-0.0065963982
-1.292461e-07,-0.0066100414
-1.291461e-07,-0.00661794
-1.290461e-07,-0.0066186581
-1.289461e-07,-0.0066136317
-1.288461e-07,-0.0066093233
-1.287461e-07,-0.0066136317
-1.286461e-07,-0.0066301471
-1.285461e-07,-0.0066567153
-1.284461e-07,-0.0066847197
-1.283461e-07,-0.0067048254
-1.282461e-07,-0.0067105699
-1.281461e-07,-0.0067033892
-1.280461e-07,-0.0066926183
-1.279461e-07,-0.00668831
-1.278461e-07,-0.0066990809
-1.277461e-07,-0.0067249311
-1.276461e-07,-0.0067565257
-1.275461e-07,-0.0067816579
-1.274461e-07,-0.0067909926
-1.273461e-07,-0.0067816579
-1.272461e-07,-0.0067608341
-1.271461e-07,-0.0067407284
-1.270461e-07,-0.0067335478
-1.269461e-07,-0.0067428826
-1.268461e-07,-0.0067637063
-1.267461e-07,-0.006783094
-1.266461e-07,-0.0067909926
-1.265461e-07,-0.0067809398
-1.264461e-07,-0.0067586799
-1.263461e-07,-0.0067342659
-1.262461e-07,-0.0067220588
-1.261461e-07,-0.0067292394
-1.260461e-07,-0.0067536535
-1.259461e-07,-0.0067859662
-1.258461e-07,-0.0068139706
-1.257461e-07,-0.0068283318
-1.256461e-07,-0.0068268957
-1.255461e-07,-0.0068154067
-1.254461e-07,-0.0068024816
-1.253461e-07,-0.006794583
-1.252461e-07,-0.0067924288
-1.251461e-07,-0.0067931468
-1.250461e-07,-0.0067909926
-1.249461e-07,-0.0067823759
-1.248461e-07,-0.0067701689
-1.247461e-07,-0.006759398
-1.246461e-07,-0.0067565257
-1.245461e-07,-0.0067651425
-1.244461e-07,-0.0067823759
-1.243461e-07,-0.0068017636
-1.242461e-07,-0.0068139706
-1.241461e-07,-0.0068154067
-1.240461e-07,-0.0068060719
-1.239461e-07,-0.0067924288
-1.238461e-07,-0.0067795037
-1.237461e-07,-0.006771605
-1.236461e-07,-0.0067680147
-1.235461e-07,-0.0067644244
-1.234461e-07,-0.0067565257
-1.233461e-07,-0.0067443187
-1.232461e-07,-0.0067313936
-1.231461e-07,-0.0067220588
-1.230461e-07,-0.0067220588
-1.229461e-07,-0.0067299575
-1.228461e-07,-0.0067392923
-1.227461e-07,-0.0067421645
-1.226461e-07,-0.0067335478
-1.225461e-07,-0.006712724
-1.224461e-07,-0.0066861558
-1.223461e-07,-0.0066638959
-1.222461e-07,-0.006653125
-1.221461e-07,-0.0066552792
-1.220461e-07,-0.0066624598
-1.219461e-07,-0.006665332
-1.218461e-07,-0.006653125
-1.217461e-07,-0.0066244026
-1.216461e-07,-0.0065856273
-1.215461e-07,-0.0065490062
-1.214461e-07,-0.0065267463
-1.213461e-07,-0.0065238741
-1.212461e-07,-0.0065375172
-1.211461e-07,-0.0065576229
-1.210461e-07,-0.0065727022
-1.209461e-07,-0.0065748564
-1.208461e-07,-0.0065655216
-1.207461e-07,-0.0065504423
-1.206461e-07,-0.0065382353
-1.205461e-07,-0.006534645
-1.204461e-07,-0.0065389534
-1.203461e-07,-0.006546134
-1.202461e-07,-0.0065497243
-1.201461e-07,-0.006546852
-1.200461e-07,-0.0065382353
-1.199461e-07,-0.0065303366
-1.198461e-07,-0.0065267463
-1.197461e-07,-0.0065296186
-1.196461e-07,-0.0065360811
-1.195461e-07,-0.0065403895
-1.194461e-07,-0.0065382353
-1.193461e-07,-0.0065303366
-1.192461e-07,-0.0065210018
-1.191461e-07,-0.0065181296
-1.190461e-07,-0.0065267463
-1.189461e-07,-0.0065446978
-1.188461e-07,-0.0065662397
-1.187461e-07,-0.0065813189
-1.186461e-07,-0.0065841912
-1.185461e-07,-0.0065770106
-1.184461e-07,-0.0065676758
-1.183461e-07,-0.0065676758
-1.182461e-07,-0.0065841912
-1.181461e-07,-0.0066157858
-1.180461e-07,-0.0066538431
-1.179461e-07,-0.0066847197
-1.178461e-07,-0.0066990809
-1.177461e-07,-0.0066954906
-1.176461e-07,-0.0066825655
-1.175461e-07,-0.0066725126
-1.174461e-07,-0.0066761029
-1.173461e-07,-0.0066940545
-1.172461e-07,-0.0067199046
-1.171461e-07,-0.0067407284
-1.170461e-07,-0.0067450368
-1.169461e-07,-0.0067321117
-1.168461e-07,-0.0067084157
-1.167461e-07,-0.0066897461
-1.166461e-07,-0.0066875919
-1.165461e-07,-0.0067048254
-1.164461e-07,-0.006735702
-1.163461e-07,-0.0067644244
-1.162461e-07,-0.0067795037
-1.161461e-07,-0.0067751953
-1.160461e-07,-0.0067579619
-1.159461e-07,-0.0067400103
-1.158461e-07,-0.0067335478
-1.157461e-07,-0.0067443187
-1.156461e-07,-0.0067658605
-1.155461e-07,-0.0067859662
-1.154461e-07,-0.0067909926
-1.153461e-07,-0.0067751953
-1.152461e-07,-0.0067450368
-1.151461e-07,-0.0067148782
-1.150461e-07,-0.0066990809
-1.149461e-07,-0.0067062615
-1.148461e-07,-0.0067328297
-1.147461e-07,-0.0067658605
-1.146461e-07,-0.0067909926
-1.145461e-07,-0.0067981733
-1.144461e-07,-0.0067881204
-1.143461e-07,-0.0067701689
-1.142461e-07,-0.0067565257
-1.141461e-07,-0.0067558077
-1.140461e-07,-0.0067672966
-1.139461e-07,-0.0067823759
-1.138461e-07,-0.0067909926
-1.137461e-07,-0.0067852482
-1.136461e-07,-0.0067672966
-1.135461e-07,-0.0067464729
-1.134461e-07,-0.0067335478
-1.133461e-07,-0.0067371381
-1.132461e-07,-0.0067558077
-1.131461e-07,-0.0067816579
-1.130461e-07,-0.0068024816
-1.129461e-07,-0.0068096622
-1.128461e-07,-0.0068024816
-1.127461e-07,-0.0067852482
-1.126461e-07,-0.0067680147
-1.125461e-07,-0.0067572438
-1.124461e-07,-0.0067550896
-1.123461e-07,-0.0067565257
-1.122461e-07,-0.0067565257
-1.121461e-07,-0.0067514993
-1.120461e-07,-0.0067443187
-1.119461e-07,-0.0067400103
-1.118461e-07,-0.0067450368
-1.117461e-07,-0.0067615522
-1.116461e-07,-0.0067845301
-1.115461e-07,-0.0068053539
-1.114461e-07,-0.0068139706
-1.113461e-07,-0.0068060719
-1.112461e-07,-0.006783812
-1.111461e-07,-0.0067558077
-1.110461e-07,-0.0067335478
-1.109461e-07,-0.0067227769
-1.108461e-07,-0.0067234949
-1.107461e-07,-0.0067292394
-1.106461e-07,-0.0067335478
-1.105461e-07,-0.0067313936
-1.104461e-07,-0.0067227769
-1.103461e-07,-0.0067134421
-1.102461e-07,-0.0067105699
-1.101461e-07,-0.0067163143
-1.100461e-07,-0.0067285214
-1.099461e-07,-0.0067400103
-1.098461e-07,-0.0067450368
-1.097461e-07,-0.0067392923
-1.096461e-07,-0.0067249311
-1.095461e-07,-0.0067091337
-1.094461e-07,-0.0066990809
-1.093461e-07,-0.0066983628
-1.092461e-07,-0.0067055434
-1.091461e-07,-0.0067148782
-1.090461e-07,-0.0067220588
-1.089461e-07,-0.0067234949
-1.088461e-07,-0.0067213408
-1.087461e-07,-0.0067199046
-1.086461e-07,-0.0067220588
-1.085461e-07,-0.0067285214
-1.084461e-07,-0.006735702
-1.083461e-07,-0.0067385742
-1.082461e-07,-0.0067335478
-1.081461e-07,-0.0067234949
-1.080461e-07,-0.0067155963
-1.079461e-07,-0.0067177505
-1.078461e-07,-0.0067335478
-1.077461e-07,-0.006759398
-1.076461e-07,-0.0067866843
-1.075461e-07,-0.0068031997
-1.074461e-07,-0.0068024816
-1.073461e-07,-0.0067852482
-1.072461e-07,-0.0067622702
-1.071461e-07,-0.0067457548
-1.070461e-07,-0.0067450368
-1.069461e-07,-0.0067615522
-1.068461e-07,-0.0067874023
-1.067461e-07,-0.0068082261
-1.066461e-07,-0.0068139706
-1.065461e-07,-0.0068017636
-1.064461e-07,-0.0067780676
-1.063461e-07,-0.0067558077
-1.062461e-07,-0.0067450368
-1.061461e-07,-0.0067493451
-1.060461e-07,-0.0067637063
-1.059461e-07,-0.0067773495
-1.058461e-07,-0.0067795037
-1.057461e-07,-0.0067687328
-1.056461e-07,-0.0067514993
-1.055461e-07,-0.0067400103
-1.054461e-07,-0.0067450368
-1.053461e-07,-0.0067687328
-1.052461e-07,-0.0068024816
-1.051461e-07,-0.0068333582
-1.050461e-07,-0.0068484375
-1.049461e-07,-0.006841975
-1.048461e-07,-0.0068197151
-1.047461e-07,-0.006794583
-1.046461e-07,-0.0067795037
-1.045461e-07,-0.0067816579
-1.044461e-07,-0.0067974552
-1.043461e-07,-0.0068161248
-1.042461e-07,-0.0068254596
-1.041461e-07,-0.0068197151
-1.040461e-07,-0.0068024816
-1.039461e-07,-0.0067852482
-1.038461e-07,-0.0067795037
-1.037461e-07,-0.0067917107
-1.036461e-07,-0.0068168428
-1.035461e-07,-0.0068441291
-1.034461e-07,-0.0068599265
-1.033461e-07,-0.0068577723
-1.032461e-07,-0.0068398208
-1.031461e-07,-0.0068168428
-1.030461e-07,-0.0068024816
-1.029461e-07,-0.0068046358
-1.028461e-07,-0.0068218693
-1.027461e-07,-0.0068441291
-1.026461e-07,-0.0068599265
-1.025461e-07,-0.0068606445
-1.024461e-07,-0.0068470014
-1.023461e-07,-0.0068268957
-1.022461e-07,-0.0068139706
-1.021461e-07,-0.0068154067
-1.020461e-07,-0.006831204
-1.019461e-07,-0.0068534639
-1.018461e-07,-0.0068714154
-1.017461e-07,-0.0068750057
-1.016461e-07,-0.0068642348
-1.015461e-07,-0.0068441291
-1.014461e-07,-0.0068254596
-1.013461e-07,-0.0068175609
-1.012461e-07,-0.0068225873
-1.011461e-07,-0.0068362305
-1.010461e-07,-0.0068484375
-1.009461e-07,-0.0068520278
-1.008461e-07,-0.0068441291
-1.007461e-07,-0.0068290499
-1.006461e-07,-0.0068139706
-1.005461e-07,-0.0068060719
-1.004461e-07,-0.0068089442
-1.003461e-07,-0.0068211512
-1.002461e-07,-0.0068369485
-1.001461e-07,-0.0068513097
-1.000461e-07,-0.0068620807
-9.994613e-08,-0.0068678251
-9.984613e-08,-0.0068714154
-9.974613e-08,-0.0068728516
-9.964613e-08,-0.0068706974
-9.954613e-08,-0.0068635168
-9.944613e-08,-0.0068484375
-9.934613e-08,-0.0068276137
-9.924613e-08,-0.0068060719
-9.914613e-08,-0.0067924288
-9.904613e-08,-0.0067909926
-9.894613e-08,-0.0068039177
-9.884613e-08,-0.0068276137
-9.874613e-08,-0.0068527459
-9.864613e-08,-0.0068714154
-9.854613e-08,-0.0068793141
-9.844613e-08,-0.0068764419
-9.834613e-08,-0.0068685432
-9.824613e-08,-0.0068599265
-9.814613e-08,-0.0068549
-9.804613e-08,-0.006854182
-9.794613e-08,-0.0068527459
-9.784613e-08,-0.0068484375
-9.774613e-08,-0.0068405388
-9.764613e-08,-0.006831204
-9.754613e-08,-0.0068254596
-9.744613e-08,-0.0068254596
-9.734613e-08,-0.0068319221
-9.724613e-08,-0.0068412569
-9.714613e-08,-0.0068477194
-9.704613e-08,-0.0068484375
-9.694613e-08,-0.0068434111
-9.684613e-08,-0.0068369485
-9.674613e-08,-0.0068340763
-9.664613e-08,-0.0068369485
-9.654613e-08,-0.0068441291
-9.644613e-08,-0.0068484375
-9.634613e-08,-0.006842693
-9.624613e-08,-0.0068254596
-9.614613e-08,-0.0067996094
-9.604613e-08,-0.0067744773
-9.594613e-08,-0.0067622702
-9.584613e-08,-0.0067680147
-9.574613e-08,-0.0067895565
-9.564613e-08,-0.0068168428
-9.554613e-08,-0.0068362305
-9.544613e-08,-0.0068369485
-9.534613e-08,-0.0068175609
-9.524613e-08,-0.0067852482
-9.514613e-08,-0.0067529354
-9.504613e-08,-0.0067335478
-9.494613e-08,-0.0067306756
-9.484613e-08,-0.0067407284
-9.474613e-08,-0.0067529354
-9.464613e-08,-0.0067565257
-9.454613e-08,-0.0067471909
-9.444613e-08,-0.0067285214
-9.434613e-08,-0.0067091337
-9.424613e-08,-0.0066990809
-9.414613e-08,-0.0067019531
-9.404613e-08,-0.0067148782
-9.394613e-08,-0.0067285214
-9.384613e-08,-0.0067335478
-9.374613e-08,-0.0067270852
-9.364613e-08,-0.006712006
-9.354613e-08,-0.0066962086
-9.344613e-08,-0.0066875919
-9.334613e-08,-0.006689028
-9.324613e-08,-0.0066962086
-9.314613e-08,-0.0067019531
-9.304613e-08,-0.0066990809
-9.294613e-08,-0.0066868739
-9.284613e-08,-0.0066725126
-9.274613e-08,-0.0066660501
-9.264613e-08,-0.0066761029
-9.254613e-08,-0.0067048254
-9.244613e-08,-0.0067436006
-9.234613e-08,-0.0067802217
-9.224613e-08,-0.0068024816
-9.214613e-08,-0.0068039177
-9.204613e-08,-0.0067895565
-9.194613e-08,-0.0067694508
-9.184613e-08,-0.0067565257
-9.174613e-08,-0.0067565257
-9.164613e-08,-0.0067680147
-9.154613e-08,-0.006783094
-9.144613e-08,-0.0067909926
-9.134613e-08,-0.0067881204
-9.124613e-08,-0.0067751953
-9.114613e-08,-0.0067622702
-9.104613e-08,-0.0067565257
-9.094613e-08,-0.0067622702
-9.084613e-08,-0.0067759134
-9.074613e-08,-0.0067881204
-9.064613e-08,-0.0067909926
-9.054613e-08,-0.0067795037
-9.044613e-08,-0.0067586799
-9.034613e-08,-0.006735702
-9.024613e-08,-0.0067220588
-9.014613e-08,-0.0067213408
-9.004613e-08,-0.0067306756
-8.994613e-08,-0.0067414465
-8.984613e-08,-0.0067450368
-8.974613e-08,-0.0067371381
-8.964613e-08,-0.0067206227
-8.954613e-08,-0.0067048254
-8.944613e-08,-0.0066990809
-8.934613e-08,-0.0067069795
-8.924613e-08,-0.0067256491
-8.914613e-08,-0.0067457548
-8.904613e-08,-0.0067565257
-8.894613e-08,-0.0067536535
-8.884613e-08,-0.0067400103
-8.874613e-08,-0.0067220588
-8.864613e-08,-0.0067105699
-8.854613e-08,-0.0067091337
-8.844613e-08,-0.0067155963
-8.834613e-08,-0.0067227769
-8.824613e-08,-0.0067220588
-8.814613e-08,-0.0067112879
-8.804613e-08,-0.0066933364
-8.794613e-08,-0.0066789752
-8.784613e-08,-0.0066761029
-8.774613e-08,-0.0066897461
-8.764613e-08,-0.0067155963
-8.754613e-08,-0.0067457548
-8.744613e-08,-0.0067680147
-8.734613e-08,-0.0067773495
-8.724613e-08,-0.0067737592
-8.714613e-08,-0.0067644244
-8.704613e-08,-0.0067565257
-8.694613e-08,-0.0067550896
-8.684613e-08,-0.0067579619
-8.674613e-08,-0.0067608341
-8.664613e-08,-0.0067565257
-8.654613e-08,-0.0067436006
-8.644613e-08,-0.0067263672
-8.634613e-08,-0.006712724
-8.624613e-08,-0.0067105699
-8.614613e-08,-0.0067213408
-8.604613e-08,-0.0067407284
-8.594613e-08,-0.006759398
-8.584613e-08,-0.0067680147
-8.574613e-08,-0.0067615522
-8.564613e-08,-0.0067428826
-8.554613e-08,-0.0067191866
-8.544613e-08,-0.0066990809
-8.534613e-08,-0.0066861558
-8.524613e-08,-0.0066789752
-8.514613e-08,-0.0066696404
-8.504613e-08,-0.006653125
-8.494613e-08,-0.0066279929
-8.484613e-08,-0.0065992705
-8.474613e-08,-0.0065777286
-8.464613e-08,-0.0065727022
-8.454613e-08,-0.0065863454
-8.444613e-08,-0.0066136317
-8.434613e-08,-0.0066430722
-8.424613e-08,-0.006664614
-8.414613e-08,-0.0066717946
-8.404613e-08,-0.0066660501
-8.394613e-08,-0.0066567153
-8.384613e-08,-0.006653125
-8.374613e-08,-0.0066595875
-8.364613e-08,-0.0066753849
-8.354613e-08,-0.0066911822
-8.344613e-08,-0.0066990809
-8.334613e-08,-0.0066947725
-8.324613e-08,-0.0066818474
-8.314613e-08,-0.0066682043
-8.304613e-08,-0.006664614
-8.294613e-08,-0.006676821
-8.284613e-08,-0.0067041073
-8.274613e-08,-0.0067371381
-8.264613e-08,-0.0067680147
-8.254613e-08,-0.0067888385
-8.244613e-08,-0.0067996094
-8.234613e-08,-0.0068053539
-8.224613e-08,-0.0068139706
-8.214613e-08,-0.006830486
-8.204613e-08,-0.0068534639
-8.194613e-08,-0.0068771599
-8.184613e-08,-0.0068943934
-8.174613e-08,-0.0069008559
-8.164613e-08,-0.0068979837
-8.154613e-08,-0.0068929573
-8.144613e-08,-0.0068943934
-8.134613e-08,-0.0069080365
-8.124613e-08,-0.0069338867
-8.114613e-08,-0.0069669175
-8.104613e-08,-0.0069977941
-8.094613e-08,-0.0070207721
-8.084613e-08,-0.007032261
-8.074613e-08,-0.0070344152
-8.064613e-08,-0.007032261
-8.054613e-08,-0.0070286707
-8.044613e-08,-0.0070243624
-8.034613e-08,-0.0070186179
-8.024613e-08,-0.0070092831
-8.014613e-08,-0.0069956399
-8.004613e-08,-0.0069791245
-7.994613e-08,-0.0069640453
-7.984613e-08,-0.0069518382
-7.974613e-08,-0.0069425034
-7.964613e-08,-0.0069324506
-7.954613e-08,-0.0069166533
-7.944613e-08,-0.0068943934
-7.934613e-08,-0.0068678251
-7.924613e-08,-0.006842693
-7.914613e-08,-0.0068276137
-7.904613e-08,-0.0068254596
-7.894613e-08,-0.0068347943
-7.884613e-08,-0.0068462833
-7.874613e-08,-0.0068491556
-7.864613e-08,-0.0068369485
-7.854613e-08,-0.0068082261
-7.844613e-08,-0.0067694508
-7.834613e-08,-0.0067335478
-7.824613e-08,-0.0067105699
-7.814613e-08,-0.0067048254
-7.804613e-08,-0.006712006
-7.794613e-08,-0.0067249311
-7.784613e-08,-0.0067335478
-7.774613e-08,-0.0067335478
-7.764613e-08,-0.0067270852
-7.754613e-08,-0.0067213408
-7.744613e-08,-0.0067220588
-7.734613e-08,-0.0067328297
-7.724613e-08,-0.0067486271
-7.714613e-08,-0.0067629883
-7.704613e-08,-0.0067680147
-7.694613e-08,-0.0067615522
-7.684613e-08,-0.006747909
-7.674613e-08,-0.006735702
-7.664613e-08,-0.0067335478
-7.654613e-08,-0.0067457548
-7.644613e-08,-0.0067687328
-7.634613e-08,-0.006794583
-7.624613e-08,-0.0068139706
-7.614613e-08,-0.0068225873
-7.604613e-08,-0.0068218693
-7.594613e-08,-0.0068168428
-7.584613e-08,-0.0068139706
-7.574613e-08,-0.0068168428
-7.564613e-08,-0.0068247415
-7.554613e-08,-0.0068326402
-7.544613e-08,-0.0068369485
-7.534613e-08,-0.0068362305
-7.524613e-08,-0.0068333582
-7.514613e-08,-0.0068326402
-7.504613e-08,-0.0068369485
-7.494613e-08,-0.0068448472
-7.484613e-08,-0.0068513097
-7.474613e-08,-0.0068498736
-7.464613e-08,-0.0068369485
-7.454613e-08,-0.0068154067
-7.444613e-08,-0.0067938649
-7.434613e-08,-0.0067802217
-7.424613e-08,-0.0067795037
-7.414613e-08,-0.0067888385
-7.404613e-08,-0.0068003274
-7.394613e-08,-0.0068024816
-7.384613e-08,-0.0067909926
-7.374613e-08,-0.0067687328
-7.364613e-08,-0.0067457548
-7.354613e-08,-0.006735702
-7.344613e-08,-0.0067450368
-7.334613e-08,-0.0067708869
-7.324613e-08,-0.0068003274
-7.314613e-08,-0.006818279
-7.304613e-08,-0.0068139706
-7.294613e-08,-0.0067888385
-7.284613e-08,-0.0067543716
-7.274613e-08,-0.0067270852
-7.264613e-08,-0.0067220588
-7.254613e-08,-0.0067407284
-7.244613e-08,-0.0067730411
-7.234613e-08,-0.0068024816
-7.224613e-08,-0.0068139706
-7.214613e-08,-0.0068039177
-7.204613e-08,-0.0067802217
-7.194613e-08,-0.006759398
-7.184613e-08,-0.0067565257
-7.174613e-08,-0.0067780676
-7.164613e-08,-0.0068175609
-7.154613e-08,-0.0068577723
-7.144613e-08,-0.0068829044
-7.134613e-08,-0.0068850586
-7.124613e-08,-0.0068678251
-7.114613e-08,-0.0068470014
-7.104613e-08,-0.0068369485
-7.094613e-08,-0.0068477194
-7.084613e-08,-0.0068757238
-7.074613e-08,-0.0069080365
-7.064613e-08,-0.0069288603
-7.054613e-08,-0.0069295784
-7.044613e-08,-0.006913781
-7.034613e-08,-0.0068922392
-7.024613e-08,-0.0068829044
-7.014613e-08,-0.0068958295
-7.004613e-08,-0.0069295784
-6.994613e-08,-0.006972662
-6.984613e-08,-0.0070092831
-6.974613e-08,-0.0070265165
-6.964613e-08,-0.0070214901
-6.954613e-08,-0.0070035386
-6.944613e-08,-0.0069863051
-6.934613e-08,-0.0069812787
-6.924613e-08,-0.0069927677
-6.914613e-08,-0.0070135915
-6.904613e-08,-0.007032261
-6.894613e-08,-0.0070387236
-6.884613e-08,-0.0070279527
-6.874613e-08,-0.0070071289
-6.864613e-08,-0.0069863051
-6.854613e-08,-0.0069762523
-6.844613e-08,-0.0069812787
-6.834613e-08,-0.0069992302
-6.824613e-08,-0.0070207721
-6.814613e-08,-0.0070372875
-6.804613e-08,-0.0070444681
-6.794613e-08,-0.0070444681
-6.784613e-08,-0.00704375
-6.774613e-08,-0.0070480584
-6.764613e-08,-0.0070602654
-6.754613e-08,-0.0070760627
-6.744613e-08,-0.0070897059
-6.734613e-08,-0.0070932962
-6.724613e-08,-0.0070861156
-6.714613e-08,-0.0070703182
-6.704613e-08,-0.007055239
-6.694613e-08,-0.0070487764
-6.684613e-08,-0.007055957
-6.674613e-08,-0.0070753447
-6.664613e-08,-0.0071011949
-6.654613e-08,-0.0071241728
-6.644613e-08,-0.007138534
-6.634613e-08,-0.0071414062
-6.624613e-08,-0.0071356618
-6.614613e-08,-0.007126327
-6.604613e-08,-0.0071184283
-6.594613e-08,-0.0071177102
-6.584613e-08,-0.0071241728
-6.574613e-08,-0.0071378159
-6.564613e-08,-0.0071564855
-6.554613e-08,-0.0071758732
-6.544613e-08,-0.0071931066
-6.534613e-08,-0.0072038775
-6.524613e-08,-0.0072060317
-6.514613e-08,-0.007198133
-6.504613e-08,-0.0071816176
-6.494613e-08,-0.0071615119
-6.484613e-08,-0.0071428424
-6.474613e-08,-0.0071299173
-6.464613e-08,-0.0071241728
-6.454613e-08,-0.0071234547
-6.444613e-08,-0.0071227367
-6.434613e-08,-0.0071155561
-6.424613e-08,-0.0071011949
-6.414613e-08,-0.0070803711
-6.404613e-08,-0.0070602654
-6.394613e-08,-0.0070466222
-6.384613e-08,-0.00704375
-6.374613e-08,-0.0070509306
-6.364613e-08,-0.0070624196
-6.354613e-08,-0.0070696002
-6.344613e-08,-0.0070667279
-6.334613e-08,-0.0070523667
-6.324613e-08,-0.0070301068
-6.314613e-08,-0.0070100011
-6.304613e-08,-0.0069977941
-6.294613e-08,-0.0069977941
-6.284613e-08,-0.0070056928
-6.274613e-08,-0.0070164637
-6.264613e-08,-0.0070207721
-6.254613e-08,-0.0070150276
-6.244613e-08,-0.0069992302
-6.234613e-08,-0.0069798426
-6.224613e-08,-0.0069633272
-6.214613e-08,-0.0069547105
-6.204613e-08,-0.0069561466
-6.194613e-08,-0.0069640453
-6.184613e-08,-0.0069748162
-6.174613e-08,-0.006984151
-6.164613e-08,-0.0069906135
-6.154613e-08,-0.0069942038
-6.144613e-08,-0.0069977941
-6.134613e-08,-0.0070006664
-6.124613e-08,-0.0070028205
-6.114613e-08,-0.0070021025
-6.104613e-08,-0.0069977941
-6.094613e-08,-0.0069927677
-6.084613e-08,-0.0069898955
-6.074613e-08,-0.0069949219
-6.064613e-08,-0.0070092831
-6.054613e-08,-0.007032261
-6.044613e-08,-0.0070573932
-6.034613e-08,-0.0070782169
-6.024613e-08,-0.0070897059
-6.014613e-08,-0.0070897059
-6.004613e-08,-0.0070825253
-5.994613e-08,-0.0070724724
-5.984613e-08,-0.0070667279
-5.974613e-08,-0.0070667279
-5.964613e-08,-0.0070710363
-5.954613e-08,-0.0070760627
-5.944613e-08,-0.0070782169
-5.934613e-08,-0.0070767808
-5.924613e-08,-0.0070739085
-5.914613e-08,-0.0070731905
-5.904613e-08,-0.0070782169
-5.894613e-08,-0.0070882698
-5.884613e-08,-0.0070997587
-5.874613e-08,-0.0071090935
-5.864613e-08,-0.0071126838
-5.854613e-08,-0.0071126838
-5.844613e-08,-0.0071119658
-5.834613e-08,-0.0071155561
-5.824613e-08,-0.0071241728
-5.814613e-08,-0.0071335076
-5.804613e-08,-0.0071370979
-5.794613e-08,-0.007127045
-5.784613e-08,-0.0071011949
-5.774613e-08,-0.0070638557
-5.764613e-08,-0.0070272346
-5.754613e-08,-0.0070021025
-5.744613e-08,-0.0069977941
-5.734613e-08,-0.0070128734
-5.724613e-08,-0.0070387236
-5.714613e-08,-0.0070602654
-5.704613e-08,-0.0070667279
-5.694613e-08,-0.0070545209
-5.684613e-08,-0.0070308249
-5.674613e-08,-0.0070071289
-5.664613e-08,-0.0069977941
-5.654613e-08,-0.007007847
-5.644613e-08,-0.0070351333
-5.634613e-08,-0.0070667279
-5.624613e-08,-0.0070897059
-5.614613e-08,-0.0070968865
-5.604613e-08,-0.0070882698
-5.594613e-08,-0.0070739085
-5.584613e-08,-0.0070667279
-5.574613e-08,-0.0070760627
-5.564613e-08,-0.007103349
-5.554613e-08,-0.0071428424
-5.544613e-08,-0.0071816176
-5.534613e-08,-0.007208904
-5.524613e-08,-0.0072196749
-5.514613e-08,-0.0072153665
-5.504613e-08,-0.0072045956
-5.494613e-08,-0.0071952608
-5.484613e-08,-0.0071938247
-5.474613e-08,-0.0072017233
-5.464613e-08,-0.0072160846
-5.454613e-08,-0.0072318819
-5.444613e-08,-0.0072469612
-5.434613e-08,-0.0072598863
-5.424613e-08,-0.0072735294
-5.414613e-08,-0.0072878906
-5.404613e-08,-0.007304406
-5.394613e-08,-0.0073194853
-5.384613e-08,-0.0073309743
-5.374613e-08,-0.0073381549
-5.364613e-08,-0.0073403091
-5.354613e-08,-0.0073410271
-5.344613e-08,-0.0073424632
-5.334613e-08,-0.0073453355
-5.324613e-08,-0.0073482077
-5.314613e-08,-0.0073474897
-5.304613e-08,-0.0073424632
-5.294613e-08,-0.0073324104
-5.284613e-08,-0.0073202034
-5.274613e-08,-0.0073108686
-5.264613e-08,-0.0073079963
-5.254613e-08,-0.0073123047
-5.244613e-08,-0.0073194853
-5.234613e-08,-0.0073237937
-5.224613e-08,-0.0073194853
-5.214613e-08,-0.007303688
-5.204613e-08,-0.007279992
-5.194613e-08,-0.0072519876
-5.184613e-08,-0.0072275735
-5.174613e-08,-0.0072103401
-5.164613e-08,-0.0072002872
-5.154613e-08,-0.0071959789
-5.144613e-08,-0.0071931066
-5.134613e-08,-0.0071902344
-5.124613e-08,-0.007185926
-5.114613e-08,-0.0071830538
-5.104613e-08,-0.0071816176
-5.094613e-08,-0.0071808996
-5.084613e-08,-0.0071780273
-5.074613e-08,-0.0071708467
-5.064613e-08,-0.0071586397
-5.054613e-08,-0.0071435604
-5.044613e-08,-0.0071306353
-5.034613e-08,-0.0071241728
-5.024613e-08,-0.0071241728
-5.014613e-08,-0.0071284812
-5.004613e-08,-0.0071291992
-4.994613e-08,-0.0071205825
-4.984613e-08,-0.0071011949
-4.974613e-08,-0.0070746266
-4.964613e-08,-0.0070494945
-4.954613e-08,-0.0070380055
-4.944613e-08,-0.00704375
-4.934613e-08,-0.0070660099
-4.924613e-08,-0.0070947323
-4.914613e-08,-0.0071177102
-4.904613e-08,-0.0071241728
-4.894613e-08,-0.0071119658
-4.884613e-08,-0.0070853975
-4.874613e-08,-0.007055957
-4.864613e-08,-0.007032261
-4.854613e-08,-0.007020054
-4.844613e-08,-0.0070164637
-4.834613e-08,-0.0070150276
-4.824613e-08,-0.0070092831
-4.814613e-08,-0.006996358
-4.804613e-08,-0.0069805607
-4.794613e-08,-0.0069676356
-4.784613e-08,-0.0069633272
-4.774613e-08,-0.0069690717
-4.764613e-08,-0.0069805607
-4.754613e-08,-0.0069884593
-4.744613e-08,-0.0069863051
-4.734613e-08,-0.0069719439
-4.724613e-08,-0.0069504021
-4.714613e-08,-0.0069302964
-4.704613e-08,-0.0069173713
-4.694613e-08,-0.0069152171
-4.684613e-08,-0.0069188074
-4.674613e-08,-0.0069216797
-4.664613e-08,-0.0069173713
-4.654613e-08,-0.0069051643
-4.644613e-08,-0.006889367
-4.634613e-08,-0.0068800322
-4.624613e-08,-0.0068829044
-4.614613e-08,-0.0068979837
-4.604613e-08,-0.0069195255
-4.594613e-08,-0.0069360409
-4.584613e-08,-0.0069403493
-4.574613e-08,-0.0069295784
-4.564613e-08,-0.0069101907
-4.554613e-08,-0.0068915211
-4.544613e-08,-0.0068829044
-4.534613e-08,-0.0068864947
-4.524613e-08,-0.0068958295
-4.514613e-08,-0.006901574
-4.504613e-08,-0.0068943934
-4.494613e-08,-0.0068721335
-4.484613e-08,-0.0068412569
-4.474613e-08,-0.0068139706
-4.464613e-08,-0.0068024816
-4.454613e-08,-0.0068103803
-4.444613e-08,-0.0068326402
-4.434613e-08,-0.0068570542
-4.424613e-08,-0.0068714154
-4.414613e-08,-0.0068685432
-4.404613e-08,-0.0068520278
-4.394613e-08,-0.0068297679
-4.384613e-08,-0.0068139706
-4.374613e-08,-0.0068118164
-4.364613e-08,-0.0068225873
-4.354613e-08,-0.0068376666
-4.344613e-08,-0.0068484375
-4.334613e-08,-0.0068484375
-4.324613e-08,-0.0068398208
-4.314613e-08,-0.0068290499
-4.304613e-08,-0.0068254596
-4.294613e-08,-0.0068333582
-4.284613e-08,-0.0068513097
-4.274613e-08,-0.0068706974
-4.264613e-08,-0.0068829044
-4.254613e-08,-0.0068814683
-4.244613e-08,-0.0068678251
-4.234613e-08,-0.0068498736
-4.224613e-08,-0.0068369485
-4.214613e-08,-0.0068347943
-4.204613e-08,-0.0068441291
-4.194613e-08,-0.0068584903
-4.184613e-08,-0.0068714154
-4.174613e-08,-0.006877878
-4.164613e-08,-0.006877878
-4.154613e-08,-0.006877878
-4.144613e-08,-0.0068829044
-4.134613e-08,-0.0068972656
-4.124613e-08,-0.0069195255
-4.114613e-08,-0.0069432215
-4.104613e-08,-0.0069633272
-4.094613e-08,-0.0069755342
-4.084613e-08,-0.0069819968
-4.074613e-08,-0.0069877413
-4.064613e-08,-0.0069977941
-4.054613e-08,-0.0070143095
-4.044613e-08,-0.0070336972
-4.034613e-08,-0.0070487764
-4.024613e-08,-0.007055239
-4.014613e-08,-0.0070509306
-4.004613e-08,-0.0070415958
-3.994613e-08,-0.0070365694
-3.984613e-08,-0.00704375
-3.974613e-08,-0.0070660099
-3.964613e-08,-0.0070990407
-3.954613e-08,-0.0071335076
-3.944613e-08,-0.0071586397
-3.934613e-08,-0.0071694106
-3.924613e-08,-0.0071679745
-3.914613e-08,-0.0071607939
-3.904613e-08,-0.0071586397
-3.894613e-08,-0.0071651023
-3.884613e-08,-0.0071801815
-3.874613e-08,-0.0071959789
-3.864613e-08,-0.0072045956
-3.854613e-08,-0.0072010053
-3.844613e-08,-0.0071866441
-3.834613e-08,-0.0071694106
-3.824613e-08,-0.0071586397
-3.814613e-08,-0.0071593578
-3.804613e-08,-0.0071722829
-3.794613e-08,-0.0071902344
-3.784613e-08,-0.0072045956
-3.774613e-08,-0.0072074678
-3.764613e-08,-0.007198133
-3.754613e-08,-0.0071794635
-3.744613e-08,-0.0071586397
-3.734613e-08,-0.0071421243
-3.724613e-08,-0.0071313534
-3.714613e-08,-0.0071227367
-3.704613e-08,-0.0071126838
-3.694613e-08,-0.0070961684
-3.684613e-08,-0.0070746266
-3.674613e-08,-0.0070509306
-3.664613e-08,-0.007032261
-3.654613e-08,-0.0070229262
-3.644613e-08,-0.0070243624
-3.634613e-08,-0.0070336972
-3.624613e-08,-0.00704375
-3.614613e-08,-0.0070502125
-3.604613e-08,-0.0070494945
-3.594613e-08,-0.0070430319
-3.584613e-08,-0.007032261
-3.574613e-08,-0.0070193359
-3.564613e-08,-0.0070064108
-3.554613e-08,-0.0069913316
-3.544613e-08,-0.0069748162
-3.534613e-08,-0.0069568647
-3.524613e-08,-0.0069410673
-3.514613e-08,-0.0069302964
-3.504613e-08,-0.0069288603
-3.494613e-08,-0.0069360409
-3.484613e-08,-0.0069496841
-3.474613e-08,-0.0069640453
-3.464613e-08,-0.0069748162
-3.454613e-08,-0.0069805607
-3.444613e-08,-0.0069827148
-3.434613e-08,-0.0069834329
-3.424613e-08,-0.0069863051
-3.414613e-08,-0.0069913316
-3.404613e-08,-0.0069949219
-3.394613e-08,-0.0069942038
-3.384613e-08,-0.0069863051
-3.374613e-08,-0.006972662
-3.364613e-08,-0.0069583008
-3.354613e-08,-0.0069496841
-3.344613e-08,-0.0069518382
-3.334613e-08,-0.0069654814
-3.324613e-08,-0.0069870232
-3.314613e-08,-0.007007847
-3.304613e-08,-0.0070207721
-3.294613e-08,-0.0070236443
-3.284613e-08,-0.0070186179
-3.274613e-08,-0.0070114373
-3.264613e-08,-0.0070092831
-3.254613e-08,-0.0070150276
-3.244613e-08,-0.0070286707
-3.234613e-08,-0.00704375
-3.224613e-08,-0.007055239
-3.214613e-08,-0.0070595473
-3.204613e-08,-0.0070581112
-3.194613e-08,-0.0070545209
-3.184613e-08,-0.007055239
-3.174613e-08,-0.0070631376
-3.164613e-08,-0.0070774989
-3.154613e-08,-0.0070954504
-3.144613e-08,-0.0071126838
-3.134613e-08,-0.007126327
-3.124613e-08,-0.0071370979
-3.114613e-08,-0.0071471507
-3.104613e-08,-0.0071586397
-3.094613e-08,-0.0071722829
-3.084613e-08,-0.0071866441
-3.074613e-08,-0.007198133
-3.064613e-08,-0.0072045956
-3.054613e-08,-0.0072053136
-3.044613e-08,-0.0072024414
-3.034613e-08,-0.0072017233
-3.024613e-08,-0.0072045956
-3.014613e-08,-0.0072117762
-3.004613e-08,-0.007221111
-2.994613e-08,-0.0072275735
-2.984613e-08,-0.0072275735
-2.974613e-08,-0.0072225471
-2.964613e-08,-0.0072160846
-2.954613e-08,-0.0072124943
-2.944613e-08,-0.0072160846
-2.934613e-08,-0.0072254193
-2.924613e-08,-0.0072340361
-2.914613e-08,-0.0072369083
-2.904613e-08,-0.0072275735
-2.894613e-08,-0.0072074678
-2.884613e-08,-0.0071816176
-2.874613e-08,-0.0071593578
-2.864613e-08,-0.0071471507
-2.854613e-08,-0.0071478688
-2.844613e-08,-0.0071564855
-2.834613e-08,-0.0071665384
-2.824613e-08,-0.0071701287
-2.814613e-08,-0.0071636661
-2.804613e-08,-0.007150023
-2.794613e-08,-0.0071342256
-2.784613e-08,-0.0071241728
-2.774613e-08,-0.0071213006
-2.764613e-08,-0.0071241728
-2.754613e-08,-0.007127045
-2.744613e-08,-0.0071241728
-2.734613e-08,-0.007114838
-2.724613e-08,-0.007102631
-2.714613e-08,-0.0070961684
-2.704613e-08,-0.0071011949
-2.694613e-08,-0.0071205825
-2.684613e-08,-0.0071485869
-2.674613e-08,-0.0071765912
-2.664613e-08,-0.0071931066
-2.654613e-08,-0.0071931066
-2.644613e-08,-0.0071773093
-2.634613e-08,-0.0071543313
-2.624613e-08,-0.0071356618
-2.614613e-08,-0.0071299173
-2.604613e-08,-0.0071392521
-2.594613e-08,-0.0071593578
-2.584613e-08,-0.0071816176
-2.574613e-08,-0.007197415
-2.564613e-08,-0.0072031595
-2.554613e-08,-0.0072002872
-2.544613e-08,-0.0071931066
-2.534613e-08,-0.0071887983
-2.524613e-08,-0.0071902344
-2.514613e-08,-0.007197415
-2.504613e-08,-0.0072045956
-2.494613e-08,-0.0072074678
-2.484613e-08,-0.0072017233
-2.474613e-08,-0.0071880802
-2.464613e-08,-0.0071701287
-2.454613e-08,-0.0071528952
-2.444613e-08,-0.0071406882
-2.434613e-08,-0.0071349437
-2.424613e-08,-0.0071356618
-2.414613e-08,-0.0071406882
-2.404613e-08,-0.0071471507
-2.394613e-08,-0.0071536133
-2.384613e-08,-0.0071586397
-2.374613e-08,-0.0071629481
-2.364613e-08,-0.0071658203
-2.354613e-08,-0.0071672564
-2.344613e-08,-0.0071701287
-2.334613e-08,-0.0071751551
-2.324613e-08,-0.0071837718
-2.314613e-08,-0.007198133
-2.304613e-08,-0.0072160846
-2.294613e-08,-0.0072340361
-2.284613e-08,-0.0072462431
-2.274613e-08,-0.0072483973
-2.264613e-08,-0.0072390625
-2.254613e-08,-0.0072203929
-2.244613e-08,-0.0071995692
-2.234613e-08,-0.0071844899
-2.224613e-08,-0.0071816176
-2.214613e-08,-0.0071916705
-2.204613e-08,-0.0072117762
-2.194613e-08,-0.0072340361
-2.184613e-08,-0.0072505515
-2.174613e-08,-0.007257014
-2.164613e-08,-0.0072541418
-2.154613e-08,-0.007245525
-2.144613e-08,-0.0072390625
-2.134613e-08,-0.0072390625
-2.124613e-08,-0.0072469612
-2.114613e-08,-0.0072598863
-2.104613e-08,-0.0072735294
-2.094613e-08,-0.0072821461
-2.084613e-08,-0.0072843003
-2.074613e-08,-0.007279992
-2.064613e-08,-0.0072735294
-2.054613e-08,-0.007268503
-2.044613e-08,-0.007269221
-2.034613e-08,-0.0072749655
-2.024613e-08,-0.0072850184
-2.014613e-08,-0.0072972254
-2.004613e-08,-0.0073079963
-1.994613e-08,-0.0073166131
-1.984613e-08,-0.0073194853
-1.974613e-08,-0.0073166131
-1.964613e-08,-0.0073072783
-1.954613e-08,-0.007292199
-1.944613e-08,-0.0072735294
-1.934613e-08,-0.0072548598
-1.924613e-08,-0.0072404986
-1.914613e-08,-0.0072347541
-1.904613e-08,-0.0072390625
-1.894613e-08,-0.0072519876
-1.884613e-08,-0.0072677849
-1.874613e-08,-0.00728071
-1.864613e-08,-0.0072850184
-1.854613e-08,-0.0072792739
-1.844613e-08,-0.0072656307
-1.834613e-08,-0.0072498334
-1.824613e-08,-0.0072390625
-1.814613e-08,-0.0072361903
-1.804613e-08,-0.0072426528
-1.794613e-08,-0.0072527057
-1.784613e-08,-0.0072620404
-1.774613e-08,-0.0072649127
-1.764613e-08,-0.0072606043
-1.754613e-08,-0.0072505515
-1.744613e-08,-0.0072390625
-1.734613e-08,-0.0072318819
-1.724613e-08,-0.0072318819
-1.714613e-08,-0.0072390625
-1.704613e-08,-0.0072505515
-1.694613e-08,-0.0072627585
-1.684613e-08,-0.0072713752
-1.674613e-08,-0.0072749655
-1.664613e-08,-0.0072735294
-1.654613e-08,-0.0072699391
-1.644613e-08,-0.0072656307
-1.634613e-08,-0.0072627585
-1.624613e-08,-0.0072620404
-1.614613e-08,-0.0072620404
-1.604613e-08,-0.0072627585
-1.594613e-08,-0.0072627585
-1.584613e-08,-0.0072620404
-1.574613e-08,-0.0072606043
-1.564613e-08,-0.0072577321
-1.554613e-08,-0.0072541418
-1.544613e-08,-0.0072505515
-1.534613e-08,-0.0072462431
-1.524613e-08,-0.0072426528
-1.514613e-08,-0.0072397806
-1.504613e-08,-0.0072390625
-1.494613e-08,-0.0072397806
-1.484613e-08,-0.0072404986
-1.474613e-08,-0.0072404986
-1.464613e-08,-0.0072390625
-1.454613e-08,-0.0072354722
-1.444613e-08,-0.0072311638
-1.434613e-08,-0.0072275735
-1.424613e-08,-0.0072275735
-1.414613e-08,-0.0072318819
-1.404613e-08,-0.0072404986
-1.394613e-08,-0.0072512695
-1.384613e-08,-0.0072620404
-1.374613e-08,-0.0072706572
-1.364613e-08,-0.0072749655
-1.354613e-08,-0.0072756836
-1.344613e-08,-0.0072735294
-1.334613e-08,-0.0072699391
-1.324613e-08,-0.0072670669
-1.314613e-08,-0.0072641946
-1.304613e-08,-0.0072620404
-1.294613e-08,-0.0072591682
-1.284613e-08,-0.0072541418
-1.274613e-08,-0.0072476792
-1.264613e-08,-0.0072390625
-1.254613e-08,-0.0072304458
-1.244613e-08,-0.0072225471
-1.234613e-08,-0.0072175207
-1.224613e-08,-0.0072160846
-1.214613e-08,-0.0072182387
-1.204613e-08,-0.0072232652
-1.194613e-08,-0.0072268555
-1.184613e-08,-0.0072275735
-1.174613e-08,-0.0072225471
-1.164613e-08,-0.0072117762
-1.154613e-08,-0.0071966969
-1.144613e-08,-0.0071816176
-1.134613e-08,-0.0071694106
-1.124613e-08,-0.00716223
-1.114613e-08,-0.0071600758
-1.104613e-08,-0.0071586397
-1.094613e-08,-0.0071528952
-1.084613e-08,-0.0071392521
-1.074613e-08,-0.0071169922
-1.064613e-08,-0.0070897059
-1.054613e-08,-0.0070638557
-1.044613e-08,-0.0070459042
-1.034613e-08,-0.0070401597
-1.024613e-08,-0.00704375
-1.014613e-08,-0.0070516487
-1.004613e-08,-0.007055239
-9.946127e-09,-0.0070494945
-9.846127e-09,-0.007032261
-9.746127e-09,-0.0070092831
-9.646127e-09,-0.0069877413
-9.546127e-09,-0.0069755342
-9.446127e-09,-0.0069748162
-9.346127e-09,-0.0069812787
-9.246127e-09,-0.0069884593
-9.146127e-09,-0.0069870232
-9.046127e-09,-0.0069748162
-8.946127e-09,-0.0069539924
-8.846127e-09,-0.0069338867
-8.746127e-09,-0.0069238339
-8.646127e-09,-0.0069288603
-8.546127e-09,-0.0069468118
-8.446127e-09,-0.0069697898
-8.346127e-09,-0.0069855871
-8.246127e-09,-0.0069863051
-8.146127e-09,-0.0069705078
-8.046127e-09,-0.0069439396
-7.946127e-09,-0.0069188074
-7.846127e-09,-0.0069058824
-7.746127e-09,-0.0069094727
-7.646127e-09,-0.0069259881
-7.546127e-09,-0.0069475299
-7.446127e-09,-0.0069633272
-7.346127e-09,-0.0069683536
-7.246127e-09,-0.0069633272
-7.146127e-09,-0.0069547105
-7.046127e-09,-0.0069518382
-6.946127e-09,-0.0069597369
-6.846127e-09,-0.0069776884
-6.746127e-09,-0.0070006664
-6.646127e-09,-0.0070207721
-6.546127e-09,-0.0070308249
-6.446127e-09,-0.0070301068
-6.346127e-09,-0.0070207721
-6.246127e-09,-0.0070092831
-6.146127e-09,-0.0069999483
-6.046127e-09,-0.0069942038
-5.946127e-09,-0.0069906135
-5.846127e-09,-0.0069863051
-5.746127e-09,-0.0069791245
-5.646127e-09,-0.0069676356
-5.546127e-09,-0.0069547105
-5.446127e-09,-0.0069403493
-5.346127e-09,-0.0069231158
-5.246127e-09,-0.0068994198
-5.146127e-09,-0.0068642348
-5.046127e-09,-0.0068139706
-4.946127e-09,-0.0067500632
-4.846127e-09,-0.0066761029
-4.746127e-09,-0.0066007066
-4.646127e-09,-0.0065267463
-4.546127e-09,-0.0064563764
-4.446127e-09,-0.0063845703
-4.346127e-09,-0.0063034295
-4.246127e-09,-0.0062050551
-4.146127e-09,-0.006085139
-4.046127e-09,-0.005942963
-3.946127e-09,-0.0057828355
-3.846127e-09,-0.0056076287
-3.746127e-09,-0.0054202148
-3.646127e-09,-0.0052191579
-3.546127e-09,-0.0050023035
-3.446127e-09,-0.0047689338
-3.346127e-09,-0.0045197668
-3.246127e-09,-0.0042598288
-3.146127e-09,-0.0039934283
-3.046127e-09,-0.0037234375
-2.946127e-09,-0.0034491383
-2.846127e-09,-0.0031662224
-2.746127e-09,-0.0028718176
-2.646127e-09,-0.0025630515
-2.546127e-09,-0.0022449506
-2.446127e-09,-0.0019246955
-2.346127e-09,-0.0016087489
-2.246127e-09,-0.0012992647
-2.146127e-09,-0.00099121668
-2.046127e-09,-0.00067670611
-1.946127e-09,-0.00034711627
-1.846127e-09,-1.0110294e-06
-1.746127e-09,0.000354429
-1.646127e-09,0.0007048426
-1.546127e-09,0.0010373047
-1.446127e-09,0.0013431985
-1.346127e-09,0.0016253964
-1.246127e-09,0.0018946691
-1.146127e-09,0.002165378
-1.046127e-09,0.0024461397
-9.461272e-10,0.002734082
-8.461272e-10,0.003017716
-7.461272e-10,0.0032812443
-6.461272e-10,0.003514614
-5.461272e-10,0.0037178251
-4.461272e-10,0.0039038028
-3.461272e-10,0.0040883444
-2.461272e-10,0.004284375
-1.461272e-10,0.0044933307
-4.612718e-11,0.0047037224
5.387282e-11,0.0048961627
1.538728e-10,0.005054136
2.538728e-10,0.005171898
3.538728e-10,0.0052587833
4.538728e-10,0.0053320255
5.538728e-10,0.0054102941
6.538728e-10,0.005503642
7.538728e-10,0.0056077608
8.538728e-10,0.0057082893
9.538728e-10,0.0057894301
1.053873e-09,0.0058418486
1.153873e-09,0.0058669807
1.253873e-09,0.0058791877
1.353873e-09,0.0058928309
1.453873e-09,0.0059193991
1.553873e-09,0.0059581744
1.653873e-09,0.0059998219
1.753873e-09,0.0060306985
1.853873e-09,0.0060421875
1.953873e-09,0.0060335708
2.053873e-09,0.0060141831
2.153873e-09,0.0059962316
2.253873e-09,0.0059897691
2.353873e-09,0.0059955136
2.453873e-09,0.0060084386
2.553873e-09,0.0060192096
2.653873e-09,0.0060213637
2.753873e-09,0.0060149012
2.853873e-09,0.0060041303
2.953873e-09,0.0059962316
3.053873e-09,0.0059947955
3.153873e-09,0.0059991039
3.253873e-09,0.006001258
3.353873e-09,0.0059962316
3.453873e-09,0.0059818704
3.553873e-09,0.0059624828
3.653873e-09,0.0059452493
3.753873e-09,0.0059387868
3.853873e-09,0.0059445313
3.953873e-09,0.0059596105
4.053873e-09,0.0059746898
4.153873e-09,0.0059847426
4.253873e-09,0.0059876149
4.353873e-09,0.0059876149
4.453873e-09,0.0059926413
4.553873e-09,0.0060077206
4.653873e-09,0.0060306985
4.753873e-09,0.0060551126
4.853873e-09,0.006072346
4.953873e-09,0.0060766544
5.053873e-09,0.006071628
5.153873e-09,0.0060666016
5.253873e-09,0.0060737822
5.353873e-09,0.0060996324
5.453873e-09,0.0061391257
5.553873e-09,0.0061807732
5.653873e-09,0.0062087776
5.753873e-09,0.0062145221
5.853873e-09,0.0062008789
5.953873e-09,0.0061814913
6.053873e-09,0.0061743107
6.153873e-09,0.0061915441
6.253873e-09,0.0062317555
6.353873e-09,0.0062798656
6.453873e-09,0.0063179228
6.553873e-09,0.0063294118
6.653873e-09,0.0063128964
6.753873e-09,0.0062805836
6.853873e-09,0.0062532973
6.953873e-09,0.006248989
7.053873e-09,0.006273403
7.153873e-09,0.0063164867
7.253873e-09,0.0063602884
7.353873e-09,0.0063868566
7.453873e-09,0.0063890108
7.553873e-09,0.0063739315
7.653873e-09,0.0063566981
7.753873e-09,0.0063523897
7.853873e-09,0.0063660329
7.953873e-09,0.0063897289
8.053873e-09,0.0064091165
8.153873e-09,0.0064098346
8.253873e-09,0.0063897289
8.353873e-09,0.0063588523
8.453873e-09,0.0063373104
8.553873e-09,0.0063409007
8.653873e-09,0.0063732135
8.753873e-09,0.0064213235
8.853873e-09,0.0064636891
8.953873e-09,0.0064787684
9.053873e-09,0.0064572266
9.153873e-09,0.0064076804
9.253873e-09,0.0063531078
9.353873e-09,0.0063179228
9.453873e-09,0.0063164867
9.553873e-09,0.0063459272
9.653873e-09,0.0063890108
9.753873e-09,0.0064213235
9.853873e-09,0.006427068
9.953873e-09,0.0064048081
1.005387e-08,0.0063653148
1.015387e-08,0.0063294118
1.025387e-08,0.0063114602
1.035387e-08,0.0063157686
1.045387e-08,0.0063337201
1.055387e-08,0.0063523897
1.065387e-08,0.0063588523
1.075387e-08,0.0063502355
1.085387e-08,0.0063330021
1.095387e-08,0.0063179228
1.105387e-08,0.0063128964
1.115387e-08,0.0063193589
1.125387e-08,0.0063315659
1.135387e-08,0.0063409007
1.145387e-08,0.0063423369
1.155387e-08,0.0063380285
1.165387e-08,0.0063344382
1.175387e-08,0.0063409007
1.185387e-08,0.0063581342
1.195387e-08,0.0063811121
1.205387e-08,0.0063976275
1.215387e-08,0.0063983456
1.225387e-08,0.006379676
1.235387e-08,0.0063487994
1.245387e-08,0.006320077
1.255387e-08,0.0063064338
1.265387e-08,0.0063150506
1.275387e-08,0.0063401827
1.285387e-08,0.0063689051
1.295387e-08,0.0063868566
1.305387e-08,0.0063854205
1.315387e-08,0.0063667509
1.325387e-08,0.0063401827
1.335387e-08,0.0063179228
1.345387e-08,0.0063057158
1.355387e-08,0.0063014074
1.365387e-08,0.006297099
1.375387e-08,0.0062834559
1.385387e-08,0.0062568876
1.395387e-08,0.0062238568
1.405387e-08,0.0061944164
1.415387e-08,0.0061800551
1.425387e-08,0.0061850816
1.435387e-08,0.0062030331
1.445387e-08,0.0062209846
1.455387e-08,0.006226011
1.465387e-08,0.0062130859
1.475387e-08,0.0061850816
1.485387e-08,0.006154923
1.495387e-08,0.0061340993
1.505387e-08,0.0061283548
1.515387e-08,0.0061333812
1.525387e-08,0.0061391257
1.535387e-08,0.0061340993
1.545387e-08,0.0061125574
1.555387e-08,0.0060788086
1.565387e-08,0.0060436236
1.575387e-08,0.0060192096
1.585387e-08,0.0060098748
1.595387e-08,0.006012029
1.605387e-08,0.0060149012
1.615387e-08,0.0060077206
1.625387e-08,0.0059854607
1.635387e-08,0.0059517119
1.645387e-08,0.0059172449
1.655387e-08,0.0058928309
1.665387e-08,0.0058842142
1.675387e-08,0.0058870864
1.685387e-08,0.0058935489
1.695387e-08,0.0058928309
1.705387e-08,0.00588206
1.715387e-08,0.0058648265
1.725387e-08,0.0058504653
1.735387e-08,0.005846875
1.745387e-08,0.0058554917
1.755387e-08,0.0058698529
1.765387e-08,0.0058777516
1.775387e-08,0.0058698529
1.785387e-08,0.0058447208
1.795387e-08,0.005810972
1.805387e-08,0.0057808134
1.815387e-08,0.0057664522
1.825387e-08,0.0057714786
1.835387e-08,0.0057887121
1.845387e-08,0.0058059455
1.855387e-08,0.0058124081
1.865387e-08,0.0058030733
1.875387e-08,0.0057851218
1.885387e-08,0.0057693244
1.895387e-08,0.0057664522
1.905387e-08,0.0057786592
1.915387e-08,0.0058002011
1.925387e-08,0.0058188706
1.935387e-08,0.0058238971
1.945387e-08,0.0058145623
1.955387e-08,0.0057973288
1.965387e-08,0.0057858398
1.975387e-08,0.0057894301
1.985387e-08,0.0058080997
1.995387e-08,0.0058310777
2.005387e-08,0.0058440028
2.015387e-08,0.005835386
2.025387e-08,0.0058052275
2.035387e-08,0.005764298
2.045387e-08,0.0057312672
2.055387e-08,0.0057204963
2.065387e-08,0.0057355756
2.075387e-08,0.0057664522
2.085387e-08,0.0057937385
2.095387e-08,0.0058009191
2.105387e-08,0.0057822495
2.115387e-08,0.0057456284
2.125387e-08,0.0057075712
2.135387e-08,0.0056860294
2.145387e-08,0.0056874655
2.155387e-08,0.0057061351
2.165387e-08,0.0057262408
2.175387e-08,0.0057319853
2.185387e-08,0.005716906
2.195387e-08,0.0056867475
2.205387e-08,0.0056558709
2.215387e-08,0.0056400735
2.225387e-08,0.005645818
2.235387e-08,0.0056673598
2.245387e-08,0.0056896197
2.255387e-08,0.0056975184
2.265387e-08,0.0056845933
2.275387e-08,0.0056551528
2.285387e-08,0.0056235581
2.295387e-08,0.0056056066
2.305387e-08,0.0056070427
2.315387e-08,0.0056228401
2.325387e-08,0.0056386374
2.335387e-08,0.0056400735
2.345387e-08,0.005621404
2.355387e-08,0.0055876551
2.365387e-08,0.0055546243
2.375387e-08,0.0055366728
2.385387e-08,0.0055409812
2.395387e-08,0.005562523
2.405387e-08,0.0055855009
2.415387e-08,0.0055941176
2.425387e-08,0.0055797564
2.435387e-08,0.0055467256
2.445387e-08,0.0055079504
2.455387e-08,0.0054792279
2.465387e-08,0.0054691751
2.475387e-08,0.0054756376
2.485387e-08,0.0054871266
2.495387e-08,0.0054907169
2.505387e-08,0.0054792279
2.515387e-08,0.00545625
2.525387e-08,0.0054332721
2.535387e-08,0.0054217831
2.545387e-08,0.0054260915
2.555387e-08,0.0054397346
2.565387e-08,0.0054505055
2.575387e-08,0.005444761
2.585387e-08,0.0054174747
2.595387e-08,0.0053758272
2.605387e-08,0.0053334616
2.615387e-08,0.0053068934
2.625387e-08,0.005302585
2.635387e-08,0.0053162282
2.645387e-08,0.0053341797
2.655387e-08,0.0053413603
2.665387e-08,0.0053313074
2.675387e-08,0.0053083295
2.685387e-08,0.0052839154
2.695387e-08,0.0052724265
2.705387e-08,0.0052796071
2.715387e-08,0.0053011489
2.725387e-08,0.0053226907
2.735387e-08,0.0053298713
2.745387e-08,0.005314792
2.755387e-08,0.0052817613
2.765387e-08,0.005242986
2.775387e-08,0.0052149816
2.785387e-08,0.0052056468
2.795387e-08,0.0052142636
2.805387e-08,0.0052293428
2.815387e-08,0.0052379596
2.825387e-08,0.0052322151
2.835387e-08,0.0052121094
2.845387e-08,0.0051876953
2.855387e-08,0.0051690257
2.865387e-08,0.0051618451
2.875387e-08,0.0051632813
2.885387e-08,0.0051647174
2.895387e-08,0.0051575368
2.905387e-08,0.0051388672
2.915387e-08,0.0051144531
2.925387e-08,0.0050943474
2.935387e-08,0.0050886029
2.945387e-08,0.0050993739
2.955387e-08,0.0051187615
2.965387e-08,0.0051345588
2.975387e-08,0.0051345588
2.985387e-08,0.0051144531
2.995387e-08,0.0050821404
3.005387e-08,0.0050498277
3.015387e-08,0.0050311581
3.025387e-08,0.00503044
3.035387e-08,0.0050404929
3.045387e-08,0.0050491096
3.055387e-08,0.0050426471
3.065387e-08,0.0050153608
3.075387e-08,0.0049744313
3.085387e-08,0.0049320657
3.095387e-08,0.0049047794
3.105387e-08,0.0048990349
3.115387e-08,0.0049126781
3.125387e-08,0.0049342199
3.135387e-08,0.0049507353
3.145387e-08,0.0049557617
3.155387e-08,0.0049500172
3.165387e-08,0.0049421186
3.175387e-08,0.0049392463
3.185387e-08,0.0049442727
3.195387e-08,0.0049514534
3.205387e-08,0.0049521714
3.215387e-08,0.0049392463
3.225387e-08,0.0049126781
3.235387e-08,0.0048825195
3.245387e-08,0.0048609777
3.255387e-08,0.0048588235
3.265387e-08,0.0048753389
3.275387e-08,0.0049011891
3.285387e-08,0.0049191406
3.295387e-08,0.0049162684
3.305387e-08,0.0048904182
3.315387e-08,0.0048502068
3.325387e-08,0.0048121496
3.335387e-08,0.0047898897
3.345387e-08,0.0047870175
3.355387e-08,0.0047963523
3.365387e-08,0.0048013787
3.375387e-08,0.0047898897
3.385387e-08,0.004757577
3.395387e-08,0.0047137753
3.405387e-08,0.0046735639
3.415387e-08,0.0046520221
3.425387e-08,0.0046527401
3.435387e-08,0.0046678194
3.445387e-08,0.0046800264
3.455387e-08,0.004675
3.465387e-08,0.0046484318
3.475387e-08,0.0046096565
3.485387e-08,0.0045751896
3.495387e-08,0.0045601103
3.505387e-08,0.0045694451
3.515387e-08,0.0045938591
3.525387e-08,0.0046118107
3.535387e-08,0.0046060662
3.545387e-08,0.0045672909
3.555387e-08,0.0045041016
3.565387e-08,0.0044373219
3.575387e-08,0.0043877757
3.585387e-08,0.0043698242
3.595387e-08,0.0043805951
3.605387e-08,0.0044050092
3.615387e-08,0.0044222426
3.625387e-08,0.0044186523
3.635387e-08,0.0043935202
3.645387e-08,0.0043583352
3.655387e-08,0.0043303309
3.665387e-08,0.0043217142
3.675387e-08,0.0043324851
3.685387e-08,0.0043525908
3.695387e-08,0.0043647978
3.705387e-08,0.0043576172
3.715387e-08,0.0043296128
3.725387e-08,0.0042886834
3.735387e-08,0.0042499081
3.745387e-08,0.004225494
3.755387e-08,0.0042204676
3.765387e-08,0.0042276482
3.775387e-08,0.0042384191
3.785387e-08,0.0042434455
3.795387e-08,0.0042398552
3.805387e-08,0.0042319566
3.815387e-08,0.0042269301
3.825387e-08,0.0042276482
3.835387e-08,0.0042333927
3.845387e-08,0.0042355469
3.855387e-08,0.0042269301
3.865387e-08,0.0042039522
3.875387e-08,0.0041702034
3.885387e-08,0.0041357364
3.895387e-08,0.0041120404
3.905387e-08,0.0041048598
3.915387e-08,0.0041127585
3.925387e-08,0.0041256836
3.935387e-08,0.0041350184
3.945387e-08,0.0041328642
3.955387e-08,0.0041199391
3.965387e-08,0.0041027057
3.975387e-08,0.0040890625
3.985387e-08,0.004083318
3.995387e-08,0.0040840361
4.005387e-08,0.0040840361
4.015387e-08,0.0040775735
4.025387e-08,0.0040610581
4.035387e-08,0.0040380802
4.045387e-08,0.0040143842
4.055387e-08,0.0039971507
4.065387e-08,0.0039878159
4.075387e-08,0.0039813534
4.085387e-08,0.0039713006
4.095387e-08,0.0039511949
4.105387e-08,0.0039217544
4.115387e-08,0.0038901597
4.125387e-08,0.0038671818
4.135387e-08,0.0038592831
4.145387e-08,0.0038657456
4.155387e-08,0.0038786707
4.165387e-08,0.0038836972
4.175387e-08,0.0038707721
4.185387e-08,0.0038384593
4.195387e-08,0.0037960938
4.205387e-08,0.0037566004
4.215387e-08,0.0037329044
4.225387e-08,0.0037300322
4.235387e-08,0.0037415211
4.245387e-08,0.0037544462
4.255387e-08,0.0037558824
4.265387e-08,0.0037415211
4.275387e-08,0.0037149529
4.285387e-08,0.0036891027
4.295387e-08,0.0036754596
4.305387e-08,0.0036783318
4.315387e-08,0.003691975
4.325387e-08,0.0037027459
4.335387e-08,0.0036984375
4.345387e-08,0.0036733054
4.355387e-08,0.0036316579
4.365387e-08,0.0035892923
4.375387e-08,0.0035605699
4.385387e-08,0.0035555434
4.395387e-08,0.0035720588
4.405387e-08,0.003597909
4.415387e-08,0.0036180147
4.425387e-08,0.0036208869
4.435387e-08,0.0036029354
4.445387e-08,0.0035713408
4.455387e-08,0.0035375919
4.465387e-08,0.0035117417
4.475387e-08,0.0034988166
4.485387e-08,0.0034937902
4.495387e-08,0.003491636
4.505387e-08,0.0034851735
4.515387e-08,0.0034736845
4.525387e-08,0.0034593233
4.535387e-08,0.0034456801
4.545387e-08,0.0034356273
4.555387e-08,0.0034270106
4.565387e-08,0.0034162397
4.575387e-08,0.0033997243
4.585387e-08,0.0033789005
4.595387e-08,0.0033595129
4.605387e-08,0.003348742
4.615387e-08,0.0033537684
4.625387e-08,0.003372438
4.635387e-08,0.003396134
4.645387e-08,0.0034119313
4.655387e-08,0.0034112132
4.665387e-08,0.0033903895
4.675387e-08,0.0033552045
4.685387e-08,0.0033200195
4.695387e-08,0.0032963235
4.705387e-08,0.003289861
4.715387e-08,0.0032970416
4.725387e-08,0.0033070944
4.735387e-08,0.0033078125
4.745387e-08,0.0032927332
4.755387e-08,0.0032632927
4.765387e-08,0.0032302619
4.775387e-08,0.0032044118
4.785387e-08,0.0031936409
4.795387e-08,0.0031972312
4.805387e-08,0.0032080021
4.815387e-08,0.0032159007
4.825387e-08,0.0032130285
4.835387e-08,0.0032001034
4.845387e-08,0.0031828699
4.855387e-08,0.0031699449
4.865387e-08,0.0031663545
4.875387e-08,0.003172099
4.885387e-08,0.0031799977
4.895387e-08,0.0031814338
4.905387e-08,0.0031706629
4.915387e-08,0.003147685
4.925387e-08,0.0031182445
4.935387e-08,0.0030895221
4.945387e-08,0.0030672622
4.955387e-08,0.0030521829
4.965387e-08,0.0030385398
4.975387e-08,0.0030205882
4.985387e-08,0.0029947381
4.995387e-08,0.0029624253
5.005387e-08,0.0029301126
5.015387e-08,0.0029056985
5.025387e-08,0.0028942096
5.035387e-08,0.0028963637
5.045387e-08,0.0029064166
5.055387e-08,0.0029171875
5.065387e-08,0.002922932
5.075387e-08,0.0029214959
5.085387e-08,0.0029143153
5.095387e-08,0.0029056985
5.105387e-08,0.0028963637
5.115387e-08,0.0028855928
5.125387e-08,0.0028705136
5.135387e-08,0.0028482537
5.145387e-08,0.0028195313
5.155387e-08,0.0027900908
5.165387e-08,0.0027671128
5.175387e-08,0.0027563419
5.185387e-08,0.0027584961
5.195387e-08,0.002769267
5.205387e-08,0.0027786018
5.215387e-08,0.0027793199
5.225387e-08,0.0027663948
5.235387e-08,0.0027441349
5.245387e-08,0.0027182847
5.255387e-08,0.0026988971
5.265387e-08,0.0026902803
5.275387e-08,0.0026924345
5.285387e-08,0.0026974609
5.295387e-08,0.0026988971
5.305387e-08,0.0026902803
5.315387e-08,0.0026723288
5.325387e-08,0.0026500689
5.335387e-08,0.0026299632
5.345387e-08,0.0026177562
5.355387e-08,0.0026141659
5.365387e-08,0.0026163201
5.375387e-08,0.0026184743
5.385387e-08,0.0026177562
5.395387e-08,0.0026134478
5.405387e-08,0.0026091395
5.415387e-08,0.0026069853
5.425387e-08,0.0026091395
5.435387e-08,0.0026134478
5.445387e-08,0.0026141659
5.455387e-08,0.0026069853
5.465387e-08,0.0025904699
5.475387e-08,0.0025667739
5.485387e-08,0.0025430779
5.495387e-08,0.0025265625
5.505387e-08,0.002520818
5.515387e-08,0.0025265625
5.525387e-08,0.0025380515
5.535387e-08,0.0025495404
5.545387e-08,0.002556003
5.555387e-08,0.0025545669
5.565387e-08,0.0025481043
5.575387e-08,0.0025380515
5.585387e-08,0.0025272806
5.595387e-08,0.0025150735
5.605387e-08,0.0024999943
5.615387e-08,0.0024806066
5.625387e-08,0.0024583467
5.635387e-08,0.0024346507
5.645387e-08,0.002414545
5.655387e-08,0.0024001838
5.665387e-08,0.002390849
5.675387e-08,0.0023843865
5.685387e-08,0.0023764878
5.695387e-08,0.0023657169
5.705387e-08,0.0023520738
5.715387e-08,0.0023398667
5.725387e-08,0.0023326861
5.735387e-08,0.00233125
5.745387e-08,0.0023319681
5.755387e-08,0.0023283778
5.765387e-08,0.0023140165
5.775387e-08,0.0022852941
5.785387e-08,0.0022472369
5.795387e-08,0.0022084616
5.805387e-08,0.0021804573
5.815387e-08,0.0021704044
5.825387e-08,0.002176867
5.835387e-08,0.0021926643
5.845387e-08,0.0022055894
5.855387e-08,0.0022048713
5.865387e-08,0.0021883559
5.875387e-08,0.0021603516
5.885387e-08,0.0021323472
5.895387e-08,0.0021129596
5.905387e-08,0.0021072151
5.915387e-08,0.0021108054
5.925387e-08,0.0021158318
5.935387e-08,0.0021129596
5.945387e-08,0.0020978803
5.955387e-08,0.0020734662
5.965387e-08,0.0020483341
5.975387e-08,0.0020325368
5.985387e-08,0.0020318187
5.995387e-08,0.0020447438
6.005387e-08,0.0020634134
6.015387e-08,0.0020784926
6.025387e-08,0.002082801
6.035387e-08,0.0020756204
6.045387e-08,0.0020605411
6.055387e-08,0.0020440257
6.065387e-08,0.0020318187
6.075387e-08,0.00202392
6.085387e-08,0.0020181756
6.095387e-08,0.0020095588
6.105387e-08,0.0019951976
6.115387e-08,0.00197581
6.125387e-08,0.0019564223
6.135387e-08,0.001940625
6.145387e-08,0.0019312902
6.155387e-08,0.0019269818
6.165387e-08,0.0019233915
6.175387e-08,0.0019176471
6.185387e-08,0.0019083123
6.195387e-08,0.0018968233
6.205387e-08,0.0018874885
6.215387e-08,0.0018831801
6.225387e-08,0.0018824621
6.235387e-08,0.001881744
6.245387e-08,0.0018752815
6.255387e-08,0.0018602022
6.265387e-08,0.0018386604
6.275387e-08,0.0018164005
6.285387e-08,0.0018027574
6.295387e-08,0.0018027574
6.305387e-08,0.0018142463
6.315387e-08,0.0018307617
6.325387e-08,0.0018408146
6.335387e-08,0.0018372243
6.345387e-08,0.0018185547
6.355387e-08,0.0017919864
6.365387e-08,0.0017682904
6.375387e-08,0.0017568015
6.385387e-08,0.0017611098
6.395387e-08,0.001774753
6.405387e-08,0.0017891142
6.415387e-08,0.0017912684
6.425387e-08,0.0017769072
6.435387e-08,0.0017489028
6.445387e-08,0.001715872
6.455387e-08,0.0016878676
6.465387e-08,0.0016713523
6.475387e-08,0.0016663258
6.485387e-08,0.0016663258
6.495387e-08,0.0016648897
6.505387e-08,0.001656991
6.515387e-08,0.0016426298
6.525387e-08,0.0016282686
6.535387e-08,0.0016189338
6.545387e-08,0.0016160616
6.555387e-08,0.0016182158
6.565387e-08,0.0016167796
6.575387e-08,0.0016074449
6.585387e-08,0.0015873392
6.595387e-08,0.0015600528
6.605387e-08,0.0015334846
6.615387e-08,0.0015155331
6.625387e-08,0.0015105067
6.635387e-08,0.001514815
6.645387e-08,0.0015227137
6.655387e-08,0.0015270221
6.665387e-08,0.0015241498
6.675387e-08,0.0015155331
6.685387e-08,0.0015076344
6.695387e-08,0.0015040441
6.705387e-08,0.0015069164
6.715387e-08,0.0015126608
6.725387e-08,0.0015133789
6.735387e-08,0.0015040441
6.745387e-08,0.0014839384
6.755387e-08,0.0014580882
6.765387e-08,0.0014351103
6.775387e-08,0.0014236213
6.785387e-08,0.0014257755
6.795387e-08,0.0014358284
6.805387e-08,0.0014458812
6.815387e-08,0.0014465993
6.825387e-08,0.0014343922
6.835387e-08,0.0014128504
6.845387e-08,0.0013913086
6.855387e-08,0.0013776654
6.865387e-08,0.0013762293
6.875387e-08,0.0013834099
6.885387e-08,0.0013913086
6.895387e-08,0.0013891544
6.905387e-08,0.0013733571
6.915387e-08,0.0013467888
6.925387e-08,0.0013180664
6.935387e-08,0.0012972426
6.945387e-08,0.001290062
6.955387e-08,0.0012950885
6.965387e-08,0.0013051413
6.975387e-08,0.0013087316
6.985387e-08,0.0012993968
6.995387e-08,0.0012764189
7.005387e-08,0.0012462603
7.015387e-08,0.0012168199
7.025387e-08,0.001195278
7.035387e-08,0.0011837891
7.045387e-08,0.0011780446
7.055387e-08,0.001170864
7.065387e-08,0.0011572208
7.075387e-08,0.0011378332
7.085387e-08,0.0011170094
7.095387e-08,0.0011019301
7.105387e-08,0.0010983398
7.115387e-08,0.0011062385
7.125387e-08,0.0011213178
7.135387e-08,0.0011363971
7.145387e-08,0.0011457318
7.155387e-08,0.001147886
7.165387e-08,0.0011464499
7.175387e-08,0.001147886
7.185387e-08,0.0011579389
7.195387e-08,0.0011780446
7.205387e-08,0.0012038948
7.215387e-08,0.0012283088
7.225387e-08,0.0012448242
7.235387e-08,0.0012505687
7.245387e-08,0.0012469784
7.255387e-08,0.0012397978
7.265387e-08,0.0012340533
7.275387e-08,0.0012347714
7.285387e-08,0.0012412339
7.295387e-08,0.0012512868
7.305387e-08,0.0012606216
7.315387e-08,0.001265648
7.325387e-08,0.001266366
7.335387e-08,0.0012627757
7.345387e-08,0.0012563132
7.355387e-08,0.0012476965
7.365387e-08,0.0012347714
7.375387e-08,0.0012168199
7.385387e-08,0.0011924058
7.395387e-08,0.0011636834
7.405387e-08,0.0011320887
7.415387e-08,0.0011019301
7.425387e-08,0.00107608
7.435387e-08,0.0010552562
7.445387e-08,0.0010380227
7.455387e-08,0.0010215074
7.465387e-08,0.0010035558
7.475387e-08,0.00098345014
7.485387e-08,0.00096190832
7.495387e-08,0.00094108456
7.505387e-08,0.00092169692
7.515387e-08,0.00090446347
7.525387e-08,0.00088866613
7.535387e-08,0.00087215074
7.545387e-08,0.00085491728
7.555387e-08,0.0008362477
7.565387e-08,0.00081829619
7.575387e-08,0.00080321691
7.585387e-08,0.00079172794
7.595387e-08,0.00078454733
7.605387e-08,0.00078095703
7.615387e-08,0.00078023897
7.625387e-08,0.00078095703
7.635387e-08,0.00078239315
7.645387e-08,0.00078311121
7.655387e-08,0.00078023897
7.665387e-08,0.00077162224
7.675387e-08,0.00075510685
7.685387e-08,0.00073069278
7.695387e-08,0.00069981618
7.705387e-08,0.00066822151
7.715387e-08,0.00064165326
7.725387e-08,0.00062513787
7.735387e-08,0.00061939338
7.745387e-08,0.00062154756
7.755387e-08,0.00062513787
7.765387e-08,0.00062154756
7.775387e-08,0.00060790441
7.785387e-08,0.00058277229
7.795387e-08,0.00055117762
7.805387e-08,0.00051958295
7.815387e-08,0.00049301471
7.825387e-08,0.00047434513
7.835387e-08,0.00046142004
7.845387e-08,0.00045064913
7.855387e-08,0.00043556985
7.865387e-08,0.00041546415
7.875387e-08,0.00039105009
7.885387e-08,0.00036519991
7.895387e-08,0.00034365809
7.905387e-08,0.00032786075
7.915387e-08,0.00031996209
7.925387e-08,0.00031708984
7.935387e-08,0.00032068015
7.945387e-08,0.00032929688
7.955387e-08,0.00034437615
7.965387e-08,0.00036519991
7.975387e-08,0.00038961397
7.985387e-08,0.00041259191
7.995387e-08,0.00042910731
8.005387e-08,0.00043269761
8.015387e-08,0.00042408088
8.025387e-08,0.00040756549
8.035387e-08,0.00039105009
8.045387e-08,0.00038386949
8.055387e-08,0.00038961397
8.065387e-08,0.00040684743
8.075387e-08,0.00042767119
8.085387e-08,0.00044275046
8.095387e-08,0.00044705882
8.105387e-08,0.00043916016
8.115387e-08,0.00042479894
8.125387e-08,0.00041402803
8.135387e-08,0.00041259191
8.145387e-08,0.00042264476
8.155387e-08,0.00043772403
8.165387e-08,0.00044849494
8.175387e-08,0.00044705882
8.185387e-08,0.00042982537
8.195387e-08,0.00040038488
8.205387e-08,0.00036807215
8.215387e-08,0.00034365809
8.225387e-08,0.00033216912
8.235387e-08,0.00033288718
8.245387e-08,0.00033934972
8.255387e-08,0.00034365809
8.265387e-08,0.00034078585
8.275387e-08,0.000330733
8.285387e-08,0.0003178079
8.295387e-08,0.00030919118
8.305387e-08,0.00030847312
8.315387e-08,0.0003142176
8.325387e-08,0.00032068015
8.335387e-08,0.00032068015
8.345387e-08,0.00030990924
8.355387e-08,0.00028980354
8.365387e-08,0.00026754366
8.375387e-08,0.00025174632
8.385387e-08,0.00024959214
8.395387e-08,0.00026179917
8.405387e-08,0.00028477711
8.415387e-08,0.00030919118
8.425387e-08,0.00032642463
8.435387e-08,0.000330733
8.445387e-08,0.00032355239
8.455387e-08,0.00030919118
8.465387e-08,0.00029339384
8.475387e-08,0.00028190487
8.485387e-08,0.00027616039
8.495387e-08,0.00027472426
8.505387e-08,0.00027544233
8.515387e-08,0.00027616039
8.525387e-08,0.00027616039
8.535387e-08,0.00027472426
8.545387e-08,0.00027328814
8.555387e-08,0.00027113396
8.565387e-08,0.00026754366
8.575387e-08,0.00026323529
8.585387e-08,0.00025749081
8.595387e-08,0.00025102826
8.605387e-08,0.00024456572
8.615387e-08,0.00024025735
8.625387e-08,0.00023594899
8.635387e-08,0.0002302045
8.645387e-08,0.00022015165
8.655387e-08,0.00020579044
8.665387e-08,0.00018855699
8.675387e-08,0.00017275965
8.685387e-08,0.00016198874
8.695387e-08,0.00015983456
8.705387e-08,0.00016414292
8.715387e-08,0.00017132353
8.725387e-08,0.00017563189
8.735387e-08,0.00017132353
8.745387e-08,0.00015839844
8.755387e-08,0.00014116498
8.765387e-08,0.00012393153
8.775387e-08,0.00011387868
8.785387e-08,0.00011316062
8.795387e-08,0.00012034122
8.805387e-08,0.00013039407
8.815387e-08,0.00013685662
8.825387e-08,0.00013613856
8.835387e-08,0.00012752183
8.845387e-08,0.00011459674
8.855387e-08,0.00010238971
8.865387e-08,9.3054917e-05
8.875387e-08,8.5874311e-05
8.885387e-08,7.8693704e-05
8.895387e-08,6.7922794e-05
8.905387e-08,5.1407399e-05
8.915387e-08,3.13017e-05
8.925387e-08,1.2632123e-05
8.935387e-08,-1.0110294e-06
8.945387e-08,-5.3193934e-06
8.955387e-08,-1.0110294e-06
8.965387e-08,6.1695772e-06
8.975387e-08,1.0477941e-05
8.985387e-08,6.1695772e-06
8.995387e-08,-9.6277574e-06
9.005387e-08,-3.2605699e-05
9.015387e-08,-5.8455882e-05
9.025387e-08,-8.0715763e-05
9.035387e-08,-9.6513097e-05
9.045387e-08,-0.00010728401
9.055387e-08,-0.00011590074
9.065387e-08,-0.00012882583
9.075387e-08,-0.00014893153
9.085387e-08,-0.00017621783
9.095387e-08,-0.0002078125
9.105387e-08,-0.00023725299
9.115387e-08,-0.00025951287
9.125387e-08,-0.00027243796
9.135387e-08,-0.00027674632
9.145387e-08,-0.00027674632
9.155387e-08,-0.00027746438
9.165387e-08,-0.00028464499
9.175387e-08,-0.00029972426
9.185387e-08,-0.00032198415
9.195387e-08,-0.00034998851
9.205387e-08,-0.00037799288
9.215387e-08,-0.000403125
9.225387e-08,-0.0004232307
9.235387e-08,-0.00043687385
9.245387e-08,-0.00044477252
9.255387e-08,-0.00044908088
9.265387e-08,-0.000450517
9.275387e-08,-0.00045267119
9.285387e-08,-0.00045554343
9.295387e-08,-0.00046056985
9.305387e-08,-0.00046846852
9.315387e-08,-0.00047923943
9.325387e-08,-0.00049216452
9.335387e-08,-0.00050652574
9.345387e-08,-0.00052088695
9.355387e-08,-0.00053381204
9.365387e-08,-0.00054458295
9.375387e-08,-0.00055248162
9.385387e-08,-0.00055607192
9.395387e-08,-0.00055678998
9.405387e-08,-0.0005546358
9.415387e-08,-0.00055248162
9.425387e-08,-0.00055319968
9.435387e-08,-0.00055894416
9.445387e-08,-0.00057043313
9.455387e-08,-0.00058694853
9.465387e-08,-0.00060633617
9.475387e-08,-0.00062356962
9.485387e-08,-0.00063721278
9.495387e-08,-0.00064439338
9.505387e-08,-0.00064511144
9.515387e-08,-0.00064152114
9.525387e-08,-0.00063649472
9.535387e-08,-0.00063290441
9.545387e-08,-0.00063218635
9.555387e-08,-0.00063434053
9.565387e-08,-0.0006386489
9.575387e-08,-0.00064439338
9.585387e-08,-0.00065085593
9.595387e-08,-0.0006587546
9.605387e-08,-0.00066808938
9.615387e-08,-0.00067886029
9.625387e-08,-0.00069106733
9.635387e-08,-0.00070327436
9.645387e-08,-0.00071476333
9.655387e-08,-0.00072481618
9.665387e-08,-0.00073415097
9.675387e-08,-0.00074420381
9.685387e-08,-0.00075641085
9.695387e-08,-0.00077077206
9.705387e-08,-0.00078656939
9.715387e-08,-0.00080093061
9.725387e-08,-0.00081098346
9.735387e-08,-0.00081672794
9.745387e-08,-0.000817446
9.755387e-08,-0.00081529182
9.765387e-08,-0.0008138557
9.775387e-08,-0.00081672794
9.785387e-08,-0.00082534467
9.795387e-08,-0.00083970588
9.805387e-08,-0.00085693934
9.815387e-08,-0.00087417279
9.825387e-08,-0.00088781595
9.835387e-08,-0.00089643267
9.845387e-08,-0.00089930492
9.855387e-08,-0.00089715074
9.865387e-08,-0.00089212431
9.875387e-08,-0.00088637983
9.885387e-08,-0.00088350758
9.895387e-08,-0.00088566176
9.905387e-08,-0.00089499655
9.915387e-08,-0.00091151195
9.925387e-08,-0.00093233571
9.935387e-08,-0.00095459559
9.945387e-08,-0.00097326517
9.955387e-08,-0.00098475414
9.965387e-08,-0.0009890625
9.975387e-08,-0.0009890625
9.985387e-08,-0.0009890625
9.995387e-08,-0.00099408892
1.000539e-07,-0.001006296
1.001539e-07,-0.0010235294
1.002539e-07,-0.0010400448
1.003539e-07,-0.0010486615
1.004539e-07,-0.0010472254
1.005539e-07,-0.0010350184
1.006539e-07,-0.0010206572
1.007539e-07,-0.0010127585
1.008539e-07,-0.0010206572
1.009539e-07,-0.0010465074
1.010539e-07,-0.0010845646
1.011539e-07,-0.0011240579
1.012539e-07,-0.0011527803
1.013539e-07,-0.0011613971
1.014539e-07,-0.0011499081
1.015539e-07,-0.001125494
1.016539e-07,-0.0010989258
1.017539e-07,-0.0010809743
1.018539e-07,-0.001077384
1.019539e-07,-0.0010867187
1.020539e-07,-0.001101798
1.021539e-07,-0.0011154412
1.022539e-07,-0.0011226218
1.023539e-07,-0.0011240579
1.024539e-07,-0.0011233398
1.025539e-07,-0.0011269301
1.026539e-07,-0.0011362649
1.027539e-07,-0.0011506261
1.028539e-07,-0.0011642693
1.029539e-07,-0.001172886
1.030539e-07,-0.0011743222
1.031539e-07,-0.0011700138
1.032539e-07,-0.0011678596
1.033539e-07,-0.001172886
1.034539e-07,-0.0011886834
1.035539e-07,-0.0012138155
1.036539e-07,-0.0012411018
1.037539e-07,-0.0012647978
1.038539e-07,-0.0012798771
1.039539e-07,-0.0012870577
1.040539e-07,-0.001291366
1.041539e-07,-0.0012992647
1.042539e-07,-0.001315062
1.043539e-07,-0.0013394761
1.044539e-07,-0.0013674805
1.045539e-07,-0.0013911765
1.046539e-07,-0.0014055377
1.047539e-07,-0.0014076919
1.048539e-07,-0.0014005113
1.049539e-07,-0.0013911765
1.050539e-07,-0.0013847139
1.051539e-07,-0.001385432
1.052539e-07,-0.0013918945
1.053539e-07,-0.0014026654
1.054539e-07,-0.0014134364
1.055539e-07,-0.0014220531
1.056539e-07,-0.0014292337
1.057539e-07,-0.0014371324
1.058539e-07,-0.0014471852
1.059539e-07,-0.0014601103
1.060539e-07,-0.0014730354
1.061539e-07,-0.0014830882
1.062539e-07,-0.0014866785
1.063539e-07,-0.0014823702
1.064539e-07,-0.0014723173
1.065539e-07,-0.0014601103
1.066539e-07,-0.0014500574
1.067539e-07,-0.001445031
1.068539e-07,-0.001445031
1.069539e-07,-0.0014486213
1.070539e-07,-0.0014529297
1.071539e-07,-0.00145652
1.072539e-07,-0.0014586742
1.073539e-07,-0.0014601103
1.074539e-07,-0.0014629825
1.075539e-07,-0.001468009
1.076539e-07,-0.0014744715
1.077539e-07,-0.0014830882
1.078539e-07,-0.001492423
1.079539e-07,-0.0015010398
1.080539e-07,-0.0015096565
1.081539e-07,-0.0015175551
1.082539e-07,-0.0015240177
1.083539e-07,-0.0015283261
1.084539e-07,-0.0015297622
1.085539e-07,-0.0015290441
1.086539e-07,-0.0015268899
1.087539e-07,-0.0015268899
1.088539e-07,-0.0015311983
1.089539e-07,-0.0015405331
1.090539e-07,-0.0015556124
1.091539e-07,-0.0015721278
1.092539e-07,-0.0015879251
1.093539e-07,-0.0015979779
1.094539e-07,-0.0016008502
1.095539e-07,-0.0015979779
1.096539e-07,-0.0015915154
1.097539e-07,-0.001586489
1.098539e-07,-0.0015857709
1.099539e-07,-0.0015915154
1.100539e-07,-0.0016037224
1.101539e-07,-0.0016209559
1.102539e-07,-0.0016417796
1.103539e-07,-0.0016647576
1.104539e-07,-0.0016891716
1.105539e-07,-0.0017128676
1.106539e-07,-0.0017344095
1.107539e-07,-0.001752361
1.108539e-07,-0.001764568
1.109539e-07,-0.0017703125
1.110539e-07,-0.0017710306
1.111539e-07,-0.0017688764
1.112539e-07,-0.0017681583
1.113539e-07,-0.0017703125
1.114539e-07,-0.001776775
1.115539e-07,-0.0017861098
1.116539e-07,-0.0017961627
1.117539e-07,-0.0018047794
1.118539e-07,-0.00181196
1.119539e-07,-0.0018191406
1.120539e-07,-0.0018277574
1.121539e-07,-0.0018392463
1.122539e-07,-0.0018536075
1.123539e-07,-0.0018686868
1.124539e-07,-0.0018801758
1.125539e-07,-0.0018852022
1.126539e-07,-0.001883048
1.127539e-07,-0.0018737132
1.128539e-07,-0.0018622243
1.129539e-07,-0.0018507353
1.130539e-07,-0.0018428366
1.131539e-07,-0.0018392463
1.132539e-07,-0.0018385283
1.133539e-07,-0.0018392463
1.134539e-07,-0.0018392463
1.135539e-07,-0.0018392463
1.136539e-07,-0.0018385283
1.137539e-07,-0.0018392463
1.138539e-07,-0.0018414005
1.139539e-07,-0.0018449908
1.140539e-07,-0.0018485811
1.141539e-07,-0.0018507353
1.142539e-07,-0.0018514534
1.143539e-07,-0.0018514534
1.144539e-07,-0.0018507353
1.145539e-07,-0.0018507353
1.146539e-07,-0.0018500172
1.147539e-07,-0.0018485811
1.148539e-07,-0.0018449908
1.149539e-07,-0.0018392463
1.150539e-07,-0.001834938
1.151539e-07,-0.001834938
1.152539e-07,-0.0018435547
1.153539e-07,-0.0018622243
1.154539e-07,-0.0018902286
1.155539e-07,-0.0019225414
1.156539e-07,-0.001953418
1.157539e-07,-0.001977114
1.158539e-07,-0.0019914752
1.159539e-07,-0.0019957835
1.160539e-07,-0.0019936294
1.161539e-07,-0.0019886029
1.162539e-07,-0.0019842946
1.163539e-07,-0.0019828585
1.164539e-07,-0.0019842946
1.165539e-07,-0.0019886029
1.166539e-07,-0.0019950655
1.167539e-07,-0.0020036822
1.168539e-07,-0.0020137351
1.169539e-07,-0.0020230699
1.170539e-07,-0.0020288143
1.171539e-07,-0.0020273782
1.172539e-07,-0.0020173254
1.173539e-07,-0.0020000919
1.174539e-07,-0.0019792682
1.175539e-07,-0.0019605986
1.176539e-07,-0.0019476735
1.177539e-07,-0.0019426471
1.178539e-07,-0.0019426471
1.179539e-07,-0.0019412109
1.180539e-07,-0.0019347484
1.181539e-07,-0.0019196691
1.182539e-07,-0.0018988454
1.183539e-07,-0.0018787397
1.184539e-07,-0.0018650965
1.185539e-07,-0.0018622243
1.186539e-07,-0.0018694049
1.187539e-07,-0.0018801758
1.188539e-07,-0.0018873564
1.189539e-07,-0.0018852022
1.190539e-07,-0.0018722771
1.191539e-07,-0.0018536075
1.192539e-07,-0.0018363741
1.193539e-07,-0.0018277574
1.194539e-07,-0.0018299115
1.195539e-07,-0.0018399644
1.196539e-07,-0.0018521714
1.197539e-07,-0.0018622243
1.198539e-07,-0.0018672507
1.199539e-07,-0.0018715591
1.200539e-07,-0.0018794577
1.201539e-07,-0.0018966912
1.202539e-07,-0.0019246955
1.203539e-07,-0.0019584444
1.204539e-07,-0.0019907571
1.205539e-07,-0.0020115809
1.206539e-07,-0.0020180434
1.207539e-07,-0.0020122989
1.208539e-07,-0.0020036822
1.209539e-07,-0.0020000919
1.210539e-07,-0.0020094267
1.211539e-07,-0.0020324046
1.212539e-07,-0.0020632812
1.213539e-07,-0.0020920037
1.214539e-07,-0.0021106733
1.215539e-07,-0.0021164177
1.216539e-07,-0.0021113913
1.217539e-07,-0.0021034926
1.218539e-07,-0.0021006204
1.219539e-07,-0.0021063649
1.220539e-07,-0.0021207261
1.221539e-07,-0.0021379596
1.222539e-07,-0.0021508847
1.223539e-07,-0.0021566291
1.224539e-07,-0.002154475
1.225539e-07,-0.0021494485
1.226539e-07,-0.0021487305
1.227539e-07,-0.0021559111
1.228539e-07,-0.0021731445
1.229539e-07,-0.0021954044
1.230539e-07,-0.0022169462
1.231539e-07,-0.0022327436
1.232539e-07,-0.0022399242
1.233539e-07,-0.0022413603
1.234539e-07,-0.0022420784
1.235539e-07,-0.0022485409
1.236539e-07,-0.0022643382
1.237539e-07,-0.0022873162
1.238539e-07,-0.0023124483
1.239539e-07,-0.0023318359
1.240539e-07,-0.0023397346
1.241539e-07,-0.0023332721
1.242539e-07,-0.0023146025
1.243539e-07,-0.0022901884
1.244539e-07,-0.0022672105
1.245539e-07,-0.0022528493
1.246539e-07,-0.002249977
1.247539e-07,-0.0022578757
1.248539e-07,-0.0022722369
1.249539e-07,-0.0022873162
1.250539e-07,-0.0022988051
1.251539e-07,-0.0023038316
1.252539e-07,-0.0023031135
1.253539e-07,-0.0022988051
1.254539e-07,-0.0022944968
1.255539e-07,-0.0022930607
1.256539e-07,-0.0022944968
1.257539e-07,-0.0022988051
1.258539e-07,-0.0023038316
1.259539e-07,-0.0023059858
1.260539e-07,-0.0023045496
1.261539e-07,-0.0022988051
1.262539e-07,-0.0022894704
1.263539e-07,-0.0022808536
1.264539e-07,-0.0022751091
1.265539e-07,-0.0022758272
1.266539e-07,-0.0022844439
1.267539e-07,-0.0022995232
1.268539e-07,-0.0023174747
1.269539e-07,-0.0023332721
1.270539e-07,-0.0023426068
1.271539e-07,-0.0023426068
1.272539e-07,-0.0023347082
1.273539e-07,-0.0023217831
1.274539e-07,-0.0023102941
1.275539e-07,-0.0023045496
1.276539e-07,-0.002308858
1.277539e-07,-0.0023217831
1.278539e-07,-0.0023397346
1.279539e-07,-0.0023576861
1.280539e-07,-0.0023713293
1.281539e-07,-0.0023792279
1.282539e-07,-0.0023835363
1.283539e-07,-0.0023892808
1.284539e-07,-0.0023986156
1.285539e-07,-0.0024136949
1.286539e-07,-0.0024323644
1.287539e-07,-0.0024488798
1.288539e-07,-0.0024589327
1.289539e-07,-0.0024596507
1.290539e-07,-0.0024524701
1.291539e-07,-0.0024416992
1.292539e-07,-0.0024345186
1.293539e-07,-0.0024366728
1.294539e-07,-0.0024495979
1.295539e-07,-0.0024718578
1.296539e-07,-0.0024962718
1.297539e-07,-0.0025170956
1.298539e-07,-0.0025307387
1.299539e-07,-0.0025372013
1.300539e-07,-0.0025386374
1.301539e-07,-0.0025400735
1.302539e-07,-0.0025443819
1.303539e-07,-0.0025508444
1.304539e-07,-0.0025587431
1.305539e-07,-0.0025630515
1.306539e-07,-0.0025623334
1.307539e-07,-0.002558025
1.308539e-07,-0.0025529986
1.309539e-07,-0.0025515625
1.310539e-07,-0.002558025
1.311539e-07,-0.0025723863
1.312539e-07,-0.0025910558
1.313539e-07,-0.0026090074
1.314539e-07,-0.0026212144
1.315539e-07,-0.0026255227
1.316539e-07,-0.0026240866
1.317539e-07,-0.0026204963
1.318539e-07,-0.0026204963
1.319539e-07,-0.0026276769
1.320539e-07,-0.002640602
1.321539e-07,-0.0026549632
1.322539e-07,-0.002664298
1.323539e-07,-0.0026621438
1.324539e-07,-0.0026470646
1.325539e-07,-0.0026204963
1.326539e-07,-0.0025874655
1.327539e-07,-0.0025558709
1.328539e-07,-0.0025314568
1.329539e-07,-0.0025170956
1.330539e-07,-0.0025127872
1.331539e-07,-0.0025135053
1.332539e-07,-0.0025163775
1.333539e-07,-0.0025170956
1.334539e-07,-0.0025135053
1.335539e-07,-0.0025070427
1.336539e-07,-0.0024991441
1.337539e-07,-0.0024941176
1.338539e-07,-0.0024926815
1.339539e-07,-0.0024955538
1.340539e-07,-0.0025005802
1.341539e-07,-0.0025056066
1.342539e-07,-0.0025077608
1.343539e-07,-0.0025063247
1.344539e-07,-0.0025005802
1.345539e-07,-0.0024941176
1.346539e-07,-0.0024883732
1.347539e-07,-0.0024855009
1.348539e-07,-0.0024876551
1.349539e-07,-0.0024941176
1.350539e-07,-0.0025041705
1.351539e-07,-0.0025156595
1.352539e-07,-0.0025278665
1.353539e-07,-0.0025400735
1.354539e-07,-0.0025522806
1.355539e-07,-0.0025659237
1.356539e-07,-0.002581003
1.357539e-07,-0.0025975184
1.358539e-07,-0.0026140338
1.359539e-07,-0.002628395
1.360539e-07,-0.0026384478
1.361539e-07,-0.0026434743
1.362539e-07,-0.0026441923
1.363539e-07,-0.0026420381
1.364539e-07,-0.002640602
1.365539e-07,-0.0026434743
1.366539e-07,-0.002652091
1.367539e-07,-0.0026664522
1.368539e-07,-0.0026836857
1.369539e-07,-0.0027009191
1.370539e-07,-0.0027145623
1.371539e-07,-0.0027224609
1.372539e-07,-0.0027246151
1.373539e-07,-0.0027238971
1.374539e-07,-0.002723179
1.375539e-07,-0.0027253332
1.376539e-07,-0.0027339499
1.377539e-07,-0.002746875
1.378539e-07,-0.0027626723
1.379539e-07,-0.0027770335
1.380539e-07,-0.0027878045
1.381539e-07,-0.0027928309
1.382539e-07,-0.0027935489
1.383539e-07,-0.0027935489
1.384539e-07,-0.0027957031
1.385539e-07,-0.0028043199
1.386539e-07,-0.0028193991
1.387539e-07,-0.0028395048
1.388539e-07,-0.0028588925
1.389539e-07,-0.0028732537
1.390539e-07,-0.0028789982
1.391539e-07,-0.0028746898
1.392539e-07,-0.0028632008
1.393539e-07,-0.0028502757
1.394539e-07,-0.002841659
1.395539e-07,-0.0028423771
1.396539e-07,-0.002853866
1.397539e-07,-0.0028732537
1.398539e-07,-0.0028969497
1.399539e-07,-0.0029184915
1.400539e-07,-0.0029342888
1.401539e-07,-0.0029421875
1.402539e-07,-0.0029436236
1.403539e-07,-0.0029421875
1.404539e-07,-0.0029407514
1.405539e-07,-0.0029421875
1.406539e-07,-0.0029457778
1.407539e-07,-0.0029508042
1.408539e-07,-0.0029543945
1.409539e-07,-0.0029536765
1.410539e-07,-0.0029493681
1.411539e-07,-0.0029421875
1.412539e-07,-0.0029350069
1.413539e-07,-0.0029306985
1.414539e-07,-0.0029306985
1.415539e-07,-0.002935725
1.416539e-07,-0.0029443417
1.417539e-07,-0.0029536765
1.418539e-07,-0.0029630113
1.419539e-07,-0.002971628
1.420539e-07,-0.0029795267
1.421539e-07,-0.0029881434
1.422539e-07,-0.0029974782
1.423539e-07,-0.003006813
1.424539e-07,-0.0030161477
1.425539e-07,-0.0030226103
1.426539e-07,-0.0030262006
1.427539e-07,-0.0030262006
1.428539e-07,-0.0030247645
1.429539e-07,-0.0030226103
1.430539e-07,-0.0030226103
1.431539e-07,-0.0030247645
1.432539e-07,-0.0030290728
1.433539e-07,-0.0030340993
1.434539e-07,-0.0030391257
1.435539e-07,-0.003042716
1.436539e-07,-0.0030484605
1.437539e-07,-0.0030570772
1.438539e-07,-0.0030714384
1.439539e-07,-0.0030915441
1.440539e-07,-0.0031152401
1.441539e-07,-0.0031375
1.442539e-07,-0.0031532973
1.443539e-07,-0.0031583238
1.444539e-07,-0.0031518612
1.445539e-07,-0.0031375
1.446539e-07,-0.0031202665
1.447539e-07,-0.0031066234
1.448539e-07,-0.0031008789
1.449539e-07,-0.0031030331
1.450539e-07,-0.0031094956
1.451539e-07,-0.0031145221
1.452539e-07,-0.0031130859
1.453539e-07,-0.0031030331
1.454539e-07,-0.0030857996
1.455539e-07,-0.0030671301
1.456539e-07,-0.0030520508
1.457539e-07,-0.0030455882
1.458539e-07,-0.0030477424
1.459539e-07,-0.0030570772
1.460539e-07,-0.0030685662
1.461539e-07,-0.0030800551
1.462539e-07,-0.0030893899
1.463539e-07,-0.0030972886
1.464539e-07,-0.0031059053
1.465539e-07,-0.0031145221
1.466539e-07,-0.0031231388
1.467539e-07,-0.0031274472
1.468539e-07,-0.003125293
1.469539e-07,-0.0031145221
1.470539e-07,-0.0030980067
1.471539e-07,-0.0030822093
1.472539e-07,-0.0030743107
1.473539e-07,-0.0030800551
1.474539e-07,-0.003101597
1.475539e-07,-0.0031346278
1.476539e-07,-0.003172685
1.477539e-07,-0.0032064338
1.478539e-07,-0.0032301298
1.479539e-07,-0.0032409007
1.480539e-07,-0.0032430549
1.481539e-07,-0.0032409007
1.482539e-07,-0.0032416188
1.483539e-07,-0.0032480813
1.484539e-07,-0.0032602884
1.485539e-07,-0.0032753676
1.486539e-07,-0.0032904469
1.487539e-07,-0.003302654
1.488539e-07,-0.0033127068
1.489539e-07,-0.0033213235
1.490539e-07,-0.0033313764
1.491539e-07,-0.0033450195
1.492539e-07,-0.0033615349
1.493539e-07,-0.0033787684
1.494539e-07,-0.0033945657
1.495539e-07,-0.0034074908
1.496539e-07,-0.0034175437
1.497539e-07,-0.0034247243
1.498539e-07,-0.0034311868
1.499539e-07,-0.0034376494
1.500539e-07,-0.0034433938
1.501539e-07,-0.0034477022
1.502539e-07,-0.0034491383
1.503539e-07,-0.0034484203
1.504539e-07,-0.0034469841
1.505539e-07,-0.0034477022
1.506539e-07,-0.0034534467
1.507539e-07,-0.0034656537
1.508539e-07,-0.0034843233
1.509539e-07,-0.0035051471
1.510539e-07,-0.0035252528
1.511539e-07,-0.003540332
1.512539e-07,-0.0035489488
1.513539e-07,-0.0035511029
1.514539e-07,-0.0035503849
1.515539e-07,-0.0035503849
1.516539e-07,-0.0035539752
1.517539e-07,-0.0035625919
1.518539e-07,-0.003575517
1.519539e-07,-0.0035891602
1.520539e-07,-0.0036013672
1.521539e-07,-0.0036085478
1.522539e-07,-0.003610702
1.523539e-07,-0.0036092659
1.524539e-07,-0.0036071117
1.525539e-07,-0.0036085478
1.526539e-07,-0.0036150103
1.527539e-07,-0.0036264993
1.528539e-07,-0.0036415786
1.529539e-07,-0.0036545037
1.530539e-07,-0.0036616843
1.531539e-07,-0.0036595301
1.532539e-07,-0.0036487592
1.533539e-07,-0.0036315257
1.534539e-07,-0.0036142923
1.535539e-07,-0.0036028033
1.536539e-07,-0.0035999311
1.537539e-07,-0.0036085478
1.538539e-07,-0.0036257812
1.539539e-07,-0.0036473231
1.540539e-07,-0.003669583
1.541539e-07,-0.0036889706
1.542539e-07,-0.0037040499
1.543539e-07,-0.0037148208
1.544539e-07,-0.0037212833
1.545539e-07,-0.0037234375
1.546539e-07,-0.0037205653
1.547539e-07,-0.0037119485
1.548539e-07,-0.0037004596
1.549539e-07,-0.0036889706
1.550539e-07,-0.003682508
1.551539e-07,-0.0036853803
1.552539e-07,-0.0036997415
1.553539e-07,-0.0037234375
1.554539e-07,-0.0037500057
1.555539e-07,-0.0037729837
1.556539e-07,-0.0037873449
1.557539e-07,-0.0037923713
1.558539e-07,-0.0037923713
1.559539e-07,-0.0037938074
1.560539e-07,-0.0038045784
1.561539e-07,-0.0038268382
1.562539e-07,-0.0038569968
1.563539e-07,-0.0038857192
1.564539e-07,-0.0039051068
1.565539e-07,-0.003907261
1.566539e-07,-0.0038936179
1.567539e-07,-0.0038699219
1.568539e-07,-0.0038483801
1.569539e-07,-0.0038383272
1.570539e-07,-0.0038447898
1.571539e-07,-0.0038656135
1.572539e-07,-0.0038936179
1.573539e-07,-0.00391875
1.574539e-07,-0.0039338293
1.575539e-07,-0.0039381376
1.576539e-07,-0.0039345473
1.577539e-07,-0.003930239
1.578539e-07,-0.003930239
1.579539e-07,-0.0039359835
1.580539e-07,-0.0039453182
1.581539e-07,-0.0039532169
1.582539e-07,-0.003954653
1.583539e-07,-0.0039496266
1.584539e-07,-0.0039395738
1.585539e-07,-0.003930239
1.586539e-07,-0.0039280848
1.587539e-07,-0.0039359835
1.588539e-07,-0.0039532169
1.589539e-07,-0.0039761949
1.590539e-07,-0.0040006089
1.591539e-07,-0.0040207146
1.592539e-07,-0.0040357939
1.593539e-07,-0.0040451287
1.594539e-07,-0.0040501551
1.595539e-07,-0.0040537454
1.596539e-07,-0.0040551815
1.597539e-07,-0.0040566176
1.598539e-07,-0.0040573357
1.599539e-07,-0.0040587718
1.600539e-07,-0.0040616441
1.601539e-07,-0.0040681066
1.602539e-07,-0.0040781595
1.603539e-07,-0.0040918026
1.604539e-07,-0.004108318
1.605539e-07,-0.0041255515
1.606539e-07,-0.0041420669
1.607539e-07,-0.0041578642
1.608539e-07,-0.0041715074
1.609539e-07,-0.0041829963
1.610539e-07,-0.004190895
1.611539e-07,-0.0041944853
1.612539e-07,-0.0041916131
1.613539e-07,-0.0041829963
1.614539e-07,-0.0041707893
1.615539e-07,-0.0041585823
1.616539e-07,-0.0041506836
1.617539e-07,-0.0041485294
1.618539e-07,-0.0041535558
1.619539e-07,-0.0041628906
1.620539e-07,-0.0041736615
1.621539e-07,-0.0041829963
1.622539e-07,-0.0041894589
1.623539e-07,-0.0041923311
1.624539e-07,-0.0041937672
1.625539e-07,-0.0041944853
1.626539e-07,-0.0041952034
1.627539e-07,-0.0041959214
1.628539e-07,-0.0041952034
1.629539e-07,-0.0041944853
1.630539e-07,-0.0041952034
1.631539e-07,-0.0041987937
1.632539e-07,-0.0042066923
1.633539e-07,-0.0042174632
1.634539e-07,-0.0042275161
1.635539e-07,-0.0042332606
1.636539e-07,-0.0042296703
1.637539e-07,-0.0042174632
1.638539e-07,-0.0042002298
1.639539e-07,-0.0041837144
1.640539e-07,-0.0041729435
1.641539e-07,-0.0041715074
1.642539e-07,-0.0041758157
1.643539e-07,-0.0041808421
1.644539e-07,-0.0041801241
1.645539e-07,-0.0041715074
1.646539e-07,-0.0041564281
1.647539e-07,-0.0041413488
1.648539e-07,-0.0041334501
1.649539e-07,-0.0041370404
1.650539e-07,-0.0041514017
1.651539e-07,-0.0041707893
1.652539e-07,-0.0041873047
1.653539e-07,-0.0041944853
1.654539e-07,-0.0041923311
1.655539e-07,-0.0041851505
1.656539e-07,-0.0041808421
1.657539e-07,-0.0041829963
1.658539e-07,-0.0041930492
1.659539e-07,-0.0042052562
1.660539e-07,-0.0042117188
1.661539e-07,-0.0042059743
1.662539e-07,-0.0041880227
1.663539e-07,-0.0041636087
1.664539e-07,-0.004143503
1.665539e-07,-0.0041370404
1.666539e-07,-0.0041478114
1.667539e-07,-0.0041736615
1.668539e-07,-0.0042038201
1.669539e-07,-0.0042289522
1.670539e-07,-0.0042411592
1.671539e-07,-0.0042397231
1.672539e-07,-0.0042289522
1.673539e-07,-0.0042174632
1.674539e-07,-0.0042110007
1.675539e-07,-0.0042110007
1.676539e-07,-0.004214591
1.677539e-07,-0.0042174632
1.678539e-07,-0.0042153091
1.679539e-07,-0.0042081284
1.680539e-07,-0.0042002298
1.681539e-07,-0.0041944853
1.682539e-07,-0.0041959214
1.683539e-07,-0.0042038201
1.684539e-07,-0.0042167452
1.685539e-07,-0.0042289522
1.686539e-07,-0.004238287
1.687539e-07,-0.0042447495
1.688539e-07,-0.0042490579
1.689539e-07,-0.0042519301
1.690539e-07,-0.0042540843
1.691539e-07,-0.0042526482
1.692539e-07,-0.0042447495
1.693539e-07,-0.0042289522
1.694539e-07,-0.0042074104
1.695539e-07,-0.0041858686
1.696539e-07,-0.0041722254
1.697539e-07,-0.0041715074
1.698539e-07,-0.0041844324
1.699539e-07,-0.0042066923
1.700539e-07,-0.0042282341
1.701539e-07,-0.0042404412
1.702539e-07,-0.0042390051
1.703539e-07,-0.0042246438
1.704539e-07,-0.004203102
1.705539e-07,-0.0041829963
1.706539e-07,-0.0041693532
1.707539e-07,-0.0041628906
1.708539e-07,-0.0041614545
1.709539e-07,-0.0041600184
1.710539e-07,-0.004154992
1.711539e-07,-0.0041456572
1.712539e-07,-0.0041341682
1.713539e-07,-0.0041255515
1.714539e-07,-0.0041219612
1.715539e-07,-0.0041233973
1.716539e-07,-0.0041291418
1.717539e-07,-0.0041370404
1.718539e-07,-0.0041456572
1.719539e-07,-0.0041542739
1.720539e-07,-0.0041628906
1.721539e-07,-0.0041715074
1.722539e-07,-0.0041765338
1.723539e-07,-0.0041750977
1.724539e-07,-0.0041650448
1.725539e-07,-0.0041485294
1.726539e-07,-0.0041305779
1.727539e-07,-0.004119807
1.728539e-07,-0.0041212431
1.729539e-07,-0.0041370404
1.730539e-07,-0.0041607364
1.731539e-07,-0.0041822783
1.732539e-07,-0.0041916131
1.733539e-07,-0.0041829963
1.734539e-07,-0.0041607364
1.735539e-07,-0.0041363224
1.736539e-07,-0.0041212431
1.737539e-07,-0.0041255515
1.738539e-07,-0.0041478114
1.739539e-07,-0.004178688
1.740539e-07,-0.004202384
1.741539e-07,-0.0042059743
1.742539e-07,-0.0041865866
1.743539e-07,-0.0041506836
1.744539e-07,-0.0041133444
1.745539e-07,-0.0040910846
1.746539e-07,-0.0040932387
1.747539e-07,-0.0041183709
1.748539e-07,-0.0041571461
1.749539e-07,-0.0041944853
1.750539e-07,-0.0042181813
1.751539e-07,-0.0042224897
1.752539e-07,-0.0042117188
1.753539e-07,-0.0041944853
1.754539e-07,-0.004178688
1.755539e-07,-0.0041686351
1.756539e-07,-0.0041643267
1.757539e-07,-0.0041600184
1.758539e-07,-0.0041521197
1.759539e-07,-0.0041391946
1.760539e-07,-0.0041248334
1.761539e-07,-0.0041140625
1.762539e-07,-0.0041104722
1.763539e-07,-0.0041147806
1.764539e-07,-0.0041255515
1.765539e-07,-0.0041370404
1.766539e-07,-0.0041470933
1.767539e-07,-0.004154992
1.768539e-07,-0.0041621726
1.769539e-07,-0.0041715074
1.770539e-07,-0.0041829963
1.771539e-07,-0.0041937672
1.772539e-07,-0.0041987937
1.773539e-07,-0.0041944853
1.774539e-07,-0.0041801241
1.775539e-07,-0.0041607364
1.776539e-07,-0.004143503
1.777539e-07,-0.0041370404
1.778539e-07,-0.0041456572
1.779539e-07,-0.004167199
1.780539e-07,-0.0041944853
1.781539e-07,-0.0042174632
1.782539e-07,-0.0042296703
1.783539e-07,-0.0042282341
1.784539e-07,-0.0042181813
1.785539e-07,-0.0042059743
1.786539e-07,-0.0041987937
1.787539e-07,-0.0041995117
1.788539e-07,-0.0042074104
1.789539e-07,-0.0042174632
1.790539e-07,-0.00422608
1.791539e-07,-0.0042311064
1.792539e-07,-0.0042339786
1.793539e-07,-0.0042404412
1.794539e-07,-0.0042533663
1.795539e-07,-0.004273472
1.796539e-07,-0.004297168
1.797539e-07,-0.004320864
1.798539e-07,-0.0043380974
1.799539e-07,-0.0043459961
1.800539e-07,-0.0043467142
1.801539e-07,-0.0043438419
1.802539e-07,-0.0043424058
1.803539e-07,-0.00434456
1.804539e-07,-0.0043495864
1.805539e-07,-0.0043553309
1.806539e-07,-0.0043574851
1.807539e-07,-0.0043546128
1.808539e-07,-0.0043481503
1.809539e-07,-0.0043438419
1.810539e-07,-0.0043467142
1.811539e-07,-0.0043596392
1.812539e-07,-0.0043833352
1.813539e-07,-0.0044127757
1.814539e-07,-0.004440062
1.815539e-07,-0.0044587316
1.816539e-07,-0.0044651942
1.817539e-07,-0.0044587316
1.818539e-07,-0.0044443704
1.819539e-07,-0.0044285731
1.820539e-07,-0.0044170841
1.821539e-07,-0.0044127757
1.822539e-07,-0.004415648
1.823539e-07,-0.0044228286
1.824539e-07,-0.0044307273
1.825539e-07,-0.0044357537
1.826539e-07,-0.0044371898
1.827539e-07,-0.0044357537
1.828539e-07,-0.0044343176
1.829539e-07,-0.0044357537
1.830539e-07,-0.004440062
1.831539e-07,-0.0044479607
1.832539e-07,-0.0044551413
1.833539e-07,-0.0044587316
1.834539e-07,-0.0044565774
1.835539e-07,-0.0044472426
1.836539e-07,-0.0044321634
1.837539e-07,-0.0044127757
1.838539e-07,-0.0043933881
1.839539e-07,-0.0043775908
1.840539e-07,-0.004368256
1.841539e-07,-0.0043668199
1.842539e-07,-0.0043732824
1.843539e-07,-0.0043847714
1.844539e-07,-0.0043998506
1.845539e-07,-0.0044127757
1.846539e-07,-0.0044213925
1.847539e-07,-0.0044228286
1.848539e-07,-0.004415648
1.849539e-07,-0.0044012868
1.850539e-07,-0.0043826172
1.851539e-07,-0.0043617934
1.852539e-07,-0.00434456
1.853539e-07,-0.0043323529
1.854539e-07,-0.0043273265
1.855539e-07,-0.0043309168
1.856539e-07,-0.0043402516
1.857539e-07,-0.0043553309
1.858539e-07,-0.0043732824
1.859539e-07,-0.004391952
1.860539e-07,-0.0044099035
1.861539e-07,-0.0044242647
1.862539e-07,-0.0044343176
1.863539e-07,-0.004439344
1.864539e-07,-0.004439344
1.865539e-07,-0.0044357537
1.866539e-07,-0.0044300092
1.867539e-07,-0.0044228286
1.868539e-07,-0.0044170841
1.869539e-07,-0.0044127757
1.870539e-07,-0.0044091854
1.871539e-07,-0.0044055951
1.872539e-07,-0.0044027229
1.873539e-07,-0.0044012868
1.874539e-07,-0.0044034409
1.875539e-07,-0.0044113396
1.876539e-07,-0.0044264189
1.877539e-07,-0.0044472426
1.878539e-07,-0.0044716567
1.879539e-07,-0.0044939166
1.880539e-07,-0.0045097139
1.881539e-07,-0.0045161765
1.882539e-07,-0.0045140223
1.883539e-07,-0.0045075597
1.884539e-07,-0.0045025333
1.885539e-07,-0.0045046875
1.886539e-07,-0.0045168945
1.887539e-07,-0.0045377183
1.888539e-07,-0.0045628504
1.889539e-07,-0.0045851103
1.890539e-07,-0.0045994715
1.891539e-07,-0.0046044979
1.892539e-07,-0.0046016257
1.893539e-07,-0.0045965993
1.894539e-07,-0.0045951631
1.895539e-07,-0.0046030618
1.896539e-07,-0.0046195772
1.897539e-07,-0.0046425551
1.898539e-07,-0.0046655331
1.899539e-07,-0.0046827665
1.900539e-07,-0.0046906652
1.901539e-07,-0.004688511
1.902539e-07,-0.0046806124
1.903539e-07,-0.0046712776
1.904539e-07,-0.0046655331
1.905539e-07,-0.0046655331
1.906539e-07,-0.0046712776
1.907539e-07,-0.0046784582
1.908539e-07,-0.0046856388
1.909539e-07,-0.004688511
1.910539e-07,-0.004687793
1.911539e-07,-0.0046842027
1.912539e-07,-0.0046798943
1.913539e-07,-0.0046770221
1.914539e-07,-0.0046755859
1.915539e-07,-0.0046741498
1.916539e-07,-0.0046705595
1.917539e-07,-0.0046655331
1.918539e-07,-0.0046583525
1.919539e-07,-0.0046504538
1.920539e-07,-0.0046447093
1.921539e-07,-0.0046425551
1.922539e-07,-0.0046439913
1.923539e-07,-0.0046475816
1.924539e-07,-0.0046518899
1.925539e-07,-0.0046540441
1.926539e-07,-0.0046533261
1.927539e-07,-0.0046511719
1.928539e-07,-0.0046468635
1.929539e-07,-0.0046425551
1.930539e-07,-0.0046382468
1.931539e-07,-0.0046332204
1.932539e-07,-0.0046267578
1.933539e-07,-0.0046195772
1.934539e-07,-0.0046131147
1.935539e-07,-0.0046095244
1.936539e-07,-0.0046109605
1.937539e-07,-0.0046195772
1.938539e-07,-0.0046339384
1.939539e-07,-0.004652608
1.940539e-07,-0.0046712776
1.941539e-07,-0.004688511
1.942539e-07,-0.0047021542
1.943539e-07,-0.004712207
1.944539e-07,-0.0047186696
1.945539e-07,-0.0047229779
1.946539e-07,-0.0047251321
1.947539e-07,-0.0047251321
1.948539e-07,-0.004723696
1.949539e-07,-0.0047229779
1.950539e-07,-0.0047251321
1.951539e-07,-0.0047315947
1.952539e-07,-0.0047430836
1.953539e-07,-0.0047574449
1.954539e-07,-0.0047689338
1.955539e-07,-0.0047718061
1.956539e-07,-0.0047639074
1.957539e-07,-0.0047459559
1.958539e-07,-0.004723696
1.959539e-07,-0.0047043084
1.960539e-07,-0.0046956916
1.961539e-07,-0.0047
1.962539e-07,-0.0047129251
1.963539e-07,-0.0047258502
1.964539e-07,-0.0047315947
1.965539e-07,-0.0047229779
1.966539e-07,-0.0047021542
1.967539e-07,-0.004676304
1.968539e-07,-0.0046540441
1.969539e-07,-0.0046425551
1.970539e-07,-0.0046439913
1.971539e-07,-0.0046540441
1.972539e-07,-0.004664097
1.973539e-07,-0.0046655331
1.974539e-07,-0.0046554802
1.975539e-07,-0.0046353745
1.976539e-07,-0.0046131147
1.977539e-07,-0.0045965993
1.978539e-07,-0.0045908548
1.979539e-07,-0.0045951631
1.980539e-07,-0.0046066521
1.981539e-07,-0.0046195772
1.982539e-07,-0.0046296301
1.983539e-07,-0.0046368107
1.984539e-07,-0.0046432732
1.985539e-07,-0.0046540441
1.986539e-07,-0.0046705595
1.987539e-07,-0.0046921013
1.988539e-07,-0.0047143612
1.989539e-07,-0.0047344669
1.990539e-07,-0.0047495462
1.991539e-07,-0.0047610352
1.992539e-07,-0.0047703699
1.993539e-07,-0.0047804228
1.994539e-07,-0.0047904756
1.995539e-07,-0.0047969382
1.996539e-07,-0.004794784
1.997539e-07,-0.0047804228
1.998539e-07,-0.0047552907
1.999539e-07,-0.0047251321
2.000539e-07,-0.0047
2.001539e-07,-0.004688511
2.002539e-07,-0.0046956916
2.003539e-07,-0.0047193876
2.004539e-07,-0.0047517004
2.005539e-07,-0.0047804228
2.006539e-07,-0.0047976562
2.007539e-07,-0.0047990924
2.008539e-07,-0.0047876034
2.009539e-07,-0.0047689338
2.010539e-07,-0.0047502642
2.011539e-07,-0.004735903
2.012539e-07,-0.0047272863
2.013539e-07,-0.0047229779
2.014539e-07,-0.0047193876
2.015539e-07,-0.0047157973
2.016539e-07,-0.004712207
2.017539e-07,-0.004711489
2.018539e-07,-0.0047150793
2.019539e-07,-0.0047229779
2.020539e-07,-0.0047344669
2.021539e-07,-0.0047459559
2.022539e-07,-0.0047560087
2.023539e-07,-0.0047646255
2.024539e-07,-0.0047718061
2.025539e-07,-0.0047804228
2.026539e-07,-0.0047904756
2.027539e-07,-0.0048019646
2.028539e-07,-0.0048105813
2.029539e-07,-0.0048148897
2.030539e-07,-0.0048141716
2.031539e-07,-0.0048098633
2.032539e-07,-0.0048084272
2.033539e-07,-0.0048148897
2.034539e-07,-0.0048328412
2.035539e-07,-0.0048608456
2.036539e-07,-0.0048960306
2.037539e-07,-0.0049297794
2.038539e-07,-0.0049556296
2.039539e-07,-0.0049699908
2.040539e-07,-0.0049714269
2.041539e-07,-0.0049642463
2.042539e-07,-0.0049520393
2.043539e-07,-0.0049398323
2.044539e-07,-0.0049283433
2.045539e-07,-0.0049182904
2.046539e-07,-0.0049082376
2.047539e-07,-0.0048974667
2.048539e-07,-0.00488885
2.049539e-07,-0.0048838235
2.050539e-07,-0.0048859777
2.051539e-07,-0.0048960306
2.052539e-07,-0.0049118279
2.053539e-07,-0.0049297794
2.054539e-07,-0.0049434226
2.055539e-07,-0.004948449
2.056539e-07,-0.0049434226
2.057539e-07,-0.0049297794
2.058539e-07,-0.004912546
2.059539e-07,-0.0048967486
2.060539e-07,-0.0048866958
2.061539e-07,-0.0048838235
2.062539e-07,-0.0048852597
2.063539e-07,-0.0048881319
2.064539e-07,-0.0048881319
2.065539e-07,-0.0048838235
2.066539e-07,-0.0048759249
2.067539e-07,-0.0048680262
2.068539e-07,-0.004865872
2.069539e-07,-0.0048723346
2.070539e-07,-0.00488885
2.071539e-07,-0.004913264
2.072539e-07,-0.0049398323
2.073539e-07,-0.0049642463
2.074539e-07,-0.0049800437
2.075539e-07,-0.0049865062
2.076539e-07,-0.004983634
2.077539e-07,-0.0049757353
2.078539e-07,-0.0049678366
2.079539e-07,-0.0049642463
2.080539e-07,-0.0049671186
2.081539e-07,-0.0049757353
2.082539e-07,-0.0049865062
2.083539e-07,-0.0049972771
2.084539e-07,-0.0050051758
2.085539e-07,-0.0050102022
2.086539e-07,-0.0050130744
2.087539e-07,-0.0050152286
2.088539e-07,-0.0050181009
2.089539e-07,-0.0050216912
2.090539e-07,-0.0050245634
2.091539e-07,-0.0050259995
2.092539e-07,-0.0050245634
2.093539e-07,-0.0050216912
2.094539e-07,-0.005019537
2.095539e-07,-0.005019537
2.096539e-07,-0.0050245634
2.097539e-07,-0.0050331801
2.098539e-07,-0.005043233
2.099539e-07,-0.0050511317
2.100539e-07,-0.00505544
2.101539e-07,-0.0050561581
2.102539e-07,-0.0050561581
2.103539e-07,-0.0050583123
2.104539e-07,-0.0050662109
2.105539e-07,-0.005079136
2.106539e-07,-0.0050949334
2.107539e-07,-0.0051100126
2.108539e-07,-0.0051200655
2.109539e-07,-0.0051250919
2.110539e-07,-0.005126528
2.111539e-07,-0.0051286822
2.112539e-07,-0.0051351448
2.113539e-07,-0.0051480699
2.114539e-07,-0.0051653033
2.115539e-07,-0.0051825368
2.116539e-07,-0.0051961799
2.117539e-07,-0.0052055147
2.118539e-07,-0.0052119773
2.119539e-07,-0.0052191579
2.120539e-07,-0.005232083
2.121539e-07,-0.0052514706
2.122539e-07,-0.0052744485
2.123539e-07,-0.0052952723
2.124539e-07,-0.0053074793
2.125539e-07,-0.0053089154
2.126539e-07,-0.0053010168
2.127539e-07,-0.005291682
2.128539e-07,-0.0052888097
2.129539e-07,-0.0052974265
2.130539e-07,-0.0053175322
2.131539e-07,-0.0053433824
2.132539e-07,-0.0053663603
2.133539e-07,-0.0053778493
2.134539e-07,-0.0053764131
2.135539e-07,-0.0053642061
2.136539e-07,-0.005351281
2.137539e-07,-0.0053433824
2.138539e-07,-0.0053455365
2.139539e-07,-0.0053570255
2.140539e-07,-0.0053699506
2.141539e-07,-0.0053778493
2.142539e-07,-0.0053764131
2.143539e-07,-0.0053663603
2.144539e-07,-0.0053527171
2.145539e-07,-0.0053433824
2.146539e-07,-0.0053433824
2.147539e-07,-0.0053534352
2.148539e-07,-0.0053706687
2.149539e-07,-0.0053893382
2.150539e-07,-0.0054036994
2.151539e-07,-0.005410162
2.152539e-07,-0.0054087259
2.153539e-07,-0.0054008272
2.154539e-07,-0.0053893382
2.155539e-07,-0.0053756951
2.156539e-07,-0.0053598977
2.157539e-07,-0.0053433824
2.158539e-07,-0.005327585
2.159539e-07,-0.0053146599
2.160539e-07,-0.0053081974
2.161539e-07,-0.0053089154
2.162539e-07,-0.005316096
2.163539e-07,-0.005326867
2.164539e-07,-0.0053369198
2.165539e-07,-0.0053433824
2.166539e-07,-0.0053476907
2.167539e-07,-0.0053527171
2.168539e-07,-0.0053620519
2.169539e-07,-0.0053778493
2.170539e-07,-0.0053965188
2.171539e-07,-0.0054130342
2.172539e-07,-0.0054194968
2.173539e-07,-0.0054123162
2.174539e-07,-0.0053929285
2.175539e-07,-0.0053692325
2.176539e-07,-0.0053498449
2.177539e-07,-0.0053433824
2.178539e-07,-0.0053527171
2.179539e-07,-0.005374259
2.180539e-07,-0.0054008272
2.181539e-07,-0.0054238051
2.182539e-07,-0.0054396025
2.183539e-07,-0.0054475011
2.184539e-07,-0.0054525276
2.185539e-07,-0.0054582721
2.186539e-07,-0.0054668888
2.187539e-07,-0.0054762236
2.188539e-07,-0.0054826861
2.189539e-07,-0.00548125
2.190539e-07,-0.0054726333
2.191539e-07,-0.0054618624
2.192539e-07,-0.0054546818
2.193539e-07,-0.0054582721
2.194539e-07,-0.0054733513
2.195539e-07,-0.0054970473
2.196539e-07,-0.0055214614
2.197539e-07,-0.0055386949
2.198539e-07,-0.0055458755
2.199539e-07,-0.0055430032
2.200539e-07,-0.0055351045
2.201539e-07,-0.0055272059
2.202539e-07,-0.0055221795
2.203539e-07,-0.005517153
2.204539e-07,-0.0055085363
2.205539e-07,-0.005492739
2.206539e-07,-0.005469761
2.207539e-07,-0.0054439108
2.208539e-07,-0.005422369
2.209539e-07,-0.0054123162
2.210539e-07,-0.0054151884
2.211539e-07,-0.0054273955
2.212539e-07,-0.0054403205
2.213539e-07,-0.0054467831
2.214539e-07,-0.0054424747
2.215539e-07,-0.0054288316
2.216539e-07,-0.0054123162
2.217539e-07,-0.0054008272
2.218539e-07,-0.005397955
2.219539e-07,-0.0054029814
2.220539e-07,-0.0054094439
2.221539e-07,-0.0054123162
2.222539e-07,-0.0054065717
2.223539e-07,-0.0053936466
2.224539e-07,-0.0053778493
2.225539e-07,-0.0053663603
2.226539e-07,-0.00536277
2.227539e-07,-0.0053685145
2.228539e-07,-0.0053785673
2.229539e-07,-0.0053893382
2.230539e-07,-0.0053972369
2.231539e-07,-0.0054015453
2.232539e-07,-0.0054058536
2.233539e-07,-0.0054123162
2.234539e-07,-0.005421651
2.235539e-07,-0.0054317038
2.236539e-07,-0.0054374483
2.237539e-07,-0.0054352941
2.238539e-07,-0.0054252413
2.239539e-07,-0.0054115981
2.240539e-07,-0.0054008272
2.241539e-07,-0.0054008272
2.242539e-07,-0.0054130342
2.243539e-07,-0.0054352941
2.244539e-07,-0.0054604262
2.245539e-07,-0.00548125
2.246539e-07,-0.0054920209
2.247539e-07,-0.005492739
2.248539e-07,-0.0054869945
2.249539e-07,-0.00548125
2.250539e-07,-0.0054790958
2.251539e-07,-0.0054819681
2.252539e-07,-0.0054877125
2.253539e-07,-0.005492739
2.254539e-07,-0.0054956112
2.255539e-07,-0.0054970473
2.256539e-07,-0.0054992015
2.257539e-07,-0.0055042279
2.258539e-07,-0.0055114085
2.259539e-07,-0.0055178711
2.260539e-07,-0.0055200253
2.261539e-07,-0.0055157169
2.262539e-07,-0.0055056641
2.263539e-07,-0.0054948932
2.264539e-07,-0.0054891487
2.265539e-07,-0.005492739
2.266539e-07,-0.0055042279
2.267539e-07,-0.0055193072
2.268539e-07,-0.005528642
2.269539e-07,-0.0055272059
2.270539e-07,-0.0055135627
2.271539e-07,-0.0054913028
2.272539e-07,-0.0054704791
2.273539e-07,-0.0054582721
2.274539e-07,-0.0054589901
2.275539e-07,-0.0054711972
2.276539e-07,-0.0054891487
2.277539e-07,-0.0055042279
2.278539e-07,-0.0055128447
2.279539e-07,-0.0055149989
2.280539e-07,-0.0055142808
2.281539e-07,-0.0055157169
2.282539e-07,-0.0055207433
2.283539e-07,-0.0055272059
2.284539e-07,-0.0055307962
2.285539e-07,-0.0055272059
2.286539e-07,-0.0055142808
2.287539e-07,-0.0054963293
2.288539e-07,-0.0054790958
2.289539e-07,-0.005469761
2.290539e-07,-0.0054711972
2.291539e-07,-0.00548125
2.292539e-07,-0.0054948932
2.293539e-07,-0.0055042279
2.294539e-07,-0.0055056641
2.295539e-07,-0.0054977654
2.296539e-07,-0.0054841222
2.297539e-07,-0.005469761
2.298539e-07,-0.0054568359
2.299539e-07,-0.005446065
2.300539e-07,-0.0054352941
2.301539e-07,-0.0054238051
2.302539e-07,-0.0054108801
2.303539e-07,-0.0054008272
2.304539e-07,-0.0053965188
2.305539e-07,-0.0054008272
2.306539e-07,-0.0054115981
2.307539e-07,-0.0054238051
2.308539e-07,-0.0054288316
2.309539e-07,-0.0054238051
2.310539e-07,-0.0054080078
2.311539e-07,-0.0053871841
2.312539e-07,-0.0053706687
2.313539e-07,-0.0053663603
2.314539e-07,-0.0053756951
2.315539e-07,-0.0053950827
2.316539e-07,-0.0054137523
2.317539e-07,-0.0054238051
2.318539e-07,-0.0054202148
2.319539e-07,-0.0054058536
2.320539e-07,-0.0053886202
2.321539e-07,-0.0053778493
2.322539e-07,-0.0053800034
2.323539e-07,-0.0053950827
2.324539e-07,-0.0054166245
2.325539e-07,-0.0054352941
2.326539e-07,-0.0054446289
2.327539e-07,-0.0054424747
2.328539e-07,-0.0054331399
2.329539e-07,-0.0054238051
2.330539e-07,-0.0054209329
2.331539e-07,-0.0054273955
2.332539e-07,-0.0054417567
2.333539e-07,-0.0054582721
2.334539e-07,-0.0054726333
2.335539e-07,-0.0054826861
2.336539e-07,-0.0054884306
2.337539e-07,-0.005492739
2.338539e-07,-0.0054992015
2.339539e-07,-0.0055078182
2.340539e-07,-0.0055185892
2.341539e-07,-0.0055272059
2.342539e-07,-0.0055322323
2.343539e-07,-0.0055336684
2.344539e-07,-0.0055315142
2.345539e-07,-0.0055272059
2.346539e-07,-0.0055221795
2.347539e-07,-0.005517153
2.348539e-07,-0.0055106905
2.349539e-07,-0.0055042279
2.350539e-07,-0.0054992015
2.351539e-07,-0.0054984835
2.352539e-07,-0.0055035099
2.353539e-07,-0.0055157169
2.354539e-07,-0.0055315142
2.355539e-07,-0.0055473116
2.356539e-07,-0.0055580825
2.357539e-07,-0.0055616728
2.358539e-07,-0.0055602367
2.359539e-07,-0.0055580825
2.360539e-07,-0.0055580825
2.361539e-07,-0.0055616728
2.362539e-07,-0.0055659812
2.363539e-07,-0.0055659812
2.364539e-07,-0.0055573644
2.365539e-07,-0.0055386949
2.366539e-07,-0.0055157169
2.367539e-07,-0.0054963293
2.368539e-07,-0.0054877125
2.369539e-07,-0.005492739
2.370539e-07,-0.0055071002
2.371539e-07,-0.0055207433
2.372539e-07,-0.0055257698
2.373539e-07,-0.0055157169
2.374539e-07,-0.0054956112
2.375539e-07,-0.0054747875
2.376539e-07,-0.0054640165
2.377539e-07,-0.005469761
2.378539e-07,-0.0054884306
2.379539e-07,-0.0055092544
2.380539e-07,-0.005517153
2.381539e-07,-0.0055042279
2.382539e-07,-0.0054711972
2.383539e-07,-0.0054295496
2.384539e-07,-0.0053972369
2.385539e-07,-0.0053893382
2.386539e-07,-0.0054108801
2.387539e-07,-0.0054561179
2.388539e-07,-0.0055078182
2.389539e-07,-0.0055501838
2.390539e-07,-0.0055717256
2.391539e-07,-0.0055731618
2.392539e-07,-0.0055616728
2.393539e-07,-0.0055501838
2.394539e-07,-0.0055465935
2.395539e-07,-0.0055530561
2.396539e-07,-0.005564545
2.397539e-07,-0.0055731618
2.398539e-07,-0.0055753159
2.399539e-07,-0.0055724437
2.400539e-07,-0.0055724437
2.401539e-07,-0.0055846507
2.402539e-07,-0.0056126551
2.403539e-07,-0.0056535846
2.404539e-07,-0.0056973863
2.405539e-07,-0.0057340074
2.406539e-07,-0.0057555492
2.407539e-07,-0.0057612937
2.408539e-07,-0.0057591395
2.409539e-07,-0.0057569853
2.410539e-07,-0.0057627298
2.411539e-07,-0.0057756549
2.412539e-07,-0.0057921703
2.413539e-07,-0.0058029412
2.414539e-07,-0.0058029412
2.415539e-07,-0.0057928883
2.416539e-07,-0.0057785271
2.417539e-07,-0.0057684743
2.418539e-07,-0.0057691923
2.419539e-07,-0.0057813994
2.420539e-07,-0.0057993509
2.421539e-07,-0.0058144301
2.422539e-07,-0.0058194566
2.423539e-07,-0.005812994
2.424539e-07,-0.0057971967
2.425539e-07,-0.0057799632
2.426539e-07,-0.0057670381
2.427539e-07,-0.0057605756
2.428539e-07,-0.0057591395
2.429539e-07,-0.0057569853
2.430539e-07,-0.0057505227
2.431539e-07,-0.0057375977
2.432539e-07,-0.0057232364
2.433539e-07,-0.0057110294
2.434539e-07,-0.005706003
2.435539e-07,-0.0057088752
2.436539e-07,-0.0057167739
2.437539e-07,-0.0057225184
2.438539e-07,-0.0057225184
2.439539e-07,-0.0057146197
2.440539e-07,-0.0057016946
2.441539e-07,-0.0056880515
2.442539e-07,-0.0056779986
2.443539e-07,-0.0056729722
2.444539e-07,-0.0056701
2.445539e-07,-0.0056650735
2.446539e-07,-0.0056535846
2.447539e-07,-0.005634915
2.448539e-07,-0.0056105009
2.449539e-07,-0.0055846507
2.450539e-07,-0.0055623909
2.451539e-07,-0.0055465935
2.452539e-07,-0.0055358226
2.453539e-07,-0.0055272059
2.454539e-07,-0.005517153
2.455539e-07,-0.0055056641
2.456539e-07,-0.0054920209
2.457539e-07,-0.00548125
2.458539e-07,-0.0054755055
2.459539e-07,-0.0054769416
2.460539e-07,-0.0054841222
2.461539e-07,-0.005492739
2.462539e-07,-0.0054992015
2.463539e-07,-0.0055006376
2.464539e-07,-0.0054977654
2.465539e-07,-0.005492739
2.466539e-07,-0.0054891487
2.467539e-07,-0.0054913028
2.468539e-07,-0.0054999196
2.469539e-07,-0.0055157169
2.470539e-07,-0.0055351045
2.471539e-07,-0.0055552102
2.472539e-07,-0.0055724437
2.473539e-07,-0.0055846507
2.474539e-07,-0.0055911133
2.475539e-07,-0.0055932675
2.476539e-07,-0.0055939855
2.477539e-07,-0.0055961397
2.478539e-07,-0.0056033203
2.479539e-07,-0.0056176815
2.480539e-07,-0.0056392233
2.481539e-07,-0.0056650735
2.482539e-07,-0.0056916418
2.483539e-07,-0.0057131836
2.484539e-07,-0.0057275448
2.485539e-07,-0.0057340074
2.486539e-07,-0.0057354435
2.487539e-07,-0.0057368796
2.488539e-07,-0.0057433421
2.489539e-07,-0.0057569853
2.490539e-07,-0.0057763729
2.491539e-07,-0.0057971967
2.492539e-07,-0.0058108398
2.493539e-07,-0.0058144301
2.494539e-07,-0.0058058134
2.495539e-07,-0.0057878619
2.496539e-07,-0.0057691923
2.497539e-07,-0.0057569853
2.498539e-07,-0.0057562672
2.499539e-07,-0.0057691923
2.500539e-07,-0.0057907341
2.501539e-07,-0.0058144301
2.502539e-07,-0.0058330997
2.503539e-07,-0.0058417165
2.504539e-07,-0.0058388442
2.505539e-07,-0.0058259191
2.506539e-07,-0.0058079676
2.507539e-07,-0.0057900161
2.508539e-07,-0.0057756549
2.509539e-07,-0.0057684743
2.510539e-07,-0.0057677562
2.511539e-07,-0.0057727826
2.512539e-07,-0.0057821174
2.513539e-07,-0.0057914522
2.514539e-07,-0.0057993509
2.515539e-07,-0.0058043773
2.516539e-07,-0.0058050954
2.517539e-07,-0.0058029412
2.518539e-07,-0.0058000689
2.519539e-07,-0.0057986328
2.520539e-07,-0.0057993509
2.521539e-07,-0.0058029412
2.522539e-07,-0.0058065315
2.523539e-07,-0.0058065315
2.524539e-07,-0.0058022231
2.525539e-07,-0.0057914522
2.526539e-07,-0.0057778091
2.527539e-07,-0.005764884
2.528539e-07,-0.0057569853
2.529539e-07,-0.0057569853
2.530539e-07,-0.0057641659
2.531539e-07,-0.0057749368
2.532539e-07,-0.0057849897
2.533539e-07,-0.0057914522
2.534539e-07,-0.0057921703
2.535539e-07,-0.00578858
2.536539e-07,-0.0057835535
2.537539e-07,-0.0057799632
2.538539e-07,-0.0057792452
2.539539e-07,-0.0057806813
2.540539e-07,-0.0057813994
2.541539e-07,-0.0057799632
2.542539e-07,-0.0057756549
2.543539e-07,-0.0057691923
2.544539e-07,-0.0057620117
2.545539e-07,-0.0057569853
2.546539e-07,-0.005753395
2.547539e-07,-0.0057512408
2.548539e-07,-0.0057483686
2.549539e-07,-0.0057454963
2.550539e-07,-0.0057440602
2.551539e-07,-0.0057462144
2.552539e-07,-0.0057541131
2.553539e-07,-0.0057684743
2.554539e-07,-0.0057857077
2.555539e-07,-0.005800787
2.556539e-07,-0.0058072495
2.557539e-07,-0.0058029412
2.558539e-07,-0.00578858
2.559539e-07,-0.0057699104
2.560539e-07,-0.005753395
2.561539e-07,-0.0057454963
2.562539e-07,-0.0057483686
2.563539e-07,-0.0057598575
2.564539e-07,-0.0057720646
2.565539e-07,-0.0057799632
2.566539e-07,-0.0057785271
2.567539e-07,-0.0057691923
2.568539e-07,-0.0057562672
2.569539e-07,-0.0057454963
2.570539e-07,-0.005741906
2.571539e-07,-0.0057454963
2.572539e-07,-0.0057519589
2.573539e-07,-0.0057569853
2.574539e-07,-0.0057548311
2.575539e-07,-0.0057447783
2.576539e-07,-0.0057282629
2.577539e-07,-0.0057110294
2.578539e-07,-0.0056981043
2.579539e-07,-0.0056923598
2.580539e-07,-0.005693796
2.581539e-07,-0.0056995404
2.582539e-07,-0.005706003
2.583539e-07,-0.0057103114
2.584539e-07,-0.0057117475
2.585539e-07,-0.0057110294
2.586539e-07,-0.0057095933
2.587539e-07,-0.0057074391
2.588539e-07,-0.0057045669
2.589539e-07,-0.0056995404
2.590539e-07,-0.0056909237
2.591539e-07,-0.0056787167
2.592539e-07,-0.0056650735
2.593539e-07,-0.0056535846
2.594539e-07,-0.005647122
2.595539e-07,-0.0056478401
2.596539e-07,-0.0056543026
2.597539e-07,-0.0056650735
2.598539e-07,-0.0056758444
2.599539e-07,-0.0056844612
2.600539e-07,-0.0056880515
2.601539e-07,-0.0056880515
2.602539e-07,-0.0056851792
2.603539e-07,-0.005683025
2.604539e-07,-0.0056837431
2.605539e-07,-0.0056880515
2.606539e-07,-0.0056959501
2.607539e-07,-0.005706003
2.608539e-07,-0.0057153378
2.609539e-07,-0.0057225184
2.610539e-07,-0.0057253906
2.611539e-07,-0.0057246726
2.612539e-07,-0.0057225184
2.613539e-07,-0.0057225184
2.614539e-07,-0.0057268267
2.615539e-07,-0.0057383157
2.616539e-07,-0.005753395
2.617539e-07,-0.0057684743
2.618539e-07,-0.005777091
2.619539e-07,-0.0057727826
2.620539e-07,-0.005753395
2.621539e-07,-0.0057225184
2.622539e-07,-0.0056866153
2.623539e-07,-0.0056550207
2.624539e-07,-0.005634915
2.625539e-07,-0.0056306066
2.626539e-07,-0.0056392233
2.627539e-07,-0.0056543026
2.628539e-07,-0.0056686638
2.629539e-07,-0.0056765625
2.630539e-07,-0.0056772806
2.631539e-07,-0.0056736903
2.632539e-07,-0.0056722541
2.633539e-07,-0.0056765625
2.634539e-07,-0.0056873334
2.635539e-07,-0.0057002585
2.636539e-07,-0.0057095933
2.637539e-07,-0.0057110294
2.638539e-07,-0.0057038488
2.639539e-07,-0.0056909237
2.640539e-07,-0.0056794347
2.641539e-07,-0.0056765625
2.642539e-07,-0.0056844612
2.643539e-07,-0.0057009766
2.644539e-07,-0.0057196461
2.645539e-07,-0.0057340074
2.646539e-07,-0.0057390338
2.647539e-07,-0.0057332893
2.648539e-07,-0.0057225184
2.649539e-07,-0.0057110294
2.650539e-07,-0.0057052849
2.651539e-07,-0.0057088752
2.652539e-07,-0.0057196461
2.653539e-07,-0.0057340074
2.654539e-07,-0.0057483686
2.655539e-07,-0.0057591395
2.656539e-07,-0.0057663201
2.657539e-07,-0.0057684743
2.658539e-07,-0.0057677562
2.659539e-07,-0.005765602
2.660539e-07,-0.0057620117
2.661539e-07,-0.0057569853
2.662539e-07,-0.0057526769
2.663539e-07,-0.0057498047
2.664539e-07,-0.0057512408
2.665539e-07,-0.0057569853
2.666539e-07,-0.005765602
2.667539e-07,-0.0057749368
2.668539e-07,-0.0057806813
2.669539e-07,-0.0057799632
2.670539e-07,-0.0057727826
2.671539e-07,-0.0057605756
2.672539e-07,-0.0057469324
2.673539e-07,-0.0057340074
2.674539e-07,-0.0057232364
2.675539e-07,-0.0057146197
2.676539e-07,-0.005706721
2.677539e-07,-0.0056995404
2.678539e-07,-0.005693796
2.679539e-07,-0.0056923598
2.680539e-07,-0.0056981043
2.681539e-07,-0.0057110294
2.682539e-07,-0.0057282629
2.683539e-07,-0.0057454963
2.684539e-07,-0.0057562672
2.685539e-07,-0.0057569853
2.686539e-07,-0.0057483686
2.687539e-07,-0.0057340074
2.688539e-07,-0.0057203642
2.689539e-07,-0.0057110294
2.690539e-07,-0.0057081572
2.691539e-07,-0.0057095933
2.692539e-07,-0.0057110294
2.693539e-07,-0.0057110294
2.694539e-07,-0.0057081572
2.695539e-07,-0.0057052849
2.696539e-07,-0.0057052849
2.697539e-07,-0.0057110294
2.698539e-07,-0.0057203642
2.699539e-07,-0.0057289809
2.700539e-07,-0.0057311351
2.701539e-07,-0.0057225184
2.702539e-07,-0.005706003
2.703539e-07,-0.0056866153
2.704539e-07,-0.0056744083
2.705539e-07,-0.0056765625
2.706539e-07,-0.005694514
2.707539e-07,-0.0057232364
2.708539e-07,-0.0057555492
2.709539e-07,-0.0057799632
2.710539e-07,-0.0057914522
2.711539e-07,-0.0057900161
2.712539e-07,-0.0057799632
2.713539e-07,-0.0057684743
2.714539e-07,-0.0057620117
2.715539e-07,-0.0057612937
2.716539e-07,-0.005764884
2.717539e-07,-0.0057684743
2.718539e-07,-0.0057684743
2.719539e-07,-0.005764884
2.720539e-07,-0.0057598575
2.721539e-07,-0.0057569853
2.722539e-07,-0.0057584214
2.723539e-07,-0.0057634478
2.724539e-07,-0.0057677562
2.725539e-07,-0.0057684743
2.726539e-07,-0.0057634478
2.727539e-07,-0.0057548311
2.728539e-07,-0.0057469324
2.729539e-07,-0.0057454963
2.730539e-07,-0.005753395
2.731539e-07,-0.0057684743
2.732539e-07,-0.0057878619
2.733539e-07,-0.0058029412
2.734539e-07,-0.0058101218
2.735539e-07,-0.0058079676
2.736539e-07,-0.0058000689
2.737539e-07,-0.0057914522
2.738539e-07,-0.00578858
2.739539e-07,-0.0057936064
2.740539e-07,-0.0058072495
2.741539e-07,-0.0058259191
2.742539e-07,-0.0058453068
2.743539e-07,-0.0058618222
2.744539e-07,-0.0058747472
2.745539e-07,-0.005883364
2.746539e-07,-0.0058883904
2.747539e-07,-0.0058905446
2.748539e-07,-0.0058891085
2.749539e-07,-0.005883364
2.750539e-07,-0.0058747472
2.751539e-07,-0.0058646944
2.752539e-07,-0.0058553596
2.753539e-07,-0.0058488971
2.754539e-07,-0.0058460248
2.755539e-07,-0.0058467429
2.756539e-07,-0.005848179
2.757539e-07,-0.0058488971
2.758539e-07,-0.0058496151
2.759539e-07,-0.0058503332
2.760539e-07,-0.0058539235
2.761539e-07,-0.005860386
2.762539e-07,-0.0058690028
2.763539e-07,-0.0058754653
2.764539e-07,-0.0058776195
2.765539e-07,-0.005871875
2.766539e-07,-0.0058589499
2.767539e-07,-0.0058417165
2.768539e-07,-0.0058252011
2.769539e-07,-0.0058144301
2.770539e-07,-0.0058101218
2.771539e-07,-0.0058115579
2.772539e-07,-0.0058144301
2.773539e-07,-0.0058144301
2.774539e-07,-0.0058101218
2.775539e-07,-0.0058022231
2.776539e-07,-0.0057950425
2.777539e-07,-0.0057914522
2.778539e-07,-0.0057943244
2.779539e-07,-0.0058036592
2.780539e-07,-0.0058158663
2.781539e-07,-0.0058259191
2.782539e-07,-0.0058309455
2.783539e-07,-0.0058295094
2.784539e-07,-0.0058230469
2.785539e-07,-0.0058144301
2.786539e-07,-0.0058058134
2.787539e-07,-0.0057986328
2.788539e-07,-0.0057936064
2.789539e-07,-0.0057914522
2.790539e-07,-0.0057914522
2.791539e-07,-0.0057957606
2.792539e-07,-0.0058029412
2.793539e-07,-0.0058144301
2.794539e-07,-0.0058266372
2.795539e-07,-0.0058374081
2.796539e-07,-0.0058417165
2.797539e-07,-0.0058374081
2.798539e-07,-0.0058259191
2.799539e-07,-0.0058094037
2.800539e-07,-0.0057928883
2.801539e-07,-0.0057799632
2.802539e-07,-0.0057735007
2.803539e-07,-0.0057720646
2.804539e-07,-0.0057749368
2.805539e-07,-0.0057799632
2.806539e-07,-0.0057864258
2.807539e-07,-0.0057957606
2.808539e-07,-0.0058094037
2.809539e-07,-0.0058259191
2.810539e-07,-0.0058438706
2.811539e-07,-0.0058575138
2.812539e-07,-0.0058639763
2.813539e-07,-0.005860386
2.814539e-07,-0.0058496151
2.815539e-07,-0.0058374081
2.816539e-07,-0.0058316636
2.817539e-07,-0.0058374081
2.818539e-07,-0.0058546415
2.819539e-07,-0.0058797737
2.820539e-07,-0.0059034697
2.821539e-07,-0.0059178309
2.822539e-07,-0.005919267
2.823539e-07,-0.0059099322
2.824539e-07,-0.0058948529
2.825539e-07,-0.005883364
2.826539e-07,-0.0058812098
2.827539e-07,-0.0058891085
2.828539e-07,-0.0059034697
2.829539e-07,-0.0059178309
2.830539e-07,-0.0059264476
2.831539e-07,-0.0059257295
2.832539e-07,-0.0059178309
2.833539e-07,-0.0059063419
2.834539e-07,-0.0058970071
2.835539e-07,-0.0058919807
2.836539e-07,-0.0058919807
2.837539e-07,-0.0058948529
2.838539e-07,-0.0058970071
2.839539e-07,-0.0058970071
2.840539e-07,-0.005895571
2.841539e-07,-0.0058948529
2.842539e-07,-0.0058984432
2.843539e-07,-0.0059063419
2.844539e-07,-0.0059178309
2.845539e-07,-0.0059293199
2.846539e-07,-0.0059372185
2.847539e-07,-0.0059393727
2.848539e-07,-0.0059365005
2.849539e-07,-0.0059293199
2.850539e-07,-0.0059221392
2.851539e-07,-0.0059178309
2.852539e-07,-0.0059163948
2.853539e-07,-0.0059178309
2.854539e-07,-0.005919267
2.855539e-07,-0.0059178309
2.856539e-07,-0.0059135225
2.857539e-07,-0.0059063419
2.858539e-07,-0.0058984432
2.859539e-07,-0.0058912626
2.860539e-07,-0.0058855182
2.861539e-07,-0.005883364
2.862539e-07,-0.0058826459
2.863539e-07,-0.005883364
2.864539e-07,-0.005883364
2.865539e-07,-0.005883364
2.866539e-07,-0.005883364
2.867539e-07,-0.0058848001
2.868539e-07,-0.0058883904
2.869539e-07,-0.0058948529
2.870539e-07,-0.0059034697
2.871539e-07,-0.0059142406
2.872539e-07,-0.0059235754
2.873539e-07,-0.0059293199
2.874539e-07,-0.005930756
2.875539e-07,-0.0059271657
2.876539e-07,-0.0059221392
2.877539e-07,-0.0059178309
2.878539e-07,-0.005919267
2.879539e-07,-0.0059278837
2.880539e-07,-0.0059443991
2.881539e-07,-0.0059637868
2.882539e-07,-0.0059817383
2.883539e-07,-0.0059925092
2.884539e-07,-0.0059932273
2.885539e-07,-0.0059867647
2.886539e-07,-0.0059774299
2.887539e-07,-0.0059716854
2.888539e-07,-0.0059745577
2.889539e-07,-0.0059867647
2.890539e-07,-0.0060047162
2.891539e-07,-0.0060226677
2.892539e-07,-0.0060327206
2.893539e-07,-0.0060327206
2.894539e-07,-0.0060241039
2.895539e-07,-0.0060111788
2.896539e-07,-0.006001844
2.897539e-07,-0.0059982537
2.898539e-07,-0.0060011259
2.899539e-07,-0.0060075885
2.900539e-07,-0.0060118968
2.901539e-07,-0.0060097426
2.902539e-07,-0.006001844
2.903539e-07,-0.0059910731
2.904539e-07,-0.0059810202
2.905539e-07,-0.0059752757
2.906539e-07,-0.0059738396
2.907539e-07,-0.0059738396
2.908539e-07,-0.0059709674
2.909539e-07,-0.0059637868
2.910539e-07,-0.0059537339
2.911539e-07,-0.0059458352
2.912539e-07,-0.0059443991
2.913539e-07,-0.0059522978
2.914539e-07,-0.005966659
2.915539e-07,-0.0059810202
2.916539e-07,-0.0059896369
2.917539e-07,-0.0059867647
2.918539e-07,-0.0059745577
2.919539e-07,-0.0059594784
2.920539e-07,-0.0059501436
2.921539e-07,-0.0059522978
2.922539e-07,-0.0059673771
2.923539e-07,-0.0059896369
2.924539e-07,-0.0060097426
2.925539e-07,-0.0060212316
2.926539e-07,-0.0060205136
2.927539e-07,-0.0060104607
2.928539e-07,-0.0060004079
2.929539e-07,-0.0059982537
2.930539e-07,-0.0060075885
2.931539e-07,-0.0060269761
2.932539e-07,-0.006049236
2.933539e-07,-0.0060671875
2.934539e-07,-0.0060750862
2.935539e-07,-0.0060743681
2.936539e-07,-0.0060693417
2.937539e-07,-0.0060671875
2.938539e-07,-0.006072932
2.939539e-07,-0.0060872932
2.940539e-07,-0.0061059628
2.941539e-07,-0.0061246324
2.942539e-07,-0.0061382755
2.943539e-07,-0.0061468922
2.944539e-07,-0.0061526367
2.945539e-07,-0.0061590993
2.946539e-07,-0.0061684341
2.947539e-07,-0.0061784869
2.948539e-07,-0.0061885398
2.949539e-07,-0.0061935662
2.950539e-07,-0.0061942842
2.951539e-07,-0.0061935662
2.952539e-07,-0.0061957204
2.953539e-07,-0.0062050551
2.954539e-07,-0.0062215705
2.955539e-07,-0.0062409582
2.956539e-07,-0.0062567555
2.957539e-07,-0.0062625
2.958539e-07,-0.0062546013
2.959539e-07,-0.0062366498
2.960539e-07,-0.0062136719
2.961539e-07,-0.0061935662
2.962539e-07,-0.0061813591
2.963539e-07,-0.0061777688
2.964539e-07,-0.006179205
2.965539e-07,-0.0061820772
2.966539e-07,-0.0061835133
2.967539e-07,-0.0061835133
2.968539e-07,-0.0061863856
2.969539e-07,-0.0061935662
2.970539e-07,-0.0062064913
2.971539e-07,-0.0062222886
2.972539e-07,-0.0062344956
2.973539e-07,-0.0062395221
2.974539e-07,-0.0062344956
2.975539e-07,-0.0062230067
2.976539e-07,-0.0062107996
2.977539e-07,-0.0062050551
2.978539e-07,-0.0062086455
2.979539e-07,-0.0062215705
2.980539e-07,-0.0062373679
2.981539e-07,-0.006251011
2.982539e-07,-0.0062567555
2.983539e-07,-0.0062546013
2.984539e-07,-0.0062474207
2.985539e-07,-0.0062395221
2.986539e-07,-0.0062359318
2.987539e-07,-0.0062373679
2.988539e-07,-0.0062431124
2.989539e-07,-0.006251011
2.990539e-07,-0.0062596278
2.991539e-07,-0.0062689625
2.992539e-07,-0.0062811696
2.993539e-07,-0.0062969669
2.994539e-07,-0.0063156365
2.995539e-07,-0.006333588
2.996539e-07,-0.0063479492
2.997539e-07,-0.0063544118
2.998539e-07,-0.0063544118
2.999539e-07,-0.0063508215
3.000539e-07,-0.0063493853
3.001539e-07,-0.0063544118
3.002539e-07,-0.0063666188
3.003539e-07,-0.0063816981
3.004539e-07,-0.0063946232
3.005539e-07,-0.0064003676
3.006539e-07,-0.0063967773
3.007539e-07,-0.0063881606
3.008539e-07,-0.0063795439
3.009539e-07,-0.0063773897
3.010539e-07,-0.0063852884
3.011539e-07,-0.0064032399
3.012539e-07,-0.0064247817
3.013539e-07,-0.0064463235
3.014539e-07,-0.006463557
3.015539e-07,-0.006475764
3.016539e-07,-0.0064843807
3.017539e-07,-0.0064922794
3.018539e-07,-0.006498742
3.019539e-07,-0.0065023323
3.020539e-07,-0.0065008961
3.021539e-07,-0.0064922794
3.022539e-07,-0.0064800724
3.023539e-07,-0.0064700195
3.024539e-07,-0.0064685834
3.025539e-07,-0.0064807904
3.026539e-07,-0.0065059226
3.027539e-07,-0.0065375172
3.028539e-07,-0.0065662397
3.029539e-07,-0.0065841912
3.030539e-07,-0.0065870634
3.031539e-07,-0.0065777286
3.032539e-07,-0.0065626494
3.033539e-07,-0.0065497243
3.034539e-07,-0.0065439798
3.035539e-07,-0.0065446978
3.036539e-07,-0.0065490062
3.037539e-07,-0.0065497243
3.038539e-07,-0.0065446978
3.039539e-07,-0.0065339269
3.040539e-07,-0.006522438
3.041539e-07,-0.0065152574
3.042539e-07,-0.0065174115
3.043539e-07,-0.0065274644
3.044539e-07,-0.0065439798
3.045539e-07,-0.0065612132
3.046539e-07,-0.0065755744
3.047539e-07,-0.0065856273
3.048539e-07,-0.0065920898
3.049539e-07,-0.0065956801
3.050539e-07,-0.0065963982
3.051539e-07,-0.0065920898
3.052539e-07,-0.0065806009
3.053539e-07,-0.0065612132
3.054539e-07,-0.0065360811
3.055539e-07,-0.006510949
3.056539e-07,-0.0064908433
3.057539e-07,-0.0064807904
3.058539e-07,-0.0064807904
3.059539e-07,-0.0064858169
3.060539e-07,-0.0064915614
3.061539e-07,-0.0064922794
3.062539e-07,-0.006487971
3.063539e-07,-0.0064815085
3.064539e-07,-0.0064779182
3.065539e-07,-0.0064807904
3.066539e-07,-0.006487971
3.067539e-07,-0.0064951517
3.068539e-07,-0.0064937155
3.069539e-07,-0.0064807904
3.070539e-07,-0.0064563764
3.071539e-07,-0.0064262178
3.072539e-07,-0.0064018038
3.073539e-07,-0.0063888787
3.074539e-07,-0.0063910329
3.075539e-07,-0.0064025218
3.076539e-07,-0.006416165
3.077539e-07,-0.0064233456
3.078539e-07,-0.0064204733
3.079539e-07,-0.0064089844
3.080539e-07,-0.0063960593
3.081539e-07,-0.0063888787
3.082539e-07,-0.0063895967
3.083539e-07,-0.0063960593
3.084539e-07,-0.0064018038
3.085539e-07,-0.0064003676
3.086539e-07,-0.0063888787
3.087539e-07,-0.0063709272
3.088539e-07,-0.0063529756
3.089539e-07,-0.0063429228
3.090539e-07,-0.0063443589
3.091539e-07,-0.0063544118
3.092539e-07,-0.0063680549
3.093539e-07,-0.0063773897
3.094539e-07,-0.0063781078
3.095539e-07,-0.0063709272
3.096539e-07,-0.0063615924
3.097539e-07,-0.0063544118
3.098539e-07,-0.0063536937
3.099539e-07,-0.0063587201
3.100539e-07,-0.0063637466
3.101539e-07,-0.0063659007
3.102539e-07,-0.0063623104
3.103539e-07,-0.0063558479
3.104539e-07,-0.0063515395
3.105539e-07,-0.0063544118
3.106539e-07,-0.0063651827
3.107539e-07,-0.00638098
3.108539e-07,-0.0063946232
3.109539e-07,-0.0064003676
3.110539e-07,-0.0063967773
3.111539e-07,-0.0063874426
3.112539e-07,-0.0063781078
3.113539e-07,-0.0063773897
3.114539e-07,-0.0063874426
3.115539e-07,-0.0064068302
3.116539e-07,-0.006428372
3.117539e-07,-0.0064463235
3.118539e-07,-0.0064570944
3.119539e-07,-0.0064614028
3.120539e-07,-0.006463557
3.121539e-07,-0.0064693015
3.122539e-07,-0.0064800724
3.123539e-07,-0.0064944336
3.124539e-07,-0.0065073587
3.125539e-07,-0.0065152574
3.126539e-07,-0.0065166935
3.127539e-07,-0.0065152574
3.128539e-07,-0.0065174115
3.129539e-07,-0.0065267463
3.130539e-07,-0.0065432617
3.131539e-07,-0.0065619313
3.132539e-07,-0.0065734203
3.133539e-07,-0.0065727022
3.134539e-07,-0.0065576229
3.135539e-07,-0.006534645
3.136539e-07,-0.0065131032
3.137539e-07,-0.0065037684
3.138539e-07,-0.006510949
3.139539e-07,-0.0065324908
3.140539e-07,-0.0065597771
3.141539e-07,-0.0065841912
3.142539e-07,-0.0065978343
3.143539e-07,-0.0065999885
3.144539e-07,-0.006593526
3.145539e-07,-0.0065841912
3.146539e-07,-0.0065755744
3.147539e-07,-0.0065691119
3.148539e-07,-0.0065612132
3.149539e-07,-0.0065497243
3.150539e-07,-0.0065339269
3.151539e-07,-0.0065159754
3.152539e-07,-0.0065008961
3.153539e-07,-0.0064922794
3.154539e-07,-0.0064908433
3.155539e-07,-0.0064915614
3.156539e-07,-0.0064901252
3.157539e-07,-0.0064807904
3.158539e-07,-0.006463557
3.159539e-07,-0.0064420152
3.160539e-07,-0.0064233456
3.161539e-07,-0.0064118566
3.162539e-07,-0.0064089844
3.163539e-07,-0.0064082663
3.164539e-07,-0.006403958
3.165539e-07,-0.0063888787
3.166539e-07,-0.0063630285
3.167539e-07,-0.0063328699
3.168539e-07,-0.0063077378
3.169539e-07,-0.0062969669
3.170539e-07,-0.0063034295
3.171539e-07,-0.0063228171
3.172539e-07,-0.0063465131
3.173539e-07,-0.0063659007
3.174539e-07,-0.0063752355
3.175539e-07,-0.0063766716
3.176539e-07,-0.0063752355
3.177539e-07,-0.0063773897
3.178539e-07,-0.0063860064
3.179539e-07,-0.0063989315
3.180539e-07,-0.0064097024
3.181539e-07,-0.0064118566
3.182539e-07,-0.006403958
3.183539e-07,-0.0063903148
3.184539e-07,-0.0063788258
3.185539e-07,-0.0063773897
3.186539e-07,-0.0063895967
3.187539e-07,-0.0064118566
3.188539e-07,-0.0064377068
3.189539e-07,-0.0064578125
3.190539e-07,-0.0064678653
3.191539e-07,-0.0064693015
3.192539e-07,-0.0064678653
3.193539e-07,-0.0064693015
3.194539e-07,-0.0064779182
3.195539e-07,-0.0064901252
3.196539e-07,-0.0065008961
3.197539e-07,-0.0065037684
3.198539e-07,-0.0064958697
3.199539e-07,-0.0064800724
3.200539e-07,-0.0064649931
3.201539e-07,-0.0064578125
3.202539e-07,-0.006463557
3.203539e-07,-0.0064815085
3.204539e-07,-0.0065044864
3.205539e-07,-0.0065267463
3.206539e-07,-0.0065432617
3.207539e-07,-0.0065540326
3.208539e-07,-0.0065619313
3.209539e-07,-0.0065727022
3.210539e-07,-0.0065870634
3.211539e-07,-0.0066028608
3.212539e-07,-0.0066150678
3.213539e-07,-0.0066186581
3.214539e-07,-0.0066136317
3.215539e-07,-0.0066035788
3.216539e-07,-0.0065956801
3.217539e-07,-0.0065956801
3.218539e-07,-0.0066050149
3.219539e-07,-0.0066200942
3.220539e-07,-0.0066344554
3.221539e-07,-0.006641636
3.222539e-07,-0.0066394818
3.223539e-07,-0.0066308651
3.224539e-07,-0.0066222484
3.225539e-07,-0.0066186581
3.226539e-07,-0.0066222484
3.227539e-07,-0.006629429
3.228539e-07,-0.0066337374
3.229539e-07,-0.0066301471
3.230539e-07,-0.0066186581
3.231539e-07,-0.0066035788
3.232539e-07,-0.006594244
3.233539e-07,-0.0065956801
3.234539e-07,-0.0066093233
3.235539e-07,-0.006629429
3.236539e-07,-0.0066466625
3.237539e-07,-0.006653125
3.238539e-07,-0.0066452263
3.239539e-07,-0.0066272748
3.240539e-07,-0.0066078872
3.241539e-07,-0.0065956801
3.242539e-07,-0.006593526
3.243539e-07,-0.0065971163
3.244539e-07,-0.0066007066
3.245539e-07,-0.0065956801
3.246539e-07,-0.0065806009
3.247539e-07,-0.0065597771
3.248539e-07,-0.0065425437
3.249539e-07,-0.0065382353
3.250539e-07,-0.0065504423
3.251539e-07,-0.0065762925
3.252539e-07,-0.006605733
3.253539e-07,-0.0066301471
3.254539e-07,-0.0066430722
3.255539e-07,-0.0066459444
3.256539e-07,-0.0066430722
3.257539e-07,-0.006641636
3.258539e-07,-0.0066452263
3.259539e-07,-0.0066516889
3.260539e-07,-0.0066559972
3.261539e-07,-0.006653125
3.262539e-07,-0.006640918
3.263539e-07,-0.0066244026
3.264539e-07,-0.0066107594
3.265539e-07,-0.0066071691
3.266539e-07,-0.006617222
3.267539e-07,-0.0066373277
3.268539e-07,-0.0066588695
3.269539e-07,-0.0066761029
3.270539e-07,-0.0066840016
3.271539e-07,-0.0066847197
3.272539e-07,-0.0066840016
3.273539e-07,-0.0066875919
3.274539e-07,-0.0066969267
3.275539e-07,-0.0067098518
3.276539e-07,-0.0067191866
3.277539e-07,-0.0067220588
3.278539e-07,-0.0067170324
3.279539e-07,-0.0067091337
3.280539e-07,-0.0067055434
3.281539e-07,-0.0067105699
3.282539e-07,-0.006724213
3.283539e-07,-0.0067392923
3.284539e-07,-0.0067486271
3.285539e-07,-0.0067450368
3.286539e-07,-0.0067299575
3.287539e-07,-0.0067112879
3.288539e-07,-0.0066983628
3.289539e-07,-0.0066990809
3.290539e-07,-0.006712724
3.291539e-07,-0.0067306756
3.292539e-07,-0.0067407284
3.293539e-07,-0.0067335478
3.294539e-07,-0.0067084157
3.295539e-07,-0.0066739488
3.296539e-07,-0.0066437902
3.297539e-07,-0.0066301471
3.298539e-07,-0.0066380457
3.299539e-07,-0.0066603056
3.300539e-07,-0.0066854377
3.301539e-07,-0.0066990809
3.302539e-07,-0.0066947725
3.303539e-07,-0.0066753849
3.304539e-07,-0.0066502528
3.305539e-07,-0.0066301471
3.306539e-07,-0.0066222484
3.307539e-07,-0.0066229665
3.308539e-07,-0.0066251206
3.309539e-07,-0.0066186581
3.310539e-07,-0.0065985524
3.311539e-07,-0.0065676758
3.312539e-07,-0.0065360811
3.313539e-07,-0.0065152574
3.314539e-07,-0.006510949
3.315539e-07,-0.006522438
3.316539e-07,-0.0065425437
3.317539e-07,-0.0065612132
3.318539e-07,-0.0065727022
3.319539e-07,-0.0065755744
3.320539e-07,-0.0065741383
3.321539e-07,-0.0065727022
3.322539e-07,-0.0065727022
3.323539e-07,-0.0065719841
3.324539e-07,-0.0065655216
3.325539e-07,-0.0065497243
3.326539e-07,-0.0065281824
3.327539e-07,-0.0065087948
3.328539e-07,-0.0065023323
3.329539e-07,-0.0065152574
3.330539e-07,-0.0065475701
3.331539e-07,-0.0065877815
3.332539e-07,-0.0066236845
3.333539e-07,-0.006641636
3.334539e-07,-0.0066387638
3.335539e-07,-0.0066215303
3.336539e-07,-0.0066028608
3.337539e-07,-0.0065956801
3.338539e-07,-0.0066050149
3.339539e-07,-0.0066258387
3.340539e-07,-0.0066459444
3.341539e-07,-0.006653125
3.342539e-07,-0.006640918
3.343539e-07,-0.0066136317
3.344539e-07,-0.006582037
3.345539e-07,-0.0065612132
3.346539e-07,-0.0065590591
3.347539e-07,-0.0065741383
3.348539e-07,-0.0065985524
3.349539e-07,-0.0066186581
3.350539e-07,-0.0066265568
3.351539e-07,-0.0066193761
3.352539e-07,-0.0066028608
3.353539e-07,-0.0065841912
3.354539e-07,-0.0065691119
3.355539e-07,-0.006558341
3.356539e-07,-0.006546134
3.357539e-07,-0.0065267463
3.358539e-07,-0.006498742
3.359539e-07,-0.0064664292
3.360539e-07,-0.0064384249
3.361539e-07,-0.0064233456
3.362539e-07,-0.0064247817
3.363539e-07,-0.0064384249
3.364539e-07,-0.0064563764
3.365539e-07,-0.0064693015
3.366539e-07,-0.0064714557
3.367539e-07,-0.006463557
3.368539e-07,-0.0064527861
3.369539e-07,-0.0064463235
3.370539e-07,-0.0064463235
3.371539e-07,-0.0064499138
3.372539e-07,-0.0064484777
3.373539e-07,-0.0064348346
3.374539e-07,-0.0064075483
3.375539e-07,-0.0063716452
3.376539e-07,-0.0063386144
3.377539e-07,-0.0063199449
3.378539e-07,-0.0063206629
3.379539e-07,-0.0063386144
3.380539e-07,-0.0063651827
3.381539e-07,-0.0063888787
3.382539e-07,-0.0064018038
3.383539e-07,-0.0064025218
3.384539e-07,-0.0063960593
3.385539e-07,-0.0063888787
3.386539e-07,-0.0063852884
3.387539e-07,-0.0063852884
3.388539e-07,-0.0063838523
3.389539e-07,-0.0063773897
3.390539e-07,-0.0063644646
3.391539e-07,-0.0063501034
3.392539e-07,-0.0063407686
3.393539e-07,-0.0063429228
3.394539e-07,-0.0063580021
3.395539e-07,-0.00638098
3.396539e-07,-0.0064018038
3.397539e-07,-0.0064118566
3.398539e-07,-0.0064068302
3.399539e-07,-0.0063917509
3.400539e-07,-0.0063752355
3.401539e-07,-0.0063659007
3.402539e-07,-0.006368773
3.403539e-07,-0.00638098
3.404539e-07,-0.0063946232
3.405539e-07,-0.0064003676
3.406539e-07,-0.0063939051
3.407539e-07,-0.0063788258
3.408539e-07,-0.0063623104
3.409539e-07,-0.0063544118
3.410539e-07,-0.0063601562
3.411539e-07,-0.0063788258
3.412539e-07,-0.0064032399
3.413539e-07,-0.0064233456
3.414539e-07,-0.0064333984
3.415539e-07,-0.0064319623
3.416539e-07,-0.0064233456
3.417539e-07,-0.0064118566
3.418539e-07,-0.0064018038
3.419539e-07,-0.0063946232
3.420539e-07,-0.0063867245
3.421539e-07,-0.0063773897
3.422539e-07,-0.0063673369
3.423539e-07,-0.0063608743
3.424539e-07,-0.0063637466
3.425539e-07,-0.0063773897
3.426539e-07,-0.0063996496
3.427539e-07,-0.0064226275
3.428539e-07,-0.0064362707
3.429539e-07,-0.0064348346
3.430539e-07,-0.0064190372
3.431539e-07,-0.0063967773
3.432539e-07,-0.0063795439
3.433539e-07,-0.0063773897
3.434539e-07,-0.0063910329
3.435539e-07,-0.0064125747
3.436539e-07,-0.0064312443
3.437539e-07,-0.0064348346
3.438539e-07,-0.0064211914
3.439539e-07,-0.0063967773
3.440539e-07,-0.0063737994
3.441539e-07,-0.0063659007
3.442539e-07,-0.0063795439
3.443539e-07,-0.0064111386
3.444539e-07,-0.0064499138
3.445539e-07,-0.0064807904
3.446539e-07,-0.0064951517
3.447539e-07,-0.0064908433
3.448539e-07,-0.006475046
3.449539e-07,-0.0064578125
3.450539e-07,-0.0064477597
3.451539e-07,-0.0064470416
3.452539e-07,-0.0064527861
3.453539e-07,-0.0064578125
3.454539e-07,-0.0064578125
3.455539e-07,-0.0064527861
3.456539e-07,-0.0064470416
3.457539e-07,-0.0064463235
3.458539e-07,-0.0064549403
3.459539e-07,-0.0064707376
3.460539e-07,-0.0064894072
3.461539e-07,-0.0065037684
3.462539e-07,-0.0065095129
3.463539e-07,-0.0065059226
3.464539e-07,-0.006498742
3.465539e-07,-0.0064922794
3.466539e-07,-0.0064894072
3.467539e-07,-0.0064886891
3.468539e-07,-0.006487253
3.469539e-07,-0.0064807904
3.470539e-07,-0.0064700195
3.471539e-07,-0.0064570944
3.472539e-07,-0.0064477597
3.473539e-07,-0.0064463235
3.474539e-07,-0.006452068
3.475539e-07,-0.0064599667
3.476539e-07,-0.006463557
3.477539e-07,-0.0064578125
3.478539e-07,-0.0064420152
3.479539e-07,-0.0064219095
3.480539e-07,-0.0064061121
3.481539e-07,-0.0064003676
3.482539e-07,-0.0064053941
3.483539e-07,-0.006416883
3.484539e-07,-0.0064247817
3.485539e-07,-0.0064233456
3.486539e-07,-0.0064104205
3.487539e-07,-0.0063910329
3.488539e-07,-0.0063737994
3.489539e-07,-0.0063659007
3.490539e-07,-0.006368773
3.491539e-07,-0.0063773897
3.492539e-07,-0.0063824161
3.493539e-07,-0.0063773897
3.494539e-07,-0.0063608743
3.495539e-07,-0.0063393325
3.496539e-07,-0.0063228171
3.497539e-07,-0.0063199449
3.498539e-07,-0.0063321519
3.499539e-07,-0.0063536937
3.500539e-07,-0.0063723633
3.501539e-07,-0.0063773897
3.502539e-07,-0.0063651827
3.503539e-07,-0.0063400506
3.504539e-07,-0.0063134823
3.505539e-07,-0.0062969669
3.506539e-07,-0.006297685
3.507539e-07,-0.0063120462
3.508539e-07,-0.0063314338
3.509539e-07,-0.0063429228
3.510539e-07,-0.0063400506
3.511539e-07,-0.0063242532
3.512539e-07,-0.0063019933
3.513539e-07,-0.0062854779
3.514539e-07,-0.0062811696
3.515539e-07,-0.0062883502
3.516539e-07,-0.0063005572
3.517539e-07,-0.0063084559
3.518539e-07,-0.0063048656
3.519539e-07,-0.0062905044
3.520539e-07,-0.0062732709
3.521539e-07,-0.0062625
3.522539e-07,-0.0062646542
3.523539e-07,-0.0062797335
3.524539e-07,-0.006298403
3.525539e-07,-0.0063084559
3.526539e-07,-0.006298403
3.527539e-07,-0.0062660903
3.528539e-07,-0.006215108
3.529539e-07,-0.0061590993
3.530539e-07,-0.0061095531
3.531539e-07,-0.0060750862
3.532539e-07,-0.0060556985
3.533539e-07,-0.0060442096
3.534539e-07,-0.0060312845
3.535539e-07,-0.0060075885
3.536539e-07,-0.0059688132
3.537539e-07,-0.0059178309
3.538539e-07,-0.005859668
3.539539e-07,-0.0058015051
3.540539e-07,-0.0057476505
3.541539e-07,-0.0056995404
3.542539e-07,-0.0056557387
3.543539e-07,-0.0056133732
3.544539e-07,-0.0055674173
3.545539e-07,-0.0055157169
3.546539e-07,-0.0054561179
3.547539e-07,-0.0053886202
3.548539e-07,-0.005315378
3.549539e-07,-0.0052399816
3.550539e-07,-0.0051681756
3.551539e-07,-0.0051042682
3.552539e-07,-0.0050518497
3.553539e-07,-0.0050102022
3.554539e-07,-0.0049771714
3.555539e-07,-0.0049462948
3.556539e-07,-0.0049118279
3.557539e-07,-0.0048723346
3.558539e-07,-0.0048270967
3.559539e-07,-0.0047804228
3.560539e-07,-0.0047373392
3.561539e-07,-0.0047
3.562539e-07,-0.0046684053
3.563539e-07,-0.0046396829
3.564539e-07,-0.0046088063
3.565539e-07,-0.0045736213
3.566539e-07,-0.004534846
3.567539e-07,-0.0044975069
3.568539e-07,-0.0044673483
3.569539e-07,-0.0044472426
3.570539e-07,-0.0044379079
3.571539e-07,-0.0044343176
3.572539e-07,-0.0044314453
3.573539e-07,-0.0044242647
3.574539e-07,-0.0044120577
3.575539e-07,-0.0043976965
3.576539e-07,-0.0043854894
3.577539e-07,-0.0043783088
3.578539e-07,-0.0043761546
3.579539e-07,-0.0043747185
3.580539e-07,-0.004368974
3.581539e-07,-0.0043553309
3.582539e-07,-0.0043352252
3.583539e-07,-0.0043144014
3.584539e-07,-0.0043000402
3.585539e-07,-0.004297886
3.586539e-07,-0.0043079389
3.587539e-07,-0.0043237362
3.588539e-07,-0.0043380974
3.589539e-07,-0.0043438419
3.590539e-07,-0.0043380974
3.591539e-07,-0.0043258904
3.592539e-07,-0.0043136834
3.593539e-07,-0.004309375
3.594539e-07,-0.0043151195
3.595539e-07,-0.0043280446
3.596539e-07,-0.0043395335
3.597539e-07,-0.0043438419
3.598539e-07,-0.0043359432
3.599539e-07,-0.0043187098
3.600539e-07,-0.0042993222
3.601539e-07,-0.0042863971
3.602539e-07,-0.0042849609
3.603539e-07,-0.0042950138
3.604539e-07,-0.0043129653
3.605539e-07,-0.0043323529
3.606539e-07,-0.0043481503
3.607539e-07,-0.0043596392
3.608539e-07,-0.004368974
3.609539e-07,-0.0043783088
3.610539e-07,-0.0043890797
3.611539e-07,-0.0043998506
3.612539e-07,-0.0044048771
3.613539e-07,-0.0044012868
3.614539e-07,-0.0043890797
3.615539e-07,-0.0043725643
3.616539e-07,-0.0043589212
3.617539e-07,-0.0043553309
3.618539e-07,-0.0043653837
3.619539e-07,-0.0043847714
3.620539e-07,-0.0044077493
3.621539e-07,-0.0044242647
3.622539e-07,-0.0044292911
3.623539e-07,-0.0044235466
3.624539e-07,-0.0044113396
3.625539e-07,-0.0044012868
3.626539e-07,-0.0043991326
3.627539e-07,-0.0044070312
3.628539e-07,-0.0044213925
3.629539e-07,-0.0044357537
3.630539e-07,-0.0044450885
3.631539e-07,-0.0044479607
3.632539e-07,-0.0044472426
3.633539e-07,-0.0044472426
3.634539e-07,-0.0044522691
3.635539e-07,-0.0044644761
3.636539e-07,-0.0044795554
3.637539e-07,-0.0044931985
3.638539e-07,-0.0045003791
3.639539e-07,-0.004498943
3.640539e-07,-0.0044917624
3.641539e-07,-0.0044817096
3.642539e-07,-0.004474529
3.643539e-07,-0.0044730928
3.644539e-07,-0.0044759651
3.645539e-07,-0.0044817096
3.646539e-07,-0.0044860179
3.647539e-07,-0.004487454
3.648539e-07,-0.0044852999
3.649539e-07,-0.0044817096
3.650539e-07,-0.0044795554
3.651539e-07,-0.0044824276
3.652539e-07,-0.0044903263
3.653539e-07,-0.0045046875
3.654539e-07,-0.0045240751
3.655539e-07,-0.004545617
3.656539e-07,-0.0045671588
3.657539e-07,-0.0045851103
3.658539e-07,-0.0045958812
3.659539e-07,-0.0045973173
3.660539e-07,-0.0045887006
3.661539e-07,-0.0045736213
3.662539e-07,-0.0045571059
3.663539e-07,-0.004545617
3.664539e-07,-0.0045427447
3.665539e-07,-0.0045506434
3.666539e-07,-0.0045657227
3.667539e-07,-0.00458152
3.668539e-07,-0.0045922909
3.669539e-07,-0.0045965993
3.670539e-07,-0.0045951631
3.671539e-07,-0.004593009
3.672539e-07,-0.0045965993
3.673539e-07,-0.0046080882
3.674539e-07,-0.0046253217
3.675539e-07,-0.0046432732
3.676539e-07,-0.0046540441
3.677539e-07,-0.0046540441
3.678539e-07,-0.0046447093
3.679539e-07,-0.0046332204
3.680539e-07,-0.0046260398
3.681539e-07,-0.0046310662
3.682539e-07,-0.0046482996
3.683539e-07,-0.0046727137
3.684539e-07,-0.0046964097
3.685539e-07,-0.004711489
3.686539e-07,-0.0047143612
3.687539e-07,-0.0047078987
3.688539e-07,-0.0046971278
3.689539e-07,-0.004688511
3.690539e-07,-0.0046842027
3.691539e-07,-0.0046813304
3.692539e-07,-0.0046770221
3.693539e-07,-0.0046655331
3.694539e-07,-0.0046475816
3.695539e-07,-0.0046267578
3.696539e-07,-0.0046116785
3.697539e-07,-0.0046080882
3.698539e-07,-0.0046181411
3.699539e-07,-0.0046382468
3.700539e-07,-0.0046605067
3.701539e-07,-0.0046770221
3.702539e-07,-0.0046820485
3.703539e-07,-0.004676304
3.704539e-07,-0.004664815
3.705539e-07,-0.0046540441
3.706539e-07,-0.0046482996
3.707539e-07,-0.0046490177
3.708539e-07,-0.0046518899
3.709539e-07,-0.0046540441
3.710539e-07,-0.004652608
3.711539e-07,-0.0046475816
3.712539e-07,-0.0046432732
3.713539e-07,-0.0046425551
3.714539e-07,-0.0046468635
3.715539e-07,-0.0046547622
3.716539e-07,-0.0046619428
3.717539e-07,-0.0046655331
3.718539e-07,-0.004664815
3.719539e-07,-0.0046619428
3.720539e-07,-0.0046612247
3.721539e-07,-0.0046655331
3.722539e-07,-0.0046748679
3.723539e-07,-0.0046849207
3.724539e-07,-0.0046906652
3.725539e-07,-0.004688511
3.726539e-07,-0.0046791762
3.727539e-07,-0.0046684053
3.728539e-07,-0.0046619428
3.729539e-07,-0.0046655331
3.730539e-07,-0.0046791762
3.731539e-07,-0.0046985639
3.732539e-07,-0.0047150793
3.733539e-07,-0.0047229779
3.734539e-07,-0.0047201057
3.735539e-07,-0.0047100528
3.736539e-07,-0.0047014361
3.737539e-07,-0.0047
3.738539e-07,-0.0047093348
3.739539e-07,-0.0047251321
3.740539e-07,-0.0047394933
3.741539e-07,-0.0047459559
3.742539e-07,-0.0047409295
3.743539e-07,-0.0047265682
3.744539e-07,-0.0047100528
3.745539e-07,-0.0047
3.746539e-07,-0.0046992819
3.747539e-07,-0.0047071806
3.748539e-07,-0.0047179515
3.749539e-07,-0.0047229779
3.750539e-07,-0.0047193876
3.751539e-07,-0.0047071806
3.752539e-07,-0.0046906652
3.753539e-07,-0.0046770221
3.754539e-07,-0.0046691234
3.755539e-07,-0.0046669692
3.756539e-07,-0.0046676873
3.757539e-07,-0.0046655331
3.758539e-07,-0.0046590705
3.759539e-07,-0.0046490177
3.760539e-07,-0.0046389648
3.761539e-07,-0.0046310662
3.762539e-07,-0.0046274759
3.763539e-07,-0.0046267578
3.764539e-07,-0.0046246036
3.765539e-07,-0.0046195772
3.766539e-07,-0.0046123966
3.767539e-07,-0.0046059341
3.768539e-07,-0.0046044979
3.769539e-07,-0.0046080882
3.770539e-07,-0.0046145508
3.771539e-07,-0.0046159869
3.772539e-07,-0.0046073702
3.773539e-07,-0.0045851103
3.774539e-07,-0.0045549517
3.775539e-07,-0.0045262293
3.776539e-07,-0.00451115
3.777539e-07,-0.0045161765
3.778539e-07,-0.0045405905
3.779539e-07,-0.0045750574
3.780539e-07,-0.004605216
3.781539e-07,-0.0046195772
3.782539e-07,-0.0046145508
3.783539e-07,-0.0045958812
3.784539e-07,-0.0045743394
3.785539e-07,-0.0045621324
3.786539e-07,-0.0045642865
3.787539e-07,-0.0045786477
3.788539e-07,-0.0045965993
3.789539e-07,-0.0046080882
3.790539e-07,-0.0046080882
3.791539e-07,-0.0045994715
3.792539e-07,-0.0045887006
3.793539e-07,-0.0045851103
3.794539e-07,-0.004593009
3.795539e-07,-0.0046102424
3.796539e-07,-0.0046296301
3.797539e-07,-0.0046425551
3.798539e-07,-0.0046447093
3.799539e-07,-0.0046375287
3.800539e-07,-0.0046267578
3.801539e-07,-0.0046195772
3.802539e-07,-0.0046195772
3.803539e-07,-0.0046253217
3.804539e-07,-0.0046310662
3.805539e-07,-0.0046310662
3.806539e-07,-0.0046231675
3.807539e-07,-0.0046116785
3.808539e-07,-0.0046044979
3.809539e-07,-0.0046080882
3.810539e-07,-0.0046238856
3.811539e-07,-0.0046475816
3.812539e-07,-0.0046684053
3.813539e-07,-0.0046770221
3.814539e-07,-0.0046691234
3.815539e-07,-0.0046490177
3.816539e-07,-0.0046253217
3.817539e-07,-0.0046080882
3.818539e-07,-0.0046037799
3.819539e-07,-0.0046102424
3.820539e-07,-0.0046188591
3.821539e-07,-0.0046195772
3.822539e-07,-0.0046066521
3.823539e-07,-0.0045808019
3.824539e-07,-0.0045513614
3.825539e-07,-0.0045276654
3.826539e-07,-0.0045190487
3.827539e-07,-0.0045262293
3.828539e-07,-0.0045441808
3.829539e-07,-0.0045621324
3.830539e-07,-0.0045721852
3.831539e-07,-0.004569313
3.832539e-07,-0.0045563879
3.833539e-07,-0.0045391544
3.834539e-07,-0.0045233571
3.835539e-07,-0.0045133042
3.836539e-07,-0.0045082778
3.837539e-07,-0.0045046875
3.838539e-07,-0.004498943
3.839539e-07,-0.0044910443
3.840539e-07,-0.0044802734
3.841539e-07,-0.0044702206
3.842539e-07,-0.00446304
3.843539e-07,-0.0044594497
3.844539e-07,-0.0044587316
3.845539e-07,-0.0044587316
3.846539e-07,-0.0044594497
3.847539e-07,-0.0044616039
3.848539e-07,-0.0044651942
3.849539e-07,-0.0044702206
3.850539e-07,-0.0044738109
3.851539e-07,-0.0044709386
3.852539e-07,-0.0044587316
3.853539e-07,-0.0044357537
3.854539e-07,-0.0044070312
3.855539e-07,-0.0043811811
3.856539e-07,-0.0043661018
3.857539e-07,-0.0043668199
3.858539e-07,-0.0043826172
3.859539e-07,-0.0044070312
3.860539e-07,-0.0044307273
3.861539e-07,-0.0044472426
3.862539e-07,-0.0044544233
3.863539e-07,-0.0044551413
3.864539e-07,-0.0044558594
3.865539e-07,-0.0044587316
3.866539e-07,-0.004463758
3.867539e-07,-0.0044651942
3.868539e-07,-0.0044565774
3.869539e-07,-0.0044357537
3.870539e-07,-0.0044070312
3.871539e-07,-0.004380463
3.872539e-07,-0.004368256
3.873539e-07,-0.0043783088
3.874539e-07,-0.0044099035
3.875539e-07,-0.0044529871
3.876539e-07,-0.0044924805
3.877539e-07,-0.0045161765
3.878539e-07,-0.0045197668
3.879539e-07,-0.0045075597
3.880539e-07,-0.0044910443
3.881539e-07,-0.0044817096
3.882539e-07,-0.0044860179
3.883539e-07,-0.0045010972
3.884539e-07,-0.0045183307
3.885539e-07,-0.0045276654
3.886539e-07,-0.0045240751
3.887539e-07,-0.004510432
3.888539e-07,-0.0044967888
3.889539e-07,-0.0044931985
3.890539e-07,-0.0045061236
3.891539e-07,-0.004534128
3.892539e-07,-0.0045678768
3.893539e-07,-0.0045965993
3.894539e-07,-0.0046116785
3.895539e-07,-0.0046123966
3.896539e-07,-0.0046044979
3.897539e-07,-0.0045965993
3.898539e-07,-0.0045951631
3.899539e-07,-0.0046016257
3.900539e-07,-0.0046123966
3.901539e-07,-0.0046195772
3.902539e-07,-0.0046188591
3.903539e-07,-0.0046095244
3.904539e-07,-0.0045958812
3.905539e-07,-0.0045851103
3.906539e-07,-0.0045808019
3.907539e-07,-0.0045836742
3.908539e-07,-0.0045908548
3.909539e-07,-0.0045965993
3.910539e-07,-0.0045980354
3.911539e-07,-0.0045965993
3.912539e-07,-0.0045944451
3.913539e-07,-0.0045965993
3.914539e-07,-0.0046030618
3.915539e-07,-0.0046109605
3.916539e-07,-0.0046145508
3.917539e-07,-0.0046080882
3.918539e-07,-0.0045908548
3.919539e-07,-0.0045671588
3.920539e-07,-0.0045470531
3.921539e-07,-0.0045391544
3.922539e-07,-0.0045477711
3.923539e-07,-0.004570031
3.924539e-07,-0.0045973173
3.925539e-07,-0.0046195772
3.926539e-07,-0.0046296301
3.927539e-07,-0.0046267578
3.928539e-07,-0.004616705
3.929539e-07,-0.0046080882
3.930539e-07,-0.0046073702
3.931539e-07,-0.0046159869
3.932539e-07,-0.0046303481
3.933539e-07,-0.0046425551
3.934539e-07,-0.0046454274
3.935539e-07,-0.0046375287
3.936539e-07,-0.0046224494
3.937539e-07,-0.0046080882
3.938539e-07,-0.0046016257
3.939539e-07,-0.0046088063
3.940539e-07,-0.0046274759
3.941539e-07,-0.0046540441
3.942539e-07,-0.0046806124
3.943539e-07,-0.0047007181
3.944539e-07,-0.0047107709
3.945539e-07,-0.004711489
3.946539e-07,-0.0047050264
3.947539e-07,-0.0046949736
3.948539e-07,-0.0046849207
3.949539e-07,-0.0046770221
3.950539e-07,-0.0046741498
3.951539e-07,-0.0046777401
3.952539e-07,-0.0046870749
3.953539e-07,-0.0047
3.954539e-07,-0.0047129251
3.955539e-07,-0.0047229779
3.956539e-07,-0.0047258502
3.957539e-07,-0.0047229779
3.958539e-07,-0.0047165154
3.959539e-07,-0.0047100528
3.960539e-07,-0.0047086167
3.961539e-07,-0.004711489
3.962539e-07,-0.0047157973
3.963539e-07,-0.0047157973
3.964539e-07,-0.0047071806
3.965539e-07,-0.004688511
3.966539e-07,-0.004664815
3.967539e-07,-0.0046425551
3.968539e-07,-0.0046303481
3.969539e-07,-0.0046310662
3.970539e-07,-0.0046425551
3.971539e-07,-0.0046576344
3.972539e-07,-0.0046669692
3.973539e-07,-0.0046655331
3.974539e-07,-0.0046533261
3.975539e-07,-0.0046368107
3.976539e-07,-0.0046238856
3.977539e-07,-0.0046195772
3.978539e-07,-0.0046238856
3.979539e-07,-0.0046303481
3.980539e-07,-0.0046303481
3.981539e-07,-0.0046195772
3.982539e-07,-0.0045973173
3.983539e-07,-0.004570031
3.984539e-07,-0.0045477711
3.985539e-07,-0.0045391544
3.986539e-07,-0.0045448989
3.987539e-07,-0.0045599782
3.988539e-07,-0.0045764936
3.989539e-07,-0.0045851103
3.990539e-07,-0.0045843922
3.991539e-07,-0.0045772116
3.992539e-07,-0.0045714671
3.993539e-07,-0.0045736213
3.994539e-07,-0.0045851103
3.995539e-07,-0.0046001896
3.996539e-07,-0.0046102424
3.997539e-07,-0.0046080882
3.998539e-07,-0.0045922909
3.999539e-07,-0.0045678768
4.000539e-07,-0.0045470531
4.001539e-07,-0.0045391544
4.002539e-07,-0.0045492073
4.003539e-07,-0.0045743394
4.004539e-07,-0.0046044979
4.005539e-07,-0.0046310662
4.006539e-07,-0.0046475816
4.007539e-07,-0.0046547622
4.008539e-07,-0.0046583525
4.009539e-07,-0.0046655331
4.010539e-07,-0.0046798943
4.011539e-07,-0.0046992819
4.012539e-07,-0.0047157973
4.013539e-07,-0.0047229779
4.014539e-07,-0.0047179515
4.015539e-07,-0.0047050264
4.016539e-07,-0.0046921013
4.017539e-07,-0.004688511
4.018539e-07,-0.0047007181
4.019539e-07,-0.0047265682
4.020539e-07,-0.0047603171
4.021539e-07,-0.0047919118
4.022539e-07,-0.0048163258
4.023539e-07,-0.004830687
4.024539e-07,-0.0048407399
4.025539e-07,-0.0048493566
4.026539e-07,-0.0048601275
4.027539e-07,-0.0048723346
4.028539e-07,-0.0048816693
4.029539e-07,-0.0048838235
4.030539e-07,-0.0048787971
4.031539e-07,-0.0048701804
4.032539e-07,-0.004865872
4.033539e-07,-0.0048723346
4.034539e-07,-0.0048910041
4.035539e-07,-0.0049175724
4.036539e-07,-0.0049441406
4.037539e-07,-0.0049642463
4.038539e-07,-0.0049728631
4.039539e-07,-0.0049735811
4.040539e-07,-0.004972145
4.041539e-07,-0.0049757353
4.042539e-07,-0.0049872243
4.043539e-07,-0.0050030216
4.044539e-07,-0.0050166648
4.045539e-07,-0.0050216912
4.046539e-07,-0.0050145106
4.047539e-07,-0.0049994313
4.048539e-07,-0.004983634
4.049539e-07,-0.0049757353
4.050539e-07,-0.0049800437
4.051539e-07,-0.004995841
4.052539e-07,-0.0050159467
4.053539e-07,-0.0050331801
4.054539e-07,-0.005043233
4.055539e-07,-0.0050453872
4.056539e-07,-0.0050446691
4.057539e-07,-0.0050446691
4.058539e-07,-0.0050482594
4.059539e-07,-0.0050525678
4.060539e-07,-0.0050532858
4.061539e-07,-0.0050446691
4.062539e-07,-0.0050267176
4.063539e-07,-0.0050044577
4.064539e-07,-0.0049850701
4.065539e-07,-0.0049757353
4.066539e-07,-0.0049793256
4.067539e-07,-0.0049929687
4.068539e-07,-0.0050102022
4.069539e-07,-0.0050216912
4.070539e-07,-0.0050245634
4.071539e-07,-0.0050202551
4.072539e-07,-0.0050130744
4.073539e-07,-0.0050102022
4.074539e-07,-0.0050137925
4.075539e-07,-0.0050224092
4.076539e-07,-0.0050303079
4.077539e-07,-0.0050331801
4.078539e-07,-0.0050288718
4.079539e-07,-0.0050216912
4.080539e-07,-0.0050173828
4.081539e-07,-0.0050216912
4.082539e-07,-0.0050360524
4.083539e-07,-0.0050568761
4.084539e-07,-0.0050776999
4.085539e-07,-0.005090625
4.086539e-07,-0.0050949334
4.087539e-07,-0.0050927792
4.088539e-07,-0.0050934972
4.089539e-07,-0.005102114
4.090539e-07,-0.0051215016
4.091539e-07,-0.0051466337
4.092539e-07,-0.0051696117
4.093539e-07,-0.0051825368
4.094539e-07,-0.0051825368
4.095539e-07,-0.0051724839
4.096539e-07,-0.005161713
4.097539e-07,-0.0051595588
4.098539e-07,-0.0051710478
4.099539e-07,-0.0051954619
4.100539e-07,-0.0052249023
4.101539e-07,-0.0052514706
4.102539e-07,-0.005267986
4.103539e-07,-0.0052744485
4.104539e-07,-0.0052751666
4.105539e-07,-0.0052744485
4.106539e-07,-0.0052780388
4.107539e-07,-0.0052845014
4.108539e-07,-0.0052924
4.109539e-07,-0.0052974265
4.110539e-07,-0.0052981445
4.111539e-07,-0.0052967084
4.112539e-07,-0.0052988626
4.113539e-07,-0.0053089154
4.114539e-07,-0.0053283031
4.115539e-07,-0.0053534352
4.116539e-07,-0.0053756951
4.117539e-07,-0.0053893382
4.118539e-07,-0.0053907744
4.119539e-07,-0.0053828757
4.120539e-07,-0.0053721048
4.121539e-07,-0.0053663603
4.122539e-07,-0.0053699506
4.123539e-07,-0.0053807215
4.124539e-07,-0.0053936466
4.125539e-07,-0.0054008272
4.126539e-07,-0.005398673
4.127539e-07,-0.0053886202
4.128539e-07,-0.0053756951
4.129539e-07,-0.0053663603
4.130539e-07,-0.0053663603
4.131539e-07,-0.005374259
4.132539e-07,-0.0053879021
4.133539e-07,-0.0054008272
4.134539e-07,-0.0054087259
4.135539e-07,-0.005410162
4.136539e-07,-0.0054065717
4.137539e-07,-0.0054008272
4.138539e-07,-0.0053936466
4.139539e-07,-0.0053850299
4.140539e-07,-0.0053721048
4.141539e-07,-0.0053548713
4.142539e-07,-0.0053362017
4.143539e-07,-0.0053218405
4.144539e-07,-0.0053196864
4.145539e-07,-0.0053318934
4.146539e-07,-0.0053577436
4.147539e-07,-0.0053886202
4.148539e-07,-0.0054137523
4.149539e-07,-0.0054238051
4.150539e-07,-0.0054159065
4.151539e-07,-0.0053950827
4.152539e-07,-0.0053713867
4.153539e-07,-0.0053548713
4.154539e-07,-0.0053519991
4.155539e-07,-0.0053620519
4.156539e-07,-0.0053771312
4.157539e-07,-0.0053893382
4.158539e-07,-0.0053922105
4.159539e-07,-0.0053850299
4.160539e-07,-0.0053735409
4.161539e-07,-0.0053663603
4.162539e-07,-0.0053685145
4.163539e-07,-0.0053807215
4.164539e-07,-0.005397955
4.165539e-07,-0.0054123162
4.166539e-07,-0.0054166245
4.167539e-07,-0.0054094439
4.168539e-07,-0.0053936466
4.169539e-07,-0.0053778493
4.170539e-07,-0.0053685145
4.171539e-07,-0.0053706687
4.172539e-07,-0.0053828757
4.173539e-07,-0.0054008272
4.174539e-07,-0.0054187787
4.175539e-07,-0.0054331399
4.176539e-07,-0.0054417567
4.177539e-07,-0.0054467831
4.178539e-07,-0.0054518095
4.179539e-07,-0.0054589901
4.180539e-07,-0.005469043
4.181539e-07,-0.00548125
4.182539e-07,-0.0054948932
4.183539e-07,-0.0055099724
4.184539e-07,-0.0055243336
4.185539e-07,-0.0055386949
4.186539e-07,-0.005552338
4.187539e-07,-0.0055652631
4.188539e-07,-0.005576034
4.189539e-07,-0.0055846507
4.190539e-07,-0.0055939855
4.191539e-07,-0.0056076287
4.192539e-07,-0.0056270163
4.193539e-07,-0.0056535846
4.194539e-07,-0.0056844612
4.195539e-07,-0.0057139017
4.196539e-07,-0.0057354435
4.197539e-07,-0.0057454963
4.198539e-07,-0.0057433421
4.199539e-07,-0.0057340074
4.200539e-07,-0.0057253906
4.201539e-07,-0.0057225184
4.202539e-07,-0.005729699
4.203539e-07,-0.0057454963
4.204539e-07,-0.0057641659
4.205539e-07,-0.0057799632
4.206539e-07,-0.00578858
4.207539e-07,-0.005789298
4.208539e-07,-0.0057849897
4.209539e-07,-0.0057799632
4.210539e-07,-0.0057763729
4.211539e-07,-0.0057763729
4.212539e-07,-0.0057778091
4.213539e-07,-0.0057799632
4.214539e-07,-0.0057806813
4.215539e-07,-0.0057821174
4.216539e-07,-0.0057849897
4.217539e-07,-0.0057914522
4.218539e-07,-0.0057993509
4.219539e-07,-0.0058058134
4.220539e-07,-0.0058043773
4.221539e-07,-0.0057914522
4.222539e-07,-0.0057670381
4.223539e-07,-0.0057340074
4.224539e-07,-0.0057009766
4.225539e-07,-0.0056765625
4.226539e-07,-0.0056657916
4.227539e-07,-0.005670818
4.228539e-07,-0.0056880515
4.229539e-07,-0.0057110294
4.230539e-07,-0.0057325712
4.231539e-07,-0.0057483686
4.232539e-07,-0.0057562672
4.233539e-07,-0.0057569853
4.234539e-07,-0.0057519589
4.235539e-07,-0.0057433421
4.236539e-07,-0.0057332893
4.237539e-07,-0.0057225184
4.238539e-07,-0.0057139017
4.239539e-07,-0.0057103114
4.240539e-07,-0.0057124655
4.241539e-07,-0.0057225184
4.242539e-07,-0.0057375977
4.243539e-07,-0.005753395
4.244539e-07,-0.005764884
4.245539e-07,-0.0057684743
4.246539e-07,-0.0057634478
4.247539e-07,-0.0057526769
4.248539e-07,-0.005741188
4.249539e-07,-0.0057340074
4.250539e-07,-0.0057347254
4.251539e-07,-0.0057433421
4.252539e-07,-0.0057555492
4.253539e-07,-0.0057684743
4.254539e-07,-0.0057785271
4.255539e-07,-0.0057842716
4.256539e-07,-0.0057878619
4.257539e-07,-0.0057914522
4.258539e-07,-0.0057971967
4.259539e-07,-0.0058050954
4.260539e-07,-0.0058151482
4.261539e-07,-0.0058259191
4.262539e-07,-0.005835972
4.263539e-07,-0.0058445887
4.264539e-07,-0.0058532054
4.265539e-07,-0.005860386
4.266539e-07,-0.0058654125
4.267539e-07,-0.0058654125
4.268539e-07,-0.005860386
4.269539e-07,-0.0058488971
4.270539e-07,-0.0058345358
4.271539e-07,-0.0058208927
4.272539e-07,-0.0058137121
4.273539e-07,-0.0058144301
4.274539e-07,-0.0058223288
4.275539e-07,-0.0058338178
4.276539e-07,-0.0058438706
4.277539e-07,-0.0058488971
4.278539e-07,-0.005848179
4.279539e-07,-0.0058438706
4.280539e-07,-0.0058395623
4.281539e-07,-0.0058374081
4.282539e-07,-0.00583669
4.283539e-07,-0.0058338178
4.284539e-07,-0.0058230469
4.285539e-07,-0.0058029412
4.286539e-07,-0.0057735007
4.287539e-07,-0.0057397518
4.288539e-07,-0.0057088752
4.289539e-07,-0.0056880515
4.290539e-07,-0.0056801528
4.291539e-07,-0.005683025
4.292539e-07,-0.0056916418
4.293539e-07,-0.0056995404
4.294539e-07,-0.0057024127
4.295539e-07,-0.0056995404
4.296539e-07,-0.0056902057
4.297539e-07,-0.0056765625
4.298539e-07,-0.005659329
4.299539e-07,-0.0056392233
4.300539e-07,-0.0056133732
4.301539e-07,-0.0055846507
4.302539e-07,-0.0055552102
4.303539e-07,-0.0055307962
4.304539e-07,-0.005517153
4.305539e-07,-0.0055157169
4.306539e-07,-0.0055250517
4.307539e-07,-0.0055379768
4.308539e-07,-0.0055480296
4.309539e-07,-0.0055501838
4.310539e-07,-0.0055437213
4.311539e-07,-0.0055329504
4.312539e-07,-0.0055257698
4.313539e-07,-0.0055272059
4.314539e-07,-0.0055372587
4.315539e-07,-0.005552338
4.316539e-07,-0.0055623909
4.317539e-07,-0.0055616728
4.318539e-07,-0.0055473116
4.319539e-07,-0.0055236156
4.320539e-07,-0.0054984835
4.321539e-07,-0.00548125
4.322539e-07,-0.0054783778
4.323539e-07,-0.0054884306
4.324539e-07,-0.0055078182
4.325539e-07,-0.0055272059
4.326539e-07,-0.0055415671
4.327539e-07,-0.0055487477
4.328539e-07,-0.0055501838
4.329539e-07,-0.0055501838
4.330539e-07,-0.0055501838
4.331539e-07,-0.0055501838
4.332539e-07,-0.0055473116
4.333539e-07,-0.0055386949
4.334539e-07,-0.0055243336
4.335539e-07,-0.0055071002
4.336539e-07,-0.0054948932
4.337539e-07,-0.005492739
4.338539e-07,-0.0055042279
4.339539e-07,-0.0055279239
4.340539e-07,-0.0055573644
4.341539e-07,-0.0055846507
4.342539e-07,-0.0056033203
4.343539e-07,-0.005611219
4.344539e-07,-0.005611219
4.345539e-07,-0.0056076287
4.346539e-07,-0.0056047564
4.347539e-07,-0.0056047564
4.348539e-07,-0.0056061926
4.349539e-07,-0.0056076287
4.350539e-07,-0.0056076287
4.351539e-07,-0.0056076287
4.352539e-07,-0.0056097829
4.353539e-07,-0.0056191176
4.354539e-07,-0.0056363511
4.355539e-07,-0.0056607652
4.356539e-07,-0.0056873334
4.357539e-07,-0.0057110294
4.358539e-07,-0.0057282629
4.359539e-07,-0.0057383157
4.360539e-07,-0.0057426241
4.361539e-07,-0.0057454963
4.362539e-07,-0.0057498047
4.363539e-07,-0.0057555492
4.364539e-07,-0.0057627298
4.365539e-07,-0.0057684743
4.366539e-07,-0.0057713465
4.367539e-07,-0.0057713465
4.368539e-07,-0.0057699104
4.369539e-07,-0.0057684743
4.370539e-07,-0.0057684743
4.371539e-07,-0.0057699104
4.372539e-07,-0.0057699104
4.373539e-07,-0.0057684743
4.374539e-07,-0.005764884
4.375539e-07,-0.0057605756
4.376539e-07,-0.0057577034
4.377539e-07,-0.0057569853
4.378539e-07,-0.0057577034
4.379539e-07,-0.0057569853
4.380539e-07,-0.0057498047
4.381539e-07,-0.0057340074
4.382539e-07,-0.0057110294
4.383539e-07,-0.0056837431
4.384539e-07,-0.005659329
4.385539e-07,-0.0056420956
4.386539e-07,-0.0056334789
4.387539e-07,-0.0056313247
4.388539e-07,-0.0056320427
4.389539e-07,-0.0056306066
4.390539e-07,-0.0056255802
4.391539e-07,-0.0056176815
4.392539e-07,-0.0056105009
4.393539e-07,-0.0056076287
4.394539e-07,-0.0056097829
4.395539e-07,-0.0056155273
4.396539e-07,-0.0056198357
4.397539e-07,-0.0056191176
4.398539e-07,-0.005611219
4.399539e-07,-0.0055982939
4.400539e-07,-0.0055846507
4.401539e-07,-0.0055731618
4.402539e-07,-0.0055681353
4.403539e-07,-0.0055688534
4.404539e-07,-0.0055753159
4.405539e-07,-0.0055846507
4.406539e-07,-0.0055968578
4.407539e-07,-0.0056126551
4.408539e-07,-0.0056320427
4.409539e-07,-0.0056535846
4.410539e-07,-0.0056744083
4.411539e-07,-0.0056909237
4.412539e-07,-0.0056995404
4.413539e-07,-0.0056995404
4.414539e-07,-0.0056952321
4.415539e-07,-0.0056930779
4.416539e-07,-0.0056973863
4.417539e-07,-0.0057110294
4.418539e-07,-0.0057311351
4.419539e-07,-0.0057505227
4.420539e-07,-0.0057641659
4.421539e-07,-0.0057684743
4.422539e-07,-0.005765602
4.423539e-07,-0.0057634478
4.424539e-07,-0.0057670381
4.425539e-07,-0.0057799632
4.426539e-07,-0.0057993509
4.427539e-07,-0.0058165843
4.428539e-07,-0.0058230469
4.429539e-07,-0.0058144301
4.430539e-07,-0.0057936064
4.431539e-07,-0.0057699104
4.432539e-07,-0.0057555492
4.433539e-07,-0.0057569853
4.434539e-07,-0.0057742187
4.435539e-07,-0.0057971967
4.436539e-07,-0.0058137121
4.437539e-07,-0.0058144301
4.438539e-07,-0.0057964786
4.439539e-07,-0.0057670381
4.440539e-07,-0.0057383157
4.441539e-07,-0.0057225184
4.442539e-07,-0.0057239545
4.443539e-07,-0.0057375977
4.444539e-07,-0.0057526769
4.445539e-07,-0.0057569853
4.446539e-07,-0.0057440602
4.447539e-07,-0.0057160558
4.448539e-07,-0.005682307
4.449539e-07,-0.0056535846
4.450539e-07,-0.0056377872
4.451539e-07,-0.0056370692
4.452539e-07,-0.0056442498
4.453539e-07,-0.0056535846
4.454539e-07,-0.005659329
4.455539e-07,-0.0056600471
4.456539e-07,-0.0056607652
4.457539e-07,-0.0056650735
4.458539e-07,-0.0056736903
4.459539e-07,-0.005683025
4.460539e-07,-0.0056858973
4.461539e-07,-0.0056765625
4.462539e-07,-0.0056543026
4.463539e-07,-0.0056241441
4.464539e-07,-0.0055975758
4.465539e-07,-0.0055846507
4.466539e-07,-0.0055889591
4.467539e-07,-0.0056069106
4.468539e-07,-0.0056284524
4.469539e-07,-0.0056420956
4.470539e-07,-0.0056406595
4.471539e-07,-0.005623426
4.472539e-07,-0.0055975758
4.473539e-07,-0.0055731618
4.474539e-07,-0.0055580825
4.475539e-07,-0.0055537741
4.476539e-07,-0.0055566464
4.477539e-07,-0.0055616728
4.478539e-07,-0.0055623909
4.479539e-07,-0.0055566464
4.480539e-07,-0.0055480296
4.481539e-07,-0.0055386949
4.482539e-07,-0.0055322323
4.483539e-07,-0.0055279239
4.484539e-07,-0.0055228975
4.485539e-07,-0.0055157169
4.486539e-07,-0.0055063821
4.487539e-07,-0.0054977654
4.488539e-07,-0.0054963293
4.489539e-07,-0.0055042279
4.490539e-07,-0.0055214614
4.491539e-07,-0.0055415671
4.492539e-07,-0.0055573644
4.493539e-07,-0.0055616728
4.494539e-07,-0.0055537741
4.495539e-07,-0.0055372587
4.496539e-07,-0.0055221795
4.497539e-07,-0.0055157169
4.498539e-07,-0.0055207433
4.499539e-07,-0.0055343865
4.500539e-07,-0.0055501838
4.501539e-07,-0.0055616728
4.502539e-07,-0.0055652631
4.503539e-07,-0.0055631089
4.504539e-07,-0.0055602367
4.505539e-07,-0.0055616728
4.506539e-07,-0.0055674173
4.507539e-07,-0.0055738798
4.508539e-07,-0.0055731618
4.509539e-07,-0.0055616728
4.510539e-07,-0.005540131
4.511539e-07,-0.0055149989
4.512539e-07,-0.0054963293
4.513539e-07,-0.005492739
4.514539e-07,-0.0055056641
4.515539e-07,-0.005528642
4.516539e-07,-0.0055509019
4.517539e-07,-0.0055616728
4.518539e-07,-0.0055573644
4.519539e-07,-0.0055422852
4.520539e-07,-0.0055243336
4.521539e-07,-0.0055157169
4.522539e-07,-0.0055200253
4.523539e-07,-0.0055358226
4.524539e-07,-0.0055530561
4.525539e-07,-0.0055616728
4.526539e-07,-0.0055559283
4.527539e-07,-0.0055372587
4.528539e-07,-0.0055128447
4.529539e-07,-0.005492739
4.530539e-07,-0.0054834042
4.531539e-07,-0.0054862764
4.532539e-07,-0.0054956112
4.533539e-07,-0.0055042279
4.534539e-07,-0.0055078182
4.535539e-07,-0.005504946
4.536539e-07,-0.0055020738
4.537539e-07,-0.0055042279
4.538539e-07,-0.0055149989
4.539539e-07,-0.0055329504
4.540539e-07,-0.0055509019
4.541539e-07,-0.0055616728
4.542539e-07,-0.0055602367
4.543539e-07,-0.0055480296
4.544539e-07,-0.0055300781
4.545539e-07,-0.0055157169
4.546539e-07,-0.0055106905
4.547539e-07,-0.005517153
4.548539e-07,-0.0055322323
4.549539e-07,-0.0055501838
4.550539e-07,-0.0055652631
4.551539e-07,-0.0055753159
4.552539e-07,-0.0055810604
4.553539e-07,-0.0055846507
4.554539e-07,-0.005587523
4.555539e-07,-0.0055896772
4.556539e-07,-0.0055889591
4.557539e-07,-0.0055846507
4.558539e-07,-0.0055774701
4.559539e-07,-0.0055717256
4.560539e-07,-0.0055731618
4.561539e-07,-0.0055846507
4.562539e-07,-0.0056069106
4.563539e-07,-0.0056341969
4.564539e-07,-0.0056600471
4.565539e-07,-0.0056765625
4.566539e-07,-0.005682307
4.567539e-07,-0.0056787167
4.568539e-07,-0.005670818
4.569539e-07,-0.0056650735
4.570539e-07,-0.0056622013
4.571539e-07,-0.0056600471
4.572539e-07,-0.0056543026
4.573539e-07,-0.0056420956
4.574539e-07,-0.005623426
4.575539e-07,-0.0056047564
4.576539e-07,-0.0055932675
4.577539e-07,-0.0055961397
4.578539e-07,-0.0056133732
4.579539e-07,-0.0056392233
4.580539e-07,-0.0056629193
4.581539e-07,-0.0056765625
4.582539e-07,-0.0056744083
4.583539e-07,-0.0056600471
4.584539e-07,-0.0056420956
4.585539e-07,-0.0056306066
4.586539e-07,-0.0056313247
4.587539e-07,-0.0056442498
4.588539e-07,-0.0056622013
4.589539e-07,-0.0056765625
4.590539e-07,-0.0056808709
4.591539e-07,-0.0056751264
4.592539e-07,-0.0056629193
4.593539e-07,-0.0056535846
4.594539e-07,-0.0056528665
4.595539e-07,-0.0056636374
4.596539e-07,-0.0056815889
4.597539e-07,-0.0056995404
4.598539e-07,-0.0057117475
4.599539e-07,-0.0057160558
4.600539e-07,-0.0057139017
4.601539e-07,-0.0057110294
4.602539e-07,-0.0057117475
4.603539e-07,-0.0057189281
4.604539e-07,-0.0057318532
4.605539e-07,-0.0057454963
4.606539e-07,-0.0057569853
4.607539e-07,-0.0057634478
4.608539e-07,-0.0057663201
4.609539e-07,-0.0057684743
4.610539e-07,-0.0057727826
4.611539e-07,-0.0057806813
4.612539e-07,-0.0057914522
4.613539e-07,-0.0058029412
4.614539e-07,-0.005812994
4.615539e-07,-0.0058208927
4.616539e-07,-0.0058280733
4.617539e-07,-0.0058374081
4.618539e-07,-0.0058488971
4.619539e-07,-0.0058618222
4.620539e-07,-0.0058747472
4.621539e-07,-0.005883364
4.622539e-07,-0.0058869543
4.623539e-07,-0.0058862362
4.624539e-07,-0.005883364
4.625539e-07,-0.005883364
4.626539e-07,-0.0058876723
4.627539e-07,-0.0058962891
4.628539e-07,-0.005907778
4.629539e-07,-0.0059178309
4.630539e-07,-0.0059242934
4.631539e-07,-0.0059250115
4.632539e-07,-0.0059228573
4.633539e-07,-0.0059178309
4.634539e-07,-0.0059128045
4.635539e-07,-0.00590706
4.636539e-07,-0.0059013155
4.637539e-07,-0.0058948529
4.638539e-07,-0.0058883904
4.639539e-07,-0.0058848001
4.640539e-07,-0.0058862362
4.641539e-07,-0.0058948529
4.642539e-07,-0.0059113683
4.643539e-07,-0.005931474
4.644539e-07,-0.0059508617
4.645539e-07,-0.0059637868
4.646539e-07,-0.0059673771
4.647539e-07,-0.0059623506
4.648539e-07,-0.0059515797
4.649539e-07,-0.0059408088
4.650539e-07,-0.0059343463
4.651539e-07,-0.0059343463
4.652539e-07,-0.0059415269
4.653539e-07,-0.0059522978
4.654539e-07,-0.0059652229
4.655539e-07,-0.0059767119
4.656539e-07,-0.0059882008
4.657539e-07,-0.0059982537
4.658539e-07,-0.0060075885
4.659539e-07,-0.0060147691
4.660539e-07,-0.0060197955
4.661539e-07,-0.0060212316
4.662539e-07,-0.0060183594
4.663539e-07,-0.0060126149
4.664539e-07,-0.0060047162
4.665539e-07,-0.0059982537
4.666539e-07,-0.0059932273
4.667539e-07,-0.0059910731
4.668539e-07,-0.0059889189
4.669539e-07,-0.0059867647
4.670539e-07,-0.0059831744
4.671539e-07,-0.005978148
4.672539e-07,-0.0059716854
4.673539e-07,-0.0059637868
4.674539e-07,-0.005954452
4.675539e-07,-0.0059436811
4.676539e-07,-0.005930756
4.677539e-07,-0.0059178309
4.678539e-07,-0.0059063419
4.679539e-07,-0.0058984432
4.680539e-07,-0.0058948529
4.681539e-07,-0.0058948529
4.682539e-07,-0.0058948529
4.683539e-07,-0.0058898265
4.684539e-07,-0.0058783375
4.685539e-07,-0.005860386
4.686539e-07,-0.0058388442
4.687539e-07,-0.0058187385
4.688539e-07,-0.0058065315
4.689539e-07,-0.0058029412
4.690539e-07,-0.0058072495
4.691539e-07,-0.0058137121
4.692539e-07,-0.0058173024
4.693539e-07,-0.0058144301
4.694539e-07,-0.0058065315
4.695539e-07,-0.0057971967
4.696539e-07,-0.0057914522
4.697539e-07,-0.0057914522
4.698539e-07,-0.0057964786
4.699539e-07,-0.0058015051
4.700539e-07,-0.005800787
4.701539e-07,-0.0057914522
4.702539e-07,-0.0057749368
4.703539e-07,-0.0057569853
4.704539e-07,-0.0057454963
4.705539e-07,-0.0057454963
4.706539e-07,-0.0057584214
4.707539e-07,-0.0057792452
4.708539e-07,-0.005800787
4.709539e-07,-0.0058144301
4.710539e-07,-0.0058173024
4.711539e-07,-0.0058108398
4.712539e-07,-0.0058000689
4.713539e-07,-0.0057914522
4.714539e-07,-0.0057878619
4.715539e-07,-0.0057907341
4.716539e-07,-0.0057964786
4.717539e-07,-0.0058029412
4.718539e-07,-0.0058094037
4.719539e-07,-0.0058180205
4.720539e-07,-0.0058309455
4.721539e-07,-0.0058488971
4.722539e-07,-0.0058704389
4.723539e-07,-0.0058905446
4.724539e-07,-0.0059034697
4.725539e-07,-0.0059063419
4.726539e-07,-0.0058998794
4.727539e-07,-0.0058912626
4.728539e-07,-0.0058876723
4.729539e-07,-0.0058948529
4.730539e-07,-0.0059135225
4.731539e-07,-0.0059379366
4.732539e-07,-0.0059609145
4.733539e-07,-0.0059752757
4.734539e-07,-0.0059795841
4.735539e-07,-0.0059767119
4.736539e-07,-0.0059731216
4.737539e-07,-0.0059752757
4.738539e-07,-0.0059838925
4.739539e-07,-0.0059960995
4.740539e-07,-0.0060068704
4.741539e-07,-0.0060097426
4.742539e-07,-0.0060054343
4.743539e-07,-0.0059975356
4.744539e-07,-0.0059939453
4.745539e-07,-0.0059982537
4.746539e-07,-0.0060118968
4.747539e-07,-0.0060284122
4.748539e-07,-0.0060413373
4.749539e-07,-0.0060442096
4.750539e-07,-0.0060363109
4.751539e-07,-0.0060241039
4.752539e-07,-0.0060169233
4.753539e-07,-0.0060212316
4.754539e-07,-0.0060391831
4.755539e-07,-0.0060635972
4.756539e-07,-0.006084421
4.757539e-07,-0.0060901654
4.758539e-07,-0.0060765223
4.759539e-07,-0.0060477999
4.760539e-07,-0.006014051
4.761539e-07,-0.0059867647
4.762539e-07,-0.0059731216
4.763539e-07,-0.0059731216
4.764539e-07,-0.0059810202
4.765539e-07,-0.0059867647
4.766539e-07,-0.0059846105
4.767539e-07,-0.0059724035
4.768539e-07,-0.0059558881
4.769539e-07,-0.0059408088
4.770539e-07,-0.0059329102
4.771539e-07,-0.005931474
4.772539e-07,-0.0059321921
4.773539e-07,-0.0059293199
4.774539e-07,-0.005919267
4.775539e-07,-0.0059027516
4.776539e-07,-0.0058848001
4.777539e-07,-0.005871875
4.778539e-07,-0.0058682847
4.779539e-07,-0.0058733111
4.780539e-07,-0.005884082
4.781539e-07,-0.0058948529
4.782539e-07,-0.0059013155
4.783539e-07,-0.0059034697
4.784539e-07,-0.0059041877
4.785539e-07,-0.0059063419
4.786539e-07,-0.0059120864
4.787539e-07,-0.0059199851
4.788539e-07,-0.0059271657
4.789539e-07,-0.0059293199
4.790539e-07,-0.0059271657
4.791539e-07,-0.0059250115
4.792539e-07,-0.0059278837
4.793539e-07,-0.0059408088
4.794539e-07,-0.0059630687
4.795539e-07,-0.0059910731
4.796539e-07,-0.0060162052
4.797539e-07,-0.0060327206
4.798539e-07,-0.0060391831
4.799539e-07,-0.0060384651
4.800539e-07,-0.006037747
4.801539e-07,-0.0060442096
4.802539e-07,-0.006060725
4.803539e-07,-0.006084421
4.804539e-07,-0.006108117
4.805539e-07,-0.0061246324
4.806539e-07,-0.0061310949
4.807539e-07,-0.0061289407
4.808539e-07,-0.0061246324
4.809539e-07,-0.0061246324
4.810539e-07,-0.0061339671
4.811539e-07,-0.0061512006
4.812539e-07,-0.0061727424
4.813539e-07,-0.0061935662
4.814539e-07,-0.0062107996
4.815539e-07,-0.0062237247
4.816539e-07,-0.0062366498
4.817539e-07,-0.006251011
4.818539e-07,-0.0062668084
4.819539e-07,-0.0062804515
4.820539e-07,-0.0062876321
4.821539e-07,-0.0062854779
4.822539e-07,-0.0062761432
4.823539e-07,-0.0062646542
4.824539e-07,-0.0062589097
4.825539e-07,-0.0062625
4.826539e-07,-0.006274707
4.827539e-07,-0.0062883502
4.828539e-07,-0.0062948127
4.829539e-07,-0.0062854779
4.830539e-07,-0.0062603458
4.831539e-07,-0.0062258789
4.832539e-07,-0.0061928481
4.833539e-07,-0.0061705882
4.834539e-07,-0.0061634076
4.835539e-07,-0.0061684341
4.836539e-07,-0.0061777688
4.837539e-07,-0.0061820772
4.838539e-07,-0.0061763327
4.839539e-07,-0.0061619715
4.840539e-07,-0.0061425839
4.841539e-07,-0.0061246324
4.842539e-07,-0.0061109892
4.843539e-07,-0.0060995002
4.844539e-07,-0.0060865751
4.845539e-07,-0.0060671875
4.846539e-07,-0.0060420554
4.847539e-07,-0.0060162052
4.848539e-07,-0.0059953814
4.849539e-07,-0.0059867647
4.850539e-07,-0.0059889189
4.851539e-07,-0.0059975356
4.852539e-07,-0.006002562
4.853539e-07,-0.0059982537
4.854539e-07,-0.0059824563
4.855539e-07,-0.0059601965
4.856539e-07,-0.0059400908
4.857539e-07,-0.0059293199
4.858539e-07,-0.005930756
4.859539e-07,-0.0059393727
4.860539e-07,-0.0059487075
4.861539e-07,-0.0059522978
4.862539e-07,-0.0059494256
4.863539e-07,-0.0059451172
4.864539e-07,-0.0059479894
4.865539e-07,-0.0059637868
4.866539e-07,-0.0059917911
4.867539e-07,-0.0060241039
4.868539e-07,-0.0060485179
4.869539e-07,-0.0060556985
4.870539e-07,-0.0060442096
4.871539e-07,-0.0060205136
4.872539e-07,-0.0059975356
4.873539e-07,-0.0059867647
4.874539e-07,-0.0059939453
4.875539e-07,-0.0060147691
4.876539e-07,-0.0060391831
4.877539e-07,-0.0060556985
4.878539e-07,-0.0060578527
4.879539e-07,-0.0060463637
4.880539e-07,-0.0060312845
4.881539e-07,-0.0060212316
4.882539e-07,-0.0060219497
4.883539e-07,-0.0060327206
4.884539e-07,-0.0060470818
4.885539e-07,-0.0060556985
4.886539e-07,-0.0060549805
4.887539e-07,-0.0060463637
4.888539e-07,-0.0060363109
4.889539e-07,-0.0060327206
4.890539e-07,-0.0060384651
4.891539e-07,-0.0060528263
4.892539e-07,-0.0060679056
4.893539e-07,-0.0060786765
4.894539e-07,-0.0060815487
4.895539e-07,-0.0060793945
4.896539e-07,-0.0060765223
4.897539e-07,-0.0060786765
4.898539e-07,-0.0060865751
4.899539e-07,-0.006096628
4.900539e-07,-0.0061030905
4.901539e-07,-0.0061016544
4.902539e-07,-0.0060944738
4.903539e-07,-0.0060887293
4.904539e-07,-0.0060937557
4.905539e-07,-0.0061131434
4.906539e-07,-0.0061454561
4.907539e-07,-0.0061813591
4.908539e-07,-0.0062079274
4.909539e-07,-0.0062165441
4.910539e-07,-0.0062064913
4.911539e-07,-0.0061871036
4.912539e-07,-0.0061713063
4.913539e-07,-0.0061705882
4.914539e-07,-0.0061871036
4.915539e-07,-0.0062136719
4.916539e-07,-0.006238804
4.917539e-07,-0.006251011
4.918539e-07,-0.0062474207
4.919539e-07,-0.0062352137
4.920539e-07,-0.0062251608
4.921539e-07,-0.0062280331
4.922539e-07,-0.0062459846
4.923539e-07,-0.0062725528
4.924539e-07,-0.0062933766
4.925539e-07,-0.0062969669
4.926539e-07,-0.0062804515
4.927539e-07,-0.0062517291
4.928539e-07,-0.0062258789
4.929539e-07,-0.0062165441
4.930539e-07,-0.0062309053
4.931539e-07,-0.0062625
4.932539e-07,-0.006297685
4.933539e-07,-0.0063199449
4.934539e-07,-0.0063206629
4.935539e-07,-0.0063005572
4.936539e-07,-0.0062725528
4.937539e-07,-0.006251011
4.938539e-07,-0.0062459846
4.939539e-07,-0.0062581916
4.940539e-07,-0.0062790154
4.941539e-07,-0.0062969669
4.942539e-07,-0.0063012753
4.943539e-07,-0.0062905044
4.944539e-07,-0.0062703987
4.945539e-07,-0.006251011
4.946539e-07,-0.0062395221
4.947539e-07,-0.006238804
4.948539e-07,-0.0062445485
4.949539e-07,-0.006251011
4.950539e-07,-0.0062531652
4.951539e-07,-0.006250293
4.952539e-07,-0.0062481388
4.953539e-07,-0.006251011
4.954539e-07,-0.0062603458
4.955539e-07,-0.006273989
4.956539e-07,-0.0062840418
4.957539e-07,-0.0062854779
4.958539e-07,-0.0062775793
4.959539e-07,-0.0062653722
4.960539e-07,-0.0062581916
4.961539e-07,-0.0062625
4.962539e-07,-0.0062811696
4.963539e-07,-0.0063077378
4.964539e-07,-0.0063314338
4.965539e-07,-0.0063429228
4.966539e-07,-0.0063393325
4.967539e-07,-0.0063249713
4.968539e-07,-0.0063106101
4.969539e-07,-0.0063084559
4.970539e-07,-0.006322099
4.971539e-07,-0.0063472312
4.972539e-07,-0.0063737994
4.973539e-07,-0.0063888787
4.974539e-07,-0.0063860064
4.975539e-07,-0.0063680549
4.976539e-07,-0.006345795
4.977539e-07,-0.0063314338
4.978539e-07,-0.0063343061
4.979539e-07,-0.0063544118
4.980539e-07,-0.0063845703
4.981539e-07,-0.0064118566
4.982539e-07,-0.006427654
4.983539e-07,-0.006427654
4.984539e-07,-0.006416165
4.985539e-07,-0.0064003676
4.986539e-07,-0.0063874426
4.987539e-07,-0.0063802619
4.988539e-07,-0.0063745175
4.989539e-07,-0.0063659007
4.990539e-07,-0.0063501034
4.991539e-07,-0.0063271255
4.992539e-07,-0.0063034295
4.993539e-07,-0.0062854779
4.994539e-07,-0.0062775793
4.995539e-07,-0.0062790154
4.996539e-07,-0.0062840418
4.997539e-07,-0.0062854779
4.998539e-07,-0.0062768612
4.999539e-07,-0.0062581916
5.000539e-07,-0.0062323415
5.001539e-07,-0.0062050551
5.002539e-07,-0.0061820772
5.003539e-07,-0.0061648437
5.004539e-07,-0.0061504825
5.005539e-07,-0.0061361213
5.006539e-07,-0.0061196059
5.007539e-07,-0.0061009364
5.008539e-07,-0.0060858571
5.009539e-07,-0.0060786765
5.010539e-07,-0.0060808307
5.011539e-07,-0.0060894474
5.012539e-07,-0.0060980641
5.013539e-07,-0.0061016544
5.014539e-07,-0.0060951919
5.015539e-07,-0.0060793945
5.016539e-07,-0.0060600069
5.017539e-07,-0.0060442096
5.018539e-07,-0.006037029
5.019539e-07,-0.0060399012
5.020539e-07,-0.0060477999
5.021539e-07,-0.0060556985
5.022539e-07,-0.0060578527
5.023539e-07,-0.0060535443
5.024539e-07,-0.0060434915
5.025539e-07,-0.0060327206
5.026539e-07,-0.0060248219
5.027539e-07,-0.0060212316
5.028539e-07,-0.0060205136
5.029539e-07,-0.0060212316
5.030539e-07,-0.0060205136
5.031539e-07,-0.0060169233
5.032539e-07,-0.006013333
5.033539e-07,-0.0060097426
5.034539e-07,-0.0060068704
5.035539e-07,-0.0060032801
5.036539e-07,-0.0059968176
5.037539e-07,-0.0059867647
5.038539e-07,-0.0059745577
5.039539e-07,-0.0059637868
5.040539e-07,-0.0059587603
5.041539e-07,-0.0059637868
5.042539e-07,-0.0059774299
5.043539e-07,-0.0059953814
5.044539e-07,-0.0060118968
5.045539e-07,-0.0060212316
5.046539e-07,-0.0060226677
5.047539e-07,-0.0060176413
5.048539e-07,-0.0060118968
5.049539e-07,-0.0060097426
5.050539e-07,-0.006014051
5.051539e-07,-0.0060219497
5.052539e-07,-0.0060298483
5.053539e-07,-0.0060327206
5.054539e-07,-0.0060298483
5.055539e-07,-0.0060233858
5.056539e-07,-0.0060190774
5.057539e-07,-0.0060212316
5.058539e-07,-0.0060320025
5.059539e-07,-0.0060485179
5.060539e-07,-0.0060657514
5.061539e-07,-0.0060786765
5.062539e-07,-0.006084421
5.063539e-07,-0.0060837029
5.064539e-07,-0.0060801126
5.065539e-07,-0.0060786765
5.066539e-07,-0.0060808307
5.067539e-07,-0.0060858571
5.068539e-07,-0.0060901654
5.069539e-07,-0.0060901654
5.070539e-07,-0.006084421
5.071539e-07,-0.0060750862
5.072539e-07,-0.0060643153
5.073539e-07,-0.0060556985
5.074539e-07,-0.0060506721
5.075539e-07,-0.0060463637
5.076539e-07,-0.0060413373
5.077539e-07,-0.0060327206
5.078539e-07,-0.0060219497
5.079539e-07,-0.0060118968
5.080539e-07,-0.0060075885
5.081539e-07,-0.0060097426
5.082539e-07,-0.0060183594
5.083539e-07,-0.0060276942
5.084539e-07,-0.0060341567
5.085539e-07,-0.0060327206
5.086539e-07,-0.00602554
5.087539e-07,-0.0060183594
5.088539e-07,-0.0060154871
5.089539e-07,-0.0060212316
5.090539e-07,-0.0060341567
5.091539e-07,-0.0060485179
5.092539e-07,-0.0060571347
5.093539e-07,-0.0060556985
5.094539e-07,-0.0060463637
5.095539e-07,-0.0060341567
5.096539e-07,-0.0060284122
5.097539e-07,-0.0060327206
5.098539e-07,-0.0060477999
5.099539e-07,-0.0060671875
5.100539e-07,-0.0060829848
5.101539e-07,-0.0060901654
5.102539e-07,-0.0060887293
5.103539e-07,-0.0060858571
5.104539e-07,-0.0060880113
5.105539e-07,-0.0061016544
5.106539e-07,-0.0061253504
5.107539e-07,-0.0061526367
5.108539e-07,-0.0061734605
5.109539e-07,-0.0061820772
5.110539e-07,-0.006179205
5.111539e-07,-0.0061713063
5.112539e-07,-0.0061698702
5.113539e-07,-0.0061820772
5.114539e-07,-0.0062072093
5.115539e-07,-0.006238804
5.116539e-07,-0.0062639361
5.117539e-07,-0.006273989
5.118539e-07,-0.0062682445
5.119539e-07,-0.0062553194
5.120539e-07,-0.0062459846
5.121539e-07,-0.006251011
5.122539e-07,-0.0062732709
5.123539e-07,-0.0063063017
5.124539e-07,-0.0063371783
5.125539e-07,-0.0063544118
5.126539e-07,-0.0063536937
5.127539e-07,-0.0063400506
5.128539e-07,-0.0063249713
5.129539e-07,-0.0063199449
5.130539e-07,-0.0063314338
5.131539e-07,-0.0063551298
5.132539e-07,-0.0063824161
5.133539e-07,-0.0064003676
5.134539e-07,-0.006403958
5.135539e-07,-0.0063960593
5.136539e-07,-0.0063838523
5.137539e-07,-0.0063773897
5.138539e-07,-0.0063824161
5.139539e-07,-0.0063974954
5.140539e-07,-0.0064140108
5.141539e-07,-0.0064233456
5.142539e-07,-0.0064219095
5.143539e-07,-0.0064125747
5.144539e-07,-0.0064032399
5.145539e-07,-0.0064003676
5.146539e-07,-0.0064082663
5.147539e-07,-0.0064219095
5.148539e-07,-0.0064341165
5.149539e-07,-0.0064348346
5.150539e-07,-0.0064226275
5.151539e-07,-0.0064018038
5.152539e-07,-0.0063831342
5.153539e-07,-0.0063773897
5.154539e-07,-0.0063888787
5.155539e-07,-0.0064132927
5.156539e-07,-0.006439861
5.157539e-07,-0.0064578125
5.158539e-07,-0.0064592486
5.159539e-07,-0.0064470416
5.160539e-07,-0.006427654
5.161539e-07,-0.0064118566
5.162539e-07,-0.0064061121
5.163539e-07,-0.0064104205
5.164539e-07,-0.0064190372
5.165539e-07,-0.0064233456
5.166539e-07,-0.0064190372
5.167539e-07,-0.0064082663
5.168539e-07,-0.0063960593
5.169539e-07,-0.0063888787
5.170539e-07,-0.0063895967
5.171539e-07,-0.0063960593
5.172539e-07,-0.0064010857
5.173539e-07,-0.0064003676
5.174539e-07,-0.006393187
5.175539e-07,-0.0063852884
5.176539e-07,-0.0063852884
5.177539e-07,-0.0064003676
5.178539e-07,-0.0064312443
5.179539e-07,-0.0064693015
5.180539e-07,-0.0065008961
5.181539e-07,-0.0065152574
5.182539e-07,-0.0065066406
5.183539e-07,-0.0064815085
5.184539e-07,-0.0064527861
5.185539e-07,-0.0064348346
5.186539e-07,-0.0064369887
5.187539e-07,-0.0064599667
5.188539e-07,-0.0064937155
5.189539e-07,-0.0065267463
5.190539e-07,-0.0065490062
5.191539e-07,-0.0065569049
5.192539e-07,-0.0065547507
5.193539e-07,-0.0065497243
5.194539e-07,-0.0065475701
5.195539e-07,-0.0065490062
5.196539e-07,-0.0065518784
5.197539e-07,-0.0065497243
5.198539e-07,-0.0065403895
5.199539e-07,-0.0065253102
5.200539e-07,-0.006510949
5.201539e-07,-0.0065037684
5.202539e-07,-0.0065066406
5.203539e-07,-0.0065195657
5.204539e-07,-0.0065353631
5.205539e-07,-0.0065497243
5.206539e-07,-0.006558341
5.207539e-07,-0.0065626494
5.208539e-07,-0.0065662397
5.209539e-07,-0.0065727022
5.210539e-07,-0.0065834731
5.211539e-07,-0.006594244
5.212539e-07,-0.0065992705
5.213539e-07,-0.0065956801
5.214539e-07,-0.0065841912
5.215539e-07,-0.0065712661
5.216539e-07,-0.0065655216
5.217539e-07,-0.0065727022
5.218539e-07,-0.006593526
5.219539e-07,-0.0066208123
5.220539e-07,-0.0066430722
5.221539e-07,-0.006653125
5.222539e-07,-0.0066473805
5.223539e-07,-0.0066308651
5.224539e-07,-0.0066143497
5.225539e-07,-0.0066071691
5.226539e-07,-0.0066129136
5.227539e-07,-0.0066272748
5.228539e-07,-0.0066437902
5.229539e-07,-0.006653125
5.230539e-07,-0.0066524069
5.231539e-07,-0.0066452263
5.232539e-07,-0.0066387638
5.233539e-07,-0.006641636
5.234539e-07,-0.0066559972
5.235539e-07,-0.0066775391
5.236539e-07,-0.0066983628
5.237539e-07,-0.0067105699
5.238539e-07,-0.0067105699
5.239539e-07,-0.0067026712
5.240539e-07,-0.0066926183
5.241539e-07,-0.0066875919
5.242539e-07,-0.006689028
5.243539e-07,-0.0066940545
5.244539e-07,-0.0066954906
5.245539e-07,-0.0066875919
5.246539e-07,-0.0066717946
5.247539e-07,-0.0066552792
5.248539e-07,-0.0066466625
5.249539e-07,-0.006653125
5.250539e-07,-0.0066732307
5.251539e-07,-0.0066997989
5.252539e-07,-0.0067184685
5.253539e-07,-0.0067220588
5.254539e-07,-0.0067076976
5.255539e-07,-0.0066832835
5.256539e-07,-0.0066617417
5.257539e-07,-0.006653125
5.258539e-07,-0.0066610237
5.259539e-07,-0.0066789752
5.260539e-07,-0.0066954906
5.261539e-07,-0.0066990809
5.262539e-07,-0.0066861558
5.263539e-07,-0.0066624598
5.264539e-07,-0.0066401999
5.265539e-07,-0.0066301471
5.266539e-07,-0.0066373277
5.267539e-07,-0.0066567153
5.268539e-07,-0.0066775391
5.269539e-07,-0.0066875919
5.270539e-07,-0.0066804113
5.271539e-07,-0.0066581514
5.272539e-07,-0.0066301471
5.273539e-07,-0.0066071691
5.274539e-07,-0.0065949621
5.275539e-07,-0.0065920898
5.276539e-07,-0.0065906537
5.277539e-07,-0.0065841912
5.278539e-07,-0.00656983
5.279539e-07,-0.0065511604
5.280539e-07,-0.0065382353
5.281539e-07,-0.0065382353
5.282539e-07,-0.0065525965
5.283539e-07,-0.0065762925
5.284539e-07,-0.0065971163
5.285539e-07,-0.0066071691
5.286539e-07,-0.0066021427
5.287539e-07,-0.0065884995
5.288539e-07,-0.0065755744
5.289539e-07,-0.0065727022
5.290539e-07,-0.0065827551
5.291539e-07,-0.0065992705
5.292539e-07,-0.0066107594
5.293539e-07,-0.0066071691
5.294539e-07,-0.0065856273
5.295539e-07,-0.0065533146
5.296539e-07,-0.0065260283
5.297539e-07,-0.0065152574
5.298539e-07,-0.0065274644
5.299539e-07,-0.0065569049
5.300539e-07,-0.0065884995
5.301539e-07,-0.0066071691
5.302539e-07,-0.0066035788
5.303539e-07,-0.0065806009
5.304539e-07,-0.0065497243
5.305539e-07,-0.0065267463
5.306539e-07,-0.006522438
5.307539e-07,-0.0065367992
5.308539e-07,-0.0065619313
5.309539e-07,-0.0065841912
5.310539e-07,-0.006594244
5.311539e-07,-0.0065884995
5.312539e-07,-0.0065741383
5.313539e-07,-0.0065612132
5.314539e-07,-0.0065576229
5.315539e-07,-0.0065662397
5.316539e-07,-0.006582037
5.317539e-07,-0.0065956801
5.318539e-07,-0.0066007066
5.319539e-07,-0.0065949621
5.320539e-07,-0.0065834731
5.321539e-07,-0.0065727022
5.322539e-07,-0.0065683938
5.323539e-07,-0.0065719841
5.324539e-07,-0.0065791648
5.325539e-07,-0.0065841912
5.326539e-07,-0.0065841912
5.327539e-07,-0.0065784467
5.328539e-07,-0.0065734203
5.329539e-07,-0.0065727022
5.330539e-07,-0.0065798828
5.331539e-07,-0.0065920898
5.332539e-07,-0.0066035788
5.333539e-07,-0.0066071691
5.334539e-07,-0.0066007066
5.335539e-07,-0.0065877815
5.336539e-07,-0.0065755744
5.337539e-07,-0.0065727022
5.338539e-07,-0.0065827551
5.339539e-07,-0.0066050149
5.340539e-07,-0.0066308651
5.341539e-07,-0.006653125
5.342539e-07,-0.006664614
5.343539e-07,-0.006665332
5.344539e-07,-0.0066588695
5.345539e-07,-0.006653125
5.346539e-07,-0.0066516889
5.347539e-07,-0.0066552792
5.348539e-07,-0.0066610237
5.349539e-07,-0.006664614
5.350539e-07,-0.0066631778
5.351539e-07,-0.0066581514
5.352539e-07,-0.0066538431
5.353539e-07,-0.006653125
5.354539e-07,-0.0066574334
5.355539e-07,-0.006664614
5.356539e-07,-0.0066682043
5.357539e-07,-0.006664614
5.358539e-07,-0.006653125
5.359539e-07,-0.0066387638
5.360539e-07,-0.006629429
5.361539e-07,-0.0066301471
5.362539e-07,-0.0066430722
5.363539e-07,-0.006664614
5.364539e-07,-0.0066854377
5.365539e-07,-0.0066990809
5.366539e-07,-0.0067012351
5.367539e-07,-0.0066933364
5.368539e-07,-0.0066832835
5.369539e-07,-0.0066761029
5.370539e-07,-0.0066753849
5.371539e-07,-0.0066789752
5.372539e-07,-0.0066811294
5.373539e-07,-0.0066761029
5.374539e-07,-0.0066617417
5.375539e-07,-0.006640918
5.376539e-07,-0.0066200942
5.377539e-07,-0.0066071691
5.378539e-07,-0.0066050149
5.379539e-07,-0.0066114775
5.380539e-07,-0.0066222484
5.381539e-07,-0.0066301471
5.382539e-07,-0.0066330193
5.383539e-07,-0.0066323012
5.384539e-07,-0.0066301471
5.385539e-07,-0.0066301471
5.386539e-07,-0.0066315832
5.387539e-07,-0.0066315832
5.388539e-07,-0.0066244026
5.389539e-07,-0.0066071691
5.390539e-07,-0.0065827551
5.391539e-07,-0.0065576229
5.392539e-07,-0.0065411075
5.393539e-07,-0.0065382353
5.394539e-07,-0.0065497243
5.395539e-07,-0.0065691119
5.396539e-07,-0.0065870634
5.397539e-07,-0.0065956801
5.398539e-07,-0.006594244
5.399539e-07,-0.0065870634
5.400539e-07,-0.006582037
5.401539e-07,-0.0065841912
5.402539e-07,-0.006594244
5.403539e-07,-0.0066050149
5.404539e-07,-0.0066071691
5.405539e-07,-0.0065956801
5.406539e-07,-0.00656983
5.407539e-07,-0.0065382353
5.408539e-07,-0.0065131032
5.409539e-07,-0.0065037684
5.410539e-07,-0.0065131032
5.411539e-07,-0.0065353631
5.412539e-07,-0.006558341
5.413539e-07,-0.0065727022
5.414539e-07,-0.0065734203
5.415539e-07,-0.0065640855
5.416539e-07,-0.0065533146
5.417539e-07,-0.0065497243
5.418539e-07,-0.0065561868
5.419539e-07,-0.0065683938
5.420539e-07,-0.0065762925
5.421539e-07,-0.0065727022
5.422539e-07,-0.0065547507
5.423539e-07,-0.0065281824
5.424539e-07,-0.0065037684
5.425539e-07,-0.0064922794
5.426539e-07,-0.0064973058
5.427539e-07,-0.0065159754
5.428539e-07,-0.0065367992
5.429539e-07,-0.0065497243
5.430539e-07,-0.0065497243
5.431539e-07,-0.0065382353
5.432539e-07,-0.0065238741
5.433539e-07,-0.0065152574
5.434539e-07,-0.0065152574
5.435539e-07,-0.006522438
5.436539e-07,-0.0065289005
5.437539e-07,-0.0065267463
5.438539e-07,-0.0065145393
5.439539e-07,-0.0064965878
5.440539e-07,-0.0064829446
5.441539e-07,-0.0064807904
5.442539e-07,-0.0064937155
5.443539e-07,-0.0065152574
5.444539e-07,-0.0065375172
5.445539e-07,-0.0065497243
5.446539e-07,-0.0065482881
5.447539e-07,-0.0065382353
5.448539e-07,-0.0065281824
5.449539e-07,-0.0065267463
5.450539e-07,-0.0065375172
5.451539e-07,-0.0065554687
5.452539e-07,-0.006570548
5.453539e-07,-0.0065727022
5.454539e-07,-0.006558341
5.455539e-07,-0.0065324908
5.456539e-07,-0.0065066406
5.457539e-07,-0.0064922794
5.458539e-07,-0.0064944336
5.459539e-07,-0.0065102309
5.460539e-07,-0.0065289005
5.461539e-07,-0.0065382353
5.462539e-07,-0.0065317727
5.463539e-07,-0.0065102309
5.464539e-07,-0.0064822266
5.465539e-07,-0.0064578125
5.466539e-07,-0.0064441693
5.467539e-07,-0.0064412971
5.468539e-07,-0.0064448874
5.469539e-07,-0.0064463235
5.470539e-07,-0.0064420152
5.471539e-07,-0.0064333984
5.472539e-07,-0.0064247817
5.473539e-07,-0.0064233456
5.474539e-07,-0.0064305262
5.475539e-07,-0.0064434513
5.476539e-07,-0.0064542222
5.477539e-07,-0.0064578125
5.478539e-07,-0.006452068
5.479539e-07,-0.006440579
5.480539e-07,-0.0064326804
5.481539e-07,-0.0064348346
5.482539e-07,-0.0064484777
5.483539e-07,-0.0064685834
5.484539e-07,-0.0064858169
5.485539e-07,-0.0064922794
5.486539e-07,-0.0064865349
5.487539e-07,-0.0064743279
5.488539e-07,-0.0064649931
5.489539e-07,-0.0064693015
5.490539e-07,-0.0064894072
5.491539e-07,-0.0065202838
5.492539e-07,-0.0065511604
5.493539e-07,-0.0065727022
5.494539e-07,-0.0065798828
5.495539e-07,-0.0065755744
5.496539e-07,-0.006570548
5.497539e-07,-0.0065727022
5.498539e-07,-0.0065870634
5.499539e-07,-0.0066107594
5.500539e-07,-0.0066351735
5.501539e-07,-0.006653125
5.502539e-07,-0.0066603056
5.503539e-07,-0.0066617417
5.504539e-07,-0.006664614
5.505539e-07,-0.0066761029
5.506539e-07,-0.0066983628
5.507539e-07,-0.0067256491
5.508539e-07,-0.006747909
5.509539e-07,-0.0067565257
5.510539e-07,-0.0067486271
5.511539e-07,-0.0067306756
5.512539e-07,-0.0067141602
5.513539e-07,-0.0067105699
5.514539e-07,-0.0067234949
5.515539e-07,-0.0067493451
5.516539e-07,-0.0067751953
5.517539e-07,-0.0067909926
5.518539e-07,-0.0067902746
5.519539e-07,-0.0067773495
5.520539e-07,-0.0067622702
5.521539e-07,-0.0067565257
5.522539e-07,-0.0067665786
5.523539e-07,-0.0067902746
5.524539e-07,-0.0068175609
5.525539e-07,-0.0068369485
5.526539e-07,-0.0068405388
5.527539e-07,-0.0068297679
5.528539e-07,-0.0068096622
5.529539e-07,-0.0067909926
5.530539e-07,-0.0067802217
5.531539e-07,-0.0067766314
5.532539e-07,-0.0067744773
5.533539e-07,-0.0067680147
5.534539e-07,-0.0067529354
5.535539e-07,-0.0067306756
5.536539e-07,-0.0067105699
5.537539e-07,-0.0066990809
5.538539e-07,-0.0067012351
5.539539e-07,-0.006712724
5.540539e-07,-0.0067270852
5.541539e-07,-0.0067335478
5.542539e-07,-0.0067278033
5.543539e-07,-0.0067112879
5.544539e-07,-0.0066911822
5.545539e-07,-0.0066761029
5.546539e-07,-0.0066717946
5.547539e-07,-0.006676821
5.548539e-07,-0.0066847197
5.549539e-07,-0.0066875919
5.550539e-07,-0.0066811294
5.551539e-07,-0.0066667682
5.552539e-07,-0.0066509708
5.553539e-07,-0.006641636
5.554539e-07,-0.0066430722
5.555539e-07,-0.006653125
5.556539e-07,-0.0066667682
5.557539e-07,-0.0066761029
5.558539e-07,-0.0066761029
5.559539e-07,-0.0066689223
5.560539e-07,-0.0066588695
5.561539e-07,-0.006653125
5.562539e-07,-0.0066552792
5.563539e-07,-0.006665332
5.564539e-07,-0.0066775391
5.565539e-07,-0.0066875919
5.566539e-07,-0.0066926183
5.567539e-07,-0.0066947725
5.568539e-07,-0.0066997989
5.569539e-07,-0.0067105699
5.570539e-07,-0.0067285214
5.571539e-07,-0.0067507812
5.572539e-07,-0.0067694508
5.573539e-07,-0.0067795037
5.574539e-07,-0.0067802217
5.575539e-07,-0.0067744773
5.576539e-07,-0.0067687328
5.577539e-07,-0.0067680147
5.578539e-07,-0.0067730411
5.579539e-07,-0.0067795037
5.580539e-07,-0.0067823759
5.581539e-07,-0.0067795037
5.582539e-07,-0.0067723231
5.583539e-07,-0.0067672966
5.584539e-07,-0.0067723231
5.585539e-07,-0.0067909926
5.586539e-07,-0.006818997
5.587539e-07,-0.0068455653
5.588539e-07,-0.0068577723
5.589539e-07,-0.0068484375
5.590539e-07,-0.0068175609
5.591539e-07,-0.0067773495
5.592539e-07,-0.0067407284
5.593539e-07,-0.0067220588
5.594539e-07,-0.0067234949
5.595539e-07,-0.0067385742
5.596539e-07,-0.0067536535
5.597539e-07,-0.0067565257
5.598539e-07,-0.0067421645
5.599539e-07,-0.0067148782
5.600539e-07,-0.0066854377
5.601539e-07,-0.006664614
5.602539e-07,-0.0066581514
5.603539e-07,-0.0066624598
5.604539e-07,-0.0066674862
5.605539e-07,-0.006664614
5.606539e-07,-0.0066495347
5.607539e-07,-0.0066251206
5.608539e-07,-0.0066007066
5.609539e-07,-0.0065841912
5.610539e-07,-0.0065784467
5.611539e-07,-0.0065791648
5.612539e-07,-0.0065755744
5.613539e-07,-0.0065612132
5.614539e-07,-0.0065339269
5.615539e-07,-0.0065016142
5.616539e-07,-0.0064764821
5.617539e-07,-0.0064693015
5.618539e-07,-0.0064836627
5.619539e-07,-0.0065131032
5.620539e-07,-0.0065439798
5.621539e-07,-0.0065612132
5.622539e-07,-0.0065590591
5.623539e-07,-0.0065411075
5.624539e-07,-0.0065188477
5.625539e-07,-0.0065037684
5.626539e-07,-0.0065044864
5.627539e-07,-0.0065181296
5.628539e-07,-0.0065367992
5.629539e-07,-0.0065497243
5.630539e-07,-0.0065497243
5.631539e-07,-0.0065382353
5.632539e-07,-0.0065238741
5.633539e-07,-0.0065152574
5.634539e-07,-0.0065181296
5.635539e-07,-0.0065303366
5.636539e-07,-0.0065439798
5.637539e-07,-0.0065497243
5.638539e-07,-0.0065432617
5.639539e-07,-0.0065267463
5.640539e-07,-0.0065066406
5.641539e-07,-0.0064922794
5.642539e-07,-0.006487253
5.643539e-07,-0.0064894072
5.644539e-07,-0.0064929975
5.645539e-07,-0.0064922794
5.646539e-07,-0.0064850988
5.647539e-07,-0.006475764
5.648539e-07,-0.0064728918
5.649539e-07,-0.0064807904
5.650539e-07,-0.00649946
5.651539e-07,-0.0065202838
5.652539e-07,-0.0065324908
5.653539e-07,-0.0065267463
5.654539e-07,-0.0065037684
5.655539e-07,-0.0064714557
5.656539e-07,-0.0064448874
5.657539e-07,-0.0064348346
5.658539e-07,-0.0064456055
5.659539e-07,-0.0064700195
5.660539e-07,-0.0064937155
5.661539e-07,-0.0065037684
5.662539e-07,-0.0064937155
5.663539e-07,-0.0064678653
5.664539e-07,-0.006439861
5.665539e-07,-0.0064233456
5.666539e-07,-0.0064269359
5.667539e-07,-0.0064470416
5.668539e-07,-0.0064736098
5.669539e-07,-0.0064922794
5.670539e-07,-0.0064937155
5.671539e-07,-0.0064772001
5.672539e-07,-0.0064506319
5.673539e-07,-0.0064233456
5.674539e-07,-0.006404676
5.675539e-07,-0.0063953412
5.676539e-07,-0.006392469
5.677539e-07,-0.0063888787
5.678539e-07,-0.0063824161
5.679539e-07,-0.0063745175
5.680539e-07,-0.0063716452
5.681539e-07,-0.0063773897
5.682539e-07,-0.006393187
5.683539e-07,-0.0064118566
5.684539e-07,-0.0064247817
5.685539e-07,-0.0064233456
5.686539e-07,-0.0064053941
5.687539e-07,-0.0063773897
5.688539e-07,-0.0063493853
5.689539e-07,-0.0063314338
5.690539e-07,-0.0063285616
5.691539e-07,-0.0063371783
5.692539e-07,-0.0063486673
5.693539e-07,-0.0063544118
5.694539e-07,-0.0063501034
5.695539e-07,-0.0063378964
5.696539e-07,-0.0063256893
5.697539e-07,-0.0063199449
5.698539e-07,-0.006321381
5.699539e-07,-0.0063249713
5.700539e-07,-0.0063228171
5.701539e-07,-0.0063084559
5.702539e-07,-0.0062826057
5.703539e-07,-0.0062538833
5.704539e-07,-0.0062330595
5.705539e-07,-0.0062280331
5.706539e-07,-0.0062395221
5.707539e-07,-0.0062589097
5.708539e-07,-0.0062732709
5.709539e-07,-0.006273989
5.710539e-07,-0.0062589097
5.711539e-07,-0.0062373679
5.712539e-07,-0.0062230067
5.713539e-07,-0.0062280331
5.714539e-07,-0.0062538833
5.715539e-07,-0.0062919405
5.716539e-07,-0.0063264074
5.717539e-07,-0.0063429228
5.718539e-07,-0.0063357422
5.719539e-07,-0.0063113281
5.720539e-07,-0.0062854779
5.721539e-07,-0.006273989
5.722539e-07,-0.006286196
5.723539e-07,-0.0063177907
5.724539e-07,-0.006357284
5.725539e-07,-0.0063888787
5.726539e-07,-0.0064025218
5.727539e-07,-0.0064003676
5.728539e-07,-0.0063910329
5.729539e-07,-0.0063888787
5.730539e-07,-0.0064018038
5.731539e-07,-0.0064298081
5.732539e-07,-0.006463557
5.733539e-07,-0.0064922794
5.734539e-07,-0.0065073587
5.735539e-07,-0.0065087948
5.736539e-07,-0.0065044864
5.737539e-07,-0.0065037684
5.738539e-07,-0.0065131032
5.739539e-07,-0.0065317727
5.740539e-07,-0.0065511604
5.741539e-07,-0.0065612132
5.742539e-07,-0.0065569049
5.743539e-07,-0.0065411075
5.744539e-07,-0.006523156
5.745539e-07,-0.0065152574
5.746539e-07,-0.0065238741
5.747539e-07,-0.006546852
5.748539e-07,-0.0065755744
5.749539e-07,-0.0065956801
5.750539e-07,-0.0065978343
5.751539e-07,-0.0065791648
5.752539e-07,-0.0065475701
5.753539e-07,-0.0065152574
5.754539e-07,-0.0064922794
5.755539e-07,-0.0064829446
5.756539e-07,-0.0064858169
5.757539e-07,-0.0064922794
5.758539e-07,-0.0064951517
5.759539e-07,-0.0064915614
5.760539e-07,-0.0064807904
5.761539e-07,-0.0064693015
5.762539e-07,-0.0064599667
5.763539e-07,-0.0064549403
5.764539e-07,-0.006452068
5.765539e-07,-0.0064463235
5.766539e-07,-0.0064362707
5.767539e-07,-0.0064226275
5.768539e-07,-0.0064089844
5.769539e-07,-0.0064003676
5.770539e-07,-0.0063996496
5.771539e-07,-0.006403958
5.772539e-07,-0.0064097024
5.773539e-07,-0.0064118566
5.774539e-07,-0.0064075483
5.775539e-07,-0.0063989315
5.776539e-07,-0.0063903148
5.777539e-07,-0.0063888787
5.778539e-07,-0.0063960593
5.779539e-07,-0.0064097024
5.780539e-07,-0.0064247817
5.781539e-07,-0.0064348346
5.782539e-07,-0.0064369887
5.783539e-07,-0.0064326804
5.784539e-07,-0.0064262178
5.785539e-07,-0.0064233456
5.786539e-07,-0.0064269359
5.787539e-07,-0.0064362707
5.788539e-07,-0.0064477597
5.789539e-07,-0.0064578125
5.790539e-07,-0.0064649931
5.791539e-07,-0.0064714557
5.792539e-07,-0.0064800724
5.793539e-07,-0.0064922794
5.794539e-07,-0.0065087948
5.795539e-07,-0.0065260283
5.796539e-07,-0.0065403895
5.797539e-07,-0.0065497243
5.798539e-07,-0.0065561868
5.799539e-07,-0.0065648035
5.800539e-07,-0.0065813189
5.801539e-07,-0.0066071691
5.802539e-07,-0.0066387638
5.803539e-07,-0.0066682043
5.804539e-07,-0.0066861558
5.805539e-07,-0.0066875919
5.806539e-07,-0.0066753849
5.807539e-07,-0.0066588695
5.808539e-07,-0.0066488166
5.809539e-07,-0.006653125
5.810539e-07,-0.0066725126
5.811539e-07,-0.0066990809
5.812539e-07,-0.0067220588
5.813539e-07,-0.0067335478
5.814539e-07,-0.0067306756
5.815539e-07,-0.0067199046
5.816539e-07,-0.0067105699
5.817539e-07,-0.0067105699
5.818539e-07,-0.0067213408
5.819539e-07,-0.0067371381
5.820539e-07,-0.006747909
5.821539e-07,-0.0067450368
5.822539e-07,-0.0067278033
5.823539e-07,-0.0067033892
5.824539e-07,-0.0066825655
5.825539e-07,-0.0066761029
5.826539e-07,-0.0066868739
5.827539e-07,-0.0067091337
5.828539e-07,-0.0067321117
5.829539e-07,-0.0067450368
5.830539e-07,-0.0067436006
5.831539e-07,-0.0067313936
5.832539e-07,-0.0067177505
5.833539e-07,-0.0067105699
5.834539e-07,-0.0067141602
5.835539e-07,-0.0067249311
5.836539e-07,-0.0067342659
5.837539e-07,-0.0067335478
5.838539e-07,-0.0067206227
5.839539e-07,-0.0067012351
5.840539e-07,-0.0066832835
5.841539e-07,-0.0066761029
5.842539e-07,-0.0066818474
5.843539e-07,-0.0066947725
5.844539e-07,-0.0067076976
5.845539e-07,-0.0067105699
5.846539e-07,-0.0067026712
5.847539e-07,-0.0066904642
5.848539e-07,-0.0066825655
5.849539e-07,-0.0066875919
5.850539e-07,-0.0067062615
5.851539e-07,-0.0067313936
5.852539e-07,-0.0067514993
5.853539e-07,-0.0067565257
5.854539e-07,-0.0067450368
5.855539e-07,-0.0067249311
5.856539e-07,-0.0067098518
5.857539e-07,-0.0067105699
5.858539e-07,-0.0067306756
5.859539e-07,-0.0067615522
5.860539e-07,-0.0067902746
5.861539e-07,-0.0068024816
5.862539e-07,-0.0067917107
5.863539e-07,-0.0067637063
5.864539e-07,-0.0067321117
5.865539e-07,-0.0067105699
5.866539e-07,-0.0067084157
5.867539e-07,-0.006724213
5.868539e-07,-0.006747909
5.869539e-07,-0.0067680147
5.870539e-07,-0.0067759134
5.871539e-07,-0.0067730411
5.872539e-07,-0.0067672966
5.873539e-07,-0.0067680147
5.874539e-07,-0.0067795037
5.875539e-07,-0.0067996094
5.876539e-07,-0.006818279
5.877539e-07,-0.0068254596
5.878539e-07,-0.0068161248
5.879539e-07,-0.006794583
5.880539e-07,-0.0067701689
5.881539e-07,-0.0067565257
5.882539e-07,-0.006760116
5.883539e-07,-0.0067787856
5.884539e-07,-0.0068046358
5.885539e-07,-0.0068254596
5.886539e-07,-0.0068340763
5.887539e-07,-0.0068297679
5.888539e-07,-0.0068197151
5.889539e-07,-0.0068139706
5.890539e-07,-0.006818279
5.891539e-07,-0.0068340763
5.892539e-07,-0.006854182
5.893539e-07,-0.0068714154
5.894539e-07,-0.0068807502
5.895539e-07,-0.0068821864
5.896539e-07,-0.0068807502
5.897539e-07,-0.0068829044
5.898539e-07,-0.0068908031
5.899539e-07,-0.0069030101
5.900539e-07,-0.006913781
5.901539e-07,-0.0069173713
5.902539e-07,-0.0069116268
5.903539e-07,-0.006901574
5.904539e-07,-0.0068936753
5.905539e-07,-0.0068943934
5.906539e-07,-0.0069066004
5.907539e-07,-0.00692527
5.908539e-07,-0.0069425034
5.909539e-07,-0.0069518382
5.910539e-07,-0.0069518382
5.911539e-07,-0.0069460937
5.912539e-07,-0.0069439396
5.913539e-07,-0.0069518382
5.914539e-07,-0.0069697898
5.915539e-07,-0.0069920496
5.916539e-07,-0.007007847
5.917539e-07,-0.0070092831
5.918539e-07,-0.0069956399
5.919539e-07,-0.0069733801
5.920539e-07,-0.0069554285
5.921539e-07,-0.0069518382
5.922539e-07,-0.0069661994
5.923539e-07,-0.0069920496
5.924539e-07,-0.0070178998
5.925539e-07,-0.007032261
5.926539e-07,-0.0070293888
5.927539e-07,-0.0070135915
5.928539e-07,-0.0069956399
5.929539e-07,-0.0069863051
5.930539e-07,-0.0069913316
5.931539e-07,-0.007007847
5.932539e-07,-0.0070257985
5.933539e-07,-0.007032261
5.934539e-07,-0.0070222082
5.935539e-07,-0.0069985122
5.936539e-07,-0.0069712259
5.937539e-07,-0.0069518382
5.938539e-07,-0.0069482479
5.939539e-07,-0.006960455
5.940539e-07,-0.0069805607
5.941539e-07,-0.0069977941
5.942539e-07,-0.0070042567
5.943539e-07,-0.0069985122
5.944539e-07,-0.0069855871
5.945539e-07,-0.0069748162
5.946539e-07,-0.0069712259
5.947539e-07,-0.0069748162
5.948539e-07,-0.0069819968
5.949539e-07,-0.0069863051
5.950539e-07,-0.006984151
5.951539e-07,-0.0069762523
5.952539e-07,-0.0069676356
5.953539e-07,-0.0069633272
5.954539e-07,-0.0069661994
5.955539e-07,-0.0069748162
5.956539e-07,-0.0069827148
5.957539e-07,-0.0069863051
5.958539e-07,-0.006984151
5.959539e-07,-0.0069798426
5.960539e-07,-0.0069791245
5.961539e-07,-0.0069863051
5.962539e-07,-0.0070013844
5.963539e-07,-0.0070171818
5.964539e-07,-0.0070257985
5.965539e-07,-0.0070207721
5.966539e-07,-0.0070006664
5.967539e-07,-0.006972662
5.968539e-07,-0.0069460937
5.969539e-07,-0.0069288603
5.970539e-07,-0.0069245519
5.971539e-07,-0.0069302964
5.972539e-07,-0.006937477
5.973539e-07,-0.0069403493
5.974539e-07,-0.006937477
5.975539e-07,-0.0069331687
5.976539e-07,-0.0069324506
5.977539e-07,-0.0069403493
5.978539e-07,-0.0069532744
5.979539e-07,-0.0069640453
5.980539e-07,-0.006961173
5.981539e-07,-0.0069403493
5.982539e-07,-0.0069044462
5.983539e-07,-0.0068642348
5.984539e-07,-0.0068340763
5.985539e-07,-0.0068254596
5.986539e-07,-0.0068391027
5.987539e-07,-0.006865671
5.988539e-07,-0.0068922392
5.989539e-07,-0.0069058824
5.990539e-07,-0.0069030101
5.991539e-07,-0.006889367
5.992539e-07,-0.0068757238
5.993539e-07,-0.0068714154
5.994539e-07,-0.0068793141
5.995539e-07,-0.0068922392
5.996539e-07,-0.0069001379
5.997539e-07,-0.0068943934
5.998539e-07,-0.0068735696
5.999539e-07,-0.0068470014
6.000539e-07,-0.0068276137
6.001539e-07,-0.0068254596
6.002539e-07,-0.006841975
6.003539e-07,-0.0068678251
6.004539e-07,-0.006889367
6.005539e-07,-0.0068943934
6.006539e-07,-0.0068807502
6.007539e-07,-0.0068563362
6.008539e-07,-0.0068333582
6.009539e-07,-0.0068254596
6.010539e-07,-0.0068340763
6.011539e-07,-0.0068513097
6.012539e-07,-0.0068642348
6.013539e-07,-0.0068599265
6.014539e-07,-0.0068376666
6.015539e-07,-0.0068060719
6.016539e-07,-0.0067823759
6.017539e-07,-0.0067795037
6.018539e-07,-0.0068017636
6.019539e-07,-0.0068398208
6.020539e-07,-0.0068757238
6.021539e-07,-0.0068943934
6.022539e-07,-0.0068886489
6.023539e-07,-0.006866389
6.024539e-07,-0.0068434111
6.025539e-07,-0.0068369485
6.026539e-07,-0.0068549
6.027539e-07,-0.0068908031
6.028539e-07,-0.0069295784
6.029539e-07,-0.0069518382
6.030539e-07,-0.0069482479
6.031539e-07,-0.0069209616
6.032539e-07,-0.0068857767
6.033539e-07,-0.0068599265
6.034539e-07,-0.0068563362
6.035539e-07,-0.0068742877
6.036539e-07,-0.0069037282
6.037539e-07,-0.0069288603
6.038539e-07,-0.006937477
6.039539e-07,-0.0069281422
6.040539e-07,-0.0069094727
6.041539e-07,-0.0068943934
6.042539e-07,-0.0068929573
6.043539e-07,-0.0069058824
6.044539e-07,-0.00692527
6.045539e-07,-0.0069403493
6.046539e-07,-0.0069425034
6.047539e-07,-0.0069310145
6.048539e-07,-0.0069152171
6.049539e-07,-0.0069058824
6.050539e-07,-0.0069109088
6.051539e-07,-0.0069302964
6.052539e-07,-0.0069554285
6.053539e-07,-0.0069748162
6.054539e-07,-0.0069798426
6.055539e-07,-0.0069683536
6.056539e-07,-0.0069482479
6.057539e-07,-0.0069288603
6.058539e-07,-0.0069188074
6.059539e-07,-0.0069216797
6.060539e-07,-0.0069310145
6.061539e-07,-0.0069403493
6.062539e-07,-0.0069410673
6.063539e-07,-0.0069317325
6.064539e-07,-0.0069144991
6.065539e-07,-0.0068943934
6.066539e-07,-0.0068757238
6.067539e-07,-0.0068592084
6.068539e-07,-0.0068434111
6.069539e-07,-0.0068254596
6.070539e-07,-0.0068060719
6.071539e-07,-0.0067881204
6.072539e-07,-0.0067787856
6.073539e-07,-0.0067795037
6.074539e-07,-0.0067895565
6.075539e-07,-0.0068003274
6.076539e-07,-0.0068039177
6.077539e-07,-0.0067909926
6.078539e-07,-0.0067629883
6.079539e-07,-0.0067263672
6.080539e-07,-0.0066940545
6.081539e-07,-0.0066761029
6.082539e-07,-0.006676821
6.083539e-07,-0.0066919003
6.084539e-07,-0.0067105699
6.085539e-07,-0.0067220588
6.086539e-07,-0.0067199046
6.087539e-07,-0.0067062615
6.088539e-07,-0.006689028
6.089539e-07,-0.0066761029
6.090539e-07,-0.0066725126
6.091539e-07,-0.006676821
6.092539e-07,-0.0066840016
6.093539e-07,-0.0066875919
6.094539e-07,-0.0066854377
6.095539e-07,-0.0066811294
6.096539e-07,-0.0066804113
6.097539e-07,-0.0066875919
6.098539e-07,-0.0067033892
6.099539e-07,-0.0067213408
6.100539e-07,-0.0067328297
6.101539e-07,-0.0067335478
6.102539e-07,-0.0067227769
6.103539e-07,-0.0067076976
6.104539e-07,-0.0066976448
6.105539e-07,-0.0066990809
6.106539e-07,-0.0067098518
6.107539e-07,-0.0067227769
6.108539e-07,-0.0067256491
6.109539e-07,-0.0067105699
6.110539e-07,-0.0066796932
6.111539e-07,-0.0066430722
6.112539e-07,-0.0066150678
6.113539e-07,-0.0066071691
6.114539e-07,-0.0066222484
6.115539e-07,-0.0066524069
6.116539e-07,-0.0066825655
6.117539e-07,-0.0066990809
6.118539e-07,-0.0066976448
6.119539e-07,-0.0066818474
6.120539e-07,-0.0066631778
6.121539e-07,-0.006653125
6.122539e-07,-0.0066552792
6.123539e-07,-0.006664614
6.124539e-07,-0.0066710765
6.125539e-07,-0.006664614
6.126539e-07,-0.0066437902
6.127539e-07,-0.0066150678
6.128539e-07,-0.0065913718
6.129539e-07,-0.0065841912
6.130539e-07,-0.0065963982
6.131539e-07,-0.0066208123
6.132539e-07,-0.0066437902
6.133539e-07,-0.006653125
6.134539e-07,-0.0066430722
6.135539e-07,-0.00661794
6.136539e-07,-0.0065906537
6.137539e-07,-0.0065727022
6.138539e-07,-0.0065691119
6.139539e-07,-0.0065748564
6.140539e-07,-0.0065798828
6.141539e-07,-0.0065727022
6.142539e-07,-0.0065504423
6.143539e-07,-0.0065188477
6.144539e-07,-0.0064915614
6.145539e-07,-0.0064807904
6.146539e-07,-0.0064915614
6.147539e-07,-0.0065195657
6.148539e-07,-0.0065511604
6.149539e-07,-0.0065727022
6.150539e-07,-0.0065770106
6.151539e-07,-0.0065655216
6.152539e-07,-0.0065490062
6.153539e-07,-0.0065382353
6.154539e-07,-0.0065389534
6.155539e-07,-0.0065490062
6.156539e-07,-0.0065597771
6.157539e-07,-0.0065612132
6.158539e-07,-0.0065504423
6.159539e-07,-0.0065324908
6.160539e-07,-0.0065174115
6.161539e-07,-0.0065152574
6.162539e-07,-0.0065289005
6.163539e-07,-0.0065547507
6.164539e-07,-0.0065798828
6.165539e-07,-0.0065956801
6.166539e-07,-0.0065978343
6.167539e-07,-0.0065920898
6.168539e-07,-0.0065884995
6.169539e-07,-0.0065956801
6.170539e-07,-0.0066157858
6.171539e-07,-0.0066423541
6.172539e-07,-0.0066617417
6.173539e-07,-0.006664614
6.174539e-07,-0.0066488166
6.175539e-07,-0.0066222484
6.176539e-07,-0.0066007066
6.177539e-07,-0.0065956801
6.178539e-07,-0.0066121955
6.179539e-07,-0.0066430722
6.180539e-07,-0.0066725126
6.181539e-07,-0.0066875919
6.182539e-07,-0.0066818474
6.183539e-07,-0.0066610237
6.184539e-07,-0.0066394818
6.185539e-07,-0.0066301471
6.186539e-07,-0.0066394818
6.187539e-07,-0.0066617417
6.188539e-07,-0.0066832835
6.189539e-07,-0.0066875919
6.190539e-07,-0.0066682043
6.191539e-07,-0.0066308651
6.192539e-07,-0.0065892176
6.193539e-07,-0.0065612132
6.194539e-07,-0.0065576229
6.195539e-07,-0.0065784467
6.196539e-07,-0.0066121955
6.197539e-07,-0.006641636
6.198539e-07,-0.0066545611
6.199539e-07,-0.0066473805
6.200539e-07,-0.0066236845
6.201539e-07,-0.0065956801
6.202539e-07,-0.006570548
6.203539e-07,-0.0065533146
6.204539e-07,-0.0065396714
6.205539e-07,-0.0065267463
6.206539e-07,-0.006511667
6.207539e-07,-0.0064973058
6.208539e-07,-0.0064894072
6.209539e-07,-0.0064922794
6.210539e-07,-0.0065066406
6.211539e-07,-0.0065253102
6.212539e-07,-0.0065382353
6.213539e-07,-0.0065382353
6.214539e-07,-0.0065238741
6.215539e-07,-0.0065037684
6.216539e-07,-0.0064894072
6.217539e-07,-0.0064922794
6.218539e-07,-0.0065152574
6.219539e-07,-0.0065511604
6.220539e-07,-0.0065856273
6.221539e-07,-0.0066071691
6.222539e-07,-0.0066093233
6.223539e-07,-0.0065978343
6.224539e-07,-0.0065849092
6.225539e-07,-0.0065841912
6.226539e-07,-0.0066021427
6.227539e-07,-0.0066351735
6.228539e-07,-0.0066717946
6.229539e-07,-0.0066990809
6.230539e-07,-0.0067084157
6.231539e-07,-0.0067026712
6.232539e-07,-0.0066911822
6.233539e-07,-0.0066875919
6.234539e-07,-0.0066997989
6.235539e-07,-0.0067278033
6.236539e-07,-0.0067622702
6.237539e-07,-0.0067909926
6.238539e-07,-0.0068060719
6.239539e-07,-0.0068060719
6.240539e-07,-0.0067974552
6.241539e-07,-0.0067909926
6.242539e-07,-0.0067938649
6.243539e-07,-0.00680679
6.244539e-07,-0.0068276137
6.245539e-07,-0.0068484375
6.246539e-07,-0.0068649529
6.247539e-07,-0.006877878
6.248539e-07,-0.006890085
6.249539e-07,-0.0069058824
6.250539e-07,-0.0069259881
6.251539e-07,-0.0069446576
6.252539e-07,-0.0069554285
6.253539e-07,-0.0069518382
6.254539e-07,-0.0069331687
6.255539e-07,-0.0069058824
6.256539e-07,-0.0068821864
6.257539e-07,-0.0068714154
6.258539e-07,-0.006878596
6.259539e-07,-0.0068994198
6.260539e-07,-0.0069231158
6.261539e-07,-0.0069403493
6.262539e-07,-0.0069446576
6.263539e-07,-0.006936759
6.264539e-07,-0.00692527
6.265539e-07,-0.0069173713
6.266539e-07,-0.0069173713
6.267539e-07,-0.0069216797
6.268539e-07,-0.0069245519
6.269539e-07,-0.0069173713
6.270539e-07,-0.0068972656
6.271539e-07,-0.0068692613
6.272539e-07,-0.006841975
6.273539e-07,-0.0068254596
6.274539e-07,-0.0068233054
6.275539e-07,-0.0068340763
6.276539e-07,-0.0068491556
6.277539e-07,-0.0068599265
6.278539e-07,-0.0068613626
6.279539e-07,-0.006854182
6.280539e-07,-0.0068441291
6.281539e-07,-0.0068369485
6.282539e-07,-0.0068347943
6.283539e-07,-0.0068347943
6.284539e-07,-0.0068297679
6.285539e-07,-0.0068139706
6.286539e-07,-0.0067881204
6.287539e-07,-0.0067579619
6.288539e-07,-0.0067335478
6.289539e-07,-0.0067220588
6.290539e-07,-0.0067263672
6.291539e-07,-0.0067400103
6.292539e-07,-0.0067536535
6.293539e-07,-0.0067565257
6.294539e-07,-0.0067464729
6.295539e-07,-0.0067270852
6.296539e-07,-0.0067084157
6.297539e-07,-0.0066990809
6.298539e-07,-0.0067033892
6.299539e-07,-0.0067163143
6.300539e-07,-0.0067292394
6.301539e-07,-0.0067335478
6.302539e-07,-0.0067263672
6.303539e-07,-0.0067112879
6.304539e-07,-0.0066990809
6.305539e-07,-0.0066990809
6.306539e-07,-0.0067141602
6.307539e-07,-0.0067392923
6.308539e-07,-0.0067651425
6.309539e-07,-0.0067795037
6.310539e-07,-0.0067780676
6.311539e-07,-0.0067637063
6.312539e-07,-0.0067457548
6.313539e-07,-0.0067335478
6.314539e-07,-0.0067328297
6.315539e-07,-0.0067414465
6.316539e-07,-0.0067522174
6.317539e-07,-0.0067565257
6.318539e-07,-0.0067500632
6.319539e-07,-0.0067349839
6.320539e-07,-0.0067191866
6.321539e-07,-0.0067105699
6.322539e-07,-0.006712724
6.323539e-07,-0.0067220588
6.324539e-07,-0.0067321117
6.325539e-07,-0.0067335478
6.326539e-07,-0.006724213
6.327539e-07,-0.0067062615
6.328539e-07,-0.0066875919
6.329539e-07,-0.0066761029
6.330539e-07,-0.0066732307
6.331539e-07,-0.0066753849
6.332539e-07,-0.0066746668
6.333539e-07,-0.006664614
6.334539e-07,-0.0066445083
6.335539e-07,-0.0066193761
6.336539e-07,-0.0066007066
6.337539e-07,-0.0065956801
6.338539e-07,-0.0066071691
6.339539e-07,-0.0066272748
6.340539e-07,-0.0066466625
6.341539e-07,-0.006653125
6.342539e-07,-0.0066430722
6.343539e-07,-0.0066215303
6.344539e-07,-0.0065985524
6.345539e-07,-0.0065841912
6.346539e-07,-0.0065834731
6.347539e-07,-0.006593526
6.348539e-07,-0.0066042969
6.349539e-07,-0.0066071691
6.350539e-07,-0.0065978343
6.351539e-07,-0.0065806009
6.352539e-07,-0.0065655216
6.353539e-07,-0.0065612132
6.354539e-07,-0.0065727022
6.355539e-07,-0.0065963982
6.356539e-07,-0.0066229665
6.357539e-07,-0.006641636
6.358539e-07,-0.0066473805
6.359539e-07,-0.006641636
6.360539e-07,-0.0066330193
6.361539e-07,-0.0066301471
6.362539e-07,-0.0066380457
6.363539e-07,-0.0066552792
6.364539e-07,-0.0066739488
6.365539e-07,-0.0066875919
6.366539e-07,-0.0066926183
6.367539e-07,-0.0066919003
6.368539e-07,-0.0066926183
6.369539e-07,-0.0066990809
6.370539e-07,-0.0067141602
6.371539e-07,-0.0067335478
6.372539e-07,-0.0067493451
6.373539e-07,-0.0067565257
6.374539e-07,-0.0067550896
6.375539e-07,-0.0067514993
6.376539e-07,-0.0067536535
6.377539e-07,-0.0067680147
6.378539e-07,-0.0067931468
6.379539e-07,-0.0068197151
6.380539e-07,-0.0068376666
6.381539e-07,-0.0068369485
6.382539e-07,-0.0068197151
6.383539e-07,-0.006795301
6.384539e-07,-0.0067780676
6.385539e-07,-0.0067795037
6.386539e-07,-0.0068010455
6.387539e-07,-0.0068333582
6.388539e-07,-0.0068613626
6.389539e-07,-0.0068714154
6.390539e-07,-0.0068584903
6.391539e-07,-0.0068290499
6.392539e-07,-0.0067974552
6.393539e-07,-0.0067795037
6.394539e-07,-0.0067809398
6.395539e-07,-0.0067974552
6.396539e-07,-0.0068168428
6.397539e-07,-0.0068254596
6.398539e-07,-0.0068154067
6.399539e-07,-0.0067909926
6.400539e-07,-0.0067629883
6.401539e-07,-0.0067450368
6.402539e-07,-0.0067450368
6.403539e-07,-0.0067622702
6.404539e-07,-0.0067852482
6.405539e-07,-0.0068024816
6.406539e-07,-0.0068060719
6.407539e-07,-0.0067960191
6.408539e-07,-0.0067795037
6.409539e-07,-0.0067680147
6.410539e-07,-0.0067665786
6.411539e-07,-0.0067730411
6.412539e-07,-0.0067809398
6.413539e-07,-0.0067795037
6.414539e-07,-0.0067651425
6.415539e-07,-0.0067407284
6.416539e-07,-0.0067148782
6.417539e-07,-0.0066990809
6.418539e-07,-0.0066983628
6.419539e-07,-0.006712006
6.420539e-07,-0.0067306756
6.421539e-07,-0.0067450368
6.422539e-07,-0.006747909
6.423539e-07,-0.0067385742
6.424539e-07,-0.006724213
6.425539e-07,-0.0067105699
6.426539e-07,-0.0067026712
6.427539e-07,-0.0066997989
6.428539e-07,-0.0066962086
6.429539e-07,-0.0066875919
6.430539e-07,-0.0066725126
6.431539e-07,-0.0066567153
6.432539e-07,-0.0066480986
6.433539e-07,-0.006653125
6.434539e-07,-0.0066725126
6.435539e-07,-0.0066990809
6.436539e-07,-0.0067220588
6.437539e-07,-0.0067335478
6.438539e-07,-0.0067299575
6.439539e-07,-0.0067163143
6.440539e-07,-0.0067033892
6.441539e-07,-0.0066990809
6.442539e-07,-0.0067069795
6.443539e-07,-0.0067213408
6.444539e-07,-0.0067328297
6.445539e-07,-0.0067335478
6.446539e-07,-0.0067206227
6.447539e-07,-0.0067012351
6.448539e-07,-0.0066868739
6.449539e-07,-0.0066875919
6.450539e-07,-0.0067055434
6.451539e-07,-0.006735702
6.452539e-07,-0.0067637063
6.453539e-07,-0.0067795037
6.454539e-07,-0.0067766314
6.455539e-07,-0.0067608341
6.456539e-07,-0.0067428826
6.457539e-07,-0.0067335478
6.458539e-07,-0.0067392923
6.459539e-07,-0.0067558077
6.460539e-07,-0.0067730411
6.461539e-07,-0.0067795037
6.462539e-07,-0.006771605
6.463539e-07,-0.0067529354
6.464539e-07,-0.00673642
6.465539e-07,-0.0067335478
6.466539e-07,-0.0067507812
6.467539e-07,-0.006783812
6.468539e-07,-0.0068211512
6.469539e-07,-0.0068484375
6.470539e-07,-0.0068563362
6.471539e-07,-0.0068448472
6.472539e-07,-0.0068225873
6.473539e-07,-0.0068024816
6.474539e-07,-0.0067938649
6.475539e-07,-0.0067974552
6.476539e-07,-0.006807508
6.477539e-07,-0.0068139706
6.478539e-07,-0.0068096622
6.479539e-07,-0.0067938649
6.480539e-07,-0.0067730411
6.481539e-07,-0.0067565257
6.482539e-07,-0.0067514993
6.483539e-07,-0.006759398
6.484539e-07,-0.0067751953
6.485539e-07,-0.0067909926
6.486539e-07,-0.0068003274
6.487539e-07,-0.0068003274
6.488539e-07,-0.0067960191
6.489539e-07,-0.0067909926
6.490539e-07,-0.0067909926
6.491539e-07,-0.006795301
6.492539e-07,-0.0068010455
6.493539e-07,-0.0068024816
6.494539e-07,-0.0067974552
6.495539e-07,-0.0067888385
6.496539e-07,-0.0067802217
6.497539e-07,-0.0067795037
6.498539e-07,-0.0067888385
6.499539e-07,-0.0068053539
6.500539e-07,-0.0068240234
6.501539e-07,-0.0068369485
6.502539e-07,-0.0068405388
6.503539e-07,-0.0068362305
6.504539e-07,-0.0068290499
6.505539e-07,-0.0068254596
6.506539e-07,-0.0068290499
6.507539e-07,-0.0068376666
6.508539e-07,-0.0068455653
6.509539e-07,-0.0068484375
6.510539e-07,-0.006841975
6.511539e-07,-0.0068297679
6.512539e-07,-0.006818279
6.513539e-07,-0.0068139706
6.514539e-07,-0.0068204331
6.515539e-07,-0.0068355124
6.516539e-07,-0.0068513097
6.517539e-07,-0.0068599265
6.518539e-07,-0.0068563362
6.519539e-07,-0.0068412569
6.520539e-07,-0.0068204331
6.521539e-07,-0.0068024816
6.522539e-07,-0.0067931468
6.523539e-07,-0.0067931468
6.524539e-07,-0.0067988913
6.525539e-07,-0.0068024816
6.526539e-07,-0.0067996094
6.527539e-07,-0.0067902746
6.528539e-07,-0.0067773495
6.529539e-07,-0.0067680147
6.530539e-07,-0.0067665786
6.531539e-07,-0.0067751953
6.532539e-07,-0.0067888385
6.533539e-07,-0.0068024816
6.534539e-07,-0.0068089442
6.535539e-07,-0.0068060719
6.536539e-07,-0.006794583
6.537539e-07,-0.0067795037
6.538539e-07,-0.0067651425
6.539539e-07,-0.0067543716
6.540539e-07,-0.006747909
6.541539e-07,-0.0067450368
6.542539e-07,-0.0067436006
6.543539e-07,-0.0067421645
6.544539e-07,-0.0067428826
6.545539e-07,-0.0067450368
6.546539e-07,-0.0067493451
6.547539e-07,-0.0067543716
6.548539e-07,-0.0067572438
6.549539e-07,-0.0067565257
6.550539e-07,-0.0067522174
6.551539e-07,-0.0067471909
6.552539e-07,-0.0067436006
6.553539e-07,-0.0067450368
6.554539e-07,-0.0067507812
6.555539e-07,-0.0067572438
6.556539e-07,-0.006760116
6.557539e-07,-0.0067565257
6.558539e-07,-0.0067450368
6.559539e-07,-0.0067299575
6.560539e-07,-0.0067163143
6.561539e-07,-0.0067105699
6.562539e-07,-0.0067148782
6.563539e-07,-0.0067278033
6.564539e-07,-0.0067436006
6.565539e-07,-0.0067565257
6.566539e-07,-0.0067622702
6.567539e-07,-0.006759398
6.568539e-07,-0.0067522174
6.569539e-07,-0.0067450368
6.570539e-07,-0.0067414465
6.571539e-07,-0.0067436006
6.572539e-07,-0.0067493451
6.573539e-07,-0.0067565257
6.574539e-07,-0.0067622702
6.575539e-07,-0.0067651425
6.576539e-07,-0.0067658605
6.577539e-07,-0.0067680147
6.578539e-07,-0.006771605
6.579539e-07,-0.0067773495
6.580539e-07,-0.0067845301
6.581539e-07,-0.0067909926
6.582539e-07,-0.0067967371
6.583539e-07,-0.0068010455
6.584539e-07,-0.00680679
6.585539e-07,-0.0068139706
6.586539e-07,-0.0068225873
6.587539e-07,-0.0068297679
6.588539e-07,-0.0068355124
6.589539e-07,-0.0068369485
6.590539e-07,-0.0068355124
6.591539e-07,-0.0068333582
6.592539e-07,-0.0068333582
6.593539e-07,-0.0068369485
6.594539e-07,-0.0068441291
6.595539e-07,-0.006854182
6.596539e-07,-0.0068635168
6.597539e-07,-0.0068714154
6.598539e-07,-0.0068793141
6.599539e-07,-0.006889367
6.600539e-07,-0.006902292
6.601539e-07,-0.0069173713
6.602539e-07,-0.0069295784
6.603539e-07,-0.0069338867
6.604539e-07,-0.0069259881
6.605539e-07,-0.0069058824
6.606539e-07,-0.0068793141
6.607539e-07,-0.0068556181
6.608539e-07,-0.0068434111
6.609539e-07,-0.0068484375
6.610539e-07,-0.0068671071
6.611539e-07,-0.0068922392
6.612539e-07,-0.0069116268
6.613539e-07,-0.0069173713
6.614539e-07,-0.0069087546
6.615539e-07,-0.006890085
6.616539e-07,-0.0068714154
6.617539e-07,-0.0068599265
6.618539e-07,-0.0068592084
6.619539e-07,-0.006866389
6.620539e-07,-0.0068728516
6.621539e-07,-0.0068714154
6.622539e-07,-0.0068599265
6.623539e-07,-0.0068405388
6.624539e-07,-0.0068225873
6.625539e-07,-0.0068139706
6.626539e-07,-0.006818997
6.627539e-07,-0.0068347943
6.628539e-07,-0.0068556181
6.629539e-07,-0.0068714154
6.630539e-07,-0.0068764419
6.631539e-07,-0.0068692613
6.632539e-07,-0.006854182
6.633539e-07,-0.0068369485
6.634539e-07,-0.0068233054
6.635539e-07,-0.0068139706
6.636539e-07,-0.0068082261
6.637539e-07,-0.0068024816
6.638539e-07,-0.006795301
6.639539e-07,-0.0067874023
6.640539e-07,-0.0067816579
6.641539e-07,-0.0067795037
6.642539e-07,-0.0067823759
6.643539e-07,-0.0067874023
6.644539e-07,-0.0067917107
6.645539e-07,-0.0067909926
6.646539e-07,-0.0067859662
6.647539e-07,-0.0067802217
6.648539e-07,-0.0067773495
6.649539e-07,-0.0067795037
6.650539e-07,-0.0067852482
6.651539e-07,-0.0067888385
6.652539e-07,-0.0067845301
6.653539e-07,-0.0067680147
6.654539e-07,-0.0067428826
6.655539e-07,-0.0067163143
6.656539e-07,-0.0066990809
6.657539e-07,-0.0066990809
6.658539e-07,-0.0067170324
6.659539e-07,-0.0067464729
6.660539e-07,-0.0067744773
6.661539e-07,-0.0067909926
6.662539e-07,-0.0067888385
6.663539e-07,-0.0067708869
6.664539e-07,-0.0067450368
6.665539e-07,-0.0067220588
6.666539e-07,-0.0067098518
6.667539e-07,-0.0067091337
6.668539e-07,-0.0067155963
6.669539e-07,-0.0067220588
6.670539e-07,-0.0067220588
6.671539e-07,-0.0067134421
6.672539e-07,-0.006700517
6.673539e-07,-0.0066875919
6.674539e-07,-0.0066796932
6.675539e-07,-0.0066782571
6.676539e-07,-0.0066818474
6.677539e-07,-0.0066875919
6.678539e-07,-0.0066926183
6.679539e-07,-0.0066976448
6.680539e-07,-0.0067033892
6.681539e-07,-0.0067105699
6.682539e-07,-0.0067191866
6.683539e-07,-0.0067278033
6.684539e-07,-0.0067328297
6.685539e-07,-0.0067335478
6.686539e-07,-0.0067321117
6.687539e-07,-0.0067328297
6.688539e-07,-0.0067407284
6.689539e-07,-0.0067565257
6.690539e-07,-0.0067773495
6.691539e-07,-0.0067967371
6.692539e-07,-0.0068060719
6.693539e-07,-0.0068024816
6.694539e-07,-0.0067881204
6.695539e-07,-0.0067701689
6.696539e-07,-0.0067572438
6.697539e-07,-0.0067565257
6.698539e-07,-0.0067665786
6.699539e-07,-0.0067809398
6.700539e-07,-0.0067909926
6.701539e-07,-0.0067909926
6.702539e-07,-0.0067823759
6.703539e-07,-0.006771605
6.704539e-07,-0.0067687328
6.705539e-07,-0.0067795037
6.706539e-07,-0.0068031997
6.707539e-07,-0.0068319221
6.708539e-07,-0.0068534639
6.709539e-07,-0.0068599265
6.710539e-07,-0.0068498736
6.711539e-07,-0.0068326402
6.712539e-07,-0.0068204331
6.713539e-07,-0.0068254596
6.714539e-07,-0.0068498736
6.715539e-07,-0.0068857767
6.716539e-07,-0.0069209616
6.717539e-07,-0.0069403493
6.718539e-07,-0.0069389131
6.719539e-07,-0.0069202436
6.720539e-07,-0.0068965476
6.721539e-07,-0.0068829044
6.722539e-07,-0.0068879308
6.723539e-07,-0.0069109088
6.724539e-07,-0.0069446576
6.725539e-07,-0.0069748162
6.726539e-07,-0.0069934858
6.727539e-07,-0.0069970761
6.728539e-07,-0.0069920496
6.729539e-07,-0.0069863051
6.730539e-07,-0.0069870232
6.731539e-07,-0.0069942038
6.732539e-07,-0.0070042567
6.733539e-07,-0.0070092831
6.734539e-07,-0.0070049747
6.735539e-07,-0.0069913316
6.736539e-07,-0.0069740981
6.737539e-07,-0.0069633272
6.738539e-07,-0.0069633272
6.739539e-07,-0.0069755342
6.740539e-07,-0.0069934858
6.741539e-07,-0.0070092831
6.742539e-07,-0.0070171818
6.743539e-07,-0.0070150276
6.744539e-07,-0.0070064108
6.745539e-07,-0.0069977941
6.746539e-07,-0.0069942038
6.747539e-07,-0.0069977941
6.748539e-07,-0.0070042567
6.749539e-07,-0.0070092831
6.750539e-07,-0.007008565
6.751539e-07,-0.0070006664
6.752539e-07,-0.0069877413
6.753539e-07,-0.0069748162
6.754539e-07,-0.0069640453
6.755539e-07,-0.0069575827
6.756539e-07,-0.0069539924
6.757539e-07,-0.0069518382
6.758539e-07,-0.0069511202
6.759539e-07,-0.0069532744
6.760539e-07,-0.006961173
6.761539e-07,-0.0069748162
6.762539e-07,-0.0069913316
6.763539e-07,-0.0070064108
6.764539e-07,-0.0070135915
6.765539e-07,-0.0070092831
6.766539e-07,-0.006996358
6.767539e-07,-0.0069812787
6.768539e-07,-0.0069719439
6.769539e-07,-0.0069748162
6.770539e-07,-0.0069906135
6.771539e-07,-0.0070128734
6.772539e-07,-0.0070329791
6.773539e-07,-0.00704375
6.774539e-07,-0.0070430319
6.775539e-07,-0.0070358513
6.776539e-07,-0.0070301068
6.777539e-07,-0.007032261
6.778539e-07,-0.0070451861
6.779539e-07,-0.0070645738
6.780539e-07,-0.0070818072
6.781539e-07,-0.0070897059
6.782539e-07,-0.0070853975
6.783539e-07,-0.0070739085
6.784539e-07,-0.0070645738
6.785539e-07,-0.0070667279
6.786539e-07,-0.0070839614
6.787539e-07,-0.0071119658
6.788539e-07,-0.0071406882
6.789539e-07,-0.0071586397
6.790539e-07,-0.0071579216
6.791539e-07,-0.0071399701
6.792539e-07,-0.0071134019
6.793539e-07,-0.0070897059
6.794539e-07,-0.007078935
6.795539e-07,-0.0070846795
6.796539e-07,-0.007102631
6.797539e-07,-0.0071241728
6.798539e-07,-0.0071399701
6.799539e-07,-0.0071457146
6.800539e-07,-0.0071421243
6.801539e-07,-0.0071356618
6.802539e-07,-0.0071320715
6.803539e-07,-0.0071349437
6.804539e-07,-0.0071449966
6.805539e-07,-0.0071586397
6.806539e-07,-0.0071708467
6.807539e-07,-0.0071773093
6.808539e-07,-0.0071765912
6.809539e-07,-0.0071701287
6.810539e-07,-0.0071586397
6.811539e-07,-0.0071442785
6.812539e-07,-0.0071284812
6.813539e-07,-0.0071126838
6.814539e-07,-0.0070990407
6.815539e-07,-0.0070897059
6.816539e-07,-0.0070868336
6.817539e-07,-0.0070897059
6.818539e-07,-0.0070954504
6.819539e-07,-0.0070997587
6.820539e-07,-0.0070983226
6.821539e-07,-0.0070897059
6.822539e-07,-0.0070767808
6.823539e-07,-0.0070631376
6.824539e-07,-0.007055957
6.825539e-07,-0.007055239
6.826539e-07,-0.0070602654
6.827539e-07,-0.0070652918
6.828539e-07,-0.0070645738
6.829539e-07,-0.007055239
6.830539e-07,-0.0070394416
6.831539e-07,-0.0070236443
6.832539e-07,-0.0070164637
6.833539e-07,-0.0070207721
6.834539e-07,-0.0070358513
6.835539e-07,-0.0070545209
6.836539e-07,-0.007067446
6.837539e-07,-0.0070667279
6.838539e-07,-0.0070523667
6.839539e-07,-0.0070301068
6.840539e-07,-0.0070092831
6.841539e-07,-0.0069977941
6.842539e-07,-0.0069985122
6.843539e-07,-0.0070071289
6.844539e-07,-0.0070171818
6.845539e-07,-0.0070207721
6.846539e-07,-0.0070150276
6.847539e-07,-0.0070035386
6.848539e-07,-0.0069920496
6.849539e-07,-0.0069863051
6.850539e-07,-0.0069884593
6.851539e-07,-0.0069949219
6.852539e-07,-0.0069999483
6.853539e-07,-0.0069977941
6.854539e-07,-0.0069870232
6.855539e-07,-0.0069719439
6.856539e-07,-0.0069590188
6.857539e-07,-0.0069518382
6.858539e-07,-0.0069511202
6.859539e-07,-0.0069518382
6.860539e-07,-0.0069460937
6.861539e-07,-0.0069288603
6.862539e-07,-0.006901574
6.863539e-07,-0.0068721335
6.864539e-07,-0.0068513097
6.865539e-07,-0.0068484375
6.866539e-07,-0.0068642348
6.867539e-07,-0.0068922392
6.868539e-07,-0.0069216797
6.869539e-07,-0.0069403493
6.870539e-07,-0.0069446576
6.871539e-07,-0.006937477
6.872539e-07,-0.0069295784
6.873539e-07,-0.0069288603
6.874539e-07,-0.0069403493
6.875539e-07,-0.006960455
6.876539e-07,-0.0069791245
6.877539e-07,-0.0069863051
6.878539e-07,-0.0069776884
6.879539e-07,-0.0069575827
6.880539e-07,-0.006936759
6.881539e-07,-0.0069288603
6.882539e-07,-0.0069417854
6.883539e-07,-0.0069755342
6.884539e-07,-0.0070214901
6.885539e-07,-0.0070667279
6.886539e-07,-0.0071004768
6.887539e-07,-0.0071184283
6.888539e-07,-0.0071241728
6.889539e-07,-0.0071241728
6.890539e-07,-0.007126327
6.891539e-07,-0.0071342256
6.892539e-07,-0.0071464327
6.893539e-07,-0.0071586397
6.894539e-07,-0.0071658203
6.895539e-07,-0.0071679745
6.896539e-07,-0.0071679745
6.897539e-07,-0.0071701287
6.898539e-07,-0.0071787454
6.899539e-07,-0.0071938247
6.900539e-07,-0.0072117762
6.901539e-07,-0.0072275735
6.902539e-07,-0.0072369083
6.903539e-07,-0.0072383444
6.904539e-07,-0.0072340361
6.905539e-07,-0.0072275735
6.906539e-07,-0.0072203929
6.907539e-07,-0.0072132123
6.908539e-07,-0.0072045956
6.909539e-07,-0.0071931066
6.910539e-07,-0.0071787454
6.911539e-07,-0.0071636661
6.912539e-07,-0.0071528952
6.913539e-07,-0.0071471507
6.914539e-07,-0.0071464327
6.915539e-07,-0.0071464327
6.916539e-07,-0.0071399701
6.917539e-07,-0.0071241728
6.918539e-07,-0.0070983226
6.919539e-07,-0.0070681641
6.920539e-07,-0.0070401597
6.921539e-07,-0.0070207721
6.922539e-07,-0.0070121553
6.923539e-07,-0.0070092831
6.924539e-07,-0.0070071289
6.925539e-07,-0.0069977941
6.926539e-07,-0.0069798426
6.927539e-07,-0.0069561466
6.928539e-07,-0.0069331687
6.929539e-07,-0.0069173713
6.930539e-07,-0.0069116268
6.931539e-07,-0.006913781
6.932539e-07,-0.0069180894
6.933539e-07,-0.0069173713
6.934539e-07,-0.0069094727
6.935539e-07,-0.0068958295
6.936539e-07,-0.0068814683
6.937539e-07,-0.0068714154
6.938539e-07,-0.0068678251
6.939539e-07,-0.0068699793
6.940539e-07,-0.0068721335
6.941539e-07,-0.0068714154
6.942539e-07,-0.0068671071
6.943539e-07,-0.0068627987
6.944539e-07,-0.0068627987
6.945539e-07,-0.0068714154
6.946539e-07,-0.0068879308
6.947539e-07,-0.0069080365
6.948539e-07,-0.0069231158
6.949539e-07,-0.0069288603
6.950539e-07,-0.0069245519
6.951539e-07,-0.006913781
6.952539e-07,-0.0069058824
6.953539e-07,-0.0069058824
6.954539e-07,-0.0069159352
6.955539e-07,-0.0069310145
6.956539e-07,-0.0069453757
6.957539e-07,-0.0069518382
6.958539e-07,-0.006948966
6.959539e-07,-0.0069396312
6.960539e-07,-0.0069310145
6.961539e-07,-0.0069288603
6.962539e-07,-0.0069346048
6.963539e-07,-0.0069460937
6.964539e-07,-0.0069568647
6.965539e-07,-0.0069633272
6.966539e-07,-0.0069661994
6.967539e-07,-0.0069690717
6.968539e-07,-0.0069784065
6.969539e-07,-0.0069977941
6.970539e-07,-0.0070236443
6.971539e-07,-0.0070473403
6.972539e-07,-0.0070595473
6.973539e-07,-0.007055239
6.974539e-07,-0.0070365694
6.975539e-07,-0.0070128734
6.976539e-07,-0.0069970761
6.977539e-07,-0.0069977941
6.978539e-07,-0.0070157456
6.979539e-07,-0.0070430319
6.980539e-07,-0.007067446
6.981539e-07,-0.0070782169
6.982539e-07,-0.0070731905
6.983539e-07,-0.0070581112
6.984539e-07,-0.0070451861
6.985539e-07,-0.00704375
6.986539e-07,-0.0070566751
6.987539e-07,-0.0070782169
6.988539e-07,-0.0070961684
6.989539e-07,-0.0071011949
6.990539e-07,-0.0070889878
6.991539e-07,-0.0070660099
6.992539e-07,-0.0070430319
6.993539e-07,-0.007032261
6.994539e-07,-0.0070387236
6.995539e-07,-0.0070573932
6.996539e-07,-0.0070782169
6.997539e-07,-0.0070897059
6.998539e-07,-0.0070861156
6.999539e-07,-0.0070710363
7.000539e-07,-0.0070530848
7.001539e-07,-0.00704375
7.002539e-07,-0.0070480584
7.003539e-07,-0.0070624196
7.004539e-07,-0.007079653
7.005539e-07,-0.0070897059
7.006539e-07,-0.0070875517
7.007539e-07,-0.0070753447
7.008539e-07,-0.0070617015
7.009539e-07,-0.007055239
7.010539e-07,-0.0070595473
7.011539e-07,-0.0070703182
7.012539e-07,-0.007079653
7.013539e-07,-0.0070782169
7.014539e-07,-0.0070638557
7.015539e-07,-0.0070401597
7.016539e-07,-0.0070186179
7.017539e-07,-0.0070092831
7.018539e-07,-0.0070157456
7.019539e-07,-0.007032261
7.020539e-07,-0.0070494945
7.021539e-07,-0.007055239
7.022539e-07,-0.00704375
7.023539e-07,-0.0070186179
7.024539e-07,-0.0069913316
7.025539e-07,-0.0069748162
7.026539e-07,-0.0069755342
7.027539e-07,-0.0069927677
7.028539e-07,-0.0070157456
7.029539e-07,-0.007032261
7.030539e-07,-0.007032261
7.031539e-07,-0.0070157456
7.032539e-07,-0.0069884593
7.033539e-07,-0.0069633272
7.034539e-07,-0.006948966
7.035539e-07,-0.006948966
7.036539e-07,-0.0069597369
7.037539e-07,-0.0069748162
7.038539e-07,-0.0069863051
7.039539e-07,-0.0069927677
7.040539e-07,-0.0069949219
7.041539e-07,-0.0069977941
7.042539e-07,-0.0070028205
7.043539e-07,-0.0070100011
7.044539e-07,-0.0070135915
7.045539e-07,-0.0070092831
7.046539e-07,-0.006996358
7.047539e-07,-0.0069776884
7.048539e-07,-0.006960455
7.049539e-07,-0.0069518382
7.050539e-07,-0.0069547105
7.051539e-07,-0.0069661994
7.052539e-07,-0.0069791245
7.053539e-07,-0.0069863051
7.054539e-07,-0.0069827148
7.055539e-07,-0.0069697898
7.056539e-07,-0.0069532744
7.057539e-07,-0.0069403493
7.058539e-07,-0.0069353228
7.059539e-07,-0.006936759
7.060539e-07,-0.0069403493
7.061539e-07,-0.0069403493
7.062539e-07,-0.0069331687
7.063539e-07,-0.0069216797
7.064539e-07,-0.0069109088
7.065539e-07,-0.0069058824
7.066539e-07,-0.0069094727
7.067539e-07,-0.0069180894
7.068539e-07,-0.0069267061
7.069539e-07,-0.0069288603
7.070539e-07,-0.0069209616
7.071539e-07,-0.0069051643
7.072539e-07,-0.0068872128
7.073539e-07,-0.0068714154
7.074539e-07,-0.0068606445
7.075539e-07,-0.006854182
7.076539e-07,-0.0068470014
7.077539e-07,-0.0068369485
7.078539e-07,-0.0068240234
7.079539e-07,-0.0068125345
7.080539e-07,-0.0068082261
7.081539e-07,-0.0068139706
7.082539e-07,-0.0068283318
7.083539e-07,-0.0068434111
7.084539e-07,-0.0068527459
7.085539e-07,-0.0068484375
7.086539e-07,-0.0068326402
7.087539e-07,-0.0068118164
7.088539e-07,-0.006795301
7.089539e-07,-0.0067909926
7.090539e-07,-0.0067996094
7.091539e-07,-0.0068161248
7.092539e-07,-0.006830486
7.093539e-07,-0.0068369485
7.094539e-07,-0.0068333582
7.095539e-07,-0.0068268957
7.096539e-07,-0.0068254596
7.097539e-07,-0.0068369485
7.098539e-07,-0.0068606445
7.099539e-07,-0.0068886489
7.100539e-07,-0.0069109088
7.101539e-07,-0.0069173713
7.102539e-07,-0.0069073185
7.103539e-07,-0.0068864947
7.104539e-07,-0.0068671071
7.105539e-07,-0.0068599265
7.106539e-07,-0.0068685432
7.107539e-07,-0.0068879308
7.108539e-07,-0.0069073185
7.109539e-07,-0.0069173713
7.110539e-07,-0.006913063
7.111539e-07,-0.0068987017
7.112539e-07,-0.0068814683
7.113539e-07,-0.0068714154
7.114539e-07,-0.0068714154
7.115539e-07,-0.006878596
7.116539e-07,-0.0068850586
7.117539e-07,-0.0068829044
7.118539e-07,-0.0068706974
7.119539e-07,-0.006854182
7.120539e-07,-0.0068398208
7.121539e-07,-0.0068369485
7.122539e-07,-0.0068448472
7.123539e-07,-0.0068577723
7.124539e-07,-0.006865671
7.125539e-07,-0.0068599265
7.126539e-07,-0.0068398208
7.127539e-07,-0.0068125345
7.128539e-07,-0.0067888385
7.129539e-07,-0.0067795037
7.130539e-07,-0.0067859662
7.131539e-07,-0.0068017636
7.132539e-07,-0.0068139706
7.133539e-07,-0.0068139706
7.134539e-07,-0.0067981733
7.135539e-07,-0.0067737592
7.136539e-07,-0.0067522174
7.137539e-07,-0.0067450368
7.138539e-07,-0.0067558077
7.139539e-07,-0.0067773495
7.140539e-07,-0.0067967371
7.141539e-07,-0.0068024816
7.142539e-07,-0.0067895565
7.143539e-07,-0.0067629883
7.144539e-07,-0.006735702
7.145539e-07,-0.0067220588
7.146539e-07,-0.0067270852
7.147539e-07,-0.0067464729
7.148539e-07,-0.0067680147
7.149539e-07,-0.0067795037
7.150539e-07,-0.0067730411
7.151539e-07,-0.0067514993
7.152539e-07,-0.0067263672
7.153539e-07,-0.0067105699
7.154539e-07,-0.0067112879
7.155539e-07,-0.0067256491
7.156539e-07,-0.0067450368
7.157539e-07,-0.0067565257
7.158539e-07,-0.0067529354
7.159539e-07,-0.006735702
7.160539e-07,-0.0067134421
7.161539e-07,-0.0066990809
7.162539e-07,-0.0066983628
7.163539e-07,-0.0067105699
7.164539e-07,-0.0067263672
7.165539e-07,-0.0067335478
7.166539e-07,-0.0067249311
7.167539e-07,-0.0067019531
7.168539e-07,-0.0066739488
7.169539e-07,-0.006653125
7.170539e-07,-0.0066488166
7.171539e-07,-0.0066610237
7.172539e-07,-0.0066818474
7.173539e-07,-0.0066990809
7.174539e-07,-0.0067033892
7.175539e-07,-0.0066926183
7.176539e-07,-0.0066717946
7.177539e-07,-0.006653125
7.178539e-07,-0.0066445083
7.179539e-07,-0.0066495347
7.180539e-07,-0.0066631778
7.181539e-07,-0.0066761029
7.182539e-07,-0.0066804113
7.183539e-07,-0.0066725126
7.184539e-07,-0.0066567153
7.185539e-07,-0.006641636
7.186539e-07,-0.0066366096
7.187539e-07,-0.0066459444
7.188539e-07,-0.0066689223
7.189539e-07,-0.0066990809
7.190539e-07,-0.0067285214
7.191539e-07,-0.0067500632
7.192539e-07,-0.0067629883
7.193539e-07,-0.0067680147
7.194539e-07,-0.0067694508
7.195539e-07,-0.0067701689
7.196539e-07,-0.0067737592
7.197539e-07,-0.0067795037
7.198539e-07,-0.0067888385
7.199539e-07,-0.0068010455
7.200539e-07,-0.0068175609
7.201539e-07,-0.0068369485
7.202539e-07,-0.0068584903
7.203539e-07,-0.006878596
7.204539e-07,-0.0068951114
7.205539e-07,-0.0069058824
7.206539e-07,-0.0069116268
7.207539e-07,-0.0069159352
7.208539e-07,-0.0069216797
7.209539e-07,-0.0069288603
7.210539e-07,-0.006936759
7.211539e-07,-0.0069410673
7.212539e-07,-0.0069389131
7.213539e-07,-0.0069288603
7.214539e-07,-0.0069152171
7.215539e-07,-0.0069037282
7.216539e-07,-0.0069001379
7.217539e-07,-0.0069058824
7.218539e-07,-0.0069166533
7.219539e-07,-0.0069259881
7.220539e-07,-0.0069267061
7.221539e-07,-0.0069173713
7.222539e-07,-0.006901574
7.223539e-07,-0.006889367
7.224539e-07,-0.006890085
7.225539e-07,-0.0069058824
7.226539e-07,-0.0069331687
7.227539e-07,-0.006961173
7.228539e-07,-0.0069769704
7.229539e-07,-0.0069748162
7.230539e-07,-0.0069568647
7.231539e-07,-0.0069338867
7.232539e-07,-0.0069216797
7.233539e-07,-0.0069288603
7.234539e-07,-0.0069568647
7.235539e-07,-0.0069949219
7.236539e-07,-0.0070279527
7.237539e-07,-0.00704375
7.238539e-07,-0.0070380055
7.239539e-07,-0.0070193359
7.240539e-07,-0.0070013844
7.241539e-07,-0.0069977941
7.242539e-07,-0.0070157456
7.243539e-07,-0.0070494945
7.244539e-07,-0.0070868336
7.245539e-07,-0.0071126838
7.246539e-07,-0.0071177102
7.247539e-07,-0.007102631
7.248539e-07,-0.0070774989
7.249539e-07,-0.007055239
7.250539e-07,-0.0070451861
7.251539e-07,-0.0070480584
7.252539e-07,-0.0070581112
7.253539e-07,-0.0070667279
7.254539e-07,-0.0070660099
7.255539e-07,-0.0070538028
7.256539e-07,-0.0070365694
7.257539e-07,-0.0070207721
7.258539e-07,-0.0070114373
7.259539e-07,-0.0070100011
7.260539e-07,-0.0070107192
7.261539e-07,-0.0070092831
7.262539e-07,-0.0070021025
7.263539e-07,-0.0069898955
7.264539e-07,-0.0069791245
7.265539e-07,-0.0069748162
7.266539e-07,-0.0069791245
7.267539e-07,-0.0069906135
7.268539e-07,-0.0070021025
7.269539e-07,-0.0070092831
7.270539e-07,-0.0070100011
7.271539e-07,-0.0070064108
7.272539e-07,-0.0070042567
7.273539e-07,-0.0070092831
7.274539e-07,-0.0070214901
7.275539e-07,-0.0070351333
7.276539e-07,-0.0070444681
7.277539e-07,-0.00704375
7.278539e-07,-0.007032261
7.279539e-07,-0.0070171818
7.280539e-07,-0.0070071289
7.281539e-07,-0.0070092831
7.282539e-07,-0.0070250804
7.283539e-07,-0.0070487764
7.284539e-07,-0.0070696002
7.285539e-07,-0.0070782169
7.286539e-07,-0.0070724724
7.287539e-07,-0.0070573932
7.288539e-07,-0.0070408778
7.289539e-07,-0.007032261
7.290539e-07,-0.0070344152
7.291539e-07,-0.0070423139
7.292539e-07,-0.0070480584
7.293539e-07,-0.00704375
7.294539e-07,-0.0070279527
7.295539e-07,-0.0070056928
7.296539e-07,-0.0069891774
7.297539e-07,-0.0069863051
7.298539e-07,-0.0070006664
7.299539e-07,-0.0070265165
7.300539e-07,-0.0070523667
7.301539e-07,-0.0070667279
7.302539e-07,-0.0070638557
7.303539e-07,-0.0070487764
7.304539e-07,-0.0070308249
7.305539e-07,-0.0070207721
7.306539e-07,-0.0070250804
7.307539e-07,-0.0070401597
7.308539e-07,-0.0070573932
7.309539e-07,-0.0070667279
7.310539e-07,-0.0070617015
7.311539e-07,-0.0070459042
7.312539e-07,-0.0070286707
7.313539e-07,-0.0070207721
7.314539e-07,-0.0070286707
7.315539e-07,-0.0070516487
7.316539e-07,-0.007078935
7.317539e-07,-0.0071011949
7.318539e-07,-0.0071090935
7.319539e-07,-0.007103349
7.320539e-07,-0.0070897059
7.321539e-07,-0.0070782169
7.322539e-07,-0.0070767808
7.323539e-07,-0.0070861156
7.324539e-07,-0.0071004768
7.325539e-07,-0.0071126838
7.326539e-07,-0.0071155561
7.327539e-07,-0.0071090935
7.328539e-07,-0.0070976045
7.329539e-07,-0.0070897059
7.330539e-07,-0.007091142
7.331539e-07,-0.007102631
7.332539e-07,-0.0071198644
7.333539e-07,-0.0071356618
7.334539e-07,-0.0071449966
7.335539e-07,-0.0071478688
7.336539e-07,-0.0071464327
7.337539e-07,-0.0071471507
7.338539e-07,-0.0071543313
7.339539e-07,-0.0071679745
7.340539e-07,-0.0071830538
7.341539e-07,-0.0071931066
7.342539e-07,-0.0071938247
7.343539e-07,-0.007185208
7.344539e-07,-0.0071708467
7.345539e-07,-0.0071586397
7.346539e-07,-0.0071528952
7.347539e-07,-0.0071557675
7.348539e-07,-0.0071629481
7.349539e-07,-0.0071701287
7.350539e-07,-0.0071722829
7.351539e-07,-0.0071679745
7.352539e-07,-0.0071586397
7.353539e-07,-0.0071471507
7.354539e-07,-0.0071370979
7.355539e-07,-0.0071284812
7.356539e-07,-0.0071213006
7.357539e-07,-0.0071126838
7.358539e-07,-0.007103349
7.359539e-07,-0.0070940142
7.360539e-07,-0.0070889878
7.361539e-07,-0.0070897059
7.362539e-07,-0.0070961684
7.363539e-07,-0.0071047852
7.364539e-07,-0.0071112477
7.365539e-07,-0.0071126838
7.366539e-07,-0.0071083755
7.367539e-07,-0.0071011949
7.368539e-07,-0.0070976045
7.369539e-07,-0.0071011949
7.370539e-07,-0.0071126838
7.371539e-07,-0.0071284812
7.372539e-07,-0.0071421243
7.373539e-07,-0.0071471507
7.374539e-07,-0.0071428424
7.375539e-07,-0.0071335076
7.376539e-07,-0.0071248909
7.377539e-07,-0.0071241728
7.378539e-07,-0.0071349437
7.379539e-07,-0.0071543313
7.380539e-07,-0.0071765912
7.381539e-07,-0.0071931066
7.382539e-07,-0.0071988511
7.383539e-07,-0.0071938247
7.384539e-07,-0.0071823357
7.385539e-07,-0.0071701287
7.386539e-07,-0.0071629481
7.387539e-07,-0.0071636661
7.388539e-07,-0.0071708467
7.389539e-07,-0.0071816176
7.390539e-07,-0.0071938247
7.391539e-07,-0.0072067498
7.392539e-07,-0.007221111
7.393539e-07,-0.0072390625
7.394539e-07,-0.0072591682
7.395539e-07,-0.0072792739
7.396539e-07,-0.0072965074
7.397539e-07,-0.0073079963
7.398539e-07,-0.0073130227
7.399539e-07,-0.0073123047
7.400539e-07,-0.0073101505
7.401539e-07,-0.0073079963
7.402539e-07,-0.0073051241
7.403539e-07,-0.0072993796
7.404539e-07,-0.0072886087
7.405539e-07,-0.0072735294
7.406539e-07,-0.0072577321
7.407539e-07,-0.0072469612
7.408539e-07,-0.0072476792
7.409539e-07,-0.0072620404
7.410539e-07,-0.0072864545
7.411539e-07,-0.0073115866
7.412539e-07,-0.0073288201
7.413539e-07,-0.0073309743
7.414539e-07,-0.0073180492
7.415539e-07,-0.0072957893
7.416539e-07,-0.0072742475
7.417539e-07,-0.0072620404
7.418539e-07,-0.0072613224
7.419539e-07,-0.0072677849
7.420539e-07,-0.0072742475
7.421539e-07,-0.0072735294
7.422539e-07,-0.0072634766
7.423539e-07,-0.0072469612
7.424539e-07,-0.0072326
7.425539e-07,-0.0072275735
7.426539e-07,-0.0072340361
7.427539e-07,-0.0072469612
7.428539e-07,-0.0072591682
7.429539e-07,-0.0072620404
7.430539e-07,-0.0072512695
7.431539e-07,-0.0072304458
7.432539e-07,-0.0072081859
7.433539e-07,-0.0071931066
7.434539e-07,-0.0071916705
7.435539e-07,-0.0072017233
7.436539e-07,-0.0072168026
7.437539e-07,-0.0072275735
7.438539e-07,-0.0072275735
7.439539e-07,-0.0072175207
7.440539e-07,-0.0072031595
7.441539e-07,-0.0071931066
7.442539e-07,-0.0071938247
7.443539e-07,-0.0072074678
7.444539e-07,-0.0072290097
7.445539e-07,-0.0072505515
7.446539e-07,-0.0072663488
7.447539e-07,-0.0072728114
7.448539e-07,-0.0072735294
7.449539e-07,-0.0072735294
7.450539e-07,-0.0072771197
7.451539e-07,-0.0072864545
7.452539e-07,-0.0072979435
7.453539e-07,-0.0073079963
7.454539e-07,-0.0073108686
7.455539e-07,-0.0073058421
7.456539e-07,-0.0072950712
7.457539e-07,-0.0072850184
7.458539e-07,-0.00728071
7.459539e-07,-0.0072857364
7.460539e-07,-0.0072993796
7.461539e-07,-0.0073194853
7.462539e-07,-0.0073410271
7.463539e-07,-0.0073589786
7.464539e-07,-0.0073719037
7.465539e-07,-0.0073769301
7.466539e-07,-0.007374776
7.467539e-07,-0.0073654412
7.468539e-07,-0.0073496438
7.469539e-07,-0.0073309743
7.470539e-07,-0.0073130227
7.471539e-07,-0.0072993796
7.472539e-07,-0.0072936351
7.473539e-07,-0.0072965074
7.474539e-07,-0.007303688
7.475539e-07,-0.0073094324
7.476539e-07,-0.0073087144
7.477539e-07,-0.0072965074
7.478539e-07,-0.0072749655
7.479539e-07,-0.0072483973
7.480539e-07,-0.0072232652
7.481539e-07,-0.0072045956
7.482539e-07,-0.0071938247
7.483539e-07,-0.0071895163
7.484539e-07,-0.0071866441
7.485539e-07,-0.0071816176
7.486539e-07,-0.007173719
7.487539e-07,-0.0071636661
7.488539e-07,-0.0071543313
7.489539e-07,-0.0071471507
7.490539e-07,-0.0071406882
7.491539e-07,-0.0071313534
7.492539e-07,-0.0071184283
7.493539e-07,-0.0071011949
7.494539e-07,-0.0070846795
7.495539e-07,-0.0070753447
7.496539e-07,-0.0070767808
7.497539e-07,-0.0070897059
7.498539e-07,-0.0071062213
7.499539e-07,-0.0071169922
7.500539e-07,-0.0071126838
7.501539e-07,-0.0070897059
7.502539e-07,-0.0070538028
7.503539e-07,-0.0070171818
7.504539e-07,-0.0069920496
7.505539e-07,-0.0069863051
7.506539e-07,-0.0069992302
7.507539e-07,-0.0070207721
7.508539e-07,-0.0070387236
7.509539e-07,-0.00704375
7.510539e-07,-0.0070358513
7.511539e-07,-0.0070214901
7.512539e-07,-0.0070135915
7.513539e-07,-0.0070207721
7.514539e-07,-0.0070430319
7.515539e-07,-0.0070724724
7.516539e-07,-0.0070954504
7.517539e-07,-0.0071011949
7.518539e-07,-0.0070875517
7.519539e-07,-0.0070609835
7.520539e-07,-0.0070344152
7.521539e-07,-0.0070207721
7.522539e-07,-0.0070243624
7.523539e-07,-0.0070401597
7.524539e-07,-0.0070581112
7.525539e-07,-0.0070667279
7.526539e-07,-0.0070609835
7.527539e-07,-0.00704375
7.528539e-07,-0.0070272346
7.529539e-07,-0.0070207721
7.530539e-07,-0.0070301068
7.531539e-07,-0.0070516487
7.532539e-07,-0.0070753447
7.533539e-07,-0.0070897059
7.534539e-07,-0.0070897059
7.535539e-07,-0.007078935
7.536539e-07,-0.007067446
7.537539e-07,-0.0070667279
7.538539e-07,-0.0070825253
7.539539e-07,-0.0071126838
7.540539e-07,-0.0071464327
7.541539e-07,-0.0071701287
7.542539e-07,-0.0071751551
7.543539e-07,-0.0071615119
7.544539e-07,-0.0071363798
7.545539e-07,-0.0071126838
7.546539e-07,-0.0070997587
7.547539e-07,-0.0071004768
7.548539e-07,-0.0071112477
7.549539e-07,-0.0071241728
7.550539e-07,-0.0071327895
7.551539e-07,-0.0071349437
7.552539e-07,-0.0071342256
7.553539e-07,-0.0071356618
7.554539e-07,-0.0071435604
7.555539e-07,-0.0071572036
7.556539e-07,-0.0071722829
7.557539e-07,-0.0071816176
7.558539e-07,-0.0071823357
7.559539e-07,-0.0071751551
7.560539e-07,-0.0071651023
7.561539e-07,-0.0071586397
7.562539e-07,-0.0071607939
7.563539e-07,-0.0071701287
7.564539e-07,-0.0071830538
7.565539e-07,-0.0071931066
7.566539e-07,-0.0071966969
7.567539e-07,-0.0071945427
7.568539e-07,-0.0071916705
7.569539e-07,-0.0071931066
7.570539e-07,-0.0072002872
7.571539e-07,-0.0072124943
7.572539e-07,-0.0072232652
7.573539e-07,-0.0072275735
7.574539e-07,-0.0072239832
7.575539e-07,-0.0072146484
7.576539e-07,-0.0072060317
7.577539e-07,-0.0072045956
7.578539e-07,-0.0072124943
7.579539e-07,-0.0072275735
7.580539e-07,-0.0072419347
7.581539e-07,-0.0072505515
7.582539e-07,-0.0072491153
7.583539e-07,-0.0072412167
7.584539e-07,-0.0072318819
7.585539e-07,-0.0072275735
7.586539e-07,-0.0072318819
7.587539e-07,-0.0072412167
7.588539e-07,-0.0072498334
7.589539e-07,-0.0072505515
7.590539e-07,-0.0072404986
7.591539e-07,-0.0072225471
7.592539e-07,-0.0072045956
7.593539e-07,-0.0071931066
7.594539e-07,-0.0071938247
7.595539e-07,-0.0072038775
7.596539e-07,-0.0072182387
7.597539e-07,-0.0072275735
7.598539e-07,-0.0072268555
7.599539e-07,-0.0072146484
7.600539e-07,-0.007197415
7.601539e-07,-0.0071816176
7.602539e-07,-0.0071730009
7.603539e-07,-0.0071722829
7.604539e-07,-0.0071773093
7.605539e-07,-0.0071816176
7.606539e-07,-0.0071816176
7.607539e-07,-0.0071758732
7.608539e-07,-0.0071672564
7.609539e-07,-0.0071586397
7.610539e-07,-0.0071536133
7.611539e-07,-0.0071528952
7.612539e-07,-0.0071557675
7.613539e-07,-0.0071586397
7.614539e-07,-0.0071615119
7.615539e-07,-0.0071651023
7.616539e-07,-0.0071715648
7.617539e-07,-0.0071816176
7.618539e-07,-0.0071952608
7.619539e-07,-0.0072081859
7.620539e-07,-0.0072160846
7.621539e-07,-0.0072160846
7.622539e-07,-0.007208904
7.623539e-07,-0.0071988511
7.624539e-07,-0.0071923886
7.625539e-07,-0.0071931066
7.626539e-07,-0.0072017233
7.627539e-07,-0.0072146484
7.628539e-07,-0.0072247013
7.629539e-07,-0.0072275735
7.630539e-07,-0.007221829
7.631539e-07,-0.0072117762
7.632539e-07,-0.0072038775
7.633539e-07,-0.0072045956
7.634539e-07,-0.0072146484
7.635539e-07,-0.0072304458
7.636539e-07,-0.007244807
7.637539e-07,-0.0072505515
7.638539e-07,-0.0072462431
7.639539e-07,-0.0072340361
7.640539e-07,-0.007221829
7.641539e-07,-0.0072160846
7.642539e-07,-0.0072203929
7.643539e-07,-0.0072318819
7.644539e-07,-0.0072440889
7.645539e-07,-0.0072505515
7.646539e-07,-0.0072476792
7.647539e-07,-0.0072361903
7.648539e-07,-0.0072232652
7.649539e-07,-0.0072160846
7.650539e-07,-0.0072175207
7.651539e-07,-0.0072282916
7.652539e-07,-0.0072412167
7.653539e-07,-0.0072505515
7.654539e-07,-0.0072519876
7.655539e-07,-0.0072462431
7.656539e-07,-0.0072361903
7.657539e-07,-0.0072275735
7.658539e-07,-0.0072247013
7.659539e-07,-0.0072261374
7.660539e-07,-0.0072282916
7.661539e-07,-0.0072275735
7.662539e-07,-0.0072203929
7.663539e-07,-0.007208904
7.664539e-07,-0.007198133
7.665539e-07,-0.0071931066
7.666539e-07,-0.007197415
7.667539e-07,-0.007209622
7.668539e-07,-0.0072261374
7.669539e-07,-0.0072390625
7.670539e-07,-0.007244807
7.671539e-07,-0.0072433709
7.672539e-07,-0.0072354722
7.673539e-07,-0.0072275735
7.674539e-07,-0.007221829
7.675539e-07,-0.0072189568
7.676539e-07,-0.0072182387
7.677539e-07,-0.0072160846
7.678539e-07,-0.0072124943
7.679539e-07,-0.007208904
7.680539e-07,-0.007208904
7.681539e-07,-0.0072160846
7.682539e-07,-0.0072318819
7.683539e-07,-0.0072541418
7.684539e-07,-0.0072771197
7.685539e-07,-0.0072965074
7.686539e-07,-0.0073079963
7.687539e-07,-0.0073115866
7.688539e-07,-0.0073108686
7.689539e-07,-0.0073079963
7.690539e-07,-0.0073051241
7.691539e-07,-0.0073022518
7.692539e-07,-0.0072965074
7.693539e-07,-0.0072850184
7.694539e-07,-0.007268503
7.695539e-07,-0.0072505515
7.696539e-07,-0.0072354722
7.697539e-07,-0.0072275735
7.698539e-07,-0.0072282916
7.699539e-07,-0.0072361903
7.700539e-07,-0.007245525
7.701539e-07,-0.0072505515
7.702539e-07,-0.0072491153
7.703539e-07,-0.0072404986
7.704539e-07,-0.0072282916
7.705539e-07,-0.0072160846
7.706539e-07,-0.0072053136
7.707539e-07,-0.0071952608
7.708539e-07,-0.0071837718
7.709539e-07,-0.0071701287
7.710539e-07,-0.0071550494
7.711539e-07,-0.0071406882
7.712539e-07,-0.0071335076
7.713539e-07,-0.0071356618
7.714539e-07,-0.0071471507
7.715539e-07,-0.0071651023
7.716539e-07,-0.0071816176
7.717539e-07,-0.0071931066
7.718539e-07,-0.0071959789
7.719539e-07,-0.0071916705
7.720539e-07,-0.007185208
7.721539e-07,-0.0071816176
7.722539e-07,-0.0071830538
7.723539e-07,-0.0071887983
7.724539e-07,-0.0071966969
7.725539e-07,-0.0072045956
7.726539e-07,-0.0072103401
7.727539e-07,-0.0072153665
7.728539e-07,-0.007221111
7.729539e-07,-0.0072275735
7.730539e-07,-0.0072340361
7.731539e-07,-0.0072354722
7.732539e-07,-0.0072304458
7.733539e-07,-0.0072160846
7.734539e-07,-0.007197415
7.735539e-07,-0.0071808996
7.736539e-07,-0.007174437
7.737539e-07,-0.0071816176
7.738539e-07,-0.0071995692
7.739539e-07,-0.007221111
7.740539e-07,-0.0072369083
7.741539e-07,-0.0072390625
7.742539e-07,-0.0072268555
7.743539e-07,-0.0072053136
7.744539e-07,-0.0071837718
7.745539e-07,-0.0071701287
7.746539e-07,-0.0071665384
7.747539e-07,-0.0071701287
7.748539e-07,-0.007173719
7.749539e-07,-0.0071701287
7.750539e-07,-0.0071572036
7.751539e-07,-0.007138534
7.752539e-07,-0.0071213006
7.753539e-07,-0.0071126838
7.754539e-07,-0.0071155561
7.755539e-07,-0.0071256089
7.756539e-07,-0.0071349437
7.757539e-07,-0.0071356618
7.758539e-07,-0.0071241728
7.759539e-07,-0.007103349
7.760539e-07,-0.0070810892
7.761539e-07,-0.0070667279
7.762539e-07,-0.0070652918
7.763539e-07,-0.0070774989
7.764539e-07,-0.0070954504
7.765539e-07,-0.0071126838
7.766539e-07,-0.0071220186
7.767539e-07,-0.0071227367
7.768539e-07,-0.0071177102
7.769539e-07,-0.0071126838
7.770539e-07,-0.0071126838
7.771539e-07,-0.0071177102
7.772539e-07,-0.007127045
7.773539e-07,-0.0071356618
7.774539e-07,-0.0071414062
7.775539e-07,-0.0071457146
7.776539e-07,-0.007150023
7.777539e-07,-0.0071586397
7.778539e-07,-0.0071715648
7.779539e-07,-0.0071866441
7.780539e-07,-0.0071988511
7.781539e-07,-0.0072045956
7.782539e-07,-0.0072024414
7.783539e-07,-0.0071945427
7.784539e-07,-0.007185926
7.785539e-07,-0.0071816176
7.786539e-07,-0.0071830538
7.787539e-07,-0.0071887983
7.788539e-07,-0.0071938247
7.789539e-07,-0.0071931066
7.790539e-07,-0.007185926
7.791539e-07,-0.007174437
7.792539e-07,-0.0071636661
7.793539e-07,-0.0071586397
7.794539e-07,-0.0071600758
7.795539e-07,-0.0071658203
7.796539e-07,-0.0071708467
7.797539e-07,-0.0071701287
7.798539e-07,-0.00716223
7.799539e-07,-0.007150741
7.800539e-07,-0.0071406882
7.801539e-07,-0.0071356618
7.802539e-07,-0.0071363798
7.803539e-07,-0.007138534
7.804539e-07,-0.0071363798
7.805539e-07,-0.0071241728
7.806539e-07,-0.007103349
7.807539e-07,-0.007078935
7.808539e-07,-0.0070602654
7.809539e-07,-0.007055239
7.810539e-07,-0.007067446
7.811539e-07,-0.0070932962
7.812539e-07,-0.0071234547
7.813539e-07,-0.0071471507
7.814539e-07,-0.0071586397
7.815539e-07,-0.0071572036
7.816539e-07,-0.0071471507
7.817539e-07,-0.0071356618
7.818539e-07,-0.007127045
7.819539e-07,-0.0071227367
7.820539e-07,-0.0071191464
7.821539e-07,-0.0071126838
7.822539e-07,-0.007102631
7.823539e-07,-0.007091142
7.824539e-07,-0.0070853975
7.825539e-07,-0.0070897059
7.826539e-07,-0.0071069393
7.827539e-07,-0.0071320715
7.828539e-07,-0.0071564855
7.829539e-07,-0.0071701287
7.830539e-07,-0.0071672564
7.831539e-07,-0.0071493049
7.832539e-07,-0.0071234547
7.833539e-07,-0.0071011949
7.834539e-07,-0.0070918601
7.835539e-07,-0.0070990407
7.836539e-07,-0.0071198644
7.837539e-07,-0.0071471507
7.838539e-07,-0.0071708467
7.839539e-07,-0.0071844899
7.840539e-07,-0.0071866441
