LECROYHDO6104B,11090,Waveform
Segments,1,SegmentSize,10002
Segment,TrigTime,TimeSinceSegment1
#1,04-May-2026 17:17:29,0                 
Time,Ampl
-2.160947e-07,-0.0071327895
-2.159947e-07,-0.0071284812
-2.158947e-07,-0.0071313534
-2.157947e-07,-0.0071471507
-2.156947e-07,-0.007174437
-2.155947e-07,-0.0072038775
-2.154947e-07,-0.0072247013
-2.153947e-07,-0.0072275735
-2.152947e-07,-0.0072117762
-2.151947e-07,-0.007185208
-2.150947e-07,-0.0071607939
-2.149947e-07,-0.0071471507
-2.148947e-07,-0.0071485869
-2.147947e-07,-0.0071600758
-2.146947e-07,-0.0071701287
-2.145947e-07,-0.0071701287
-2.144947e-07,-0.0071557675
-2.143947e-07,-0.0071327895
-2.142947e-07,-0.0071112477
-2.141947e-07,-0.0071011949
-2.140947e-07,-0.0071062213
-2.139947e-07,-0.0071227367
-2.138947e-07,-0.0071399701
-2.137947e-07,-0.0071471507
-2.136947e-07,-0.0071399701
-2.135947e-07,-0.0071220186
-2.134947e-07,-0.0071019129
-2.133947e-07,-0.0070897059
-2.132947e-07,-0.007091142
-2.131947e-07,-0.007102631
-2.130947e-07,-0.0071169922
-2.129947e-07,-0.0071241728
-2.128947e-07,-0.0071198644
-2.127947e-07,-0.0071076574
-2.126947e-07,-0.0070940142
-2.125947e-07,-0.0070897059
-2.124947e-07,-0.0070983226
-2.123947e-07,-0.0071162741
-2.122947e-07,-0.0071356618
-2.121947e-07,-0.0071471507
-2.120947e-07,-0.0071457146
-2.119947e-07,-0.0071342256
-2.118947e-07,-0.0071198644
-2.117947e-07,-0.0071126838
-2.116947e-07,-0.0071169922
-2.115947e-07,-0.0071306353
-2.114947e-07,-0.0071471507
-2.113947e-07,-0.0071586397
-2.112947e-07,-0.0071600758
-2.111947e-07,-0.0071536133
-2.110947e-07,-0.0071471507
-2.109947e-07,-0.0071471507
-2.108947e-07,-0.0071579216
-2.107947e-07,-0.0071765912
-2.106947e-07,-0.0071952608
-2.105947e-07,-0.0072045956
-2.104947e-07,-0.0072017233
-2.103947e-07,-0.0071887983
-2.102947e-07,-0.0071751551
-2.101947e-07,-0.0071701287
-2.100947e-07,-0.0071794635
-2.099947e-07,-0.0072017233
-2.098947e-07,-0.0072282916
-2.097947e-07,-0.0072505515
-2.096947e-07,-0.0072613224
-2.095947e-07,-0.0072606043
-2.094947e-07,-0.0072541418
-2.093947e-07,-0.0072505515
-2.092947e-07,-0.0072548598
-2.091947e-07,-0.0072677849
-2.090947e-07,-0.0072835823
-2.089947e-07,-0.0072965074
-2.088947e-07,-0.0073015338
-2.087947e-07,-0.0072979435
-2.086947e-07,-0.0072907629
-2.085947e-07,-0.0072850184
-2.084947e-07,-0.0072835823
-2.083947e-07,-0.0072850184
-2.082947e-07,-0.0072835823
-2.081947e-07,-0.0072735294
-2.080947e-07,-0.0072534237
-2.079947e-07,-0.0072268555
-2.078947e-07,-0.0072002872
-2.077947e-07,-0.0071816176
-2.076947e-07,-0.0071751551
-2.075947e-07,-0.0071780273
-2.074947e-07,-0.0071830538
-2.073947e-07,-0.0071816176
-2.072947e-07,-0.0071694106
-2.071947e-07,-0.0071464327
-2.070947e-07,-0.0071213006
-2.069947e-07,-0.0071011949
-2.068947e-07,-0.0070932962
-2.067947e-07,-0.0070983226
-2.066947e-07,-0.0071112477
-2.065947e-07,-0.0071241728
-2.064947e-07,-0.0071299173
-2.063947e-07,-0.0071256089
-2.062947e-07,-0.0071141199
-2.061947e-07,-0.0071011949
-2.060947e-07,-0.007091142
-2.059947e-07,-0.0070868336
-2.058947e-07,-0.0070868336
-2.057947e-07,-0.0070897059
-2.056947e-07,-0.0070918601
-2.055947e-07,-0.0070940142
-2.054947e-07,-0.0070968865
-2.053947e-07,-0.0071011949
-2.052947e-07,-0.0071083755
-2.051947e-07,-0.0071162741
-2.050947e-07,-0.0071220186
-2.049947e-07,-0.0071241728
-2.048947e-07,-0.0071234547
-2.047947e-07,-0.0071220186
-2.046947e-07,-0.0071256089
-2.045947e-07,-0.0071356618
-2.044947e-07,-0.0071521772
-2.043947e-07,-0.0071701287
-2.042947e-07,-0.007185208
-2.041947e-07,-0.0071931066
-2.040947e-07,-0.0071931066
-2.039947e-07,-0.0071887983
-2.038947e-07,-0.0071837718
-2.037947e-07,-0.0071816176
-2.036947e-07,-0.0071823357
-2.035947e-07,-0.0071823357
-2.034947e-07,-0.0071780273
-2.033947e-07,-0.0071701287
-2.032947e-07,-0.0071607939
-2.031947e-07,-0.0071572036
-2.030947e-07,-0.0071636661
-2.029947e-07,-0.0071816176
-2.028947e-07,-0.0072060317
-2.027947e-07,-0.0072268555
-2.026947e-07,-0.0072354722
-2.025947e-07,-0.0072275735
-2.024947e-07,-0.0072067498
-2.023947e-07,-0.0071830538
-2.022947e-07,-0.0071686926
-2.021947e-07,-0.0071701287
-2.020947e-07,-0.007185208
-2.019947e-07,-0.0072053136
-2.018947e-07,-0.0072182387
-2.017947e-07,-0.0072160846
-2.016947e-07,-0.0071995692
-2.015947e-07,-0.0071787454
-2.014947e-07,-0.0071658203
-2.013947e-07,-0.0071701287
-2.012947e-07,-0.0071923886
-2.011947e-07,-0.0072239832
-2.010947e-07,-0.0072512695
-2.009947e-07,-0.0072620404
-2.008947e-07,-0.0072541418
-2.007947e-07,-0.0072326
-2.006947e-07,-0.007208904
-2.005947e-07,-0.0071931066
-2.004947e-07,-0.0071887983
-2.003947e-07,-0.0071909524
-2.002947e-07,-0.0071909524
-2.001947e-07,-0.0071816176
-2.000947e-07,-0.0071643842
-1.999947e-07,-0.0071457146
-1.998947e-07,-0.0071378159
-1.997947e-07,-0.0071471507
-1.996947e-07,-0.0071708467
-1.995947e-07,-0.007198133
-1.994947e-07,-0.0072132123
-1.993947e-07,-0.0072045956
-1.992947e-07,-0.0071722829
-1.991947e-07,-0.0071277631
-1.990947e-07,-0.0070882698
-1.989947e-07,-0.0070667279
-1.988947e-07,-0.007067446
-1.987947e-07,-0.0070825253
-1.986947e-07,-0.0070947323
-1.985947e-07,-0.0070897059
-1.984947e-07,-0.0070631376
-1.983947e-07,-0.0070229262
-1.982947e-07,-0.006984151
-1.981947e-07,-0.0069633272
-1.980947e-07,-0.0069661994
-1.979947e-07,-0.0069870232
-1.978947e-07,-0.0070107192
-1.977947e-07,-0.0070207721
-1.976947e-07,-0.007008565
-1.975947e-07,-0.0069762523
-1.974947e-07,-0.006937477
-1.973947e-07,-0.0069058824
-1.972947e-07,-0.0068908031
-1.971947e-07,-0.0068922392
-1.970947e-07,-0.0069008559
-1.969947e-07,-0.0069058824
-1.968947e-07,-0.006902292
-1.967947e-07,-0.0068922392
-1.966947e-07,-0.0068829044
-1.965947e-07,-0.0068829044
-1.964947e-07,-0.0068929573
-1.963947e-07,-0.0069073185
-1.962947e-07,-0.0069144991
-1.961947e-07,-0.0069058824
-1.960947e-07,-0.0068807502
-1.959947e-07,-0.0068491556
-1.958947e-07,-0.0068261776
-1.957947e-07,-0.0068254596
-1.956947e-07,-0.0068491556
-1.955947e-07,-0.0068879308
-1.954947e-07,-0.0069238339
-1.953947e-07,-0.0069403493
-1.952947e-07,-0.0069302964
-1.951947e-07,-0.0068987017
-1.950947e-07,-0.0068620807
-1.949947e-07,-0.0068369485
-1.948947e-07,-0.0068340763
-1.947947e-07,-0.0068527459
-1.946947e-07,-0.0068814683
-1.945947e-07,-0.0069058824
-1.944947e-07,-0.0069173713
-1.943947e-07,-0.0069159352
-1.942947e-07,-0.0069087546
-1.941947e-07,-0.0069058824
-1.940947e-07,-0.0069116268
-1.939947e-07,-0.0069231158
-1.938947e-07,-0.0069317325
-1.937947e-07,-0.0069288603
-1.936947e-07,-0.0069123449
-1.935947e-07,-0.006890085
-1.934947e-07,-0.0068728516
-1.933947e-07,-0.0068714154
-1.932947e-07,-0.0068886489
-1.931947e-07,-0.0069173713
-1.930947e-07,-0.0069425034
-1.929947e-07,-0.0069518382
-1.928947e-07,-0.0069410673
-1.927947e-07,-0.0069166533
-1.926947e-07,-0.0068929573
-1.925947e-07,-0.0068829044
-1.924947e-07,-0.0068922392
-1.923947e-07,-0.0069144991
-1.922947e-07,-0.0069346048
-1.921947e-07,-0.0069403493
-1.920947e-07,-0.00692527
-1.919947e-07,-0.0068965476
-1.918947e-07,-0.0068692613
-1.917947e-07,-0.0068599265
-1.916947e-07,-0.0068750057
-1.915947e-07,-0.0069101907
-1.914947e-07,-0.0069496841
-1.913947e-07,-0.0069748162
-1.912947e-07,-0.0069755342
-1.911947e-07,-0.0069518382
-1.910947e-07,-0.0069152171
-1.909947e-07,-0.0068829044
-1.908947e-07,-0.006865671
-1.907947e-07,-0.0068649529
-1.906947e-07,-0.0068742877
-1.905947e-07,-0.0068829044
-1.904947e-07,-0.0068821864
-1.903947e-07,-0.0068714154
-1.902947e-07,-0.0068570542
-1.901947e-07,-0.0068484375
-1.900947e-07,-0.0068513097
-1.899947e-07,-0.0068649529
-1.898947e-07,-0.0068821864
-1.897947e-07,-0.0068943934
-1.896947e-07,-0.0068965476
-1.895947e-07,-0.0068915211
-1.894947e-07,-0.0068843405
-1.893947e-07,-0.0068829044
-1.892947e-07,-0.006889367
-1.891947e-07,-0.0069001379
-1.890947e-07,-0.0069080365
-1.889947e-07,-0.0069058824
-1.888947e-07,-0.0068936753
-1.887947e-07,-0.006877878
-1.886947e-07,-0.0068678251
-1.885947e-07,-0.0068714154
-1.884947e-07,-0.006889367
-1.883947e-07,-0.006913781
-1.882947e-07,-0.0069331687
-1.881947e-07,-0.0069403493
-1.880947e-07,-0.0069331687
-1.879947e-07,-0.0069202436
-1.878947e-07,-0.0069123449
-1.877947e-07,-0.0069173713
-1.876947e-07,-0.0069360409
-1.875947e-07,-0.006960455
-1.874947e-07,-0.0069762523
-1.873947e-07,-0.0069748162
-1.872947e-07,-0.0069568647
-1.871947e-07,-0.0069317325
-1.870947e-07,-0.0069152171
-1.869947e-07,-0.0069173713
-1.868947e-07,-0.0069381951
-1.867947e-07,-0.0069676356
-1.866947e-07,-0.0069877413
-1.865947e-07,-0.0069863051
-1.864947e-07,-0.006961173
-1.863947e-07,-0.0069223977
-1.862947e-07,-0.0068872128
-1.861947e-07,-0.0068714154
-1.860947e-07,-0.006878596
-1.859947e-07,-0.0068994198
-1.858947e-07,-0.0069173713
-1.857947e-07,-0.0069173713
-1.856947e-07,-0.0068958295
-1.855947e-07,-0.0068620807
-1.854947e-07,-0.0068333582
-1.853947e-07,-0.0068254596
-1.852947e-07,-0.0068441291
-1.851947e-07,-0.0068800322
-1.850947e-07,-0.0069144991
-1.849947e-07,-0.0069288603
-1.848947e-07,-0.0069144991
-1.847947e-07,-0.006877878
-1.846947e-07,-0.0068340763
-1.845947e-07,-0.0068024816
-1.844947e-07,-0.0067924288
-1.843947e-07,-0.0068017636
-1.842947e-07,-0.006818279
-1.841947e-07,-0.0068254596
-1.840947e-07,-0.0068161248
-1.839947e-07,-0.0067924288
-1.838947e-07,-0.0067680147
-1.837947e-07,-0.0067565257
-1.836947e-07,-0.0067651425
-1.835947e-07,-0.0067895565
-1.834947e-07,-0.006818279
-1.833947e-07,-0.0068369485
-1.832947e-07,-0.0068376666
-1.831947e-07,-0.0068247415
-1.830947e-07,-0.0068082261
-1.829947e-07,-0.0068024816
-1.828947e-07,-0.0068132525
-1.827947e-07,-0.0068376666
-1.826947e-07,-0.0068649529
-1.825947e-07,-0.0068829044
-1.824947e-07,-0.0068872128
-1.823947e-07,-0.0068814683
-1.822947e-07,-0.0068764419
-1.821947e-07,-0.0068829044
-1.820947e-07,-0.0069037282
-1.819947e-07,-0.0069324506
-1.818947e-07,-0.0069561466
-1.817947e-07,-0.0069633272
-1.816947e-07,-0.0069504021
-1.815947e-07,-0.00692527
-1.814947e-07,-0.006902292
-1.813947e-07,-0.0068943934
-1.812947e-07,-0.0069066004
-1.811947e-07,-0.0069310145
-1.810947e-07,-0.0069547105
-1.809947e-07,-0.0069633272
-1.808947e-07,-0.0069525563
-1.807947e-07,-0.0069302964
-1.806947e-07,-0.0069101907
-1.805947e-07,-0.0069058824
-1.804947e-07,-0.0069223977
-1.803947e-07,-0.0069518382
-1.802947e-07,-0.0069784065
-1.801947e-07,-0.0069863051
-1.800947e-07,-0.0069690717
-1.799947e-07,-0.0069338867
-1.798947e-07,-0.0068958295
-1.797947e-07,-0.0068714154
-1.796947e-07,-0.0068692613
-1.795947e-07,-0.0068857767
-1.794947e-07,-0.0069066004
-1.793947e-07,-0.0069173713
-1.792947e-07,-0.0069116268
-1.791947e-07,-0.0068936753
-1.790947e-07,-0.0068757238
-1.789947e-07,-0.0068714154
-1.788947e-07,-0.0068864947
-1.787947e-07,-0.0069144991
-1.786947e-07,-0.0069410673
-1.785947e-07,-0.0069518382
-1.784947e-07,-0.0069396312
-1.783947e-07,-0.0069101907
-1.782947e-07,-0.006877878
-1.781947e-07,-0.0068599265
-1.780947e-07,-0.0068642348
-1.779947e-07,-0.0068886489
-1.778947e-07,-0.0069188074
-1.777947e-07,-0.0069403493
-1.776947e-07,-0.0069446576
-1.775947e-07,-0.0069338867
-1.774947e-07,-0.0069202436
-1.773947e-07,-0.0069173713
-1.772947e-07,-0.0069331687
-1.771947e-07,-0.0069640453
-1.770947e-07,-0.0069977941
-1.769947e-07,-0.0070207721
-1.768947e-07,-0.0070236443
-1.767947e-07,-0.0070071289
-1.766947e-07,-0.0069827148
-1.765947e-07,-0.0069633272
-1.764947e-07,-0.0069575827
-1.763947e-07,-0.0069669175
-1.762947e-07,-0.0069834329
-1.761947e-07,-0.0069977941
-1.760947e-07,-0.0070049747
-1.759947e-07,-0.0070064108
-1.758947e-07,-0.0070092831
-1.757947e-07,-0.0070207721
-1.756947e-07,-0.0070423139
-1.755947e-07,-0.0070688821
-1.754947e-07,-0.0070875517
-1.753947e-07,-0.0070897059
-1.752947e-07,-0.0070724724
-1.751947e-07,-0.0070423139
-1.750947e-07,-0.0070135915
-1.749947e-07,-0.0069977941
-1.748947e-07,-0.0070006664
-1.747947e-07,-0.0070171818
-1.746947e-07,-0.0070351333
-1.745947e-07,-0.00704375
-1.744947e-07,-0.0070372875
-1.743947e-07,-0.007020054
-1.742947e-07,-0.0070035386
-1.741947e-07,-0.0069977941
-1.740947e-07,-0.0070071289
-1.739947e-07,-0.0070257985
-1.738947e-07,-0.0070415958
-1.737947e-07,-0.00704375
-1.736947e-07,-0.0070293888
-1.735947e-07,-0.0070056928
-1.734947e-07,-0.0069870232
-1.733947e-07,-0.0069863051
-1.732947e-07,-0.007007847
-1.731947e-07,-0.0070444681
-1.730947e-07,-0.0070810892
-1.729947e-07,-0.0071011949
-1.728947e-07,-0.0070968865
-1.727947e-07,-0.0070724724
-1.726947e-07,-0.0070423139
-1.725947e-07,-0.0070207721
-1.724947e-07,-0.0070193359
-1.723947e-07,-0.0070372875
-1.722947e-07,-0.0070652918
-1.721947e-07,-0.0070897059
-1.720947e-07,-0.0071011949
-1.719947e-07,-0.0071004768
-1.718947e-07,-0.0070932962
-1.717947e-07,-0.0070897059
-1.716947e-07,-0.0070954504
-1.715947e-07,-0.0071083755
-1.714947e-07,-0.0071205825
-1.713947e-07,-0.0071241728
-1.712947e-07,-0.007114838
-1.711947e-07,-0.0070976045
-1.710947e-07,-0.0070818072
-1.709947e-07,-0.0070782169
-1.708947e-07,-0.007091142
-1.707947e-07,-0.007114838
-1.706947e-07,-0.0071378159
-1.705947e-07,-0.0071471507
-1.704947e-07,-0.0071370979
-1.703947e-07,-0.0071112477
-1.702947e-07,-0.007079653
-1.701947e-07,-0.007055239
-1.700947e-07,-0.0070466222
-1.699947e-07,-0.0070530848
-1.698947e-07,-0.0070667279
-1.697947e-07,-0.0070782169
-1.696947e-07,-0.0070810892
-1.695947e-07,-0.0070760627
-1.694947e-07,-0.0070688821
-1.693947e-07,-0.0070667279
-1.692947e-07,-0.0070731905
-1.691947e-07,-0.0070846795
-1.690947e-07,-0.0070925781
-1.689947e-07,-0.0070897059
-1.688947e-07,-0.0070731905
-1.687947e-07,-0.0070487764
-1.686947e-07,-0.0070243624
-1.685947e-07,-0.0070092831
-1.684947e-07,-0.007007847
-1.683947e-07,-0.0070164637
-1.682947e-07,-0.0070272346
-1.681947e-07,-0.007032261
-1.680947e-07,-0.0070286707
-1.679947e-07,-0.0070207721
-1.678947e-07,-0.0070164637
-1.677947e-07,-0.0070207721
-1.676947e-07,-0.0070344152
-1.675947e-07,-0.0070487764
-1.674947e-07,-0.0070545209
-1.673947e-07,-0.00704375
-1.672947e-07,-0.0070171818
-1.671947e-07,-0.006984869
-1.670947e-07,-0.0069590188
-1.669947e-07,-0.0069518382
-1.668947e-07,-0.0069633272
-1.667947e-07,-0.006984869
-1.666947e-07,-0.0070006664
-1.665947e-07,-0.0069977941
-1.664947e-07,-0.0069733801
-1.663947e-07,-0.0069338867
-1.662947e-07,-0.0068951114
-1.661947e-07,-0.0068714154
-1.660947e-07,-0.0068685432
-1.659947e-07,-0.0068821864
-1.658947e-07,-0.0068987017
-1.657947e-07,-0.0069058824
-1.656947e-07,-0.0068965476
-1.655947e-07,-0.0068742877
-1.654947e-07,-0.0068498736
-1.653947e-07,-0.0068369485
-1.652947e-07,-0.0068405388
-1.651947e-07,-0.0068563362
-1.650947e-07,-0.0068742877
-1.649947e-07,-0.0068829044
-1.648947e-07,-0.0068764419
-1.647947e-07,-0.0068577723
-1.646947e-07,-0.0068376666
-1.645947e-07,-0.0068254596
-1.644947e-07,-0.0068268957
-1.643947e-07,-0.0068369485
-1.642947e-07,-0.0068477194
-1.641947e-07,-0.0068484375
-1.640947e-07,-0.0068362305
-1.639947e-07,-0.0068161248
-1.638947e-07,-0.0067981733
-1.637947e-07,-0.0067909926
-1.636947e-07,-0.0067981733
-1.635947e-07,-0.0068125345
-1.634947e-07,-0.0068254596
-1.633947e-07,-0.0068254596
-1.632947e-07,-0.0068118164
-1.631947e-07,-0.0067924288
-1.630947e-07,-0.0067780676
-1.629947e-07,-0.0067795037
-1.628947e-07,-0.0067988913
-1.627947e-07,-0.0068276137
-1.626947e-07,-0.0068520278
-1.625947e-07,-0.0068599265
-1.624947e-07,-0.0068477194
-1.623947e-07,-0.0068233054
-1.622947e-07,-0.0067996094
-1.621947e-07,-0.0067909926
-1.620947e-07,-0.0068017636
-1.619947e-07,-0.0068247415
-1.618947e-07,-0.0068484375
-1.617947e-07,-0.0068599265
-1.616947e-07,-0.006854182
-1.615947e-07,-0.0068362305
-1.614947e-07,-0.006818997
-1.613947e-07,-0.0068139706
-1.612947e-07,-0.0068247415
-1.611947e-07,-0.0068462833
-1.610947e-07,-0.006865671
-1.609947e-07,-0.0068714154
-1.608947e-07,-0.0068606445
-1.607947e-07,-0.0068412569
-1.606947e-07,-0.0068254596
-1.605947e-07,-0.0068254596
-1.604947e-07,-0.0068448472
-1.603947e-07,-0.0068750057
-1.602947e-07,-0.0069037282
-1.601947e-07,-0.0069173713
-1.600947e-07,-0.006913063
-1.599947e-07,-0.0068965476
-1.598947e-07,-0.0068829044
-1.597947e-07,-0.0068829044
-1.596947e-07,-0.0068979837
-1.595947e-07,-0.0069188074
-1.594947e-07,-0.0069295784
-1.593947e-07,-0.0069173713
-1.592947e-07,-0.0068807502
-1.591947e-07,-0.0068326402
-1.590947e-07,-0.0067924288
-1.589947e-07,-0.0067795037
-1.588947e-07,-0.0068003274
-1.587947e-07,-0.0068462833
-1.586947e-07,-0.0068965476
-1.585947e-07,-0.0069288603
-1.584947e-07,-0.0069310145
-1.583947e-07,-0.0069058824
-1.582947e-07,-0.0068678251
-1.581947e-07,-0.0068369485
-1.580947e-07,-0.0068254596
-1.579947e-07,-0.0068355124
-1.578947e-07,-0.0068556181
-1.577947e-07,-0.0068714154
-1.576947e-07,-0.0068728516
-1.575947e-07,-0.0068592084
-1.574947e-07,-0.0068391027
-1.573947e-07,-0.0068254596
-1.572947e-07,-0.0068247415
-1.571947e-07,-0.0068369485
-1.570947e-07,-0.0068520278
-1.569947e-07,-0.0068599265
-1.568947e-07,-0.0068534639
-1.567947e-07,-0.0068362305
-1.566947e-07,-0.0068154067
-1.565947e-07,-0.0068024816
-1.564947e-07,-0.0068017636
-1.563947e-07,-0.0068103803
-1.562947e-07,-0.0068175609
-1.561947e-07,-0.0068139706
-1.560947e-07,-0.0067960191
-1.559947e-07,-0.0067694508
-1.558947e-07,-0.0067450368
-1.557947e-07,-0.0067335478
-1.556947e-07,-0.0067392923
-1.555947e-07,-0.0067565257
-1.554947e-07,-0.0067737592
-1.553947e-07,-0.0067795037
-1.552947e-07,-0.0067701689
-1.551947e-07,-0.0067514993
-1.550947e-07,-0.006735702
-1.549947e-07,-0.0067335478
-1.548947e-07,-0.0067493451
-1.547947e-07,-0.0067759134
-1.546947e-07,-0.0068017636
-1.545947e-07,-0.0068139706
-1.544947e-07,-0.00680679
-1.543947e-07,-0.0067852482
-1.542947e-07,-0.0067608341
-1.541947e-07,-0.0067450368
-1.540947e-07,-0.0067428826
-1.539947e-07,-0.0067500632
-1.538947e-07,-0.0067572438
-1.537947e-07,-0.0067565257
-1.536947e-07,-0.0067457548
-1.535947e-07,-0.0067313936
-1.534947e-07,-0.0067249311
-1.533947e-07,-0.0067335478
-1.532947e-07,-0.0067572438
-1.531947e-07,-0.0067859662
-1.530947e-07,-0.0068046358
-1.529947e-07,-0.0068024816
-1.528947e-07,-0.0067795037
-1.527947e-07,-0.0067464729
-1.526947e-07,-0.0067191866
-1.525947e-07,-0.0067105699
-1.524947e-07,-0.0067227769
-1.523947e-07,-0.0067457548
-1.522947e-07,-0.0067615522
-1.521947e-07,-0.0067565257
-1.520947e-07,-0.0067285214
-1.519947e-07,-0.00668831
-1.518947e-07,-0.0066538431
-1.517947e-07,-0.006641636
-1.516947e-07,-0.0066567153
-1.515947e-07,-0.006689028
-1.514947e-07,-0.0067206227
-1.513947e-07,-0.0067335478
-1.512947e-07,-0.0067213408
-1.511947e-07,-0.0066904642
-1.510947e-07,-0.0066581514
-1.509947e-07,-0.006641636
-1.508947e-07,-0.0066480986
-1.507947e-07,-0.0066725126
-1.506947e-07,-0.0066983628
-1.505947e-07,-0.0067105699
-1.504947e-07,-0.0067019531
-1.503947e-07,-0.0066775391
-1.502947e-07,-0.0066524069
-1.501947e-07,-0.006641636
-1.500947e-07,-0.0066524069
-1.499947e-07,-0.0066789752
-1.498947e-07,-0.0067076976
-1.497947e-07,-0.0067220588
-1.496947e-07,-0.0067170324
-1.495947e-07,-0.0066983628
-1.494947e-07,-0.0066796932
-1.493947e-07,-0.0066761029
-1.492947e-07,-0.0066926183
-1.491947e-07,-0.0067213408
-1.490947e-07,-0.006747909
-1.489947e-07,-0.0067565257
-1.488947e-07,-0.0067407284
-1.487947e-07,-0.0067091337
-1.486947e-07,-0.0066782571
-1.485947e-07,-0.006664614
-1.484947e-07,-0.006676821
-1.483947e-07,-0.0067091337
-1.482947e-07,-0.0067457548
-1.481947e-07,-0.0067680147
-1.480947e-07,-0.0067680147
-1.479947e-07,-0.0067500632
-1.478947e-07,-0.0067292394
-1.477947e-07,-0.0067220588
-1.476947e-07,-0.0067371381
-1.475947e-07,-0.0067708869
-1.474947e-07,-0.0068060719
-1.473947e-07,-0.0068254596
-1.472947e-07,-0.0068197151
-1.471947e-07,-0.0067917107
-1.470947e-07,-0.0067565257
-1.469947e-07,-0.0067335478
-1.468947e-07,-0.006735702
-1.467947e-07,-0.0067622702
-1.466947e-07,-0.0068017636
-1.465947e-07,-0.0068369485
-1.464947e-07,-0.0068549
-1.463947e-07,-0.0068534639
-1.462947e-07,-0.0068398208
-1.461947e-07,-0.0068254596
-1.460947e-07,-0.0068211512
-1.459947e-07,-0.0068283318
-1.458947e-07,-0.0068405388
-1.457947e-07,-0.0068484375
-1.456947e-07,-0.0068455653
-1.455947e-07,-0.0068326402
-1.454947e-07,-0.006818997
-1.453947e-07,-0.0068139706
-1.452947e-07,-0.0068225873
-1.451947e-07,-0.0068434111
-1.450947e-07,-0.0068671071
-1.449947e-07,-0.0068829044
-1.448947e-07,-0.0068850586
-1.447947e-07,-0.0068742877
-1.446947e-07,-0.0068592084
-1.445947e-07,-0.0068484375
-1.444947e-07,-0.0068470014
-1.443947e-07,-0.0068534639
-1.442947e-07,-0.0068599265
-1.441947e-07,-0.0068599265
-1.440947e-07,-0.0068513097
-1.439947e-07,-0.0068383847
-1.438947e-07,-0.006831204
-1.437947e-07,-0.0068369485
-1.436947e-07,-0.0068563362
-1.435947e-07,-0.0068836225
-1.434947e-07,-0.0069073185
-1.433947e-07,-0.0069173713
-1.432947e-07,-0.0069123449
-1.431947e-07,-0.0068979837
-1.430947e-07,-0.0068850586
-1.429947e-07,-0.0068829044
-1.428947e-07,-0.0068929573
-1.427947e-07,-0.0069073185
-1.426947e-07,-0.0069144991
-1.425947e-07,-0.0069058824
-1.424947e-07,-0.0068807502
-1.423947e-07,-0.0068505917
-1.422947e-07,-0.0068319221
-1.421947e-07,-0.0068369485
-1.420947e-07,-0.0068692613
-1.419947e-07,-0.0069188074
-1.418947e-07,-0.0069676356
-1.417947e-07,-0.0069977941
-1.416947e-07,-0.0070021025
-1.415947e-07,-0.0069855871
-1.414947e-07,-0.0069633272
-1.413947e-07,-0.0069518382
-1.412947e-07,-0.0069597369
-1.411947e-07,-0.006984869
-1.410947e-07,-0.0070135915
-1.409947e-07,-0.007032261
-1.408947e-07,-0.0070308249
-1.407947e-07,-0.0070128734
-1.406947e-07,-0.0069891774
-1.405947e-07,-0.0069748162
-1.404947e-07,-0.0069798426
-1.403947e-07,-0.0070042567
-1.402947e-07,-0.0070372875
-1.401947e-07,-0.0070667279
-1.400947e-07,-0.0070825253
-1.399947e-07,-0.0070846795
-1.398947e-07,-0.007079653
-1.397947e-07,-0.0070782169
-1.396947e-07,-0.0070868336
-1.395947e-07,-0.0071055032
-1.394947e-07,-0.0071248909
-1.393947e-07,-0.0071356618
-1.392947e-07,-0.0071320715
-1.391947e-07,-0.0071162741
-1.390947e-07,-0.0070983226
-1.389947e-07,-0.0070897059
-1.388947e-07,-0.0070968865
-1.387947e-07,-0.0071191464
-1.386947e-07,-0.0071471507
-1.385947e-07,-0.0071701287
-1.384947e-07,-0.0071787454
-1.383947e-07,-0.0071708467
-1.382947e-07,-0.0071536133
-1.381947e-07,-0.0071356618
-1.380947e-07,-0.0071248909
-1.379947e-07,-0.0071234547
-1.378947e-07,-0.0071284812
-1.377947e-07,-0.0071356618
-1.376947e-07,-0.0071414062
-1.375947e-07,-0.0071449966
-1.374947e-07,-0.007150023
-1.373947e-07,-0.0071586397
-1.372947e-07,-0.0071694106
-1.371947e-07,-0.0071773093
-1.370947e-07,-0.0071751551
-1.369947e-07,-0.0071586397
-1.368947e-07,-0.0071306353
-1.367947e-07,-0.0070983226
-1.366947e-07,-0.0070746266
-1.365947e-07,-0.0070667279
-1.364947e-07,-0.0070760627
-1.363947e-07,-0.0070940142
-1.362947e-07,-0.0071098116
-1.361947e-07,-0.0071126838
-1.360947e-07,-0.0070990407
-1.359947e-07,-0.0070753447
-1.358947e-07,-0.0070530848
-1.357947e-07,-0.00704375
-1.356947e-07,-0.0070516487
-1.355947e-07,-0.0070710363
-1.354947e-07,-0.0070918601
-1.353947e-07,-0.0071011949
-1.352947e-07,-0.0070932962
-1.351947e-07,-0.0070724724
-1.350947e-07,-0.0070480584
-1.349947e-07,-0.007032261
-1.348947e-07,-0.007032261
-1.347947e-07,-0.0070480584
-1.346947e-07,-0.0070703182
-1.345947e-07,-0.0070897059
-1.344947e-07,-0.0070997587
-1.343947e-07,-0.0070997587
-1.342947e-07,-0.0070947323
-1.341947e-07,-0.0070897059
-1.340947e-07,-0.0070882698
-1.339947e-07,-0.0070875517
-1.338947e-07,-0.0070818072
-1.337947e-07,-0.0070667279
-1.336947e-07,-0.0070430319
-1.335947e-07,-0.0070171818
-1.334947e-07,-0.0069999483
-1.333947e-07,-0.0069977941
-1.332947e-07,-0.0070128734
-1.331947e-07,-0.0070387236
-1.330947e-07,-0.0070638557
-1.329947e-07,-0.0070782169
-1.328947e-07,-0.0070782169
-1.327947e-07,-0.007067446
-1.326947e-07,-0.0070566751
-1.325947e-07,-0.007055239
-1.324947e-07,-0.0070660099
-1.323947e-07,-0.0070839614
-1.322947e-07,-0.0070990407
-1.321947e-07,-0.0071011949
-1.320947e-07,-0.0070868336
-1.319947e-07,-0.0070617015
-1.318947e-07,-0.0070358513
-1.317947e-07,-0.0070207721
-1.316947e-07,-0.0070214901
-1.315947e-07,-0.0070344152
-1.314947e-07,-0.0070487764
-1.313947e-07,-0.007055239
-1.312947e-07,-0.0070473403
-1.311947e-07,-0.0070286707
-1.310947e-07,-0.007008565
-1.309947e-07,-0.0069977941
-1.308947e-07,-0.0070021025
-1.307947e-07,-0.007020054
-1.306947e-07,-0.0070408778
-1.305947e-07,-0.007055239
-1.304947e-07,-0.0070566751
-1.303947e-07,-0.0070480584
-1.302947e-07,-0.0070365694
-1.301947e-07,-0.007032261
-1.300947e-07,-0.0070408778
-1.299947e-07,-0.0070595473
-1.298947e-07,-0.007078935
-1.297947e-07,-0.0070897059
-1.296947e-07,-0.0070853975
-1.295947e-07,-0.007067446
-1.294947e-07,-0.0070459042
-1.293947e-07,-0.007032261
-1.292947e-07,-0.0070336972
-1.291947e-07,-0.0070516487
-1.290947e-07,-0.0070774989
-1.289947e-07,-0.0071011949
-1.288947e-07,-0.0071134019
-1.287947e-07,-0.0071119658
-1.286947e-07,-0.0071011949
-1.285947e-07,-0.0070897059
-1.284947e-07,-0.0070861156
-1.283947e-07,-0.0070925781
-1.282947e-07,-0.0071076574
-1.281947e-07,-0.0071241728
-1.280947e-07,-0.0071370979
-1.279947e-07,-0.0071442785
-1.278947e-07,-0.0071457146
-1.277947e-07,-0.0071471507
-1.276947e-07,-0.007150023
-1.275947e-07,-0.0071550494
-1.274947e-07,-0.0071586397
-1.273947e-07,-0.0071586397
-1.272947e-07,-0.0071536133
-1.271947e-07,-0.0071449966
-1.270947e-07,-0.0071378159
-1.269947e-07,-0.0071356618
-1.268947e-07,-0.0071399701
-1.267947e-07,-0.0071464327
-1.266947e-07,-0.007150741
-1.265947e-07,-0.0071471507
-1.264947e-07,-0.0071356618
-1.263947e-07,-0.0071205825
-1.262947e-07,-0.0071105296
-1.261947e-07,-0.0071126838
-1.260947e-07,-0.0071291992
-1.259947e-07,-0.0071572036
-1.258947e-07,-0.007185208
-1.257947e-07,-0.0072045956
-1.256947e-07,-0.0072081859
-1.255947e-07,-0.0071966969
-1.254947e-07,-0.0071765912
-1.253947e-07,-0.0071586397
-1.252947e-07,-0.007150741
-1.251947e-07,-0.0071557675
-1.250947e-07,-0.0071722829
-1.249947e-07,-0.0071931066
-1.248947e-07,-0.0072117762
-1.247947e-07,-0.0072232652
-1.246947e-07,-0.0072282916
-1.245947e-07,-0.0072275735
-1.244947e-07,-0.0072239832
-1.243947e-07,-0.0072189568
-1.242947e-07,-0.0072124943
-1.241947e-07,-0.0072045956
-1.240947e-07,-0.0071959789
-1.239947e-07,-0.0071887983
-1.238947e-07,-0.0071873621
-1.237947e-07,-0.0071931066
-1.236947e-07,-0.0072060317
-1.235947e-07,-0.007221111
-1.234947e-07,-0.0072340361
-1.233947e-07,-0.0072390625
-1.232947e-07,-0.0072354722
-1.231947e-07,-0.0072268555
-1.230947e-07,-0.0072182387
-1.229947e-07,-0.0072160846
-1.228947e-07,-0.0072225471
-1.227947e-07,-0.0072376264
-1.226947e-07,-0.0072555779
-1.225947e-07,-0.0072735294
-1.224947e-07,-0.0072871726
-1.223947e-07,-0.0072972254
-1.222947e-07,-0.007303688
-1.221947e-07,-0.0073079963
-1.220947e-07,-0.0073101505
-1.219947e-07,-0.0073079963
-1.218947e-07,-0.0072993796
-1.217947e-07,-0.0072850184
-1.216947e-07,-0.007268503
-1.215947e-07,-0.007256296
-1.214947e-07,-0.0072534237
-1.213947e-07,-0.0072620404
-1.212947e-07,-0.0072785558
-1.211947e-07,-0.0072943532
-1.210947e-07,-0.0073022518
-1.209947e-07,-0.0072965074
-1.208947e-07,-0.0072785558
-1.207947e-07,-0.0072555779
-1.206947e-07,-0.0072361903
-1.205947e-07,-0.0072275735
-1.204947e-07,-0.0072311638
-1.203947e-07,-0.0072412167
-1.202947e-07,-0.0072498334
-1.201947e-07,-0.0072505515
-1.200947e-07,-0.0072419347
-1.199947e-07,-0.0072290097
-1.198947e-07,-0.0072189568
-1.197947e-07,-0.0072160846
-1.196947e-07,-0.007221111
-1.195947e-07,-0.0072290097
-1.194947e-07,-0.0072290097
-1.193947e-07,-0.0072160846
-1.192947e-07,-0.0071887983
-1.191947e-07,-0.0071543313
-1.190947e-07,-0.0071220186
-1.189947e-07,-0.0071011949
-1.188947e-07,-0.0070954504
-1.187947e-07,-0.0070990407
-1.186947e-07,-0.0071040671
-1.185947e-07,-0.0071011949
-1.184947e-07,-0.0070875517
-1.183947e-07,-0.007067446
-1.182947e-07,-0.0070502125
-1.181947e-07,-0.00704375
-1.180947e-07,-0.0070516487
-1.179947e-07,-0.0070688821
-1.178947e-07,-0.0070846795
-1.177947e-07,-0.0070897059
-1.176947e-07,-0.0070782169
-1.175947e-07,-0.0070545209
-1.174947e-07,-0.0070272346
-1.173947e-07,-0.0070092831
-1.172947e-07,-0.007007847
-1.171947e-07,-0.0070222082
-1.170947e-07,-0.0070451861
-1.169947e-07,-0.0070667279
-1.168947e-07,-0.007079653
-1.167947e-07,-0.0070832433
-1.166947e-07,-0.0070832433
-1.165947e-07,-0.0070897059
-1.164947e-07,-0.0071076574
-1.163947e-07,-0.0071363798
-1.162947e-07,-0.0071686926
-1.161947e-07,-0.0071931066
-1.160947e-07,-0.0072010053
-1.159947e-07,-0.0071895163
-1.158947e-07,-0.0071643842
-1.157947e-07,-0.0071356618
-1.156947e-07,-0.007114838
-1.155947e-07,-0.0071083755
-1.154947e-07,-0.0071169922
-1.153947e-07,-0.0071356618
-1.152947e-07,-0.0071564855
-1.151947e-07,-0.0071722829
-1.150947e-07,-0.0071801815
-1.149947e-07,-0.0071816176
-1.148947e-07,-0.0071794635
-1.147947e-07,-0.0071758732
-1.146947e-07,-0.0071730009
-1.145947e-07,-0.0071701287
-1.144947e-07,-0.0071665384
-1.143947e-07,-0.0071615119
-1.142947e-07,-0.0071550494
-1.141947e-07,-0.0071471507
-1.140947e-07,-0.0071392521
-1.139947e-07,-0.0071306353
-1.138947e-07,-0.0071213006
-1.137947e-07,-0.0071126838
-1.136947e-07,-0.0071069393
-1.135947e-07,-0.0071076574
-1.134947e-07,-0.0071177102
-1.133947e-07,-0.0071356618
-1.132947e-07,-0.0071586397
-1.131947e-07,-0.0071808996
-1.130947e-07,-0.0071938247
-1.129947e-07,-0.0071931066
-1.128947e-07,-0.0071787454
-1.127947e-07,-0.0071557675
-1.126947e-07,-0.0071313534
-1.125947e-07,-0.0071126838
-1.124947e-07,-0.007103349
-1.123947e-07,-0.007102631
-1.122947e-07,-0.0071069393
-1.121947e-07,-0.0071126838
-1.120947e-07,-0.0071162741
-1.119947e-07,-0.0071184283
-1.118947e-07,-0.0071205825
-1.117947e-07,-0.0071241728
-1.116947e-07,-0.0071284812
-1.115947e-07,-0.0071320715
-1.114947e-07,-0.0071306353
-1.113947e-07,-0.0071241728
-1.112947e-07,-0.0071134019
-1.111947e-07,-0.007103349
-1.110947e-07,-0.0070983226
-1.109947e-07,-0.0071011949
-1.108947e-07,-0.0071098116
-1.107947e-07,-0.0071177102
-1.106947e-07,-0.0071205825
-1.105947e-07,-0.0071126838
-1.104947e-07,-0.0070961684
-1.103947e-07,-0.0070767808
-1.102947e-07,-0.0070617015
-1.101947e-07,-0.007055239
-1.100947e-07,-0.0070573932
-1.099947e-07,-0.0070624196
-1.098947e-07,-0.0070631376
-1.097947e-07,-0.007055239
-1.096947e-07,-0.0070380055
-1.095947e-07,-0.0070178998
-1.094947e-07,-0.0070028205
-1.093947e-07,-0.0069977941
-1.092947e-07,-0.0070035386
-1.091947e-07,-0.0070150276
-1.090947e-07,-0.0070229262
-1.089947e-07,-0.0070207721
-1.088947e-07,-0.0070071289
-1.087947e-07,-0.0069877413
-1.086947e-07,-0.0069705078
-1.085947e-07,-0.0069633272
-1.084947e-07,-0.0069683536
-1.083947e-07,-0.0069812787
-1.082947e-07,-0.0069934858
-1.081947e-07,-0.0069977941
-1.080947e-07,-0.0069913316
-1.079947e-07,-0.0069762523
-1.078947e-07,-0.006961173
-1.077947e-07,-0.0069518382
-1.076947e-07,-0.0069511202
-1.075947e-07,-0.0069547105
-1.074947e-07,-0.0069568647
-1.073947e-07,-0.0069518382
-1.072947e-07,-0.0069381951
-1.071947e-07,-0.0069223977
-1.070947e-07,-0.006913063
-1.069947e-07,-0.0069173713
-1.068947e-07,-0.0069381951
-1.067947e-07,-0.0069690717
-1.066947e-07,-0.0069999483
-1.065947e-07,-0.0070207721
-1.064947e-07,-0.0070257985
-1.063947e-07,-0.0070157456
-1.062947e-07,-0.0069999483
-1.061947e-07,-0.0069863051
-1.060947e-07,-0.0069798426
-1.059947e-07,-0.0069812787
-1.058947e-07,-0.0069855871
-1.057947e-07,-0.0069863051
-1.056947e-07,-0.0069819968
-1.055947e-07,-0.0069748162
-1.054947e-07,-0.0069705078
-1.053947e-07,-0.0069748162
-1.052947e-07,-0.0069891774
-1.051947e-07,-0.007008565
-1.050947e-07,-0.0070250804
-1.049947e-07,-0.007032261
-1.048947e-07,-0.0070279527
-1.047947e-07,-0.0070164637
-1.046947e-07,-0.007007847
-1.045947e-07,-0.0070092831
-1.044947e-07,-0.0070250804
-1.043947e-07,-0.0070523667
-1.042947e-07,-0.0070803711
-1.041947e-07,-0.0071011949
-1.040947e-07,-0.0071083755
-1.039947e-07,-0.0071019129
-1.038947e-07,-0.0070897059
-1.037947e-07,-0.0070782169
-1.036947e-07,-0.0070731905
-1.035947e-07,-0.0070739085
-1.034947e-07,-0.0070774989
-1.033947e-07,-0.0070782169
-1.032947e-07,-0.0070746266
-1.031947e-07,-0.0070681641
-1.030947e-07,-0.0070638557
-1.029947e-07,-0.0070667279
-1.028947e-07,-0.0070760627
-1.027947e-07,-0.0070875517
-1.026947e-07,-0.0070940142
-1.025947e-07,-0.0070897059
-1.024947e-07,-0.0070753447
-1.023947e-07,-0.0070566751
-1.022947e-07,-0.00704375
-1.021947e-07,-0.00704375
-1.020947e-07,-0.0070581112
-1.019947e-07,-0.0070810892
-1.018947e-07,-0.007102631
-1.017947e-07,-0.0071126838
-1.016947e-07,-0.0071076574
-1.015947e-07,-0.0070897059
-1.014947e-07,-0.0070696002
-1.013947e-07,-0.007055239
-1.012947e-07,-0.0070509306
-1.011947e-07,-0.007055239
-1.010947e-07,-0.0070588293
-1.009947e-07,-0.007055239
-1.008947e-07,-0.0070401597
-1.007947e-07,-0.0070178998
-1.006947e-07,-0.006996358
-1.005947e-07,-0.0069863051
-1.004947e-07,-0.0069920496
-1.003947e-07,-0.0070107192
-1.002947e-07,-0.0070351333
-1.001947e-07,-0.007055239
-1.000947e-07,-0.0070645738
-9.999473e-08,-0.0070617015
-9.989473e-08,-0.0070523667
-9.979473e-08,-0.00704375
-9.969473e-08,-0.0070401597
-9.959473e-08,-0.0070408778
-9.949473e-08,-0.00704375
-9.939473e-08,-0.00704375
-9.929473e-08,-0.0070394416
-9.919473e-08,-0.0070329791
-9.909473e-08,-0.0070293888
-9.899473e-08,-0.007032261
-9.889473e-08,-0.0070415958
-9.879473e-08,-0.0070516487
-9.869473e-08,-0.0070545209
-9.859473e-08,-0.00704375
-9.849473e-08,-0.0070193359
-9.839473e-08,-0.0069870232
-9.829473e-08,-0.0069583008
-9.819473e-08,-0.0069403493
-9.809473e-08,-0.0069381951
-9.799473e-08,-0.0069475299
-9.789473e-08,-0.0069590188
-9.779473e-08,-0.0069633272
-9.769473e-08,-0.0069561466
-9.759473e-08,-0.0069389131
-9.749473e-08,-0.0069195255
-9.739473e-08,-0.0069058824
-9.729473e-08,-0.006902292
-9.719473e-08,-0.0069073185
-9.709473e-08,-0.0069144991
-9.699473e-08,-0.0069173713
-9.689473e-08,-0.0069116268
-9.679473e-08,-0.0069001379
-9.669473e-08,-0.0068879308
-9.659473e-08,-0.0068829044
-9.649473e-08,-0.0068864947
-9.639473e-08,-0.0068958295
-9.629473e-08,-0.0069044462
-9.619473e-08,-0.0069058824
-9.609473e-08,-0.0068979837
-9.599473e-08,-0.0068843405
-9.589473e-08,-0.0068728516
-9.579473e-08,-0.0068714154
-9.569473e-08,-0.0068814683
-9.559473e-08,-0.0069001379
-9.549473e-08,-0.0069188074
-9.539473e-08,-0.0069288603
-9.529473e-08,-0.0069281422
-9.519473e-08,-0.0069188074
-9.509473e-08,-0.0069087546
-9.499473e-08,-0.0069058824
-9.489473e-08,-0.006913781
-9.479473e-08,-0.0069288603
-9.469473e-08,-0.0069439396
-9.459473e-08,-0.0069518382
-9.449473e-08,-0.0069482479
-9.439473e-08,-0.0069360409
-9.429473e-08,-0.0069231158
-9.419473e-08,-0.0069173713
-9.409473e-08,-0.0069231158
-9.399473e-08,-0.0069389131
-9.389473e-08,-0.0069583008
-9.379473e-08,-0.0069748162
-9.369473e-08,-0.006984151
-9.359473e-08,-0.0069884593
-9.349473e-08,-0.0069913316
-9.339473e-08,-0.0069977941
-9.329473e-08,-0.0070092831
-9.319473e-08,-0.0070222082
-9.309473e-08,-0.007031543
-9.299473e-08,-0.007032261
-9.289473e-08,-0.0070243624
-9.279473e-08,-0.0070135915
-9.269473e-08,-0.0070071289
-9.259473e-08,-0.0070092831
-9.249473e-08,-0.0070207721
-9.239473e-08,-0.0070358513
-9.229473e-08,-0.0070459042
-9.219473e-08,-0.00704375
-9.209473e-08,-0.0070301068
-9.199473e-08,-0.0070121553
-9.189473e-08,-0.0069985122
-9.179473e-08,-0.0069977941
-9.169473e-08,-0.0070107192
-9.159473e-08,-0.007031543
-9.149473e-08,-0.0070494945
-9.139473e-08,-0.007055239
-9.129473e-08,-0.0070473403
-9.119473e-08,-0.0070308249
-9.109473e-08,-0.0070150276
-9.099473e-08,-0.0070092831
-9.089473e-08,-0.0070150276
-9.079473e-08,-0.0070272346
-9.069473e-08,-0.0070351333
-9.059473e-08,-0.007032261
-9.049473e-08,-0.0070157456
-9.039473e-08,-0.0069934858
-9.029473e-08,-0.0069769704
-9.019473e-08,-0.0069748162
-9.009473e-08,-0.0069906135
-8.999473e-08,-0.0070178998
-8.989473e-08,-0.0070430319
-8.979473e-08,-0.007055239
-8.969473e-08,-0.0070502125
-8.959473e-08,-0.007032261
-8.949473e-08,-0.0070143095
-8.939473e-08,-0.0070092831
-8.929473e-08,-0.0070236443
-8.919473e-08,-0.0070530848
-8.909473e-08,-0.0070875517
-8.899473e-08,-0.0071126838
-8.889473e-08,-0.0071198644
-8.879473e-08,-0.0071090935
-8.869473e-08,-0.0070882698
-8.859473e-08,-0.0070667279
-8.849473e-08,-0.0070538028
-8.839473e-08,-0.0070509306
-8.829473e-08,-0.0070530848
-8.819473e-08,-0.007055239
-8.809473e-08,-0.0070523667
-8.799473e-08,-0.0070444681
-8.789473e-08,-0.0070358513
-8.779473e-08,-0.007032261
-8.769473e-08,-0.0070344152
-8.759473e-08,-0.0070387236
-8.749473e-08,-0.0070401597
-8.739473e-08,-0.007032261
-8.729473e-08,-0.0070150276
-8.719473e-08,-0.0069927677
-8.709473e-08,-0.0069740981
-8.699473e-08,-0.0069633272
-8.689473e-08,-0.0069618911
-8.679473e-08,-0.0069647633
-8.669473e-08,-0.0069633272
-8.659473e-08,-0.0069518382
-8.649473e-08,-0.0069310145
-8.639473e-08,-0.0069087546
-8.629473e-08,-0.0068936753
-8.619473e-08,-0.0068943934
-8.609473e-08,-0.0069094727
-8.599473e-08,-0.0069295784
-8.589473e-08,-0.0069432215
-8.579473e-08,-0.0069403493
-8.569473e-08,-0.0069195255
-8.559473e-08,-0.0068886489
-8.549473e-08,-0.0068613626
-8.539473e-08,-0.0068484375
-8.529473e-08,-0.0068534639
-8.519473e-08,-0.0068692613
-8.509473e-08,-0.0068836225
-8.499473e-08,-0.0068829044
-8.489473e-08,-0.0068642348
-8.479473e-08,-0.0068340763
-8.469473e-08,-0.0068053539
-8.459473e-08,-0.0067909926
-8.449473e-08,-0.0067974552
-8.439473e-08,-0.0068197151
-8.429473e-08,-0.0068448472
-8.419473e-08,-0.0068599265
-8.409473e-08,-0.0068577723
-8.399473e-08,-0.0068412569
-8.389473e-08,-0.0068225873
-8.379473e-08,-0.0068139706
-8.369473e-08,-0.0068225873
-8.359473e-08,-0.0068470014
-8.349473e-08,-0.0068750057
-8.339473e-08,-0.0068943934
-8.329473e-08,-0.0068965476
-8.319473e-08,-0.0068821864
-8.309473e-08,-0.0068620807
-8.299473e-08,-0.0068484375
-8.289473e-08,-0.0068505917
-8.279473e-08,-0.0068699793
-8.269473e-08,-0.0068994198
-8.259473e-08,-0.0069288603
-8.249473e-08,-0.006948966
-8.239473e-08,-0.0069583008
-8.229473e-08,-0.006960455
-8.219473e-08,-0.0069633272
-8.209473e-08,-0.006972662
-8.199473e-08,-0.0069891774
-8.189473e-08,-0.0070071289
-8.179473e-08,-0.0070207721
-8.169473e-08,-0.0070250804
-8.159473e-08,-0.007020054
-8.149473e-08,-0.0070128734
-8.139473e-08,-0.0070092831
-8.129473e-08,-0.0070135915
-8.119473e-08,-0.0070243624
-8.109473e-08,-0.0070365694
-8.099473e-08,-0.00704375
-8.089473e-08,-0.0070444681
-8.079473e-08,-0.0070401597
-8.069473e-08,-0.0070380055
-8.059473e-08,-0.00704375
-8.049473e-08,-0.0070588293
-8.039473e-08,-0.007078935
-8.029473e-08,-0.0070961684
-8.019473e-08,-0.0071011949
-8.009473e-08,-0.0070925781
-7.999473e-08,-0.0070753447
-7.989473e-08,-0.0070595473
-7.979473e-08,-0.007055239
-7.969473e-08,-0.007067446
-7.959473e-08,-0.0070940142
-7.949473e-08,-0.0071241728
-7.939473e-08,-0.0071471507
-7.929473e-08,-0.0071557675
-7.919473e-08,-0.0071493049
-7.909473e-08,-0.0071356618
-7.899473e-08,-0.0071241728
-7.889473e-08,-0.0071227367
-7.879473e-08,-0.0071335076
-7.869473e-08,-0.0071521772
-7.859473e-08,-0.0071701287
-7.849473e-08,-0.0071816176
-7.839473e-08,-0.007185208
-7.829473e-08,-0.0071830538
-7.819473e-08,-0.0071816176
-7.809473e-08,-0.0071844899
-7.799473e-08,-0.0071916705
-7.789473e-08,-0.0071995692
-7.779473e-08,-0.0072045956
-7.769473e-08,-0.0072024414
-7.759473e-08,-0.0071931066
-7.749473e-08,-0.0071808996
-7.739473e-08,-0.0071701287
-7.729473e-08,-0.0071636661
-7.719473e-08,-0.0071607939
-7.709473e-08,-0.0071600758
-7.699473e-08,-0.0071586397
-7.689473e-08,-0.0071557675
-7.679473e-08,-0.0071550494
-7.669473e-08,-0.0071586397
-7.659473e-08,-0.0071701287
-7.649473e-08,-0.0071873621
-7.639473e-08,-0.0072053136
-7.629473e-08,-0.0072160846
-7.619473e-08,-0.0072160846
-7.609473e-08,-0.0072038775
-7.599473e-08,-0.007185208
-7.589473e-08,-0.0071679745
-7.579473e-08,-0.0071586397
-7.569473e-08,-0.0071586397
-7.559473e-08,-0.0071651023
-7.549473e-08,-0.0071708467
-7.539473e-08,-0.0071701287
-7.529473e-08,-0.0071607939
-7.519473e-08,-0.0071464327
-7.509473e-08,-0.0071327895
-7.499473e-08,-0.0071241728
-7.489473e-08,-0.0071220186
-7.479473e-08,-0.0071227367
-7.469473e-08,-0.0071205825
-7.459473e-08,-0.0071126838
-7.449473e-08,-0.0070990407
-7.439473e-08,-0.0070853975
-7.429473e-08,-0.0070774989
-7.419473e-08,-0.0070782169
-7.409473e-08,-0.0070861156
-7.399473e-08,-0.0070932962
-7.389473e-08,-0.0070918601
-7.379473e-08,-0.0070782169
-7.369473e-08,-0.0070545209
-7.359473e-08,-0.0070301068
-7.349473e-08,-0.0070164637
-7.339473e-08,-0.0070207721
-7.329473e-08,-0.0070408778
-7.319473e-08,-0.007067446
-7.309473e-08,-0.0070868336
-7.299473e-08,-0.0070897059
-7.289473e-08,-0.0070746266
-7.279473e-08,-0.0070480584
-7.269473e-08,-0.0070229262
-7.259473e-08,-0.0070092831
-7.249473e-08,-0.0070092831
-7.239473e-08,-0.0070178998
-7.229473e-08,-0.0070243624
-7.219473e-08,-0.0070207721
-7.209473e-08,-0.0070056928
-7.199473e-08,-0.0069863051
-7.189473e-08,-0.0069733801
-7.179473e-08,-0.0069748162
-7.169473e-08,-0.0069913316
-7.159473e-08,-0.0070150276
-7.149473e-08,-0.007031543
-7.139473e-08,-0.007032261
-7.129473e-08,-0.0070143095
-7.119473e-08,-0.0069870232
-7.109473e-08,-0.0069618911
-7.099473e-08,-0.0069518382
-7.089473e-08,-0.0069590188
-7.079473e-08,-0.0069776884
-7.069473e-08,-0.0069942038
-7.059473e-08,-0.0069977941
-7.049473e-08,-0.006984869
-7.039473e-08,-0.006961173
-7.029473e-08,-0.0069396312
-7.019473e-08,-0.0069288603
-7.009473e-08,-0.0069324506
-6.999473e-08,-0.0069439396
-6.989473e-08,-0.0069496841
-6.979473e-08,-0.0069403493
-6.969473e-08,-0.006913063
-6.959473e-08,-0.0068757238
-6.949473e-08,-0.006841975
-6.939473e-08,-0.0068254596
-6.929473e-08,-0.0068290499
-6.919473e-08,-0.0068470014
-6.909473e-08,-0.006865671
-6.899473e-08,-0.0068714154
-6.889473e-08,-0.0068606445
-6.879473e-08,-0.0068398208
-6.869473e-08,-0.0068197151
-6.859473e-08,-0.0068139706
-6.849473e-08,-0.0068247415
-6.839473e-08,-0.0068470014
-6.829473e-08,-0.006866389
-6.819473e-08,-0.0068714154
-6.809473e-08,-0.0068592084
-6.799473e-08,-0.0068369485
-6.789473e-08,-0.0068175609
-6.779473e-08,-0.0068139706
-6.769473e-08,-0.0068283318
-6.759473e-08,-0.0068527459
-6.749473e-08,-0.0068721335
-6.739473e-08,-0.0068714154
-6.729473e-08,-0.0068484375
-6.719473e-08,-0.0068110983
-6.709473e-08,-0.0067787856
-6.699473e-08,-0.0067680147
-6.689473e-08,-0.0067859662
-6.679473e-08,-0.0068254596
-6.669473e-08,-0.0068685432
-6.659473e-08,-0.0068943934
-6.649473e-08,-0.0068922392
-6.639473e-08,-0.006865671
-6.629473e-08,-0.0068290499
-6.619473e-08,-0.0068024816
-6.609473e-08,-0.0067996094
-6.599473e-08,-0.0068211512
-6.589473e-08,-0.0068549
-6.579473e-08,-0.0068829044
-6.569473e-08,-0.0068922392
-6.559473e-08,-0.006878596
-6.549473e-08,-0.0068513097
-6.539473e-08,-0.0068254596
-6.529473e-08,-0.0068139706
-6.519473e-08,-0.0068225873
-6.509473e-08,-0.0068455653
-6.499473e-08,-0.0068714154
-6.489473e-08,-0.006889367
-6.479473e-08,-0.0068943934
-6.469473e-08,-0.006889367
-6.459473e-08,-0.0068829044
-6.449473e-08,-0.0068807502
-6.439473e-08,-0.0068857767
-6.429473e-08,-0.0068929573
-6.419473e-08,-0.0068943934
-6.409473e-08,-0.0068857767
-6.399473e-08,-0.0068685432
-6.389473e-08,-0.0068484375
-6.379473e-08,-0.0068369485
-6.369473e-08,-0.0068405388
-6.359473e-08,-0.0068599265
-6.349473e-08,-0.006889367
-6.339473e-08,-0.0069173713
-6.329473e-08,-0.0069360409
-6.319473e-08,-0.0069417854
-6.309473e-08,-0.006936759
-6.299473e-08,-0.0069288603
-6.289473e-08,-0.0069245519
-6.279473e-08,-0.0069259881
-6.269473e-08,-0.0069331687
-6.259473e-08,-0.0069403493
-6.249473e-08,-0.0069446576
-6.239473e-08,-0.0069439396
-6.229473e-08,-0.0069410673
-6.219473e-08,-0.0069403493
-6.209473e-08,-0.0069439396
-6.199473e-08,-0.0069525563
-6.189473e-08,-0.0069640453
-6.179473e-08,-0.0069748162
-6.169473e-08,-0.006984151
-6.159473e-08,-0.0069913316
-6.149473e-08,-0.0069992302
-6.139473e-08,-0.0070092831
-6.129473e-08,-0.0070193359
-6.119473e-08,-0.0070265165
-6.109473e-08,-0.0070272346
-6.099473e-08,-0.0070207721
-6.089473e-08,-0.0070100011
-6.079473e-08,-0.0070028205
-6.069473e-08,-0.0070049747
-6.059473e-08,-0.0070207721
-6.049473e-08,-0.0070473403
-6.039473e-08,-0.0070753447
-6.029473e-08,-0.0070954504
-6.019473e-08,-0.0071011949
-6.009473e-08,-0.0070925781
-5.999473e-08,-0.0070767808
-5.989473e-08,-0.0070660099
-5.979473e-08,-0.0070667279
-5.969473e-08,-0.0070810892
-5.959473e-08,-0.007102631
-5.949473e-08,-0.0071198644
-5.939473e-08,-0.0071241728
-5.929473e-08,-0.0071134019
-5.919473e-08,-0.0070947323
-5.909473e-08,-0.007078935
-5.899473e-08,-0.0070782169
-5.889473e-08,-0.0070961684
-5.879473e-08,-0.0071277631
-5.869473e-08,-0.0071607939
-5.859473e-08,-0.0071816176
-5.849473e-08,-0.0071808996
-5.839473e-08,-0.0071593578
-5.829473e-08,-0.0071248909
-5.819473e-08,-0.0070897059
-5.809473e-08,-0.0070631376
-5.799473e-08,-0.0070480584
-5.789473e-08,-0.00704375
-5.779473e-08,-0.00704375
-5.769473e-08,-0.0070430319
-5.759473e-08,-0.0070415958
-5.749473e-08,-0.0070401597
-5.739473e-08,-0.00704375
-5.729473e-08,-0.0070523667
-5.719473e-08,-0.0070624196
-5.709473e-08,-0.0070688821
-5.699473e-08,-0.0070667279
-5.689473e-08,-0.0070538028
-5.679473e-08,-0.0070351333
-5.669473e-08,-0.0070178998
-5.659473e-08,-0.0070092831
-5.649473e-08,-0.0070128734
-5.639473e-08,-0.0070265165
-5.629473e-08,-0.0070430319
-5.619473e-08,-0.007055239
-5.609473e-08,-0.0070595473
-5.599473e-08,-0.0070566751
-5.589473e-08,-0.0070530848
-5.579473e-08,-0.007055239
-5.569473e-08,-0.0070645738
-5.559473e-08,-0.007079653
-5.549473e-08,-0.0070940142
-5.539473e-08,-0.0071011949
-5.529473e-08,-0.0070990407
-5.519473e-08,-0.0070904239
-5.509473e-08,-0.0070810892
-5.499473e-08,-0.0070782169
-5.489473e-08,-0.0070839614
-5.479473e-08,-0.0070968865
-5.469473e-08,-0.0071083755
-5.459473e-08,-0.0071126838
-5.449473e-08,-0.0071069393
-5.439473e-08,-0.0070932962
-5.429473e-08,-0.0070774989
-5.419473e-08,-0.0070667279
-5.409473e-08,-0.0070638557
-5.399473e-08,-0.0070667279
-5.389473e-08,-0.0070696002
-5.379473e-08,-0.0070667279
-5.369473e-08,-0.007055957
-5.359473e-08,-0.0070387236
-5.349473e-08,-0.0070214901
-5.339473e-08,-0.0070092831
-5.329473e-08,-0.0070042567
-5.319473e-08,-0.0070042567
-5.309473e-08,-0.0070035386
-5.299473e-08,-0.0069977941
-5.289473e-08,-0.0069870232
-5.279473e-08,-0.0069748162
-5.269473e-08,-0.0069690717
-5.259473e-08,-0.0069748162
-5.249473e-08,-0.0069913316
-5.239473e-08,-0.0070128734
-5.229473e-08,-0.0070293888
-5.219473e-08,-0.007032261
-5.209473e-08,-0.0070193359
-5.199473e-08,-0.0069956399
-5.189473e-08,-0.0069697898
-5.179473e-08,-0.0069518382
-5.169473e-08,-0.0069468118
-5.159473e-08,-0.0069532744
-5.149473e-08,-0.0069647633
-5.139473e-08,-0.0069748162
-5.129473e-08,-0.0069791245
-5.119473e-08,-0.0069798426
-5.109473e-08,-0.0069805607
-5.099473e-08,-0.0069863051
-5.089473e-08,-0.0069977941
-5.079473e-08,-0.0070114373
-5.069473e-08,-0.0070207721
-5.059473e-08,-0.0070207721
-5.049473e-08,-0.0070114373
-5.039473e-08,-0.0069992302
-5.029473e-08,-0.0069927677
-5.019473e-08,-0.0069977941
-5.009473e-08,-0.0070150276
-4.999473e-08,-0.0070387236
-4.989473e-08,-0.0070588293
-4.979473e-08,-0.0070667279
-4.969473e-08,-0.0070617015
-4.959473e-08,-0.0070494945
-4.949473e-08,-0.0070401597
-4.939473e-08,-0.00704375
-4.929473e-08,-0.0070624196
-4.919473e-08,-0.0070904239
-4.909473e-08,-0.0071184283
-4.899473e-08,-0.0071356618
-4.889473e-08,-0.0071370979
-4.879473e-08,-0.0071277631
-4.869473e-08,-0.0071162741
-4.859473e-08,-0.0071126838
-4.849473e-08,-0.0071227367
-4.839473e-08,-0.0071435604
-4.829473e-08,-0.0071665384
-4.819473e-08,-0.0071816176
-4.809473e-08,-0.0071830538
-4.799473e-08,-0.0071722829
-4.789473e-08,-0.0071572036
-4.779473e-08,-0.0071471507
-4.769473e-08,-0.0071478688
-4.759473e-08,-0.0071600758
-4.749473e-08,-0.0071773093
-4.739473e-08,-0.0071931066
-4.729473e-08,-0.0072017233
-4.719473e-08,-0.0072024414
-4.709473e-08,-0.0071988511
-4.699473e-08,-0.0071931066
-4.689473e-08,-0.0071880802
-4.679473e-08,-0.0071823357
-4.669473e-08,-0.0071730009
-4.659473e-08,-0.0071586397
-4.649473e-08,-0.0071421243
-4.639473e-08,-0.0071291992
-4.629473e-08,-0.007126327
-4.619473e-08,-0.0071356618
-4.609473e-08,-0.0071536133
-4.599473e-08,-0.0071715648
-4.589473e-08,-0.0071787454
-4.579473e-08,-0.0071701287
-4.569473e-08,-0.0071471507
-4.559473e-08,-0.0071191464
-4.549473e-08,-0.0070976045
-4.539473e-08,-0.0070897059
-4.529473e-08,-0.0070954504
-4.519473e-08,-0.0071062213
-4.509473e-08,-0.0071105296
-4.499473e-08,-0.0071011949
-4.489473e-08,-0.0070803711
-4.479473e-08,-0.0070573932
-4.469473e-08,-0.0070459042
-4.459473e-08,-0.007055239
-4.449473e-08,-0.0070839614
-4.439473e-08,-0.0071213006
-4.429473e-08,-0.007150741
-4.419473e-08,-0.0071586397
-4.409473e-08,-0.0071435604
-4.399473e-08,-0.0071141199
-4.389473e-08,-0.0070875517
-4.379473e-08,-0.0070782169
-4.369473e-08,-0.007091142
-4.359473e-08,-0.0071184283
-4.349473e-08,-0.0071457146
-4.339473e-08,-0.0071586397
-4.329473e-08,-0.007150023
-4.319473e-08,-0.007126327
-4.309473e-08,-0.0071011949
-4.299473e-08,-0.0070897059
-4.289473e-08,-0.0070997587
-4.279473e-08,-0.007127045
-4.269473e-08,-0.0071593578
-4.259473e-08,-0.0071816176
-4.249473e-08,-0.0071866441
-4.239473e-08,-0.0071765912
-4.229473e-08,-0.0071629481
-4.219473e-08,-0.0071586397
-4.209473e-08,-0.0071715648
-4.199473e-08,-0.0071995692
-4.189473e-08,-0.0072297277
-4.179473e-08,-0.0072505515
-4.169473e-08,-0.0072534237
-4.159473e-08,-0.0072404986
-4.149473e-08,-0.0072232652
-4.139473e-08,-0.0072160846
-4.129473e-08,-0.0072268555
-4.119473e-08,-0.0072555779
-4.109473e-08,-0.0072907629
-4.099473e-08,-0.0073194853
-4.089473e-08,-0.0073309743
-4.079473e-08,-0.0073237937
-4.069473e-08,-0.007304406
-4.059473e-08,-0.0072850184
-4.049473e-08,-0.0072756836
-4.039473e-08,-0.007279992
-4.029473e-08,-0.0072936351
-4.019473e-08,-0.0073079963
-4.009473e-08,-0.007315895
-3.999473e-08,-0.0073137408
-3.989473e-08,-0.0073058421
-3.979473e-08,-0.0072965074
-3.969473e-08,-0.0072907629
-3.959473e-08,-0.0072886087
-3.949473e-08,-0.0072878906
-3.939473e-08,-0.0072850184
-3.929473e-08,-0.0072792739
-3.919473e-08,-0.0072720933
-3.909473e-08,-0.007269221
-3.899473e-08,-0.0072735294
-3.889473e-08,-0.0072835823
-3.879473e-08,-0.0072936351
-3.869473e-08,-0.0072957893
-3.859473e-08,-0.0072850184
-3.849473e-08,-0.0072627585
-3.839473e-08,-0.0072361903
-3.829473e-08,-0.0072182387
-3.819473e-08,-0.0072160846
-3.809473e-08,-0.0072311638
-3.799473e-08,-0.007256296
-3.789473e-08,-0.0072778378
-3.779473e-08,-0.0072850184
-3.769473e-08,-0.0072720933
-3.759473e-08,-0.007244807
-3.749473e-08,-0.0072146484
-3.739473e-08,-0.0071931066
-3.729473e-08,-0.0071873621
-3.719473e-08,-0.0071945427
-3.709473e-08,-0.0072074678
-3.699473e-08,-0.0072160846
-3.689473e-08,-0.0072146484
-3.679473e-08,-0.0072060317
-3.669473e-08,-0.0071959789
-3.659473e-08,-0.0071931066
-3.649473e-08,-0.0072002872
-3.639473e-08,-0.0072139304
-3.629473e-08,-0.0072261374
-3.619473e-08,-0.0072275735
-3.609473e-08,-0.0072160846
-3.599473e-08,-0.0071959789
-3.589473e-08,-0.0071773093
-3.579473e-08,-0.0071701287
-3.569473e-08,-0.0071787454
-3.559473e-08,-0.0071995692
-3.549473e-08,-0.0072232652
-3.539473e-08,-0.0072390625
-3.529473e-08,-0.0072404986
-3.519473e-08,-0.0072297277
-3.509473e-08,-0.0072146484
-3.499473e-08,-0.0072045956
-3.489473e-08,-0.0072060317
-3.479473e-08,-0.0072189568
-3.469473e-08,-0.0072369083
-3.459473e-08,-0.0072505515
-3.449473e-08,-0.0072555779
-3.439473e-08,-0.0072519876
-3.429473e-08,-0.007244807
-3.419473e-08,-0.0072390625
-3.409473e-08,-0.0072376264
-3.399473e-08,-0.0072383444
-3.389473e-08,-0.0072361903
-3.379473e-08,-0.0072275735
-3.369473e-08,-0.0072117762
-3.359473e-08,-0.0071938247
-3.349473e-08,-0.0071816176
-3.339473e-08,-0.0071816176
-3.329473e-08,-0.0071938247
-3.319473e-08,-0.0072110581
-3.309473e-08,-0.0072254193
-3.299473e-08,-0.0072275735
-3.289473e-08,-0.0072160846
-3.279473e-08,-0.0071959789
-3.269473e-08,-0.0071780273
-3.259473e-08,-0.0071701287
-3.249473e-08,-0.0071758732
-3.239473e-08,-0.0071916705
-3.229473e-08,-0.0072074678
-3.219473e-08,-0.0072160846
-3.209473e-08,-0.0072139304
-3.199473e-08,-0.0072053136
-3.189473e-08,-0.0072002872
-3.179473e-08,-0.0072045956
-3.169473e-08,-0.007221829
-3.159473e-08,-0.007244807
-3.149473e-08,-0.0072656307
-3.139473e-08,-0.0072735294
-3.129473e-08,-0.0072670669
-3.119473e-08,-0.0072519876
-3.109473e-08,-0.0072390625
-3.099473e-08,-0.0072390625
-3.089473e-08,-0.0072555779
-3.079473e-08,-0.0072843003
-3.069473e-08,-0.0073130227
-3.059473e-08,-0.0073309743
-3.049473e-08,-0.0073324104
-3.039473e-08,-0.0073202034
-3.029473e-08,-0.007304406
-3.019473e-08,-0.0072965074
-3.009473e-08,-0.0073022518
-2.999473e-08,-0.0073216395
-2.989473e-08,-0.0073460535
-2.979473e-08,-0.0073654412
-2.969473e-08,-0.007374776
-2.959473e-08,-0.0073733398
-2.949473e-08,-0.0073683134
-2.939473e-08,-0.0073654412
-2.929473e-08,-0.0073683134
-2.919473e-08,-0.007375494
-2.909473e-08,-0.0073805205
-2.899473e-08,-0.0073769301
-2.889473e-08,-0.0073640051
-2.879473e-08,-0.0073460535
-2.869473e-08,-0.0073324104
-2.859473e-08,-0.0073309743
-2.849473e-08,-0.0073446174
-2.839473e-08,-0.0073668773
-2.829473e-08,-0.0073891372
-2.819473e-08,-0.0073999081
-2.809473e-08,-0.0073955997
-2.799473e-08,-0.0073805205
-2.789473e-08,-0.007363287
-2.779473e-08,-0.0073539522
-2.769473e-08,-0.0073582606
-2.759473e-08,-0.0073733398
-2.749473e-08,-0.0073905733
-2.739473e-08,-0.0073999081
-2.729473e-08,-0.0073970358
-2.719473e-08,-0.0073826746
-2.709473e-08,-0.0073654412
-2.699473e-08,-0.0073539522
-2.689473e-08,-0.0073525161
-2.679473e-08,-0.0073589786
-2.669473e-08,-0.0073661592
-2.659473e-08,-0.0073654412
-2.649473e-08,-0.0073525161
-2.639473e-08,-0.0073295381
-2.629473e-08,-0.007303688
-2.619473e-08,-0.0072850184
-2.609473e-08,-0.0072778378
-2.599473e-08,-0.007279992
-2.589473e-08,-0.0072850184
-2.579473e-08,-0.0072850184
-2.569473e-08,-0.0072764017
-2.559473e-08,-0.0072606043
-2.549473e-08,-0.007245525
-2.539473e-08,-0.0072390625
-2.529473e-08,-0.007245525
-2.519473e-08,-0.0072627585
-2.509473e-08,-0.0072828642
-2.499473e-08,-0.0072965074
-2.489473e-08,-0.0072979435
-2.479473e-08,-0.0072864545
-2.469473e-08,-0.007268503
-2.459473e-08,-0.0072505515
-2.449473e-08,-0.0072383444
-2.439473e-08,-0.0072326
-2.429473e-08,-0.0072297277
-2.419473e-08,-0.0072275735
-2.409473e-08,-0.0072239832
-2.399473e-08,-0.007221829
-2.389473e-08,-0.0072254193
-2.379473e-08,-0.0072390625
-2.369473e-08,-0.0072620404
-2.359473e-08,-0.0072878906
-2.349473e-08,-0.0073094324
-2.339473e-08,-0.0073194853
-2.329473e-08,-0.0073166131
-2.319473e-08,-0.0073065602
-2.309473e-08,-0.0072965074
-2.299473e-08,-0.0072965074
-2.289473e-08,-0.0073079963
-2.279473e-08,-0.0073288201
-2.269473e-08,-0.0073503619
-2.259473e-08,-0.0073654412
-2.249473e-08,-0.0073711857
-2.239473e-08,-0.0073711857
-2.229473e-08,-0.0073711857
-2.219473e-08,-0.0073769301
-2.209473e-08,-0.0073898552
-2.199473e-08,-0.0074056526
-2.189473e-08,-0.0074149874
-2.179473e-08,-0.0074113971
-2.169473e-08,-0.0073948817
-2.159473e-08,-0.0073704676
-2.149473e-08,-0.0073503619
-2.139473e-08,-0.0073424632
-2.129473e-08,-0.0073503619
-2.119473e-08,-0.0073697495
-2.109473e-08,-0.0073898552
-2.099473e-08,-0.0073999081
-2.089473e-08,-0.0073955997
-2.079473e-08,-0.0073805205
-2.069473e-08,-0.007363287
-2.059473e-08,-0.0073539522
-2.049473e-08,-0.0073575425
-2.039473e-08,-0.0073711857
-2.029473e-08,-0.0073884191
-2.019473e-08,-0.0073999081
-2.009473e-08,-0.0073999081
-1.999473e-08,-0.0073898552
-1.989473e-08,-0.007375494
-1.979473e-08,-0.0073654412
-1.969473e-08,-0.0073625689
-1.959473e-08,-0.0073661592
-1.949473e-08,-0.0073690315
-1.939473e-08,-0.0073654412
-1.929473e-08,-0.0073532341
-1.919473e-08,-0.0073367187
-1.909473e-08,-0.0073223575
-1.899473e-08,-0.0073194853
-1.889473e-08,-0.0073302562
-1.879473e-08,-0.00735108
-1.869473e-08,-0.0073733398
-1.859473e-08,-0.0073884191
-1.849473e-08,-0.0073912914
-1.839473e-08,-0.0073826746
-1.829473e-08,-0.0073675954
-1.819473e-08,-0.0073539522
-1.809473e-08,-0.0073446174
-1.799473e-08,-0.0073381549
-1.789473e-08,-0.0073316923
-1.779473e-08,-0.0073194853
-1.769473e-08,-0.0073022518
-1.759473e-08,-0.0072828642
-1.749473e-08,-0.0072677849
-1.739473e-08,-0.0072620404
-1.729473e-08,-0.0072649127
-1.719473e-08,-0.0072706572
-1.709473e-08,-0.0072713752
-1.699473e-08,-0.0072620404
-1.689473e-08,-0.0072426528
-1.679473e-08,-0.0072189568
-1.669473e-08,-0.0072002872
-1.659473e-08,-0.0071931066
-1.649473e-08,-0.007197415
-1.639473e-08,-0.0072074678
-1.629473e-08,-0.0072153665
-1.619473e-08,-0.0072160846
-1.609473e-08,-0.007209622
-1.599473e-08,-0.0072024414
-1.589473e-08,-0.0072031595
-1.579473e-08,-0.0072160846
-1.569473e-08,-0.0072376264
-1.559473e-08,-0.0072577321
-1.549473e-08,-0.0072641946
-1.539473e-08,-0.0072505515
-1.529473e-08,-0.0072196749
-1.519473e-08,-0.0071837718
-1.509473e-08,-0.0071593578
-1.499473e-08,-0.0071586397
-1.489473e-08,-0.0071816176
-1.479473e-08,-0.0072175207
-1.469473e-08,-0.0072491153
-1.459473e-08,-0.0072620404
-1.449473e-08,-0.0072512695
-1.439473e-08,-0.0072239832
-1.429473e-08,-0.0071959789
-1.419473e-08,-0.0071816176
-1.409473e-08,-0.0071873621
-1.399473e-08,-0.007208904
-1.389473e-08,-0.0072347541
-1.379473e-08,-0.0072505515
-1.369473e-08,-0.0072512695
-1.359473e-08,-0.0072404986
-1.349473e-08,-0.0072290097
-1.339473e-08,-0.0072275735
-1.329473e-08,-0.0072397806
-1.319473e-08,-0.0072606043
-1.309473e-08,-0.0072792739
-1.299473e-08,-0.0072850184
-1.289473e-08,-0.0072756836
-1.279473e-08,-0.0072584501
-1.269473e-08,-0.007245525
-1.259473e-08,-0.0072505515
-1.249473e-08,-0.0072756836
-1.239473e-08,-0.0073137408
-1.229473e-08,-0.0073489258
-1.219473e-08,-0.0073654412
-1.209473e-08,-0.0073575425
-1.199473e-08,-0.0073295381
-1.189473e-08,-0.0072965074
-1.179473e-08,-0.0072735294
-1.169473e-08,-0.0072706572
-1.159473e-08,-0.0072850184
-1.149473e-08,-0.0073058421
-1.139473e-08,-0.0073194853
-1.129473e-08,-0.0073166131
-1.119473e-08,-0.0072993796
-1.109473e-08,-0.0072764017
-1.099473e-08,-0.0072620404
-1.089473e-08,-0.0072627585
-1.079473e-08,-0.0072778378
-1.069473e-08,-0.0072965074
-1.059473e-08,-0.0073079963
-1.049473e-08,-0.007303688
-1.039473e-08,-0.0072843003
-1.029473e-08,-0.0072591682
-1.019473e-08,-0.0072390625
-1.009473e-08,-0.0072311638
-9.994728e-09,-0.0072361903
-9.894728e-09,-0.007245525
-9.794728e-09,-0.0072505515
-9.694728e-09,-0.007244807
-9.594728e-09,-0.0072304458
-9.494728e-09,-0.0072139304
-9.394728e-09,-0.0072045956
-9.294728e-09,-0.0072067498
-9.194728e-09,-0.0072175207
-9.094728e-09,-0.0072275735
-8.994728e-09,-0.0072275735
-8.894728e-09,-0.0072132123
-8.794728e-09,-0.0071873621
-8.694728e-09,-0.00716223
-8.594728e-09,-0.0071471507
-8.494728e-09,-0.007150023
-8.394728e-09,-0.0071672564
-8.294728e-09,-0.0071902344
-8.194728e-09,-0.0072045956
-8.094728e-09,-0.0072031595
-7.994728e-09,-0.0071844899
-7.894728e-09,-0.0071586397
-7.794728e-09,-0.0071356618
-7.694728e-09,-0.0071256089
-7.594728e-09,-0.0071299173
-7.494728e-09,-0.0071442785
-7.394728e-09,-0.0071586397
-7.294728e-09,-0.0071658203
-7.194728e-09,-0.0071636661
-7.094728e-09,-0.0071550494
-6.994728e-09,-0.0071471507
-6.894728e-09,-0.0071435604
-6.794728e-09,-0.0071457146
-6.694728e-09,-0.0071485869
-6.594728e-09,-0.0071471507
-6.494728e-09,-0.0071378159
-6.394728e-09,-0.0071234547
-6.294728e-09,-0.0071090935
-6.194728e-09,-0.0071011949
-6.094728e-09,-0.007103349
-5.994728e-09,-0.0071112477
-5.894728e-09,-0.0071177102
-5.794728e-09,-0.0071126838
-5.694728e-09,-0.0070889878
-5.594728e-09,-0.0070466222
-5.494728e-09,-0.0069906135
-5.394728e-09,-0.0069288603
-5.294728e-09,-0.0068671071
-5.194728e-09,-0.006807508
-5.094728e-09,-0.0067457548
-4.994728e-09,-0.0066761029
-4.894728e-09,-0.0065920898
-4.794728e-09,-0.0064908433
-4.694728e-09,-0.0063723633
-4.594728e-09,-0.0062395221
-4.494728e-09,-0.0060937557
-4.394728e-09,-0.0059365005
-4.294728e-09,-0.0057663201
-4.194728e-09,-0.0055846507
-4.094728e-09,-0.0053922105
-3.994728e-09,-0.0051911535
-3.894728e-09,-0.004983634
-3.794728e-09,-0.0047689338
-3.694728e-09,-0.0045427447
-3.594728e-09,-0.0042986041
-3.494728e-09,-0.0040329216
-3.394728e-09,-0.0037464154
-3.294728e-09,-0.00344483
-3.194728e-09,-0.0031375
-3.094728e-09,-0.0028351965
-2.994728e-09,-0.0025400735
-2.894728e-09,-0.002249259
-2.794728e-09,-0.0019526999
-2.694728e-09,-0.0016417796
-2.594728e-09,-0.0013107537
-2.494728e-09,-0.00096608456
-2.394728e-09,-0.00062069738
-2.294728e-09,-0.00028823529
-2.194728e-09,2.1966912e-05
-2.094728e-09,0.00031134536
-1.994728e-09,0.00059067096
-1.894728e-09,0.00087358686
-1.794728e-09,0.001170864
-1.694728e-09,0.0014817842
-1.594728e-09,0.0017948587
-1.494728e-09,0.0020935719
-1.394728e-09,0.0023657169
-1.294728e-09,0.0026062672
-1.194728e-09,0.0028231216
-1.094728e-09,0.003029205
-9.947277e-10,0.0032388787
-8.947277e-10,0.0034564511
-7.947277e-10,0.0036761776
-6.947277e-10,0.0038872875
-5.947277e-10,0.0040775735
-4.947277e-10,0.0042405733
-3.947277e-10,0.0043813132
-2.947277e-10,0.0045069738
-1.947277e-10,0.0046290441
-9.472769e-11,0.0047496783
5.272312e-12,0.0048660041
1.052723e-10,0.0049701229
2.052723e-10,0.005054136
3.052723e-10,0.0051187615
4.052723e-10,0.005172616
5.052723e-10,0.0052243164
6.052723e-10,0.0052839154
7.052723e-10,0.005349977
8.052723e-10,0.0054138844
9.052723e-10,0.0054634306
1.005272e-09,0.0054907169
1.105272e-09,0.0054957433
1.205272e-09,0.0054899989
1.305272e-09,0.0054885627
1.405272e-09,0.0055022059
1.505272e-09,0.0055323644
1.605272e-09,0.0055689855
1.705272e-09,0.005597708
1.805272e-09,0.0056056066
1.905272e-09,0.0055919635
2.005272e-09,0.0055661133
2.105272e-09,0.0055431353
2.205272e-09,0.0055366728
2.305272e-09,0.0055481618
2.405272e-09,0.0055689855
2.505272e-09,0.0055847829
2.605272e-09,0.0055826287
2.705272e-09,0.005562523
2.805272e-09,0.0055338006
2.905272e-09,0.0055136949
3.005272e-09,0.0055136949
3.105272e-09,0.0055345186
3.205272e-09,0.0055646772
3.305272e-09,0.0055855009
3.405272e-09,0.0055826287
3.505272e-09,0.0055553424
3.605272e-09,0.0055165671
3.705272e-09,0.0054892808
3.805272e-09,0.0054907169
3.905272e-09,0.0055266199
4.005272e-09,0.0055840648
4.105272e-09,0.0056407916
4.205272e-09,0.0056745404
4.305272e-09,0.0056759766
4.405272e-09,0.0056529986
4.505272e-09,0.0056257123
4.605272e-09,0.0056170956
4.705272e-09,0.0056386374
4.805272e-09,0.0056867475
4.905272e-09,0.0057434743
5.005272e-09,0.0057894301
5.105272e-09,0.00581169
5.205272e-09,0.005810972
5.305272e-09,0.0058016372
5.405272e-09,0.0058009191
5.505272e-09,0.0058188706
5.605272e-09,0.0058547737
5.705272e-09,0.0058957031
5.805272e-09,0.0059272978
5.905272e-09,0.005941659
6.005272e-09,0.005941659
6.105272e-09,0.0059395048
6.205272e-09,0.0059502757
6.305272e-09,0.0059797162
6.405272e-09,0.006024236
6.505272e-09,0.0060694738
6.605272e-09,0.0060996324
6.705272e-09,0.006106813
6.805272e-09,0.0060946059
6.905272e-09,0.0060752183
7.005272e-09,0.0060651654
7.105272e-09,0.006071628
7.205272e-09,0.0060931698
7.305272e-09,0.0061183019
7.405272e-09,0.0061340993
7.505272e-09,0.0061333812
7.605272e-09,0.0061197381
7.705272e-09,0.0061046588
7.805272e-09,0.0060996324
7.905272e-09,0.0061104033
8.005272e-09,0.0061319451
8.105272e-09,0.0061520508
8.205272e-09,0.0061570772
8.305272e-09,0.006142716
8.405272e-09,0.0061139936
8.505272e-09,0.006083835
8.605272e-09,0.0060651654
8.705272e-09,0.0060637293
8.805272e-09,0.0060737822
8.905272e-09,0.0060823989
9.005272e-09,0.0060766544
9.105272e-09,0.0060508042
9.205272e-09,0.0060098748
9.305272e-09,0.0059682273
9.405272e-09,0.0059387868
9.505272e-09,0.0059280159
9.605272e-09,0.0059308881
9.705272e-09,0.0059344784
9.805272e-09,0.0059272978
9.905272e-09,0.0059028837
1.000527e-08,0.0058676988
1.010527e-08,0.0058339499
1.020527e-08,0.0058124081
1.030527e-08,0.0058080997
1.040527e-08,0.0058131261
1.050527e-08,0.0058152803
1.060527e-08,0.0058009191
1.070527e-08,0.0057671703
1.080527e-08,0.0057226505
1.090527e-08,0.0056831572
1.100527e-08,0.0056630515
1.110527e-08,0.0056673598
1.120527e-08,0.0056874655
1.130527e-08,0.0057068532
1.140527e-08,0.0057090074
1.150527e-08,0.0056874655
1.160527e-08,0.0056494083
1.170527e-08,0.0056120692
1.180527e-08,0.0055941176
1.190527e-08,0.0056041705
1.200527e-08,0.0056379193
1.210527e-08,0.0056795669
1.220527e-08,0.0057090074
1.230527e-08,0.0057154699
1.240527e-08,0.0056989545
1.250527e-08,0.0056723863
1.260527e-08,0.0056515625
1.270527e-08,0.0056479722
1.280527e-08,0.0056623334
1.290527e-08,0.0056831572
1.300527e-08,0.0056975184
1.310527e-08,0.0056953642
1.320527e-08,0.0056781307
1.330527e-08,0.0056551528
1.340527e-08,0.0056400735
1.350527e-08,0.0056422277
1.360527e-08,0.0056608973
1.370527e-08,0.0056874655
1.380527e-08,0.0057090074
1.390527e-08,0.005716188
1.400527e-08,0.0057090074
1.410527e-08,0.0056953642
1.420527e-08,0.0056860294
1.430527e-08,0.0056896197
1.440527e-08,0.005705417
1.450527e-08,0.0057269589
1.460527e-08,0.0057434743
1.470527e-08,0.0057485007
1.480527e-08,0.0057434743
1.490527e-08,0.0057341395
1.500527e-08,0.0057319853
1.510527e-08,0.0057420381
1.520527e-08,0.0057621438
1.530527e-08,0.0057851218
1.540527e-08,0.0058009191
1.550527e-08,0.0058023552
1.560527e-08,0.0057894301
1.570527e-08,0.0057707606
1.580527e-08,0.0057549632
1.590527e-08,0.0057499368
1.600527e-08,0.0057571174
1.610527e-08,0.0057721967
1.620527e-08,0.0057894301
1.630527e-08,0.0058037914
1.640527e-08,0.0058145623
1.650527e-08,0.0058246151
1.660527e-08,0.005835386
1.670527e-08,0.005846875
1.680527e-08,0.0058540556
1.690527e-08,0.0058504653
1.700527e-08,0.005835386
1.710527e-08,0.005810972
1.720527e-08,0.0057865579
1.730527e-08,0.0057736328
1.740527e-08,0.0057779412
1.750527e-08,0.0057987649
1.760527e-08,0.0058253332
1.770527e-08,0.0058447208
1.780527e-08,0.005846875
1.790527e-08,0.0058303596
1.800527e-08,0.0058030733
1.810527e-08,0.0057786592
1.820527e-08,0.0057664522
1.830527e-08,0.0057693244
1.840527e-08,0.0057808134
1.850527e-08,0.0057865579
1.860527e-08,0.0057779412
1.870527e-08,0.0057513729
1.880527e-08,0.0057147518
1.890527e-08,0.005681003
1.900527e-08,0.0056630515
1.910527e-08,0.0056630515
1.920527e-08,0.0056745404
1.930527e-08,0.0056824391
1.940527e-08,0.0056745404
1.950527e-08,0.0056451
1.960527e-08,0.0056012983
1.970527e-08,0.0055560604
1.980527e-08,0.0055251838
1.990527e-08,0.005515131
2.000527e-08,0.0055223116
2.010527e-08,0.0055338006
2.020527e-08,0.0055366728
2.030527e-08,0.0055230296
2.040527e-08,0.0054935892
2.050527e-08,0.0054598403
2.060527e-08,0.0054332721
2.070527e-08,0.005420347
2.080527e-08,0.005420347
2.090527e-08,0.0054246553
2.100527e-08,0.0054217831
2.110527e-08,0.0054067038
2.120527e-08,0.0053830078
2.130527e-08,0.0053571576
2.140527e-08,0.0053413603
2.150527e-08,0.0053399242
2.160527e-08,0.0053506951
2.170527e-08,0.0053657744
2.180527e-08,0.0053758272
2.190527e-08,0.0053772633
2.200527e-08,0.0053708008
2.210527e-08,0.0053643382
2.220527e-08,0.0053643382
2.230527e-08,0.0053715188
2.240527e-08,0.0053815717
2.250527e-08,0.005385162
2.260527e-08,0.0053758272
2.270527e-08,0.0053542854
2.280527e-08,0.0053284352
2.290527e-08,0.0053097656
2.300527e-08,0.0053068934
2.310527e-08,0.0053205365
2.320527e-08,0.0053427964
2.330527e-08,0.0053607479
2.340527e-08,0.0053643382
2.350527e-08,0.0053514131
2.360527e-08,0.0053291533
2.370527e-08,0.0053104837
2.380527e-08,0.0053068934
2.390527e-08,0.0053205365
2.400527e-08,0.0053427964
2.410527e-08,0.005361466
2.420527e-08,0.0053643382
2.430527e-08,0.0053485409
2.440527e-08,0.0053212546
2.450527e-08,0.0052954044
2.460527e-08,0.0052839154
2.470527e-08,0.0052896599
2.480527e-08,0.0053054573
2.490527e-08,0.0053191004
2.500527e-08,0.0053183824
2.510527e-08,0.0053004308
2.520527e-08,0.0052709903
2.530527e-08,0.005242986
2.540527e-08,0.0052264706
2.550527e-08,0.0052235983
2.560527e-08,0.0052271886
2.570527e-08,0.0052235983
2.580527e-08,0.0052034926
2.590527e-08,0.0051654354
2.600527e-08,0.0051201976
2.610527e-08,0.0050828585
2.620527e-08,0.005065625
2.630527e-08,0.0050720875
2.640527e-08,0.0050914752
2.650527e-08,0.0051094267
2.660527e-08,0.0051115809
2.670527e-08,0.0050936294
2.680527e-08,0.0050634708
2.690527e-08,0.0050347484
2.700527e-08,0.0050196691
2.710527e-08,0.0050203872
2.720527e-08,0.0050282858
2.730527e-08,0.0050282858
2.740527e-08,0.0050081801
2.750527e-08,0.0049672507
2.760527e-08,0.0049177045
2.770527e-08,0.004876057
2.780527e-08,0.0048588235
2.790527e-08,0.0048667222
2.800527e-08,0.0048897001
2.810527e-08,0.0049076517
2.820527e-08,0.0049047794
2.830527e-08,0.004876775
2.840527e-08,0.0048336914
2.850527e-08,0.0047956342
2.860527e-08,0.0047784007
2.870527e-08,0.0047877355
2.880527e-08,0.0048135857
2.890527e-08,0.0048358456
2.900527e-08,0.0048358456
2.910527e-08,0.0048064051
2.920527e-08,0.0047568589
2.930527e-08,0.0047065947
2.940527e-08,0.004675
2.950527e-08,0.0046721278
2.960527e-08,0.0046915154
2.970527e-08,0.0047173656
2.980527e-08,0.0047324449
2.990527e-08,0.0047267004
3.000527e-08,0.0047044405
3.010527e-08,0.0046785903
3.020527e-08,0.004663511
3.030527e-08,0.0046642291
3.040527e-08,0.0046742819
3.050527e-08,0.0046785903
3.060527e-08,0.004663511
3.070527e-08,0.0046261719
3.080527e-08,0.0045766257
3.090527e-08,0.004533542
3.100527e-08,0.0045141544
3.110527e-08,0.0045220531
3.120527e-08,0.0045479033
3.130527e-08,0.0045708812
3.140527e-08,0.0045715993
3.150527e-08,0.0045421588
3.160527e-08,0.0044904584
3.170527e-08,0.0044358858
3.180527e-08,0.0043992647
3.190527e-08,0.0043899299
3.200527e-08,0.0044021369
3.210527e-08,0.0044186523
3.220527e-08,0.0044222426
3.230527e-08,0.004402855
3.240527e-08,0.0043662339
3.250527e-08,0.0043281767
3.260527e-08,0.0043073529
3.270527e-08,0.0043116613
3.280527e-08,0.0043339212
3.290527e-08,0.0043583352
3.300527e-08,0.0043647978
3.310527e-08,0.004343974
3.320527e-08,0.0043001723
3.330527e-08,0.0042513442
3.340527e-08,0.0042154412
3.350527e-08,0.0042039522
3.360527e-08,0.0042125689
3.370527e-08,0.0042269301
3.380527e-08,0.0042269301
3.390527e-08,0.0042025161
3.400527e-08,0.0041565602
3.410527e-08,0.0041048598
3.420527e-08,0.0040660846
3.430527e-08,0.0040531595
3.440527e-08,0.0040653665
3.450527e-08,0.0040912167
3.460527e-08,0.0041120404
3.470527e-08,0.0041156307
3.480527e-08,0.0041005515
3.490527e-08,0.0040761374
3.500527e-08,0.0040545956
3.510527e-08,0.0040459789
3.520527e-08,0.0040495692
3.530527e-08,0.0040560317
3.540527e-08,0.0040545956
3.550527e-08,0.0040380802
3.560527e-08,0.0040093578
3.570527e-08,0.0039799173
3.580527e-08,0.0039626838
3.590527e-08,0.0039641199
3.600527e-08,0.0039813534
3.610527e-08,0.004000741
3.620527e-08,0.0040086397
3.630527e-08,0.0039964327
3.640527e-08,0.0039669922
3.650527e-08,0.0039318072
3.660527e-08,0.003905239
3.670527e-08,0.0038966222
3.680527e-08,0.0039045209
3.690527e-08,0.0039196002
3.700527e-08,0.0039282169
3.710527e-08,0.0039210363
3.720527e-08,0.0038980584
3.730527e-08,0.003870054
3.740527e-08,0.0038477941
3.750527e-08,0.0038406135
3.760527e-08,0.0038485122
3.770527e-08,0.0038621553
3.780527e-08,0.0038707721
3.790527e-08,0.0038664637
3.800527e-08,0.0038492302
3.810527e-08,0.0038276884
3.820527e-08,0.0038133272
3.830527e-08,0.0038140453
3.840527e-08,0.0038298426
3.850527e-08,0.0038521025
3.860527e-08,0.0038707721
3.870527e-08,0.0038765165
3.880527e-08,0.0038686179
3.890527e-08,0.0038521025
3.900527e-08,0.0038363051
3.910527e-08,0.0038284065
3.920527e-08,0.0038291245
3.930527e-08,0.003834151
3.940527e-08,0.0038363051
3.950527e-08,0.0038305607
3.960527e-08,0.0038190717
3.970527e-08,0.0038068647
3.980527e-08,0.0038018382
3.990527e-08,0.0038075827
4.000527e-08,0.003822662
4.010527e-08,0.0038391774
4.020527e-08,0.0038477941
4.030527e-08,0.0038442038
4.040527e-08,0.0038298426
4.050527e-08,0.0038133272
4.060527e-08,0.0038018382
4.070527e-08,0.0038025563
4.080527e-08,0.0038133272
4.090527e-08,0.0038276884
4.100527e-08,0.0038363051
4.110527e-08,0.0038319968
4.120527e-08,0.0038154814
4.130527e-08,0.0037910673
4.140527e-08,0.0037673713
4.150527e-08,0.0037508559
4.160527e-08,0.0037429573
4.170527e-08,0.003739367
4.180527e-08,0.0037329044
4.190527e-08,0.0037192613
4.200527e-08,0.0036977194
4.210527e-08,0.0036733054
4.220527e-08,0.0036524816
4.230527e-08,0.0036402746
4.240527e-08,0.0036359662
4.250527e-08,0.0036345301
4.260527e-08,0.0036295037
4.270527e-08,0.0036151425
4.280527e-08,0.0035900103
4.290527e-08,0.0035584157
4.300527e-08,0.0035261029
4.310527e-08,0.0034988166
4.320527e-08,0.0034772748
4.330527e-08,0.0034614775
4.340527e-08,0.0034456801
4.350527e-08,0.0034270106
4.360527e-08,0.0034033146
4.370527e-08,0.0033781824
4.380527e-08,0.0033537684
4.390527e-08,0.0033336627
4.400527e-08,0.0033178653
4.410527e-08,0.0033063764
4.420527e-08,0.0032963235
4.430527e-08,0.0032877068
4.440527e-08,0.0032798081
4.450527e-08,0.0032747817
4.460527e-08,0.0032733456
4.470527e-08,0.0032733456
4.480527e-08,0.0032719095
4.490527e-08,0.0032647289
4.500527e-08,0.0032503676
4.510527e-08,0.00323098
4.520527e-08,0.0032108743
4.530527e-08,0.0031972312
4.540527e-08,0.0031929228
4.550527e-08,0.0031972312
4.560527e-08,0.0032051298
4.570527e-08,0.0032094382
4.580527e-08,0.0032044118
4.590527e-08,0.0031893325
4.600527e-08,0.0031677907
4.610527e-08,0.003147685
4.620527e-08,0.0031354779
4.630527e-08,0.0031340418
4.640527e-08,0.0031390682
4.650527e-08,0.0031455308
4.660527e-08,0.0031469669
4.670527e-08,0.0031405044
4.680527e-08,0.0031282973
4.690527e-08,0.0031168084
4.700527e-08,0.0031125
4.710527e-08,0.0031168084
4.720527e-08,0.0031268612
4.730527e-08,0.0031354779
4.740527e-08,0.0031354779
4.750527e-08,0.003123989
4.760527e-08,0.0031024472
4.770527e-08,0.003077315
4.780527e-08,0.0030550551
4.790527e-08,0.0030406939
4.800527e-08,0.0030342314
4.810527e-08,0.003029205
4.820527e-08,0.0030205882
4.830527e-08,0.0030040728
4.840527e-08,0.0029810949
4.850527e-08,0.0029573989
4.860527e-08,0.0029401654
4.870527e-08,0.002934421
4.880527e-08,0.0029416016
4.890527e-08,0.0029566808
4.900527e-08,0.0029746324
4.910527e-08,0.0029882755
4.920527e-08,0.00299402
4.930527e-08,0.0029918658
4.940527e-08,0.0029861213
4.950527e-08,0.0029789407
4.960527e-08,0.0029724782
4.970527e-08,0.0029674517
4.980527e-08,0.0029631434
4.990527e-08,0.0029602711
5.000527e-08,0.002958835
5.010527e-08,0.0029595531
5.020527e-08,0.0029631434
5.030527e-08,0.0029667337
5.040527e-08,0.0029681698
5.050527e-08,0.0029631434
5.060527e-08,0.0029516544
5.070527e-08,0.0029358571
5.080527e-08,0.0029222139
5.090527e-08,0.0029150333
5.100527e-08,0.0029171875
5.110527e-08,0.0029272403
5.120527e-08,0.0029394474
5.130527e-08,0.0029459099
5.140527e-08,0.0029401654
5.150527e-08,0.0029222139
5.160527e-08,0.0028956457
5.170527e-08,0.0028690774
5.180527e-08,0.0028482537
5.190527e-08,0.0028374828
5.200527e-08,0.0028346105
5.210527e-08,0.0028360466
5.220527e-08,0.0028367647
5.230527e-08,0.0028353286
5.240527e-08,0.0028317383
5.250527e-08,0.002828148
5.260527e-08,0.0028252757
5.270527e-08,0.0028216854
5.280527e-08,0.0028130687
5.290527e-08,0.0027958352
5.300527e-08,0.0027678309
5.310527e-08,0.002734082
5.320527e-08,0.0027024874
5.330527e-08,0.0026816636
5.340527e-08,0.0026759191
5.350527e-08,0.0026838178
5.360527e-08,0.0026967429
5.370527e-08,0.0027046415
5.380527e-08,0.0026988971
5.390527e-08,0.0026787914
5.400527e-08,0.0026486328
5.410527e-08,0.0026184743
5.420527e-08,0.0025954963
5.430527e-08,0.0025818532
5.440527e-08,0.0025746726
5.450527e-08,0.0025660558
5.460527e-08,0.0025495404
5.470527e-08,0.0025251264
5.480527e-08,0.002497122
5.490527e-08,0.002472708
5.500527e-08,0.0024576287
5.510527e-08,0.0024518842
5.520527e-08,0.0024490119
5.530527e-08,0.0024418313
5.540527e-08,0.0024231618
5.550527e-08,0.0023951574
5.560527e-08,0.0023649989
5.570527e-08,0.0023448932
5.580527e-08,0.002342739
5.590527e-08,0.0023585363
5.600527e-08,0.0023843865
5.610527e-08,0.0024059283
5.620527e-08,0.0024116728
5.630527e-08,0.0023965935
5.640527e-08,0.0023657169
5.650527e-08,0.0023319681
5.660527e-08,0.0023082721
5.670527e-08,0.0023018095
5.680527e-08,0.0023097082
5.690527e-08,0.0023233513
5.700527e-08,0.00233125
5.710527e-08,0.0023262236
5.720527e-08,0.0023097082
5.730527e-08,0.0022888844
5.740527e-08,0.0022738051
5.750527e-08,0.0022702148
5.760527e-08,0.0022766774
5.770527e-08,0.0022845761
5.780527e-08,0.0022852941
5.790527e-08,0.002272369
5.800527e-08,0.0022465188
5.810527e-08,0.0022170784
5.820527e-08,0.0021933824
5.830527e-08,0.0021826114
5.840527e-08,0.0021847656
5.850527e-08,0.0021919462
5.860527e-08,0.0021933824
5.870527e-08,0.0021804573
5.880527e-08,0.0021524529
5.890527e-08,0.0021151137
5.900527e-08,0.0020784926
5.910527e-08,0.0020519244
5.920527e-08,0.0020397174
5.930527e-08,0.0020397174
5.940527e-08,0.0020440257
5.950527e-08,0.0020447438
5.960527e-08,0.0020361271
5.970527e-08,0.0020196117
5.980527e-08,0.0019980699
5.990527e-08,0.001976528
6.000527e-08,0.0019592946
6.010527e-08,0.0019478056
6.020527e-08,0.001940625
6.030527e-08,0.0019370347
6.040527e-08,0.0019355986
6.050527e-08,0.0019370347
6.060527e-08,0.001940625
6.070527e-08,0.0019449334
6.080527e-08,0.0019470875
6.090527e-08,0.0019420611
6.100527e-08,0.001929136
6.110527e-08,0.0019090303
6.120527e-08,0.0018874885
6.130527e-08,0.001869537
6.140527e-08,0.0018602022
6.150527e-08,0.0018609203
6.160527e-08,0.0018688189
6.170527e-08,0.0018781537
6.180527e-08,0.0018831801
6.190527e-08,0.0018831801
6.200527e-08,0.0018788718
6.210527e-08,0.0018738454
6.220527e-08,0.0018716912
6.230527e-08,0.0018716912
6.240527e-08,0.0018702551
6.250527e-08,0.0018630744
6.260527e-08,0.0018487132
6.270527e-08,0.0018286075
6.280527e-08,0.0018085018
6.290527e-08,0.0017948587
6.300527e-08,0.0017912684
6.310527e-08,0.0017962948
6.320527e-08,0.0018034754
6.330527e-08,0.0018034754
6.340527e-08,0.0017912684
6.350527e-08,0.0017675724
6.360527e-08,0.00173885
6.370527e-08,0.0017137178
6.380527e-08,0.0016993566
6.390527e-08,0.0016964844
6.400527e-08,0.0016993566
6.410527e-08,0.0016986386
6.420527e-08,0.0016878676
6.430527e-08,0.0016648897
6.440527e-08,0.0016361673
6.450527e-08,0.0016103171
6.460527e-08,0.0015959559
6.470527e-08,0.0015952378
6.480527e-08,0.0016031365
6.490527e-08,0.0016103171
6.500527e-08,0.0016074449
6.510527e-08,0.0015916475
6.520527e-08,0.0015665154
6.530527e-08,0.0015421013
6.540527e-08,0.0015270221
6.550527e-08,0.0015255859
6.560527e-08,0.0015342027
6.570527e-08,0.0015456916
6.580527e-08,0.00155
6.590527e-08,0.0015428194
6.600527e-08,0.001526304
6.610527e-08,0.0015069164
6.620527e-08,0.0014925551
6.630527e-08,0.0014868107
6.640527e-08,0.0014882468
6.650527e-08,0.0014889648
6.660527e-08,0.0014810662
6.670527e-08,0.0014623966
6.680527e-08,0.0014351103
6.690527e-08,0.001407824
6.700527e-08,0.0013891544
6.710527e-08,0.0013826919
6.720527e-08,0.0013870002
6.730527e-08,0.0013920267
6.740527e-08,0.0013891544
6.750527e-08,0.001371921
6.760527e-08,0.0013396082
6.770527e-08,0.001300833
6.780527e-08,0.0012627757
6.790527e-08,0.0012333352
6.800527e-08,0.0012146657
6.810527e-08,0.0012038948
6.820527e-08,0.0011938419
6.830527e-08,0.0011816349
6.840527e-08,0.0011658375
6.850527e-08,0.0011493222
6.860527e-08,0.0011363971
6.870527e-08,0.0011284984
6.880527e-08,0.00112419
6.890527e-08,0.0011170094
6.900527e-08,0.0011019301
6.910527e-08,0.0010775161
6.920527e-08,0.0010452034
6.930527e-08,0.0010128906
6.940527e-08,0.00098704044
6.950527e-08,0.00097124311
6.960527e-08,0.0009640625
6.970527e-08,0.00095975414
6.980527e-08,0.00095257353
6.990527e-08,0.00093821232
7.000527e-08,0.00091810662
7.010527e-08,0.00089800092
7.020527e-08,0.00088363971
7.030527e-08,0.00087789522
7.040527e-08,0.00087861328
7.050527e-08,0.00087933134
7.060527e-08,0.00087215074
7.070527e-08,0.00085348116
7.080527e-08,0.00082475873
7.090527e-08,0.00079316406
7.100527e-08,0.00076875
7.110527e-08,0.00075797909
7.120527e-08,0.00076156939
7.130527e-08,0.00077593061
7.140527e-08,0.00079172794
7.150527e-08,0.00080034467
7.160527e-08,0.00079819049
7.170527e-08,0.00078598346
7.180527e-08,0.00076875
7.190527e-08,0.0007522346
7.200527e-08,0.00074146369
7.210527e-08,0.00073643727
7.220527e-08,0.00073428309
7.230527e-08,0.00073284697
7.240527e-08,0.00072925666
7.250527e-08,0.00072566636
7.260527e-08,0.00072279412
7.270527e-08,0.00072351218
7.280527e-08,0.00072925666
7.290527e-08,0.00073787339
7.300527e-08,0.00074577206
7.310527e-08,0.00075079848
7.320527e-08,0.0007522346
7.330527e-08,0.00074936236
7.340527e-08,0.00074577206
7.350527e-08,0.00074289982
7.360527e-08,0.00074218176
7.370527e-08,0.00074361788
7.380527e-08,0.00074577206
7.390527e-08,0.00074720818
7.400527e-08,0.00074792624
7.410527e-08,0.00074720818
7.420527e-08,0.00074577206
7.430527e-08,0.00074361788
7.440527e-08,0.00073930951
7.450527e-08,0.00073284697
7.460527e-08,0.00072279412
7.470527e-08,0.00071130515
7.480527e-08,0.00070197036
7.490527e-08,0.00069766199
7.500527e-08,0.00069981618
7.510527e-08,0.00070915097
7.520527e-08,0.000721358
7.530527e-08,0.00073141085
7.540527e-08,0.00073428309
7.550527e-08,0.00072782054
7.560527e-08,0.00071130515
7.570527e-08,0.00068904527
7.580527e-08,0.00066534926
7.590527e-08,0.00064452551
7.600527e-08,0.00063016429
7.610527e-08,0.00062154756
7.620527e-08,0.00061939338
7.630527e-08,0.00062154756
7.640527e-08,0.00062729205
7.650527e-08,0.00063447266
7.660527e-08,0.00064237132
7.670527e-08,0.00064739775
7.680527e-08,0.00064596163
7.690527e-08,0.00063662684
7.700527e-08,0.00061939338
7.710527e-08,0.0005971335
7.720527e-08,0.00057415556
7.730527e-08,0.00055764017
7.740527e-08,0.00055045956
7.750527e-08,0.00055189568
7.760527e-08,0.00055835823
7.770527e-08,0.00056338465
7.780527e-08,0.00056194853
7.790527e-08,0.00055117762
7.800527e-08,0.00053466222
7.810527e-08,0.00051671071
7.820527e-08,0.00050450368
7.830527e-08,0.00050163143
7.840527e-08,0.00050809398
7.850527e-08,0.00051886489
7.860527e-08,0.00052748162
7.870527e-08,0.00052819968
7.880527e-08,0.00051958295
7.890527e-08,0.00050234949
7.900527e-08,0.00048152574
7.910527e-08,0.00046285616
7.920527e-08,0.00045136719
7.930527e-08,0.00044634076
7.940527e-08,0.00044705882
7.950527e-08,0.00044993107
7.960527e-08,0.00045208525
7.970527e-08,0.00045064913
7.980527e-08,0.00044705882
7.990527e-08,0.00044131434
8.000527e-08,0.00043556985
8.010527e-08,0.00042982537
8.020527e-08,0.00042408088
8.030527e-08,0.00041905446
8.040527e-08,0.00041330997
8.050527e-08,0.00040756549
8.060527e-08,0.00040110294
8.070527e-08,0.00039535846
8.080527e-08,0.00038889591
8.090527e-08,0.00038315142
8.100527e-08,0.000378125
8.110527e-08,0.00037381664
8.120527e-08,0.00037238051
8.130527e-08,0.00037381664
8.140527e-08,0.000378125
8.150527e-08,0.00038458755
8.160527e-08,0.00039033203
8.170527e-08,0.00039320427
8.180527e-08,0.00038961397
8.190527e-08,0.00038027918
8.200527e-08,0.00036519991
8.210527e-08,0.00034796645
8.220527e-08,0.00033216912
8.230527e-08,0.00031996209
8.240527e-08,0.00031206342
8.250527e-08,0.00030919118
8.260527e-08,0.00030919118
8.270527e-08,0.0003106273
8.280527e-08,0.00031134536
8.290527e-08,0.00031134536
8.300527e-08,0.00030919118
8.310527e-08,0.00030416475
8.320527e-08,0.00029554802
8.330527e-08,0.00028190487
8.340527e-08,0.00026323529
8.350527e-08,0.00024097541
8.360527e-08,0.00021584329
8.370527e-08,0.00019214729
8.380527e-08,0.00017132353
8.390527e-08,0.00015552619
8.400527e-08,0.00014475528
8.410527e-08,0.0001390108
8.420527e-08,0.00013685662
8.430527e-08,0.00013757468
8.440527e-08,0.00014044692
8.450527e-08,0.00014475528
8.460527e-08,0.00014834559
8.470527e-08,0.00014978171
8.480527e-08,0.00014762753
8.490527e-08,0.0001390108
8.500527e-08,0.00012536765
8.510527e-08,0.00010741613
8.520527e-08,8.8746553e-05
8.530527e-08,7.0795037e-05
8.540527e-08,5.6433824e-05
8.550527e-08,4.4944853e-05
8.560527e-08,3.4892004e-05
8.570527e-08,2.3403033e-05
8.580527e-08,1.0477941e-05
8.590527e-08,-4.6013327e-06
8.600527e-08,-1.8962546e-05
8.610527e-08,-2.9733456e-05
8.620527e-08,-3.5477941e-05
8.630527e-08,-3.6196002e-05
8.640527e-08,-3.4759881e-05
8.650527e-08,-3.3323759e-05
8.660527e-08,-3.5477941e-05
8.670527e-08,-4.1222426e-05
8.680527e-08,-4.9839154e-05
8.690527e-08,-5.63017e-05
8.700527e-08,-5.8455882e-05
8.710527e-08,-5.4865579e-05
8.720527e-08,-4.553079e-05
8.730527e-08,-3.404182e-05
8.740527e-08,-2.3988971e-05
8.750527e-08,-1.7526425e-05
8.760527e-08,-1.3936121e-05
8.770527e-08,-1.3218061e-05
8.780527e-08,-1.25e-05
8.790527e-08,-1.0345818e-05
8.800527e-08,-8.191636e-06
8.810527e-08,-8.191636e-06
8.820527e-08,-1.25e-05
8.830527e-08,-2.2552849e-05
8.840527e-08,-3.7632123e-05
8.850527e-08,-5.4865579e-05
8.860527e-08,-6.9944853e-05
8.870527e-08,-7.9279642e-05
8.880527e-08,-8.0715763e-05
8.890527e-08,-7.712546e-05
8.900527e-08,-6.9944853e-05
8.910527e-08,-6.3482307e-05
8.920527e-08,-6.1328125e-05
8.930527e-08,-6.3482307e-05
8.940527e-08,-6.9944853e-05
8.950527e-08,-7.9997702e-05
8.960527e-08,-9.1486673e-05
8.970527e-08,-0.0001036937
8.980527e-08,-0.00011590074
8.990527e-08,-0.00012882583
9.000527e-08,-0.00014318704
9.010527e-08,-0.00015754825
9.020527e-08,-0.00017334559
9.030527e-08,-0.00018914292
9.040527e-08,-0.00020494026
9.050527e-08,-0.00021858341
9.060527e-08,-0.00023079044
9.070527e-08,-0.00024012523
9.080527e-08,-0.00024586972
9.090527e-08,-0.00025017808
9.100527e-08,-0.00025376838
9.110527e-08,-0.00025951287
9.120527e-08,-0.00026956572
9.130527e-08,-0.00028392693
9.140527e-08,-0.00029972426
9.150527e-08,-0.00031408548
9.160527e-08,-0.00032342027
9.170527e-08,-0.00032557445
9.180527e-08,-0.00032270221
9.190527e-08,-0.00031767578
9.200527e-08,-0.00031408548
9.210527e-08,-0.00031623966
9.220527e-08,-0.00032270221
9.230527e-08,-0.00033060087
9.240527e-08,-0.00033490924
9.250527e-08,-0.00033203699
9.260527e-08,-0.00032270221
9.270527e-08,-0.00031049517
9.280527e-08,-0.00030331457
9.290527e-08,-0.00030690487
9.300527e-08,-0.00032270221
9.310527e-08,-0.00034711627
9.320527e-08,-0.00037224839
9.330527e-08,-0.00038948185
9.340527e-08,-0.00039163603
9.350527e-08,-0.00038014706
9.360527e-08,-0.00036075942
9.370527e-08,-0.0003428079
9.380527e-08,-0.00033419118
9.390527e-08,-0.00033849954
9.400527e-08,-0.00035286075
9.410527e-08,-0.00037296645
9.420527e-08,-0.00039163603
9.430527e-08,-0.00040599724
9.440527e-08,-0.00041676815
9.450527e-08,-0.00042610294
9.460527e-08,-0.00043759191
9.470527e-08,-0.00045267119
9.480527e-08,-0.00046846852
9.490527e-08,-0.00048354779
9.500527e-08,-0.00049503676
9.510527e-08,-0.00050293543
9.520527e-08,-0.00051011604
9.530527e-08,-0.00051873277
9.540527e-08,-0.00052950368
9.550527e-08,-0.00054099265
9.560527e-08,-0.00054817325
9.570527e-08,-0.00054817325
9.580527e-08,-0.00054099265
9.590527e-08,-0.00053237592
9.600527e-08,-0.0005309398
9.610527e-08,-0.00054458295
9.620527e-08,-0.00057545956
9.630527e-08,-0.0006185432
9.640527e-08,-0.00066019072
9.650527e-08,-0.00068747702
9.660527e-08,-0.00069034926
9.670527e-08,-0.00066880744
9.680527e-08,-0.00063218635
9.690527e-08,-0.00059628332
9.700527e-08,-0.00057545956
9.710527e-08,-0.00057545956
9.720527e-08,-0.00059269301
9.730527e-08,-0.00061567096
9.740527e-08,-0.00063290441
9.750527e-08,-0.00063577665
9.760527e-08,-0.00062572381
9.770527e-08,-0.00060992647
9.780527e-08,-0.0005984375
9.790527e-08,-0.00059915556
9.800527e-08,-0.00061208065
9.810527e-08,-0.00063003217
9.820527e-08,-0.00064439338
9.830527e-08,-0.00064726562
9.840527e-08,-0.00063721278
9.850527e-08,-0.0006185432
9.860527e-08,-0.0005984375
9.870527e-08,-0.00058407629
9.880527e-08,-0.00057689568
9.890527e-08,-0.00057545956
9.900527e-08,-0.00057545956
9.910527e-08,-0.00057330538
9.920527e-08,-0.00056971507
9.930527e-08,-0.00056899701
9.940527e-08,-0.00057545956
9.950527e-08,-0.00059197495
9.960527e-08,-0.00061710708
9.970527e-08,-0.00064439338
9.980527e-08,-0.00066737132
9.990527e-08,-0.00068029642
1.000053e-07,-0.00068316866
1.001053e-07,-0.00068101448
1.002053e-07,-0.00067886029
1.003053e-07,-0.0006824506
1.004053e-07,-0.00069322151
1.005053e-07,-0.00070830078
1.006053e-07,-0.00072481618
1.007053e-07,-0.00073917739
1.008053e-07,-0.00075138442
1.009053e-07,-0.00076502757
1.010053e-07,-0.00078226103
1.011053e-07,-0.00080595703
1.012053e-07,-0.0008339614
1.013053e-07,-0.00086268382
1.014053e-07,-0.00088566176
1.015053e-07,-0.00090074104
1.016053e-07,-0.00090720358
1.017053e-07,-0.00090863971
1.018053e-07,-0.00090863971
1.019053e-07,-0.00091151195
1.020053e-07,-0.00091869256
1.021053e-07,-0.00092946347
1.022053e-07,-0.00094310662
1.023053e-07,-0.00095890395
1.024053e-07,-0.00097900965
1.025053e-07,-0.0010041418
1.026053e-07,-0.0010350184
1.027053e-07,-0.0010680492
1.028053e-07,-0.0010974897
1.029053e-07,-0.0011183134
1.030053e-07,-0.0011269301
1.031053e-07,-0.001125494
1.032053e-07,-0.0011204676
1.033053e-07,-0.0011183134
1.034053e-07,-0.0011269301
1.035053e-07,-0.0011455997
1.036053e-07,-0.0011707318
1.037053e-07,-0.0011937098
1.038053e-07,-0.0012073529
1.039053e-07,-0.0012102252
1.040053e-07,-0.0012059168
1.041053e-07,-0.0012023265
1.042053e-07,-0.0012073529
1.043053e-07,-0.0012260225
1.044053e-07,-0.0012561811
1.045053e-07,-0.001290648
1.046053e-07,-0.0013222426
1.047053e-07,-0.0013430664
1.048053e-07,-0.0013516831
1.049053e-07,-0.0013509651
1.050053e-07,-0.0013452206
1.051053e-07,-0.0013394761
1.052053e-07,-0.0013358858
1.053053e-07,-0.0013344497
1.054053e-07,-0.0013337316
1.055053e-07,-0.0013344497
1.056053e-07,-0.0013366039
1.057053e-07,-0.0013445025
1.058053e-07,-0.0013567096
1.059053e-07,-0.0013725069
1.060053e-07,-0.0013868681
1.061053e-07,-0.0013947668
1.062053e-07,-0.0013911765
1.063053e-07,-0.0013775333
1.064053e-07,-0.0013588637
1.065053e-07,-0.0013423483
1.066053e-07,-0.0013337316
1.067053e-07,-0.0013344497
1.068053e-07,-0.0013409122
1.069053e-07,-0.0013466567
1.070053e-07,-0.0013452206
1.071053e-07,-0.0013344497
1.072053e-07,-0.0013172162
1.073053e-07,-0.0012992647
1.074053e-07,-0.0012877757
1.075053e-07,-0.0012849035
1.076053e-07,-0.0012899299
1.077053e-07,-0.0012963925
1.078053e-07,-0.0012992647
1.079053e-07,-0.0012949563
1.080053e-07,-0.0012849035
1.081053e-07,-0.0012734145
1.082053e-07,-0.0012647978
1.083053e-07,-0.0012619256
1.084053e-07,-0.0012640797
1.085053e-07,-0.0012662339
1.086053e-07,-0.0012647978
1.087053e-07,-0.0012590533
1.088053e-07,-0.0012518727
1.089053e-07,-0.0012482824
1.090053e-07,-0.0012533088
1.091053e-07,-0.0012683881
1.092053e-07,-0.0012892119
1.093053e-07,-0.0013100356
1.094053e-07,-0.0013222426
1.095053e-07,-0.0013236788
1.096053e-07,-0.0013157801
1.097053e-07,-0.0013050092
1.098053e-07,-0.0012992647
1.099053e-07,-0.0013035731
1.100053e-07,-0.0013179343
1.101053e-07,-0.00133804
1.102053e-07,-0.0013567096
1.103053e-07,-0.0013703527
1.104053e-07,-0.0013775333
1.105053e-07,-0.0013832778
1.106053e-07,-0.0013911765
1.107053e-07,-0.0014062557
1.108053e-07,-0.0014292337
1.109053e-07,-0.00145652
1.110053e-07,-0.0014830882
1.111053e-07,-0.001503912
1.112053e-07,-0.0015168371
1.113053e-07,-0.0015240177
1.114053e-07,-0.0015290441
1.115053e-07,-0.0015347886
1.116053e-07,-0.0015412511
1.117053e-07,-0.0015484318
1.118053e-07,-0.0015520221
1.119053e-07,-0.0015520221
1.120053e-07,-0.0015491498
1.121053e-07,-0.0015477137
1.122053e-07,-0.0015520221
1.123053e-07,-0.0015656652
1.124053e-07,-0.001586489
1.125053e-07,-0.001610903
1.126053e-07,-0.0016324449
1.127053e-07,-0.0016453699
1.128053e-07,-0.0016482422
1.129053e-07,-0.0016424977
1.130053e-07,-0.0016324449
1.131053e-07,-0.0016231101
1.132053e-07,-0.0016188017
1.133053e-07,-0.0016180836
1.134053e-07,-0.0016209559
1.135053e-07,-0.0016238281
1.136053e-07,-0.0016267004
1.137053e-07,-0.0016288545
1.138053e-07,-0.0016324449
1.139053e-07,-0.0016389074
1.140053e-07,-0.0016489602
1.141053e-07,-0.0016590131
1.142053e-07,-0.0016669118
1.143053e-07,-0.001669784
1.144053e-07,-0.0016669118
1.145053e-07,-0.0016604492
1.146053e-07,-0.0016554228
1.147053e-07,-0.0016547047
1.148053e-07,-0.0016597312
1.149053e-07,-0.0016690659
1.150053e-07,-0.0016784007
1.151053e-07,-0.0016827091
1.152053e-07,-0.0016798369
1.153053e-07,-0.001669784
1.154053e-07,-0.0016554228
1.155053e-07,-0.0016432158
1.156053e-07,-0.0016389074
1.157053e-07,-0.0016432158
1.158053e-07,-0.0016554228
1.159053e-07,-0.0016705021
1.160053e-07,-0.001681273
1.161053e-07,-0.0016848633
1.162053e-07,-0.0016784007
1.163053e-07,-0.0016647576
1.164053e-07,-0.0016482422
1.165053e-07,-0.0016360352
1.166053e-07,-0.0016324449
1.167053e-07,-0.0016389074
1.168053e-07,-0.0016554228
1.169053e-07,-0.0016769646
1.170053e-07,-0.0017013787
1.171053e-07,-0.0017243566
1.172053e-07,-0.0017430262
1.173053e-07,-0.0017588235
1.174053e-07,-0.0017703125
1.175053e-07,-0.0017796473
1.176053e-07,-0.0017861098
1.177053e-07,-0.0017904182
1.178053e-07,-0.0017932904
1.179053e-07,-0.0017947266
1.180053e-07,-0.0017954446
1.181053e-07,-0.0017983169
1.182053e-07,-0.0018047794
1.183053e-07,-0.0018162684
1.184053e-07,-0.0018320657
1.185053e-07,-0.0018514534
1.186053e-07,-0.0018737132
1.187053e-07,-0.0018959731
1.188053e-07,-0.0019167969
1.189053e-07,-0.0019361845
1.190053e-07,-0.001954136
1.191053e-07,-0.0019706514
1.192053e-07,-0.0019857307
1.193053e-07,-0.0019993739
1.194053e-07,-0.0020115809
1.195053e-07,-0.0020223518
1.196053e-07,-0.0020324046
1.197053e-07,-0.0020438936
1.198053e-07,-0.0020575368
1.199053e-07,-0.0020740522
1.200053e-07,-0.0020934398
1.201053e-07,-0.0021121094
1.202053e-07,-0.0021264706
1.203053e-07,-0.0021336512
1.204053e-07,-0.0021329331
1.205053e-07,-0.0021257525
1.206053e-07,-0.0021149816
1.207053e-07,-0.0021063649
1.208053e-07,-0.0021027746
1.209053e-07,-0.0021063649
1.210053e-07,-0.0021149816
1.211053e-07,-0.0021243164
1.212053e-07,-0.0021300609
1.213053e-07,-0.0021300609
1.214053e-07,-0.0021264706
1.215053e-07,-0.0021221622
1.216053e-07,-0.0021235983
1.217053e-07,-0.0021322151
1.218053e-07,-0.0021494485
1.219053e-07,-0.0021709903
1.220053e-07,-0.002190378
1.221053e-07,-0.0022033031
1.222053e-07,-0.0022068934
1.223053e-07,-0.0022033031
1.224053e-07,-0.0021989947
1.225053e-07,-0.0021982767
1.226053e-07,-0.0022068934
1.227053e-07,-0.0022234088
1.228053e-07,-0.0022427964
1.229053e-07,-0.0022585938
1.230053e-07,-0.0022643382
1.231053e-07,-0.0022585938
1.232053e-07,-0.0022449506
1.233053e-07,-0.0022291533
1.234053e-07,-0.0022183824
1.235053e-07,-0.0022176643
1.236053e-07,-0.0022277171
1.237053e-07,-0.0022449506
1.238053e-07,-0.0022643382
1.239053e-07,-0.0022801356
1.240053e-07,-0.0022901884
1.241053e-07,-0.0022952148
1.242053e-07,-0.0022988051
1.243053e-07,-0.0023031135
1.244053e-07,-0.0023110122
1.245053e-07,-0.0023217831
1.246053e-07,-0.0023332721
1.247053e-07,-0.0023433249
1.248053e-07,-0.0023505055
1.249053e-07,-0.0023548139
1.250053e-07,-0.00235625
1.251053e-07,-0.0023569681
1.252053e-07,-0.0023584042
1.253053e-07,-0.0023612764
1.254053e-07,-0.002367739
1.255053e-07,-0.0023777918
1.256053e-07,-0.0023907169
1.257053e-07,-0.0024072323
1.258053e-07,-0.0024251838
1.259053e-07,-0.0024416992
1.260053e-07,-0.0024553424
1.261053e-07,-0.0024646772
1.262053e-07,-0.0024711397
1.263053e-07,-0.0024768842
1.264053e-07,-0.0024847829
1.265053e-07,-0.002498426
1.266053e-07,-0.0025170956
1.267053e-07,-0.0025386374
1.268053e-07,-0.0025587431
1.269053e-07,-0.0025752585
1.270053e-07,-0.0025860294
1.271053e-07,-0.00259321
1.272053e-07,-0.0026003906
1.273053e-07,-0.0026097254
1.274053e-07,-0.0026204963
1.275053e-07,-0.0026291131
1.276053e-07,-0.0026319853
1.277053e-07,-0.0026248047
1.278053e-07,-0.0026090074
1.279053e-07,-0.0025903378
1.280053e-07,-0.0025774127
1.281053e-07,-0.0025752585
1.282053e-07,-0.0025860294
1.283053e-07,-0.002604699
1.284053e-07,-0.0026219324
1.285053e-07,-0.002628395
1.286053e-07,-0.0026204963
1.287053e-07,-0.0026003906
1.288053e-07,-0.0025774127
1.289053e-07,-0.0025630515
1.290053e-07,-0.0025630515
1.291053e-07,-0.0025781307
1.292053e-07,-0.0025996726
1.293053e-07,-0.002616906
1.294053e-07,-0.0026204963
1.295053e-07,-0.0026090074
1.296053e-07,-0.0025874655
1.297053e-07,-0.0025652057
1.298053e-07,-0.0025515625
1.299053e-07,-0.0025501264
1.300053e-07,-0.0025587431
1.301053e-07,-0.002568796
1.302053e-07,-0.0025745404
1.303053e-07,-0.0025731043
1.304053e-07,-0.002568796
1.305053e-07,-0.0025673598
1.306053e-07,-0.0025745404
1.307053e-07,-0.0025910558
1.308053e-07,-0.0026097254
1.309053e-07,-0.0026226505
1.310053e-07,-0.0026204963
1.311053e-07,-0.0026025448
1.312053e-07,-0.0025759766
1.313053e-07,-0.0025508444
1.314053e-07,-0.0025400735
1.315053e-07,-0.0025479722
1.316053e-07,-0.0025723863
1.317053e-07,-0.0026039809
1.318053e-07,-0.0026319853
1.319053e-07,-0.0026485007
1.320053e-07,-0.0026542452
1.321053e-07,-0.0026535271
1.322053e-07,-0.0026549632
1.323053e-07,-0.0026628619
1.324053e-07,-0.0026765051
1.325053e-07,-0.0026915843
1.326053e-07,-0.0027009191
1.327053e-07,-0.0027016372
1.328053e-07,-0.0026958927
1.329053e-07,-0.0026894301
1.330053e-07,-0.0026894301
1.331053e-07,-0.0027002011
1.332053e-07,-0.0027210248
1.333053e-07,-0.0027461569
1.334053e-07,-0.0027698529
1.335053e-07,-0.0027878045
1.336053e-07,-0.0027992934
1.337053e-07,-0.0028071921
1.338053e-07,-0.0028158088
1.339053e-07,-0.0028244256
1.340053e-07,-0.0028316062
1.341053e-07,-0.0028330423
1.342053e-07,-0.0028272978
1.343053e-07,-0.0028158088
1.344053e-07,-0.002805756
1.345053e-07,-0.0028043199
1.346053e-07,-0.0028158088
1.347053e-07,-0.0028402229
1.348053e-07,-0.0028689453
1.349053e-07,-0.0028940774
1.350053e-07,-0.0029077206
1.351053e-07,-0.0029084386
1.352053e-07,-0.002901258
1.353053e-07,-0.0028947955
1.354053e-07,-0.0028962316
1.355053e-07,-0.0029055664
1.356053e-07,-0.0029184915
1.357053e-07,-0.002924954
1.358053e-07,-0.0029192096
1.359053e-07,-0.0029019761
1.360053e-07,-0.0028797162
1.361053e-07,-0.0028632008
1.362053e-07,-0.0028617647
1.363053e-07,-0.0028761259
1.364053e-07,-0.0028991039
1.365053e-07,-0.0029206457
1.366053e-07,-0.0029306985
1.367053e-07,-0.0029263902
1.368053e-07,-0.002912747
1.369053e-07,-0.0028998219
1.370053e-07,-0.0028962316
1.371053e-07,-0.0029041303
1.372053e-07,-0.0029170554
1.373053e-07,-0.002924954
1.374053e-07,-0.0029192096
1.375053e-07,-0.0028991039
1.376053e-07,-0.0028718176
1.377053e-07,-0.0028517119
1.378053e-07,-0.0028502757
1.379053e-07,-0.0028718176
1.380053e-07,-0.0029098748
1.381053e-07,-0.0029500862
1.382053e-07,-0.0029766544
1.383053e-07,-0.0029816808
1.384053e-07,-0.0029673196
1.385053e-07,-0.0029457778
1.386053e-07,-0.0029306985
1.387053e-07,-0.0029314166
1.388053e-07,-0.0029472139
1.389053e-07,-0.0029709099
1.390053e-07,-0.0029881434
1.391053e-07,-0.0029902976
1.392053e-07,-0.0029759364
1.393053e-07,-0.0029522403
1.394053e-07,-0.0029306985
1.395053e-07,-0.0029213637
1.396053e-07,-0.0029285443
1.397053e-07,-0.0029493681
1.398053e-07,-0.0029766544
1.399053e-07,-0.0030032227
1.400053e-07,-0.0030254825
1.401053e-07,-0.003042716
1.402053e-07,-0.0030570772
1.403053e-07,-0.0030700023
1.404053e-07,-0.0030800551
1.405053e-07,-0.0030843635
1.406053e-07,-0.0030800551
1.407053e-07,-0.0030685662
1.408053e-07,-0.0030556411
1.409053e-07,-0.0030498966
1.410053e-07,-0.0030570772
1.411053e-07,-0.003077901
1.412053e-07,-0.0031073415
1.413053e-07,-0.0031339097
1.414053e-07,-0.003148989
1.415053e-07,-0.003148989
1.416053e-07,-0.0031382181
1.417053e-07,-0.0031274472
1.418053e-07,-0.003126011
1.419053e-07,-0.0031403722
1.420053e-07,-0.0031669405
1.421053e-07,-0.003196381
1.422053e-07,-0.0032179228
1.423053e-07,-0.0032229492
1.424053e-07,-0.0032114602
1.425053e-07,-0.0031913545
1.426053e-07,-0.0031719669
1.427053e-07,-0.0031633502
1.428053e-07,-0.0031690947
1.429053e-07,-0.0031856101
1.430053e-07,-0.0032064338
1.431053e-07,-0.0032243853
1.432053e-07,-0.0032344382
1.433053e-07,-0.0032394646
1.434053e-07,-0.0032409007
1.435053e-07,-0.0032430549
1.436053e-07,-0.0032466452
1.437053e-07,-0.0032509536
1.438053e-07,-0.0032523897
1.439053e-07,-0.0032502355
1.440053e-07,-0.0032459272
1.441053e-07,-0.0032416188
1.442053e-07,-0.0032409007
1.443053e-07,-0.003244491
1.444053e-07,-0.0032509536
1.445053e-07,-0.0032581342
1.446053e-07,-0.0032638787
1.447053e-07,-0.003268187
1.448053e-07,-0.0032739315
1.449053e-07,-0.0032832663
1.450053e-07,-0.0032983456
1.451053e-07,-0.003314861
1.452053e-07,-0.0033277861
1.453053e-07,-0.0033306583
1.454053e-07,-0.0033213235
1.455053e-07,-0.003302654
1.456053e-07,-0.0032825483
1.457053e-07,-0.0032710593
1.458053e-07,-0.0032753676
1.459053e-07,-0.0032947553
1.460053e-07,-0.0033227597
1.461053e-07,-0.003350046
1.462053e-07,-0.0033672794
1.463053e-07,-0.0033730239
1.464053e-07,-0.0033715878
1.465053e-07,-0.0033708697
1.466053e-07,-0.0033787684
1.467053e-07,-0.003397438
1.468053e-07,-0.0034225701
1.469053e-07,-0.003445548
1.470053e-07,-0.0034591912
1.471053e-07,-0.0034613454
1.472053e-07,-0.003457037
1.473053e-07,-0.0034541648
1.474053e-07,-0.0034591912
1.475053e-07,-0.0034757066
1.476053e-07,-0.0034979665
1.477053e-07,-0.0035180722
1.478053e-07,-0.003528125
1.479053e-07,-0.0035245347
1.480053e-07,-0.0035123277
1.481053e-07,-0.0034986845
1.482053e-07,-0.0034936581
1.483053e-07,-0.0034994026
1.484053e-07,-0.0035130457
1.485053e-07,-0.0035252528
1.486053e-07,-0.003528125
1.487053e-07,-0.0035173541
1.488053e-07,-0.0034965303
1.489053e-07,-0.0034742705
1.490053e-07,-0.0034591912
1.491053e-07,-0.003457037
1.492053e-07,-0.0034649357
1.493053e-07,-0.0034764246
1.494053e-07,-0.0034821691
1.495053e-07,-0.0034771427
1.496053e-07,-0.0034613454
1.497053e-07,-0.0034412397
1.498053e-07,-0.0034247243
1.499053e-07,-0.0034161075
1.500053e-07,-0.0034146714
1.501053e-07,-0.0034153895
1.502053e-07,-0.0034132353
1.503053e-07,-0.0034046186
1.504053e-07,-0.0033916935
1.505053e-07,-0.0033809226
1.506053e-07,-0.0033787684
1.507053e-07,-0.0033888212
1.508053e-07,-0.0034074908
1.509053e-07,-0.0034297507
1.510053e-07,-0.0034477022
1.511053e-07,-0.0034577551
1.512053e-07,-0.0034606273
1.513053e-07,-0.0034627815
1.514053e-07,-0.0034706801
1.515053e-07,-0.0034864775
1.516053e-07,-0.0035073012
1.517053e-07,-0.0035266889
1.518053e-07,-0.003539614
1.519053e-07,-0.0035432043
1.520053e-07,-0.0035410501
1.521053e-07,-0.0035410501
1.522053e-07,-0.0035511029
1.523053e-07,-0.0035747989
1.524053e-07,-0.0036078297
1.525053e-07,-0.0036415786
1.526053e-07,-0.0036659926
1.527053e-07,-0.0036738913
1.528053e-07,-0.0036652746
1.529053e-07,-0.0036480411
1.530053e-07,-0.0036315257
1.531053e-07,-0.003622909
1.532053e-07,-0.0036250632
1.533053e-07,-0.0036336799
1.534053e-07,-0.0036430147
1.535053e-07,-0.0036458869
1.536053e-07,-0.0036415786
1.537053e-07,-0.0036308077
1.538053e-07,-0.0036200368
1.539053e-07,-0.0036142923
1.540053e-07,-0.0036171645
1.541053e-07,-0.0036272174
1.542053e-07,-0.0036430147
1.543053e-07,-0.0036602482
1.544053e-07,-0.0036767636
1.545053e-07,-0.0036904067
1.546053e-07,-0.0037004596
1.547053e-07,-0.0037040499
1.548053e-07,-0.0036997415
1.549053e-07,-0.0036860983
1.550053e-07,-0.0036659926
1.551053e-07,-0.0036444508
1.552053e-07,-0.0036279354
1.553053e-07,-0.0036236271
1.554053e-07,-0.0036315257
1.555053e-07,-0.0036480411
1.556053e-07,-0.0036645565
1.557053e-07,-0.0036724552
1.558053e-07,-0.0036659926
1.559053e-07,-0.0036480411
1.560053e-07,-0.0036264993
1.561053e-07,-0.00361142
1.562053e-07,-0.0036085478
1.563053e-07,-0.0036186006
1.564053e-07,-0.0036336799
1.565053e-07,-0.0036444508
1.566053e-07,-0.0036430147
1.567053e-07,-0.0036286535
1.568053e-07,-0.0036078297
1.569053e-07,-0.0035913143
1.570053e-07,-0.0035855699
1.571053e-07,-0.0035941866
1.572053e-07,-0.003610702
1.573053e-07,-0.0036257812
1.574053e-07,-0.0036315257
1.575053e-07,-0.0036250632
1.576053e-07,-0.00361142
1.577053e-07,-0.0035999311
1.578053e-07,-0.0035970588
1.579053e-07,-0.0036056756
1.580053e-07,-0.0036207548
1.581053e-07,-0.0036322438
1.582053e-07,-0.0036315257
1.583053e-07,-0.0036164465
1.584053e-07,-0.0035934685
1.585053e-07,-0.0035719267
1.586053e-07,-0.0035625919
1.587053e-07,-0.0035704906
1.588053e-07,-0.0035927505
1.589053e-07,-0.0036207548
1.590053e-07,-0.0036430147
1.591053e-07,-0.0036552217
1.592053e-07,-0.0036566579
1.593053e-07,-0.0036545037
1.594053e-07,-0.0036545037
1.595053e-07,-0.003658094
1.596053e-07,-0.0036616843
1.597053e-07,-0.003658812
1.598053e-07,-0.0036430147
1.599053e-07,-0.0036150103
1.600053e-07,-0.0035841337
1.601053e-07,-0.0035625919
1.602053e-07,-0.0035625919
1.603053e-07,-0.003587724
1.604053e-07,-0.0036315257
1.605053e-07,-0.0036789177
1.606053e-07,-0.0037119485
1.607053e-07,-0.0037205653
1.608053e-07,-0.0037040499
1.609053e-07,-0.0036731733
1.610053e-07,-0.0036430147
1.611053e-07,-0.0036272174
1.612053e-07,-0.0036322438
1.613053e-07,-0.0036523495
1.614053e-07,-0.0036774816
1.615053e-07,-0.0036954331
1.616053e-07,-0.0036997415
1.617053e-07,-0.0036911248
1.618053e-07,-0.0036774816
1.619053e-07,-0.0036674288
1.620053e-07,-0.0036674288
1.621053e-07,-0.0036796358
1.622053e-07,-0.0037004596
1.623053e-07,-0.0037227194
1.624053e-07,-0.0037421071
1.625053e-07,-0.003753596
1.626053e-07,-0.0037579044
1.627053e-07,-0.0037564683
1.628053e-07,-0.0037514419
1.629053e-07,-0.0037435432
1.630053e-07,-0.0037349265
1.631053e-07,-0.0037270278
1.632053e-07,-0.0037234375
1.633053e-07,-0.0037255917
1.634053e-07,-0.0037349265
1.635053e-07,-0.0037500057
1.636053e-07,-0.0037658031
1.637053e-07,-0.003777292
1.638053e-07,-0.0037808824
1.639053e-07,-0.003776574
1.640053e-07,-0.0037679573
1.641053e-07,-0.0037600586
1.642053e-07,-0.0037579044
1.643053e-07,-0.0037629308
1.644053e-07,-0.0037715476
1.645053e-07,-0.0037794462
1.646053e-07,-0.0037808824
1.647053e-07,-0.0037758559
1.648053e-07,-0.0037679573
1.649053e-07,-0.0037636489
1.650053e-07,-0.0037693934
1.651053e-07,-0.003788063
1.652053e-07,-0.0038160673
1.653053e-07,-0.0038469439
1.654053e-07,-0.0038727941
1.655053e-07,-0.0038878734
1.656053e-07,-0.0038907456
1.657053e-07,-0.0038842831
1.658053e-07,-0.0038727941
1.659053e-07,-0.0038613051
1.660053e-07,-0.0038519704
1.661053e-07,-0.0038440717
1.662053e-07,-0.0038383272
1.663053e-07,-0.0038347369
1.664053e-07,-0.003836173
1.665053e-07,-0.0038447898
1.666053e-07,-0.0038613051
1.667053e-07,-0.0038842831
1.668053e-07,-0.0039094152
1.669053e-07,-0.0039295209
1.670053e-07,-0.0039417279
1.671053e-07,-0.0039446002
1.672053e-07,-0.0039410099
1.673053e-07,-0.0039352654
1.674053e-07,-0.003930239
1.675053e-07,-0.0039252125
1.676053e-07,-0.0039180319
1.677053e-07,-0.0039043888
1.678053e-07,-0.0038842831
1.679053e-07,-0.0038613051
1.680053e-07,-0.0038426356
1.681053e-07,-0.0038376091
1.682053e-07,-0.0038498162
1.683053e-07,-0.0038778205
1.684053e-07,-0.0039130055
1.685053e-07,-0.0039446002
1.686053e-07,-0.0039647059
1.687053e-07,-0.0039690142
1.688053e-07,-0.0039618336
1.689053e-07,-0.0039503447
1.690053e-07,-0.0039417279
1.691053e-07,-0.0039381376
1.692053e-07,-0.0039381376
1.693053e-07,-0.0039367015
1.694053e-07,-0.003930239
1.695053e-07,-0.00391875
1.696053e-07,-0.003906543
1.697053e-07,-0.0039015165
1.698053e-07,-0.003907261
1.699053e-07,-0.0039237764
1.700053e-07,-0.0039460363
1.701053e-07,-0.0039654239
1.702053e-07,-0.0039761949
1.703053e-07,-0.003977631
1.704053e-07,-0.0039740407
1.705053e-07,-0.0039718865
1.706053e-07,-0.0039761949
1.707053e-07,-0.0039862477
1.708053e-07,-0.0039955825
1.709053e-07,-0.0039970186
1.710053e-07,-0.0039876838
1.711053e-07,-0.0039704504
1.712053e-07,-0.003953935
1.713053e-07,-0.0039496266
1.714053e-07,-0.0039647059
1.715053e-07,-0.0039963006
1.716053e-07,-0.0040343578
1.717053e-07,-0.0040652344
1.718053e-07,-0.0040795956
1.719053e-07,-0.0040752872
1.720053e-07,-0.0040594899
1.721053e-07,-0.0040458467
1.722053e-07,-0.0040451287
1.723053e-07,-0.0040587718
1.724053e-07,-0.0040810317
1.725053e-07,-0.0040989832
1.726053e-07,-0.0041025735
1.727053e-07,-0.0040896484
1.728053e-07,-0.0040666705
1.729053e-07,-0.0040480009
1.730053e-07,-0.0040451287
1.731053e-07,-0.0040616441
1.732053e-07,-0.0040918026
1.733053e-07,-0.0041212431
1.734053e-07,-0.0041370404
1.735053e-07,-0.0041334501
1.736053e-07,-0.0041140625
1.737053e-07,-0.0040918026
1.738053e-07,-0.0040795956
1.739053e-07,-0.004083904
1.740053e-07,-0.0041018555
1.741053e-07,-0.0041233973
1.742053e-07,-0.0041370404
1.743053e-07,-0.0041363224
1.744053e-07,-0.0041233973
1.745053e-07,-0.004108318
1.746053e-07,-0.0041025735
1.747053e-07,-0.0041126264
1.748053e-07,-0.0041356043
1.749053e-07,-0.0041628906
1.750053e-07,-0.0041829963
1.751053e-07,-0.0041887408
1.752053e-07,-0.0041815602
1.753053e-07,-0.0041686351
1.754053e-07,-0.0041600184
1.755053e-07,-0.0041607364
1.756053e-07,-0.0041700712
1.757053e-07,-0.0041801241
1.758053e-07,-0.0041829963
1.759053e-07,-0.0041729435
1.760053e-07,-0.0041528378
1.761053e-07,-0.0041305779
1.762053e-07,-0.0041140625
1.763053e-07,-0.0041097541
1.764053e-07,-0.0041162167
1.765053e-07,-0.0041277057
1.766053e-07,-0.0041370404
1.767053e-07,-0.0041399127
1.768053e-07,-0.0041384766
1.769053e-07,-0.0041356043
1.770053e-07,-0.0041370404
1.771053e-07,-0.0041420669
1.772053e-07,-0.0041463752
1.773053e-07,-0.0041427849
1.774053e-07,-0.0041255515
1.775053e-07,-0.0040975471
1.776053e-07,-0.0040673886
1.777053e-07,-0.0040465648
1.778053e-07,-0.0040451287
1.779053e-07,-0.0040645163
1.780053e-07,-0.004096111
1.781053e-07,-0.0041284237
1.782053e-07,-0.0041485294
1.783053e-07,-0.0041521197
1.784053e-07,-0.0041427849
1.785053e-07,-0.0041305779
1.786053e-07,-0.0041255515
1.787053e-07,-0.004131296
1.788053e-07,-0.0041427849
1.789053e-07,-0.0041514017
1.790053e-07,-0.0041485294
1.791053e-07,-0.004132014
1.792053e-07,-0.004108318
1.793053e-07,-0.0040910846
1.794053e-07,-0.0040910846
1.795053e-07,-0.0041126264
1.796053e-07,-0.0041499655
1.797053e-07,-0.0041894589
1.798053e-07,-0.0042174632
1.799053e-07,-0.00422608
1.800053e-07,-0.0042160271
1.801053e-07,-0.0041980756
1.802053e-07,-0.0041829963
1.803053e-07,-0.0041779699
1.804053e-07,-0.0041829963
1.805053e-07,-0.004190895
1.806053e-07,-0.0041944853
1.807053e-07,-0.0041901769
1.808053e-07,-0.0041808421
1.809053e-07,-0.0041758157
1.810053e-07,-0.0041829963
1.811053e-07,-0.0042059743
1.812053e-07,-0.0042397231
1.813053e-07,-0.00427419
1.814053e-07,-0.004297886
1.815053e-07,-0.0043065028
1.816053e-07,-0.0043021944
1.817053e-07,-0.0042964499
1.818053e-07,-0.004297886
1.819053e-07,-0.0043122472
1.820053e-07,-0.0043352252
1.821053e-07,-0.0043574851
1.822053e-07,-0.0043668199
1.823053e-07,-0.0043589212
1.824053e-07,-0.0043366613
1.825053e-07,-0.0043122472
1.826053e-07,-0.004297886
1.827053e-07,-0.0043021944
1.828053e-07,-0.0043251723
1.829053e-07,-0.0043589212
1.830053e-07,-0.0043897978
1.831053e-07,-0.0044091854
1.832053e-07,-0.0044142119
1.833053e-07,-0.0044091854
1.834053e-07,-0.0044012868
1.835053e-07,-0.0043969784
1.836053e-07,-0.0043962603
1.837053e-07,-0.0043955423
1.838053e-07,-0.0043897978
1.839053e-07,-0.0043754366
1.840053e-07,-0.0043560489
1.841053e-07,-0.0043388155
1.842053e-07,-0.0043323529
1.843053e-07,-0.0043416877
1.844053e-07,-0.0043639476
1.845053e-07,-0.0043912339
1.846053e-07,-0.0044127757
1.847053e-07,-0.0044206744
1.848053e-07,-0.0044134938
1.849053e-07,-0.0043962603
1.850053e-07,-0.0043783088
1.851053e-07,-0.0043661018
1.852053e-07,-0.0043625115
1.853053e-07,-0.0043646657
1.854053e-07,-0.0043668199
1.855053e-07,-0.0043646657
1.856053e-07,-0.0043582031
1.857053e-07,-0.0043488683
1.858053e-07,-0.0043438419
1.859053e-07,-0.0043467142
1.860053e-07,-0.0043589212
1.861053e-07,-0.0043783088
1.862053e-07,-0.0044012868
1.863053e-07,-0.0044235466
1.864053e-07,-0.0044422162
1.865053e-07,-0.0044580136
1.866053e-07,-0.0044702206
1.867053e-07,-0.0044759651
1.868053e-07,-0.0044738109
1.869053e-07,-0.0044601677
1.870053e-07,-0.0044357537
1.871053e-07,-0.0044063132
1.872053e-07,-0.0043811811
1.873053e-07,-0.0043704102
1.874053e-07,-0.0043783088
1.875053e-07,-0.0044048771
1.876053e-07,-0.0044429343
1.877053e-07,-0.0044795554
1.878053e-07,-0.0045046875
1.879053e-07,-0.0045147403
1.880053e-07,-0.0045125862
1.881053e-07,-0.0045061236
1.882053e-07,-0.0045046875
1.883053e-07,-0.0045118681
1.884053e-07,-0.0045262293
1.885053e-07,-0.0045413086
1.886053e-07,-0.0045506434
1.887053e-07,-0.0045506434
1.888053e-07,-0.0045441808
1.889053e-07,-0.0045384364
1.890053e-07,-0.0045391544
1.891053e-07,-0.0045506434
1.892053e-07,-0.0045707491
1.893053e-07,-0.004593009
1.894053e-07,-0.0046080882
1.895053e-07,-0.0046123966
1.896053e-07,-0.0046066521
1.897053e-07,-0.0045958812
1.898053e-07,-0.0045851103
1.899053e-07,-0.0045786477
1.900053e-07,-0.0045750574
1.901053e-07,-0.0045714671
1.902053e-07,-0.0045621324
1.903053e-07,-0.004546335
1.904053e-07,-0.0045276654
1.905053e-07,-0.0045118681
1.906053e-07,-0.0045046875
1.907053e-07,-0.0045082778
1.908053e-07,-0.0045204848
1.909053e-07,-0.0045326919
1.910053e-07,-0.0045391544
1.911053e-07,-0.0045355641
1.912053e-07,-0.004522639
1.913053e-07,-0.0045068417
1.914053e-07,-0.0044931985
1.915053e-07,-0.0044852999
1.916053e-07,-0.0044809915
1.917053e-07,-0.0044774012
1.918053e-07,-0.0044702206
1.919053e-07,-0.0044580136
1.920053e-07,-0.0044436523
1.921053e-07,-0.0044343176
1.922053e-07,-0.0044357537
1.923053e-07,-0.0044501149
1.924053e-07,-0.004475247
1.925053e-07,-0.0045032514
1.926053e-07,-0.0045276654
1.927053e-07,-0.0045434628
1.928053e-07,-0.0045506434
1.929053e-07,-0.0045513614
1.930053e-07,-0.0045506434
1.931053e-07,-0.0045492073
1.932053e-07,-0.0045470531
1.933053e-07,-0.0045398725
1.934053e-07,-0.0045276654
1.935053e-07,-0.0045125862
1.936053e-07,-0.0044996611
1.937053e-07,-0.0044953527
1.938053e-07,-0.0045046875
1.939053e-07,-0.0045247932
1.940053e-07,-0.0045492073
1.941053e-07,-0.0045678768
1.942053e-07,-0.0045736213
1.943053e-07,-0.0045657227
1.944053e-07,-0.0045477711
1.945053e-07,-0.0045291016
1.946053e-07,-0.0045161765
1.947053e-07,-0.0045125862
1.948053e-07,-0.0045154584
1.949053e-07,-0.0045183307
1.950053e-07,-0.0045161765
1.951053e-07,-0.0045082778
1.952053e-07,-0.0044996611
1.953053e-07,-0.0044967888
1.954053e-07,-0.0045046875
1.955053e-07,-0.004522639
1.956053e-07,-0.0045434628
1.957053e-07,-0.0045592601
1.958053e-07,-0.0045621324
1.959053e-07,-0.0045513614
1.960053e-07,-0.0045326919
1.961053e-07,-0.0045147403
1.962053e-07,-0.0045046875
1.963053e-07,-0.0045039694
1.964053e-07,-0.0045068417
1.965053e-07,-0.0045054056
1.966053e-07,-0.0044931985
1.967053e-07,-0.0044702206
1.968053e-07,-0.0044443704
1.969053e-07,-0.0044257008
1.970053e-07,-0.0044242647
1.971053e-07,-0.0044407801
1.972053e-07,-0.0044695025
1.973053e-07,-0.004498225
1.974053e-07,-0.0045161765
1.975053e-07,-0.0045197668
1.976053e-07,-0.0045133042
1.977053e-07,-0.0045054056
1.978053e-07,-0.0045046875
1.979053e-07,-0.0045140223
1.980053e-07,-0.0045276654
1.981053e-07,-0.0045355641
1.982053e-07,-0.0045276654
1.983053e-07,-0.0045025333
1.984053e-07,-0.0044659122
1.985053e-07,-0.0044321634
1.986053e-07,-0.0044127757
1.987053e-07,-0.0044149299
1.988053e-07,-0.0044364717
1.989053e-07,-0.0044666303
1.990053e-07,-0.0044931985
1.991053e-07,-0.0045089959
1.992053e-07,-0.0045133042
1.993053e-07,-0.0045133042
1.994053e-07,-0.0045161765
1.995053e-07,-0.0045255113
1.996053e-07,-0.0045398725
1.997053e-07,-0.0045506434
1.998053e-07,-0.0045506434
1.999053e-07,-0.0045377183
2.000053e-07,-0.0045161765
2.001053e-07,-0.004498225
2.002053e-07,-0.0044931985
2.003053e-07,-0.0045082778
2.004053e-07,-0.0045405905
2.005053e-07,-0.00458152
2.006053e-07,-0.0046195772
2.007053e-07,-0.0046468635
2.008053e-07,-0.0046612247
2.009053e-07,-0.0046691234
2.010053e-07,-0.0046770221
2.011053e-07,-0.004688511
2.012053e-07,-0.0047014361
2.013053e-07,-0.004711489
2.014053e-07,-0.004711489
2.015053e-07,-0.0047007181
2.016053e-07,-0.0046827665
2.017053e-07,-0.0046684053
2.018053e-07,-0.0046655331
2.019053e-07,-0.0046798943
2.020053e-07,-0.0047071806
2.021053e-07,-0.0047409295
2.022053e-07,-0.0047689338
2.023053e-07,-0.0047861673
2.024053e-07,-0.0047911937
2.025053e-07,-0.0047911937
2.026053e-07,-0.0047919118
2.027053e-07,-0.0047983743
2.028053e-07,-0.0048098633
2.029053e-07,-0.0048206342
2.030053e-07,-0.0048263787
2.031053e-07,-0.0048249426
2.032053e-07,-0.0048191981
2.033053e-07,-0.0048177619
2.034053e-07,-0.0048263787
2.035053e-07,-0.0048479205
2.036053e-07,-0.0048787971
2.037053e-07,-0.0049089557
2.038053e-07,-0.0049297794
2.039053e-07,-0.0049355239
2.040053e-07,-0.0049290614
2.041053e-07,-0.0049168543
2.042053e-07,-0.0049068015
2.043053e-07,-0.0049053653
2.044053e-07,-0.0049118279
2.045053e-07,-0.0049218807
2.046053e-07,-0.0049297794
2.047053e-07,-0.0049326517
2.048053e-07,-0.0049304975
2.049053e-07,-0.0049283433
2.050053e-07,-0.0049297794
2.051053e-07,-0.0049355239
2.052053e-07,-0.0049419864
2.053053e-07,-0.0049448587
2.054053e-07,-0.0049412684
2.055053e-07,-0.0049326517
2.056053e-07,-0.004925471
2.057053e-07,-0.0049269072
2.058053e-07,-0.0049412684
2.059053e-07,-0.0049664005
2.060053e-07,-0.0049929687
2.061053e-07,-0.0050102022
2.062053e-07,-0.0050102022
2.063053e-07,-0.0049929687
2.064053e-07,-0.0049671186
2.065053e-07,-0.0049462948
2.066053e-07,-0.0049412684
2.067053e-07,-0.0049563477
2.068053e-07,-0.0049865062
2.069053e-07,-0.0050202551
2.070053e-07,-0.0050446691
2.071053e-07,-0.0050540039
2.072053e-07,-0.0050496955
2.073053e-07,-0.0050396427
2.074053e-07,-0.0050331801
2.075053e-07,-0.0050346163
2.076053e-07,-0.005043233
2.077053e-07,-0.0050525678
2.078053e-07,-0.0050561581
2.079053e-07,-0.0050518497
2.080053e-07,-0.0050439511
2.081053e-07,-0.0050396427
2.082053e-07,-0.0050446691
2.083053e-07,-0.0050604665
2.084053e-07,-0.0050805722
2.085053e-07,-0.0050970875
2.086053e-07,-0.005102114
2.087053e-07,-0.0050942153
2.088053e-07,-0.0050776999
2.089053e-07,-0.0050626206
2.090053e-07,-0.0050561581
2.091053e-07,-0.0050590303
2.092053e-07,-0.0050676471
2.093053e-07,-0.0050719554
2.094053e-07,-0.0050676471
2.095053e-07,-0.005054722
2.096053e-07,-0.0050403608
2.097053e-07,-0.0050346163
2.098053e-07,-0.0050446691
2.099053e-07,-0.0050683651
2.100053e-07,-0.0050963695
2.101053e-07,-0.0051150391
2.102053e-07,-0.0051136029
2.103053e-07,-0.0050920611
2.104053e-07,-0.0050597484
2.105053e-07,-0.005031744
2.106053e-07,-0.0050216912
2.107053e-07,-0.0050324621
2.108053e-07,-0.0050568761
2.109053e-07,-0.0050805722
2.110053e-07,-0.005090625
2.111053e-07,-0.0050812902
2.112053e-07,-0.0050575942
2.113053e-07,-0.0050331801
2.114053e-07,-0.0050216912
2.115053e-07,-0.0050281537
2.116053e-07,-0.0050482594
2.117053e-07,-0.0050698012
2.118053e-07,-0.005079136
2.119053e-07,-0.0050698012
2.120053e-07,-0.0050461052
2.121053e-07,-0.0050181009
2.122053e-07,-0.0049987132
2.123053e-07,-0.0049936868
2.124053e-07,-0.0049994313
2.125053e-07,-0.0050051758
2.126053e-07,-0.0049987132
2.127053e-07,-0.0049757353
2.128053e-07,-0.0049398323
2.129053e-07,-0.0049046473
2.130053e-07,-0.0048838235
2.131053e-07,-0.0048845416
2.132053e-07,-0.0049046473
2.133053e-07,-0.0049319336
2.134053e-07,-0.0049527574
2.135053e-07,-0.0049577838
2.136053e-07,-0.0049455767
2.137053e-07,-0.004924753
2.138053e-07,-0.0049068015
2.139053e-07,-0.0048996209
2.140053e-07,-0.0049039292
2.141053e-07,-0.004912546
2.142053e-07,-0.0049182904
2.143053e-07,-0.0049147001
2.144053e-07,-0.0049039292
2.145053e-07,-0.0048945944
2.146053e-07,-0.0048953125
2.147053e-07,-0.0049118279
2.148053e-07,-0.0049419864
2.149053e-07,-0.0049750172
2.150053e-07,-0.0049987132
2.151053e-07,-0.0050051758
2.152053e-07,-0.0049944049
2.153053e-07,-0.0049728631
2.154053e-07,-0.0049527574
2.155053e-07,-0.0049419864
2.156053e-07,-0.0049434226
2.157053e-07,-0.0049534754
2.158053e-07,-0.0049642463
2.159053e-07,-0.0049707089
2.160053e-07,-0.004972145
2.161053e-07,-0.004972145
2.162053e-07,-0.0049757353
2.163053e-07,-0.0049872243
2.164053e-07,-0.0050066119
2.165053e-07,-0.0050274357
2.166053e-07,-0.0050446691
2.167053e-07,-0.00505544
2.168053e-07,-0.0050611845
2.169053e-07,-0.0050676471
2.170053e-07,-0.005079136
2.171053e-07,-0.0050985237
2.172053e-07,-0.0051222197
2.173053e-07,-0.0051451976
2.174053e-07,-0.0051595588
2.175053e-07,-0.0051645852
2.176053e-07,-0.0051638672
2.177053e-07,-0.0051631491
2.178053e-07,-0.0051710478
2.179053e-07,-0.0051889993
2.180053e-07,-0.0052126953
2.181053e-07,-0.0052363913
2.182053e-07,-0.0052514706
2.183053e-07,-0.005255779
2.184053e-07,-0.0052529067
2.185053e-07,-0.0052485983
2.186053e-07,-0.0052514706
2.187053e-07,-0.0052636776
2.188053e-07,-0.0052816291
2.189053e-07,-0.0052995807
2.190053e-07,-0.0053089154
2.191053e-07,-0.0053081974
2.192053e-07,-0.0053010168
2.193053e-07,-0.0052952723
2.194053e-07,-0.0052974265
2.195053e-07,-0.0053117877
2.196053e-07,-0.0053340476
2.197053e-07,-0.0053591797
2.198053e-07,-0.0053778493
2.199053e-07,-0.0053871841
2.200053e-07,-0.0053886202
2.201053e-07,-0.0053879021
2.202053e-07,-0.0053893382
2.203053e-07,-0.0053950827
2.204053e-07,-0.0054022633
2.205053e-07,-0.0054058536
2.206053e-07,-0.0054008272
2.207053e-07,-0.0053893382
2.208053e-07,-0.0053764131
2.209053e-07,-0.0053706687
2.210053e-07,-0.0053778493
2.211053e-07,-0.0053972369
2.212053e-07,-0.005421651
2.213053e-07,-0.0054410386
2.214053e-07,-0.0054467831
2.215053e-07,-0.0054381664
2.216053e-07,-0.0054209329
2.217053e-07,-0.0054051356
2.218053e-07,-0.0054008272
2.219053e-07,-0.0054094439
2.220053e-07,-0.0054266774
2.221053e-07,-0.0054417567
2.222053e-07,-0.0054467831
2.223053e-07,-0.0054381664
2.224053e-07,-0.0054209329
2.225053e-07,-0.0054051356
2.226053e-07,-0.0054008272
2.227053e-07,-0.0054108801
2.228053e-07,-0.0054309858
2.229053e-07,-0.0054496553
2.230053e-07,-0.0054582721
2.231053e-07,-0.0054510915
2.232053e-07,-0.0054324219
2.233053e-07,-0.0054123162
2.234053e-07,-0.0054008272
2.235053e-07,-0.0054036994
2.236053e-07,-0.0054180607
2.237053e-07,-0.0054360122
2.238053e-07,-0.0054467831
2.239053e-07,-0.005445347
2.240053e-07,-0.0054324219
2.241053e-07,-0.0054144704
2.242053e-07,-0.0054008272
2.243053e-07,-0.0053950827
2.244053e-07,-0.0053958008
2.245053e-07,-0.0053958008
2.246053e-07,-0.0053893382
2.247053e-07,-0.0053735409
2.248053e-07,-0.0053527171
2.249053e-07,-0.0053362017
2.250053e-07,-0.0053318934
2.251053e-07,-0.0053441004
2.252053e-07,-0.0053692325
2.253053e-07,-0.0053950827
2.254053e-07,-0.0054123162
2.255053e-07,-0.0054137523
2.256053e-07,-0.0054001091
2.257053e-07,-0.0053807215
2.258053e-07,-0.0053663603
2.259053e-07,-0.0053642061
2.260053e-07,-0.005374977
2.261053e-07,-0.0053936466
2.262053e-07,-0.0054123162
2.263053e-07,-0.0054245232
2.264053e-07,-0.0054288316
2.265053e-07,-0.0054309858
2.266053e-07,-0.0054352941
2.267053e-07,-0.005446065
2.268053e-07,-0.0054611443
2.269053e-07,-0.0054755055
2.270053e-07,-0.00548125
2.271053e-07,-0.0054762236
2.272053e-07,-0.0054618624
2.273053e-07,-0.005445347
2.274053e-07,-0.0054352941
2.275053e-07,-0.0054374483
2.276053e-07,-0.0054518095
2.277053e-07,-0.0054726333
2.278053e-07,-0.005492739
2.279053e-07,-0.0055063821
2.280053e-07,-0.0055121266
2.281053e-07,-0.0055135627
2.282053e-07,-0.0055157169
2.283053e-07,-0.0055214614
2.284053e-07,-0.0055300781
2.285053e-07,-0.0055372587
2.286053e-07,-0.0055386949
2.287053e-07,-0.0055315142
2.288053e-07,-0.0055185892
2.289053e-07,-0.0055035099
2.290053e-07,-0.005492739
2.291053e-07,-0.0054898667
2.292053e-07,-0.005493457
2.293053e-07,-0.0054999196
2.294053e-07,-0.0055042279
2.295053e-07,-0.005504946
2.296053e-07,-0.0055020738
2.297053e-07,-0.0055013557
2.298053e-07,-0.0055042279
2.299053e-07,-0.0055128447
2.300053e-07,-0.0055228975
2.301053e-07,-0.005528642
2.302053e-07,-0.0055272059
2.303053e-07,-0.005516435
2.304053e-07,-0.0055006376
2.305053e-07,-0.0054869945
2.306053e-07,-0.00548125
2.307053e-07,-0.0054855584
2.308053e-07,-0.0054963293
2.309053e-07,-0.0055085363
2.310053e-07,-0.0055157169
2.311053e-07,-0.0055149989
2.312053e-07,-0.0055099724
2.313053e-07,-0.0055042279
2.314053e-07,-0.0055042279
2.315053e-07,-0.0055099724
2.316053e-07,-0.0055178711
2.317053e-07,-0.0055221795
2.318053e-07,-0.0055157169
2.319053e-07,-0.0054984835
2.320053e-07,-0.0054755055
2.321053e-07,-0.0054553998
2.322053e-07,-0.0054467831
2.323053e-07,-0.0054539637
2.324053e-07,-0.0054747875
2.325053e-07,-0.0055020738
2.326053e-07,-0.0055272059
2.327053e-07,-0.0055444393
2.328053e-07,-0.0055537741
2.329053e-07,-0.0055573644
2.330053e-07,-0.0055616728
2.331053e-07,-0.0055681353
2.332053e-07,-0.0055745979
2.333053e-07,-0.0055781882
2.334053e-07,-0.0055731618
2.335053e-07,-0.0055595186
2.336053e-07,-0.0055422852
2.337053e-07,-0.005528642
2.338053e-07,-0.0055272059
2.339053e-07,-0.005540131
2.340053e-07,-0.0055659812
2.341053e-07,-0.0055954216
2.342053e-07,-0.0056191176
2.343053e-07,-0.0056306066
2.344053e-07,-0.0056291705
2.345053e-07,-0.0056191176
2.346053e-07,-0.0056076287
2.347053e-07,-0.0056018842
2.348053e-07,-0.0056033203
2.349053e-07,-0.0056105009
2.350053e-07,-0.0056191176
2.351053e-07,-0.0056241441
2.352053e-07,-0.0056248621
2.353053e-07,-0.0056219899
2.354053e-07,-0.0056191176
2.355053e-07,-0.0056176815
2.356053e-07,-0.0056183996
2.357053e-07,-0.0056191176
2.358053e-07,-0.0056191176
2.359053e-07,-0.0056169635
2.360053e-07,-0.0056148093
2.361053e-07,-0.0056148093
2.362053e-07,-0.0056191176
2.363053e-07,-0.0056270163
2.364053e-07,-0.0056341969
2.365053e-07,-0.0056370692
2.366053e-07,-0.0056306066
2.367053e-07,-0.0056162454
2.368053e-07,-0.00559973
2.369053e-07,-0.0055868049
2.370053e-07,-0.0055846507
2.371053e-07,-0.0055947036
2.372053e-07,-0.0056140912
2.373053e-07,-0.0056363511
2.374053e-07,-0.0056535846
2.375053e-07,-0.0056629193
2.376053e-07,-0.0056650735
2.377053e-07,-0.0056643555
2.378053e-07,-0.0056650735
2.379053e-07,-0.0056686638
2.380053e-07,-0.0056729722
2.381053e-07,-0.0056736903
2.382053e-07,-0.0056650735
2.383053e-07,-0.005646404
2.384053e-07,-0.0056219899
2.385053e-07,-0.0055982939
2.386053e-07,-0.0055846507
2.387053e-07,-0.0055839327
2.388053e-07,-0.0055961397
2.389053e-07,-0.0056140912
2.390053e-07,-0.0056306066
2.391053e-07,-0.0056392233
2.392053e-07,-0.0056377872
2.393053e-07,-0.0056291705
2.394053e-07,-0.0056191176
2.395053e-07,-0.005611219
2.396053e-07,-0.0056069106
2.397053e-07,-0.0056033203
2.398053e-07,-0.0055961397
2.399053e-07,-0.0055817785
2.400053e-07,-0.0055609547
2.401053e-07,-0.0055372587
2.402053e-07,-0.0055157169
2.403053e-07,-0.0055013557
2.404053e-07,-0.0054956112
2.405053e-07,-0.0054977654
2.406053e-07,-0.0055042279
2.407053e-07,-0.0055099724
2.408053e-07,-0.0055121266
2.409053e-07,-0.0055099724
2.410053e-07,-0.0055042279
2.411053e-07,-0.0054963293
2.412053e-07,-0.0054869945
2.413053e-07,-0.0054776597
2.414053e-07,-0.005469761
2.415053e-07,-0.0054654527
2.416053e-07,-0.0054668888
2.417053e-07,-0.0054755055
2.418053e-07,-0.005492739
2.419053e-07,-0.0055149989
2.420053e-07,-0.0055386949
2.421053e-07,-0.0055588006
2.422053e-07,-0.0055731618
2.423053e-07,-0.0055832146
2.424053e-07,-0.0055918313
2.425053e-07,-0.0056033203
2.426053e-07,-0.0056191176
2.427053e-07,-0.0056370692
2.428053e-07,-0.0056528665
2.429053e-07,-0.005659329
2.430053e-07,-0.0056535846
2.431053e-07,-0.0056377872
2.432053e-07,-0.0056198357
2.433053e-07,-0.0056069106
2.434053e-07,-0.0056076287
2.435053e-07,-0.005623426
2.436053e-07,-0.0056499943
2.437053e-07,-0.0056787167
2.438053e-07,-0.0056995404
2.439053e-07,-0.005706721
2.440053e-07,-0.0057002585
2.441053e-07,-0.0056844612
2.442053e-07,-0.0056650735
2.443053e-07,-0.0056485581
2.444053e-07,-0.0056363511
2.445053e-07,-0.0056277344
2.446053e-07,-0.0056191176
2.447053e-07,-0.0056090648
2.448053e-07,-0.0055961397
2.449053e-07,-0.0055839327
2.450053e-07,-0.0055731618
2.451053e-07,-0.0055652631
2.452053e-07,-0.0055580825
2.453053e-07,-0.0055494658
2.454053e-07,-0.0055386949
2.455053e-07,-0.0055264878
2.456053e-07,-0.0055157169
2.457053e-07,-0.0055114085
2.458053e-07,-0.0055157169
2.459053e-07,-0.0055272059
2.460053e-07,-0.005540849
2.461053e-07,-0.0055501838
2.462053e-07,-0.0055501838
2.463053e-07,-0.0055394129
2.464053e-07,-0.0055214614
2.465053e-07,-0.0055042279
2.466053e-07,-0.005492739
2.467053e-07,-0.0054905848
2.468053e-07,-0.0054948932
2.469053e-07,-0.0055013557
2.470053e-07,-0.0055042279
2.471053e-07,-0.0054999196
2.472053e-07,-0.0054905848
2.473053e-07,-0.0054783778
2.474053e-07,-0.005469761
2.475053e-07,-0.0054654527
2.476053e-07,-0.0054661707
2.477053e-07,-0.0054683249
2.478053e-07,-0.005469761
2.479053e-07,-0.005469761
2.480053e-07,-0.0054704791
2.481053e-07,-0.0054733513
2.482053e-07,-0.00548125
2.483053e-07,-0.0054920209
2.484053e-07,-0.0055013557
2.485053e-07,-0.0055063821
2.486053e-07,-0.0055042279
2.487053e-07,-0.0054977654
2.488053e-07,-0.0054905848
2.489053e-07,-0.0054891487
2.490053e-07,-0.005492739
2.491053e-07,-0.0054992015
2.492053e-07,-0.0055006376
2.493053e-07,-0.0054913028
2.494053e-07,-0.005469761
2.495053e-07,-0.0054417567
2.496053e-07,-0.0054173426
2.497053e-07,-0.0054094439
2.498053e-07,-0.0054238051
2.499053e-07,-0.005457554
2.500053e-07,-0.0054984835
2.501053e-07,-0.0055336684
2.502053e-07,-0.0055501838
2.503053e-07,-0.0055465935
2.504053e-07,-0.0055293601
2.505053e-07,-0.0055114085
2.506053e-07,-0.0055042279
2.507053e-07,-0.0055128447
2.508053e-07,-0.0055329504
2.509053e-07,-0.005552338
2.510053e-07,-0.0055616728
2.511053e-07,-0.0055544922
2.512053e-07,-0.0055358226
2.513053e-07,-0.0055149989
2.514053e-07,-0.0055042279
2.515053e-07,-0.0055099724
2.516053e-07,-0.0055293601
2.517053e-07,-0.0055544922
2.518053e-07,-0.0055731618
2.519053e-07,-0.0055774701
2.520053e-07,-0.0055659812
2.521053e-07,-0.0055465935
2.522053e-07,-0.0055272059
2.523053e-07,-0.0055157169
2.524053e-07,-0.0055149989
2.525053e-07,-0.0055207433
2.526053e-07,-0.0055272059
2.527053e-07,-0.0055315142
2.528053e-07,-0.0055329504
2.529053e-07,-0.0055379768
2.530053e-07,-0.0055501838
2.531053e-07,-0.0055731618
2.532053e-07,-0.0056047564
2.533053e-07,-0.0056377872
2.534053e-07,-0.0056650735
2.535053e-07,-0.005683025
2.536053e-07,-0.0056930779
2.537053e-07,-0.0057002585
2.538053e-07,-0.0057110294
2.539053e-07,-0.0057275448
2.540053e-07,-0.0057483686
2.541053e-07,-0.0057684743
2.542053e-07,-0.0057799632
2.543053e-07,-0.0057813994
2.544053e-07,-0.0057756549
2.545053e-07,-0.0057691923
2.546053e-07,-0.0057684743
2.547053e-07,-0.005777091
2.548053e-07,-0.0057921703
2.549053e-07,-0.0058072495
2.550053e-07,-0.0058144301
2.551053e-07,-0.0058101218
2.552053e-07,-0.0057971967
2.553053e-07,-0.0057842716
2.554053e-07,-0.0057799632
2.555053e-07,-0.00578858
2.556053e-07,-0.0058094037
2.557053e-07,-0.0058323817
2.558053e-07,-0.0058488971
2.559053e-07,-0.0058503332
2.560053e-07,-0.005835972
2.561053e-07,-0.005812994
2.562053e-07,-0.0057914522
2.563053e-07,-0.0057806813
2.564053e-07,-0.0057835535
2.565053e-07,-0.0057979148
2.566053e-07,-0.0058144301
2.567053e-07,-0.0058230469
2.568053e-07,-0.0058180205
2.569053e-07,-0.0057979148
2.570053e-07,-0.0057684743
2.571053e-07,-0.0057375977
2.572053e-07,-0.0057117475
2.573053e-07,-0.0056952321
2.574053e-07,-0.0056880515
2.575053e-07,-0.0056880515
2.576053e-07,-0.0056902057
2.577053e-07,-0.0056909237
2.578053e-07,-0.0056880515
2.579053e-07,-0.0056801528
2.580053e-07,-0.0056665097
2.581053e-07,-0.0056492762
2.582053e-07,-0.0056306066
2.583053e-07,-0.0056133732
2.584053e-07,-0.0056011661
2.585053e-07,-0.0055961397
2.586053e-07,-0.0055961397
2.587053e-07,-0.0055990119
2.588053e-07,-0.0056004481
2.589053e-07,-0.0055954216
2.590053e-07,-0.0055846507
2.591053e-07,-0.0055702895
2.592053e-07,-0.0055588006
2.593053e-07,-0.0055544922
2.594053e-07,-0.0055616728
2.595053e-07,-0.0055774701
2.596053e-07,-0.0055968578
2.597053e-07,-0.005611937
2.598053e-07,-0.0056191176
2.599053e-07,-0.0056183996
2.600053e-07,-0.0056155273
2.601053e-07,-0.0056176815
2.602053e-07,-0.0056306066
2.603053e-07,-0.0056543026
2.604053e-07,-0.005683025
2.605053e-07,-0.0057088752
2.606053e-07,-0.0057225184
2.607053e-07,-0.0057218003
2.608053e-07,-0.0057103114
2.609053e-07,-0.0056959501
2.610053e-07,-0.0056880515
2.611053e-07,-0.005693796
2.612053e-07,-0.0057124655
2.613053e-07,-0.0057404699
2.614053e-07,-0.0057684743
2.615053e-07,-0.0057907341
2.616053e-07,-0.0058050954
2.617053e-07,-0.0058115579
2.618053e-07,-0.0058144301
2.619053e-07,-0.0058165843
2.620053e-07,-0.0058187385
2.621053e-07,-0.0058187385
2.622053e-07,-0.0058144301
2.623053e-07,-0.0058043773
2.624053e-07,-0.0057900161
2.625053e-07,-0.0057763729
2.626053e-07,-0.0057684743
2.627053e-07,-0.0057684743
2.628053e-07,-0.005777091
2.629053e-07,-0.0057907341
2.630053e-07,-0.0058029412
2.631053e-07,-0.0058108398
2.632053e-07,-0.005812276
2.633053e-07,-0.0058086857
2.634053e-07,-0.0058029412
2.635053e-07,-0.0057979148
2.636053e-07,-0.0057950425
2.637053e-07,-0.0057928883
2.638053e-07,-0.0057914522
2.639053e-07,-0.005789298
2.640053e-07,-0.0057871438
2.641053e-07,-0.0057871438
2.642053e-07,-0.0057914522
2.643053e-07,-0.005800787
2.644053e-07,-0.0058151482
2.645053e-07,-0.0058316636
2.646053e-07,-0.0058488971
2.647053e-07,-0.0058646944
2.648053e-07,-0.0058776195
2.649053e-07,-0.0058883904
2.650053e-07,-0.0058948529
2.651053e-07,-0.005895571
2.652053e-07,-0.0058891085
2.653053e-07,-0.0058761834
2.654053e-07,-0.005860386
2.655053e-07,-0.005848179
2.656053e-07,-0.0058460248
2.657053e-07,-0.0058582318
2.658053e-07,-0.005883364
2.659053e-07,-0.0059149586
2.660053e-07,-0.005942963
2.661053e-07,-0.0059601965
2.662053e-07,-0.0059637868
2.663053e-07,-0.0059573242
2.664053e-07,-0.0059501436
2.665053e-07,-0.0059508617
2.666053e-07,-0.0059637868
2.667053e-07,-0.0059853286
2.668053e-07,-0.0060068704
2.669053e-07,-0.0060169233
2.670053e-07,-0.0060097426
2.671053e-07,-0.0059874828
2.672053e-07,-0.0059601965
2.673053e-07,-0.0059415269
2.674053e-07,-0.0059408088
2.675053e-07,-0.0059594784
2.676053e-07,-0.0059896369
2.677053e-07,-0.0060183594
2.678053e-07,-0.0060327206
2.679053e-07,-0.0060276942
2.680053e-07,-0.0060075885
2.681053e-07,-0.0059824563
2.682053e-07,-0.0059637868
2.683053e-07,-0.0059594784
2.684053e-07,-0.0059688132
2.685053e-07,-0.0059846105
2.686053e-07,-0.0059982537
2.687053e-07,-0.0060047162
2.688053e-07,-0.0060032801
2.689053e-07,-0.0059989717
2.690053e-07,-0.0059982537
2.691053e-07,-0.0060032801
2.692053e-07,-0.0060126149
2.693053e-07,-0.0060205136
2.694053e-07,-0.0060212316
2.695053e-07,-0.0060118968
2.696053e-07,-0.0059946634
2.697053e-07,-0.0059767119
2.698053e-07,-0.0059637868
2.699053e-07,-0.0059580423
2.700053e-07,-0.0059580423
2.701053e-07,-0.0059573242
2.702053e-07,-0.0059522978
2.703053e-07,-0.0059415269
2.704053e-07,-0.0059300379
2.705053e-07,-0.0059242934
2.706053e-07,-0.0059293199
2.707053e-07,-0.0059458352
2.708053e-07,-0.005966659
2.709053e-07,-0.0059831744
2.710053e-07,-0.0059867647
2.711053e-07,-0.0059752757
2.712053e-07,-0.005954452
2.713053e-07,-0.0059321921
2.714053e-07,-0.0059178309
2.715053e-07,-0.0059135225
2.716053e-07,-0.0059156767
2.717053e-07,-0.0059156767
2.718053e-07,-0.0059063419
2.719053e-07,-0.0058848001
2.720053e-07,-0.0058575138
2.721053e-07,-0.0058345358
2.722053e-07,-0.0058259191
2.723053e-07,-0.005835972
2.724053e-07,-0.005859668
2.725053e-07,-0.0058876723
2.726053e-07,-0.0059063419
2.727053e-07,-0.0059092142
2.728053e-07,-0.0058970071
2.729053e-07,-0.0058776195
2.730053e-07,-0.005860386
2.731053e-07,-0.0058524874
2.732053e-07,-0.0058553596
2.733053e-07,-0.0058639763
2.734053e-07,-0.005871875
2.735053e-07,-0.0058740292
2.736053e-07,-0.0058711569
2.737053e-07,-0.0058682847
2.738053e-07,-0.005871875
2.739053e-07,-0.005884082
2.740053e-07,-0.0059027516
2.741053e-07,-0.0059207031
2.742053e-07,-0.0059293199
2.743053e-07,-0.0059250115
2.744053e-07,-0.0059092142
2.745053e-07,-0.0058883904
2.746053e-07,-0.005871875
2.747053e-07,-0.0058639763
2.748053e-07,-0.0058646944
2.749053e-07,-0.0058697208
2.750053e-07,-0.005871875
2.751053e-07,-0.0058690028
2.752053e-07,-0.0058618222
2.753053e-07,-0.0058567957
2.754053e-07,-0.005860386
2.755053e-07,-0.0058754653
2.756053e-07,-0.0058991613
2.757053e-07,-0.0059235754
2.758053e-07,-0.0059408088
2.759053e-07,-0.0059443991
2.760053e-07,-0.0059336282
2.761053e-07,-0.0059142406
2.762053e-07,-0.0058948529
2.763053e-07,-0.0058804917
2.764053e-07,-0.0058740292
2.765053e-07,-0.0058725931
2.766053e-07,-0.005871875
2.767053e-07,-0.0058697208
2.768053e-07,-0.0058668486
2.769053e-07,-0.0058661305
2.770053e-07,-0.005871875
2.771053e-07,-0.0058855182
2.772053e-07,-0.0059034697
2.773053e-07,-0.0059207031
2.774053e-07,-0.0059293199
2.775053e-07,-0.0059264476
2.776053e-07,-0.0059120864
2.777053e-07,-0.0058919807
2.778053e-07,-0.005871875
2.779053e-07,-0.0058575138
2.780053e-07,-0.0058503332
2.781053e-07,-0.005848179
2.782053e-07,-0.0058488971
2.783053e-07,-0.0058503332
2.784053e-07,-0.0058532054
2.785053e-07,-0.005859668
2.786053e-07,-0.005871875
2.787053e-07,-0.0058891085
2.788053e-07,-0.00590706
2.789053e-07,-0.0059221392
2.790053e-07,-0.0059293199
2.791053e-07,-0.0059278837
2.792053e-07,-0.0059207031
2.793053e-07,-0.0059120864
2.794053e-07,-0.0059063419
2.795053e-07,-0.0059034697
2.796053e-07,-0.0059005974
2.797053e-07,-0.0058948529
2.798053e-07,-0.005883364
2.799053e-07,-0.0058675666
2.800053e-07,-0.0058524874
2.801053e-07,-0.0058445887
2.802053e-07,-0.0058488971
2.803053e-07,-0.0058639763
2.804053e-07,-0.005883364
2.805053e-07,-0.0058998794
2.806053e-07,-0.0059063419
2.807053e-07,-0.0059013155
2.808053e-07,-0.0058876723
2.809053e-07,-0.005871875
2.810053e-07,-0.005860386
2.811053e-07,-0.0058539235
2.812053e-07,-0.0058488971
2.813053e-07,-0.0058409984
2.814053e-07,-0.0058259191
2.815053e-07,-0.0058050954
2.816053e-07,-0.0057857077
2.817053e-07,-0.0057756549
2.818053e-07,-0.0057799632
2.819053e-07,-0.0057993509
2.820053e-07,-0.0058252011
2.821053e-07,-0.0058488971
2.822053e-07,-0.005860386
2.823053e-07,-0.0058575138
2.824053e-07,-0.0058453068
2.825053e-07,-0.0058316636
2.826053e-07,-0.0058259191
2.827053e-07,-0.0058302275
2.828053e-07,-0.0058409984
2.829053e-07,-0.0058496151
2.830053e-07,-0.0058488971
2.831053e-07,-0.00583669
2.832053e-07,-0.0058187385
2.833053e-07,-0.0058043773
2.834053e-07,-0.0058029412
2.835053e-07,-0.0058187385
2.836053e-07,-0.0058460248
2.837053e-07,-0.0058754653
2.838053e-07,-0.0058948529
2.839053e-07,-0.0058991613
2.840053e-07,-0.0058883904
2.841053e-07,-0.0058725931
2.842053e-07,-0.005860386
2.843053e-07,-0.0058582318
2.844053e-07,-0.0058661305
2.845053e-07,-0.0058769014
2.846053e-07,-0.005883364
2.847053e-07,-0.0058790556
2.848053e-07,-0.0058654125
2.849053e-07,-0.0058488971
2.850053e-07,-0.0058374081
2.851053e-07,-0.0058374081
2.852053e-07,-0.0058488971
2.853053e-07,-0.0058668486
2.854053e-07,-0.005883364
2.855053e-07,-0.0058912626
2.856053e-07,-0.0058883904
2.857053e-07,-0.0058761834
2.858053e-07,-0.005860386
2.859053e-07,-0.0058445887
2.860053e-07,-0.0058316636
2.861053e-07,-0.0058216108
2.862053e-07,-0.0058144301
2.863053e-07,-0.0058101218
2.864053e-07,-0.0058108398
2.865053e-07,-0.0058201746
2.866053e-07,-0.0058374081
2.867053e-07,-0.005860386
2.868053e-07,-0.005883364
2.869053e-07,-0.0058991613
2.870053e-07,-0.0059063419
2.871053e-07,-0.0059049058
2.872053e-07,-0.0059005974
2.873053e-07,-0.0058998794
2.874053e-07,-0.0059063419
2.875053e-07,-0.0059178309
2.876053e-07,-0.0059286018
2.877053e-07,-0.0059329102
2.878053e-07,-0.0059293199
2.879053e-07,-0.0059228573
2.880053e-07,-0.0059228573
2.881053e-07,-0.0059386546
2.882053e-07,-0.0059752757
2.883053e-07,-0.0060269761
2.884053e-07,-0.0060793945
2.885053e-07,-0.0061196059
2.886053e-07,-0.0061361213
2.887053e-07,-0.0061303768
2.888053e-07,-0.0061131434
2.889053e-07,-0.0060995002
2.890053e-07,-0.0061016544
2.891053e-07,-0.0061224782
2.892053e-07,-0.0061540728
2.893053e-07,-0.0061820772
2.894053e-07,-0.0061935662
2.895053e-07,-0.0061849494
2.896053e-07,-0.0061626896
2.897053e-07,-0.0061418658
2.898053e-07,-0.0061361213
2.899053e-07,-0.0061504825
2.900053e-07,-0.006179923
2.901053e-07,-0.0062107996
2.902053e-07,-0.0062280331
2.903053e-07,-0.0062244428
2.904053e-07,-0.0062014648
2.905053e-07,-0.0061713063
2.906053e-07,-0.0061476103
2.907053e-07,-0.0061389936
2.908053e-07,-0.0061461742
2.909053e-07,-0.0061605354
2.910053e-07,-0.0061705882
2.911053e-07,-0.0061698702
2.912053e-07,-0.0061569451
2.913053e-07,-0.0061389936
2.914053e-07,-0.0061246324
2.915053e-07,-0.0061196059
2.916053e-07,-0.0061217601
2.917053e-07,-0.0061260685
2.918053e-07,-0.0061246324
2.919053e-07,-0.0061131434
2.920053e-07,-0.0060944738
2.921053e-07,-0.0060758042
2.922053e-07,-0.0060671875
2.923053e-07,-0.0060707778
2.924053e-07,-0.0060837029
2.925053e-07,-0.006097346
2.926053e-07,-0.0061016544
2.927053e-07,-0.0060930377
2.928053e-07,-0.0060765223
2.929053e-07,-0.0060600069
2.930053e-07,-0.0060556985
2.931053e-07,-0.0060671875
2.932053e-07,-0.0060908835
2.933053e-07,-0.0061145795
2.934053e-07,-0.0061246324
2.935053e-07,-0.0061138614
2.936053e-07,-0.0060829848
2.937053e-07,-0.0060427734
2.938053e-07,-0.0060097426
2.939053e-07,-0.0059953814
2.940053e-07,-0.0060047162
2.941053e-07,-0.0060327206
2.942053e-07,-0.0060671875
2.943053e-07,-0.0060959099
2.944053e-07,-0.0061102711
2.945053e-07,-0.0061109892
2.946053e-07,-0.0061016544
2.947053e-07,-0.0060901654
2.948053e-07,-0.0060815487
2.949053e-07,-0.0060786765
2.950053e-07,-0.0060786765
2.951053e-07,-0.0060801126
2.952053e-07,-0.0060822668
2.953053e-07,-0.006085139
2.954053e-07,-0.0060901654
2.955053e-07,-0.0060987822
2.956053e-07,-0.0061095531
2.957053e-07,-0.0061188879
2.958053e-07,-0.0061246324
2.959053e-07,-0.0061246324
2.960053e-07,-0.006121042
2.961053e-07,-0.0061160156
2.962053e-07,-0.0061131434
2.963053e-07,-0.0061138614
2.964053e-07,-0.0061152976
2.965053e-07,-0.0061160156
2.966053e-07,-0.0061131434
2.967053e-07,-0.0061073989
2.968053e-07,-0.0061030905
2.969053e-07,-0.0061045267
2.970053e-07,-0.0061131434
2.971053e-07,-0.0061282227
2.972053e-07,-0.0061425839
2.973053e-07,-0.0061504825
2.974053e-07,-0.0061476103
2.975053e-07,-0.0061346852
2.976053e-07,-0.0061188879
2.977053e-07,-0.0061095531
2.978053e-07,-0.0061131434
2.979053e-07,-0.0061310949
2.980053e-07,-0.006155509
2.981053e-07,-0.0061763327
2.982053e-07,-0.0061820772
2.983053e-07,-0.0061684341
2.984053e-07,-0.0061397116
2.985053e-07,-0.0061059628
2.986053e-07,-0.0060786765
2.987053e-07,-0.0060650333
2.988053e-07,-0.0060657514
2.989053e-07,-0.00607365
2.990053e-07,-0.0060786765
2.991053e-07,-0.006072932
2.992053e-07,-0.0060556985
2.993053e-07,-0.0060312845
2.994053e-07,-0.0060097426
2.995053e-07,-0.0059982537
2.996053e-07,-0.0059996898
2.997053e-07,-0.0060104607
2.998053e-07,-0.0060212316
2.999053e-07,-0.0060233858
3.000053e-07,-0.0060118968
3.001053e-07,-0.0059860466
3.002053e-07,-0.0059522978
3.003053e-07,-0.005919267
3.004053e-07,-0.0058941349
3.005053e-07,-0.0058819278
3.006053e-07,-0.005883364
3.007053e-07,-0.005895571
3.008053e-07,-0.0059142406
3.009053e-07,-0.0059343463
3.010053e-07,-0.0059522978
3.011053e-07,-0.0059637868
3.012053e-07,-0.0059673771
3.013053e-07,-0.0059630687
3.014053e-07,-0.0059522978
3.015053e-07,-0.0059393727
3.016053e-07,-0.0059286018
3.017053e-07,-0.0059250115
3.018053e-07,-0.0059293199
3.019053e-07,-0.0059400908
3.020053e-07,-0.0059522978
3.021053e-07,-0.0059616326
3.022053e-07,-0.0059637868
3.023053e-07,-0.0059594784
3.024053e-07,-0.0059530159
3.025053e-07,-0.0059494256
3.026053e-07,-0.0059522978
3.027053e-07,-0.0059630687
3.028053e-07,-0.0059774299
3.029053e-07,-0.0059910731
3.030053e-07,-0.0059982537
3.031053e-07,-0.0059975356
3.032053e-07,-0.0059910731
3.033053e-07,-0.0059824563
3.034053e-07,-0.0059752757
3.035053e-07,-0.0059709674
3.036053e-07,-0.0059673771
3.037053e-07,-0.0059616326
3.038053e-07,-0.0059522978
3.039053e-07,-0.0059386546
3.040053e-07,-0.0059257295
3.041053e-07,-0.0059171128
3.042053e-07,-0.0059178309
3.043053e-07,-0.0059271657
3.044053e-07,-0.0059415269
3.045053e-07,-0.00595517
3.046053e-07,-0.0059637868
3.047053e-07,-0.0059659409
3.048053e-07,-0.0059637868
3.049053e-07,-0.0059616326
3.050053e-07,-0.0059637868
3.051053e-07,-0.0059702493
3.052053e-07,-0.005978866
3.053053e-07,-0.0059853286
3.054053e-07,-0.0059867647
3.055053e-07,-0.0059838925
3.056053e-07,-0.0059803022
3.057053e-07,-0.0059803022
3.058053e-07,-0.0059867647
3.059053e-07,-0.0059982537
3.060053e-07,-0.0060097426
3.061053e-07,-0.0060147691
3.062053e-07,-0.0060097426
3.063053e-07,-0.0059960995
3.064053e-07,-0.0059803022
3.065053e-07,-0.0059709674
3.066053e-07,-0.0059752757
3.067053e-07,-0.0059932273
3.068053e-07,-0.0060205136
3.069053e-07,-0.0060477999
3.070053e-07,-0.0060671875
3.071053e-07,-0.0060750862
3.072053e-07,-0.0060743681
3.073053e-07,-0.0060693417
3.074053e-07,-0.0060671875
3.075053e-07,-0.0060693417
3.076053e-07,-0.0060743681
3.077053e-07,-0.0060786765
3.078053e-07,-0.0060786765
3.079053e-07,-0.0060758042
3.080053e-07,-0.00607365
3.081053e-07,-0.0060772403
3.082053e-07,-0.0060901654
3.083053e-07,-0.0061095531
3.084053e-07,-0.0061275046
3.085053e-07,-0.0061382755
3.086053e-07,-0.0061361213
3.087053e-07,-0.0061246324
3.088053e-07,-0.0061124253
3.089053e-07,-0.0061102711
3.090053e-07,-0.0061246324
3.091053e-07,-0.0061547909
3.092053e-07,-0.006191412
3.093053e-07,-0.0062222886
3.094053e-07,-0.0062395221
3.095053e-07,-0.0062409582
3.096053e-07,-0.0062337776
3.097053e-07,-0.0062301873
3.098053e-07,-0.0062395221
3.099053e-07,-0.0062646542
3.100053e-07,-0.0062998392
3.101053e-07,-0.006333588
3.102053e-07,-0.0063544118
3.103053e-07,-0.0063594382
3.104053e-07,-0.0063544118
3.105053e-07,-0.0063486673
3.106053e-07,-0.0063544118
3.107053e-07,-0.0063752355
3.108053e-07,-0.0064061121
3.109053e-07,-0.0064377068
3.110053e-07,-0.0064578125
3.111053e-07,-0.0064614028
3.112053e-07,-0.0064506319
3.113053e-07,-0.0064348346
3.114053e-07,-0.0064233456
3.115053e-07,-0.0064219095
3.116053e-07,-0.006428372
3.117053e-07,-0.0064355526
3.118053e-07,-0.0064348346
3.119053e-07,-0.0064233456
3.120053e-07,-0.006404676
3.121053e-07,-0.0063867245
3.122053e-07,-0.0063773897
3.123053e-07,-0.0063802619
3.124053e-07,-0.006392469
3.125053e-07,-0.0064061121
3.126053e-07,-0.0064118566
3.127053e-07,-0.0064075483
3.128053e-07,-0.0063953412
3.129053e-07,-0.0063831342
3.130053e-07,-0.0063773897
3.131053e-07,-0.0063802619
3.132053e-07,-0.0063881606
3.133053e-07,-0.006392469
3.134053e-07,-0.0063888787
3.135053e-07,-0.0063766716
3.136053e-07,-0.0063630285
3.137053e-07,-0.0063565659
3.138053e-07,-0.0063659007
3.139053e-07,-0.0063895967
3.140053e-07,-0.0064190372
3.141053e-07,-0.0064420152
3.142053e-07,-0.0064463235
3.143053e-07,-0.0064305262
3.144053e-07,-0.0064010857
3.145053e-07,-0.0063716452
3.146053e-07,-0.0063544118
3.147053e-07,-0.0063551298
3.148053e-07,-0.0063702091
3.149053e-07,-0.0063881606
3.150053e-07,-0.0064003676
3.151053e-07,-0.0064010857
3.152053e-07,-0.0063953412
3.153053e-07,-0.0063917509
3.154053e-07,-0.0064003676
3.155053e-07,-0.0064233456
3.156053e-07,-0.0064563764
3.157053e-07,-0.0064865349
3.158053e-07,-0.0065037684
3.159053e-07,-0.0065044864
3.160053e-07,-0.0064937155
3.161053e-07,-0.0064822266
3.162053e-07,-0.0064807904
3.163053e-07,-0.0064944336
3.164053e-07,-0.0065174115
3.165053e-07,-0.0065396714
3.166053e-07,-0.0065497243
3.167053e-07,-0.0065432617
3.168053e-07,-0.0065253102
3.169053e-07,-0.0065087948
3.170053e-07,-0.0065037684
3.171053e-07,-0.0065159754
3.172053e-07,-0.0065403895
3.173053e-07,-0.0065633674
3.174053e-07,-0.0065727022
3.175053e-07,-0.0065604952
3.176053e-07,-0.0065310547
3.177053e-07,-0.0064958697
3.178053e-07,-0.0064693015
3.179053e-07,-0.0064606847
3.180053e-07,-0.0064707376
3.181053e-07,-0.0064886891
3.182053e-07,-0.0065037684
3.183053e-07,-0.0065066406
3.184053e-07,-0.0064965878
3.185053e-07,-0.0064800724
3.186053e-07,-0.0064693015
3.187053e-07,-0.0064707376
3.188053e-07,-0.0064858169
3.189053e-07,-0.0065073587
3.190053e-07,-0.0065267463
3.191053e-07,-0.0065360811
3.192053e-07,-0.0065332089
3.193053e-07,-0.0065238741
3.194053e-07,-0.0065152574
3.195053e-07,-0.0065123851
3.196053e-07,-0.0065159754
3.197053e-07,-0.006522438
3.198053e-07,-0.0065267463
3.199053e-07,-0.0065253102
3.200053e-07,-0.0065188477
3.201053e-07,-0.0065138212
3.202053e-07,-0.0065152574
3.203053e-07,-0.0065245921
3.204053e-07,-0.0065396714
3.205053e-07,-0.0065540326
3.206053e-07,-0.0065612132
3.207053e-07,-0.0065590591
3.208053e-07,-0.0065504423
3.209053e-07,-0.0065418256
3.210053e-07,-0.0065382353
3.211053e-07,-0.0065411075
3.212053e-07,-0.006546134
3.213053e-07,-0.006546852
3.214053e-07,-0.0065382353
3.215053e-07,-0.0065202838
3.216053e-07,-0.0065008961
3.217053e-07,-0.0064886891
3.218053e-07,-0.0064922794
3.219053e-07,-0.006511667
3.220053e-07,-0.0065396714
3.221053e-07,-0.0065640855
3.222053e-07,-0.0065727022
3.223053e-07,-0.0065626494
3.224053e-07,-0.0065375172
3.225053e-07,-0.0065102309
3.226053e-07,-0.0064922794
3.227053e-07,-0.0064894072
3.228053e-07,-0.006498742
3.229053e-07,-0.006510949
3.230053e-07,-0.0065152574
3.231053e-07,-0.0065059226
3.232053e-07,-0.0064865349
3.233053e-07,-0.0064664292
3.234053e-07,-0.0064578125
3.235053e-07,-0.0064693015
3.236053e-07,-0.006498742
3.237053e-07,-0.0065375172
3.238053e-07,-0.0065727022
3.239053e-07,-0.0065928079
3.240053e-07,-0.006594244
3.241053e-07,-0.0065806009
3.242053e-07,-0.0065612132
3.243053e-07,-0.0065446978
3.244053e-07,-0.0065375172
3.245053e-07,-0.0065403895
3.246053e-07,-0.0065497243
3.247053e-07,-0.0065626494
3.248053e-07,-0.0065770106
3.249053e-07,-0.0065920898
3.250053e-07,-0.0066071691
3.251053e-07,-0.0066208123
3.252053e-07,-0.0066308651
3.253053e-07,-0.0066337374
3.254053e-07,-0.0066301471
3.255053e-07,-0.0066229665
3.256053e-07,-0.0066186581
3.257053e-07,-0.0066236845
3.258053e-07,-0.006641636
3.259053e-07,-0.0066689223
3.260053e-07,-0.0066976448
3.261053e-07,-0.0067177505
3.262053e-07,-0.0067220588
3.263053e-07,-0.0067112879
3.264053e-07,-0.0066919003
3.265053e-07,-0.0066739488
3.266053e-07,-0.006664614
3.267053e-07,-0.006665332
3.268053e-07,-0.0066710765
3.269053e-07,-0.0066732307
3.270053e-07,-0.006664614
3.271053e-07,-0.0066452263
3.272053e-07,-0.0066193761
3.273053e-07,-0.0065971163
3.274053e-07,-0.0065841912
3.275053e-07,-0.006582037
3.276053e-07,-0.0065863454
3.277053e-07,-0.0065884995
3.278053e-07,-0.0065841912
3.279053e-07,-0.0065734203
3.280053e-07,-0.0065633674
3.281053e-07,-0.0065619313
3.282053e-07,-0.0065727022
3.283053e-07,-0.0065928079
3.284053e-07,-0.0066114775
3.285053e-07,-0.0066186581
3.286053e-07,-0.0066071691
3.287053e-07,-0.0065806009
3.288053e-07,-0.0065511604
3.289053e-07,-0.0065339269
3.290053e-07,-0.0065382353
3.291053e-07,-0.0065626494
3.292053e-07,-0.0065949621
3.293053e-07,-0.00661794
3.294053e-07,-0.0066186581
3.295053e-07,-0.0065956801
3.296053e-07,-0.0065612132
3.297053e-07,-0.0065324908
3.298053e-07,-0.0065267463
3.299053e-07,-0.0065490062
3.300053e-07,-0.0065906537
3.301053e-07,-0.0066351735
3.302053e-07,-0.006664614
3.303053e-07,-0.0066696404
3.304053e-07,-0.0066545611
3.305053e-07,-0.0066323012
3.306053e-07,-0.0066186581
3.307053e-07,-0.0066236845
3.308053e-07,-0.0066459444
3.309053e-07,-0.0066746668
3.310053e-07,-0.0066990809
3.311053e-07,-0.0067105699
3.312053e-07,-0.0067098518
3.313053e-07,-0.0067069795
3.314053e-07,-0.0067105699
3.315053e-07,-0.0067263672
3.316053e-07,-0.0067507812
3.317053e-07,-0.0067759134
3.318053e-07,-0.0067909926
3.319053e-07,-0.0067931468
3.320053e-07,-0.0067874023
3.321053e-07,-0.006783812
3.322053e-07,-0.0067909926
3.323053e-07,-0.0068118164
3.324053e-07,-0.0068398208
3.325053e-07,-0.0068635168
3.326053e-07,-0.0068714154
3.327053e-07,-0.0068599265
3.328053e-07,-0.0068362305
3.329053e-07,-0.0068132525
3.330053e-07,-0.0068024816
3.331053e-07,-0.0068103803
3.332053e-07,-0.0068319221
3.333053e-07,-0.0068563362
3.334053e-07,-0.0068714154
3.335053e-07,-0.0068721335
3.336053e-07,-0.0068620807
3.337053e-07,-0.0068513097
3.338053e-07,-0.0068484375
3.339053e-07,-0.0068570542
3.340053e-07,-0.0068706974
3.341053e-07,-0.006878596
3.342053e-07,-0.0068714154
3.343053e-07,-0.0068470014
3.344053e-07,-0.0068125345
3.345053e-07,-0.0067823759
3.346053e-07,-0.0067680147
3.347053e-07,-0.0067730411
3.348053e-07,-0.0067909926
3.349053e-07,-0.0068082261
3.350053e-07,-0.0068139706
3.351053e-07,-0.0068031997
3.352053e-07,-0.0067823759
3.353053e-07,-0.0067637063
3.354053e-07,-0.0067565257
3.355053e-07,-0.0067644244
3.356053e-07,-0.0067787856
3.357053e-07,-0.0067874023
3.358053e-07,-0.0067795037
3.359053e-07,-0.0067529354
3.360053e-07,-0.0067177505
3.361053e-07,-0.0066911822
3.362053e-07,-0.0066875919
3.363053e-07,-0.0067105699
3.364053e-07,-0.0067507812
3.365053e-07,-0.0067909926
3.366053e-07,-0.0068139706
3.367053e-07,-0.0068110983
3.368053e-07,-0.0067866843
3.369053e-07,-0.0067550896
3.370053e-07,-0.0067335478
3.371053e-07,-0.0067299575
3.372053e-07,-0.0067428826
3.373053e-07,-0.006759398
3.374053e-07,-0.0067680147
3.375053e-07,-0.0067615522
3.376053e-07,-0.0067443187
3.377053e-07,-0.0067270852
3.378053e-07,-0.0067220588
3.379053e-07,-0.0067342659
3.380053e-07,-0.0067579619
3.381053e-07,-0.0067809398
3.382053e-07,-0.0067909926
3.383053e-07,-0.006783094
3.384053e-07,-0.0067622702
3.385053e-07,-0.0067414465
3.386053e-07,-0.0067335478
3.387053e-07,-0.0067436006
3.388053e-07,-0.0067651425
3.389053e-07,-0.0067859662
3.390053e-07,-0.0067909926
3.391053e-07,-0.0067759134
3.392053e-07,-0.0067464729
3.393053e-07,-0.0067155963
3.394053e-07,-0.0066990809
3.395053e-07,-0.0067026712
3.396053e-07,-0.0067227769
3.397053e-07,-0.0067457548
3.398053e-07,-0.0067565257
3.399053e-07,-0.006747909
3.400053e-07,-0.0067220588
3.401053e-07,-0.0066897461
3.402053e-07,-0.006664614
3.403053e-07,-0.0066524069
3.404053e-07,-0.0066509708
3.405053e-07,-0.0066509708
3.406053e-07,-0.006641636
3.407053e-07,-0.0066193761
3.408053e-07,-0.0065906537
3.409053e-07,-0.0065676758
3.410053e-07,-0.0065612132
3.411053e-07,-0.0065762925
3.412053e-07,-0.0066064511
3.413053e-07,-0.0066366096
3.414053e-07,-0.006653125
3.415053e-07,-0.0066495347
3.416053e-07,-0.0066301471
3.417053e-07,-0.0066078872
3.418053e-07,-0.0065956801
3.419053e-07,-0.0066007066
3.420053e-07,-0.0066193761
3.421053e-07,-0.006640918
3.422053e-07,-0.006653125
3.423053e-07,-0.0066495347
3.424053e-07,-0.0066351735
3.425053e-07,-0.0066208123
3.426053e-07,-0.0066186581
3.427053e-07,-0.0066330193
3.428053e-07,-0.0066595875
3.429053e-07,-0.0066861558
3.430053e-07,-0.0066990809
3.431053e-07,-0.0066926183
3.432053e-07,-0.0066717946
3.433053e-07,-0.0066466625
3.434053e-07,-0.0066301471
3.435053e-07,-0.0066287109
3.436053e-07,-0.0066394818
3.437053e-07,-0.0066509708
3.438053e-07,-0.006653125
3.439053e-07,-0.006640918
3.440053e-07,-0.00661794
3.441053e-07,-0.0065949621
3.442053e-07,-0.0065841912
3.443053e-07,-0.0065892176
3.444053e-07,-0.0066064511
3.445053e-07,-0.0066236845
3.446053e-07,-0.0066301471
3.447053e-07,-0.0066208123
3.448053e-07,-0.0065992705
3.449053e-07,-0.0065762925
3.450053e-07,-0.0065612132
3.451053e-07,-0.006558341
3.452053e-07,-0.0065619313
3.453053e-07,-0.0065626494
3.454053e-07,-0.0065497243
3.455053e-07,-0.006522438
3.456053e-07,-0.0064894072
3.457053e-07,-0.006463557
3.458053e-07,-0.0064578125
3.459053e-07,-0.006475046
3.460053e-07,-0.0065073587
3.461053e-07,-0.0065411075
3.462053e-07,-0.0065612132
3.463053e-07,-0.0065612132
3.464053e-07,-0.006546134
3.465053e-07,-0.0065267463
3.466053e-07,-0.0065152574
3.467053e-07,-0.0065174115
3.468053e-07,-0.0065289005
3.469053e-07,-0.0065396714
3.470053e-07,-0.0065382353
3.471053e-07,-0.006523156
3.472053e-07,-0.0065023323
3.473053e-07,-0.006487971
3.474053e-07,-0.0064922794
3.475053e-07,-0.0065181296
3.476053e-07,-0.006558341
3.477053e-07,-0.0065963982
3.478053e-07,-0.0066186581
3.479053e-07,-0.0066186581
3.480053e-07,-0.0066014246
3.481053e-07,-0.0065813189
3.482053e-07,-0.0065727022
3.483053e-07,-0.0065813189
3.484053e-07,-0.0066035788
3.485053e-07,-0.0066279929
3.486053e-07,-0.006641636
3.487053e-07,-0.0066394818
3.488053e-07,-0.0066251206
3.489053e-07,-0.0066107594
3.490053e-07,-0.0066071691
3.491053e-07,-0.0066200942
3.492053e-07,-0.0066430722
3.493053e-07,-0.006665332
3.494053e-07,-0.0066761029
3.495053e-07,-0.0066703585
3.496053e-07,-0.0066552792
3.497053e-07,-0.0066423541
3.498053e-07,-0.006641636
3.499053e-07,-0.0066567153
3.500053e-07,-0.0066804113
3.501053e-07,-0.0066983628
3.502053e-07,-0.0066990809
3.503053e-07,-0.0066789752
3.504053e-07,-0.0066452263
3.505053e-07,-0.0066129136
3.506053e-07,-0.0065956801
3.507053e-07,-0.0065985524
3.508053e-07,-0.0066136317
3.509053e-07,-0.0066287109
3.510053e-07,-0.0066301471
3.511053e-07,-0.0066121955
3.512053e-07,-0.006582037
3.513053e-07,-0.0065533146
3.514053e-07,-0.0065382353
3.515053e-07,-0.0065418256
3.516053e-07,-0.0065569049
3.517053e-07,-0.0065712661
3.518053e-07,-0.0065727022
3.519053e-07,-0.0065576229
3.520053e-07,-0.0065353631
3.521053e-07,-0.0065202838
3.522053e-07,-0.0065267463
3.523053e-07,-0.0065576229
3.524053e-07,-0.0066021427
3.525053e-07,-0.0066437902
3.526053e-07,-0.006664614
3.527053e-07,-0.0066567153
3.528053e-07,-0.0066279929
3.529053e-07,-0.006593526
3.530053e-07,-0.0065727022
3.531053e-07,-0.0065748564
3.532053e-07,-0.0065978343
3.533053e-07,-0.0066287109
3.534053e-07,-0.006653125
3.535053e-07,-0.0066624598
3.536053e-07,-0.0066588695
3.537053e-07,-0.0066559972
3.538053e-07,-0.006664614
3.539053e-07,-0.0066919003
3.540053e-07,-0.0067328297
3.541053e-07,-0.0067744773
3.542053e-07,-0.0068024816
3.543053e-07,-0.0068110983
3.544053e-07,-0.0068031997
3.545053e-07,-0.0067924288
3.546053e-07,-0.0067909926
3.547053e-07,-0.0068053539
3.548053e-07,-0.0068319221
3.549053e-07,-0.0068577723
3.550053e-07,-0.0068714154
3.551053e-07,-0.0068685432
3.552053e-07,-0.006854182
3.553053e-07,-0.006842693
3.554053e-07,-0.0068484375
3.555053e-07,-0.0068764419
3.556053e-07,-0.0069209616
3.557053e-07,-0.0069661994
3.558053e-07,-0.0069977941
3.559053e-07,-0.0070064108
3.560053e-07,-0.0069949219
3.561053e-07,-0.0069755342
3.562053e-07,-0.0069633272
3.563053e-07,-0.0069654814
3.564053e-07,-0.0069791245
3.565053e-07,-0.0069942038
3.566053e-07,-0.0069977941
3.567053e-07,-0.006984151
3.568053e-07,-0.0069568647
3.569053e-07,-0.0069302964
3.570053e-07,-0.0069173713
3.571053e-07,-0.0069259881
3.572053e-07,-0.0069532744
3.573053e-07,-0.0069863051
3.574053e-07,-0.0070092831
3.575053e-07,-0.0070135915
3.576053e-07,-0.0069985122
3.577053e-07,-0.0069740981
3.578053e-07,-0.0069518382
3.579053e-07,-0.0069389131
3.580053e-07,-0.0069346048
3.581053e-07,-0.0069302964
3.582053e-07,-0.0069173713
3.583053e-07,-0.0068915211
3.584053e-07,-0.0068577723
3.585053e-07,-0.0068276137
3.586053e-07,-0.0068139706
3.587053e-07,-0.0068225873
3.588053e-07,-0.0068484375
3.589053e-07,-0.006877878
3.590053e-07,-0.0068943934
3.591053e-07,-0.0068886489
3.592053e-07,-0.0068599265
3.593053e-07,-0.006818279
3.594053e-07,-0.0067795037
3.595053e-07,-0.0067536535
3.596053e-07,-0.0067436006
3.597053e-07,-0.0067443187
3.598053e-07,-0.0067450368
3.599053e-07,-0.0067385742
3.600053e-07,-0.006724213
3.601053e-07,-0.0067084157
3.602053e-07,-0.0066990809
3.603053e-07,-0.0067026712
3.604053e-07,-0.0067177505
3.605053e-07,-0.0067349839
3.606053e-07,-0.0067450368
3.607053e-07,-0.0067392923
3.608053e-07,-0.0067184685
3.609053e-07,-0.0066897461
3.610053e-07,-0.006664614
3.611053e-07,-0.0066516889
3.612053e-07,-0.0066538431
3.613053e-07,-0.006665332
3.614053e-07,-0.0066761029
3.615053e-07,-0.0066782571
3.616053e-07,-0.0066689223
3.617053e-07,-0.0066502528
3.618053e-07,-0.0066301471
3.619053e-07,-0.0066143497
3.620053e-07,-0.0066071691
3.621053e-07,-0.006605733
3.622053e-07,-0.0066071691
3.623053e-07,-0.0066064511
3.624053e-07,-0.0066014246
3.625053e-07,-0.006593526
3.626053e-07,-0.0065841912
3.627053e-07,-0.0065755744
3.628053e-07,-0.0065676758
3.629053e-07,-0.0065590591
3.630053e-07,-0.0065497243
3.631053e-07,-0.0065396714
3.632053e-07,-0.0065332089
3.633053e-07,-0.0065324908
3.634053e-07,-0.0065382353
3.635053e-07,-0.0065482881
3.636053e-07,-0.0065561868
3.637053e-07,-0.0065576229
3.638053e-07,-0.0065497243
3.639053e-07,-0.0065360811
3.640053e-07,-0.006523156
3.641053e-07,-0.0065195657
3.642053e-07,-0.0065267463
3.643053e-07,-0.0065411075
3.644053e-07,-0.0065540326
3.645053e-07,-0.0065547507
3.646053e-07,-0.0065382353
3.647053e-07,-0.0065080767
3.648053e-07,-0.006475046
3.649053e-07,-0.00645135
3.650053e-07,-0.0064463235
3.651053e-07,-0.0064585306
3.652053e-07,-0.0064786363
3.653053e-07,-0.0064937155
3.654053e-07,-0.0064922794
3.655053e-07,-0.0064736098
3.656053e-07,-0.0064456055
3.657053e-07,-0.0064211914
3.658053e-07,-0.0064118566
3.659053e-07,-0.0064211914
3.660053e-07,-0.0064420152
3.661053e-07,-0.0064614028
3.662053e-07,-0.0064693015
3.663053e-07,-0.0064606847
3.664053e-07,-0.0064420152
3.665053e-07,-0.0064254998
3.666053e-07,-0.0064233456
3.667053e-07,-0.0064412971
3.668053e-07,-0.0064743279
3.669053e-07,-0.006510949
3.670053e-07,-0.0065382353
3.671053e-07,-0.0065490062
3.672053e-07,-0.0065454159
3.673053e-07,-0.006534645
3.674053e-07,-0.0065267463
3.675053e-07,-0.0065267463
3.676053e-07,-0.0065332089
3.677053e-07,-0.0065389534
3.678053e-07,-0.0065382353
3.679053e-07,-0.0065296186
3.680053e-07,-0.0065181296
3.681053e-07,-0.0065145393
3.682053e-07,-0.0065267463
3.683053e-07,-0.0065561868
3.684053e-07,-0.0065949621
3.685053e-07,-0.0066315832
3.686053e-07,-0.006653125
3.687053e-07,-0.0066538431
3.688053e-07,-0.0066380457
3.689053e-07,-0.0066150678
3.690053e-07,-0.0065956801
3.691053e-07,-0.0065863454
3.692053e-07,-0.0065856273
3.693053e-07,-0.0065870634
3.694053e-07,-0.0065841912
3.695053e-07,-0.0065762925
3.696053e-07,-0.0065676758
3.697053e-07,-0.0065683938
3.698053e-07,-0.0065841912
3.699053e-07,-0.0066150678
3.700053e-07,-0.006653125
3.701053e-07,-0.0066847197
3.702053e-07,-0.0066990809
3.703053e-07,-0.0066926183
3.704053e-07,-0.0066725126
3.705053e-07,-0.0066516889
3.706053e-07,-0.006641636
3.707053e-07,-0.0066473805
3.708053e-07,-0.006664614
3.709053e-07,-0.0066811294
3.710053e-07,-0.0066875919
3.711053e-07,-0.0066796932
3.712053e-07,-0.0066638959
3.713053e-07,-0.0066509708
3.714053e-07,-0.006653125
3.715053e-07,-0.0066739488
3.716053e-07,-0.0067069795
3.717053e-07,-0.0067392923
3.718053e-07,-0.0067565257
3.719053e-07,-0.0067522174
3.720053e-07,-0.0067313936
3.721053e-07,-0.0067048254
3.722053e-07,-0.0066875919
3.723053e-07,-0.0066868739
3.724053e-07,-0.006700517
3.725053e-07,-0.0067199046
3.726053e-07,-0.0067335478
3.727053e-07,-0.0067349839
3.728053e-07,-0.0067249311
3.729053e-07,-0.0067134421
3.730053e-07,-0.0067105699
3.731053e-07,-0.0067220588
3.732053e-07,-0.0067450368
3.733053e-07,-0.006771605
3.734053e-07,-0.0067909926
3.735053e-07,-0.0067967371
3.736053e-07,-0.0067902746
3.737053e-07,-0.0067780676
3.738053e-07,-0.0067680147
3.739053e-07,-0.0067651425
3.740053e-07,-0.0067672966
3.741053e-07,-0.0067701689
3.742053e-07,-0.0067680147
3.743053e-07,-0.006760116
3.744053e-07,-0.0067507812
3.745053e-07,-0.006747909
3.746053e-07,-0.0067565257
3.747053e-07,-0.0067744773
3.748053e-07,-0.0067938649
3.749053e-07,-0.0068017636
3.750053e-07,-0.0067909926
3.751053e-07,-0.0067622702
3.752053e-07,-0.0067256491
3.753053e-07,-0.0066962086
3.754053e-07,-0.0066875919
3.755053e-07,-0.0067019531
3.756053e-07,-0.0067321117
3.757053e-07,-0.0067629883
3.758053e-07,-0.0067795037
3.759053e-07,-0.0067766314
3.760053e-07,-0.0067579619
3.761053e-07,-0.006735702
3.762053e-07,-0.0067220588
3.763053e-07,-0.0067234949
3.764053e-07,-0.006735702
3.765053e-07,-0.0067500632
3.766053e-07,-0.0067565257
3.767053e-07,-0.0067507812
3.768053e-07,-0.0067385742
3.769053e-07,-0.0067292394
3.770053e-07,-0.0067335478
3.771053e-07,-0.0067522174
3.772053e-07,-0.0067780676
3.773053e-07,-0.0067988913
3.774053e-07,-0.0068024816
3.775053e-07,-0.0067866843
3.776053e-07,-0.006760116
3.777053e-07,-0.0067371381
3.778053e-07,-0.0067335478
3.779053e-07,-0.0067543716
3.780053e-07,-0.006794583
3.781053e-07,-0.0068391027
3.782053e-07,-0.0068714154
3.783053e-07,-0.0068821864
3.784053e-07,-0.0068728516
3.785053e-07,-0.0068534639
3.786053e-07,-0.0068369485
3.787053e-07,-0.006831204
3.788053e-07,-0.0068362305
3.789053e-07,-0.0068448472
3.790053e-07,-0.0068484375
3.791053e-07,-0.006841975
3.792053e-07,-0.0068290499
3.793053e-07,-0.0068168428
3.794053e-07,-0.0068139706
3.795053e-07,-0.0068225873
3.796053e-07,-0.0068383847
3.797053e-07,-0.0068498736
3.798053e-07,-0.0068484375
3.799053e-07,-0.0068326402
3.800053e-07,-0.006807508
3.801053e-07,-0.0067866843
3.802053e-07,-0.0067795037
3.803053e-07,-0.0067888385
3.804053e-07,-0.006807508
3.805053e-07,-0.0068240234
3.806053e-07,-0.0068254596
3.807053e-07,-0.0068089442
3.808053e-07,-0.0067816579
3.809053e-07,-0.0067565257
3.810053e-07,-0.0067450368
3.811053e-07,-0.0067529354
3.812053e-07,-0.0067737592
3.813053e-07,-0.006794583
3.814053e-07,-0.0068024816
3.815053e-07,-0.0067917107
3.816053e-07,-0.0067658605
3.817053e-07,-0.0067385742
3.818053e-07,-0.0067220588
3.819053e-07,-0.0067220588
3.820053e-07,-0.0067349839
3.821053e-07,-0.0067500632
3.822053e-07,-0.0067565257
3.823053e-07,-0.0067500632
3.824053e-07,-0.006735702
3.825053e-07,-0.0067263672
3.826053e-07,-0.0067335478
3.827053e-07,-0.0067622702
3.828053e-07,-0.0068046358
3.829053e-07,-0.0068462833
3.830053e-07,-0.0068714154
3.831053e-07,-0.0068721335
3.832053e-07,-0.0068513097
3.833053e-07,-0.0068233054
3.834053e-07,-0.0068024816
3.835053e-07,-0.0067996094
3.836053e-07,-0.0068146886
3.837053e-07,-0.0068391027
3.838053e-07,-0.0068599265
3.839053e-07,-0.0068692613
3.840053e-07,-0.006866389
3.841053e-07,-0.0068599265
3.842053e-07,-0.0068599265
3.843053e-07,-0.0068721335
3.844053e-07,-0.0068936753
3.845053e-07,-0.0069166533
3.846053e-07,-0.0069288603
3.847053e-07,-0.0069238339
3.848053e-07,-0.0069030101
3.849053e-07,-0.0068735696
3.850053e-07,-0.0068484375
3.851053e-07,-0.0068347943
3.852053e-07,-0.0068333582
3.853053e-07,-0.0068405388
3.854053e-07,-0.0068484375
3.855053e-07,-0.0068527459
3.856053e-07,-0.0068534639
3.857053e-07,-0.0068549
3.858053e-07,-0.0068599265
3.859053e-07,-0.0068692613
3.860053e-07,-0.0068793141
3.861053e-07,-0.0068814683
3.862053e-07,-0.0068714154
3.863053e-07,-0.0068505917
3.864053e-07,-0.0068254596
3.865053e-07,-0.006807508
3.866053e-07,-0.0068024816
3.867053e-07,-0.0068110983
3.868053e-07,-0.0068247415
3.869053e-07,-0.0068326402
3.870053e-07,-0.0068254596
3.871053e-07,-0.0068031997
3.872053e-07,-0.0067744773
3.873053e-07,-0.0067514993
3.874053e-07,-0.0067450368
3.875053e-07,-0.0067558077
3.876053e-07,-0.0067759134
3.877053e-07,-0.0067917107
3.878053e-07,-0.0067909926
3.879053e-07,-0.0067708869
3.880053e-07,-0.0067378562
3.881053e-07,-0.0067055434
3.882053e-07,-0.0066875919
3.883053e-07,-0.0066897461
3.884053e-07,-0.0067069795
3.885053e-07,-0.0067292394
3.886053e-07,-0.0067450368
3.887053e-07,-0.0067493451
3.888053e-07,-0.0067457548
3.889053e-07,-0.0067421645
3.890053e-07,-0.0067450368
3.891053e-07,-0.0067550896
3.892053e-07,-0.0067644244
3.893053e-07,-0.0067637063
3.894053e-07,-0.0067450368
3.895053e-07,-0.0067112879
3.896053e-07,-0.0066739488
3.897053e-07,-0.0066509708
3.898053e-07,-0.006653125
3.899053e-07,-0.0066818474
3.900053e-07,-0.0067249311
3.901053e-07,-0.0067637063
3.902053e-07,-0.0067795037
3.903053e-07,-0.0067665786
3.904053e-07,-0.0067335478
3.905053e-07,-0.0066969267
3.906053e-07,-0.0066761029
3.907053e-07,-0.0066804113
3.908053e-07,-0.0067069795
3.909053e-07,-0.0067414465
3.910053e-07,-0.0067680147
3.911053e-07,-0.0067766314
3.912053e-07,-0.0067687328
3.913053e-07,-0.0067536535
3.914053e-07,-0.0067450368
3.915053e-07,-0.0067507812
3.916053e-07,-0.0067680147
3.917053e-07,-0.0067895565
3.918053e-07,-0.0068024816
3.919053e-07,-0.0068017636
3.920053e-07,-0.0067909926
3.921053e-07,-0.0067802217
3.922053e-07,-0.0067795037
3.923053e-07,-0.0067938649
3.924053e-07,-0.0068197151
3.925053e-07,-0.0068448472
3.926053e-07,-0.0068599265
3.927053e-07,-0.0068592084
3.928053e-07,-0.0068477194
3.929053e-07,-0.0068369485
3.930053e-07,-0.0068369485
3.931053e-07,-0.0068520278
3.932053e-07,-0.0068764419
3.933053e-07,-0.0068987017
3.934053e-07,-0.0069058824
3.935053e-07,-0.0068943934
3.936053e-07,-0.0068699793
3.937053e-07,-0.0068462833
3.938053e-07,-0.0068369485
3.939053e-07,-0.0068484375
3.940053e-07,-0.0068742877
3.941053e-07,-0.0069030101
3.942053e-07,-0.0069173713
3.943053e-07,-0.0069101907
3.944053e-07,-0.0068843405
3.945053e-07,-0.0068513097
3.946053e-07,-0.0068254596
3.947053e-07,-0.0068161248
3.948053e-07,-0.0068233054
3.949053e-07,-0.0068376666
3.950053e-07,-0.0068484375
3.951053e-07,-0.0068470014
3.952053e-07,-0.0068355124
3.953053e-07,-0.0068211512
3.954053e-07,-0.0068139706
3.955053e-07,-0.0068197151
3.956053e-07,-0.0068355124
3.957053e-07,-0.0068527459
3.958053e-07,-0.0068599265
3.959053e-07,-0.0068513097
3.960053e-07,-0.0068283318
3.961053e-07,-0.0068010455
3.962053e-07,-0.0067795037
3.963053e-07,-0.0067708869
3.964053e-07,-0.0067730411
3.965053e-07,-0.0067787856
3.966053e-07,-0.0067795037
3.967053e-07,-0.0067701689
3.968053e-07,-0.0067543716
3.969053e-07,-0.0067385742
3.970053e-07,-0.0067335478
3.971053e-07,-0.0067414465
3.972053e-07,-0.006759398
3.973053e-07,-0.0067751953
3.974053e-07,-0.0067795037
3.975053e-07,-0.0067665786
3.976053e-07,-0.0067400103
3.977053e-07,-0.0067091337
3.978053e-07,-0.0066875919
3.979053e-07,-0.0066818474
3.980053e-07,-0.0066904642
3.981053e-07,-0.0067076976
3.982053e-07,-0.0067220588
3.983053e-07,-0.0067285214
3.984053e-07,-0.0067263672
3.985053e-07,-0.0067213408
3.986053e-07,-0.0067220588
3.987053e-07,-0.0067313936
3.988053e-07,-0.0067471909
3.989053e-07,-0.0067615522
3.990053e-07,-0.0067680147
3.991053e-07,-0.0067629883
3.992053e-07,-0.0067493451
3.993053e-07,-0.0067371381
3.994053e-07,-0.0067335478
3.995053e-07,-0.0067436006
3.996053e-07,-0.0067637063
3.997053e-07,-0.0067859662
3.998053e-07,-0.0068024816
3.999053e-07,-0.0068082261
4.000053e-07,-0.00680679
4.001053e-07,-0.0068060719
4.002053e-07,-0.0068139706
4.003053e-07,-0.0068333582
4.004053e-07,-0.0068613626
4.005053e-07,-0.0068886489
4.006053e-07,-0.0069058824
4.007053e-07,-0.0069087546
4.008053e-07,-0.0069001379
4.009053e-07,-0.0068886489
4.010053e-07,-0.0068829044
4.011053e-07,-0.0068886489
4.012053e-07,-0.0069037282
4.013053e-07,-0.0069195255
4.014053e-07,-0.0069288603
4.015053e-07,-0.0069267061
4.016053e-07,-0.0069152171
4.017053e-07,-0.006901574
4.018053e-07,-0.0068943934
4.019053e-07,-0.0068987017
4.020053e-07,-0.0069123449
4.021053e-07,-0.0069288603
4.022053e-07,-0.0069403493
4.023053e-07,-0.0069410673
4.024053e-07,-0.0069324506
4.025053e-07,-0.0069188074
4.026053e-07,-0.0069058824
4.027053e-07,-0.0068972656
4.028053e-07,-0.0068908031
4.029053e-07,-0.0068836225
4.030053e-07,-0.0068714154
4.031053e-07,-0.006854182
4.032053e-07,-0.0068369485
4.033053e-07,-0.0068261776
4.034053e-07,-0.0068254596
4.035053e-07,-0.0068347943
4.036053e-07,-0.0068470014
4.037053e-07,-0.0068534639
4.038053e-07,-0.0068484375
4.039053e-07,-0.006831204
4.040053e-07,-0.0068096622
4.041053e-07,-0.0067938649
4.042053e-07,-0.0067909926
4.043053e-07,-0.0068017636
4.044053e-07,-0.0068204331
4.045053e-07,-0.0068347943
4.046053e-07,-0.0068369485
4.047053e-07,-0.0068254596
4.048053e-07,-0.0068060719
4.049053e-07,-0.0067917107
4.050053e-07,-0.0067909926
4.051053e-07,-0.00680679
4.052053e-07,-0.006831204
4.053053e-07,-0.0068527459
4.054053e-07,-0.0068599265
4.055053e-07,-0.0068484375
4.056053e-07,-0.0068247415
4.057053e-07,-0.0068010455
4.058053e-07,-0.0067909926
4.059053e-07,-0.0068003274
4.060053e-07,-0.0068268957
4.061053e-07,-0.0068584903
4.062053e-07,-0.0068829044
4.063053e-07,-0.0068929573
4.064053e-07,-0.0068879308
4.065053e-07,-0.006877878
4.066053e-07,-0.0068714154
4.067053e-07,-0.0068757238
4.068053e-07,-0.0068908031
4.069053e-07,-0.0069073185
4.070053e-07,-0.0069173713
4.071053e-07,-0.0069144991
4.072053e-07,-0.0069008559
4.073053e-07,-0.0068829044
4.074053e-07,-0.0068714154
4.075053e-07,-0.0068714154
4.076053e-07,-0.0068814683
4.077053e-07,-0.0068965476
4.078053e-07,-0.0069058824
4.079053e-07,-0.0069051643
4.080053e-07,-0.0068951114
4.081053e-07,-0.0068807502
4.082053e-07,-0.0068714154
4.083053e-07,-0.0068706974
4.084053e-07,-0.006878596
4.085053e-07,-0.006889367
4.086053e-07,-0.0068943934
4.087053e-07,-0.0068908031
4.088053e-07,-0.0068800322
4.089053e-07,-0.0068671071
4.090053e-07,-0.0068599265
4.091053e-07,-0.0068613626
4.092053e-07,-0.0068699793
4.093053e-07,-0.0068793141
4.094053e-07,-0.0068829044
4.095053e-07,-0.006877878
4.096053e-07,-0.0068678251
4.097053e-07,-0.0068592084
4.098053e-07,-0.0068599265
4.099053e-07,-0.0068721335
4.100053e-07,-0.0068915211
4.101053e-07,-0.0069101907
4.102053e-07,-0.0069173713
4.103053e-07,-0.0069087546
4.104053e-07,-0.0068864947
4.105053e-07,-0.0068592084
4.106053e-07,-0.0068369485
4.107053e-07,-0.0068283318
4.108053e-07,-0.0068347943
4.109053e-07,-0.0068520278
4.110053e-07,-0.0068714154
4.111053e-07,-0.0068857767
4.112053e-07,-0.0068915211
4.113053e-07,-0.006890085
4.114053e-07,-0.0068829044
4.115053e-07,-0.0068735696
4.116053e-07,-0.0068635168
4.117053e-07,-0.0068513097
4.118053e-07,-0.0068369485
4.119053e-07,-0.0068225873
4.120053e-07,-0.0068110983
4.121053e-07,-0.0068082261
4.122053e-07,-0.0068139706
4.123053e-07,-0.0068261776
4.124053e-07,-0.0068383847
4.125053e-07,-0.006842693
4.126053e-07,-0.0068369485
4.127053e-07,-0.0068225873
4.128053e-07,-0.0068082261
4.129053e-07,-0.0068031997
4.130053e-07,-0.0068139706
4.131053e-07,-0.0068398208
4.132053e-07,-0.0068728516
4.133053e-07,-0.006901574
4.134053e-07,-0.0069173713
4.135053e-07,-0.0069173713
4.136053e-07,-0.0069066004
4.137053e-07,-0.0068958295
4.138053e-07,-0.0068943934
4.139053e-07,-0.0069051643
4.140053e-07,-0.0069231158
4.141053e-07,-0.0069417854
4.142053e-07,-0.0069518382
4.143053e-07,-0.0069504021
4.144053e-07,-0.0069417854
4.145053e-07,-0.0069317325
4.146053e-07,-0.0069288603
4.147053e-07,-0.0069338867
4.148053e-07,-0.0069417854
4.149053e-07,-0.0069460937
4.150053e-07,-0.0069403493
4.151053e-07,-0.0069245519
4.152053e-07,-0.0069037282
4.153053e-07,-0.0068879308
4.154053e-07,-0.0068829044
4.155053e-07,-0.0068886489
4.156053e-07,-0.0068994198
4.157053e-07,-0.0069030101
4.158053e-07,-0.0068943934
4.159053e-07,-0.0068721335
4.160053e-07,-0.0068441291
4.161053e-07,-0.0068218693
4.162053e-07,-0.0068139706
4.163053e-07,-0.0068211512
4.164053e-07,-0.0068355124
4.165053e-07,-0.0068441291
4.166053e-07,-0.0068369485
4.167053e-07,-0.0068110983
4.168053e-07,-0.0067737592
4.169053e-07,-0.00673642
4.170053e-07,-0.0067105699
4.171053e-07,-0.0066983628
4.172053e-07,-0.0066926183
4.173053e-07,-0.0066818474
4.174053e-07,-0.006653125
4.175053e-07,-0.0066042969
4.176053e-07,-0.0065418256
4.177053e-07,-0.0064807904
4.178053e-07,-0.0064348346
4.179053e-07,-0.0064097024
4.180053e-07,-0.0064010857
4.181053e-07,-0.0063953412
4.182053e-07,-0.0063773897
4.183053e-07,-0.0063386144
4.184053e-07,-0.0062782973
4.185053e-07,-0.0062072093
4.186053e-07,-0.0061361213
4.187053e-07,-0.00607365
4.188053e-07,-0.0060205136
4.189053e-07,-0.0059709674
4.190053e-07,-0.0059178309
4.191053e-07,-0.0058575138
4.192053e-07,-0.0057928883
4.193053e-07,-0.005729699
4.194053e-07,-0.0056765625
4.195053e-07,-0.005634915
4.196053e-07,-0.00559973
4.197053e-07,-0.0055623909
4.198053e-07,-0.0055157169
4.199053e-07,-0.005457554
4.200053e-07,-0.0053929285
4.201053e-07,-0.0053326114
4.202053e-07,-0.0052859375
4.203053e-07,-0.0052536248
4.204053e-07,-0.0052299288
4.205053e-07,-0.0052026425
4.206053e-07,-0.0051595588
4.207053e-07,-0.0050985237
4.208053e-07,-0.0050245634
4.209053e-07,-0.0049527574
4.210053e-07,-0.0048953125
4.211053e-07,-0.0048601275
4.212053e-07,-0.0048436121
4.213053e-07,-0.0048364315
4.214053e-07,-0.0048263787
4.215053e-07,-0.004806991
4.216053e-07,-0.0047789867
4.217053e-07,-0.0047524184
4.218053e-07,-0.0047344669
4.219053e-07,-0.0047308766
4.220053e-07,-0.0047366211
4.221053e-07,-0.0047409295
4.222053e-07,-0.0047344669
4.223053e-07,-0.0047107709
4.224053e-07,-0.0046734318
4.225053e-07,-0.0046353745
4.226053e-07,-0.0046080882
4.227053e-07,-0.0046009076
4.228053e-07,-0.0046123966
4.229053e-07,-0.0046339384
4.230053e-07,-0.0046540441
4.231053e-07,-0.004664097
4.232053e-07,-0.0046612247
4.233053e-07,-0.0046518899
4.234053e-07,-0.0046425551
4.235053e-07,-0.0046389648
4.236053e-07,-0.0046396829
4.237053e-07,-0.0046396829
4.238053e-07,-0.0046310662
4.239053e-07,-0.0046116785
4.240053e-07,-0.0045858284
4.241053e-07,-0.0045621324
4.242053e-07,-0.0045506434
4.243053e-07,-0.0045563879
4.244053e-07,-0.0045772116
4.245053e-07,-0.0046016257
4.246053e-07,-0.0046195772
4.247053e-07,-0.0046224494
4.248053e-07,-0.0046102424
4.249053e-07,-0.0045901367
4.250053e-07,-0.0045736213
4.251053e-07,-0.0045678768
4.252053e-07,-0.0045743394
4.253053e-07,-0.0045865464
4.254053e-07,-0.0045965993
4.255053e-07,-0.0045965993
4.256053e-07,-0.0045865464
4.257053e-07,-0.0045714671
4.258053e-07,-0.0045621324
4.259053e-07,-0.0045657227
4.260053e-07,-0.0045843922
4.261053e-07,-0.0046131147
4.262053e-07,-0.0046425551
4.263053e-07,-0.0046633789
4.264053e-07,-0.0046698415
4.265053e-07,-0.004664815
4.266053e-07,-0.0046540441
4.267053e-07,-0.0046447093
4.268053e-07,-0.0046418371
4.269053e-07,-0.0046461455
4.270053e-07,-0.0046540441
4.271053e-07,-0.0046612247
4.272053e-07,-0.0046655331
4.273053e-07,-0.0046662511
4.274053e-07,-0.0046655331
4.275053e-07,-0.0046669692
4.276053e-07,-0.0046712776
4.277053e-07,-0.0046791762
4.278053e-07,-0.004688511
4.279053e-07,-0.0046964097
4.280053e-07,-0.0047028722
4.281053e-07,-0.0047078987
4.282053e-07,-0.004711489
4.283053e-07,-0.0047150793
4.284053e-07,-0.0047172335
4.285053e-07,-0.0047165154
4.286053e-07,-0.004711489
4.287053e-07,-0.0047035903
4.288053e-07,-0.0046942555
4.289053e-07,-0.004688511
4.290053e-07,-0.004688511
4.291053e-07,-0.0046949736
4.292053e-07,-0.0047057445
4.293053e-07,-0.0047157973
4.294053e-07,-0.0047229779
4.295053e-07,-0.0047244141
4.296053e-07,-0.0047208238
4.297053e-07,-0.0047157973
4.298053e-07,-0.004711489
4.299053e-07,-0.0047086167
4.300053e-07,-0.0047050264
4.301053e-07,-0.0046992819
4.302053e-07,-0.004688511
4.303053e-07,-0.0046734318
4.304053e-07,-0.0046561983
4.305053e-07,-0.004641119
4.306053e-07,-0.0046310662
4.307053e-07,-0.0046260398
4.308053e-07,-0.0046246036
4.309053e-07,-0.0046231675
4.310053e-07,-0.0046195772
4.311053e-07,-0.0046138327
4.312053e-07,-0.0046088063
4.313053e-07,-0.0046066521
4.314053e-07,-0.0046080882
4.315053e-07,-0.0046123966
4.316053e-07,-0.0046152688
4.317053e-07,-0.0046145508
4.318053e-07,-0.0046080882
4.319053e-07,-0.0045994715
4.320053e-07,-0.0045944451
4.321053e-07,-0.0045965993
4.322053e-07,-0.0046080882
4.323053e-07,-0.0046246036
4.324053e-07,-0.004640401
4.325053e-07,-0.0046468635
4.326053e-07,-0.0046425551
4.327053e-07,-0.0046303481
4.328053e-07,-0.0046195772
4.329053e-07,-0.0046181411
4.330053e-07,-0.0046310662
4.331053e-07,-0.0046554802
4.332053e-07,-0.0046820485
4.333053e-07,-0.0047
4.334053e-07,-0.0047
4.335053e-07,-0.0046834846
4.336053e-07,-0.0046576344
4.337053e-07,-0.0046368107
4.338053e-07,-0.0046310662
4.339053e-07,-0.0046447093
4.340053e-07,-0.0046719956
4.341053e-07,-0.0047021542
4.342053e-07,-0.0047229779
4.343053e-07,-0.0047272863
4.344053e-07,-0.0047172335
4.345053e-07,-0.0047014361
4.346053e-07,-0.004688511
4.347053e-07,-0.0046863568
4.348053e-07,-0.0046956916
4.349053e-07,-0.0047100528
4.350053e-07,-0.0047229779
4.351053e-07,-0.0047287224
4.352053e-07,-0.0047272863
4.353053e-07,-0.004723696
4.354053e-07,-0.0047229779
4.355053e-07,-0.0047294405
4.356053e-07,-0.0047409295
4.357053e-07,-0.0047524184
4.358053e-07,-0.0047574449
4.359053e-07,-0.0047531365
4.360053e-07,-0.0047416475
4.361053e-07,-0.0047294405
4.362053e-07,-0.0047229779
4.363053e-07,-0.0047251321
4.364053e-07,-0.0047344669
4.365053e-07,-0.0047438017
4.366053e-07,-0.0047459559
4.367053e-07,-0.0047373392
4.368053e-07,-0.0047201057
4.369053e-07,-0.0047007181
4.370053e-07,-0.004688511
4.371053e-07,-0.004688511
4.372053e-07,-0.0047007181
4.373053e-07,-0.0047193876
4.374053e-07,-0.0047344669
4.375053e-07,-0.0047402114
4.376053e-07,-0.0047330308
4.377053e-07,-0.0047179515
4.378053e-07,-0.0047
4.379053e-07,-0.0046870749
4.380053e-07,-0.0046813304
4.381053e-07,-0.0046827665
4.382053e-07,-0.004688511
4.383053e-07,-0.0046942555
4.384053e-07,-0.0046992819
4.385053e-07,-0.0047043084
4.386053e-07,-0.004711489
4.387053e-07,-0.0047215418
4.388053e-07,-0.0047344669
4.389053e-07,-0.004747392
4.390053e-07,-0.0047574449
4.391053e-07,-0.0047646255
4.392053e-07,-0.0047689338
4.393053e-07,-0.0047732422
4.394053e-07,-0.0047804228
4.395053e-07,-0.0047890395
4.396053e-07,-0.0047962201
4.397053e-07,-0.0047983743
4.398053e-07,-0.0047919118
4.399053e-07,-0.0047789867
4.400053e-07,-0.0047639074
4.401053e-07,-0.0047552907
4.402053e-07,-0.0047574449
4.403053e-07,-0.0047725241
4.404053e-07,-0.0047962201
4.405053e-07,-0.0048213523
4.406053e-07,-0.0048378676
4.407053e-07,-0.004842176
4.408053e-07,-0.0048335593
4.409053e-07,-0.00481848
4.410053e-07,-0.0048034007
4.411053e-07,-0.004794784
4.412053e-07,-0.0047955021
4.413053e-07,-0.0048034007
4.414053e-07,-0.0048148897
4.415053e-07,-0.0048263787
4.416053e-07,-0.0048357135
4.417053e-07,-0.0048436121
4.418053e-07,-0.0048493566
4.419053e-07,-0.004853665
4.420053e-07,-0.004854383
4.421053e-07,-0.0048493566
4.422053e-07,-0.0048378676
4.423053e-07,-0.0048220703
4.424053e-07,-0.0048055549
4.425053e-07,-0.0047940659
4.426053e-07,-0.0047919118
4.427053e-07,-0.0047976562
4.428053e-07,-0.0048077091
4.429053e-07,-0.0048148897
4.430053e-07,-0.0048148897
4.431053e-07,-0.0048055549
4.432053e-07,-0.0047911937
4.433053e-07,-0.0047768325
4.434053e-07,-0.0047689338
4.435053e-07,-0.0047696519
4.436053e-07,-0.0047775506
4.437053e-07,-0.0047861673
4.438053e-07,-0.0047919118
4.439053e-07,-0.0047911937
4.440053e-07,-0.0047861673
4.441053e-07,-0.0047811409
4.442053e-07,-0.0047804228
4.443053e-07,-0.0047861673
4.444053e-07,-0.0047969382
4.445053e-07,-0.0048077091
4.446053e-07,-0.0048148897
4.447053e-07,-0.0048163258
4.448053e-07,-0.0048134536
4.449053e-07,-0.0048112994
4.450053e-07,-0.0048148897
4.451053e-07,-0.0048256606
4.452053e-07,-0.004841458
4.453053e-07,-0.0048579733
4.454053e-07,-0.0048723346
4.455053e-07,-0.0048816693
4.456053e-07,-0.0048866958
4.457053e-07,-0.0048910041
4.458053e-07,-0.0048953125
4.459053e-07,-0.0049003389
4.460053e-07,-0.0049039292
4.461053e-07,-0.0049024931
4.462053e-07,-0.0048953125
4.463053e-07,-0.0048845416
4.464053e-07,-0.0048737707
4.465053e-07,-0.0048694623
4.466053e-07,-0.0048723346
4.467053e-07,-0.0048809513
4.468053e-07,-0.004889568
4.469053e-07,-0.0048910041
4.470053e-07,-0.0048838235
4.471053e-07,-0.0048694623
4.472053e-07,-0.0048551011
4.473053e-07,-0.0048472024
4.474053e-07,-0.0048493566
4.475053e-07,-0.0048586914
4.476053e-07,-0.0048673081
4.477053e-07,-0.004865154
4.478053e-07,-0.0048493566
4.479053e-07,-0.0048220703
4.480053e-07,-0.0047940659
4.481053e-07,-0.0047775506
4.482053e-07,-0.0047804228
4.483053e-07,-0.0048012466
4.484053e-07,-0.004830687
4.485053e-07,-0.004854383
4.486053e-07,-0.0048608456
4.487053e-07,-0.0048472024
4.488053e-07,-0.0048199161
4.489053e-07,-0.0047933479
4.490053e-07,-0.0047804228
4.491053e-07,-0.0047868853
4.492053e-07,-0.0048077091
4.493053e-07,-0.0048328412
4.494053e-07,-0.0048493566
4.495053e-07,-0.0048493566
4.496053e-07,-0.0048349954
4.497053e-07,-0.0048163258
4.498053e-07,-0.0048034007
4.499053e-07,-0.0048048369
4.500053e-07,-0.0048206342
4.501053e-07,-0.0048428941
4.502053e-07,-0.0048608456
4.503053e-07,-0.0048680262
4.504053e-07,-0.0048622817
4.505053e-07,-0.0048493566
4.506053e-07,-0.0048378676
4.507053e-07,-0.0048328412
4.508053e-07,-0.0048342773
4.509053e-07,-0.0048378676
4.510053e-07,-0.0048378676
4.511053e-07,-0.004830687
4.512053e-07,-0.0048177619
4.513053e-07,-0.004806273
4.514053e-07,-0.0048034007
4.515053e-07,-0.0048148897
4.516053e-07,-0.0048385857
4.517053e-07,-0.0048687443
4.518053e-07,-0.0048953125
4.519053e-07,-0.004912546
4.520053e-07,-0.0049175724
4.521053e-07,-0.0049139821
4.522053e-07,-0.0049068015
4.523053e-07,-0.004901057
4.524053e-07,-0.0048967486
4.525053e-07,-0.0048917222
4.526053e-07,-0.0048838235
4.527053e-07,-0.0048708984
4.528053e-07,-0.004853665
4.529053e-07,-0.0048378676
4.530053e-07,-0.0048263787
4.531053e-07,-0.0048206342
4.532053e-07,-0.0048177619
4.533053e-07,-0.0048134536
4.534053e-07,-0.0048034007
4.535053e-07,-0.0047883215
4.536053e-07,-0.004771088
4.537053e-07,-0.004759599
4.538053e-07,-0.0047574449
4.539053e-07,-0.0047653435
4.540053e-07,-0.0047789867
4.541053e-07,-0.0047897576
4.542053e-07,-0.0047919118
4.543053e-07,-0.004783295
4.544053e-07,-0.0047682158
4.545053e-07,-0.0047538545
4.546053e-07,-0.0047459559
4.547053e-07,-0.004747392
4.548053e-07,-0.0047538545
4.549053e-07,-0.004758881
4.550053e-07,-0.0047574449
4.551053e-07,-0.004747392
4.552053e-07,-0.0047337489
4.553053e-07,-0.004723696
4.554053e-07,-0.0047229779
4.555053e-07,-0.0047330308
4.556053e-07,-0.0047481101
4.557053e-07,-0.0047581629
4.558053e-07,-0.0047574449
4.559053e-07,-0.0047438017
4.560053e-07,-0.0047229779
4.561053e-07,-0.0047086167
4.562053e-07,-0.004711489
4.563053e-07,-0.0047366211
4.564053e-07,-0.0047797047
4.565053e-07,-0.004829969
4.566053e-07,-0.0048723346
4.567053e-07,-0.0048974667
4.568053e-07,-0.0049024931
4.569053e-07,-0.0048945944
4.570053e-07,-0.0048838235
4.571053e-07,-0.0048809513
4.572053e-07,-0.004889568
4.573053e-07,-0.0049082376
4.574053e-07,-0.0049297794
4.575053e-07,-0.004948449
4.576053e-07,-0.004960656
4.577053e-07,-0.0049685547
4.578053e-07,-0.0049757353
4.579053e-07,-0.0049872243
4.580053e-07,-0.0050058938
4.581053e-07,-0.0050303079
4.582053e-07,-0.0050561581
4.583053e-07,-0.0050798541
4.584053e-07,-0.0050978056
4.585053e-07,-0.0051092946
4.586053e-07,-0.0051136029
4.587053e-07,-0.0051114488
4.588053e-07,-0.005102114
4.589053e-07,-0.0050863166
4.590053e-07,-0.0050676471
4.591053e-07,-0.0050504136
4.592053e-07,-0.0050403608
4.593053e-07,-0.0050425149
4.594053e-07,-0.0050561581
4.595053e-07,-0.0050776999
4.596053e-07,-0.0050970875
4.597053e-07,-0.0051071404
4.598053e-07,-0.005102114
4.599053e-07,-0.0050841625
4.600053e-07,-0.0050611845
4.601053e-07,-0.0050417969
4.602053e-07,-0.0050331801
4.603053e-07,-0.0050346163
4.604053e-07,-0.0050410788
4.605053e-07,-0.0050425149
4.606053e-07,-0.0050331801
4.607053e-07,-0.0050130744
4.608053e-07,-0.0049879423
4.609053e-07,-0.0049692727
4.610053e-07,-0.0049642463
4.611053e-07,-0.0049757353
4.612053e-07,-0.0049972771
4.613053e-07,-0.0050202551
4.614053e-07,-0.0050331801
4.615053e-07,-0.0050324621
4.616053e-07,-0.0050216912
4.617053e-07,-0.00500733
4.618053e-07,-0.0049987132
4.619053e-07,-0.0050001494
4.620053e-07,-0.0050102022
4.621053e-07,-0.0050238454
4.622053e-07,-0.0050331801
4.623053e-07,-0.0050367705
4.624053e-07,-0.0050360524
4.625053e-07,-0.0050374885
4.626053e-07,-0.0050446691
4.627053e-07,-0.0050583123
4.628053e-07,-0.0050741096
4.629053e-07,-0.0050827263
4.630053e-07,-0.005079136
4.631053e-07,-0.0050633387
4.632053e-07,-0.0050410788
4.633053e-07,-0.0050245634
4.634053e-07,-0.0050216912
4.635053e-07,-0.0050367705
4.636053e-07,-0.0050640568
4.637053e-07,-0.0050934972
4.638053e-07,-0.0051136029
4.639053e-07,-0.0051186294
4.640053e-07,-0.0051107307
4.641053e-07,-0.0050985237
4.642053e-07,-0.005090625
4.643053e-07,-0.0050942153
4.644053e-07,-0.0051071404
4.645053e-07,-0.0051243739
4.646053e-07,-0.0051365809
4.647053e-07,-0.0051394531
4.648053e-07,-0.0051337086
4.649053e-07,-0.005126528
4.650053e-07,-0.0051250919
4.651053e-07,-0.0051337086
4.652053e-07,-0.0051509421
4.653053e-07,-0.0051703297
4.654053e-07,-0.0051825368
4.655053e-07,-0.0051832548
4.656053e-07,-0.0051753562
4.657053e-07,-0.0051638672
4.658053e-07,-0.0051595588
4.659053e-07,-0.0051674575
4.660053e-07,-0.0051861271
4.661053e-07,-0.0052098231
4.662053e-07,-0.0052284926
4.663053e-07,-0.0052349552
4.664053e-07,-0.0052270565
4.665053e-07,-0.0052112592
4.666053e-07,-0.0051940257
4.667053e-07,-0.0051832548
4.668053e-07,-0.0051825368
4.669053e-07,-0.0051875632
4.670053e-07,-0.0051940257
4.671053e-07,-0.0051954619
4.672053e-07,-0.0051904354
4.673053e-07,-0.0051803826
4.674053e-07,-0.0051710478
4.675053e-07,-0.0051667394
4.676053e-07,-0.0051688936
4.677053e-07,-0.0051753562
4.678053e-07,-0.0051825368
4.679053e-07,-0.0051861271
4.680053e-07,-0.0051839729
4.681053e-07,-0.0051782284
4.682053e-07,-0.0051710478
4.683053e-07,-0.0051660214
4.684053e-07,-0.0051631491
4.685053e-07,-0.005161713
4.686053e-07,-0.0051595588
4.687053e-07,-0.0051559685
4.688053e-07,-0.0051509421
4.689053e-07,-0.0051473518
4.690053e-07,-0.0051480699
4.691053e-07,-0.0051538143
4.692053e-07,-0.0051631491
4.693053e-07,-0.00517392
4.694053e-07,-0.0051825368
4.695053e-07,-0.0051875632
4.696053e-07,-0.0051897174
4.697053e-07,-0.0051911535
4.698053e-07,-0.0051940257
4.699053e-07,-0.005197616
4.700053e-07,-0.0051990522
4.701053e-07,-0.0051947438
4.702053e-07,-0.0051825368
4.703053e-07,-0.0051624311
4.704053e-07,-0.0051401712
4.705053e-07,-0.0051215016
4.706053e-07,-0.0051136029
4.707053e-07,-0.0051193474
4.708053e-07,-0.0051365809
4.709053e-07,-0.0051595588
4.710053e-07,-0.0051825368
4.711053e-07,-0.0051990522
4.712053e-07,-0.0052076689
4.713053e-07,-0.005209105
4.714053e-07,-0.0052055147
4.715053e-07,-0.0052004883
4.716053e-07,-0.0051940257
4.717053e-07,-0.0051882812
4.718053e-07,-0.0051825368
4.719053e-07,-0.0051796645
4.720053e-07,-0.0051818187
4.721053e-07,-0.0051904354
4.722053e-07,-0.0052055147
4.723053e-07,-0.0052241843
4.724053e-07,-0.0052406997
4.725053e-07,-0.0052507525
4.726053e-07,-0.0052514706
4.727053e-07,-0.005245008
4.728053e-07,-0.0052356733
4.729053e-07,-0.0052292107
4.730053e-07,-0.0052284926
4.731053e-07,-0.0052313649
4.732053e-07,-0.0052335191
4.733053e-07,-0.0052292107
4.734053e-07,-0.0052170037
4.735053e-07,-0.0051990522
4.736053e-07,-0.0051832548
4.737053e-07,-0.0051760742
4.738053e-07,-0.0051825368
4.739053e-07,-0.0051997702
4.740053e-07,-0.005221312
4.741053e-07,-0.0052371094
4.742053e-07,-0.0052399816
4.743053e-07,-0.0052306468
4.744053e-07,-0.0052141314
4.745053e-07,-0.0051997702
4.746053e-07,-0.0051940257
4.747053e-07,-0.005197616
4.748053e-07,-0.0052062328
4.749053e-07,-0.0052105411
4.750053e-07,-0.0052055147
4.751053e-07,-0.0051904354
4.752053e-07,-0.0051710478
4.753053e-07,-0.0051581227
4.754053e-07,-0.0051595588
4.755053e-07,-0.0051760742
4.756053e-07,-0.0052019244
4.757053e-07,-0.0052263385
4.758053e-07,-0.0052399816
4.759053e-07,-0.0052385455
4.760053e-07,-0.0052256204
4.761053e-07,-0.0052112592
4.762053e-07,-0.0052055147
4.763053e-07,-0.0052119773
4.764053e-07,-0.0052277746
4.765053e-07,-0.00524429
4.766053e-07,-0.0052514706
4.767053e-07,-0.005245008
4.768053e-07,-0.0052270565
4.769053e-07,-0.0052062328
4.770053e-07,-0.0051940257
4.771053e-07,-0.005196898
4.772053e-07,-0.0052141314
4.773053e-07,-0.0052392636
4.774053e-07,-0.0052629596
4.775053e-07,-0.0052773208
4.776053e-07,-0.005280193
4.777053e-07,-0.0052773208
4.778053e-07,-0.0052744485
4.779053e-07,-0.0052773208
4.780053e-07,-0.0052866556
4.781053e-07,-0.0052995807
4.782053e-07,-0.0053089154
4.783053e-07,-0.0053110696
4.784053e-07,-0.0053067613
4.785053e-07,-0.0053002987
4.786053e-07,-0.0052974265
4.787053e-07,-0.0053024529
4.788053e-07,-0.0053146599
4.789053e-07,-0.0053304573
4.790053e-07,-0.0053433824
4.791053e-07,-0.0053498449
4.792053e-07,-0.0053498449
4.793053e-07,-0.0053455365
4.794053e-07,-0.0053433824
4.795053e-07,-0.0053448185
4.796053e-07,-0.0053498449
4.797053e-07,-0.0053548713
4.798053e-07,-0.0053548713
4.799053e-07,-0.0053484088
4.800053e-07,-0.0053369198
4.801053e-07,-0.0053254308
4.802053e-07,-0.0053204044
4.803053e-07,-0.0053239947
4.804053e-07,-0.0053340476
4.805053e-07,-0.0053462546
4.806053e-07,-0.0053548713
4.807053e-07,-0.0053548713
4.808053e-07,-0.0053448185
4.809053e-07,-0.0053283031
4.810053e-07,-0.0053089154
4.811053e-07,-0.0052902459
4.812053e-07,-0.0052722943
4.813053e-07,-0.005255779
4.814053e-07,-0.0052399816
4.815053e-07,-0.0052256204
4.816053e-07,-0.0052148495
4.817053e-07,-0.0052119773
4.818053e-07,-0.0052170037
4.819053e-07,-0.0052277746
4.820053e-07,-0.0052385455
4.821053e-07,-0.0052435719
4.822053e-07,-0.0052399816
4.823053e-07,-0.0052277746
4.824053e-07,-0.0052119773
4.825053e-07,-0.0051997702
4.826053e-07,-0.0051940257
4.827053e-07,-0.0051954619
4.828053e-07,-0.0051990522
4.829053e-07,-0.0051997702
4.830053e-07,-0.0051940257
4.831053e-07,-0.0051832548
4.832053e-07,-0.005173202
4.833053e-07,-0.0051717659
4.834053e-07,-0.0051825368
4.835053e-07,-0.0052040786
4.836053e-07,-0.0052284926
4.837053e-07,-0.0052464442
4.838053e-07,-0.0052514706
4.839053e-07,-0.00524429
4.840053e-07,-0.0052313649
4.841053e-07,-0.0052234662
4.842053e-07,-0.0052284926
4.843053e-07,-0.0052471622
4.844053e-07,-0.0052715763
4.845053e-07,-0.005291682
4.846053e-07,-0.0052974265
4.847053e-07,-0.0052866556
4.848053e-07,-0.0052665499
4.849053e-07,-0.0052471622
4.850053e-07,-0.0052399816
4.851053e-07,-0.0052507525
4.852053e-07,-0.0052766027
4.853053e-07,-0.0053067613
4.854053e-07,-0.0053318934
4.855053e-07,-0.0053448185
4.856053e-07,-0.0053448185
4.857053e-07,-0.0053383559
4.858053e-07,-0.0053318934
4.859053e-07,-0.0053304573
4.860053e-07,-0.0053326114
4.861053e-07,-0.0053347656
4.862053e-07,-0.0053318934
4.863053e-07,-0.0053239947
4.864053e-07,-0.0053146599
4.865053e-07,-0.0053117877
4.866053e-07,-0.0053204044
4.867053e-07,-0.0053412282
4.868053e-07,-0.0053677964
4.869053e-07,-0.0053907744
4.870053e-07,-0.0054008272
4.871053e-07,-0.0053958008
4.872053e-07,-0.0053800034
4.873053e-07,-0.0053634881
4.874053e-07,-0.0053548713
4.875053e-07,-0.0053584616
4.876053e-07,-0.0053706687
4.877053e-07,-0.0053835937
4.878053e-07,-0.0053893382
4.879053e-07,-0.0053835937
4.880053e-07,-0.0053706687
4.881053e-07,-0.0053577436
4.882053e-07,-0.0053548713
4.883053e-07,-0.0053649242
4.884053e-07,-0.0053857479
4.885053e-07,-0.0054080078
4.886053e-07,-0.0054238051
4.887053e-07,-0.0054281135
4.888053e-07,-0.005422369
4.889053e-07,-0.0054144704
4.890053e-07,-0.0054123162
4.891053e-07,-0.0054194968
4.892053e-07,-0.0054345761
4.893053e-07,-0.0054496553
4.894053e-07,-0.0054582721
4.895053e-07,-0.0054568359
4.896053e-07,-0.0054489373
4.897053e-07,-0.0054431928
4.898053e-07,-0.0054467831
4.899053e-07,-0.0054632985
4.900053e-07,-0.0054884306
4.901053e-07,-0.0055128447
4.902053e-07,-0.0055272059
4.903053e-07,-0.0055257698
4.904053e-07,-0.0055114085
4.905053e-07,-0.005492739
4.906053e-07,-0.00548125
4.907053e-07,-0.0054834042
4.908053e-07,-0.0054984835
4.909053e-07,-0.0055200253
4.910053e-07,-0.0055386949
4.911053e-07,-0.0055473116
4.912053e-07,-0.0055458755
4.913053e-07,-0.005540131
4.914053e-07,-0.0055386949
4.915053e-07,-0.0055487477
4.916053e-07,-0.0055695715
4.917053e-07,-0.0055961397
4.918053e-07,-0.0056191176
4.919053e-07,-0.0056306066
4.920053e-07,-0.0056270163
4.921053e-07,-0.0056133732
4.922053e-07,-0.0055961397
4.923053e-07,-0.0055824966
4.924053e-07,-0.0055774701
4.925053e-07,-0.0055789062
4.926053e-07,-0.0055846507
4.927053e-07,-0.0055889591
4.928053e-07,-0.0055903952
4.929053e-07,-0.005588241
4.930053e-07,-0.0055846507
4.931053e-07,-0.0055810604
4.932053e-07,-0.0055767521
4.933053e-07,-0.0055702895
4.934053e-07,-0.0055616728
4.935053e-07,-0.0055501838
4.936053e-07,-0.0055379768
4.937053e-07,-0.0055293601
4.938053e-07,-0.0055272059
4.939053e-07,-0.0055300781
4.940053e-07,-0.0055351045
4.941053e-07,-0.0055351045
4.942053e-07,-0.0055272059
4.943053e-07,-0.0055092544
4.944053e-07,-0.0054855584
4.945053e-07,-0.0054625804
4.946053e-07,-0.0054467831
4.947053e-07,-0.0054403205
4.948053e-07,-0.0054424747
4.949053e-07,-0.0054467831
4.950053e-07,-0.0054467831
4.951053e-07,-0.0054403205
4.952053e-07,-0.0054266774
4.953053e-07,-0.0054123162
4.954053e-07,-0.0054008272
4.955053e-07,-0.0053965188
4.956053e-07,-0.005398673
4.957053e-07,-0.0054051356
4.958053e-07,-0.0054123162
4.959053e-07,-0.0054173426
4.960053e-07,-0.005421651
4.961053e-07,-0.0054273955
4.962053e-07,-0.0054352941
4.963053e-07,-0.005446065
4.964053e-07,-0.0054553998
4.965053e-07,-0.0054604262
4.966053e-07,-0.0054582721
4.967053e-07,-0.0054489373
4.968053e-07,-0.0054367302
4.969053e-07,-0.0054266774
4.970053e-07,-0.0054238051
4.971053e-07,-0.0054273955
4.972053e-07,-0.005433858
4.973053e-07,-0.0054374483
4.974053e-07,-0.0054352941
4.975053e-07,-0.0054266774
4.976053e-07,-0.0054180607
4.977053e-07,-0.0054151884
4.978053e-07,-0.0054238051
4.979053e-07,-0.0054446289
4.980053e-07,-0.0054726333
4.981053e-07,-0.0054984835
4.982053e-07,-0.0055157169
4.983053e-07,-0.0055200253
4.984053e-07,-0.0055135627
4.985053e-07,-0.0055020738
4.986053e-07,-0.005492739
4.987053e-07,-0.0054877125
4.988053e-07,-0.0054855584
4.989053e-07,-0.00548125
4.990053e-07,-0.005469761
4.991053e-07,-0.0054503734
4.992053e-07,-0.0054273955
4.993053e-07,-0.0054087259
4.994053e-07,-0.0054008272
4.995053e-07,-0.0054072898
4.996053e-07,-0.0054238051
4.997053e-07,-0.0054439108
4.998053e-07,-0.0054582721
4.999053e-07,-0.0054611443
5.000053e-07,-0.0054532456
5.001053e-07,-0.0054388844
5.002053e-07,-0.0054238051
5.003053e-07,-0.0054137523
5.004053e-07,-0.0054080078
5.005053e-07,-0.0054051356
5.006053e-07,-0.0054008272
5.007053e-07,-0.0053929285
5.008053e-07,-0.0053835937
5.009053e-07,-0.0053771312
5.010053e-07,-0.0053778493
5.011053e-07,-0.005386466
5.012053e-07,-0.0054015453
5.013053e-07,-0.0054151884
5.014053e-07,-0.0054238051
5.015053e-07,-0.0054245232
5.016053e-07,-0.0054202148
5.017053e-07,-0.0054173426
5.018053e-07,-0.0054238051
5.019053e-07,-0.0054424747
5.020053e-07,-0.0054704791
5.021053e-07,-0.0055020738
5.022053e-07,-0.0055272059
5.023053e-07,-0.005540849
5.024053e-07,-0.0055415671
5.025053e-07,-0.0055343865
5.026053e-07,-0.0055272059
5.027053e-07,-0.0055272059
5.028053e-07,-0.0055386949
5.029053e-07,-0.0055588006
5.030053e-07,-0.0055846507
5.031053e-07,-0.0056105009
5.032053e-07,-0.0056327608
5.033053e-07,-0.0056507123
5.034053e-07,-0.0056650735
5.035053e-07,-0.0056772806
5.036053e-07,-0.0056873334
5.037053e-07,-0.0056952321
5.038053e-07,-0.0056995404
5.039053e-07,-0.0057016946
5.040053e-07,-0.0057038488
5.041053e-07,-0.0057095933
5.042053e-07,-0.0057225184
5.043053e-07,-0.005741188
5.044053e-07,-0.0057627298
5.045053e-07,-0.0057813994
5.046053e-07,-0.0057914522
5.047053e-07,-0.0057914522
5.048053e-07,-0.0057821174
5.049053e-07,-0.0057691923
5.050053e-07,-0.0057569853
5.051053e-07,-0.0057498047
5.052053e-07,-0.0057476505
5.053053e-07,-0.0057469324
5.054053e-07,-0.0057454963
5.055053e-07,-0.0057404699
5.056053e-07,-0.0057332893
5.057053e-07,-0.0057261087
5.058053e-07,-0.0057225184
5.059053e-07,-0.0057239545
5.060053e-07,-0.0057289809
5.061053e-07,-0.0057340074
5.062053e-07,-0.0057340074
5.063053e-07,-0.0057268267
5.064053e-07,-0.0057124655
5.065053e-07,-0.005694514
5.066053e-07,-0.0056765625
5.067053e-07,-0.0056614832
5.068053e-07,-0.0056492762
5.069053e-07,-0.0056399414
5.070053e-07,-0.0056306066
5.071053e-07,-0.0056212718
5.072053e-07,-0.0056133732
5.073053e-07,-0.0056083467
5.074053e-07,-0.0056076287
5.075053e-07,-0.005611219
5.076053e-07,-0.0056148093
5.077053e-07,-0.0056148093
5.078053e-07,-0.0056076287
5.079053e-07,-0.0055932675
5.080053e-07,-0.0055753159
5.081053e-07,-0.0055588006
5.082053e-07,-0.0055501838
5.083053e-07,-0.0055516199
5.084053e-07,-0.0055609547
5.085053e-07,-0.0055738798
5.086053e-07,-0.0055846507
5.087053e-07,-0.0055889591
5.088053e-07,-0.0055868049
5.089053e-07,-0.0055803424
5.090053e-07,-0.0055731618
5.091053e-07,-0.0055695715
5.092053e-07,-0.0055702895
5.093053e-07,-0.005576034
5.094053e-07,-0.0055846507
5.095053e-07,-0.0055954216
5.096053e-07,-0.0056083467
5.097053e-07,-0.0056241441
5.098053e-07,-0.0056420956
5.099053e-07,-0.0056614832
5.100053e-07,-0.0056794347
5.101053e-07,-0.0056930779
5.102053e-07,-0.0056995404
5.103053e-07,-0.0057002585
5.104053e-07,-0.0056981043
5.105053e-07,-0.0056966682
5.106053e-07,-0.0056995404
5.107053e-07,-0.005706721
5.108053e-07,-0.0057146197
5.109053e-07,-0.0057210823
5.110053e-07,-0.0057225184
5.111053e-07,-0.0057203642
5.112053e-07,-0.00571821
5.113053e-07,-0.0057210823
5.114053e-07,-0.0057340074
5.115053e-07,-0.0057555492
5.116053e-07,-0.0057806813
5.117053e-07,-0.0058022231
5.118053e-07,-0.0058144301
5.119053e-07,-0.0058137121
5.120053e-07,-0.0058036592
5.121053e-07,-0.0057900161
5.122053e-07,-0.0057799632
5.123053e-07,-0.0057785271
5.124053e-07,-0.0057864258
5.125053e-07,-0.0058000689
5.126053e-07,-0.0058144301
5.127053e-07,-0.0058252011
5.128053e-07,-0.0058295094
5.129053e-07,-0.0058295094
5.130053e-07,-0.0058259191
5.131053e-07,-0.0058208927
5.132053e-07,-0.0058151482
5.133053e-07,-0.0058094037
5.134053e-07,-0.0058029412
5.135053e-07,-0.0057971967
5.136053e-07,-0.0057950425
5.137053e-07,-0.0057971967
5.138053e-07,-0.0058029412
5.139053e-07,-0.0058101218
5.140053e-07,-0.0058144301
5.141053e-07,-0.005812276
5.142053e-07,-0.0058029412
5.143053e-07,-0.005789298
5.144053e-07,-0.0057778091
5.145053e-07,-0.0057742187
5.146053e-07,-0.0057799632
5.147053e-07,-0.0057921703
5.148053e-07,-0.0058050954
5.149053e-07,-0.0058094037
5.150053e-07,-0.0058029412
5.151053e-07,-0.0057864258
5.152053e-07,-0.0057684743
5.153053e-07,-0.0057562672
5.154053e-07,-0.0057569853
5.155053e-07,-0.0057706284
5.156053e-07,-0.0057900161
5.157053e-07,-0.0058072495
5.158053e-07,-0.0058144301
5.159053e-07,-0.0058101218
5.160053e-07,-0.0058000689
5.161053e-07,-0.0057914522
5.162053e-07,-0.0057914522
5.163053e-07,-0.0058022231
5.164053e-07,-0.0058208927
5.165053e-07,-0.0058381261
5.166053e-07,-0.0058488971
5.167053e-07,-0.0058510512
5.168053e-07,-0.0058488971
5.169053e-07,-0.0058496151
5.170053e-07,-0.005860386
5.171053e-07,-0.0058819278
5.172053e-07,-0.0059092142
5.173053e-07,-0.005931474
5.174053e-07,-0.0059408088
5.175053e-07,-0.0059336282
5.176053e-07,-0.0059135225
5.177053e-07,-0.0058891085
5.178053e-07,-0.005871875
5.179053e-07,-0.0058661305
5.180053e-07,-0.0058725931
5.181053e-07,-0.005884082
5.182053e-07,-0.0058948529
5.183053e-07,-0.0058998794
5.184053e-07,-0.0059005974
5.185053e-07,-0.0059005974
5.186053e-07,-0.0059063419
5.187053e-07,-0.0059185489
5.188053e-07,-0.0059350643
5.189053e-07,-0.0059479894
5.190053e-07,-0.0059522978
5.191053e-07,-0.0059451172
5.192053e-07,-0.0059300379
5.193053e-07,-0.0059142406
5.194053e-07,-0.0059063419
5.195053e-07,-0.0059084961
5.196053e-07,-0.0059178309
5.197053e-07,-0.0059271657
5.198053e-07,-0.0059293199
5.199053e-07,-0.0059214212
5.200053e-07,-0.0059056239
5.201053e-07,-0.0058905446
5.202053e-07,-0.005883364
5.203053e-07,-0.0058876723
5.204053e-07,-0.0059005974
5.205053e-07,-0.0059135225
5.206053e-07,-0.0059178309
5.207053e-07,-0.005907778
5.208053e-07,-0.0058848001
5.209053e-07,-0.0058582318
5.210053e-07,-0.0058374081
5.211053e-07,-0.0058302275
5.212053e-07,-0.0058374081
5.213053e-07,-0.0058539235
5.214053e-07,-0.005871875
5.215053e-07,-0.005883364
5.216053e-07,-0.0058848001
5.217053e-07,-0.0058797737
5.218053e-07,-0.005871875
5.219053e-07,-0.0058675666
5.220053e-07,-0.0058690028
5.221053e-07,-0.0058754653
5.222053e-07,-0.005883364
5.223053e-07,-0.0058898265
5.224053e-07,-0.0058926988
5.225053e-07,-0.0058941349
5.226053e-07,-0.0058948529
5.227053e-07,-0.0058962891
5.228053e-07,-0.0058970071
5.229053e-07,-0.0058970071
5.230053e-07,-0.0058948529
5.231053e-07,-0.0058919807
5.232053e-07,-0.0058905446
5.233053e-07,-0.005895571
5.234053e-07,-0.0059063419
5.235053e-07,-0.0059207031
5.236053e-07,-0.0059336282
5.237053e-07,-0.0059372185
5.238053e-07,-0.0059293199
5.239053e-07,-0.0059106503
5.240053e-07,-0.0058876723
5.241053e-07,-0.0058690028
5.242053e-07,-0.005860386
5.243053e-07,-0.0058625402
5.244053e-07,-0.005871875
5.245053e-07,-0.0058804917
5.246053e-07,-0.005883364
5.247053e-07,-0.0058797737
5.248053e-07,-0.0058747472
5.249053e-07,-0.0058740292
5.250053e-07,-0.005883364
5.251053e-07,-0.0059013155
5.252053e-07,-0.0059228573
5.253053e-07,-0.0059379366
5.254053e-07,-0.0059408088
5.255053e-07,-0.0059300379
5.256053e-07,-0.0059106503
5.257053e-07,-0.0058926988
5.258053e-07,-0.005883364
5.259053e-07,-0.0058862362
5.260053e-07,-0.0058962891
5.261053e-07,-0.0059056239
5.262053e-07,-0.0059063419
5.263053e-07,-0.0058970071
5.264053e-07,-0.0058819278
5.265053e-07,-0.0058704389
5.266053e-07,-0.005871875
5.267053e-07,-0.0058898265
5.268053e-07,-0.0059199851
5.269053e-07,-0.0059515797
5.270053e-07,-0.0059752757
5.271053e-07,-0.0059831744
5.272053e-07,-0.0059767119
5.273053e-07,-0.0059637868
5.274053e-07,-0.0059522978
5.275053e-07,-0.0059501436
5.276053e-07,-0.0059587603
5.277053e-07,-0.0059731216
5.278053e-07,-0.0059867647
5.279053e-07,-0.0059953814
5.280053e-07,-0.0059982537
5.281053e-07,-0.0060011259
5.282053e-07,-0.0060097426
5.283053e-07,-0.0060269761
5.284053e-07,-0.0060506721
5.285053e-07,-0.0060743681
5.286053e-07,-0.0060901654
5.287053e-07,-0.0060930377
5.288053e-07,-0.0060822668
5.289053e-07,-0.0060635972
5.290053e-07,-0.0060442096
5.291053e-07,-0.0060312845
5.292053e-07,-0.006026258
5.293053e-07,-0.0060276942
5.294053e-07,-0.0060327206
5.295053e-07,-0.006037029
5.296053e-07,-0.0060413373
5.297053e-07,-0.0060463637
5.298053e-07,-0.0060556985
5.299053e-07,-0.0060693417
5.300053e-07,-0.006085139
5.301053e-07,-0.006097346
5.302053e-07,-0.0061016544
5.303053e-07,-0.0060951919
5.304053e-07,-0.0060815487
5.305053e-07,-0.0060664694
5.306053e-07,-0.0060556985
5.307053e-07,-0.0060542624
5.308053e-07,-0.0060621611
5.309053e-07,-0.0060758042
5.310053e-07,-0.0060901654
5.311053e-07,-0.0061030905
5.312053e-07,-0.0061131434
5.313053e-07,-0.0061239143
5.314053e-07,-0.0061361213
5.315053e-07,-0.0061497645
5.316053e-07,-0.0061612534
5.317053e-07,-0.0061655618
5.318053e-07,-0.0061590993
5.319053e-07,-0.0061425839
5.320053e-07,-0.006121042
5.321053e-07,-0.0061009364
5.322053e-07,-0.0060901654
5.323053e-07,-0.0060908835
5.324053e-07,-0.0061016544
5.325053e-07,-0.0061152976
5.326053e-07,-0.0061246324
5.327053e-07,-0.0061260685
5.328053e-07,-0.0061196059
5.329053e-07,-0.0061095531
5.330053e-07,-0.0061016544
5.331053e-07,-0.0060995002
5.332053e-07,-0.0061023725
5.333053e-07,-0.006108117
5.334053e-07,-0.0061131434
5.335053e-07,-0.0061152976
5.336053e-07,-0.0061138614
5.337053e-07,-0.0061124253
5.338053e-07,-0.0061131434
5.339053e-07,-0.0061152976
5.340053e-07,-0.0061181698
5.341053e-07,-0.0061174517
5.342053e-07,-0.0061131434
5.343053e-07,-0.0061066808
5.344053e-07,-0.0061038086
5.345053e-07,-0.006108835
5.346053e-07,-0.0061246324
5.347053e-07,-0.0061490464
5.348053e-07,-0.0061763327
5.349053e-07,-0.0061964384
5.350053e-07,-0.0062050551
5.351053e-07,-0.0062007468
5.352053e-07,-0.0061885398
5.353053e-07,-0.0061763327
5.354053e-07,-0.0061705882
5.355053e-07,-0.0061741785
5.356053e-07,-0.0061827953
5.357053e-07,-0.006191412
5.358053e-07,-0.0061935662
5.359053e-07,-0.0061892578
5.360053e-07,-0.0061835133
5.361053e-07,-0.0061827953
5.362053e-07,-0.0061935662
5.363053e-07,-0.0062158261
5.364053e-07,-0.0062445485
5.365053e-07,-0.0062703987
5.366053e-07,-0.0062854779
5.367053e-07,-0.0062854779
5.368053e-07,-0.006274707
5.369053e-07,-0.0062603458
5.370053e-07,-0.006251011
5.371053e-07,-0.0062495749
5.372053e-07,-0.0062553194
5.373053e-07,-0.0062617819
5.374053e-07,-0.0062625
5.375053e-07,-0.0062560375
5.376053e-07,-0.0062445485
5.377053e-07,-0.0062373679
5.378053e-07,-0.0062395221
5.379053e-07,-0.0062546013
5.380053e-07,-0.0062790154
5.381053e-07,-0.0063041475
5.382053e-07,-0.0063199449
5.383053e-07,-0.006322099
5.384053e-07,-0.0063120462
5.385053e-07,-0.0062969669
5.386053e-07,-0.0062854779
5.387053e-07,-0.0062833238
5.388053e-07,-0.0062919405
5.389053e-07,-0.0063063017
5.390053e-07,-0.0063199449
5.391053e-07,-0.0063278435
5.392053e-07,-0.0063299977
5.393053e-07,-0.0063292796
5.394053e-07,-0.0063314338
5.395053e-07,-0.0063400506
5.396053e-07,-0.0063529756
5.397053e-07,-0.0063673369
5.398053e-07,-0.0063773897
5.399053e-07,-0.0063788258
5.400053e-07,-0.0063730813
5.401053e-07,-0.0063630285
5.402053e-07,-0.0063544118
5.403053e-07,-0.0063486673
5.404053e-07,-0.006345795
5.405053e-07,-0.0063407686
5.406053e-07,-0.0063314338
5.407053e-07,-0.0063156365
5.408053e-07,-0.006297685
5.409053e-07,-0.0062818876
5.410053e-07,-0.006273989
5.411053e-07,-0.0062761432
5.412053e-07,-0.0062847599
5.413053e-07,-0.0062940947
5.414053e-07,-0.0062969669
5.415053e-07,-0.0062897863
5.416053e-07,-0.006273989
5.417053e-07,-0.0062553194
5.418053e-07,-0.0062395221
5.419053e-07,-0.0062301873
5.420053e-07,-0.0062258789
5.421053e-07,-0.0062230067
5.422053e-07,-0.0062165441
5.423053e-07,-0.006203619
5.424053e-07,-0.0061856675
5.425053e-07,-0.0061691521
5.426053e-07,-0.0061590993
5.427053e-07,-0.0061598173
5.428053e-07,-0.0061691521
5.429053e-07,-0.0061827953
5.430053e-07,-0.0061935662
5.431053e-07,-0.0061978745
5.432053e-07,-0.0061950023
5.433053e-07,-0.0061878217
5.434053e-07,-0.0061820772
5.435053e-07,-0.0061813591
5.436053e-07,-0.0061871036
5.437053e-07,-0.0061964384
5.438053e-07,-0.0062050551
5.439053e-07,-0.0062107996
5.440053e-07,-0.0062136719
5.441053e-07,-0.0062143899
5.442053e-07,-0.0062165441
5.443053e-07,-0.0062208525
5.444053e-07,-0.006226597
5.445053e-07,-0.0062337776
5.446053e-07,-0.0062395221
5.447053e-07,-0.0062452665
5.448053e-07,-0.0062517291
5.449053e-07,-0.0062610639
5.450053e-07,-0.006273989
5.451053e-07,-0.0062883502
5.452053e-07,-0.006298403
5.453053e-07,-0.0063019933
5.454053e-07,-0.0062969669
5.455053e-07,-0.006286196
5.456053e-07,-0.0062768612
5.457053e-07,-0.0062754251
5.458053e-07,-0.0062854779
5.459053e-07,-0.0063048656
5.460053e-07,-0.0063271255
5.461053e-07,-0.0063422047
5.462053e-07,-0.0063429228
5.463053e-07,-0.0063292796
5.464053e-07,-0.0063055836
5.465053e-07,-0.0062804515
5.466053e-07,-0.0062625
5.467053e-07,-0.0062546013
5.468053e-07,-0.0062538833
5.469053e-07,-0.0062546013
5.470053e-07,-0.006251011
5.471053e-07,-0.0062409582
5.472053e-07,-0.0062287511
5.473053e-07,-0.0062186983
5.474053e-07,-0.0062165441
5.475053e-07,-0.0062222886
5.476053e-07,-0.0062316234
5.477053e-07,-0.0062352137
5.478053e-07,-0.0062280331
5.479053e-07,-0.0062079274
5.480053e-07,-0.006179205
5.481053e-07,-0.0061526367
5.482053e-07,-0.0061361213
5.483053e-07,-0.0061339671
5.484053e-07,-0.0061425839
5.485053e-07,-0.0061540728
5.486053e-07,-0.0061590993
5.487053e-07,-0.0061533548
5.488053e-07,-0.0061368394
5.489053e-07,-0.0061174517
5.490053e-07,-0.0061016544
5.491053e-07,-0.0060959099
5.492053e-07,-0.0060995002
5.493053e-07,-0.0061073989
5.494053e-07,-0.0061131434
5.495053e-07,-0.0061109892
5.496053e-07,-0.0061016544
5.497053e-07,-0.0060894474
5.498053e-07,-0.0060786765
5.499053e-07,-0.0060743681
5.500053e-07,-0.0060779584
5.501053e-07,-0.006084421
5.502053e-07,-0.0060901654
5.503053e-07,-0.0060923196
5.504053e-07,-0.0060916016
5.505053e-07,-0.0060894474
5.506053e-07,-0.0060901654
5.507053e-07,-0.0060937557
5.508053e-07,-0.0060995002
5.509053e-07,-0.0061030905
5.510053e-07,-0.0061016544
5.511053e-07,-0.006096628
5.512053e-07,-0.0060908835
5.513053e-07,-0.0060916016
5.514053e-07,-0.0061016544
5.515053e-07,-0.006120324
5.516053e-07,-0.0061418658
5.517053e-07,-0.0061569451
5.518053e-07,-0.0061590993
5.519053e-07,-0.0061461742
5.520053e-07,-0.0061217601
5.521053e-07,-0.006096628
5.522053e-07,-0.0060786765
5.523053e-07,-0.0060743681
5.524053e-07,-0.0060829848
5.525053e-07,-0.0060987822
5.526053e-07,-0.0061131434
5.527053e-07,-0.0061217601
5.528053e-07,-0.0061239143
5.529053e-07,-0.0061231962
5.530053e-07,-0.0061246324
5.531053e-07,-0.0061303768
5.532053e-07,-0.0061397116
5.533053e-07,-0.0061468922
5.534053e-07,-0.0061476103
5.535053e-07,-0.0061389936
5.536053e-07,-0.0061239143
5.537053e-07,-0.006108835
5.538053e-07,-0.0061016544
5.539053e-07,-0.0061059628
5.540053e-07,-0.006121042
5.541053e-07,-0.0061411477
5.542053e-07,-0.0061590993
5.543053e-07,-0.006167716
5.544053e-07,-0.0061648437
5.545053e-07,-0.0061526367
5.546053e-07,-0.0061361213
5.547053e-07,-0.006120324
5.548053e-07,-0.006108835
5.549053e-07,-0.0061023725
5.550053e-07,-0.0061016544
5.551053e-07,-0.0061073989
5.552053e-07,-0.0061196059
5.553053e-07,-0.0061411477
5.554053e-07,-0.0061705882
5.555053e-07,-0.006203619
5.556053e-07,-0.0062344956
5.557053e-07,-0.0062560375
5.558053e-07,-0.0062625
5.559053e-07,-0.0062553194
5.560053e-07,-0.0062395221
5.561053e-07,-0.0062244428
5.562053e-07,-0.0062165441
5.563053e-07,-0.0062201344
5.564053e-07,-0.0062323415
5.565053e-07,-0.0062488568
5.566053e-07,-0.0062625
5.567053e-07,-0.0062711167
5.568053e-07,-0.006274707
5.569053e-07,-0.0062782973
5.570053e-07,-0.0062854779
5.571053e-07,-0.006297685
5.572053e-07,-0.0063120462
5.573053e-07,-0.0063249713
5.574053e-07,-0.0063314338
5.575053e-07,-0.0063314338
5.576053e-07,-0.0063278435
5.577053e-07,-0.0063264074
5.578053e-07,-0.0063314338
5.579053e-07,-0.0063443589
5.580053e-07,-0.0063601562
5.581053e-07,-0.0063737994
5.582053e-07,-0.0063773897
5.583053e-07,-0.0063709272
5.584053e-07,-0.006357284
5.585053e-07,-0.006345795
5.586053e-07,-0.0063429228
5.587053e-07,-0.0063529756
5.588053e-07,-0.0063730813
5.589053e-07,-0.0063953412
5.590053e-07,-0.0064118566
5.591053e-07,-0.0064154469
5.592053e-07,-0.0064061121
5.593053e-07,-0.0063874426
5.594053e-07,-0.0063659007
5.595053e-07,-0.0063479492
5.596053e-07,-0.0063364602
5.597053e-07,-0.0063314338
5.598053e-07,-0.0063314338
5.599053e-07,-0.006333588
5.600053e-07,-0.0063378964
5.601053e-07,-0.006345077
5.602053e-07,-0.0063544118
5.603053e-07,-0.0063651827
5.604053e-07,-0.0063737994
5.605053e-07,-0.0063781078
5.606053e-07,-0.0063773897
5.607053e-07,-0.0063723633
5.608053e-07,-0.0063673369
5.609053e-07,-0.0063651827
5.610053e-07,-0.0063659007
5.611053e-07,-0.0063666188
5.612053e-07,-0.0063615924
5.613053e-07,-0.006345795
5.614053e-07,-0.0063199449
5.615053e-07,-0.0062890682
5.616053e-07,-0.0062639361
5.617053e-07,-0.0062538833
5.618053e-07,-0.0062625
5.619053e-07,-0.0062869141
5.620053e-07,-0.0063156365
5.621053e-07,-0.0063371783
5.622053e-07,-0.0063429228
5.623053e-07,-0.0063321519
5.624053e-07,-0.0063113281
5.625053e-07,-0.0062933766
5.626053e-07,-0.0062854779
5.627053e-07,-0.0062890682
5.628053e-07,-0.006298403
5.629053e-07,-0.0063041475
5.630053e-07,-0.0062969669
5.631053e-07,-0.0062782973
5.632053e-07,-0.0062546013
5.633053e-07,-0.0062380859
5.634053e-07,-0.0062395221
5.635053e-07,-0.0062596278
5.636053e-07,-0.0062919405
5.637053e-07,-0.0063242532
5.638053e-07,-0.0063429228
5.639053e-07,-0.0063436409
5.640053e-07,-0.0063292796
5.641053e-07,-0.0063106101
5.642053e-07,-0.0062969669
5.643053e-07,-0.0062940947
5.644053e-07,-0.0063005572
5.645053e-07,-0.0063077378
5.646053e-07,-0.0063084559
5.647053e-07,-0.0063005572
5.648053e-07,-0.0062883502
5.649053e-07,-0.0062804515
5.650053e-07,-0.0062854779
5.651053e-07,-0.0063055836
5.652053e-07,-0.0063357422
5.653053e-07,-0.0063630285
5.654053e-07,-0.0063773897
5.655053e-07,-0.0063737994
5.656053e-07,-0.0063551298
5.657053e-07,-0.006333588
5.658053e-07,-0.0063199449
5.659053e-07,-0.0063206629
5.660053e-07,-0.0063343061
5.661053e-07,-0.0063529756
5.662053e-07,-0.0063659007
5.663053e-07,-0.0063673369
5.664053e-07,-0.0063594382
5.665053e-07,-0.0063479492
5.666053e-07,-0.0063429228
5.667053e-07,-0.0063486673
5.668053e-07,-0.0063637466
5.669053e-07,-0.0063802619
5.670053e-07,-0.0063888787
5.671053e-07,-0.0063845703
5.672053e-07,-0.006368773
5.673053e-07,-0.0063486673
5.674053e-07,-0.0063314338
5.675053e-07,-0.0063235352
5.676053e-07,-0.0063235352
5.677053e-07,-0.0063285616
5.678053e-07,-0.0063314338
5.679053e-07,-0.0063307158
5.680053e-07,-0.0063285616
5.681053e-07,-0.0063307158
5.682053e-07,-0.0063429228
5.683053e-07,-0.0063651827
5.684053e-07,-0.0063917509
5.685053e-07,-0.0064140108
5.686053e-07,-0.0064233456
5.687053e-07,-0.0064176011
5.688053e-07,-0.0064003676
5.689053e-07,-0.0063802619
5.690053e-07,-0.0063659007
5.691053e-07,-0.0063608743
5.692053e-07,-0.0063623104
5.693053e-07,-0.0063623104
5.694053e-07,-0.0063544118
5.695053e-07,-0.0063357422
5.696053e-07,-0.0063120462
5.697053e-07,-0.0062926585
5.698053e-07,-0.0062854779
5.699053e-07,-0.0062940947
5.700053e-07,-0.0063134823
5.701053e-07,-0.0063328699
5.702053e-07,-0.0063429228
5.703053e-07,-0.0063378964
5.704053e-07,-0.0063206629
5.705053e-07,-0.0062998392
5.706053e-07,-0.0062854779
5.707053e-07,-0.0062833238
5.708053e-07,-0.0062926585
5.709053e-07,-0.0063077378
5.710053e-07,-0.0063199449
5.711053e-07,-0.0063256893
5.712053e-07,-0.0063256893
5.713053e-07,-0.0063256893
5.714053e-07,-0.0063314338
5.715053e-07,-0.0063443589
5.716053e-07,-0.0063608743
5.717053e-07,-0.0063737994
5.718053e-07,-0.0063773897
5.719053e-07,-0.006369491
5.720053e-07,-0.0063558479
5.721053e-07,-0.0063443589
5.722053e-07,-0.0063429228
5.723053e-07,-0.0063529756
5.724053e-07,-0.006369491
5.725053e-07,-0.0063838523
5.726053e-07,-0.0063888787
5.727053e-07,-0.0063824161
5.728053e-07,-0.0063716452
5.729053e-07,-0.0063666188
5.730053e-07,-0.0063773897
5.731053e-07,-0.0064061121
5.732053e-07,-0.0064477597
5.733053e-07,-0.0064886891
5.734053e-07,-0.0065152574
5.735053e-07,-0.0065202838
5.736053e-07,-0.0065059226
5.737053e-07,-0.0064807904
5.738053e-07,-0.0064578125
5.739053e-07,-0.0064456055
5.740053e-07,-0.0064470416
5.741053e-07,-0.0064570944
5.742053e-07,-0.0064693015
5.743053e-07,-0.0064779182
5.744053e-07,-0.0064822266
5.745053e-07,-0.0064858169
5.746053e-07,-0.0064922794
5.747053e-07,-0.0065037684
5.748053e-07,-0.0065174115
5.749053e-07,-0.0065267463
5.750053e-07,-0.0065267463
5.751053e-07,-0.0065159754
5.752053e-07,-0.0064973058
5.753053e-07,-0.0064793543
5.754053e-07,-0.0064693015
5.755053e-07,-0.0064685834
5.756053e-07,-0.006475046
5.757053e-07,-0.0064807904
5.758053e-07,-0.0064807904
5.759053e-07,-0.0064728918
5.760053e-07,-0.0064614028
5.761053e-07,-0.0064542222
5.762053e-07,-0.0064578125
5.763053e-07,-0.0064728918
5.764053e-07,-0.0064944336
5.765053e-07,-0.006511667
5.766053e-07,-0.0065152574
5.767053e-07,-0.0065030503
5.768053e-07,-0.0064786363
5.769053e-07,-0.0064527861
5.770053e-07,-0.0064348346
5.771053e-07,-0.0064298081
5.772053e-07,-0.0064348346
5.773053e-07,-0.0064427332
5.774053e-07,-0.0064463235
5.775053e-07,-0.0064412971
5.776053e-07,-0.0064305262
5.777053e-07,-0.0064219095
5.778053e-07,-0.0064233456
5.779053e-07,-0.0064369887
5.780053e-07,-0.0064585306
5.781053e-07,-0.0064793543
5.782053e-07,-0.0064922794
5.783053e-07,-0.0064922794
5.784053e-07,-0.0064829446
5.785053e-07,-0.0064728918
5.786053e-07,-0.0064693015
5.787053e-07,-0.0064772001
5.788053e-07,-0.0064937155
5.789053e-07,-0.0065131032
5.790053e-07,-0.0065267463
5.791053e-07,-0.0065317727
5.792053e-07,-0.0065296186
5.793053e-07,-0.0065267463
5.794053e-07,-0.0065267463
5.795053e-07,-0.0065324908
5.796053e-07,-0.0065418256
5.797053e-07,-0.0065482881
5.798053e-07,-0.0065497243
5.799053e-07,-0.006546852
5.800053e-07,-0.006546134
5.801053e-07,-0.0065540326
5.802053e-07,-0.0065727022
5.803053e-07,-0.0065985524
5.804053e-07,-0.0066215303
5.805053e-07,-0.0066301471
5.806053e-07,-0.0066186581
5.807053e-07,-0.0065906537
5.808053e-07,-0.0065597771
5.809053e-07,-0.0065418256
5.810053e-07,-0.0065497243
5.811053e-07,-0.0065834731
5.812053e-07,-0.0066315832
5.813053e-07,-0.0066761029
5.814053e-07,-0.0066990809
5.815053e-07,-0.0066940545
5.816053e-07,-0.0066660501
5.817053e-07,-0.0066315832
5.818053e-07,-0.0066071691
5.819053e-07,-0.0066042969
5.820053e-07,-0.0066222484
5.821053e-07,-0.0066509708
5.822053e-07,-0.0066761029
5.823053e-07,-0.0066868739
5.824053e-07,-0.0066818474
5.825053e-07,-0.0066674862
5.826053e-07,-0.006653125
5.827053e-07,-0.0066473805
5.828053e-07,-0.0066502528
5.829053e-07,-0.0066588695
5.830053e-07,-0.006664614
5.831053e-07,-0.0066638959
5.832053e-07,-0.0066559972
5.833053e-07,-0.0066473805
5.834053e-07,-0.006641636
5.835053e-07,-0.006641636
5.836053e-07,-0.0066430722
5.837053e-07,-0.006640918
5.838053e-07,-0.0066301471
5.839053e-07,-0.0066114775
5.840053e-07,-0.0065913718
5.841053e-07,-0.0065798828
5.842053e-07,-0.0065841912
5.843053e-07,-0.0066042969
5.844053e-07,-0.0066323012
5.845053e-07,-0.0066559972
5.846053e-07,-0.006664614
5.847053e-07,-0.0066552792
5.848053e-07,-0.0066351735
5.849053e-07,-0.0066150678
5.850053e-07,-0.0066071691
5.851053e-07,-0.0066143497
5.852053e-07,-0.0066323012
5.853053e-07,-0.0066488166
5.854053e-07,-0.006653125
5.855053e-07,-0.006641636
5.856053e-07,-0.0066200942
5.857053e-07,-0.0066007066
5.858053e-07,-0.0065956801
5.859053e-07,-0.0066114775
5.860053e-07,-0.0066445083
5.861053e-07,-0.0066818474
5.862053e-07,-0.0067105699
5.863053e-07,-0.0067213408
5.864053e-07,-0.0067155963
5.865053e-07,-0.006700517
5.866053e-07,-0.0066875919
5.867053e-07,-0.0066840016
5.868053e-07,-0.0066911822
5.869053e-07,-0.0067026712
5.870053e-07,-0.0067105699
5.871053e-07,-0.0067112879
5.872053e-07,-0.0067069795
5.873053e-07,-0.0067048254
5.874053e-07,-0.0067105699
5.875053e-07,-0.0067278033
5.876053e-07,-0.0067529354
5.877053e-07,-0.0067766314
5.878053e-07,-0.0067909926
5.879053e-07,-0.0067931468
5.880053e-07,-0.0067866843
5.881053e-07,-0.0067795037
5.882053e-07,-0.0067795037
5.883053e-07,-0.0067895565
5.884053e-07,-0.00680679
5.885053e-07,-0.0068211512
5.886053e-07,-0.0068254596
5.887053e-07,-0.006818279
5.888053e-07,-0.0068060719
5.889053e-07,-0.0067974552
5.890053e-07,-0.0068024816
5.891053e-07,-0.0068233054
5.892053e-07,-0.0068549
5.893053e-07,-0.0068857767
5.894053e-07,-0.0069058824
5.895053e-07,-0.0069116268
5.896053e-07,-0.0069073185
5.897053e-07,-0.006902292
5.898053e-07,-0.0069058824
5.899053e-07,-0.0069223977
5.900053e-07,-0.0069482479
5.901053e-07,-0.0069719439
5.902053e-07,-0.0069863051
5.903053e-07,-0.0069863051
5.904053e-07,-0.0069762523
5.905053e-07,-0.0069654814
5.906053e-07,-0.0069633272
5.907053e-07,-0.006972662
5.908053e-07,-0.0069898955
5.909053e-07,-0.0070049747
5.910053e-07,-0.0070092831
5.911053e-07,-0.0070006664
5.912053e-07,-0.006984151
5.913053e-07,-0.0069683536
5.914053e-07,-0.0069633272
5.915053e-07,-0.0069697898
5.916053e-07,-0.0069827148
5.917053e-07,-0.0069913316
5.918053e-07,-0.0069863051
5.919053e-07,-0.0069661994
5.920053e-07,-0.006937477
5.921053e-07,-0.006913781
5.922053e-07,-0.0069058824
5.923053e-07,-0.0069180894
5.924053e-07,-0.0069439396
5.925053e-07,-0.0069712259
5.926053e-07,-0.0069863051
5.927053e-07,-0.0069834329
5.928053e-07,-0.0069661994
5.929053e-07,-0.0069439396
5.930053e-07,-0.0069288603
5.931053e-07,-0.0069267061
5.932053e-07,-0.0069346048
5.933053e-07,-0.0069460937
5.934053e-07,-0.0069518382
5.935053e-07,-0.006948966
5.936053e-07,-0.0069417854
5.937053e-07,-0.0069403493
5.938053e-07,-0.0069518382
5.939053e-07,-0.0069784065
5.940053e-07,-0.0070143095
5.941053e-07,-0.0070473403
5.942053e-07,-0.0070667279
5.943053e-07,-0.0070681641
5.944053e-07,-0.007055239
5.945053e-07,-0.0070401597
5.946053e-07,-0.007032261
5.947053e-07,-0.0070351333
5.948053e-07,-0.0070444681
5.949053e-07,-0.0070502125
5.950053e-07,-0.00704375
5.951053e-07,-0.0070222082
5.952053e-07,-0.0069920496
5.953053e-07,-0.0069654814
5.954053e-07,-0.0069518382
5.955053e-07,-0.0069547105
5.956053e-07,-0.0069676356
5.957053e-07,-0.0069784065
5.958053e-07,-0.0069748162
5.959053e-07,-0.0069532744
5.960053e-07,-0.0069188074
5.961053e-07,-0.0068836225
5.962053e-07,-0.0068599265
5.963053e-07,-0.0068520278
5.964053e-07,-0.0068563362
5.965053e-07,-0.0068620807
5.966053e-07,-0.0068599265
5.967053e-07,-0.0068455653
5.968053e-07,-0.0068240234
5.969053e-07,-0.00680679
5.970053e-07,-0.0068024816
5.971053e-07,-0.0068154067
5.972053e-07,-0.0068383847
5.973053e-07,-0.0068606445
5.974053e-07,-0.0068714154
5.975053e-07,-0.0068671071
5.976053e-07,-0.0068549
5.977053e-07,-0.0068448472
5.978053e-07,-0.0068484375
5.979053e-07,-0.0068685432
5.980053e-07,-0.0068987017
5.981053e-07,-0.0069267061
5.982053e-07,-0.0069403493
5.983053e-07,-0.006936759
5.984053e-07,-0.0069231158
5.985053e-07,-0.006913063
5.986053e-07,-0.0069173713
5.987053e-07,-0.0069403493
5.988053e-07,-0.0069748162
5.989053e-07,-0.0070064108
5.990053e-07,-0.0070207721
5.991053e-07,-0.0070135915
5.992053e-07,-0.0069898955
5.993053e-07,-0.0069647633
5.994053e-07,-0.0069518382
5.995053e-07,-0.0069583008
5.996053e-07,-0.0069812787
5.997053e-07,-0.0070064108
5.998053e-07,-0.0070207721
5.999053e-07,-0.0070171818
6.000053e-07,-0.0069970761
6.001053e-07,-0.0069712259
6.002053e-07,-0.0069518382
6.003053e-07,-0.0069439396
6.004053e-07,-0.0069460937
6.005053e-07,-0.0069482479
6.006053e-07,-0.0069403493
6.007053e-07,-0.0069202436
6.008053e-07,-0.0068922392
6.009053e-07,-0.0068692613
6.010053e-07,-0.0068599265
6.011053e-07,-0.0068685432
6.012053e-07,-0.0068879308
6.013053e-07,-0.0069044462
6.014053e-07,-0.0069058824
6.015053e-07,-0.0068872128
6.016053e-07,-0.006854182
6.017053e-07,-0.0068211512
6.018053e-07,-0.0068024816
6.019053e-07,-0.0068053539
6.020053e-07,-0.0068247415
6.021053e-07,-0.0068477194
6.022053e-07,-0.0068599265
6.023053e-07,-0.0068520278
6.024053e-07,-0.0068268957
6.025053e-07,-0.006794583
6.026053e-07,-0.0067680147
6.027053e-07,-0.0067558077
6.028053e-07,-0.0067572438
6.029053e-07,-0.0067644244
6.030053e-07,-0.0067680147
6.031053e-07,-0.0067615522
6.032053e-07,-0.006747909
6.033053e-07,-0.006735702
6.034053e-07,-0.0067335478
6.035053e-07,-0.0067450368
6.036053e-07,-0.0067658605
6.037053e-07,-0.0067845301
6.038053e-07,-0.0067909926
6.039053e-07,-0.0067802217
6.040053e-07,-0.0067558077
6.041053e-07,-0.0067292394
6.042053e-07,-0.0067105699
6.043053e-07,-0.0067055434
6.044053e-07,-0.006712006
6.045053e-07,-0.0067206227
6.046053e-07,-0.0067220588
6.047053e-07,-0.0067134421
6.048053e-07,-0.0066983628
6.049053e-07,-0.0066868739
6.050053e-07,-0.0066875919
6.051053e-07,-0.0067026712
6.052053e-07,-0.0067256491
6.053053e-07,-0.0067436006
6.054053e-07,-0.0067450368
6.055053e-07,-0.0067263672
6.056053e-07,-0.0066940545
6.057053e-07,-0.0066617417
6.058053e-07,-0.006641636
6.059053e-07,-0.006640918
6.060053e-07,-0.0066567153
6.061053e-07,-0.0066761029
6.062053e-07,-0.0066875919
6.063053e-07,-0.0066847197
6.064053e-07,-0.0066710765
6.065053e-07,-0.0066567153
6.066053e-07,-0.006653125
6.067053e-07,-0.0066660501
6.068053e-07,-0.0066904642
6.069053e-07,-0.0067177505
6.070053e-07,-0.0067335478
6.071053e-07,-0.0067321117
6.072053e-07,-0.0067155963
6.073053e-07,-0.0066933364
6.074053e-07,-0.0066761029
6.075053e-07,-0.0066710765
6.076053e-07,-0.0066761029
6.077053e-07,-0.0066847197
6.078053e-07,-0.0066875919
6.079053e-07,-0.0066811294
6.080053e-07,-0.0066689223
6.081053e-07,-0.0066603056
6.082053e-07,-0.006664614
6.083053e-07,-0.0066847197
6.084053e-07,-0.0067148782
6.085053e-07,-0.0067428826
6.086053e-07,-0.0067565257
6.087053e-07,-0.0067493451
6.088053e-07,-0.006724213
6.089053e-07,-0.0066919003
6.090053e-07,-0.006664614
6.091053e-07,-0.0066516889
6.092053e-07,-0.0066538431
6.093053e-07,-0.006664614
6.094053e-07,-0.0066761029
6.095053e-07,-0.0066818474
6.096053e-07,-0.0066804113
6.097053e-07,-0.006676821
6.098053e-07,-0.0066761029
6.099053e-07,-0.0066789752
6.100053e-07,-0.0066840016
6.101053e-07,-0.0066840016
6.102053e-07,-0.0066761029
6.103053e-07,-0.0066610237
6.104053e-07,-0.0066445083
6.105053e-07,-0.0066366096
6.106053e-07,-0.006641636
6.107053e-07,-0.0066595875
6.108053e-07,-0.0066818474
6.109053e-07,-0.0066976448
6.110053e-07,-0.0066990809
6.111053e-07,-0.0066875919
6.112053e-07,-0.0066717946
6.113053e-07,-0.006664614
6.114053e-07,-0.0066761029
6.115053e-07,-0.0067055434
6.116053e-07,-0.0067421645
6.117053e-07,-0.006771605
6.118053e-07,-0.0067795037
6.119053e-07,-0.0067637063
6.120053e-07,-0.0067328297
6.121053e-07,-0.0067019531
6.122053e-07,-0.0066875919
6.123053e-07,-0.0066947725
6.124053e-07,-0.0067184685
6.125053e-07,-0.0067436006
6.126053e-07,-0.0067565257
6.127053e-07,-0.0067493451
6.128053e-07,-0.0067263672
6.129053e-07,-0.0067012351
6.130053e-07,-0.0066875919
6.131053e-07,-0.0066940545
6.132053e-07,-0.0067163143
6.133053e-07,-0.0067421645
6.134053e-07,-0.0067565257
6.135053e-07,-0.0067493451
6.136053e-07,-0.0067220588
6.137053e-07,-0.0066854377
6.138053e-07,-0.006653125
6.139053e-07,-0.0066358915
6.140053e-07,-0.0066351735
6.141053e-07,-0.0066445083
6.142053e-07,-0.006653125
6.143053e-07,-0.0066524069
6.144053e-07,-0.0066423541
6.145053e-07,-0.0066279929
6.146053e-07,-0.0066186581
6.147053e-07,-0.0066200942
6.148053e-07,-0.0066330193
6.149053e-07,-0.0066502528
6.150053e-07,-0.006664614
6.151053e-07,-0.0066703585
6.152053e-07,-0.0066667682
6.153053e-07,-0.0066588695
6.154053e-07,-0.006653125
6.155053e-07,-0.0066516889
6.156053e-07,-0.0066524069
6.157053e-07,-0.0066509708
6.158053e-07,-0.006641636
6.159053e-07,-0.0066258387
6.160053e-07,-0.0066086052
6.161053e-07,-0.0065999885
6.162053e-07,-0.0066071691
6.163053e-07,-0.006629429
6.164053e-07,-0.0066603056
6.165053e-07,-0.0066868739
6.166053e-07,-0.0066990809
6.167053e-07,-0.0066919003
6.168053e-07,-0.0066710765
6.169053e-07,-0.0066466625
6.170053e-07,-0.0066301471
6.171053e-07,-0.0066265568
6.172053e-07,-0.0066344554
6.173053e-07,-0.0066459444
6.174053e-07,-0.006653125
6.175053e-07,-0.0066524069
6.176053e-07,-0.0066473805
6.177053e-07,-0.0066452263
6.178053e-07,-0.006653125
6.179053e-07,-0.0066717946
6.180053e-07,-0.0066954906
6.181053e-07,-0.0067148782
6.182053e-07,-0.0067220588
6.183053e-07,-0.0067148782
6.184053e-07,-0.006700517
6.185053e-07,-0.00668831
6.186053e-07,-0.0066875919
6.187053e-07,-0.006700517
6.188053e-07,-0.0067227769
6.189053e-07,-0.0067436006
6.190053e-07,-0.0067565257
6.191053e-07,-0.0067608341
6.192053e-07,-0.0067615522
6.193053e-07,-0.0067694508
6.194053e-07,-0.0067909926
6.195053e-07,-0.0068240234
6.196053e-07,-0.0068584903
6.197053e-07,-0.0068814683
6.198053e-07,-0.0068829044
6.199053e-07,-0.0068635168
6.200053e-07,-0.0068319221
6.201053e-07,-0.0068039177
6.202053e-07,-0.0067909926
6.203053e-07,-0.0067967371
6.204053e-07,-0.0068139706
6.205053e-07,-0.006831204
6.206053e-07,-0.0068369485
6.207053e-07,-0.006830486
6.208053e-07,-0.006818997
6.209053e-07,-0.0068146886
6.210053e-07,-0.0068254596
6.211053e-07,-0.0068505917
6.212053e-07,-0.006877878
6.213053e-07,-0.0068929573
6.214053e-07,-0.0068829044
6.215053e-07,-0.0068484375
6.216053e-07,-0.0068024816
6.217053e-07,-0.0067622702
6.218053e-07,-0.0067450368
6.219053e-07,-0.0067536535
6.220053e-07,-0.0067795037
6.221053e-07,-0.0068046358
6.222053e-07,-0.0068139706
6.223053e-07,-0.0068024816
6.224053e-07,-0.0067787856
6.225053e-07,-0.0067586799
6.226053e-07,-0.0067565257
6.227053e-07,-0.0067766314
6.228053e-07,-0.0068103803
6.229053e-07,-0.0068398208
6.230053e-07,-0.0068484375
6.231053e-07,-0.006831204
6.232053e-07,-0.0067960191
6.233053e-07,-0.0067615522
6.234053e-07,-0.0067450368
6.235053e-07,-0.0067536535
6.236053e-07,-0.0067816579
6.237053e-07,-0.0068110983
6.238053e-07,-0.0068254596
6.239053e-07,-0.0068161248
6.240053e-07,-0.0067888385
6.241053e-07,-0.006759398
6.242053e-07,-0.0067450368
6.243053e-07,-0.0067550896
6.244053e-07,-0.0067845301
6.245053e-07,-0.006818279
6.246053e-07,-0.0068369485
6.247053e-07,-0.006831204
6.248053e-07,-0.0068024816
6.249053e-07,-0.0067644244
6.250053e-07,-0.0067335478
6.251053e-07,-0.0067206227
6.252053e-07,-0.0067249311
6.253053e-07,-0.0067371381
6.254053e-07,-0.0067450368
6.255053e-07,-0.0067400103
6.256053e-07,-0.006724213
6.257053e-07,-0.0067069795
6.258053e-07,-0.0066990809
6.259053e-07,-0.0067048254
6.260053e-07,-0.0067191866
6.261053e-07,-0.0067328297
6.262053e-07,-0.0067335478
6.263053e-07,-0.0067177505
6.264053e-07,-0.0066911822
6.265053e-07,-0.0066660501
6.266053e-07,-0.006653125
6.267053e-07,-0.0066567153
6.268053e-07,-0.0066703585
6.269053e-07,-0.0066804113
6.270053e-07,-0.0066761029
6.271053e-07,-0.0066538431
6.272053e-07,-0.0066215303
6.273053e-07,-0.006593526
6.274053e-07,-0.0065841912
6.275053e-07,-0.0065971163
6.276053e-07,-0.0066251206
6.277053e-07,-0.006653125
6.278053e-07,-0.006664614
6.279053e-07,-0.0066545611
6.280053e-07,-0.0066279929
6.281053e-07,-0.0065999885
6.282053e-07,-0.0065841912
6.283053e-07,-0.0065863454
6.284053e-07,-0.0066014246
6.285053e-07,-0.0066165039
6.286053e-07,-0.0066186581
6.287053e-07,-0.0066035788
6.288053e-07,-0.0065777286
6.289053e-07,-0.0065554687
6.290053e-07,-0.0065497243
6.291053e-07,-0.0065648035
6.292053e-07,-0.006593526
6.293053e-07,-0.0066200942
6.294053e-07,-0.0066301471
6.295053e-07,-0.00661794
6.296053e-07,-0.0065906537
6.297053e-07,-0.0065626494
6.298053e-07,-0.0065497243
6.299053e-07,-0.0065576229
6.300053e-07,-0.0065813189
6.301053e-07,-0.0066064511
6.302053e-07,-0.0066186581
6.303053e-07,-0.0066121955
6.304053e-07,-0.0065928079
6.305053e-07,-0.0065755744
6.306053e-07,-0.0065727022
6.307053e-07,-0.0065899357
6.308053e-07,-0.0066208123
6.309053e-07,-0.0066509708
6.310053e-07,-0.006664614
6.311053e-07,-0.0066567153
6.312053e-07,-0.0066330193
6.313053e-07,-0.0066078872
6.314053e-07,-0.0065956801
6.315053e-07,-0.0066021427
6.316053e-07,-0.0066208123
6.317053e-07,-0.0066380457
6.318053e-07,-0.006641636
6.319053e-07,-0.0066265568
6.320053e-07,-0.0066021427
6.321053e-07,-0.0065827551
6.322053e-07,-0.0065841912
6.323053e-07,-0.0066107594
6.324053e-07,-0.006653125
6.325053e-07,-0.0066926183
6.326053e-07,-0.0067105699
6.327053e-07,-0.0066983628
6.328053e-07,-0.0066617417
6.329053e-07,-0.006617222
6.330053e-07,-0.0065841912
6.331053e-07,-0.0065734203
6.332053e-07,-0.0065841912
6.333053e-07,-0.0066042969
6.334053e-07,-0.0066186581
6.335053e-07,-0.0066186581
6.336053e-07,-0.0066064511
6.337053e-07,-0.006594244
6.338053e-07,-0.0065956801
6.339053e-07,-0.006617222
6.340053e-07,-0.0066552792
6.341053e-07,-0.0066947725
6.342053e-07,-0.0067220588
6.343053e-07,-0.0067270852
6.344053e-07,-0.006712724
6.345053e-07,-0.0066904642
6.346053e-07,-0.0066761029
6.347053e-07,-0.0066789752
6.348053e-07,-0.0066983628
6.349053e-07,-0.006724213
6.350053e-07,-0.0067450368
6.351053e-07,-0.0067536535
6.352053e-07,-0.0067522174
6.353053e-07,-0.0067493451
6.354053e-07,-0.0067565257
6.355053e-07,-0.0067773495
6.356053e-07,-0.006807508
6.357053e-07,-0.0068355124
6.358053e-07,-0.0068484375
6.359053e-07,-0.0068412569
6.360053e-07,-0.006818279
6.361053e-07,-0.0067931468
6.362053e-07,-0.0067795037
6.363053e-07,-0.0067852482
6.364053e-07,-0.00680679
6.365053e-07,-0.0068326402
6.366053e-07,-0.0068484375
6.367053e-07,-0.0068462833
6.368053e-07,-0.0068276137
6.369053e-07,-0.0068046358
6.370053e-07,-0.0067909926
6.371053e-07,-0.006794583
6.372053e-07,-0.0068146886
6.373053e-07,-0.0068405388
6.374053e-07,-0.0068599265
6.375053e-07,-0.0068635168
6.376053e-07,-0.0068505917
6.377053e-07,-0.006830486
6.378053e-07,-0.0068139706
6.379053e-07,-0.0068096622
6.380053e-07,-0.006818279
6.381053e-07,-0.0068340763
6.382053e-07,-0.0068484375
6.383053e-07,-0.0068556181
6.384053e-07,-0.0068563362
6.385053e-07,-0.0068592084
6.386053e-07,-0.0068714154
6.387053e-07,-0.0068972656
6.388053e-07,-0.0069338867
6.389053e-07,-0.0069712259
6.390053e-07,-0.0069977941
6.391053e-07,-0.007007847
6.392053e-07,-0.0070013844
6.393053e-07,-0.0069870232
6.394053e-07,-0.0069748162
6.395053e-07,-0.0069719439
6.396053e-07,-0.0069791245
6.397053e-07,-0.0069898955
6.398053e-07,-0.0069977941
6.399053e-07,-0.0069985122
6.400053e-07,-0.0069949219
6.401053e-07,-0.0069920496
6.402053e-07,-0.0069977941
6.403053e-07,-0.0070150276
6.404053e-07,-0.0070380055
6.405053e-07,-0.0070588293
6.406053e-07,-0.0070667279
6.407053e-07,-0.0070566751
6.408053e-07,-0.0070329791
6.409053e-07,-0.0070056928
6.410053e-07,-0.0069863051
6.411053e-07,-0.0069834329
6.412053e-07,-0.0069970761
6.413053e-07,-0.0070207721
6.414053e-07,-0.00704375
6.415053e-07,-0.0070573932
6.416053e-07,-0.0070588293
6.417053e-07,-0.0070516487
6.418053e-07,-0.00704375
6.419053e-07,-0.0070401597
6.420053e-07,-0.0070430319
6.421053e-07,-0.0070494945
6.422053e-07,-0.007055239
6.423053e-07,-0.0070566751
6.424053e-07,-0.0070545209
6.425053e-07,-0.0070523667
6.426053e-07,-0.007055239
6.427053e-07,-0.0070638557
6.428053e-07,-0.0070760627
6.429053e-07,-0.0070868336
6.430053e-07,-0.0070897059
6.431053e-07,-0.0070839614
6.432053e-07,-0.0070717544
6.433053e-07,-0.0070602654
6.434053e-07,-0.007055239
6.435053e-07,-0.0070595473
6.436053e-07,-0.0070688821
6.437053e-07,-0.0070774989
6.438053e-07,-0.0070782169
6.439053e-07,-0.0070681641
6.440053e-07,-0.0070494945
6.441053e-07,-0.007031543
6.442053e-07,-0.0070207721
6.443053e-07,-0.0070222082
6.444053e-07,-0.0070336972
6.445053e-07,-0.0070473403
6.446053e-07,-0.007055239
6.447053e-07,-0.0070516487
6.448053e-07,-0.0070365694
6.449053e-07,-0.0070157456
6.450053e-07,-0.0069977941
6.451053e-07,-0.0069884593
6.452053e-07,-0.0069877413
6.453053e-07,-0.0069934858
6.454053e-07,-0.0069977941
6.455053e-07,-0.0069970761
6.456053e-07,-0.0069906135
6.457053e-07,-0.0069812787
6.458053e-07,-0.0069748162
6.459053e-07,-0.0069755342
6.460053e-07,-0.0069834329
6.461053e-07,-0.006996358
6.462053e-07,-0.0070092831
6.463053e-07,-0.0070178998
6.464053e-07,-0.0070214901
6.465053e-07,-0.0070222082
6.466053e-07,-0.0070207721
6.467053e-07,-0.007020054
6.468053e-07,-0.0070186179
6.469053e-07,-0.0070157456
6.470053e-07,-0.0070092831
6.471053e-07,-0.0069999483
6.472053e-07,-0.0069920496
6.473053e-07,-0.0069906135
6.474053e-07,-0.0069977941
6.475053e-07,-0.0070143095
6.476053e-07,-0.0070358513
6.477053e-07,-0.007055239
6.478053e-07,-0.0070667279
6.479053e-07,-0.0070688821
6.480053e-07,-0.0070638557
6.481053e-07,-0.0070573932
6.482053e-07,-0.007055239
6.483053e-07,-0.0070602654
6.484053e-07,-0.0070703182
6.485053e-07,-0.0070818072
6.486053e-07,-0.0070897059
6.487053e-07,-0.0070918601
6.488053e-07,-0.0070882698
6.489053e-07,-0.0070825253
6.490053e-07,-0.0070782169
6.491053e-07,-0.0070746266
6.492053e-07,-0.0070703182
6.493053e-07,-0.0070602654
6.494053e-07,-0.00704375
6.495053e-07,-0.0070222082
6.496053e-07,-0.0070006664
6.497053e-07,-0.0069877413
6.498053e-07,-0.0069863051
6.499053e-07,-0.0069970761
6.500053e-07,-0.0070143095
6.501053e-07,-0.0070279527
6.502053e-07,-0.007032261
6.503053e-07,-0.0070236443
6.504053e-07,-0.0070056928
6.505053e-07,-0.0069870232
6.506053e-07,-0.0069748162
6.507053e-07,-0.0069740981
6.508053e-07,-0.0069834329
6.509053e-07,-0.0069970761
6.510053e-07,-0.0070092831
6.511053e-07,-0.0070150276
6.512053e-07,-0.0070150276
6.513053e-07,-0.0070114373
6.514053e-07,-0.0070092831
6.515053e-07,-0.0070092831
6.516053e-07,-0.0070092831
6.517053e-07,-0.0070064108
6.518053e-07,-0.0069977941
6.519053e-07,-0.006984151
6.520053e-07,-0.0069705078
6.521053e-07,-0.0069618911
6.522053e-07,-0.0069633272
6.523053e-07,-0.006972662
6.524053e-07,-0.0069855871
6.525053e-07,-0.0069920496
6.526053e-07,-0.0069863051
6.527053e-07,-0.0069669175
6.528053e-07,-0.0069396312
6.529053e-07,-0.0069123449
6.530053e-07,-0.0068943934
6.531053e-07,-0.0068879308
6.532053e-07,-0.0068915211
6.533053e-07,-0.0068958295
6.534053e-07,-0.0068943934
6.535053e-07,-0.0068829044
6.536053e-07,-0.0068627987
6.537053e-07,-0.0068412569
6.538053e-07,-0.0068254596
6.539053e-07,-0.006818997
6.540053e-07,-0.0068211512
6.541053e-07,-0.0068254596
6.542053e-07,-0.0068254596
6.543053e-07,-0.006818279
6.544053e-07,-0.0068046358
6.545053e-07,-0.0067895565
6.546053e-07,-0.0067795037
6.547053e-07,-0.0067773495
6.548053e-07,-0.0067809398
6.549053e-07,-0.0067874023
6.550053e-07,-0.0067909926
6.551053e-07,-0.0067895565
6.552053e-07,-0.0067845301
6.553053e-07,-0.0067802217
6.554053e-07,-0.0067795037
6.555053e-07,-0.006783812
6.556053e-07,-0.0067902746
6.557053e-07,-0.0067938649
6.558053e-07,-0.0067909926
6.559053e-07,-0.0067823759
6.560053e-07,-0.0067730411
6.561053e-07,-0.0067701689
6.562053e-07,-0.0067795037
6.563053e-07,-0.0068010455
6.564053e-07,-0.0068290499
6.565053e-07,-0.0068556181
6.566053e-07,-0.0068714154
6.567053e-07,-0.0068750057
6.568053e-07,-0.0068692613
6.569053e-07,-0.0068620807
6.570053e-07,-0.0068599265
6.571053e-07,-0.006866389
6.572053e-07,-0.006878596
6.573053e-07,-0.006890085
6.574053e-07,-0.0068943934
6.575053e-07,-0.006890085
6.576053e-07,-0.0068814683
6.577053e-07,-0.0068771599
6.578053e-07,-0.0068829044
6.579053e-07,-0.006901574
6.580053e-07,-0.0069295784
6.581053e-07,-0.0069568647
6.582053e-07,-0.0069748162
6.583053e-07,-0.0069798426
6.584053e-07,-0.0069740981
6.585053e-07,-0.0069654814
6.586053e-07,-0.0069633272
6.587053e-07,-0.0069719439
6.588053e-07,-0.0069891774
6.589053e-07,-0.007007847
6.590053e-07,-0.0070207721
6.591053e-07,-0.0070222082
6.592053e-07,-0.0070143095
6.593053e-07,-0.0070035386
6.594053e-07,-0.0069977941
6.595053e-07,-0.0070028205
6.596053e-07,-0.0070186179
6.597053e-07,-0.0070380055
6.598053e-07,-0.007055239
6.599053e-07,-0.0070638557
6.600053e-07,-0.0070638557
6.601053e-07,-0.0070588293
6.602053e-07,-0.007055239
6.603053e-07,-0.0070566751
6.604053e-07,-0.0070624196
6.605053e-07,-0.0070681641
6.606053e-07,-0.0070667279
6.607053e-07,-0.007055957
6.608053e-07,-0.0070365694
6.609053e-07,-0.0070150276
6.610053e-07,-0.0069977941
6.611053e-07,-0.0069898955
6.612053e-07,-0.0069898955
6.613053e-07,-0.0069949219
6.614053e-07,-0.0069977941
6.615053e-07,-0.0069942038
6.616053e-07,-0.006984151
6.617053e-07,-0.0069712259
6.618053e-07,-0.0069633272
6.619053e-07,-0.0069640453
6.620053e-07,-0.0069748162
6.621053e-07,-0.0069913316
6.622053e-07,-0.0070092831
6.623053e-07,-0.0070229262
6.624053e-07,-0.0070308249
6.625053e-07,-0.0070329791
6.626053e-07,-0.007032261
6.627053e-07,-0.007031543
6.628053e-07,-0.007032261
6.629053e-07,-0.0070329791
6.630053e-07,-0.007032261
6.631053e-07,-0.0070301068
6.632053e-07,-0.0070279527
6.633053e-07,-0.0070279527
6.634053e-07,-0.007032261
6.635053e-07,-0.0070394416
6.636053e-07,-0.0070480584
6.637053e-07,-0.0070538028
6.638053e-07,-0.007055239
6.639053e-07,-0.0070530848
6.640053e-07,-0.0070502125
6.641053e-07,-0.0070509306
6.642053e-07,-0.007055239
6.643053e-07,-0.0070624196
6.644053e-07,-0.007067446
6.645053e-07,-0.0070660099
6.646053e-07,-0.007055239
6.647053e-07,-0.0070380055
6.648053e-07,-0.0070207721
6.649053e-07,-0.0070100011
6.650053e-07,-0.0070092831
6.651053e-07,-0.0070171818
6.652053e-07,-0.0070286707
6.653053e-07,-0.0070351333
6.654053e-07,-0.007032261
6.655053e-07,-0.0070214901
6.656053e-07,-0.0070092831
6.657053e-07,-0.0070035386
6.658053e-07,-0.0070092831
6.659053e-07,-0.0070257985
6.660053e-07,-0.0070466222
6.661053e-07,-0.0070631376
6.662053e-07,-0.0070667279
6.663053e-07,-0.0070573932
6.664053e-07,-0.0070415958
6.665053e-07,-0.0070265165
6.666053e-07,-0.0070207721
6.667053e-07,-0.0070243624
6.668053e-07,-0.0070329791
6.669053e-07,-0.0070380055
6.670053e-07,-0.007032261
6.671053e-07,-0.0070157456
6.672053e-07,-0.0069949219
6.673053e-07,-0.0069784065
6.674053e-07,-0.0069748162
6.675053e-07,-0.006984869
6.676053e-07,-0.0070028205
6.677053e-07,-0.0070178998
6.678053e-07,-0.0070207721
6.679053e-07,-0.0070092831
6.680053e-07,-0.0069884593
6.681053e-07,-0.0069690717
6.682053e-07,-0.0069633272
6.683053e-07,-0.0069740981
6.684053e-07,-0.0069985122
6.685053e-07,-0.0070257985
6.686053e-07,-0.00704375
6.687053e-07,-0.0070466222
6.688053e-07,-0.0070365694
6.689053e-07,-0.0070207721
6.690053e-07,-0.0070092831
6.691053e-07,-0.007007847
6.692053e-07,-0.0070164637
6.693053e-07,-0.0070272346
6.694053e-07,-0.007032261
6.695053e-07,-0.0070265165
6.696053e-07,-0.0070100011
6.697053e-07,-0.0069898955
6.698053e-07,-0.0069748162
6.699053e-07,-0.0069690717
6.700053e-07,-0.006972662
6.701053e-07,-0.0069812787
6.702053e-07,-0.0069863051
6.703053e-07,-0.006984869
6.704053e-07,-0.0069769704
6.705053e-07,-0.0069683536
6.706053e-07,-0.0069633272
6.707053e-07,-0.0069661994
6.708053e-07,-0.0069740981
6.709053e-07,-0.0069827148
6.710053e-07,-0.0069863051
6.711053e-07,-0.0069834329
6.712053e-07,-0.0069762523
6.713053e-07,-0.0069719439
6.714053e-07,-0.0069748162
6.715053e-07,-0.0069870232
6.716053e-07,-0.0070035386
6.717053e-07,-0.0070171818
6.718053e-07,-0.0070207721
6.719053e-07,-0.0070121553
6.720053e-07,-0.006996358
6.721053e-07,-0.0069805607
6.722053e-07,-0.0069748162
6.723053e-07,-0.0069819968
6.724053e-07,-0.0069999483
6.725053e-07,-0.0070193359
6.726053e-07,-0.007032261
6.727053e-07,-0.0070329791
6.728053e-07,-0.0070214901
6.729053e-07,-0.0070035386
6.730053e-07,-0.0069863051
6.731053e-07,-0.0069740981
6.732053e-07,-0.0069661994
6.733053e-07,-0.006960455
6.734053e-07,-0.0069518382
6.735053e-07,-0.0069403493
6.736053e-07,-0.0069295784
6.737053e-07,-0.0069238339
6.738053e-07,-0.0069288603
6.739053e-07,-0.0069439396
6.740053e-07,-0.0069633272
6.741053e-07,-0.0069798426
6.742053e-07,-0.0069863051
6.743053e-07,-0.0069812787
6.744053e-07,-0.0069690717
6.745053e-07,-0.0069568647
6.746053e-07,-0.0069518382
6.747053e-07,-0.0069547105
6.748053e-07,-0.0069626091
6.749053e-07,-0.0069669175
6.750053e-07,-0.0069633272
6.751053e-07,-0.0069504021
6.752053e-07,-0.0069346048
6.753053e-07,-0.0069245519
6.754053e-07,-0.0069288603
6.755053e-07,-0.0069482479
6.756053e-07,-0.0069776884
6.757053e-07,-0.0070049747
6.758053e-07,-0.0070207721
6.759053e-07,-0.007020054
6.760053e-07,-0.0070056928
6.761053e-07,-0.0069877413
6.762053e-07,-0.0069748162
6.763053e-07,-0.0069733801
6.764053e-07,-0.0069805607
6.765053e-07,-0.0069920496
6.766053e-07,-0.0069977941
6.767053e-07,-0.0069949219
6.768053e-07,-0.006984151
6.769053e-07,-0.0069719439
6.770053e-07,-0.0069633272
6.771053e-07,-0.0069618911
6.772053e-07,-0.0069647633
6.773053e-07,-0.0069669175
6.774053e-07,-0.0069633272
6.775053e-07,-0.0069525563
6.776053e-07,-0.0069403493
6.777053e-07,-0.0069346048
6.778053e-07,-0.0069403493
6.779053e-07,-0.0069590188
6.780053e-07,-0.0069855871
6.781053e-07,-0.007008565
6.782053e-07,-0.0070207721
6.783053e-07,-0.0070186179
6.784053e-07,-0.0070064108
6.785053e-07,-0.0069927677
6.786053e-07,-0.0069863051
6.787053e-07,-0.0069906135
6.788053e-07,-0.0070028205
6.789053e-07,-0.0070150276
6.790053e-07,-0.0070207721
6.791053e-07,-0.0070178998
6.792053e-07,-0.0070114373
6.793053e-07,-0.0070100011
6.794053e-07,-0.0070207721
6.795053e-07,-0.0070444681
6.796053e-07,-0.0070731905
6.797053e-07,-0.0070954504
6.798053e-07,-0.0071011949
6.799053e-07,-0.0070868336
6.800053e-07,-0.0070595473
6.801053e-07,-0.0070329791
6.802053e-07,-0.0070207721
6.803053e-07,-0.0070308249
6.804053e-07,-0.0070595473
6.805053e-07,-0.0070961684
6.806053e-07,-0.0071241728
6.807053e-07,-0.0071342256
6.808053e-07,-0.0071234547
6.809053e-07,-0.0071004768
6.810053e-07,-0.0070782169
6.811053e-07,-0.007067446
6.812053e-07,-0.0070724724
6.813053e-07,-0.0070904239
6.814053e-07,-0.0071126838
6.815053e-07,-0.0071306353
6.816053e-07,-0.0071392521
6.817053e-07,-0.0071392521
6.818053e-07,-0.0071356618
6.819053e-07,-0.0071327895
6.820053e-07,-0.0071349437
6.821053e-07,-0.0071406882
6.822053e-07,-0.0071471507
6.823053e-07,-0.0071521772
6.824053e-07,-0.0071557675
6.825053e-07,-0.0071572036
6.826053e-07,-0.0071586397
6.827053e-07,-0.0071607939
6.828053e-07,-0.00716223
6.829053e-07,-0.0071615119
6.830053e-07,-0.0071586397
6.831053e-07,-0.0071550494
6.832053e-07,-0.0071550494
6.833053e-07,-0.0071636661
6.834053e-07,-0.0071816176
6.835053e-07,-0.0072060317
6.836053e-07,-0.0072297277
6.837053e-07,-0.0072462431
6.838053e-07,-0.0072505515
6.839053e-07,-0.007244807
6.840053e-07,-0.0072361903
6.841053e-07,-0.0072326
6.842053e-07,-0.0072390625
6.843053e-07,-0.0072548598
6.844053e-07,-0.0072735294
6.845053e-07,-0.0072850184
6.846053e-07,-0.0072850184
6.847053e-07,-0.0072742475
6.848053e-07,-0.0072598863
6.849053e-07,-0.0072534237
6.850053e-07,-0.0072620404
6.851053e-07,-0.0072857364
6.852053e-07,-0.0073166131
6.853053e-07,-0.0073424632
6.854053e-07,-0.0073539522
6.855053e-07,-0.0073482077
6.856053e-07,-0.0073316923
6.857053e-07,-0.0073144589
6.858053e-07,-0.0073079963
6.859053e-07,-0.0073144589
6.860053e-07,-0.0073295381
6.861053e-07,-0.0073417452
6.862053e-07,-0.0073424632
6.863053e-07,-0.007327384
6.864053e-07,-0.0073008157
6.865053e-07,-0.0072756836
6.866053e-07,-0.0072620404
6.867053e-07,-0.0072649127
6.868053e-07,-0.0072814281
6.869053e-07,-0.0073000977
6.870053e-07,-0.0073079963
6.871053e-07,-0.0072993796
6.872053e-07,-0.0072742475
6.873053e-07,-0.0072426528
6.874053e-07,-0.0072160846
6.875053e-07,-0.0072017233
6.876053e-07,-0.0072017233
6.877053e-07,-0.007208904
6.878053e-07,-0.0072160846
6.879053e-07,-0.0072160846
6.880053e-07,-0.007208904
6.881053e-07,-0.0071988511
6.882053e-07,-0.0071931066
6.883053e-07,-0.0071945427
6.884053e-07,-0.0072017233
6.885053e-07,-0.0072074678
6.886053e-07,-0.0072045956
6.887053e-07,-0.0071902344
6.888053e-07,-0.0071665384
6.889053e-07,-0.0071414062
6.890053e-07,-0.0071241728
6.891053e-07,-0.0071213006
6.892053e-07,-0.0071306353
6.893053e-07,-0.0071464327
6.894053e-07,-0.0071586397
6.895053e-07,-0.0071615119
6.896053e-07,-0.0071550494
6.897053e-07,-0.0071435604
6.898053e-07,-0.0071356618
6.899053e-07,-0.0071363798
6.900053e-07,-0.0071464327
6.901053e-07,-0.0071600758
6.902053e-07,-0.0071701287
6.903053e-07,-0.0071715648
6.904053e-07,-0.00716223
6.905053e-07,-0.0071478688
6.906053e-07,-0.0071356618
6.907053e-07,-0.0071313534
6.908053e-07,-0.0071370979
6.909053e-07,-0.0071521772
6.910053e-07,-0.0071701287
6.911053e-07,-0.0071873621
6.912053e-07,-0.0072024414
6.913053e-07,-0.0072153665
6.914053e-07,-0.0072275735
6.915053e-07,-0.0072404986
6.916053e-07,-0.0072527057
6.917053e-07,-0.0072606043
6.918053e-07,-0.0072620404
6.919053e-07,-0.007256296
6.920053e-07,-0.0072469612
6.921053e-07,-0.0072390625
6.922053e-07,-0.0072390625
6.923053e-07,-0.0072491153
6.924053e-07,-0.0072670669
6.925053e-07,-0.0072886087
6.926053e-07,-0.0073079963
6.927053e-07,-0.0073223575
6.928053e-07,-0.0073331284
6.929053e-07,-0.0073424632
6.930053e-07,-0.0073539522
6.931053e-07,-0.0073683134
6.932053e-07,-0.0073833927
6.933053e-07,-0.0073955997
6.934053e-07,-0.0073999081
6.935053e-07,-0.0073970358
6.936053e-07,-0.0073905733
6.937053e-07,-0.0073862649
6.938053e-07,-0.0073884191
6.939053e-07,-0.007398472
6.940053e-07,-0.0074135512
6.941053e-07,-0.0074271944
6.942053e-07,-0.007434375
6.943053e-07,-0.0074329389
6.944053e-07,-0.0074257583
6.945053e-07,-0.0074164235
6.946053e-07,-0.0074113971
6.947053e-07,-0.0074128332
6.948053e-07,-0.0074192957
6.949053e-07,-0.0074279125
6.950053e-07,-0.007434375
6.951053e-07,-0.0074379653
6.952053e-07,-0.0074401195
6.953053e-07,-0.0074422737
6.954053e-07,-0.007445864
6.955053e-07,-0.0074494543
6.956053e-07,-0.0074501723
6.957053e-07,-0.0074451459
6.958053e-07,-0.007434375
6.959053e-07,-0.0074236041
6.960053e-07,-0.0074207318
6.961053e-07,-0.0074315028
6.962053e-07,-0.0074573529
6.963053e-07,-0.0074925379
6.964053e-07,-0.0075241326
6.965053e-07,-0.007541366
6.966053e-07,-0.0075377757
6.967053e-07,-0.0075155159
6.968053e-07,-0.0074860754
6.969053e-07,-0.0074638155
6.970053e-07,-0.0074573529
6.971053e-07,-0.0074688419
6.972053e-07,-0.0074903837
6.973053e-07,-0.0075097714
6.974053e-07,-0.0075147978
6.975053e-07,-0.0075033088
6.976053e-07,-0.0074803309
6.977053e-07,-0.007458071
6.978053e-07,-0.007445864
6.979053e-07,-0.0074480182
6.980053e-07,-0.0074595071
6.981053e-07,-0.007470278
6.982053e-07,-0.0074688419
6.983053e-07,-0.0074523265
6.984053e-07,-0.0074243222
6.985053e-07,-0.0073955997
6.986053e-07,-0.0073769301
6.987053e-07,-0.0073740579
6.988053e-07,-0.0073833927
6.989053e-07,-0.0073955997
6.990053e-07,-0.0073999081
6.991053e-07,-0.0073912914
6.992053e-07,-0.0073697495
6.993053e-07,-0.0073431813
6.994053e-07,-0.0073194853
6.995053e-07,-0.007303688
6.996053e-07,-0.0072943532
6.997053e-07,-0.0072857364
6.998053e-07,-0.0072735294
6.999053e-07,-0.0072548598
7.000053e-07,-0.0072347541
7.001053e-07,-0.0072196749
7.002053e-07,-0.0072160846
7.003053e-07,-0.0072247013
7.004053e-07,-0.0072390625
7.005053e-07,-0.0072505515
7.006053e-07,-0.0072505515
7.007053e-07,-0.0072383444
7.008053e-07,-0.0072196749
7.009053e-07,-0.0072060317
7.010053e-07,-0.0072045956
7.011053e-07,-0.0072175207
7.012053e-07,-0.0072376264
7.013053e-07,-0.0072527057
7.014053e-07,-0.0072505515
7.015053e-07,-0.0072282916
7.016053e-07,-0.0071923886
7.017053e-07,-0.0071564855
7.018053e-07,-0.0071356618
7.019053e-07,-0.0071363798
7.020053e-07,-0.0071564855
7.021053e-07,-0.0071837718
7.022053e-07,-0.0072045956
7.023053e-07,-0.007208904
7.024053e-07,-0.0071959789
7.025053e-07,-0.0071751551
7.026053e-07,-0.0071586397
7.027053e-07,-0.0071550494
7.028053e-07,-0.0071672564
7.029053e-07,-0.0071866441
7.030053e-07,-0.0072045956
7.031053e-07,-0.0072117762
7.032053e-07,-0.0072060317
7.033053e-07,-0.0071931066
7.034053e-07,-0.0071816176
7.035053e-07,-0.0071787454
7.036053e-07,-0.0071866441
7.037053e-07,-0.0072017233
7.038053e-07,-0.0072160846
7.039053e-07,-0.0072232652
7.040053e-07,-0.007221111
7.041053e-07,-0.0072124943
7.042053e-07,-0.0072045956
7.043053e-07,-0.0072024414
7.044053e-07,-0.0072074678
7.045053e-07,-0.0072175207
7.046053e-07,-0.0072275735
7.047053e-07,-0.007233318
7.048053e-07,-0.0072340361
7.049053e-07,-0.0072311638
7.050053e-07,-0.0072275735
7.051053e-07,-0.0072261374
7.052053e-07,-0.0072254193
7.053053e-07,-0.0072232652
7.054053e-07,-0.0072160846
7.055053e-07,-0.0072045956
7.056053e-07,-0.0071916705
7.057053e-07,-0.0071830538
7.058053e-07,-0.0071816176
7.059053e-07,-0.0071887983
7.060053e-07,-0.0071995692
7.061053e-07,-0.0072067498
7.062053e-07,-0.0072045956
7.063053e-07,-0.0071909524
7.064053e-07,-0.0071679745
7.065053e-07,-0.0071435604
7.066053e-07,-0.0071241728
7.067053e-07,-0.0071126838
7.068053e-07,-0.0071083755
7.069053e-07,-0.0071062213
7.070053e-07,-0.0071011949
7.071053e-07,-0.0070904239
7.072053e-07,-0.0070760627
7.073053e-07,-0.0070624196
7.074053e-07,-0.007055239
7.075053e-07,-0.007055957
7.076053e-07,-0.0070631376
7.077053e-07,-0.0070717544
7.078053e-07,-0.0070782169
7.079053e-07,-0.0070803711
7.080053e-07,-0.0070810892
7.081053e-07,-0.0070832433
7.082053e-07,-0.0070897059
7.083053e-07,-0.0070990407
7.084053e-07,-0.0071062213
7.085053e-07,-0.0071076574
7.086053e-07,-0.0071011949
7.087053e-07,-0.0070889878
7.088053e-07,-0.0070782169
7.089053e-07,-0.0070774989
7.090053e-07,-0.0070897059
7.091053e-07,-0.0071126838
7.092053e-07,-0.007138534
7.093053e-07,-0.0071557675
7.094053e-07,-0.0071586397
7.095053e-07,-0.0071471507
7.096053e-07,-0.0071291992
7.097053e-07,-0.0071155561
7.098053e-07,-0.0071126838
7.099053e-07,-0.0071220186
7.100053e-07,-0.0071378159
7.101053e-07,-0.0071485869
7.102053e-07,-0.0071471507
7.103053e-07,-0.0071335076
7.104053e-07,-0.0071162741
7.105053e-07,-0.0071055032
7.106053e-07,-0.0071126838
7.107053e-07,-0.007138534
7.108053e-07,-0.0071751551
7.109053e-07,-0.007208904
7.110053e-07,-0.0072275735
7.111053e-07,-0.0072254193
7.112053e-07,-0.0072053136
7.113053e-07,-0.0071794635
7.114053e-07,-0.0071586397
7.115053e-07,-0.007150741
7.116053e-07,-0.0071550494
7.117053e-07,-0.0071643842
7.118053e-07,-0.0071701287
7.119053e-07,-0.0071686926
7.120053e-07,-0.0071615119
7.121053e-07,-0.0071557675
7.122053e-07,-0.0071586397
7.123053e-07,-0.0071722829
7.124053e-07,-0.0071916705
7.125053e-07,-0.007208904
7.126053e-07,-0.0072160846
7.127053e-07,-0.0072103401
7.128053e-07,-0.0071966969
7.129053e-07,-0.0071844899
7.130053e-07,-0.0071816176
7.131053e-07,-0.0071923886
7.132053e-07,-0.0072110581
7.133053e-07,-0.0072297277
7.134053e-07,-0.0072390625
7.135053e-07,-0.0072347541
7.136053e-07,-0.007221829
7.137053e-07,-0.007208904
7.138053e-07,-0.0072045956
7.139053e-07,-0.0072139304
7.140053e-07,-0.0072318819
7.141053e-07,-0.0072512695
7.142053e-07,-0.0072620404
7.143053e-07,-0.0072613224
7.144053e-07,-0.0072519876
7.145053e-07,-0.0072419347
7.146053e-07,-0.0072390625
7.147053e-07,-0.0072462431
7.148053e-07,-0.0072598863
7.149053e-07,-0.0072713752
7.150053e-07,-0.0072735294
7.151053e-07,-0.0072649127
7.152053e-07,-0.0072519876
7.153053e-07,-0.007244807
7.154053e-07,-0.0072505515
7.155053e-07,-0.0072713752
7.156053e-07,-0.0073000977
7.157053e-07,-0.0073237937
7.158053e-07,-0.0073309743
7.159053e-07,-0.0073180492
7.160053e-07,-0.0072914809
7.161053e-07,-0.0072641946
7.162053e-07,-0.0072505515
7.163053e-07,-0.0072577321
7.164053e-07,-0.0072828642
7.165053e-07,-0.0073151769
7.166053e-07,-0.0073424632
7.167053e-07,-0.0073553883
7.168053e-07,-0.0073532341
7.169053e-07,-0.0073417452
7.170053e-07,-0.0073309743
7.171053e-07,-0.0073259478
7.172053e-07,-0.0073259478
7.173053e-07,-0.0073266659
7.174053e-07,-0.0073194853
7.175053e-07,-0.0073022518
7.176053e-07,-0.0072778378
7.177053e-07,-0.0072541418
7.178053e-07,-0.0072390625
7.179053e-07,-0.0072361903
7.180053e-07,-0.0072426528
7.181053e-07,-0.0072498334
7.182053e-07,-0.0072505515
7.183053e-07,-0.0072397806
7.184053e-07,-0.007221829
7.185053e-07,-0.0072031595
7.186053e-07,-0.0071931066
7.187053e-07,-0.0071938247
7.188053e-07,-0.0072024414
7.189053e-07,-0.007208904
7.190053e-07,-0.0072045956
7.191053e-07,-0.007185926
7.192053e-07,-0.0071564855
7.193053e-07,-0.0071248909
7.194053e-07,-0.0071011949
7.195053e-07,-0.007091142
7.196053e-07,-0.0070925781
7.197053e-07,-0.0070990407
7.198053e-07,-0.0071011949
7.199053e-07,-0.0070954504
7.200053e-07,-0.0070832433
7.201053e-07,-0.0070717544
7.202053e-07,-0.0070667279
7.203053e-07,-0.0070717544
7.204053e-07,-0.0070825253
7.205053e-07,-0.007091142
7.206053e-07,-0.0070897059
7.207053e-07,-0.0070760627
7.208053e-07,-0.0070538028
7.209053e-07,-0.007032261
7.210053e-07,-0.0070207721
7.211053e-07,-0.0070222082
7.212053e-07,-0.0070344152
7.213053e-07,-0.0070480584
7.214053e-07,-0.007055239
7.215053e-07,-0.0070509306
7.216053e-07,-0.0070380055
7.217053e-07,-0.0070250804
7.218053e-07,-0.0070207721
7.219053e-07,-0.0070293888
7.220053e-07,-0.0070473403
7.221053e-07,-0.0070667279
7.222053e-07,-0.0070782169
7.223053e-07,-0.0070760627
7.224053e-07,-0.0070631376
7.225053e-07,-0.0070451861
7.226053e-07,-0.007032261
7.227053e-07,-0.0070293888
7.228053e-07,-0.0070358513
7.229053e-07,-0.0070466222
7.230053e-07,-0.007055239
7.231053e-07,-0.0070581112
7.232053e-07,-0.0070566751
7.233053e-07,-0.0070573932
7.234053e-07,-0.0070667279
7.235053e-07,-0.0070853975
7.236053e-07,-0.0071083755
7.237053e-07,-0.0071284812
7.238053e-07,-0.0071356618
7.239053e-07,-0.0071277631
7.240053e-07,-0.0071098116
7.241053e-07,-0.0070897059
7.242053e-07,-0.0070782169
7.243053e-07,-0.0070810892
7.244053e-07,-0.0070954504
7.245053e-07,-0.0071134019
7.246053e-07,-0.0071241728
7.247053e-07,-0.0071220186
7.248053e-07,-0.0071062213
7.249053e-07,-0.0070846795
7.250053e-07,-0.0070667279
7.251053e-07,-0.0070588293
7.252053e-07,-0.0070617015
7.253053e-07,-0.0070703182
7.254053e-07,-0.0070782169
7.255053e-07,-0.0070782169
7.256053e-07,-0.0070703182
7.257053e-07,-0.0070566751
7.258053e-07,-0.00704375
7.259053e-07,-0.0070365694
7.260053e-07,-0.0070358513
7.261053e-07,-0.0070401597
7.262053e-07,-0.00704375
7.263053e-07,-0.0070451861
7.264053e-07,-0.00704375
7.265053e-07,-0.0070423139
7.266053e-07,-0.00704375
7.267053e-07,-0.0070487764
7.268053e-07,-0.007055239
7.269053e-07,-0.0070588293
7.270053e-07,-0.007055239
7.271053e-07,-0.0070444681
7.272053e-07,-0.0070293888
7.273053e-07,-0.0070157456
7.274053e-07,-0.0070092831
7.275053e-07,-0.0070100011
7.276053e-07,-0.0070157456
7.277053e-07,-0.0070207721
7.278053e-07,-0.0070207721
7.279053e-07,-0.0070150276
7.280053e-07,-0.0070056928
7.281053e-07,-0.0069985122
7.282053e-07,-0.0069977941
7.283053e-07,-0.0070028205
7.284053e-07,-0.0070100011
7.285053e-07,-0.0070128734
7.286053e-07,-0.0070092831
7.287053e-07,-0.0069999483
7.288053e-07,-0.0069906135
7.289053e-07,-0.0069884593
7.290053e-07,-0.0069977941
7.291053e-07,-0.0070171818
7.292053e-07,-0.0070387236
7.293053e-07,-0.0070538028
7.294053e-07,-0.007055239
7.295053e-07,-0.0070430319
7.296053e-07,-0.0070229262
7.297053e-07,-0.0070049747
7.298053e-07,-0.0069977941
7.299053e-07,-0.0070021025
7.300053e-07,-0.0070128734
7.301053e-07,-0.0070207721
7.302053e-07,-0.0070207721
7.303053e-07,-0.0070107192
7.304053e-07,-0.0069977941
7.305053e-07,-0.0069913316
7.306053e-07,-0.0069977941
7.307053e-07,-0.0070171818
7.308053e-07,-0.0070401597
7.309053e-07,-0.0070566751
7.310053e-07,-0.007055239
7.311053e-07,-0.0070351333
7.312053e-07,-0.0070035386
7.313053e-07,-0.0069755342
7.314053e-07,-0.0069633272
7.315053e-07,-0.0069719439
7.316053e-07,-0.0069970761
7.317053e-07,-0.0070257985
7.318053e-07,-0.00704375
7.319053e-07,-0.0070430319
7.320053e-07,-0.0070236443
7.321053e-07,-0.0069970761
7.322053e-07,-0.0069748162
7.323053e-07,-0.0069654814
7.324053e-07,-0.0069690717
7.325053e-07,-0.0069791245
7.326053e-07,-0.0069863051
7.327053e-07,-0.0069834329
7.328053e-07,-0.0069719439
7.329053e-07,-0.0069575827
7.330053e-07,-0.0069518382
7.331053e-07,-0.006960455
7.332053e-07,-0.0069819968
7.333053e-07,-0.0070100011
7.334053e-07,-0.007032261
7.335053e-07,-0.0070401597
7.336053e-07,-0.0070329791
7.337053e-07,-0.0070150276
7.338053e-07,-0.0069977941
7.339053e-07,-0.0069898955
7.340053e-07,-0.0069956399
7.341053e-07,-0.0070121553
7.342053e-07,-0.007032261
7.343053e-07,-0.0070480584
7.344053e-07,-0.0070545209
7.345053e-07,-0.0070516487
7.346053e-07,-0.00704375
7.347053e-07,-0.0070358513
7.348053e-07,-0.0070308249
7.349053e-07,-0.0070301068
7.350053e-07,-0.007032261
7.351053e-07,-0.0070358513
7.352053e-07,-0.0070408778
7.353053e-07,-0.0070466222
7.354053e-07,-0.007055239
7.355053e-07,-0.0070645738
7.356053e-07,-0.0070739085
7.357053e-07,-0.007078935
7.358053e-07,-0.0070782169
7.359053e-07,-0.0070731905
7.360053e-07,-0.007067446
7.361053e-07,-0.0070645738
7.362053e-07,-0.0070667279
7.363053e-07,-0.0070739085
7.364053e-07,-0.0070810892
7.365053e-07,-0.0070832433
7.366053e-07,-0.0070782169
7.367053e-07,-0.0070667279
7.368053e-07,-0.0070538028
7.369053e-07,-0.0070451861
7.370053e-07,-0.00704375
7.371053e-07,-0.0070487764
7.372053e-07,-0.0070538028
7.373053e-07,-0.0070530848
7.374053e-07,-0.00704375
7.375053e-07,-0.0070272346
7.376053e-07,-0.0070107192
7.377053e-07,-0.0070028205
7.378053e-07,-0.0070092831
7.379053e-07,-0.0070279527
7.380053e-07,-0.0070502125
7.381053e-07,-0.0070652918
7.382053e-07,-0.0070667279
7.383053e-07,-0.0070523667
7.384053e-07,-0.0070293888
7.385053e-07,-0.007007847
7.386053e-07,-0.0069977941
7.387053e-07,-0.0070013844
7.388053e-07,-0.0070143095
7.389053e-07,-0.0070272346
7.390053e-07,-0.007032261
7.391053e-07,-0.0070265165
7.392053e-07,-0.0070135915
7.393053e-07,-0.0070013844
7.394053e-07,-0.0069977941
7.395053e-07,-0.0070042567
7.396053e-07,-0.0070171818
7.397053e-07,-0.0070286707
7.398053e-07,-0.007032261
7.399053e-07,-0.0070265165
7.400053e-07,-0.0070157456
7.401053e-07,-0.007007847
7.402053e-07,-0.0070092831
7.403053e-07,-0.007020054
7.404053e-07,-0.0070336972
7.405053e-07,-0.0070401597
7.406053e-07,-0.007032261
7.407053e-07,-0.0070100011
7.408053e-07,-0.0069812787
7.409053e-07,-0.0069583008
7.410053e-07,-0.0069518382
7.411053e-07,-0.0069654814
7.412053e-07,-0.0069913316
7.413053e-07,-0.0070186179
7.414053e-07,-0.007032261
7.415053e-07,-0.0070279527
7.416053e-07,-0.007008565
7.417053e-07,-0.0069863051
7.418053e-07,-0.0069748162
7.419053e-07,-0.0069805607
7.420053e-07,-0.0070028205
7.421053e-07,-0.007032261
7.422053e-07,-0.007055239
7.423053e-07,-0.0070638557
7.424053e-07,-0.0070573932
7.425053e-07,-0.00704375
7.426053e-07,-0.007032261
7.427053e-07,-0.007032261
7.428053e-07,-0.0070444681
7.429053e-07,-0.0070624196
7.430053e-07,-0.0070782169
7.431053e-07,-0.0070832433
7.432053e-07,-0.0070774989
7.433053e-07,-0.0070652918
7.434053e-07,-0.007055239
7.435053e-07,-0.007055239
7.436053e-07,-0.0070681641
7.437053e-07,-0.0070897059
7.438053e-07,-0.0071126838
7.439053e-07,-0.0071313534
7.440053e-07,-0.0071414062
7.441053e-07,-0.0071449966
7.442053e-07,-0.0071471507
7.443053e-07,-0.007150741
7.444053e-07,-0.0071572036
7.445053e-07,-0.0071643842
7.446053e-07,-0.0071701287
7.447053e-07,-0.0071715648
7.448053e-07,-0.0071694106
7.449053e-07,-0.0071679745
7.450053e-07,-0.0071701287
7.451053e-07,-0.0071787454
7.452053e-07,-0.0071909524
7.453053e-07,-0.0072053136
7.454053e-07,-0.0072160846
7.455053e-07,-0.0072232652
7.456053e-07,-0.0072290097
7.457053e-07,-0.0072369083
7.458053e-07,-0.0072505515
7.459053e-07,-0.007269221
7.460053e-07,-0.0072871726
7.461053e-07,-0.0072986615
7.462053e-07,-0.0072965074
7.463053e-07,-0.00728071
7.464053e-07,-0.007256296
7.465053e-07,-0.0072318819
7.466053e-07,-0.0072160846
7.467053e-07,-0.0072139304
7.468053e-07,-0.0072239832
7.469053e-07,-0.0072383444
7.470053e-07,-0.0072505515
7.471053e-07,-0.0072541418
7.472053e-07,-0.0072483973
7.473053e-07,-0.0072376264
7.474053e-07,-0.0072275735
7.475053e-07,-0.0072225471
7.476053e-07,-0.007221829
7.477053e-07,-0.007221111
7.478053e-07,-0.0072160846
7.479053e-07,-0.0072031595
7.480053e-07,-0.0071844899
7.481053e-07,-0.0071636661
7.482053e-07,-0.0071471507
7.483053e-07,-0.007138534
7.484053e-07,-0.0071363798
7.485053e-07,-0.0071370979
7.486053e-07,-0.0071356618
7.487053e-07,-0.0071284812
7.488053e-07,-0.0071177102
7.489053e-07,-0.0071062213
7.490053e-07,-0.0071011949
7.491053e-07,-0.0071047852
7.492053e-07,-0.0071169922
7.493053e-07,-0.0071327895
7.494053e-07,-0.0071471507
7.495053e-07,-0.0071543313
7.496053e-07,-0.0071528952
7.497053e-07,-0.0071457146
7.498053e-07,-0.0071356618
7.499053e-07,-0.007127045
7.500053e-07,-0.0071220186
7.501053e-07,-0.0071213006
7.502053e-07,-0.0071241728
7.503053e-07,-0.0071299173
7.504053e-07,-0.0071399701
7.505053e-07,-0.0071536133
7.506053e-07,-0.0071701287
7.507053e-07,-0.0071873621
7.508053e-07,-0.0072002872
7.509053e-07,-0.0072060317
7.510053e-07,-0.0072045956
7.511053e-07,-0.007198133
7.512053e-07,-0.0071931066
7.513053e-07,-0.0071945427
7.514053e-07,-0.0072045956
7.515053e-07,-0.007221111
7.516053e-07,-0.0072361903
7.517053e-07,-0.0072440889
7.518053e-07,-0.0072390625
7.519053e-07,-0.0072232652
7.520053e-07,-0.0072031595
7.521053e-07,-0.0071873621
7.522053e-07,-0.0071816176
7.523053e-07,-0.007185926
7.524053e-07,-0.0071938247
7.525053e-07,-0.0071988511
7.526053e-07,-0.0071931066
7.527053e-07,-0.0071765912
7.528053e-07,-0.0071543313
7.529053e-07,-0.0071342256
7.530053e-07,-0.0071241728
7.531053e-07,-0.0071256089
7.532053e-07,-0.0071349437
7.533053e-07,-0.0071442785
7.534053e-07,-0.0071471507
7.535053e-07,-0.0071414062
7.536053e-07,-0.0071313534
7.537053e-07,-0.0071234547
7.538053e-07,-0.0071241728
7.539053e-07,-0.0071342256
7.540053e-07,-0.007150023
7.541053e-07,-0.0071643842
7.542053e-07,-0.0071701287
7.543053e-07,-0.0071658203
7.544053e-07,-0.0071564855
7.545053e-07,-0.0071478688
7.546053e-07,-0.0071471507
7.547053e-07,-0.0071557675
7.548053e-07,-0.0071686926
7.549053e-07,-0.0071794635
7.550053e-07,-0.0071816176
7.551053e-07,-0.007174437
7.552053e-07,-0.0071629481
7.553053e-07,-0.0071557675
7.554053e-07,-0.0071586397
7.555053e-07,-0.0071730009
7.556053e-07,-0.0071931066
7.557053e-07,-0.007209622
7.558053e-07,-0.0072160846
7.559053e-07,-0.0072103401
7.560053e-07,-0.007198133
7.561053e-07,-0.0071895163
7.562053e-07,-0.0071931066
7.563053e-07,-0.0072103401
7.564053e-07,-0.0072361903
7.565053e-07,-0.0072606043
7.566053e-07,-0.0072735294
7.567053e-07,-0.0072728114
7.568053e-07,-0.0072620404
7.569053e-07,-0.0072512695
7.570053e-07,-0.0072505515
7.571053e-07,-0.0072634766
7.572053e-07,-0.0072857364
7.573053e-07,-0.0073079963
7.574053e-07,-0.0073194853
7.575053e-07,-0.0073166131
7.576053e-07,-0.0073029699
7.577053e-07,-0.0072886087
7.578053e-07,-0.0072850184
7.579053e-07,-0.0072965074
7.580053e-07,-0.0073216395
7.581053e-07,-0.0073482077
7.582053e-07,-0.0073654412
7.583053e-07,-0.0073654412
7.584053e-07,-0.0073474897
7.585053e-07,-0.0073209214
7.586053e-07,-0.0072965074
7.587053e-07,-0.0072828642
7.588053e-07,-0.0072828642
7.589053e-07,-0.0072900448
7.590053e-07,-0.0072965074
7.591053e-07,-0.0072943532
7.592053e-07,-0.00728071
7.593053e-07,-0.0072598863
7.594053e-07,-0.0072390625
7.595053e-07,-0.0072254193
7.596053e-07,-0.007221829
7.597053e-07,-0.0072275735
7.598053e-07,-0.0072390625
7.599053e-07,-0.0072512695
7.600053e-07,-0.0072606043
7.601053e-07,-0.007268503
7.602053e-07,-0.0072735294
7.603053e-07,-0.0072756836
7.604053e-07,-0.0072720933
7.605053e-07,-0.0072598863
7.606053e-07,-0.0072390625
7.607053e-07,-0.0072124943
7.608053e-07,-0.007185208
7.609053e-07,-0.0071665384
7.610053e-07,-0.0071586397
7.611053e-07,-0.0071615119
7.612053e-07,-0.0071679745
7.613053e-07,-0.0071694106
7.614053e-07,-0.0071586397
7.615053e-07,-0.0071342256
7.616053e-07,-0.007102631
7.617053e-07,-0.0070731905
7.618053e-07,-0.007055239
7.619053e-07,-0.0070523667
7.620053e-07,-0.0070624196
7.621053e-07,-0.0070774989
7.622053e-07,-0.0070897059
7.623053e-07,-0.0070932962
7.624053e-07,-0.0070897059
7.625053e-07,-0.0070832433
7.626053e-07,-0.0070782169
7.627053e-07,-0.0070767808
7.628053e-07,-0.0070767808
7.629053e-07,-0.0070746266
7.630053e-07,-0.0070667279
7.631053e-07,-0.007055957
7.632053e-07,-0.0070473403
7.633053e-07,-0.0070494945
7.634053e-07,-0.0070667279
7.635053e-07,-0.0070968865
7.636053e-07,-0.0071313534
7.637053e-07,-0.0071593578
7.638053e-07,-0.0071701287
7.639053e-07,-0.0071629481
7.640053e-07,-0.0071449966
7.641053e-07,-0.0071284812
7.642053e-07,-0.0071241728
7.643053e-07,-0.0071378159
7.644053e-07,-0.0071643842
7.645053e-07,-0.0071945427
7.646053e-07,-0.0072160846
7.647053e-07,-0.0072225471
7.648053e-07,-0.0072153665
7.649053e-07,-0.0072017233
7.650053e-07,-0.0071931066
7.651053e-07,-0.0071966969
7.652053e-07,-0.0072124943
7.653053e-07,-0.0072369083
7.654053e-07,-0.0072620404
7.655053e-07,-0.0072821461
7.656053e-07,-0.0072943532
7.657053e-07,-0.0073022518
7.658053e-07,-0.0073079963
7.659053e-07,-0.0073123047
7.660053e-07,-0.0073144589
7.661053e-07,-0.0073094324
7.662053e-07,-0.0072965074
7.663053e-07,-0.0072785558
7.664053e-07,-0.0072627585
7.665053e-07,-0.0072591682
7.666053e-07,-0.0072735294
7.667053e-07,-0.0073058421
7.668053e-07,-0.0073474897
7.669053e-07,-0.0073862649
7.670053e-07,-0.0074113971
7.671053e-07,-0.0074164235
7.672053e-07,-0.0074049345
7.673053e-07,-0.0073841108
7.674053e-07,-0.0073654412
7.675053e-07,-0.0073546703
7.676053e-07,-0.0073532341
7.677053e-07,-0.0073582606
7.678053e-07,-0.0073654412
7.679053e-07,-0.0073740579
7.680053e-07,-0.0073862649
7.681053e-07,-0.0074056526
7.682053e-07,-0.007434375
7.683053e-07,-0.0074688419
7.684053e-07,-0.0074990005
7.685053e-07,-0.007516952
7.686053e-07,-0.0075147978
7.687053e-07,-0.0074946921
7.688053e-07,-0.0074666877
7.689053e-07,-0.0074429917
7.690053e-07,-0.007434375
7.691053e-07,-0.0074429917
7.692053e-07,-0.0074609432
7.693053e-07,-0.0074774586
7.694053e-07,-0.0074803309
7.695053e-07,-0.0074659697
7.696053e-07,-0.0074386834
7.697053e-07,-0.0074092429
7.698053e-07,-0.0073884191
7.699053e-07,-0.0073805205
7.700053e-07,-0.0073826746
7.701053e-07,-0.0073841108
7.702053e-07,-0.0073769301
7.703053e-07,-0.0073568244
7.704053e-07,-0.007328102
7.705053e-07,-0.0073008157
7.706053e-07,-0.0072850184
7.707053e-07,-0.0072850184
7.708053e-07,-0.0072979435
7.709053e-07,-0.0073123047
7.710053e-07,-0.0073194853
7.711053e-07,-0.0073144589
7.712053e-07,-0.0073008157
7.713053e-07,-0.0072878906
7.714053e-07,-0.0072850184
7.715053e-07,-0.0072965074
7.716053e-07,-0.0073202034
7.717053e-07,-0.0073460535
7.718053e-07,-0.0073654412
7.719053e-07,-0.0073733398
7.720053e-07,-0.0073726218
7.721053e-07,-0.0073711857
7.722053e-07,-0.0073769301
7.723053e-07,-0.0073927275
7.724053e-07,-0.0074157054
7.725053e-07,-0.0074358111
7.726053e-07,-0.007445864
7.727053e-07,-0.0074429917
7.728053e-07,-0.0074315028
7.729053e-07,-0.0074214499
7.730053e-07,-0.007422886
7.731053e-07,-0.0074386834
7.732053e-07,-0.0074645335
7.733053e-07,-0.0074896657
7.734053e-07,-0.0075033088
7.735053e-07,-0.0075011546
7.736053e-07,-0.0074867934
7.737053e-07,-0.0074681239
7.738053e-07,-0.0074573529
7.739053e-07,-0.0074587891
7.740053e-07,-0.007470278
7.741053e-07,-0.0074846392
7.742053e-07,-0.0074918199
7.743053e-07,-0.0074882295
7.744053e-07,-0.0074760225
7.745053e-07,-0.0074630974
7.746053e-07,-0.0074573529
7.747053e-07,-0.0074623794
7.748053e-07,-0.0074745864
7.749053e-07,-0.0074875115
7.750053e-07,-0.0074918199
7.751053e-07,-0.0074853573
7.752053e-07,-0.007470278
7.753053e-07,-0.0074544807
7.754053e-07,-0.007445864
7.755053e-07,-0.0074451459
7.756053e-07,-0.0074487362
7.757053e-07,-0.0074473001
7.758053e-07,-0.007434375
7.759053e-07,-0.0074092429
7.760053e-07,-0.0073798024
7.761053e-07,-0.0073582606
7.762053e-07,-0.0073539522
7.763053e-07,-0.0073704676
7.764053e-07,-0.0073999081
7.765053e-07,-0.0074300666
7.766053e-07,-0.007445864
7.767053e-07,-0.0074408375
7.768053e-07,-0.0074164235
7.769053e-07,-0.0073833927
7.770053e-07,-0.0073539522
7.771053e-07,-0.0073367187
7.772053e-07,-0.0073316923
7.773053e-07,-0.0073324104
7.774053e-07,-0.0073309743
7.775053e-07,-0.0073223575
7.776053e-07,-0.0073079963
7.777053e-07,-0.0072965074
7.778053e-07,-0.0072965074
7.779053e-07,-0.0073115866
7.780053e-07,-0.0073381549
7.781053e-07,-0.0073675954
7.782053e-07,-0.0073884191
7.783053e-07,-0.0073941636
7.784053e-07,-0.0073848288
7.785053e-07,-0.0073683134
7.786053e-07,-0.0073539522
7.787053e-07,-0.0073482077
7.788053e-07,-0.00735108
7.789053e-07,-0.0073596967
7.790053e-07,-0.0073654412
7.791053e-07,-0.0073654412
7.792053e-07,-0.0073604148
7.793053e-07,-0.0073546703
7.794053e-07,-0.0073539522
7.795053e-07,-0.0073604148
7.796053e-07,-0.0073704676
7.797053e-07,-0.0073783663
7.798053e-07,-0.0073769301
7.799053e-07,-0.0073647231
7.800053e-07,-0.0073446174
7.801053e-07,-0.0073230756
7.802053e-07,-0.0073079963
7.803053e-07,-0.0073015338
7.804053e-07,-0.0073015338
7.805053e-07,-0.0073015338
7.806053e-07,-0.0072965074
7.807053e-07,-0.0072857364
7.808053e-07,-0.0072720933
7.809053e-07,-0.0072627585
7.810053e-07,-0.0072620404
7.811053e-07,-0.0072699391
7.812053e-07,-0.0072792739
7.813053e-07,-0.0072828642
7.814053e-07,-0.0072735294
7.815053e-07,-0.0072534237
7.816053e-07,-0.0072297277
7.817053e-07,-0.0072139304
7.818053e-07,-0.0072160846
7.819053e-07,-0.0072369083
7.820053e-07,-0.007268503
7.821053e-07,-0.0073000977
7.822053e-07,-0.0073194853
7.823053e-07,-0.0073223575
7.824053e-07,-0.0073130227
7.825053e-07,-0.0073015338
7.826053e-07,-0.0072965074
7.827053e-07,-0.0073029699
7.828053e-07,-0.0073166131
7.829053e-07,-0.0073288201
7.830053e-07,-0.0073309743
7.831053e-07,-0.0073209214
7.832053e-07,-0.0073029699
7.833053e-07,-0.0072878906
7.834053e-07,-0.0072850184
7.835053e-07,-0.0072965074
7.836053e-07,-0.0073173311
7.837053e-07,-0.0073360007
7.838053e-07,-0.0073424632
7.839053e-07,-0.0073324104
7.840053e-07,-0.0073101505
