LECROYHDO6104B,11090,Waveform
Segments,1,SegmentSize,5002
Segment,TrigTime,TimeSinceSegment1
#1,04-May-2026 18:21:41,0                 
Time,Ampl
-3.708124e-08,-0.0031365809
-3.698124e-08,-0.0031315545
-3.688124e-08,-0.0031365809
-3.678124e-08,-0.0031480699
-3.668124e-08,-0.0031595588
-3.658124e-08,-0.0031645852
-3.648124e-08,-0.0031631491
-3.638124e-08,-0.0031588408
-3.628124e-08,-0.0031595588
-3.618124e-08,-0.0031703297
-3.608124e-08,-0.0031933077
-3.598124e-08,-0.0032227482
-3.588124e-08,-0.0032514706
-3.578124e-08,-0.0032708582
-3.568124e-08,-0.0032773208
-3.558124e-08,-0.0032722943
-3.548124e-08,-0.0032629596
-3.538124e-08,-0.003255779
-3.528124e-08,-0.003255779
-3.518124e-08,-0.0032629596
-3.508124e-08,-0.0032744485
-3.498124e-08,-0.0032845014
-3.488124e-08,-0.0032902459
-3.478124e-08,-0.0032902459
-3.468124e-08,-0.0032859375
-3.458124e-08,-0.003280193
-3.448124e-08,-0.0032766027
-3.438124e-08,-0.0032744485
-3.428124e-08,-0.0032744485
-3.418124e-08,-0.0032758847
-3.408124e-08,-0.0032773208
-3.398124e-08,-0.0032809111
-3.388124e-08,-0.0032859375
-3.378124e-08,-0.0032931181
-3.368124e-08,-0.0033002987
-3.358124e-08,-0.0033067613
-3.348124e-08,-0.0033089154
-3.338124e-08,-0.0033067613
-3.328124e-08,-0.0033024529
-3.318124e-08,-0.0032981445
-3.308124e-08,-0.0032974265
-3.298124e-08,-0.0033002987
-3.288124e-08,-0.0033060432
-3.278124e-08,-0.0033103516
-3.268124e-08,-0.0033089154
-3.258124e-08,-0.0032988626
-3.248124e-08,-0.0032809111
-3.238124e-08,-0.0032593693
-3.228124e-08,-0.0032399816
-3.218124e-08,-0.0032284926
-3.208124e-08,-0.0032284926
-3.198124e-08,-0.0032371094
-3.188124e-08,-0.0032514706
-3.178124e-08,-0.0032643957
-3.168124e-08,-0.003268704
-3.158124e-08,-0.0032615234
-3.148124e-08,-0.0032399816
-3.138124e-08,-0.0032069508
-3.128124e-08,-0.0031667394
-3.118124e-08,-0.00312581
-3.108124e-08,-0.003090625
-3.098124e-08,-0.0030676471
-3.088124e-08,-0.0030590303
-3.078124e-08,-0.0030640568
-3.068124e-08,-0.003079136
-3.058124e-08,-0.0030956514
-3.048124e-08,-0.0031064223
-3.038124e-08,-0.0031057043
-3.028124e-08,-0.003090625
-3.018124e-08,-0.0030654929
-3.008124e-08,-0.0030367705
-2.998124e-08,-0.0030130744
-2.988124e-08,-0.0029987132
-2.978124e-08,-0.0029951229
-2.968124e-08,-0.0030001494
-2.958124e-08,-0.0030066119
-2.948124e-08,-0.0030102022
-2.938124e-08,-0.0030087661
-2.928124e-08,-0.0030030216
-2.918124e-08,-0.0029987132
-2.908124e-08,-0.0029987132
-2.898124e-08,-0.0030058938
-2.888124e-08,-0.0030188189
-2.878124e-08,-0.0030338982
-2.868124e-08,-0.0030446691
-2.858124e-08,-0.0030482594
-2.848124e-08,-0.003043233
-2.838124e-08,-0.0030331801
-2.828124e-08,-0.0030216912
-2.818124e-08,-0.0030130744
-2.808124e-08,-0.0030102022
-2.798124e-08,-0.0030137925
-2.788124e-08,-0.0030216912
-2.778124e-08,-0.0030324621
-2.768124e-08,-0.0030446691
-2.758124e-08,-0.0030561581
-2.748124e-08,-0.0030676471
-2.738124e-08,-0.0030776999
-2.728124e-08,-0.0030848805
-2.718124e-08,-0.0030891889
-2.708124e-08,-0.003090625
-2.698124e-08,-0.0030913431
-2.688124e-08,-0.0030949334
-2.678124e-08,-0.003102114
-2.668124e-08,-0.0031136029
-2.658124e-08,-0.0031279642
-2.648124e-08,-0.0031408892
-2.638124e-08,-0.0031487879
-2.628124e-08,-0.0031480699
-2.618124e-08,-0.0031401712
-2.608124e-08,-0.0031286822
-2.598124e-08,-0.0031186294
-2.588124e-08,-0.0031136029
-2.578124e-08,-0.0031150391
-2.568124e-08,-0.0031222197
-2.558124e-08,-0.0031301183
-2.548124e-08,-0.0031365809
-2.538124e-08,-0.0031387351
-2.528124e-08,-0.003138017
-2.518124e-08,-0.0031365809
-2.508124e-08,-0.0031365809
-2.498124e-08,-0.0031387351
-2.488124e-08,-0.0031423254
-2.478124e-08,-0.0031451976
-2.468124e-08,-0.0031480699
-2.458124e-08,-0.0031516602
-2.448124e-08,-0.0031588408
-2.438124e-08,-0.0031724839
-2.428124e-08,-0.0031940257
-2.418124e-08,-0.003221312
-2.408124e-08,-0.0032493164
-2.398124e-08,-0.0032722943
-2.388124e-08,-0.0032859375
-2.378124e-08,-0.0032909639
-2.368124e-08,-0.0032909639
-2.358124e-08,-0.0032909639
-2.348124e-08,-0.0032974265
-2.338124e-08,-0.0033110696
-2.328124e-08,-0.0033297392
-2.318124e-08,-0.0033498449
-2.308124e-08,-0.0033663603
-2.298124e-08,-0.0033785673
-2.288124e-08,-0.0033871841
-2.278124e-08,-0.003397955
-2.268124e-08,-0.0034123162
-2.258124e-08,-0.0034317038
-2.248124e-08,-0.0034532456
-2.238124e-08,-0.0034711972
-2.228124e-08,-0.00348125
-2.218124e-08,-0.0034826861
-2.208124e-08,-0.0034776597
-2.198124e-08,-0.0034719152
-2.188124e-08,-0.003469761
-2.178124e-08,-0.0034740694
-2.168124e-08,-0.0034819681
-2.158124e-08,-0.0034898667
-2.148124e-08,-0.003492739
-2.138124e-08,-0.0034891487
-2.128124e-08,-0.00348125
-2.118124e-08,-0.0034726333
-2.108124e-08,-0.003469761
-2.098124e-08,-0.0034733513
-2.088124e-08,-0.0034819681
-2.078124e-08,-0.0034898667
-2.068124e-08,-0.003492739
-2.058124e-08,-0.0034869945
-2.048124e-08,-0.0034740694
-2.038124e-08,-0.0034589901
-2.028124e-08,-0.0034467831
-2.018124e-08,-0.0034410386
-2.008124e-08,-0.0034424747
-1.998124e-08,-0.003445347
-1.988124e-08,-0.0034467831
-1.978124e-08,-0.0034417567
-1.968124e-08,-0.0034302677
-1.958124e-08,-0.0034159065
-1.948124e-08,-0.0034008272
-1.938124e-08,-0.0033900563
-1.928124e-08,-0.0033835938
-1.918124e-08,-0.0033800034
-1.908124e-08,-0.0033778493
-1.898124e-08,-0.0033756951
-1.888124e-08,-0.0033728228
-1.878124e-08,-0.0033735409
-1.868124e-08,-0.0033778493
-1.858124e-08,-0.0033879021
-1.848124e-08,-0.0034008272
-1.838124e-08,-0.0034137523
-1.828124e-08,-0.0034238051
-1.818124e-08,-0.0034295496
-1.808124e-08,-0.003433858
-1.798124e-08,-0.0034381664
-1.788124e-08,-0.0034467831
-1.778124e-08,-0.0034604262
-1.768124e-08,-0.0034769416
-1.758124e-08,-0.003492739
-1.748124e-08,-0.0035042279
-1.738124e-08,-0.0035099724
-1.728124e-08,-0.0035114085
-1.718124e-08,-0.0035121266
-1.708124e-08,-0.0035157169
-1.698124e-08,-0.0035221795
-1.688124e-08,-0.0035293601
-1.678124e-08,-0.0035322323
-1.668124e-08,-0.0035272059
-1.658124e-08,-0.0035135627
-1.648124e-08,-0.0034956112
-1.638124e-08,-0.0034783778
-1.628124e-08,-0.003469761
-1.618124e-08,-0.0034719152
-1.608124e-08,-0.0034848403
-1.598124e-08,-0.0035013557
-1.588124e-08,-0.0035157169
-1.578124e-08,-0.0035214614
-1.568124e-08,-0.003516435
-1.558124e-08,-0.0035056641
-1.548124e-08,-0.003492739
-1.538124e-08,-0.0034848403
-1.528124e-08,-0.0034848403
-1.518124e-08,-0.003492739
-1.508124e-08,-0.0035042279
-1.498124e-08,-0.0035149989
-1.488124e-08,-0.0035214614
-1.478124e-08,-0.0035214614
-1.468124e-08,-0.0035157169
-1.458124e-08,-0.0035071002
-1.448124e-08,-0.0034984835
-1.438124e-08,-0.003492739
-1.428124e-08,-0.003492739
-1.418124e-08,-0.0034984835
-1.408124e-08,-0.0035099724
-1.398124e-08,-0.0035250517
-1.388124e-08,-0.0035386949
-1.378124e-08,-0.0035465935
-1.368124e-08,-0.0035437213
-1.358124e-08,-0.003528642
-1.348124e-08,-0.0035042279
-1.338124e-08,-0.0034769416
-1.328124e-08,-0.0034546818
-1.318124e-08,-0.0034439108
-1.308124e-08,-0.0034467831
-1.298124e-08,-0.0034611443
-1.288124e-08,-0.0034783778
-1.278124e-08,-0.0034905848
-1.268124e-08,-0.003492739
-1.258124e-08,-0.0034834042
-1.248124e-08,-0.0034661707
-1.238124e-08,-0.0034482192
-1.228124e-08,-0.0034352941
-1.218124e-08,-0.0034288316
-1.208124e-08,-0.0034281135
-1.198124e-08,-0.0034273955
-1.188124e-08,-0.0034238051
-1.178124e-08,-0.0034173426
-1.168124e-08,-0.003410162
-1.158124e-08,-0.0034080078
-1.148124e-08,-0.0034123162
-1.138124e-08,-0.0034230871
-1.128124e-08,-0.0034360122
-1.118124e-08,-0.003445347
-1.108124e-08,-0.0034467831
-1.098124e-08,-0.0034410386
-1.088124e-08,-0.0034324219
-1.078124e-08,-0.0034288316
-1.068124e-08,-0.0034352941
-1.058124e-08,-0.0034525276
-1.048124e-08,-0.0034769416
-1.038124e-08,-0.0034999196
-1.028124e-08,-0.0035157169
-1.018124e-08,-0.0035214614
-1.008124e-08,-0.0035193072
-9.981242e-09,-0.0035157169
-9.881242e-09,-0.0035157169
-9.781242e-09,-0.0035236156
-9.681242e-09,-0.0035379768
-9.581242e-09,-0.0035559283
-9.481242e-09,-0.0035731618
-9.381242e-09,-0.0035889591
-9.281242e-09,-0.0036040384
-9.181242e-09,-0.0036212718
-9.081242e-09,-0.0036420956
-8.981242e-09,-0.0036636374
-8.881242e-09,-0.0036801528
-8.781242e-09,-0.0036858973
-8.681242e-09,-0.0036765625
-8.581242e-09,-0.0036557387
-8.481242e-09,-0.0036327608
-8.381242e-09,-0.0036176815
-8.281242e-09,-0.0036191176
-8.181242e-09,-0.0036385053
-8.081242e-09,-0.0036693819
-7.981242e-09,-0.0037009766
-7.881242e-09,-0.0037225184
-7.781242e-09,-0.003729699
-7.681242e-09,-0.0037239545
-7.581242e-09,-0.0037153378
-7.481242e-09,-0.0037110294
-7.381242e-09,-0.0037167739
-7.281242e-09,-0.0037311351
-7.181242e-09,-0.0037476505
-7.081242e-09,-0.0037569853
-6.981242e-09,-0.0037555492
-6.881242e-09,-0.0037462144
-6.781242e-09,-0.0037361615
-6.681242e-09,-0.0037340074
-6.581242e-09,-0.0037469324
-6.481242e-09,-0.0037735007
-6.381242e-09,-0.0038065315
-6.281242e-09,-0.0038374081
-6.181242e-09,-0.0038567957
-6.081242e-09,-0.0038632583
-5.981242e-09,-0.0038582318
-5.881242e-09,-0.0038488971
-5.781242e-09,-0.0038417165
-5.681242e-09,-0.0038381261
-5.581242e-09,-0.0038381261
-5.481242e-09,-0.0038374081
-5.381242e-09,-0.0038323817
-5.281242e-09,-0.0038230469
-5.181242e-09,-0.0038115579
-5.081242e-09,-0.0038029412
-4.981242e-09,-0.0037993509
-4.881242e-09,-0.0038015051
-4.781242e-09,-0.0038043773
-4.681242e-09,-0.0038029412
-4.581242e-09,-0.0037921703
-4.481242e-09,-0.0037691923
-4.381242e-09,-0.0037347254
-4.281242e-09,-0.0036880515
-4.181242e-09,-0.0036313247
-4.081242e-09,-0.0035652631
-3.981242e-09,-0.0034884306
-3.881242e-09,-0.0034008272
-3.781242e-09,-0.003303889
-3.681242e-09,-0.0032012063
-3.581242e-09,-0.0030956514
-3.481242e-09,-0.0029872243
-3.381242e-09,-0.0028730526
-3.281242e-09,-0.002747392
-3.181242e-09,-0.0026030618
-3.081242e-09,-0.0024357537
-2.981242e-09,-0.0022454676
-2.881242e-09,-0.0020386661
-2.781242e-09,-0.001823966
-2.681242e-09,-0.0016085478
-2.581242e-09,-0.0013952838
-2.481242e-09,-0.0011834559
-2.381242e-09,-0.00096516544
-2.281242e-09,-0.00073538603
-2.181242e-09,-0.00048980928
-2.081242e-09,-0.00022915326
-1.981242e-09,4.2991728e-05
-1.881242e-09,0.00032159926
-1.781242e-09,0.00060236098
-1.681242e-09,0.00088384076
-1.581242e-09,0.0011653205
-1.481242e-09,0.0014475184
-1.381242e-09,0.001726844
-1.281242e-09,0.0020004251
-1.181242e-09,0.0022632353
-1.081242e-09,0.0025159926
-9.812417e-10,0.0027608513
-8.812417e-10,0.0030028378
-7.812417e-10,0.0032462603
-6.812417e-10,0.0034925551
-5.812417e-10,0.0037366958
-4.812417e-10,0.0039700655
-3.812417e-10,0.0041847656
-2.812417e-10,0.0043772059
-1.812417e-10,0.0045502585
-8.124168e-11,0.0047132583
1.875832e-11,0.004876258
1.187583e-10,0.0050435662
2.187583e-10,0.0052144646
3.187583e-10,0.0053810547
4.187583e-10,0.0055325655
5.187583e-10,0.0056639706
6.187583e-10,0.0057759881
7.187583e-10,0.0058765165
8.187583e-10,0.0059748909
9.187583e-10,0.0060775735
1.018758e-09,0.0061816923
1.118758e-09,0.0062786305
1.218758e-09,0.0063568991
1.318758e-09,0.0064107537
1.418758e-09,0.0064430664
1.518758e-09,0.0064638902
1.618758e-09,0.0064883042
1.718758e-09,0.0065256434
1.818758e-09,0.0065751896
1.918758e-09,0.006627608
2.018758e-09,0.0066685375
2.118758e-09,0.006686489
2.218758e-09,0.0066807445
2.318758e-09,0.0066613568
2.418758e-09,0.0066434053
2.518758e-09,0.0066405331
2.618758e-09,0.0066556124
2.718758e-09,0.0066814625
2.818758e-09,0.0067037224
2.918758e-09,0.0067094669
3.018758e-09,0.0066951057
3.118758e-09,0.0066678194
3.218758e-09,0.0066412511
3.318758e-09,0.0066290441
3.418758e-09,0.0066362247
3.518758e-09,0.0066577665
3.618758e-09,0.0066785903
3.718758e-09,0.006686489
3.818758e-09,0.0066742819
3.918758e-09,0.0066462776
4.018758e-09,0.006615401
4.118758e-09,0.0065945772
4.218758e-09,0.0065902688
4.318758e-09,0.0065981675
4.418758e-09,0.0066082204
4.518758e-09,0.0066060662
4.618758e-09,0.0065866785
4.718758e-09,0.0065529297
4.818758e-09,0.0065163086
4.918758e-09,0.0064911765
5.018758e-09,0.0064839959
5.118758e-09,0.0064940487
5.218758e-09,0.0065120002
5.318758e-09,0.0065256434
5.418758e-09,0.0065285156
5.518758e-09,0.006521335
5.618758e-09,0.0065105641
5.718758e-09,0.0065026654
5.818758e-09,0.0065012293
5.918758e-09,0.0065033835
6.018758e-09,0.0065019474
6.118758e-09,0.0064911765
6.218758e-09,0.0064725069
6.318758e-09,0.0064552734
6.418758e-09,0.006450247
6.518758e-09,0.0064681985
6.618758e-09,0.0065076919
6.718758e-09,0.0065586742
6.818758e-09,0.006603912
6.918758e-09,0.0066290441
7.018758e-09,0.0066283261
7.118758e-09,0.0066082204
7.218758e-09,0.0065838063
7.318758e-09,0.0065715993
7.418758e-09,0.0065787799
7.518758e-09,0.0066024759
7.618758e-09,0.0066311983
7.718758e-09,0.0066520221
7.818758e-09,0.0066577665
7.918758e-09,0.0066527401
8.018758e-09,0.0066462776
8.118758e-09,0.0066520221
8.218758e-09,0.0066757181
8.318758e-09,0.0067144933
8.418758e-09,0.0067568589
8.518758e-09,0.0067898897
8.618758e-09,0.006805687
8.718758e-09,0.0068042509
8.818758e-09,0.0067956342
8.918758e-09,0.0067898897
9.018758e-09,0.0067927619
9.118758e-09,0.0068020967
9.218758e-09,0.0068114315
9.318758e-09,0.0068128676
9.418758e-09,0.0068035329
9.518758e-09,0.0067877355
9.618758e-09,0.0067762466
9.718758e-09,0.0067784007
9.818758e-09,0.0067963523
9.918758e-09,0.0068236386
1.001876e-08,0.0068487707
1.011876e-08,0.0068588235
1.021876e-08,0.0068494887
1.031876e-08,0.0068257927
1.041876e-08,0.0067977884
1.051876e-08,0.0067784007
1.061876e-08,0.0067726563
1.071876e-08,0.0067755285
1.081876e-08,0.0067776827
1.091876e-08,0.0067669118
1.101876e-08,0.0067381893
1.111876e-08,0.0066958238
1.121876e-08,0.006651304
1.131876e-08,0.0066175551
1.141876e-08,0.0066003217
1.151876e-08,0.0065981675
1.161876e-08,0.0066003217
1.171876e-08,0.0065945772
1.181876e-08,0.0065751896
1.191876e-08,0.0065435949
1.201876e-08,0.0065084099
1.211876e-08,0.0064796875
1.221876e-08,0.006462454
1.231876e-08,0.0064545554
1.241876e-08,0.0064480928
1.251876e-08,0.0064337316
1.261876e-08,0.0064078814
1.271876e-08,0.0063734145
1.281876e-08,0.0063411018
1.291876e-08,0.0063188419
1.301876e-08,0.0063109432
1.311876e-08,0.0063130974
1.321876e-08,0.0063152516
1.331876e-08,0.0063073529
1.341876e-08,0.0062858111
1.351876e-08,0.0062556526
1.361876e-08,0.0062283663
1.371876e-08,0.0062154412
1.381876e-08,0.0062211857
1.391876e-08,0.0062412914
1.401876e-08,0.0062628332
1.411876e-08,0.006272886
1.421876e-08,0.0062635512
1.431876e-08,0.006236983
1.441876e-08,0.0062046703
1.451876e-08,0.0061809743
1.461876e-08,0.0061759478
1.471876e-08,0.006189591
1.481876e-08,0.0062147231
1.491876e-08,0.0062384191
1.501876e-08,0.0062506261
1.511876e-08,0.00624919
1.521876e-08,0.0062384191
1.531876e-08,0.0062269301
1.541876e-08,0.0062233398
1.551876e-08,0.0062290843
1.561876e-08,0.0062405733
1.571876e-08,0.0062499081
1.581876e-08,0.0062520623
1.591876e-08,0.0062455997
1.601876e-08,0.0062348288
1.611876e-08,0.0062269301
1.621876e-08,0.0062262121
1.631876e-08,0.0062333927
1.641876e-08,0.0062427275
1.651876e-08,0.0062499081
1.661876e-08,0.00624919
1.671876e-08,0.0062420094
1.681876e-08,0.0062326746
1.691876e-08,0.0062269301
1.701876e-08,0.0062290843
1.711876e-08,0.006236983
1.721876e-08,0.0062463178
1.731876e-08,0.0062499081
1.741876e-08,0.0062434455
1.751876e-08,0.0062283663
1.761876e-08,0.0062089786
1.771876e-08,0.0061924632
1.781876e-08,0.0061838465
1.791876e-08,0.0061838465
1.801876e-08,0.0061888729
1.811876e-08,0.0061924632
1.821876e-08,0.0061917452
1.831876e-08,0.0061852826
1.841876e-08,0.006177384
1.851876e-08,0.0061694853
1.861876e-08,0.0061644589
1.871876e-08,0.0061594324
1.881876e-08,0.0061515338
1.891876e-08,0.0061350184
1.901876e-08,0.0061098863
1.911876e-08,0.0060804458
1.921876e-08,0.0060517233
1.931876e-08,0.0060316176
1.941876e-08,0.0060222829
1.951876e-08,0.0060215648
1.961876e-08,0.006023719
1.971876e-08,0.0060201287
1.981876e-08,0.0060072036
1.991876e-08,0.0059849437
2.001876e-08,0.0059562213
2.011876e-08,0.0059282169
2.021876e-08,0.0059038028
2.031876e-08,0.005882261
2.041876e-08,0.0058614373
2.051876e-08,0.0058363051
2.061876e-08,0.0058054285
2.071876e-08,0.0057709616
2.081876e-08,0.0057372128
2.091876e-08,0.0057099265
2.101876e-08,0.0056912569
2.111876e-08,0.005681204
2.121876e-08,0.0056733054
2.131876e-08,0.0056639706
2.141876e-08,0.0056488913
2.151876e-08,0.0056295037
2.161876e-08,0.005610116
2.171876e-08,0.0055950368
2.181876e-08,0.00558642
2.191876e-08,0.0055835478
2.201876e-08,0.0055806756
2.211876e-08,0.0055720588
2.221876e-08,0.0055548254
2.231876e-08,0.0055296932
2.241876e-08,0.005503125
2.251876e-08,0.0054801471
2.261876e-08,0.0054657858
2.271876e-08,0.0054607594
2.281876e-08,0.0054600414
2.291876e-08,0.0054571691
2.301876e-08,0.0054471163
2.311876e-08,0.0054298828
2.321876e-08,0.005408341
2.331876e-08,0.0053882353
2.341876e-08,0.0053760283
2.351876e-08,0.005372438
2.361876e-08,0.0053745921
2.371876e-08,0.0053767463
2.381876e-08,0.0053717199
2.391876e-08,0.0053573587
2.401876e-08,0.0053336627
2.411876e-08,0.0053078125
2.421876e-08,0.0052855526
2.431876e-08,0.0052726275
2.441876e-08,0.0052697553
2.451876e-08,0.0052733456
2.461876e-08,0.005278372
2.471876e-08,0.005278372
2.481876e-08,0.0052726275
2.491876e-08,0.0052618566
2.501876e-08,0.0052496496
2.511876e-08,0.0052403148
2.521876e-08,0.0052374426
2.531876e-08,0.0052388787
2.541876e-08,0.005242469
2.551876e-08,0.005243187
2.561876e-08,0.0052381606
2.571876e-08,0.0052273897
2.581876e-08,0.0052130285
2.591876e-08,0.0051993853
2.601876e-08,0.0051914867
2.611876e-08,0.0051929228
2.621876e-08,0.0052029756
2.631876e-08,0.005219491
2.641876e-08,0.0052367245
2.651876e-08,0.0052503676
2.661876e-08,0.0052561121
2.671876e-08,0.0052525218
2.681876e-08,0.0052417509
2.691876e-08,0.0052273897
2.701876e-08,0.0052137466
2.711876e-08,0.0052044118
2.721876e-08,0.0052015395
2.731876e-08,0.0052044118
2.741876e-08,0.0052108743
2.751876e-08,0.0052166188
2.761876e-08,0.005218773
2.771876e-08,0.0052159007
2.781876e-08,0.005207284
2.791876e-08,0.005195795
2.801876e-08,0.0051821519
2.811876e-08,0.0051699449
2.821876e-08,0.0051591739
2.831876e-08,0.0051512753
2.841876e-08,0.0051433766
2.851876e-08,0.0051354779
2.861876e-08,0.0051268612
2.871876e-08,0.0051175264
2.881876e-08,0.0051081916
2.891876e-08,0.005101011
2.901876e-08,0.0050967027
2.911876e-08,0.0050959846
2.921876e-08,0.0050981388
2.931876e-08,0.005101011
2.941876e-08,0.0051031652
2.951876e-08,0.0051024472
2.961876e-08,0.0050981388
2.971876e-08,0.0050895221
2.981876e-08,0.005077315
2.991876e-08,0.0050622358
3.001876e-08,0.0050471565
3.011876e-08,0.0050320772
3.021876e-08,0.0050184341
3.031876e-08,0.0050069451
3.041876e-08,0.0049961742
3.051876e-08,0.0049861213
3.061876e-08,0.0049767865
3.071876e-08,0.0049681698
3.081876e-08,0.0049631434
3.091876e-08,0.0049631434
3.101876e-08,0.0049688879
3.111876e-08,0.0049796588
3.121876e-08,0.0049911477
3.131876e-08,0.0049976103
3.141876e-08,0.0049925839
3.151876e-08,0.0049739143
3.161876e-08,0.0049430377
3.171876e-08,0.0049056985
3.181876e-08,0.0048712316
3.191876e-08,0.0048496898
3.201876e-08,0.0048460995
3.211876e-08,0.0048597426
3.221876e-08,0.0048841567
3.231876e-08,0.0049085708
3.241876e-08,0.0049250862
3.251876e-08,0.0049286765
3.261876e-08,0.0049200597
3.271876e-08,0.0049049805
3.281876e-08,0.0048906193
3.291876e-08,0.0048827206
3.301876e-08,0.0048805664
3.311876e-08,0.0048805664
3.321876e-08,0.0048748219
3.331876e-08,0.0048597426
3.341876e-08,0.0048338925
3.351876e-08,0.0048008617
3.361876e-08,0.004769267
3.371876e-08,0.0047448529
3.381876e-08,0.0047319278
3.391876e-08,0.0047297737
3.401876e-08,0.0047319278
3.411876e-08,0.004733364
3.421876e-08,0.0047290556
3.431876e-08,0.0047182847
3.441876e-08,0.0047032054
3.451876e-08,0.0046874081
3.461876e-08,0.0046730469
3.471876e-08,0.0046601218
3.481876e-08,0.0046464786
3.491876e-08,0.0046299632
3.501876e-08,0.0046098575
3.511876e-08,0.0045875977
3.521876e-08,0.0045660558
3.531876e-08,0.0045495404
3.541876e-08,0.0045402057
3.551876e-08,0.0045366153
3.561876e-08,0.0045373334
3.571876e-08,0.0045380515
3.581876e-08,0.0045380515
3.591876e-08,0.0045366153
3.601876e-08,0.0045358973
3.611876e-08,0.0045380515
3.621876e-08,0.0045423598
3.631876e-08,0.0045459501
3.641876e-08,0.0045459501
3.651876e-08,0.0045380515
3.661876e-08,0.0045215361
3.671876e-08,0.0044992762
3.681876e-08,0.0044762983
3.691876e-08,0.0044576287
3.701876e-08,0.0044475758
3.711876e-08,0.0044461397
3.721876e-08,0.0044511661
3.731876e-08,0.0044576287
3.741876e-08,0.0044626551
3.751876e-08,0.0044640912
3.761876e-08,0.004461937
3.771876e-08,0.0044576287
3.781876e-08,0.0044511661
3.791876e-08,0.0044418313
3.801876e-08,0.0044289062
3.811876e-08,0.0044116728
3.821876e-08,0.004390849
3.831876e-08,0.0043693072
3.841876e-08,0.0043520738
3.851876e-08,0.004342739
3.861876e-08,0.0043413028
3.871876e-08,0.0043463293
3.881876e-08,0.0043520738
3.891876e-08,0.0043542279
3.901876e-08,0.0043506376
3.911876e-08,0.004343457
3.921876e-08,0.0043348403
3.931876e-08,0.00433125
3.941876e-08,0.0043341222
3.951876e-08,0.0043420209
3.961876e-08,0.0043506376
3.971876e-08,0.0043542279
3.981876e-08,0.0043492015
3.991876e-08,0.0043341222
4.001876e-08,0.0043147346
4.011876e-08,0.0042967831
4.021876e-08,0.0042860122
4.031876e-08,0.0042860122
4.041876e-08,0.004295347
4.051876e-08,0.0043082721
4.061876e-08,0.004319043
4.071876e-08,0.0043211972
4.081876e-08,0.0043132985
4.091876e-08,0.0042967831
4.101876e-08,0.0042745232
4.111876e-08,0.0042515453
4.121876e-08,0.0042321576
4.131876e-08,0.0042163603
4.141876e-08,0.0042048713
4.151876e-08,0.0041941004
4.161876e-08,0.0041833295
4.171876e-08,0.0041704044
4.181876e-08,0.0041546071
4.191876e-08,0.0041388097
4.201876e-08,0.0041237305
4.211876e-08,0.0041129596
4.221876e-08,0.0041079331
4.231876e-08,0.0041086512
4.241876e-08,0.0041115234
4.251876e-08,0.0041129596
4.261876e-08,0.0041079331
4.271876e-08,0.0040921358
4.281876e-08,0.0040655676
4.291876e-08,0.0040325368
4.301876e-08,0.0039980699
4.311876e-08,0.0039686294
4.321876e-08,0.0039492417
4.331876e-08,0.003940625
4.341876e-08,0.0039391889
4.351876e-08,0.0039391889
4.361876e-08,0.0039363166
4.371876e-08,0.003929136
4.381876e-08,0.0039190832
4.391876e-08,0.0039111845
4.401876e-08,0.0039104665
4.411876e-08,0.0039176471
4.421876e-08,0.0039298541
4.431876e-08,0.003940625
4.441876e-08,0.0039413431
4.451876e-08,0.003929136
4.461876e-08,0.0039040039
4.471876e-08,0.0038731273
4.481876e-08,0.0038444049
4.491876e-08,0.0038257353
4.501876e-08,0.0038192727
4.511876e-08,0.003822145
4.521876e-08,0.0038271714
4.531876e-08,0.0038257353
4.541876e-08,0.0038149644
4.551876e-08,0.0037977309
4.561876e-08,0.0037790614
4.571876e-08,0.0037682904
4.581876e-08,0.0037697266
4.591876e-08,0.0037826517
4.601876e-08,0.0038006032
4.611876e-08,0.0038142463
4.621876e-08,0.0038149644
4.631876e-08,0.003799167
4.641876e-08,0.0037697266
4.651876e-08,0.0037338235
4.661876e-08,0.0037015108
4.671876e-08,0.0036792509
4.681876e-08,0.0036720703
4.691876e-08,0.0036763787
4.701876e-08,0.0036878676
4.711876e-08,0.0037000747
4.721876e-08,0.0037086914
4.731876e-08,0.0037108456
4.741876e-08,0.0037072553
4.751876e-08,0.0036993566
4.761876e-08,0.0036893038
4.771876e-08,0.0036763787
4.781876e-08,0.0036620175
4.791876e-08,0.003644784
4.801876e-08,0.0036268325
4.811876e-08,0.0036074449
4.821876e-08,0.0035887753
4.831876e-08,0.0035722599
4.841876e-08,0.0035593348
4.851876e-08,0.00355
4.861876e-08,0.0035442555
4.871876e-08,0.0035413833
4.881876e-08,0.0035406652
4.891876e-08,0.003538511
4.901876e-08,0.0035334846
4.911876e-08,0.0035234318
4.921876e-08,0.0035054802
4.931876e-08,0.0034810662
4.941876e-08,0.0034516257
4.951876e-08,0.003420031
4.961876e-08,0.0033905905
4.971876e-08,0.0033661765
4.981876e-08,0.003348943
4.991876e-08,0.003336736
5.001876e-08,0.0033288373
5.011876e-08,0.0033202206
5.021876e-08,0.0033094497
5.031876e-08,0.0032958065
5.041876e-08,0.0032800092
5.051876e-08,0.0032627757
5.061876e-08,0.0032455423
5.071876e-08,0.0032290269
5.081876e-08,0.0032117934
5.091876e-08,0.0031938419
5.101876e-08,0.0031737362
5.111876e-08,0.0031529125
5.121876e-08,0.0031320887
5.131876e-08,0.0031134191
5.141876e-08,0.0030976218
5.151876e-08,0.0030861328
5.161876e-08,0.00307608
5.171876e-08,0.0030674632
5.181876e-08,0.0030581284
5.191876e-08,0.0030473575
5.201876e-08,0.0030344324
5.211876e-08,0.0030215074
5.221876e-08,0.0030085823
5.231876e-08,0.0029963752
5.241876e-08,0.0029848863
5.251876e-08,0.0029755515
5.261876e-08,0.0029669347
5.271876e-08,0.0029590361
5.281876e-08,0.0029511374
5.291876e-08,0.0029410846
5.301876e-08,0.0029295956
5.311876e-08,0.0029166705
5.321876e-08,0.0029044635
5.331876e-08,0.0028951287
5.341876e-08,0.0028922564
5.351876e-08,0.0028980009
5.361876e-08,0.002910926
5.371876e-08,0.0029295956
5.381876e-08,0.0029475471
5.391876e-08,0.0029597541
5.401876e-08,0.0029619083
5.411876e-08,0.0029525735
5.421876e-08,0.002934622
5.431876e-08,0.0029130802
5.441876e-08,0.0028915384
5.451876e-08,0.0028721507
5.461876e-08,0.0028563534
5.471876e-08,0.0028412741
5.481876e-08,0.002827631
5.491876e-08,0.0028147059
5.501876e-08,0.0028053711
5.511876e-08,0.0028017808
5.521876e-08,0.0028060892
5.531876e-08,0.0028147059
5.541876e-08,0.0028218865
5.551876e-08,0.0028197323
5.561876e-08,0.0028017808
5.571876e-08,0.00276875
5.581876e-08,0.0027249483
5.591876e-08,0.0026811466
5.601876e-08,0.0026481158
5.611876e-08,0.0026308824
5.621876e-08,0.0026301643
5.631876e-08,0.002638063
5.641876e-08,0.0026452436
5.651876e-08,0.0026423713
5.661876e-08,0.002626574
5.671876e-08,0.0026014419
5.681876e-08,0.0025734375
5.691876e-08,0.0025504596
5.701876e-08,0.0025360983
5.711876e-08,0.0025274816
5.721876e-08,0.0025188649
5.731876e-08,0.0025045037
5.741876e-08,0.0024815257
5.751876e-08,0.0024542394
5.761876e-08,0.0024283892
5.771876e-08,0.0024125919
5.781876e-08,0.0024104377
5.791876e-08,0.0024204906
5.801876e-08,0.0024355699
5.811876e-08,0.0024470588
5.821876e-08,0.0024484949
5.831876e-08,0.0024391602
5.841876e-08,0.0024247989
5.851876e-08,0.0024125919
5.861876e-08,0.0024097197
5.871876e-08,0.0024169003
5.881876e-08,0.0024319795
5.891876e-08,0.0024470588
5.901876e-08,0.0024549575
5.911876e-08,0.0024520852
5.921876e-08,0.0024398782
5.931876e-08,0.0024240809
5.941876e-08,0.0024125919
5.951876e-08,0.0024104377
5.961876e-08,0.0024190545
5.971876e-08,0.0024355699
5.981876e-08,0.0024549575
5.991876e-08,0.0024707548
6.001876e-08,0.0024800896
6.011876e-08,0.0024815257
6.021876e-08,0.0024764993
6.031876e-08,0.0024671645
6.041876e-08,0.0024563936
6.051876e-08,0.0024470588
6.061876e-08,0.0024398782
6.071876e-08,0.0024341337
6.081876e-08,0.0024291073
6.091876e-08,0.0024240809
6.101876e-08,0.0024169003
6.111876e-08,0.0024082835
6.121876e-08,0.0023982307
6.131876e-08,0.002389614
6.141876e-08,0.0023853056
6.151876e-08,0.0023881778
6.161876e-08,0.0023982307
6.171876e-08,0.0024125919
6.181876e-08,0.0024269531
6.191876e-08,0.0024355699
6.201876e-08,0.0024341337
6.211876e-08,0.0024240809
6.221876e-08,0.0024090016
6.231876e-08,0.0023946404
6.241876e-08,0.0023881778
6.251876e-08,0.002389614
6.261876e-08,0.0023960765
6.271876e-08,0.0024011029
6.281876e-08,0.0023960765
6.291876e-08,0.002378125
6.301876e-08,0.0023494026
6.311876e-08,0.0023170898
6.321876e-08,0.0022898035
6.331876e-08,0.0022747243
6.341876e-08,0.002271852
6.351876e-08,0.0022761604
6.361876e-08,0.0022797507
6.371876e-08,0.0022747243
6.381876e-08,0.002259645
6.391876e-08,0.0022381032
6.401876e-08,0.0022179975
6.411876e-08,0.0022057904
6.421876e-08,0.0022043543
6.431876e-08,0.0022115349
6.441876e-08,0.0022179975
6.451876e-08,0.0022172794
6.461876e-08,0.0022036363
6.471876e-08,0.0021792222
6.481876e-08,0.0021504998
6.491876e-08,0.0021253676
6.501876e-08,0.0021110064
6.511876e-08,0.0021074161
6.521876e-08,0.0021110064
6.531876e-08,0.0021138787
6.541876e-08,0.0021088523
6.551876e-08,0.002093773
6.561876e-08,0.002070795
6.571876e-08,0.0020449449
6.581876e-08,0.002022685
6.591876e-08,0.0020076057
6.601876e-08,0.0020011432
6.611876e-08,0.001998989
6.621876e-08,0.0019982709
6.631876e-08,0.0019968348
6.641876e-08,0.0019932445
6.651876e-08,0.0019875
6.661876e-08,0.0019817555
6.671876e-08,0.001976011
6.681876e-08,0.0019702665
6.691876e-08,0.0019645221
6.701876e-08,0.0019580595
6.711876e-08,0.0019494428
6.721876e-08,0.0019408261
6.731876e-08,0.0019300551
6.741876e-08,0.0019171301
6.751876e-08,0.0019013327
6.761876e-08,0.0018819451
6.771876e-08,0.0018611213
6.781876e-08,0.0018431698
6.791876e-08,0.0018316808
6.801876e-08,0.0018302447
6.811876e-08,0.0018381434
6.821876e-08,0.0018503504
6.831876e-08,0.0018589671
6.841876e-08,0.0018560949
6.851876e-08,0.0018381434
6.861876e-08,0.0018072668
6.871876e-08,0.0017706457
6.881876e-08,0.0017397691
6.891876e-08,0.0017232537
6.901876e-08,0.0017232537
6.911876e-08,0.0017354607
6.921876e-08,0.00175054
6.931876e-08,0.0017577206
6.941876e-08,0.00175054
6.951876e-08,0.001727562
6.961876e-08,0.0016966854
6.971876e-08,0.0016658088
6.981876e-08,0.0016435489
6.991876e-08,0.0016334961
7.001876e-08,0.0016356503
7.011876e-08,0.0016428309
7.021876e-08,0.0016500115
7.031876e-08,0.0016528837
7.041876e-08,0.0016500115
7.051876e-08,0.0016428309
7.061876e-08,0.0016342142
7.071876e-08,0.0016270335
7.081876e-08,0.0016220071
7.091876e-08,0.0016198529
7.101876e-08,0.0016198529
7.111876e-08,0.0016234432
7.121876e-08,0.0016306239
7.131876e-08,0.0016428309
7.141876e-08,0.0016579102
7.151876e-08,0.0016729894
7.161876e-08,0.0016844784
7.171876e-08,0.0016887868
7.181876e-08,0.0016859145
7.191876e-08,0.0016780159
7.201876e-08,0.0016693991
7.211876e-08,0.0016658088
7.221876e-08,0.0016686811
7.231876e-08,0.0016765797
7.241876e-08,0.0016851965
7.251876e-08,0.0016887868
7.261876e-08,0.0016830423
7.271876e-08,0.0016665269
7.281876e-08,0.001644267
7.291876e-08,0.0016198529
7.301876e-08,0.0015997472
7.311876e-08,0.0015875402
7.321876e-08,0.0015839499
7.331876e-08,0.001585386
7.341876e-08,0.0015896944
7.351876e-08,0.0015932847
7.361876e-08,0.0015954389
7.371876e-08,0.001596875
7.381876e-08,0.001596875
7.391876e-08,0.0015961569
7.401876e-08,0.0015925666
7.411876e-08,0.001585386
7.421876e-08,0.001573179
7.431876e-08,0.0015573817
7.441876e-08,0.0015415843
7.451876e-08,0.0015279412
7.461876e-08,0.0015207606
7.471876e-08,0.0015200425
7.481876e-08,0.0015236328
7.491876e-08,0.0015279412
7.501876e-08,0.0015272231
7.511876e-08,0.0015193244
7.521876e-08,0.0015028091
7.531876e-08,0.0014819853
7.541876e-08,0.0014611615
7.551876e-08,0.0014446461
7.561876e-08,0.0014367475
7.571876e-08,0.0014360294
7.581876e-08,0.0014403378
7.591876e-08,0.0014446461
7.601876e-08,0.0014446461
7.611876e-08,0.0014360294
7.621876e-08,0.001418796
7.631876e-08,0.001395818
7.641876e-08,0.0013692498
7.651876e-08,0.0013441176
7.661876e-08,0.0013240119
7.671876e-08,0.0013103688
7.681876e-08,0.0013031882
7.691876e-08,0.0012981618
7.701876e-08,0.0012924173
7.711876e-08,0.0012823644
7.721876e-08,0.001265131
7.731876e-08,0.0012407169
7.741876e-08,0.0012119945
7.751876e-08,0.0011818359
7.761876e-08,0.0011559858
7.771876e-08,0.0011373162
7.781876e-08,0.0011265453
7.791876e-08,0.001123673
7.801876e-08,0.0011243911
7.811876e-08,0.0011258272
7.821876e-08,0.0011243911
7.831876e-08,0.0011172105
7.841876e-08,0.0011057215
7.851876e-08,0.0010913603
7.861876e-08,0.0010769991
7.871876e-08,0.0010655101
7.881876e-08,0.0010583295
7.891876e-08,0.0010568934
7.901876e-08,0.0010597656
7.911876e-08,0.001064074
7.921876e-08,0.0010676643
7.931876e-08,0.0010683824
7.941876e-08,0.0010655101
7.951876e-08,0.0010590476
7.961876e-08,0.001051867
7.971876e-08,0.0010454044
7.981876e-08,0.0010418141
7.991876e-08,0.0010418141
8.001876e-08,0.0010439683
8.011876e-08,0.0010454044
8.021876e-08,0.0010432502
8.031876e-08,0.0010360696
8.041876e-08,0.0010238626
8.051876e-08,0.0010109375
8.061876e-08,0.0010001666
8.071876e-08,0.0009944221
8.081876e-08,0.00099514017
8.091876e-08,0.00099944853
8.101876e-08,0.0010030388
8.111876e-08,0.0010016027
8.121876e-08,0.00099226792
8.131876e-08,0.00097647059
8.141876e-08,0.00095923713
8.151876e-08,0.00094631204
8.161876e-08,0.00094415786
8.171876e-08,0.00095349265
8.181876e-08,0.0009707261
8.191876e-08,0.00098939568
8.201876e-08,0.0010008847
8.211876e-08,0.00099944853
8.221876e-08,0.00098508732
8.231876e-08,0.00096139131
8.241876e-08,0.00093697725
8.251876e-08,0.00091902574
8.261876e-08,0.00091112707
8.271876e-08,0.00091184513
8.281876e-08,0.00091687155
8.291876e-08,0.00091902574
8.301876e-08,0.00091399931
8.311876e-08,0.00090107422
8.321876e-08,0.00088168658
8.331876e-08,0.00086158088
8.341876e-08,0.00084434743
8.351876e-08,0.0008321404
8.361876e-08,0.00082352367
8.371876e-08,0.000815625
8.381876e-08,0.00080557215
8.391876e-08,0.000791929
8.401876e-08,0.00077469554
8.411876e-08,0.00075818015
8.421876e-08,0.00074453699
8.431876e-08,0.00073448415
8.441876e-08,0.00072873966
8.451876e-08,0.00072371324
8.461876e-08,0.00071581457
8.471876e-08,0.00070360754
8.481876e-08,0.00068637408
8.491876e-08,0.00066626838
8.501876e-08,0.00064688074
8.511876e-08,0.00063036535
8.521876e-08,0.00061815832
8.531876e-08,0.00060882353
8.541876e-08,0.0006002068
8.551876e-08,0.00059087201
8.561876e-08,0.00057794692
8.571876e-08,0.00056286765
8.581876e-08,0.00054635225
8.591876e-08,0.00053055492
8.601876e-08,0.00051691176
8.611876e-08,0.00050542279
8.621876e-08,0.00049536994
8.631876e-08,0.00048459903
8.641876e-08,0.00047311006
8.651876e-08,0.00045946691
8.661876e-08,0.00044582376
8.671876e-08,0.00043361673
8.681876e-08,0.00042643612
8.691876e-08,0.000425
8.701876e-08,0.00043002642
8.711876e-08,0.00044007927
8.721876e-08,0.00045085018
8.731876e-08,0.00045946691
8.741876e-08,0.00046233915
8.751876e-08,0.00045803079
8.761876e-08,0.000448696
8.771876e-08,0.00043648897
8.781876e-08,0.00042643612
8.791876e-08,0.00042212776
8.801876e-08,0.00042643612
8.811876e-08,0.00043648897
8.821876e-08,0.00044941406
8.831876e-08,0.00046018497
8.841876e-08,0.00046449334
8.851876e-08,0.00045946691
8.861876e-08,0.00044725988
8.871876e-08,0.00043218061
8.881876e-08,0.00041925551
8.891876e-08,0.00041351103
8.901876e-08,0.00041710133
8.911876e-08,0.00042715418
8.921876e-08,0.00043936121
8.931876e-08,0.00044797794
8.941876e-08,0.00044725988
8.951876e-08,0.00043648897
8.961876e-08,0.00041566521
8.971876e-08,0.00039053309
8.981876e-08,0.00036683709
8.991876e-08,0.00035032169
9.001876e-08,0.00034242302
9.011876e-08,0.00034457721
9.021876e-08,0.00035247587
9.031876e-08,0.00036181066
9.041876e-08,0.00036827321
9.051876e-08,0.00036755515
9.061876e-08,0.00035893842
9.071876e-08,0.00034314108
9.081876e-08,0.00032159926
9.091876e-08,0.00029862132
9.101876e-08,0.00027636144
9.111876e-08,0.00025697381
9.121876e-08,0.00024117647
9.131876e-08,0.0002296875
9.141876e-08,0.00022107077
9.151876e-08,0.0002131721
9.161876e-08,0.00020455538
9.171876e-08,0.00019522059
9.181876e-08,0.00018373162
9.191876e-08,0.00017152459
9.201876e-08,0.00016003562
9.211876e-08,0.00014926471
9.221876e-08,0.00014136604
9.231876e-08,0.00013490349
9.241876e-08,0.00013059513
9.251876e-08,0.00012628676
9.261876e-08,0.00012054228
9.271876e-08,0.00011407973
9.281876e-08,0.00010761719
9.291876e-08,0.00010330882
9.301876e-08,0.00010259076
9.311876e-08,0.00010689913
9.321876e-08,0.00011551585
9.331876e-08,0.00012628676
9.341876e-08,0.00013562155
9.351876e-08,0.00013921186
9.361876e-08,0.00013633961
9.371876e-08,0.00012628676
9.381876e-08,0.00011120749
9.391876e-08,9.4692096e-05
9.401876e-08,7.9612822e-05
9.411876e-08,6.8841912e-05
9.421876e-08,6.1661305e-05
9.431876e-08,5.7352941e-05
9.441876e-08,5.2326517e-05
9.451876e-08,4.5863971e-05
9.461876e-08,3.7247243e-05
9.471876e-08,2.7194393e-05
9.481876e-08,1.7859605e-05
9.491876e-08,1.1397059e-05
9.501876e-08,8.5248162e-06
9.511876e-08,9.2428768e-06
9.521876e-08,1.0678998e-05
9.531876e-08,1.1397059e-05
9.541876e-08,9.2428768e-06
9.551876e-08,2.7803309e-06
9.561876e-08,-7.990579e-06
9.571876e-08,-2.3069853e-05
9.581876e-08,-4.173943e-05
9.591876e-08,-6.1845129e-05
9.601876e-08,-8.3386949e-05
9.611876e-08,-0.00010349265
9.621876e-08,-0.0001207261
9.631876e-08,-0.00013436926
9.641876e-08,-0.00014370404
9.651876e-08,-0.00014944853
9.661876e-08,-0.00015375689
9.671876e-08,-0.00015806526
9.681876e-08,-0.0001645278
9.691876e-08,-0.00017242647
9.701876e-08,-0.0001810432
9.711876e-08,-0.00018822381
9.721876e-08,-0.00019253217
9.731876e-08,-0.00019540441
9.741876e-08,-0.00019899472
9.751876e-08,-0.00020689338
9.761876e-08,-0.0002212546
9.771876e-08,-0.00024136029
9.781876e-08,-0.0002650563
9.791876e-08,-0.00028731618
9.801876e-08,-0.00030311351
9.811876e-08,-0.00031029412
9.821876e-08,-0.00030957606
9.831876e-08,-0.00030598575
9.841876e-08,-0.00030526769
9.851876e-08,-0.00031029412
9.861876e-08,-0.00032321921
9.871876e-08,-0.00034045267
9.881876e-08,-0.00035696806
9.891876e-08,-0.00036773897
9.901876e-08,-0.00037061121
9.911876e-08,-0.00036702091
9.921876e-08,-0.00036055836
9.931876e-08,-0.00035625
9.941876e-08,-0.00035768612
9.951876e-08,-0.00036414867
9.961876e-08,-0.0003727654
9.971876e-08,-0.00037922794
9.981876e-08,-0.00038066406
9.991876e-08,-0.00037491958
1.000188e-07,-0.00036558479
1.001188e-07,-0.00035625
1.002188e-07,-0.00035050551
1.003188e-07,-0.00035122358
1.004188e-07,-0.00035768612
1.005188e-07,-0.00036773897
1.006188e-07,-0.00037850988
1.007188e-07,-0.00038712661
1.008188e-07,-0.00039143497
1.009188e-07,-0.00039071691
1.010188e-07,-0.00038497243
1.011188e-07,-0.0003763557
1.012188e-07,-0.00036630285
1.013188e-07,-0.00035625
1.014188e-07,-0.00034978745
1.015188e-07,-0.00034906939
1.016188e-07,-0.00035553194
1.017188e-07,-0.00036773897
1.018188e-07,-0.00038353631
1.019188e-07,-0.00039861558
1.020188e-07,-0.00040938649
1.021188e-07,-0.00041369485
1.022188e-07,-0.00041225873
1.023188e-07,-0.00040866843
1.024188e-07,-0.00040795037
1.025188e-07,-0.00041369485
1.026188e-07,-0.00042590188
1.027188e-07,-0.00044313534
1.028188e-07,-0.00045965074
1.029188e-07,-0.00047113971
1.030188e-07,-0.00047473001
1.031188e-07,-0.00047185777
1.032188e-07,-0.00046539522
1.033188e-07,-0.00045965074
1.034188e-07,-0.00045893267
1.035188e-07,-0.00046324104
1.036188e-07,-0.00047257583
1.037188e-07,-0.00048262868
1.038188e-07,-0.00049196347
1.039188e-07,-0.00049986213
1.040188e-07,-0.00050704274
1.041188e-07,-0.00051709559
1.042188e-07,-0.00053073874
1.043188e-07,-0.00054869026
1.044188e-07,-0.00056879596
1.045188e-07,-0.00058602941
1.046188e-07,-0.00059751838
1.047188e-07,-0.00060254481
1.048188e-07,-0.00060110869
1.049188e-07,-0.00059751838
1.050188e-07,-0.0005953642
1.051188e-07,-0.0005989545
1.052188e-07,-0.00060757123
1.053188e-07,-0.00062049632
1.054188e-07,-0.00063413948
1.055188e-07,-0.00064562845
1.056188e-07,-0.00065280905
1.057188e-07,-0.00065496324
1.058188e-07,-0.00065424517
1.059188e-07,-0.00065209099
1.060188e-07,-0.00065209099
1.061188e-07,-0.00065496324
1.062188e-07,-0.00066142578
1.063188e-07,-0.00067004251
1.064188e-07,-0.0006793773
1.065188e-07,-0.00068943015
1.066188e-07,-0.00069804688
1.067188e-07,-0.00070522748
1.068188e-07,-0.00070953585
1.069188e-07,-0.00071240809
1.070188e-07,-0.00071312615
1.071188e-07,-0.00071312615
1.072188e-07,-0.00071240809
1.073188e-07,-0.00071240809
1.074188e-07,-0.00071312615
1.075188e-07,-0.00071384421
1.076188e-07,-0.00071384421
1.077188e-07,-0.00071240809
1.078188e-07,-0.00070809972
1.079188e-07,-0.000699483
1.080188e-07,-0.00068943015
1.081188e-07,-0.00067794118
1.082188e-07,-0.00066860639
1.083188e-07,-0.0006628619
1.084188e-07,-0.00066214384
1.085188e-07,-0.00066645221
1.086188e-07,-0.00067363281
1.087188e-07,-0.00068081342
1.088188e-07,-0.0006865579
1.089188e-07,-0.00068943015
1.090188e-07,-0.00068871209
1.091188e-07,-0.00068583984
1.092188e-07,-0.00068153148
1.093188e-07,-0.00067794118
1.094188e-07,-0.00067578699
1.095188e-07,-0.00067578699
1.096188e-07,-0.00068009536
1.097188e-07,-0.00068943015
1.098188e-07,-0.00070450942
1.099188e-07,-0.00072461512
1.100188e-07,-0.00074759306
1.101188e-07,-0.00076985294
1.102188e-07,-0.00078780446
1.103188e-07,-0.00079929343
1.104188e-07,-0.00080360179
1.105188e-07,-0.00080431985
1.106188e-07,-0.00080575597
1.107188e-07,-0.00081221852
1.108188e-07,-0.00082729779
1.109188e-07,-0.00085027574
1.110188e-07,-0.00087684398
1.111188e-07,-0.0009019761
1.112188e-07,-0.00092064568
1.113188e-07,-0.00093069853
1.114188e-07,-0.00093500689
1.115188e-07,-0.00093716108
1.116188e-07,-0.00094290556
1.117188e-07,-0.00095367647
1.118188e-07,-0.00097019187
1.119188e-07,-0.00098886144
1.120188e-07,-0.001007531
1.121188e-07,-0.0010226103
1.122188e-07,-0.0010355354
1.123188e-07,-0.0010484605
1.124188e-07,-0.0010635398
1.125188e-07,-0.0010800551
1.126188e-07,-0.0010958525
1.127188e-07,-0.0011073415
1.128188e-07,-0.0011094956
1.129188e-07,-0.0011030331
1.130188e-07,-0.0010922622
1.131188e-07,-0.0010829274
1.132188e-07,-0.0010822093
1.133188e-07,-0.0010915441
1.134188e-07,-0.0011080595
1.135188e-07,-0.0011245749
1.136188e-07,-0.0011317555
1.137188e-07,-0.001126011
1.138188e-07,-0.0011087776
1.139188e-07,-0.0010872358
1.140188e-07,-0.0010707204
1.141188e-07,-0.0010685662
1.142188e-07,-0.0010807732
1.143188e-07,-0.0011030331
1.144188e-07,-0.0011245749
1.145188e-07,-0.0011375
1.146188e-07,-0.0011367819
1.147188e-07,-0.001126011
1.148188e-07,-0.0011116498
1.149188e-07,-0.0011030331
1.150188e-07,-0.0011051873
1.151188e-07,-0.0011159582
1.152188e-07,-0.0011296013
1.153188e-07,-0.0011375
1.154188e-07,-0.0011346278
1.155188e-07,-0.0011217027
1.156188e-07,-0.0011044692
1.157188e-07,-0.0010915441
1.158188e-07,-0.0010893899
1.159188e-07,-0.0010987247
1.160188e-07,-0.0011173943
1.161188e-07,-0.0011375
1.162188e-07,-0.0011525793
1.163188e-07,-0.0011597599
1.164188e-07,-0.0011604779
1.165188e-07,-0.0011604779
1.166188e-07,-0.0011640682
1.167188e-07,-0.0011748392
1.168188e-07,-0.0011899184
1.169188e-07,-0.0012064338
1.170188e-07,-0.001220077
1.171188e-07,-0.0012286937
1.172188e-07,-0.0012344382
1.173188e-07,-0.0012409007
1.174188e-07,-0.0012523897
1.175188e-07,-0.0012689051
1.176188e-07,-0.0012897289
1.177188e-07,-0.0013098346
1.178188e-07,-0.0013234777
1.179188e-07,-0.0013285041
1.180188e-07,-0.00132635
1.181188e-07,-0.0013213235
1.182188e-07,-0.0013191693
1.183188e-07,-0.0013234777
1.184188e-07,-0.0013364028
1.185188e-07,-0.0013557904
1.186188e-07,-0.0013766142
1.187188e-07,-0.0013945657
1.188188e-07,-0.0014067727
1.189188e-07,-0.0014132353
1.190188e-07,-0.0014161075
1.191188e-07,-0.0014189798
1.192188e-07,-0.0014254423
1.193188e-07,-0.0014362132
1.194188e-07,-0.0014512925
1.195188e-07,-0.001469244
1.196188e-07,-0.0014879136
1.197188e-07,-0.0015051471
1.198188e-07,-0.0015195083
1.199188e-07,-0.0015317153
1.200188e-07,-0.0015417682
1.201188e-07,-0.0015511029
1.202188e-07,-0.0015618739
1.203188e-07,-0.001575517
1.204188e-07,-0.0015913143
1.205188e-07,-0.0016085478
1.206188e-07,-0.0016250632
1.207188e-07,-0.0016372702
1.208188e-07,-0.0016430147
1.209188e-07,-0.0016430147
1.210188e-07,-0.0016379883
1.211188e-07,-0.0016322438
1.212188e-07,-0.0016286535
1.213188e-07,-0.0016315257
1.214188e-07,-0.0016415786
1.215188e-07,-0.0016566579
1.216188e-07,-0.0016731733
1.217188e-07,-0.0016889706
1.218188e-07,-0.0017011776
1.219188e-07,-0.0017090763
1.220188e-07,-0.0017155388
1.221188e-07,-0.0017234375
1.222188e-07,-0.0017342084
1.223188e-07,-0.0017471335
1.224188e-07,-0.0017607767
1.225188e-07,-0.0017693934
1.226188e-07,-0.0017708295
1.227188e-07,-0.0017636489
1.228188e-07,-0.0017500057
1.229188e-07,-0.0017349265
1.230188e-07,-0.0017248736
1.231188e-07,-0.0017248736
1.232188e-07,-0.0017363626
1.233188e-07,-0.0017579044
1.234188e-07,-0.0017837546
1.235188e-07,-0.0018074506
1.236188e-07,-0.0018232479
1.237188e-07,-0.0018268382
1.238188e-07,-0.0018203757
1.239188e-07,-0.0018088867
1.240188e-07,-0.0017973977
1.241188e-07,-0.0017923713
1.242188e-07,-0.0017966797
1.243188e-07,-0.0018088867
1.244188e-07,-0.0018246841
1.245188e-07,-0.0018383272
1.246188e-07,-0.0018447898
1.247188e-07,-0.0018426356
1.248188e-07,-0.0018347369
1.249188e-07,-0.0018268382
1.250188e-07,-0.0018261202
1.251188e-07,-0.001836173
1.252188e-07,-0.0018577148
1.253188e-07,-0.0018842831
1.254188e-07,-0.0019086972
1.255188e-07,-0.0019223403
1.256188e-07,-0.0019209042
1.257188e-07,-0.001907261
1.258188e-07,-0.0018878734
1.259188e-07,-0.0018720761
1.260188e-07,-0.0018699219
1.261188e-07,-0.0018842831
1.262188e-07,-0.0019122875
1.263188e-07,-0.0019467544
1.264188e-07,-0.001978349
1.265188e-07,-0.0019991728
1.266188e-07,-0.0020063534
1.267188e-07,-0.0020034812
1.268188e-07,-0.0019948644
1.269188e-07,-0.0019876838
1.270188e-07,-0.0019848116
1.271188e-07,-0.0019876838
1.272188e-07,-0.0019934283
1.273188e-07,-0.0019991728
1.274188e-07,-0.0020027631
1.275188e-07,-0.0020049173
1.276188e-07,-0.0020070715
1.277188e-07,-0.0020106618
1.278188e-07,-0.0020171243
1.279188e-07,-0.002025741
1.280188e-07,-0.0020350758
1.281188e-07,-0.0020451287
1.282188e-07,-0.0020558996
1.283188e-07,-0.0020695427
1.284188e-07,-0.0020853401
1.285188e-07,-0.0021025735
1.286188e-07,-0.0021176528
1.287188e-07,-0.0021269876
1.288188e-07,-0.0021255515
1.289188e-07,-0.0021140625
1.290188e-07,-0.002096829
1.291188e-07,-0.0020810317
1.292188e-07,-0.0020738511
1.293188e-07,-0.0020795956
1.294188e-07,-0.002096829
1.295188e-07,-0.002119807
1.296188e-07,-0.0021384766
1.297188e-07,-0.0021485294
1.298188e-07,-0.0021470933
1.299188e-07,-0.0021377585
1.300188e-07,-0.0021284237
1.301188e-07,-0.0021255515
1.302188e-07,-0.002132014
1.303188e-07,-0.0021456572
1.304188e-07,-0.0021607364
1.305188e-07,-0.0021715074
1.306188e-07,-0.0021736615
1.307188e-07,-0.0021693532
1.308188e-07,-0.0021628906
1.309188e-07,-0.0021600184
1.310188e-07,-0.0021636087
1.311188e-07,-0.0021729435
1.312188e-07,-0.0021844324
1.313188e-07,-0.0021944853
1.314188e-07,-0.0022002298
1.315188e-07,-0.0022038201
1.316188e-07,-0.0022081284
1.317188e-07,-0.0022174632
1.318188e-07,-0.0022325425
1.319188e-07,-0.002250494
1.320188e-07,-0.0022662914
1.321188e-07,-0.0022749081
1.322188e-07,-0.002273472
1.323188e-07,-0.0022655733
1.324188e-07,-0.0022562385
1.325188e-07,-0.0022519301
1.326188e-07,-0.0022569566
1.327188e-07,-0.0022698817
1.328188e-07,-0.002285679
1.329188e-07,-0.002297886
1.330188e-07,-0.0023014763
1.331188e-07,-0.0022957318
1.332188e-07,-0.0022849609
1.333188e-07,-0.0022749081
1.334188e-07,-0.0022713178
1.335188e-07,-0.0022763442
1.336188e-07,-0.0022871151
1.337188e-07,-0.002297886
1.338188e-07,-0.0023050666
1.339188e-07,-0.0023057847
1.340188e-07,-0.0023021944
1.341188e-07,-0.002297886
1.342188e-07,-0.002297168
1.343188e-07,-0.0023021944
1.344188e-07,-0.0023115292
1.345188e-07,-0.002320864
1.346188e-07,-0.0023266085
1.347188e-07,-0.0023258904
1.348188e-07,-0.0023194278
1.349188e-07,-0.002309375
1.350188e-07,-0.0022993222
1.351188e-07,-0.0022921415
1.352188e-07,-0.0022885512
1.353188e-07,-0.0022863971
1.354188e-07,-0.0022835248
1.355188e-07,-0.0022792165
1.356188e-07,-0.0022720358
1.357188e-07,-0.0022634191
1.358188e-07,-0.0022555205
1.359188e-07,-0.002249776
1.360188e-07,-0.0022490579
1.361188e-07,-0.0022519301
1.362188e-07,-0.0022591108
1.363188e-07,-0.0022684455
1.364188e-07,-0.0022784984
1.365188e-07,-0.0022863971
1.366188e-07,-0.0022914235
1.367188e-07,-0.0022921415
1.368188e-07,-0.0022892693
1.369188e-07,-0.0022863971
1.370188e-07,-0.0022863971
1.371188e-07,-0.0022921415
1.372188e-07,-0.0023043486
1.373188e-07,-0.002320864
1.374188e-07,-0.0023373794
1.375188e-07,-0.0023481503
1.376188e-07,-0.0023503045
1.377188e-07,-0.0023438419
1.378188e-07,-0.0023337891
1.379188e-07,-0.0023258904
1.380188e-07,-0.0023244543
1.381188e-07,-0.0023323529
1.382188e-07,-0.002345278
1.383188e-07,-0.002356767
1.384188e-07,-0.0023610754
1.385188e-07,-0.0023553309
1.386188e-07,-0.0023424058
1.387188e-07,-0.0023294807
1.388188e-07,-0.0023244543
1.389188e-07,-0.0023323529
1.390188e-07,-0.0023517406
1.391188e-07,-0.0023754366
1.392188e-07,-0.0023948242
1.393188e-07,-0.0024012868
1.394188e-07,-0.0023933881
1.395188e-07,-0.0023740005
1.396188e-07,-0.0023510225
1.397188e-07,-0.0023323529
1.398188e-07,-0.0023230182
1.399188e-07,-0.0023230182
1.400188e-07,-0.0023280446
1.401188e-07,-0.0023323529
1.402188e-07,-0.002333071
1.403188e-07,-0.0023309168
1.404188e-07,-0.0023294807
1.405188e-07,-0.0023323529
1.406188e-07,-0.0023402516
1.407188e-07,-0.0023524586
1.408188e-07,-0.0023625115
1.409188e-07,-0.0023668199
1.410188e-07,-0.0023632295
1.411188e-07,-0.0023531767
1.412188e-07,-0.0023416877
1.413188e-07,-0.0023323529
1.414188e-07,-0.0023273265
1.415188e-07,-0.0023244543
1.416188e-07,-0.0023194278
1.417188e-07,-0.002309375
1.418188e-07,-0.0022928596
1.419188e-07,-0.00227419
1.420188e-07,-0.0022583927
1.421188e-07,-0.0022519301
1.422188e-07,-0.0022569566
1.423188e-07,-0.0022727539
1.424188e-07,-0.0022921415
1.425188e-07,-0.002309375
1.426188e-07,-0.0023201459
1.427188e-07,-0.0023230182
1.428188e-07,-0.0023223001
1.429188e-07,-0.002320864
1.430188e-07,-0.0023223001
1.431188e-07,-0.0023266085
1.432188e-07,-0.0023309168
1.433188e-07,-0.0023323529
1.434188e-07,-0.0023309168
1.435188e-07,-0.0023273265
1.436188e-07,-0.0023266085
1.437188e-07,-0.0023323529
1.438188e-07,-0.0023459961
1.439188e-07,-0.0023653837
1.440188e-07,-0.0023854894
1.441188e-07,-0.0024012868
1.442188e-07,-0.0024099035
1.443188e-07,-0.0024120577
1.444188e-07,-0.0024120577
1.445188e-07,-0.0024127757
1.446188e-07,-0.0024170841
1.447188e-07,-0.0024228286
1.448188e-07,-0.0024264189
1.449188e-07,-0.0024242647
1.450188e-07,-0.0024149299
1.451188e-07,-0.0024012868
1.452188e-07,-0.0023912339
1.453188e-07,-0.0023897978
1.454188e-07,-0.0024012868
1.455188e-07,-0.0024235466
1.456188e-07,-0.0024493968
1.457188e-07,-0.0024702206
1.458188e-07,-0.0024788373
1.459188e-07,-0.0024730928
1.460188e-07,-0.0024558594
1.461188e-07,-0.0024357537
1.462188e-07,-0.0024192383
1.463188e-07,-0.0024106216
1.464188e-07,-0.0024099035
1.465188e-07,-0.0024127757
1.466188e-07,-0.0024142119
1.467188e-07,-0.0024106216
1.468188e-07,-0.0024012868
1.469188e-07,-0.0023897978
1.470188e-07,-0.002380463
1.471188e-07,-0.0023783088
1.472188e-07,-0.0023854894
1.473188e-07,-0.0024012868
1.474188e-07,-0.0024221105
1.475188e-07,-0.0024436523
1.476188e-07,-0.0024601677
1.477188e-07,-0.0024702206
1.478188e-07,-0.0024709386
1.479188e-07,-0.002463758
1.480188e-07,-0.002450833
1.481188e-07,-0.0024357537
1.482188e-07,-0.0024235466
1.483188e-07,-0.0024170841
1.484188e-07,-0.0024178022
1.485188e-07,-0.0024242647
1.486188e-07,-0.0024328814
1.487188e-07,-0.002439344
1.488188e-07,-0.002440062
1.489188e-07,-0.0024357537
1.490188e-07,-0.0024285731
1.491188e-07,-0.0024228286
1.492188e-07,-0.0024206744
1.493188e-07,-0.0024242647
1.494188e-07,-0.0024300092
1.495188e-07,-0.0024321634
1.496188e-07,-0.0024271369
1.497188e-07,-0.0024127757
1.498188e-07,-0.00239267
1.499188e-07,-0.0023740005
1.500188e-07,-0.0023639476
1.501188e-07,-0.0023668199
1.502188e-07,-0.0023833352
1.503188e-07,-0.0024084674
1.504188e-07,-0.0024357537
1.505188e-07,-0.0024587316
1.506188e-07,-0.002474529
1.507188e-07,-0.0024831457
1.508188e-07,-0.0024881721
1.509188e-07,-0.0024931985
1.510188e-07,-0.002498225
1.511188e-07,-0.0025032514
1.512188e-07,-0.0025054056
1.513188e-07,-0.0025046875
1.514188e-07,-0.0025039694
1.515188e-07,-0.0025068417
1.516188e-07,-0.0025183307
1.517188e-07,-0.0025391544
1.518188e-07,-0.0025657227
1.519188e-07,-0.0025901367
1.520188e-07,-0.0026059341
1.521188e-07,-0.0026080882
1.522188e-07,-0.0025987534
1.523188e-07,-0.0025843922
1.524188e-07,-0.0025743394
1.525188e-07,-0.0025736213
1.526188e-07,-0.0025822381
1.527188e-07,-0.0025951631
1.528188e-07,-0.0026016257
1.529188e-07,-0.0025965993
1.530188e-07,-0.0025779297
1.531188e-07,-0.0025520795
1.532188e-07,-0.0025283835
1.533188e-07,-0.0025161765
1.534188e-07,-0.0025197668
1.535188e-07,-0.0025362822
1.536188e-07,-0.0025571059
1.537188e-07,-0.0025736213
1.538188e-07,-0.0025800839
1.539188e-07,-0.0025772116
1.540188e-07,-0.0025685949
1.541188e-07,-0.0025621324
1.542188e-07,-0.0025606962
1.543188e-07,-0.0025642865
1.544188e-07,-0.002570031
1.545188e-07,-0.0025736213
1.546188e-07,-0.0025736213
1.547188e-07,-0.0025729033
1.548188e-07,-0.0025757755
1.549188e-07,-0.0025851103
1.550188e-07,-0.0026016257
1.551188e-07,-0.0026202953
1.552188e-07,-0.0026360926
1.553188e-07,-0.0026425551
1.554188e-07,-0.002640401
1.555188e-07,-0.0026346565
1.556188e-07,-0.0026332204
1.557188e-07,-0.0026425551
1.558188e-07,-0.002664097
1.559188e-07,-0.0026921013
1.560188e-07,-0.0027186696
1.561188e-07,-0.0027344669
1.562188e-07,-0.0027366211
1.563188e-07,-0.0027280044
1.564188e-07,-0.0027172335
1.565188e-07,-0.002711489
1.566188e-07,-0.0027165154
1.567188e-07,-0.0027323127
1.568188e-07,-0.0027517004
1.569188e-07,-0.0027689338
1.570188e-07,-0.0027797047
1.571188e-07,-0.0027847312
1.572188e-07,-0.0027876034
1.573188e-07,-0.0027919118
1.574188e-07,-0.0027990924
1.575188e-07,-0.002806273
1.576188e-07,-0.0028091452
1.577188e-07,-0.0028034007
1.578188e-07,-0.0027890395
1.579188e-07,-0.0027718061
1.580188e-07,-0.002759599
1.581188e-07,-0.0027574449
1.582188e-07,-0.0027674977
1.583188e-07,-0.0027854492
1.584188e-07,-0.0028034007
1.585188e-07,-0.0028148897
1.586188e-07,-0.00281848
1.587188e-07,-0.0028177619
1.588188e-07,-0.00281848
1.589188e-07,-0.0028263787
1.590188e-07,-0.0028428941
1.591188e-07,-0.0028622817
1.592188e-07,-0.002878079
1.593188e-07,-0.0028838235
1.594188e-07,-0.0028795152
1.595188e-07,-0.0028708984
1.596188e-07,-0.0028665901
1.597188e-07,-0.0028723346
1.598188e-07,-0.0028902861
1.599188e-07,-0.002913264
1.600188e-07,-0.0029326517
1.601188e-07,-0.0029412684
1.602188e-07,-0.00293696
1.603188e-07,-0.002924753
1.604188e-07,-0.0029161363
1.605188e-07,-0.0029182904
1.606188e-07,-0.0029333697
1.607188e-07,-0.0029549115
1.608188e-07,-0.0029728631
1.609188e-07,-0.0029757353
1.610188e-07,-0.002960656
1.611188e-07,-0.0029326517
1.612188e-07,-0.0029032112
1.613188e-07,-0.0028838235
1.614188e-07,-0.0028816693
1.615188e-07,-0.0028953125
1.616188e-07,-0.0029147001
1.617188e-07,-0.0029297794
1.618188e-07,-0.0029333697
1.619188e-07,-0.002924753
1.620188e-07,-0.0029089557
1.621188e-07,-0.0028953125
1.622188e-07,-0.0028881319
1.623188e-07,-0.00288885
1.624188e-07,-0.0028931583
1.625188e-07,-0.0028953125
1.626188e-07,-0.0028938764
1.627188e-07,-0.0028917222
1.628188e-07,-0.0028945944
1.629188e-07,-0.0029068015
1.630188e-07,-0.0029297794
1.631188e-07,-0.0029577838
1.632188e-07,-0.002983634
1.633188e-07,-0.0029987132
1.634188e-07,-0.0030015855
1.635188e-07,-0.0029972771
1.636188e-07,-0.0029936868
1.637188e-07,-0.0029987132
1.638188e-07,-0.0030152286
1.639188e-07,-0.0030374885
1.640188e-07,-0.0030583123
1.641188e-07,-0.0030676471
1.642188e-07,-0.0030633387
1.643188e-07,-0.0030489775
1.644188e-07,-0.0030353343
1.645188e-07,-0.0030331801
1.646188e-07,-0.0030468233
1.647188e-07,-0.0030733915
1.648188e-07,-0.003102832
1.649188e-07,-0.0031250919
1.650188e-07,-0.0031329906
1.651188e-07,-0.003126528
1.652188e-07,-0.0031128849
1.653188e-07,-0.003102114
1.654188e-07,-0.0030999598
1.655188e-07,-0.0031071404
1.656188e-07,-0.0031179113
1.657188e-07,-0.0031250919
1.658188e-07,-0.0031236558
1.659188e-07,-0.0031136029
1.660188e-07,-0.0031006778
1.661188e-07,-0.003090625
1.662188e-07,-0.0030891889
1.663188e-07,-0.0030956514
1.664188e-07,-0.0031057043
1.665188e-07,-0.0031136029
1.666188e-07,-0.003114321
1.667188e-07,-0.0031085765
1.668188e-07,-0.0030992417
1.669188e-07,-0.003090625
1.670188e-07,-0.0030855986
1.671188e-07,-0.0030820083
1.672188e-07,-0.0030769818
1.673188e-07,-0.0030676471
1.674188e-07,-0.003054722
1.675188e-07,-0.0030417969
1.676188e-07,-0.0030367705
1.677188e-07,-0.0030446691
1.678188e-07,-0.0030647748
1.679188e-07,-0.003090625
1.680188e-07,-0.0031136029
1.681188e-07,-0.0031250919
1.682188e-07,-0.0031222197
1.683188e-07,-0.0031085765
1.684188e-07,-0.0030949334
1.685188e-07,-0.003090625
1.686188e-07,-0.0031006778
1.687188e-07,-0.0031236558
1.688188e-07,-0.003150224
1.689188e-07,-0.0031710478
1.690188e-07,-0.0031796645
1.691188e-07,-0.0031760742
1.692188e-07,-0.0031667394
1.693188e-07,-0.0031595588
1.694188e-07,-0.003161713
1.695188e-07,-0.00317392
1.696188e-07,-0.0031911535
1.697188e-07,-0.0032055147
1.698188e-07,-0.0032112592
1.699188e-07,-0.0032069508
1.700188e-07,-0.0031954619
1.701188e-07,-0.0031825368
1.702188e-07,-0.0031746381
1.703188e-07,-0.003173202
1.704188e-07,-0.0031775103
1.705188e-07,-0.0031825368
1.706188e-07,-0.003185409
1.707188e-07,-0.003185409
1.708188e-07,-0.0031832548
1.709188e-07,-0.0031825368
1.710188e-07,-0.0031846909
1.711188e-07,-0.0031889993
1.712188e-07,-0.0031925896
1.713188e-07,-0.0031940257
1.714188e-07,-0.0031918716
1.715188e-07,-0.0031882812
1.716188e-07,-0.0031875632
1.717188e-07,-0.0031940257
1.718188e-07,-0.0032083869
1.719188e-07,-0.0032277746
1.720188e-07,-0.0032478803
1.721188e-07,-0.0032629596
1.722188e-07,-0.0032708582
1.723188e-07,-0.0032744485
1.724188e-07,-0.0032773208
1.725188e-07,-0.0032859375
1.726188e-07,-0.0033024529
1.727188e-07,-0.0033239947
1.728188e-07,-0.0033476907
1.729188e-07,-0.0033663603
1.730188e-07,-0.0033778493
1.731188e-07,-0.0033821576
1.732188e-07,-0.0033843118
1.733188e-07,-0.0033893382
1.734188e-07,-0.0034008272
1.735188e-07,-0.0034187787
1.736188e-07,-0.0034396025
1.737188e-07,-0.0034582721
1.738188e-07,-0.0034719152
1.739188e-07,-0.0034805319
1.740188e-07,-0.0034862764
1.741188e-07,-0.003492739
1.742188e-07,-0.0035027918
1.743188e-07,-0.0035149989
1.744188e-07,-0.0035279239
1.745188e-07,-0.0035386949
1.746188e-07,-0.0035451574
1.747188e-07,-0.0035480296
1.748188e-07,-0.0035487477
1.749188e-07,-0.0035501838
1.750188e-07,-0.003552338
1.751188e-07,-0.003552338
1.752188e-07,-0.0035487477
1.753188e-07,-0.0035386949
1.754188e-07,-0.0035228975
1.755188e-07,-0.003504946
1.756188e-07,-0.0034898667
1.757188e-07,-0.00348125
1.758188e-07,-0.0034805319
1.759188e-07,-0.0034855584
1.760188e-07,-0.0034905848
1.761188e-07,-0.003492739
1.762188e-07,-0.0034898667
1.763188e-07,-0.0034826861
1.764188e-07,-0.0034755055
1.765188e-07,-0.003469761
1.766188e-07,-0.0034661707
1.767188e-07,-0.0034611443
1.768188e-07,-0.0034518095
1.769188e-07,-0.0034352941
1.770188e-07,-0.0034137523
1.771188e-07,-0.0033907744
1.772188e-07,-0.003374259
1.773188e-07,-0.0033663603
1.774188e-07,-0.0033677964
1.775188e-07,-0.003374977
1.776188e-07,-0.0033792854
1.777188e-07,-0.0033778493
1.778188e-07,-0.0033685145
1.779188e-07,-0.0033555894
1.780188e-07,-0.0033448185
1.781188e-07,-0.0033433824
1.782188e-07,-0.003351281
1.783188e-07,-0.0033663603
1.784188e-07,-0.0033807215
1.785188e-07,-0.0033893382
1.786188e-07,-0.0033900563
1.787188e-07,-0.003386466
1.788188e-07,-0.0033835938
1.789188e-07,-0.0033893382
1.790188e-07,-0.0034044175
1.791188e-07,-0.0034259593
1.792188e-07,-0.003446065
1.793188e-07,-0.0034582721
1.794188e-07,-0.0034582721
1.795188e-07,-0.0034482192
1.796188e-07,-0.003433858
1.797188e-07,-0.0034238051
1.798188e-07,-0.003422369
1.799188e-07,-0.0034309858
1.800188e-07,-0.0034446289
1.801188e-07,-0.0034582721
1.802188e-07,-0.0034668888
1.803188e-07,-0.003469761
1.804188e-07,-0.003469761
1.805188e-07,-0.003469761
1.806188e-07,-0.0034726333
1.807188e-07,-0.0034776597
1.808188e-07,-0.0034819681
1.809188e-07,-0.00348125
1.810188e-07,-0.0034747875
1.811188e-07,-0.0034640165
1.812188e-07,-0.0034532456
1.813188e-07,-0.0034467831
1.814188e-07,-0.003445347
1.815188e-07,-0.0034475011
1.816188e-07,-0.0034489373
1.817188e-07,-0.0034467831
1.818188e-07,-0.0034396025
1.819188e-07,-0.0034317038
1.820188e-07,-0.0034281135
1.821188e-07,-0.0034352941
1.822188e-07,-0.0034539637
1.823188e-07,-0.00348125
1.824188e-07,-0.0035085363
1.825188e-07,-0.0035272059
1.826188e-07,-0.0035322323
1.827188e-07,-0.0035243336
1.828188e-07,-0.0035085363
1.829188e-07,-0.003492739
1.830188e-07,-0.0034841222
1.831188e-07,-0.0034848403
1.832188e-07,-0.003493457
1.833188e-07,-0.0035042279
1.834188e-07,-0.0035121266
1.835188e-07,-0.0035157169
1.836188e-07,-0.0035157169
1.837188e-07,-0.0035157169
1.838188e-07,-0.0035200253
1.839188e-07,-0.0035300781
1.840188e-07,-0.0035451574
1.841188e-07,-0.0035616728
1.842188e-07,-0.0035774701
1.843188e-07,-0.0035903952
1.844188e-07,-0.0036004481
1.845188e-07,-0.0036076287
1.846188e-07,-0.0036133732
1.847188e-07,-0.0036176815
1.848188e-07,-0.0036198357
1.849188e-07,-0.0036191176
1.850188e-07,-0.0036169635
1.851188e-07,-0.0036162454
1.852188e-07,-0.0036205538
1.853188e-07,-0.0036306066
1.854188e-07,-0.003646404
1.855188e-07,-0.0036643555
1.856188e-07,-0.0036794347
1.857188e-07,-0.0036880515
1.858188e-07,-0.0036887695
1.859188e-07,-0.0036851792
1.860188e-07,-0.003683025
1.861188e-07,-0.0036880515
1.862188e-07,-0.0037038488
1.863188e-07,-0.0037282629
1.864188e-07,-0.0037555492
1.865188e-07,-0.0037799632
1.866188e-07,-0.0037950425
1.867188e-07,-0.0038000689
1.868188e-07,-0.0037964786
1.869188e-07,-0.0037914522
1.870188e-07,-0.003789298
1.871188e-07,-0.0037928883
1.872188e-07,-0.0038022231
1.873188e-07,-0.0038144301
1.874188e-07,-0.0038259191
1.875188e-07,-0.0038330997
1.876188e-07,-0.00383669
1.877188e-07,-0.0038374081
1.878188e-07,-0.0038381261
1.879188e-07,-0.0038417165
1.880188e-07,-0.0038488971
1.881188e-07,-0.003860386
1.882188e-07,-0.0038754653
1.883188e-07,-0.0038912626
1.884188e-07,-0.0039063419
1.885188e-07,-0.0039178309
1.886188e-07,-0.0039228573
1.887188e-07,-0.0039207031
1.888188e-07,-0.0039106503
1.889188e-07,-0.0038948529
1.890188e-07,-0.0038761834
1.891188e-07,-0.003859668
1.892188e-07,-0.0038460248
1.893188e-07,-0.0038374081
1.894188e-07,-0.0038309455
1.895188e-07,-0.003824483
1.896188e-07,-0.0038144301
1.897188e-07,-0.0038029412
1.898188e-07,-0.0037921703
1.899188e-07,-0.0037871438
1.900188e-07,-0.0037907341
1.901188e-07,-0.0038029412
1.902188e-07,-0.0038194566
1.903188e-07,-0.0038323817
1.904188e-07,-0.003835972
1.905188e-07,-0.0038259191
1.906188e-07,-0.0038043773
1.907188e-07,-0.0037792452
1.908188e-07,-0.0037577034
1.909188e-07,-0.0037454963
1.910188e-07,-0.0037440602
1.911188e-07,-0.0037483686
1.912188e-07,-0.0037505227
1.913188e-07,-0.0037454963
1.914188e-07,-0.003730417
1.915188e-07,-0.0037095933
1.916188e-07,-0.0036887695
1.917188e-07,-0.0036765625
1.918188e-07,-0.0036751264
1.919188e-07,-0.003682307
1.920188e-07,-0.0036923598
1.921188e-07,-0.0036995404
1.922188e-07,-0.0036988224
1.923188e-07,-0.0036894876
1.924188e-07,-0.0036772806
1.925188e-07,-0.0036650735
1.926188e-07,-0.0036578929
1.927188e-07,-0.0036550207
1.928188e-07,-0.0036543026
1.929188e-07,-0.0036535846
1.930188e-07,-0.0036507123
1.931188e-07,-0.0036478401
1.932188e-07,-0.0036478401
1.933188e-07,-0.0036535846
1.934188e-07,-0.0036657916
1.935188e-07,-0.0036815889
1.936188e-07,-0.003694514
1.937188e-07,-0.0036995404
1.938188e-07,-0.003694514
1.939188e-07,-0.0036815889
1.940188e-07,-0.0036657916
1.941188e-07,-0.0036535846
1.942188e-07,-0.0036478401
1.943188e-07,-0.0036485581
1.944188e-07,-0.0036521484
1.945188e-07,-0.0036535846
1.946188e-07,-0.0036499943
1.947188e-07,-0.0036413775
1.948188e-07,-0.0036334789
1.949188e-07,-0.0036306066
1.950188e-07,-0.0036370692
1.951188e-07,-0.0036514304
1.952188e-07,-0.003670818
1.953188e-07,-0.0036880515
1.954188e-07,-0.0036988224
1.955188e-07,-0.0037002585
1.956188e-07,-0.0036952321
1.957188e-07,-0.0036880515
1.958188e-07,-0.003683025
1.959188e-07,-0.0036815889
1.960188e-07,-0.0036844612
1.961188e-07,-0.0036880515
1.962188e-07,-0.0036909237
1.963188e-07,-0.0036923598
1.964188e-07,-0.003694514
1.965188e-07,-0.0036995404
1.966188e-07,-0.0037095933
1.967188e-07,-0.0037246726
1.968188e-07,-0.003741188
1.969188e-07,-0.0037569853
1.970188e-07,-0.0037677562
1.971188e-07,-0.0037735007
1.972188e-07,-0.0037763729
1.973188e-07,-0.0037799632
1.974188e-07,-0.0037878619
1.975188e-07,-0.0038022231
1.976188e-07,-0.0038201746
1.977188e-07,-0.0038374081
1.978188e-07,-0.0038503332
1.979188e-07,-0.0038553596
1.980188e-07,-0.0038539235
1.981188e-07,-0.0038488971
1.982188e-07,-0.0038445887
1.983188e-07,-0.0038453068
1.984188e-07,-0.0038510512
1.985188e-07,-0.003860386
1.986188e-07,-0.0038697208
1.987188e-07,-0.0038754653
1.988188e-07,-0.0038761834
1.989188e-07,-0.003871875
1.990188e-07,-0.0038654125
1.991188e-07,-0.003859668
1.992188e-07,-0.0038575138
1.993188e-07,-0.003860386
1.994188e-07,-0.0038661305
1.995188e-07,-0.0038711569
1.996188e-07,-0.0038740292
1.997188e-07,-0.003871875
1.998188e-07,-0.0038646944
1.999188e-07,-0.0038546415
2.000188e-07,-0.0038438706
2.001188e-07,-0.0038374081
2.002188e-07,-0.00383669
2.003188e-07,-0.0038417165
2.004188e-07,-0.0038503332
2.005188e-07,-0.003860386
2.006188e-07,-0.0038675666
2.007188e-07,-0.0038697208
2.008188e-07,-0.0038668486
2.009188e-07,-0.003860386
2.010188e-07,-0.0038546415
2.011188e-07,-0.0038517693
2.012188e-07,-0.0038539235
2.013188e-07,-0.003860386
2.014188e-07,-0.0038682847
2.015188e-07,-0.0038740292
2.016188e-07,-0.0038754653
2.017188e-07,-0.003871875
2.018188e-07,-0.0038654125
2.019188e-07,-0.003859668
2.020188e-07,-0.0038575138
2.021188e-07,-0.003860386
2.022188e-07,-0.0038668486
2.023188e-07,-0.0038740292
2.024188e-07,-0.0038804917
2.025188e-07,-0.003883364
2.026188e-07,-0.0038848001
2.027188e-07,-0.0038862362
2.028188e-07,-0.0038891085
2.029188e-07,-0.0038948529
2.030188e-07,-0.0039005974
2.031188e-07,-0.0039041877
2.032188e-07,-0.0039027516
2.033188e-07,-0.0038948529
2.034188e-07,-0.003884082
2.035188e-07,-0.0038740292
2.036188e-07,-0.0038697208
2.037188e-07,-0.003871875
2.038188e-07,-0.0038797737
2.039188e-07,-0.0038883904
2.040188e-07,-0.0038941349
2.041188e-07,-0.0038948529
2.042188e-07,-0.0038919807
2.043188e-07,-0.0038898265
2.044188e-07,-0.0038934168
2.045188e-07,-0.0039063419
2.046188e-07,-0.0039271657
2.047188e-07,-0.0039501436
2.048188e-07,-0.0039680951
2.049188e-07,-0.0039752757
2.050188e-07,-0.0039709674
2.051188e-07,-0.0039594784
2.052188e-07,-0.0039472714
2.053188e-07,-0.0039408088
2.054188e-07,-0.0039451172
2.055188e-07,-0.0039587603
2.056188e-07,-0.003978866
2.057188e-07,-0.0039982537
2.058188e-07,-0.004014051
2.059188e-07,-0.0040241039
2.060188e-07,-0.0040291303
2.061188e-07,-0.0040327206
2.062188e-07,-0.0040355928
2.063188e-07,-0.0040391831
2.064188e-07,-0.0040420554
2.065188e-07,-0.0040442096
2.066188e-07,-0.0040463637
2.067188e-07,-0.0040506721
2.068188e-07,-0.0040571347
2.069188e-07,-0.0040671875
2.070188e-07,-0.0040772403
2.071188e-07,-0.0040837029
2.072188e-07,-0.004084421
2.073188e-07,-0.0040786765
2.074188e-07,-0.0040707778
2.075188e-07,-0.0040671875
2.076188e-07,-0.004072932
2.077188e-07,-0.0040901654
2.078188e-07,-0.0041138614
2.079188e-07,-0.0041346852
2.080188e-07,-0.00414402
2.081188e-07,-0.0041361213
2.082188e-07,-0.0041131434
2.083188e-07,-0.004085139
2.084188e-07,-0.0040621611
2.085188e-07,-0.0040556985
2.086188e-07,-0.0040671875
2.087188e-07,-0.0040916016
2.088188e-07,-0.0041181698
2.089188e-07,-0.0041361213
2.090188e-07,-0.0041404297
2.091188e-07,-0.004132531
2.092188e-07,-0.004120324
2.093188e-07,-0.0041131434
2.094188e-07,-0.0041167337
2.095188e-07,-0.004131813
2.096188e-07,-0.0041519187
2.097188e-07,-0.0041705882
2.098188e-07,-0.0041813591
2.099188e-07,-0.0041820772
2.100188e-07,-0.0041770508
2.101188e-07,-0.0041705882
2.102188e-07,-0.0041662799
2.103188e-07,-0.0041662799
2.104188e-07,-0.0041684341
2.105188e-07,-0.0041705882
2.106188e-07,-0.0041713063
2.107188e-07,-0.0041720244
2.108188e-07,-0.0041756147
2.109188e-07,-0.0041820772
2.110188e-07,-0.004191412
2.111188e-07,-0.0041993107
2.112188e-07,-0.0042007468
2.113188e-07,-0.0041935662
2.114188e-07,-0.0041784869
2.115188e-07,-0.0041619715
2.116188e-07,-0.0041497645
2.117188e-07,-0.0041476103
2.118188e-07,-0.0041540728
2.119188e-07,-0.0041648437
2.120188e-07,-0.0041720244
2.121188e-07,-0.0041705882
2.122188e-07,-0.0041605354
2.123188e-07,-0.0041468922
2.124188e-07,-0.0041404297
2.125188e-07,-0.0041476103
2.126188e-07,-0.0041698702
2.127188e-07,-0.0042007468
2.128188e-07,-0.0042309053
2.129188e-07,-0.004251011
2.130188e-07,-0.0042553194
2.131188e-07,-0.0042459846
2.132188e-07,-0.0042301873
2.133188e-07,-0.0042165441
2.134188e-07,-0.0042093635
2.135188e-07,-0.0042079274
2.136188e-07,-0.0042086455
2.137188e-07,-0.0042050551
2.138188e-07,-0.0041957204
2.139188e-07,-0.0041835133
2.140188e-07,-0.0041727424
2.141188e-07,-0.0041705882
2.142188e-07,-0.0041777688
2.143188e-07,-0.0041899759
2.144188e-07,-0.0042014648
2.145188e-07,-0.0042050551
2.146188e-07,-0.0041985926
2.147188e-07,-0.0041842314
2.148188e-07,-0.0041691521
2.149188e-07,-0.0041590993
2.150188e-07,-0.004155509
2.151188e-07,-0.0041569451
2.152188e-07,-0.004155509
2.153188e-07,-0.0041476103
2.154188e-07,-0.004132531
2.155188e-07,-0.0041145795
2.156188e-07,-0.0041023725
2.157188e-07,-0.0041016544
2.158188e-07,-0.0041131434
2.159188e-07,-0.0041310949
2.160188e-07,-0.0041454561
2.161188e-07,-0.0041476103
2.162188e-07,-0.0041339671
2.163188e-07,-0.0041095531
2.164188e-07,-0.0040837029
2.165188e-07,-0.0040671875
2.166188e-07,-0.0040650333
2.167188e-07,-0.0040750862
2.168188e-07,-0.0040908835
2.169188e-07,-0.0041016544
2.170188e-07,-0.0041030905
2.171188e-07,-0.0040951919
2.172188e-07,-0.004084421
2.173188e-07,-0.0040786765
2.174188e-07,-0.0040829848
2.175188e-07,-0.0040959099
2.176188e-07,-0.0041124253
2.177188e-07,-0.0041246324
2.178188e-07,-0.0041275046
2.179188e-07,-0.004120324
2.180188e-07,-0.0041095531
2.181188e-07,-0.0041016544
2.182188e-07,-0.0041009364
2.183188e-07,-0.0041073989
2.184188e-07,-0.0041167337
2.185188e-07,-0.0041246324
2.186188e-07,-0.0041267865
2.187188e-07,-0.0041253504
2.188188e-07,-0.0041224782
2.189188e-07,-0.0041246324
2.190188e-07,-0.0041332491
2.191188e-07,-0.0041454561
2.192188e-07,-0.004156227
2.193188e-07,-0.0041590993
2.194188e-07,-0.0041519187
2.195188e-07,-0.0041354033
2.196188e-07,-0.0041167337
2.197188e-07,-0.0041016544
2.198188e-07,-0.0040937557
2.199188e-07,-0.0040930377
2.200188e-07,-0.0040930377
2.201188e-07,-0.0040901654
2.202188e-07,-0.0040801126
2.203188e-07,-0.0040643153
2.204188e-07,-0.0040463637
2.205188e-07,-0.0040327206
2.206188e-07,-0.0040248219
2.207188e-07,-0.0040233858
2.208188e-07,-0.0040233858
2.209188e-07,-0.0040212316
2.210188e-07,-0.0040154871
2.211188e-07,-0.0040068704
2.212188e-07,-0.0040004079
2.213188e-07,-0.0039982537
2.214188e-07,-0.004001844
2.215188e-07,-0.0040075885
2.216188e-07,-0.0040111788
2.217188e-07,-0.0040097426
2.218188e-07,-0.0040039982
2.219188e-07,-0.0039975356
2.220188e-07,-0.0039982537
2.221188e-07,-0.0040097426
2.222188e-07,-0.0040312845
2.223188e-07,-0.0040578527
2.224188e-07,-0.0040793945
2.225188e-07,-0.0040901654
2.226188e-07,-0.0040872932
2.227188e-07,-0.0040765223
2.228188e-07,-0.0040664694
2.229188e-07,-0.0040671875
2.230188e-07,-0.0040815487
2.231188e-07,-0.004108117
2.232188e-07,-0.0041368394
2.233188e-07,-0.0041590993
2.234188e-07,-0.0041691521
2.235188e-07,-0.004167716
2.236188e-07,-0.0041612534
2.237188e-07,-0.0041590993
2.238188e-07,-0.0041662799
2.239188e-07,-0.0041827953
2.240188e-07,-0.0042021829
2.241188e-07,-0.0042165441
2.242188e-07,-0.0042186983
2.243188e-07,-0.0042093635
2.244188e-07,-0.0041942842
2.245188e-07,-0.0041820772
2.246188e-07,-0.0041813591
2.247188e-07,-0.0041942842
2.248188e-07,-0.0042165441
2.249188e-07,-0.0042395221
2.250188e-07,-0.0042538833
2.251188e-07,-0.0042538833
2.252188e-07,-0.0042395221
2.253188e-07,-0.0042165441
2.254188e-07,-0.0041935662
2.255188e-07,-0.0041784869
2.256188e-07,-0.0041748966
2.257188e-07,-0.0041820772
2.258188e-07,-0.0041957204
2.259188e-07,-0.0042107996
2.260188e-07,-0.0042222886
2.261188e-07,-0.0042280331
2.262188e-07,-0.004227315
2.263188e-07,-0.0042208525
2.264188e-07,-0.0042122358
2.265188e-07,-0.0042050551
2.266188e-07,-0.0042014648
2.267188e-07,-0.0042043371
2.268188e-07,-0.0042136719
2.269188e-07,-0.0042280331
2.270188e-07,-0.0042423943
2.271188e-07,-0.0042531652
2.272188e-07,-0.0042560375
2.273188e-07,-0.004251011
2.274188e-07,-0.0042409582
2.275188e-07,-0.0042301873
2.276188e-07,-0.0042251608
2.277188e-07,-0.0042280331
2.278188e-07,-0.0042380859
2.279188e-07,-0.0042524472
2.280188e-07,-0.0042653722
2.281188e-07,-0.004273989
2.282188e-07,-0.0042782973
2.283188e-07,-0.0042818876
2.284188e-07,-0.0042876321
2.285188e-07,-0.0042969669
2.286188e-07,-0.0043084559
2.287188e-07,-0.0043170726
2.288188e-07,-0.0043177907
2.289188e-07,-0.0043084559
2.290188e-07,-0.0042905044
2.291188e-07,-0.0042718348
2.292188e-07,-0.0042603458
2.293188e-07,-0.0042625
2.294188e-07,-0.0042790154
2.295188e-07,-0.0043048656
2.296188e-07,-0.0043328699
2.297188e-07,-0.0043544118
2.298188e-07,-0.0043659007
2.299188e-07,-0.0043680549
2.300188e-07,-0.0043666188
2.301188e-07,-0.0043659007
2.302188e-07,-0.004368773
2.303188e-07,-0.0043737994
2.304188e-07,-0.0043781078
2.305188e-07,-0.0043773897
2.306188e-07,-0.0043716452
2.307188e-07,-0.0043630285
2.308188e-07,-0.0043558479
2.309188e-07,-0.0043544118
2.310188e-07,-0.0043580021
2.311188e-07,-0.0043644646
2.312188e-07,-0.0043680549
2.313188e-07,-0.0043659007
2.314188e-07,-0.0043580021
2.315188e-07,-0.0043486673
2.316188e-07,-0.0043422047
2.317188e-07,-0.0043429228
2.318188e-07,-0.0043501034
2.319188e-07,-0.0043601563
2.320188e-07,-0.0043666188
2.321188e-07,-0.0043659007
2.322188e-07,-0.0043580021
2.323188e-07,-0.0043472312
2.324188e-07,-0.0043407686
2.325188e-07,-0.0043429228
2.326188e-07,-0.0043536937
2.327188e-07,-0.004368773
2.328188e-07,-0.0043816981
2.329188e-07,-0.0043888787
2.330188e-07,-0.0043895967
2.331188e-07,-0.0043881606
2.332188e-07,-0.0043910329
2.333188e-07,-0.0044003676
2.334188e-07,-0.0044147289
2.335188e-07,-0.0044269359
2.336188e-07,-0.0044312443
2.337188e-07,-0.0044233456
2.338188e-07,-0.0044061121
2.339188e-07,-0.0043874426
2.340188e-07,-0.0043759536
2.341188e-07,-0.0043773897
2.342188e-07,-0.0043888787
2.343188e-07,-0.0044025218
2.344188e-07,-0.0044075483
2.345188e-07,-0.0044003676
2.346188e-07,-0.0043831342
2.347188e-07,-0.0043666188
2.348188e-07,-0.0043623104
2.349188e-07,-0.0043773897
2.350188e-07,-0.0044075483
2.351188e-07,-0.004439861
2.352188e-07,-0.0044563764
2.353188e-07,-0.0044463235
2.354188e-07,-0.0044089844
2.355188e-07,-0.0043565659
2.356188e-07,-0.004309892
2.357188e-07,-0.0042854779
2.358188e-07,-0.0042912224
2.359188e-07,-0.004321381
2.360188e-07,-0.0043601563
2.361188e-07,-0.0043888787
2.362188e-07,-0.0043974954
2.363188e-07,-0.0043867245
2.364188e-07,-0.0043673369
2.365188e-07,-0.0043544118
2.366188e-07,-0.0043558479
2.367188e-07,-0.0043716452
2.368188e-07,-0.0043903148
2.369188e-07,-0.0044003676
2.370188e-07,-0.0043917509
2.371188e-07,-0.0043644646
2.372188e-07,-0.0043285616
2.373188e-07,-0.0042969669
2.374188e-07,-0.0042797335
2.375188e-07,-0.0042804515
2.376188e-07,-0.0042933766
2.377188e-07,-0.0043084559
2.378188e-07,-0.0043170726
2.379188e-07,-0.0043170726
2.380188e-07,-0.0043120462
2.381188e-07,-0.0043084559
2.382188e-07,-0.0043120462
2.383188e-07,-0.0043228171
2.384188e-07,-0.0043357422
2.385188e-07,-0.0043429228
2.386188e-07,-0.0043393325
2.387188e-07,-0.0043249713
2.388188e-07,-0.0043041475
2.389188e-07,-0.0042854779
2.390188e-07,-0.004274707
2.391188e-07,-0.0042725528
2.392188e-07,-0.0042775793
2.393188e-07,-0.0042854779
2.394188e-07,-0.0042926585
2.395188e-07,-0.0042991211
2.396188e-07,-0.0043077378
2.397188e-07,-0.0043199449
2.398188e-07,-0.0043357422
2.399188e-07,-0.0043508215
2.400188e-07,-0.0043580021
2.401188e-07,-0.0043544118
2.402188e-07,-0.0043400506
2.403188e-07,-0.004321381
2.404188e-07,-0.0043084559
2.405188e-07,-0.0043084559
2.406188e-07,-0.0043235352
2.407188e-07,-0.0043479492
2.408188e-07,-0.0043723633
2.409188e-07,-0.0043888787
2.410188e-07,-0.004392469
2.411188e-07,-0.0043860064
2.412188e-07,-0.0043788258
2.413188e-07,-0.0043773897
2.414188e-07,-0.0043867245
2.415188e-07,-0.004403958
2.416188e-07,-0.0044226275
2.417188e-07,-0.0044348346
2.418188e-07,-0.0044377068
2.419188e-07,-0.0044341165
2.420188e-07,-0.0044305262
2.421188e-07,-0.0044348346
2.422188e-07,-0.0044491958
2.423188e-07,-0.0044707376
2.424188e-07,-0.0044915614
2.425188e-07,-0.0045037684
2.426188e-07,-0.0045030503
2.427188e-07,-0.0044929975
2.428188e-07,-0.0044786363
2.429188e-07,-0.0044693015
2.430188e-07,-0.0044678653
2.431188e-07,-0.0044728918
2.432188e-07,-0.0044793543
2.433188e-07,-0.0044807904
2.434188e-07,-0.004475046
2.435188e-07,-0.004464275
2.436188e-07,-0.0044527861
2.437188e-07,-0.0044463235
2.438188e-07,-0.0044441693
2.439188e-07,-0.0044434513
2.440188e-07,-0.0044377068
2.441188e-07,-0.0044233456
2.442188e-07,-0.0044025218
2.443188e-07,-0.0043816981
2.444188e-07,-0.0043716452
2.445188e-07,-0.0043773897
2.446188e-07,-0.0043982135
2.447188e-07,-0.0044269359
2.448188e-07,-0.0044499138
2.449188e-07,-0.0044578125
2.450188e-07,-0.0044477597
2.451188e-07,-0.0044254998
2.452188e-07,-0.0044025218
2.453188e-07,-0.0043888787
2.454188e-07,-0.0043895967
2.455188e-07,-0.0044010857
2.456188e-07,-0.0044154469
2.457188e-07,-0.0044233456
2.458188e-07,-0.0044211914
2.459188e-07,-0.0044132927
2.460188e-07,-0.0044075483
2.461188e-07,-0.0044118566
2.462188e-07,-0.0044298081
2.463188e-07,-0.0044570944
2.464188e-07,-0.0044843807
2.465188e-07,-0.0045037684
2.466188e-07,-0.004511667
2.467188e-07,-0.0045123851
2.468188e-07,-0.0045145393
2.469188e-07,-0.0045267463
2.470188e-07,-0.0045504423
2.471188e-07,-0.0045806009
2.472188e-07,-0.0046064511
2.473188e-07,-0.0046186581
2.474188e-07,-0.0046129136
2.475188e-07,-0.0045956801
2.476188e-07,-0.0045777286
2.477188e-07,-0.0045727022
2.478188e-07,-0.0045856273
2.479188e-07,-0.0046150678
2.480188e-07,-0.0046495347
2.481188e-07,-0.0046761029
2.482188e-07,-0.0046868739
2.483188e-07,-0.0046818474
2.484188e-07,-0.0046674862
2.485188e-07,-0.004653125
2.486188e-07,-0.0046466625
2.487188e-07,-0.0046502528
2.488188e-07,-0.0046581514
2.489188e-07,-0.004664614
2.490188e-07,-0.004664614
2.491188e-07,-0.0046588695
2.492188e-07,-0.004653125
2.493188e-07,-0.004653125
2.494188e-07,-0.0046610237
2.495188e-07,-0.0046739488
2.496188e-07,-0.0046854377
2.497188e-07,-0.0046875919
2.498188e-07,-0.004676821
2.499188e-07,-0.0046567153
2.500188e-07,-0.0046337374
2.501188e-07,-0.0046186581
2.502188e-07,-0.0046150678
2.503188e-07,-0.0046222484
2.504188e-07,-0.0046337374
2.505188e-07,-0.004641636
2.506188e-07,-0.004640918
2.507188e-07,-0.0046337374
2.508188e-07,-0.0046236845
2.509188e-07,-0.0046186581
2.510188e-07,-0.0046222484
2.511188e-07,-0.0046330193
2.512188e-07,-0.0046452263
2.513188e-07,-0.004653125
2.514188e-07,-0.0046524069
2.515188e-07,-0.0046437902
2.516188e-07,-0.0046308651
2.517188e-07,-0.0046186581
2.518188e-07,-0.0046093233
2.519188e-07,-0.0046021427
2.520188e-07,-0.004594244
2.521188e-07,-0.0045841912
2.522188e-07,-0.0045734203
2.523188e-07,-0.0045662397
2.524188e-07,-0.0045691119
2.525188e-07,-0.0045841912
2.526188e-07,-0.0046078872
2.527188e-07,-0.0046308651
2.528188e-07,-0.0046445083
2.529188e-07,-0.004641636
2.530188e-07,-0.0046244026
2.531188e-07,-0.0046021427
2.532188e-07,-0.0045856273
2.533188e-07,-0.0045841912
2.534188e-07,-0.0045985524
2.535188e-07,-0.0046200942
2.536188e-07,-0.0046380457
2.537188e-07,-0.004641636
2.538188e-07,-0.004629429
2.539188e-07,-0.0046078872
2.540188e-07,-0.0045892176
2.541188e-07,-0.0045841912
2.542188e-07,-0.0045978343
2.543188e-07,-0.0046236845
2.544188e-07,-0.0046495347
2.545188e-07,-0.004664614
2.546188e-07,-0.0046610237
2.547188e-07,-0.0046423541
2.548188e-07,-0.0046165039
2.549188e-07,-0.0045956801
2.550188e-07,-0.0045856273
2.551188e-07,-0.0045863454
2.552188e-07,-0.0045920898
2.553188e-07,-0.0045956801
2.554188e-07,-0.004594244
2.555188e-07,-0.0045899357
2.556188e-07,-0.0045884995
2.557188e-07,-0.0045956801
2.558188e-07,-0.0046107594
2.559188e-07,-0.004629429
2.560188e-07,-0.004641636
2.561188e-07,-0.004641636
2.562188e-07,-0.0046287109
2.563188e-07,-0.0046093233
2.564188e-07,-0.0045956801
2.565188e-07,-0.0045956801
2.566188e-07,-0.0046129136
2.567188e-07,-0.004640918
2.568188e-07,-0.0046689223
2.569188e-07,-0.0046875919
2.570188e-07,-0.0046926183
2.571188e-07,-0.0046875919
2.572188e-07,-0.0046832835
2.573188e-07,-0.0046875919
2.574188e-07,-0.0047041073
2.575188e-07,-0.0047270852
2.576188e-07,-0.004747909
2.577188e-07,-0.0047565257
2.578188e-07,-0.0047507813
2.579188e-07,-0.00473642
2.580188e-07,-0.004724213
2.581188e-07,-0.0047220588
2.582188e-07,-0.0047342659
2.583188e-07,-0.0047543716
2.584188e-07,-0.0047723231
2.585188e-07,-0.0047795037
2.586188e-07,-0.0047723231
2.587188e-07,-0.0047572438
2.588188e-07,-0.0047450368
2.589188e-07,-0.0047450368
2.590188e-07,-0.0047608341
2.591188e-07,-0.0047852482
2.592188e-07,-0.00480679
2.593188e-07,-0.0048139706
2.594188e-07,-0.0048017636
2.595188e-07,-0.0047766314
2.596188e-07,-0.0047500632
2.597188e-07,-0.0047335478
2.598188e-07,-0.0047328297
2.599188e-07,-0.0047436006
2.600188e-07,-0.0047550896
2.601188e-07,-0.0047565257
2.602188e-07,-0.0047436006
2.603188e-07,-0.0047199046
2.604188e-07,-0.0046976448
2.605188e-07,-0.0046875919
2.606188e-07,-0.0046940545
2.607188e-07,-0.004712006
2.608188e-07,-0.0047292394
2.609188e-07,-0.0047335478
2.610188e-07,-0.0047184685
2.611188e-07,-0.0046875919
2.612188e-07,-0.0046538431
2.613188e-07,-0.0046301471
2.614188e-07,-0.0046258387
2.615188e-07,-0.0046387638
2.616188e-07,-0.0046595875
2.617188e-07,-0.0046761029
2.618188e-07,-0.0046796932
2.619188e-07,-0.0046689223
2.620188e-07,-0.004653125
2.621188e-07,-0.004641636
2.622188e-07,-0.0046423541
2.623188e-07,-0.0046545611
2.624188e-07,-0.0046732307
2.625188e-07,-0.0046875919
2.626188e-07,-0.0046926183
2.627188e-07,-0.0046875919
2.628188e-07,-0.0046796932
2.629188e-07,-0.0046761029
2.630188e-07,-0.0046825655
2.631188e-07,-0.0046990809
2.632188e-07,-0.0047184685
2.633188e-07,-0.0047335478
2.634188e-07,-0.0047400103
2.635188e-07,-0.0047385742
2.636188e-07,-0.0047342659
2.637188e-07,-0.0047335478
2.638188e-07,-0.0047400103
2.639188e-07,-0.0047514993
2.640188e-07,-0.0047629883
2.641188e-07,-0.0047680147
2.642188e-07,-0.0047658605
2.643188e-07,-0.004760116
2.644188e-07,-0.0047586799
2.645188e-07,-0.0047680147
2.646188e-07,-0.0047902746
2.647188e-07,-0.004818997
2.648188e-07,-0.0048455653
2.649188e-07,-0.0048599265
2.650188e-07,-0.0048592084
2.651188e-07,-0.0048470014
2.652188e-07,-0.0048326402
2.653188e-07,-0.0048254596
2.654188e-07,-0.0048290499
2.655188e-07,-0.0048412569
2.656188e-07,-0.004854182
2.657188e-07,-0.0048599265
2.658188e-07,-0.0048556181
2.659188e-07,-0.0048441291
2.660188e-07,-0.0048355124
2.661188e-07,-0.0048369485
2.662188e-07,-0.0048520278
2.663188e-07,-0.0048757238
2.664188e-07,-0.0048972656
2.665188e-07,-0.0049058824
2.666188e-07,-0.0048965476
2.667188e-07,-0.0048728516
2.668188e-07,-0.0048448472
2.669188e-07,-0.0048254596
2.670188e-07,-0.0048233054
2.671188e-07,-0.0048398208
2.672188e-07,-0.004866389
2.673188e-07,-0.0048943934
2.674188e-07,-0.004913781
2.675188e-07,-0.0049216797
2.676188e-07,-0.0049209616
2.677188e-07,-0.0049173713
2.678188e-07,-0.0049173713
2.679188e-07,-0.0049223977
2.680188e-07,-0.0049310145
2.681188e-07,-0.0049403493
2.682188e-07,-0.0049482479
2.683188e-07,-0.0049547105
2.684188e-07,-0.0049633272
2.685188e-07,-0.0049748162
2.686188e-07,-0.0049898955
2.687188e-07,-0.0050035386
2.688188e-07,-0.0050107192
2.689188e-07,-0.0050092831
2.690188e-07,-0.0049992302
2.691188e-07,-0.0049870232
2.692188e-07,-0.0049812787
2.693188e-07,-0.0049863051
2.694188e-07,-0.0050035386
2.695188e-07,-0.0050257985
2.696188e-07,-0.0050459042
2.697188e-07,-0.005055239
2.698188e-07,-0.0050523667
2.699188e-07,-0.0050408778
2.700188e-07,-0.0050279527
2.701188e-07,-0.0050207721
2.702188e-07,-0.005020054
2.703188e-07,-0.0050222082
2.704188e-07,-0.005020054
2.705188e-07,-0.0050092831
2.706188e-07,-0.0049906135
2.707188e-07,-0.0049697898
2.708188e-07,-0.0049554285
2.709188e-07,-0.0049518382
2.710188e-07,-0.0049583008
2.711188e-07,-0.0049669175
2.712188e-07,-0.0049669175
2.713188e-07,-0.0049518382
2.714188e-07,-0.0049223977
2.715188e-07,-0.0048886489
2.716188e-07,-0.0048642348
2.717188e-07,-0.0048599265
2.718188e-07,-0.004878596
2.719188e-07,-0.0049109088
2.720188e-07,-0.0049439396
2.721188e-07,-0.0049633272
2.722188e-07,-0.0049626091
2.723188e-07,-0.0049446576
2.724188e-07,-0.0049216797
2.725188e-07,-0.0049058824
2.726188e-07,-0.0049044462
2.727188e-07,-0.0049166533
2.728188e-07,-0.0049353228
2.729188e-07,-0.0049518382
2.730188e-07,-0.004960455
2.731188e-07,-0.0049626091
2.732188e-07,-0.0049654814
2.733188e-07,-0.0049748162
2.734188e-07,-0.0049934858
2.735188e-07,-0.0050178998
2.736188e-07,-0.0050408778
2.737188e-07,-0.005055239
2.738188e-07,-0.0050588293
2.739188e-07,-0.0050566751
2.740188e-07,-0.0050573932
2.741188e-07,-0.0050667279
2.742188e-07,-0.0050868336
2.743188e-07,-0.0051105296
2.744188e-07,-0.0051291992
2.745188e-07,-0.0051356618
2.746188e-07,-0.0051284812
2.747188e-07,-0.0051155561
2.748188e-07,-0.0051069393
2.749188e-07,-0.0051126838
2.750188e-07,-0.0051327895
2.751188e-07,-0.0051593578
2.752188e-07,-0.0051794635
2.753188e-07,-0.0051816176
2.754188e-07,-0.0051629481
2.755188e-07,-0.0051313534
2.756188e-07,-0.005102631
2.757188e-07,-0.0050897059
2.758188e-07,-0.0050990407
2.759188e-07,-0.0051256089
2.760188e-07,-0.0051543313
2.761188e-07,-0.0051701287
2.762188e-07,-0.0051636661
2.763188e-07,-0.0051363798
2.764188e-07,-0.0050990407
2.765188e-07,-0.0050667279
2.766188e-07,-0.0050494945
2.767188e-07,-0.0050487764
2.768188e-07,-0.0050581112
2.769188e-07,-0.0050667279
2.770188e-07,-0.0050667279
2.771188e-07,-0.0050566751
2.772188e-07,-0.0050430319
2.773188e-07,-0.005032261
2.774188e-07,-0.005031543
2.775188e-07,-0.0050387236
2.776188e-07,-0.0050494945
2.777188e-07,-0.005055239
2.778188e-07,-0.0050509306
2.779188e-07,-0.0050372875
2.780188e-07,-0.0050214901
2.781188e-07,-0.0050092831
2.782188e-07,-0.0050056928
2.783188e-07,-0.005008565
2.784188e-07,-0.0050121553
2.785188e-07,-0.0050092831
2.786188e-07,-0.0049970761
2.787188e-07,-0.0049784065
2.788188e-07,-0.004960455
2.789188e-07,-0.0049518382
2.790188e-07,-0.0049547105
2.791188e-07,-0.0049669175
2.792188e-07,-0.0049798426
2.793188e-07,-0.0049863051
2.794188e-07,-0.0049827148
2.795188e-07,-0.0049719439
2.796188e-07,-0.0049633272
2.797188e-07,-0.0049633272
2.798188e-07,-0.0049762523
2.799188e-07,-0.0049985122
2.800188e-07,-0.005020054
2.801188e-07,-0.005032261
2.802188e-07,-0.0050293888
2.803188e-07,-0.0050135915
2.804188e-07,-0.0049927677
2.805188e-07,-0.0049748162
2.806188e-07,-0.0049661994
2.807188e-07,-0.0049669175
2.808188e-07,-0.0049712259
2.809188e-07,-0.0049748162
2.810188e-07,-0.0049733801
2.811188e-07,-0.0049676356
2.812188e-07,-0.0049633272
2.813188e-07,-0.0049633272
2.814188e-07,-0.0049697898
2.815188e-07,-0.0049776884
2.816188e-07,-0.0049812787
2.817188e-07,-0.0049748162
2.818188e-07,-0.0049583008
2.819188e-07,-0.004936759
2.820188e-07,-0.0049173713
2.821188e-07,-0.0049058824
2.822188e-07,-0.004902292
2.823188e-07,-0.004902292
2.824188e-07,-0.0048972656
2.825188e-07,-0.0048829044
2.826188e-07,-0.0048613626
2.827188e-07,-0.004841975
2.828188e-07,-0.0048347943
2.829188e-07,-0.0048484375
2.830188e-07,-0.0048814683
2.831188e-07,-0.0049231158
2.832188e-07,-0.0049590188
2.833188e-07,-0.0049748162
2.834188e-07,-0.0049661994
2.835188e-07,-0.0049403493
2.836188e-07,-0.0049116268
2.837188e-07,-0.0048943934
2.838188e-07,-0.0048987017
2.839188e-07,-0.0049223977
2.840188e-07,-0.0049561466
2.841188e-07,-0.0049863051
2.842188e-07,-0.0050035386
2.843188e-07,-0.0050071289
2.844188e-07,-0.0050021025
2.845188e-07,-0.0049977941
2.846188e-07,-0.0050006664
2.847188e-07,-0.0050114373
2.848188e-07,-0.0050243624
2.849188e-07,-0.005032261
2.850188e-07,-0.0050308249
2.851188e-07,-0.0050222082
2.852188e-07,-0.0050121553
2.853188e-07,-0.0050092831
2.854188e-07,-0.0050171818
2.855188e-07,-0.0050344152
2.856188e-07,-0.0050538028
2.857188e-07,-0.0050667279
2.858188e-07,-0.0050696002
2.859188e-07,-0.0050645738
2.860188e-07,-0.0050566751
2.861188e-07,-0.005055239
2.862188e-07,-0.0050631376
2.863188e-07,-0.005079653
2.864188e-07,-0.0050983226
2.865188e-07,-0.0051126838
2.866188e-07,-0.0051184283
2.867188e-07,-0.0051162741
2.868188e-07,-0.0051126838
2.869188e-07,-0.0051126838
2.870188e-07,-0.0051184283
2.871188e-07,-0.0051277631
2.872188e-07,-0.0051349437
2.873188e-07,-0.0051356618
2.874188e-07,-0.0051291992
2.875188e-07,-0.0051198644
2.876188e-07,-0.0051162741
2.877188e-07,-0.0051241728
2.878188e-07,-0.0051442785
2.879188e-07,-0.0051708467
2.880188e-07,-0.0051938247
2.881188e-07,-0.0052045956
2.882188e-07,-0.0052002872
2.883188e-07,-0.005185208
2.884188e-07,-0.0051679745
2.885188e-07,-0.0051586397
2.886188e-07,-0.0051600758
2.887188e-07,-0.0051694106
2.888188e-07,-0.0051794635
2.889188e-07,-0.0051816176
2.890188e-07,-0.0051730009
2.891188e-07,-0.0051564855
2.892188e-07,-0.0051414062
2.893188e-07,-0.0051356618
2.894188e-07,-0.0051421243
2.895188e-07,-0.0051579216
2.896188e-07,-0.005173719
2.897188e-07,-0.0051816176
2.898188e-07,-0.0051765912
2.899188e-07,-0.0051600758
2.900188e-07,-0.0051399701
2.901188e-07,-0.0051241728
2.902188e-07,-0.0051162741
2.903188e-07,-0.0051162741
2.904188e-07,-0.0051162741
2.905188e-07,-0.0051126838
2.906188e-07,-0.005102631
2.907188e-07,-0.0050889878
2.908188e-07,-0.005078935
2.909188e-07,-0.0050782169
2.910188e-07,-0.0050882698
2.911188e-07,-0.0051047852
2.912188e-07,-0.0051191464
2.913188e-07,-0.0051241728
2.914188e-07,-0.0051169922
2.915188e-07,-0.0051019129
2.916188e-07,-0.0050861156
2.917188e-07,-0.0050782169
2.918188e-07,-0.005078935
2.919188e-07,-0.0050846795
2.920188e-07,-0.0050868336
2.921188e-07,-0.0050782169
2.922188e-07,-0.0050588293
2.923188e-07,-0.0050344152
2.924188e-07,-0.0050150276
2.925188e-07,-0.0050092831
2.926188e-07,-0.005020054
2.927188e-07,-0.0050401597
2.928188e-07,-0.0050595473
2.929188e-07,-0.0050667279
2.930188e-07,-0.0050573932
2.931188e-07,-0.0050351333
2.932188e-07,-0.0050114373
2.933188e-07,-0.0049977941
2.934188e-07,-0.0050013844
2.935188e-07,-0.0050193359
2.936188e-07,-0.0050451861
2.937188e-07,-0.0050667279
2.938188e-07,-0.0050782169
2.939188e-07,-0.005079653
2.940188e-07,-0.0050767808
2.941188e-07,-0.0050782169
2.942188e-07,-0.0050882698
2.943188e-07,-0.0051062213
2.944188e-07,-0.0051248909
2.945188e-07,-0.0051356618
2.946188e-07,-0.0051349437
2.947188e-07,-0.0051241728
2.948188e-07,-0.0051098116
2.949188e-07,-0.0051011949
2.950188e-07,-0.005103349
2.951188e-07,-0.005114838
2.952188e-07,-0.0051320715
2.953188e-07,-0.0051471507
2.954188e-07,-0.0051564855
2.955188e-07,-0.0051600758
2.956188e-07,-0.0051629481
2.957188e-07,-0.0051701287
2.958188e-07,-0.0051844899
2.959188e-07,-0.0052024414
2.960188e-07,-0.0052189568
2.961188e-07,-0.0052275735
2.962188e-07,-0.0052275735
2.963188e-07,-0.0052225471
2.964188e-07,-0.0052203929
2.965188e-07,-0.0052275735
2.966188e-07,-0.005245525
2.967188e-07,-0.0052706572
2.968188e-07,-0.0052943532
2.969188e-07,-0.0053079963
2.970188e-07,-0.0053087144
2.971188e-07,-0.0053015338
2.972188e-07,-0.0052943532
2.973188e-07,-0.0052965074
2.974188e-07,-0.0053130227
2.975188e-07,-0.005339591
2.976188e-07,-0.0053683134
2.977188e-07,-0.0053884191
2.978188e-07,-0.0053934455
2.979188e-07,-0.0053833927
2.980188e-07,-0.0053675954
2.981188e-07,-0.0053539522
2.982188e-07,-0.00535108
2.983188e-07,-0.0053596967
2.984188e-07,-0.005374776
2.985188e-07,-0.0053884191
2.986188e-07,-0.0053941636
2.987188e-07,-0.0053898552
2.988188e-07,-0.0053783663
2.989188e-07,-0.0053654412
2.990188e-07,-0.0053561064
2.991188e-07,-0.005351798
2.992188e-07,-0.0053525161
2.993188e-07,-0.0053539522
2.994188e-07,-0.0053553883
2.995188e-07,-0.0053568244
2.996188e-07,-0.0053596967
2.997188e-07,-0.0053654412
2.998188e-07,-0.0053726218
2.999188e-07,-0.0053783663
3.000188e-07,-0.0053769301
3.001188e-07,-0.0053654412
3.002188e-07,-0.0053460535
3.003188e-07,-0.0053230756
3.004188e-07,-0.0053051241
3.005188e-07,-0.0052965074
3.006188e-07,-0.0052979435
3.007188e-07,-0.005304406
3.008188e-07,-0.0053101505
3.009188e-07,-0.0053079963
3.010188e-07,-0.0052986615
3.011188e-07,-0.0052850184
3.012188e-07,-0.0052749655
3.013188e-07,-0.0052735294
3.014188e-07,-0.00528071
3.015188e-07,-0.0052907629
3.016188e-07,-0.0052979435
3.017188e-07,-0.0052965074
3.018188e-07,-0.0052857364
3.019188e-07,-0.0052720933
3.020188e-07,-0.0052620404
3.021188e-07,-0.0052620404
3.022188e-07,-0.0052713752
3.023188e-07,-0.0052850184
3.024188e-07,-0.0052950712
3.025188e-07,-0.0052965074
3.026188e-07,-0.0052893267
3.027188e-07,-0.005279992
3.028188e-07,-0.0052764017
3.029188e-07,-0.0052850184
3.030188e-07,-0.005303688
3.031188e-07,-0.0053259478
3.032188e-07,-0.0053403091
3.033188e-07,-0.0053424632
3.034188e-07,-0.0053331284
3.035188e-07,-0.0053209214
3.036188e-07,-0.0053173311
3.037188e-07,-0.0053309743
3.038188e-07,-0.0053604148
3.039188e-07,-0.0053955997
3.040188e-07,-0.0054236041
3.041188e-07,-0.005434375
3.042188e-07,-0.0054257583
3.043188e-07,-0.0054070887
3.044188e-07,-0.0053905733
3.045188e-07,-0.0053884191
3.046188e-07,-0.0054034984
3.047188e-07,-0.0054300666
3.048188e-07,-0.0054559168
3.049188e-07,-0.0054688419
3.050188e-07,-0.0054659697
3.051188e-07,-0.0054523265
3.052188e-07,-0.0054386834
3.053188e-07,-0.005434375
3.054188e-07,-0.0054422737
3.055188e-07,-0.0054551988
3.056188e-07,-0.0054630974
3.057188e-07,-0.0054573529
3.058188e-07,-0.0054365292
3.059188e-07,-0.0054099609
3.060188e-07,-0.0053898552
3.061188e-07,-0.0053884191
3.062188e-07,-0.0054063706
3.063188e-07,-0.0054336569
3.064188e-07,-0.0054551988
3.065188e-07,-0.0054573529
3.066188e-07,-0.0054350931
3.067188e-07,-0.0053963178
3.068188e-07,-0.0053561064
3.069188e-07,-0.0053309743
3.070188e-07,-0.0053266659
3.071188e-07,-0.0053388729
3.072188e-07,-0.0053532341
3.073188e-07,-0.0053539522
3.074188e-07,-0.0053338465
3.075188e-07,-0.0052972254
3.076188e-07,-0.005256296
3.077188e-07,-0.0052275735
3.078188e-07,-0.0052203929
3.079188e-07,-0.005233318
3.080188e-07,-0.005256296
3.081188e-07,-0.0052735294
3.082188e-07,-0.0052764017
3.083188e-07,-0.0052634766
3.084188e-07,-0.0052440889
3.085188e-07,-0.0052275735
3.086188e-07,-0.0052225471
3.087188e-07,-0.0052275735
3.088188e-07,-0.0052369083
3.089188e-07,-0.0052390625
3.090188e-07,-0.0052297277
3.091188e-07,-0.0052110581
3.092188e-07,-0.0051916705
3.093188e-07,-0.0051816176
3.094188e-07,-0.0051866441
3.095188e-07,-0.0052038775
3.096188e-07,-0.0052247013
3.097188e-07,-0.0052390625
3.098188e-07,-0.0052404986
3.099188e-07,-0.0052297277
3.100188e-07,-0.0052146484
3.101188e-07,-0.0052045956
3.102188e-07,-0.0052045956
3.103188e-07,-0.0052132123
3.104188e-07,-0.0052232652
3.105188e-07,-0.0052275735
3.106188e-07,-0.0052232652
3.107188e-07,-0.0052139304
3.108188e-07,-0.005208904
3.109188e-07,-0.0052160846
3.110188e-07,-0.0052390625
3.111188e-07,-0.0052713752
3.112188e-07,-0.0053015338
3.113188e-07,-0.0053194853
3.114188e-07,-0.0053180492
3.115188e-07,-0.0053015338
3.116188e-07,-0.0052785558
3.117188e-07,-0.0052620404
3.118188e-07,-0.0052584501
3.119188e-07,-0.0052670669
3.120188e-07,-0.0052792739
3.121188e-07,-0.0052850184
3.122188e-07,-0.0052785558
3.123188e-07,-0.0052598863
3.124188e-07,-0.0052361903
3.125188e-07,-0.0052160846
3.126188e-07,-0.0052053136
3.127188e-07,-0.0052031595
3.128188e-07,-0.0052053136
3.129188e-07,-0.0052045956
3.130188e-07,-0.0051988511
3.131188e-07,-0.0051895163
3.132188e-07,-0.0051823357
3.133188e-07,-0.0051816176
3.134188e-07,-0.0051887983
3.135188e-07,-0.005198133
3.136188e-07,-0.0052017233
3.137188e-07,-0.0051931066
3.138188e-07,-0.0051708467
3.139188e-07,-0.0051406882
3.140188e-07,-0.005114838
3.141188e-07,-0.0051011949
3.142188e-07,-0.0051040671
3.143188e-07,-0.0051198644
3.144188e-07,-0.0051370979
3.145188e-07,-0.0051471507
3.146188e-07,-0.0051464327
3.147188e-07,-0.0051378159
3.148188e-07,-0.0051313534
3.149188e-07,-0.0051356618
3.150188e-07,-0.0051528952
3.151188e-07,-0.0051794635
3.152188e-07,-0.0052038775
3.153188e-07,-0.0052160846
3.154188e-07,-0.0052110581
3.155188e-07,-0.0051931066
3.156188e-07,-0.0051722829
3.157188e-07,-0.0051586397
3.158188e-07,-0.0051593578
3.159188e-07,-0.0051730009
3.160188e-07,-0.0051909524
3.161188e-07,-0.0052045956
3.162188e-07,-0.0052074678
3.163188e-07,-0.0052002872
3.164188e-07,-0.0051887983
3.165188e-07,-0.0051816176
3.166188e-07,-0.0051830538
3.167188e-07,-0.0051909524
3.168188e-07,-0.0052002872
3.169188e-07,-0.0052045956
3.170188e-07,-0.0052002872
3.171188e-07,-0.0051909524
3.172188e-07,-0.0051823357
3.173188e-07,-0.0051816176
3.174188e-07,-0.0051916705
3.175188e-07,-0.005208904
3.176188e-07,-0.0052275735
3.177188e-07,-0.0052390625
3.178188e-07,-0.0052419347
3.179188e-07,-0.0052383444
3.180188e-07,-0.0052354722
3.181188e-07,-0.0052390625
3.182188e-07,-0.0052498334
3.183188e-07,-0.0052620404
3.184188e-07,-0.005268503
3.185188e-07,-0.0052620404
3.186188e-07,-0.0052433709
3.187188e-07,-0.0052182387
3.188188e-07,-0.0051988511
3.189188e-07,-0.0051931066
3.190188e-07,-0.0052038775
3.191188e-07,-0.0052247013
3.192188e-07,-0.0052440889
3.193188e-07,-0.0052505515
3.194188e-07,-0.0052404986
3.195188e-07,-0.0052175207
3.196188e-07,-0.0051945427
3.197188e-07,-0.0051816176
3.198188e-07,-0.005185926
3.199188e-07,-0.0052038775
3.200188e-07,-0.0052254193
3.201188e-07,-0.0052390625
3.202188e-07,-0.0052369083
3.203188e-07,-0.0052196749
3.204188e-07,-0.005197415
3.205188e-07,-0.0051816176
3.206188e-07,-0.0051801815
3.207188e-07,-0.0051945427
3.208188e-07,-0.0052175207
3.209188e-07,-0.0052390625
3.210188e-07,-0.0052498334
3.211188e-07,-0.0052483973
3.212188e-07,-0.0052376264
3.213188e-07,-0.0052275735
3.214188e-07,-0.0052247013
3.215188e-07,-0.0052311638
3.216188e-07,-0.005245525
3.217188e-07,-0.0052620404
3.218188e-07,-0.0052749655
3.219188e-07,-0.0052828642
3.220188e-07,-0.0052893267
3.221188e-07,-0.0052965074
3.222188e-07,-0.0053087144
3.223188e-07,-0.0053245117
3.224188e-07,-0.0053410271
3.225188e-07,-0.0053539522
3.226188e-07,-0.0053611328
3.227188e-07,-0.0053640051
3.228188e-07,-0.0053683134
3.229188e-07,-0.0053769301
3.230188e-07,-0.0053920094
3.231188e-07,-0.0054113971
3.232188e-07,-0.0054271944
3.233188e-07,-0.005434375
3.234188e-07,-0.0054300666
3.235188e-07,-0.0054185777
3.236188e-07,-0.0054056526
3.237188e-07,-0.0053999081
3.238188e-07,-0.0054063706
3.239188e-07,-0.0054243222
3.240188e-07,-0.0054480182
3.241188e-07,-0.0054688419
3.242188e-07,-0.005481767
3.243188e-07,-0.0054853573
3.244188e-07,-0.0054832031
3.245188e-07,-0.0054803309
3.246188e-07,-0.0054803309
3.247188e-07,-0.0054824851
3.248188e-07,-0.0054846392
3.249188e-07,-0.0054803309
3.250188e-07,-0.0054681239
3.251188e-07,-0.0054508904
3.252188e-07,-0.0054329389
3.253188e-07,-0.005422886
3.254188e-07,-0.0054250402
3.255188e-07,-0.0054394014
3.256188e-07,-0.0054602252
3.257188e-07,-0.0054803309
3.258188e-07,-0.0054925379
3.259188e-07,-0.005493256
3.260188e-07,-0.0054839212
3.261188e-07,-0.0054688419
3.262188e-07,-0.0054537626
3.263188e-07,-0.0054429917
3.264188e-07,-0.0054372472
3.265188e-07,-0.005434375
3.266188e-07,-0.0054329389
3.267188e-07,-0.0054307847
3.268188e-07,-0.0054271944
3.269188e-07,-0.005422886
3.270188e-07,-0.0054178596
3.271188e-07,-0.0054121151
3.272188e-07,-0.0054056526
3.273188e-07,-0.0053999081
3.274188e-07,-0.0053963178
3.275188e-07,-0.0053977539
3.276188e-07,-0.0054063706
3.277188e-07,-0.005422886
3.278188e-07,-0.0054429917
3.279188e-07,-0.0054602252
3.280188e-07,-0.005470278
3.281188e-07,-0.0054688419
3.282188e-07,-0.005458071
3.283188e-07,-0.0054437098
3.284188e-07,-0.0054336569
3.285188e-07,-0.005434375
3.286188e-07,-0.0054473001
3.287188e-07,-0.0054674058
3.288188e-07,-0.0054889476
3.289188e-07,-0.0055033088
3.290188e-07,-0.0055076172
3.291188e-07,-0.0055025908
3.292188e-07,-0.0054954102
3.293188e-07,-0.0054918199
3.294188e-07,-0.0054961282
3.295188e-07,-0.0055083352
3.296188e-07,-0.0055241326
3.297188e-07,-0.0055377757
3.298188e-07,-0.0055456744
3.299188e-07,-0.0055456744
3.300188e-07,-0.0055420841
3.301188e-07,-0.0055377757
3.302188e-07,-0.0055363396
3.303188e-07,-0.0055392119
3.304188e-07,-0.0055442383
3.305188e-07,-0.0055492647
3.306188e-07,-0.0055521369
3.307188e-07,-0.0055521369
3.308188e-07,-0.0055507008
3.309188e-07,-0.0055492647
3.310188e-07,-0.0055485466
3.311188e-07,-0.0055485466
3.312188e-07,-0.0055485466
3.313188e-07,-0.0055492647
3.314188e-07,-0.0055514189
3.315188e-07,-0.0055571634
3.316188e-07,-0.0055686523
3.317188e-07,-0.0055837316
3.318188e-07,-0.005599529
3.319188e-07,-0.0056102999
3.320188e-07,-0.0056131721
3.321188e-07,-0.0056067096
3.322188e-07,-0.0055959386
3.323188e-07,-0.0055873219
3.324188e-07,-0.0055866039
3.325188e-07,-0.0055952206
3.326188e-07,-0.0056088637
3.327188e-07,-0.0056189166
3.328188e-07,-0.0056196347
3.329188e-07,-0.0056067096
3.330188e-07,-0.0055851677
3.331188e-07,-0.005564344
3.332188e-07,-0.0055542911
3.333188e-07,-0.0055607537
3.334188e-07,-0.0055815774
3.335188e-07,-0.0056088637
3.336188e-07,-0.0056318417
3.337188e-07,-0.0056411765
3.338188e-07,-0.0056375862
3.339188e-07,-0.0056268153
3.340188e-07,-0.0056181985
3.341188e-07,-0.0056181985
3.342188e-07,-0.0056268153
3.343188e-07,-0.0056368681
3.344188e-07,-0.0056404584
3.345188e-07,-0.0056296875
3.346188e-07,-0.0056067096
3.347188e-07,-0.0055808594
3.348188e-07,-0.0055629079
3.349188e-07,-0.0055607537
3.350188e-07,-0.005575833
3.351188e-07,-0.0055980928
3.352188e-07,-0.0056160443
3.353188e-07,-0.0056181985
3.354188e-07,-0.0056024012
3.355188e-07,-0.005575833
3.356188e-07,-0.0055499828
3.357188e-07,-0.0055377757
3.358188e-07,-0.0055420841
3.359188e-07,-0.0055571634
3.360188e-07,-0.0055715246
3.361188e-07,-0.0055722426
3.362188e-07,-0.0055550092
3.363188e-07,-0.0055248506
3.364188e-07,-0.0054918199
3.365188e-07,-0.0054688419
3.366188e-07,-0.0054616613
3.367188e-07,-0.0054681239
3.368188e-07,-0.0054781767
3.369188e-07,-0.0054803309
3.370188e-07,-0.005470278
3.371188e-07,-0.0054501723
3.372188e-07,-0.0054307847
3.373188e-07,-0.005422886
3.374188e-07,-0.0054315028
3.375188e-07,-0.0054530446
3.376188e-07,-0.0054774586
3.377188e-07,-0.0054918199
3.378188e-07,-0.0054882295
3.379188e-07,-0.0054666877
3.380188e-07,-0.0054372472
3.381188e-07,-0.0054113971
3.382188e-07,-0.00539919
3.383188e-07,-0.0054027803
3.384188e-07,-0.0054178596
3.385188e-07,-0.005434375
3.386188e-07,-0.005445864
3.387188e-07,-0.0054494543
3.388188e-07,-0.0054473001
3.389188e-07,-0.005445864
3.390188e-07,-0.0054480182
3.391188e-07,-0.0054530446
3.392188e-07,-0.005458071
3.393188e-07,-0.0054573529
3.394188e-07,-0.0054494543
3.395188e-07,-0.0054372472
3.396188e-07,-0.0054257583
3.397188e-07,-0.005422886
3.398188e-07,-0.0054300666
3.399188e-07,-0.0054444278
3.400188e-07,-0.0054595071
3.401188e-07,-0.0054688419
3.402188e-07,-0.00546956
3.403188e-07,-0.0054638155
3.404188e-07,-0.005458071
3.405188e-07,-0.0054573529
3.406188e-07,-0.0054638155
3.407188e-07,-0.0054738683
3.408188e-07,-0.0054810489
3.409188e-07,-0.0054803309
3.410188e-07,-0.0054709961
3.411188e-07,-0.0054566349
3.412188e-07,-0.005446582
3.413188e-07,-0.005445864
3.414188e-07,-0.0054566349
3.415188e-07,-0.0054731503
3.416188e-07,-0.0054875115
3.417188e-07,-0.0054918199
3.418188e-07,-0.0054853573
3.419188e-07,-0.0054731503
3.420188e-07,-0.0054645335
3.421188e-07,-0.0054688419
3.422188e-07,-0.0054875115
3.423188e-07,-0.0055140797
3.424188e-07,-0.0055384938
3.425188e-07,-0.0055492647
3.426188e-07,-0.0055428022
3.427188e-07,-0.0055241326
3.428188e-07,-0.0055033088
3.429188e-07,-0.0054918199
3.430188e-07,-0.0054961282
3.431188e-07,-0.0055133617
3.432188e-07,-0.0055349035
3.433188e-07,-0.0055492647
3.434188e-07,-0.0055492647
3.435188e-07,-0.0055363396
3.436188e-07,-0.00551767
3.437188e-07,-0.0055033088
3.438188e-07,-0.0055018727
3.439188e-07,-0.0055133617
3.440188e-07,-0.0055320312
3.441188e-07,-0.0055492647
3.442188e-07,-0.0055578814
3.443188e-07,-0.0055557273
3.444188e-07,-0.0055463925
3.445188e-07,-0.0055377757
3.446188e-07,-0.0055349035
3.447188e-07,-0.0055399299
3.448188e-07,-0.0055507008
3.449188e-07,-0.0055607537
3.450188e-07,-0.0055672162
3.451188e-07,-0.0055700885
3.452188e-07,-0.0055700885
3.453188e-07,-0.0055722426
3.454188e-07,-0.0055772691
3.455188e-07,-0.0055830136
3.456188e-07,-0.0055866039
3.457188e-07,-0.0055837316
3.458188e-07,-0.0055736788
3.459188e-07,-0.0055593176
3.460188e-07,-0.0055456744
3.461188e-07,-0.0055377757
3.462188e-07,-0.0055363396
3.463188e-07,-0.0055392119
3.464188e-07,-0.005540648
3.465188e-07,-0.0055377757
3.466188e-07,-0.005529159
3.467188e-07,-0.0055198242
3.468188e-07,-0.0055133617
3.469188e-07,-0.0055147978
3.470188e-07,-0.0055226965
3.471188e-07,-0.0055327493
3.472188e-07,-0.0055356216
3.473188e-07,-0.0055262868
3.474188e-07,-0.005505463
3.475188e-07,-0.0054781767
3.476188e-07,-0.0054559168
3.477188e-07,-0.005445864
3.478188e-07,-0.0054508904
3.479188e-07,-0.0054659697
3.480188e-07,-0.0054832031
3.481188e-07,-0.0054918199
3.482188e-07,-0.0054889476
3.483188e-07,-0.0054774586
3.484188e-07,-0.0054638155
3.485188e-07,-0.0054573529
3.486188e-07,-0.0054616613
3.487188e-07,-0.0054731503
3.488188e-07,-0.0054860754
3.489188e-07,-0.0054918199
3.490188e-07,-0.0054867934
3.491188e-07,-0.0054745864
3.492188e-07,-0.0054616613
3.493188e-07,-0.0054573529
3.494188e-07,-0.0054652516
3.495188e-07,-0.0054824851
3.496188e-07,-0.0055018727
3.497188e-07,-0.0055147978
3.498188e-07,-0.0055155159
3.499188e-07,-0.0055047449
3.500188e-07,-0.0054896657
3.501188e-07,-0.0054803309
3.502188e-07,-0.0054824851
3.503188e-07,-0.0054968463
3.504188e-07,-0.0055183881
3.505188e-07,-0.0055377757
3.506188e-07,-0.0055485466
3.507188e-07,-0.0055478286
3.508188e-07,-0.0055384938
3.509188e-07,-0.0055262868
3.510188e-07,-0.0055162339
3.511188e-07,-0.0055119256
3.512188e-07,-0.0055126436
3.513188e-07,-0.0055147978
3.514188e-07,-0.005516952
3.515188e-07,-0.0055183881
3.516188e-07,-0.0055212603
3.517188e-07,-0.0055262868
3.518188e-07,-0.0055341854
3.519188e-07,-0.0055428022
3.520188e-07,-0.0055485466
3.521188e-07,-0.0055492647
3.522188e-07,-0.0055449563
3.523188e-07,-0.0055384938
3.524188e-07,-0.0055349035
3.525188e-07,-0.0055377757
3.526188e-07,-0.0055478286
3.527188e-07,-0.0055621898
3.528188e-07,-0.0055751149
3.529188e-07,-0.0055837316
3.530188e-07,-0.0055858858
3.531188e-07,-0.0055844497
3.532188e-07,-0.0055830136
3.533188e-07,-0.0055837316
3.534188e-07,-0.0055866039
3.535188e-07,-0.005588758
3.536188e-07,-0.0055844497
3.537188e-07,-0.0055722426
3.538188e-07,-0.0055550092
3.539188e-07,-0.0055399299
3.540188e-07,-0.0055327493
3.541188e-07,-0.0055377757
3.542188e-07,-0.0055521369
3.543188e-07,-0.0055686523
3.544188e-07,-0.0055772691
3.545188e-07,-0.0055722426
3.546188e-07,-0.0055557273
3.547188e-07,-0.0055356216
3.548188e-07,-0.0055226965
3.549188e-07,-0.0055262868
3.550188e-07,-0.0055471105
3.551188e-07,-0.0055772691
3.552188e-07,-0.0056045554
3.553188e-07,-0.0056181985
3.554188e-07,-0.0056138902
3.555188e-07,-0.0055952206
3.556188e-07,-0.0055736788
3.557188e-07,-0.0055607537
3.558188e-07,-0.0055621898
3.559188e-07,-0.005576551
3.560188e-07,-0.0055945025
3.561188e-07,-0.0056067096
3.562188e-07,-0.0056059915
3.563188e-07,-0.0055937845
3.564188e-07,-0.0055751149
3.565188e-07,-0.0055607537
3.566188e-07,-0.0055557273
3.567188e-07,-0.0055600356
3.568188e-07,-0.0055686523
3.569188e-07,-0.0055722426
3.570188e-07,-0.0055657801
3.571188e-07,-0.0055485466
3.572188e-07,-0.0055255687
3.573188e-07,-0.0055033088
3.574188e-07,-0.0054875115
3.575188e-07,-0.0054803309
3.576188e-07,-0.0054788948
3.577188e-07,-0.0054803309
3.578188e-07,-0.005481767
3.579188e-07,-0.0054824851
3.580188e-07,-0.0054853573
3.581188e-07,-0.0054918199
3.582188e-07,-0.0054997185
3.583188e-07,-0.0055047449
3.584188e-07,-0.0054997185
3.585188e-07,-0.0054803309
3.586188e-07,-0.0054487362
3.587188e-07,-0.0054113971
3.588188e-07,-0.0053805205
3.589188e-07,-0.0053654412
3.590188e-07,-0.0053719037
3.591188e-07,-0.0053955997
3.592188e-07,-0.0054279125
3.593188e-07,-0.0054573529
3.594188e-07,-0.0054745864
3.595188e-07,-0.0054774586
3.596188e-07,-0.00546956
3.597188e-07,-0.0054573529
3.598188e-07,-0.0054473001
3.599188e-07,-0.0054422737
3.600188e-07,-0.0054422737
3.601188e-07,-0.005445864
3.602188e-07,-0.0054508904
3.603188e-07,-0.0054573529
3.604188e-07,-0.0054666877
3.605188e-07,-0.0054803309
3.606188e-07,-0.0054954102
3.607188e-07,-0.0055068991
3.608188e-07,-0.0055104894
3.609188e-07,-0.0055033088
3.610188e-07,-0.0054867934
3.611188e-07,-0.0054688419
3.612188e-07,-0.0054566349
3.613188e-07,-0.0054573529
3.614188e-07,-0.005470278
3.615188e-07,-0.0054903837
3.616188e-07,-0.0055083352
3.617188e-07,-0.0055147978
3.618188e-07,-0.0055076172
3.619188e-07,-0.0054896657
3.620188e-07,-0.005470278
3.621188e-07,-0.0054573529
3.622188e-07,-0.0054559168
3.623188e-07,-0.0054652516
3.624188e-07,-0.0054796128
3.625188e-07,-0.0054918199
3.626188e-07,-0.0054975643
3.627188e-07,-0.0054975643
3.628188e-07,-0.005493974
3.629188e-07,-0.0054918199
3.630188e-07,-0.0054911018
3.631188e-07,-0.0054889476
3.632188e-07,-0.0054824851
3.633188e-07,-0.0054688419
3.634188e-07,-0.0054494543
3.635188e-07,-0.0054307847
3.636188e-07,-0.0054200138
3.637188e-07,-0.005422886
3.638188e-07,-0.0054379653
3.639188e-07,-0.0054587891
3.640188e-07,-0.0054760225
3.641188e-07,-0.0054803309
3.642188e-07,-0.0054717142
3.643188e-07,-0.0054566349
3.644188e-07,-0.0054444278
3.645188e-07,-0.005445864
3.646188e-07,-0.0054630974
3.647188e-07,-0.0054918199
3.648188e-07,-0.0055205423
3.649188e-07,-0.0055377757
3.650188e-07,-0.0055377757
3.651188e-07,-0.0055226965
3.652188e-07,-0.0054997185
3.653188e-07,-0.0054803309
3.654188e-07,-0.0054709961
3.655188e-07,-0.0054738683
3.656188e-07,-0.0054832031
3.657188e-07,-0.0054918199
3.658188e-07,-0.0054946921
3.659188e-07,-0.0054918199
3.660188e-07,-0.0054853573
3.661188e-07,-0.0054803309
3.662188e-07,-0.0054796128
3.663188e-07,-0.0054824851
3.664188e-07,-0.0054846392
3.665188e-07,-0.0054803309
3.666188e-07,-0.00546956
3.667188e-07,-0.0054544807
3.668188e-07,-0.0054408375
3.669188e-07,-0.005434375
3.670188e-07,-0.0054365292
3.671188e-07,-0.0054429917
3.672188e-07,-0.0054480182
3.673188e-07,-0.005445864
3.674188e-07,-0.005434375
3.675188e-07,-0.0054185777
3.676188e-07,-0.0054049345
3.677188e-07,-0.0053999081
3.678188e-07,-0.0054056526
3.679188e-07,-0.0054185777
3.680188e-07,-0.0054307847
3.681188e-07,-0.005434375
3.682188e-07,-0.0054271944
3.683188e-07,-0.0054135512
3.684188e-07,-0.0054013442
3.685188e-07,-0.0053999081
3.686188e-07,-0.0054128332
3.687188e-07,-0.0054365292
3.688188e-07,-0.0054623794
3.689188e-07,-0.0054803309
3.690188e-07,-0.0054839212
3.691188e-07,-0.0054731503
3.692188e-07,-0.0054573529
3.693188e-07,-0.005445864
3.694188e-07,-0.005446582
3.695188e-07,-0.0054616613
3.696188e-07,-0.0054875115
3.697188e-07,-0.0055147978
3.698188e-07,-0.0055370577
3.699188e-07,-0.0055514189
3.700188e-07,-0.0055578814
3.701188e-07,-0.0055607537
3.702188e-07,-0.005564344
3.703188e-07,-0.0055693704
3.704188e-07,-0.005576551
3.705188e-07,-0.0055837316
3.706188e-07,-0.005588758
3.707188e-07,-0.0055930664
3.708188e-07,-0.0055988109
3.709188e-07,-0.0056067096
3.710188e-07,-0.0056174805
3.711188e-07,-0.0056289694
3.712188e-07,-0.0056375862
3.713188e-07,-0.0056411765
3.714188e-07,-0.0056418945
3.715188e-07,-0.0056433307
3.716188e-07,-0.0056497932
3.717188e-07,-0.0056641544
3.718188e-07,-0.005682824
3.719188e-07,-0.0057000574
3.720188e-07,-0.00570652
3.721188e-07,-0.0056986213
3.722188e-07,-0.0056770795
3.723188e-07,-0.0056505113
3.724188e-07,-0.0056275333
3.725188e-07,-0.0056181985
3.726188e-07,-0.005623225
3.727188e-07,-0.0056375862
3.728188e-07,-0.0056505113
3.729188e-07,-0.0056526654
3.730188e-07,-0.0056390223
3.731188e-07,-0.0056131721
3.732188e-07,-0.0055830136
3.733188e-07,-0.0055607537
3.734188e-07,-0.0055521369
3.735188e-07,-0.0055571634
3.736188e-07,-0.0055708065
3.737188e-07,-0.0055837316
3.738188e-07,-0.0055894761
3.739188e-07,-0.0055851677
3.740188e-07,-0.0055743968
3.741188e-07,-0.0055607537
3.742188e-07,-0.0055499828
3.743188e-07,-0.0055428022
3.744188e-07,-0.0055399299
3.745188e-07,-0.0055377757
3.746188e-07,-0.0055363396
3.747188e-07,-0.0055370577
3.748188e-07,-0.005540648
3.749188e-07,-0.0055492647
3.750188e-07,-0.0055607537
3.751188e-07,-0.0055708065
3.752188e-07,-0.0055751149
3.753188e-07,-0.0055722426
3.754188e-07,-0.005564344
3.755188e-07,-0.0055557273
3.756188e-07,-0.0055542911
3.757188e-07,-0.0055607537
3.758188e-07,-0.0055736788
3.759188e-07,-0.0055866039
3.760188e-07,-0.0055909122
3.761188e-07,-0.0055837316
3.762188e-07,-0.0055672162
3.763188e-07,-0.0055492647
3.764188e-07,-0.005541366
3.765188e-07,-0.0055492647
3.766188e-07,-0.0055729607
3.767188e-07,-0.0056031193
3.768188e-07,-0.0056289694
3.769188e-07,-0.0056411765
3.770188e-07,-0.0056390223
3.771188e-07,-0.0056311236
3.772188e-07,-0.0056282514
3.773188e-07,-0.0056411765
3.774188e-07,-0.0056734892
3.775188e-07,-0.0057172909
3.776188e-07,-0.0057610926
3.777188e-07,-0.0057905331
3.778188e-07,-0.0057991498
3.779188e-07,-0.005789815
3.780188e-07,-0.0057711455
3.781188e-07,-0.0057560662
3.782188e-07,-0.0057531939
3.783188e-07,-0.005765401
3.784188e-07,-0.0057876608
3.785188e-07,-0.005813511
3.786188e-07,-0.005837207
3.787188e-07,-0.0058573127
3.788188e-07,-0.0058752642
3.789188e-07,-0.0058939338
3.790188e-07,-0.0059118853
3.791188e-07,-0.0059248104
3.792188e-07,-0.0059276827
3.793188e-07,-0.0059169118
3.794188e-07,-0.0058953699
3.795188e-07,-0.005872392
3.796188e-07,-0.0058580308
3.797188e-07,-0.0058594669
3.798188e-07,-0.0058781365
3.799188e-07,-0.0059054228
3.800188e-07,-0.0059291188
3.801188e-07,-0.0059398897
3.802188e-07,-0.0059334272
3.803188e-07,-0.0059147576
3.804188e-07,-0.0058946519
3.805188e-07,-0.0058824449
3.806188e-07,-0.0058824449
3.807188e-07,-0.0058910616
3.808188e-07,-0.0058982422
3.809188e-07,-0.0058939338
3.810188e-07,-0.0058752642
3.811188e-07,-0.0058472599
3.812188e-07,-0.0058192555
3.813188e-07,-0.0058020221
3.814188e-07,-0.0057991498
3.815188e-07,-0.0058070485
3.816188e-07,-0.0058149472
3.817188e-07,-0.005813511
3.818188e-07,-0.0057962776
3.819188e-07,-0.0057668371
3.820188e-07,-0.0057345244
3.821188e-07,-0.0057101103
3.822188e-07,-0.0057000574
3.823188e-07,-0.0057043658
3.824188e-07,-0.0057144187
3.825188e-07,-0.0057215993
3.826188e-07,-0.0057194451
3.827188e-07,-0.0057079561
3.828188e-07,-0.0056914407
3.829188e-07,-0.0056756434
3.830188e-07,-0.0056634364
3.831188e-07,-0.0056548196
3.832188e-07,-0.0056440487
3.833188e-07,-0.0056296875
3.834188e-07,-0.005611736
3.835188e-07,-0.0055952206
3.836188e-07,-0.00558804
3.837188e-07,-0.0055952206
3.838188e-07,-0.0056146082
3.839188e-07,-0.0056375862
3.840188e-07,-0.0056533835
3.841188e-07,-0.0056526654
3.842188e-07,-0.0056339959
3.843188e-07,-0.0056052734
3.844188e-07,-0.0055772691
3.845188e-07,-0.0055607537
3.846188e-07,-0.0055600356
3.847188e-07,-0.0055708065
3.848188e-07,-0.0055815774
3.849188e-07,-0.0055837316
3.850188e-07,-0.0055729607
3.851188e-07,-0.0055542911
3.852188e-07,-0.0055356216
3.853188e-07,-0.0055262868
3.854188e-07,-0.0055284409
3.855188e-07,-0.0055377757
3.856188e-07,-0.0055435202
3.857188e-07,-0.0055377757
3.858188e-07,-0.0055183881
3.859188e-07,-0.0054911018
3.860188e-07,-0.0054674058
3.861188e-07,-0.0054573529
3.862188e-07,-0.0054638155
3.863188e-07,-0.0054796128
3.864188e-07,-0.005493256
3.865188e-07,-0.0054918199
3.866188e-07,-0.0054717142
3.867188e-07,-0.0054386834
3.868188e-07,-0.0054063706
3.869188e-07,-0.0053884191
3.870188e-07,-0.0053905733
3.871188e-07,-0.0054099609
3.872188e-07,-0.0054329389
3.873188e-07,-0.005445864
3.874188e-07,-0.0054386834
3.875188e-07,-0.0054121151
3.876188e-07,-0.005375494
3.877188e-07,-0.0053424632
3.878188e-07,-0.0053223575
3.879188e-07,-0.0053166131
3.880188e-07,-0.0053187672
3.881188e-07,-0.0053194853
3.882188e-07,-0.0053108686
3.883188e-07,-0.005292199
3.884188e-07,-0.005269221
3.885188e-07,-0.0052505515
3.886188e-07,-0.0052433709
3.887188e-07,-0.0052469612
3.888188e-07,-0.005256296
3.889188e-07,-0.0052620404
3.890188e-07,-0.0052591682
3.891188e-07,-0.0052462431
3.892188e-07,-0.0052290097
3.893188e-07,-0.0052160846
3.894188e-07,-0.0052124943
3.895188e-07,-0.0052189568
3.896188e-07,-0.0052304458
3.897188e-07,-0.0052390625
3.898188e-07,-0.0052397806
3.899188e-07,-0.0052326
3.900188e-07,-0.005221829
3.901188e-07,-0.0052160846
3.902188e-07,-0.0052203929
3.903188e-07,-0.0052361903
3.904188e-07,-0.0052598863
3.905188e-07,-0.0052850184
3.906188e-07,-0.0053065602
3.907188e-07,-0.0053216395
3.908188e-07,-0.0053331284
3.909188e-07,-0.0053424632
3.910188e-07,-0.0053525161
3.911188e-07,-0.0053611328
3.912188e-07,-0.0053661592
3.913188e-07,-0.0053654412
3.914188e-07,-0.0053596967
3.915188e-07,-0.0053539522
3.916188e-07,-0.0053539522
3.917188e-07,-0.0053654412
3.918188e-07,-0.0053884191
3.919188e-07,-0.0054185777
3.920188e-07,-0.0054480182
3.921188e-07,-0.0054688419
3.922188e-07,-0.0054774586
3.923188e-07,-0.0054760225
3.924188e-07,-0.0054709961
3.925188e-07,-0.0054688419
3.926188e-07,-0.0054724322
3.927188e-07,-0.0054810489
3.928188e-07,-0.0054889476
3.929188e-07,-0.0054918199
3.930188e-07,-0.0054882295
3.931188e-07,-0.0054810489
3.932188e-07,-0.0054767406
3.933188e-07,-0.0054803309
3.934188e-07,-0.0054925379
3.935188e-07,-0.0055097714
3.936188e-07,-0.0055234145
3.937188e-07,-0.0055262868
3.938188e-07,-0.0055162339
3.939188e-07,-0.0054954102
3.940188e-07,-0.0054731503
3.941188e-07,-0.0054573529
3.942188e-07,-0.0054523265
3.943188e-07,-0.0054573529
3.944188e-07,-0.0054652516
3.945188e-07,-0.0054688419
3.946188e-07,-0.0054630974
3.947188e-07,-0.0054480182
3.948188e-07,-0.0054286305
3.949188e-07,-0.0054113971
3.950188e-07,-0.0053999081
3.951188e-07,-0.0053948817
3.952188e-07,-0.0053920094
3.953188e-07,-0.0053884191
3.954188e-07,-0.0053812385
3.955188e-07,-0.0053726218
3.956188e-07,-0.0053654412
3.957188e-07,-0.0053654412
3.958188e-07,-0.0053726218
3.959188e-07,-0.0053848288
3.960188e-07,-0.0053955997
3.961188e-07,-0.0053999081
3.962188e-07,-0.0053963178
3.963188e-07,-0.0053877011
3.964188e-07,-0.0053790843
3.965188e-07,-0.0053769301
3.966188e-07,-0.0053833927
3.967188e-07,-0.0053948817
3.968188e-07,-0.0054063706
3.969188e-07,-0.0054113971
3.970188e-07,-0.0054078068
3.971188e-07,-0.00539919
3.972188e-07,-0.0053905733
3.973188e-07,-0.0053884191
3.974188e-07,-0.0053963178
3.975188e-07,-0.0054128332
3.976188e-07,-0.0054315028
3.977188e-07,-0.005445864
3.978188e-07,-0.0054523265
3.979188e-07,-0.0054508904
3.980188e-07,-0.0054473001
3.981188e-07,-0.005445864
3.982188e-07,-0.0054501723
3.983188e-07,-0.0054587891
3.984188e-07,-0.0054666877
3.985188e-07,-0.0054688419
3.986188e-07,-0.0054623794
3.987188e-07,-0.0054494543
3.988188e-07,-0.005434375
3.989188e-07,-0.005422886
3.990188e-07,-0.0054192957
3.991188e-07,-0.005422168
3.992188e-07,-0.0054286305
3.993188e-07,-0.005434375
3.994188e-07,-0.0054365292
3.995188e-07,-0.0054350931
3.996188e-07,-0.0054336569
3.997188e-07,-0.005434375
3.998188e-07,-0.0054372472
3.999188e-07,-0.0054386834
4.000188e-07,-0.0054350931
4.001188e-07,-0.005422886
4.002188e-07,-0.0054034984
4.003188e-07,-0.0053805205
4.004188e-07,-0.0053625689
4.005188e-07,-0.0053539522
4.006188e-07,-0.0053553883
4.007188e-07,-0.005363287
4.008188e-07,-0.0053690315
4.009188e-07,-0.0053654412
4.010188e-07,-0.00535108
4.011188e-07,-0.0053295381
4.012188e-07,-0.0053079963
4.013188e-07,-0.0052965074
4.014188e-07,-0.0052986615
4.015188e-07,-0.0053137408
4.016188e-07,-0.0053352826
4.017188e-07,-0.0053539522
4.018188e-07,-0.0053647231
4.019188e-07,-0.0053654412
4.020188e-07,-0.0053596967
4.021188e-07,-0.0053539522
4.022188e-07,-0.005351798
4.023188e-07,-0.0053539522
4.024188e-07,-0.0053596967
4.025188e-07,-0.0053654412
4.026188e-07,-0.0053697495
4.027188e-07,-0.005374776
4.028188e-07,-0.0053841108
4.029188e-07,-0.0053999081
4.030188e-07,-0.005422886
4.031188e-07,-0.0054487362
4.032188e-07,-0.005470278
4.033188e-07,-0.0054803309
4.034188e-07,-0.0054760225
4.035188e-07,-0.0054616613
4.036188e-07,-0.0054444278
4.037188e-07,-0.005434375
4.038188e-07,-0.0054386834
4.039188e-07,-0.0054573529
4.040188e-07,-0.0054853573
4.041188e-07,-0.0055147978
4.042188e-07,-0.0055370577
4.043188e-07,-0.0055485466
4.044188e-07,-0.0055514189
4.045188e-07,-0.0055492647
4.046188e-07,-0.0055492647
4.047188e-07,-0.0055557273
4.048188e-07,-0.0055679343
4.049188e-07,-0.0055837316
4.050188e-07,-0.0055980928
4.051188e-07,-0.0056081457
4.052188e-07,-0.0056102999
4.053188e-07,-0.0056067096
4.054188e-07,-0.005599529
4.055188e-07,-0.0055930664
4.056188e-07,-0.0055901942
4.057188e-07,-0.0055952206
4.058188e-07,-0.0056081457
4.059188e-07,-0.0056289694
4.060188e-07,-0.0056533835
4.061188e-07,-0.0056756434
4.062188e-07,-0.0056885685
4.063188e-07,-0.0056885685
4.064188e-07,-0.0056749253
4.065188e-07,-0.0056526654
4.066188e-07,-0.0056311236
4.067188e-07,-0.0056196347
4.068188e-07,-0.005623225
4.069188e-07,-0.0056411765
4.070188e-07,-0.0056641544
4.071188e-07,-0.0056806698
4.072188e-07,-0.0056813879
4.073188e-07,-0.0056641544
4.074188e-07,-0.005635432
4.075188e-07,-0.0056074276
4.076188e-07,-0.0055916303
4.077188e-07,-0.0055952206
4.078188e-07,-0.0056131721
4.079188e-07,-0.0056347139
4.080188e-07,-0.005646921
4.081188e-07,-0.0056411765
4.082188e-07,-0.0056181985
4.083188e-07,-0.0055894761
4.084188e-07,-0.0055664982
4.085188e-07,-0.0055607537
4.086188e-07,-0.0055729607
4.087188e-07,-0.0055952206
4.088188e-07,-0.0056138902
4.089188e-07,-0.0056181985
4.090188e-07,-0.0056052734
4.091188e-07,-0.0055815774
4.092188e-07,-0.0055593176
4.093188e-07,-0.0055492647
4.094188e-07,-0.0055557273
4.095188e-07,-0.0055736788
4.096188e-07,-0.0055909122
4.097188e-07,-0.0055952206
4.098188e-07,-0.0055815774
4.099188e-07,-0.0055542911
4.100188e-07,-0.0055241326
4.101188e-07,-0.0055033088
4.102188e-07,-0.0054982824
4.103188e-07,-0.0055083352
4.104188e-07,-0.0055248506
4.105188e-07,-0.0055377757
4.106188e-07,-0.0055399299
4.107188e-07,-0.0055327493
4.108188e-07,-0.0055219784
4.109188e-07,-0.0055147978
4.110188e-07,-0.0055162339
4.111188e-07,-0.0055226965
4.112188e-07,-0.005529159
4.113188e-07,-0.0055262868
4.114188e-07,-0.0055119256
4.115188e-07,-0.0054903837
4.116188e-07,-0.0054688419
4.117188e-07,-0.0054573529
4.118188e-07,-0.0054587891
4.119188e-07,-0.0054709961
4.120188e-07,-0.0054846392
4.121188e-07,-0.0054918199
4.122188e-07,-0.0054867934
4.123188e-07,-0.005470278
4.124188e-07,-0.0054508904
4.125188e-07,-0.005434375
4.126188e-07,-0.0054264763
4.127188e-07,-0.0054250402
4.128188e-07,-0.0054257583
4.129188e-07,-0.005422886
4.130188e-07,-0.0054142693
4.131188e-07,-0.0054042165
4.132188e-07,-0.0053970358
4.133188e-07,-0.0053999081
4.134188e-07,-0.0054121151
4.135188e-07,-0.0054286305
4.136188e-07,-0.0054422737
4.137188e-07,-0.005445864
4.138188e-07,-0.0054394014
4.139188e-07,-0.0054293486
4.140188e-07,-0.0054250402
4.141188e-07,-0.005434375
4.142188e-07,-0.0054573529
4.143188e-07,-0.0054875115
4.144188e-07,-0.0055140797
4.145188e-07,-0.0055262868
4.146188e-07,-0.0055219784
4.147188e-07,-0.0055061811
4.148188e-07,-0.0054889476
4.149188e-07,-0.0054803309
4.150188e-07,-0.0054846392
4.151188e-07,-0.0054975643
4.152188e-07,-0.0055097714
4.153188e-07,-0.0055147978
4.154188e-07,-0.0055090533
4.155188e-07,-0.0054990005
4.156188e-07,-0.005493974
4.157188e-07,-0.0055033088
4.158188e-07,-0.0055277229
4.159188e-07,-0.0055614717
4.160188e-07,-0.0055916303
4.161188e-07,-0.0056067096
4.162188e-07,-0.0056024012
4.163188e-07,-0.0055844497
4.164188e-07,-0.0055629079
4.165188e-07,-0.0055492647
4.166188e-07,-0.0055492647
4.167188e-07,-0.0055600356
4.168188e-07,-0.0055708065
4.169188e-07,-0.0055722426
4.170188e-07,-0.0055600356
4.171188e-07,-0.0055370577
4.172188e-07,-0.0055147978
4.173188e-07,-0.0055033088
4.174188e-07,-0.0055076172
4.175188e-07,-0.0055241326
4.176188e-07,-0.005541366
4.177188e-07,-0.0055492647
4.178188e-07,-0.005540648
4.179188e-07,-0.00551767
4.180188e-07,-0.0054896657
4.181188e-07,-0.0054688419
4.182188e-07,-0.0054616613
4.183188e-07,-0.0054674058
4.184188e-07,-0.0054803309
4.185188e-07,-0.0054918199
4.186188e-07,-0.0054954102
4.187188e-07,-0.005493256
4.188188e-07,-0.0054896657
4.189188e-07,-0.0054918199
4.190188e-07,-0.0055011546
4.191188e-07,-0.0055140797
4.192188e-07,-0.0055212603
4.193188e-07,-0.0055147978
4.194188e-07,-0.0054925379
4.195188e-07,-0.0054602252
4.196188e-07,-0.0054293486
4.197188e-07,-0.0054113971
4.198188e-07,-0.0054128332
4.199188e-07,-0.0054322208
4.200188e-07,-0.005458071
4.201188e-07,-0.0054803309
4.202188e-07,-0.0054903837
4.203188e-07,-0.0054875115
4.204188e-07,-0.0054774586
4.205188e-07,-0.0054688419
4.206188e-07,-0.0054674058
4.207188e-07,-0.0054724322
4.208188e-07,-0.0054788948
4.209188e-07,-0.0054803309
4.210188e-07,-0.0054738683
4.211188e-07,-0.0054609432
4.212188e-07,-0.0054494543
4.213188e-07,-0.005445864
4.214188e-07,-0.0054537626
4.215188e-07,-0.0054709961
4.216188e-07,-0.0054896657
4.217188e-07,-0.0055033088
4.218188e-07,-0.0055068991
4.219188e-07,-0.0055018727
4.220188e-07,-0.0054946921
4.221188e-07,-0.0054918199
4.222188e-07,-0.0054968463
4.223188e-07,-0.0055083352
4.224188e-07,-0.0055205423
4.225188e-07,-0.0055262868
4.226188e-07,-0.0055241326
4.227188e-07,-0.0055155159
4.228188e-07,-0.0055068991
4.229188e-07,-0.0055033088
4.230188e-07,-0.0055061811
4.231188e-07,-0.0055119256
4.232188e-07,-0.0055162339
4.233188e-07,-0.0055147978
4.234188e-07,-0.0055076172
4.235188e-07,-0.0054990005
4.236188e-07,-0.0054961282
4.237188e-07,-0.0055033088
4.238188e-07,-0.00551767
4.239188e-07,-0.0055320312
4.240188e-07,-0.0055363396
4.241188e-07,-0.0055262868
4.242188e-07,-0.0055025908
4.243188e-07,-0.0054760225
4.244188e-07,-0.005458071
4.245188e-07,-0.0054573529
4.246188e-07,-0.0054753045
4.247188e-07,-0.0055025908
4.248188e-07,-0.0055270048
4.249188e-07,-0.0055377757
4.250188e-07,-0.0055313132
4.251188e-07,-0.0055155159
4.252188e-07,-0.0055025908
4.253188e-07,-0.0055033088
4.254188e-07,-0.0055205423
4.255188e-07,-0.0055485466
4.256188e-07,-0.0055736788
4.257188e-07,-0.0055837316
4.258188e-07,-0.0055736788
4.259188e-07,-0.0055485466
4.260188e-07,-0.0055205423
4.261188e-07,-0.0055033088
4.262188e-07,-0.0055040269
4.263188e-07,-0.0055205423
4.264188e-07,-0.0055435202
4.265188e-07,-0.0055607537
4.266188e-07,-0.0055664982
4.267188e-07,-0.0055607537
4.268188e-07,-0.0055521369
4.269188e-07,-0.0055492647
4.270188e-07,-0.0055564453
4.271188e-07,-0.0055700885
4.272188e-07,-0.0055822955
4.273188e-07,-0.0055837316
4.274188e-07,-0.0055715246
4.275188e-07,-0.0055492647
4.276188e-07,-0.0055262868
4.277188e-07,-0.0055147978
4.278188e-07,-0.0055191062
4.279188e-07,-0.0055356216
4.280188e-07,-0.0055571634
4.281188e-07,-0.0055722426
4.282188e-07,-0.005576551
4.283188e-07,-0.0055708065
4.284188e-07,-0.0055629079
4.285188e-07,-0.0055607537
4.286188e-07,-0.0055679343
4.287188e-07,-0.0055815774
4.288188e-07,-0.0055937845
4.289188e-07,-0.0055952206
4.290188e-07,-0.0055837316
4.291188e-07,-0.0055621898
4.292188e-07,-0.005540648
4.293188e-07,-0.0055262868
4.294188e-07,-0.0055241326
4.295188e-07,-0.0055305951
4.296188e-07,-0.0055377757
4.297188e-07,-0.0055377757
4.298188e-07,-0.0055277229
4.299188e-07,-0.0055104894
4.300188e-07,-0.0054961282
4.301188e-07,-0.0054918199
4.302188e-07,-0.0055004366
4.303188e-07,-0.005516952
4.304188e-07,-0.0055320312
4.305188e-07,-0.0055377757
4.306188e-07,-0.0055305951
4.307188e-07,-0.0055147978
4.308188e-07,-0.0054990005
4.309188e-07,-0.0054918199
4.310188e-07,-0.0054968463
4.311188e-07,-0.0055097714
4.312188e-07,-0.0055226965
4.313188e-07,-0.0055262868
4.314188e-07,-0.0055198242
4.315188e-07,-0.0055076172
4.316188e-07,-0.0054997185
4.317188e-07,-0.0055033088
4.318188e-07,-0.0055198242
4.319188e-07,-0.0055428022
4.320188e-07,-0.0055593176
4.321188e-07,-0.0055607537
4.322188e-07,-0.0055435202
4.323188e-07,-0.0055162339
4.324188e-07,-0.0054903837
4.325188e-07,-0.0054803309
4.326188e-07,-0.0054903837
4.327188e-07,-0.0055155159
4.328188e-07,-0.0055435202
4.329188e-07,-0.0055607537
4.330188e-07,-0.0055600356
4.331188e-07,-0.0055428022
4.332188e-07,-0.0055198242
4.333188e-07,-0.0055033088
4.334188e-07,-0.0055004366
4.335188e-07,-0.0055090533
4.336188e-07,-0.0055212603
4.337188e-07,-0.0055262868
4.338188e-07,-0.00551767
4.339188e-07,-0.0054975643
4.340188e-07,-0.0054738683
4.341188e-07,-0.0054573529
4.342188e-07,-0.0054544807
4.343188e-07,-0.0054652516
4.344188e-07,-0.0054810489
4.345188e-07,-0.0054918199
4.346188e-07,-0.0054918199
4.347188e-07,-0.005481767
4.348188e-07,-0.0054674058
4.349188e-07,-0.0054573529
4.350188e-07,-0.0054573529
4.351188e-07,-0.0054652516
4.352188e-07,-0.0054760225
4.353188e-07,-0.0054803309
4.354188e-07,-0.0054738683
4.355188e-07,-0.0054573529
4.356188e-07,-0.0054379653
4.357188e-07,-0.005422886
4.358188e-07,-0.0054171415
4.359188e-07,-0.0054185777
4.360188e-07,-0.005422886
4.361188e-07,-0.005422886
4.362188e-07,-0.0054149874
4.363188e-07,-0.0054027803
4.364188e-07,-0.0053912914
4.365188e-07,-0.0053884191
4.366188e-07,-0.0053963178
4.367188e-07,-0.0054121151
4.368188e-07,-0.0054271944
4.369188e-07,-0.005434375
4.370188e-07,-0.0054300666
4.371188e-07,-0.0054157054
4.372188e-07,-0.00539919
4.373188e-07,-0.0053884191
4.374188e-07,-0.0053862649
4.375188e-07,-0.0053920094
4.376188e-07,-0.005398472
4.377188e-07,-0.0053999081
4.378188e-07,-0.0053934455
4.379188e-07,-0.0053833927
4.380188e-07,-0.005375494
4.381188e-07,-0.0053769301
4.382188e-07,-0.0053905733
4.383188e-07,-0.0054113971
4.384188e-07,-0.0054329389
4.385188e-07,-0.005445864
4.386188e-07,-0.0054473001
4.387188e-07,-0.0054394014
4.388188e-07,-0.0054286305
4.389188e-07,-0.005422886
4.390188e-07,-0.0054243222
4.391188e-07,-0.0054300666
4.392188e-07,-0.0054358111
4.393188e-07,-0.005434375
4.394188e-07,-0.0054257583
4.395188e-07,-0.0054142693
4.396188e-07,-0.0054070887
4.397188e-07,-0.0054113971
4.398188e-07,-0.0054271944
4.399188e-07,-0.0054494543
4.400188e-07,-0.00546956
4.401188e-07,-0.0054803309
4.402188e-07,-0.0054796128
4.403188e-07,-0.0054717142
4.404188e-07,-0.0054659697
4.405188e-07,-0.0054688419
4.406188e-07,-0.0054824851
4.407188e-07,-0.0055025908
4.408188e-07,-0.0055198242
4.409188e-07,-0.0055262868
4.410188e-07,-0.0055205423
4.411188e-07,-0.0055068991
4.412188e-07,-0.0054946921
4.413188e-07,-0.0054918199
4.414188e-07,-0.0055011546
4.415188e-07,-0.005516952
4.416188e-07,-0.0055320312
4.417188e-07,-0.0055377757
4.418188e-07,-0.0055334674
4.419188e-07,-0.0055241326
4.420188e-07,-0.0055191062
4.421188e-07,-0.0055262868
4.422188e-07,-0.0055471105
4.423188e-07,-0.0055743968
4.424188e-07,-0.0055973748
4.425188e-07,-0.0056067096
4.426188e-07,-0.005600247
4.427188e-07,-0.0055830136
4.428188e-07,-0.0055664982
4.429188e-07,-0.0055607537
4.430188e-07,-0.0055686523
4.431188e-07,-0.0055844497
4.432188e-07,-0.0055973748
4.433188e-07,-0.0055952206
4.434188e-07,-0.0055743968
4.435188e-07,-0.0055399299
4.436188e-07,-0.0055047449
4.437188e-07,-0.0054803309
4.438188e-07,-0.0054738683
4.439188e-07,-0.0054832031
4.440188e-07,-0.0054968463
4.441188e-07,-0.0055033088
4.442188e-07,-0.0054946921
4.443188e-07,-0.0054709961
4.444188e-07,-0.0054394014
4.445188e-07,-0.0054113971
4.446188e-07,-0.0053927275
4.447188e-07,-0.0053848288
4.448188e-07,-0.0053819566
4.449188e-07,-0.0053769301
4.450188e-07,-0.0053654412
4.451188e-07,-0.0053496438
4.452188e-07,-0.0053352826
4.453188e-07,-0.0053309743
4.454188e-07,-0.0053388729
4.455188e-07,-0.0053546703
4.456188e-07,-0.0053704676
4.457188e-07,-0.0053769301
4.458188e-07,-0.0053704676
4.459188e-07,-0.0053539522
4.460188e-07,-0.0053374368
4.461188e-07,-0.0053309743
4.462188e-07,-0.0053403091
4.463188e-07,-0.005363287
4.464188e-07,-0.0053905733
4.465188e-07,-0.0054113971
4.466188e-07,-0.0054178596
4.467188e-07,-0.0054113971
4.468188e-07,-0.0053977539
4.469188e-07,-0.0053884191
4.470188e-07,-0.0053905733
4.471188e-07,-0.0054049345
4.472188e-07,-0.0054264763
4.473188e-07,-0.005445864
4.474188e-07,-0.0054559168
4.475188e-07,-0.0054559168
4.476188e-07,-0.0054494543
4.477188e-07,-0.005445864
4.478188e-07,-0.0054508904
4.479188e-07,-0.0054652516
4.480188e-07,-0.0054853573
4.481188e-07,-0.0055033088
4.482188e-07,-0.0055133617
4.483188e-07,-0.0055140797
4.484188e-07,-0.0055083352
4.485188e-07,-0.0055033088
4.486188e-07,-0.0055047449
4.487188e-07,-0.0055147978
4.488188e-07,-0.0055313132
4.489188e-07,-0.0055492647
4.490188e-07,-0.0055636259
4.491188e-07,-0.0055729607
4.492188e-07,-0.0055787052
4.493188e-07,-0.0055837316
4.494188e-07,-0.0055909122
4.495188e-07,-0.005600247
4.496188e-07,-0.0056074276
4.497188e-07,-0.0056067096
4.498188e-07,-0.0055959386
4.499188e-07,-0.0055751149
4.500188e-07,-0.0055499828
4.501188e-07,-0.0055262868
4.502188e-07,-0.0055104894
4.503188e-07,-0.0055047449
4.504188e-07,-0.0055083352
4.505188e-07,-0.0055147978
4.506188e-07,-0.0055198242
4.507188e-07,-0.00551767
4.508188e-07,-0.0055083352
4.509188e-07,-0.0054918199
4.510188e-07,-0.005470278
4.511188e-07,-0.005446582
4.512188e-07,-0.005422168
4.513188e-07,-0.0053999081
4.514188e-07,-0.0053812385
4.515188e-07,-0.0053668773
4.516188e-07,-0.0053582606
4.517188e-07,-0.0053539522
4.518188e-07,-0.0053503619
4.519188e-07,-0.0053446174
4.520188e-07,-0.0053338465
4.521188e-07,-0.0053194853
4.522188e-07,-0.005304406
4.523188e-07,-0.0052936351
4.524188e-07,-0.0052907629
4.525188e-07,-0.0052965074
4.526188e-07,-0.0053065602
4.527188e-07,-0.0053151769
4.528188e-07,-0.005315895
4.529188e-07,-0.0053079963
4.530188e-07,-0.0052943532
4.531188e-07,-0.0052821461
4.532188e-07,-0.0052785558
4.533188e-07,-0.0052850184
4.534188e-07,-0.0052993796
4.535188e-07,-0.0053151769
4.536188e-07,-0.0053230756
4.537188e-07,-0.0053194853
4.538188e-07,-0.0053079963
4.539188e-07,-0.0052950712
4.540188e-07,-0.0052900448
4.541188e-07,-0.0052965074
4.542188e-07,-0.0053123047
4.543188e-07,-0.005327384
4.544188e-07,-0.0053316923
4.545188e-07,-0.0053194853
4.546188e-07,-0.005292199
4.547188e-07,-0.0052613224
4.548188e-07,-0.0052397806
4.549188e-07,-0.0052390625
4.550188e-07,-0.0052606043
4.551188e-07,-0.0052965074
4.552188e-07,-0.0053324104
4.553188e-07,-0.0053539522
4.554188e-07,-0.0053553883
4.555188e-07,-0.0053403091
4.556188e-07,-0.0053202034
4.557188e-07,-0.0053079963
4.558188e-07,-0.0053108686
4.559188e-07,-0.0053295381
4.560188e-07,-0.0053546703
4.561188e-07,-0.0053769301
4.562188e-07,-0.0053884191
4.563188e-07,-0.0053877011
4.564188e-07,-0.0053812385
4.565188e-07,-0.0053769301
4.566188e-07,-0.0053798024
4.567188e-07,-0.0053898552
4.568188e-07,-0.0054020623
4.569188e-07,-0.0054113971
4.570188e-07,-0.0054135512
4.571188e-07,-0.0054099609
4.572188e-07,-0.0054070887
4.573188e-07,-0.0054113971
4.574188e-07,-0.0054264763
4.575188e-07,-0.0054494543
4.576188e-07,-0.0054738683
4.577188e-07,-0.0054918199
4.578188e-07,-0.0054982824
4.579188e-07,-0.0054946921
4.580188e-07,-0.0054860754
4.581188e-07,-0.0054803309
4.582188e-07,-0.0054824851
4.583188e-07,-0.005493256
4.584188e-07,-0.0055097714
4.585188e-07,-0.0055262868
4.586188e-07,-0.0055399299
4.587188e-07,-0.0055507008
4.588188e-07,-0.0055607537
4.589188e-07,-0.0055722426
4.590188e-07,-0.0055851677
4.591188e-07,-0.0055959386
4.592188e-07,-0.005600247
4.593188e-07,-0.0055952206
4.594188e-07,-0.0055815774
4.595188e-07,-0.0055664982
4.596188e-07,-0.0055571634
4.597188e-07,-0.0055607537
4.598188e-07,-0.0055772691
4.599188e-07,-0.0056016831
4.600188e-07,-0.0056260972
4.601188e-07,-0.0056411765
4.602188e-07,-0.0056454848
4.603188e-07,-0.0056418945
4.604188e-07,-0.0056375862
4.605188e-07,-0.0056411765
4.606188e-07,-0.0056541016
4.607188e-07,-0.0056727711
4.608188e-07,-0.0056907227
4.609188e-07,-0.0056986213
4.610188e-07,-0.005695031
4.611188e-07,-0.005682824
4.612188e-07,-0.0056698989
4.613188e-07,-0.0056641544
4.614188e-07,-0.0056691808
4.615188e-07,-0.005682824
4.616188e-07,-0.0056986213
4.617188e-07,-0.0057101103
4.618188e-07,-0.0057137006
4.619188e-07,-0.0057129825
4.620188e-07,-0.0057137006
4.621188e-07,-0.0057215993
4.622188e-07,-0.0057395508
4.623188e-07,-0.0057639648
4.624188e-07,-0.0057869428
4.625188e-07,-0.0058020221
4.626188e-07,-0.0058063304
4.627188e-07,-0.0058027401
4.628188e-07,-0.0057991498
4.629188e-07,-0.0058020221
4.630188e-07,-0.0058142291
