LECROYHDO6104B,11090,Waveform
Segments,1,SegmentSize,5002
Segment,TrigTime,TimeSinceSegment1
#1,04-May-2026 18:26:51,0                 
Time,Ampl
-3.709651e-08,-0.0053388729
-3.699651e-08,-0.0053496438
-3.689651e-08,-0.0053539522
-3.679651e-08,-0.0053467716
-3.669651e-08,-0.0053295381
-3.659651e-08,-0.0053101505
-3.649651e-08,-0.0052965074
-3.639651e-08,-0.0052950712
-3.629651e-08,-0.0053065602
-3.619651e-08,-0.0053245117
-3.609651e-08,-0.0053424632
-3.599651e-08,-0.0053539522
-3.589651e-08,-0.0053596967
-3.579651e-08,-0.0053618509
-3.569651e-08,-0.0053654412
-3.559651e-08,-0.0053740579
-3.549651e-08,-0.0053855469
-3.539651e-08,-0.0053955997
-3.529651e-08,-0.0053999081
-3.519651e-08,-0.0053970358
-3.509651e-08,-0.0053905733
-3.499651e-08,-0.0053855469
-3.489651e-08,-0.0053884191
-3.479651e-08,-0.0054006261
-3.469651e-08,-0.0054178596
-3.459651e-08,-0.0054350931
-3.449651e-08,-0.005445864
-3.439651e-08,-0.0054487362
-3.429651e-08,-0.0054473001
-3.419651e-08,-0.0054480182
-3.409651e-08,-0.0054573529
-3.399651e-08,-0.0054760225
-3.389651e-08,-0.0054990005
-3.379651e-08,-0.00551767
-3.369651e-08,-0.0055262868
-3.359651e-08,-0.0055219784
-3.349651e-08,-0.0055097714
-3.339651e-08,-0.0054968463
-3.329651e-08,-0.0054918199
-3.319651e-08,-0.0054961282
-3.309651e-08,-0.0055068991
-3.299651e-08,-0.0055147978
-3.289651e-08,-0.0055147978
-3.279651e-08,-0.0055040269
-3.269651e-08,-0.0054867934
-3.259651e-08,-0.0054724322
-3.249651e-08,-0.0054688419
-3.239651e-08,-0.0054781767
-3.229651e-08,-0.0054954102
-3.219651e-08,-0.0055104894
-3.209651e-08,-0.0055147978
-3.199651e-08,-0.0055040269
-3.189651e-08,-0.0054824851
-3.179651e-08,-0.0054595071
-3.169651e-08,-0.005445864
-3.159651e-08,-0.005446582
-3.149651e-08,-0.005458071
-3.139651e-08,-0.0054731503
-3.129651e-08,-0.0054803309
-3.119651e-08,-0.0054731503
-3.109651e-08,-0.0054523265
-3.099651e-08,-0.0054250402
-3.089651e-08,-0.0053999081
-3.079651e-08,-0.0053848288
-3.069651e-08,-0.0053798024
-3.059651e-08,-0.0053790843
-3.049651e-08,-0.0053769301
-3.039651e-08,-0.0053668773
-3.029651e-08,-0.0053482077
-3.019651e-08,-0.0053259478
-3.009651e-08,-0.0053079963
-2.999651e-08,-0.0052986615
-2.989651e-08,-0.0052979435
-2.979651e-08,-0.0053029699
-2.969651e-08,-0.0053079963
-2.959651e-08,-0.0053079963
-2.949651e-08,-0.0053022518
-2.939651e-08,-0.0052936351
-2.929651e-08,-0.0052850184
-2.919651e-08,-0.0052785558
-2.909651e-08,-0.0052720933
-2.899651e-08,-0.0052641946
-2.889651e-08,-0.0052505515
-2.879651e-08,-0.0052326
-2.869651e-08,-0.0052132123
-2.859651e-08,-0.005198133
-2.849651e-08,-0.0051931066
-2.839651e-08,-0.005198133
-2.829651e-08,-0.005209622
-2.819651e-08,-0.005221111
-2.809651e-08,-0.0052275735
-2.799651e-08,-0.0052275735
-2.789651e-08,-0.0052239832
-2.779651e-08,-0.0052225471
-2.769651e-08,-0.0052275735
-2.759651e-08,-0.0052404986
-2.749651e-08,-0.005256296
-2.739651e-08,-0.005268503
-2.729651e-08,-0.0052735294
-2.719651e-08,-0.0052706572
-2.709651e-08,-0.0052641946
-2.699651e-08,-0.0052634766
-2.689651e-08,-0.0052735294
-2.679651e-08,-0.0052943532
-2.669651e-08,-0.0053202034
-2.659651e-08,-0.0053424632
-2.649651e-08,-0.0053539522
-2.639651e-08,-0.005351798
-2.629651e-08,-0.0053417452
-2.619651e-08,-0.0053324104
-2.609651e-08,-0.0053309743
-2.599651e-08,-0.0053403091
-2.589651e-08,-0.0053568244
-2.579651e-08,-0.0053711857
-2.569651e-08,-0.0053769301
-2.559651e-08,-0.0053704676
-2.549651e-08,-0.0053553883
-2.539651e-08,-0.005339591
-2.529651e-08,-0.0053309743
-2.519651e-08,-0.0053316923
-2.509651e-08,-0.0053381549
-2.499651e-08,-0.0053438994
-2.489651e-08,-0.0053424632
-2.479651e-08,-0.0053309743
-2.469651e-08,-0.0053144589
-2.459651e-08,-0.0053008157
-2.449651e-08,-0.0052965074
-2.439651e-08,-0.005303688
-2.429651e-08,-0.0053173311
-2.419651e-08,-0.0053288201
-2.409651e-08,-0.0053309743
-2.399651e-08,-0.0053209214
-2.389651e-08,-0.005304406
-2.379651e-08,-0.0052893267
-2.369651e-08,-0.0052850184
-2.359651e-08,-0.0052936351
-2.349651e-08,-0.0053108686
-2.339651e-08,-0.0053266659
-2.329651e-08,-0.0053309743
-2.319651e-08,-0.0053202034
-2.309651e-08,-0.0052979435
-2.299651e-08,-0.0052749655
-2.289651e-08,-0.0052620404
-2.279651e-08,-0.0052641946
-2.269651e-08,-0.0052792739
-2.259651e-08,-0.0052979435
-2.249651e-08,-0.0053079963
-2.239651e-08,-0.005303688
-2.229651e-08,-0.0052850184
-2.219651e-08,-0.0052598863
-2.209651e-08,-0.0052390625
-2.199651e-08,-0.0052311638
-2.189651e-08,-0.0052376264
-2.179651e-08,-0.0052541418
-2.169651e-08,-0.0052735294
-2.159651e-08,-0.0052886087
-2.149651e-08,-0.0052972254
-2.139651e-08,-0.0053022518
-2.129651e-08,-0.0053079963
-2.119651e-08,-0.0053187672
-2.109651e-08,-0.0053338465
-2.099651e-08,-0.00535108
-2.089651e-08,-0.0053654412
-2.079651e-08,-0.005375494
-2.069651e-08,-0.0053812385
-2.059651e-08,-0.0053884191
-2.049651e-08,-0.0053999081
-2.039651e-08,-0.0054164235
-2.029651e-08,-0.0054350931
-2.019651e-08,-0.0054501723
-2.009651e-08,-0.0054573529
-1.999651e-08,-0.0054544807
-1.989651e-08,-0.005445864
-1.979651e-08,-0.0054379653
-1.969651e-08,-0.005434375
-1.959651e-08,-0.0054372472
-1.949651e-08,-0.0054429917
-1.939651e-08,-0.0054437098
-1.929651e-08,-0.005434375
-1.919651e-08,-0.0054128332
-1.909651e-08,-0.0053833927
-1.899651e-08,-0.0053539522
-1.889651e-08,-0.0053309743
-1.879651e-08,-0.0053173311
-1.869651e-08,-0.0053094324
-1.859651e-08,-0.0053008157
-1.849651e-08,-0.0052850184
-1.839651e-08,-0.0052584501
-1.829651e-08,-0.0052232652
-1.819651e-08,-0.0051844899
-1.809651e-08,-0.0051471507
-1.799651e-08,-0.0051119658
-1.789651e-08,-0.0050760627
-1.779651e-08,-0.005031543
-1.769651e-08,-0.0049748162
-1.759651e-08,-0.0049066004
-1.749651e-08,-0.0048333582
-1.739651e-08,-0.0047658605
-1.729651e-08,-0.0047105699
-1.719651e-08,-0.0046696404
-1.709651e-08,-0.0046358915
-1.699651e-08,-0.0045992705
-1.689651e-08,-0.0045497243
-1.679651e-08,-0.0044829446
-1.669651e-08,-0.0044032399
-1.659651e-08,-0.004322099
-1.649651e-08,-0.004251011
-1.639651e-08,-0.0041957204
-1.629651e-08,-0.004155509
-1.619651e-08,-0.004120324
-1.609651e-08,-0.0040786765
-1.599651e-08,-0.0040226677
-1.589651e-08,-0.0039515797
-1.579651e-08,-0.0038711569
-1.569651e-08,-0.0037914522
-1.559651e-08,-0.0037210823
-1.549651e-08,-0.0036629193
-1.539651e-08,-0.0036155273
-1.529651e-08,-0.0035731618
-1.519651e-08,-0.0035300781
-1.509651e-08,-0.0034855584
-1.499651e-08,-0.0034417567
-1.489651e-08,-0.0034008272
-1.479651e-08,-0.0033663603
-1.469651e-08,-0.0033362017
-1.459651e-08,-0.0033074793
-1.449651e-08,-0.0032744485
-1.439651e-08,-0.0032363913
-1.429651e-08,-0.0031947438
-1.419651e-08,-0.0031552505
-1.409651e-08,-0.0031250919
-1.399651e-08,-0.0031064223
-1.389651e-08,-0.0030985237
-1.379651e-08,-0.0030956514
-1.369651e-08,-0.003090625
-1.359651e-08,-0.0030798541
-1.349651e-08,-0.0030640568
-1.339651e-08,-0.0030468233
-1.329651e-08,-0.0030331801
-1.319651e-08,-0.0030259995
-1.309651e-08,-0.0030231273
-1.299651e-08,-0.003019537
-1.289651e-08,-0.0030102022
-1.279651e-08,-0.0029915326
-1.269651e-08,-0.0029642463
-1.259651e-08,-0.0029333697
-1.249651e-08,-0.0029068015
-1.239651e-08,-0.00288885
-1.229651e-08,-0.0028809513
-1.219651e-08,-0.0028802332
-1.209651e-08,-0.0028838235
-1.199651e-08,-0.0028866958
-1.189651e-08,-0.0028881319
-1.179651e-08,-0.0028866958
-1.169651e-08,-0.0028838235
-1.159651e-08,-0.002878079
-1.149651e-08,-0.0028673081
-1.139651e-08,-0.0028500747
-1.129651e-08,-0.0028263787
-1.119651e-08,-0.0027983743
-1.109651e-08,-0.0027725241
-1.099651e-08,-0.0027538545
-1.089651e-08,-0.0027459559
-1.079651e-08,-0.002747392
-1.069651e-08,-0.0027531365
-1.059651e-08,-0.0027545726
-1.049651e-08,-0.0027459559
-1.039651e-08,-0.0027265682
-1.029651e-08,-0.0027007181
-1.019651e-08,-0.0026748679
-1.009651e-08,-0.0026540441
-9.996509e-09,-0.002641119
-9.896509e-09,-0.0026325023
-9.796509e-09,-0.0026224494
-9.696509e-09,-0.0026080882
-9.596509e-09,-0.0025879825
-9.496509e-09,-0.0025657227
-9.396509e-09,-0.0025477711
-9.296509e-09,-0.0025391544
-9.196509e-09,-0.0025391544
-9.096509e-09,-0.0025434628
-8.996509e-09,-0.0025448989
-8.896509e-09,-0.0025391544
-8.796509e-09,-0.0025255113
-8.696509e-09,-0.0025089959
-8.596509e-09,-0.0024960708
-8.496509e-09,-0.0024931985
-8.396509e-09,-0.002498943
-8.296509e-09,-0.0025082778
-8.196509e-09,-0.0025118681
-8.096509e-09,-0.0025046875
-7.996509e-09,-0.002486736
-7.896509e-09,-0.0024644761
-7.796509e-09,-0.0024486788
-7.696509e-09,-0.0024472426
-7.596509e-09,-0.00246304
-7.496509e-09,-0.0024910443
-7.396509e-09,-0.0025197668
-7.296509e-09,-0.0025391544
-7.196509e-09,-0.0025441808
-7.096509e-09,-0.0025362822
-6.996509e-09,-0.0025247932
-6.896509e-09,-0.0025161765
-6.796509e-09,-0.0025161765
-6.696509e-09,-0.002522639
-6.596509e-09,-0.0025291016
-6.496509e-09,-0.0025276654
-6.396509e-09,-0.0025154584
-6.296509e-09,-0.0024953527
-6.196509e-09,-0.0024738109
-6.096509e-09,-0.0024587316
-5.996509e-09,-0.0024551413
-5.896509e-09,-0.0024623219
-5.796509e-09,-0.0024730928
-5.696509e-09,-0.0024817096
-5.596509e-09,-0.0024838637
-5.496509e-09,-0.0024795554
-5.396509e-09,-0.0024738109
-5.296509e-09,-0.0024702206
-5.196509e-09,-0.0024702206
-5.096509e-09,-0.0024695025
-4.996509e-09,-0.002463758
-4.896509e-09,-0.0024472426
-4.796509e-09,-0.0024206744
-4.696509e-09,-0.0023890797
-4.596509e-09,-0.0023610754
-4.496509e-09,-0.0023438419
-4.396509e-09,-0.0023388155
-4.296509e-09,-0.0023395335
-4.196509e-09,-0.0023373794
-4.096509e-09,-0.002320864
-3.996509e-09,-0.0022863971
-3.896509e-09,-0.0022368509
-3.796509e-09,-0.0021801241
-3.696509e-09,-0.0021255515
-3.596509e-09,-0.0020767233
-3.496509e-09,-0.0020314855
-3.396509e-09,-0.0019812213
-3.296509e-09,-0.00191875
-3.196509e-09,-0.0018390453
-3.096509e-09,-0.0017464154
-2.996509e-09,-0.0016501953
-2.896509e-09,-0.0015625919
-2.796509e-09,-0.0014915039
-2.696509e-09,-0.0014383674
-2.596509e-09,-0.0013960018
-2.496509e-09,-0.0013557904
-2.396509e-09,-0.0013076804
-2.296509e-09,-0.0012480813
-2.196509e-09,-0.0011777114
-2.096509e-09,-0.0011030331
-1.996509e-09,-0.0010283548
-1.896509e-09,-0.00095654871
-1.796509e-09,-0.00088617877
-1.696509e-09,-0.00081580882
-1.596509e-09,-0.0007432847
-1.496509e-09,-0.00067076057
-1.396509e-09,-0.00060182675
-1.296509e-09,-0.00054007353
-1.196509e-09,-0.00048693704
-1.096509e-09,-0.0004402631
-9.965089e-10,-0.00039430722
-8.965089e-10,-0.00034476103
-7.965089e-10,-0.0002887523
-6.965089e-10,-0.00022987132
-5.965089e-10,-0.00017386259
-4.965089e-10,-0.00012647059
-3.965089e-10,-9.0567555e-05
-2.965089e-10,-6.4717371e-05
-1.965089e-10,-4.0303309e-05
-9.650886e-11,-1.1580882e-05
3.491141e-12,2.6476333e-05
1.034911e-10,7.2432215e-05
2.034911e-10,0.00012054228
3.034911e-10,0.00016075368
4.034911e-10,0.00018803998
5.034911e-10,0.00020168313
6.034911e-10,0.00020527344
7.034911e-10,0.00020670956
8.034911e-10,0.0002131721
9.034911e-10,0.00022681526
1.003491e-09,0.00024548483
1.103491e-09,0.00026415441
1.203491e-09,0.00027636144
1.303491e-09,0.00027851562
1.403491e-09,0.0002734892
1.503491e-09,0.00026415441
1.603491e-09,0.00025625574
1.703491e-09,0.00025194738
1.803491e-09,0.00025194738
1.903491e-09,0.00025266544
2.003491e-09,0.0002497932
2.103491e-09,0.00024117647
2.203491e-09,0.0002260972
2.303491e-09,0.00020670956
2.403491e-09,0.0001858858
2.503491e-09,0.00016649816
2.603491e-09,0.00014998277
2.703491e-09,0.00013777574
2.803491e-09,0.00012844095
2.903491e-09,0.00012269646
3.003491e-09,0.0001183881
3.103491e-09,0.00011479779
3.203491e-09,0.00011048943
3.303491e-09,0.00010259076
3.403491e-09,8.894761e-05
3.503491e-09,6.8841912e-05
3.603491e-09,4.3709789e-05
3.703491e-09,1.7141544e-05
3.803491e-09,-5.8363971e-06
3.903491e-09,-2.3069853e-05
4.003491e-09,-3.2404642e-05
4.103491e-09,-3.4558824e-05
4.203491e-09,-3.4558824e-05
4.303491e-09,-3.4558824e-05
4.403491e-09,-3.7431066e-05
4.503491e-09,-4.3893612e-05
4.603491e-09,-5.1074219e-05
4.703491e-09,-5.7536765e-05
4.803491e-09,-6.1127068e-05
4.903491e-09,-6.1845129e-05
5.003491e-09,-6.0409007e-05
5.103491e-09,-5.7536765e-05
5.203491e-09,-5.4664522e-05
5.303491e-09,-4.9638097e-05
5.403491e-09,-4.3175551e-05
5.503491e-09,-3.4558824e-05
5.603491e-09,-2.4505974e-05
5.703491e-09,-1.5889246e-05
5.803491e-09,-1.1580882e-05
5.903491e-09,-1.1580882e-05
6.003491e-09,-1.5171186e-05
6.103491e-09,-1.8761489e-05
6.203491e-09,-1.8043428e-05
6.303491e-09,-1.1580882e-05
6.403491e-09,-9.1911765e-08
6.503491e-09,1.283318e-05
6.603491e-09,2.1449908e-05
6.703491e-09,2.2886029e-05
6.803491e-09,1.6423483e-05
6.903491e-09,5.6525735e-06
7.003491e-09,-1.5280331e-06
7.103491e-09,-9.1911765e-08
7.203491e-09,1.3551241e-05
7.303491e-09,3.7965303e-05
7.403491e-09,6.5969669e-05
7.503491e-09,9.1819853e-05
7.603491e-09,0.00010905331
7.703491e-09,0.00011623392
7.803491e-09,0.00011695198
7.903491e-09,0.00011479779
8.003491e-09,0.00011623392
8.103491e-09,0.00012341452
8.203491e-09,0.00013562155
8.303491e-09,0.00014926471
8.403491e-09,0.00015931756
8.503491e-09,0.0001621898
8.603491e-09,0.00015859949
8.703491e-09,0.00014926471
8.803491e-09,0.0001384938
8.903491e-09,0.00012844095
9.003491e-09,0.00012126034
9.103491e-09,0.00011479779
9.203491e-09,0.00010833525
9.303491e-09,9.8282399e-05
9.403491e-09,8.5357307e-05
9.503491e-09,6.8841912e-05
9.603491e-09,5.0172335e-05
9.703491e-09,3.1502757e-05
9.803491e-09,1.4269301e-05
9.903491e-09,-9.1911765e-08
1.000349e-08,-1.1580882e-05
1.010349e-08,-2.019761e-05
1.020349e-08,-2.7378217e-05
1.030349e-08,-3.4558824e-05
1.040349e-08,-4.3175551e-05
1.050349e-08,-5.4664522e-05
1.060349e-08,-6.7589614e-05
1.070349e-08,-8.0514706e-05
1.080349e-08,-9.1285616e-05
1.090349e-08,-9.7748162e-05
1.100349e-08,-9.7748162e-05
1.110349e-08,-9.2003676e-05
1.120349e-08,-8.2668888e-05
1.130349e-08,-7.405216e-05
1.140349e-08,-6.9025735e-05
1.150349e-08,-6.9025735e-05
1.160349e-08,-7.405216e-05
1.170349e-08,-8.1950827e-05
1.180349e-08,-8.8413373e-05
1.190349e-08,-9.2003676e-05
1.200349e-08,-9.1285616e-05
1.210349e-08,-8.7695313e-05
1.220349e-08,-8.4105009e-05
1.230349e-08,-8.0514706e-05
1.240349e-08,-7.8360524e-05
1.250349e-08,-7.4770221e-05
1.260349e-08,-6.8307675e-05
1.270349e-08,-5.7536765e-05
1.280349e-08,-4.3175551e-05
1.290349e-08,-2.8096278e-05
1.300349e-08,-1.6607307e-05
1.310349e-08,-1.1580882e-05
1.320349e-08,-1.3017004e-05
1.330349e-08,-1.8761489e-05
1.340349e-08,-2.3787914e-05
1.350349e-08,-2.3069853e-05
1.360349e-08,-1.5171186e-05
1.370349e-08,-1.5280331e-06
1.380349e-08,1.3551241e-05
1.390349e-08,2.2886029e-05
1.400349e-08,2.2886029e-05
1.410349e-08,1.283318e-05
1.420349e-08,-4.4002757e-06
1.430349e-08,-2.3069853e-05
1.440349e-08,-3.6713006e-05
1.450349e-08,-4.173943e-05
1.460349e-08,-4.0303309e-05
1.470349e-08,-3.4558824e-05
1.480349e-08,-3.096852e-05
1.490349e-08,-3.3122702e-05
1.500349e-08,-4.3175551e-05
1.510349e-08,-5.7536765e-05
1.520349e-08,-7.3334099e-05
1.530349e-08,-8.6259191e-05
1.540349e-08,-9.631204e-05
1.550349e-08,-0.00010349265
1.560349e-08,-0.00011210938
1.570349e-08,-0.00012503447
1.580349e-08,-0.00014226792
1.590349e-08,-0.0001609375
1.600349e-08,-0.00017673483
1.610349e-08,-0.00018391544
1.620349e-08,-0.00018176126
1.630349e-08,-0.00017242647
1.640349e-08,-0.00016165556
1.650349e-08,-0.00015662914
1.660349e-08,-0.00016380974
1.670349e-08,-0.00018391544
1.680349e-08,-0.00021407399
1.690349e-08,-0.00024566866
1.700349e-08,-0.0002722369
1.710349e-08,-0.00028731618
1.720349e-08,-0.00029090648
1.730349e-08,-0.00028588006
1.740349e-08,-0.00027941751
1.750349e-08,-0.00027582721
1.760349e-08,-0.00027869945
1.770349e-08,-0.00028731618
1.780349e-08,-0.00029880515
1.790349e-08,-0.00031029412
1.800349e-08,-0.00032034697
1.810349e-08,-0.00032896369
1.820349e-08,-0.00033686236
1.830349e-08,-0.00034476103
1.840349e-08,-0.0003526597
1.850349e-08,-0.00035840418
1.860349e-08,-0.0003598403
1.870349e-08,-0.00035625
1.880349e-08,-0.00034835133
1.890349e-08,-0.0003397346
1.900349e-08,-0.00033399012
1.910349e-08,-0.00033327206
1.920349e-08,-0.00033758042
1.930349e-08,-0.00034404297
1.940349e-08,-0.00034691521
1.950349e-08,-0.00034476103
1.960349e-08,-0.00033686236
1.970349e-08,-0.00032680951
1.980349e-08,-0.00032034697
1.990349e-08,-0.00032178309
2.000349e-08,-0.00033183594
2.010349e-08,-0.00034691521
2.020349e-08,-0.00036055836
2.030349e-08,-0.00036773897
2.040349e-08,-0.00036414867
2.050349e-08,-0.00035194164
2.060349e-08,-0.00033542624
2.070349e-08,-0.00032178309
2.080349e-08,-0.00031532054
2.090349e-08,-0.00031747472
2.100349e-08,-0.00032537339
2.110349e-08,-0.00033327206
2.120349e-08,-0.0003361443
2.130349e-08,-0.000332554
2.140349e-08,-0.00032250115
2.150349e-08,-0.00031029412
2.160349e-08,-0.00030095933
2.170349e-08,-0.00029808709
2.180349e-08,-0.00030167739
2.190349e-08,-0.00031029412
2.200349e-08,-0.00032034697
2.210349e-08,-0.00033039982
2.220349e-08,-0.00033829848
2.230349e-08,-0.00034476103
2.240349e-08,-0.00034978745
2.250349e-08,-0.00035409582
2.260349e-08,-0.00035625
2.270349e-08,-0.00035625
2.280349e-08,-0.00035409582
2.290349e-08,-0.00035122358
2.300349e-08,-0.00035122358
2.310349e-08,-0.00035625
2.320349e-08,-0.00036917509
2.330349e-08,-0.00038999885
2.340349e-08,-0.00041369485
2.350349e-08,-0.00043667279
2.360349e-08,-0.00045318819
2.370349e-08,-0.00046180492
2.380349e-08,-0.00046252298
2.390349e-08,-0.00045965074
2.400349e-08,-0.00045893267
2.410349e-08,-0.00046324104
2.420349e-08,-0.00047616613
2.430349e-08,-0.00049411765
2.440349e-08,-0.00051422335
2.450349e-08,-0.00053361098
2.460349e-08,-0.00054940832
2.470349e-08,-0.00056305147
2.480349e-08,-0.00057597656
2.490349e-08,-0.0005917739
2.500349e-08,-0.00061116153
2.510349e-08,-0.00063198529
2.520349e-08,-0.00065137293
2.530349e-08,-0.00066645221
2.540349e-08,-0.00067506893
2.550349e-08,-0.00067794118
2.560349e-08,-0.00067865924
2.570349e-08,-0.00068153148
2.580349e-08,-0.00068871209
2.590349e-08,-0.00070091912
2.600349e-08,-0.00071456227
2.610349e-08,-0.00072605124
2.620349e-08,-0.00073251379
2.630349e-08,-0.00073538603
2.640349e-08,-0.00073682215
2.650349e-08,-0.00074184858
2.660349e-08,-0.00075261949
2.670349e-08,-0.00076985294
2.680349e-08,-0.00078852252
2.690349e-08,-0.00080144761
2.700349e-08,-0.00080360179
2.710349e-08,-0.00079283088
2.720349e-08,-0.00077272518
2.730349e-08,-0.00075118336
2.740349e-08,-0.00073682215
2.750349e-08,-0.00073538603
2.760349e-08,-0.00074759306
2.770349e-08,-0.00076841682
2.780349e-08,-0.00078995864
2.790349e-08,-0.00080431985
2.800349e-08,-0.00080934628
2.810349e-08,-0.00080503791
2.820349e-08,-0.00079785731
2.830349e-08,-0.00079283088
2.840349e-08,-0.00079211282
2.850349e-08,-0.000794267
2.860349e-08,-0.00079570312
2.870349e-08,-0.00079283088
2.880349e-08,-0.00078349609
2.890349e-08,-0.00076913488
2.900349e-08,-0.00075549173
2.910349e-08,-0.000746875
2.920349e-08,-0.00074543888
2.930349e-08,-0.00074974724
2.940349e-08,-0.00075549173
2.950349e-08,-0.00075836397
2.960349e-08,-0.00075620979
2.970349e-08,-0.0007504653
2.980349e-08,-0.00074543888
2.990349e-08,-0.000746875
3.000349e-08,-0.00075620979
3.010349e-08,-0.00077272518
3.020349e-08,-0.0007906767
3.030349e-08,-0.00080431985
3.040349e-08,-0.00080862822
3.050349e-08,-0.00080360179
3.060349e-08,-0.00079211282
3.070349e-08,-0.00078134191
3.080349e-08,-0.00077559743
3.090349e-08,-0.00077846967
3.100349e-08,-0.00078924058
3.110349e-08,-0.00080431985
3.120349e-08,-0.00082011719
3.130349e-08,-0.00083376034
3.140349e-08,-0.00084381319
3.150349e-08,-0.00085027574
3.160349e-08,-0.00085386604
3.170349e-08,-0.00085386604
3.180349e-08,-0.00084883961
3.190349e-08,-0.00083878676
3.200349e-08,-0.00082370749
3.210349e-08,-0.0008071921
3.220349e-08,-0.00079139476
3.230349e-08,-0.00078134191
3.240349e-08,-0.00077775161
3.250349e-08,-0.00078062385
3.260349e-08,-0.00078636834
3.270349e-08,-0.00079283088
3.280349e-08,-0.00079713925
3.290349e-08,-0.00079785731
3.300349e-08,-0.00079642119
3.310349e-08,-0.00079283088
3.320349e-08,-0.0007870864
3.330349e-08,-0.00077990579
3.340349e-08,-0.00076985294
3.350349e-08,-0.00075836397
3.360349e-08,-0.00074759306
3.370349e-08,-0.00074041245
3.380349e-08,-0.00073969439
3.390349e-08,-0.000746875
3.400349e-08,-0.00075908203
3.410349e-08,-0.00077200712
3.420349e-08,-0.00077990579
3.430349e-08,-0.00078134191
3.440349e-08,-0.00077559743
3.450349e-08,-0.00076769876
3.460349e-08,-0.00076051815
3.470349e-08,-0.00075836397
3.480349e-08,-0.00076051815
3.490349e-08,-0.00076410846
3.500349e-08,-0.00076410846
3.510349e-08,-0.00075836397
3.520349e-08,-0.00074759306
3.530349e-08,-0.00073682215
3.540349e-08,-0.00073107767
3.550349e-08,-0.00073538603
3.560349e-08,-0.00074974724
3.570349e-08,-0.00076985294
3.580349e-08,-0.00078995864
3.590349e-08,-0.00080431985
3.600349e-08,-0.00081150046
3.610349e-08,-0.0008143727
3.620349e-08,-0.00081796301
3.630349e-08,-0.00082729779
3.640349e-08,-0.00084309513
3.650349e-08,-0.00086176471
3.660349e-08,-0.00087684398
3.670349e-08,-0.00088474265
3.680349e-08,-0.00088330653
3.690349e-08,-0.00087612592
3.700349e-08,-0.00087038143
3.710349e-08,-0.00087325368
3.720349e-08,-0.00088761489
3.730349e-08,-0.00091131089
3.740349e-08,-0.00093931526
3.750349e-08,-0.00096516544
3.760349e-08,-0.00098383502
3.770349e-08,-0.00099388787
3.780349e-08,-0.00099819623
3.790349e-08,-0.00099963235
3.800349e-08,-0.0010017865
3.810349e-08,-0.0010046588
3.820349e-08,-0.001007531
3.830349e-08,-0.0010111213
3.840349e-08,-0.0010161477
3.850349e-08,-0.0010254825
3.860349e-08,-0.001042716
3.870349e-08,-0.0010685662
3.880349e-08,-0.0010980067
3.890349e-08,-0.0011245749
3.900349e-08,-0.0011396542
3.910349e-08,-0.0011375
3.920349e-08,-0.0011195485
3.930349e-08,-0.0010929802
3.940349e-08,-0.0010692842
3.950349e-08,-0.0010570772
3.960349e-08,-0.0010606675
3.970349e-08,-0.0010771829
3.980349e-08,-0.0010980067
3.990349e-08,-0.0011145221
4.000349e-08,-0.0011202665
4.010349e-08,-0.0011166762
4.020349e-08,-0.0011080595
4.030349e-08,-0.0011030331
4.040349e-08,-0.0011051873
4.050349e-08,-0.0011152401
4.060349e-08,-0.0011281652
4.070349e-08,-0.0011375
4.080349e-08,-0.0011396542
4.090349e-08,-0.0011346278
4.100349e-08,-0.0011281652
4.110349e-08,-0.001126011
4.120349e-08,-0.0011339097
4.130349e-08,-0.0011511432
4.140349e-08,-0.0011741211
4.150349e-08,-0.0011949449
4.160349e-08,-0.0012078699
4.170349e-08,-0.0012100241
4.180349e-08,-0.0012042796
4.190349e-08,-0.0011949449
4.200349e-08,-0.0011877642
4.210349e-08,-0.001184892
4.220349e-08,-0.0011884823
4.230349e-08,-0.0011949449
4.240349e-08,-0.0012028435
4.250349e-08,-0.0012114602
4.260349e-08,-0.001220077
4.270349e-08,-0.0012294118
4.280349e-08,-0.0012401827
4.290349e-08,-0.0012509536
4.300349e-08,-0.0012588523
4.310349e-08,-0.0012638787
4.320349e-08,-0.0012645967
4.330349e-08,-0.0012631606
4.340349e-08,-0.0012624426
4.350349e-08,-0.0012638787
4.360349e-08,-0.0012689051
4.370349e-08,-0.0012753676
4.380349e-08,-0.0012818302
4.390349e-08,-0.0012868566
4.400349e-08,-0.0012904469
4.410349e-08,-0.0012954733
4.420349e-08,-0.0013019359
4.430349e-08,-0.0013098346
4.440349e-08,-0.0013170152
4.450349e-08,-0.0013191693
4.460349e-08,-0.0013127068
4.470349e-08,-0.0012983456
4.480349e-08,-0.0012818302
4.490349e-08,-0.0012703412
4.500349e-08,-0.0012710593
4.510349e-08,-0.0012868566
4.520349e-08,-0.0013141429
4.530349e-08,-0.0013428653
4.540349e-08,-0.001362971
4.550349e-08,-0.0013672794
4.560349e-08,-0.0013550724
4.570349e-08,-0.0013328125
4.580349e-08,-0.0013112707
4.590349e-08,-0.0012983456
4.600349e-08,-0.0012976275
4.610349e-08,-0.0013062443
4.620349e-08,-0.0013162971
4.630349e-08,-0.0013213235
4.640349e-08,-0.0013177332
4.650349e-08,-0.0013091165
4.660349e-08,-0.0013004998
4.670349e-08,-0.0012983456
4.680349e-08,-0.0013040901
4.690349e-08,-0.0013134249
4.700349e-08,-0.0013213235
4.710349e-08,-0.0013213235
4.720349e-08,-0.0013141429
4.730349e-08,-0.0013048081
4.740349e-08,-0.0013012178
4.750349e-08,-0.0013098346
4.760349e-08,-0.0013320944
4.770349e-08,-0.0013615349
4.780349e-08,-0.0013881032
4.790349e-08,-0.0014017463
4.800349e-08,-0.0013988741
4.810349e-08,-0.0013837948
4.820349e-08,-0.0013658433
4.830349e-08,-0.0013557904
4.840349e-08,-0.0013608169
4.850349e-08,-0.0013794864
4.860349e-08,-0.0014039005
4.870349e-08,-0.0014247243
4.880349e-08,-0.001433341
4.890349e-08,-0.0014283146
4.900349e-08,-0.0014153895
4.910349e-08,-0.0014017463
4.920349e-08,-0.0013952838
4.930349e-08,-0.001398156
4.940349e-08,-0.001409645
4.950349e-08,-0.0014247243
4.960349e-08,-0.0014383674
4.970349e-08,-0.0014477022
4.980349e-08,-0.0014541648
4.990349e-08,-0.0014591912
5.000349e-08,-0.0014642176
5.010349e-08,-0.001469244
5.020349e-08,-0.0014713982
5.030349e-08,-0.0014706801
5.040349e-08,-0.0014670898
5.050349e-08,-0.0014627815
5.060349e-08,-0.0014634995
5.070349e-08,-0.0014706801
5.080349e-08,-0.0014836052
5.090349e-08,-0.0014972484
5.100349e-08,-0.0015058651
5.110349e-08,-0.0015051471
5.120349e-08,-0.0014943761
5.130349e-08,-0.0014785788
5.140349e-08,-0.0014649357
5.150349e-08,-0.0014591912
5.160349e-08,-0.0014613454
5.170349e-08,-0.001468526
5.180349e-08,-0.0014735524
5.190349e-08,-0.0014706801
5.200349e-08,-0.0014591912
5.210349e-08,-0.00144483
5.220349e-08,-0.0014347771
5.230349e-08,-0.0014362132
5.240349e-08,-0.0014505744
5.250349e-08,-0.0014728343
5.260349e-08,-0.0014943761
5.270349e-08,-0.0015051471
5.280349e-08,-0.0015015568
5.290349e-08,-0.0014871955
5.300349e-08,-0.0014699621
5.310349e-08,-0.0014591912
5.320349e-08,-0.0014613454
5.330349e-08,-0.0014757066
5.340349e-08,-0.0014965303
5.350349e-08,-0.001516636
5.360349e-08,-0.0015295611
5.370349e-08,-0.0015345875
5.380349e-08,-0.0015360237
5.390349e-08,-0.001539614
5.400349e-08,-0.0015489488
5.410349e-08,-0.00156331
5.420349e-08,-0.0015776712
5.430349e-08,-0.0015855699
5.440349e-08,-0.0015841337
5.450349e-08,-0.0015733628
5.460349e-08,-0.0015597197
5.470349e-08,-0.0015511029
5.480349e-08,-0.0015525391
5.490349e-08,-0.0015654642
5.500349e-08,-0.0015862879
5.510349e-08,-0.0016085478
5.520349e-08,-0.0016264993
5.530349e-08,-0.0016372702
5.540349e-08,-0.0016422966
5.550349e-08,-0.0016430147
5.560349e-08,-0.0016430147
5.570349e-08,-0.0016437328
5.580349e-08,-0.0016444508
5.590349e-08,-0.0016430147
5.600349e-08,-0.0016401425
5.610349e-08,-0.0016379883
5.620349e-08,-0.0016379883
5.630349e-08,-0.0016430147
5.640349e-08,-0.0016516314
5.650349e-08,-0.0016616843
5.660349e-08,-0.0016674288
5.670349e-08,-0.0016659926
5.680349e-08,-0.0016573759
5.690349e-08,-0.0016451689
5.700349e-08,-0.001635116
5.710349e-08,-0.0016315257
5.720349e-08,-0.0016358341
5.730349e-08,-0.0016451689
5.740349e-08,-0.0016530676
5.750349e-08,-0.0016545037
5.760349e-08,-0.001646605
5.770349e-08,-0.0016322438
5.780349e-08,-0.0016178826
5.790349e-08,-0.0016085478
5.800349e-08,-0.0016092659
5.810349e-08,-0.0016193187
5.820349e-08,-0.0016365522
5.830349e-08,-0.0016545037
5.840349e-08,-0.0016710191
5.850349e-08,-0.0016853803
5.860349e-08,-0.0016990234
5.870349e-08,-0.0017119485
5.880349e-08,-0.0017248736
5.890349e-08,-0.0017342084
5.900349e-08,-0.0017385168
5.910349e-08,-0.0017349265
5.920349e-08,-0.0017270278
5.930349e-08,-0.0017205653
5.940349e-08,-0.0017212833
5.950349e-08,-0.0017349265
5.960349e-08,-0.0017600586
5.970349e-08,-0.0017909352
5.980349e-08,-0.0018189396
5.990349e-08,-0.0018383272
6.000349e-08,-0.0018462259
6.010349e-08,-0.0018462259
6.020349e-08,-0.0018455078
6.030349e-08,-0.0018498162
6.040349e-08,-0.0018627413
6.050349e-08,-0.0018806928
6.060349e-08,-0.0018979262
6.070349e-08,-0.001907261
6.080349e-08,-0.0019058249
6.090349e-08,-0.001895054
6.100349e-08,-0.0018814108
6.110349e-08,-0.0018727941
6.120349e-08,-0.0018727941
6.130349e-08,-0.0018814108
6.140349e-08,-0.0018943359
6.150349e-08,-0.001907261
6.160349e-08,-0.0019158778
6.170349e-08,-0.0019209042
6.180349e-08,-0.0019252125
6.190349e-08,-0.001930239
6.200349e-08,-0.0019374196
6.210349e-08,-0.001942446
6.220349e-08,-0.0019417279
6.230349e-08,-0.001930239
6.240349e-08,-0.0019086972
6.250349e-08,-0.0018806928
6.260349e-08,-0.0018548426
6.270349e-08,-0.0018383272
6.280349e-08,-0.0018347369
6.290349e-08,-0.0018433536
6.300349e-08,-0.0018584329
6.310349e-08,-0.0018727941
6.320349e-08,-0.001882847
6.330349e-08,-0.0018878734
6.340349e-08,-0.0018914637
6.350349e-08,-0.0018957721
6.360349e-08,-0.0019029527
6.370349e-08,-0.0019115694
6.380349e-08,-0.0019180319
6.390349e-08,-0.00191875
6.400349e-08,-0.0019151597
6.410349e-08,-0.0019101333
6.420349e-08,-0.0019094152
6.430349e-08,-0.00191875
6.440349e-08,-0.0019374196
6.450349e-08,-0.0019618336
6.460349e-08,-0.0019848116
6.470349e-08,-0.0019991728
6.480349e-08,-0.0020027631
6.490349e-08,-0.0019984547
6.500349e-08,-0.0019919922
6.510349e-08,-0.0019876838
6.520349e-08,-0.0019891199
6.530349e-08,-0.0019927102
6.540349e-08,-0.0019941464
6.550349e-08,-0.0019876838
6.560349e-08,-0.0019726045
6.570349e-08,-0.0019524989
6.580349e-08,-0.0019359835
6.590349e-08,-0.001930239
6.600349e-08,-0.0019388557
6.610349e-08,-0.0019596795
6.620349e-08,-0.0019862477
6.630349e-08,-0.0020106618
6.640349e-08,-0.0020278952
6.650349e-08,-0.0020365119
6.660349e-08,-0.0020408203
6.670349e-08,-0.0020451287
6.680349e-08,-0.0020523093
6.690349e-08,-0.0020623621
6.700349e-08,-0.002072415
6.710349e-08,-0.0020795956
6.720349e-08,-0.0020817498
6.730349e-08,-0.0020817498
6.740349e-08,-0.0020831859
6.750349e-08,-0.0020910846
6.760349e-08,-0.0021061638
6.770349e-08,-0.0021255515
6.780349e-08,-0.0021449391
6.790349e-08,-0.0021600184
6.800349e-08,-0.0021686351
6.810349e-08,-0.0021736615
6.820349e-08,-0.0021772518
6.830349e-08,-0.0021829963
6.840349e-08,-0.0021916131
6.850349e-08,-0.0022009478
6.860349e-08,-0.0022066923
6.870349e-08,-0.0022059743
6.880349e-08,-0.0022009478
6.890349e-08,-0.0021959214
6.900349e-08,-0.0021959214
6.910349e-08,-0.0022059743
6.920349e-08,-0.0022239258
6.930349e-08,-0.0022454676
6.940349e-08,-0.0022641372
6.950349e-08,-0.0022749081
6.960349e-08,-0.0022792165
6.970349e-08,-0.0022806526
6.980349e-08,-0.0022863971
6.990349e-08,-0.002297886
7.000349e-08,-0.0023136834
7.010349e-08,-0.0023273265
7.020349e-08,-0.0023301988
7.030349e-08,-0.002320864
7.040349e-08,-0.0023021944
7.050349e-08,-0.0022835248
7.060349e-08,-0.0022756261
7.070349e-08,-0.0022863971
7.080349e-08,-0.0023129653
7.090349e-08,-0.002345278
7.100349e-08,-0.0023704102
7.110349e-08,-0.0023783088
7.120349e-08,-0.0023668199
7.130349e-08,-0.0023431239
7.140349e-08,-0.0023201459
7.150349e-08,-0.002309375
7.160349e-08,-0.0023144014
7.170349e-08,-0.0023294807
7.180349e-08,-0.0023431239
7.190349e-08,-0.0023438419
7.200349e-08,-0.0023280446
7.210349e-08,-0.0023014763
7.220349e-08,-0.0022756261
7.230349e-08,-0.0022634191
7.240349e-08,-0.0022698817
7.250349e-08,-0.0022914235
7.260349e-08,-0.0023165556
7.270349e-08,-0.0023323529
7.280349e-08,-0.0023309168
7.290349e-08,-0.0023122472
7.300349e-08,-0.0022863971
7.310349e-08,-0.0022634191
7.320349e-08,-0.0022519301
7.330349e-08,-0.0022533663
7.340349e-08,-0.0022598288
7.350349e-08,-0.0022634191
7.360349e-08,-0.0022569566
7.370349e-08,-0.0022404412
7.380349e-08,-0.0022203355
7.390349e-08,-0.0022059743
7.400349e-08,-0.002203102
7.410349e-08,-0.0022124368
7.420349e-08,-0.0022275161
7.430349e-08,-0.0022404412
7.440349e-08,-0.0022454676
7.450349e-08,-0.0022418773
7.460349e-08,-0.0022339786
7.470349e-08,-0.0022289522
7.480349e-08,-0.0022318244
7.490349e-08,-0.0022425954
7.500349e-08,-0.0022548024
7.510349e-08,-0.0022634191
7.520349e-08,-0.0022627011
7.530349e-08,-0.0022526482
7.540349e-08,-0.0022390051
7.550349e-08,-0.0022289522
7.560349e-08,-0.0022282341
7.570349e-08,-0.0022368509
7.580349e-08,-0.002250494
7.590349e-08,-0.0022634191
7.600349e-08,-0.0022705997
7.610349e-08,-0.0022705997
7.620349e-08,-0.0022662914
7.630349e-08,-0.0022634191
7.640349e-08,-0.0022655733
7.650349e-08,-0.00227419
7.660349e-08,-0.002285679
7.670349e-08,-0.002297886
7.680349e-08,-0.0023072208
7.690349e-08,-0.0023144014
7.700349e-08,-0.002321582
7.710349e-08,-0.0023323529
7.720349e-08,-0.0023467142
7.730349e-08,-0.0023632295
7.740349e-08,-0.0023790269
7.750349e-08,-0.0023897978
7.760349e-08,-0.0023962603
7.770349e-08,-0.0023998506
7.780349e-08,-0.0024048771
7.790349e-08,-0.0024127757
7.800349e-08,-0.0024228286
7.810349e-08,-0.0024314453
7.820349e-08,-0.0024321634
7.830349e-08,-0.0024242647
7.840349e-08,-0.0024091854
7.850349e-08,-0.00239267
7.860349e-08,-0.0023847714
7.870349e-08,-0.0023897978
7.880349e-08,-0.0024077493
7.890349e-08,-0.0024307273
7.900349e-08,-0.002450833
7.910349e-08,-0.0024587316
7.920349e-08,-0.0024522691
7.930349e-08,-0.0024350356
7.940349e-08,-0.002415648
7.950349e-08,-0.0024012868
7.960349e-08,-0.0023948242
7.970349e-08,-0.0023933881
7.980349e-08,-0.0023897978
7.990349e-08,-0.0023783088
8.000349e-08,-0.002356767
8.010349e-08,-0.0023309168
8.020349e-08,-0.0023086569
8.030349e-08,-0.002297886
8.040349e-08,-0.0023021944
8.050349e-08,-0.0023172737
8.060349e-08,-0.0023345071
8.070349e-08,-0.0023438419
8.080349e-08,-0.0023409697
8.090349e-08,-0.0023273265
8.100349e-08,-0.0023100931
8.110349e-08,-0.002297886
8.120349e-08,-0.0022964499
8.130349e-08,-0.0023057847
8.140349e-08,-0.0023201459
8.150349e-08,-0.0023323529
8.160349e-08,-0.0023373794
8.170349e-08,-0.0023337891
8.180349e-08,-0.0023266085
8.190349e-08,-0.002320864
8.200349e-08,-0.0023194278
8.210349e-08,-0.0023230182
8.220349e-08,-0.0023280446
8.230349e-08,-0.0023323529
8.240349e-08,-0.0023337891
8.250349e-08,-0.0023359432
8.260349e-08,-0.0023416877
8.270349e-08,-0.0023553309
8.280349e-08,-0.0023761546
8.290349e-08,-0.0023984145
8.300349e-08,-0.002416366
8.310349e-08,-0.0024242647
8.320349e-08,-0.0024206744
8.330349e-08,-0.0024106216
8.340349e-08,-0.0024020048
8.350349e-08,-0.0024012868
8.360349e-08,-0.0024120577
8.370349e-08,-0.0024307273
8.380349e-08,-0.0024522691
8.390349e-08,-0.0024702206
8.400349e-08,-0.0024817096
8.410349e-08,-0.0024903263
8.420349e-08,-0.0025003791
8.430349e-08,-0.0025161765
8.440349e-08,-0.0025384364
8.450349e-08,-0.0025621324
8.460349e-08,-0.0025800839
8.470349e-08,-0.0025851103
8.480349e-08,-0.0025764936
8.490349e-08,-0.0025606962
8.500349e-08,-0.0025448989
8.510349e-08,-0.0025391544
8.520349e-08,-0.0025470531
8.530349e-08,-0.0025650046
8.540349e-08,-0.0025879825
8.550349e-08,-0.0026080882
8.560349e-08,-0.0026217314
8.570349e-08,-0.0026310662
8.580349e-08,-0.002640401
8.590349e-08,-0.0026540441
8.600349e-08,-0.0026734318
8.610349e-08,-0.0026935375
8.620349e-08,-0.0027078987
8.630349e-08,-0.002711489
8.640349e-08,-0.0027050264
8.650349e-08,-0.0026935375
8.660349e-08,-0.0026856388
8.670349e-08,-0.002688511
8.680349e-08,-0.0027028722
8.690349e-08,-0.0027229779
8.700349e-08,-0.0027402114
8.710349e-08,-0.0027459559
8.720349e-08,-0.0027394933
8.730349e-08,-0.0027251321
8.740349e-08,-0.0027136432
8.750349e-08,-0.002711489
8.760349e-08,-0.0027222599
8.770349e-08,-0.0027416475
8.780349e-08,-0.002759599
8.790349e-08,-0.0027689338
8.800349e-08,-0.0027653435
8.810349e-08,-0.0027531365
8.820349e-08,-0.0027394933
8.830349e-08,-0.0027344669
8.840349e-08,-0.0027402114
8.850349e-08,-0.0027524184
8.860349e-08,-0.0027646255
8.870349e-08,-0.0027689338
8.880349e-08,-0.0027624713
8.890349e-08,-0.0027495462
8.900349e-08,-0.0027380572
8.910349e-08,-0.0027344669
8.920349e-08,-0.0027409295
8.930349e-08,-0.0027524184
8.940349e-08,-0.0027603171
8.950349e-08,-0.0027574449
8.960349e-08,-0.0027416475
8.970349e-08,-0.0027179515
8.980349e-08,-0.0026978458
8.990349e-08,-0.002688511
9.000349e-08,-0.0026928194
9.010349e-08,-0.0027050264
9.020349e-08,-0.0027143612
9.030349e-08,-0.002711489
9.040349e-08,-0.0026935375
9.050349e-08,-0.0026662511
9.060349e-08,-0.0026418371
9.070349e-08,-0.0026310662
9.080349e-08,-0.0026389648
9.090349e-08,-0.0026612247
9.100349e-08,-0.0026863568
9.110349e-08,-0.0027
9.120349e-08,-0.0026964097
9.130349e-08,-0.002676304
9.140349e-08,-0.0026504538
9.150349e-08,-0.0026310662
9.160349e-08,-0.0026267578
9.170349e-08,-0.0026382468
9.180349e-08,-0.0026583525
9.190349e-08,-0.0026770221
9.200349e-08,-0.0026856388
9.210349e-08,-0.0026827665
9.220349e-08,-0.0026734318
9.230349e-08,-0.0026655331
9.240349e-08,-0.0026655331
9.250349e-08,-0.0026748679
9.260349e-08,-0.002688511
9.270349e-08,-0.0027
9.280349e-08,-0.0027050264
9.290349e-08,-0.0027035903
9.300349e-08,-0.0027
9.310349e-08,-0.0027
9.320349e-08,-0.0027071806
9.330349e-08,-0.0027201057
9.340349e-08,-0.002735185
9.350349e-08,-0.0027459559
9.360349e-08,-0.0027495462
9.370349e-08,-0.0027459559
9.380349e-08,-0.0027394933
9.390349e-08,-0.0027344669
9.400349e-08,-0.0027323127
9.410349e-08,-0.0027323127
9.420349e-08,-0.0027294405
9.430349e-08,-0.0027229779
9.440349e-08,-0.002712207
9.450349e-08,-0.0027021542
9.460349e-08,-0.0026971278
9.470349e-08,-0.0027
9.480349e-08,-0.0027093348
9.490349e-08,-0.0027186696
9.500349e-08,-0.0027208238
9.510349e-08,-0.002711489
9.520349e-08,-0.0026928194
9.530349e-08,-0.0026727137
9.540349e-08,-0.0026619428
9.550349e-08,-0.0026655331
9.560349e-08,-0.0026827665
9.570349e-08,-0.0027057445
9.580349e-08,-0.0027222599
9.590349e-08,-0.0027229779
9.600349e-08,-0.0027078987
9.610349e-08,-0.0026856388
9.620349e-08,-0.0026676873
9.630349e-08,-0.0026655331
9.640349e-08,-0.0026820485
9.650349e-08,-0.0027107709
9.660349e-08,-0.0027394933
9.670349e-08,-0.0027574449
9.680349e-08,-0.002758881
9.690349e-08,-0.0027466739
9.700349e-08,-0.0027315947
9.710349e-08,-0.0027229779
9.720349e-08,-0.0027258502
9.730349e-08,-0.0027380572
9.740349e-08,-0.0027509823
9.750349e-08,-0.0027574449
9.760349e-08,-0.0027538545
9.770349e-08,-0.0027452378
9.780349e-08,-0.0027402114
9.790349e-08,-0.0027459559
9.800349e-08,-0.0027646255
9.810349e-08,-0.0027890395
9.820349e-08,-0.0028091452
9.830349e-08,-0.0028148897
9.840349e-08,-0.0028034007
9.850349e-08,-0.0027818589
9.860349e-08,-0.0027617532
9.870349e-08,-0.0027574449
9.880349e-08,-0.0027732422
9.890349e-08,-0.0028041188
9.900349e-08,-0.0028378676
9.910349e-08,-0.0028608456
9.920349e-08,-0.0028637178
9.930349e-08,-0.0028479205
9.940349e-08,-0.0028235064
9.950349e-08,-0.0028034007
9.960349e-08,-0.0027976563
9.970349e-08,-0.0028084272
9.980349e-08,-0.0028285329
9.990349e-08,-0.0028493566
1.000035e-07,-0.0028622817
1.001035e-07,-0.002865154
1.002035e-07,-0.0028622817
1.003035e-07,-0.0028608456
1.004035e-07,-0.002865872
1.005035e-07,-0.0028766429
1.006035e-07,-0.00288885
1.007035e-07,-0.0028953125
1.008035e-07,-0.0028917222
1.009035e-07,-0.002878079
1.010035e-07,-0.0028615636
1.011035e-07,-0.0028493566
1.012035e-07,-0.0028472024
1.013035e-07,-0.002854383
1.014035e-07,-0.0028687443
1.015035e-07,-0.0028838235
1.016035e-07,-0.0028953125
1.017035e-07,-0.0029032112
1.018035e-07,-0.0029103918
1.019035e-07,-0.0029182904
1.020035e-07,-0.0029283433
1.021035e-07,-0.002936242
1.022035e-07,-0.0029376781
1.023035e-07,-0.0029297794
1.024035e-07,-0.0029139821
1.025035e-07,-0.0028967486
1.026035e-07,-0.0028881319
1.027035e-07,-0.0028953125
1.028035e-07,-0.0029197266
1.029035e-07,-0.0029541935
1.030035e-07,-0.0029879423
1.031035e-07,-0.0030102022
1.032035e-07,-0.0030166648
1.033035e-07,-0.0030109203
1.034035e-07,-0.0030015855
1.035035e-07,-0.0029987132
1.036035e-07,-0.0030066119
1.037035e-07,-0.0030245634
1.038035e-07,-0.0030439511
1.039035e-07,-0.0030561581
1.040035e-07,-0.0030561581
1.041035e-07,-0.0030468233
1.042035e-07,-0.0030360524
1.043035e-07,-0.0030331801
1.044035e-07,-0.0030453872
1.045035e-07,-0.0030712374
1.046035e-07,-0.0031049862
1.047035e-07,-0.0031365809
1.048035e-07,-0.0031588408
1.049035e-07,-0.0031688936
1.050035e-07,-0.0031710478
1.051035e-07,-0.0031710478
1.052035e-07,-0.00317392
1.053035e-07,-0.0031811006
1.054035e-07,-0.0031889993
1.055035e-07,-0.0031940257
1.056035e-07,-0.0031933077
1.057035e-07,-0.0031882812
1.058035e-07,-0.0031825368
1.059035e-07,-0.0031825368
1.060035e-07,-0.0031911535
1.061035e-07,-0.0032069508
1.062035e-07,-0.0032249023
1.063035e-07,-0.0032399816
1.064035e-07,-0.0032478803
1.065035e-07,-0.0032500345
1.066035e-07,-0.0032493164
1.067035e-07,-0.0032514706
1.068035e-07,-0.0032593693
1.069035e-07,-0.0032722943
1.070035e-07,-0.0032866556
1.071035e-07,-0.0032974265
1.072035e-07,-0.0033017348
1.073035e-07,-0.0033010168
1.074035e-07,-0.0032981445
1.075035e-07,-0.0032974265
1.076035e-07,-0.0033010168
1.077035e-07,-0.0033081974
1.078035e-07,-0.003315378
1.079035e-07,-0.0033204044
1.080035e-07,-0.0033211225
1.081035e-07,-0.0033196864
1.082035e-07,-0.0033189683
1.083035e-07,-0.0033204044
1.084035e-07,-0.0033232767
1.085035e-07,-0.0033247128
1.086035e-07,-0.0033204044
1.087035e-07,-0.0033089154
1.088035e-07,-0.0032924
1.089035e-07,-0.0032773208
1.090035e-07,-0.0032701402
1.091035e-07,-0.0032744485
1.092035e-07,-0.0032888097
1.093035e-07,-0.0033067613
1.094035e-07,-0.0033196864
1.095035e-07,-0.0033204044
1.096035e-07,-0.0033096335
1.097035e-07,-0.0032931181
1.098035e-07,-0.0032787569
1.099035e-07,-0.0032744485
1.100035e-07,-0.0032816291
1.101035e-07,-0.0032945542
1.102035e-07,-0.0033060432
1.103035e-07,-0.0033089154
1.104035e-07,-0.0033010168
1.105035e-07,-0.0032866556
1.106035e-07,-0.0032758847
1.107035e-07,-0.0032744485
1.108035e-07,-0.0032852194
1.109035e-07,-0.003303171
1.110035e-07,-0.0033175322
1.111035e-07,-0.0033204044
1.112035e-07,-0.0033074793
1.113035e-07,-0.0032830653
1.114035e-07,-0.0032572151
1.115035e-07,-0.0032399816
1.116035e-07,-0.0032385455
1.117035e-07,-0.0032507525
1.118035e-07,-0.0032701402
1.119035e-07,-0.0032859375
1.120035e-07,-0.003291682
1.121035e-07,-0.0032880917
1.122035e-07,-0.003279475
1.123035e-07,-0.0032744485
1.124035e-07,-0.003279475
1.125035e-07,-0.0032959903
1.126035e-07,-0.0033189683
1.127035e-07,-0.0033433824
1.128035e-07,-0.00336277
1.129035e-07,-0.003374977
1.130035e-07,-0.0033828757
1.131035e-07,-0.0033893382
1.132035e-07,-0.0033972369
1.133035e-07,-0.0034051356
1.134035e-07,-0.0034108801
1.135035e-07,-0.0034123162
1.136035e-07,-0.0034087259
1.137035e-07,-0.0034036994
1.138035e-07,-0.0034029814
1.139035e-07,-0.0034123162
1.140035e-07,-0.0034317038
1.141035e-07,-0.0034568359
1.142035e-07,-0.0034798139
1.143035e-07,-0.003492739
1.144035e-07,-0.003492739
1.145035e-07,-0.00348125
1.146035e-07,-0.0034668888
1.147035e-07,-0.0034582721
1.148035e-07,-0.0034604262
1.149035e-07,-0.0034747875
1.150035e-07,-0.0034948932
1.151035e-07,-0.0035157169
1.152035e-07,-0.0035307962
1.153035e-07,-0.003540131
1.154035e-07,-0.0035451574
1.155035e-07,-0.0035501838
1.156035e-07,-0.0035580825
1.157035e-07,-0.0035688534
1.158035e-07,-0.0035789062
1.159035e-07,-0.0035846507
1.160035e-07,-0.0035839327
1.161035e-07,-0.0035789062
1.162035e-07,-0.0035738798
1.163035e-07,-0.0035731618
1.164035e-07,-0.0035789062
1.165035e-07,-0.0035896772
1.166035e-07,-0.0036004481
1.167035e-07,-0.0036076287
1.168035e-07,-0.0036083467
1.169035e-07,-0.0036040384
1.170035e-07,-0.0035990119
1.171035e-07,-0.0035961397
1.172035e-07,-0.0035982939
1.173035e-07,-0.0036047564
1.174035e-07,-0.003611937
1.175035e-07,-0.0036191176
1.176035e-07,-0.0036255802
1.177035e-07,-0.0036334789
1.178035e-07,-0.003646404
1.179035e-07,-0.0036650735
1.180035e-07,-0.0036858973
1.181035e-07,-0.0037024127
1.182035e-07,-0.0037081572
1.183035e-07,-0.0036995404
1.184035e-07,-0.0036772806
1.185035e-07,-0.0036485581
1.186035e-07,-0.003623426
1.187035e-07,-0.0036076287
1.188035e-07,-0.0036040384
1.189035e-07,-0.0036090648
1.190035e-07,-0.0036162454
1.191035e-07,-0.0036191176
1.192035e-07,-0.0036162454
1.193035e-07,-0.0036097829
1.194035e-07,-0.0036054745
1.195035e-07,-0.0036076287
1.196035e-07,-0.0036155273
1.197035e-07,-0.0036241441
1.198035e-07,-0.0036270163
1.199035e-07,-0.0036191176
1.200035e-07,-0.0036004481
1.201035e-07,-0.0035774701
1.202035e-07,-0.0035588006
1.203035e-07,-0.0035501838
1.204035e-07,-0.0035530561
1.205035e-07,-0.003564545
1.206035e-07,-0.0035767521
1.207035e-07,-0.0035846507
1.208035e-07,-0.0035889591
1.209035e-07,-0.0035925494
1.210035e-07,-0.0036018842
1.211035e-07,-0.0036191176
1.212035e-07,-0.0036399414
1.213035e-07,-0.0036564568
1.214035e-07,-0.003658611
1.215035e-07,-0.0036420956
1.216035e-07,-0.003611937
1.217035e-07,-0.0035796243
1.218035e-07,-0.0035595186
1.219035e-07,-0.0035616728
1.220035e-07,-0.0035860869
1.221035e-07,-0.0036212718
1.222035e-07,-0.0036521484
1.223035e-07,-0.0036650735
1.224035e-07,-0.0036557387
1.225035e-07,-0.0036298886
1.226035e-07,-0.0036018842
1.227035e-07,-0.0035846507
1.228035e-07,-0.0035832146
1.229035e-07,-0.0035939855
1.230035e-07,-0.0036054745
1.231035e-07,-0.0036076287
1.232035e-07,-0.0035954216
1.233035e-07,-0.0035745979
1.234035e-07,-0.0035552102
1.235035e-07,-0.0035501838
1.236035e-07,-0.0035631089
1.237035e-07,-0.0035889591
1.238035e-07,-0.0036162454
1.239035e-07,-0.0036306066
1.240035e-07,-0.0036255802
1.241035e-07,-0.0036047564
1.242035e-07,-0.0035789062
1.243035e-07,-0.0035616728
1.244035e-07,-0.0035616728
1.245035e-07,-0.0035781882
1.246035e-07,-0.0036011661
1.247035e-07,-0.0036191176
1.248035e-07,-0.003622708
1.249035e-07,-0.0036105009
1.250035e-07,-0.0035903952
1.251035e-07,-0.0035731618
1.252035e-07,-0.0035666992
1.253035e-07,-0.0035731618
1.254035e-07,-0.0035853688
1.255035e-07,-0.0035961397
1.256035e-07,-0.0035975758
1.257035e-07,-0.0035889591
1.258035e-07,-0.0035738798
1.259035e-07,-0.0035616728
1.260035e-07,-0.0035566464
1.261035e-07,-0.0035602367
1.262035e-07,-0.0035681353
1.263035e-07,-0.0035731618
1.264035e-07,-0.0035710076
1.265035e-07,-0.0035616728
1.266035e-07,-0.0035487477
1.267035e-07,-0.0035386949
1.268035e-07,-0.0035351045
1.269035e-07,-0.0035386949
1.270035e-07,-0.0035451574
1.271035e-07,-0.0035501838
1.272035e-07,-0.003552338
1.273035e-07,-0.003552338
1.274035e-07,-0.0035552102
1.275035e-07,-0.0035616728
1.276035e-07,-0.0035724437
1.277035e-07,-0.0035817785
1.278035e-07,-0.0035832146
1.279035e-07,-0.0035731618
1.280035e-07,-0.0035537741
1.281035e-07,-0.0035322323
1.282035e-07,-0.0035207433
1.283035e-07,-0.0035272059
1.284035e-07,-0.0035537741
1.285035e-07,-0.0035932675
1.286035e-07,-0.0036341969
1.287035e-07,-0.0036650735
1.288035e-07,-0.0036787167
1.289035e-07,-0.0036779986
1.290035e-07,-0.0036701
1.291035e-07,-0.0036650735
1.292035e-07,-0.0036693819
1.293035e-07,-0.0036808709
1.294035e-07,-0.003693796
1.295035e-07,-0.0036995404
1.296035e-07,-0.003694514
1.297035e-07,-0.0036794347
1.298035e-07,-0.0036636374
1.299035e-07,-0.0036535846
1.300035e-07,-0.0036557387
1.301035e-07,-0.0036686638
1.302035e-07,-0.0036858973
1.303035e-07,-0.0036995404
1.304035e-07,-0.0037038488
1.305035e-07,-0.0037002585
1.306035e-07,-0.0036923598
1.307035e-07,-0.0036880515
1.308035e-07,-0.0036916418
1.309035e-07,-0.0037024127
1.310035e-07,-0.0037146197
1.311035e-07,-0.0037225184
1.312035e-07,-0.0037218003
1.313035e-07,-0.0037139017
1.314035e-07,-0.0037045669
1.315035e-07,-0.0036995404
1.316035e-07,-0.0037038488
1.317035e-07,-0.0037160558
1.318035e-07,-0.0037325712
1.319035e-07,-0.0037454963
1.320035e-07,-0.0037512408
1.321035e-07,-0.0037505227
1.322035e-07,-0.0037469324
1.323035e-07,-0.0037454963
1.324035e-07,-0.0037505227
1.325035e-07,-0.0037605756
1.326035e-07,-0.0037727826
1.327035e-07,-0.0037799632
1.328035e-07,-0.0037799632
1.329035e-07,-0.0037735007
1.330035e-07,-0.0037641659
1.331035e-07,-0.0037569853
1.332035e-07,-0.0037541131
1.333035e-07,-0.0037555492
1.334035e-07,-0.0037577034
1.335035e-07,-0.0037569853
1.336035e-07,-0.0037512408
1.337035e-07,-0.003741188
1.338035e-07,-0.0037311351
1.339035e-07,-0.0037225184
1.340035e-07,-0.0037153378
1.341035e-07,-0.003706721
1.342035e-07,-0.0036909237
1.343035e-07,-0.0036650735
1.344035e-07,-0.0036291705
1.345035e-07,-0.003588241
1.346035e-07,-0.0035487477
1.347035e-07,-0.0035157169
1.348035e-07,-0.0034891487
1.349035e-07,-0.0034640165
1.350035e-07,-0.0034331399
1.351035e-07,-0.0033893382
1.352035e-07,-0.0033304573
1.353035e-07,-0.0032615234
1.354035e-07,-0.0031904354
1.355035e-07,-0.0031250919
1.356035e-07,-0.0030690832
1.357035e-07,-0.0030202551
1.358035e-07,-0.0029685547
1.359035e-07,-0.0029068015
1.360035e-07,-0.0028292509
1.361035e-07,-0.0027387753
1.362035e-07,-0.0026425551
1.363035e-07,-0.0025506434
1.364035e-07,-0.0024709386
1.365035e-07,-0.002404159
1.366035e-07,-0.002345278
1.367035e-07,-0.0022863971
1.368035e-07,-0.0022210535
1.369035e-07,-0.0021463752
1.370035e-07,-0.0020659524
1.371035e-07,-0.0019876838
1.372035e-07,-0.0019173139
1.373035e-07,-0.0018577148
1.374035e-07,-0.0018067325
1.375035e-07,-0.0017579044
1.376035e-07,-0.0017047679
1.377035e-07,-0.0016444508
1.378035e-07,-0.0015762351
1.379035e-07,-0.0015051471
1.380035e-07,-0.0014376494
1.381035e-07,-0.0013773323
1.382035e-07,-0.0013277861
1.383035e-07,-0.0012868566
1.384035e-07,-0.0012531078
1.385035e-07,-0.0012229492
1.386035e-07,-0.001196381
1.387035e-07,-0.0011719669
1.388035e-07,-0.0011504251
1.389035e-07,-0.0011303194
1.390035e-07,-0.0011116498
1.391035e-07,-0.0010915441
1.392035e-07,-0.0010707204
1.393035e-07,-0.0010491785
1.394035e-07,-0.0010283548
1.395035e-07,-0.0010111213
1.396035e-07,-0.00099747817
1.397035e-07,-0.00098670726
1.398035e-07,-0.00097665441
1.399035e-07,-0.00096516544
1.400035e-07,-0.00095080423
1.401035e-07,-0.00093500689
1.402035e-07,-0.00091920956
1.403035e-07,-0.00090772059
1.404035e-07,-0.0009019761
1.405035e-07,-0.00090125804
1.406035e-07,-0.00090413028
1.407035e-07,-0.00090772059
1.408035e-07,-0.00090987477
1.409035e-07,-0.00090987477
1.410035e-07,-0.00090843865
1.411035e-07,-0.00090772059
1.412035e-07,-0.00090987477
1.413035e-07,-0.00091633732
1.414035e-07,-0.00092710823
1.415035e-07,-0.0009421875
1.416035e-07,-0.00096013902
1.417035e-07,-0.00098096278
1.418035e-07,-0.0010025046
1.419035e-07,-0.0010226103
1.420035e-07,-0.0010376896
1.421035e-07,-0.0010455882
1.422035e-07,-0.0010441521
1.423035e-07,-0.0010340993
1.424035e-07,-0.0010204561
1.425035e-07,-0.0010082491
1.426035e-07,-0.0010046588
1.427035e-07,-0.0010111213
1.428035e-07,-0.0010276367
1.429035e-07,-0.0010484605
1.430035e-07,-0.0010678481
1.431035e-07,-0.0010800551
1.432035e-07,-0.0010829274
1.433035e-07,-0.001078619
1.434035e-07,-0.0010721565
1.435035e-07,-0.0010685662
1.436035e-07,-0.0010707204
1.437035e-07,-0.001077901
1.438035e-07,-0.0010857996
1.439035e-07,-0.0010915441
1.440035e-07,-0.0010915441
1.441035e-07,-0.0010857996
1.442035e-07,-0.0010764648
1.443035e-07,-0.0010685662
1.444035e-07,-0.0010635398
1.445035e-07,-0.0010613856
1.446035e-07,-0.0010606675
1.447035e-07,-0.0010570772
1.448035e-07,-0.0010484605
1.449035e-07,-0.0010348173
1.450035e-07,-0.0010175839
1.451035e-07,-0.00099963235
1.452035e-07,-0.00098311696
1.453035e-07,-0.00096947381
1.454035e-07,-0.00095654871
1.455035e-07,-0.0009421875
1.456035e-07,-0.00092639017
1.457035e-07,-0.00090987477
1.458035e-07,-0.0008947955
1.459035e-07,-0.00088474265
1.460035e-07,-0.0008818704
1.461035e-07,-0.00088689683
1.462035e-07,-0.00089623162
1.463035e-07,-0.00090772059
1.464035e-07,-0.00091705538
1.465035e-07,-0.0009220818
1.466035e-07,-0.0009220818
1.467035e-07,-0.00091920956
1.468035e-07,-0.00091490119
1.469035e-07,-0.00091059283
1.470035e-07,-0.00090772059
1.471035e-07,-0.00090772059
1.472035e-07,-0.00090987477
1.473035e-07,-0.00091490119
1.474035e-07,-0.0009220818
1.475035e-07,-0.00093069853
1.476035e-07,-0.00093931526
1.477035e-07,-0.00094649586
1.478035e-07,-0.00095080423
1.479035e-07,-0.00095367647
1.480035e-07,-0.00095583065
1.481035e-07,-0.00096013902
1.482035e-07,-0.00096731962
1.483035e-07,-0.00097665441
1.484035e-07,-0.0009859892
1.485035e-07,-0.00099245175
1.486035e-07,-0.00099316981
1.487035e-07,-0.00098814338
1.488035e-07,-0.00098024472
1.489035e-07,-0.00097521829
1.490035e-07,-0.00097737247
1.491035e-07,-0.00098814338
1.492035e-07,-0.0010060949
1.493035e-07,-0.0010254825
1.494035e-07,-0.0010398437
1.495035e-07,-0.0010455882
1.496035e-07,-0.0010419979
1.497035e-07,-0.0010326631
1.498035e-07,-0.0010247645
1.499035e-07,-0.0010226103
1.500035e-07,-0.0010290728
1.501035e-07,-0.0010419979
1.502035e-07,-0.0010570772
1.503035e-07,-0.0010685662
1.504035e-07,-0.0010743107
1.505035e-07,-0.0010743107
1.506035e-07,-0.0010714384
1.507035e-07,-0.0010685662
1.508035e-07,-0.0010671301
1.509035e-07,-0.0010656939
1.510035e-07,-0.0010628217
1.511035e-07,-0.0010570772
1.512035e-07,-0.0010484605
1.513035e-07,-0.0010412799
1.514035e-07,-0.0010391257
1.515035e-07,-0.0010455882
1.516035e-07,-0.0010599494
1.517035e-07,-0.001078619
1.518035e-07,-0.0010951344
1.519035e-07,-0.0011030331
1.520035e-07,-0.0011001608
1.521035e-07,-0.0010886719
1.522035e-07,-0.0010721565
1.523035e-07,-0.0010570772
1.524035e-07,-0.0010463063
1.525035e-07,-0.0010419979
1.526035e-07,-0.0010419979
1.527035e-07,-0.0010455882
1.528035e-07,-0.0010513327
1.529035e-07,-0.0010599494
1.530035e-07,-0.0010735926
1.531035e-07,-0.0010915441
1.532035e-07,-0.0011109318
1.533035e-07,-0.0011267291
1.534035e-07,-0.0011324736
1.535035e-07,-0.001126011
1.536035e-07,-0.0011080595
1.537035e-07,-0.0010850816
1.538035e-07,-0.0010656939
1.539035e-07,-0.0010570772
1.540035e-07,-0.0010628217
1.541035e-07,-0.0010814913
1.542035e-07,-0.0011044692
1.543035e-07,-0.001126011
1.544035e-07,-0.0011403722
1.545035e-07,-0.0011468348
1.546035e-07,-0.0011482709
1.547035e-07,-0.001148989
1.548035e-07,-0.0011518612
1.549035e-07,-0.0011568876
1.550035e-07,-0.0011604779
1.551035e-07,-0.0011604779
1.552035e-07,-0.0011547335
1.553035e-07,-0.0011461167
1.554035e-07,-0.0011382181
1.555035e-07,-0.0011375
1.556035e-07,-0.0011453987
1.557035e-07,-0.001161196
1.558035e-07,-0.0011791475
1.559035e-07,-0.0011949449
1.560035e-07,-0.0012042796
1.561035e-07,-0.0012071519
1.562035e-07,-0.0012064338
1.563035e-07,-0.0012064338
1.564035e-07,-0.0012107422
1.565035e-07,-0.0012193589
1.566035e-07,-0.0012308479
1.567035e-07,-0.0012409007
1.568035e-07,-0.0012473633
1.569035e-07,-0.0012502355
1.570035e-07,-0.0012509536
1.571035e-07,-0.0012523897
1.572035e-07,-0.0012552619
1.573035e-07,-0.0012588523
1.574035e-07,-0.0012624426
1.575035e-07,-0.0012638787
1.576035e-07,-0.0012638787
1.577035e-07,-0.0012653148
1.578035e-07,-0.0012717773
1.579035e-07,-0.0012868566
1.580035e-07,-0.0013098346
1.581035e-07,-0.0013364028
1.582035e-07,-0.0013608169
1.583035e-07,-0.0013787684
1.584035e-07,-0.0013873851
1.585035e-07,-0.0013881032
1.586035e-07,-0.0013873851
1.587035e-07,-0.0013902574
1.588035e-07,-0.0014003102
1.589035e-07,-0.0014161075
1.590035e-07,-0.001433341
1.591035e-07,-0.0014477022
1.592035e-07,-0.0014541648
1.593035e-07,-0.0014520106
1.594035e-07,-0.0014441119
1.595035e-07,-0.0014362132
1.596035e-07,-0.0014311868
1.597035e-07,-0.0014311868
1.598035e-07,-0.001433341
1.599035e-07,-0.0014362132
1.600035e-07,-0.0014362132
1.601035e-07,-0.0014326229
1.602035e-07,-0.0014275965
1.603035e-07,-0.0014247243
1.604035e-07,-0.0014268784
1.605035e-07,-0.0014362132
1.606035e-07,-0.0014512925
1.607035e-07,-0.0014706801
1.608035e-07,-0.0014907858
1.609035e-07,-0.0015101735
1.610035e-07,-0.0015266889
1.611035e-07,-0.001539614
1.612035e-07,-0.0015482307
1.613035e-07,-0.0015511029
1.614035e-07,-0.0015482307
1.615035e-07,-0.001539614
1.616035e-07,-0.0015288431
1.617035e-07,-0.0015195083
1.618035e-07,-0.0015187902
1.619035e-07,-0.001528125
1.620035e-07,-0.0015482307
1.621035e-07,-0.0015740809
1.622035e-07,-0.0016006491
1.623035e-07,-0.0016200368
1.624035e-07,-0.0016293716
1.625035e-07,-0.0016300896
1.626035e-07,-0.0016243451
1.627035e-07,-0.0016200368
1.628035e-07,-0.0016200368
1.629035e-07,-0.0016257812
1.630035e-07,-0.001635116
1.631035e-07,-0.0016430147
1.632035e-07,-0.0016458869
1.633035e-07,-0.0016415786
1.634035e-07,-0.0016315257
1.635035e-07,-0.0016200368
1.636035e-07,-0.0016099839
1.637035e-07,-0.0016056756
1.638035e-07,-0.0016056756
1.639035e-07,-0.0016085478
1.640035e-07,-0.00161142
1.641035e-07,-0.00161142
1.642035e-07,-0.0016063936
1.643035e-07,-0.0015970588
1.644035e-07,-0.0015848518
1.645035e-07,-0.0015719267
1.646035e-07,-0.0015597197
1.647035e-07,-0.0015511029
1.648035e-07,-0.0015460765
1.649035e-07,-0.0015446404
1.650035e-07,-0.0015467946
1.651035e-07,-0.0015511029
1.652035e-07,-0.0015554113
1.653035e-07,-0.0015575655
1.654035e-07,-0.0015561294
1.655035e-07,-0.0015511029
1.656035e-07,-0.0015439223
1.657035e-07,-0.0015367417
1.658035e-07,-0.0015317153
1.659035e-07,-0.001528125
1.660035e-07,-0.0015259708
1.661035e-07,-0.0015223805
1.662035e-07,-0.0015151999
1.663035e-07,-0.0015051471
1.664035e-07,-0.0014936581
1.665035e-07,-0.0014850414
1.666035e-07,-0.0014843233
1.667035e-07,-0.0014936581
1.668035e-07,-0.0015116096
1.669035e-07,-0.0015338695
1.670035e-07,-0.0015525391
1.671035e-07,-0.0015625919
1.672035e-07,-0.0015597197
1.673035e-07,-0.0015460765
1.674035e-07,-0.0015252528
1.675035e-07,-0.0015051471
1.676035e-07,-0.0014907858
1.677035e-07,-0.0014864775
1.678035e-07,-0.001492222
1.679035e-07,-0.0015051471
1.680035e-07,-0.0015216625
1.681035e-07,-0.0015381778
1.682035e-07,-0.001551821
1.683035e-07,-0.0015625919
1.684035e-07,-0.0015704906
1.685035e-07,-0.001575517
1.686035e-07,-0.0015805434
1.687035e-07,-0.0015855699
1.688035e-07,-0.0015927505
1.689035e-07,-0.0016035214
1.690035e-07,-0.0016164465
1.691035e-07,-0.0016315257
1.692035e-07,-0.0016451689
1.693035e-07,-0.0016537856
1.694035e-07,-0.0016573759
1.695035e-07,-0.0016545037
1.696035e-07,-0.0016494773
1.697035e-07,-0.0016473231
1.698035e-07,-0.0016516314
1.699035e-07,-0.0016659926
1.700035e-07,-0.0016882525
1.701035e-07,-0.0017141027
1.702035e-07,-0.0017392348
1.703035e-07,-0.0017579044
1.704035e-07,-0.0017693934
1.705035e-07,-0.0017751379
1.706035e-07,-0.0017780101
1.707035e-07,-0.0017808824
1.708035e-07,-0.0017844727
1.709035e-07,-0.0017873449
1.710035e-07,-0.0017866268
1.711035e-07,-0.0017808824
1.712035e-07,-0.0017708295
1.713035e-07,-0.0017600586
1.714035e-07,-0.0017543141
1.715035e-07,-0.0017579044
1.716035e-07,-0.0017715476
1.717035e-07,-0.0017916533
1.718035e-07,-0.001811759
1.719035e-07,-0.0018268382
1.720035e-07,-0.0018318647
1.721035e-07,-0.0018289924
1.722035e-07,-0.0018210938
1.723035e-07,-0.0018153493
1.724035e-07,-0.0018167854
1.725035e-07,-0.0018268382
1.726035e-07,-0.0018433536
1.727035e-07,-0.0018613051
1.728035e-07,-0.0018763844
1.729035e-07,-0.0018850011
1.730035e-07,-0.0018864373
1.731035e-07,-0.0018842831
1.732035e-07,-0.0018821289
1.733035e-07,-0.001883565
1.734035e-07,-0.0018914637
1.735035e-07,-0.001907261
1.736035e-07,-0.0019288028
1.737035e-07,-0.0019517808
1.738035e-07,-0.0019733226
1.739035e-07,-0.0019876838
1.740035e-07,-0.0019912741
1.741035e-07,-0.0019826574
1.742035e-07,-0.0019639878
1.743035e-07,-0.0019417279
1.744035e-07,-0.0019230584
1.745035e-07,-0.0019144416
1.746035e-07,-0.0019216222
1.747035e-07,-0.0019417279
1.748035e-07,-0.0019697323
1.749035e-07,-0.0019963006
1.750035e-07,-0.0020149701
1.751035e-07,-0.0020221507
1.752035e-07,-0.0020214327
1.753035e-07,-0.0020185604
1.754035e-07,-0.0020221507
1.755035e-07,-0.0020336397
1.756035e-07,-0.0020523093
1.757035e-07,-0.0020702608
1.758035e-07,-0.0020810317
1.759035e-07,-0.0020795956
1.760035e-07,-0.0020681066
1.761035e-07,-0.0020551815
1.762035e-07,-0.002048719
1.763035e-07,-0.0020566176
1.764035e-07,-0.0020803136
1.765035e-07,-0.0021133444
1.766035e-07,-0.0021470933
1.767035e-07,-0.0021715074
1.768035e-07,-0.0021829963
1.769035e-07,-0.0021822783
1.770035e-07,-0.0021765338
1.771035e-07,-0.0021715074
1.772035e-07,-0.0021722254
1.773035e-07,-0.0021765338
1.774035e-07,-0.0021815602
1.775035e-07,-0.0021829963
1.776035e-07,-0.002178688
1.777035e-07,-0.0021722254
1.778035e-07,-0.0021686351
1.779035e-07,-0.0021715074
1.780035e-07,-0.0021829963
1.781035e-07,-0.0021980756
1.782035e-07,-0.0022117188
1.783035e-07,-0.0022174632
1.784035e-07,-0.0022138729
1.785035e-07,-0.0022052562
1.786035e-07,-0.0021966395
1.787035e-07,-0.0021944853
1.788035e-07,-0.0022002298
1.789035e-07,-0.0022110007
1.790035e-07,-0.0022188994
1.791035e-07,-0.0022174632
1.792035e-07,-0.0022052562
1.793035e-07,-0.0021865866
1.794035e-07,-0.0021686351
1.795035e-07,-0.0021600184
1.796035e-07,-0.0021643267
1.797035e-07,-0.002178688
1.798035e-07,-0.0021952034
1.799035e-07,-0.0022059743
1.800035e-07,-0.0022045381
1.801035e-07,-0.0021901769
1.802035e-07,-0.0021693532
1.803035e-07,-0.0021485294
1.804035e-07,-0.0021334501
1.805035e-07,-0.0021248334
1.806035e-07,-0.002119807
1.807035e-07,-0.0021140625
1.808035e-07,-0.0021040097
1.809035e-07,-0.0020896484
1.810035e-07,-0.0020760053
1.811035e-07,-0.0020681066
1.812035e-07,-0.0020695427
1.813035e-07,-0.0020795956
1.814035e-07,-0.002096111
1.815035e-07,-0.0021140625
1.816035e-07,-0.0021291418
1.817035e-07,-0.0021413488
1.818035e-07,-0.0021506836
1.819035e-07,-0.0021600184
1.820035e-07,-0.0021693532
1.821035e-07,-0.0021765338
1.822035e-07,-0.0021815602
1.823035e-07,-0.0021829963
1.824035e-07,-0.0021829963
1.825035e-07,-0.0021865866
1.826035e-07,-0.0021973575
1.827035e-07,-0.0022174632
1.828035e-07,-0.0022447495
1.829035e-07,-0.00227419
1.830035e-07,-0.002297168
1.831035e-07,-0.002309375
1.832035e-07,-0.0023115292
1.833035e-07,-0.0023086569
1.834035e-07,-0.0023065028
1.835035e-07,-0.002309375
1.836035e-07,-0.0023179917
1.837035e-07,-0.0023280446
1.838035e-07,-0.002333071
1.839035e-07,-0.0023323529
1.840035e-07,-0.0023273265
1.841035e-07,-0.0023251723
1.842035e-07,-0.002333071
1.843035e-07,-0.0023553309
1.844035e-07,-0.0023876436
1.845035e-07,-0.0024206744
1.846035e-07,-0.0024429343
1.847035e-07,-0.0024472426
1.848035e-07,-0.0024343176
1.849035e-07,-0.0024127757
1.850035e-07,-0.0023948242
1.851035e-07,-0.0023897978
1.852035e-07,-0.0024005687
1.853035e-07,-0.0024192383
1.854035e-07,-0.0024343176
1.855035e-07,-0.0024357537
1.856035e-07,-0.0024206744
1.857035e-07,-0.0023941062
1.858035e-07,-0.002368974
1.859035e-07,-0.0023553309
1.860035e-07,-0.0023596392
1.861035e-07,-0.0023783088
1.862035e-07,-0.0024034409
1.863035e-07,-0.0024242647
1.864035e-07,-0.0024350356
1.865035e-07,-0.0024371898
1.866035e-07,-0.0024357537
1.867035e-07,-0.0024357537
1.868035e-07,-0.002440062
1.869035e-07,-0.0024450885
1.870035e-07,-0.0024450885
1.871035e-07,-0.0024357537
1.872035e-07,-0.0024185202
1.873035e-07,-0.0024005687
1.874035e-07,-0.00239267
1.875035e-07,-0.0024012868
1.876035e-07,-0.0024257008
1.877035e-07,-0.0024565774
1.878035e-07,-0.0024788373
1.879035e-07,-0.0024817096
1.880035e-07,-0.0024608858
1.881035e-07,-0.0024249828
1.882035e-07,-0.0023890797
1.883035e-07,-0.0023668199
1.884035e-07,-0.0023668199
1.885035e-07,-0.0023847714
1.886035e-07,-0.0024084674
1.887035e-07,-0.0024242647
1.888035e-07,-0.0024221105
1.889035e-07,-0.0024027229
1.890035e-07,-0.0023761546
1.891035e-07,-0.0023553309
1.892035e-07,-0.0023495864
1.893035e-07,-0.0023603573
1.894035e-07,-0.0023775908
1.895035e-07,-0.0023897978
1.896035e-07,-0.0023862075
1.897035e-07,-0.0023646657
1.898035e-07,-0.0023316349
1.899035e-07,-0.002297886
1.900035e-07,-0.00227419
1.901035e-07,-0.0022655733
1.902035e-07,-0.0022684455
1.903035e-07,-0.0022749081
1.904035e-07,-0.0022777803
1.905035e-07,-0.0022727539
1.906035e-07,-0.002261983
1.907035e-07,-0.0022519301
1.908035e-07,-0.0022490579
1.909035e-07,-0.0022562385
1.910035e-07,-0.0022705997
1.911035e-07,-0.0022863971
1.912035e-07,-0.002297886
1.913035e-07,-0.0023021944
1.914035e-07,-0.0023007583
1.915035e-07,-0.002297886
1.916035e-07,-0.002297886
1.917035e-07,-0.0023036305
1.918035e-07,-0.0023122472
1.919035e-07,-0.002320864
1.920035e-07,-0.0023266085
1.921035e-07,-0.0023280446
1.922035e-07,-0.0023287626
1.923035e-07,-0.0023323529
1.924035e-07,-0.0023424058
1.925035e-07,-0.0023589212
1.926035e-07,-0.002380463
1.927035e-07,-0.0024012868
1.928035e-07,-0.0024185202
1.929035e-07,-0.0024300092
1.930035e-07,-0.0024386259
1.931035e-07,-0.0024472426
1.932035e-07,-0.0024580136
1.933035e-07,-0.0024730928
1.934035e-07,-0.0024896082
1.935035e-07,-0.0025046875
1.936035e-07,-0.0025161765
1.937035e-07,-0.0025233571
1.938035e-07,-0.0025269474
1.939035e-07,-0.0025276654
1.940035e-07,-0.0025283835
1.941035e-07,-0.0025283835
1.942035e-07,-0.0025283835
1.943035e-07,-0.0025276654
1.944035e-07,-0.0025269474
1.945035e-07,-0.0025276654
1.946035e-07,-0.0025319738
1.947035e-07,-0.0025391544
1.948035e-07,-0.0025477711
1.949035e-07,-0.0025542337
1.950035e-07,-0.0025556698
1.951035e-07,-0.0025506434
1.952035e-07,-0.0025420267
1.953035e-07,-0.002534128
1.954035e-07,-0.0025319738
1.955035e-07,-0.0025391544
1.956035e-07,-0.0025542337
1.957035e-07,-0.0025707491
1.958035e-07,-0.0025829561
1.959035e-07,-0.0025851103
1.960035e-07,-0.0025757755
1.961035e-07,-0.0025592601
1.962035e-07,-0.0025413086
1.963035e-07,-0.0025276654
1.964035e-07,-0.0025212029
1.965035e-07,-0.0025190487
1.966035e-07,-0.0025154584
1.967035e-07,-0.0025046875
1.968035e-07,-0.0024852999
1.969035e-07,-0.0024594497
1.970035e-07,-0.0024328814
1.971035e-07,-0.0024127757
1.972035e-07,-0.0024020048
1.973035e-07,-0.0024005687
1.974035e-07,-0.0024020048
1.975035e-07,-0.0024012868
1.976035e-07,-0.00239267
1.977035e-07,-0.0023761546
1.978035e-07,-0.0023546128
1.979035e-07,-0.0023323529
1.980035e-07,-0.0023144014
1.981035e-07,-0.0023014763
1.982035e-07,-0.0022928596
1.983035e-07,-0.0022863971
1.984035e-07,-0.0022799345
1.985035e-07,-0.0022727539
1.986035e-07,-0.0022670094
1.987035e-07,-0.0022634191
1.988035e-07,-0.0022634191
1.989035e-07,-0.0022648552
1.990035e-07,-0.0022655733
1.991035e-07,-0.0022634191
1.992035e-07,-0.0022576746
1.993035e-07,-0.002249776
1.994035e-07,-0.0022433134
1.995035e-07,-0.0022404412
1.996035e-07,-0.0022411592
1.997035e-07,-0.0022440315
1.998035e-07,-0.0022440315
1.999035e-07,-0.0022404412
2.000035e-07,-0.0022325425
2.001035e-07,-0.0022253619
2.002035e-07,-0.0022224897
2.003035e-07,-0.0022289522
2.004035e-07,-0.0022454676
2.005035e-07,-0.0022684455
2.006035e-07,-0.0022914235
2.007035e-07,-0.002309375
2.008035e-07,-0.0023187098
2.009035e-07,-0.0023201459
2.010035e-07,-0.0023187098
2.011035e-07,-0.002320864
2.012035e-07,-0.0023294807
2.013035e-07,-0.0023438419
2.014035e-07,-0.0023617934
2.015035e-07,-0.0023783088
2.016035e-07,-0.0023897978
2.017035e-07,-0.0023962603
2.018035e-07,-0.0023984145
2.019035e-07,-0.0024012868
2.020035e-07,-0.0024063132
2.021035e-07,-0.0024142119
2.022035e-07,-0.0024249828
2.023035e-07,-0.0024357537
2.024035e-07,-0.0024465246
2.025035e-07,-0.0024572955
2.026035e-07,-0.0024687845
2.027035e-07,-0.0024817096
2.028035e-07,-0.0024946347
2.029035e-07,-0.0025046875
2.030035e-07,-0.0025082778
2.031035e-07,-0.0025046875
2.032035e-07,-0.0024953527
2.033035e-07,-0.0024845818
2.034035e-07,-0.0024788373
2.035035e-07,-0.0024817096
2.036035e-07,-0.0024939166
2.037035e-07,-0.00251115
2.038035e-07,-0.0025283835
2.039035e-07,-0.0025391544
2.040035e-07,-0.0025427447
2.041035e-07,-0.0025405905
2.042035e-07,-0.0025384364
2.043035e-07,-0.0025391544
2.044035e-07,-0.0025448989
2.045035e-07,-0.0025520795
2.046035e-07,-0.0025556698
2.047035e-07,-0.0025506434
2.048035e-07,-0.0025355641
2.049035e-07,-0.0025140223
2.050035e-07,-0.0024931985
2.051035e-07,-0.0024817096
2.052035e-07,-0.0024838637
2.053035e-07,-0.0025003791
2.054035e-07,-0.0025247932
2.055035e-07,-0.0025506434
2.056035e-07,-0.0025707491
2.057035e-07,-0.00258152
2.058035e-07,-0.0025851103
2.059035e-07,-0.0025851103
2.060035e-07,-0.0025858284
2.061035e-07,-0.0025901367
2.062035e-07,-0.0025987534
2.063035e-07,-0.0026080882
2.064035e-07,-0.002617423
2.065035e-07,-0.0026238856
2.066035e-07,-0.0026281939
2.067035e-07,-0.0026310662
2.068035e-07,-0.0026325023
2.069035e-07,-0.0026332204
2.070035e-07,-0.0026325023
2.071035e-07,-0.0026310662
2.072035e-07,-0.0026296301
2.073035e-07,-0.0026303481
2.074035e-07,-0.0026346565
2.075035e-07,-0.0026425551
2.076035e-07,-0.0026511719
2.077035e-07,-0.0026554802
2.078035e-07,-0.0026533261
2.079035e-07,-0.0026425551
2.080035e-07,-0.0026267578
2.081035e-07,-0.0026116785
2.082035e-07,-0.0026037799
2.083035e-07,-0.0026080882
2.084035e-07,-0.0026238856
2.085035e-07,-0.0026454274
2.086035e-07,-0.0026655331
2.087035e-07,-0.0026770221
2.088035e-07,-0.0026770221
2.089035e-07,-0.0026691234
2.090035e-07,-0.0026590705
2.091035e-07,-0.0026540441
2.092035e-07,-0.0026576344
2.093035e-07,-0.0026698415
2.094035e-07,-0.0026856388
2.095035e-07,-0.0027
2.096035e-07,-0.0027078987
2.097035e-07,-0.0027100528
2.098035e-07,-0.0027100528
2.099035e-07,-0.002711489
2.100035e-07,-0.0027193876
2.101035e-07,-0.002735185
2.102035e-07,-0.0027567268
2.103035e-07,-0.0027804228
2.104035e-07,-0.0028034007
2.105035e-07,-0.0028227884
2.106035e-07,-0.0028385857
2.107035e-07,-0.0028493566
2.108035e-07,-0.0028558192
2.109035e-07,-0.0028572553
2.110035e-07,-0.002854383
2.111035e-07,-0.0028493566
2.112035e-07,-0.0028457663
2.113035e-07,-0.0028486386
2.114035e-07,-0.0028615636
2.115035e-07,-0.0028838235
2.116035e-07,-0.002912546
2.117035e-07,-0.0029412684
2.118035e-07,-0.0029635283
2.119035e-07,-0.0029757353
2.120035e-07,-0.0029800437
2.121035e-07,-0.0029821978
2.122035e-07,-0.0029872243
2.123035e-07,-0.0029987132
2.124035e-07,-0.0030145106
2.125035e-07,-0.0030281537
2.126035e-07,-0.003031744
2.127035e-07,-0.0030216912
2.128035e-07,-0.0030008674
2.129035e-07,-0.0029793256
2.130035e-07,-0.0029678366
2.131035e-07,-0.0029757353
2.132035e-07,-0.0030044577
2.133035e-07,-0.0030453872
2.134035e-07,-0.0030863166
2.135035e-07,-0.0031136029
2.136035e-07,-0.0031186294
2.137035e-07,-0.003102832
2.138035e-07,-0.0030741096
2.139035e-07,-0.0030446691
2.140035e-07,-0.0030238454
2.141035e-07,-0.0030152286
2.142035e-07,-0.0030166648
2.143035e-07,-0.0030216912
2.144035e-07,-0.0030245634
2.145035e-07,-0.0030216912
2.146035e-07,-0.0030159467
2.147035e-07,-0.0030102022
2.148035e-07,-0.0030087661
2.149035e-07,-0.0030116383
2.150035e-07,-0.0030173828
2.151035e-07,-0.0030216912
2.152035e-07,-0.0030224092
2.153035e-07,-0.0030188189
2.154035e-07,-0.0030137925
2.155035e-07,-0.0030102022
2.156035e-07,-0.0030094841
2.157035e-07,-0.0030116383
2.158035e-07,-0.0030130744
2.159035e-07,-0.0030102022
2.160035e-07,-0.0030023035
2.161035e-07,-0.0029915326
2.162035e-07,-0.0029814798
2.163035e-07,-0.0029757353
2.164035e-07,-0.0029764534
2.165035e-07,-0.0029807617
2.166035e-07,-0.0029857881
2.167035e-07,-0.0029872243
2.168035e-07,-0.0029829159
2.169035e-07,-0.0029742992
2.170035e-07,-0.0029671186
2.171035e-07,-0.0029642463
2.172035e-07,-0.0029685547
2.173035e-07,-0.0029786075
2.174035e-07,-0.0029900965
2.175035e-07,-0.0029987132
2.176035e-07,-0.0030030216
2.177035e-07,-0.0030023035
2.178035e-07,-0.0030001494
2.179035e-07,-0.0029987132
2.180035e-07,-0.0029994313
2.181035e-07,-0.0030008674
2.182035e-07,-0.0030008674
2.183035e-07,-0.0029987132
2.184035e-07,-0.002995841
2.185035e-07,-0.0029944049
2.186035e-07,-0.0029994313
2.187035e-07,-0.0030102022
2.188035e-07,-0.0030252815
2.189035e-07,-0.0030374885
2.190035e-07,-0.0030410788
2.191035e-07,-0.0030331801
2.192035e-07,-0.0030159467
2.193035e-07,-0.0029972771
2.194035e-07,-0.0029857881
2.195035e-07,-0.0029872243
2.196035e-07,-0.0030015855
2.197035e-07,-0.0030238454
2.198035e-07,-0.0030446691
2.199035e-07,-0.0030561581
2.200035e-07,-0.0030561581
2.201035e-07,-0.0030475414
2.202035e-07,-0.0030374885
2.203035e-07,-0.0030331801
2.204035e-07,-0.0030360524
2.205035e-07,-0.0030446691
2.206035e-07,-0.0030525678
2.207035e-07,-0.0030561581
2.208035e-07,-0.0030540039
2.209035e-07,-0.0030496955
2.210035e-07,-0.0030489775
2.211035e-07,-0.0030561581
2.212035e-07,-0.0030712374
2.213035e-07,-0.0030877528
2.214035e-07,-0.0030999598
2.215035e-07,-0.003102114
2.216035e-07,-0.0030934972
2.217035e-07,-0.0030805722
2.218035e-07,-0.0030698012
2.219035e-07,-0.0030676471
2.220035e-07,-0.0030741096
2.221035e-07,-0.0030848805
2.222035e-07,-0.0030920611
2.223035e-07,-0.003090625
2.224035e-07,-0.0030820083
2.225035e-07,-0.0030733915
2.226035e-07,-0.0030741096
2.227035e-07,-0.003090625
2.228035e-07,-0.0031222197
2.229035e-07,-0.0031595588
2.230035e-07,-0.0031904354
2.231035e-07,-0.0032055147
2.232035e-07,-0.0032019244
2.233035e-07,-0.0031846909
2.234035e-07,-0.0031674575
2.235035e-07,-0.0031595588
2.236035e-07,-0.0031667394
2.237035e-07,-0.0031846909
2.238035e-07,-0.0032047966
2.239035e-07,-0.0032170037
2.240035e-07,-0.0032170037
2.241035e-07,-0.0032076689
2.242035e-07,-0.003196898
2.243035e-07,-0.0031940257
2.244035e-07,-0.0032019244
2.245035e-07,-0.0032184398
2.246035e-07,-0.0032335191
2.247035e-07,-0.0032399816
2.248035e-07,-0.0032342371
2.249035e-07,-0.003221312
2.250035e-07,-0.003209105
2.251035e-07,-0.0032055147
2.252035e-07,-0.0032141314
2.253035e-07,-0.0032292107
2.254035e-07,-0.0032406997
2.255035e-07,-0.0032399816
2.256035e-07,-0.0032241843
2.257035e-07,-0.0031990522
2.258035e-07,-0.0031775103
2.259035e-07,-0.0031710478
2.260035e-07,-0.0031861271
2.261035e-07,-0.0032191579
2.262035e-07,-0.0032572151
2.263035e-07,-0.0032859375
2.264035e-07,-0.0032959903
2.265035e-07,-0.0032873736
2.266035e-07,-0.003267986
2.267035e-07,-0.0032514706
2.268035e-07,-0.0032478803
2.269035e-07,-0.0032586512
2.270035e-07,-0.0032787569
2.271035e-07,-0.0032974265
2.272035e-07,-0.0033046071
2.273035e-07,-0.0032974265
2.274035e-07,-0.003280193
2.275035e-07,-0.0032629596
2.276035e-07,-0.0032536248
2.277035e-07,-0.0032572151
2.278035e-07,-0.0032701402
2.279035e-07,-0.0032859375
2.280035e-07,-0.0032967084
2.281035e-07,-0.0032988626
2.282035e-07,-0.0032938362
2.283035e-07,-0.0032859375
2.284035e-07,-0.0032816291
2.285035e-07,-0.0032837833
2.286035e-07,-0.0032902459
2.287035e-07,-0.0032974265
2.288035e-07,-0.0032995807
2.289035e-07,-0.0032938362
2.290035e-07,-0.0032809111
2.291035e-07,-0.0032629596
2.292035e-07,-0.0032457261
2.293035e-07,-0.0032313649
2.294035e-07,-0.0032220301
2.295035e-07,-0.0032170037
2.296035e-07,-0.0032141314
2.297035e-07,-0.0032126953
2.298035e-07,-0.0032098231
2.299035e-07,-0.0032055147
2.300035e-07,-0.003196898
2.301035e-07,-0.0031839729
2.302035e-07,-0.0031667394
2.303035e-07,-0.0031480699
2.304035e-07,-0.0031322725
2.305035e-07,-0.00312581
2.306035e-07,-0.0031308364
2.307035e-07,-0.0031480699
2.308035e-07,-0.0031717659
2.309035e-07,-0.0031933077
2.310035e-07,-0.0032062328
2.311035e-07,-0.0032055147
2.312035e-07,-0.0031947438
2.313035e-07,-0.0031803826
2.314035e-07,-0.0031710478
2.315035e-07,-0.0031710478
2.316035e-07,-0.0031803826
2.317035e-07,-0.0031933077
2.318035e-07,-0.0032026425
2.319035e-07,-0.0032055147
2.320035e-07,-0.0032026425
2.321035e-07,-0.0032012063
2.322035e-07,-0.0032083869
2.323035e-07,-0.0032284926
2.324035e-07,-0.0032586512
2.325035e-07,-0.0032909639
2.326035e-07,-0.0033132238
2.327035e-07,-0.0033204044
2.328035e-07,-0.0033125057
2.329035e-07,-0.0032988626
2.330035e-07,-0.0032909639
2.331035e-07,-0.0032974265
2.332035e-07,-0.0033204044
2.333035e-07,-0.003351281
2.334035e-07,-0.0033778493
2.335035e-07,-0.0033893382
2.336035e-07,-0.0033814396
2.337035e-07,-0.0033591797
2.338035e-07,-0.0033347656
2.339035e-07,-0.0033204044
2.340035e-07,-0.0033232767
2.341035e-07,-0.003339792
2.342035e-07,-0.0033620519
2.343035e-07,-0.0033778493
2.344035e-07,-0.0033807215
2.345035e-07,-0.0033706687
2.346035e-07,-0.0033548713
2.347035e-07,-0.0033433824
2.348035e-07,-0.0033419462
2.349035e-07,-0.0033519991
2.350035e-07,-0.0033663603
2.351035e-07,-0.0033778493
2.352035e-07,-0.0033807215
2.353035e-07,-0.003374259
2.354035e-07,-0.0033634881
2.355035e-07,-0.0033548713
2.356035e-07,-0.0033527171
2.357035e-07,-0.0033570255
2.358035e-07,-0.0033634881
2.359035e-07,-0.0033663603
2.360035e-07,-0.00336277
2.361035e-07,-0.0033541533
2.362035e-07,-0.0033455365
2.363035e-07,-0.0033433824
2.364035e-07,-0.0033498449
2.365035e-07,-0.0033620519
2.366035e-07,-0.0033735409
2.367035e-07,-0.0033778493
2.368035e-07,-0.0033721048
2.369035e-07,-0.0033577436
2.370035e-07,-0.0033419462
2.371035e-07,-0.0033318934
2.372035e-07,-0.0033304573
2.373035e-07,-0.0033362017
2.374035e-07,-0.0033426643
2.375035e-07,-0.0033433824
2.376035e-07,-0.0033340476
2.377035e-07,-0.0033175322
2.378035e-07,-0.0032988626
2.379035e-07,-0.0032859375
2.380035e-07,-0.0032823472
2.381035e-07,-0.0032873736
2.382035e-07,-0.0032952723
2.383035e-07,-0.0032974265
2.384035e-07,-0.0032909639
2.385035e-07,-0.0032766027
2.386035e-07,-0.0032608054
2.387035e-07,-0.0032514706
2.388035e-07,-0.0032536248
2.389035e-07,-0.0032665499
2.390035e-07,-0.0032837833
2.391035e-07,-0.0032974265
2.392035e-07,-0.0032988626
2.393035e-07,-0.0032873736
2.394035e-07,-0.0032651137
2.395035e-07,-0.0032399816
2.396035e-07,-0.0032198759
2.397035e-07,-0.0032098231
2.398035e-07,-0.0032098231
2.399035e-07,-0.0032170037
2.400035e-07,-0.0032270565
2.401035e-07,-0.0032349552
2.402035e-07,-0.0032392636
2.403035e-07,-0.0032399816
2.404035e-07,-0.0032371094
2.405035e-07,-0.0032306468
2.406035e-07,-0.0032234662
2.407035e-07,-0.0032170037
2.408035e-07,-0.0032148495
2.409035e-07,-0.003221312
2.410035e-07,-0.0032371094
2.411035e-07,-0.0032629596
2.412035e-07,-0.0032924
2.413035e-07,-0.0033182502
2.414035e-07,-0.0033326114
2.415035e-07,-0.0033318934
2.416035e-07,-0.0033182502
2.417035e-07,-0.0033002987
2.418035e-07,-0.0032866556
2.419035e-07,-0.0032859375
2.420035e-07,-0.0032995807
2.421035e-07,-0.0033239947
2.422035e-07,-0.0033491268
2.423035e-07,-0.0033663603
2.424035e-07,-0.0033721048
2.425035e-07,-0.0033677964
2.426035e-07,-0.0033598977
2.427035e-07,-0.0033548713
2.428035e-07,-0.0033570255
2.429035e-07,-0.0033656422
2.430035e-07,-0.003374259
2.431035e-07,-0.0033778493
2.432035e-07,-0.0033721048
2.433035e-07,-0.0033584616
2.434035e-07,-0.0033426643
2.435035e-07,-0.0033318934
2.436035e-07,-0.0033311753
2.437035e-07,-0.003339792
2.438035e-07,-0.0033534352
2.439035e-07,-0.0033663603
2.440035e-07,-0.0033735409
2.441035e-07,-0.003374259
2.442035e-07,-0.0033699506
2.443035e-07,-0.0033663603
2.444035e-07,-0.0033663603
2.445035e-07,-0.0033721048
2.446035e-07,-0.0033807215
2.447035e-07,-0.0033893382
2.448035e-07,-0.0033958008
2.449035e-07,-0.0034008272
2.450035e-07,-0.0034051356
2.451035e-07,-0.0034123162
2.452035e-07,-0.0034230871
2.453035e-07,-0.0034360122
2.454035e-07,-0.0034489373
2.455035e-07,-0.0034582721
2.456035e-07,-0.0034640165
2.457035e-07,-0.0034683249
2.458035e-07,-0.0034726333
2.459035e-07,-0.00348125
2.460035e-07,-0.003492739
2.461035e-07,-0.0035056641
2.462035e-07,-0.0035142808
2.463035e-07,-0.0035157169
2.464035e-07,-0.0035099724
2.465035e-07,-0.0035006376
2.466035e-07,-0.003492739
2.467035e-07,-0.003492739
2.468035e-07,-0.0035013557
2.469035e-07,-0.0035178711
2.470035e-07,-0.0035358226
2.471035e-07,-0.0035501838
2.472035e-07,-0.0035573644
2.473035e-07,-0.0035580825
2.474035e-07,-0.0035544922
2.475035e-07,-0.0035501838
2.476035e-07,-0.0035465935
2.477035e-07,-0.0035430032
2.478035e-07,-0.0035365407
2.479035e-07,-0.0035272059
2.480035e-07,-0.0035142808
2.481035e-07,-0.0035013557
2.482035e-07,-0.003493457
2.483035e-07,-0.003492739
2.484035e-07,-0.0034992015
2.485035e-07,-0.0035092544
2.486035e-07,-0.0035157169
2.487035e-07,-0.0035157169
2.488035e-07,-0.0035078182
2.489035e-07,-0.0034948932
2.490035e-07,-0.0034841222
2.491035e-07,-0.00348125
2.492035e-07,-0.0034877125
2.493035e-07,-0.0035020738
2.494035e-07,-0.003517153
2.495035e-07,-0.0035272059
2.496035e-07,-0.0035293601
2.497035e-07,-0.0035257698
2.498035e-07,-0.0035193072
2.499035e-07,-0.0035157169
2.500035e-07,-0.0035178711
2.501035e-07,-0.0035250517
2.502035e-07,-0.0035336684
2.503035e-07,-0.0035386949
2.504035e-07,-0.003540131
2.505035e-07,-0.0035394129
2.506035e-07,-0.003540849
2.507035e-07,-0.0035501838
2.508035e-07,-0.0035674173
2.509035e-07,-0.0035889591
2.510035e-07,-0.0036083467
2.511035e-07,-0.0036191176
2.512035e-07,-0.0036183996
2.513035e-07,-0.0036076287
2.514035e-07,-0.0035939855
2.515035e-07,-0.0035846507
2.516035e-07,-0.0035846507
2.517035e-07,-0.0035954216
2.518035e-07,-0.0036133732
2.519035e-07,-0.0036306066
2.520035e-07,-0.0036428136
2.521035e-07,-0.0036478401
2.522035e-07,-0.003646404
2.523035e-07,-0.0036420956
2.524035e-07,-0.0036377872
2.525035e-07,-0.0036334789
2.526035e-07,-0.0036277344
2.527035e-07,-0.0036191176
2.528035e-07,-0.0036061926
2.529035e-07,-0.0035911133
2.530035e-07,-0.0035781882
2.531035e-07,-0.0035731618
2.532035e-07,-0.0035789062
2.533035e-07,-0.0035939855
2.534035e-07,-0.0036133732
2.535035e-07,-0.0036306066
2.536035e-07,-0.0036399414
2.537035e-07,-0.0036370692
2.538035e-07,-0.0036255802
2.539035e-07,-0.0036076287
2.540035e-07,-0.0035896772
2.541035e-07,-0.0035753159
2.542035e-07,-0.0035659812
2.543035e-07,-0.0035616728
2.544035e-07,-0.0035609547
2.545035e-07,-0.0035609547
2.546035e-07,-0.0035616728
2.547035e-07,-0.0035616728
2.548035e-07,-0.0035609547
2.549035e-07,-0.0035588006
2.550035e-07,-0.0035552102
2.551035e-07,-0.0035501838
2.552035e-07,-0.0035458755
2.553035e-07,-0.0035437213
2.554035e-07,-0.0035451574
2.555035e-07,-0.0035501838
2.556035e-07,-0.0035573644
2.557035e-07,-0.0035631089
2.558035e-07,-0.003564545
2.559035e-07,-0.0035616728
2.560035e-07,-0.0035559283
2.561035e-07,-0.0035509019
2.562035e-07,-0.003552338
2.563035e-07,-0.0035616728
2.564035e-07,-0.0035781882
2.565035e-07,-0.0035968578
2.566035e-07,-0.003611937
2.567035e-07,-0.0036191176
2.568035e-07,-0.0036162454
2.569035e-07,-0.0036061926
2.570035e-07,-0.0035947036
2.571035e-07,-0.0035846507
2.572035e-07,-0.0035796243
2.573035e-07,-0.0035796243
2.574035e-07,-0.0035817785
2.575035e-07,-0.0035846507
2.576035e-07,-0.003588241
2.577035e-07,-0.0035932675
2.578035e-07,-0.0036033203
2.579035e-07,-0.0036191176
2.580035e-07,-0.0036385053
2.581035e-07,-0.0036571749
2.582035e-07,-0.003670818
2.583035e-07,-0.0036765625
2.584035e-07,-0.0036758444
2.585035e-07,-0.0036722541
2.586035e-07,-0.0036715361
2.587035e-07,-0.0036765625
2.588035e-07,-0.0036866153
2.589035e-07,-0.0036988224
2.590035e-07,-0.0037074391
2.591035e-07,-0.0037110294
2.592035e-07,-0.0037103114
2.593035e-07,-0.0037110294
2.594035e-07,-0.003717492
2.595035e-07,-0.0037340074
2.596035e-07,-0.0037577034
2.597035e-07,-0.0037821174
2.598035e-07,-0.0037986328
2.599035e-07,-0.0038029412
2.600035e-07,-0.0037950425
2.601035e-07,-0.0037806813
2.602035e-07,-0.0037691923
2.603035e-07,-0.0037684743
2.604035e-07,-0.0037806813
2.605035e-07,-0.003800787
2.606035e-07,-0.0038223288
2.607035e-07,-0.0038374081
2.608035e-07,-0.0038431526
2.609035e-07,-0.0038431526
2.610035e-07,-0.0038431526
2.611035e-07,-0.0038488971
2.612035e-07,-0.0038632583
2.613035e-07,-0.0038819278
2.614035e-07,-0.0038984432
2.615035e-07,-0.0039063419
2.616035e-07,-0.0039027516
2.617035e-07,-0.0038905446
2.618035e-07,-0.0038776195
2.619035e-07,-0.003871875
2.620035e-07,-0.0038761834
2.621035e-07,-0.0038891085
2.622035e-07,-0.0039049058
2.623035e-07,-0.0039178309
2.624035e-07,-0.0039235754
2.625035e-07,-0.0039242934
2.626035e-07,-0.0039250115
2.627035e-07,-0.0039293199
2.628035e-07,-0.0039393727
2.629035e-07,-0.0039530159
2.630035e-07,-0.0039623506
2.631035e-07,-0.0039637868
2.632035e-07,-0.003954452
2.633035e-07,-0.0039393727
2.634035e-07,-0.0039250115
2.635035e-07,-0.0039178309
2.636035e-07,-0.0039207031
2.637035e-07,-0.0039300379
2.638035e-07,-0.0039393727
2.639035e-07,-0.0039408088
2.640035e-07,-0.0039321921
2.641035e-07,-0.0039163948
2.642035e-07,-0.0039013155
2.643035e-07,-0.0038948529
2.644035e-07,-0.0039013155
2.645035e-07,-0.0039185489
2.646035e-07,-0.0039386546
2.647035e-07,-0.0039522978
2.648035e-07,-0.0039537339
2.649035e-07,-0.0039422449
2.650035e-07,-0.0039235754
2.651035e-07,-0.0039063419
2.652035e-07,-0.003895571
2.653035e-07,-0.0038934168
2.654035e-07,-0.0038948529
2.655035e-07,-0.0038948529
2.656035e-07,-0.0038883904
2.657035e-07,-0.0038754653
2.658035e-07,-0.003860386
2.659035e-07,-0.0038488971
2.660035e-07,-0.0038460248
2.661035e-07,-0.0038517693
2.662035e-07,-0.0038625402
2.663035e-07,-0.003871875
2.664035e-07,-0.0038754653
2.665035e-07,-0.0038711569
2.666035e-07,-0.003860386
2.667035e-07,-0.0038488971
2.668035e-07,-0.0038395623
2.669035e-07,-0.0038330997
2.670035e-07,-0.0038295094
2.671035e-07,-0.0038259191
2.672035e-07,-0.0038208927
2.673035e-07,-0.0038151482
2.674035e-07,-0.0038115579
2.675035e-07,-0.0038144301
2.676035e-07,-0.0038237649
2.677035e-07,-0.0038381261
2.678035e-07,-0.0038517693
2.679035e-07,-0.003860386
2.680035e-07,-0.0038611041
2.681035e-07,-0.0038539235
2.682035e-07,-0.0038445887
2.683035e-07,-0.0038374081
2.684035e-07,-0.0038374081
2.685035e-07,-0.0038445887
2.686035e-07,-0.0038575138
2.687035e-07,-0.003871875
2.688035e-07,-0.0038848001
2.689035e-07,-0.0038941349
2.690035e-07,-0.0039005974
2.691035e-07,-0.0039063419
2.692035e-07,-0.0039120864
2.693035e-07,-0.0039185489
2.694035e-07,-0.0039242934
2.695035e-07,-0.0039293199
2.696035e-07,-0.0039343463
2.697035e-07,-0.0039422449
2.698035e-07,-0.0039558881
2.699035e-07,-0.0039752757
2.700035e-07,-0.0039996898
2.701035e-07,-0.0040241039
2.702035e-07,-0.0040442096
2.703035e-07,-0.0040556985
2.704035e-07,-0.0040585708
2.705035e-07,-0.0040564166
2.706035e-07,-0.0040535443
2.707035e-07,-0.0040556985
2.708035e-07,-0.0040628791
2.709035e-07,-0.0040743681
2.710035e-07,-0.004084421
2.711035e-07,-0.0040901654
2.712035e-07,-0.0040908835
2.713035e-07,-0.0040887293
2.714035e-07,-0.0040872932
2.715035e-07,-0.0040901654
2.716035e-07,-0.004096628
2.717035e-07,-0.0041038086
2.718035e-07,-0.0041066808
2.719035e-07,-0.0041016544
2.720035e-07,-0.0040894474
2.721035e-07,-0.004072932
2.722035e-07,-0.004060725
2.723035e-07,-0.0040556985
2.724035e-07,-0.0040600069
2.725035e-07,-0.0040693417
2.726035e-07,-0.0040779584
2.727035e-07,-0.0040786765
2.728035e-07,-0.0040700597
2.729035e-07,-0.0040556985
2.730035e-07,-0.0040406193
2.731035e-07,-0.0040327206
2.732035e-07,-0.0040341567
2.733035e-07,-0.0040442096
2.734035e-07,-0.0040578527
2.735035e-07,-0.0040671875
2.736035e-07,-0.0040693417
2.737035e-07,-0.0040635972
2.738035e-07,-0.0040535443
2.739035e-07,-0.0040442096
2.740035e-07,-0.0040391831
2.741035e-07,-0.0040399012
2.742035e-07,-0.0040420554
2.743035e-07,-0.0040442096
2.744035e-07,-0.0040427734
2.745035e-07,-0.0040391831
2.746035e-07,-0.0040348748
2.747035e-07,-0.0040327206
2.748035e-07,-0.0040334386
2.749035e-07,-0.004037029
2.750035e-07,-0.0040406193
2.751035e-07,-0.0040442096
2.752035e-07,-0.0040485179
2.753035e-07,-0.0040556985
2.754035e-07,-0.0040693417
2.755035e-07,-0.0040901654
2.756035e-07,-0.0041152976
2.757035e-07,-0.0041397116
2.758035e-07,-0.004155509
2.759035e-07,-0.0041590993
2.760035e-07,-0.0041519187
2.761035e-07,-0.0041389936
2.762035e-07,-0.0041275046
2.763035e-07,-0.0041246324
2.764035e-07,-0.0041303768
2.765035e-07,-0.0041397116
2.766035e-07,-0.0041476103
2.767035e-07,-0.0041476103
2.768035e-07,-0.0041397116
2.769035e-07,-0.0041275046
2.770035e-07,-0.004121042
2.771035e-07,-0.0041246324
2.772035e-07,-0.0041404297
2.773035e-07,-0.0041619715
2.774035e-07,-0.004179205
2.775035e-07,-0.0041820772
2.776035e-07,-0.0041669979
2.777035e-07,-0.0041375574
2.778035e-07,-0.0041038086
2.779035e-07,-0.0040786765
2.780035e-07,-0.0040700597
2.781035e-07,-0.0040801126
2.782035e-07,-0.0041023725
2.783035e-07,-0.0041246324
2.784035e-07,-0.0041375574
2.785035e-07,-0.0041339671
2.786035e-07,-0.0041167337
2.787035e-07,-0.0040901654
2.788035e-07,-0.0040628791
2.789035e-07,-0.0040413373
2.790035e-07,-0.0040276942
2.791035e-07,-0.0040212316
2.792035e-07,-0.0040183594
2.793035e-07,-0.0040162052
2.794035e-07,-0.004013333
2.795035e-07,-0.0040097426
2.796035e-07,-0.0040047162
2.797035e-07,-0.0039975356
2.798035e-07,-0.0039874828
2.799035e-07,-0.0039752757
2.800035e-07,-0.0039616326
2.801035e-07,-0.0039508617
2.802035e-07,-0.0039472714
2.803035e-07,-0.0039522978
2.804035e-07,-0.003966659
2.805035e-07,-0.0039846105
2.806035e-07,-0.0040011259
2.807035e-07,-0.0040097426
2.808035e-07,-0.0040075885
2.809035e-07,-0.0039968176
2.810035e-07,-0.0039838925
2.811035e-07,-0.0039752757
2.812035e-07,-0.0039759938
2.813035e-07,-0.0039860466
2.814035e-07,-0.0040032801
2.815035e-07,-0.0040212316
2.816035e-07,-0.0040341567
2.817035e-07,-0.0040399012
2.818035e-07,-0.004037747
2.819035e-07,-0.0040327206
2.820035e-07,-0.0040276942
2.821035e-07,-0.0040269761
2.822035e-07,-0.0040327206
2.823035e-07,-0.0040442096
2.824035e-07,-0.004061443
2.825035e-07,-0.0040822668
2.826035e-07,-0.0041045267
2.827035e-07,-0.0041246324
2.828035e-07,-0.0041389936
2.829035e-07,-0.0041454561
2.830035e-07,-0.0041433019
2.831035e-07,-0.0041361213
2.832035e-07,-0.0041282227
2.833035e-07,-0.0041260685
2.834035e-07,-0.004132531
2.835035e-07,-0.0041476103
2.836035e-07,-0.0041662799
2.837035e-07,-0.0041827953
2.838035e-07,-0.0041921301
2.839035e-07,-0.0041935662
2.840035e-07,-0.0041906939
2.841035e-07,-0.004191412
2.842035e-07,-0.0041993107
2.843035e-07,-0.0042165441
2.844035e-07,-0.0042373679
2.845035e-07,-0.0042538833
2.846035e-07,-0.0042589097
2.847035e-07,-0.004251011
2.848035e-07,-0.0042366498
2.849035e-07,-0.0042258789
2.850035e-07,-0.0042287511
2.851035e-07,-0.004251011
2.852035e-07,-0.0042869141
2.853035e-07,-0.0043242532
2.854035e-07,-0.0043493853
2.855035e-07,-0.0043544118
2.856035e-07,-0.0043400506
2.857035e-07,-0.0043163545
2.858035e-07,-0.004298403
2.859035e-07,-0.0042969669
2.860035e-07,-0.0043134823
2.861035e-07,-0.0043414867
2.862035e-07,-0.0043666188
2.863035e-07,-0.0043773897
2.864035e-07,-0.0043702091
2.865035e-07,-0.0043501034
2.866035e-07,-0.0043292796
2.867035e-07,-0.0043199449
2.868035e-07,-0.0043271255
2.869035e-07,-0.004345795
2.870035e-07,-0.0043666188
2.871035e-07,-0.0043773897
2.872035e-07,-0.0043716452
2.873035e-07,-0.0043515395
2.874035e-07,-0.0043271255
2.875035e-07,-0.0043084559
2.876035e-07,-0.0043019933
2.877035e-07,-0.0043070198
2.878035e-07,-0.0043156365
2.879035e-07,-0.0043199449
2.880035e-07,-0.0043142004
2.881035e-07,-0.0042991211
2.882035e-07,-0.0042833238
2.883035e-07,-0.004273989
2.884035e-07,-0.0042761432
2.885035e-07,-0.0042869141
2.886035e-07,-0.0043005572
2.887035e-07,-0.0043084559
2.888035e-07,-0.0043063017
2.889035e-07,-0.0042955308
2.890035e-07,-0.0042826057
2.891035e-07,-0.004273989
2.892035e-07,-0.0042725528
2.893035e-07,-0.0042768612
2.894035e-07,-0.0042790154
2.895035e-07,-0.004273989
2.896035e-07,-0.0042596278
2.897035e-07,-0.0042416762
2.898035e-07,-0.0042280331
2.899035e-07,-0.0042280331
2.900035e-07,-0.0042445485
2.901035e-07,-0.0042725528
2.902035e-07,-0.0043012753
2.903035e-07,-0.0043199449
2.904035e-07,-0.004321381
2.905035e-07,-0.0043077378
2.906035e-07,-0.0042847599
2.907035e-07,-0.0042625
2.908035e-07,-0.0042488568
2.909035e-07,-0.0042445485
2.910035e-07,-0.0042474207
2.911035e-07,-0.004251011
2.912035e-07,-0.0042538833
2.913035e-07,-0.0042553194
2.914035e-07,-0.0042610639
2.915035e-07,-0.004273989
2.916035e-07,-0.0042933766
2.917035e-07,-0.0043142004
2.918035e-07,-0.0043292796
2.919035e-07,-0.0043314338
2.920035e-07,-0.0043206629
2.921035e-07,-0.0043012753
2.922035e-07,-0.0042833238
2.923035e-07,-0.004273989
2.924035e-07,-0.0042761432
2.925035e-07,-0.0042854779
2.926035e-07,-0.0042948127
2.927035e-07,-0.0042969669
2.928035e-07,-0.0042897863
2.929035e-07,-0.0042775793
2.930035e-07,-0.0042696806
2.931035e-07,-0.004273989
2.932035e-07,-0.0042919405
2.933035e-07,-0.0043177907
2.934035e-07,-0.0043422047
2.935035e-07,-0.0043544118
2.936035e-07,-0.0043515395
2.937035e-07,-0.0043364602
2.938035e-07,-0.0043192268
2.939035e-07,-0.0043084559
2.940035e-07,-0.004309892
2.941035e-07,-0.0043192268
2.942035e-07,-0.0043299977
2.943035e-07,-0.0043314338
2.944035e-07,-0.0043199449
2.945035e-07,-0.0042991211
2.946035e-07,-0.0042768612
2.947035e-07,-0.0042625
2.948035e-07,-0.0042617819
2.949035e-07,-0.0042732709
2.950035e-07,-0.0042876321
2.951035e-07,-0.0042969669
2.952035e-07,-0.0042948127
2.953035e-07,-0.0042818876
2.954035e-07,-0.0042646542
2.955035e-07,-0.004251011
2.956035e-07,-0.0042459846
2.957035e-07,-0.0042495749
2.958035e-07,-0.0042574736
2.959035e-07,-0.0042625
2.960035e-07,-0.0042625
2.961035e-07,-0.0042574736
2.962035e-07,-0.0042524472
2.963035e-07,-0.004251011
2.964035e-07,-0.0042553194
2.965035e-07,-0.0042617819
2.966035e-07,-0.0042660903
2.967035e-07,-0.0042625
2.968035e-07,-0.0042517291
2.969035e-07,-0.0042380859
2.970035e-07,-0.0042287511
2.971035e-07,-0.0042280331
2.972035e-07,-0.0042359318
2.973035e-07,-0.0042474207
2.974035e-07,-0.0042538833
2.975035e-07,-0.004251011
2.976035e-07,-0.004238804
2.977035e-07,-0.0042230067
2.978035e-07,-0.0042136719
2.979035e-07,-0.0042165441
2.980035e-07,-0.0042316234
2.981035e-07,-0.004250293
2.982035e-07,-0.0042632181
2.983035e-07,-0.0042625
2.984035e-07,-0.0042474207
2.985035e-07,-0.0042251608
2.986035e-07,-0.0042079274
2.987035e-07,-0.0042050551
2.988035e-07,-0.0042186983
2.989035e-07,-0.0042423943
2.990035e-07,-0.0042639361
2.991035e-07,-0.004273989
2.992035e-07,-0.0042689625
2.993035e-07,-0.0042546013
2.994035e-07,-0.0042409582
2.995035e-07,-0.0042395221
2.996035e-07,-0.0042524472
2.997035e-07,-0.0042754251
2.998035e-07,-0.004297685
2.999035e-07,-0.0043084559
3.000035e-07,-0.0043048656
3.001035e-07,-0.0042912224
3.002035e-07,-0.0042775793
3.003035e-07,-0.004273989
3.004035e-07,-0.0042847599
3.005035e-07,-0.0043055836
3.006035e-07,-0.0043278435
3.007035e-07,-0.0043429228
3.008035e-07,-0.0043486673
3.009035e-07,-0.0043501034
3.010035e-07,-0.0043565659
3.011035e-07,-0.0043773897
3.012035e-07,-0.0044118566
3.013035e-07,-0.0044527861
3.014035e-07,-0.004487253
3.015035e-07,-0.0045037684
3.016035e-07,-0.00449946
3.017035e-07,-0.0044815085
3.018035e-07,-0.0044628389
3.019035e-07,-0.0044578125
3.020035e-07,-0.0044714557
3.021035e-07,-0.00449946
3.022035e-07,-0.0045296186
3.023035e-07,-0.0045497243
3.024035e-07,-0.0045533146
3.025035e-07,-0.0045439798
3.026035e-07,-0.0045310547
3.027035e-07,-0.0045267463
3.028035e-07,-0.0045353631
3.029035e-07,-0.0045547507
3.030035e-07,-0.0045741383
3.031035e-07,-0.0045841912
3.032035e-07,-0.0045791648
3.033035e-07,-0.0045633674
3.034035e-07,-0.004546134
3.035035e-07,-0.0045382353
3.036035e-07,-0.0045432617
3.037035e-07,-0.0045576229
3.038035e-07,-0.0045712661
3.039035e-07,-0.0045727022
3.040035e-07,-0.0045590591
3.041035e-07,-0.004534645
3.042035e-07,-0.0045123851
3.043035e-07,-0.0045037684
3.044035e-07,-0.0045152574
3.045035e-07,-0.0045432617
3.046035e-07,-0.0045748564
3.047035e-07,-0.0045956801
3.048035e-07,-0.0045963982
3.049035e-07,-0.0045777286
3.050035e-07,-0.004546852
3.051035e-07,-0.0045152574
3.052035e-07,-0.0044922794
3.053035e-07,-0.0044800724
3.054035e-07,-0.0044743279
3.055035e-07,-0.0044693015
3.056035e-07,-0.0044614028
3.057035e-07,-0.00445135
3.058035e-07,-0.0044448874
3.059035e-07,-0.0044463235
3.060035e-07,-0.0044570944
3.061035e-07,-0.0044736098
3.062035e-07,-0.004487253
3.063035e-07,-0.0044922794
3.064035e-07,-0.004487971
3.065035e-07,-0.0044800724
3.066035e-07,-0.004475764
3.067035e-07,-0.0044807904
3.068035e-07,-0.0044951517
3.069035e-07,-0.0045123851
3.070035e-07,-0.0045210018
3.071035e-07,-0.0045152574
3.072035e-07,-0.0044958697
3.073035e-07,-0.0044714557
3.074035e-07,-0.0044549403
3.075035e-07,-0.0044578125
3.076035e-07,-0.0044800724
3.077035e-07,-0.0045138212
3.078035e-07,-0.0045446978
3.079035e-07,-0.0045612132
3.080035e-07,-0.0045590591
3.081035e-07,-0.0045446978
3.082035e-07,-0.0045303366
3.083035e-07,-0.0045267463
3.084035e-07,-0.0045382353
3.085035e-07,-0.0045590591
3.086035e-07,-0.0045777286
3.087035e-07,-0.0045841912
3.088035e-07,-0.0045762925
3.089035e-07,-0.0045597771
3.090035e-07,-0.0045475701
3.091035e-07,-0.0045497243
3.092035e-07,-0.00456983
3.093035e-07,-0.0045999885
3.094035e-07,-0.0046279929
3.095035e-07,-0.004641636
3.096035e-07,-0.0046380457
3.097035e-07,-0.0046222484
3.098035e-07,-0.0046086052
3.099035e-07,-0.0046071691
3.100035e-07,-0.0046229665
3.101035e-07,-0.0046502528
3.102035e-07,-0.0046753849
3.103035e-07,-0.0046875919
3.104035e-07,-0.0046832835
3.105035e-07,-0.0046674862
3.106035e-07,-0.0046538431
3.107035e-07,-0.004653125
3.108035e-07,-0.0046689223
3.109035e-07,-0.0046947725
3.110035e-07,-0.0047163143
3.111035e-07,-0.0047220588
3.112035e-07,-0.0047076976
3.113035e-07,-0.0046811294
3.114035e-07,-0.0046545611
3.115035e-07,-0.004641636
3.116035e-07,-0.0046459444
3.117035e-07,-0.0046610237
3.118035e-07,-0.0046710765
3.119035e-07,-0.004664614
3.120035e-07,-0.0046358915
3.121035e-07,-0.004594244
3.122035e-07,-0.0045561868
3.123035e-07,-0.0045382353
3.124035e-07,-0.0045490062
3.125035e-07,-0.0045827551
3.126035e-07,-0.0046236845
3.127035e-07,-0.004653125
3.128035e-07,-0.0046588695
3.129035e-07,-0.004640918
3.130035e-07,-0.0046114775
3.131035e-07,-0.0045841912
3.132035e-07,-0.0045712661
3.133035e-07,-0.0045727022
3.134035e-07,-0.0045813189
3.135035e-07,-0.0045841912
3.136035e-07,-0.0045741383
3.137035e-07,-0.0045525965
3.138035e-07,-0.0045289005
3.139035e-07,-0.0045152574
3.140035e-07,-0.0045195657
3.141035e-07,-0.0045418256
3.142035e-07,-0.0045712661
3.143035e-07,-0.0045956801
3.144035e-07,-0.004605733
3.145035e-07,-0.0045999885
3.146035e-07,-0.0045856273
3.147035e-07,-0.0045727022
3.148035e-07,-0.0045691119
3.149035e-07,-0.0045762925
3.150035e-07,-0.0045884995
3.151035e-07,-0.0045956801
3.152035e-07,-0.0045928079
3.153035e-07,-0.0045798828
3.154035e-07,-0.0045626494
3.155035e-07,-0.0045497243
3.156035e-07,-0.0045475701
3.157035e-07,-0.0045554687
3.158035e-07,-0.00456983
3.159035e-07,-0.0045841912
3.160035e-07,-0.004593526
3.161035e-07,-0.0045999885
3.162035e-07,-0.0046064511
3.163035e-07,-0.0046186581
3.164035e-07,-0.0046366096
3.165035e-07,-0.0046559972
3.166035e-07,-0.0046710765
3.167035e-07,-0.0046761029
3.168035e-07,-0.0046717946
3.169035e-07,-0.004664614
3.170035e-07,-0.0046638959
3.171035e-07,-0.0046761029
3.172035e-07,-0.0047019531
3.173035e-07,-0.0047313936
3.174035e-07,-0.0047536535
3.175035e-07,-0.0047565257
3.176035e-07,-0.0047378562
3.177035e-07,-0.0047055434
3.178035e-07,-0.0046725126
3.179035e-07,-0.004653125
3.180035e-07,-0.0046545611
3.181035e-07,-0.0046725126
3.182035e-07,-0.0046954906
3.183035e-07,-0.0047105699
3.184035e-07,-0.0047084157
3.185035e-07,-0.0046897461
3.186035e-07,-0.0046638959
3.187035e-07,-0.004641636
3.188035e-07,-0.0046323012
3.189035e-07,-0.0046373277
3.190035e-07,-0.0046509708
3.191035e-07,-0.004664614
3.192035e-07,-0.0046703585
3.193035e-07,-0.004665332
3.194035e-07,-0.0046538431
3.195035e-07,-0.004641636
3.196035e-07,-0.0046323012
3.197035e-07,-0.0046272748
3.198035e-07,-0.0046236845
3.199035e-07,-0.0046186581
3.200035e-07,-0.0046121955
3.201035e-07,-0.0046071691
3.202035e-07,-0.0046078872
3.203035e-07,-0.0046186581
3.204035e-07,-0.0046373277
3.205035e-07,-0.0046574334
3.206035e-07,-0.0046717946
3.207035e-07,-0.0046761029
3.208035e-07,-0.0046703585
3.209035e-07,-0.0046610237
3.210035e-07,-0.0046574334
3.211035e-07,-0.004664614
3.212035e-07,-0.0046804113
3.213035e-07,-0.0046969267
3.214035e-07,-0.0047019531
3.215035e-07,-0.0046875919
3.216035e-07,-0.0046552792
3.217035e-07,-0.0046157858
3.218035e-07,-0.0045841912
3.219035e-07,-0.0045727022
3.220035e-07,-0.0045856273
3.221035e-07,-0.0046157858
3.222035e-07,-0.0046466625
3.223035e-07,-0.004664614
3.224035e-07,-0.0046603056
3.225035e-07,-0.0046358915
3.226035e-07,-0.0046021427
3.227035e-07,-0.0045727022
3.228035e-07,-0.0045554687
3.229035e-07,-0.0045504423
3.230035e-07,-0.0045518784
3.231035e-07,-0.0045497243
3.232035e-07,-0.0045389534
3.233035e-07,-0.0045210018
3.234035e-07,-0.0045023323
3.235035e-07,-0.0044922794
3.236035e-07,-0.0044944336
3.237035e-07,-0.0045059226
3.238035e-07,-0.0045195657
3.239035e-07,-0.0045267463
3.240035e-07,-0.004523156
3.241035e-07,-0.004510949
3.242035e-07,-0.0044980239
3.243035e-07,-0.0044922794
3.244035e-07,-0.004498742
3.245035e-07,-0.0045131032
3.246035e-07,-0.0045296186
3.247035e-07,-0.0045382353
3.248035e-07,-0.0045367992
3.249035e-07,-0.0045281824
3.250035e-07,-0.0045217199
3.251035e-07,-0.0045267463
3.252035e-07,-0.0045475701
3.253035e-07,-0.0045798828
3.254035e-07,-0.0046150678
3.255035e-07,-0.004641636
3.256035e-07,-0.0046524069
3.257035e-07,-0.0046488166
3.258035e-07,-0.0046380457
3.259035e-07,-0.0046301471
3.260035e-07,-0.0046315832
3.261035e-07,-0.0046430722
3.262035e-07,-0.0046595875
3.263035e-07,-0.0046761029
3.264035e-07,-0.0046868739
3.265035e-07,-0.0046933364
3.266035e-07,-0.0046997989
3.267035e-07,-0.0047105699
3.268035e-07,-0.0047278033
3.269035e-07,-0.0047471909
3.270035e-07,-0.0047629883
3.271035e-07,-0.0047680147
3.272035e-07,-0.004760116
3.273035e-07,-0.0047443187
3.274035e-07,-0.0047285214
3.275035e-07,-0.0047220588
3.276035e-07,-0.0047278033
3.277035e-07,-0.0047428826
3.278035e-07,-0.004759398
3.279035e-07,-0.0047680147
3.280035e-07,-0.0047658605
3.281035e-07,-0.0047558077
3.282035e-07,-0.0047457548
3.283035e-07,-0.0047450368
3.284035e-07,-0.0047586799
3.285035e-07,-0.0047852482
3.286035e-07,-0.0048146886
3.287035e-07,-0.0048369485
3.288035e-07,-0.0048455653
3.289035e-07,-0.0048383847
3.290035e-07,-0.0048211512
3.291035e-07,-0.0048024816
3.292035e-07,-0.0047881204
3.293035e-07,-0.0047795037
3.294035e-07,-0.0047744773
3.295035e-07,-0.0047680147
3.296035e-07,-0.0047579619
3.297035e-07,-0.0047443187
3.298035e-07,-0.0047306756
3.299035e-07,-0.0047220588
3.300035e-07,-0.0047191866
3.301035e-07,-0.0047199046
3.302035e-07,-0.0047184685
3.303035e-07,-0.0047105699
3.304035e-07,-0.0046940545
3.305035e-07,-0.0046725126
3.306035e-07,-0.004653125
3.307035e-07,-0.004641636
3.308035e-07,-0.004641636
3.309035e-07,-0.0046495347
3.310035e-07,-0.0046595875
3.311035e-07,-0.004664614
3.312035e-07,-0.0046617417
3.313035e-07,-0.004653125
3.314035e-07,-0.0046437902
3.315035e-07,-0.004641636
3.316035e-07,-0.0046488166
3.317035e-07,-0.004664614
3.318035e-07,-0.0046832835
3.319035e-07,-0.0046990809
3.320035e-07,-0.0047098518
3.321035e-07,-0.0047163143
3.322035e-07,-0.0047227769
3.323035e-07,-0.0047335478
3.324035e-07,-0.0047486271
3.325035e-07,-0.0047665786
3.326035e-07,-0.0047816579
3.327035e-07,-0.0047909926
3.328035e-07,-0.004794583
3.329035e-07,-0.0047960191
3.330035e-07,-0.0048010455
3.331035e-07,-0.0048139706
3.332035e-07,-0.0048326402
3.333035e-07,-0.0048527459
3.334035e-07,-0.0048671071
3.335035e-07,-0.0048714154
3.336035e-07,-0.0048678251
3.337035e-07,-0.0048620807
3.338035e-07,-0.0048620807
3.339035e-07,-0.0048714154
3.340035e-07,-0.0048879308
3.341035e-07,-0.0049037282
3.342035e-07,-0.0049073185
3.343035e-07,-0.0048943934
3.344035e-07,-0.004866389
3.345035e-07,-0.0048333582
3.346035e-07,-0.0048089442
3.347035e-07,-0.0048024816
3.348035e-07,-0.0048154067
3.349035e-07,-0.0048398208
3.350035e-07,-0.0048627987
3.351035e-07,-0.0048714154
3.352035e-07,-0.0048627987
3.353035e-07,-0.004842693
3.354035e-07,-0.0048225873
3.355035e-07,-0.0048139706
3.356035e-07,-0.0048233054
3.357035e-07,-0.0048462833
3.358035e-07,-0.0048735696
3.359035e-07,-0.0048943934
3.360035e-07,-0.0049030101
3.361035e-07,-0.004901574
3.362035e-07,-0.0048958295
3.363035e-07,-0.0048943934
3.364035e-07,-0.0049001379
3.365035e-07,-0.0049101907
3.366035e-07,-0.0049180894
3.367035e-07,-0.0049173713
3.368035e-07,-0.0049080365
3.369035e-07,-0.0048951114
3.370035e-07,-0.0048886489
3.371035e-07,-0.0048943934
3.372035e-07,-0.0049116268
3.373035e-07,-0.0049331687
3.374035e-07,-0.0049453757
3.375035e-07,-0.0049403493
3.376035e-07,-0.0049159352
3.377035e-07,-0.0048814683
3.378035e-07,-0.0048505917
3.379035e-07,-0.0048369485
3.380035e-07,-0.0048441291
3.381035e-07,-0.0048671071
3.382035e-07,-0.0048922392
3.383035e-07,-0.0049058824
3.384035e-07,-0.0049001379
3.385035e-07,-0.004878596
3.386035e-07,-0.0048498736
3.387035e-07,-0.0048254596
3.388035e-07,-0.0048125345
3.389035e-07,-0.0048096622
3.390035e-07,-0.0048089442
3.391035e-07,-0.0048024816
3.392035e-07,-0.0047866843
3.393035e-07,-0.0047651425
3.394035e-07,-0.004747909
3.395035e-07,-0.0047450368
3.396035e-07,-0.004759398
3.397035e-07,-0.0047852482
3.398035e-07,-0.0048110983
3.399035e-07,-0.0048254596
3.400035e-07,-0.0048211512
3.401035e-07,-0.0048017636
3.402035e-07,-0.0047759134
3.403035e-07,-0.0047565257
3.404035e-07,-0.0047500632
3.405035e-07,-0.0047565257
3.406035e-07,-0.0047687328
3.407035e-07,-0.0047795037
3.408035e-07,-0.004783812
3.409035e-07,-0.0047823759
3.410035e-07,-0.004783094
3.411035e-07,-0.0047909926
3.412035e-07,-0.004807508
3.413035e-07,-0.0048268957
3.414035e-07,-0.0048391027
3.415035e-07,-0.0048369485
3.416035e-07,-0.0048168428
3.417035e-07,-0.0047859662
3.418035e-07,-0.0047543716
3.419035e-07,-0.0047335478
3.420035e-07,-0.0047285214
3.421035e-07,-0.0047349839
3.422035e-07,-0.0047443187
3.423035e-07,-0.0047450368
3.424035e-07,-0.0047328297
3.425035e-07,-0.0047112879
3.426035e-07,-0.0046897461
3.427035e-07,-0.0046761029
3.428035e-07,-0.0046753849
3.429035e-07,-0.0046832835
3.430035e-07,-0.0046911822
3.431035e-07,-0.0046875919
3.432035e-07,-0.0046696404
3.433035e-07,-0.004641636
3.434035e-07,-0.0046136317
3.435035e-07,-0.0045956801
3.436035e-07,-0.0045920898
3.437035e-07,-0.0045999885
3.438035e-07,-0.0046086052
3.439035e-07,-0.0046071691
3.440035e-07,-0.0045913718
3.441035e-07,-0.0045655216
3.442035e-07,-0.0045396714
3.443035e-07,-0.0045267463
3.444035e-07,-0.0045317727
3.445035e-07,-0.0045533146
3.446035e-07,-0.0045784467
3.447035e-07,-0.0045956801
3.448035e-07,-0.0045949621
3.449035e-07,-0.0045762925
3.450035e-07,-0.0045454159
3.451035e-07,-0.0045152574
3.452035e-07,-0.0044937155
3.453035e-07,-0.0044836627
3.454035e-07,-0.0044815085
3.455035e-07,-0.0044807904
3.456035e-07,-0.0044772001
3.457035e-07,-0.0044707376
3.458035e-07,-0.0044657112
3.459035e-07,-0.0044693015
3.460035e-07,-0.0044836627
3.461035e-07,-0.0045052045
3.462035e-07,-0.0045267463
3.463035e-07,-0.0045382353
3.464035e-07,-0.004534645
3.465035e-07,-0.0045174115
3.466035e-07,-0.0044922794
3.467035e-07,-0.0044693015
3.468035e-07,-0.0044542222
3.469035e-07,-0.0044499138
3.470035e-07,-0.0044527861
3.471035e-07,-0.0044578125
3.472035e-07,-0.0044614028
3.473035e-07,-0.004464275
3.474035e-07,-0.0044693015
3.475035e-07,-0.0044807904
3.476035e-07,-0.00449946
3.477035e-07,-0.0045217199
3.478035e-07,-0.0045411075
3.479035e-07,-0.0045497243
3.480035e-07,-0.0045454159
3.481035e-07,-0.0045317727
3.482035e-07,-0.0045145393
3.483035e-07,-0.0045037684
3.484035e-07,-0.0045030503
3.485035e-07,-0.0045138212
3.486035e-07,-0.0045310547
3.487035e-07,-0.0045497243
3.488035e-07,-0.0045676758
3.489035e-07,-0.0045863454
3.490035e-07,-0.0046100414
3.491035e-07,-0.004641636
3.492035e-07,-0.0046811294
3.493035e-07,-0.0047220588
3.494035e-07,-0.0047572438
3.495035e-07,-0.0047795037
3.496035e-07,-0.0047866843
3.497035e-07,-0.0047823759
3.498035e-07,-0.0047773495
3.499035e-07,-0.0047795037
3.500035e-07,-0.0047938649
3.501035e-07,-0.0048197151
3.502035e-07,-0.0048477194
3.503035e-07,-0.0048714154
3.504035e-07,-0.0048850586
3.505035e-07,-0.0048908031
3.506035e-07,-0.0048951114
3.507035e-07,-0.0049058824
3.508035e-07,-0.0049288603
3.509035e-07,-0.0049618911
3.510035e-07,-0.0049992302
3.511035e-07,-0.005032261
3.512035e-07,-0.0050538028
3.513035e-07,-0.0050624196
3.514035e-07,-0.0050645738
3.515035e-07,-0.0050667279
3.516035e-07,-0.0050760627
3.517035e-07,-0.0050954504
3.518035e-07,-0.0051205825
3.519035e-07,-0.0051471507
3.520035e-07,-0.0051679745
3.521035e-07,-0.0051816176
3.522035e-07,-0.0051880802
3.523035e-07,-0.0051931066
3.524035e-07,-0.0052010053
3.525035e-07,-0.0052132123
3.526035e-07,-0.0052311638
3.527035e-07,-0.0052505515
3.528035e-07,-0.005269221
3.529035e-07,-0.0052857364
3.530035e-07,-0.0052986615
3.531035e-07,-0.0053079963
3.532035e-07,-0.0053123047
3.533035e-07,-0.0053108686
3.534035e-07,-0.0053015338
3.535035e-07,-0.0052850184
3.536035e-07,-0.0052641946
3.537035e-07,-0.0052440889
3.538035e-07,-0.0052311638
3.539035e-07,-0.0052275735
3.540035e-07,-0.005233318
3.541035e-07,-0.0052433709
3.542035e-07,-0.0052512695
3.543035e-07,-0.0052505515
3.544035e-07,-0.0052390625
3.545035e-07,-0.0052182387
3.546035e-07,-0.0051938247
3.547035e-07,-0.0051701287
3.548035e-07,-0.0051493049
3.549035e-07,-0.0051306353
3.550035e-07,-0.0051119658
3.551035e-07,-0.0050897059
3.552035e-07,-0.0050645738
3.553035e-07,-0.0050394416
3.554035e-07,-0.0050164637
3.555035e-07,-0.0049977941
3.556035e-07,-0.0049819968
3.557035e-07,-0.0049640453
3.558035e-07,-0.0049389131
3.559035e-07,-0.0049058824
3.560035e-07,-0.004865671
3.561035e-07,-0.0048240234
3.562035e-07,-0.0047866843
3.563035e-07,-0.0047565257
3.564035e-07,-0.0047299575
3.565035e-07,-0.004700517
3.566035e-07,-0.0046610237
3.567035e-07,-0.0046071691
3.568035e-07,-0.0045418256
3.569035e-07,-0.0044743279
3.570035e-07,-0.0044132927
3.571035e-07,-0.0043659007
3.572035e-07,-0.0043299977
3.573035e-07,-0.004297685
3.574035e-07,-0.0042553194
3.575035e-07,-0.0041935662
3.576035e-07,-0.0041109892
3.577035e-07,-0.004014051
3.578035e-07,-0.0039156767
3.579035e-07,-0.0038259191
3.580035e-07,-0.0037512408
3.581035e-07,-0.0036880515
3.582035e-07,-0.0036277344
3.583035e-07,-0.0035616728
3.584035e-07,-0.0034848403
3.585035e-07,-0.0034008272
3.586035e-07,-0.003316096
3.587035e-07,-0.0032399816
3.588035e-07,-0.0031767923
3.589035e-07,-0.0031236558
3.590035e-07,-0.0030748277
3.591035e-07,-0.0030216912
3.592035e-07,-0.002960656
3.593035e-07,-0.0028917222
3.594035e-07,-0.0028220703
3.595035e-07,-0.0027574449
3.596035e-07,-0.0027
3.597035e-07,-0.0026475816
3.598035e-07,-0.0025951631
3.599035e-07,-0.0025391544
3.600035e-07,-0.0024795554
3.601035e-07,-0.0024221105
3.602035e-07,-0.0023747185
3.603035e-07,-0.0023438419
3.604035e-07,-0.0023301988
3.605035e-07,-0.0023280446
3.606035e-07,-0.0023280446
3.607035e-07,-0.002320864
3.608035e-07,-0.0023036305
3.609035e-07,-0.0022799345
3.610035e-07,-0.0022569566
3.611035e-07,-0.0022404412
3.612035e-07,-0.0022318244
3.613035e-07,-0.00222608
3.614035e-07,-0.0022153091
3.615035e-07,-0.0021944853
3.616035e-07,-0.0021636087
3.617035e-07,-0.0021291418
3.618035e-07,-0.0021025735
3.619035e-07,-0.0020910846
3.620035e-07,-0.0020953929
3.621035e-07,-0.002108318
3.622035e-07,-0.0021183709
3.623035e-07,-0.0021140625
3.624035e-07,-0.0020939568
3.625035e-07,-0.0020637983
3.626035e-07,-0.0020365119
3.627035e-07,-0.0020221507
3.628035e-07,-0.0020243049
3.629035e-07,-0.00203723
3.630035e-07,-0.002048719
3.631035e-07,-0.0020451287
3.632035e-07,-0.0020214327
3.633035e-07,-0.0019812213
3.634035e-07,-0.0019388557
3.635035e-07,-0.001907261
3.636035e-07,-0.0018972082
3.637035e-07,-0.0019094152
3.638035e-07,-0.0019359835
3.639035e-07,-0.0019647059
3.640035e-07,-0.0019869658
3.641035e-07,-0.0019998909
3.642035e-07,-0.0020056353
3.643035e-07,-0.0020106618
3.644035e-07,-0.0020185604
3.645035e-07,-0.0020278952
3.646035e-07,-0.0020350758
3.647035e-07,-0.0020336397
3.648035e-07,-0.0020228688
3.649035e-07,-0.0020085076
3.650035e-07,-0.0019970186
3.651035e-07,-0.0019991728
3.652035e-07,-0.0020171243
3.653035e-07,-0.0020480009
3.654035e-07,-0.002083904
3.655035e-07,-0.0021140625
3.656035e-07,-0.0021341682
3.657035e-07,-0.0021449391
3.658035e-07,-0.0021514017
3.659035e-07,-0.0021600184
3.660035e-07,-0.0021736615
3.661035e-07,-0.0021894589
3.662035e-07,-0.002202384
3.663035e-07,-0.0022059743
3.664035e-07,-0.0022002298
3.665035e-07,-0.002190895
3.666035e-07,-0.0021865866
3.667035e-07,-0.0021944853
3.668035e-07,-0.0022167452
3.669035e-07,-0.0022476218
3.670035e-07,-0.0022777803
3.671035e-07,-0.002297886
3.672035e-07,-0.0023043486
3.673035e-07,-0.0023007583
3.674035e-07,-0.0022957318
3.675035e-07,-0.002297886
3.676035e-07,-0.0023108111
3.677035e-07,-0.0023301988
3.678035e-07,-0.0023481503
3.679035e-07,-0.0023553309
3.680035e-07,-0.0023488683
3.681035e-07,-0.002333071
3.682035e-07,-0.0023165556
3.683035e-07,-0.002309375
3.684035e-07,-0.0023151195
3.685035e-07,-0.0023309168
3.686035e-07,-0.0023474322
3.687035e-07,-0.0023553309
3.688035e-07,-0.0023503045
3.689035e-07,-0.0023352252
3.690035e-07,-0.0023187098
3.691035e-07,-0.002309375
3.692035e-07,-0.0023122472
3.693035e-07,-0.0023266085
3.694035e-07,-0.0023431239
3.695035e-07,-0.0023553309
3.696035e-07,-0.0023582031
3.697035e-07,-0.0023524586
3.698035e-07,-0.002345278
3.699035e-07,-0.0023438419
3.700035e-07,-0.0023510225
3.701035e-07,-0.0023653837
3.702035e-07,-0.0023797449
3.703035e-07,-0.0023897978
3.704035e-07,-0.00239267
3.705035e-07,-0.0023912339
3.706035e-07,-0.00239267
3.707035e-07,-0.0024012868
3.708035e-07,-0.0024178022
3.709035e-07,-0.0024364717
3.710035e-07,-0.0024486788
3.711035e-07,-0.0024472426
3.712035e-07,-0.0024328814
3.713035e-07,-0.0024134938
3.714035e-07,-0.0023998506
3.715035e-07,-0.0024012868
3.716035e-07,-0.0024213925
3.717035e-07,-0.0024529871
3.718035e-07,-0.0024845818
3.719035e-07,-0.0025046875
3.720035e-07,-0.0025075597
3.721035e-07,-0.0024975069
3.722035e-07,-0.0024852999
3.723035e-07,-0.0024817096
3.724035e-07,-0.0024939166
3.725035e-07,-0.0025204848
3.726035e-07,-0.0025506434
3.727035e-07,-0.0025736213
3.728035e-07,-0.0025822381
3.729035e-07,-0.0025764936
3.730035e-07,-0.0025628504
3.731035e-07,-0.0025506434
3.732035e-07,-0.002546335
3.733035e-07,-0.0025499253
3.734035e-07,-0.0025571059
3.735035e-07,-0.0025621324
3.736035e-07,-0.0025606962
3.737035e-07,-0.0025542337
3.738035e-07,-0.0025492073
3.739035e-07,-0.0025506434
3.740035e-07,-0.0025614143
3.741035e-07,-0.0025786477
3.742035e-07,-0.002593009
3.743035e-07,-0.0025965993
3.744035e-07,-0.0025865464
3.745035e-07,-0.0025657227
3.746035e-07,-0.0025427447
3.747035e-07,-0.0025276654
3.748035e-07,-0.0025255113
3.749035e-07,-0.0025355641
3.750035e-07,-0.0025506434
3.751035e-07,-0.0025621324
3.752035e-07,-0.0025650046
3.753035e-07,-0.002558542
3.754035e-07,-0.0025477711
3.755035e-07,-0.0025391544
3.756035e-07,-0.0025362822
3.757035e-07,-0.0025391544
3.758035e-07,-0.0025413086
3.759035e-07,-0.0025391544
3.760035e-07,-0.0025298196
3.761035e-07,-0.0025168945
3.762035e-07,-0.0025061236
3.763035e-07,-0.0025046875
3.764035e-07,-0.0025154584
3.765035e-07,-0.0025355641
3.766035e-07,-0.002557824
3.767035e-07,-0.0025736213
3.768035e-07,-0.0025793658
3.769035e-07,-0.0025750574
3.770035e-07,-0.0025678768
3.771035e-07,-0.0025621324
3.772035e-07,-0.0025621324
3.773035e-07,-0.0025678768
3.774035e-07,-0.0025729033
3.775035e-07,-0.0025736213
3.776035e-07,-0.0025685949
3.777035e-07,-0.0025606962
3.778035e-07,-0.0025571059
3.779035e-07,-0.0025621324
3.780035e-07,-0.0025779297
3.781035e-07,-0.0025994715
3.782035e-07,-0.0026202953
3.783035e-07,-0.0026310662
3.784035e-07,-0.0026296301
3.785035e-07,-0.0026188591
3.786035e-07,-0.002605216
3.787035e-07,-0.0025965993
3.788035e-07,-0.0025965993
3.789035e-07,-0.0026030618
3.790035e-07,-0.0026088063
3.791035e-07,-0.0026080882
3.792035e-07,-0.0025973173
3.793035e-07,-0.0025793658
3.794035e-07,-0.0025606962
3.795035e-07,-0.0025506434
3.796035e-07,-0.0025527976
3.797035e-07,-0.0025650046
3.798035e-07,-0.0025822381
3.799035e-07,-0.0025965993
3.800035e-07,-0.0026030618
3.801035e-07,-0.0026023437
3.802035e-07,-0.0025980354
3.803035e-07,-0.0025965993
3.804035e-07,-0.0025994715
3.805035e-07,-0.0026059341
3.806035e-07,-0.0026109605
3.807035e-07,-0.0026080882
3.808035e-07,-0.0025965993
3.809035e-07,-0.0025779297
3.810035e-07,-0.0025606962
3.811035e-07,-0.0025506434
3.812035e-07,-0.0025513614
3.813035e-07,-0.0025621324
3.814035e-07,-0.0025757755
3.815035e-07,-0.0025851103
3.816035e-07,-0.0025865464
3.817035e-07,-0.0025800839
3.818035e-07,-0.002570031
3.819035e-07,-0.0025621324
3.820035e-07,-0.0025599782
3.821035e-07,-0.0025621324
3.822035e-07,-0.0025642865
3.823035e-07,-0.0025621324
3.824035e-07,-0.0025549517
3.825035e-07,-0.002546335
3.826035e-07,-0.0025427447
3.827035e-07,-0.0025506434
3.828035e-07,-0.0025729033
3.829035e-07,-0.0026059341
3.830035e-07,-0.002640401
3.831035e-07,-0.0026655331
3.832035e-07,-0.0026755859
3.833035e-07,-0.0026705595
3.834035e-07,-0.0026561983
3.835035e-07,-0.0026425551
3.836035e-07,-0.0026382468
3.837035e-07,-0.0026468635
3.838035e-07,-0.0026655331
3.839035e-07,-0.002688511
3.840035e-07,-0.0027086167
3.841035e-07,-0.0027222599
3.842035e-07,-0.0027294405
3.843035e-07,-0.0027344669
3.844035e-07,-0.0027416475
3.845035e-07,-0.0027531365
3.846035e-07,-0.002771088
3.847035e-07,-0.0027919118
3.848035e-07,-0.0028127355
3.849035e-07,-0.002829969
3.850035e-07,-0.002842176
3.851035e-07,-0.0028493566
3.852035e-07,-0.0028507927
3.853035e-07,-0.0028464844
3.854035e-07,-0.0028378676
3.855035e-07,-0.0028263787
3.856035e-07,-0.0028148897
3.857035e-07,-0.002806991
3.858035e-07,-0.002806991
3.859035e-07,-0.0028148897
3.860035e-07,-0.0028285329
3.861035e-07,-0.002842176
3.862035e-07,-0.0028500747
3.863035e-07,-0.0028493566
3.864035e-07,-0.0028400218
3.865035e-07,-0.0028256606
3.866035e-07,-0.0028120175
3.867035e-07,-0.0028034007
3.868035e-07,-0.0028005285
3.869035e-07,-0.0028005285
3.870035e-07,-0.0027990924
3.871035e-07,-0.0027919118
3.872035e-07,-0.0027789867
3.873035e-07,-0.0027639074
3.874035e-07,-0.0027509823
3.875035e-07,-0.0027459559
3.876035e-07,-0.0027488281
3.877035e-07,-0.0027567268
3.878035e-07,-0.0027653435
3.879035e-07,-0.0027689338
3.880035e-07,-0.0027667796
3.881035e-07,-0.002759599
3.882035e-07,-0.0027517004
3.883035e-07,-0.0027459559
3.884035e-07,-0.0027423656
3.885035e-07,-0.0027380572
3.886035e-07,-0.0027323127
3.887035e-07,-0.0027229779
3.888035e-07,-0.0027129251
3.889035e-07,-0.0027078987
3.890035e-07,-0.0027107709
3.891035e-07,-0.0027229779
3.892035e-07,-0.0027402114
3.893035e-07,-0.0027545726
3.894035e-07,-0.0027581629
3.895035e-07,-0.0027459559
3.896035e-07,-0.0027215418
3.897035e-07,-0.0026935375
3.898035e-07,-0.0026727137
3.899035e-07,-0.0026655331
3.900035e-07,-0.0026719956
3.901035e-07,-0.0026849207
3.902035e-07,-0.0026935375
3.903035e-07,-0.002688511
3.904035e-07,-0.0026684053
3.905035e-07,-0.0026396829
3.906035e-07,-0.0026123966
3.907035e-07,-0.0025965993
3.908035e-07,-0.0025958812
3.909035e-07,-0.0026066521
3.910035e-07,-0.0026217314
3.911035e-07,-0.0026310662
3.912035e-07,-0.0026317842
3.913035e-07,-0.0026260398
3.914035e-07,-0.0026195772
3.915035e-07,-0.0026195772
3.916035e-07,-0.0026267578
3.917035e-07,-0.0026382468
3.918035e-07,-0.0026454274
3.919035e-07,-0.0026425551
3.920035e-07,-0.002628912
3.921035e-07,-0.0026102424
3.922035e-07,-0.0025965993
3.923035e-07,-0.0025965993
3.924035e-07,-0.0026138327
3.925035e-07,-0.0026418371
3.926035e-07,-0.0026705595
3.927035e-07,-0.002688511
3.928035e-07,-0.0026906652
3.929035e-07,-0.0026791762
3.930035e-07,-0.0026633789
3.931035e-07,-0.0026540441
3.932035e-07,-0.0026569164
3.933035e-07,-0.0026712776
3.934035e-07,-0.002688511
3.935035e-07,-0.0027
3.936035e-07,-0.0026985639
3.937035e-07,-0.0026849207
3.938035e-07,-0.0026669692
3.939035e-07,-0.0026540441
3.940035e-07,-0.0026533261
3.941035e-07,-0.0026655331
3.942035e-07,-0.0026842027
3.943035e-07,-0.0027
3.944035e-07,-0.0027050264
3.945035e-07,-0.0026971278
3.946035e-07,-0.0026813304
3.947035e-07,-0.0026655331
3.948035e-07,-0.0026569164
3.949035e-07,-0.0026583525
3.950035e-07,-0.0026669692
3.951035e-07,-0.0026770221
3.952035e-07,-0.0026820485
3.953035e-07,-0.0026798943
3.954035e-07,-0.0026727137
3.955035e-07,-0.0026655331
3.956035e-07,-0.002664097
3.957035e-07,-0.0026705595
3.958035e-07,-0.0026842027
3.959035e-07,-0.0027
3.960035e-07,-0.0027136432
3.961035e-07,-0.002723696
3.962035e-07,-0.0027301585
3.963035e-07,-0.0027344669
3.964035e-07,-0.0027394933
3.965035e-07,-0.0027438017
3.966035e-07,-0.002747392
3.967035e-07,-0.0027459559
3.968035e-07,-0.0027394933
3.969035e-07,-0.0027287224
3.970035e-07,-0.0027179515
3.971035e-07,-0.002711489
3.972035e-07,-0.002711489
3.973035e-07,-0.0027179515
3.974035e-07,-0.0027272863
3.975035e-07,-0.0027344669
3.976035e-07,-0.0027373392
3.977035e-07,-0.0027344669
3.978035e-07,-0.0027287224
3.979035e-07,-0.0027229779
3.980035e-07,-0.0027201057
3.981035e-07,-0.0027208238
3.982035e-07,-0.0027229779
3.983035e-07,-0.0027229779
3.984035e-07,-0.0027201057
3.985035e-07,-0.0027157973
3.986035e-07,-0.002711489
3.987035e-07,-0.002711489
3.988035e-07,-0.0027165154
3.989035e-07,-0.0027265682
3.990035e-07,-0.0027373392
3.991035e-07,-0.0027459559
3.992035e-07,-0.0027495462
3.993035e-07,-0.002747392
3.994035e-07,-0.0027409295
3.995035e-07,-0.0027344669
3.996035e-07,-0.0027294405
3.997035e-07,-0.0027280044
3.998035e-07,-0.0027301585
3.999035e-07,-0.0027344669
4.000035e-07,-0.0027423656
4.001035e-07,-0.0027538545
4.002035e-07,-0.0027703699
4.003035e-07,-0.0027919118
4.004035e-07,-0.0028163258
4.005035e-07,-0.0028400218
4.006035e-07,-0.0028594095
4.007035e-07,-0.0028723346
4.008035e-07,-0.0028802332
4.009035e-07,-0.0028866958
4.010035e-07,-0.0028981847
4.011035e-07,-0.0029182904
4.012035e-07,-0.0029470129
4.013035e-07,-0.0029793256
4.014035e-07,-0.0030102022
4.015035e-07,-0.0030331801
4.016035e-07,-0.0030453872
4.017035e-07,-0.0030489775
4.018035e-07,-0.0030504136
4.019035e-07,-0.0030561581
4.020035e-07,-0.0030712374
4.021035e-07,-0.0030963695
4.022035e-07,-0.0031279642
4.023035e-07,-0.0031595588
4.024035e-07,-0.0031861271
4.025035e-07,-0.0032033605
4.026035e-07,-0.0032126953
4.027035e-07,-0.0032170037
4.028035e-07,-0.0032198759
4.029035e-07,-0.0032256204
4.030035e-07,-0.0032363913
4.031035e-07,-0.0032514706
4.032035e-07,-0.0032708582
4.033035e-07,-0.0032924
4.034035e-07,-0.0033132238
4.035035e-07,-0.0033318934
4.036035e-07,-0.0033441004
4.037035e-07,-0.0033484088
4.038035e-07,-0.0033433824
4.039035e-07,-0.0033318934
4.040035e-07,-0.0033182502
4.041035e-07,-0.0033074793
4.042035e-07,-0.003303889
4.043035e-07,-0.0033089154
4.044035e-07,-0.0033196864
4.045035e-07,-0.0033304573
4.046035e-07,-0.0033354837
4.047035e-07,-0.0033318934
4.048035e-07,-0.0033204044
4.049035e-07,-0.0033053251
4.050035e-07,-0.0032924
4.051035e-07,-0.0032859375
4.052035e-07,-0.0032852194
4.053035e-07,-0.0032880917
4.054035e-07,-0.0032888097
4.055035e-07,-0.0032859375
4.056035e-07,-0.0032787569
4.057035e-07,-0.0032722943
4.058035e-07,-0.0032694221
4.059035e-07,-0.0032744485
4.060035e-07,-0.0032845014
4.061035e-07,-0.0032938362
4.062035e-07,-0.0032959903
4.063035e-07,-0.0032859375
4.064035e-07,-0.0032636776
4.065035e-07,-0.0032356733
4.066035e-07,-0.0032098231
4.067035e-07,-0.0031940257
4.068035e-07,-0.0031904354
4.069035e-07,-0.003197616
4.070035e-07,-0.0032083869
4.071035e-07,-0.0032170037
4.072035e-07,-0.0032198759
4.073035e-07,-0.0032170037
4.074035e-07,-0.0032112592
4.075035e-07,-0.0032055147
4.076035e-07,-0.0031997702
4.077035e-07,-0.0031925896
4.078035e-07,-0.0031796645
4.079035e-07,-0.0031595588
4.080035e-07,-0.0031358628
4.081035e-07,-0.0031157571
4.082035e-07,-0.0031064223
4.083035e-07,-0.0031136029
4.084035e-07,-0.0031351448
4.085035e-07,-0.0031645852
4.086035e-07,-0.0031911535
4.087035e-07,-0.0032055147
4.088035e-07,-0.0032040786
4.089035e-07,-0.0031904354
4.090035e-07,-0.0031724839
4.091035e-07,-0.0031595588
4.092035e-07,-0.0031552505
4.093035e-07,-0.0031595588
4.094035e-07,-0.0031667394
4.095035e-07,-0.0031710478
4.096035e-07,-0.0031696117
4.097035e-07,-0.0031631491
4.098035e-07,-0.0031581227
4.099035e-07,-0.0031595588
4.100035e-07,-0.0031681756
4.101035e-07,-0.0031811006
4.102035e-07,-0.0031918716
4.103035e-07,-0.0031940257
4.104035e-07,-0.003185409
4.105035e-07,-0.0031696117
4.106035e-07,-0.0031552505
4.107035e-07,-0.0031480699
4.108035e-07,-0.0031523782
4.109035e-07,-0.0031645852
4.110035e-07,-0.0031775103
4.111035e-07,-0.0031825368
4.112035e-07,-0.0031767923
4.113035e-07,-0.003161713
4.114035e-07,-0.0031451976
4.115035e-07,-0.0031365809
4.116035e-07,-0.0031416073
4.117035e-07,-0.0031595588
4.118035e-07,-0.0031839729
4.119035e-07,-0.0032055147
4.120035e-07,-0.0032162856
4.121035e-07,-0.0032148495
4.122035e-07,-0.0032047966
4.123035e-07,-0.0031940257
4.124035e-07,-0.0031889993
4.125035e-07,-0.0031925896
4.126035e-07,-0.0032033605
4.127035e-07,-0.0032170037
4.128035e-07,-0.0032277746
4.129035e-07,-0.0032342371
4.130035e-07,-0.0032371094
4.131035e-07,-0.0032399816
4.132035e-07,-0.0032464442
4.133035e-07,-0.0032579331
4.134035e-07,-0.0032722943
4.135035e-07,-0.0032859375
4.136035e-07,-0.0032959903
4.137035e-07,-0.0033002987
4.138035e-07,-0.0033002987
4.139035e-07,-0.0032974265
4.140035e-07,-0.0032938362
4.141035e-07,-0.0032909639
4.142035e-07,-0.0032880917
4.143035e-07,-0.0032859375
4.144035e-07,-0.0032852194
4.145035e-07,-0.0032895278
4.146035e-07,-0.0033010168
4.147035e-07,-0.0033204044
4.148035e-07,-0.0033455365
4.149035e-07,-0.0033721048
4.150035e-07,-0.0033922105
4.151035e-07,-0.0034008272
4.152035e-07,-0.0033972369
4.153035e-07,-0.0033843118
4.154035e-07,-0.0033677964
4.155035e-07,-0.0033548713
4.156035e-07,-0.0033476907
4.157035e-07,-0.0033462546
4.158035e-07,-0.0033462546
4.159035e-07,-0.0033433824
4.160035e-07,-0.0033362017
4.161035e-07,-0.0033254308
4.162035e-07,-0.003315378
4.163035e-07,-0.0033089154
4.164035e-07,-0.0033089154
4.165035e-07,-0.0033132238
4.166035e-07,-0.0033189683
4.167035e-07,-0.0033204044
4.168035e-07,-0.003315378
4.169035e-07,-0.0033046071
4.170035e-07,-0.0032895278
4.171035e-07,-0.0032744485
4.172035e-07,-0.0032615234
4.173035e-07,-0.0032514706
4.174035e-07,-0.003245008
4.175035e-07,-0.0032399816
4.176035e-07,-0.0032385455
4.177035e-07,-0.0032414177
4.178035e-07,-0.0032500345
4.179035e-07,-0.0032629596
4.180035e-07,-0.0032773208
4.181035e-07,-0.0032873736
4.182035e-07,-0.0032902459
4.183035e-07,-0.0032859375
4.184035e-07,-0.0032780388
4.185035e-07,-0.0032737305
4.186035e-07,-0.003279475
4.187035e-07,-0.0032974265
4.188035e-07,-0.0033225586
4.189035e-07,-0.0033462546
4.190035e-07,-0.0033584616
4.191035e-07,-0.0033548713
4.192035e-07,-0.0033369198
4.193035e-07,-0.0033139419
4.194035e-07,-0.0032981445
4.195035e-07,-0.0032974265
4.196035e-07,-0.0033139419
4.197035e-07,-0.0033419462
4.198035e-07,-0.0033706687
4.199035e-07,-0.0033893382
4.200035e-07,-0.0033943647
4.201035e-07,-0.0033893382
4.202035e-07,-0.0033807215
4.203035e-07,-0.0033778493
4.204035e-07,-0.0033835938
4.205035e-07,-0.0033965188
4.206035e-07,-0.0034080078
4.207035e-07,-0.0034123162
4.208035e-07,-0.0034058536
4.209035e-07,-0.0033929285
4.210035e-07,-0.0033807215
4.211035e-07,-0.0033778493
4.212035e-07,-0.0033879021
4.213035e-07,-0.0034072898
4.214035e-07,-0.0034302677
4.215035e-07,-0.0034467831
4.216035e-07,-0.0034518095
4.217035e-07,-0.003446065
4.218035e-07,-0.0034345761
4.219035e-07,-0.0034238051
4.220035e-07,-0.0034187787
4.221035e-07,-0.0034194968
4.222035e-07,-0.0034230871
4.223035e-07,-0.0034238051
4.224035e-07,-0.0034209329
4.225035e-07,-0.0034151884
4.226035e-07,-0.0034108801
4.227035e-07,-0.0034123162
4.228035e-07,-0.0034202148
4.229035e-07,-0.0034302677
4.230035e-07,-0.0034367302
4.231035e-07,-0.0034352941
4.232035e-07,-0.0034252413
4.233035e-07,-0.0034094439
4.234035e-07,-0.0033958008
4.235035e-07,-0.0033893382
4.236035e-07,-0.0033900563
4.237035e-07,-0.0033950827
4.238035e-07,-0.0033965188
4.239035e-07,-0.0033893382
4.240035e-07,-0.0033735409
4.241035e-07,-0.0033534352
4.242035e-07,-0.0033376379
4.243035e-07,-0.0033318934
4.244035e-07,-0.0033376379
4.245035e-07,-0.0033491268
4.246035e-07,-0.0033577436
4.247035e-07,-0.0033548713
4.248035e-07,-0.0033383559
4.249035e-07,-0.0033139419
4.250035e-07,-0.0032895278
4.251035e-07,-0.0032744485
4.252035e-07,-0.0032730124
4.253035e-07,-0.0032809111
4.254035e-07,-0.0032924
4.255035e-07,-0.0032974265
4.256035e-07,-0.0032931181
4.257035e-07,-0.0032816291
4.258035e-07,-0.0032694221
4.259035e-07,-0.0032629596
4.260035e-07,-0.0032658318
4.261035e-07,-0.0032744485
4.262035e-07,-0.0032830653
4.263035e-07,-0.0032859375
4.264035e-07,-0.0032816291
4.265035e-07,-0.0032737305
4.266035e-07,-0.0032694221
4.267035e-07,-0.0032744485
4.268035e-07,-0.0032902459
4.269035e-07,-0.0033103516
4.270035e-07,-0.003326867
4.271035e-07,-0.0033318934
4.272035e-07,-0.0033247128
4.273035e-07,-0.0033117877
4.274035e-07,-0.003303889
4.275035e-07,-0.0033089154
4.276035e-07,-0.0033304573
4.277035e-07,-0.00336277
4.278035e-07,-0.0033936466
4.279035e-07,-0.0034123162
4.280035e-07,-0.0034130342
4.281035e-07,-0.003398673
4.282035e-07,-0.0033792854
4.283035e-07,-0.0033663603
4.284035e-07,-0.0033677964
4.285035e-07,-0.0033828757
4.286035e-07,-0.0034051356
4.287035e-07,-0.0034238051
4.288035e-07,-0.0034324219
4.289035e-07,-0.0034288316
4.290035e-07,-0.0034202148
4.291035e-07,-0.0034123162
4.292035e-07,-0.0034115981
4.293035e-07,-0.0034187787
4.294035e-07,-0.0034288316
4.295035e-07,-0.0034352941
4.296035e-07,-0.0034352941
4.297035e-07,-0.0034295496
4.298035e-07,-0.0034238051
4.299035e-07,-0.0034238051
4.300035e-07,-0.003433858
4.301035e-07,-0.0034532456
4.302035e-07,-0.0034755055
4.303035e-07,-0.003492739
4.304035e-07,-0.0035013557
4.305035e-07,-0.0035006376
4.306035e-07,-0.0034963293
4.307035e-07,-0.003492739
4.308035e-07,-0.0034948932
4.309035e-07,-0.0035013557
4.310035e-07,-0.0035099724
4.311035e-07,-0.0035157169
4.312035e-07,-0.003516435
4.313035e-07,-0.0035142808
4.314035e-07,-0.0035128447
4.315035e-07,-0.0035157169
4.316035e-07,-0.0035228975
4.317035e-07,-0.0035307962
4.318035e-07,-0.0035336684
4.319035e-07,-0.0035272059
4.320035e-07,-0.0035121266
4.321035e-07,-0.0034941751
4.322035e-07,-0.0034819681
4.323035e-07,-0.00348125
4.324035e-07,-0.0034941751
4.325035e-07,-0.0035142808
4.326035e-07,-0.0035322323
4.327035e-07,-0.0035386949
4.328035e-07,-0.0035293601
4.329035e-07,-0.0035085363
4.330035e-07,-0.0034855584
4.331035e-07,-0.003469761
4.332035e-07,-0.0034676068
4.333035e-07,-0.0034783778
4.334035e-07,-0.0034941751
4.335035e-07,-0.0035042279
4.336035e-07,-0.0035013557
4.337035e-07,-0.0034848403
4.338035e-07,-0.0034597082
4.339035e-07,-0.0034352941
4.340035e-07,-0.0034202148
4.341035e-07,-0.0034166245
4.342035e-07,-0.0034238051
4.343035e-07,-0.0034352941
4.344035e-07,-0.0034446289
4.345035e-07,-0.0034496553
4.346035e-07,-0.0034496553
4.347035e-07,-0.0034467831
4.348035e-07,-0.0034446289
4.349035e-07,-0.0034424747
4.350035e-07,-0.0034403205
4.351035e-07,-0.0034352941
4.352035e-07,-0.0034273955
4.353035e-07,-0.0034180607
4.354035e-07,-0.0034115981
4.355035e-07,-0.0034123162
4.356035e-07,-0.0034209329
4.357035e-07,-0.0034345761
4.358035e-07,-0.0034489373
4.359035e-07,-0.0034582721
4.360035e-07,-0.0034597082
4.361035e-07,-0.0034539637
4.362035e-07,-0.0034446289
4.363035e-07,-0.0034352941
4.364035e-07,-0.0034302677
4.365035e-07,-0.0034295496
4.366035e-07,-0.0034317038
4.367035e-07,-0.0034352941
4.368035e-07,-0.0034381664
4.369035e-07,-0.0034403205
4.370035e-07,-0.0034431928
4.371035e-07,-0.0034467831
4.372035e-07,-0.0034496553
4.373035e-07,-0.0034489373
4.374035e-07,-0.0034439108
4.375035e-07,-0.0034352941
4.376035e-07,-0.0034273955
4.377035e-07,-0.0034245232
4.378035e-07,-0.0034309858
4.379035e-07,-0.0034467831
4.380035e-07,-0.0034661707
4.381035e-07,-0.0034798139
4.382035e-07,-0.0034819681
4.383035e-07,-0.003469761
4.384035e-07,-0.0034489373
4.385035e-07,-0.0034295496
4.386035e-07,-0.0034238051
4.387035e-07,-0.0034352941
4.388035e-07,-0.0034625804
4.389035e-07,-0.0034948932
4.390035e-07,-0.0035193072
4.391035e-07,-0.0035272059
4.392035e-07,-0.0035178711
4.393035e-07,-0.0034992015
4.394035e-07,-0.0034841222
4.395035e-07,-0.00348125
4.396035e-07,-0.0034948932
4.397035e-07,-0.0035193072
4.398035e-07,-0.0035444393
4.399035e-07,-0.0035616728
4.400035e-07,-0.0035674173
4.401035e-07,-0.0035652631
4.402035e-07,-0.0035652631
4.403035e-07,-0.0035731618
4.404035e-07,-0.0035925494
4.405035e-07,-0.0036176815
4.406035e-07,-0.0036406595
4.407035e-07,-0.0036535846
4.408035e-07,-0.0036557387
4.409035e-07,-0.0036521484
4.410035e-07,-0.0036528665
4.411035e-07,-0.0036650735
4.412035e-07,-0.0036894876
4.413035e-07,-0.0037189281
4.414035e-07,-0.003741188
4.415035e-07,-0.0037454963
4.416035e-07,-0.003729699
4.417035e-07,-0.0037009766
4.418035e-07,-0.0036715361
4.419035e-07,-0.0036535846
4.420035e-07,-0.0036543026
4.421035e-07,-0.0036693819
4.422035e-07,-0.0036880515
4.423035e-07,-0.0036995404
4.424035e-07,-0.0036966682
4.425035e-07,-0.0036815889
4.426035e-07,-0.0036636374
4.427035e-07,-0.0036535846
4.428035e-07,-0.0036571749
4.429035e-07,-0.003670818
4.430035e-07,-0.0036851792
4.431035e-07,-0.0036880515
4.432035e-07,-0.0036722541
4.433035e-07,-0.0036392233
4.434035e-07,-0.0035975758
4.435035e-07,-0.0035616728
4.436035e-07,-0.003540849
4.437035e-07,-0.0035379768
4.438035e-07,-0.0035480296
4.439035e-07,-0.0035616728
4.440035e-07,-0.0035695715
4.441035e-07,-0.0035688534
4.442035e-07,-0.0035602367
4.443035e-07,-0.0035501838
4.444035e-07,-0.0035430032
4.445035e-07,-0.003540849
4.446035e-07,-0.003540849
4.447035e-07,-0.0035386949
4.448035e-07,-0.0035307962
4.449035e-07,-0.0035178711
4.450035e-07,-0.0035035099
4.451035e-07,-0.003492739
4.452035e-07,-0.0034869945
4.453035e-07,-0.0034841222
4.454035e-07,-0.0034798139
4.455035e-07,-0.003469761
4.456035e-07,-0.0034532456
4.457035e-07,-0.003433858
4.458035e-07,-0.0034180607
4.459035e-07,-0.0034123162
4.460035e-07,-0.0034187787
4.461035e-07,-0.0034317038
4.462035e-07,-0.0034439108
4.463035e-07,-0.0034467831
4.464035e-07,-0.0034360122
4.465035e-07,-0.0034144704
4.466035e-07,-0.0033914924
4.467035e-07,-0.0033778493
4.468035e-07,-0.0033792854
4.469035e-07,-0.0033965188
4.470035e-07,-0.003422369
4.471035e-07,-0.0034467831
4.472035e-07,-0.0034618624
4.473035e-07,-0.0034640165
4.474035e-07,-0.0034568359
4.475035e-07,-0.0034467831
4.476035e-07,-0.0034410386
4.477035e-07,-0.0034424747
4.478035e-07,-0.0034496553
4.479035e-07,-0.0034582721
4.480035e-07,-0.0034640165
4.481035e-07,-0.0034647346
4.482035e-07,-0.0034618624
4.483035e-07,-0.0034582721
4.484035e-07,-0.003457554
4.485035e-07,-0.0034618624
4.486035e-07,-0.0034704791
4.487035e-07,-0.00348125
4.488035e-07,-0.003492739
4.489035e-07,-0.003504946
4.490035e-07,-0.003516435
4.491035e-07,-0.0035272059
4.492035e-07,-0.0035358226
4.493035e-07,-0.0035394129
4.494035e-07,-0.0035365407
4.495035e-07,-0.0035272059
4.496035e-07,-0.0035142808
4.497035e-07,-0.0035027918
4.498035e-07,-0.0034984835
4.499035e-07,-0.0035042279
4.500035e-07,-0.0035178711
4.501035e-07,-0.0035343865
4.502035e-07,-0.0035465935
4.503035e-07,-0.0035501838
4.504035e-07,-0.0035458755
4.505035e-07,-0.0035386949
4.506035e-07,-0.0035343865
4.507035e-07,-0.0035386949
4.508035e-07,-0.0035509019
4.509035e-07,-0.0035652631
4.510035e-07,-0.0035745979
4.511035e-07,-0.0035731618
4.512035e-07,-0.0035609547
4.513035e-07,-0.0035430032
4.514035e-07,-0.0035293601
4.515035e-07,-0.0035272059
4.516035e-07,-0.0035386949
4.517035e-07,-0.0035595186
4.518035e-07,-0.0035810604
4.519035e-07,-0.0035961397
4.520035e-07,-0.00359973
4.521035e-07,-0.0035939855
4.522035e-07,-0.0035868049
4.523035e-07,-0.0035846507
4.524035e-07,-0.0035918313
4.525035e-07,-0.0036061926
4.526035e-07,-0.0036219899
4.527035e-07,-0.0036306066
4.528035e-07,-0.0036284524
4.529035e-07,-0.0036155273
4.530035e-07,-0.0035990119
4.531035e-07,-0.0035846507
4.532035e-07,-0.0035781882
4.533035e-07,-0.0035810604
4.534035e-07,-0.0035889591
4.535035e-07,-0.0035961397
4.536035e-07,-0.0035990119
4.537035e-07,-0.0035968578
4.538035e-07,-0.0035911133
4.539035e-07,-0.0035846507
4.540035e-07,-0.0035789062
4.541035e-07,-0.0035731618
4.542035e-07,-0.003564545
4.543035e-07,-0.0035501838
4.544035e-07,-0.0035315142
4.545035e-07,-0.0035128447
4.546035e-07,-0.0034984835
4.547035e-07,-0.003492739
4.548035e-07,-0.0034963293
4.549035e-07,-0.0035056641
4.550035e-07,-0.0035135627
4.551035e-07,-0.0035157169
4.552035e-07,-0.0035106905
4.553035e-07,-0.0035013557
4.554035e-07,-0.003493457
4.555035e-07,-0.003492739
4.556035e-07,-0.0034999196
4.557035e-07,-0.0035114085
4.558035e-07,-0.0035221795
4.559035e-07,-0.0035272059
4.560035e-07,-0.0035257698
4.561035e-07,-0.0035214614
4.562035e-07,-0.0035200253
4.563035e-07,-0.0035272059
4.564035e-07,-0.0035430032
4.565035e-07,-0.0035631089
4.566035e-07,-0.0035789062
4.567035e-07,-0.0035846507
4.568035e-07,-0.0035789062
4.569035e-07,-0.0035659812
4.570035e-07,-0.0035537741
4.571035e-07,-0.0035501838
4.572035e-07,-0.0035580825
4.573035e-07,-0.0035745979
4.574035e-07,-0.0035896772
4.575035e-07,-0.0035961397
4.576035e-07,-0.0035889591
4.577035e-07,-0.0035717256
4.578035e-07,-0.0035516199
4.579035e-07,-0.0035386949
4.580035e-07,-0.0035386949
4.581035e-07,-0.0035530561
4.582035e-07,-0.0035745979
4.583035e-07,-0.0035961397
4.584035e-07,-0.003611219
4.585035e-07,-0.0036176815
4.586035e-07,-0.0036183996
4.587035e-07,-0.0036191176
4.588035e-07,-0.003623426
4.589035e-07,-0.0036327608
4.590035e-07,-0.0036442498
4.591035e-07,-0.0036535846
4.592035e-07,-0.0036578929
4.593035e-07,-0.0036571749
4.594035e-07,-0.0036543026
4.595035e-07,-0.0036535846
4.596035e-07,-0.0036564568
4.597035e-07,-0.0036622013
4.598035e-07,-0.0036657916
4.599035e-07,-0.0036650735
4.600035e-07,-0.0036578929
4.601035e-07,-0.0036478401
4.602035e-07,-0.0036406595
4.603035e-07,-0.0036420956
4.604035e-07,-0.0036535846
4.605035e-07,-0.0036722541
4.606035e-07,-0.0036902057
4.607035e-07,-0.0036995404
4.608035e-07,-0.0036952321
4.609035e-07,-0.0036779986
4.610035e-07,-0.0036535846
4.611035e-07,-0.0036306066
4.612035e-07,-0.0036176815
4.613035e-07,-0.0036169635
4.614035e-07,-0.0036270163
4.615035e-07,-0.0036420956
4.616035e-07,-0.0036550207
4.617035e-07,-0.0036614832
4.618035e-07,-0.0036607652
4.619035e-07,-0.0036535846
4.620035e-07,-0.0036442498
4.621035e-07,-0.0036341969
4.622035e-07,-0.0036262983
4.623035e-07,-0.0036191176
4.624035e-07,-0.0036140912
4.625035e-07,-0.003611219
4.626035e-07,-0.0036126551
4.627035e-07,-0.0036191176
4.628035e-07,-0.0036291705
4.629035e-07,-0.0036413775
4.630035e-07,-0.0036499943
