LECROYHDO6104B,11090,Waveform
Segments,1,SegmentSize,5002
Segment,TrigTime,TimeSinceSegment1
#1,04-May-2026 18:21:49,0                 
Time,Ampl
-3.705274e-08,-0.0054781767
-3.695274e-08,-0.0054911018
-3.685274e-08,-0.0055033088
-3.675274e-08,-0.0055083352
-3.665274e-08,-0.0055068991
-3.655274e-08,-0.0055025908
-3.645274e-08,-0.0055033088
-3.635274e-08,-0.0055133617
-3.625274e-08,-0.0055327493
-3.615274e-08,-0.0055550092
-3.605274e-08,-0.0055722426
-3.595274e-08,-0.0055779871
-3.585274e-08,-0.0055700885
-3.575274e-08,-0.0055542911
-3.565274e-08,-0.0055377757
-3.555274e-08,-0.0055262868
-3.545274e-08,-0.0055241326
-3.535274e-08,-0.005529159
-3.525274e-08,-0.0055377757
-3.515274e-08,-0.0055463925
-3.505274e-08,-0.0055542911
-3.495274e-08,-0.0055614717
-3.485274e-08,-0.0055722426
-3.475274e-08,-0.0055866039
-3.465274e-08,-0.0056038373
-3.455274e-08,-0.0056189166
-3.445274e-08,-0.0056296875
-3.435274e-08,-0.0056332778
-3.425274e-08,-0.0056318417
-3.415274e-08,-0.0056289694
-3.405274e-08,-0.0056296875
-3.395274e-08,-0.00563615
-3.385274e-08,-0.005647639
-3.375274e-08,-0.0056620002
-3.365274e-08,-0.0056756434
-3.355274e-08,-0.0056871324
-3.345274e-08,-0.0056971852
-3.335274e-08,-0.0057079561
-3.325274e-08,-0.0057215993
-3.315274e-08,-0.0057366785
-3.305274e-08,-0.0057503217
-3.295274e-08,-0.0057575023
-3.285274e-08,-0.0057560662
-3.275274e-08,-0.0057474494
-3.265274e-08,-0.0057352424
-3.255274e-08,-0.0057251896
-3.245274e-08,-0.0057215993
-3.235274e-08,-0.0057237534
-3.225274e-08,-0.0057273438
-3.215274e-08,-0.0057273438
-3.205274e-08,-0.0057215993
-3.195274e-08,-0.0057108284
-3.185274e-08,-0.0056993394
-3.175274e-08,-0.005694313
-3.165274e-08,-0.0056986213
-3.155274e-08,-0.0057093922
-3.145274e-08,-0.0057201631
-3.135274e-08,-0.0057223173
-3.125274e-08,-0.0057101103
-3.115274e-08,-0.0056856962
-3.105274e-08,-0.0056562557
-3.095274e-08,-0.0056318417
-3.085274e-08,-0.0056181985
-3.075274e-08,-0.0056167624
-3.065274e-08,-0.0056225069
-3.055274e-08,-0.0056246611
-3.045274e-08,-0.0056181985
-3.035274e-08,-0.0056024012
-3.025274e-08,-0.0055837316
-3.015274e-08,-0.0055708065
-3.005274e-08,-0.0055722426
-2.995274e-08,-0.0055866039
-2.985274e-08,-0.0056067096
-2.975274e-08,-0.0056203527
-2.965274e-08,-0.0056181985
-2.955274e-08,-0.0055973748
-2.945274e-08,-0.005564344
-2.935274e-08,-0.0055327493
-2.925274e-08,-0.0055147978
-2.915274e-08,-0.0055162339
-2.905274e-08,-0.0055356216
-2.895274e-08,-0.0055614717
-2.885274e-08,-0.0055837316
-2.875274e-08,-0.0055945025
-2.865274e-08,-0.0055937845
-2.855274e-08,-0.0055873219
-2.845274e-08,-0.0055837316
-2.835274e-08,-0.0055873219
-2.825274e-08,-0.0055966567
-2.815274e-08,-0.0056052734
-2.805274e-08,-0.0056067096
-2.795274e-08,-0.0055973748
-2.785274e-08,-0.0055808594
-2.775274e-08,-0.0055657801
-2.765274e-08,-0.0055607537
-2.755274e-08,-0.0055700885
-2.745274e-08,-0.0055909122
-2.735274e-08,-0.0056138902
-2.725274e-08,-0.0056296875
-2.715274e-08,-0.0056318417
-2.705274e-08,-0.0056210708
-2.695274e-08,-0.0056059915
-2.685274e-08,-0.0055952206
-2.675274e-08,-0.0055959386
-2.665274e-08,-0.0056067096
-2.655274e-08,-0.0056210708
-2.645274e-08,-0.0056296875
-2.635274e-08,-0.0056246611
-2.625274e-08,-0.0056059915
-2.615274e-08,-0.0055779871
-2.605274e-08,-0.0055492647
-2.595274e-08,-0.0055284409
-2.585274e-08,-0.00551767
-2.575274e-08,-0.0055155159
-2.565274e-08,-0.0055147978
-2.555274e-08,-0.0055112075
-2.545274e-08,-0.0055025908
-2.535274e-08,-0.0054903837
-2.525274e-08,-0.0054803309
-2.515274e-08,-0.0054753045
-2.505274e-08,-0.0054760225
-2.495274e-08,-0.0054796128
-2.485274e-08,-0.0054803309
-2.475274e-08,-0.0054753045
-2.465274e-08,-0.0054638155
-2.455274e-08,-0.0054487362
-2.445274e-08,-0.005434375
-2.435274e-08,-0.0054236041
-2.425274e-08,-0.0054178596
-2.415274e-08,-0.0054142693
-2.405274e-08,-0.0054113971
-2.395274e-08,-0.0054078068
-2.385274e-08,-0.0054049345
-2.375274e-08,-0.0054049345
-2.365274e-08,-0.0054113971
-2.355274e-08,-0.005422886
-2.345274e-08,-0.0054365292
-2.335274e-08,-0.005445864
-2.325274e-08,-0.005445864
-2.315274e-08,-0.0054350931
-2.305274e-08,-0.0054157054
-2.295274e-08,-0.0053941636
-2.285274e-08,-0.0053769301
-2.275274e-08,-0.0053683134
-2.265274e-08,-0.0053683134
-2.255274e-08,-0.0053726218
-2.245274e-08,-0.0053769301
-2.235274e-08,-0.0053783663
-2.225274e-08,-0.0053762121
-2.215274e-08,-0.005374776
-2.205274e-08,-0.0053769301
-2.195274e-08,-0.0053848288
-2.185274e-08,-0.0053977539
-2.175274e-08,-0.0054113971
-2.165274e-08,-0.005422886
-2.155274e-08,-0.0054293486
-2.145274e-08,-0.0054315028
-2.135274e-08,-0.0054329389
-2.125274e-08,-0.005434375
-2.115274e-08,-0.0054379653
-2.105274e-08,-0.0054422737
-2.095274e-08,-0.005445864
-2.085274e-08,-0.005445864
-2.075274e-08,-0.0054444278
-2.065274e-08,-0.005445864
-2.055274e-08,-0.0054530446
-2.045274e-08,-0.0054688419
-2.035274e-08,-0.0054911018
-2.025274e-08,-0.0055140797
-2.015274e-08,-0.0055313132
-2.005274e-08,-0.0055377757
-1.995274e-08,-0.0055341854
-1.985274e-08,-0.0055248506
-1.975274e-08,-0.005516952
-1.965274e-08,-0.0055147978
-1.955274e-08,-0.0055191062
-1.945274e-08,-0.0055270048
-1.935274e-08,-0.0055305951
-1.925274e-08,-0.0055262868
-1.915274e-08,-0.0055140797
-1.905274e-08,-0.0054990005
-1.895274e-08,-0.0054896657
-1.885274e-08,-0.0054918199
-1.875274e-08,-0.0055076172
-1.865274e-08,-0.0055320312
-1.855274e-08,-0.0055564453
-1.845274e-08,-0.0055722426
-1.835274e-08,-0.0055743968
-1.825274e-08,-0.005565062
-1.815274e-08,-0.0055499828
-1.805274e-08,-0.0055377757
-1.795274e-08,-0.0055327493
-1.785274e-08,-0.0055356216
-1.775274e-08,-0.0055428022
-1.765274e-08,-0.0055492647
-1.755274e-08,-0.005552855
-1.745274e-08,-0.0055542911
-1.735274e-08,-0.0055557273
-1.725274e-08,-0.0055607537
-1.715274e-08,-0.0055686523
-1.705274e-08,-0.0055779871
-1.695274e-08,-0.0055837316
-1.685274e-08,-0.0055837316
-1.675274e-08,-0.0055794233
-1.665274e-08,-0.0055751149
-1.655274e-08,-0.005575833
-1.645274e-08,-0.0055837316
-1.635274e-08,-0.0055973748
-1.625274e-08,-0.0056102999
-1.615274e-08,-0.0056146082
-1.605274e-08,-0.0056067096
-1.595274e-08,-0.00558804
-1.585274e-08,-0.0055657801
-1.575274e-08,-0.0055507008
-1.565274e-08,-0.0055492647
-1.555274e-08,-0.0055614717
-1.545274e-08,-0.0055794233
-1.535274e-08,-0.0055937845
-1.525274e-08,-0.0055952206
-1.515274e-08,-0.0055815774
-1.505274e-08,-0.0055578814
-1.495274e-08,-0.0055363396
-1.485274e-08,-0.0055262868
-1.475274e-08,-0.0055320312
-1.465274e-08,-0.0055492647
-1.455274e-08,-0.0055700885
-1.445274e-08,-0.0055837316
-1.435274e-08,-0.0055858858
-1.425274e-08,-0.0055779871
-1.415274e-08,-0.0055672162
-1.405274e-08,-0.0055607537
-1.395274e-08,-0.0055629079
-1.385274e-08,-0.0055715246
-1.375274e-08,-0.0055808594
-1.365274e-08,-0.0055837316
-1.355274e-08,-0.0055772691
-1.345274e-08,-0.005565062
-1.335274e-08,-0.0055535731
-1.325274e-08,-0.0055492647
-1.315274e-08,-0.0055550092
-1.305274e-08,-0.0055664982
-1.295274e-08,-0.0055787052
-1.285274e-08,-0.0055837316
-1.275274e-08,-0.0055815774
-1.265274e-08,-0.0055751149
-1.255274e-08,-0.0055743968
-1.245274e-08,-0.0055837316
-1.235274e-08,-0.0056045554
-1.225274e-08,-0.0056304056
-1.215274e-08,-0.0056497932
-1.205274e-08,-0.0056526654
-1.195274e-08,-0.005635432
-1.185274e-08,-0.0056045554
-1.175274e-08,-0.0055715246
-1.165274e-08,-0.0055492647
-1.155274e-08,-0.0055463925
-1.145274e-08,-0.0055629079
-1.135274e-08,-0.0055901942
-1.125274e-08,-0.0056181985
-1.115274e-08,-0.0056375862
-1.105274e-08,-0.005646921
-1.095274e-08,-0.0056490751
-1.085274e-08,-0.0056526654
-1.075274e-08,-0.0056612822
-1.065274e-08,-0.0056756434
-1.055274e-08,-0.0056907227
-1.045274e-08,-0.0056986213
-1.035274e-08,-0.005694313
-1.025274e-08,-0.0056770795
-1.015274e-08,-0.0056497932
-1.005274e-08,-0.0056181985
-9.952743e-09,-0.0055851677
-9.852743e-09,-0.0055499828
-9.752743e-09,-0.0055083352
-9.652743e-09,-0.0054573529
-9.552743e-09,-0.0053941636
-9.452743e-09,-0.0053209214
-9.352743e-09,-0.0052412167
-9.252743e-09,-0.0051586397
-9.152743e-09,-0.0050724724
-9.052743e-09,-0.0049762523
-8.952743e-09,-0.0048620807
-8.852743e-09,-0.0047220588
-8.752743e-09,-0.0045547507
-8.652743e-09,-0.0043659007
-8.552743e-09,-0.0041655618
-8.452743e-09,-0.0039637868
-8.352743e-09,-0.0037677562
-8.252743e-09,-0.0035774701
-8.152743e-09,-0.0033857479
-8.052743e-09,-0.0031825368
-7.952743e-09,-0.0029613741
-7.852743e-09,-0.0027208238
-7.752743e-09,-0.00246304
-7.652743e-09,-0.0021944853
-7.552743e-09,-0.0019209042
-7.452743e-09,-0.0016458869
-7.352743e-09,-0.0013694336
-7.252743e-09,-0.0010915441
-7.152743e-09,-0.00081293658
-7.052743e-09,-0.00053576517
-6.952743e-09,-0.00026433824
-6.852743e-09,-9.1911765e-08
-6.752743e-09,0.00025769187
-6.652743e-09,0.00051475758
-6.552743e-09,0.00077613166
-6.452743e-09,0.0010454044
-6.352743e-09,0.0013204216
-6.252743e-09,0.0015925666
-6.152743e-09,0.0018525046
-6.052743e-09,0.0020909007
-5.952743e-09,0.0023056009
-5.852743e-09,0.0025009134
-5.752743e-09,0.0026868911
-5.652743e-09,0.0028721507
-5.552743e-09,0.0030610007
-5.452743e-09,0.0032505687
-5.352743e-09,0.00343152
-5.252743e-09,0.0035959559
-5.152743e-09,0.0037374138
-5.052743e-09,0.003858048
-4.952743e-09,0.0039650391
-4.852743e-09,0.0040670037
-4.752743e-09,0.0041704044
-4.652743e-09,0.0042759593
-4.552743e-09,0.0043779239
-4.452743e-09,0.0044691176
-4.352743e-09,0.0045430779
-4.252743e-09,0.0045983686
-4.152743e-09,0.0046407341
-4.052743e-09,0.0046759191
-3.952743e-09,0.004710386
-3.852743e-09,0.0047470071
-3.752743e-09,0.0047829102
-3.652743e-09,0.0048137868
-3.552743e-09,0.0048360466
-3.452743e-09,0.0048489717
-3.352743e-09,0.0048554343
-3.252743e-09,0.0048597426
-3.152743e-09,0.0048647691
-3.052743e-09,0.0048719497
-2.952743e-09,0.0048791303
-2.852743e-09,0.0048827206
-2.752743e-09,0.0048820025
-2.652743e-09,0.0048776942
-2.552743e-09,0.0048726677
-2.452743e-09,0.0048712316
-2.352743e-09,0.0048741039
-2.252743e-09,0.0048791303
-2.152743e-09,0.0048834386
-2.052743e-09,0.0048827206
-1.952743e-09,0.00487554
-1.852743e-09,0.004864051
-1.752743e-09,0.0048539982
-1.652743e-09,0.0048482537
-1.552743e-09,0.0048504079
-1.452743e-09,0.0048583065
-1.352743e-09,0.0048669233
-1.252743e-09,0.0048712316
-1.152743e-09,0.0048683594
-1.052743e-09,0.0048597426
-9.52743e-10,0.0048511259
-8.52743e-10,0.0048482537
-7.52743e-10,0.0048561523
-6.52743e-10,0.0048741039
-5.52743e-10,0.0049006721
-4.52743e-10,0.0049286765
-3.52743e-10,0.0049538086
-2.52743e-10,0.0049731962
-1.52743e-10,0.0049868394
-5.274296e-11,0.0049976103
4.725704e-11,0.0050076631
1.47257e-10,0.0050169979
2.47257e-10,0.0050256147
3.47257e-10,0.0050320772
4.47257e-10,0.0050371036
5.47257e-10,0.0050428481
6.47257e-10,0.0050521829
7.47257e-10,0.0050665441
8.47257e-10,0.0050873679
9.47257e-10,0.0051117819
1.047257e-09,0.0051369141
1.147257e-09,0.0051584559
1.247257e-09,0.0051756893
1.347257e-09,0.0051886144
1.447257e-09,0.0052015395
1.547257e-09,0.0052159007
1.647257e-09,0.0052324161
1.747257e-09,0.0052496496
1.847257e-09,0.0052640108
1.947257e-09,0.0052733456
2.047257e-09,0.0052769359
2.147257e-09,0.005277654
2.247257e-09,0.0052790901
2.347257e-09,0.0052848346
2.447257e-09,0.0052956055
2.547257e-09,0.0053114028
2.647257e-09,0.0053272001
2.747257e-09,0.0053422794
2.847257e-09,0.0053544864
2.947257e-09,0.0053659754
3.047257e-09,0.0053767463
3.147257e-09,0.0053882353
3.247257e-09,0.0053982881
3.347257e-09,0.0054025965
3.447257e-09,0.0053997243
3.547257e-09,0.0053882353
3.647257e-09,0.0053710018
3.747257e-09,0.0053544864
3.847257e-09,0.0053444336
3.947257e-09,0.0053422794
4.047257e-09,0.0053465878
4.147257e-09,0.0053516142
4.247257e-09,0.0053516142
4.347257e-09,0.0053422794
4.447257e-09,0.0053264821
4.547257e-09,0.0053114028
4.647257e-09,0.0053035041
4.747257e-09,0.0053078125
4.847257e-09,0.0053214557
4.947257e-09,0.005337253
5.047257e-09,0.0053422794
5.147257e-09,0.0053307904
5.247257e-09,0.0053006319
5.347257e-09,0.0052604205
5.447257e-09,0.0052209272
5.547257e-09,0.0051929228
5.647257e-09,0.0051821519
5.747257e-09,0.0051850241
5.847257e-09,0.0051922047
5.947257e-09,0.0051929228
6.047257e-09,0.0051807158
6.147257e-09,0.0051548656
6.247257e-09,0.0051211167
6.347257e-09,0.0050895221
6.447257e-09,0.0050658261
6.547257e-09,0.0050521829
6.647257e-09,0.0050464384
6.747257e-09,0.0050435662
6.847257e-09,0.0050385398
6.947257e-09,0.005029923
7.047257e-09,0.0050198702
7.147257e-09,0.0050090993
7.247257e-09,0.0049990464
7.347257e-09,0.0049875574
7.447257e-09,0.0049724782
7.547257e-09,0.0049516544
7.647257e-09,0.0049272403
7.747257e-09,0.0049035443
7.847257e-09,0.004887029
7.947257e-09,0.0048827206
8.047257e-09,0.0048891831
8.147257e-09,0.0049006721
8.247257e-09,0.0049078527
8.347257e-09,0.0049056985
8.447257e-09,0.0048920554
8.547257e-09,0.0048712316
8.647257e-09,0.0048539982
8.747257e-09,0.0048482537
8.847257e-09,0.0048575885
8.947257e-09,0.0048776942
9.047257e-09,0.0049013902
9.147257e-09,0.0049171875
9.247257e-09,0.0049193417
9.347257e-09,0.0049085708
9.447257e-09,0.0048899012
9.547257e-09,0.0048712316
9.647257e-09,0.0048583065
9.747257e-09,0.0048511259
9.847257e-09,0.0048460995
9.947257e-09,0.0048367647
1.004726e-08,0.0048202493
1.014726e-08,0.0047965533
1.024726e-08,0.0047735754
1.034726e-08,0.0047563419
1.044726e-08,0.0047505974
1.054726e-08,0.0047563419
1.064726e-08,0.0047678309
1.074726e-08,0.0047793199
1.084726e-08,0.0047850643
1.094726e-08,0.0047843463
1.104726e-08,0.004780756
1.114726e-08,0.0047793199
1.124726e-08,0.0047836282
1.134726e-08,0.004792963
1.144726e-08,0.0048015797
1.154726e-08,0.0048022978
1.164726e-08,0.0047893727
1.174726e-08,0.0047635225
1.184726e-08,0.0047304917
1.194726e-08,0.0046988971
1.204726e-08,0.0046780733
1.214726e-08,0.0046723288
1.224726e-08,0.0046816636
1.234726e-08,0.0046988971
1.244726e-08,0.0047161305
1.254726e-08,0.0047254653
1.264726e-08,0.0047240292
1.274726e-08,0.004710386
1.284726e-08,0.0046888442
1.294726e-08,0.004662994
1.304726e-08,0.00463858
1.314726e-08,0.0046184743
1.324726e-08,0.0046048311
1.334726e-08,0.0045976505
1.344726e-08,0.0045954963
1.354726e-08,0.0045954963
1.364726e-08,0.0045940602
1.374726e-08,0.0045875977
1.384726e-08,0.0045761087
1.394726e-08,0.0045610294
1.404726e-08,0.0045459501
1.414726e-08,0.0045358973
1.424726e-08,0.0045337431
1.434726e-08,0.0045380515
1.444726e-08,0.0045452321
1.454726e-08,0.0045488224
1.464726e-08,0.0045430779
1.474726e-08,0.0045265625
1.484726e-08,0.0045021484
1.494726e-08,0.0044770163
1.504726e-08,0.0044569106
1.514726e-08,0.0044461397
1.524726e-08,0.0044425494
1.534726e-08,0.0044411133
1.544726e-08,0.0044353688
1.554726e-08,0.0044231618
1.564726e-08,0.0044059283
1.574726e-08,0.004390849
1.584726e-08,0.0043843865
1.594726e-08,0.0043886949
1.604726e-08,0.0044016199
1.614726e-08,0.004413827
1.624726e-08,0.0044152631
1.634726e-08,0.0044001838
1.644726e-08,0.0043693072
1.654726e-08,0.0043319681
1.664726e-08,0.0043003734
1.674726e-08,0.0042852941
1.684726e-08,0.0042910386
1.694726e-08,0.0043118624
1.704726e-08,0.0043362764
1.714726e-08,0.0043542279
1.724726e-08,0.0043571002
1.734726e-08,0.0043456112
1.744726e-08,0.0043269416
1.754726e-08,0.0043082721
1.764726e-08,0.0042967831
1.774726e-08,0.0042924747
1.784726e-08,0.0042903205
1.794726e-08,0.0042852941
1.804726e-08,0.0042730871
1.814726e-08,0.0042558536
1.824726e-08,0.0042386202
1.834726e-08,0.0042278493
1.844726e-08,0.0042278493
1.854726e-08,0.0042379021
1.864726e-08,0.0042515453
1.874726e-08,0.0042623162
1.884726e-08,0.0042644704
1.894726e-08,0.0042565717
1.904726e-08,0.0042429285
1.914726e-08,0.0042278493
1.924726e-08,0.0042163603
1.934726e-08,0.0042077436
1.944726e-08,0.004201281
1.954726e-08,0.0041933824
1.964726e-08,0.0041818934
1.974726e-08,0.0041675322
1.984726e-08,0.0041553251
1.994726e-08,0.0041474265
2.004726e-08,0.0041459903
2.014726e-08,0.0041481445
2.024726e-08,0.0041502987
2.034726e-08,0.0041474265
2.044726e-08,0.0041380917
2.054726e-08,0.0041244485
2.064726e-08,0.0041108054
2.074726e-08,0.0041014706
2.084726e-08,0.0040978803
2.094726e-08,0.0040985983
2.104726e-08,0.0040971622
2.114726e-08,0.0040899816
2.124726e-08,0.0040763385
2.134726e-08,0.0040583869
2.144726e-08,0.0040425896
2.154726e-08,0.0040325368
2.164726e-08,0.0040303826
2.174726e-08,0.0040339729
2.184726e-08,0.0040361271
2.194726e-08,0.0040325368
2.204726e-08,0.0040217659
2.214726e-08,0.0040074046
2.224726e-08,0.0039937615
2.234726e-08,0.0039865809
2.244726e-08,0.0039872989
2.254726e-08,0.0039916073
2.264726e-08,0.0039930434
2.274726e-08,0.0039865809
2.284726e-08,0.0039700655
2.294726e-08,0.0039478056
2.304726e-08,0.0039276999
2.314726e-08,0.0039176471
2.324726e-08,0.0039212374
2.334726e-08,0.0039363166
2.344726e-08,0.0039564223
2.354726e-08,0.0039750919
2.364726e-08,0.0039858628
2.374726e-08,0.0039894531
2.384726e-08,0.003988017
2.394726e-08,0.0039865809
2.404726e-08,0.0039872989
2.414726e-08,0.0039901712
2.424726e-08,0.0039916073
2.434726e-08,0.0039865809
2.444726e-08,0.0039750919
2.454726e-08,0.0039585765
2.464726e-08,0.0039413431
2.474726e-08,0.003929136
2.484726e-08,0.0039226735
2.494726e-08,0.0039212374
2.504726e-08,0.0039205193
2.514726e-08,0.0039176471
2.524726e-08,0.0039111845
2.534726e-08,0.0039032858
2.544726e-08,0.0038968233
2.554726e-08,0.0038946691
2.564726e-08,0.0038946691
2.574726e-08,0.0038917969
2.584726e-08,0.003881026
2.594726e-08,0.0038602022
2.604726e-08,0.0038307617
2.614726e-08,0.0038006032
2.624726e-08,0.0037776252
2.634726e-08,0.0037682904
2.644726e-08,0.0037718807
2.654726e-08,0.0037804975
2.664726e-08,0.003786242
2.674726e-08,0.0037797794
2.684726e-08,0.0037589557
2.694726e-08,0.0037287971
2.704726e-08,0.0036986386
2.714726e-08,0.0036763787
2.724726e-08,0.0036663258
2.734726e-08,0.0036648897
2.744726e-08,0.0036670439
2.754726e-08,0.0036648897
2.764726e-08,0.003656273
2.774726e-08,0.0036433479
2.784726e-08,0.003632577
2.794726e-08,0.0036304228
2.804726e-08,0.0036376034
2.814726e-08,0.0036498104
2.824726e-08,0.0036612994
2.834726e-08,0.0036648897
2.844726e-08,0.0036591452
2.854726e-08,0.0036483743
2.864726e-08,0.0036404756
2.874726e-08,0.0036419118
2.884726e-08,0.0036534007
2.894726e-08,0.00366848
2.904726e-08,0.0036792509
2.914726e-08,0.0036763787
2.924726e-08,0.0036577091
2.934726e-08,0.0036289867
2.944726e-08,0.0036009823
2.954726e-08,0.0035844669
2.964726e-08,0.003585903
2.974726e-08,0.0036024184
2.984726e-08,0.0036246783
2.994726e-08,0.0036419118
3.004726e-08,0.0036462201
3.014726e-08,0.0036368853
3.024726e-08,0.003621088
3.034726e-08,0.0036074449
3.044726e-08,0.0036024184
3.054726e-08,0.0036074449
3.064726e-08,0.0036153435
3.074726e-08,0.0036189338
3.084726e-08,0.0036117532
3.094726e-08,0.0035938017
3.104726e-08,0.0035701057
3.114726e-08,0.00355
3.124726e-08,0.0035392291
3.134726e-08,0.0035392291
3.144726e-08,0.0035456916
3.154726e-08,0.00355
3.164726e-08,0.0035449736
3.174726e-08,0.0035291762
3.184726e-08,0.0035054802
3.194726e-08,0.0034810662
3.204726e-08,0.0034631147
3.214726e-08,0.0034537799
3.224726e-08,0.0034501896
3.234726e-08,0.0034465993
3.244726e-08,0.0034358284
3.254726e-08,0.0034150046
3.264726e-08,0.0033855641
3.274726e-08,0.0033546875
3.284726e-08,0.0033302734
3.294726e-08,0.0033166303
3.304726e-08,0.0033151942
3.314726e-08,0.0033202206
3.324726e-08,0.0033259651
3.334726e-08,0.003325247
3.344726e-08,0.0033151942
3.354726e-08,0.0032972426
3.364726e-08,0.0032749828
3.374726e-08,0.003254159
3.384726e-08,0.0032383617
3.394726e-08,0.0032283088
3.404726e-08,0.0032240005
3.414726e-08,0.0032218463
3.424726e-08,0.0032204102
3.434726e-08,0.0032168199
3.444726e-08,0.0032103573
3.454726e-08,0.0032010225
3.464726e-08,0.0031909697
3.474726e-08,0.0031823529
3.484726e-08,0.0031780446
3.494726e-08,0.0031809168
3.504726e-08,0.0031902516
3.514726e-08,0.0032053309
3.524726e-08,0.0032218463
3.534726e-08,0.0032340533
3.544726e-08,0.0032369256
3.554726e-08,0.0032283088
3.564726e-08,0.0032082031
3.574726e-08,0.0031816349
3.584726e-08,0.0031557847
3.594726e-08,0.0031363971
3.604726e-08,0.0031292165
3.614726e-08,0.0031342429
3.624726e-08,0.0031500402
3.634726e-08,0.003170864
3.644726e-08,0.0031916877
3.654726e-08,0.0032082031
3.664726e-08,0.0032168199
3.674726e-08,0.0032168199
3.684726e-08,0.0032082031
3.694726e-08,0.0031916877
3.704726e-08,0.003170864
3.714726e-08,0.003147886
3.724726e-08,0.0031270623
3.734726e-08,0.0031112649
3.744726e-08,0.0031026482
3.754726e-08,0.0031019301
3.764726e-08,0.0031055205
3.774726e-08,0.0031112649
3.784726e-08,0.0031141372
3.794726e-08,0.0031134191
3.804726e-08,0.0031091108
3.814726e-08,0.0031026482
3.824726e-08,0.0030961857
3.834726e-08,0.0030904412
3.844726e-08,0.0030846967
3.854726e-08,0.00307608
3.864726e-08,0.0030624368
3.874726e-08,0.0030444853
3.884726e-08,0.0030243796
3.894726e-08,0.0030064281
3.904726e-08,0.002993503
3.914726e-08,0.0029870404
3.924726e-08,0.0029856043
3.934726e-08,0.0029856043
3.944726e-08,0.002982014
3.954726e-08,0.0029755515
3.964726e-08,0.0029669347
3.974726e-08,0.0029597541
3.984726e-08,0.0029590361
3.994726e-08,0.0029640625
4.004726e-08,0.0029719612
4.014726e-08,0.0029755515
4.024726e-08,0.002970525
4.034726e-08,0.0029525735
4.044726e-08,0.0029260053
4.054726e-08,0.0028965648
4.064726e-08,0.0028735869
4.074726e-08,0.0028606618
4.084726e-08,0.0028585076
4.094726e-08,0.0028620979
4.104726e-08,0.0028642521
4.114726e-08,0.0028606618
4.124726e-08,0.0028506089
4.134726e-08,0.0028376838
4.144726e-08,0.0028290671
4.154726e-08,0.0028261949
4.164726e-08,0.002828349
4.174726e-08,0.0028297852
4.184726e-08,0.0028226045
4.194726e-08,0.0028032169
4.204726e-08,0.0027723403
4.214726e-08,0.0027393095
4.224726e-08,0.0027120232
4.234726e-08,0.0026998162
4.244726e-08,0.0027026884
4.254726e-08,0.0027134593
4.264726e-08,0.0027235122
4.274726e-08,0.0027227941
4.284726e-08,0.0027084329
4.294726e-08,0.0026847369
4.304726e-08,0.0026596048
4.314726e-08,0.0026423713
4.324726e-08,0.0026366268
4.334726e-08,0.0026394991
4.344726e-08,0.0026445255
4.354726e-08,0.0026423713
4.364726e-08,0.0026301643
4.374726e-08,0.0026100586
4.384726e-08,0.0025892348
4.394726e-08,0.0025734375
4.404726e-08,0.0025662569
4.414726e-08,0.0025662569
4.424726e-08,0.002566975
4.434726e-08,0.0025619485
4.444726e-08,0.0025504596
4.454726e-08,0.0025360983
4.464726e-08,0.0025260455
4.474726e-08,0.0025274816
4.484726e-08,0.0025418428
4.494726e-08,0.0025648208
4.504726e-08,0.0025863626
4.514726e-08,0.0025964154
4.524726e-08,0.0025899529
4.534726e-08,0.0025705653
4.544726e-08,0.0025461512
4.554726e-08,0.0025274816
4.564726e-08,0.0025217371
4.574726e-08,0.0025303539
4.584726e-08,0.0025461512
4.594726e-08,0.0025619485
4.604726e-08,0.0025705653
4.614726e-08,0.0025712833
4.624726e-08,0.0025662569
4.634726e-08,0.0025619485
4.644726e-08,0.0025619485
4.654726e-08,0.0025648208
4.664726e-08,0.002566975
4.674726e-08,0.0025619485
4.684726e-08,0.0025461512
4.694726e-08,0.0025210191
4.704726e-08,0.0024930147
4.714726e-08,0.0024700368
4.724726e-08,0.0024585478
4.734726e-08,0.0024599839
4.744726e-08,0.0024700368
4.754726e-08,0.0024815257
4.764726e-08,0.0024887063
4.774726e-08,0.0024879883
4.784726e-08,0.0024808077
4.794726e-08,0.0024700368
4.804726e-08,0.0024585478
4.814726e-08,0.0024463408
4.824726e-08,0.0024319795
4.834726e-08,0.0024125919
4.844726e-08,0.0023881778
4.854726e-08,0.0023608915
4.864726e-08,0.0023364775
4.874726e-08,0.0023206801
4.884726e-08,0.0023163718
4.894726e-08,0.0023221163
4.904726e-08,0.0023336052
4.914726e-08,0.0023436581
4.924726e-08,0.0023472484
4.934726e-08,0.002342222
4.944726e-08,0.0023321691
4.954726e-08,0.0023206801
4.964726e-08,0.0023113454
4.974726e-08,0.0023041648
4.984726e-08,0.0022969841
4.994726e-08,0.0022862132
5.004726e-08,0.0022696978
5.014726e-08,0.002247438
5.024726e-08,0.00222446
5.034726e-08,0.0022057904
5.044726e-08,0.0021957376
5.054726e-08,0.0021943015
5.064726e-08,0.0021993279
5.074726e-08,0.0022057904
5.084726e-08,0.0022079446
5.094726e-08,0.0022043543
5.104726e-08,0.0021943015
5.114726e-08,0.0021828125
5.124726e-08,0.0021727597
5.134726e-08,0.002165579
5.144726e-08,0.0021619887
5.154726e-08,0.0021598346
5.164726e-08,0.0021555262
5.174726e-08,0.0021483456
5.184726e-08,0.0021375747
5.194726e-08,0.0021253676
5.204726e-08,0.0021131606
5.214726e-08,0.0021023897
5.224726e-08,0.0020916188
5.234726e-08,0.0020794118
5.244726e-08,0.0020650506
5.254726e-08,0.0020492532
5.264726e-08,0.0020334559
5.274726e-08,0.0020219669
5.284726e-08,0.0020162224
5.294726e-08,0.0020162224
5.304726e-08,0.0020198127
5.314726e-08,0.0020219669
5.324726e-08,0.0020190947
5.334726e-08,0.0020090418
5.344726e-08,0.0019939625
5.354726e-08,0.001976011
5.364726e-08,0.0019609318
5.374726e-08,0.001952315
5.384726e-08,0.0019501608
5.394726e-08,0.0019530331
5.404726e-08,0.0019573415
5.414726e-08,0.0019587776
5.424726e-08,0.0019573415
5.434726e-08,0.0019530331
5.444726e-08,0.0019487247
5.454726e-08,0.0019465705
5.464726e-08,0.0019487247
5.474726e-08,0.0019530331
5.484726e-08,0.0019566234
5.494726e-08,0.0019573415
5.504726e-08,0.001951597
5.514726e-08,0.0019415441
5.524726e-08,0.0019293371
5.534726e-08,0.0019200023
5.544726e-08,0.001916412
5.554726e-08,0.0019185662
5.564726e-08,0.0019257468
5.574726e-08,0.0019336455
5.584726e-08,0.0019393899
5.594726e-08,0.0019415441
5.604726e-08,0.001940108
5.614726e-08,0.0019379538
5.624726e-08,0.0019379538
5.634726e-08,0.0019415441
5.644726e-08,0.0019480067
5.654726e-08,0.0019544692
5.664726e-08,0.0019566234
5.674726e-08,0.0019530331
5.684726e-08,0.0019429802
5.694726e-08,0.001928619
5.704726e-08,0.0019156939
5.714726e-08,0.0019070772
5.724726e-08,0.0019063591
5.734726e-08,0.0019113856
5.744726e-08,0.0019214384
5.754726e-08,0.0019300551
5.764726e-08,0.0019350816
5.774726e-08,0.0019350816
5.784726e-08,0.001928619
5.794726e-08,0.0019185662
5.804726e-08,0.001904923
5.814726e-08,0.0018891257
5.824726e-08,0.0018704561
5.834726e-08,0.0018496324
5.844726e-08,0.0018280905
5.854726e-08,0.001809421
5.864726e-08,0.0017964959
5.874726e-08,0.0017921875
5.884726e-08,0.0017964959
5.894726e-08,0.0018065487
5.904726e-08,0.0018151654
5.914726e-08,0.0018151654
5.924726e-08,0.0018015223
5.934726e-08,0.001774236
5.944726e-08,0.0017376149
5.954726e-08,0.0017002757
5.964726e-08,0.0016701172
5.974726e-08,0.0016536018
5.984726e-08,0.0016500115
5.994726e-08,0.0016543199
6.004726e-08,0.0016586282
6.014726e-08,0.0016550379
6.024726e-08,0.0016413948
6.034726e-08,0.0016198529
6.044726e-08,0.0015961569
6.054726e-08,0.0015774874
6.064726e-08,0.0015667165
6.074726e-08,0.0015624081
6.084726e-08,0.0015588178
6.094726e-08,0.0015480469
6.104726e-08,0.0015265051
6.114726e-08,0.0014934743
6.124726e-08,0.0014561351
6.134726e-08,0.0014223863
6.144726e-08,0.0013994083
6.154726e-08,0.0013900735
6.164726e-08,0.0013907916
6.174726e-08,0.0013936638
6.184726e-08,0.0013907916
6.194726e-08,0.0013785846
6.204726e-08,0.0013584789
6.214726e-08,0.001336219
6.224726e-08,0.0013189855
6.234726e-08,0.0013096507
6.244726e-08,0.0013074966
6.254726e-08,0.0013053424
6.264726e-08,0.0012960076
6.274726e-08,0.0012751838
6.284726e-08,0.0012443072
6.294726e-08,0.0012091222
6.304726e-08,0.0011789637
6.314726e-08,0.0011602941
6.324726e-08,0.0011538316
6.334726e-08,0.0011559858
6.344726e-08,0.0011602941
6.354726e-08,0.0011602941
6.364726e-08,0.0011552677
6.374726e-08,0.001146651
6.384726e-08,0.0011401884
6.394726e-08,0.0011373162
6.404726e-08,0.0011365981
6.414726e-08,0.0011322898
6.424726e-08,0.0011179285
6.434726e-08,0.0010913603
6.444726e-08,0.0010554573
6.454726e-08,0.0010195542
6.464726e-08,0.0009944221
6.474726e-08,0.00098795956
6.484726e-08,0.0010008847
6.494726e-08,0.0010245807
6.504726e-08,0.0010468405
6.514726e-08,0.0010568934
6.524726e-08,0.0010504308
6.534726e-08,0.0010303251
6.544726e-08,0.0010066291
6.554726e-08,0.00098795956
6.564726e-08,0.00097934283
6.574726e-08,0.00097718865
6.584726e-08,0.00097575253
6.594726e-08,0.00096498162
6.604726e-08,0.00094200368
6.614726e-08,0.00090969095
6.624726e-08,0.0008759421
6.634726e-08,0.00085009191
6.644726e-08,0.00083788488
6.654726e-08,0.00083788488
6.664726e-08,0.00084434743
6.674726e-08,0.00085009191
6.684726e-08,0.00084937385
6.694726e-08,0.00084219324
6.704726e-08,0.00083285846
6.714726e-08,0.00082711397
6.724726e-08,0.00082711397
6.734726e-08,0.00083070427
6.744726e-08,0.0008321404
6.754726e-08,0.00082711397
6.764726e-08,0.00081275276
6.774726e-08,0.00079264706
6.784726e-08,0.00077254136
6.794726e-08,0.00075818015
6.804726e-08,0.00075243566
6.814726e-08,0.00075243566
6.824726e-08,0.0007517176
6.834726e-08,0.00074669118
6.844726e-08,0.00073448415
6.854726e-08,0.00071940487
6.864726e-08,0.00070647978
6.874726e-08,0.00070073529
6.884726e-08,0.00070217142
6.894726e-08,0.00070576172
6.904726e-08,0.00070360754
6.914726e-08,0.00068924632
6.924726e-08,0.00066196002
6.934726e-08,0.00062964729
6.944726e-08,0.00060092486
6.954726e-08,0.00058584559
6.964726e-08,0.00058871783
6.974726e-08,0.00060451517
6.984726e-08,0.00062605699
6.994726e-08,0.00064329044
7.004726e-08,0.00065047105
7.014726e-08,0.00064975299
7.024726e-08,0.00064544462
7.034726e-08,0.00064329044
7.044726e-08,0.00064616268
7.054726e-08,0.00065047105
7.064726e-08,0.00065118911
7.074726e-08,0.00064329044
7.084726e-08,0.00062605699
7.094726e-08,0.00060523323
7.104726e-08,0.00058943589
7.114726e-08,0.00058584559
7.124726e-08,0.00059518038
7.134726e-08,0.00061241383
7.144726e-08,0.00062749311
7.154726e-08,0.00063180147
7.164726e-08,0.00062246668
7.174726e-08,0.00060451517
7.184726e-08,0.00058584559
7.194726e-08,0.00057435662
7.204726e-08,0.00057363856
7.214726e-08,0.00057866498
7.224726e-08,0.00058153722
7.234726e-08,0.00057435662
7.244726e-08,0.00055425092
7.254726e-08,0.00052552849
7.264726e-08,0.00049896025
7.274726e-08,0.00048244485
7.284726e-08,0.00048029067
7.294726e-08,0.00048747128
7.304726e-08,0.00049536994
7.314726e-08,0.00049393382
7.324726e-08,0.00047957261
7.334726e-08,0.00045515855
7.344726e-08,0.00043002642
7.354726e-08,0.00041351103
7.364726e-08,0.00040992073
7.374726e-08,0.00041710133
7.384726e-08,0.000425
7.394726e-08,0.000425
7.404726e-08,0.00041279297
7.414726e-08,0.00039053309
7.424726e-08,0.00036827321
7.434726e-08,0.00035606618
7.444726e-08,0.00035965648
7.454726e-08,0.00037832606
7.464726e-08,0.00040345818
7.474726e-08,0.000425
7.484726e-08,0.00043577091
7.494726e-08,0.00043505285
7.504726e-08,0.00042930836
7.514726e-08,0.000425
7.524726e-08,0.00042930836
7.534726e-08,0.0004415154
7.544726e-08,0.00045803079
7.554726e-08,0.00047095588
7.564726e-08,0.00047598231
7.574726e-08,0.00047454619
7.584726e-08,0.00047023782
7.594726e-08,0.00047095588
7.604726e-08,0.00048029067
7.614726e-08,0.00049608801
7.624726e-08,0.00051475758
7.634726e-08,0.00052840074
7.644726e-08,0.0005327091
7.654726e-08,0.0005291188
7.664726e-08,0.00052193819
7.674726e-08,0.00051691176
7.684726e-08,0.00051762983
7.694726e-08,0.00052337431
7.704726e-08,0.0005291188
7.714726e-08,0.00052840074
7.724726e-08,0.00051834789
7.734726e-08,0.00050183249
7.744726e-08,0.00048316291
7.754726e-08,0.00047095588
7.764726e-08,0.00046808364
7.774726e-08,0.00047311006
7.784726e-08,0.00047957261
7.794726e-08,0.00048244485
7.804726e-08,0.00047598231
7.814726e-08,0.00046233915
7.824726e-08,0.00044725988
7.834726e-08,0.00043648897
7.844726e-08,0.00043577091
7.854726e-08,0.00044295152
7.864726e-08,0.00045372243
7.874726e-08,0.00045946691
7.884726e-08,0.00045444049
7.894726e-08,0.00043792509
7.904726e-08,0.00041422909
7.914726e-08,0.00039053309
7.924726e-08,0.00037329963
7.934726e-08,0.0003646829
7.944726e-08,0.0003646829
7.954726e-08,0.00036755515
7.964726e-08,0.00037042739
7.974726e-08,0.00037186351
7.984726e-08,0.00037401769
7.994726e-08,0.00037904412
8.004726e-08,0.00038909697
8.014726e-08,0.00040345818
8.024726e-08,0.00041710133
8.034726e-08,0.000425
8.044726e-08,0.00042284582
8.054726e-08,0.00040920267
8.064726e-08,0.00038909697
8.074726e-08,0.00036755515
8.084726e-08,0.00035103975
8.094726e-08,0.00034242302
8.104726e-08,0.0003409869
8.114726e-08,0.00034457721
8.124726e-08,0.00034816751
8.134726e-08,0.00034960363
8.144726e-08,0.00034744945
8.154726e-08,0.00034457721
8.164726e-08,0.00034170496
8.174726e-08,0.00033955078
8.184726e-08,0.00033667854
8.194726e-08,0.00033308824
8.204726e-08,0.00032590763
8.214726e-08,0.00031657284
8.224726e-08,0.00030651999
8.234726e-08,0.00029862132
8.244726e-08,0.00029431296
8.254726e-08,0.00029503102
8.264726e-08,0.0002971852
8.274726e-08,0.00029862132
8.284726e-08,0.00029646714
8.294726e-08,0.00028856847
8.304726e-08,0.0002770795
8.314726e-08,0.00026415441
8.324726e-08,0.0002533835
8.334726e-08,0.00024692096
8.344726e-08,0.0002462029
8.354726e-08,0.00025266544
8.364726e-08,0.00026415441
8.374726e-08,0.00027851562
8.384726e-08,0.00029503102
8.394726e-08,0.00031011029
8.404726e-08,0.00032231733
8.414726e-08,0.00032877987
8.424726e-08,0.00032877987
8.434726e-08,0.00032159926
8.444726e-08,0.00030939223
8.454726e-08,0.00029574908
8.464726e-08,0.00028354205
8.474726e-08,0.00027564338
8.484726e-08,0.00027277114
8.494726e-08,0.0002734892
8.504726e-08,0.00027492532
8.514726e-08,0.00027564338
8.524726e-08,0.00027492532
8.534726e-08,0.0002734892
8.544726e-08,0.00027277114
8.554726e-08,0.00027564338
8.564726e-08,0.00028066981
8.574726e-08,0.00028497817
8.584726e-08,0.00028426011
8.594726e-08,0.00027564338
8.604726e-08,0.00025769187
8.614726e-08,0.0002332778
8.624726e-08,0.0002059915
8.634726e-08,0.00018373162
8.644726e-08,0.0001693704
8.654726e-08,0.00016362592
8.664726e-08,0.00016290786
8.674726e-08,0.00016075368
8.684726e-08,0.00015141889
8.694726e-08,0.00013131319
8.704726e-08,0.00010259076
8.714726e-08,6.8841912e-05
8.724726e-08,3.7965303e-05
8.734726e-08,1.4987362e-05
8.744726e-08,2.7803309e-06
8.754726e-08,-9.1911765e-08
8.764726e-08,1.3442096e-06
8.774726e-08,2.0622702e-06
8.784726e-08,-2.2460937e-06
8.794726e-08,-1.1580882e-05
8.804726e-08,-2.4505974e-05
8.814726e-08,-3.8149127e-05
8.824726e-08,-4.9638097e-05
8.834726e-08,-5.7536765e-05
8.844726e-08,-6.4717371e-05
8.854726e-08,-7.3334099e-05
8.864726e-08,-8.6259191e-05
8.874726e-08,-0.00010349265
8.884726e-08,-0.00012359835
8.894726e-08,-0.00014154986
8.904726e-08,-0.00015447495
8.914726e-08,-0.0001609375
8.924726e-08,-0.00016237362
8.934726e-08,-0.00016237362
8.944726e-08,-0.00016883617
8.954726e-08,-0.00018391544
8.964726e-08,-0.00020904756
8.974726e-08,-0.00024136029
8.984726e-08,-0.00027367302
8.994726e-08,-0.00029880515
9.004726e-08,-0.00031316636
9.014726e-08,-0.0003160386
9.024726e-08,-0.00031316636
9.034726e-08,-0.00031029412
9.044726e-08,-0.00031388442
9.054726e-08,-0.00032680951
9.064726e-08,-0.00034691521
9.074726e-08,-0.00036773897
9.084726e-08,-0.00038353631
9.094726e-08,-0.00038928079
9.104726e-08,-0.00038640855
9.114726e-08,-0.00037922794
9.124726e-08,-0.00037563764
9.134726e-08,-0.00038210018
9.144726e-08,-0.0004000517
9.154726e-08,-0.00042518382
9.164726e-08,-0.00045031595
9.174726e-08,-0.00046683134
9.184726e-08,-0.00046970358
9.194726e-08,-0.00045965074
9.204726e-08,-0.00044457146
9.214726e-08,-0.00043308249
9.224726e-08,-0.00043380055
9.234726e-08,-0.00044816176
9.244726e-08,-0.00047113971
9.254726e-08,-0.00049411765
9.264726e-08,-0.00050704274
9.274726e-08,-0.00050560662
9.284726e-08,-0.0004912454
9.294726e-08,-0.00047185777
9.304726e-08,-0.00045893267
9.314726e-08,-0.00045965074
9.324726e-08,-0.00047688419
9.334726e-08,-0.0005041705
9.344726e-08,-0.00053289292
9.354726e-08,-0.0005515625
9.364726e-08,-0.0005551528
9.374726e-08,-0.00054581801
9.384726e-08,-0.00053002068
9.394726e-08,-0.00051709559
9.404726e-08,-0.00051637753
9.414726e-08,-0.00053002068
9.424726e-08,-0.0005551528
9.434726e-08,-0.00058602941
9.444726e-08,-0.00061475184
9.454726e-08,-0.00063629366
9.464726e-08,-0.00064850069
9.474726e-08,-0.00065496324
9.484726e-08,-0.00065855354
9.494726e-08,-0.00066214384
9.504726e-08,-0.00066860639
9.514726e-08,-0.00067794118
9.524726e-08,-0.00069014821
9.534726e-08,-0.00070379136
9.544726e-08,-0.00071887063
9.554726e-08,-0.00073538603
9.564726e-08,-0.00075118336
9.574726e-08,-0.00076482652
9.584726e-08,-0.00077559743
9.594726e-08,-0.00078134191
9.604726e-08,-0.00078421415
9.614726e-08,-0.0007870864
9.624726e-08,-0.00079283088
9.634726e-08,-0.00080431985
9.644726e-08,-0.00082227137
9.654726e-08,-0.00084381319
9.664726e-08,-0.00086607307
9.674726e-08,-0.00088474265
9.684726e-08,-0.00089910386
9.694726e-08,-0.00090987477
9.704726e-08,-0.00091992762
9.714726e-08,-0.00093069853
9.724726e-08,-0.00094362362
9.734726e-08,-0.00095726677
9.744726e-08,-0.00096947381
9.754726e-08,-0.00097665441
9.764726e-08,-0.00097880859
9.774726e-08,-0.00097809053
9.784726e-08,-0.00097593635
9.794726e-08,-0.00097665441
9.804726e-08,-0.00098096278
9.814726e-08,-0.00098742532
9.824726e-08,-0.00099460593
9.834726e-08,-0.00099963235
9.844726e-08,-0.0010017865
9.854726e-08,-0.0010010685
9.864726e-08,-0.00099963235
9.874726e-08,-0.00099963235
9.884726e-08,-0.0010003504
9.894726e-08,-0.00099963235
9.904726e-08,-0.00099604205
9.914726e-08,-0.00098814338
9.924726e-08,-0.00097737247
9.934726e-08,-0.00096731962
9.944726e-08,-0.0009622932
9.954726e-08,-0.00096516544
9.964726e-08,-0.00097665441
9.974726e-08,-0.00099173369
9.984726e-08,-0.0010046588
9.994726e-08,-0.0010111213
1.000473e-07,-0.0010082491
1.001473e-07,-0.00099819623
1.002473e-07,-0.0009859892
1.003473e-07,-0.00097665441
1.004473e-07,-0.00097450023
1.005473e-07,-0.00097809053
1.006473e-07,-0.00098455308
1.007473e-07,-0.00098814338
1.008473e-07,-0.0009859892
1.009473e-07,-0.00097809053
1.010473e-07,-0.0009658835
1.011473e-07,-0.00095367647
1.012473e-07,-0.00094505974
1.013473e-07,-0.00094146944
1.014473e-07,-0.00094146944
1.015473e-07,-0.0009421875
1.016473e-07,-0.00094146944
1.017473e-07,-0.0009385972
1.018473e-07,-0.00093428883
1.019473e-07,-0.00093069853
1.020473e-07,-0.00092926241
1.021473e-07,-0.00092926241
1.022473e-07,-0.00093069853
1.023473e-07,-0.00093069853
1.024473e-07,-0.00092998047
1.025473e-07,-0.00092998047
1.026473e-07,-0.00093357077
1.027473e-07,-0.0009421875
1.028473e-07,-0.00095726677
1.029473e-07,-0.00097665441
1.030473e-07,-0.00099604205
1.031473e-07,-0.0010111213
1.032473e-07,-0.0010197381
1.033473e-07,-0.0010218922
1.034473e-07,-0.0010218922
1.035473e-07,-0.0010226103
1.036473e-07,-0.0010283548
1.037473e-07,-0.0010398437
1.038473e-07,-0.001054205
1.039473e-07,-0.0010685662
1.040473e-07,-0.001078619
1.041473e-07,-0.0010829274
1.042473e-07,-0.0010822093
1.043473e-07,-0.0010800551
1.044473e-07,-0.0010800551
1.045473e-07,-0.0010857996
1.046473e-07,-0.0010980067
1.047473e-07,-0.0011145221
1.048473e-07,-0.0011339097
1.049473e-07,-0.0011532973
1.050473e-07,-0.0011698127
1.051473e-07,-0.0011834559
1.052473e-07,-0.0011927907
1.053473e-07,-0.001197099
1.054473e-07,-0.0011978171
1.055473e-07,-0.0011949449
1.056473e-07,-0.0011913545
1.057473e-07,-0.0011884823
1.058473e-07,-0.0011892004
1.059473e-07,-0.0011949449
1.060473e-07,-0.0012049977
1.061473e-07,-0.0012172047
1.062473e-07,-0.0012301298
1.063473e-07,-0.0012409007
1.064473e-07,-0.0012480813
1.065473e-07,-0.0012509536
1.066473e-07,-0.0012523897
1.067473e-07,-0.0012523897
1.068473e-07,-0.0012523897
1.069473e-07,-0.0012531078
1.070473e-07,-0.0012531078
1.071473e-07,-0.0012523897
1.072473e-07,-0.0012516716
1.073473e-07,-0.0012509536
1.074473e-07,-0.0012509536
1.075473e-07,-0.0012523897
1.076473e-07,-0.0012545439
1.077473e-07,-0.0012574161
1.078473e-07,-0.0012602884
1.079473e-07,-0.0012638787
1.080473e-07,-0.0012696232
1.081473e-07,-0.001279676
1.082473e-07,-0.0012933192
1.083473e-07,-0.0013098346
1.084473e-07,-0.0013256319
1.085473e-07,-0.0013356847
1.086473e-07,-0.001338557
1.087473e-07,-0.0013328125
1.088473e-07,-0.0013227597
1.089473e-07,-0.001314861
1.090473e-07,-0.0013127068
1.091473e-07,-0.0013213235
1.092473e-07,-0.0013378389
1.093473e-07,-0.0013586627
1.094473e-07,-0.0013773323
1.095473e-07,-0.0013902574
1.096473e-07,-0.0013960018
1.097473e-07,-0.001397438
1.098473e-07,-0.001398156
1.099473e-07,-0.0014017463
1.100473e-07,-0.0014089269
1.101473e-07,-0.0014189798
1.102473e-07,-0.0014283146
1.103473e-07,-0.0014362132
1.104473e-07,-0.0014433938
1.105473e-07,-0.0014527286
1.106473e-07,-0.0014656537
1.107473e-07,-0.0014821691
1.108473e-07,-0.0014994026
1.109473e-07,-0.0015116096
1.110473e-07,-0.0015137638
1.111473e-07,-0.0015051471
1.112473e-07,-0.0014900678
1.113473e-07,-0.0014757066
1.114473e-07,-0.0014721163
1.115473e-07,-0.0014821691
1.116473e-07,-0.0015051471
1.117473e-07,-0.0015324334
1.118473e-07,-0.0015546932
1.119473e-07,-0.0015625919
1.120473e-07,-0.0015554113
1.121473e-07,-0.0015374598
1.122473e-07,-0.0015180722
1.123473e-07,-0.0015051471
1.124473e-07,-0.0015029929
1.125473e-07,-0.0015087374
1.126473e-07,-0.001515918
1.127473e-07,-0.001516636
1.128473e-07,-0.0015094554
1.129473e-07,-0.0014965303
1.130473e-07,-0.0014850414
1.131473e-07,-0.0014821691
1.132473e-07,-0.0014915039
1.133473e-07,-0.0015094554
1.134473e-07,-0.0015288431
1.135473e-07,-0.001539614
1.136473e-07,-0.0015374598
1.137473e-07,-0.0015223805
1.138473e-07,-0.0015008387
1.139473e-07,-0.0014821691
1.140473e-07,-0.0014728343
1.141473e-07,-0.0014757066
1.142473e-07,-0.0014879136
1.143473e-07,-0.0015051471
1.144473e-07,-0.0015209444
1.145473e-07,-0.0015324334
1.146473e-07,-0.0015381778
1.147473e-07,-0.001539614
1.148473e-07,-0.0015374598
1.149473e-07,-0.0015331514
1.150473e-07,-0.0015252528
1.151473e-07,-0.001516636
1.152473e-07,-0.0015094554
1.153473e-07,-0.0015087374
1.154473e-07,-0.0015187902
1.155473e-07,-0.001539614
1.156473e-07,-0.0015676183
1.157473e-07,-0.0015949046
1.158473e-07,-0.0016135742
1.159473e-07,-0.0016200368
1.160473e-07,-0.0016157284
1.161473e-07,-0.0016085478
1.162473e-07,-0.0016071117
1.163473e-07,-0.0016200368
1.164473e-07,-0.0016473231
1.165473e-07,-0.00168179
1.166473e-07,-0.0017148208
1.167473e-07,-0.0017349265
1.168473e-07,-0.0017385168
1.169473e-07,-0.0017284639
1.170473e-07,-0.0017126666
1.171473e-07,-0.0017004596
1.172473e-07,-0.0016975873
1.173473e-07,-0.0017047679
1.174473e-07,-0.0017184111
1.175473e-07,-0.0017349265
1.176473e-07,-0.0017507238
1.177473e-07,-0.0017658031
1.178473e-07,-0.0017837546
1.179473e-07,-0.0018038603
1.180473e-07,-0.0018254021
1.181473e-07,-0.0018433536
1.182473e-07,-0.0018526884
1.183473e-07,-0.0018498162
1.184473e-07,-0.0018383272
1.185473e-07,-0.0018254021
1.186473e-07,-0.0018196576
1.187473e-07,-0.0018268382
1.188473e-07,-0.0018469439
1.189473e-07,-0.0018727941
1.190473e-07,-0.001895054
1.191473e-07,-0.001907261
1.192473e-07,-0.0019094152
1.193473e-07,-0.001906543
1.194473e-07,-0.0019079791
1.195473e-07,-0.00191875
1.196473e-07,-0.0019381376
1.197473e-07,-0.0019589614
1.198473e-07,-0.0019704504
1.199473e-07,-0.0019647059
1.200473e-07,-0.0019438821
1.201473e-07,-0.0019165958
1.202473e-07,-0.0018964901
1.203473e-07,-0.0018957721
1.204473e-07,-0.0019173139
1.205473e-07,-0.001953935
1.206473e-07,-0.0019934283
1.207473e-07,-0.0020221507
1.208473e-07,-0.0020343578
1.209473e-07,-0.0020322036
1.210473e-07,-0.002025023
1.211473e-07,-0.0020221507
1.212473e-07,-0.0020293313
1.213473e-07,-0.0020451287
1.214473e-07,-0.002060208
1.215473e-07,-0.0020681066
1.216473e-07,-0.0020645163
1.217473e-07,-0.0020523093
1.218473e-07,-0.0020393842
1.219473e-07,-0.0020336397
1.220473e-07,-0.0020379481
1.221473e-07,-0.0020480009
1.222473e-07,-0.0020566176
1.223473e-07,-0.0020566176
1.224473e-07,-0.0020465648
1.225473e-07,-0.0020314855
1.226473e-07,-0.0020207146
1.227473e-07,-0.0020221507
1.228473e-07,-0.0020365119
1.229473e-07,-0.0020580538
1.230473e-07,-0.0020752872
1.231473e-07,-0.0020795956
1.232473e-07,-0.0020681066
1.233473e-07,-0.002048719
1.234473e-07,-0.0020336397
1.235473e-07,-0.0020336397
1.236473e-07,-0.0020530273
1.237473e-07,-0.0020860581
1.238473e-07,-0.0021183709
1.239473e-07,-0.0021370404
1.240473e-07,-0.0021341682
1.241473e-07,-0.0021126264
1.242473e-07,-0.0020824678
1.243473e-07,-0.0020566176
1.244473e-07,-0.0020436926
1.245473e-07,-0.0020444106
1.246473e-07,-0.0020515912
1.247473e-07,-0.0020566176
1.248473e-07,-0.0020537454
1.249473e-07,-0.0020436926
1.250473e-07,-0.0020343578
1.251473e-07,-0.0020336397
1.252473e-07,-0.0020451287
1.253473e-07,-0.0020659524
1.254473e-07,-0.0020882123
1.255473e-07,-0.0021025735
1.256473e-07,-0.0021047277
1.257473e-07,-0.0020982652
1.258473e-07,-0.0020903665
1.259473e-07,-0.0020910846
1.260473e-07,-0.0021047277
1.261473e-07,-0.0021269876
1.262473e-07,-0.0021485294
1.263473e-07,-0.0021600184
1.264473e-07,-0.00215571
1.265473e-07,-0.0021384766
1.266473e-07,-0.002120525
1.267473e-07,-0.0021140625
1.268473e-07,-0.0021269876
1.269473e-07,-0.0021600184
1.270473e-07,-0.0022016659
1.271473e-07,-0.0022404412
1.272473e-07,-0.0022648552
1.273473e-07,-0.0022705997
1.274473e-07,-0.0022634191
1.275473e-07,-0.0022519301
1.276473e-07,-0.0022461857
1.277473e-07,-0.002250494
1.278473e-07,-0.0022627011
1.279473e-07,-0.0022749081
1.280473e-07,-0.0022813706
1.281473e-07,-0.0022777803
1.282473e-07,-0.0022655733
1.283473e-07,-0.0022519301
1.284473e-07,-0.0022425954
1.285473e-07,-0.0022411592
1.286473e-07,-0.0022490579
1.287473e-07,-0.0022634191
1.288473e-07,-0.0022806526
1.289473e-07,-0.002297168
1.290473e-07,-0.0023108111
1.291473e-07,-0.002320864
1.292473e-07,-0.0023251723
1.293473e-07,-0.002320864
1.294473e-07,-0.0023079389
1.295473e-07,-0.0022863971
1.296473e-07,-0.0022605469
1.297473e-07,-0.002238287
1.298473e-07,-0.002226798
1.299473e-07,-0.0022289522
1.300473e-07,-0.0022440315
1.301473e-07,-0.0022641372
1.302473e-07,-0.0022806526
1.303473e-07,-0.0022863971
1.304473e-07,-0.0022792165
1.305473e-07,-0.0022634191
1.306473e-07,-0.0022476218
1.307473e-07,-0.0022404412
1.308473e-07,-0.0022447495
1.309473e-07,-0.0022569566
1.310473e-07,-0.0022691636
1.311473e-07,-0.0022749081
1.312473e-07,-0.0022684455
1.313473e-07,-0.0022526482
1.314473e-07,-0.0022325425
1.315473e-07,-0.0022174632
1.316473e-07,-0.0022117188
1.317473e-07,-0.002214591
1.318473e-07,-0.0022224897
1.319473e-07,-0.0022289522
1.320473e-07,-0.0022296703
1.321473e-07,-0.0022253619
1.322473e-07,-0.0022203355
1.323473e-07,-0.0022174632
1.324473e-07,-0.0022203355
1.325473e-07,-0.00222608
1.326473e-07,-0.0022311064
1.327473e-07,-0.0022289522
1.328473e-07,-0.0022188994
1.329473e-07,-0.002203102
1.330473e-07,-0.0021887408
1.331473e-07,-0.0021829963
1.332473e-07,-0.0021894589
1.333473e-07,-0.0022066923
1.334473e-07,-0.0022303883
1.335473e-07,-0.0022519301
1.336473e-07,-0.0022670094
1.337473e-07,-0.002273472
1.338473e-07,-0.00227419
1.339473e-07,-0.0022749081
1.340473e-07,-0.0022777803
1.341473e-07,-0.0022842429
1.342473e-07,-0.0022921415
1.343473e-07,-0.002297886
1.344473e-07,-0.0023000402
1.345473e-07,-0.0023007583
1.346473e-07,-0.0023021944
1.347473e-07,-0.002309375
1.348473e-07,-0.0023237362
1.349473e-07,-0.00234456
1.350473e-07,-0.002368256
1.351473e-07,-0.0023897978
1.352473e-07,-0.0024070313
1.353473e-07,-0.0024213925
1.354473e-07,-0.0024335995
1.355473e-07,-0.0024472426
1.356473e-07,-0.0024623219
1.357473e-07,-0.0024766831
1.358473e-07,-0.002487454
1.359473e-07,-0.0024931985
1.360473e-07,-0.0024939166
1.361473e-07,-0.0024953527
1.362473e-07,-0.0025010972
1.363473e-07,-0.0025161765
1.364473e-07,-0.0025398725
1.365473e-07,-0.0025678768
1.366473e-07,-0.002593009
1.367473e-07,-0.0026080882
1.368473e-07,-0.0026116785
1.369473e-07,-0.0026073702
1.370473e-07,-0.0026001896
1.371473e-07,-0.0025965993
1.372473e-07,-0.0025994715
1.373473e-07,-0.0026080882
1.374473e-07,-0.002616705
1.375473e-07,-0.0026195772
1.376473e-07,-0.0026152688
1.377473e-07,-0.0026044979
1.378473e-07,-0.002593009
1.379473e-07,-0.0025851103
1.380473e-07,-0.0025843922
1.381473e-07,-0.0025908548
1.382473e-07,-0.0026001896
1.383473e-07,-0.0026080882
1.384473e-07,-0.0026131147
1.385473e-07,-0.0026145508
1.386473e-07,-0.002616705
1.387473e-07,-0.0026195772
1.388473e-07,-0.0026238856
1.389473e-07,-0.0026253217
1.390473e-07,-0.0026210133
1.391473e-07,-0.0026080882
1.392473e-07,-0.0025879825
1.393473e-07,-0.0025671588
1.394473e-07,-0.0025527976
1.395473e-07,-0.0025506434
1.396473e-07,-0.0025614143
1.397473e-07,-0.00258152
1.398473e-07,-0.0026037799
1.399473e-07,-0.0026195772
1.400473e-07,-0.0026267578
1.401473e-07,-0.0026260398
1.402473e-07,-0.0026224494
1.403473e-07,-0.0026195772
1.404473e-07,-0.0026195772
1.405473e-07,-0.0026202953
1.406473e-07,-0.002617423
1.407473e-07,-0.0026080882
1.408473e-07,-0.002593727
1.409473e-07,-0.0025793658
1.410473e-07,-0.0025707491
1.411473e-07,-0.0025736213
1.412473e-07,-0.0025879825
1.413473e-07,-0.0026073702
1.414473e-07,-0.0026246036
1.415473e-07,-0.0026310662
1.416473e-07,-0.0026253217
1.417473e-07,-0.0026109605
1.418473e-07,-0.0025951631
1.419473e-07,-0.0025851103
1.420473e-07,-0.0025851103
1.421473e-07,-0.002593009
1.422473e-07,-0.0026030618
1.423473e-07,-0.0026080882
1.424473e-07,-0.0026059341
1.425473e-07,-0.0025980354
1.426473e-07,-0.0025894187
1.427473e-07,-0.0025851103
1.428473e-07,-0.0025858284
1.429473e-07,-0.0025901367
1.430473e-07,-0.0025908548
1.431473e-07,-0.0025851103
1.432473e-07,-0.0025721852
1.433473e-07,-0.0025563879
1.434473e-07,-0.0025477711
1.435473e-07,-0.0025506434
1.436473e-07,-0.0025671588
1.437473e-07,-0.0025908548
1.438473e-07,-0.0026116785
1.439473e-07,-0.0026195772
1.440473e-07,-0.0026109605
1.441473e-07,-0.0025894187
1.442473e-07,-0.0025657227
1.443473e-07,-0.0025506434
1.444473e-07,-0.0025520795
1.445473e-07,-0.0025685949
1.446473e-07,-0.0025908548
1.447473e-07,-0.0026080882
1.448473e-07,-0.0026095244
1.449473e-07,-0.0025944451
1.450473e-07,-0.0025671588
1.451473e-07,-0.0025391544
1.452473e-07,-0.0025212029
1.453473e-07,-0.0025168945
1.454473e-07,-0.0025262293
1.455473e-07,-0.0025391544
1.456473e-07,-0.0025484892
1.457473e-07,-0.0025477711
1.458473e-07,-0.0025391544
1.459473e-07,-0.0025276654
1.460473e-07,-0.0025212029
1.461473e-07,-0.0025255113
1.462473e-07,-0.0025405905
1.463473e-07,-0.0025621324
1.464473e-07,-0.00258152
1.465473e-07,-0.002593009
1.466473e-07,-0.002593727
1.467473e-07,-0.0025851103
1.468473e-07,-0.0025736213
1.469473e-07,-0.0025650046
1.470473e-07,-0.0025650046
1.471473e-07,-0.0025736213
1.472473e-07,-0.0025887006
1.473473e-07,-0.0026059341
1.474473e-07,-0.0026210133
1.475473e-07,-0.0026310662
1.476473e-07,-0.0026360926
1.477473e-07,-0.0026375287
1.478473e-07,-0.0026389648
1.479473e-07,-0.0026425551
1.480473e-07,-0.0026511719
1.481473e-07,-0.002664815
1.482473e-07,-0.0026820485
1.483473e-07,-0.0027
1.484473e-07,-0.0027150793
1.485473e-07,-0.002723696
1.486473e-07,-0.0027265682
1.487473e-07,-0.0027229779
1.488473e-07,-0.0027172335
1.489473e-07,-0.0027136432
1.490473e-07,-0.0027150793
1.491473e-07,-0.0027229779
1.492473e-07,-0.0027373392
1.493473e-07,-0.0027567268
1.494473e-07,-0.0027789867
1.495473e-07,-0.0028034007
1.496473e-07,-0.0028292509
1.497473e-07,-0.0028572553
1.498473e-07,-0.0028838235
1.499473e-07,-0.0029068015
1.500473e-07,-0.0029204446
1.501473e-07,-0.0029204446
1.502473e-07,-0.0029068015
1.503473e-07,-0.0028838235
1.504473e-07,-0.0028608456
1.505473e-07,-0.0028486386
1.506473e-07,-0.0028558192
1.507473e-07,-0.0028838235
1.508473e-07,-0.0029276252
1.509473e-07,-0.0029757353
1.510473e-07,-0.0030173828
1.511473e-07,-0.0030446691
1.512473e-07,-0.0030561581
1.513473e-07,-0.0030568761
1.514473e-07,-0.003054722
1.515473e-07,-0.0030561581
1.516473e-07,-0.0030633387
1.517473e-07,-0.0030726735
1.518473e-07,-0.0030798541
1.519473e-07,-0.003079136
1.520473e-07,-0.0030719554
1.521473e-07,-0.0030633387
1.522473e-07,-0.0030597484
1.523473e-07,-0.0030676471
1.524473e-07,-0.0030877528
1.525473e-07,-0.003114321
1.526473e-07,-0.0031408892
1.527473e-07,-0.0031595588
1.528473e-07,-0.0031681756
1.529473e-07,-0.0031696117
1.530473e-07,-0.0031688936
1.531473e-07,-0.0031710478
1.532473e-07,-0.0031782284
1.533473e-07,-0.0031875632
1.534473e-07,-0.0031940257
1.535473e-07,-0.0031940257
1.536473e-07,-0.0031868451
1.537473e-07,-0.0031767923
1.538473e-07,-0.0031703297
1.539473e-07,-0.0031710478
1.540473e-07,-0.0031796645
1.541473e-07,-0.0031904354
1.542473e-07,-0.003197616
1.543473e-07,-0.0031940257
1.544473e-07,-0.0031803826
1.545473e-07,-0.0031609949
1.546473e-07,-0.0031444795
1.547473e-07,-0.0031365809
1.548473e-07,-0.0031394531
1.549473e-07,-0.0031487879
1.550473e-07,-0.0031574046
1.551473e-07,-0.0031595588
1.552473e-07,-0.0031530963
1.553473e-07,-0.0031408892
1.554473e-07,-0.0031301183
1.555473e-07,-0.0031250919
1.556473e-07,-0.0031272461
1.557473e-07,-0.0031322725
1.558473e-07,-0.0031329906
1.559473e-07,-0.0031250919
1.560473e-07,-0.0031100126
1.561473e-07,-0.0030934972
1.562473e-07,-0.0030848805
1.563473e-07,-0.003090625
1.564473e-07,-0.0031092946
1.565473e-07,-0.0031329906
1.566473e-07,-0.0031487879
1.567473e-07,-0.0031480699
1.568473e-07,-0.0031279642
1.569473e-07,-0.0030949334
1.570473e-07,-0.0030633387
1.571473e-07,-0.0030446691
1.572473e-07,-0.0030453872
1.573473e-07,-0.0030626206
1.574473e-07,-0.0030855986
1.575473e-07,-0.003102114
1.576473e-07,-0.0031057043
1.577473e-07,-0.0030956514
1.578473e-07,-0.0030798541
1.579473e-07,-0.0030676471
1.580473e-07,-0.0030647748
1.581473e-07,-0.0030705193
1.582473e-07,-0.0030776999
1.583473e-07,-0.003079136
1.584473e-07,-0.0030690832
1.585473e-07,-0.0030482594
1.586473e-07,-0.0030259995
1.587473e-07,-0.0030102022
1.588473e-07,-0.0030087661
1.589473e-07,-0.0030216912
1.590473e-07,-0.0030439511
1.591473e-07,-0.0030676471
1.592473e-07,-0.0030855986
1.593473e-07,-0.0030956514
1.594473e-07,-0.0030992417
1.595473e-07,-0.003102114
1.596473e-07,-0.0031064223
1.597473e-07,-0.0031114488
1.598473e-07,-0.0031150391
1.599473e-07,-0.0031136029
1.600473e-07,-0.0031057043
1.601473e-07,-0.0030956514
1.602473e-07,-0.0030884708
1.603473e-07,-0.003090625
1.604473e-07,-0.003102832
1.605473e-07,-0.0031215016
1.606473e-07,-0.0031387351
1.607473e-07,-0.0031480699
1.608473e-07,-0.0031459157
1.609473e-07,-0.0031365809
1.610473e-07,-0.003126528
1.611473e-07,-0.0031250919
1.612473e-07,-0.0031358628
1.613473e-07,-0.0031559685
1.614473e-07,-0.0031782284
1.615473e-07,-0.0031940257
1.616473e-07,-0.003196898
1.617473e-07,-0.0031875632
1.618473e-07,-0.0031724839
1.619473e-07,-0.0031595588
1.620473e-07,-0.0031559685
1.621473e-07,-0.0031638672
1.622473e-07,-0.0031782284
1.623473e-07,-0.0031940257
1.624473e-07,-0.0032055147
1.625473e-07,-0.0032105411
1.626473e-07,-0.0032126953
1.627473e-07,-0.0032170037
1.628473e-07,-0.0032270565
1.629473e-07,-0.0032428539
1.630473e-07,-0.0032608054
1.631473e-07,-0.0032744485
1.632473e-07,-0.003279475
1.633473e-07,-0.0032744485
1.634473e-07,-0.0032629596
1.635473e-07,-0.0032514706
1.636473e-07,-0.0032457261
1.637473e-07,-0.0032485983
1.638473e-07,-0.0032593693
1.639473e-07,-0.0032744485
1.640473e-07,-0.0032902459
1.641473e-07,-0.003303889
1.642473e-07,-0.0033139419
1.643473e-07,-0.0033204044
1.644473e-07,-0.0033232767
1.645473e-07,-0.0033225586
1.646473e-07,-0.0033175322
1.647473e-07,-0.0033089154
1.648473e-07,-0.0032995807
1.649473e-07,-0.0032924
1.650473e-07,-0.0032909639
1.651473e-07,-0.0032974265
1.652473e-07,-0.0033096335
1.653473e-07,-0.0033225586
1.654473e-07,-0.0033311753
1.655473e-07,-0.0033318934
1.656473e-07,-0.0033239947
1.657473e-07,-0.0033117877
1.658473e-07,-0.0033010168
1.659473e-07,-0.0032974265
1.660473e-07,-0.0033017348
1.661473e-07,-0.0033110696
1.662473e-07,-0.0033189683
1.663473e-07,-0.0033204044
1.664473e-07,-0.0033125057
1.665473e-07,-0.0032981445
1.666473e-07,-0.0032830653
1.667473e-07,-0.0032744485
1.668473e-07,-0.0032758847
1.669473e-07,-0.0032866556
1.670473e-07,-0.003303889
1.671473e-07,-0.0033204044
1.672473e-07,-0.0033333295
1.673473e-07,-0.0033419462
1.674473e-07,-0.0033476907
1.675473e-07,-0.0033548713
1.676473e-07,-0.0033649242
1.677473e-07,-0.0033771312
1.678473e-07,-0.0033900563
1.679473e-07,-0.0034008272
1.680473e-07,-0.0034087259
1.681473e-07,-0.0034144704
1.682473e-07,-0.003422369
1.683473e-07,-0.0034352941
1.684473e-07,-0.0034532456
1.685473e-07,-0.0034733513
1.686473e-07,-0.0034920209
1.687473e-07,-0.0035042279
1.688473e-07,-0.0035085363
1.689473e-07,-0.0035071002
1.690473e-07,-0.0035042279
1.691473e-07,-0.0035042279
1.692473e-07,-0.0035085363
1.693473e-07,-0.003516435
1.694473e-07,-0.0035243336
1.695473e-07,-0.0035272059
1.696473e-07,-0.0035243336
1.697473e-07,-0.003516435
1.698473e-07,-0.0035085363
1.699473e-07,-0.0035042279
1.700473e-07,-0.003504946
1.701473e-07,-0.0035106905
1.702473e-07,-0.0035157169
1.703473e-07,-0.0035157169
1.704473e-07,-0.0035085363
1.705473e-07,-0.0034941751
1.706473e-07,-0.0034762236
1.707473e-07,-0.0034582721
1.708473e-07,-0.0034431928
1.709473e-07,-0.0034317038
1.710473e-07,-0.003422369
1.711473e-07,-0.0034123162
1.712473e-07,-0.0034015453
1.713473e-07,-0.0033907744
1.714473e-07,-0.0033821576
1.715473e-07,-0.0033778493
1.716473e-07,-0.0033771312
1.717473e-07,-0.0033771312
1.718473e-07,-0.003374259
1.719473e-07,-0.0033663603
1.720473e-07,-0.0033534352
1.721473e-07,-0.0033383559
1.722473e-07,-0.0033261489
1.723473e-07,-0.0033204044
1.724473e-07,-0.0033218405
1.725473e-07,-0.003326867
1.726473e-07,-0.0033311753
1.727473e-07,-0.0033318934
1.728473e-07,-0.003327585
1.729473e-07,-0.0033211225
1.730473e-07,-0.0033175322
1.731473e-07,-0.0033204044
1.732473e-07,-0.0033304573
1.733473e-07,-0.0033433824
1.734473e-07,-0.0033534352
1.735473e-07,-0.0033548713
1.736473e-07,-0.0033462546
1.737473e-07,-0.0033304573
1.738473e-07,-0.003315378
1.739473e-07,-0.0033089154
1.740473e-07,-0.0033139419
1.741473e-07,-0.0033297392
1.742473e-07,-0.0033498449
1.743473e-07,-0.0033663603
1.744473e-07,-0.0033735409
1.745473e-07,-0.0033713867
1.746473e-07,-0.00336277
1.747473e-07,-0.0033548713
1.748473e-07,-0.0033541533
1.749473e-07,-0.00336277
1.750473e-07,-0.0033800034
1.751473e-07,-0.0034008272
1.752473e-07,-0.0034194968
1.753473e-07,-0.0034317038
1.754473e-07,-0.0034367302
1.755473e-07,-0.0034352941
1.756473e-07,-0.0034295496
1.757473e-07,-0.003422369
1.758473e-07,-0.0034166245
1.759473e-07,-0.0034123162
1.760473e-07,-0.0034115981
1.761473e-07,-0.0034159065
1.762473e-07,-0.0034245232
1.763473e-07,-0.0034352941
1.764473e-07,-0.0034467831
1.765473e-07,-0.0034546818
1.766473e-07,-0.0034582721
1.767473e-07,-0.0034582721
1.768473e-07,-0.003457554
1.769473e-07,-0.0034611443
1.770473e-07,-0.0034733513
1.771473e-07,-0.003492739
1.772473e-07,-0.003516435
1.773473e-07,-0.0035372587
1.774473e-07,-0.0035494658
1.775473e-07,-0.0035501838
1.776473e-07,-0.0035422852
1.777473e-07,-0.0035322323
1.778473e-07,-0.0035293601
1.779473e-07,-0.0035386949
1.780473e-07,-0.0035595186
1.781473e-07,-0.0035868049
1.782473e-07,-0.0036126551
1.783473e-07,-0.0036306066
1.784473e-07,-0.0036392233
1.785473e-07,-0.0036420956
1.786473e-07,-0.0036449678
1.787473e-07,-0.0036535846
1.788473e-07,-0.0036679458
1.789473e-07,-0.0036851792
1.790473e-07,-0.0036966682
1.791473e-07,-0.0036995404
1.792473e-07,-0.0036930779
1.793473e-07,-0.0036815889
1.794473e-07,-0.0036744083
1.795473e-07,-0.0036765625
1.796473e-07,-0.0036894876
1.797473e-07,-0.003706721
1.798473e-07,-0.0037210823
1.799473e-07,-0.0037225184
1.800473e-07,-0.0037088752
1.801473e-07,-0.0036815889
1.802473e-07,-0.0036492762
1.803473e-07,-0.0036191176
1.804473e-07,-0.0035968578
1.805473e-07,-0.0035824966
1.806473e-07,-0.0035717256
1.807473e-07,-0.0035616728
1.808473e-07,-0.0035501838
1.809473e-07,-0.003540131
1.810473e-07,-0.0035351045
1.811473e-07,-0.0035386949
1.812473e-07,-0.0035487477
1.813473e-07,-0.0035595186
1.814473e-07,-0.0035623909
1.815473e-07,-0.0035501838
1.816473e-07,-0.0035221795
1.817473e-07,-0.0034834042
1.818473e-07,-0.0034431928
1.819473e-07,-0.0034123162
1.820473e-07,-0.0033943647
1.821473e-07,-0.0033871841
1.822473e-07,-0.0033835938
1.823473e-07,-0.0033778493
1.824473e-07,-0.0033656422
1.825473e-07,-0.0033491268
1.826473e-07,-0.0033354837
1.827473e-07,-0.0033318934
1.828473e-07,-0.0033419462
1.829473e-07,-0.0033620519
1.830473e-07,-0.0033850299
1.831473e-07,-0.0034008272
1.832473e-07,-0.0034036994
1.833473e-07,-0.0033950827
1.834473e-07,-0.0033800034
1.835473e-07,-0.0033663603
1.836473e-07,-0.0033598977
1.837473e-07,-0.0033606158
1.838473e-07,-0.0033649242
1.839473e-07,-0.0033663603
1.840473e-07,-0.0033613339
1.841473e-07,-0.0033498449
1.842473e-07,-0.0033383559
1.843473e-07,-0.0033318934
1.844473e-07,-0.0033362017
1.845473e-07,-0.003350563
1.846473e-07,-0.0033699506
1.847473e-07,-0.0033893382
1.848473e-07,-0.0034022633
1.849473e-07,-0.0034065717
1.850473e-07,-0.0034051356
1.851473e-07,-0.0034008272
1.852473e-07,-0.0033965188
1.853473e-07,-0.0033922105
1.854473e-07,-0.003386466
1.855473e-07,-0.0033778493
1.856473e-07,-0.0033663603
1.857473e-07,-0.0033555894
1.858473e-07,-0.0033498449
1.859473e-07,-0.0033548713
1.860473e-07,-0.0033713867
1.861473e-07,-0.0033965188
1.862473e-07,-0.0034238051
1.863473e-07,-0.0034467831
1.864473e-07,-0.0034604262
1.865473e-07,-0.0034654527
1.866473e-07,-0.0034632985
1.867473e-07,-0.0034582721
1.868473e-07,-0.0034532456
1.869473e-07,-0.0034482192
1.870473e-07,-0.0034424747
1.871473e-07,-0.0034352941
1.872473e-07,-0.0034295496
1.873473e-07,-0.0034281135
1.874473e-07,-0.0034374483
1.875473e-07,-0.0034582721
1.876473e-07,-0.0034884306
1.877473e-07,-0.0035214614
1.878473e-07,-0.0035480296
1.879473e-07,-0.0035616728
1.880473e-07,-0.0035602367
1.881473e-07,-0.0035480296
1.882473e-07,-0.0035343865
1.883473e-07,-0.0035272059
1.884473e-07,-0.0035307962
1.885473e-07,-0.0035437213
1.886473e-07,-0.0035602367
1.887473e-07,-0.0035731618
1.888473e-07,-0.0035789062
1.889473e-07,-0.0035774701
1.890473e-07,-0.0035731618
1.891473e-07,-0.0035731618
1.892473e-07,-0.0035796243
1.893473e-07,-0.0035925494
1.894473e-07,-0.0036069106
1.895473e-07,-0.0036191176
1.896473e-07,-0.0036255802
1.897473e-07,-0.0036277344
1.898473e-07,-0.0036277344
1.899473e-07,-0.0036306066
1.900473e-07,-0.0036370692
1.901473e-07,-0.0036456859
1.902473e-07,-0.0036521484
1.903473e-07,-0.0036535846
1.904473e-07,-0.0036492762
1.905473e-07,-0.0036420956
1.906473e-07,-0.0036385053
1.907473e-07,-0.0036420956
1.908473e-07,-0.0036535846
1.909473e-07,-0.0036693819
1.910473e-07,-0.003683025
1.911473e-07,-0.0036880515
1.912473e-07,-0.0036837431
1.913473e-07,-0.0036736903
1.914473e-07,-0.0036650735
1.915473e-07,-0.0036650735
1.916473e-07,-0.0036765625
1.917473e-07,-0.0036959501
1.918473e-07,-0.0037139017
1.919473e-07,-0.0037225184
1.920473e-07,-0.0037160558
1.921473e-07,-0.0036959501
1.922473e-07,-0.0036715361
1.923473e-07,-0.0036535846
1.924473e-07,-0.0036514304
1.925473e-07,-0.0036679458
1.926473e-07,-0.0036988224
1.927473e-07,-0.0037340074
1.928473e-07,-0.0037634478
1.929473e-07,-0.0037799632
1.930473e-07,-0.0037842716
1.931473e-07,-0.0037799632
1.932473e-07,-0.0037749368
1.933473e-07,-0.0037742188
1.934473e-07,-0.0037799632
1.935473e-07,-0.0037914522
1.936473e-07,-0.0038043773
1.937473e-07,-0.0038144301
1.938473e-07,-0.0038216108
1.939473e-07,-0.0038259191
1.940473e-07,-0.0038309455
1.941473e-07,-0.0038381261
1.942473e-07,-0.0038488971
1.943473e-07,-0.003860386
1.944473e-07,-0.0038711569
1.945473e-07,-0.0038790556
1.946473e-07,-0.0038826459
1.947473e-07,-0.003883364
1.948473e-07,-0.0038826459
1.949473e-07,-0.0038826459
1.950473e-07,-0.003883364
1.951473e-07,-0.003883364
1.952473e-07,-0.0038819278
1.953473e-07,-0.0038790556
1.954473e-07,-0.0038754653
1.955473e-07,-0.003871875
1.956473e-07,-0.0038711569
1.957473e-07,-0.0038747472
1.958473e-07,-0.003883364
1.959473e-07,-0.0038948529
1.960473e-07,-0.00390706
1.961473e-07,-0.0039156767
1.962473e-07,-0.0039199851
1.963473e-07,-0.0039178309
1.964473e-07,-0.0039099322
1.965473e-07,-0.0038991613
1.966473e-07,-0.0038891085
1.967473e-07,-0.003883364
1.968473e-07,-0.0038848001
1.969473e-07,-0.0038948529
1.970473e-07,-0.0039113683
1.971473e-07,-0.0039293199
1.972473e-07,-0.0039436811
1.973473e-07,-0.0039487075
1.974473e-07,-0.0039436811
1.975473e-07,-0.0039293199
1.976473e-07,-0.0039106503
1.977473e-07,-0.003895571
1.978473e-07,-0.0038891085
1.979473e-07,-0.0038948529
1.980473e-07,-0.0039106503
1.981473e-07,-0.0039321921
1.982473e-07,-0.0039515797
1.983473e-07,-0.0039637868
1.984473e-07,-0.003966659
1.985473e-07,-0.0039609145
1.986473e-07,-0.0039508617
1.987473e-07,-0.0039408088
1.988473e-07,-0.0039336282
1.989473e-07,-0.0039300379
1.990473e-07,-0.0039293199
1.991473e-07,-0.0039293199
1.992473e-07,-0.0039278837
1.993473e-07,-0.0039257295
1.994473e-07,-0.0039221392
1.995473e-07,-0.0039178309
1.996473e-07,-0.0039135225
1.997473e-07,-0.0039099322
1.998473e-07,-0.003907778
1.999473e-07,-0.0039063419
2.000473e-07,-0.0039084961
2.001473e-07,-0.0039156767
2.002473e-07,-0.0039271657
2.003473e-07,-0.0039408088
2.004473e-07,-0.0039522978
2.005473e-07,-0.0039580423
2.006473e-07,-0.0039537339
2.007473e-07,-0.0039408088
2.008473e-07,-0.0039242934
2.009473e-07,-0.0039120864
2.010473e-07,-0.0039092142
2.011473e-07,-0.0039178309
2.012473e-07,-0.0039350643
2.013473e-07,-0.0039537339
2.014473e-07,-0.0039645048
2.015473e-07,-0.0039637868
2.016473e-07,-0.0039515797
2.017473e-07,-0.0039336282
2.018473e-07,-0.0039199851
2.019473e-07,-0.0039178309
2.020473e-07,-0.0039286018
2.021473e-07,-0.0039494256
2.022473e-07,-0.0039716854
2.023473e-07,-0.0039867647
2.024473e-07,-0.003990355
2.025473e-07,-0.0039838925
2.026473e-07,-0.0039724035
2.027473e-07,-0.0039637868
2.028473e-07,-0.0039630687
2.029473e-07,-0.0039724035
2.030473e-07,-0.0039896369
2.031473e-07,-0.0040097426
2.032473e-07,-0.0040284122
2.033473e-07,-0.0040442096
2.034473e-07,-0.0040571347
2.035473e-07,-0.0040671875
2.036473e-07,-0.0040758042
2.037473e-07,-0.0040829848
2.038473e-07,-0.0040872932
2.039473e-07,-0.0040901654
2.040473e-07,-0.0040930377
2.041473e-07,-0.0040995002
2.042473e-07,-0.0041131434
2.043473e-07,-0.0041361213
2.044473e-07,-0.0041648437
2.045473e-07,-0.0041935662
2.046473e-07,-0.0042165441
2.047473e-07,-0.0042280331
2.048473e-07,-0.0042287511
2.049473e-07,-0.0042230067
2.050473e-07,-0.0042172622
2.051473e-07,-0.0042165441
2.052473e-07,-0.0042230067
2.053473e-07,-0.0042344956
2.054473e-07,-0.0042452665
2.055473e-07,-0.004251011
2.056473e-07,-0.004251011
2.057473e-07,-0.0042481388
2.058473e-07,-0.0042474207
2.059473e-07,-0.004251011
2.060473e-07,-0.0042603458
2.061473e-07,-0.0042718348
2.062473e-07,-0.0042811696
2.063473e-07,-0.0042854779
2.064473e-07,-0.0042847599
2.065473e-07,-0.0042840418
2.066473e-07,-0.0042869141
2.067473e-07,-0.0042969669
2.068473e-07,-0.0043120462
2.069473e-07,-0.0043249713
2.070473e-07,-0.0043285616
2.071473e-07,-0.0043199449
2.072473e-07,-0.0042998392
2.073473e-07,-0.0042761432
2.074473e-07,-0.0042574736
2.075473e-07,-0.004251011
2.076473e-07,-0.0042560375
2.077473e-07,-0.0042660903
2.078473e-07,-0.0042703987
2.079473e-07,-0.0042625
2.080473e-07,-0.0042416762
2.081473e-07,-0.0042158261
2.082473e-07,-0.0041964384
2.083473e-07,-0.0041935662
2.084473e-07,-0.0042093635
2.085473e-07,-0.0042380859
2.086473e-07,-0.0042682445
2.087473e-07,-0.0042854779
2.088473e-07,-0.0042840418
2.089473e-07,-0.0042639361
2.090473e-07,-0.0042337776
2.091473e-07,-0.0042050551
2.092473e-07,-0.0041849494
2.093473e-07,-0.0041756147
2.094473e-07,-0.0041727424
2.095473e-07,-0.0041705882
2.096473e-07,-0.0041641257
2.097473e-07,-0.0041519187
2.098473e-07,-0.0041375574
2.099473e-07,-0.0041246324
2.100473e-07,-0.0041152976
2.101473e-07,-0.004108835
2.102473e-07,-0.0041016544
2.103473e-07,-0.0040901654
2.104473e-07,-0.0040750862
2.105473e-07,-0.0040592888
2.106473e-07,-0.0040485179
2.107473e-07,-0.0040442096
2.108473e-07,-0.0040456457
2.109473e-07,-0.0040485179
2.110473e-07,-0.0040449276
2.111473e-07,-0.0040327206
2.112473e-07,-0.004014051
2.113473e-07,-0.0039968176
2.114473e-07,-0.0039896369
2.115473e-07,-0.0039982537
2.116473e-07,-0.0040205136
2.117473e-07,-0.0040485179
2.118473e-07,-0.0040707778
2.119473e-07,-0.0040786765
2.120473e-07,-0.004072932
2.121473e-07,-0.0040621611
2.122473e-07,-0.0040571347
2.123473e-07,-0.0040671875
2.124473e-07,-0.0040937557
2.125473e-07,-0.0041282227
2.126473e-07,-0.0041576631
2.127473e-07,-0.0041705882
2.128473e-07,-0.0041648437
2.129473e-07,-0.0041483284
2.130473e-07,-0.0041339671
2.131473e-07,-0.0041361213
2.132473e-07,-0.0041598173
2.133473e-07,-0.0042000287
2.134473e-07,-0.0042431124
2.135473e-07,-0.004273989
2.136473e-07,-0.0042840418
2.137473e-07,-0.004273989
2.138473e-07,-0.0042546013
2.139473e-07,-0.0042395221
2.140473e-07,-0.0042373679
2.141473e-07,-0.0042495749
2.142473e-07,-0.0042689625
2.143473e-07,-0.0042854779
2.144473e-07,-0.0042905044
2.145473e-07,-0.0042840418
2.146473e-07,-0.0042711167
2.147473e-07,-0.0042625
2.148473e-07,-0.0042646542
2.149473e-07,-0.0042775793
2.150473e-07,-0.0042955308
2.151473e-07,-0.0043084559
2.152473e-07,-0.0043084559
2.153473e-07,-0.0042933766
2.154473e-07,-0.0042682445
2.155473e-07,-0.0042395221
2.156473e-07,-0.004215108
2.157473e-07,-0.0041964384
2.158473e-07,-0.0041835133
2.159473e-07,-0.0041705882
2.160473e-07,-0.004155509
2.161473e-07,-0.0041397116
2.162473e-07,-0.0041282227
2.163473e-07,-0.0041246324
2.164473e-07,-0.004132531
2.165473e-07,-0.0041497645
2.166473e-07,-0.0041691521
2.167473e-07,-0.0041820772
2.168473e-07,-0.0041842314
2.169473e-07,-0.0041748966
2.170473e-07,-0.0041598173
2.171473e-07,-0.0041476103
2.172473e-07,-0.0041433019
2.173473e-07,-0.0041497645
2.174473e-07,-0.0041648437
2.175473e-07,-0.0041820772
2.176473e-07,-0.0041985926
2.177473e-07,-0.0042122358
2.178473e-07,-0.0042251608
2.179473e-07,-0.0042395221
2.180473e-07,-0.0042553194
2.181473e-07,-0.0042711167
2.182473e-07,-0.0042826057
2.183473e-07,-0.0042854779
2.184473e-07,-0.0042797335
2.185473e-07,-0.0042675264
2.186473e-07,-0.0042560375
2.187473e-07,-0.004251011
2.188473e-07,-0.0042546013
2.189473e-07,-0.0042653722
2.190473e-07,-0.0042775793
2.191473e-07,-0.0042854779
2.192473e-07,-0.0042854779
2.193473e-07,-0.0042790154
2.194473e-07,-0.0042696806
2.195473e-07,-0.0042625
2.196473e-07,-0.0042610639
2.197473e-07,-0.0042646542
2.198473e-07,-0.0042696806
2.199473e-07,-0.004273989
2.200473e-07,-0.0042754251
2.201473e-07,-0.0042754251
2.202473e-07,-0.0042775793
2.203473e-07,-0.0042854779
2.204473e-07,-0.004298403
2.205473e-07,-0.0043127642
2.206473e-07,-0.004321381
2.207473e-07,-0.0043199449
2.208473e-07,-0.0043070198
2.209473e-07,-0.004286196
2.210473e-07,-0.0042653722
2.211473e-07,-0.004251011
2.212473e-07,-0.0042481388
2.213473e-07,-0.0042546013
2.214473e-07,-0.0042653722
2.215473e-07,-0.004273989
2.216473e-07,-0.0042761432
2.217473e-07,-0.0042711167
2.218473e-07,-0.0042610639
2.219473e-07,-0.004251011
2.220473e-07,-0.0042438304
2.221473e-07,-0.0042395221
2.222473e-07,-0.004238804
2.223473e-07,-0.0042395221
2.224473e-07,-0.0042431124
2.225473e-07,-0.004251011
2.226473e-07,-0.0042653722
2.227473e-07,-0.0042854779
2.228473e-07,-0.0043077378
2.229473e-07,-0.0043249713
2.230473e-07,-0.0043299977
2.231473e-07,-0.0043199449
2.232473e-07,-0.004297685
2.233473e-07,-0.0042703987
2.234473e-07,-0.0042488568
2.235473e-07,-0.0042395221
2.236473e-07,-0.0042438304
2.237473e-07,-0.0042560375
2.238473e-07,-0.0042682445
2.239473e-07,-0.004273989
2.240473e-07,-0.0042703987
2.241473e-07,-0.0042625
2.242473e-07,-0.0042574736
2.243473e-07,-0.0042625
2.244473e-07,-0.0042782973
2.245473e-07,-0.0043005572
2.246473e-07,-0.0043206629
2.247473e-07,-0.0043314338
2.248473e-07,-0.0043299977
2.249473e-07,-0.0043199449
2.250473e-07,-0.004309892
2.251473e-07,-0.0043084559
2.252473e-07,-0.0043199449
2.253473e-07,-0.0043414867
2.254473e-07,-0.0043666188
2.255473e-07,-0.0043888787
2.256473e-07,-0.0044032399
2.257473e-07,-0.0044104205
2.258473e-07,-0.0044154469
2.259473e-07,-0.0044233456
2.260473e-07,-0.0044362707
2.261473e-07,-0.00445135
2.262473e-07,-0.004464275
2.263473e-07,-0.0044693015
2.264473e-07,-0.0044671473
2.265473e-07,-0.0044621209
2.266473e-07,-0.0044606847
2.267473e-07,-0.0044693015
2.268473e-07,-0.004487971
2.269473e-07,-0.004510949
2.270473e-07,-0.0045303366
2.271473e-07,-0.0045382353
2.272473e-07,-0.0045324908
2.273473e-07,-0.0045174115
2.274473e-07,-0.0045016142
2.275473e-07,-0.0044922794
2.276473e-07,-0.0044937155
2.277473e-07,-0.0045023323
2.278473e-07,-0.0045123851
2.279473e-07,-0.0045152574
2.280473e-07,-0.0045095129
2.281473e-07,-0.00449946
2.282473e-07,-0.0044908433
2.283473e-07,-0.0044922794
2.284473e-07,-0.0045052045
2.285473e-07,-0.0045267463
2.286473e-07,-0.0045475701
2.287473e-07,-0.0045612132
2.288473e-07,-0.0045633674
2.289473e-07,-0.0045576229
2.290473e-07,-0.0045504423
2.291473e-07,-0.0045497243
2.292473e-07,-0.0045576229
2.293473e-07,-0.0045719841
2.294473e-07,-0.0045870634
2.295473e-07,-0.0045956801
2.296473e-07,-0.0045963982
2.297473e-07,-0.0045928079
2.298473e-07,-0.0045906537
2.299473e-07,-0.0045956801
2.300473e-07,-0.0046086052
2.301473e-07,-0.0046258387
2.302473e-07,-0.0046387638
2.303473e-07,-0.004641636
2.304473e-07,-0.0046344554
2.305473e-07,-0.0046229665
2.306473e-07,-0.0046150678
2.307473e-07,-0.0046186581
2.308473e-07,-0.0046344554
2.309473e-07,-0.0046567153
2.310473e-07,-0.004676821
2.311473e-07,-0.0046875919
2.312473e-07,-0.0046861558
2.313473e-07,-0.0046789752
2.314473e-07,-0.0046732307
2.315473e-07,-0.0046761029
2.316473e-07,-0.004689028
2.317473e-07,-0.0047048254
2.318473e-07,-0.0047148782
2.319473e-07,-0.0047105699
2.320473e-07,-0.0046919003
2.321473e-07,-0.0046660501
2.322473e-07,-0.0046459444
2.323473e-07,-0.004641636
2.324473e-07,-0.0046552792
2.325473e-07,-0.0046796932
2.326473e-07,-0.0047026712
2.327473e-07,-0.0047105699
2.328473e-07,-0.0046990809
2.329473e-07,-0.0046717946
2.330473e-07,-0.004640918
2.331473e-07,-0.0046186581
2.332473e-07,-0.0046114775
2.333473e-07,-0.004617222
2.334473e-07,-0.0046272748
2.335473e-07,-0.0046301471
2.336473e-07,-0.0046200942
2.337473e-07,-0.0045978343
2.338473e-07,-0.0045712661
2.339473e-07,-0.0045497243
2.340473e-07,-0.0045389534
2.341473e-07,-0.0045382353
2.342473e-07,-0.0045403895
2.343473e-07,-0.0045382353
2.344473e-07,-0.0045281824
2.345473e-07,-0.0045131032
2.346473e-07,-0.004498742
2.347473e-07,-0.0044922794
2.348473e-07,-0.0044951517
2.349473e-07,-0.0045037684
2.350473e-07,-0.0045095129
2.351473e-07,-0.0045037684
2.352473e-07,-0.0044850988
2.353473e-07,-0.0044585306
2.354473e-07,-0.0044348346
2.355473e-07,-0.0044233456
2.356473e-07,-0.004428372
2.357473e-07,-0.0044456055
2.358473e-07,-0.0044664292
2.359473e-07,-0.0044807904
2.360473e-07,-0.0044829446
2.361473e-07,-0.004475764
2.362473e-07,-0.004464275
2.363473e-07,-0.0044578125
2.364473e-07,-0.0044585306
2.365473e-07,-0.0044628389
2.366473e-07,-0.0044649931
2.367473e-07,-0.0044578125
2.368473e-07,-0.004440579
2.369473e-07,-0.0044190372
2.370473e-07,-0.0044032399
2.371473e-07,-0.0044003676
2.372473e-07,-0.0044125747
2.373473e-07,-0.0044341165
2.374473e-07,-0.004452068
2.375473e-07,-0.0044578125
2.376473e-07,-0.0044470416
2.377473e-07,-0.0044247817
2.378473e-07,-0.0044018038
2.379473e-07,-0.0043888787
2.380473e-07,-0.0043917509
2.381473e-07,-0.0044068302
2.382473e-07,-0.0044247817
2.383473e-07,-0.0044348346
2.384473e-07,-0.0044326804
2.385473e-07,-0.0044204733
2.386473e-07,-0.0044068302
2.387473e-07,-0.0044003676
2.388473e-07,-0.004404676
2.389473e-07,-0.0044176011
2.390473e-07,-0.0044305262
2.391473e-07,-0.0044348346
2.392473e-07,-0.004427654
2.393473e-07,-0.0044125747
2.394473e-07,-0.0043967773
2.395473e-07,-0.0043888787
2.396473e-07,-0.0043903148
2.397473e-07,-0.0043982135
2.398473e-07,-0.004403958
2.399473e-07,-0.0044003676
2.400473e-07,-0.0043860064
2.401473e-07,-0.0043673369
2.402473e-07,-0.0043536937
2.403473e-07,-0.0043544118
2.404473e-07,-0.0043702091
2.405473e-07,-0.0043946232
2.406473e-07,-0.0044154469
2.407473e-07,-0.0044233456
2.408473e-07,-0.0044132927
2.409473e-07,-0.0043917509
2.410473e-07,-0.0043680549
2.411473e-07,-0.0043544118
2.412473e-07,-0.0043544118
2.413473e-07,-0.0043630285
2.414473e-07,-0.0043702091
2.415473e-07,-0.0043659007
2.416473e-07,-0.0043465131
2.417473e-07,-0.0043185087
2.418473e-07,-0.0042940947
2.419473e-07,-0.0042854779
2.420473e-07,-0.004297685
2.421473e-07,-0.0043256893
2.422473e-07,-0.004357284
2.423473e-07,-0.0043773897
2.424473e-07,-0.0043773897
2.425473e-07,-0.0043587201
2.426473e-07,-0.0043314338
2.427473e-07,-0.0043084559
2.428473e-07,-0.0042991211
2.429473e-07,-0.0043048656
2.430473e-07,-0.0043185087
2.431473e-07,-0.0043314338
2.432473e-07,-0.0043357422
2.433473e-07,-0.0043307158
2.434473e-07,-0.0043228171
2.435473e-07,-0.0043199449
2.436473e-07,-0.0043278435
2.437473e-07,-0.004345795
2.438473e-07,-0.0043651827
2.439473e-07,-0.0043773897
2.440473e-07,-0.0043759536
2.441473e-07,-0.0043601563
2.442473e-07,-0.0043386144
2.443473e-07,-0.0043199449
2.444473e-07,-0.0043127642
2.445473e-07,-0.0043185087
2.446473e-07,-0.0043350241
2.447473e-07,-0.0043544118
2.448473e-07,-0.0043709272
2.449473e-07,-0.0043831342
2.450473e-07,-0.0043917509
2.451473e-07,-0.0044003676
2.452473e-07,-0.0044118566
2.453473e-07,-0.0044247817
2.454473e-07,-0.0044369887
2.455473e-07,-0.0044463235
2.456473e-07,-0.00445135
2.457473e-07,-0.0044563764
2.458473e-07,-0.0044649931
2.459473e-07,-0.0044807904
2.460473e-07,-0.0045023323
2.461473e-07,-0.0045253102
2.462473e-07,-0.0045425437
2.463473e-07,-0.0045497243
2.464473e-07,-0.004546852
2.465473e-07,-0.0045411075
2.466473e-07,-0.0045403895
2.467473e-07,-0.0045497243
2.468473e-07,-0.00456983
2.469473e-07,-0.004594244
2.470473e-07,-0.0046129136
2.471473e-07,-0.0046186581
2.472473e-07,-0.0046107594
2.473473e-07,-0.0045963982
2.474473e-07,-0.0045841912
2.475473e-07,-0.0045841912
2.476473e-07,-0.0045978343
2.477473e-07,-0.0046186581
2.478473e-07,-0.0046366096
2.479473e-07,-0.004641636
2.480473e-07,-0.0046308651
2.481473e-07,-0.0046093233
2.482473e-07,-0.0045863454
2.483473e-07,-0.0045727022
2.484473e-07,-0.0045719841
2.485473e-07,-0.0045806009
2.486473e-07,-0.0045884995
2.487473e-07,-0.0045841912
2.488473e-07,-0.0045640855
2.489473e-07,-0.0045310547
2.490473e-07,-0.0044958697
2.491473e-07,-0.0044693015
2.492473e-07,-0.0044585306
2.493473e-07,-0.0044628389
2.494473e-07,-0.0044736098
2.495473e-07,-0.0044807904
2.496473e-07,-0.0044772001
2.497473e-07,-0.0044628389
2.498473e-07,-0.0044420152
2.499473e-07,-0.0044233456
2.500473e-07,-0.0044118566
2.501473e-07,-0.0044068302
2.502473e-07,-0.0044053941
2.503473e-07,-0.0044003676
2.504473e-07,-0.0043881606
2.505473e-07,-0.004369491
2.506473e-07,-0.0043486673
2.507473e-07,-0.0043314338
2.508473e-07,-0.0043199449
2.509473e-07,-0.0043127642
2.510473e-07,-0.0043063017
2.511473e-07,-0.0042969669
2.512473e-07,-0.0042840418
2.513473e-07,-0.0042725528
2.514473e-07,-0.0042675264
2.515473e-07,-0.004273989
2.516473e-07,-0.0042905044
2.517473e-07,-0.004309892
2.518473e-07,-0.0043228171
2.519473e-07,-0.0043199449
2.520473e-07,-0.0043005572
2.521473e-07,-0.0042696806
2.522473e-07,-0.0042380859
2.523473e-07,-0.0042165441
2.524473e-07,-0.0042093635
2.525473e-07,-0.0042136719
2.526473e-07,-0.0042230067
2.527473e-07,-0.0042280331
2.528473e-07,-0.0042258789
2.529473e-07,-0.0042186983
2.530473e-07,-0.0042129538
2.531473e-07,-0.0042165441
2.532473e-07,-0.0042309053
2.533473e-07,-0.0042531652
2.534473e-07,-0.0042732709
2.535473e-07,-0.0042854779
2.536473e-07,-0.0042854779
2.537473e-07,-0.0042768612
2.538473e-07,-0.0042668084
2.539473e-07,-0.0042625
2.540473e-07,-0.0042668084
2.541473e-07,-0.004274707
2.542473e-07,-0.0042797335
2.543473e-07,-0.004273989
2.544473e-07,-0.0042574736
2.545473e-07,-0.0042359318
2.546473e-07,-0.0042186983
2.547473e-07,-0.0042165441
2.548473e-07,-0.0042316234
2.549473e-07,-0.0042589097
2.550473e-07,-0.0042883502
2.551473e-07,-0.0043084559
2.552473e-07,-0.0043127642
2.553473e-07,-0.0043034295
2.554473e-07,-0.0042876321
2.555473e-07,-0.004273989
2.556473e-07,-0.0042689625
2.557473e-07,-0.0042725528
2.558473e-07,-0.0042797335
2.559473e-07,-0.0042854779
2.560473e-07,-0.004286196
2.561473e-07,-0.0042854779
2.562473e-07,-0.0042876321
2.563473e-07,-0.0042969669
2.564473e-07,-0.0043134823
2.565473e-07,-0.0043321519
2.566473e-07,-0.0043436409
2.567473e-07,-0.0043429228
2.568473e-07,-0.0043292796
2.569473e-07,-0.0043091739
2.570473e-07,-0.0042919405
2.571473e-07,-0.0042854779
2.572473e-07,-0.0042919405
2.573473e-07,-0.0043077378
2.574473e-07,-0.0043228171
2.575473e-07,-0.0043314338
2.576473e-07,-0.0043328699
2.577473e-07,-0.0043314338
2.578473e-07,-0.0043371783
2.579473e-07,-0.0043544118
2.580473e-07,-0.0043831342
2.581473e-07,-0.0044147289
2.582473e-07,-0.0044391429
2.583473e-07,-0.0044463235
2.584473e-07,-0.0044369887
2.585473e-07,-0.0044183192
2.586473e-07,-0.0044032399
2.587473e-07,-0.0044003676
2.588473e-07,-0.0044125747
2.589473e-07,-0.0044326804
2.590473e-07,-0.0044506319
2.591473e-07,-0.0044578125
2.592473e-07,-0.004452068
2.593473e-07,-0.0044412971
2.594473e-07,-0.0044369887
2.595473e-07,-0.0044463235
2.596473e-07,-0.0044707376
2.597473e-07,-0.0045023323
2.598473e-07,-0.0045281824
2.599473e-07,-0.0045382353
2.600473e-07,-0.0045317727
2.601473e-07,-0.0045181296
2.602473e-07,-0.0045087948
2.603473e-07,-0.0045152574
2.604473e-07,-0.0045375172
2.605473e-07,-0.0045655216
2.606473e-07,-0.0045849092
2.607473e-07,-0.0045841912
2.608473e-07,-0.0045626494
2.609473e-07,-0.0045303366
2.610473e-07,-0.0045059226
2.611473e-07,-0.0045037684
2.612473e-07,-0.0045289005
2.613473e-07,-0.0045727022
2.614473e-07,-0.0046157858
2.615473e-07,-0.004641636
2.616473e-07,-0.004640918
2.617473e-07,-0.0046193761
2.618473e-07,-0.0045906537
2.619473e-07,-0.0045727022
2.620473e-07,-0.0045741383
2.621473e-07,-0.0045920898
2.622473e-07,-0.0046157858
2.623473e-07,-0.0046301471
2.624473e-07,-0.0046272748
2.625473e-07,-0.0046107594
2.626473e-07,-0.0045913718
2.627473e-07,-0.0045841912
2.628473e-07,-0.0045963982
2.629473e-07,-0.0046251206
2.630473e-07,-0.0046603056
2.631473e-07,-0.0046875919
2.632473e-07,-0.0046983628
2.633473e-07,-0.0046919003
2.634473e-07,-0.0046775391
2.635473e-07,-0.004664614
2.636473e-07,-0.0046603056
2.637473e-07,-0.0046638959
2.638473e-07,-0.0046682043
2.639473e-07,-0.004664614
2.640473e-07,-0.0046516889
2.641473e-07,-0.0046330193
2.642473e-07,-0.0046193761
2.643473e-07,-0.0046186581
2.644473e-07,-0.0046330193
2.645473e-07,-0.0046559972
2.646473e-07,-0.0046739488
2.647473e-07,-0.0046761029
2.648473e-07,-0.0046581514
2.649473e-07,-0.0046258387
2.650473e-07,-0.004593526
2.651473e-07,-0.0045727022
2.652473e-07,-0.0045691119
2.653473e-07,-0.0045784467
2.654473e-07,-0.0045870634
2.655473e-07,-0.0045841912
2.656473e-07,-0.0045633674
2.657473e-07,-0.0045310547
2.658473e-07,-0.004498742
2.659473e-07,-0.0044807904
2.660473e-07,-0.0044843807
2.661473e-07,-0.0045052045
2.662473e-07,-0.0045317727
2.663473e-07,-0.0045497243
2.664473e-07,-0.0045504423
2.665473e-07,-0.0045353631
2.666473e-07,-0.004511667
2.667473e-07,-0.0044922794
2.668473e-07,-0.0044836627
2.669473e-07,-0.0044850988
2.670473e-07,-0.0044901252
2.671473e-07,-0.0044922794
2.672473e-07,-0.004487253
2.673473e-07,-0.0044786363
2.674473e-07,-0.0044736098
2.675473e-07,-0.0044807904
2.676473e-07,-0.0045008961
2.677473e-07,-0.0045274644
2.678473e-07,-0.0045504423
2.679473e-07,-0.0045612132
2.680473e-07,-0.0045576229
2.681473e-07,-0.0045454159
2.682473e-07,-0.0045360811
2.683473e-07,-0.0045382353
2.684473e-07,-0.0045525965
2.685473e-07,-0.0045734203
2.686473e-07,-0.0045863454
2.687473e-07,-0.0045841912
2.688473e-07,-0.0045648035
2.689473e-07,-0.0045367992
2.690473e-07,-0.0045166935
2.691473e-07,-0.0045152574
2.692473e-07,-0.0045367992
2.693473e-07,-0.0045734203
2.694473e-07,-0.0046093233
2.695473e-07,-0.0046301471
2.696473e-07,-0.004629429
2.697473e-07,-0.0046107594
2.698473e-07,-0.0045877815
2.699473e-07,-0.0045727022
2.700473e-07,-0.0045712661
2.701473e-07,-0.0045806009
2.702473e-07,-0.0045884995
2.703473e-07,-0.0045841912
2.704473e-07,-0.0045648035
2.705473e-07,-0.0045360811
2.706473e-07,-0.004511667
2.707473e-07,-0.0045037684
2.708473e-07,-0.0045166935
2.709473e-07,-0.0045439798
2.710473e-07,-0.0045712661
2.711473e-07,-0.0045841912
2.712473e-07,-0.0045741383
2.713473e-07,-0.004546134
2.714473e-07,-0.0045102309
2.715473e-07,-0.0044807904
2.716473e-07,-0.0044657112
2.717473e-07,-0.0044628389
2.718473e-07,-0.004463557
2.719473e-07,-0.0044578125
2.720473e-07,-0.0044412971
2.721473e-07,-0.0044197553
2.722473e-07,-0.0044025218
2.723473e-07,-0.0044003676
2.724473e-07,-0.004416883
2.725473e-07,-0.0044448874
2.726473e-07,-0.0044707376
2.727473e-07,-0.0044807904
2.728473e-07,-0.0044685834
2.729473e-07,-0.004439861
2.730473e-07,-0.0044082663
2.731473e-07,-0.0043888787
2.732473e-07,-0.0043895967
2.733473e-07,-0.0044097024
2.734473e-07,-0.0044362707
2.735473e-07,-0.0044578125
2.736473e-07,-0.0044657112
2.737473e-07,-0.0044614028
2.738473e-07,-0.0044549403
2.739473e-07,-0.0044578125
2.740473e-07,-0.0044772001
2.741473e-07,-0.004510949
2.742473e-07,-0.004546852
2.743473e-07,-0.0045727022
2.744473e-07,-0.0045798828
2.745473e-07,-0.0045683938
2.746473e-07,-0.004546852
2.747473e-07,-0.0045267463
2.748473e-07,-0.0045159754
2.749473e-07,-0.0045152574
2.750473e-07,-0.0045181296
2.751473e-07,-0.0045152574
2.752473e-07,-0.0045030503
2.753473e-07,-0.0044843807
2.754473e-07,-0.0044693015
2.755473e-07,-0.0044693015
2.756473e-07,-0.0044894072
2.757473e-07,-0.0045253102
2.758473e-07,-0.0045655216
2.759473e-07,-0.0045956801
2.760473e-07,-0.0046050149
2.761473e-07,-0.0045920898
2.762473e-07,-0.0045655216
2.763473e-07,-0.0045382353
2.764473e-07,-0.0045217199
2.765473e-07,-0.004522438
2.766473e-07,-0.0045382353
2.767473e-07,-0.0045612132
2.768473e-07,-0.0045841912
2.769473e-07,-0.0046028608
2.770473e-07,-0.004617222
2.771473e-07,-0.0046301471
2.772473e-07,-0.0046437902
2.773473e-07,-0.0046581514
2.774473e-07,-0.0046696404
2.775473e-07,-0.0046761029
2.776473e-07,-0.0046761029
2.777473e-07,-0.0046717946
2.778473e-07,-0.0046667682
2.779473e-07,-0.004664614
2.780473e-07,-0.004665332
2.781473e-07,-0.004664614
2.782473e-07,-0.0046581514
2.783473e-07,-0.004641636
2.784473e-07,-0.00461794
2.785473e-07,-0.0045949621
2.786473e-07,-0.0045813189
2.787473e-07,-0.0045841912
2.788473e-07,-0.0046028608
2.789473e-07,-0.0046301471
2.790473e-07,-0.0046538431
2.791473e-07,-0.004664614
2.792473e-07,-0.0046588695
2.793473e-07,-0.0046401999
2.794473e-07,-0.0046200942
2.795473e-07,-0.0046071691
2.796473e-07,-0.0046064511
2.797473e-07,-0.0046157858
2.798473e-07,-0.0046265568
2.799473e-07,-0.0046301471
2.800473e-07,-0.0046236845
2.801473e-07,-0.0046100414
2.802473e-07,-0.0045978343
2.803473e-07,-0.0045956801
2.804473e-07,-0.0046071691
2.805473e-07,-0.0046301471
2.806473e-07,-0.0046559972
2.807473e-07,-0.0046761029
2.808473e-07,-0.0046861558
2.809473e-07,-0.0046875919
2.810473e-07,-0.0046861558
2.811473e-07,-0.0046875919
2.812473e-07,-0.0046954906
2.813473e-07,-0.0047076976
2.814473e-07,-0.0047184685
2.815473e-07,-0.0047220588
2.816473e-07,-0.0047184685
2.817473e-07,-0.004712006
2.818473e-07,-0.0047112879
2.819473e-07,-0.0047220588
2.820473e-07,-0.0047450368
2.821473e-07,-0.0047744773
2.822473e-07,-0.0048003274
2.823473e-07,-0.0048139706
2.824473e-07,-0.0048118164
2.825473e-07,-0.0047974552
2.826473e-07,-0.0047795037
2.827473e-07,-0.0047680147
2.828473e-07,-0.0047665786
2.829473e-07,-0.0047723231
2.830473e-07,-0.0047787856
2.831473e-07,-0.0047795037
2.832473e-07,-0.0047723231
2.833473e-07,-0.0047608341
2.834473e-07,-0.0047536535
2.835473e-07,-0.0047565257
2.836473e-07,-0.004771605
2.837473e-07,-0.0047924288
2.838473e-07,-0.0048089442
2.839473e-07,-0.0048139706
2.840473e-07,-0.0048039177
2.841473e-07,-0.004783812
2.842473e-07,-0.0047651425
2.843473e-07,-0.0047565257
2.844473e-07,-0.0047622702
2.845473e-07,-0.0047787856
2.846473e-07,-0.004795301
2.847473e-07,-0.0048024816
2.848473e-07,-0.0047960191
2.849473e-07,-0.0047795037
2.850473e-07,-0.0047629883
2.851473e-07,-0.0047565257
2.852473e-07,-0.0047658605
2.853473e-07,-0.0047874023
2.854473e-07,-0.0048118164
2.855473e-07,-0.0048254596
2.856473e-07,-0.0048225873
2.857473e-07,-0.0048039177
2.858473e-07,-0.0047780676
2.859473e-07,-0.0047565257
2.860473e-07,-0.0047471909
2.861473e-07,-0.0047493451
2.862473e-07,-0.0047558077
2.863473e-07,-0.0047565257
2.864473e-07,-0.0047428826
2.865473e-07,-0.0047134421
2.866473e-07,-0.0046761029
2.867473e-07,-0.004641636
2.868473e-07,-0.0046200942
2.869473e-07,-0.0046157858
2.870473e-07,-0.0046258387
2.871473e-07,-0.004641636
2.872473e-07,-0.0046538431
2.873473e-07,-0.0046574334
2.874473e-07,-0.0046524069
2.875473e-07,-0.004641636
2.876473e-07,-0.0046315832
2.877473e-07,-0.0046244026
2.878473e-07,-0.0046208123
2.879473e-07,-0.0046186581
2.880473e-07,-0.0046157858
2.881473e-07,-0.0046114775
2.882473e-07,-0.0046071691
2.883473e-07,-0.0046071691
2.884473e-07,-0.0046121955
2.885473e-07,-0.0046222484
2.886473e-07,-0.0046330193
2.887473e-07,-0.004641636
2.888473e-07,-0.0046445083
2.889473e-07,-0.004640918
2.890473e-07,-0.0046351735
2.891473e-07,-0.0046301471
2.892473e-07,-0.0046287109
2.893473e-07,-0.0046315832
2.894473e-07,-0.0046366096
2.895473e-07,-0.004641636
2.896473e-07,-0.0046445083
2.897473e-07,-0.0046466625
2.898473e-07,-0.0046488166
2.899473e-07,-0.004653125
2.900473e-07,-0.0046595875
2.901473e-07,-0.0046660501
2.902473e-07,-0.0046682043
2.903473e-07,-0.004664614
2.904473e-07,-0.0046552792
2.905473e-07,-0.0046430722
2.906473e-07,-0.0046337374
2.907473e-07,-0.0046301471
2.908473e-07,-0.0046337374
2.909473e-07,-0.004640918
2.910473e-07,-0.0046488166
2.911473e-07,-0.004653125
2.912473e-07,-0.004653125
2.913473e-07,-0.0046524069
2.914473e-07,-0.0046552792
2.915473e-07,-0.004664614
2.916473e-07,-0.0046804113
2.917473e-07,-0.0046990809
2.918473e-07,-0.0047141602
2.919473e-07,-0.0047220588
2.920473e-07,-0.0047213408
2.921473e-07,-0.0047155963
2.922473e-07,-0.0047105699
2.923473e-07,-0.0047105699
2.924473e-07,-0.0047163143
2.925473e-07,-0.0047256491
2.926473e-07,-0.0047328297
2.927473e-07,-0.0047335478
2.928473e-07,-0.0047270852
2.929473e-07,-0.0047177505
2.930473e-07,-0.0047105699
2.931473e-07,-0.0047105699
2.932473e-07,-0.0047184685
2.933473e-07,-0.0047306756
2.934473e-07,-0.0047414465
2.935473e-07,-0.0047450368
2.936473e-07,-0.0047400103
2.937473e-07,-0.0047285214
2.938473e-07,-0.0047170324
2.939473e-07,-0.0047105699
2.940473e-07,-0.0047105699
2.941473e-07,-0.0047134421
2.942473e-07,-0.0047148782
2.943473e-07,-0.0047105699
2.944473e-07,-0.0046997989
2.945473e-07,-0.0046861558
2.946473e-07,-0.004676821
2.947473e-07,-0.0046761029
2.948473e-07,-0.0046854377
2.949473e-07,-0.004700517
2.950473e-07,-0.0047148782
2.951473e-07,-0.0047220588
2.952473e-07,-0.0047206227
2.953473e-07,-0.0047148782
2.954473e-07,-0.0047091337
2.955473e-07,-0.0047105699
2.956473e-07,-0.0047199046
2.957473e-07,-0.0047342659
2.958473e-07,-0.0047486271
2.959473e-07,-0.0047565257
2.960473e-07,-0.0047579619
2.961473e-07,-0.0047572438
2.962473e-07,-0.0047586799
2.963473e-07,-0.0047680147
2.964473e-07,-0.0047845301
2.965473e-07,-0.0048046358
2.966473e-07,-0.0048197151
2.967473e-07,-0.0048254596
2.968473e-07,-0.0048211512
2.969473e-07,-0.0048110983
2.970473e-07,-0.0048031997
2.971473e-07,-0.0048024816
2.972473e-07,-0.0048096622
2.973473e-07,-0.004818279
2.974473e-07,-0.0048218693
2.975473e-07,-0.0048139706
2.976473e-07,-0.0047960191
2.977473e-07,-0.0047744773
2.978473e-07,-0.0047586799
2.979473e-07,-0.0047565257
2.980473e-07,-0.0047680147
2.981473e-07,-0.0047845301
2.982473e-07,-0.0047960191
2.983473e-07,-0.0047909926
2.984473e-07,-0.0047680147
2.985473e-07,-0.0047328297
2.986473e-07,-0.0046983628
2.987473e-07,-0.0046761029
2.988473e-07,-0.0046703585
2.989473e-07,-0.0046775391
2.990473e-07,-0.0046875919
2.991473e-07,-0.0046875919
2.992473e-07,-0.0046732307
2.993473e-07,-0.0046473805
2.994473e-07,-0.0046215303
2.995473e-07,-0.0046071691
2.996473e-07,-0.0046129136
2.997473e-07,-0.0046373277
2.998473e-07,-0.0046703585
2.999473e-07,-0.0046990809
3.000473e-07,-0.004712006
3.001473e-07,-0.0047055434
3.002473e-07,-0.0046861558
3.003473e-07,-0.004664614
3.004473e-07,-0.0046509708
3.005473e-07,-0.0046509708
3.006473e-07,-0.004665332
3.007473e-07,-0.0046875919
3.008473e-07,-0.0047112879
3.009473e-07,-0.0047313936
3.010473e-07,-0.0047457548
3.011473e-07,-0.0047565257
3.012473e-07,-0.0047637063
3.013473e-07,-0.0047687328
3.014473e-07,-0.0047701689
3.015473e-07,-0.0047680147
3.016473e-07,-0.0047622702
3.017473e-07,-0.0047565257
3.018473e-07,-0.0047543716
3.019473e-07,-0.0047565257
3.020473e-07,-0.0047629883
3.021473e-07,-0.0047694508
3.022473e-07,-0.0047723231
3.023473e-07,-0.0047680147
3.024473e-07,-0.0047586799
3.025473e-07,-0.0047507813
3.026473e-07,-0.0047486271
3.027473e-07,-0.0047565257
3.028473e-07,-0.0047723231
3.029473e-07,-0.0047881204
3.030473e-07,-0.0047960191
3.031473e-07,-0.0047909926
3.032473e-07,-0.0047737592
3.033473e-07,-0.0047507813
3.034473e-07,-0.0047313936
3.035473e-07,-0.0047220588
3.036473e-07,-0.0047234949
3.037473e-07,-0.0047292394
3.038473e-07,-0.0047306756
3.039473e-07,-0.0047220588
3.040473e-07,-0.0047041073
3.041473e-07,-0.0046832835
3.042473e-07,-0.0046717946
3.043473e-07,-0.0046761029
3.044473e-07,-0.0046969267
3.045473e-07,-0.0047256491
3.046473e-07,-0.0047493451
3.047473e-07,-0.0047565257
3.048473e-07,-0.0047436006
3.049473e-07,-0.0047163143
3.050473e-07,-0.0046854377
3.051473e-07,-0.004664614
3.052473e-07,-0.0046595875
3.053473e-07,-0.0046674862
3.054473e-07,-0.0046804113
3.055473e-07,-0.0046875919
3.056473e-07,-0.0046840016
3.057473e-07,-0.0046703585
3.058473e-07,-0.0046538431
3.059473e-07,-0.004641636
3.060473e-07,-0.0046380457
3.061473e-07,-0.004641636
3.062473e-07,-0.0046445083
3.063473e-07,-0.004641636
3.064473e-07,-0.004629429
3.065473e-07,-0.0046114775
3.066473e-07,-0.004594244
3.067473e-07,-0.0045841912
3.068473e-07,-0.0045841912
3.069473e-07,-0.0045899357
3.070473e-07,-0.0045956801
3.071473e-07,-0.0045956801
3.072473e-07,-0.0045884995
3.073473e-07,-0.0045798828
3.074473e-07,-0.0045770106
3.075473e-07,-0.0045841912
3.076473e-07,-0.0046007066
3.077473e-07,-0.0046186581
3.078473e-07,-0.0046272748
3.079473e-07,-0.0046186581
3.080473e-07,-0.004594244
3.081473e-07,-0.0045640855
3.082473e-07,-0.0045411075
3.083473e-07,-0.0045382353
3.084473e-07,-0.0045569049
3.085473e-07,-0.0045899357
3.086473e-07,-0.0046229665
3.087473e-07,-0.004641636
3.088473e-07,-0.0046401999
3.089473e-07,-0.0046236845
3.090473e-07,-0.0046035788
3.091473e-07,-0.0045956801
3.092473e-07,-0.0046071691
3.093473e-07,-0.0046366096
3.094473e-07,-0.0046753849
3.095473e-07,-0.0047105699
3.096473e-07,-0.0047342659
3.097473e-07,-0.0047450368
3.098473e-07,-0.0047493451
3.099473e-07,-0.0047565257
3.100473e-07,-0.0047708869
3.101473e-07,-0.0047909926
3.102473e-07,-0.0048118164
3.103473e-07,-0.0048254596
3.104473e-07,-0.0048283318
3.105473e-07,-0.0048240234
3.106473e-07,-0.0048204331
3.107473e-07,-0.0048254596
3.108473e-07,-0.0048434111
3.109473e-07,-0.0048699793
3.110473e-07,-0.0048979837
3.111473e-07,-0.0049173713
3.112473e-07,-0.0049245519
3.113473e-07,-0.0049216797
3.114473e-07,-0.0049166533
3.115473e-07,-0.0049173713
3.116473e-07,-0.0049288603
3.117473e-07,-0.0049482479
3.118473e-07,-0.0049697898
3.119473e-07,-0.0049863051
3.120473e-07,-0.0049956399
3.121473e-07,-0.0049999483
3.122473e-07,-0.0050064108
3.123473e-07,-0.0050207721
3.124473e-07,-0.0050423139
3.125473e-07,-0.0050652918
3.126473e-07,-0.005079653
3.127473e-07,-0.0050782169
3.128473e-07,-0.0050588293
3.129473e-07,-0.0050293888
3.130473e-07,-0.0050021025
3.131473e-07,-0.0049863051
3.132473e-07,-0.0049863051
3.133473e-07,-0.004996358
3.134473e-07,-0.0050042567
3.135473e-07,-0.0049977941
3.136473e-07,-0.004972662
3.137473e-07,-0.0049331687
3.138473e-07,-0.0048908031
3.139473e-07,-0.0048599265
3.140473e-07,-0.0048477194
3.141473e-07,-0.0048534639
3.142473e-07,-0.004865671
3.143473e-07,-0.0048714154
3.144473e-07,-0.0048620807
3.145473e-07,-0.0048362305
3.146473e-07,-0.0048010455
3.147473e-07,-0.0047680147
3.148473e-07,-0.0047464729
3.149473e-07,-0.0047392923
3.150473e-07,-0.0047414465
3.151473e-07,-0.0047450368
3.152473e-07,-0.0047436006
3.153473e-07,-0.0047342659
3.154473e-07,-0.0047213408
3.155473e-07,-0.0047105699
3.156473e-07,-0.0047076976
3.157473e-07,-0.004712724
3.158473e-07,-0.0047234949
3.159473e-07,-0.0047335478
3.160473e-07,-0.0047392923
3.161473e-07,-0.0047407284
3.162473e-07,-0.0047407284
3.163473e-07,-0.0047450368
3.164473e-07,-0.0047558077
3.165473e-07,-0.0047723231
3.166473e-07,-0.0047895565
3.167473e-07,-0.0048024816
3.168473e-07,-0.0048089442
3.169473e-07,-0.0048096622
3.170473e-07,-0.0048096622
3.171473e-07,-0.0048139706
3.172473e-07,-0.0048240234
3.173473e-07,-0.0048362305
3.174473e-07,-0.0048462833
3.175473e-07,-0.0048484375
3.176473e-07,-0.0048412569
3.177473e-07,-0.0048283318
3.178473e-07,-0.0048168428
3.179473e-07,-0.0048139706
3.180473e-07,-0.0048211512
3.181473e-07,-0.0048347943
3.182473e-07,-0.0048462833
3.183473e-07,-0.0048484375
3.184473e-07,-0.0048383847
3.185473e-07,-0.004818997
3.186473e-07,-0.0047996094
3.187473e-07,-0.0047909926
3.188473e-07,-0.0047974552
3.189473e-07,-0.0048175609
3.190473e-07,-0.004842693
3.191473e-07,-0.0048599265
3.192473e-07,-0.0048606445
3.193473e-07,-0.0048434111
3.194473e-07,-0.0048125345
3.195473e-07,-0.0047795037
3.196473e-07,-0.0047543716
3.197473e-07,-0.0047428826
3.198473e-07,-0.0047457548
3.199473e-07,-0.0047565257
3.200473e-07,-0.0047680147
3.201473e-07,-0.0047744773
3.202473e-07,-0.0047737592
3.203473e-07,-0.0047680147
3.204473e-07,-0.0047608341
3.205473e-07,-0.0047550896
3.206473e-07,-0.0047536535
3.207473e-07,-0.0047565257
3.208473e-07,-0.0047615522
3.209473e-07,-0.0047672966
3.210473e-07,-0.0047737592
3.211473e-07,-0.0047795037
3.212473e-07,-0.0047845301
3.213473e-07,-0.0047888385
3.214473e-07,-0.0047909926
3.215473e-07,-0.0047909926
3.216473e-07,-0.0047895565
3.217473e-07,-0.0047881204
3.218473e-07,-0.0047881204
3.219473e-07,-0.0047909926
3.220473e-07,-0.004795301
3.221473e-07,-0.0048003274
3.222473e-07,-0.0048024816
3.223473e-07,-0.0048024816
3.224473e-07,-0.0048017636
3.225473e-07,-0.0048024816
3.226473e-07,-0.00480679
3.227473e-07,-0.0048139706
3.228473e-07,-0.0048211512
3.229473e-07,-0.0048233054
3.230473e-07,-0.0048175609
3.231473e-07,-0.0048024816
3.232473e-07,-0.004783812
3.233473e-07,-0.0047701689
3.234473e-07,-0.0047672966
3.235473e-07,-0.0047795037
3.236473e-07,-0.0048031997
3.237473e-07,-0.004830486
3.238473e-07,-0.0048520278
3.239473e-07,-0.0048599265
3.240473e-07,-0.0048549
3.241473e-07,-0.0048434111
3.242473e-07,-0.0048347943
3.243473e-07,-0.0048369485
3.244473e-07,-0.0048513097
3.245473e-07,-0.0048735696
3.246473e-07,-0.0048951114
3.247473e-07,-0.0049058824
3.248473e-07,-0.0049030101
3.249473e-07,-0.004889367
3.250473e-07,-0.0048721335
3.251473e-07,-0.0048599265
3.252473e-07,-0.0048584903
3.253473e-07,-0.0048671071
3.254473e-07,-0.0048807502
3.255473e-07,-0.0048943934
3.256473e-07,-0.0049030101
3.257473e-07,-0.0049073185
3.258473e-07,-0.0049101907
3.259473e-07,-0.0049173713
3.260473e-07,-0.0049295784
3.261473e-07,-0.0049453757
3.262473e-07,-0.0049583008
3.263473e-07,-0.0049633272
3.264473e-07,-0.0049590188
3.265473e-07,-0.004948966
3.266473e-07,-0.0049396312
3.267473e-07,-0.0049403493
3.268473e-07,-0.0049539924
3.269473e-07,-0.0049791245
3.270473e-07,-0.005008565
3.271473e-07,-0.005032261
3.272473e-07,-0.0050430319
3.273473e-07,-0.0050401597
3.274473e-07,-0.0050265165
3.275473e-07,-0.0050092831
3.276473e-07,-0.004996358
3.277473e-07,-0.0049913316
3.278473e-07,-0.0049927677
3.279473e-07,-0.0049977941
3.280473e-07,-0.0050021025
3.281473e-07,-0.0050049747
3.282473e-07,-0.0050064108
3.283473e-07,-0.0050092831
3.284473e-07,-0.0050164637
3.285473e-07,-0.0050265165
3.286473e-07,-0.0050372875
3.287473e-07,-0.00504375
3.288473e-07,-0.0050430319
3.289473e-07,-0.0050351333
3.290473e-07,-0.0050222082
3.291473e-07,-0.0050092831
3.292473e-07,-0.0049999483
3.293473e-07,-0.0049956399
3.294473e-07,-0.004996358
3.295473e-07,-0.0049977941
3.296473e-07,-0.0049985122
3.297473e-07,-0.0049977941
3.298473e-07,-0.004996358
3.299473e-07,-0.0049977941
3.300473e-07,-0.0050028205
3.301473e-07,-0.0050121553
3.302473e-07,-0.0050229262
3.303473e-07,-0.005032261
3.304473e-07,-0.0050380055
3.305473e-07,-0.0050387236
3.306473e-07,-0.0050358513
3.307473e-07,-0.005032261
3.308473e-07,-0.0050301068
3.309473e-07,-0.0050293888
3.310473e-07,-0.0050308249
3.311473e-07,-0.005032261
3.312473e-07,-0.0050329791
3.313473e-07,-0.005032261
3.314473e-07,-0.005032261
3.315473e-07,-0.005032261
3.316473e-07,-0.0050336972
3.317473e-07,-0.0050365694
3.318473e-07,-0.0050401597
3.319473e-07,-0.00504375
3.320473e-07,-0.0050473403
3.321473e-07,-0.0050509306
3.322473e-07,-0.0050538028
3.323473e-07,-0.005055239
3.324473e-07,-0.0050523667
3.325473e-07,-0.00504375
3.326473e-07,-0.0050279527
3.327473e-07,-0.0050092831
3.328473e-07,-0.0049927677
3.329473e-07,-0.004984869
3.330473e-07,-0.0049898955
3.331473e-07,-0.0050092831
3.332473e-07,-0.0050372875
3.333473e-07,-0.0050645738
3.334473e-07,-0.0050839614
3.335473e-07,-0.0050897059
3.336473e-07,-0.0050825253
3.337473e-07,-0.0050681641
3.338473e-07,-0.0050538028
3.339473e-07,-0.00504375
3.340473e-07,-0.0050401597
3.341473e-07,-0.0050394416
3.342473e-07,-0.0050380055
3.343473e-07,-0.005032261
3.344473e-07,-0.0050236443
3.345473e-07,-0.0050178998
3.346473e-07,-0.0050193359
3.347473e-07,-0.005032261
3.348473e-07,-0.0050530848
3.349473e-07,-0.0050753447
3.350473e-07,-0.0050889878
3.351473e-07,-0.0050897059
3.352473e-07,-0.0050767808
3.353473e-07,-0.0050573932
3.354473e-07,-0.0050394416
3.355473e-07,-0.005032261
3.356473e-07,-0.0050365694
3.357473e-07,-0.0050494945
3.358473e-07,-0.0050617015
3.359473e-07,-0.0050667279
3.360473e-07,-0.0050624196
3.361473e-07,-0.0050530848
3.362473e-07,-0.0050444681
3.363473e-07,-0.00504375
3.364473e-07,-0.0050530848
3.365473e-07,-0.0050688821
3.366473e-07,-0.0050832433
3.367473e-07,-0.0050897059
3.368473e-07,-0.0050861156
3.369473e-07,-0.0050767808
3.370473e-07,-0.005067446
3.371473e-07,-0.0050667279
3.372473e-07,-0.0050760627
3.373473e-07,-0.005091142
3.374473e-07,-0.0051062213
3.375473e-07,-0.0051126838
3.376473e-07,-0.0051083755
3.377473e-07,-0.0050961684
3.378473e-07,-0.0050839614
3.379473e-07,-0.0050782169
3.380473e-07,-0.0050825253
3.381473e-07,-0.0050947323
3.382473e-07,-0.0051069393
3.383473e-07,-0.0051126838
3.384473e-07,-0.0051076574
3.385473e-07,-0.0050947323
3.386473e-07,-0.005078935
3.387473e-07,-0.0050667279
3.388473e-07,-0.0050609835
3.389473e-07,-0.0050609835
3.390473e-07,-0.0050602654
3.391473e-07,-0.005055239
3.392473e-07,-0.0050444681
3.393473e-07,-0.0050308249
3.394473e-07,-0.0050214901
3.395473e-07,-0.0050207721
3.396473e-07,-0.0050301068
3.397473e-07,-0.0050444681
3.398473e-07,-0.0050545209
3.399473e-07,-0.005055239
3.400473e-07,-0.00504375
3.401473e-07,-0.0050243624
3.402473e-07,-0.0050064108
3.403473e-07,-0.0049977941
3.404473e-07,-0.0050013844
3.405473e-07,-0.0050135915
3.406473e-07,-0.0050265165
3.407473e-07,-0.005032261
3.408473e-07,-0.0050279527
3.409473e-07,-0.0050178998
3.410473e-07,-0.005008565
3.411473e-07,-0.0050092831
3.412473e-07,-0.0050236443
3.413473e-07,-0.0050494945
3.414473e-07,-0.0050782169
3.415473e-07,-0.0051011949
3.416473e-07,-0.0051126838
3.417473e-07,-0.0051112477
3.418473e-07,-0.0051019129
3.419473e-07,-0.0050897059
3.420473e-07,-0.0050782169
3.421473e-07,-0.005067446
3.422473e-07,-0.0050566751
3.423473e-07,-0.00504375
3.424473e-07,-0.005031543
3.425473e-07,-0.0050243624
3.426473e-07,-0.0050279527
3.427473e-07,-0.00504375
3.428473e-07,-0.0050688821
3.429473e-07,-0.0050940142
3.430473e-07,-0.0051105296
3.431473e-07,-0.0051126838
3.432473e-07,-0.0051011949
3.433473e-07,-0.0050839614
3.434473e-07,-0.0050703182
3.435473e-07,-0.0050667279
3.436473e-07,-0.0050731905
3.437473e-07,-0.0050832433
3.438473e-07,-0.0050861156
3.439473e-07,-0.0050782169
3.440473e-07,-0.0050609835
3.441473e-07,-0.0050444681
3.442473e-07,-0.0050401597
3.443473e-07,-0.005055239
3.444473e-07,-0.0050875517
3.445473e-07,-0.0051234547
3.446473e-07,-0.0051478688
3.447473e-07,-0.0051471507
3.448473e-07,-0.0051198644
3.449473e-07,-0.0050767808
3.450473e-07,-0.0050344152
3.451473e-07,-0.0050092831
3.452473e-07,-0.005008565
3.453473e-07,-0.0050272346
3.454473e-07,-0.0050516487
3.455473e-07,-0.0050667279
3.456473e-07,-0.0050645738
3.457473e-07,-0.0050466222
3.458473e-07,-0.0050243624
3.459473e-07,-0.0050092831
3.460473e-07,-0.005007847
3.461473e-07,-0.0050178998
3.462473e-07,-0.0050293888
3.463473e-07,-0.005032261
3.464473e-07,-0.0050207721
3.465473e-07,-0.0049992302
3.466473e-07,-0.0049762523
3.467473e-07,-0.0049633272
3.468473e-07,-0.0049654814
3.469473e-07,-0.0049791245
3.470473e-07,-0.0049934858
3.471473e-07,-0.0049977941
3.472473e-07,-0.0049870232
3.473473e-07,-0.0049640453
3.474473e-07,-0.0049403493
3.475473e-07,-0.0049288603
3.476473e-07,-0.0049360409
3.477473e-07,-0.0049590188
3.478473e-07,-0.0049877413
3.479473e-07,-0.0050092831
3.480473e-07,-0.0050135915
3.481473e-07,-0.0049999483
3.482473e-07,-0.0049755342
3.483473e-07,-0.0049518382
3.484473e-07,-0.004937477
3.485473e-07,-0.0049353228
3.486473e-07,-0.0049417854
3.487473e-07,-0.0049518382
3.488473e-07,-0.0049597369
3.489473e-07,-0.0049661994
3.490473e-07,-0.0049733801
3.491473e-07,-0.0049863051
3.492473e-07,-0.0050042567
3.493473e-07,-0.0050229262
3.494473e-07,-0.0050344152
3.495473e-07,-0.005032261
3.496473e-07,-0.0050157456
3.497473e-07,-0.0049913316
3.498473e-07,-0.0049705078
3.499473e-07,-0.0049633272
3.500473e-07,-0.0049740981
3.501473e-07,-0.0049977941
3.502473e-07,-0.0050250804
3.503473e-07,-0.00504375
3.504473e-07,-0.0050480584
3.505473e-07,-0.0050408778
3.506473e-07,-0.005032261
3.507473e-07,-0.005032261
3.508473e-07,-0.0050480584
3.509473e-07,-0.0050767808
3.510473e-07,-0.0051098116
3.511473e-07,-0.0051356618
3.512473e-07,-0.0051449966
3.513473e-07,-0.0051370979
3.514473e-07,-0.0051191464
3.515473e-07,-0.0051011949
3.516473e-07,-0.0050925781
3.517473e-07,-0.0050961684
3.518473e-07,-0.0051090935
3.519473e-07,-0.0051241728
3.520473e-07,-0.0051342256
3.521473e-07,-0.0051378159
3.522473e-07,-0.0051370979
3.523473e-07,-0.0051356618
3.524473e-07,-0.0051378159
3.525473e-07,-0.0051435604
3.526473e-07,-0.0051478688
3.527473e-07,-0.0051471507
3.528473e-07,-0.0051378159
3.529473e-07,-0.0051220186
3.530473e-07,-0.005103349
3.531473e-07,-0.0050897059
3.532473e-07,-0.0050839614
3.533473e-07,-0.0050853975
3.534473e-07,-0.0050889878
3.535473e-07,-0.0050897059
3.536473e-07,-0.0050839614
3.537473e-07,-0.0050731905
3.538473e-07,-0.0050617015
3.539473e-07,-0.005055239
3.540473e-07,-0.0050566751
3.541473e-07,-0.0050645738
3.542473e-07,-0.0050739085
3.543473e-07,-0.0050782169
3.544473e-07,-0.0050746266
3.545473e-07,-0.0050638557
3.546473e-07,-0.0050516487
3.547473e-07,-0.00504375
3.548473e-07,-0.0050451861
3.549473e-07,-0.0050566751
3.550473e-07,-0.0050731905
3.551473e-07,-0.0050897059
3.552473e-07,-0.005103349
3.553473e-07,-0.0051134019
3.554473e-07,-0.0051227367
3.555473e-07,-0.0051356618
3.556473e-07,-0.0051528952
3.557473e-07,-0.0051722829
3.558473e-07,-0.0051880802
3.559473e-07,-0.0051931066
3.560473e-07,-0.005185208
3.561473e-07,-0.0051679745
3.562473e-07,-0.0051478688
3.563473e-07,-0.0051356618
3.564473e-07,-0.0051378159
3.565473e-07,-0.0051557675
3.566473e-07,-0.005185208
3.567473e-07,-0.0052160846
3.568473e-07,-0.0052397806
3.569473e-07,-0.0052505515
3.570473e-07,-0.0052491153
3.571473e-07,-0.0052390625
3.572473e-07,-0.0052282916
3.573473e-07,-0.005221829
3.574473e-07,-0.005221829
3.575473e-07,-0.0052275735
3.576473e-07,-0.0052347541
3.577473e-07,-0.0052383444
3.578473e-07,-0.0052361903
3.579473e-07,-0.0052275735
3.580473e-07,-0.0052132123
3.581473e-07,-0.005197415
3.582473e-07,-0.0051816176
3.583473e-07,-0.0051701287
3.584473e-07,-0.0051643842
3.585473e-07,-0.0051636661
3.586473e-07,-0.0051672564
3.587473e-07,-0.0051701287
3.588473e-07,-0.0051679745
3.589473e-07,-0.0051579216
3.590473e-07,-0.005138534
3.591473e-07,-0.0051126838
3.592473e-07,-0.0050868336
3.593473e-07,-0.0050681641
3.594473e-07,-0.0050609835
3.595473e-07,-0.0050667279
3.596473e-07,-0.0050810892
3.597473e-07,-0.0050954504
3.598473e-07,-0.0051040671
3.599473e-07,-0.0051011949
3.600473e-07,-0.0050897059
3.601473e-07,-0.0050746266
3.602473e-07,-0.0050652918
3.603473e-07,-0.0050667279
3.604473e-07,-0.005079653
3.605473e-07,-0.0050997587
3.606473e-07,-0.0051205825
3.607473e-07,-0.0051356618
3.608473e-07,-0.0051421243
3.609473e-07,-0.0051414062
3.610473e-07,-0.005138534
3.611473e-07,-0.0051356618
3.612473e-07,-0.0051342256
3.613473e-07,-0.0051327895
3.614473e-07,-0.0051256089
3.615473e-07,-0.0051126838
3.616473e-07,-0.0050947323
3.617473e-07,-0.005078935
3.618473e-07,-0.0050717544
3.619473e-07,-0.0050782169
3.620473e-07,-0.0050983226
3.621473e-07,-0.005126327
3.622473e-07,-0.0051528952
3.623473e-07,-0.0051701287
3.624473e-07,-0.0051730009
3.625473e-07,-0.0051643842
3.626473e-07,-0.005150023
3.627473e-07,-0.0051356618
3.628473e-07,-0.005126327
3.629473e-07,-0.0051213006
3.630473e-07,-0.0051184283
3.631473e-07,-0.0051126838
3.632473e-07,-0.0051047852
3.633473e-07,-0.0050961684
3.634473e-07,-0.0050940142
3.635473e-07,-0.0051011949
3.636473e-07,-0.0051184283
3.637473e-07,-0.0051406882
3.638473e-07,-0.0051600758
3.639473e-07,-0.0051701287
3.640473e-07,-0.0051672564
3.641473e-07,-0.0051543313
3.642473e-07,-0.0051370979
3.643473e-07,-0.0051241728
3.644473e-07,-0.0051191464
3.645473e-07,-0.0051227367
3.646473e-07,-0.0051299173
3.647473e-07,-0.0051356618
3.648473e-07,-0.0051370979
3.649473e-07,-0.0051349437
3.650473e-07,-0.0051327895
3.651473e-07,-0.0051356618
3.652473e-07,-0.0051449966
3.653473e-07,-0.0051572036
3.654473e-07,-0.0051679745
3.655473e-07,-0.0051701287
3.656473e-07,-0.00516223
3.657473e-07,-0.0051471507
3.658473e-07,-0.0051320715
3.659473e-07,-0.0051241728
3.660473e-07,-0.0051291992
3.661473e-07,-0.0051457146
3.662473e-07,-0.0051694106
3.663473e-07,-0.0051931066
3.664473e-07,-0.0052103401
3.665473e-07,-0.0052196749
3.666473e-07,-0.0052239832
3.667473e-07,-0.0052275735
3.668473e-07,-0.0052340361
3.669473e-07,-0.0052440889
3.670473e-07,-0.0052548598
3.671473e-07,-0.0052620404
3.672473e-07,-0.0052634766
3.673473e-07,-0.0052591682
3.674473e-07,-0.0052534237
3.675473e-07,-0.0052505515
3.676473e-07,-0.0052541418
3.677473e-07,-0.0052641946
3.678473e-07,-0.0052764017
3.679473e-07,-0.0052850184
3.680473e-07,-0.0052864545
3.681473e-07,-0.00528071
3.682473e-07,-0.0052706572
3.683473e-07,-0.0052620404
3.684473e-07,-0.0052598863
3.685473e-07,-0.0052663488
3.686473e-07,-0.005279992
3.687473e-07,-0.0052965074
3.688473e-07,-0.0053108686
3.689473e-07,-0.0053194853
3.690473e-07,-0.0053216395
3.691473e-07,-0.0053194853
3.692473e-07,-0.005315895
3.693473e-07,-0.0053137408
3.694473e-07,-0.0053144589
3.695473e-07,-0.0053194853
3.696473e-07,-0.005328102
3.697473e-07,-0.005339591
3.698473e-07,-0.0053525161
3.699473e-07,-0.0053654412
3.700473e-07,-0.005374776
3.701473e-07,-0.0053776482
3.702473e-07,-0.0053740579
3.703473e-07,-0.0053654412
3.704473e-07,-0.0053553883
3.705473e-07,-0.0053496438
3.706473e-07,-0.0053525161
3.707473e-07,-0.0053654412
3.708473e-07,-0.0053855469
3.709473e-07,-0.0054056526
3.710473e-07,-0.0054200138
3.711473e-07,-0.005422886
3.712473e-07,-0.0054149874
3.713473e-07,-0.0054006261
3.714473e-07,-0.0053862649
3.715473e-07,-0.0053769301
3.716473e-07,-0.005374776
3.717473e-07,-0.0053776482
3.718473e-07,-0.0053798024
3.719473e-07,-0.0053769301
3.720473e-07,-0.0053675954
3.721473e-07,-0.0053539522
3.722473e-07,-0.0053403091
3.723473e-07,-0.0053309743
3.724473e-07,-0.0053266659
3.725473e-07,-0.0053266659
3.726473e-07,-0.0053252298
3.727473e-07,-0.0053194853
3.728473e-07,-0.0053094324
3.729473e-07,-0.0052972254
3.730473e-07,-0.0052878906
3.731473e-07,-0.0052850184
3.732473e-07,-0.0052886087
3.733473e-07,-0.0052950712
3.734473e-07,-0.0052993796
3.735473e-07,-0.0052965074
3.736473e-07,-0.0052857364
3.737473e-07,-0.005269221
3.738473e-07,-0.0052519876
3.739473e-07,-0.0052390625
3.740473e-07,-0.0052311638
3.741473e-07,-0.0052275735
3.742473e-07,-0.0052232652
3.743473e-07,-0.0052160846
3.744473e-07,-0.0052053136
3.745473e-07,-0.0051952608
3.746473e-07,-0.0051902344
3.747473e-07,-0.0051931066
3.748473e-07,-0.0052031595
3.749473e-07,-0.0052168026
3.750473e-07,-0.0052261374
3.751473e-07,-0.0052275735
3.752473e-07,-0.0052196749
3.753473e-07,-0.0052053136
3.754473e-07,-0.0051909524
3.755473e-07,-0.0051816176
3.756473e-07,-0.0051787454
3.757473e-07,-0.0051801815
3.758473e-07,-0.0051816176
3.759473e-07,-0.0051816176
3.760473e-07,-0.0051808996
3.761473e-07,-0.0051837718
3.762473e-07,-0.0051945427
3.763473e-07,-0.0052160846
3.764473e-07,-0.005244807
3.765473e-07,-0.0052720933
3.766473e-07,-0.0052914809
3.767473e-07,-0.0052965074
3.768473e-07,-0.0052900448
3.769473e-07,-0.005279992
3.770473e-07,-0.0052764017
3.771473e-07,-0.0052850184
3.772473e-07,-0.0053058421
3.773473e-07,-0.0053302562
3.774473e-07,-0.0053489258
3.775473e-07,-0.0053539522
3.776473e-07,-0.0053438994
3.777473e-07,-0.005327384
3.778473e-07,-0.005315895
3.779473e-07,-0.0053194853
3.780473e-07,-0.0053403091
3.781473e-07,-0.0053719037
3.782473e-07,-0.0054034984
3.783473e-07,-0.005422886
3.784473e-07,-0.0054243222
3.785473e-07,-0.0054113971
3.786473e-07,-0.0053920094
3.787473e-07,-0.0053769301
3.788473e-07,-0.0053711857
3.789473e-07,-0.0053740579
3.790473e-07,-0.0053783663
3.791473e-07,-0.0053769301
3.792473e-07,-0.0053668773
3.793473e-07,-0.00535108
3.794473e-07,-0.0053367188
3.795473e-07,-0.0053309743
3.796473e-07,-0.0053352826
3.797473e-07,-0.0053446174
3.798473e-07,-0.0053496438
3.799473e-07,-0.0053424632
3.800473e-07,-0.0053202034
3.801473e-07,-0.0052886087
3.802473e-07,-0.0052577321
3.803473e-07,-0.0052390625
3.804473e-07,-0.0052376264
3.805473e-07,-0.0052498334
3.806473e-07,-0.0052656307
3.807473e-07,-0.0052735294
3.808473e-07,-0.0052656307
3.809473e-07,-0.0052440889
3.810473e-07,-0.0052160846
3.811473e-07,-0.0051931066
3.812473e-07,-0.0051830538
3.813473e-07,-0.0051880802
3.814473e-07,-0.0052017233
3.815473e-07,-0.0052160846
3.816473e-07,-0.0052225471
3.817473e-07,-0.0052189568
3.818473e-07,-0.0052074678
3.819473e-07,-0.0051931066
3.820473e-07,-0.0051801815
3.821473e-07,-0.0051701287
3.822473e-07,-0.0051600758
3.823473e-07,-0.0051471507
3.824473e-07,-0.0051306353
3.825473e-07,-0.0051134019
3.826473e-07,-0.0051019129
3.827473e-07,-0.0051011949
3.828473e-07,-0.0051134019
3.829473e-07,-0.0051335076
3.830473e-07,-0.0051550494
3.831473e-07,-0.0051701287
3.832473e-07,-0.0051751551
3.833473e-07,-0.0051722829
3.834473e-07,-0.0051679745
3.835473e-07,-0.0051701287
3.836473e-07,-0.0051808996
3.837473e-07,-0.005197415
3.838473e-07,-0.0052117762
3.839473e-07,-0.0052160846
3.840473e-07,-0.0052053136
3.841473e-07,-0.0051823357
3.842473e-07,-0.0051557675
3.843473e-07,-0.0051356618
3.844473e-07,-0.0051291992
3.845473e-07,-0.0051370979
3.846473e-07,-0.0051543313
3.847473e-07,-0.0051701287
3.848473e-07,-0.0051780273
3.849473e-07,-0.005174437
3.850473e-07,-0.0051615119
3.851473e-07,-0.0051471507
3.852473e-07,-0.0051363798
3.853473e-07,-0.0051342256
3.854473e-07,-0.005138534
3.855473e-07,-0.0051471507
3.856473e-07,-0.0051564855
3.857473e-07,-0.0051643842
3.858473e-07,-0.0051722829
3.859473e-07,-0.0051816176
3.860473e-07,-0.0051938247
3.861473e-07,-0.0052067498
3.862473e-07,-0.0052189568
3.863473e-07,-0.0052275735
3.864473e-07,-0.0052311638
3.865473e-07,-0.0052318819
3.866473e-07,-0.005233318
3.867473e-07,-0.0052390625
3.868473e-07,-0.0052505515
3.869473e-07,-0.0052649127
3.870473e-07,-0.0052778378
3.871473e-07,-0.0052850184
3.872473e-07,-0.0052857364
3.873473e-07,-0.0052821461
3.874473e-07,-0.005279992
3.875473e-07,-0.0052850184
3.876473e-07,-0.0052986615
3.877473e-07,-0.0053187672
3.878473e-07,-0.005339591
3.879473e-07,-0.0053539522
3.880473e-07,-0.0053575425
3.881473e-07,-0.0053503619
3.882473e-07,-0.0053360007
3.883473e-07,-0.0053194853
3.884473e-07,-0.0053065602
3.885473e-07,-0.0052986615
3.886473e-07,-0.0052965074
3.887473e-07,-0.0052965074
3.888473e-07,-0.0052979435
3.889473e-07,-0.0052993796
3.890473e-07,-0.0053029699
3.891473e-07,-0.0053079963
3.892473e-07,-0.0053144589
3.893473e-07,-0.0053202034
3.894473e-07,-0.0053223575
3.895473e-07,-0.0053194853
3.896473e-07,-0.0053130227
3.897473e-07,-0.0053065602
3.898473e-07,-0.005303688
3.899473e-07,-0.0053079963
3.900473e-07,-0.0053187672
3.901473e-07,-0.0053309743
3.902473e-07,-0.0053403091
3.903473e-07,-0.0053424632
3.904473e-07,-0.0053374368
3.905473e-07,-0.005328102
3.906473e-07,-0.0053209214
3.907473e-07,-0.0053194853
3.908473e-07,-0.0053259478
3.909473e-07,-0.0053367188
3.910473e-07,-0.0053474897
3.911473e-07,-0.0053539522
3.912473e-07,-0.0053561064
3.913473e-07,-0.0053553883
3.914473e-07,-0.0053575425
3.915473e-07,-0.0053654412
3.916473e-07,-0.0053776482
3.917473e-07,-0.0053912914
3.918473e-07,-0.0053999081
3.919473e-07,-0.0053999081
3.920473e-07,-0.0053912914
3.921473e-07,-0.0053783663
3.922473e-07,-0.0053683134
3.923473e-07,-0.0053654412
3.924473e-07,-0.0053711857
3.925473e-07,-0.0053812385
3.926473e-07,-0.0053884191
3.927473e-07,-0.0053884191
3.928473e-07,-0.0053790843
3.929473e-07,-0.0053647231
3.930473e-07,-0.0053503619
3.931473e-07,-0.0053424632
3.932473e-07,-0.0053410271
3.933473e-07,-0.0053424632
3.934473e-07,-0.0053410271
3.935473e-07,-0.0053309743
3.936473e-07,-0.0053130227
3.937473e-07,-0.0052914809
3.938473e-07,-0.0052764017
3.939473e-07,-0.0052735294
3.940473e-07,-0.0052850184
3.941473e-07,-0.0053065602
3.942473e-07,-0.0053288201
3.943473e-07,-0.0053424632
3.944473e-07,-0.0053438994
3.945473e-07,-0.0053345646
3.946473e-07,-0.0053202034
3.947473e-07,-0.0053079963
3.948473e-07,-0.0053022518
3.949473e-07,-0.0053015338
3.950473e-07,-0.0053008157
3.951473e-07,-0.0052965074
3.952473e-07,-0.0052857364
3.953473e-07,-0.0052706572
3.954473e-07,-0.005257014
3.955473e-07,-0.0052505515
3.956473e-07,-0.0052519876
3.957473e-07,-0.0052598863
3.958473e-07,-0.005268503
3.959473e-07,-0.0052735294
3.960473e-07,-0.0052735294
3.961473e-07,-0.0052728114
3.962473e-07,-0.0052749655
3.963473e-07,-0.0052850184
3.964473e-07,-0.0053008157
3.965473e-07,-0.0053166131
3.966473e-07,-0.0053245117
3.967473e-07,-0.0053194853
3.968473e-07,-0.0053022518
3.969473e-07,-0.00528071
3.970473e-07,-0.0052641946
3.971473e-07,-0.0052620404
3.972473e-07,-0.0052756836
3.973473e-07,-0.0053008157
3.974473e-07,-0.0053259478
3.975473e-07,-0.0053424632
3.976473e-07,-0.0053467716
3.977473e-07,-0.0053424632
3.978473e-07,-0.0053381549
3.979473e-07,-0.0053424632
3.980473e-07,-0.0053589786
3.981473e-07,-0.0053833927
3.982473e-07,-0.0054078068
3.983473e-07,-0.005422886
3.984473e-07,-0.0054236041
3.985473e-07,-0.0054128332
3.986473e-07,-0.0053977539
3.987473e-07,-0.0053884191
3.988473e-07,-0.0053898552
3.989473e-07,-0.0054027803
3.990473e-07,-0.0054200138
3.991473e-07,-0.005434375
3.992473e-07,-0.0054415556
3.993473e-07,-0.0054415556
3.994473e-07,-0.0054372472
3.995473e-07,-0.005434375
3.996473e-07,-0.005434375
3.997473e-07,-0.0054350931
3.998473e-07,-0.0054322208
3.999473e-07,-0.005422886
4.000473e-07,-0.0054078068
4.001473e-07,-0.0053927275
4.002473e-07,-0.0053841108
4.003473e-07,-0.0053884191
4.004473e-07,-0.0054042165
4.005473e-07,-0.0054250402
4.006473e-07,-0.0054415556
4.007473e-07,-0.005445864
4.008473e-07,-0.0054372472
4.009473e-07,-0.005422168
4.010473e-07,-0.005410679
4.011473e-07,-0.0054113971
4.012473e-07,-0.0054264763
4.013473e-07,-0.0054508904
4.014473e-07,-0.0054724322
4.015473e-07,-0.0054803309
4.016473e-07,-0.00546956
4.017473e-07,-0.0054437098
4.018473e-07,-0.0054128332
4.019473e-07,-0.0053884191
4.020473e-07,-0.0053769301
4.021473e-07,-0.0053783663
4.022473e-07,-0.0053848288
4.023473e-07,-0.0053884191
4.024473e-07,-0.0053826746
4.025473e-07,-0.0053675954
4.026473e-07,-0.0053482077
4.027473e-07,-0.0053309743
4.028473e-07,-0.0053209214
4.029473e-07,-0.0053166131
4.030473e-07,-0.0053137408
4.031473e-07,-0.0053079963
4.032473e-07,-0.0052972254
4.033473e-07,-0.0052843003
4.034473e-07,-0.0052749655
4.035473e-07,-0.0052735294
4.036473e-07,-0.00528071
4.037473e-07,-0.0052914809
4.038473e-07,-0.0052986615
4.039473e-07,-0.0052965074
4.040473e-07,-0.0052835823
4.041473e-07,-0.0052663488
4.042473e-07,-0.0052527057
4.043473e-07,-0.0052505515
4.044473e-07,-0.0052620404
4.045473e-07,-0.0052828642
4.046473e-07,-0.0053051241
4.047473e-07,-0.0053194853
4.048473e-07,-0.0053252298
4.049473e-07,-0.0053252298
4.050473e-07,-0.0053288201
4.051473e-07,-0.0053424632
4.052473e-07,-0.0053683134
4.053473e-07,-0.0053999081
4.054473e-07,-0.0054286305
4.055473e-07,-0.005445864
4.056473e-07,-0.0054480182
4.057473e-07,-0.0054394014
4.058473e-07,-0.0054279125
4.059473e-07,-0.005422886
4.060473e-07,-0.0054271944
4.061473e-07,-0.0054365292
4.062473e-07,-0.0054451459
4.063473e-07,-0.005445864
4.064473e-07,-0.0054372472
4.065473e-07,-0.0054250402
4.066473e-07,-0.0054178596
4.067473e-07,-0.005422886
4.068473e-07,-0.0054415556
4.069473e-07,-0.0054674058
4.070473e-07,-0.0054911018
4.071473e-07,-0.0055033088
4.072473e-07,-0.0055025908
4.073473e-07,-0.005493974
4.074473e-07,-0.0054875115
4.075473e-07,-0.0054918199
4.076473e-07,-0.0055083352
4.077473e-07,-0.0055305951
4.078473e-07,-0.0055471105
4.079473e-07,-0.0055492647
4.080473e-07,-0.0055341854
4.081473e-07,-0.0055097714
4.082473e-07,-0.0054882295
4.083473e-07,-0.0054803309
4.084473e-07,-0.0054903837
4.085473e-07,-0.0055126436
4.086473e-07,-0.0055327493
4.087473e-07,-0.0055377757
4.088473e-07,-0.0055205423
4.089473e-07,-0.0054853573
4.090473e-07,-0.0054444278
4.091473e-07,-0.0054113971
4.092473e-07,-0.0053963178
4.093473e-07,-0.00539919
4.094473e-07,-0.0054113971
4.095473e-07,-0.005422886
4.096473e-07,-0.0054236041
4.097473e-07,-0.0054128332
4.098473e-07,-0.0053941636
4.099473e-07,-0.0053769301
4.100473e-07,-0.0053661592
4.101473e-07,-0.0053625689
4.102473e-07,-0.0053604148
4.103473e-07,-0.0053539522
4.104473e-07,-0.0053388729
4.105473e-07,-0.0053166131
4.106473e-07,-0.005292917
4.107473e-07,-0.0052735294
4.108473e-07,-0.0052620404
4.109473e-07,-0.0052555779
4.110473e-07,-0.0052498334
4.111473e-07,-0.0052390625
4.112473e-07,-0.0052225471
4.113473e-07,-0.0052053136
4.114473e-07,-0.0051931066
4.115473e-07,-0.0051931066
4.116473e-07,-0.0052045956
4.117473e-07,-0.0052203929
4.118473e-07,-0.0052311638
4.119473e-07,-0.0052275735
4.120473e-07,-0.0052074678
4.121473e-07,-0.0051758732
4.122473e-07,-0.0051449966
4.123473e-07,-0.0051241728
4.124473e-07,-0.0051177102
4.125473e-07,-0.0051220186
4.126473e-07,-0.005127045
4.127473e-07,-0.0051241728
4.128473e-07,-0.0051098116
4.129473e-07,-0.0050882698
4.130473e-07,-0.0050703182
4.131473e-07,-0.0050667279
4.132473e-07,-0.0050810892
4.133473e-07,-0.0051090935
4.134473e-07,-0.0051392521
4.135473e-07,-0.0051586397
4.136473e-07,-0.0051607939
4.137473e-07,-0.0051464327
4.138473e-07,-0.005126327
4.139473e-07,-0.0051126838
4.140473e-07,-0.0051141199
4.141473e-07,-0.0051320715
4.142473e-07,-0.0051579216
4.143473e-07,-0.0051816176
4.144473e-07,-0.0051945427
4.145473e-07,-0.0051938247
4.146473e-07,-0.0051866441
4.147473e-07,-0.0051816176
4.148473e-07,-0.0051866441
4.149473e-07,-0.0052053136
4.150473e-07,-0.0052326
4.151473e-07,-0.0052620404
4.152473e-07,-0.0052850184
4.153473e-07,-0.0052993796
4.154473e-07,-0.0053051241
4.155473e-07,-0.0053079963
4.156473e-07,-0.0053123047
4.157473e-07,-0.0053209214
4.158473e-07,-0.0053316923
4.159473e-07,-0.0053424632
4.160473e-07,-0.0053503619
4.161473e-07,-0.0053553883
4.162473e-07,-0.0053589786
4.163473e-07,-0.0053654412
4.164473e-07,-0.005374776
4.165473e-07,-0.0053855469
4.166473e-07,-0.0053948817
4.167473e-07,-0.0053999081
4.168473e-07,-0.0053999081
4.169473e-07,-0.0053970358
4.170473e-07,-0.0053963178
4.171473e-07,-0.0053999081
4.172473e-07,-0.0054070887
4.173473e-07,-0.0054149874
4.174473e-07,-0.0054171415
4.175473e-07,-0.0054113971
4.176473e-07,-0.00539919
4.177473e-07,-0.0053862649
4.178473e-07,-0.0053812385
4.179473e-07,-0.0053884191
4.180473e-07,-0.0054085248
4.181473e-07,-0.005434375
4.182473e-07,-0.0054573529
4.183473e-07,-0.0054688419
4.184473e-07,-0.0054652516
4.185473e-07,-0.0054494543
4.186473e-07,-0.0054293486
4.187473e-07,-0.0054113971
4.188473e-07,-0.0053999081
4.189473e-07,-0.0053934455
4.190473e-07,-0.005386983
4.191473e-07,-0.0053769301
4.192473e-07,-0.0053625689
4.193473e-07,-0.0053467716
4.194473e-07,-0.0053345646
4.195473e-07,-0.0053309743
4.196473e-07,-0.0053338465
4.197473e-07,-0.0053381549
4.198473e-07,-0.0053352826
4.199473e-07,-0.0053194853
4.200473e-07,-0.005292199
4.201473e-07,-0.0052591682
4.202473e-07,-0.0052311638
4.203473e-07,-0.0052160846
4.204473e-07,-0.0052168026
4.205473e-07,-0.0052282916
4.206473e-07,-0.0052426528
4.207473e-07,-0.0052505515
4.208473e-07,-0.0052498334
4.209473e-07,-0.0052433709
4.210473e-07,-0.0052376264
4.211473e-07,-0.0052390625
4.212473e-07,-0.0052491153
4.213473e-07,-0.0052634766
4.214473e-07,-0.0052735294
4.215473e-07,-0.0052735294
4.216473e-07,-0.0052627585
4.217473e-07,-0.0052476792
4.218473e-07,-0.0052376264
4.219473e-07,-0.0052390625
4.220473e-07,-0.0052548598
4.221473e-07,-0.005279992
4.222473e-07,-0.005303688
4.223473e-07,-0.0053194853
4.224473e-07,-0.0053237937
4.225473e-07,-0.0053216395
4.226473e-07,-0.0053216395
4.227473e-07,-0.0053309743
4.228473e-07,-0.005351798
4.229473e-07,-0.0053776482
4.230473e-07,-0.0054006261
4.231473e-07,-0.0054113971
4.232473e-07,-0.0054078068
4.233473e-07,-0.0053948817
4.234473e-07,-0.0053819566
4.235473e-07,-0.0053769301
4.236473e-07,-0.0053826746
4.237473e-07,-0.0053934455
4.238473e-07,-0.0054020623
4.239473e-07,-0.0053999081
4.240473e-07,-0.0053862649
4.241473e-07,-0.0053675954
4.242473e-07,-0.0053539522
4.243473e-07,-0.0053539522
4.244473e-07,-0.0053683134
4.245473e-07,-0.0053905733
4.246473e-07,-0.0054085248
4.247473e-07,-0.0054113971
4.248473e-07,-0.0053955997
4.249473e-07,-0.0053675954
4.250473e-07,-0.0053381549
4.251473e-07,-0.0053194853
4.252473e-07,-0.005315895
4.253473e-07,-0.0053230756
4.254473e-07,-0.0053316923
4.255473e-07,-0.0053309743
4.256473e-07,-0.0053180492
4.257473e-07,-0.0052972254
4.258473e-07,-0.0052792739
4.259473e-07,-0.0052735294
4.260473e-07,-0.0052835823
4.261473e-07,-0.005303688
4.262473e-07,-0.0053230756
4.263473e-07,-0.0053309743
4.264473e-07,-0.0053230756
4.265473e-07,-0.0053029699
4.266473e-07,-0.0052828642
4.267473e-07,-0.0052735294
4.268473e-07,-0.0052792739
4.269473e-07,-0.0052965074
4.270473e-07,-0.0053137408
4.271473e-07,-0.0053194853
4.272473e-07,-0.0053079963
4.273473e-07,-0.0052828642
4.274473e-07,-0.0052555779
4.275473e-07,-0.0052390625
4.276473e-07,-0.0052412167
4.277473e-07,-0.0052598863
4.278473e-07,-0.0052864545
4.279473e-07,-0.0053079963
4.280473e-07,-0.0053166131
4.281473e-07,-0.0053115866
4.282473e-07,-0.0052979435
4.283473e-07,-0.0052850184
4.284473e-07,-0.0052771197
4.285473e-07,-0.0052742475
4.286473e-07,-0.0052713752
4.287473e-07,-0.0052620404
4.288473e-07,-0.005244807
4.289473e-07,-0.0052239832
4.290473e-07,-0.0052074678
4.291473e-07,-0.0052045956
4.292473e-07,-0.0052168026
4.293473e-07,-0.0052397806
4.294473e-07,-0.0052627585
4.295473e-07,-0.0052735294
4.296473e-07,-0.0052677849
4.297473e-07,-0.0052476792
4.298473e-07,-0.0052232652
4.299473e-07,-0.0052045956
4.300473e-07,-0.0051988511
4.301473e-07,-0.0052045956
4.302473e-07,-0.0052175207
4.303473e-07,-0.0052275735
4.304473e-07,-0.0052311638
4.305473e-07,-0.0052290097
4.306473e-07,-0.0052254193
4.307473e-07,-0.0052275735
4.308473e-07,-0.0052369083
4.309473e-07,-0.0052498334
4.310473e-07,-0.0052606043
4.311473e-07,-0.0052620404
4.312473e-07,-0.0052527057
4.313473e-07,-0.0052369083
4.314473e-07,-0.005221829
4.315473e-07,-0.0052160846
4.316473e-07,-0.005221111
4.317473e-07,-0.005233318
4.318473e-07,-0.005244807
4.319473e-07,-0.0052505515
4.320473e-07,-0.0052483973
4.321473e-07,-0.0052426528
4.322473e-07,-0.0052419347
4.323473e-07,-0.0052505515
4.324473e-07,-0.0052677849
4.325473e-07,-0.0052850184
4.326473e-07,-0.0052936351
4.327473e-07,-0.0052850184
4.328473e-07,-0.0052613224
4.329473e-07,-0.0052311638
4.330473e-07,-0.0052081859
4.331473e-07,-0.0052045956
4.332473e-07,-0.005221829
4.333473e-07,-0.0052512695
4.334473e-07,-0.00528071
4.335473e-07,-0.0052965074
4.336473e-07,-0.0052936351
4.337473e-07,-0.0052778378
4.338473e-07,-0.0052591682
4.339473e-07,-0.0052505515
4.340473e-07,-0.005256296
4.341473e-07,-0.0052728114
4.342473e-07,-0.0052900448
4.343473e-07,-0.0052965074
4.344473e-07,-0.0052886087
4.345473e-07,-0.0052713752
4.346473e-07,-0.0052555779
4.347473e-07,-0.0052505515
4.348473e-07,-0.0052620404
4.349473e-07,-0.0052843003
4.350473e-07,-0.0053072783
4.351473e-07,-0.0053194853
4.352473e-07,-0.0053144589
4.353473e-07,-0.0052965074
4.354473e-07,-0.0052756836
4.355473e-07,-0.0052620404
4.356473e-07,-0.0052606043
4.357473e-07,-0.005269221
4.358473e-07,-0.0052764017
4.359473e-07,-0.0052735294
4.360473e-07,-0.0052555779
4.361473e-07,-0.0052268555
4.362473e-07,-0.005198133
4.363473e-07,-0.0051816176
4.364473e-07,-0.0051823357
4.365473e-07,-0.005197415
4.366473e-07,-0.0052160846
4.367473e-07,-0.0052275735
4.368473e-07,-0.0052247013
4.369473e-07,-0.0052103401
4.370473e-07,-0.0051923886
4.371473e-07,-0.0051816176
4.372473e-07,-0.0051844899
4.373473e-07,-0.0051995692
4.374473e-07,-0.0052175207
4.375473e-07,-0.0052275735
4.376473e-07,-0.0052239832
4.377473e-07,-0.0052074678
4.378473e-07,-0.005185926
4.379473e-07,-0.0051701287
4.380473e-07,-0.0051658203
4.381473e-07,-0.005173719
4.382473e-07,-0.005185208
4.383473e-07,-0.0051931066
4.384473e-07,-0.0051916705
4.385473e-07,-0.0051816176
4.386473e-07,-0.0051715648
4.387473e-07,-0.0051701287
4.388473e-07,-0.0051816176
4.389473e-07,-0.0052045956
4.390473e-07,-0.0052311638
4.391473e-07,-0.0052505515
4.392473e-07,-0.005257014
4.393473e-07,-0.0052505515
4.394473e-07,-0.0052376264
4.395473e-07,-0.0052275735
4.396473e-07,-0.0052275735
4.397473e-07,-0.0052390625
4.398473e-07,-0.005256296
4.399473e-07,-0.0052735294
4.400473e-07,-0.0052850184
4.401473e-07,-0.0052900448
4.402473e-07,-0.005292199
4.403473e-07,-0.0052965074
4.404473e-07,-0.005304406
4.405473e-07,-0.0053151769
4.406473e-07,-0.0053216395
4.407473e-07,-0.0053194853
4.408473e-07,-0.0053072783
4.409473e-07,-0.0052878906
4.410473e-07,-0.0052699391
4.411473e-07,-0.0052620404
4.412473e-07,-0.0052670669
4.413473e-07,-0.0052814281
4.414473e-07,-0.0052979435
4.415473e-07,-0.0053079963
4.416473e-07,-0.0053051241
4.417473e-07,-0.0052914809
4.418473e-07,-0.0052742475
4.419473e-07,-0.0052620404
4.420473e-07,-0.0052613224
4.421473e-07,-0.0052728114
4.422473e-07,-0.0052907629
4.423473e-07,-0.0053079963
4.424473e-07,-0.0053166131
4.425473e-07,-0.0053151769
4.426473e-07,-0.0053065602
4.427473e-07,-0.0052965074
4.428473e-07,-0.0052900448
4.429473e-07,-0.0052907629
4.430473e-07,-0.0052979435
4.431473e-07,-0.0053079963
4.432473e-07,-0.0053187672
4.433473e-07,-0.005328102
4.434473e-07,-0.0053360007
4.435473e-07,-0.0053424632
4.436473e-07,-0.0053453355
4.437473e-07,-0.0053431813
4.438473e-07,-0.0053345646
4.439473e-07,-0.0053194853
4.440473e-07,-0.0053029699
4.441473e-07,-0.005292199
4.442473e-07,-0.005292917
4.443473e-07,-0.0053079963
4.444473e-07,-0.0053331284
4.445473e-07,-0.0053589786
4.446473e-07,-0.005375494
4.447473e-07,-0.0053769301
4.448473e-07,-0.0053640051
4.449473e-07,-0.0053446174
4.450473e-07,-0.0053309743
4.451473e-07,-0.0053309743
4.452473e-07,-0.0053474897
4.453473e-07,-0.0053740579
4.454473e-07,-0.00539919
4.455473e-07,-0.0054113971
4.456473e-07,-0.0054049345
4.457473e-07,-0.0053833927
4.458473e-07,-0.0053546703
4.459473e-07,-0.0053309743
4.460473e-07,-0.0053187672
4.461473e-07,-0.0053202034
4.462473e-07,-0.0053302562
4.463473e-07,-0.0053424632
4.464473e-07,-0.00535108
4.465473e-07,-0.0053539522
4.466473e-07,-0.0053539522
4.467473e-07,-0.0053539522
4.468473e-07,-0.0053546703
4.469473e-07,-0.0053539522
4.470473e-07,-0.0053467716
4.471473e-07,-0.0053309743
4.472473e-07,-0.0053072783
4.473473e-07,-0.00528071
4.474473e-07,-0.0052598863
4.475473e-07,-0.0052505515
4.476473e-07,-0.0052527057
4.477473e-07,-0.0052613224
4.478473e-07,-0.0052670669
4.479473e-07,-0.0052620404
4.480473e-07,-0.0052440889
4.481473e-07,-0.0052182387
4.482473e-07,-0.0051938247
4.483473e-07,-0.0051816176
4.484473e-07,-0.005185926
4.485473e-07,-0.0052045956
4.486473e-07,-0.0052297277
4.487473e-07,-0.0052505515
4.488473e-07,-0.0052591682
4.489473e-07,-0.0052548598
4.490473e-07,-0.0052419347
4.491473e-07,-0.0052275735
4.492473e-07,-0.0052175207
4.493473e-07,-0.0052139304
4.494473e-07,-0.0052146484
4.495473e-07,-0.0052160846
4.496473e-07,-0.0052160846
4.497473e-07,-0.0052139304
4.498473e-07,-0.0052132123
4.499473e-07,-0.0052160846
4.500473e-07,-0.0052225471
4.501473e-07,-0.0052290097
4.502473e-07,-0.0052318819
4.503473e-07,-0.0052275735
4.504473e-07,-0.0052168026
4.505473e-07,-0.0052053136
4.506473e-07,-0.0051995692
4.507473e-07,-0.0052045956
4.508473e-07,-0.0052196749
4.509473e-07,-0.0052383444
4.510473e-07,-0.0052512695
4.511473e-07,-0.0052505515
4.512473e-07,-0.0052347541
4.513473e-07,-0.005208904
4.514473e-07,-0.0051837718
4.515473e-07,-0.0051701287
4.516473e-07,-0.0051722829
4.517473e-07,-0.0051887983
4.518473e-07,-0.0052110581
4.519473e-07,-0.0052275735
4.520473e-07,-0.0052311638
4.521473e-07,-0.0052203929
4.522473e-07,-0.0052017233
4.523473e-07,-0.0051816176
4.524473e-07,-0.0051679745
4.525473e-07,-0.0051636661
4.526473e-07,-0.0051665384
4.527473e-07,-0.0051701287
4.528473e-07,-0.0051715648
4.529473e-07,-0.0051701287
4.530473e-07,-0.0051686926
4.531473e-07,-0.0051701287
4.532473e-07,-0.0051773093
4.533473e-07,-0.0051880802
4.534473e-07,-0.0051988511
4.535473e-07,-0.0052045956
4.536473e-07,-0.0052038775
4.537473e-07,-0.0052002872
4.538473e-07,-0.005198133
4.539473e-07,-0.0052045956
4.540473e-07,-0.0052225471
4.541473e-07,-0.0052505515
4.542473e-07,-0.0052821461
4.543473e-07,-0.0053079963
4.544473e-07,-0.0053237937
4.545473e-07,-0.005327384
4.546473e-07,-0.0053237937
4.547473e-07,-0.0053194853
4.548473e-07,-0.0053209214
4.549473e-07,-0.0053302562
4.550473e-07,-0.0053467716
4.551473e-07,-0.0053654412
4.552473e-07,-0.0053826746
4.553473e-07,-0.0053955997
4.554473e-07,-0.0054042165
4.555473e-07,-0.0054113971
4.556473e-07,-0.0054171415
4.557473e-07,-0.005422886
4.558473e-07,-0.0054250402
4.559473e-07,-0.005422886
4.560473e-07,-0.0054157054
4.561473e-07,-0.0054056526
4.562473e-07,-0.0053948817
4.563473e-07,-0.0053884191
4.564473e-07,-0.0053862649
4.565473e-07,-0.0053877011
4.566473e-07,-0.0053898552
4.567473e-07,-0.0053884191
4.568473e-07,-0.0053826746
4.569473e-07,-0.0053726218
4.570473e-07,-0.0053618509
4.571473e-07,-0.0053539522
4.572473e-07,-0.0053496438
4.573473e-07,-0.0053482077
4.574473e-07,-0.0053467716
4.575473e-07,-0.0053424632
4.576473e-07,-0.0053352826
4.577473e-07,-0.0053252298
4.578473e-07,-0.005315895
4.579473e-07,-0.0053079963
4.580473e-07,-0.0053022518
4.581473e-07,-0.0052965074
4.582473e-07,-0.0052871726
4.583473e-07,-0.0052735294
4.584473e-07,-0.005256296
4.585473e-07,-0.0052404986
4.586473e-07,-0.0052297277
4.587473e-07,-0.0052275735
4.588473e-07,-0.005233318
4.589473e-07,-0.0052426528
4.590473e-07,-0.0052498334
4.591473e-07,-0.0052505515
4.592473e-07,-0.005244807
4.593473e-07,-0.0052354722
4.594473e-07,-0.0052282916
4.595473e-07,-0.0052275735
4.596473e-07,-0.005233318
4.597473e-07,-0.0052426528
4.598473e-07,-0.0052498334
4.599473e-07,-0.0052505515
4.600473e-07,-0.0052440889
4.601473e-07,-0.005233318
4.602473e-07,-0.0052225471
4.603473e-07,-0.0052160846
4.604473e-07,-0.0052139304
4.605473e-07,-0.0052139304
4.606473e-07,-0.0052117762
4.607473e-07,-0.0052045956
4.608473e-07,-0.0051938247
4.609473e-07,-0.005185208
4.610473e-07,-0.0051837718
4.611473e-07,-0.0051931066
4.612473e-07,-0.0052117762
4.613473e-07,-0.0052311638
4.614473e-07,-0.0052426528
4.615473e-07,-0.0052390625
4.616473e-07,-0.0052203929
4.617473e-07,-0.0051931066
4.618473e-07,-0.0051686926
4.619473e-07,-0.0051586397
4.620473e-07,-0.0051672564
4.621473e-07,-0.0051916705
4.622473e-07,-0.0052225471
4.623473e-07,-0.0052505515
4.624473e-07,-0.0052670669
4.625473e-07,-0.0052713752
4.626473e-07,-0.0052677849
4.627473e-07,-0.0052620404
4.628473e-07,-0.0052606043
4.629473e-07,-0.0052641946
4.630473e-07,-0.0052699391
