LECROYHDO6104B,11090,Waveform
Segments,1,SegmentSize,5002
Segment,TrigTime,TimeSinceSegment1
#1,04-May-2026 18:26:01,0                 
Time,Ampl
-3.704256e-08,-0.0027933479
-3.694256e-08,-0.002806273
-3.684256e-08,-0.0028148897
-3.674256e-08,-0.0028127355
-3.664256e-08,-0.0028034007
-3.654256e-08,-0.0027933479
-3.644256e-08,-0.0027919118
-3.634256e-08,-0.0028041188
-3.624256e-08,-0.0028256606
-3.614256e-08,-0.0028479205
-3.604256e-08,-0.0028608456
-3.594256e-08,-0.0028594095
-3.584256e-08,-0.0028472024
-3.574256e-08,-0.0028328412
-3.564256e-08,-0.0028263787
-3.554256e-08,-0.0028328412
-3.544256e-08,-0.0028507927
-3.534256e-08,-0.0028708984
-3.524256e-08,-0.0028838235
-3.514256e-08,-0.0028859777
-3.504256e-08,-0.0028795152
-3.494256e-08,-0.0028716165
-3.484256e-08,-0.0028723346
-3.474256e-08,-0.0028845416
-3.464256e-08,-0.0029053653
-3.454256e-08,-0.0029269072
-3.444256e-08,-0.0029412684
-3.434256e-08,-0.0029462948
-3.424256e-08,-0.0029462948
-3.414256e-08,-0.002949167
-3.404256e-08,-0.0029642463
-3.394256e-08,-0.0029922507
-3.384256e-08,-0.0030259995
-3.374256e-08,-0.003054722
-3.364256e-08,-0.0030676471
-3.354256e-08,-0.0030604665
-3.344256e-08,-0.0030403608
-3.334256e-08,-0.0030188189
-3.324256e-08,-0.0030102022
-3.314256e-08,-0.0030216912
-3.304256e-08,-0.0030504136
-3.294256e-08,-0.0030855986
-3.284256e-08,-0.0031136029
-3.274256e-08,-0.00312581
-3.264256e-08,-0.0031207835
-3.254256e-08,-0.0031057043
-3.244256e-08,-0.003090625
-3.234256e-08,-0.0030827263
-3.224256e-08,-0.0030834444
-3.214256e-08,-0.0030884708
-3.204256e-08,-0.003090625
-3.194256e-08,-0.0030863166
-3.184256e-08,-0.003078418
-3.174256e-08,-0.0030733915
-3.164256e-08,-0.003079136
-3.154256e-08,-0.0030985237
-3.144256e-08,-0.0031272461
-3.134256e-08,-0.0031552505
-3.124256e-08,-0.0031710478
-3.114256e-08,-0.0031688936
-3.104256e-08,-0.003149506
-3.094256e-08,-0.0031236558
-3.084256e-08,-0.003102114
-3.074256e-08,-0.0030956514
-3.064256e-08,-0.0031049862
-3.054256e-08,-0.00312581
-3.044256e-08,-0.0031480699
-3.034256e-08,-0.0031638672
-3.024256e-08,-0.0031696117
-3.014256e-08,-0.0031696117
-3.004256e-08,-0.0031710478
-2.994256e-08,-0.0031789465
-2.984256e-08,-0.0031961799
-2.974256e-08,-0.0032191579
-2.964256e-08,-0.0032399816
-2.954256e-08,-0.0032536248
-2.944256e-08,-0.0032579331
-2.934256e-08,-0.0032550609
-2.924256e-08,-0.0032514706
-2.914256e-08,-0.0032521886
-2.904256e-08,-0.0032586512
-2.894256e-08,-0.0032715763
-2.884256e-08,-0.0032859375
-2.874256e-08,-0.0032988626
-2.864256e-08,-0.0033103516
-2.854256e-08,-0.0033204044
-2.844256e-08,-0.0033318934
-2.834256e-08,-0.0033462546
-2.824256e-08,-0.00336277
-2.814256e-08,-0.0033778493
-2.804256e-08,-0.0033893382
-2.794256e-08,-0.0033950827
-2.784256e-08,-0.0033965188
-2.774256e-08,-0.0033972369
-2.764256e-08,-0.0034008272
-2.754256e-08,-0.0034087259
-2.744256e-08,-0.0034187787
-2.734256e-08,-0.0034288316
-2.724256e-08,-0.0034352941
-2.714256e-08,-0.0034374483
-2.704256e-08,-0.0034374483
-2.694256e-08,-0.0034396025
-2.684256e-08,-0.0034467831
-2.674256e-08,-0.0034582721
-2.664256e-08,-0.0034704791
-2.654256e-08,-0.0034798139
-2.644256e-08,-0.00348125
-2.634256e-08,-0.0034755055
-2.624256e-08,-0.0034661707
-2.614256e-08,-0.0034589901
-2.604256e-08,-0.0034582721
-2.594256e-08,-0.0034647346
-2.584256e-08,-0.0034740694
-2.574256e-08,-0.00348125
-2.564256e-08,-0.00348125
-2.554256e-08,-0.0034740694
-2.544256e-08,-0.0034632985
-2.534256e-08,-0.0034561179
-2.524256e-08,-0.0034582721
-2.514256e-08,-0.0034704791
-2.504256e-08,-0.0034891487
-2.494256e-08,-0.0035063821
-2.484256e-08,-0.0035157169
-2.474256e-08,-0.0035142808
-2.464256e-08,-0.0035056641
-2.454256e-08,-0.0034963293
-2.444256e-08,-0.003492739
-2.434256e-08,-0.0034977654
-2.424256e-08,-0.0035092544
-2.414256e-08,-0.0035214614
-2.404256e-08,-0.0035272059
-2.394256e-08,-0.0035243336
-2.384256e-08,-0.0035157169
-2.374256e-08,-0.0035071002
-2.364256e-08,-0.0035042279
-2.354256e-08,-0.0035106905
-2.344256e-08,-0.0035250517
-2.334256e-08,-0.003540131
-2.324256e-08,-0.0035501838
-2.314256e-08,-0.0035509019
-2.304256e-08,-0.0035437213
-2.294256e-08,-0.0035336684
-2.284256e-08,-0.0035272059
-2.274256e-08,-0.0035279239
-2.264256e-08,-0.0035351045
-2.254256e-08,-0.0035444393
-2.244256e-08,-0.0035501838
-2.234256e-08,-0.0035494658
-2.224256e-08,-0.0035430032
-2.214256e-08,-0.0035336684
-2.204256e-08,-0.0035272059
-2.194256e-08,-0.0035250517
-2.184256e-08,-0.0035272059
-2.174256e-08,-0.0035293601
-2.164256e-08,-0.0035272059
-2.154256e-08,-0.0035200253
-2.144256e-08,-0.0035085363
-2.134256e-08,-0.0034984835
-2.124256e-08,-0.003492739
-2.114256e-08,-0.0034941751
-2.104256e-08,-0.0035013557
-2.094256e-08,-0.0035092544
-2.084256e-08,-0.0035157169
-2.074256e-08,-0.0035178711
-2.064256e-08,-0.003517153
-2.054256e-08,-0.0035157169
-2.044256e-08,-0.0035157169
-2.034256e-08,-0.003517153
-2.024256e-08,-0.0035178711
-2.014256e-08,-0.0035135627
-2.004256e-08,-0.0035042279
-1.994256e-08,-0.0034913028
-1.984256e-08,-0.0034805319
-1.974256e-08,-0.0034769416
-1.964256e-08,-0.00348125
-1.954256e-08,-0.0034905848
-1.944256e-08,-0.0034963293
-1.934256e-08,-0.0034905848
-1.924256e-08,-0.003469761
-1.914256e-08,-0.0034374483
-1.904256e-08,-0.0034029814
-1.894256e-08,-0.0033807215
-1.884256e-08,-0.0033778493
-1.874256e-08,-0.0033958008
-1.864256e-08,-0.0034259593
-1.854256e-08,-0.0034546818
-1.844256e-08,-0.003469761
-1.834256e-08,-0.0034647346
-1.824256e-08,-0.0034424747
-1.814256e-08,-0.0034130342
-1.804256e-08,-0.0033893382
-1.794256e-08,-0.0033778493
-1.784256e-08,-0.0033785673
-1.774256e-08,-0.0033857479
-1.764256e-08,-0.0033893382
-1.754256e-08,-0.0033843118
-1.744256e-08,-0.0033713867
-1.734256e-08,-0.0033548713
-1.724256e-08,-0.0033433824
-1.714256e-08,-0.0033419462
-1.704256e-08,-0.003350563
-1.694256e-08,-0.0033642061
-1.684256e-08,-0.0033778493
-1.674256e-08,-0.0033857479
-1.664256e-08,-0.0033879021
-1.654256e-08,-0.0033879021
-1.644256e-08,-0.0033893382
-1.634256e-08,-0.0033943647
-1.624256e-08,-0.0034008272
-1.614256e-08,-0.0034044175
-1.604256e-08,-0.0034008272
-1.594256e-08,-0.0033893382
-1.584256e-08,-0.0033728228
-1.574256e-08,-0.0033591797
-1.564256e-08,-0.0033548713
-1.554256e-08,-0.0033613339
-1.544256e-08,-0.0033764131
-1.534256e-08,-0.0033922105
-1.524256e-08,-0.0034008272
-1.514256e-08,-0.003398673
-1.504256e-08,-0.0033879021
-1.494256e-08,-0.003374977
-1.484256e-08,-0.0033663603
-1.474256e-08,-0.0033670784
-1.464256e-08,-0.0033764131
-1.454256e-08,-0.0033900563
-1.444256e-08,-0.0034008272
-1.434256e-08,-0.0034058536
-1.424256e-08,-0.0034065717
-1.414256e-08,-0.0034065717
-1.404256e-08,-0.0034123162
-1.394256e-08,-0.0034252413
-1.384256e-08,-0.0034446289
-1.374256e-08,-0.0034647346
-1.364256e-08,-0.00348125
-1.354256e-08,-0.0034913028
-1.344256e-08,-0.0034977654
-1.334256e-08,-0.0035042279
-1.324256e-08,-0.0035157169
-1.314256e-08,-0.0035336684
-1.304256e-08,-0.0035530561
-1.294256e-08,-0.0035681353
-1.284256e-08,-0.0035731618
-1.274256e-08,-0.0035659812
-1.264256e-08,-0.0035516199
-1.254256e-08,-0.0035394129
-1.244256e-08,-0.0035386949
-1.234256e-08,-0.0035537741
-1.224256e-08,-0.0035817785
-1.214256e-08,-0.0036148093
-1.204256e-08,-0.0036420956
-1.194256e-08,-0.0036550207
-1.184256e-08,-0.0036507123
-1.174256e-08,-0.0036320427
-1.164256e-08,-0.0036076287
-1.154256e-08,-0.0035846507
-1.144256e-08,-0.0035695715
-1.134256e-08,-0.0035616728
-1.124256e-08,-0.0035616728
-1.114256e-08,-0.0035652631
-1.104256e-08,-0.0035717256
-1.094256e-08,-0.0035781882
-1.084256e-08,-0.0035846507
-1.074256e-08,-0.0035889591
-1.064256e-08,-0.0035896772
-1.054256e-08,-0.0035839327
-1.044256e-08,-0.0035731618
-1.034256e-08,-0.0035595186
-1.024256e-08,-0.0035487477
-1.014256e-08,-0.0035451574
-1.004256e-08,-0.0035501838
-9.942565e-09,-0.0035616728
-9.842565e-09,-0.0035731618
-9.742565e-09,-0.0035789062
-9.642565e-09,-0.0035731618
-9.542565e-09,-0.0035588006
-9.442565e-09,-0.0035415671
-9.342565e-09,-0.0035293601
-9.242565e-09,-0.0035272059
-9.142565e-09,-0.0035351045
-9.042565e-09,-0.0035480296
-8.942565e-09,-0.0035588006
-8.842565e-09,-0.0035616728
-8.742565e-09,-0.0035566464
-8.642565e-09,-0.0035480296
-8.542565e-09,-0.0035444393
-8.442565e-09,-0.0035501838
-8.342565e-09,-0.003563827
-8.242565e-09,-0.0035796243
-8.142565e-09,-0.0035889591
-8.042565e-09,-0.0035846507
-7.942565e-09,-0.0035674173
-7.842565e-09,-0.0035458755
-7.742565e-09,-0.0035293601
-7.642565e-09,-0.0035272059
-7.542565e-09,-0.0035422852
-7.442565e-09,-0.0035674173
-7.342565e-09,-0.0035925494
-7.242565e-09,-0.0036076287
-7.142565e-09,-0.0036076287
-7.042565e-09,-0.0035954216
-6.942565e-09,-0.0035810604
-6.842565e-09,-0.0035731618
-6.742565e-09,-0.0035774701
-6.642565e-09,-0.0035918313
-6.542565e-09,-0.0036083467
-6.442565e-09,-0.0036191176
-6.342565e-09,-0.0036191176
-6.242565e-09,-0.0036105009
-6.142565e-09,-0.0036004481
-6.042565e-09,-0.0035961397
-5.942565e-09,-0.0036018842
-5.842565e-09,-0.0036169635
-5.742565e-09,-0.0036327608
-5.642565e-09,-0.0036420956
-5.542565e-09,-0.0036406595
-5.442565e-09,-0.0036284524
-5.342565e-09,-0.003611219
-5.242565e-09,-0.0035961397
-5.142565e-09,-0.0035853688
-5.042565e-09,-0.0035774701
-4.942565e-09,-0.0035674173
-4.842565e-09,-0.0035501838
-4.742565e-09,-0.0035243336
-4.642565e-09,-0.003493457
-4.542565e-09,-0.0034654527
-4.442565e-09,-0.0034467831
-4.342565e-09,-0.0034388844
-4.242565e-09,-0.0034352941
-4.142565e-09,-0.0034266774
-4.042565e-09,-0.0034008272
-3.942565e-09,-0.0033527171
-3.842565e-09,-0.0032830653
-3.742565e-09,-0.0032004883
-3.642565e-09,-0.0031136029
-3.542565e-09,-0.0030288718
-3.442565e-09,-0.0029462948
-3.342565e-09,-0.0028586914
-3.242565e-09,-0.0027574449
-3.142565e-09,-0.0026360926
-3.042565e-09,-0.0024939166
-2.942565e-09,-0.0023359432
-2.842565e-09,-0.0021715074
-2.742565e-09,-0.0020063534
-2.642565e-09,-0.0018433536
-2.542565e-09,-0.0016781997
-2.442565e-09,-0.0015051471
-2.342565e-09,-0.0013177332
-2.242565e-09,-0.0011123679
-2.142565e-09,-0.00089048713
-2.042565e-09,-0.00065496324
-1.942565e-09,-0.00040938649
-1.842565e-09,-0.00015447495
-1.742565e-09,0.00010833525
-1.642565e-09,0.00037904412
-1.542565e-09,0.00065406135
-1.442565e-09,0.00092979665
-1.342565e-09,0.0011990694
-1.242565e-09,0.0014590074
-1.142565e-09,0.0017110466
-1.042565e-09,0.0019602137
-9.425648e-10,0.0022151252
-8.425648e-10,0.0024815257
-7.425648e-10,0.0027608513
-6.425648e-10,0.0030495117
-5.425648e-10,0.0033381721
-4.425648e-10,0.0036189338
-3.425648e-10,0.0038860524
-2.425648e-10,0.0041395278
-1.425648e-10,0.0043822323
-4.256484e-11,0.0046184743
5.743516e-11,0.0048496898
1.574352e-10,0.0050744428
2.574352e-10,0.0052891429
3.574352e-10,0.005491636
4.574352e-10,0.0056826402
5.574352e-10,0.0058671818
6.574352e-10,0.0060510053
7.574352e-10,0.0062384191
8.574352e-10,0.0064301413
9.574352e-10,0.0066211455
1.057435e-09,0.0068042509
1.157435e-09,0.0069737132
1.257435e-09,0.0071273782
1.357435e-09,0.0072674
1.457435e-09,0.0073988051
1.557435e-09,0.0075251838
1.657435e-09,0.0076465361
1.757435e-09,0.0077607077
1.857435e-09,0.0078619543
1.957435e-09,0.0079502757
2.057435e-09,0.0080285443
2.157435e-09,0.0081046588
2.257435e-09,0.0081843635
2.357435e-09,0.0082719669
2.457435e-09,0.0083624426
2.557435e-09,0.0084478918
2.657435e-09,0.0085189798
2.757435e-09,0.0085706801
2.857435e-09,0.0086080193
2.957435e-09,0.0086417682
3.057435e-09,0.0086848518
3.157435e-09,0.0087430147
3.257435e-09,0.0088133847
3.357435e-09,0.0088844727
3.457435e-09,0.0089411994
3.557435e-09,0.0089727941
3.657435e-09,0.0089799747
3.757435e-09,0.0089756664
3.857435e-09,0.0089756664
3.957435e-09,0.0089957721
4.057435e-09,0.0090402918
4.157435e-09,0.009101327
4.257435e-09,0.0091645163
4.357435e-09,0.0092140625
4.457435e-09,0.0092420669
4.557435e-09,0.0092521197
4.657435e-09,0.0092535558
4.757435e-09,0.0092600184
4.857435e-09,0.0092772518
4.957435e-09,0.0093038201
5.057435e-09,0.0093318244
5.157435e-09,0.0093519301
5.257435e-09,0.0093612649
5.357435e-09,0.0093648552
5.457435e-09,0.0093705997
5.557435e-09,0.0093863971
5.657435e-09,0.0094144014
5.757435e-09,0.0094481503
5.857435e-09,0.0094761546
5.957435e-09,0.0094897978
6.057435e-09,0.0094869256
6.157435e-09,0.0094740005
6.257435e-09,0.0094639476
6.357435e-09,0.0094668199
6.457435e-09,0.0094847714
6.557435e-09,0.0095113396
6.657435e-09,0.0095321634
6.757435e-09,0.0095357537
6.857435e-09,0.0095185202
6.957435e-09,0.0094883617
7.057435e-09,0.0094589212
7.157435e-09,0.0094438419
7.257435e-09,0.0094488683
7.357435e-09,0.009468974
7.457435e-09,0.0094912339
7.557435e-09,0.0095012868
7.657435e-09,0.0094933881
7.757435e-09,0.0094711282
7.857435e-09,0.0094459961
7.957435e-09,0.0094323529
8.057435e-09,0.0094359432
8.157435e-09,0.0094546128
8.257435e-09,0.0094768727
8.357435e-09,0.0094897978
8.457435e-09,0.0094869256
8.557435e-09,0.0094696921
8.657435e-09,0.0094481503
8.757435e-09,0.0094323529
8.857435e-09,0.0094294807
8.957435e-09,0.0094373794
9.057435e-09,0.0094495864
9.157435e-09,0.0094553309
9.257435e-09,0.0094524586
9.357435e-09,0.0094431239
9.457435e-09,0.0094380974
9.557435e-09,0.0094438419
9.657435e-09,0.0094639476
9.757435e-09,0.0094912339
9.857435e-09,0.0095149299
9.957435e-09,0.0095242647
1.005744e-08,0.009515648
1.015744e-08,0.0094955423
1.025744e-08,0.0094754366
1.035744e-08,0.0094668199
1.045744e-08,0.0094747185
1.055744e-08,0.00949267
1.065744e-08,0.0095091854
1.075744e-08,0.0095127757
1.085744e-08,0.0094976965
1.095744e-08,0.009468974
1.105744e-08,0.0094388155
1.115744e-08,0.009420864
1.125744e-08,0.009421582
1.135744e-08,0.0094373794
1.145744e-08,0.009456767
1.155744e-08,0.0094668199
1.165744e-08,0.0094603573
1.175744e-08,0.0094380974
1.185744e-08,0.0094100931
1.195744e-08,0.0093863971
1.205744e-08,0.0093749081
1.215744e-08,0.00937419
1.225744e-08,0.0093770623
1.235744e-08,0.0093749081
1.245744e-08,0.0093641372
1.255744e-08,0.0093476218
1.265744e-08,0.0093332606
1.275744e-08,0.0093289522
1.285744e-08,0.0093368509
1.295744e-08,0.0093519301
1.305744e-08,0.0093641372
1.315744e-08,0.0093634191
1.325744e-08,0.0093476218
1.335744e-08,0.0093210535
1.345744e-08,0.0092966395
1.355744e-08,0.0092829963
1.365744e-08,0.0092851505
1.375744e-08,0.0092966395
1.385744e-08,0.0093074104
1.395744e-08,0.0093059743
1.405744e-08,0.0092880227
1.415744e-08,0.0092593003
1.425744e-08,0.0092305779
1.435744e-08,0.0092140625
1.445744e-08,0.0092147806
1.455744e-08,0.0092298598
1.465744e-08,0.0092485294
1.475744e-08,0.0092600184
1.485744e-08,0.0092593003
1.495744e-08,0.0092470933
1.505744e-08,0.0092334501
1.515744e-08,0.0092255515
1.525744e-08,0.0092269876
1.535744e-08,0.0092348863
1.545744e-08,0.0092406307
1.555744e-08,0.0092370404
1.565744e-08,0.0092219612
1.575744e-08,0.0092011374
1.585744e-08,0.009184622
1.595744e-08,0.0091795956
1.605744e-08,0.0091874943
1.615744e-08,0.0092004193
1.625744e-08,0.009208318
1.635744e-08,0.0092025735
1.645744e-08,0.0091824678
1.655744e-08,0.0091558996
1.665744e-08,0.0091365119
1.675744e-08,0.0091336397
1.685744e-08,0.009148719
1.695744e-08,0.0091709789
1.705744e-08,0.0091853401
1.715744e-08,0.0091795956
1.725744e-08,0.009149437
1.735744e-08,0.0091041992
1.745744e-08,0.0090589614
1.755744e-08,0.009030239
1.765744e-08,0.0090237764
1.775744e-08,0.0090345473
1.785744e-08,0.0090489085
1.795744e-08,0.0090532169
1.805744e-08,0.0090402918
1.815744e-08,0.0090151597
1.825744e-08,0.0089878734
1.835744e-08,0.0089727941
1.845744e-08,0.0089749483
1.855744e-08,0.0089914637
1.865744e-08,0.0090101333
1.875744e-08,0.00901875
1.885744e-08,0.0090115694
1.895744e-08,0.0089907456
1.905744e-08,0.0089670496
1.915744e-08,0.0089498162
1.925744e-08,0.0089433536
1.935744e-08,0.0089440717
1.945744e-08,0.0089411994
1.955744e-08,0.0089268382
1.965744e-08,0.0088988339
1.975744e-08,0.008864367
1.985744e-08,0.0088356445
1.995744e-08,0.0088234375
2.005744e-08,0.0088299
2.015744e-08,0.0088485696
2.025744e-08,0.0088658031
2.035744e-08,0.0088693934
2.045744e-08,0.0088564683
2.055744e-08,0.0088349265
2.065744e-08,0.0088162569
2.075744e-08,0.0088119485
2.085744e-08,0.0088255917
2.095744e-08,0.0088485696
2.105744e-08,0.0088679573
2.115744e-08,0.0088693934
2.125744e-08,0.0088500057
2.135744e-08,0.008816975
2.145744e-08,0.0087846622
2.155744e-08,0.0087659926
2.165744e-08,0.0087659926
2.175744e-08,0.0087781997
2.185744e-08,0.0087896886
2.195744e-08,0.0087889706
2.205744e-08,0.0087717371
2.215744e-08,0.0087458869
2.225744e-08,0.0087250632
2.235744e-08,0.0087200368
2.245744e-08,0.008734398
2.255744e-08,0.008758812
2.265744e-08,0.0087774816
2.275744e-08,0.0087774816
2.285744e-08,0.0087545037
2.295744e-08,0.0087164465
2.305744e-08,0.0086812615
2.315744e-08,0.0086625919
2.325744e-08,0.0086661822
2.335744e-08,0.0086841337
2.345744e-08,0.008699213
2.355744e-08,0.0086970588
2.365744e-08,0.0086704906
2.375744e-08,0.0086274069
2.385744e-08,0.0085843233
2.395744e-08,0.0085591912
2.405744e-08,0.0085584731
2.415744e-08,0.0085771427
2.425744e-08,0.0085986845
2.435744e-08,0.0086051471
2.445744e-08,0.0085871955
2.455744e-08,0.0085477022
2.465744e-08,0.0085024644
2.475744e-08,0.0084672794
2.485744e-08,0.0084529182
2.495744e-08,0.0084565085
2.505744e-08,0.0084665614
2.515744e-08,0.0084672794
2.525744e-08,0.008450046
2.535744e-08,0.0084162971
2.545744e-08,0.008378958
2.555744e-08,0.0083523897
2.565744e-08,0.008344491
2.575744e-08,0.0083516716
2.585744e-08,0.0083638787
2.595744e-08,0.0083638787
2.605744e-08,0.008343773
2.615744e-08,0.0083042796
2.625744e-08,0.0082561696
2.635744e-08,0.0082145221
2.645744e-08,0.0081886719
2.655744e-08,0.008177901
2.665744e-08,0.0081757468
2.675744e-08,0.0081685662
2.685744e-08,0.0081491785
2.695744e-08,0.0081183019
2.705744e-08,0.008083117
2.715744e-08,0.0080536765
2.725744e-08,0.008036443
2.735744e-08,0.0080306985
2.745744e-08,0.0080278263
2.755744e-08,0.0080192096
2.765744e-08,0.008001258
2.775744e-08,0.007976844
2.785744e-08,0.0079567383
2.795744e-08,0.0079502757
2.805744e-08,0.0079610466
2.815744e-08,0.0079840246
2.825744e-08,0.0080077206
2.835744e-08,0.0080192096
2.845744e-08,0.008012029
2.855744e-08,0.007989051
2.865744e-08,0.0079610466
2.875744e-08,0.0079387868
2.885744e-08,0.00793017
2.895744e-08,0.0079323242
2.905744e-08,0.0079387868
2.915744e-08,0.0079387868
2.925744e-08,0.0079280159
2.935744e-08,0.0079086282
2.945744e-08,0.0078899586
2.955744e-08,0.0078813419
2.965744e-08,0.0078856503
2.975744e-08,0.0079000115
2.985744e-08,0.0079129366
2.995744e-08,0.0079158088
3.005744e-08,0.0079036018
3.015744e-08,0.0078791877
3.025744e-08,0.0078533375
3.035744e-08,0.007835386
3.045744e-08,0.0078303596
3.055744e-08,0.007834668
3.065744e-08,0.0078389763
3.075744e-08,0.007835386
3.085744e-08,0.0078188706
3.095744e-08,0.0077923024
3.105744e-08,0.007764298
3.115744e-08,0.0077434743
3.125744e-08,0.0077327034
3.135744e-08,0.0077298311
3.145744e-08,0.0077276769
3.155744e-08,0.0077204963
3.165744e-08,0.0077068532
3.175744e-08,0.007692492
3.185744e-08,0.0076838752
3.195744e-08,0.0076860294
3.205744e-08,0.0076946461
3.215744e-08,0.0077011087
3.225744e-08,0.007692492
3.235744e-08,0.0076630515
3.245744e-08,0.0076163775
3.255744e-08,0.0075653952
3.265744e-08,0.0075266199
3.275744e-08,0.0075136949
3.285744e-08,0.0075259019
3.295744e-08,0.0075531882
3.305744e-08,0.0075768842
3.315744e-08,0.0075826287
3.325744e-08,0.0075661133
3.335744e-08,0.0075359547
3.345744e-08,0.0075057962
3.355744e-08,0.0074907169
3.365744e-08,0.0074943072
3.375744e-08,0.0075093865
3.385744e-08,0.0075201574
3.395744e-08,0.0075136949
3.405744e-08,0.0074856905
3.415744e-08,0.0074433249
3.425744e-08,0.0074016774
3.435744e-08,0.0073758272
3.445744e-08,0.0073715188
3.455744e-08,0.0073830078
3.465744e-08,0.007396651
3.475744e-08,0.0073988051
3.485744e-08,0.007385162
3.495744e-08,0.0073607479
3.505744e-08,0.0073384881
3.515744e-08,0.0073298713
3.525744e-08,0.00733777
3.535744e-08,0.0073542854
3.545744e-08,0.0073636202
3.555744e-08,0.0073528493
3.565744e-08,0.0073183824
3.575744e-08,0.0072688362
3.585744e-08,0.0072214442
3.595744e-08,0.0071920037
3.605744e-08,0.0071876953
3.615744e-08,0.0072020565
3.625744e-08,0.007220008
3.635744e-08,0.0072264706
3.645744e-08,0.0072128274
3.655744e-08,0.0071833869
3.665744e-08,0.00714892
3.675744e-08,0.0071230699
3.685744e-08,0.0071108628
3.695744e-08,0.0071072725
3.705744e-08,0.0070993739
3.715744e-08,0.007077114
3.725744e-08,0.0070361845
3.735744e-08,0.0069844841
3.745744e-08,0.0069363741
3.755744e-08,0.0069047794
3.765744e-08,0.0068947266
3.775744e-08,0.006900471
3.785744e-08,0.0069076517
3.795744e-08,0.0069047794
3.805744e-08,0.006887546
3.815744e-08,0.0068624138
3.825744e-08,0.0068415901
3.835744e-08,0.0068358456
3.845744e-08,0.0068444623
3.855744e-08,0.0068559513
3.865744e-08,0.0068537971
3.875744e-08,0.0068243566
3.885744e-08,0.0067683479
3.895744e-08,0.0067001321
3.905744e-08,0.0066434053
3.915744e-08,0.0066175551
3.925744e-08,0.0066311983
3.935744e-08,0.006675
3.945744e-08,0.0067281365
3.955744e-08,0.0067669118
3.965744e-08,0.0067791188
3.975744e-08,0.0067654756
3.985744e-08,0.0067410616
3.995744e-08,0.0067209559
4.005744e-08,0.0067152114
4.015744e-08,0.0067216739
4.025744e-08,0.0067274184
4.035744e-08,0.0067209559
4.045744e-08,0.0066965418
4.055744e-08,0.0066606388
4.065744e-08,0.0066290441
4.075744e-08,0.0066175551
4.085744e-08,0.0066319164
4.095744e-08,0.0066649472
4.105744e-08,0.0067008502
4.115744e-08,0.0067209559
4.125744e-08,0.0067166475
4.135744e-08,0.0066915154
4.145744e-08,0.0066606388
4.155744e-08,0.0066405331
4.165744e-08,0.0066412511
4.175744e-08,0.0066599207
4.185744e-08,0.0066836167
4.195744e-08,0.0066979779
4.205744e-08,0.0066943876
4.215744e-08,0.006675
4.225744e-08,0.0066527401
4.235744e-08,0.0066405331
4.245744e-08,0.0066455595
4.255744e-08,0.006662793
4.265744e-08,0.0066814625
4.275744e-08,0.006686489
4.285744e-08,0.0066728458
4.295744e-08,0.0066441234
4.305744e-08,0.0066139648
4.315744e-08,0.0065945772
4.325744e-08,0.006591705
4.335744e-08,0.0066003217
4.345744e-08,0.0066053481
4.355744e-08,0.0065945772
4.365744e-08,0.0065608284
4.375744e-08,0.0065112822
4.385744e-08,0.0064595818
4.395744e-08,0.0064222426
4.405744e-08,0.0064071634
4.415744e-08,0.0064114717
4.425744e-08,0.0064215246
4.435744e-08,0.0064222426
4.445744e-08,0.0064050092
4.455744e-08,0.0063726965
4.465744e-08,0.0063360754
4.475744e-08,0.0063073529
4.485744e-08,0.0062937098
4.495744e-08,0.0062908375
4.505744e-08,0.0062879653
4.515744e-08,0.006272886
4.525744e-08,0.0062391372
4.535744e-08,0.0061924632
4.545744e-08,0.0061450712
4.555744e-08,0.0061120404
4.565744e-08,0.0061005515
4.575744e-08,0.006107014
4.585744e-08,0.0061199391
4.595744e-08,0.0061235294
4.605744e-08,0.0061106043
4.615744e-08,0.0060818819
4.625744e-08,0.006047415
4.635744e-08,0.0060201287
4.645744e-08,0.0060064855
4.655744e-08,0.0060043313
4.665744e-08,0.0060050494
4.675744e-08,0.0059971507
4.685744e-08,0.005976327
4.695744e-08,0.0059468865
4.705744e-08,0.0059196002
4.715744e-08,0.005905239
4.725744e-08,0.0059088293
4.735744e-08,0.0059260627
4.745744e-08,0.0059447323
4.755744e-08,0.0059511949
4.765744e-08,0.0059397059
4.775744e-08,0.0059124196
4.785744e-08,0.005881543
4.795744e-08,0.0058592831
4.805744e-08,0.0058521025
4.815744e-08,0.0058564108
4.825744e-08,0.0058628734
4.835744e-08,0.0058592831
4.845744e-08,0.0058384593
4.855744e-08,0.0058047105
4.865744e-08,0.0057688074
4.875744e-08,0.0057443934
4.885744e-08,0.0057386489
4.895744e-08,0.0057508559
4.905744e-08,0.0057688074
4.915744e-08,0.0057788603
4.925744e-08,0.0057723977
4.935744e-08,0.0057487017
4.945744e-08,0.005716389
4.955744e-08,0.0056869485
4.965744e-08,0.005668997
4.975744e-08,0.0056646886
4.985744e-08,0.0056661248
4.995744e-08,0.0056639706
5.005744e-08,0.0056517636
5.015744e-08,0.0056287856
5.025744e-08,0.0056029354
5.035744e-08,0.0055835478
5.045744e-08,0.0055778033
5.055744e-08,0.005585702
5.065744e-08,0.0055986271
5.075744e-08,0.0056065257
5.085744e-08,0.0056014993
5.095744e-08,0.0055821117
5.105744e-08,0.0055541073
5.115744e-08,0.0055261029
5.125744e-08,0.0055067153
5.135744e-08,0.0054980986
5.145744e-08,0.0054952263
5.155744e-08,0.005491636
5.165744e-08,0.0054808651
5.175744e-08,0.0054629136
5.185744e-08,0.0054406537
5.195744e-08,0.0054227022
5.205744e-08,0.0054140855
5.215744e-08,0.0054162397
5.225744e-08,0.0054248564
5.235744e-08,0.0054341912
5.245744e-08,0.0054377815
5.255744e-08,0.0054327551
5.265744e-08,0.0054227022
5.275744e-08,0.0054112132
5.285744e-08,0.0054011604
5.295744e-08,0.0053925437
5.305744e-08,0.0053824908
5.315744e-08,0.0053652574
5.325744e-08,0.0053394072
5.335744e-08,0.0053078125
5.345744e-08,0.0052754998
5.355744e-08,0.0052503676
5.365744e-08,0.0052374426
5.375744e-08,0.0052374426
5.385744e-08,0.0052439051
5.395744e-08,0.0052503676
5.405744e-08,0.0052503676
5.415744e-08,0.0052403148
5.425744e-08,0.0052237994
5.435744e-08,0.0052044118
5.445744e-08,0.0051871783
5.455744e-08,0.0051749713
5.465744e-08,0.0051663545
5.475744e-08,0.0051584559
5.485744e-08,0.0051491211
5.495744e-08,0.0051369141
5.505744e-08,0.005123989
5.515744e-08,0.0051125
5.525744e-08,0.0051053194
5.535744e-08,0.0051017291
5.545744e-08,0.005101011
5.555744e-08,0.005101011
5.565744e-08,0.0050995749
5.575744e-08,0.0050967027
5.585744e-08,0.0050931124
5.595744e-08,0.0050895221
5.605744e-08,0.0050859318
5.615744e-08,0.0050801873
5.625744e-08,0.0050701344
5.635744e-08,0.0050550551
5.645744e-08,0.0050363856
5.655744e-08,0.0050184341
5.665744e-08,0.0050047909
5.675744e-08,0.0049976103
5.685744e-08,0.0049968922
5.695744e-08,0.0049990464
5.705744e-08,0.0050004825
5.715744e-08,0.0049976103
5.725744e-08,0.0049911477
5.735744e-08,0.004982531
5.745744e-08,0.0049767865
5.755744e-08,0.0049746324
5.765744e-08,0.0049746324
5.775744e-08,0.0049717601
5.785744e-08,0.0049609892
5.795744e-08,0.0049401654
5.805744e-08,0.004910725
5.815744e-08,0.0048798483
5.825744e-08,0.0048532801
5.835744e-08,0.0048367647
5.845744e-08,0.0048295841
5.855744e-08,0.004828148
5.865744e-08,0.0048245577
5.875744e-08,0.0048137868
5.885744e-08,0.0047958352
5.895744e-08,0.0047750115
5.905744e-08,0.0047563419
5.915744e-08,0.0047448529
5.925744e-08,0.0047391085
5.935744e-08,0.004734082
5.945744e-08,0.0047225931
5.955744e-08,0.0046988971
5.965744e-08,0.0046644301
5.975744e-08,0.0046263729
5.985744e-08,0.0045926241
5.995744e-08,0.0045725184
6.005744e-08,0.0045667739
6.015744e-08,0.0045703642
6.025744e-08,0.0045753906
6.035744e-08,0.0045725184
6.045744e-08,0.0045595933
6.055744e-08,0.0045387695
6.065744e-08,0.0045179458
6.075744e-08,0.0045035846
6.085744e-08,0.0044978401
6.095744e-08,0.004497122
6.105744e-08,0.0044935317
6.115744e-08,0.0044806066
6.125744e-08,0.0044569106
6.135744e-08,0.0044274701
6.145744e-08,0.0044016199
6.155744e-08,0.0043886949
6.165744e-08,0.0043930032
6.175744e-08,0.0044123909
6.185744e-08,0.004437523
6.195744e-08,0.0044576287
6.205744e-08,0.0044655273
6.215744e-08,0.004461219
6.225744e-08,0.0044482939
6.235744e-08,0.0044346507
6.245744e-08,0.0044253159
6.255744e-08,0.0044202895
6.265744e-08,0.0044174173
6.275744e-08,0.0044116728
6.285744e-08,0.0043994658
6.295744e-08,0.0043829504
6.305744e-08,0.004366435
6.315744e-08,0.0043542279
6.325744e-08,0.0043492015
6.335744e-08,0.0043492015
6.345744e-08,0.0043492015
6.355744e-08,0.004342739
6.365744e-08,0.0043276597
6.375744e-08,0.0043061179
6.385744e-08,0.0042824219
6.395744e-08,0.0042623162
6.405744e-08,0.0042472369
6.415744e-08,0.0042357479
6.425744e-08,0.0042235409
6.435744e-08,0.0042048713
6.445744e-08,0.0041783031
6.455744e-08,0.0041474265
6.465744e-08,0.0041158318
6.475744e-08,0.0040899816
6.485744e-08,0.004070594
6.495744e-08,0.0040562328
6.505744e-08,0.0040411535
6.515744e-08,0.0040210478
6.525744e-08,0.0039959157
6.535744e-08,0.0039700655
6.545744e-08,0.0039499598
6.555744e-08,0.003940625
6.565744e-08,0.0039420611
6.575744e-08,0.0039499598
6.585744e-08,0.0039549862
6.595744e-08,0.003952114
6.605744e-08,0.0039384708
6.615744e-08,0.0039190832
6.625744e-08,0.0039018497
6.635744e-08,0.0038946691
6.645744e-08,0.0039011317
6.655744e-08,0.0039183651
6.665744e-08,0.0039377528
6.675744e-08,0.003952114
6.685744e-08,0.0039564223
6.695744e-08,0.003952114
6.705744e-08,0.0039449334
6.715744e-08,0.003940625
6.725744e-08,0.0039420611
6.735744e-08,0.0039456514
6.745744e-08,0.0039470875
6.755744e-08,0.003940625
6.765744e-08,0.0039241096
6.775744e-08,0.0039025678
6.785744e-08,0.0038824621
6.795744e-08,0.0038716912
6.805744e-08,0.0038724092
6.815744e-08,0.0038803079
6.825744e-08,0.0038867705
6.835744e-08,0.0038831801
6.845744e-08,0.0038652286
6.855744e-08,0.0038365062
6.865744e-08,0.0038049115
6.875744e-08,0.0037797794
6.885744e-08,0.0037675724
6.895744e-08,0.0037668543
6.905744e-08,0.0037704446
6.915744e-08,0.0037682904
6.925744e-08,0.0037539292
6.935744e-08,0.0037259249
6.945744e-08,0.0036893038
6.955744e-08,0.0036534007
6.965744e-08,0.0036261144
6.975744e-08,0.0036103171
6.985744e-08,0.0036060087
6.995744e-08,0.0036074449
7.005744e-08,0.0036081629
7.015744e-08,0.0036038545
7.025744e-08,0.0035923656
7.035744e-08,0.0035729779
7.045744e-08,0.0035471278
7.055744e-08,0.0035162511
7.065744e-08,0.0034817842
7.075744e-08,0.0034465993
7.085744e-08,0.0034150046
7.095744e-08,0.0033927447
7.105744e-08,0.003384128
7.115744e-08,0.0033891544
7.125744e-08,0.0034035156
7.135744e-08,0.0034185949
7.145744e-08,0.0034264936
7.155744e-08,0.0034236213
7.165744e-08,0.0034106962
7.175744e-08,0.003395617
7.185744e-08,0.0033862822
7.195744e-08,0.0033891544
7.205744e-08,0.0034035156
7.215744e-08,0.0034221852
7.225744e-08,0.0034351103
7.235744e-08,0.0034351103
7.245744e-08,0.0034207491
7.255744e-08,0.0033984892
7.265744e-08,0.0033769474
7.275744e-08,0.0033661765
7.285744e-08,0.0033690487
7.295744e-08,0.0033812557
7.305744e-08,0.0033941808
7.315744e-08,0.0034006434
7.325744e-08,0.003395617
7.335744e-08,0.0033819738
7.345744e-08,0.0033661765
7.355744e-08,0.0033546875
7.365744e-08,0.0033510972
7.375744e-08,0.0033518153
7.385744e-08,0.0033510972
7.395744e-08,0.0033431985
7.405744e-08,0.0033259651
7.415744e-08,0.0033037052
7.425744e-08,0.0032843176
7.435744e-08,0.0032742647
7.445744e-08,0.0032757008
7.455744e-08,0.0032843176
7.465744e-08,0.0032907801
7.475744e-08,0.0032857537
7.485744e-08,0.003266366
7.495744e-08,0.0032369256
7.505744e-08,0.0032053309
7.515744e-08,0.0031823529
7.525744e-08,0.0031723001
7.535744e-08,0.0031744543
7.545744e-08,0.0031809168
7.555744e-08,0.0031823529
7.565744e-08,0.0031730182
7.575744e-08,0.0031529125
7.585744e-08,0.0031263442
7.595744e-08,0.0031019301
7.605744e-08,0.0030832606
7.615744e-08,0.0030703355
7.625744e-08,0.0030588465
7.635744e-08,0.0030444853
7.645744e-08,0.0030250977
7.655744e-08,0.0030035558
7.665744e-08,0.0029848863
7.675744e-08,0.0029755515
7.685744e-08,0.0029762695
7.695744e-08,0.002982014
7.705744e-08,0.0029848863
7.715744e-08,0.0029755515
7.725744e-08,0.0029497013
7.735744e-08,0.0029116441
7.745744e-08,0.0028707146
7.755744e-08,0.0028376838
7.765744e-08,0.0028211684
7.775744e-08,0.0028226045
7.785744e-08,0.0028348116
7.795744e-08,0.0028491728
7.805744e-08,0.0028563534
7.815744e-08,0.0028534812
7.825744e-08,0.0028412741
7.835744e-08,0.0028261949
7.845744e-08,0.0028139878
7.855744e-08,0.0028075253
7.865744e-08,0.0028053711
7.875744e-08,0.0028032169
7.885744e-08,0.0027974724
7.895744e-08,0.0027881376
7.905744e-08,0.0027766487
7.915744e-08,0.00276875
7.925744e-08,0.0027673139
7.935744e-08,0.0027730584
7.945744e-08,0.0027831112
7.955744e-08,0.0027917279
7.965744e-08,0.0027953182
7.975744e-08,0.0027910099
7.985744e-08,0.002780957
7.995744e-08,0.00276875
8.005744e-08,0.002757261
8.015744e-08,0.0027486443
8.025744e-08,0.0027414637
8.035744e-08,0.0027342831
8.045744e-08,0.0027249483
8.055744e-08,0.0027148955
8.065744e-08,0.0027055607
8.075744e-08,0.0026998162
8.085744e-08,0.0026998162
8.095744e-08,0.0027041245
8.105744e-08,0.002709869
8.115744e-08,0.0027113051
8.125744e-08,0.0027062787
8.135744e-08,0.0026947898
8.145744e-08,0.0026797105
8.155744e-08,0.0026653493
8.165744e-08,0.0026560145
8.175744e-08,0.0026524242
8.185744e-08,0.0026531422
8.195744e-08,0.0026538603
8.205744e-08,0.0026495519
8.215744e-08,0.002638781
8.225744e-08,0.0026201114
8.235744e-08,0.0025964154
8.245744e-08,0.0025705653
8.255744e-08,0.0025461512
8.265744e-08,0.0025238913
8.275744e-08,0.0025045037
8.285744e-08,0.0024887063
8.295744e-08,0.0024779354
8.305744e-08,0.0024714729
8.315744e-08,0.0024700368
8.325744e-08,0.0024714729
8.335744e-08,0.002472909
8.345744e-08,0.0024700368
8.355744e-08,0.0024585478
8.365744e-08,0.002437006
8.375744e-08,0.0024075655
8.385744e-08,0.0023745347
8.395744e-08,0.0023436581
8.405744e-08,0.0023199621
8.415744e-08,0.0023063189
8.425744e-08,0.0023005744
8.435744e-08,0.0022977022
8.445744e-08,0.0022933938
8.455744e-08,0.0022826229
8.465744e-08,0.0022646714
8.475744e-08,0.0022402574
8.485744e-08,0.0022136891
8.495744e-08,0.0021878389
8.505744e-08,0.002165579
8.515744e-08,0.0021483456
8.525744e-08,0.0021347024
8.535744e-08,0.0021232135
8.545744e-08,0.0021124426
8.555744e-08,0.0021023897
8.565744e-08,0.0020930549
8.575744e-08,0.0020858743
8.585744e-08,0.0020815659
8.595744e-08,0.0020794118
8.605744e-08,0.0020794118
8.615744e-08,0.0020801298
8.625744e-08,0.0020801298
8.635744e-08,0.0020794118
8.645744e-08,0.0020772576
8.655744e-08,0.0020729492
8.665744e-08,0.0020657686
8.675744e-08,0.0020564338
8.685744e-08,0.0020435087
8.695744e-08,0.0020291475
8.705744e-08,0.0020133502
8.715744e-08,0.001998989
8.725744e-08,0.0019882181
8.735744e-08,0.0019817555
8.745744e-08,0.0019781652
8.755744e-08,0.001976011
8.765744e-08,0.0019709846
8.775744e-08,0.0019616498
8.785744e-08,0.0019472886
8.795744e-08,0.0019300551
8.805744e-08,0.0019135398
8.815744e-08,0.0019013327
8.825744e-08,0.0018955882
8.835744e-08,0.0018955882
8.845744e-08,0.0018977424
8.855744e-08,0.0018970244
8.865744e-08,0.0018891257
8.875744e-08,0.0018726103
8.885744e-08,0.0018503504
8.895744e-08,0.0018280905
8.905744e-08,0.0018115751
8.915744e-08,0.0018036765
8.925744e-08,0.0018058307
8.935744e-08,0.0018137293
8.945744e-08,0.001822346
8.955744e-08,0.0018266544
8.965744e-08,0.0018237822
8.975744e-08,0.0018151654
8.985744e-08,0.0018029584
8.995744e-08,0.0017921875
9.005744e-08,0.001786443
9.015744e-08,0.0017878791
9.025744e-08,0.0017943417
9.035744e-08,0.0018036765
9.045744e-08,0.0018137293
9.055744e-08,0.0018209099
9.065744e-08,0.0018259364
9.075744e-08,0.0018266544
9.085744e-08,0.0018237822
9.095744e-08,0.0018187557
9.105744e-08,0.0018108571
9.115744e-08,0.0018036765
9.125744e-08,0.00179865
9.135744e-08,0.00179865
9.145744e-08,0.0018043945
9.155744e-08,0.0018151654
9.165744e-08,0.0018266544
9.175744e-08,0.0018352711
9.185744e-08,0.0018352711
9.195744e-08,0.0018266544
9.205744e-08,0.001810139
9.215744e-08,0.0017914694
9.225744e-08,0.0017763902
9.235744e-08,0.0017692096
9.245744e-08,0.0017699276
9.255744e-08,0.0017763902
9.265744e-08,0.0017814166
9.275744e-08,0.0017806985
9.285744e-08,0.0017713637
9.295744e-08,0.0017555664
9.305744e-08,0.001738333
9.315744e-08,0.0017232537
9.325744e-08,0.0017146369
9.335744e-08,0.0017110466
9.345744e-08,0.0017081744
9.355744e-08,0.0017002757
9.365744e-08,0.0016837603
9.375744e-08,0.0016586282
9.385744e-08,0.0016270335
9.395744e-08,0.001596875
9.405744e-08,0.001573179
9.415744e-08,0.0015588178
9.425744e-08,0.0015523552
9.435744e-08,0.0015509191
9.445744e-08,0.0015480469
9.455744e-08,0.0015394301
9.465744e-08,0.0015243509
9.475744e-08,0.0015049632
9.485744e-08,0.0014862937
9.495744e-08,0.0014733686
9.505744e-08,0.0014676241
9.515744e-08,0.0014704963
9.525744e-08,0.001478395
9.535744e-08,0.0014870117
9.545744e-08,0.0014934743
9.555744e-08,0.0014934743
9.565744e-08,0.0014870117
9.575744e-08,0.0014740866
9.585744e-08,0.0014561351
9.595744e-08,0.0014360294
9.605744e-08,0.0014152057
9.615744e-08,0.001395818
9.625744e-08,0.0013793026
9.635744e-08,0.0013670956
9.645744e-08,0.0013584789
9.655744e-08,0.0013512983
9.665744e-08,0.0013433996
9.675744e-08,0.0013326287
9.685744e-08,0.0013168313
9.695744e-08,0.0012960076
9.705744e-08,0.0012737477
9.715744e-08,0.0012522059
9.725744e-08,0.0012356905
9.735744e-08,0.0012256376
9.745744e-08,0.0012206112
9.755744e-08,0.001217739
9.765744e-08,0.0012119945
9.775744e-08,0.0011997875
9.785744e-08,0.0011818359
9.795744e-08,0.0011602941
9.805744e-08,0.0011401884
9.815744e-08,0.0011272633
9.825744e-08,0.001122955
9.835744e-08,0.0011258272
9.845744e-08,0.0011308536
9.855744e-08,0.0011330078
9.865744e-08,0.0011272633
9.875744e-08,0.0011143382
9.885744e-08,0.0010978228
9.895744e-08,0.0010841797
9.905744e-08,0.0010777171
9.915744e-08,0.0010798713
9.925744e-08,0.00108777
9.935744e-08,0.0010942325
9.945744e-08,0.0010927964
9.955744e-08,0.0010798713
9.965744e-08,0.0010576114
9.975744e-08,0.0010324793
9.985744e-08,0.0010109375
9.995744e-08,0.00099944853
1.000574e-07,0.00099873047
1.001574e-07,0.0010059111
1.002574e-07,0.0010152459
1.003574e-07,0.0010224265
1.004574e-07,0.0010245807
1.005574e-07,0.0010231445
1.006574e-07,0.0010217084
1.007574e-07,0.0010224265
1.008574e-07,0.0010245807
1.009574e-07,0.0010252987
1.010574e-07,0.0010217084
1.011574e-07,0.0010109375
1.012574e-07,0.00099514017
1.013574e-07,0.00097862477
1.014574e-07,0.00096785386
1.015574e-07,0.00096498162
1.016574e-07,0.00096928998
1.017574e-07,0.00097503447
1.018574e-07,0.00097575253
1.019574e-07,0.00096498162
1.020574e-07,0.0009434398
1.021574e-07,0.00091543543
1.022574e-07,0.00088958525
1.023574e-07,0.00087306985
1.024574e-07,0.00086732537
1.025574e-07,0.00087019761
1.026574e-07,0.00087450597
1.027574e-07,0.00087306985
1.028574e-07,0.00086158088
1.029574e-07,0.00084075712
1.030574e-07,0.00081634306
1.031574e-07,0.00079264706
1.032574e-07,0.00077469554
1.033574e-07,0.00076392463
1.034574e-07,0.00075889821
1.035574e-07,0.00075818015
1.036574e-07,0.00076177045
1.037574e-07,0.00077038718
1.038574e-07,0.00078474839
1.039574e-07,0.00080413603
1.040574e-07,0.00082280561
1.041574e-07,0.00083429458
1.042574e-07,0.0008321404
1.043574e-07,0.000815625
1.044574e-07,0.00078905676
1.045574e-07,0.00076248851
1.046574e-07,0.00074597312
1.047574e-07,0.00074669118
1.048574e-07,0.00076248851
1.049574e-07,0.00078618451
1.050574e-07,0.00080629021
1.051574e-07,0.000815625
1.052574e-07,0.00081275276
1.053574e-07,0.00080341797
1.054574e-07,0.00079767348
1.055574e-07,0.00080413603
1.056574e-07,0.00082280561
1.057574e-07,0.00084793773
1.058574e-07,0.00086804343
1.059574e-07,0.00087306985
1.060574e-07,0.00086086282
1.061574e-07,0.00083716682
1.062574e-07,0.00081418888
1.063574e-07,0.00080413603
1.064574e-07,0.0008120347
1.065574e-07,0.00083501264
1.066574e-07,0.000863017
1.067574e-07,0.00088455882
1.068574e-07,0.00089102137
1.069574e-07,0.00088240464
1.070574e-07,0.00086588925
1.071574e-07,0.00085009191
1.072574e-07,0.00084219324
1.073574e-07,0.00084291131
1.074574e-07,0.00084721967
1.075574e-07,0.00085009191
1.076574e-07,0.00084506549
1.077574e-07,0.00083357652
1.078574e-07,0.00081777918
1.079574e-07,0.00080413603
1.080574e-07,0.0007955193
1.081574e-07,0.000791929
1.082574e-07,0.00078833869
1.083574e-07,0.00078115809
1.084574e-07,0.00076895106
1.085574e-07,0.00075602597
1.086574e-07,0.00074669118
1.087574e-07,0.00074669118
1.088574e-07,0.00075674403
1.089574e-07,0.00077110524
1.090574e-07,0.00078259421
1.091574e-07,0.00078115809
1.092574e-07,0.00076464269
1.093574e-07,0.00073663833
1.094574e-07,0.0007043256
1.095574e-07,0.00067775735
1.096574e-07,0.00066339614
1.097574e-07,0.00066124196
1.098574e-07,0.0006677045
1.099574e-07,0.00067775735
1.100574e-07,0.00068709214
1.101574e-07,0.00069427275
1.102574e-07,0.00070288948
1.103574e-07,0.00071222426
1.104574e-07,0.00072227711
1.105574e-07,0.0007280216
1.106574e-07,0.00072586742
1.107574e-07,0.00071222426
1.108574e-07,0.00069068244
1.109574e-07,0.00066914063
1.110574e-07,0.00065549747
1.111574e-07,0.00065477941
1.112574e-07,0.00066555032
1.113574e-07,0.00067991153
1.114574e-07,0.00068637408
1.115574e-07,0.00067775735
1.116574e-07,0.00065406135
1.117574e-07,0.00062246668
1.118574e-07,0.0005966165
1.119574e-07,0.00058584559
1.120574e-07,0.00059302619
1.121574e-07,0.00061169577
1.122574e-07,0.00062892923
1.123574e-07,0.00063180147
1.124574e-07,0.00061528608
1.125574e-07,0.00058225528
1.126574e-07,0.00054563419
1.127574e-07,0.00051691176
1.128574e-07,0.00050470473
1.129574e-07,0.0005090131
1.130574e-07,0.00052050207
1.131574e-07,0.00052840074
1.132574e-07,0.00052481043
1.133574e-07,0.0005090131
1.134574e-07,0.00048818934
1.135574e-07,0.00047095588
1.136574e-07,0.0004652114
1.137574e-07,0.00047167394
1.138574e-07,0.00048388097
1.139574e-07,0.00049393382
1.140574e-07,0.00049393382
1.141574e-07,0.00048100873
1.142574e-07,0.00045946691
1.143574e-07,0.00043648897
1.144574e-07,0.00041781939
1.145574e-07,0.00040561236
1.146574e-07,0.00039771369
1.147574e-07,0.00039053309
1.148574e-07,0.00038048024
1.149574e-07,0.00036827321
1.150574e-07,0.00035893842
1.151574e-07,0.00035606618
1.152574e-07,0.00036324678
1.153574e-07,0.000377608
1.154574e-07,0.00039340533
1.155574e-07,0.00040202206
1.156574e-07,0.00039843176
1.157574e-07,0.0003811983
1.158574e-07,0.0003575023
1.159574e-07,0.00033308824
1.160574e-07,0.00031585478
1.161574e-07,0.00030795611
1.162574e-07,0.00030795611
1.163574e-07,0.00031011029
1.164574e-07,0.00030939223
1.165574e-07,0.00030221163
1.166574e-07,0.0002900046
1.167574e-07,0.00027564338
1.168574e-07,0.00026128217
1.169574e-07,0.0002497932
1.170574e-07,0.00023974035
1.171574e-07,0.0002296875
1.172574e-07,0.00021963465
1.173574e-07,0.0002095818
1.174574e-07,0.00020096507
1.175574e-07,0.00019522059
1.176574e-07,0.00019091222
1.177574e-07,0.00018444968
1.178574e-07,0.00017152459
1.179574e-07,0.00014926471
1.180574e-07,0.0001183881
1.181574e-07,8.3921186e-05
1.182574e-07,5.3762638e-05
1.183574e-07,3.4375e-05
1.184574e-07,2.9348575e-05
1.185574e-07,3.6529182e-05
1.186574e-07,4.8736213e-05
1.187574e-07,5.7352941e-05
1.188574e-07,5.7352941e-05
1.189574e-07,4.6582031e-05
1.190574e-07,2.8630515e-05
1.191574e-07,1.1397059e-05
1.192574e-07,-8.0997243e-07
1.193574e-07,-5.1183364e-06
1.194574e-07,-2.9641544e-06
1.195574e-07,-9.1911765e-08
1.196574e-07,-8.0997243e-07
1.197574e-07,-7.2725184e-06
1.198574e-07,-1.947955e-05
1.199574e-07,-3.4558824e-05
1.200574e-07,-4.8201976e-05
1.201574e-07,-5.9690947e-05
1.202574e-07,-6.9743796e-05
1.203574e-07,-8.0514706e-05
1.204574e-07,-9.4875919e-05
1.205574e-07,-0.00011426356
1.206574e-07,-0.0001372415
1.207574e-07,-0.0001609375
1.208574e-07,-0.00018176126
1.209574e-07,-0.00019827665
1.210574e-07,-0.00020976563
1.211574e-07,-0.00021838235
1.212574e-07,-0.00022628102
1.213574e-07,-0.00023489775
1.214574e-07,-0.00024423254
1.215574e-07,-0.00025284926
1.216574e-07,-0.00025931181
1.217574e-07,-0.00026218405
1.218574e-07,-0.00026362017
1.219574e-07,-0.00026433824
1.220574e-07,-0.00026649242
1.221574e-07,-0.00027151884
1.222574e-07,-0.00027869945
1.223574e-07,-0.00028731618
1.224574e-07,-0.00029449678
1.225574e-07,-0.00029952321
1.226574e-07,-0.00030095933
1.227574e-07,-0.00029880515
1.228574e-07,-0.00029521484
1.229574e-07,-0.00029018842
1.230574e-07,-0.00028731618
1.231574e-07,-0.00028731618
1.232574e-07,-0.00029162454
1.233574e-07,-0.00030095933
1.234574e-07,-0.00031532054
1.235574e-07,-0.00033327206
1.236574e-07,-0.0003526597
1.237574e-07,-0.00036989315
1.238574e-07,-0.00038353631
1.239574e-07,-0.00039071691
1.240574e-07,-0.00039287109
1.241574e-07,-0.00039215303
1.242574e-07,-0.00039071691
1.243574e-07,-0.00039071691
1.244574e-07,-0.00039358915
1.245574e-07,-0.00039933364
1.246574e-07,-0.00040651425
1.247574e-07,-0.00041369485
1.248574e-07,-0.0004201574
1.249574e-07,-0.00042661994
1.250574e-07,-0.00043164637
1.251574e-07,-0.00043667279
1.252574e-07,-0.0004402631
1.253574e-07,-0.00044098116
1.254574e-07,-0.00043954504
1.255574e-07,-0.00043667279
1.256574e-07,-0.00043451861
1.257574e-07,-0.00043667279
1.258574e-07,-0.00044528952
1.259574e-07,-0.00045965074
1.260574e-07,-0.00047832031
1.261574e-07,-0.00049627183
1.262574e-07,-0.00050991498
1.263574e-07,-0.00051709559
1.264574e-07,-0.00051781365
1.265574e-07,-0.00051565947
1.266574e-07,-0.00051494141
1.267574e-07,-0.00051709559
1.268574e-07,-0.00052355813
1.269574e-07,-0.00053361098
1.270574e-07,-0.00054294577
1.271574e-07,-0.0005515625
1.272574e-07,-0.00055874311
1.273574e-07,-0.00056520565
1.274574e-07,-0.00057454044
1.275574e-07,-0.00058602941
1.276574e-07,-0.00059823644
1.277574e-07,-0.00060828929
1.278574e-07,-0.0006118796
1.279574e-07,-0.00060900735
1.280574e-07,-0.00060110869
1.281574e-07,-0.00059392808
1.282574e-07,-0.0005917739
1.283574e-07,-0.00059751838
1.284574e-07,-0.00061044347
1.285574e-07,-0.00062552275
1.286574e-07,-0.00063844784
1.287574e-07,-0.00064347426
1.288574e-07,-0.00064203814
1.289574e-07,-0.00063772978
1.290574e-07,-0.00063701172
1.291574e-07,-0.00064347426
1.292574e-07,-0.00065855354
1.293574e-07,-0.00067722312
1.294574e-07,-0.00069302045
1.295574e-07,-0.00070091912
1.296574e-07,-0.00069804688
1.297574e-07,-0.0006865579
1.298574e-07,-0.00067363281
1.299574e-07,-0.00066645221
1.300574e-07,-0.00066860639
1.301574e-07,-0.0006793773
1.302574e-07,-0.00069589269
1.303574e-07,-0.00071240809
1.304574e-07,-0.00072533318
1.305574e-07,-0.00073394991
1.306574e-07,-0.00074041245
1.307574e-07,-0.000746875
1.308574e-07,-0.00075549173
1.309574e-07,-0.00076554458
1.310574e-07,-0.00077487937
1.311574e-07,-0.00078134191
1.312574e-07,-0.00078493222
1.313574e-07,-0.00078852252
1.314574e-07,-0.00079354894
1.315574e-07,-0.00080431985
1.316574e-07,-0.00081939913
1.317574e-07,-0.00083735064
1.318574e-07,-0.00085242992
1.319574e-07,-0.00086176471
1.320574e-07,-0.00086535501
1.321574e-07,-0.00086607307
1.322574e-07,-0.00086750919
1.323574e-07,-0.00087325368
1.324574e-07,-0.00088258847
1.325574e-07,-0.00089192325
1.326574e-07,-0.00089766774
1.327574e-07,-0.00089623162
1.328574e-07,-0.00088905101
1.329574e-07,-0.00088115234
1.330574e-07,-0.0008782801
1.331574e-07,-0.00088474265
1.332574e-07,-0.00089982192
1.333574e-07,-0.00091920956
1.334574e-07,-0.00093500689
1.335574e-07,-0.0009421875
1.336574e-07,-0.00093787914
1.337574e-07,-0.00092710823
1.338574e-07,-0.00091490119
1.339574e-07,-0.00090772059
1.340574e-07,-0.00090915671
1.341574e-07,-0.00091633732
1.342574e-07,-0.00092495404
1.343574e-07,-0.00093069853
1.344574e-07,-0.00093069853
1.345574e-07,-0.00092854435
1.346574e-07,-0.00092710823
1.347574e-07,-0.00093069853
1.348574e-07,-0.00094003332
1.349574e-07,-0.00095224035
1.350574e-07,-0.00096157514
1.351574e-07,-0.00096516544
1.352574e-07,-0.00096301126
1.353574e-07,-0.0009587029
1.354574e-07,-0.00095798483
1.355574e-07,-0.00096516544
1.356574e-07,-0.00097880859
1.357574e-07,-0.00099388787
1.358574e-07,-0.0010025046
1.359574e-07,-0.00099963235
1.360574e-07,-0.00098670726
1.361574e-07,-0.00097019187
1.362574e-07,-0.00096013902
1.363574e-07,-0.00096516544
1.364574e-07,-0.00098670726
1.365574e-07,-0.0010183019
1.366574e-07,-0.0010491785
1.367574e-07,-0.0010685662
1.368574e-07,-0.0010707204
1.369574e-07,-0.0010570772
1.370574e-07,-0.0010376896
1.371574e-07,-0.0010226103
1.372574e-07,-0.0010183019
1.373574e-07,-0.0010269187
1.374574e-07,-0.0010419979
1.375574e-07,-0.0010570772
1.376574e-07,-0.001066412
1.377574e-07,-0.0010685662
1.378574e-07,-0.0010671301
1.379574e-07,-0.0010685662
1.380574e-07,-0.0010750287
1.381574e-07,-0.0010857996
1.382574e-07,-0.0010972886
1.383574e-07,-0.0011030331
1.384574e-07,-0.001101597
1.385574e-07,-0.0010951344
1.386574e-07,-0.001090108
1.387574e-07,-0.0010915441
1.388574e-07,-0.0011030331
1.389574e-07,-0.0011209846
1.390574e-07,-0.0011389361
1.391574e-07,-0.001148989
1.392574e-07,-0.0011461167
1.393574e-07,-0.0011324736
1.394574e-07,-0.0011152401
1.395574e-07,-0.0011030331
1.396574e-07,-0.0011037511
1.397574e-07,-0.0011173943
1.398574e-07,-0.0011396542
1.399574e-07,-0.0011604779
1.400574e-07,-0.0011719669
1.401574e-07,-0.0011690947
1.402574e-07,-0.0011554515
1.403574e-07,-0.0011375
1.404574e-07,-0.0011231388
1.405574e-07,-0.0011173943
1.406574e-07,-0.0011231388
1.407574e-07,-0.0011375
1.408574e-07,-0.0011554515
1.409574e-07,-0.0011719669
1.410574e-07,-0.0011856101
1.411574e-07,-0.0011949449
1.412574e-07,-0.0012014074
1.413574e-07,-0.0012071519
1.414574e-07,-0.0012128964
1.415574e-07,-0.0012179228
1.416574e-07,-0.0012229492
1.417574e-07,-0.0012272576
1.418574e-07,-0.0012301298
1.419574e-07,-0.0012294118
1.420574e-07,-0.0012243853
1.421574e-07,-0.0012121783
1.422574e-07,-0.0011942268
1.423574e-07,-0.0011719669
1.424574e-07,-0.0011511432
1.425574e-07,-0.0011375
1.426574e-07,-0.0011360639
1.427574e-07,-0.001148989
1.428574e-07,-0.0011712489
1.429574e-07,-0.0011935087
1.430574e-07,-0.0012078699
1.431574e-07,-0.0012064338
1.432574e-07,-0.0011892004
1.433574e-07,-0.001161196
1.434574e-07,-0.0011331916
1.435574e-07,-0.0011145221
1.436574e-07,-0.0011102137
1.437574e-07,-0.0011188304
1.438574e-07,-0.0011346278
1.439574e-07,-0.001148989
1.440574e-07,-0.0011547335
1.441574e-07,-0.0011511432
1.442574e-07,-0.0011389361
1.443574e-07,-0.001126011
1.444574e-07,-0.0011166762
1.445574e-07,-0.0011145221
1.446574e-07,-0.0011188304
1.447574e-07,-0.001126011
1.448574e-07,-0.0011331916
1.449574e-07,-0.0011375
1.450574e-07,-0.0011382181
1.451574e-07,-0.0011375
1.452574e-07,-0.0011353458
1.453574e-07,-0.0011331916
1.454574e-07,-0.0011296013
1.455574e-07,-0.001126011
1.456574e-07,-0.0011217027
1.457574e-07,-0.0011195485
1.458574e-07,-0.0011202665
1.459574e-07,-0.001126011
1.460574e-07,-0.0011353458
1.461574e-07,-0.0011468348
1.462574e-07,-0.0011554515
1.463574e-07,-0.0011604779
1.464574e-07,-0.0011604779
1.465574e-07,-0.0011583238
1.466574e-07,-0.0011576057
1.467574e-07,-0.0011604779
1.468574e-07,-0.0011683766
1.469574e-07,-0.0011805836
1.470574e-07,-0.0011935087
1.471574e-07,-0.0012064338
1.472574e-07,-0.0012186409
1.473574e-07,-0.0012315659
1.474574e-07,-0.0012466452
1.475574e-07,-0.0012638787
1.476574e-07,-0.0012825483
1.477574e-07,-0.0012997817
1.478574e-07,-0.0013127068
1.479574e-07,-0.0013213235
1.480574e-07,-0.0013285041
1.481574e-07,-0.001339275
1.482574e-07,-0.0013557904
1.483574e-07,-0.0013787684
1.484574e-07,-0.0014031824
1.485574e-07,-0.001421852
1.486574e-07,-0.0014297507
1.487574e-07,-0.0014247243
1.488574e-07,-0.0014117992
1.489574e-07,-0.0014003102
1.490574e-07,-0.0013995921
1.491574e-07,-0.0014132353
1.492574e-07,-0.0014398035
1.493574e-07,-0.0014699621
1.494574e-07,-0.0014943761
1.495574e-07,-0.0015051471
1.496574e-07,-0.0015015568
1.497574e-07,-0.0014907858
1.498574e-07,-0.0014821691
1.499574e-07,-0.0014821691
1.500574e-07,-0.00149294
1.501574e-07,-0.0015094554
1.502574e-07,-0.0015230986
1.503574e-07,-0.001528125
1.504574e-07,-0.0015230986
1.505574e-07,-0.0015137638
1.506574e-07,-0.0015087374
1.507574e-07,-0.001516636
1.508574e-07,-0.0015381778
1.509574e-07,-0.0015669003
1.510574e-07,-0.0015934685
1.511574e-07,-0.0016085478
1.512574e-07,-0.0016085478
1.513574e-07,-0.0015977769
1.514574e-07,-0.0015834157
1.515574e-07,-0.0015740809
1.516574e-07,-0.0015733628
1.517574e-07,-0.0015798254
1.518574e-07,-0.0015855699
1.519574e-07,-0.0015855699
1.520574e-07,-0.0015776712
1.521574e-07,-0.0015669003
1.522574e-07,-0.0015597197
1.523574e-07,-0.0015625919
1.524574e-07,-0.0015769531
1.525574e-07,-0.0015970588
1.526574e-07,-0.0016142923
1.527574e-07,-0.0016200368
1.528574e-07,-0.0016135742
1.529574e-07,-0.001599213
1.530574e-07,-0.001587724
1.531574e-07,-0.0015855699
1.532574e-07,-0.0015963408
1.533574e-07,-0.0016135742
1.534574e-07,-0.0016286535
1.535574e-07,-0.0016315257
1.536574e-07,-0.0016200368
1.537574e-07,-0.0015984949
1.538574e-07,-0.0015798254
1.539574e-07,-0.0015740809
1.540574e-07,-0.001587006
1.541574e-07,-0.0016157284
1.542574e-07,-0.0016494773
1.543574e-07,-0.0016774816
1.544574e-07,-0.0016918428
1.545574e-07,-0.001693997
1.546574e-07,-0.0016896886
1.547574e-07,-0.0016889706
1.548574e-07,-0.0016968693
1.549574e-07,-0.0017119485
1.550574e-07,-0.0017270278
1.551574e-07,-0.0017349265
1.552574e-07,-0.0017306181
1.553574e-07,-0.001716975
1.554574e-07,-0.0017033318
1.555574e-07,-0.0017004596
1.556574e-07,-0.0017133847
1.557574e-07,-0.0017421071
1.558574e-07,-0.0017758559
1.559574e-07,-0.0018038603
1.560574e-07,-0.0018175034
1.561574e-07,-0.0018146312
1.562574e-07,-0.0018031422
1.563574e-07,-0.0017923713
1.564574e-07,-0.0017923713
1.565574e-07,-0.0018060145
1.566574e-07,-0.0018282744
1.567574e-07,-0.0018498162
1.568574e-07,-0.0018620232
1.569574e-07,-0.0018613051
1.570574e-07,-0.0018505342
1.571574e-07,-0.0018383272
1.572574e-07,-0.0018340188
1.573574e-07,-0.0018419175
1.574574e-07,-0.0018605871
1.575574e-07,-0.0018842831
1.576574e-07,-0.0019036707
1.577574e-07,-0.0019130055
1.578574e-07,-0.0019130055
1.579574e-07,-0.001907261
1.580574e-07,-0.0019036707
1.581574e-07,-0.001907261
1.582574e-07,-0.0019209042
1.583574e-07,-0.0019417279
1.584574e-07,-0.0019632698
1.585574e-07,-0.0019797852
1.586574e-07,-0.0019876838
1.587574e-07,-0.0019876838
1.588574e-07,-0.0019833755
1.589574e-07,-0.0019790671
1.590574e-07,-0.0019797852
1.591574e-07,-0.0019876838
1.592574e-07,-0.002001327
1.593574e-07,-0.0020185604
1.594574e-07,-0.0020343578
1.595574e-07,-0.0020451287
1.596574e-07,-0.002048719
1.597574e-07,-0.0020444106
1.598574e-07,-0.0020343578
1.599574e-07,-0.0020221507
1.600574e-07,-0.0020128159
1.601574e-07,-0.0020113798
1.602574e-07,-0.0020185604
1.603574e-07,-0.0020336397
1.604574e-07,-0.0020523093
1.605574e-07,-0.0020688247
1.606574e-07,-0.0020788775
1.607574e-07,-0.0020795956
1.608574e-07,-0.0020738511
1.609574e-07,-0.0020645163
1.610574e-07,-0.0020580538
1.611574e-07,-0.0020566176
1.612574e-07,-0.0020594899
1.613574e-07,-0.0020645163
1.614574e-07,-0.0020681066
1.615574e-07,-0.0020681066
1.616574e-07,-0.0020652344
1.617574e-07,-0.0020637983
1.618574e-07,-0.0020681066
1.619574e-07,-0.0020795956
1.620574e-07,-0.0020982652
1.621574e-07,-0.0021190889
1.622574e-07,-0.0021370404
1.623574e-07,-0.0021485294
1.624574e-07,-0.0021521197
1.625574e-07,-0.0021506836
1.626574e-07,-0.0021478114
1.627574e-07,-0.0021485294
1.628574e-07,-0.0021528378
1.629574e-07,-0.0021600184
1.630574e-07,-0.0021664809
1.631574e-07,-0.0021715074
1.632574e-07,-0.0021758157
1.633574e-07,-0.0021808421
1.634574e-07,-0.002190895
1.635574e-07,-0.0022059743
1.636574e-07,-0.0022239258
1.637574e-07,-0.0022397231
1.638574e-07,-0.0022490579
1.639574e-07,-0.0022519301
1.640574e-07,-0.002250494
1.641574e-07,-0.002250494
1.642574e-07,-0.0022576746
1.643574e-07,-0.0022749081
1.644574e-07,-0.002297886
1.645574e-07,-0.0023194278
1.646574e-07,-0.0023323529
1.647574e-07,-0.0023323529
1.648574e-07,-0.002321582
1.649574e-07,-0.0023086569
1.650574e-07,-0.0023029125
1.651574e-07,-0.002309375
1.652574e-07,-0.0023273265
1.653574e-07,-0.0023495864
1.654574e-07,-0.0023653837
1.655574e-07,-0.0023668199
1.656574e-07,-0.0023524586
1.657574e-07,-0.0023280446
1.658574e-07,-0.0023029125
1.659574e-07,-0.0022863971
1.660574e-07,-0.0022813706
1.661574e-07,-0.0022842429
1.662574e-07,-0.0022885512
1.663574e-07,-0.0022863971
1.664574e-07,-0.0022770623
1.665574e-07,-0.0022648552
1.666574e-07,-0.0022583927
1.667574e-07,-0.0022634191
1.668574e-07,-0.0022820887
1.669574e-07,-0.0023086569
1.670574e-07,-0.0023323529
1.671574e-07,-0.0023438419
1.672574e-07,-0.0023395335
1.673574e-07,-0.0023230182
1.674574e-07,-0.0023021944
1.675574e-07,-0.0022863971
1.676574e-07,-0.0022813706
1.677574e-07,-0.002285679
1.678574e-07,-0.0022928596
1.679574e-07,-0.002297886
1.680574e-07,-0.002297168
1.681574e-07,-0.0022950138
1.682574e-07,-0.002297168
1.683574e-07,-0.002309375
1.684574e-07,-0.002333071
1.685574e-07,-0.0023632295
1.686574e-07,-0.0023890797
1.687574e-07,-0.0024012868
1.688574e-07,-0.0023969784
1.689574e-07,-0.002380463
1.690574e-07,-0.0023632295
1.691574e-07,-0.0023553309
1.692574e-07,-0.0023639476
1.693574e-07,-0.0023869256
1.694574e-07,-0.0024142119
1.695574e-07,-0.0024357537
1.696574e-07,-0.0024422162
1.697574e-07,-0.0024335995
1.698574e-07,-0.002416366
1.699574e-07,-0.0024012868
1.700574e-07,-0.0023984145
1.701574e-07,-0.0024099035
1.702574e-07,-0.0024328814
1.703574e-07,-0.0024587316
1.704574e-07,-0.0024802734
1.705574e-07,-0.0024939166
1.706574e-07,-0.0025003791
1.707574e-07,-0.0025046875
1.708574e-07,-0.00251115
1.709574e-07,-0.0025204848
1.710574e-07,-0.0025312557
1.711574e-07,-0.0025391544
1.712574e-07,-0.0025413086
1.713574e-07,-0.0025384364
1.714574e-07,-0.0025355641
1.715574e-07,-0.0025391544
1.716574e-07,-0.0025535156
1.717574e-07,-0.0025779297
1.718574e-07,-0.0026066521
1.719574e-07,-0.0026310662
1.720574e-07,-0.0026447093
1.721574e-07,-0.0026447093
1.722574e-07,-0.0026346565
1.723574e-07,-0.0026195772
1.724574e-07,-0.0026080882
1.725574e-07,-0.0026044979
1.726574e-07,-0.0026095244
1.727574e-07,-0.0026195772
1.728574e-07,-0.002628912
1.729574e-07,-0.0026346565
1.730574e-07,-0.0026346565
1.731574e-07,-0.0026310662
1.732574e-07,-0.0026260398
1.733574e-07,-0.0026224494
1.734574e-07,-0.0026202953
1.735574e-07,-0.0026195772
1.736574e-07,-0.0026181411
1.737574e-07,-0.0026159869
1.738574e-07,-0.0026116785
1.739574e-07,-0.0026080882
1.740574e-07,-0.0026044979
1.741574e-07,-0.0026016257
1.742574e-07,-0.0025994715
1.743574e-07,-0.0025965993
1.744574e-07,-0.0025944451
1.745574e-07,-0.002593727
1.746574e-07,-0.0025980354
1.747574e-07,-0.0026080882
1.748574e-07,-0.0026238856
1.749574e-07,-0.0026439913
1.750574e-07,-0.0026626608
1.751574e-07,-0.0026770221
1.752574e-07,-0.0026834846
1.753574e-07,-0.0026820485
1.754574e-07,-0.0026748679
1.755574e-07,-0.0026655331
1.756574e-07,-0.0026569164
1.757574e-07,-0.0026518899
1.758574e-07,-0.0026504538
1.759574e-07,-0.0026540441
1.760574e-07,-0.0026612247
1.761574e-07,-0.0026719956
1.762574e-07,-0.0026849207
1.763574e-07,-0.0027
1.764574e-07,-0.0027143612
1.765574e-07,-0.0027265682
1.766574e-07,-0.0027330308
1.767574e-07,-0.0027344669
1.768574e-07,-0.0027315947
1.769574e-07,-0.0027265682
1.770574e-07,-0.0027229779
1.771574e-07,-0.0027229779
1.772574e-07,-0.0027258502
1.773574e-07,-0.0027294405
1.774574e-07,-0.0027330308
1.775574e-07,-0.0027344669
1.776574e-07,-0.002735185
1.777574e-07,-0.0027366211
1.778574e-07,-0.0027402114
1.779574e-07,-0.0027459559
1.780574e-07,-0.0027517004
1.781574e-07,-0.0027545726
1.782574e-07,-0.0027524184
1.783574e-07,-0.0027459559
1.784574e-07,-0.0027387753
1.785574e-07,-0.002735903
1.786574e-07,-0.0027423656
1.787574e-07,-0.0027574449
1.788574e-07,-0.0027782686
1.789574e-07,-0.0027969382
1.790574e-07,-0.002806273
1.791574e-07,-0.0028034007
1.792574e-07,-0.0027897576
1.793574e-07,-0.0027725241
1.794574e-07,-0.002759599
1.795574e-07,-0.0027574449
1.796574e-07,-0.0027667796
1.797574e-07,-0.0027840131
1.798574e-07,-0.0028019646
1.799574e-07,-0.0028148897
1.800574e-07,-0.0028220703
1.801574e-07,-0.0028249426
1.802574e-07,-0.0028292509
1.803574e-07,-0.0028378676
1.804574e-07,-0.0028500747
1.805574e-07,-0.0028608456
1.806574e-07,-0.002865872
1.807574e-07,-0.0028608456
1.808574e-07,-0.0028479205
1.809574e-07,-0.0028321232
1.810574e-07,-0.0028235064
1.811574e-07,-0.0028263787
1.812574e-07,-0.002842176
1.813574e-07,-0.0028665901
1.814574e-07,-0.0028902861
1.815574e-07,-0.0029068015
1.816574e-07,-0.0029147001
1.817574e-07,-0.0029168543
1.818574e-07,-0.0029204446
1.819574e-07,-0.0029297794
1.820574e-07,-0.0029462948
1.821574e-07,-0.0029642463
1.822574e-07,-0.0029757353
1.823574e-07,-0.0029757353
1.824574e-07,-0.0029628102
1.825574e-07,-0.0029441406
1.826574e-07,-0.0029304975
1.827574e-07,-0.0029297794
1.828574e-07,-0.0029462948
1.829574e-07,-0.0029742992
1.830574e-07,-0.0030037397
1.831574e-07,-0.0030216912
1.832574e-07,-0.0030216912
1.833574e-07,-0.0030044577
1.834574e-07,-0.0029778895
1.835574e-07,-0.0029527574
1.836574e-07,-0.0029376781
1.837574e-07,-0.0029340878
1.838574e-07,-0.0029376781
1.839574e-07,-0.0029412684
1.840574e-07,-0.0029383961
1.841574e-07,-0.0029269072
1.842574e-07,-0.0029103918
1.843574e-07,-0.0028953125
1.844574e-07,-0.0028866958
1.845574e-07,-0.0028859777
1.846574e-07,-0.0028910041
1.847574e-07,-0.0028953125
1.848574e-07,-0.0028953125
1.849574e-07,-0.002889568
1.850574e-07,-0.0028809513
1.851574e-07,-0.0028723346
1.852574e-07,-0.0028680262
1.853574e-07,-0.0028687443
1.854574e-07,-0.0028708984
1.855574e-07,-0.0028723346
1.856574e-07,-0.0028694623
1.857574e-07,-0.0028644359
1.858574e-07,-0.0028594095
1.859574e-07,-0.0028608456
1.860574e-07,-0.0028708984
1.861574e-07,-0.0028881319
1.862574e-07,-0.0029096737
1.863574e-07,-0.0029297794
1.864574e-07,-0.0029434226
1.865574e-07,-0.002948449
1.866574e-07,-0.0029462948
1.867574e-07,-0.0029412684
1.868574e-07,-0.0029355239
1.869574e-07,-0.0029319336
1.870574e-07,-0.0029297794
1.871574e-07,-0.0029297794
1.872574e-07,-0.0029326517
1.873574e-07,-0.0029405503
1.874574e-07,-0.0029541935
1.875574e-07,-0.0029757353
1.876574e-07,-0.0030015855
1.877574e-07,-0.0030274357
1.878574e-07,-0.0030468233
1.879574e-07,-0.0030561581
1.880574e-07,-0.00305544
1.881574e-07,-0.0030482594
1.882574e-07,-0.0030425149
1.883574e-07,-0.0030446691
1.884574e-07,-0.0030568761
1.885574e-07,-0.0030762638
1.886574e-07,-0.0030970875
1.887574e-07,-0.0031136029
1.888574e-07,-0.0031207835
1.889574e-07,-0.0031200655
1.890574e-07,-0.0031157571
1.891574e-07,-0.0031136029
1.892574e-07,-0.0031186294
1.893574e-07,-0.0031308364
1.894574e-07,-0.0031466337
1.895574e-07,-0.0031595588
1.896574e-07,-0.0031653033
1.897574e-07,-0.0031624311
1.898574e-07,-0.0031516602
1.899574e-07,-0.0031365809
1.900574e-07,-0.0031215016
1.901574e-07,-0.0031085765
1.902574e-07,-0.0030985237
1.903574e-07,-0.003090625
1.904574e-07,-0.0030848805
1.905574e-07,-0.0030820083
1.906574e-07,-0.0030834444
1.907574e-07,-0.003090625
1.908574e-07,-0.003102114
1.909574e-07,-0.003114321
1.910574e-07,-0.0031229377
1.911574e-07,-0.0031250919
1.912574e-07,-0.0031186294
1.913574e-07,-0.0031042682
1.914574e-07,-0.0030863166
1.915574e-07,-0.0030676471
1.916574e-07,-0.0030504136
1.917574e-07,-0.0030324621
1.918574e-07,-0.0030123564
1.919574e-07,-0.0029872243
1.920574e-07,-0.0029556296
1.921574e-07,-0.0029197266
1.922574e-07,-0.0028831055
1.923574e-07,-0.0028493566
1.924574e-07,-0.0028206342
1.925574e-07,-0.0027955021
1.926574e-07,-0.0027718061
1.927574e-07,-0.0027459559
1.928574e-07,-0.0027157973
1.929574e-07,-0.0026813304
1.930574e-07,-0.002641119
1.931574e-07,-0.0025965993
1.932574e-07,-0.0025448989
1.933574e-07,-0.0024845818
1.934574e-07,-0.0024134938
1.935574e-07,-0.0023323529
1.936574e-07,-0.0022447495
1.937574e-07,-0.0021578642
1.938574e-07,-0.0020781595
1.939574e-07,-0.0020106618
1.940574e-07,-0.0019553711
1.941574e-07,-0.001907261
1.942574e-07,-0.001859151
1.943574e-07,-0.0018038603
1.944574e-07,-0.0017392348
1.945574e-07,-0.0016667107
1.946574e-07,-0.0015905963
1.947574e-07,-0.001516636
1.948574e-07,-0.0014484203
1.949574e-07,-0.0013852309
1.950574e-07,-0.0013241958
1.951574e-07,-0.0012638787
1.952574e-07,-0.0012028435
1.953574e-07,-0.0011432445
1.954574e-07,-0.001090108
1.955574e-07,-0.0010455882
1.956574e-07,-0.0010104033
1.957574e-07,-0.00098168084
1.958574e-07,-0.00095295841
1.959574e-07,-0.00091920956
1.960574e-07,-0.00087756204
1.961574e-07,-0.00083017004
1.962574e-07,-0.00078062385
1.963574e-07,-0.00073538603
1.964574e-07,-0.00069661075
1.965574e-07,-0.00066429802
1.966574e-07,-0.00063629366
1.967574e-07,-0.00060900735
1.968574e-07,-0.00058172105
1.969574e-07,-0.00055730699
1.970574e-07,-0.00053791935
1.971574e-07,-0.00052858456
1.972574e-07,-0.00052858456
1.973574e-07,-0.00053432904
1.974574e-07,-0.00054007353
1.975574e-07,-0.00054007353
1.976574e-07,-0.00053289292
1.977574e-07,-0.00051924977
1.978574e-07,-0.0005041705
1.979574e-07,-0.00049411765
1.980574e-07,-0.0004912454
1.981574e-07,-0.00049483571
1.982574e-07,-0.00050129825
1.983574e-07,-0.00050560662
1.984574e-07,-0.00050632468
1.985574e-07,-0.00050345244
1.986574e-07,-0.00050129825
1.987574e-07,-0.00050560662
1.988574e-07,-0.00051781365
1.989574e-07,-0.00053863741
1.990574e-07,-0.00056233341
1.991574e-07,-0.00058602941
1.992574e-07,-0.00060469899
1.993574e-07,-0.00061762408
1.994574e-07,-0.00062552275
1.995574e-07,-0.00063198529
1.996574e-07,-0.00063772978
1.997574e-07,-0.00064203814
1.998574e-07,-0.00064491039
1.999574e-07,-0.00064347426
2.000574e-07,-0.00063988396
2.001574e-07,-0.00063772978
2.002574e-07,-0.00064132008
2.003574e-07,-0.00065496324
2.004574e-07,-0.00067865924
2.005574e-07,-0.00070809972
2.006574e-07,-0.00073682215
2.007574e-07,-0.00075836397
2.008574e-07,-0.00076841682
2.009574e-07,-0.00076841682
2.010574e-07,-0.00076267233
2.011574e-07,-0.00075836397
2.012574e-07,-0.00075980009
2.013574e-07,-0.00076841682
2.014574e-07,-0.00078134191
2.015574e-07,-0.00079283088
2.016574e-07,-0.00079857537
2.017574e-07,-0.00079642119
2.018574e-07,-0.00078924058
2.019574e-07,-0.00078134191
2.020574e-07,-0.00077703355
2.021574e-07,-0.00077990579
2.022574e-07,-0.00078924058
2.023574e-07,-0.00080431985
2.024574e-07,-0.00082083525
2.025574e-07,-0.00083735064
2.026574e-07,-0.0008509938
2.027574e-07,-0.00086176471
2.028574e-07,-0.00086894531
2.029574e-07,-0.00087181756
2.030574e-07,-0.00086966337
2.031574e-07,-0.00086176471
2.032574e-07,-0.00085027574
2.033574e-07,-0.0008380687
2.034574e-07,-0.00082873392
2.035574e-07,-0.00082729779
2.036574e-07,-0.00083376034
2.037574e-07,-0.00084668543
2.038574e-07,-0.00086176471
2.039574e-07,-0.00087325368
2.040574e-07,-0.0008782801
2.041574e-07,-0.00087684398
2.042574e-07,-0.00086966337
2.043574e-07,-0.00086176471
2.044574e-07,-0.00085602022
2.045574e-07,-0.00085314798
2.046574e-07,-0.00085242992
2.047574e-07,-0.00085027574
2.048574e-07,-0.00084453125
2.049574e-07,-0.00083519646
2.050574e-07,-0.00082442555
2.051574e-07,-0.00081580882
2.052574e-07,-0.00081293658
2.053574e-07,-0.00081796301
2.054574e-07,-0.00082801585
2.055574e-07,-0.00083878676
2.056574e-07,-0.00084668543
2.057574e-07,-0.00084812155
2.058574e-07,-0.00084453125
2.059574e-07,-0.00083878676
2.060574e-07,-0.00083519646
2.061574e-07,-0.00083663258
2.062574e-07,-0.00084309513
2.063574e-07,-0.00085027574
2.064574e-07,-0.00085314798
2.065574e-07,-0.00084812155
2.066574e-07,-0.00083376034
2.067574e-07,-0.00081580882
2.068574e-07,-0.00080001149
2.069574e-07,-0.00079354894
2.070574e-07,-0.00079929343
2.071574e-07,-0.00081580882
2.072574e-07,-0.00083591452
2.073574e-07,-0.00085027574
2.074574e-07,-0.00085171186
2.075574e-07,-0.00083878676
2.076574e-07,-0.00081509076
2.077574e-07,-0.00078995864
2.078574e-07,-0.00077272518
2.079574e-07,-0.00076985294
2.080574e-07,-0.00078062385
2.081574e-07,-0.00080001149
2.082574e-07,-0.00081868107
2.083574e-07,-0.00082729779
2.084574e-07,-0.00082227137
2.085574e-07,-0.00080647403
2.086574e-07,-0.00078565028
2.087574e-07,-0.00076985294
2.088574e-07,-0.00076482652
2.089574e-07,-0.00077200712
2.090574e-07,-0.00078780446
2.091574e-07,-0.00080431985
2.092574e-07,-0.0008143727
2.093574e-07,-0.0008143727
2.094574e-07,-0.00080575597
2.095574e-07,-0.00079283088
2.096574e-07,-0.00078277803
2.097574e-07,-0.00078062385
2.098574e-07,-0.00078852252
2.099574e-07,-0.00080431985
2.100574e-07,-0.00082442555
2.101574e-07,-0.00084381319
2.102574e-07,-0.00086032858
2.103574e-07,-0.00087325368
2.104574e-07,-0.00088402459
2.105574e-07,-0.00089551356
2.106574e-07,-0.00090772059
2.107574e-07,-0.00091920956
2.108574e-07,-0.00092854435
2.109574e-07,-0.00093357077
2.110574e-07,-0.00093428883
2.111574e-07,-0.00093069853
2.112574e-07,-0.00092710823
2.113574e-07,-0.00092639017
2.114574e-07,-0.00093141659
2.115574e-07,-0.0009421875
2.116574e-07,-0.00095726677
2.117574e-07,-0.00097378217
2.118574e-07,-0.00098814338
2.119574e-07,-0.00099963235
2.120574e-07,-0.0010082491
2.121574e-07,-0.0010161477
2.122574e-07,-0.0010247645
2.123574e-07,-0.0010340993
2.124574e-07,-0.0010441521
2.125574e-07,-0.0010520508
2.126574e-07,-0.0010570772
2.127574e-07,-0.0010570772
2.128574e-07,-0.001054205
2.129574e-07,-0.0010506147
2.130574e-07,-0.0010506147
2.131574e-07,-0.0010570772
2.132574e-07,-0.0010714384
2.133574e-07,-0.0010936983
2.134574e-07,-0.0011209846
2.135574e-07,-0.001148989
2.136574e-07,-0.001173403
2.137574e-07,-0.0011906365
2.138574e-07,-0.0011985352
2.139574e-07,-0.0011949449
2.140574e-07,-0.0011805836
2.141574e-07,-0.0011583238
2.142574e-07,-0.0011303194
2.143574e-07,-0.0011030331
2.144574e-07,-0.0010807732
2.145574e-07,-0.0010685662
2.146574e-07,-0.0010685662
2.147574e-07,-0.0010800551
2.148574e-07,-0.0010994428
2.149574e-07,-0.0011202665
2.150574e-07,-0.0011382181
2.151574e-07,-0.001148989
2.152574e-07,-0.0011511432
2.153574e-07,-0.0011461167
2.154574e-07,-0.0011367819
2.155574e-07,-0.001126011
2.156574e-07,-0.0011159582
2.157574e-07,-0.0011073415
2.158574e-07,-0.0010994428
2.159574e-07,-0.0010915441
2.160574e-07,-0.0010850816
2.161574e-07,-0.0010814913
2.162574e-07,-0.0010836455
2.163574e-07,-0.0010915441
2.164574e-07,-0.0011044692
2.165574e-07,-0.0011188304
2.166574e-07,-0.0011310375
2.167574e-07,-0.0011375
2.168574e-07,-0.0011382181
2.169574e-07,-0.0011346278
2.170574e-07,-0.0011296013
2.171574e-07,-0.001126011
2.172574e-07,-0.001126011
2.173574e-07,-0.0011274472
2.174574e-07,-0.0011281652
2.175574e-07,-0.001126011
2.176574e-07,-0.0011195485
2.177574e-07,-0.0011109318
2.178574e-07,-0.0011037511
2.179574e-07,-0.0011030331
2.180574e-07,-0.0011116498
2.181574e-07,-0.0011281652
2.182574e-07,-0.0011504251
2.183574e-07,-0.0011719669
2.184574e-07,-0.0011877642
2.185574e-07,-0.0011942268
2.186574e-07,-0.0011920726
2.187574e-07,-0.0011834559
2.188574e-07,-0.001172685
2.189574e-07,-0.0011633502
2.190574e-07,-0.0011590418
2.191574e-07,-0.0011604779
2.192574e-07,-0.0011669405
2.193574e-07,-0.0011762753
2.194574e-07,-0.0011863281
2.195574e-07,-0.0011949449
2.196574e-07,-0.0011999713
2.197574e-07,-0.0012006893
2.198574e-07,-0.0011978171
2.199574e-07,-0.0011949449
2.200574e-07,-0.0011942268
2.201574e-07,-0.001197099
2.202574e-07,-0.0012057158
2.203574e-07,-0.0012179228
2.204574e-07,-0.0012308479
2.205574e-07,-0.0012416188
2.206574e-07,-0.0012480813
2.207574e-07,-0.0012523897
2.208574e-07,-0.0012566981
2.209574e-07,-0.0012653148
2.210574e-07,-0.001278958
2.211574e-07,-0.0012983456
2.212574e-07,-0.0013191693
2.213574e-07,-0.0013364028
2.214574e-07,-0.0013486098
2.215574e-07,-0.0013557904
2.216574e-07,-0.001362971
2.217574e-07,-0.0013751781
2.218574e-07,-0.0013960018
2.219574e-07,-0.0014247243
2.220574e-07,-0.0014548828
2.221574e-07,-0.0014778608
2.222574e-07,-0.0014871955
2.223574e-07,-0.0014821691
2.224574e-07,-0.0014678079
2.225574e-07,-0.0014548828
2.226574e-07,-0.0014541648
2.227574e-07,-0.0014706801
2.228574e-07,-0.0015015568
2.229574e-07,-0.0015367417
2.230574e-07,-0.001564028
2.231574e-07,-0.0015740809
2.232574e-07,-0.0015654642
2.233574e-07,-0.0015446404
2.234574e-07,-0.0015216625
2.235574e-07,-0.0015051471
2.236574e-07,-0.0015001206
2.237574e-07,-0.0015029929
2.238574e-07,-0.0015065832
2.239574e-07,-0.0015051471
2.240574e-07,-0.0014958123
2.241574e-07,-0.0014821691
2.242574e-07,-0.0014721163
2.243574e-07,-0.0014706801
2.244574e-07,-0.0014792969
2.245574e-07,-0.0014936581
2.246574e-07,-0.001504429
2.247574e-07,-0.0015051471
2.248574e-07,-0.00149294
2.249574e-07,-0.0014735524
2.250574e-07,-0.0014556009
2.251574e-07,-0.0014477022
2.252574e-07,-0.0014548828
2.253574e-07,-0.0014742705
2.254574e-07,-0.0014979665
2.255574e-07,-0.001516636
2.256574e-07,-0.0015252528
2.257574e-07,-0.0015238166
2.258574e-07,-0.0015187902
2.259574e-07,-0.001516636
2.260574e-07,-0.0015230986
2.261574e-07,-0.0015374598
2.262574e-07,-0.0015561294
2.263574e-07,-0.0015740809
2.264574e-07,-0.001587006
2.265574e-07,-0.0015956227
2.266574e-07,-0.0016020852
2.267574e-07,-0.0016085478
2.268574e-07,-0.0016135742
2.269574e-07,-0.0016142923
2.270574e-07,-0.0016056756
2.271574e-07,-0.0015855699
2.272574e-07,-0.0015582835
2.273574e-07,-0.0015338695
2.274574e-07,-0.0015209444
2.275574e-07,-0.001528125
2.276574e-07,-0.0015539752
2.277574e-07,-0.0015891602
2.278574e-07,-0.0016193187
2.279574e-07,-0.0016315257
2.280574e-07,-0.0016207548
2.281574e-07,-0.0015920324
2.282574e-07,-0.0015561294
2.283574e-07,-0.001528125
2.284574e-07,-0.001516636
2.285574e-07,-0.0015216625
2.286574e-07,-0.0015367417
2.287574e-07,-0.0015511029
2.288574e-07,-0.0015561294
2.289574e-07,-0.0015503849
2.290574e-07,-0.0015381778
2.291574e-07,-0.001528125
2.292574e-07,-0.0015266889
2.293574e-07,-0.0015367417
2.294574e-07,-0.0015539752
2.295574e-07,-0.0015740809
2.296574e-07,-0.0015905963
2.297574e-07,-0.0016020852
2.298574e-07,-0.001610702
2.299574e-07,-0.0016200368
2.300574e-07,-0.0016329619
2.301574e-07,-0.0016487592
2.302574e-07,-0.0016652746
2.303574e-07,-0.0016774816
2.304574e-07,-0.0016839442
2.305574e-07,-0.0016853803
2.306574e-07,-0.0016853803
2.307574e-07,-0.0016889706
2.308574e-07,-0.0016975873
2.309574e-07,-0.0017105124
2.310574e-07,-0.0017234375
2.311574e-07,-0.0017349265
2.312574e-07,-0.0017428251
2.313574e-07,-0.0017492877
2.314574e-07,-0.0017571864
2.315574e-07,-0.0017693934
2.316574e-07,-0.0017837546
2.317574e-07,-0.0017973977
2.318574e-07,-0.0018045784
2.319574e-07,-0.0018038603
2.320574e-07,-0.0017966797
2.321574e-07,-0.0017902171
2.322574e-07,-0.0017909352
2.323574e-07,-0.0018038603
2.324574e-07,-0.0018268382
2.325574e-07,-0.0018519704
2.326574e-07,-0.0018692038
2.327574e-07,-0.0018727941
2.328574e-07,-0.0018613051
2.329574e-07,-0.0018411994
2.330574e-07,-0.0018232479
2.331574e-07,-0.0018153493
2.332574e-07,-0.0018210938
2.333574e-07,-0.0018368911
2.334574e-07,-0.0018526884
2.335574e-07,-0.0018613051
2.336574e-07,-0.001859151
2.337574e-07,-0.0018512523
2.338574e-07,-0.0018447898
2.339574e-07,-0.0018498162
2.340574e-07,-0.0018684858
2.341574e-07,-0.0018979262
2.342574e-07,-0.0019295209
2.343574e-07,-0.0019532169
2.344574e-07,-0.0019639878
2.345574e-07,-0.0019632698
2.346574e-07,-0.0019568072
2.347574e-07,-0.0019532169
2.348574e-07,-0.0019560892
2.349574e-07,-0.001966142
2.350574e-07,-0.001978349
2.351574e-07,-0.0019876838
2.352574e-07,-0.0019934283
2.353574e-07,-0.0019970186
2.354574e-07,-0.0020056353
2.355574e-07,-0.0020221507
2.356574e-07,-0.0020480009
2.357574e-07,-0.0020774414
2.358574e-07,-0.0021018555
2.359574e-07,-0.0021140625
2.360574e-07,-0.0021119083
2.361574e-07,-0.0020997013
2.362574e-07,-0.0020860581
2.363574e-07,-0.0020795956
2.364574e-07,-0.0020824678
2.365574e-07,-0.0020910846
2.366574e-07,-0.002096829
2.367574e-07,-0.0020910846
2.368574e-07,-0.0020716969
2.369574e-07,-0.0020429745
2.370574e-07,-0.0020149701
2.371574e-07,-0.0019991728
2.372574e-07,-0.0020006089
2.373574e-07,-0.0020171243
2.374574e-07,-0.0020393842
2.375574e-07,-0.0020566176
2.376574e-07,-0.002060208
2.377574e-07,-0.002048719
2.378574e-07,-0.0020293313
2.379574e-07,-0.0020106618
2.380574e-07,-0.002001327
2.381574e-07,-0.0020034812
2.382574e-07,-0.0020128159
2.383574e-07,-0.0020221507
2.384574e-07,-0.0020243049
2.385574e-07,-0.0020185604
2.386574e-07,-0.0020077895
2.387574e-07,-0.0019991728
2.388574e-07,-0.0019991728
2.389574e-07,-0.0020099437
2.390574e-07,-0.0020278952
2.391574e-07,-0.0020451287
2.392574e-07,-0.0020558996
2.393574e-07,-0.0020566176
2.394574e-07,-0.0020472829
2.395574e-07,-0.0020336397
2.396574e-07,-0.0020199966
2.397574e-07,-0.0020099437
2.398574e-07,-0.0020034812
2.399574e-07,-0.0019991728
2.400574e-07,-0.0019963006
2.401574e-07,-0.0019934283
2.402574e-07,-0.0019941464
2.403574e-07,-0.0019991728
2.404574e-07,-0.0020099437
2.405574e-07,-0.0020243049
2.406574e-07,-0.0020379481
2.407574e-07,-0.0020451287
2.408574e-07,-0.0020422564
2.409574e-07,-0.0020293313
2.410574e-07,-0.0020092256
2.411574e-07,-0.0019876838
2.412574e-07,-0.0019697323
2.413574e-07,-0.0019589614
2.414574e-07,-0.001953935
2.415574e-07,-0.0019532169
2.416574e-07,-0.001954653
2.417574e-07,-0.0019568072
2.418574e-07,-0.0019596795
2.419574e-07,-0.0019647059
2.420574e-07,-0.0019718865
2.421574e-07,-0.0019812213
2.422574e-07,-0.0019905561
2.423574e-07,-0.0019991728
2.424574e-07,-0.0020056353
2.425574e-07,-0.0020099437
2.426574e-07,-0.0020113798
2.427574e-07,-0.0020106618
2.428574e-07,-0.0020070715
2.429574e-07,-0.0019991728
2.430574e-07,-0.0019876838
2.431574e-07,-0.0019761949
2.432574e-07,-0.0019690142
2.433574e-07,-0.0019726045
2.434574e-07,-0.0019905561
2.435574e-07,-0.0020221507
2.436574e-07,-0.0020630802
2.437574e-07,-0.0021047277
2.438574e-07,-0.0021384766
2.439574e-07,-0.0021600184
2.440574e-07,-0.0021693532
2.441574e-07,-0.0021715074
2.442574e-07,-0.0021743796
2.443574e-07,-0.0021829963
2.444574e-07,-0.0021987937
2.445574e-07,-0.0022174632
2.446574e-07,-0.0022332606
2.447574e-07,-0.0022404412
2.448574e-07,-0.0022390051
2.449574e-07,-0.0022332606
2.450574e-07,-0.0022275161
2.451574e-07,-0.0022289522
2.452574e-07,-0.0022375689
2.453574e-07,-0.0022512121
2.454574e-07,-0.0022648552
2.455574e-07,-0.0022749081
2.456574e-07,-0.0022806526
2.457574e-07,-0.0022835248
2.458574e-07,-0.0022892693
2.459574e-07,-0.002297886
2.460574e-07,-0.0023079389
2.461574e-07,-0.0023144014
2.462574e-07,-0.0023115292
2.463574e-07,-0.002297886
2.464574e-07,-0.0022770623
2.465574e-07,-0.0022591108
2.466574e-07,-0.0022526482
2.467574e-07,-0.0022634191
2.468574e-07,-0.0022899874
2.469574e-07,-0.0023237362
2.470574e-07,-0.0023524586
2.471574e-07,-0.0023668199
2.472574e-07,-0.0023653837
2.473574e-07,-0.0023538948
2.474574e-07,-0.0023438419
2.475574e-07,-0.0023438419
2.476574e-07,-0.0023582031
2.477574e-07,-0.0023811811
2.478574e-07,-0.0024027229
2.479574e-07,-0.0024127757
2.480574e-07,-0.0024070313
2.481574e-07,-0.0023890797
2.482574e-07,-0.002368256
2.483574e-07,-0.0023553309
2.484574e-07,-0.002356767
2.485574e-07,-0.0023718463
2.486574e-07,-0.0023933881
2.487574e-07,-0.0024127757
2.488574e-07,-0.0024228286
2.489574e-07,-0.0024213925
2.490574e-07,-0.0024127757
2.491574e-07,-0.0024012868
2.492574e-07,-0.0023905159
2.493574e-07,-0.002380463
2.494574e-07,-0.0023696921
2.495574e-07,-0.0023553309
2.496574e-07,-0.0023388155
2.497574e-07,-0.0023258904
2.498574e-07,-0.0023223001
2.499574e-07,-0.0023323529
2.500574e-07,-0.0023553309
2.501574e-07,-0.0023840533
2.502574e-07,-0.0024091854
2.503574e-07,-0.0024242647
2.504574e-07,-0.0024271369
2.505574e-07,-0.0024221105
2.506574e-07,-0.0024192383
2.507574e-07,-0.0024242647
2.508574e-07,-0.0024386259
2.509574e-07,-0.0024558594
2.510574e-07,-0.0024651942
2.511574e-07,-0.0024587316
2.512574e-07,-0.0024350356
2.513574e-07,-0.0024005687
2.514574e-07,-0.0023696921
2.515574e-07,-0.0023553309
2.516574e-07,-0.0023632295
2.517574e-07,-0.0023890797
2.518574e-07,-0.0024221105
2.519574e-07,-0.0024472426
2.520574e-07,-0.0024544233
2.521574e-07,-0.0024436523
2.522574e-07,-0.0024213925
2.523574e-07,-0.0024012868
2.524574e-07,-0.002391952
2.525574e-07,-0.0023976965
2.526574e-07,-0.0024113396
2.527574e-07,-0.0024242647
2.528574e-07,-0.0024264189
2.529574e-07,-0.0024149299
2.530574e-07,-0.002391952
2.531574e-07,-0.0023668199
2.532574e-07,-0.0023488683
2.533574e-07,-0.0023438419
2.534574e-07,-0.0023510225
2.535574e-07,-0.0023668199
2.536574e-07,-0.0023840533
2.537574e-07,-0.0023984145
2.538574e-07,-0.0024077493
2.539574e-07,-0.0024127757
2.540574e-07,-0.002416366
2.541574e-07,-0.0024199563
2.542574e-07,-0.0024228286
2.543574e-07,-0.0024242647
2.544574e-07,-0.0024242647
2.545574e-07,-0.0024242647
2.546574e-07,-0.0024271369
2.547574e-07,-0.0024357537
2.548574e-07,-0.002451551
2.549574e-07,-0.0024730928
2.550574e-07,-0.0024960708
2.551574e-07,-0.0025161765
2.552574e-07,-0.0025305377
2.553574e-07,-0.0025391544
2.554574e-07,-0.0025448989
2.555574e-07,-0.0025506434
2.556574e-07,-0.002557824
2.557574e-07,-0.0025664407
2.558574e-07,-0.0025721852
2.559574e-07,-0.0025736213
2.560574e-07,-0.002569313
2.561574e-07,-0.0025621324
2.562574e-07,-0.0025549517
2.563574e-07,-0.0025506434
2.564574e-07,-0.0025506434
2.565574e-07,-0.0025535156
2.566574e-07,-0.0025542337
2.567574e-07,-0.0025506434
2.568574e-07,-0.0025420267
2.569574e-07,-0.0025305377
2.570574e-07,-0.0025204848
2.571574e-07,-0.0025161765
2.572574e-07,-0.0025176126
2.573574e-07,-0.0025212029
2.574574e-07,-0.002521921
2.575574e-07,-0.0025161765
2.576574e-07,-0.0025018153
2.577574e-07,-0.0024831457
2.578574e-07,-0.0024666303
2.579574e-07,-0.0024587316
2.580574e-07,-0.00246304
2.581574e-07,-0.0024781193
2.582574e-07,-0.002498225
2.583574e-07,-0.0025161765
2.584574e-07,-0.0025262293
2.585574e-07,-0.0025262293
2.586574e-07,-0.0025183307
2.587574e-07,-0.0025046875
2.588574e-07,-0.0024903263
2.589574e-07,-0.0024774012
2.590574e-07,-0.0024666303
2.591574e-07,-0.0024587316
2.592574e-07,-0.0024537052
2.593574e-07,-0.0024529871
2.594574e-07,-0.0024587316
2.595574e-07,-0.0024702206
2.596574e-07,-0.002486736
2.597574e-07,-0.0025039694
2.598574e-07,-0.0025183307
2.599574e-07,-0.0025276654
2.600574e-07,-0.0025326919
2.601574e-07,-0.0025362822
2.602574e-07,-0.0025413086
2.603574e-07,-0.0025506434
2.604574e-07,-0.0025621324
2.605574e-07,-0.0025721852
2.606574e-07,-0.0025764936
2.607574e-07,-0.0025736213
2.608574e-07,-0.0025650046
2.609574e-07,-0.0025571059
2.610574e-07,-0.0025549517
2.611574e-07,-0.0025621324
2.612574e-07,-0.0025764936
2.613574e-07,-0.0025908548
2.614574e-07,-0.0025994715
2.615574e-07,-0.0025965993
2.616574e-07,-0.0025836742
2.617574e-07,-0.0025664407
2.618574e-07,-0.0025535156
2.619574e-07,-0.0025506434
2.620574e-07,-0.002557824
2.621574e-07,-0.002570031
2.622574e-07,-0.0025772116
2.623574e-07,-0.0025736213
2.624574e-07,-0.0025571059
2.625574e-07,-0.002534128
2.626574e-07,-0.0025133042
2.627574e-07,-0.0025046875
2.628574e-07,-0.0025118681
2.629574e-07,-0.0025312557
2.630574e-07,-0.0025549517
2.631574e-07,-0.0025736213
2.632574e-07,-0.00258152
2.633574e-07,-0.0025800839
2.634574e-07,-0.0025750574
2.635574e-07,-0.0025736213
2.636574e-07,-0.0025808019
2.637574e-07,-0.0025965993
2.638574e-07,-0.0026152688
2.639574e-07,-0.0026310662
2.640574e-07,-0.0026396829
2.641574e-07,-0.002641119
2.642574e-07,-0.0026396829
2.643574e-07,-0.0026425551
2.644574e-07,-0.0026518899
2.645574e-07,-0.0026676873
2.646574e-07,-0.0026849207
2.647574e-07,-0.0027
2.648574e-07,-0.0027093348
2.649574e-07,-0.0027136432
2.650574e-07,-0.0027165154
2.651574e-07,-0.0027229779
2.652574e-07,-0.0027330308
2.653574e-07,-0.0027459559
2.654574e-07,-0.0027552907
2.655574e-07,-0.0027574449
2.656574e-07,-0.0027517004
2.657574e-07,-0.0027416475
2.658574e-07,-0.0027337489
2.659574e-07,-0.0027344669
2.660574e-07,-0.0027459559
2.661574e-07,-0.0027653435
2.662574e-07,-0.0027868853
2.663574e-07,-0.0028034007
2.664574e-07,-0.0028120175
2.665574e-07,-0.0028134536
2.666574e-07,-0.0028127355
2.667574e-07,-0.0028148897
2.668574e-07,-0.0028235064
2.669574e-07,-0.0028371496
2.670574e-07,-0.0028515108
2.671574e-07,-0.0028608456
2.672574e-07,-0.0028629998
2.673574e-07,-0.0028594095
2.674574e-07,-0.002853665
2.675574e-07,-0.0028493566
2.676574e-07,-0.0028486386
2.677574e-07,-0.0028507927
2.678574e-07,-0.0028515108
2.679574e-07,-0.0028493566
2.680574e-07,-0.0028436121
2.681574e-07,-0.0028371496
2.682574e-07,-0.0028342773
2.683574e-07,-0.0028378676
2.684574e-07,-0.0028450483
2.685574e-07,-0.0028515108
2.686574e-07,-0.0028500747
2.687574e-07,-0.0028378676
2.688574e-07,-0.0028156078
2.689574e-07,-0.0027911937
2.690574e-07,-0.0027732422
2.691574e-07,-0.0027689338
2.692574e-07,-0.0027789867
2.693574e-07,-0.0027969382
2.694574e-07,-0.0028156078
2.695574e-07,-0.0028263787
2.696574e-07,-0.0028278148
2.697574e-07,-0.0028235064
2.698574e-07,-0.0028206342
2.699574e-07,-0.0028263787
2.700574e-07,-0.002841458
2.701574e-07,-0.0028615636
2.702574e-07,-0.002878079
2.703574e-07,-0.0028838235
2.704574e-07,-0.002878079
2.705574e-07,-0.002865872
2.706574e-07,-0.0028572553
2.707574e-07,-0.0028608456
2.708574e-07,-0.0028795152
2.709574e-07,-0.0029089557
2.710574e-07,-0.0029405503
2.711574e-07,-0.0029642463
2.712574e-07,-0.0029757353
2.713574e-07,-0.0029771714
2.714574e-07,-0.0029742992
2.715574e-07,-0.0029757353
2.716574e-07,-0.002984352
2.717574e-07,-0.0029994313
2.718574e-07,-0.0030137925
2.719574e-07,-0.0030216912
2.720574e-07,-0.0030209731
2.721574e-07,-0.0030145106
2.722574e-07,-0.0030087661
2.723574e-07,-0.0030102022
2.724574e-07,-0.0030202551
2.725574e-07,-0.0030360524
2.726574e-07,-0.0030504136
2.727574e-07,-0.0030561581
2.728574e-07,-0.0030518497
2.729574e-07,-0.0030396427
2.730574e-07,-0.0030281537
2.731574e-07,-0.0030216912
2.732574e-07,-0.0030231273
2.733574e-07,-0.0030295898
2.734574e-07,-0.0030346163
2.735574e-07,-0.0030331801
2.736574e-07,-0.0030259995
2.737574e-07,-0.0030166648
2.738574e-07,-0.0030137925
2.739574e-07,-0.0030216912
2.740574e-07,-0.0030389246
2.741574e-07,-0.0030583123
2.742574e-07,-0.0030698012
2.743574e-07,-0.0030676471
2.744574e-07,-0.0030511317
2.745574e-07,-0.0030295898
2.746574e-07,-0.0030123564
2.747574e-07,-0.0030102022
2.748574e-07,-0.0030224092
2.749574e-07,-0.0030425149
2.750574e-07,-0.0030568761
2.751574e-07,-0.0030561581
2.752574e-07,-0.0030374885
2.753574e-07,-0.0030087661
2.754574e-07,-0.002983634
2.755574e-07,-0.0029757353
2.756574e-07,-0.0029893784
2.757574e-07,-0.0030202551
2.758574e-07,-0.003054722
2.759574e-07,-0.003079136
2.760574e-07,-0.0030841625
2.761574e-07,-0.0030712374
2.762574e-07,-0.0030504136
2.763574e-07,-0.0030331801
2.764574e-07,-0.0030288718
2.765574e-07,-0.0030396427
2.766574e-07,-0.0030590303
2.767574e-07,-0.003079136
2.768574e-07,-0.0030934972
2.769574e-07,-0.0031006778
2.770574e-07,-0.0031049862
2.771574e-07,-0.0031136029
2.772574e-07,-0.0031286822
2.773574e-07,-0.0031487879
2.774574e-07,-0.0031688936
2.775574e-07,-0.0031825368
2.776574e-07,-0.0031882812
2.777574e-07,-0.0031882812
2.778574e-07,-0.0031882812
2.779574e-07,-0.0031940257
2.780574e-07,-0.0032062328
2.781574e-07,-0.003220594
2.782574e-07,-0.0032292107
2.783574e-07,-0.0032284926
2.784574e-07,-0.0032177217
2.785574e-07,-0.0032040786
2.786574e-07,-0.003197616
2.787574e-07,-0.0032055147
2.788574e-07,-0.0032277746
2.789574e-07,-0.0032579331
2.790574e-07,-0.0032845014
2.791574e-07,-0.0032974265
2.792574e-07,-0.0032945542
2.793574e-07,-0.0032809111
2.794574e-07,-0.0032672679
2.795574e-07,-0.0032629596
2.796574e-07,-0.0032708582
2.797574e-07,-0.0032859375
2.798574e-07,-0.0032974265
2.799574e-07,-0.0032974265
2.800574e-07,-0.0032837833
2.801574e-07,-0.0032636776
2.802574e-07,-0.0032493164
2.803574e-07,-0.0032514706
2.804574e-07,-0.0032737305
2.805574e-07,-0.0033096335
2.806574e-07,-0.0033455365
2.807574e-07,-0.0033663603
2.808574e-07,-0.0033663603
2.809574e-07,-0.0033491268
2.810574e-07,-0.0033254308
2.811574e-07,-0.0033089154
2.812574e-07,-0.0033081974
2.813574e-07,-0.0033211225
2.814574e-07,-0.0033405101
2.815574e-07,-0.0033548713
2.816574e-07,-0.0033563074
2.817574e-07,-0.0033455365
2.818574e-07,-0.0033304573
2.819574e-07,-0.0033204044
2.820574e-07,-0.0033225586
2.821574e-07,-0.0033376379
2.822574e-07,-0.0033591797
2.823574e-07,-0.0033778493
2.824574e-07,-0.0033886202
2.825574e-07,-0.0033907744
2.826574e-07,-0.0033893382
2.827574e-07,-0.0033893382
2.828574e-07,-0.0033943647
2.829574e-07,-0.0034029814
2.830574e-07,-0.0034108801
2.831574e-07,-0.0034123162
2.832574e-07,-0.0034072898
2.833574e-07,-0.0033993911
2.834574e-07,-0.0033958008
2.835574e-07,-0.0034008272
2.836574e-07,-0.0034151884
2.837574e-07,-0.0034331399
2.838574e-07,-0.003445347
2.839574e-07,-0.0034467831
2.840574e-07,-0.0034367302
2.841574e-07,-0.0034209329
2.842574e-07,-0.003410162
2.843574e-07,-0.0034123162
2.844574e-07,-0.0034266774
2.845574e-07,-0.0034467831
2.846574e-07,-0.0034604262
2.847574e-07,-0.0034582721
2.848574e-07,-0.0034388844
2.849574e-07,-0.0034108801
2.850574e-07,-0.003386466
2.851574e-07,-0.0033778493
2.852574e-07,-0.0033893382
2.853574e-07,-0.0034151884
2.854574e-07,-0.0034424747
2.855574e-07,-0.0034582721
2.856574e-07,-0.0034568359
2.857574e-07,-0.0034417567
2.858574e-07,-0.0034230871
2.859574e-07,-0.0034123162
2.860574e-07,-0.0034151884
2.861574e-07,-0.0034288316
2.862574e-07,-0.0034431928
2.863574e-07,-0.0034467831
2.864574e-07,-0.003433858
2.865574e-07,-0.0034087259
2.866574e-07,-0.0033821576
2.867574e-07,-0.0033663603
2.868574e-07,-0.0033692325
2.869574e-07,-0.0033886202
2.870574e-07,-0.0034151884
2.871574e-07,-0.0034352941
2.872574e-07,-0.0034396025
2.873574e-07,-0.0034259593
2.874574e-07,-0.0034022633
2.875574e-07,-0.0033778493
2.876574e-07,-0.00336277
2.877574e-07,-0.0033606158
2.878574e-07,-0.0033677964
2.879574e-07,-0.0033778493
2.880574e-07,-0.0033850299
2.881574e-07,-0.003386466
2.882574e-07,-0.003386466
2.883574e-07,-0.0033893382
2.884574e-07,-0.0033972369
2.885574e-07,-0.0034087259
2.886574e-07,-0.0034187787
2.887574e-07,-0.0034238051
2.888574e-07,-0.0034202148
2.889574e-07,-0.0034115981
2.890574e-07,-0.0034029814
2.891574e-07,-0.0034008272
2.892574e-07,-0.0034065717
2.893574e-07,-0.0034187787
2.894574e-07,-0.0034302677
2.895574e-07,-0.0034352941
2.896574e-07,-0.0034324219
2.897574e-07,-0.0034252413
2.898574e-07,-0.0034202148
2.899574e-07,-0.0034238051
2.900574e-07,-0.0034381664
2.901574e-07,-0.0034589901
2.902574e-07,-0.0034798139
2.903574e-07,-0.003492739
2.904574e-07,-0.0034948932
2.905574e-07,-0.0034891487
2.906574e-07,-0.0034826861
2.907574e-07,-0.00348125
2.908574e-07,-0.0034869945
2.909574e-07,-0.0034970473
2.910574e-07,-0.0035042279
2.911574e-07,-0.0035042279
2.912574e-07,-0.0034956112
2.913574e-07,-0.0034834042
2.914574e-07,-0.0034769416
2.915574e-07,-0.00348125
2.916574e-07,-0.0034984835
2.917574e-07,-0.0035221795
2.918574e-07,-0.0035422852
2.919574e-07,-0.0035501838
2.920574e-07,-0.0035422852
2.921574e-07,-0.0035236156
2.922574e-07,-0.0035035099
2.923574e-07,-0.003492739
2.924574e-07,-0.0034956112
2.925574e-07,-0.0035099724
2.926574e-07,-0.0035272059
2.927574e-07,-0.0035386949
2.928574e-07,-0.003540131
2.929574e-07,-0.0035336684
2.930574e-07,-0.0035272059
2.931574e-07,-0.0035272059
2.932574e-07,-0.0035379768
2.933574e-07,-0.0035566464
2.934574e-07,-0.0035753159
2.935574e-07,-0.0035846507
2.936574e-07,-0.0035803424
2.937574e-07,-0.003564545
2.938574e-07,-0.0035444393
2.939574e-07,-0.0035272059
2.940574e-07,-0.0035178711
2.941574e-07,-0.0035149989
2.942574e-07,-0.0035128447
2.943574e-07,-0.0035042279
2.944574e-07,-0.0034869945
2.945574e-07,-0.0034640165
2.946574e-07,-0.0034446289
2.947574e-07,-0.0034352941
2.948574e-07,-0.0034403205
2.949574e-07,-0.0034553998
2.950574e-07,-0.0034726333
2.951574e-07,-0.00348125
2.952574e-07,-0.0034762236
2.953574e-07,-0.0034597082
2.954574e-07,-0.0034388844
2.955574e-07,-0.0034238051
2.956574e-07,-0.003421651
2.957574e-07,-0.0034331399
2.958574e-07,-0.0034518095
2.959574e-07,-0.003469761
2.960574e-07,-0.0034798139
2.961574e-07,-0.0034805319
2.962574e-07,-0.0034747875
2.963574e-07,-0.003469761
2.964574e-07,-0.0034704791
2.965574e-07,-0.0034790958
2.966574e-07,-0.0034913028
2.967574e-07,-0.0035042279
2.968574e-07,-0.0035128447
2.969574e-07,-0.0035157169
2.970574e-07,-0.0035157169
2.971574e-07,-0.0035157169
2.972574e-07,-0.003517153
2.973574e-07,-0.0035193072
2.974574e-07,-0.0035193072
2.975574e-07,-0.0035157169
2.976574e-07,-0.0035078182
2.977574e-07,-0.0034992015
2.978574e-07,-0.003492739
2.979574e-07,-0.003492739
2.980574e-07,-0.0034970473
2.981574e-07,-0.0035020738
2.982574e-07,-0.0035020738
2.983574e-07,-0.003492739
2.984574e-07,-0.0034747875
2.985574e-07,-0.0034546818
2.986574e-07,-0.0034388844
2.987574e-07,-0.0034352941
2.988574e-07,-0.0034439108
2.989574e-07,-0.0034597082
2.990574e-07,-0.0034747875
2.991574e-07,-0.00348125
2.992574e-07,-0.0034762236
2.993574e-07,-0.0034625804
2.994574e-07,-0.0034467831
2.995574e-07,-0.0034352941
2.996574e-07,-0.0034317038
2.997574e-07,-0.003433858
2.998574e-07,-0.0034367302
2.999574e-07,-0.0034352941
3.000574e-07,-0.0034288316
3.001574e-07,-0.0034209329
3.002574e-07,-0.0034180607
3.003574e-07,-0.0034238051
3.004574e-07,-0.0034396025
3.005574e-07,-0.0034589901
3.006574e-07,-0.0034755055
3.007574e-07,-0.00348125
3.008574e-07,-0.0034755055
3.009574e-07,-0.0034618624
3.010574e-07,-0.0034503734
3.011574e-07,-0.0034467831
3.012574e-07,-0.0034546818
3.013574e-07,-0.003469761
3.014574e-07,-0.0034848403
3.015574e-07,-0.003492739
3.016574e-07,-0.0034905848
3.017574e-07,-0.0034834042
3.018574e-07,-0.0034776597
3.019574e-07,-0.00348125
3.020574e-07,-0.0034948932
3.021574e-07,-0.0035135627
3.022574e-07,-0.0035272059
3.023574e-07,-0.0035272059
3.024574e-07,-0.0035106905
3.025574e-07,-0.0034834042
3.026574e-07,-0.003457554
3.027574e-07,-0.0034467831
3.028574e-07,-0.003457554
3.029574e-07,-0.0034898667
3.030574e-07,-0.0035329504
3.031574e-07,-0.0035731618
3.032574e-07,-0.00359973
3.033574e-07,-0.0036083467
3.034574e-07,-0.0036004481
3.035574e-07,-0.0035846507
3.036574e-07,-0.0035695715
3.037574e-07,-0.0035602367
3.038574e-07,-0.0035580825
3.039574e-07,-0.0035616728
3.040574e-07,-0.0035688534
3.041574e-07,-0.0035796243
3.042574e-07,-0.0035954216
3.043574e-07,-0.0036191176
3.044574e-07,-0.0036499943
3.045574e-07,-0.0036858973
3.046574e-07,-0.0037196461
3.047574e-07,-0.0037454963
3.048574e-07,-0.0037605756
3.049574e-07,-0.003764884
3.050574e-07,-0.0037620117
3.051574e-07,-0.0037569853
3.052574e-07,-0.003753395
3.053574e-07,-0.0037519589
3.054574e-07,-0.003753395
3.055574e-07,-0.0037569853
3.056574e-07,-0.003764884
3.057574e-07,-0.0037799632
3.058574e-07,-0.0038043773
3.059574e-07,-0.0038374081
3.060574e-07,-0.0038740292
3.061574e-07,-0.0039063419
3.062574e-07,-0.0039264476
3.063574e-07,-0.0039293199
3.064574e-07,-0.003919267
3.065574e-07,-0.0039056239
3.066574e-07,-0.0038984432
3.067574e-07,-0.0039063419
3.068574e-07,-0.0039286018
3.069574e-07,-0.0039587603
3.070574e-07,-0.0039853286
3.071574e-07,-0.0039982537
3.072574e-07,-0.0039953814
3.073574e-07,-0.0039824563
3.074574e-07,-0.0039688132
3.075574e-07,-0.0039637868
3.076574e-07,-0.0039724035
3.077574e-07,-0.003990355
3.078574e-07,-0.0040097426
3.079574e-07,-0.0040212316
3.080574e-07,-0.0040212316
3.081574e-07,-0.0040104607
3.082574e-07,-0.0039968176
3.083574e-07,-0.0039867647
3.084574e-07,-0.0039838925
3.085574e-07,-0.0039867647
3.086574e-07,-0.0039896369
3.087574e-07,-0.0039867647
3.088574e-07,-0.0039767119
3.089574e-07,-0.0039637868
3.090574e-07,-0.0039537339
3.091574e-07,-0.0039522978
3.092574e-07,-0.0039609145
3.093574e-07,-0.0039738396
3.094574e-07,-0.0039846105
3.095574e-07,-0.0039867647
3.096574e-07,-0.003978866
3.097574e-07,-0.0039652229
3.098574e-07,-0.003954452
3.099574e-07,-0.0039522978
3.100574e-07,-0.0039587603
3.101574e-07,-0.0039680951
3.102574e-07,-0.0039716854
3.103574e-07,-0.0039637868
3.104574e-07,-0.0039443991
3.105574e-07,-0.0039214212
3.106574e-07,-0.0039063419
3.107574e-07,-0.0039063419
3.108574e-07,-0.0039228573
3.109574e-07,-0.0039479894
3.110574e-07,-0.0039688132
3.111574e-07,-0.0039752757
3.112574e-07,-0.0039630687
3.113574e-07,-0.0039372185
3.114574e-07,-0.0039106503
3.115574e-07,-0.0038948529
3.116574e-07,-0.003895571
3.117574e-07,-0.0039099322
3.118574e-07,-0.0039286018
3.119574e-07,-0.0039408088
3.120574e-07,-0.0039400908
3.121574e-07,-0.0039293199
3.122574e-07,-0.0039149586
3.123574e-07,-0.0039063419
3.124574e-07,-0.00390706
3.125574e-07,-0.0039142406
3.126574e-07,-0.0039207031
3.127574e-07,-0.0039178309
3.128574e-07,-0.0039034697
3.129574e-07,-0.0038797737
3.130574e-07,-0.0038553596
3.131574e-07,-0.0038374081
3.132574e-07,-0.0038295094
3.133574e-07,-0.0038273552
3.134574e-07,-0.003824483
3.135574e-07,-0.0038144301
3.136574e-07,-0.0037964786
3.137574e-07,-0.003777091
3.138574e-07,-0.003764884
3.139574e-07,-0.0037684743
3.140574e-07,-0.0037878619
3.141574e-07,-0.0038165843
3.142574e-07,-0.0038402803
3.143574e-07,-0.0038488971
3.144574e-07,-0.0038374081
3.145574e-07,-0.0038101218
3.146574e-07,-0.0037799632
3.147574e-07,-0.0037569853
3.148574e-07,-0.0037483686
3.149574e-07,-0.003753395
3.150574e-07,-0.0037627298
3.151574e-07,-0.0037684743
3.152574e-07,-0.0037670381
3.153574e-07,-0.0037612937
3.154574e-07,-0.0037591395
3.155574e-07,-0.0037684743
3.156574e-07,-0.0037900161
3.157574e-07,-0.0038173024
3.158574e-07,-0.0038402803
3.159574e-07,-0.0038488971
3.160574e-07,-0.0038395623
3.161574e-07,-0.0038194566
3.162574e-07,-0.0037993509
3.163574e-07,-0.0037914522
3.164574e-07,-0.0038000689
3.165574e-07,-0.0038208927
3.166574e-07,-0.0038417165
3.167574e-07,-0.0038488971
3.168574e-07,-0.0038374081
3.169574e-07,-0.0038094037
3.170574e-07,-0.0037785271
3.171574e-07,-0.0037569853
3.172574e-07,-0.0037541131
3.173574e-07,-0.0037677562
3.174574e-07,-0.00378858
3.175574e-07,-0.0038029412
3.176574e-07,-0.003800787
3.177574e-07,-0.0037821174
3.178574e-07,-0.0037555492
3.179574e-07,-0.0037340074
3.180574e-07,-0.0037275448
3.181574e-07,-0.0037375977
3.182574e-07,-0.0037591395
3.183574e-07,-0.0037799632
3.184574e-07,-0.003789298
3.185574e-07,-0.0037828355
3.186574e-07,-0.003765602
3.187574e-07,-0.0037454963
3.188574e-07,-0.0037332893
3.189574e-07,-0.0037325712
3.190574e-07,-0.0037433421
3.191574e-07,-0.0037569853
3.192574e-07,-0.0037663201
3.193574e-07,-0.0037663201
3.194574e-07,-0.0037577034
3.195574e-07,-0.0037454963
3.196574e-07,-0.0037347254
3.197574e-07,-0.003730417
3.198574e-07,-0.0037311351
3.199574e-07,-0.0037340074
3.200574e-07,-0.0037354435
3.201574e-07,-0.0037325712
3.202574e-07,-0.0037268267
3.203574e-07,-0.0037225184
3.204574e-07,-0.0037225184
3.205574e-07,-0.0037289809
3.206574e-07,-0.003741188
3.207574e-07,-0.0037569853
3.208574e-07,-0.0037727826
3.209574e-07,-0.0037857077
3.210574e-07,-0.0037957606
3.211574e-07,-0.0038029412
3.212574e-07,-0.0038065315
3.213574e-07,-0.0038065315
3.214574e-07,-0.0038015051
3.215574e-07,-0.0037914522
3.216574e-07,-0.0037792452
3.217574e-07,-0.0037684743
3.218574e-07,-0.0037634478
3.219574e-07,-0.0037684743
3.220574e-07,-0.0037828355
3.221574e-07,-0.0038022231
3.222574e-07,-0.0038223288
3.223574e-07,-0.0038374081
3.224574e-07,-0.0038453068
3.225574e-07,-0.0038474609
3.226574e-07,-0.0038474609
3.227574e-07,-0.0038488971
3.228574e-07,-0.0038539235
3.229574e-07,-0.0038618222
3.230574e-07,-0.0038690028
3.231574e-07,-0.003871875
3.232574e-07,-0.0038690028
3.233574e-07,-0.0038625402
3.234574e-07,-0.0038546415
3.235574e-07,-0.0038488971
3.236574e-07,-0.0038460248
3.237574e-07,-0.0038467429
3.238574e-07,-0.0038474609
3.239574e-07,-0.0038488971
3.240574e-07,-0.0038503332
3.241574e-07,-0.0038539235
3.242574e-07,-0.0038611041
3.243574e-07,-0.003871875
3.244574e-07,-0.0038819278
3.245574e-07,-0.0038876723
3.246574e-07,-0.003884082
3.247574e-07,-0.003871875
3.248574e-07,-0.0038553596
3.249574e-07,-0.0038409984
3.250574e-07,-0.0038381261
3.251574e-07,-0.0038488971
3.252574e-07,-0.0038711569
3.253574e-07,-0.0038970071
3.254574e-07,-0.0039185489
3.255574e-07,-0.0039293199
3.256574e-07,-0.0039300379
3.257574e-07,-0.0039257295
3.258574e-07,-0.0039235754
3.259574e-07,-0.0039293199
3.260574e-07,-0.0039422449
3.261574e-07,-0.0039580423
3.262574e-07,-0.0039702493
3.263574e-07,-0.0039752757
3.264574e-07,-0.0039745577
3.265574e-07,-0.0039752757
3.266574e-07,-0.0039853286
3.267574e-07,-0.0040097426
3.268574e-07,-0.0040449276
3.269574e-07,-0.0040829848
3.270574e-07,-0.0041117073
3.271574e-07,-0.0041246324
3.272574e-07,-0.0041224782
3.273574e-07,-0.0041138614
3.274574e-07,-0.0041117073
3.275574e-07,-0.0041246324
3.276574e-07,-0.0041540728
3.277574e-07,-0.0041921301
3.278574e-07,-0.0042244428
3.279574e-07,-0.0042395221
3.280574e-07,-0.0042330595
3.281574e-07,-0.0042100816
3.282574e-07,-0.0041849494
3.283574e-07,-0.0041705882
3.284574e-07,-0.0041741785
3.285574e-07,-0.0041921301
3.286574e-07,-0.004215108
3.287574e-07,-0.0042280331
3.288574e-07,-0.0042237247
3.289574e-07,-0.0042021829
3.290574e-07,-0.0041727424
3.291574e-07,-0.0041476103
3.292574e-07,-0.0041368394
3.293574e-07,-0.0041418658
3.294574e-07,-0.0041569451
3.295574e-07,-0.0041705882
3.296574e-07,-0.0041741785
3.297574e-07,-0.0041648437
3.298574e-07,-0.0041454561
3.299574e-07,-0.0041246324
3.300574e-07,-0.0041095531
3.301574e-07,-0.0041030905
3.302574e-07,-0.0041023725
3.303574e-07,-0.0041016544
3.304574e-07,-0.0040951919
3.305574e-07,-0.0040801126
3.306574e-07,-0.004061443
3.307574e-07,-0.0040442096
3.308574e-07,-0.0040341567
3.309574e-07,-0.0040334386
3.310574e-07,-0.0040384651
3.311574e-07,-0.0040442096
3.312574e-07,-0.0040456457
3.313574e-07,-0.0040420554
3.314574e-07,-0.0040355928
3.315574e-07,-0.0040327206
3.316574e-07,-0.004037747
3.317574e-07,-0.0040521082
3.318574e-07,-0.0040714959
3.319574e-07,-0.0040901654
3.320574e-07,-0.0041009364
3.321574e-07,-0.0040995002
3.322574e-07,-0.0040872932
3.323574e-07,-0.0040671875
3.324574e-07,-0.0040463637
3.325574e-07,-0.0040298483
3.326574e-07,-0.0040212316
3.327574e-07,-0.0040212316
3.328574e-07,-0.0040291303
3.329574e-07,-0.0040420554
3.330574e-07,-0.0040600069
3.331574e-07,-0.0040786765
3.332574e-07,-0.0040959099
3.333574e-07,-0.0041066808
3.334574e-07,-0.0041095531
3.335574e-07,-0.0041016544
3.336574e-07,-0.0040858571
3.337574e-07,-0.0040679056
3.338574e-07,-0.0040521082
3.339574e-07,-0.0040442096
3.340574e-07,-0.0040456457
3.341574e-07,-0.0040535443
3.342574e-07,-0.0040621611
3.343574e-07,-0.0040671875
3.344574e-07,-0.0040657514
3.345574e-07,-0.0040585708
3.346574e-07,-0.004049236
3.347574e-07,-0.0040442096
3.348574e-07,-0.0040449276
3.349574e-07,-0.0040521082
3.350574e-07,-0.004060725
3.351574e-07,-0.0040671875
3.352574e-07,-0.0040664694
3.353574e-07,-0.0040585708
3.354574e-07,-0.0040463637
3.355574e-07,-0.0040327206
3.356574e-07,-0.0040233858
3.357574e-07,-0.0040197955
3.358574e-07,-0.0040233858
3.359574e-07,-0.0040327206
3.360574e-07,-0.0040449276
3.361574e-07,-0.0040592888
3.362574e-07,-0.0040750862
3.363574e-07,-0.0040901654
3.364574e-07,-0.0041045267
3.365574e-07,-0.0041152976
3.366574e-07,-0.0041224782
3.367574e-07,-0.0041246324
3.368574e-07,-0.0041224782
3.369574e-07,-0.0041174517
3.370574e-07,-0.0041102711
3.371574e-07,-0.0041016544
3.372574e-07,-0.0040908835
3.373574e-07,-0.0040765223
3.374574e-07,-0.0040600069
3.375574e-07,-0.0040442096
3.376574e-07,-0.0040348748
3.377574e-07,-0.004037747
3.378574e-07,-0.0040571347
3.379574e-07,-0.0040901654
3.380574e-07,-0.0041296588
3.381574e-07,-0.0041648437
3.382574e-07,-0.0041835133
3.383574e-07,-0.0041820772
3.384574e-07,-0.0041619715
3.385574e-07,-0.004131813
3.386574e-07,-0.0041045267
3.387574e-07,-0.0040901654
3.388574e-07,-0.0040930377
3.389574e-07,-0.004108835
3.390574e-07,-0.0041303768
3.391574e-07,-0.0041476103
3.392574e-07,-0.004156227
3.393574e-07,-0.0041576631
3.394574e-07,-0.004156227
3.395574e-07,-0.0041590993
3.396574e-07,-0.0041705882
3.397574e-07,-0.0041892578
3.398574e-07,-0.0042107996
3.399574e-07,-0.0042280331
3.400574e-07,-0.0042373679
3.401574e-07,-0.0042380859
3.402574e-07,-0.0042330595
3.403574e-07,-0.0042280331
3.404574e-07,-0.004226597
3.405574e-07,-0.0042309053
3.406574e-07,-0.0042395221
3.407574e-07,-0.004251011
3.408574e-07,-0.0042639361
3.409574e-07,-0.0042775793
3.410574e-07,-0.0042926585
3.411574e-07,-0.0043084559
3.412574e-07,-0.0043235352
3.413574e-07,-0.004333588
3.414574e-07,-0.0043364602
3.415574e-07,-0.0043314338
3.416574e-07,-0.004322099
3.417574e-07,-0.0043142004
3.418574e-07,-0.0043127642
3.419574e-07,-0.0043199449
3.420574e-07,-0.0043321519
3.421574e-07,-0.0043422047
3.422574e-07,-0.0043429228
3.423574e-07,-0.0043314338
3.424574e-07,-0.0043106101
3.425574e-07,-0.0042897863
3.426574e-07,-0.0042797335
3.427574e-07,-0.0042854779
3.428574e-07,-0.0043070198
3.429574e-07,-0.0043357422
3.430574e-07,-0.0043587201
3.431574e-07,-0.0043659007
3.432574e-07,-0.0043544118
3.433574e-07,-0.0043292796
3.434574e-07,-0.0043027114
3.435574e-07,-0.0042854779
3.436574e-07,-0.0042840418
3.437574e-07,-0.0042955308
3.438574e-07,-0.0043113281
3.439574e-07,-0.0043199449
3.440574e-07,-0.0043156365
3.441574e-07,-0.0043012753
3.442574e-07,-0.0042833238
3.443574e-07,-0.004273989
3.444574e-07,-0.0042797335
3.445574e-07,-0.0043012753
3.446574e-07,-0.0043299977
3.447574e-07,-0.0043544118
3.448574e-07,-0.0043659007
3.449574e-07,-0.0043601563
3.450574e-07,-0.0043422047
3.451574e-07,-0.0043199449
3.452574e-07,-0.0043034295
3.453574e-07,-0.0042991211
3.454574e-07,-0.0043055836
3.455574e-07,-0.0043199449
3.456574e-07,-0.0043357422
3.457574e-07,-0.0043493853
3.458574e-07,-0.0043587201
3.459574e-07,-0.0043659007
3.460574e-07,-0.0043723633
3.461574e-07,-0.0043795439
3.462574e-07,-0.0043852884
3.463574e-07,-0.0043888787
3.464574e-07,-0.0043888787
3.465574e-07,-0.0043852884
3.466574e-07,-0.0043802619
3.467574e-07,-0.0043773897
3.468574e-07,-0.0043773897
3.469574e-07,-0.00438098
3.470574e-07,-0.0043852884
3.471574e-07,-0.0043888787
3.472574e-07,-0.0043910329
3.473574e-07,-0.004393187
3.474574e-07,-0.0043953412
3.475574e-07,-0.0044003676
3.476574e-07,-0.0044061121
3.477574e-07,-0.0044118566
3.478574e-07,-0.0044140108
3.479574e-07,-0.0044118566
3.480574e-07,-0.0044075483
3.481574e-07,-0.004403958
3.482574e-07,-0.004404676
3.483574e-07,-0.0044118566
3.484574e-07,-0.0044233456
3.485574e-07,-0.0044348346
3.486574e-07,-0.0044434513
3.487574e-07,-0.0044463235
3.488574e-07,-0.0044470416
3.489574e-07,-0.0044506319
3.490574e-07,-0.0044621209
3.491574e-07,-0.0044807904
3.492574e-07,-0.0045030503
3.493574e-07,-0.0045210018
3.494574e-07,-0.0045260283
3.495574e-07,-0.0045152574
3.496574e-07,-0.0044929975
3.497574e-07,-0.0044678653
3.498574e-07,-0.0044499138
3.499574e-07,-0.0044463235
3.500574e-07,-0.0044549403
3.501574e-07,-0.0044685834
3.502574e-07,-0.004475764
3.503574e-07,-0.0044693015
3.504574e-07,-0.0044491958
3.505574e-07,-0.0044226275
3.506574e-07,-0.0043996496
3.507574e-07,-0.0043888787
3.508574e-07,-0.0043910329
3.509574e-07,-0.0044003676
3.510574e-07,-0.0044061121
3.511574e-07,-0.0044003676
3.512574e-07,-0.0043816981
3.513574e-07,-0.0043558479
3.514574e-07,-0.0043321519
3.515574e-07,-0.0043199449
3.516574e-07,-0.0043199449
3.517574e-07,-0.0043285616
3.518574e-07,-0.0043343061
3.519574e-07,-0.0043314338
3.520574e-07,-0.0043177907
3.521574e-07,-0.0043012753
3.522574e-07,-0.0042912224
3.523574e-07,-0.0042969669
3.524574e-07,-0.0043199449
3.525574e-07,-0.0043515395
3.526574e-07,-0.0043788258
3.527574e-07,-0.0043888787
3.528574e-07,-0.0043766716
3.529574e-07,-0.0043486673
3.530574e-07,-0.0043170726
3.531574e-07,-0.0042969669
3.532574e-07,-0.004297685
3.533574e-07,-0.0043177907
3.534574e-07,-0.0043486673
3.535574e-07,-0.0043773897
3.536574e-07,-0.0043960593
3.537574e-07,-0.0044032399
3.538574e-07,-0.0044053941
3.539574e-07,-0.0044118566
3.540574e-07,-0.004428372
3.541574e-07,-0.0044549403
3.542574e-07,-0.0044829446
3.543574e-07,-0.0045037684
3.544574e-07,-0.0045102309
3.545574e-07,-0.0045030503
3.546574e-07,-0.0044894072
3.547574e-07,-0.0044807904
3.548574e-07,-0.0044843807
3.549574e-07,-0.0045016142
3.550574e-07,-0.0045267463
3.551574e-07,-0.0045497243
3.552574e-07,-0.0045626494
3.553574e-07,-0.0045633674
3.554574e-07,-0.0045561868
3.555574e-07,-0.0045497243
3.556574e-07,-0.0045504423
3.557574e-07,-0.0045612132
3.558574e-07,-0.0045784467
3.559574e-07,-0.0045956801
3.560574e-07,-0.004605733
3.561574e-07,-0.0046071691
3.562574e-07,-0.0046014246
3.563574e-07,-0.0045956801
3.564574e-07,-0.0045949621
3.565574e-07,-0.0046007066
3.566574e-07,-0.0046100414
3.567574e-07,-0.0046186581
3.568574e-07,-0.0046200942
3.569574e-07,-0.0046129136
3.570574e-07,-0.0045985524
3.571574e-07,-0.0045841912
3.572574e-07,-0.0045748564
3.573574e-07,-0.0045748564
3.574574e-07,-0.0045827551
3.575574e-07,-0.0045956801
3.576574e-07,-0.0046078872
3.577574e-07,-0.0046143497
3.578574e-07,-0.0046136317
3.579574e-07,-0.0046071691
3.580574e-07,-0.0045963982
3.581574e-07,-0.0045856273
3.582574e-07,-0.0045770106
3.583574e-07,-0.0045727022
3.584574e-07,-0.0045748564
3.585574e-07,-0.0045849092
3.586574e-07,-0.0045999885
3.587574e-07,-0.0046186581
3.588574e-07,-0.0046351735
3.589574e-07,-0.0046459444
3.590574e-07,-0.0046480986
3.591574e-07,-0.004641636
3.592574e-07,-0.0046323012
3.593574e-07,-0.0046265568
3.594574e-07,-0.0046287109
3.595574e-07,-0.004641636
3.596574e-07,-0.0046603056
3.597574e-07,-0.0046782571
3.598574e-07,-0.00468831
3.599574e-07,-0.0046875919
3.600574e-07,-0.0046789752
3.601574e-07,-0.0046689223
3.602574e-07,-0.0046667682
3.603574e-07,-0.0046761029
3.604574e-07,-0.0046962086
3.605574e-07,-0.0047206227
3.606574e-07,-0.0047385742
3.607574e-07,-0.0047450368
3.608574e-07,-0.0047385742
3.609574e-07,-0.0047256491
3.610574e-07,-0.0047134421
3.611574e-07,-0.0047105699
3.612574e-07,-0.0047177505
3.613574e-07,-0.0047321117
3.614574e-07,-0.0047464729
3.615574e-07,-0.0047565257
3.616574e-07,-0.0047608341
3.617574e-07,-0.0047644244
3.618574e-07,-0.0047730411
3.619574e-07,-0.0047909926
3.620574e-07,-0.0048161248
3.621574e-07,-0.0048412569
3.622574e-07,-0.0048584903
3.623574e-07,-0.0048599265
3.624574e-07,-0.0048470014
3.625574e-07,-0.0048268957
3.626574e-07,-0.0048089442
3.627574e-07,-0.0048024816
3.628574e-07,-0.0048082261
3.629574e-07,-0.0048197151
3.630574e-07,-0.0048283318
3.631574e-07,-0.0048254596
3.632574e-07,-0.0048103803
3.633574e-07,-0.0047888385
3.634574e-07,-0.004771605
3.635574e-07,-0.0047680147
3.636574e-07,-0.0047816579
3.637574e-07,-0.0048060719
3.638574e-07,-0.0048319221
3.639574e-07,-0.0048484375
3.640574e-07,-0.0048498736
3.641574e-07,-0.0048398208
3.642574e-07,-0.0048247415
3.643574e-07,-0.0048139706
3.644574e-07,-0.0048110983
3.645574e-07,-0.0048146886
3.646574e-07,-0.0048175609
3.647574e-07,-0.0048139706
3.648574e-07,-0.0048010455
3.649574e-07,-0.0047845301
3.650574e-07,-0.0047708869
3.651574e-07,-0.0047680147
3.652574e-07,-0.0047766314
3.653574e-07,-0.0047917107
3.654574e-07,-0.0048024816
3.655574e-07,-0.0048024816
3.656574e-07,-0.0047881204
3.657574e-07,-0.0047637063
3.658574e-07,-0.0047385742
3.659574e-07,-0.0047220588
3.660574e-07,-0.0047170324
3.661574e-07,-0.0047206227
3.662574e-07,-0.004724213
3.663574e-07,-0.0047220588
3.664574e-07,-0.004712006
3.665574e-07,-0.0046997989
3.666574e-07,-0.0046933364
3.667574e-07,-0.0046990809
3.668574e-07,-0.0047163143
3.669574e-07,-0.0047392923
3.670574e-07,-0.0047550896
3.671574e-07,-0.0047565257
3.672574e-07,-0.0047414465
3.673574e-07,-0.0047163143
3.674574e-07,-0.0046911822
3.675574e-07,-0.0046761029
3.676574e-07,-0.0046732307
3.677574e-07,-0.0046761029
3.678574e-07,-0.0046761029
3.679574e-07,-0.004664614
3.680574e-07,-0.004641636
3.681574e-07,-0.0046150678
3.682574e-07,-0.0045971163
3.683574e-07,-0.0045956801
3.684574e-07,-0.0046121955
3.685574e-07,-0.0046380457
3.686574e-07,-0.0046588695
3.687574e-07,-0.004664614
3.688574e-07,-0.0046516889
3.689574e-07,-0.0046265568
3.690574e-07,-0.0046042969
3.691574e-07,-0.0045956801
3.692574e-07,-0.0046050149
3.693574e-07,-0.0046258387
3.694574e-07,-0.0046459444
3.695574e-07,-0.004653125
3.696574e-07,-0.0046430722
3.697574e-07,-0.0046222484
3.698574e-07,-0.0046028608
3.699574e-07,-0.0045956801
3.700574e-07,-0.0046050149
3.701574e-07,-0.0046258387
3.702574e-07,-0.0046459444
3.703574e-07,-0.004653125
3.704574e-07,-0.0046445083
3.705574e-07,-0.0046258387
3.706574e-07,-0.0046100414
3.707574e-07,-0.0046071691
3.708574e-07,-0.0046208123
3.709574e-07,-0.0046430722
3.710574e-07,-0.0046617417
3.711574e-07,-0.004664614
3.712574e-07,-0.0046473805
3.713574e-07,-0.0046186581
3.714574e-07,-0.0045928079
3.715574e-07,-0.0045841912
3.716574e-07,-0.0045985524
3.717574e-07,-0.0046301471
3.718574e-07,-0.004664614
3.719574e-07,-0.0046875919
3.720574e-07,-0.0046911822
3.721574e-07,-0.0046782571
3.722574e-07,-0.0046610237
3.723574e-07,-0.004653125
3.724574e-07,-0.0046603056
3.725574e-07,-0.0046796932
3.726574e-07,-0.004700517
3.727574e-07,-0.0047105699
3.728574e-07,-0.0047055434
3.729574e-07,-0.0046897461
3.730574e-07,-0.0046753849
3.731574e-07,-0.0046761029
3.732574e-07,-0.0046969267
3.733574e-07,-0.0047321117
3.734574e-07,-0.0047680147
3.735574e-07,-0.0047909926
3.736574e-07,-0.0047924288
3.737574e-07,-0.0047751953
3.738574e-07,-0.0047507813
3.739574e-07,-0.0047335478
3.740574e-07,-0.0047321117
3.741574e-07,-0.0047450368
3.742574e-07,-0.0047644244
3.743574e-07,-0.0047795037
3.744574e-07,-0.004783812
3.745574e-07,-0.0047787856
3.746574e-07,-0.0047744773
3.747574e-07,-0.0047795037
3.748574e-07,-0.0047988913
3.749574e-07,-0.0048283318
3.750574e-07,-0.0048563362
3.751574e-07,-0.0048714154
3.752574e-07,-0.0048692613
3.753574e-07,-0.0048527459
3.754574e-07,-0.0048340763
3.755574e-07,-0.0048254596
3.756574e-07,-0.0048326402
3.757574e-07,-0.0048520278
3.758574e-07,-0.0048728516
3.759574e-07,-0.0048829044
3.760574e-07,-0.0048750057
3.761574e-07,-0.0048534639
3.762574e-07,-0.0048283318
3.763574e-07,-0.0048139706
3.764574e-07,-0.004818997
3.765574e-07,-0.0048434111
3.766574e-07,-0.0048771599
3.767574e-07,-0.0049058824
3.768574e-07,-0.0049202436
3.769574e-07,-0.0049152171
3.770574e-07,-0.0048965476
3.771574e-07,-0.0048714154
3.772574e-07,-0.0048477194
3.773574e-07,-0.0048290499
3.774574e-07,-0.0048146886
3.775574e-07,-0.0048024816
3.776574e-07,-0.0047931468
3.777574e-07,-0.0047888385
3.778574e-07,-0.004795301
3.779574e-07,-0.0048139706
3.780574e-07,-0.004841975
3.781574e-07,-0.0048706974
3.782574e-07,-0.004890085
3.783574e-07,-0.0048943934
3.784574e-07,-0.0048843405
3.785574e-07,-0.0048685432
3.786574e-07,-0.0048577723
3.787574e-07,-0.0048599265
3.788574e-07,-0.0048750057
3.789574e-07,-0.0048929573
3.790574e-07,-0.0049030101
3.791574e-07,-0.0048943934
3.792574e-07,-0.0048671071
3.793574e-07,-0.0048319221
3.794574e-07,-0.0048024816
3.795574e-07,-0.0047909926
3.796574e-07,-0.0048017636
3.797574e-07,-0.0048261776
3.798574e-07,-0.0048498736
3.799574e-07,-0.0048599265
3.800574e-07,-0.0048498736
3.801574e-07,-0.0048254596
3.802574e-07,-0.0047974552
3.803574e-07,-0.0047795037
3.804574e-07,-0.0047759134
3.805574e-07,-0.004783094
3.806574e-07,-0.0047917107
3.807574e-07,-0.0047909926
3.808574e-07,-0.0047780676
3.809574e-07,-0.004759398
3.810574e-07,-0.0047450368
3.811574e-07,-0.0047450368
3.812574e-07,-0.0047615522
3.813574e-07,-0.0047874023
3.814574e-07,-0.0048089442
3.815574e-07,-0.0048139706
3.816574e-07,-0.0047981733
3.817574e-07,-0.0047687328
3.818574e-07,-0.0047392923
3.819574e-07,-0.0047220588
3.820574e-07,-0.0047227769
3.821574e-07,-0.0047371381
3.822574e-07,-0.0047522174
3.823574e-07,-0.0047565257
3.824574e-07,-0.0047450368
3.825574e-07,-0.0047227769
3.826574e-07,-0.0047033892
3.827574e-07,-0.0046990809
3.828574e-07,-0.0047148782
3.829574e-07,-0.0047457548
3.830574e-07,-0.0047795037
3.831574e-07,-0.0048024816
3.832574e-07,-0.00480679
3.833574e-07,-0.0047960191
3.834574e-07,-0.0047795037
3.835574e-07,-0.0047680147
3.836574e-07,-0.0047665786
3.837574e-07,-0.0047723231
3.838574e-07,-0.0047751953
3.839574e-07,-0.0047680147
3.840574e-07,-0.004747909
3.841574e-07,-0.0047213408
3.842574e-07,-0.0047019531
3.843574e-07,-0.0046990809
3.844574e-07,-0.0047170324
3.845574e-07,-0.0047471909
3.846574e-07,-0.0047766314
3.847574e-07,-0.0047909926
3.848574e-07,-0.0047845301
3.849574e-07,-0.0047629883
3.850574e-07,-0.0047378562
3.851574e-07,-0.0047220588
3.852574e-07,-0.0047220588
3.853574e-07,-0.0047328297
3.854574e-07,-0.0047443187
3.855574e-07,-0.0047450368
3.856574e-07,-0.0047306756
3.857574e-07,-0.0047062615
3.858574e-07,-0.0046840016
3.859574e-07,-0.0046761029
3.860574e-07,-0.0046861558
3.861574e-07,-0.0047076976
3.862574e-07,-0.0047278033
3.863574e-07,-0.0047335478
3.864574e-07,-0.0047184685
3.865574e-07,-0.004689028
3.866574e-07,-0.0046588695
3.867574e-07,-0.004641636
3.868574e-07,-0.0046452263
3.869574e-07,-0.0046660501
3.870574e-07,-0.0046926183
3.871574e-07,-0.0047105699
3.872574e-07,-0.004712006
3.873574e-07,-0.0046997989
3.874574e-07,-0.0046840016
3.875574e-07,-0.0046761029
3.876574e-07,-0.0046840016
3.877574e-07,-0.0047048254
3.878574e-07,-0.0047292394
3.879574e-07,-0.0047450368
3.880574e-07,-0.0047464729
3.881574e-07,-0.0047342659
3.882574e-07,-0.0047191866
3.883574e-07,-0.0047105699
3.884574e-07,-0.0047148782
3.885574e-07,-0.0047292394
3.886574e-07,-0.0047464729
3.887574e-07,-0.0047565257
3.888574e-07,-0.0047558077
3.889574e-07,-0.0047471909
3.890574e-07,-0.0047407284
3.891574e-07,-0.0047450368
3.892574e-07,-0.0047637063
3.893574e-07,-0.0047902746
3.894574e-07,-0.0048146886
3.895574e-07,-0.0048254596
3.896574e-07,-0.004818279
3.897574e-07,-0.0047981733
3.898574e-07,-0.0047773495
3.899574e-07,-0.0047680147
3.900574e-07,-0.0047759134
3.901574e-07,-0.0047981733
3.902574e-07,-0.0048225873
3.903574e-07,-0.0048369485
3.904574e-07,-0.0048355124
3.905574e-07,-0.0048218693
3.906574e-07,-0.00480679
3.907574e-07,-0.0048024816
3.908574e-07,-0.0048161248
3.909574e-07,-0.0048462833
3.910574e-07,-0.0048800322
3.911574e-07,-0.0049058824
3.912574e-07,-0.0049144991
3.913574e-07,-0.0049051643
3.914574e-07,-0.0048872128
3.915574e-07,-0.0048714154
3.916574e-07,-0.004865671
3.917574e-07,-0.0048721335
3.918574e-07,-0.0048843405
3.919574e-07,-0.0048943934
3.920574e-07,-0.0048972656
3.921574e-07,-0.0048936753
3.922574e-07,-0.004890085
3.923574e-07,-0.0048943934
3.924574e-07,-0.0049109088
3.925574e-07,-0.004936759
3.926574e-07,-0.0049647633
3.927574e-07,-0.0049863051
3.928574e-07,-0.0049949219
3.929574e-07,-0.0049920496
3.930574e-07,-0.0049827148
3.931574e-07,-0.0049748162
3.932574e-07,-0.0049719439
3.933574e-07,-0.0049733801
3.934574e-07,-0.0049719439
3.935574e-07,-0.0049633272
3.936574e-07,-0.0049460937
3.937574e-07,-0.0049245519
3.938574e-07,-0.0049087546
3.939574e-07,-0.0049058824
3.940574e-07,-0.0049195255
3.941574e-07,-0.0049425034
3.942574e-07,-0.0049654814
3.943574e-07,-0.0049748162
3.944574e-07,-0.0049647633
3.945574e-07,-0.004937477
3.946574e-07,-0.004902292
3.947574e-07,-0.0048714154
3.948574e-07,-0.004854182
3.949574e-07,-0.0048520278
3.950574e-07,-0.0048606445
3.951574e-07,-0.0048714154
3.952574e-07,-0.0048771599
3.953574e-07,-0.0048771599
3.954574e-07,-0.0048728516
3.955574e-07,-0.0048714154
3.956574e-07,-0.0048750057
3.957574e-07,-0.0048836225
3.958574e-07,-0.0048922392
3.959574e-07,-0.0048943934
3.960574e-07,-0.0048879308
3.961574e-07,-0.0048742877
3.962574e-07,-0.0048592084
3.963574e-07,-0.0048484375
3.964574e-07,-0.0048455653
3.965574e-07,-0.0048484375
3.966574e-07,-0.0048513097
3.967574e-07,-0.0048484375
3.968574e-07,-0.0048369485
3.969574e-07,-0.0048197151
3.970574e-07,-0.0048017636
3.971574e-07,-0.0047909926
3.972574e-07,-0.0047902746
3.973574e-07,-0.0047981733
3.974574e-07,-0.0048082261
3.975574e-07,-0.0048139706
3.976574e-07,-0.0048110983
3.977574e-07,-0.0047996094
3.978574e-07,-0.004783812
3.979574e-07,-0.0047680147
3.980574e-07,-0.0047558077
3.981574e-07,-0.004747909
3.982574e-07,-0.0047407284
3.983574e-07,-0.0047335478
3.984574e-07,-0.0047256491
3.985574e-07,-0.0047206227
3.986574e-07,-0.0047227769
3.987574e-07,-0.0047335478
3.988574e-07,-0.0047507813
3.989574e-07,-0.0047687328
3.990574e-07,-0.0047795037
3.991574e-07,-0.0047795037
3.992574e-07,-0.0047708869
3.993574e-07,-0.004760116
3.994574e-07,-0.0047572438
3.995574e-07,-0.0047680147
3.996574e-07,-0.0047917107
3.997574e-07,-0.0048204331
3.998574e-07,-0.004842693
3.999574e-07,-0.0048484375
4.000574e-07,-0.0048355124
4.001574e-07,-0.0048103803
4.002574e-07,-0.004783812
4.003574e-07,-0.0047680147
4.004574e-07,-0.0047672966
4.005574e-07,-0.0047773495
4.006574e-07,-0.0047895565
4.007574e-07,-0.0047909926
4.008574e-07,-0.0047759134
4.009574e-07,-0.0047464729
4.010574e-07,-0.0047098518
4.011574e-07,-0.0046761029
4.012574e-07,-0.0046509708
4.013574e-07,-0.0046337374
4.014574e-07,-0.0046150678
4.015574e-07,-0.0045841912
4.016574e-07,-0.004534645
4.017574e-07,-0.0044678653
4.018574e-07,-0.004392469
4.019574e-07,-0.0043199449
4.020574e-07,-0.0042610639
4.021574e-07,-0.0042172622
4.022574e-07,-0.0041835133
4.023574e-07,-0.0041476103
4.024574e-07,-0.0040987822
4.025574e-07,-0.0040298483
4.026574e-07,-0.0039436811
4.027574e-07,-0.0038488971
4.028574e-07,-0.0037562672
4.029574e-07,-0.0036744083
4.030574e-07,-0.0036061926
4.031574e-07,-0.0035501838
4.032574e-07,-0.0034999196
4.033574e-07,-0.0034503734
4.034574e-07,-0.003397955
4.035574e-07,-0.0033433824
4.036574e-07,-0.0032880917
4.037574e-07,-0.003232801
4.038574e-07,-0.0031789465
4.039574e-07,-0.0031250919
4.040574e-07,-0.0030690832
4.041574e-07,-0.0030123564
4.042574e-07,-0.0029570657
4.043574e-07,-0.0029068015
4.044574e-07,-0.002865872
4.045574e-07,-0.0028349954
4.046574e-07,-0.0028120175
4.047574e-07,-0.0027919118
4.048574e-07,-0.0027689338
4.049574e-07,-0.0027402114
4.050574e-07,-0.0027043084
4.051574e-07,-0.0026655331
4.052574e-07,-0.002628912
4.053574e-07,-0.0026001896
4.054574e-07,-0.00258152
4.055574e-07,-0.0025736213
4.056574e-07,-0.0025721852
4.057574e-07,-0.0025721852
4.058574e-07,-0.002570031
4.059574e-07,-0.0025621324
4.060574e-07,-0.0025492073
4.061574e-07,-0.0025326919
4.062574e-07,-0.0025168945
4.063574e-07,-0.0025046875
4.064574e-07,-0.002498943
4.065574e-07,-0.0025003791
4.066574e-07,-0.0025068417
4.067574e-07,-0.0025161765
4.068574e-07,-0.0025247932
4.069574e-07,-0.0025305377
4.070574e-07,-0.0025312557
4.071574e-07,-0.0025276654
4.072574e-07,-0.002521921
4.073574e-07,-0.0025154584
4.074574e-07,-0.0025097139
4.075574e-07,-0.0025046875
4.076574e-07,-0.002498943
4.077574e-07,-0.0024917624
4.078574e-07,-0.0024809915
4.079574e-07,-0.0024702206
4.080574e-07,-0.0024616039
4.081574e-07,-0.0024594497
4.082574e-07,-0.0024659122
4.083574e-07,-0.0024817096
4.084574e-07,-0.0025032514
4.085574e-07,-0.0025255113
4.086574e-07,-0.0025427447
4.087574e-07,-0.0025506434
4.088574e-07,-0.0025499253
4.089574e-07,-0.0025427447
4.090574e-07,-0.002534128
4.091574e-07,-0.0025276654
4.092574e-07,-0.0025255113
4.093574e-07,-0.0025262293
4.094574e-07,-0.0025276654
4.095574e-07,-0.0025276654
4.096574e-07,-0.0025255113
4.097574e-07,-0.0025212029
4.098574e-07,-0.0025176126
4.099574e-07,-0.0025161765
4.100574e-07,-0.0025176126
4.101574e-07,-0.0025204848
4.102574e-07,-0.0025240751
4.103574e-07,-0.0025276654
4.104574e-07,-0.0025305377
4.105574e-07,-0.0025334099
4.106574e-07,-0.0025362822
4.107574e-07,-0.0025391544
4.108574e-07,-0.0025398725
4.109574e-07,-0.0025370002
4.110574e-07,-0.0025283835
4.111574e-07,-0.0025161765
4.112574e-07,-0.0025046875
4.113574e-07,-0.002498225
4.114574e-07,-0.0025018153
4.115574e-07,-0.0025161765
4.116574e-07,-0.0025362822
4.117574e-07,-0.0025571059
4.118574e-07,-0.002570031
4.119574e-07,-0.0025736213
4.120574e-07,-0.0025685949
4.121574e-07,-0.0025614143
4.122574e-07,-0.002557824
4.123574e-07,-0.0025621324
4.124574e-07,-0.0025729033
4.125574e-07,-0.0025851103
4.126574e-07,-0.0025908548
4.127574e-07,-0.0025851103
4.128574e-07,-0.0025678768
4.129574e-07,-0.0025448989
4.130574e-07,-0.0025247932
4.131574e-07,-0.0025161765
4.132574e-07,-0.0025212029
4.133574e-07,-0.0025377183
4.134574e-07,-0.002557824
4.135574e-07,-0.0025736213
4.136574e-07,-0.0025800839
4.137574e-07,-0.0025757755
4.138574e-07,-0.0025650046
4.139574e-07,-0.0025506434
4.140574e-07,-0.0025362822
4.141574e-07,-0.002522639
4.142574e-07,-0.0025089959
4.143574e-07,-0.0024931985
4.144574e-07,-0.0024774012
4.145574e-07,-0.002463758
4.146574e-07,-0.0024572955
4.147574e-07,-0.0024587316
4.148574e-07,-0.0024673483
4.149574e-07,-0.0024774012
4.150574e-07,-0.0024838637
4.151574e-07,-0.0024817096
4.152574e-07,-0.0024723748
4.153574e-07,-0.0024616039
4.154574e-07,-0.0024558594
4.155574e-07,-0.0024587316
4.156574e-07,-0.0024702206
4.157574e-07,-0.0024845818
4.158574e-07,-0.0024939166
4.159574e-07,-0.0024931985
4.160574e-07,-0.0024817096
4.161574e-07,-0.0024666303
4.162574e-07,-0.0024558594
4.163574e-07,-0.0024587316
4.164574e-07,-0.0024759651
4.165574e-07,-0.0025032514
4.166574e-07,-0.0025312557
4.167574e-07,-0.0025506434
4.168574e-07,-0.0025571059
4.169574e-07,-0.0025527976
4.170574e-07,-0.0025441808
4.171574e-07,-0.0025391544
4.172574e-07,-0.0025413086
4.173574e-07,-0.0025484892
4.174574e-07,-0.0025535156
4.175574e-07,-0.0025506434
4.176574e-07,-0.0025362822
4.177574e-07,-0.0025125862
4.178574e-07,-0.0024881721
4.179574e-07,-0.0024702206
4.180574e-07,-0.0024651942
4.181574e-07,-0.0024723748
4.182574e-07,-0.0024881721
4.183574e-07,-0.0025046875
4.184574e-07,-0.0025183307
4.185574e-07,-0.0025276654
4.186574e-07,-0.0025334099
4.187574e-07,-0.0025391544
4.188574e-07,-0.0025434628
4.189574e-07,-0.0025434628
4.190574e-07,-0.0025355641
4.191574e-07,-0.0025161765
4.192574e-07,-0.0024881721
4.193574e-07,-0.0024594497
4.194574e-07,-0.002439344
4.195574e-07,-0.0024357537
4.196574e-07,-0.0024493968
4.197574e-07,-0.002475247
4.198574e-07,-0.0025010972
4.199574e-07,-0.0025161765
4.200574e-07,-0.0025154584
4.201574e-07,-0.0025018153
4.202574e-07,-0.0024831457
4.203574e-07,-0.0024702206
4.204574e-07,-0.0024702206
4.205574e-07,-0.0024831457
4.206574e-07,-0.0025018153
4.207574e-07,-0.0025161765
4.208574e-07,-0.0025204848
4.209574e-07,-0.0025133042
4.210574e-07,-0.0025010972
4.211574e-07,-0.0024931985
4.212574e-07,-0.0024975069
4.213574e-07,-0.0025161765
4.214574e-07,-0.0025448989
4.215574e-07,-0.0025736213
4.216574e-07,-0.002593727
4.217574e-07,-0.0026009076
4.218574e-07,-0.0025951631
4.219574e-07,-0.0025851103
4.220574e-07,-0.0025779297
4.221574e-07,-0.0025786477
4.222574e-07,-0.0025901367
4.223574e-07,-0.0026080882
4.224574e-07,-0.0026267578
4.225574e-07,-0.0026418371
4.226574e-07,-0.0026504538
4.227574e-07,-0.0026540441
4.228574e-07,-0.0026561983
4.229574e-07,-0.0026590705
4.230574e-07,-0.0026662511
4.231574e-07,-0.0026770221
4.232574e-07,-0.0026899472
4.233574e-07,-0.0027028722
4.234574e-07,-0.0027143612
4.235574e-07,-0.0027229779
4.236574e-07,-0.0027287224
4.237574e-07,-0.0027308766
4.238574e-07,-0.0027323127
4.239574e-07,-0.0027344669
4.240574e-07,-0.0027394933
4.241574e-07,-0.0027509823
4.242574e-07,-0.0027689338
4.243574e-07,-0.0027919118
4.244574e-07,-0.0028163258
4.245574e-07,-0.0028364315
4.246574e-07,-0.0028486386
4.247574e-07,-0.0028493566
4.248574e-07,-0.002842176
4.249574e-07,-0.0028314051
4.250574e-07,-0.0028249426
4.251574e-07,-0.0028263787
4.252574e-07,-0.0028364315
4.253574e-07,-0.0028522289
4.254574e-07,-0.002865872
4.255574e-07,-0.0028723346
4.256574e-07,-0.0028701804
4.257574e-07,-0.0028608456
4.258574e-07,-0.0028522289
4.259574e-07,-0.0028493566
4.260574e-07,-0.0028572553
4.261574e-07,-0.0028752068
4.262574e-07,-0.0028981847
4.263574e-07,-0.0029182904
4.264574e-07,-0.0029297794
4.265574e-07,-0.0029297794
4.266574e-07,-0.0029204446
4.267574e-07,-0.0029068015
4.268574e-07,-0.0028945944
4.269574e-07,-0.0028881319
4.270574e-07,-0.00288885
4.271574e-07,-0.0028953125
4.272574e-07,-0.0029053653
4.273574e-07,-0.0029154182
4.274574e-07,-0.0029240349
4.275574e-07,-0.0029297794
4.276574e-07,-0.0029326517
4.277574e-07,-0.0029333697
4.278574e-07,-0.0029319336
4.279574e-07,-0.0029297794
4.280574e-07,-0.0029283433
4.281574e-07,-0.0029290614
4.282574e-07,-0.0029333697
4.283574e-07,-0.0029412684
4.284574e-07,-0.0029513212
4.285574e-07,-0.002960656
4.286574e-07,-0.0029656824
4.287574e-07,-0.0029642463
4.288574e-07,-0.0029570657
4.289574e-07,-0.0029470129
4.290574e-07,-0.002936242
4.291574e-07,-0.0029297794
4.292574e-07,-0.0029276252
4.293574e-07,-0.0029283433
4.294574e-07,-0.0029304975
4.295574e-07,-0.0029297794
4.296574e-07,-0.0029261891
4.297574e-07,-0.0029197266
4.298574e-07,-0.002912546
4.299574e-07,-0.0029068015
4.300574e-07,-0.0029024931
4.301574e-07,-0.0028981847
4.302574e-07,-0.0028924403
4.303574e-07,-0.0028838235
4.304574e-07,-0.0028730526
4.305574e-07,-0.0028615636
4.306574e-07,-0.0028529469
4.307574e-07,-0.0028493566
4.308574e-07,-0.0028507927
4.309574e-07,-0.0028551011
4.310574e-07,-0.0028594095
4.311574e-07,-0.0028608456
4.312574e-07,-0.0028586914
4.313574e-07,-0.002854383
4.314574e-07,-0.0028507927
4.315574e-07,-0.0028493566
4.316574e-07,-0.0028507927
4.317574e-07,-0.0028529469
4.318574e-07,-0.002853665
4.319574e-07,-0.0028493566
4.320574e-07,-0.002841458
4.321574e-07,-0.0028328412
4.322574e-07,-0.0028263787
4.323574e-07,-0.0028263787
4.324574e-07,-0.0028335593
4.325574e-07,-0.0028457663
4.326574e-07,-0.0028594095
4.327574e-07,-0.0028723346
4.328574e-07,-0.0028823874
4.329574e-07,-0.002889568
4.330574e-07,-0.0028974667
4.331574e-07,-0.0029068015
4.332574e-07,-0.0029168543
4.333574e-07,-0.0029261891
4.334574e-07,-0.0029312155
4.335574e-07,-0.0029297794
4.336574e-07,-0.0029233169
4.337574e-07,-0.0029139821
4.338574e-07,-0.0029075195
4.339574e-07,-0.0029068015
4.340574e-07,-0.002912546
4.341574e-07,-0.0029225988
4.342574e-07,-0.0029326517
4.343574e-07,-0.0029412684
4.344574e-07,-0.0029470129
4.345574e-07,-0.0029513212
4.346574e-07,-0.0029563477
4.347574e-07,-0.0029642463
4.348574e-07,-0.002972145
4.349574e-07,-0.0029771714
4.350574e-07,-0.0029742992
4.351574e-07,-0.0029642463
4.352574e-07,-0.002949167
4.353574e-07,-0.002936242
4.354574e-07,-0.0029319336
4.355574e-07,-0.0029412684
4.356574e-07,-0.0029620921
4.357574e-07,-0.0029865062
4.358574e-07,-0.0030051758
4.359574e-07,-0.0030102022
4.360574e-07,-0.0030001494
4.361574e-07,-0.0029786075
4.362574e-07,-0.0029563477
4.363574e-07,-0.0029412684
4.364574e-07,-0.0029391142
4.365574e-07,-0.002949167
4.366574e-07,-0.0029635283
4.367574e-07,-0.0029757353
4.368574e-07,-0.0029800437
4.369574e-07,-0.0029757353
4.370574e-07,-0.0029685547
4.371574e-07,-0.0029642463
4.372574e-07,-0.0029671186
4.373574e-07,-0.0029764534
4.374574e-07,-0.0029886604
4.375574e-07,-0.0029987132
4.376574e-07,-0.0030015855
4.377574e-07,-0.0029965591
4.378574e-07,-0.0029865062
4.379574e-07,-0.0029757353
4.380574e-07,-0.0029678366
4.381574e-07,-0.0029635283
4.382574e-07,-0.002959938
4.383574e-07,-0.0029527574
4.384574e-07,-0.0029412684
4.385574e-07,-0.0029269072
4.386574e-07,-0.002913264
4.387574e-07,-0.0029068015
4.388574e-07,-0.0029096737
4.389574e-07,-0.0029211627
4.390574e-07,-0.0029376781
4.391574e-07,-0.0029527574
4.392574e-07,-0.0029628102
4.393574e-07,-0.0029664005
4.394574e-07,-0.0029656824
4.395574e-07,-0.0029642463
4.396574e-07,-0.0029656824
4.397574e-07,-0.0029707089
4.398574e-07,-0.0029786075
4.399574e-07,-0.0029872243
4.400574e-07,-0.0029951229
4.401574e-07,-0.0030023035
4.402574e-07,-0.0030109203
4.403574e-07,-0.0030216912
4.404574e-07,-0.0030360524
4.405574e-07,-0.0030518497
4.406574e-07,-0.003066929
4.407574e-07,-0.003079136
4.408574e-07,-0.0030870347
4.409574e-07,-0.0030920611
4.410574e-07,-0.0030963695
4.411574e-07,-0.003102114
4.412574e-07,-0.0031092946
4.413574e-07,-0.0031164752
4.414574e-07,-0.0031215016
4.415574e-07,-0.0031250919
4.416574e-07,-0.0031272461
4.417574e-07,-0.0031301183
4.418574e-07,-0.0031372989
4.419574e-07,-0.0031480699
4.420574e-07,-0.0031602769
4.421574e-07,-0.0031688936
4.422574e-07,-0.0031696117
4.423574e-07,-0.0031595588
4.424574e-07,-0.0031423254
4.425574e-07,-0.0031243739
4.426574e-07,-0.0031136029
4.427574e-07,-0.0031136029
4.428574e-07,-0.0031236558
4.429574e-07,-0.003138017
4.430574e-07,-0.0031480699
4.431574e-07,-0.0031480699
4.432574e-07,-0.0031358628
4.433574e-07,-0.0031171932
4.434574e-07,-0.0030992417
4.435574e-07,-0.003090625
4.436574e-07,-0.0030942153
4.437574e-07,-0.0031092946
4.438574e-07,-0.0031294003
4.439574e-07,-0.0031480699
4.440574e-07,-0.0031609949
4.441574e-07,-0.0031681756
4.442574e-07,-0.0031710478
4.443574e-07,-0.0031710478
4.444574e-07,-0.0031696117
4.445574e-07,-0.0031638672
4.446574e-07,-0.0031530963
4.447574e-07,-0.0031365809
4.448574e-07,-0.0031186294
4.449574e-07,-0.0031071404
4.450574e-07,-0.0031078585
4.451574e-07,-0.0031250919
4.452574e-07,-0.0031552505
4.453574e-07,-0.0031897174
4.454574e-07,-0.0032162856
4.455574e-07,-0.0032284926
4.456574e-07,-0.0032234662
4.457574e-07,-0.0032055147
4.458574e-07,-0.003185409
4.459574e-07,-0.0031710478
4.460574e-07,-0.0031653033
4.461574e-07,-0.0031660214
4.462574e-07,-0.0031660214
4.463574e-07,-0.0031595588
4.464574e-07,-0.0031459157
4.465574e-07,-0.0031286822
4.466574e-07,-0.0031157571
4.467574e-07,-0.0031136029
4.468574e-07,-0.0031229377
4.469574e-07,-0.003138017
4.470574e-07,-0.003149506
4.471574e-07,-0.0031480699
4.472574e-07,-0.0031315545
4.473574e-07,-0.0031042682
4.474574e-07,-0.0030762638
4.475574e-07,-0.0030561581
4.476574e-07,-0.0030496955
4.477574e-07,-0.003054722
4.478574e-07,-0.0030640568
4.479574e-07,-0.0030676471
4.480574e-07,-0.0030611845
4.481574e-07,-0.0030468233
4.482574e-07,-0.003031026
4.483574e-07,-0.0030216912
4.484574e-07,-0.0030245634
4.485574e-07,-0.0030374885
4.486574e-07,-0.003054722
4.487574e-07,-0.0030676471
4.488574e-07,-0.0030698012
4.489574e-07,-0.0030619026
4.490574e-07,-0.0030475414
4.491574e-07,-0.0030331801
4.492574e-07,-0.0030245634
4.493574e-07,-0.0030216912
4.494574e-07,-0.0030216912
4.495574e-07,-0.0030216912
4.496574e-07,-0.0030188189
4.497574e-07,-0.0030159467
4.498574e-07,-0.0030152286
4.499574e-07,-0.0030216912
4.500574e-07,-0.0030353343
4.501574e-07,-0.0030518497
4.502574e-07,-0.0030640568
4.503574e-07,-0.0030676471
4.504574e-07,-0.0030597484
4.505574e-07,-0.0030446691
4.506574e-07,-0.0030295898
4.507574e-07,-0.0030216912
4.508574e-07,-0.0030231273
4.509574e-07,-0.003031744
4.510574e-07,-0.0030410788
4.511574e-07,-0.0030446691
4.512574e-07,-0.0030403608
4.513574e-07,-0.003031744
4.514574e-07,-0.0030274357
4.515574e-07,-0.0030331801
4.516574e-07,-0.0030532858
4.517574e-07,-0.0030827263
4.518574e-07,-0.0031136029
4.519574e-07,-0.0031365809
4.520574e-07,-0.0031451976
4.521574e-07,-0.0031416073
4.522574e-07,-0.0031322725
4.523574e-07,-0.0031250919
4.524574e-07,-0.0031272461
4.525574e-07,-0.0031372989
4.526574e-07,-0.0031509421
4.527574e-07,-0.0031595588
4.528574e-07,-0.0031574046
4.529574e-07,-0.0031451976
4.530574e-07,-0.0031279642
4.531574e-07,-0.0031136029
4.532574e-07,-0.0031100126
4.533574e-07,-0.0031193474
4.534574e-07,-0.003138017
4.535574e-07,-0.0031595588
4.536574e-07,-0.0031760742
4.537574e-07,-0.0031811006
4.538574e-07,-0.0031753562
4.539574e-07,-0.0031595588
4.540574e-07,-0.003138017
4.541574e-07,-0.0031157571
4.542574e-07,-0.0030949334
4.543574e-07,-0.003079136
4.544574e-07,-0.0030705193
4.545574e-07,-0.0030712374
4.546574e-07,-0.0030820083
4.547574e-07,-0.003102114
4.548574e-07,-0.003126528
4.549574e-07,-0.0031487879
4.550574e-07,-0.0031645852
4.551574e-07,-0.0031710478
4.552574e-07,-0.0031696117
4.553574e-07,-0.0031660214
4.554574e-07,-0.0031653033
4.555574e-07,-0.0031710478
4.556574e-07,-0.0031811006
4.557574e-07,-0.0031897174
4.558574e-07,-0.0031911535
4.559574e-07,-0.0031825368
4.560574e-07,-0.0031667394
4.561574e-07,-0.003150224
4.562574e-07,-0.0031423254
4.563574e-07,-0.0031480699
4.564574e-07,-0.0031667394
4.565574e-07,-0.0031904354
4.566574e-07,-0.0032098231
4.567574e-07,-0.0032170037
4.568574e-07,-0.0032112592
4.569574e-07,-0.003197616
4.570574e-07,-0.003185409
4.571574e-07,-0.0031825368
4.572574e-07,-0.0031918716
4.573574e-07,-0.0032105411
4.574574e-07,-0.0032292107
4.575574e-07,-0.0032399816
4.576574e-07,-0.0032399816
4.577574e-07,-0.003232083
4.578574e-07,-0.0032227482
4.579574e-07,-0.0032170037
4.580574e-07,-0.0032184398
4.581574e-07,-0.0032241843
4.582574e-07,-0.0032292107
4.583574e-07,-0.0032284926
4.584574e-07,-0.003221312
4.585574e-07,-0.0032112592
4.586574e-07,-0.0032047966
4.587574e-07,-0.0032055147
4.588574e-07,-0.0032134134
4.589574e-07,-0.0032227482
4.590574e-07,-0.0032256204
4.591574e-07,-0.0032170037
4.592574e-07,-0.0031983341
4.593574e-07,-0.0031782284
4.594574e-07,-0.0031667394
4.595574e-07,-0.0031710478
4.596574e-07,-0.0031925896
4.597574e-07,-0.0032227482
4.598574e-07,-0.0032500345
4.599574e-07,-0.0032629596
4.600574e-07,-0.0032586512
4.601574e-07,-0.0032421358
4.602574e-07,-0.0032249023
4.603574e-07,-0.0032170037
4.604574e-07,-0.0032234662
4.605574e-07,-0.0032392636
4.606574e-07,-0.003256497
4.607574e-07,-0.0032629596
4.608574e-07,-0.003255779
4.609574e-07,-0.0032378274
4.610574e-07,-0.003221312
4.611574e-07,-0.0032170037
4.612574e-07,-0.0032313649
4.613574e-07,-0.0032608054
4.614574e-07,-0.0032952723
4.615574e-07,-0.0033204044
4.616574e-07,-0.0033283031
4.617574e-07,-0.0033189683
4.618574e-07,-0.0033002987
4.619574e-07,-0.0032859375
4.620574e-07,-0.0032852194
4.621574e-07,-0.0033010168
4.622574e-07,-0.003327585
4.623574e-07,-0.0033548713
4.624574e-07,-0.0033728228
4.625574e-07,-0.0033764131
4.626574e-07,-0.0033677964
4.627574e-07,-0.0033548713
4.628574e-07,-0.0033455365
4.629574e-07,-0.0033448185
4.630574e-07,-0.0033527171
