LECROYHDO6104B,11090,Waveform
Segments,1,SegmentSize,5002
Segment,TrigTime,TimeSinceSegment1
#1,04-May-2026 18:27:45,0                 
Time,Ampl
-3.705402e-08,-0.0046775391
-3.695402e-08,-0.0046875919
-3.685402e-08,-0.0046933364
-3.675402e-08,-0.0046962086
-3.665402e-08,-0.004700517
-3.655402e-08,-0.0047105699
-3.645402e-08,-0.0047263672
-3.635402e-08,-0.0047428826
-3.625402e-08,-0.0047507813
-3.615402e-08,-0.0047450368
-3.605402e-08,-0.0047263672
-3.595402e-08,-0.0047041073
-3.585402e-08,-0.00468831
-3.575402e-08,-0.0046875919
-3.565402e-08,-0.0047012351
-3.555402e-08,-0.0047191866
-3.545402e-08,-0.0047292394
-3.535402e-08,-0.0047220588
-3.525402e-08,-0.0046969267
-3.515402e-08,-0.004664614
-3.505402e-08,-0.0046387638
-3.495402e-08,-0.0046301471
-3.485402e-08,-0.004640918
-3.475402e-08,-0.0046610237
-3.465402e-08,-0.004676821
-3.455402e-08,-0.0046761029
-3.445402e-08,-0.0046574334
-3.435402e-08,-0.0046308651
-3.425402e-08,-0.0046100414
-3.415402e-08,-0.0046071691
-3.405402e-08,-0.0046229665
-3.395402e-08,-0.0046466625
-3.385402e-08,-0.0046610237
-3.375402e-08,-0.004653125
-3.365402e-08,-0.0046215303
-3.355402e-08,-0.0045777286
-3.345402e-08,-0.0045403895
-3.335402e-08,-0.0045267463
-3.325402e-08,-0.0045418256
-3.315402e-08,-0.0045770106
-3.305402e-08,-0.0046121955
-3.295402e-08,-0.0046301471
-3.285402e-08,-0.0046222484
-3.275402e-08,-0.004593526
-3.265402e-08,-0.0045597771
-3.255402e-08,-0.0045382353
-3.245402e-08,-0.0045367992
-3.235402e-08,-0.0045511604
-3.225402e-08,-0.0045676758
-3.215402e-08,-0.0045727022
-3.205402e-08,-0.0045597771
-3.195402e-08,-0.004534645
-3.185402e-08,-0.004510949
-3.175402e-08,-0.0045037684
-3.165402e-08,-0.0045188477
-3.155402e-08,-0.0045490062
-3.145402e-08,-0.0045798828
-3.135402e-08,-0.0045956801
-3.125402e-08,-0.0045892176
-3.115402e-08,-0.0045655216
-3.105402e-08,-0.0045396714
-3.095402e-08,-0.0045267463
-3.085402e-08,-0.0045339269
-3.075402e-08,-0.0045569049
-3.065402e-08,-0.004582037
-3.055402e-08,-0.0045956801
-3.045402e-08,-0.0045906537
-3.035402e-08,-0.0045719841
-3.025402e-08,-0.0045533146
-3.015402e-08,-0.0045497243
-3.005402e-08,-0.0045669577
-2.995402e-08,-0.0045992705
-2.985402e-08,-0.0046330193
-2.975402e-08,-0.004653125
-2.965402e-08,-0.0046516889
-2.955402e-08,-0.0046323012
-2.945402e-08,-0.0046093233
-2.935402e-08,-0.0045956801
-2.925402e-08,-0.0045999885
-2.915402e-08,-0.004617222
-2.905402e-08,-0.0046358915
-2.895402e-08,-0.004641636
-2.885402e-08,-0.0046287109
-2.875402e-08,-0.0046021427
-2.865402e-08,-0.0045748564
-2.855402e-08,-0.0045612132
-2.845402e-08,-0.0045683938
-2.835402e-08,-0.0045920898
-2.825402e-08,-0.00461794
-2.815402e-08,-0.0046301471
-2.805402e-08,-0.0046215303
-2.795402e-08,-0.004594244
-2.785402e-08,-0.0045612132
-2.775402e-08,-0.0045382353
-2.765402e-08,-0.0045332089
-2.755402e-08,-0.0045446978
-2.745402e-08,-0.0045619313
-2.735402e-08,-0.0045727022
-2.725402e-08,-0.0045683938
-2.715402e-08,-0.0045525965
-2.705402e-08,-0.004534645
-2.695402e-08,-0.0045267463
-2.685402e-08,-0.0045360811
-2.675402e-08,-0.004558341
-2.665402e-08,-0.0045827551
-2.655402e-08,-0.0045956801
-2.645402e-08,-0.0045906537
-2.635402e-08,-0.00456983
-2.625402e-08,-0.0045446978
-2.615402e-08,-0.0045267463
-2.605402e-08,-0.0045245921
-2.595402e-08,-0.0045360811
-2.585402e-08,-0.0045518784
-2.575402e-08,-0.0045612132
-2.565402e-08,-0.0045576229
-2.555402e-08,-0.0045439798
-2.545402e-08,-0.0045303366
-2.535402e-08,-0.0045267463
-2.525402e-08,-0.0045396714
-2.515402e-08,-0.0045648035
-2.505402e-08,-0.0045920898
-2.495402e-08,-0.0046071691
-2.485402e-08,-0.0046035788
-2.475402e-08,-0.004582037
-2.465402e-08,-0.0045525965
-2.455402e-08,-0.0045267463
-2.445402e-08,-0.0045131032
-2.435402e-08,-0.004511667
-2.425402e-08,-0.0045152574
-2.415402e-08,-0.0045152574
-2.405402e-08,-0.0045066406
-2.395402e-08,-0.0044908433
-2.385402e-08,-0.004475764
-2.375402e-08,-0.0044693015
-2.365402e-08,-0.004475046
-2.355402e-08,-0.0044886891
-2.345402e-08,-0.0045016142
-2.335402e-08,-0.0045037684
-2.325402e-08,-0.0044908433
-2.315402e-08,-0.0044664292
-2.305402e-08,-0.004440579
-2.295402e-08,-0.0044233456
-2.285402e-08,-0.0044204733
-2.275402e-08,-0.0044290901
-2.265402e-08,-0.0044412971
-2.255402e-08,-0.0044463235
-2.245402e-08,-0.004439861
-2.235402e-08,-0.0044240636
-2.225402e-08,-0.0044075483
-2.215402e-08,-0.0044003676
-2.205402e-08,-0.0044061121
-2.195402e-08,-0.0044219095
-2.185402e-08,-0.0044391429
-2.175402e-08,-0.0044463235
-2.165402e-08,-0.004439861
-2.155402e-08,-0.0044233456
-2.145402e-08,-0.0044068302
-2.135402e-08,-0.0044003676
-2.125402e-08,-0.0044104205
-2.115402e-08,-0.0044348346
-2.105402e-08,-0.0044621209
-2.095402e-08,-0.0044807904
-2.085402e-08,-0.0044829446
-2.075402e-08,-0.0044678653
-2.065402e-08,-0.0044441693
-2.055402e-08,-0.0044233456
-2.045402e-08,-0.0044132927
-2.035402e-08,-0.004416165
-2.025402e-08,-0.0044262178
-2.015402e-08,-0.0044348346
-2.005402e-08,-0.0044355526
-1.995402e-08,-0.0044269359
-1.985402e-08,-0.0044125747
-1.975402e-08,-0.0044003676
-1.965402e-08,-0.0043960593
-1.955402e-08,-0.0044010857
-1.945402e-08,-0.0044118566
-1.935402e-08,-0.0044233456
-1.925402e-08,-0.0044326804
-1.915402e-08,-0.0044391429
-1.905402e-08,-0.0044463235
-1.895402e-08,-0.0044578125
-1.885402e-08,-0.004475046
-1.875402e-08,-0.0044944336
-1.865402e-08,-0.0045095129
-1.855402e-08,-0.0045152574
-1.845402e-08,-0.0045087948
-1.835402e-08,-0.0044944336
-1.825402e-08,-0.0044786363
-1.815402e-08,-0.0044693015
-1.805402e-08,-0.0044707376
-1.795402e-08,-0.0044807904
-1.785402e-08,-0.0044937155
-1.775402e-08,-0.0045037684
-1.765402e-08,-0.0045073587
-1.755402e-08,-0.0045052045
-1.745402e-08,-0.0045023323
-1.735402e-08,-0.0045037684
-1.725402e-08,-0.004511667
-1.715402e-08,-0.004523156
-1.705402e-08,-0.0045332089
-1.695402e-08,-0.0045382353
-1.685402e-08,-0.0045360811
-1.675402e-08,-0.0045281824
-1.665402e-08,-0.0045202838
-1.655402e-08,-0.0045152574
-1.645402e-08,-0.0045123851
-1.635402e-08,-0.0045087948
-1.625402e-08,-0.004498742
-1.615402e-08,-0.0044807904
-1.605402e-08,-0.0044578125
-1.595402e-08,-0.0044384249
-1.585402e-08,-0.0044290901
-1.575402e-08,-0.0044348346
-1.565402e-08,-0.0044527861
-1.555402e-08,-0.0044728918
-1.545402e-08,-0.0044850988
-1.535402e-08,-0.0044807904
-1.525402e-08,-0.0044614028
-1.515402e-08,-0.0044355526
-1.505402e-08,-0.004416165
-1.495402e-08,-0.0044118566
-1.485402e-08,-0.0044247817
-1.475402e-08,-0.0044477597
-1.465402e-08,-0.0044700195
-1.455402e-08,-0.0044807904
-1.445402e-08,-0.0044786363
-1.435402e-08,-0.0044685834
-1.425402e-08,-0.0044628389
-1.415402e-08,-0.0044693015
-1.405402e-08,-0.0044915614
-1.395402e-08,-0.004523156
-1.385402e-08,-0.0045533146
-1.375402e-08,-0.0045727022
-1.365402e-08,-0.0045777286
-1.355402e-08,-0.0045727022
-1.345402e-08,-0.0045676758
-1.335402e-08,-0.0045727022
-1.325402e-08,-0.0045892176
-1.315402e-08,-0.0046129136
-1.305402e-08,-0.0046337374
-1.295402e-08,-0.004641636
-1.285402e-08,-0.0046351735
-1.275402e-08,-0.0046200942
-1.265402e-08,-0.0046071691
-1.255402e-08,-0.0046071691
-1.245402e-08,-0.0046222484
-1.235402e-08,-0.0046473805
-1.225402e-08,-0.0046725126
-1.215402e-08,-0.0046875919
-1.205402e-08,-0.0046897461
-1.195402e-08,-0.0046840016
-1.185402e-08,-0.0046804113
-1.175402e-08,-0.0046875919
-1.165402e-08,-0.0047076976
-1.155402e-08,-0.0047335478
-1.145402e-08,-0.0047529354
-1.135402e-08,-0.0047565257
-1.125402e-08,-0.0047428826
-1.115402e-08,-0.0047213408
-1.105402e-08,-0.0047055434
-1.095402e-08,-0.0047105699
-1.085402e-08,-0.0047407284
-1.075402e-08,-0.0047895565
-1.065402e-08,-0.004842693
-1.055402e-08,-0.0048829044
-1.045402e-08,-0.004901574
-1.035402e-08,-0.0049001379
-1.025402e-08,-0.004889367
-1.015402e-08,-0.0048829044
-1.005402e-08,-0.004889367
-9.954015e-09,-0.0049087546
-9.854015e-09,-0.0049331687
-9.754015e-09,-0.0049518382
-9.654015e-09,-0.0049575827
-9.554015e-09,-0.0049525563
-9.454015e-09,-0.0049439396
-9.354015e-09,-0.0049403493
-9.254015e-09,-0.0049460937
-9.154015e-09,-0.0049568647
-9.054015e-09,-0.0049626091
-8.954015e-09,-0.0049518382
-8.854015e-09,-0.0049195255
-8.754015e-09,-0.0048692613
-8.654015e-09,-0.0048146886
-8.554015e-09,-0.0047680147
-8.454015e-09,-0.0047385742
-8.354015e-09,-0.0047234949
-8.254015e-09,-0.004712006
-8.154015e-09,-0.0046875919
-8.054015e-09,-0.0046387638
-7.954015e-09,-0.0045626494
-7.854015e-09,-0.0044671473
-7.754015e-09,-0.0043659007
-7.654015e-09,-0.0042718348
-7.554015e-09,-0.0041899759
-7.454015e-09,-0.0041174517
-7.354015e-09,-0.0040442096
-7.254015e-09,-0.0039601965
-7.154015e-09,-0.0038582318
-7.054015e-09,-0.0037390338
-6.954015e-09,-0.0036076287
-6.854015e-09,-0.0034719152
-6.754015e-09,-0.0033383559
-6.654015e-09,-0.0032076689
-6.554015e-09,-0.003079136
-6.454015e-09,-0.002949167
-6.354015e-09,-0.0028177619
-6.254015e-09,-0.0026842027
-6.154015e-09,-0.0025506434
-6.054015e-09,-0.0024185202
-5.954015e-09,-0.0022878332
-5.854015e-09,-0.00215571
-5.754015e-09,-0.0020221507
-5.654015e-09,-0.0018871553
-5.554015e-09,-0.0017543141
-5.454015e-09,-0.0016300896
-5.354015e-09,-0.001516636
-5.254015e-09,-0.0014153895
-5.154015e-09,-0.0013206055
-5.054015e-09,-0.0012265395
-4.954015e-09,-0.001126011
-4.854015e-09,-0.0010183019
-4.754015e-09,-0.00090772059
-4.654015e-09,-0.00080288373
-4.554015e-09,-0.00071240809
-4.454015e-09,-0.00063988396
-4.354015e-09,-0.00058387523
-4.254015e-09,-0.00053432904
-4.154015e-09,-0.00048262868
-4.054015e-09,-0.00042087546
-3.954015e-09,-0.00034978745
-3.854015e-09,-0.00027510915
-3.754015e-09,-0.00020689338
-3.654015e-09,-0.00015519301
-3.554015e-09,-0.00012288028
-3.454015e-09,-0.00010851907
-3.354015e-09,-0.00010349265
-3.254015e-09,-0.0001006204
-3.154015e-09,-9.3439798e-05
-3.054015e-09,-8.1950827e-05
-2.954015e-09,-6.9025735e-05
-2.854015e-09,-5.9690947e-05
-2.754015e-09,-5.6818704e-05
-2.654015e-09,-6.1127068e-05
-2.554015e-09,-6.9025735e-05
-2.454015e-09,-7.6206342e-05
-2.354015e-09,-7.9078585e-05
-2.254015e-09,-7.6206342e-05
-2.154015e-09,-6.9025735e-05
-2.054015e-09,-6.0409007e-05
-1.954015e-09,-5.3228401e-05
-1.854015e-09,-4.8201976e-05
-1.754015e-09,-4.6047794e-05
-1.654015e-09,-4.5329733e-05
-1.554015e-09,-4.5329733e-05
-1.454015e-09,-4.5329733e-05
-1.354015e-09,-4.6047794e-05
-1.254015e-09,-4.7483915e-05
-1.154015e-09,-4.8201976e-05
-1.054015e-09,-4.8201976e-05
-9.540152e-10,-4.6047794e-05
-8.540152e-10,-4.0303309e-05
-7.540152e-10,-3.2404642e-05
-6.540152e-10,-2.2351792e-05
-5.540152e-10,-1.1580882e-05
-4.540152e-10,-1.5280331e-06
-3.540152e-10,9.2428768e-06
-2.540152e-10,2.0731847e-05
-1.540152e-10,3.4375e-05
-5.401522e-11,5.0172335e-05
4.598478e-11,6.8123851e-05
1.459848e-10,8.6793428e-05
2.459848e-10,0.00010330882
3.459848e-10,0.00011767004
4.459848e-10,0.00012915901
5.459848e-10,0.00013921186
6.459848e-10,0.00014926471
7.459848e-10,0.00016003562
8.459848e-10,0.00017367877
9.459848e-10,0.00018875804
1.045985e-09,0.00020670956
1.145985e-09,0.00022753332
1.245985e-09,0.00025051126
1.345985e-09,0.00027492532
1.445985e-09,0.00029862132
1.545985e-09,0.00031800896
1.645985e-09,0.00033165211
1.745985e-09,0.00034026884
1.845985e-09,0.00034457721
1.945985e-09,0.00035032169
2.045985e-09,0.00036324678
2.145985e-09,0.00038407054
2.245985e-09,0.00041351103
2.345985e-09,0.00044582376
2.445985e-09,0.00047526425
2.545985e-09,0.00049536994
2.645985e-09,0.00050542279
2.745985e-09,0.00050829504
2.845985e-09,0.00050973116
2.945985e-09,0.00051547564
3.045985e-09,0.00052840074
3.145985e-09,0.00054563419
3.245985e-09,0.00056071347
3.345985e-09,0.00056789407
3.445985e-09,0.00056286765
3.545985e-09,0.00054778837
3.645985e-09,0.00052983686
3.745985e-09,0.00051762983
3.845985e-09,0.00051691176
3.945985e-09,0.00052768267
4.045985e-09,0.00054635225
4.145985e-09,0.00056358571
4.245985e-09,0.00057435662
4.345985e-09,0.00057722886
4.445985e-09,0.00057579274
4.545985e-09,0.0005765108
4.645985e-09,0.00058584559
4.745985e-09,0.0006037971
4.845985e-09,0.00062533892
4.945985e-09,0.00064113626
5.045985e-09,0.00064329044
5.145985e-09,0.00062892923
5.245985e-09,0.0006002068
5.345985e-09,0.00056717601
5.445985e-09,0.00053988971
5.545985e-09,0.00052481043
5.645985e-09,0.00052481043
5.745985e-09,0.00053558134
5.845985e-09,0.00055137868
5.945985e-09,0.00056573989
6.045985e-09,0.00057579274
6.145985e-09,0.00058225528
6.245985e-09,0.00058584559
6.345985e-09,0.00058728171
6.445985e-09,0.00058512753
6.545985e-09,0.00057794692
6.645985e-09,0.00056286765
6.745985e-09,0.00054132583
6.845985e-09,0.00051691176
6.945985e-09,0.00049536994
7.045985e-09,0.00048244485
7.145985e-09,0.00048029067
7.245985e-09,0.00048818934
7.345985e-09,0.00050111443
7.445985e-09,0.00051691176
7.545985e-09,0.00053199104
7.645985e-09,0.00054635225
7.745985e-09,0.00056071347
7.845985e-09,0.00057435662
7.945985e-09,0.00058369141
8.045985e-09,0.00058512753
8.145985e-09,0.00057435662
8.245985e-09,0.00055137868
8.345985e-09,0.00052193819
8.445985e-09,0.00049536994
8.545985e-09,0.00048029067
8.645985e-09,0.00048244485
8.745985e-09,0.00049967831
8.845985e-09,0.00052337431
8.945985e-09,0.00054348001
9.045985e-09,0.00055137868
9.145985e-09,0.00054707031
9.245985e-09,0.00053558134
9.345985e-09,0.00052696461
9.445985e-09,0.00052840074
9.545985e-09,0.00054204389
9.645985e-09,0.00056214959
9.745985e-09,0.00057938304
9.845985e-09,0.00058584559
9.945985e-09,0.00057866498
1.004598e-08,0.00056286765
1.014598e-08,0.00054707031
1.024598e-08,0.00053988971
1.034598e-08,0.00054563419
1.044598e-08,0.0005599954
1.054598e-08,0.00057579274
1.064598e-08,0.00058584559
1.074598e-08,0.00058584559
1.084598e-08,0.00057938304
1.094598e-08,0.00057363856
1.104598e-08,0.00057435662
1.114598e-08,0.00058512753
1.124598e-08,0.00060092486
1.134598e-08,0.00061528608
1.144598e-08,0.0006203125
1.154598e-08,0.00061384995
1.164598e-08,0.00060092486
1.174598e-08,0.00058871783
1.184598e-08,0.00058584559
1.194598e-08,0.00059518038
1.204598e-08,0.00061384995
1.214598e-08,0.00063251953
1.224598e-08,0.00064329044
1.234598e-08,0.00064329044
1.244598e-08,0.00063467371
1.254598e-08,0.00062462086
1.264598e-08,0.0006203125
1.274598e-08,0.00062533892
1.284598e-08,0.00063539177
1.294598e-08,0.0006440085
1.304598e-08,0.00064329044
1.314598e-08,0.00063180147
1.324598e-08,0.00061456801
1.334598e-08,0.0006002068
1.344598e-08,0.00059733456
1.354598e-08,0.00061025965
1.364598e-08,0.00063610983
1.374598e-08,0.00066555032
1.384598e-08,0.00068924632
1.394598e-08,0.00070073529
1.404598e-08,0.00070145335
1.414598e-08,0.00069499081
1.424598e-08,0.00068924632
1.434598e-08,0.00068709214
1.444598e-08,0.0006878102
1.454598e-08,0.00068637408
1.464598e-08,0.00067775735
1.474598e-08,0.00066124196
1.484598e-08,0.00064113626
1.494598e-08,0.00062533892
1.504598e-08,0.0006203125
1.514598e-08,0.00062821117
1.524598e-08,0.0006440085
1.534598e-08,0.00065908778
1.544598e-08,0.00066626838
1.554598e-08,0.00066196002
1.564598e-08,0.00064975299
1.574598e-08,0.0006368279
1.584598e-08,0.00063180147
1.594598e-08,0.00063610983
1.604598e-08,0.00064544462
1.614598e-08,0.00065047105
1.624598e-08,0.00064329044
1.634598e-08,0.00062103056
1.644598e-08,0.00058943589
1.654598e-08,0.00055855928
1.664598e-08,0.00053988971
1.674598e-08,0.00053917165
1.684598e-08,0.00055353286
1.694598e-08,0.0005729205
1.704598e-08,0.00058584559
1.714598e-08,0.00058440947
1.724598e-08,0.00057004825
1.734598e-08,0.00055137868
1.744598e-08,0.00053988971
1.754598e-08,0.00054348001
1.764598e-08,0.00056143153
1.774598e-08,0.00058728171
1.784598e-08,0.00060882353
1.794598e-08,0.00061528608
1.804598e-08,0.00060307904
1.814598e-08,0.00057866498
1.824598e-08,0.00055137868
1.834598e-08,0.0005327091
1.844598e-08,0.00052840074
1.854598e-08,0.00053701746
1.864598e-08,0.00055137868
1.874598e-08,0.00056286765
1.884598e-08,0.00056645795
1.894598e-08,0.00056071347
1.904598e-08,0.00055137868
1.914598e-08,0.00054348001
1.924598e-08,0.00054204389
1.934598e-08,0.00054635225
1.944598e-08,0.00055137868
1.954598e-08,0.00055137868
1.964598e-08,0.00054132583
1.974598e-08,0.00052050207
1.984598e-08,0.00049393382
1.994598e-08,0.00046808364
2.004598e-08,0.00045013212
2.014598e-08,0.00044366958
2.024598e-08,0.00044797794
2.034598e-08,0.00045946691
2.044598e-08,0.00047167394
2.054598e-08,0.00048100873
2.064598e-08,0.00048244485
2.074598e-08,0.00047741843
2.084598e-08,0.00046664752
2.094598e-08,0.00045587661
2.104598e-08,0.00044797794
2.114598e-08,0.00044582376
2.124598e-08,0.00045013212
2.134598e-08,0.00046018497
2.144598e-08,0.00047095588
2.154598e-08,0.00047885455
2.164598e-08,0.00047957261
2.174598e-08,0.00047311006
2.184598e-08,0.00045946691
2.194598e-08,0.00044366958
2.204598e-08,0.00043146255
2.214598e-08,0.000425
2.224598e-08,0.000425
2.234598e-08,0.00042787224
2.244598e-08,0.00042787224
2.254598e-08,0.00041997358
2.264598e-08,0.00040202206
2.274598e-08,0.000377608
2.284598e-08,0.00035175781
2.294598e-08,0.00033165211
2.304598e-08,0.00032159926
2.314598e-08,0.0003208812
2.324598e-08,0.00032447151
2.334598e-08,0.00032662569
2.344598e-08,0.00032159926
2.354598e-08,0.00030795611
2.364598e-08,0.00028856847
2.374598e-08,0.00026846278
2.384598e-08,0.00025266544
2.394598e-08,0.00024333065
2.404598e-08,0.00023974035
2.414598e-08,0.00024045841
2.424598e-08,0.00024117647
2.434598e-08,0.00024261259
2.444598e-08,0.00024548483
2.454598e-08,0.00025194738
2.464598e-08,0.00026415441
2.474598e-08,0.00027923369
2.484598e-08,0.00029503102
2.494598e-08,0.00030580193
2.504598e-08,0.00031011029
2.514598e-08,0.00030867417
2.524598e-08,0.00030580193
2.534598e-08,0.00030580193
2.544598e-08,0.00031011029
2.554598e-08,0.00031800896
2.564598e-08,0.00032590763
2.574598e-08,0.00032734375
2.584598e-08,0.00032159926
2.594598e-08,0.00030939223
2.604598e-08,0.00029574908
2.614598e-08,0.00028785041
2.624598e-08,0.00028713235
2.634598e-08,0.00029287684
2.644598e-08,0.00029933938
2.654598e-08,0.00029862132
2.664598e-08,0.00028713235
2.674598e-08,0.00026630859
2.684598e-08,0.00024333065
2.694598e-08,0.00022537914
2.704598e-08,0.00021819853
2.714598e-08,0.00022178883
2.724598e-08,0.00022825138
2.734598e-08,0.00022896944
2.744598e-08,0.00021819853
2.754598e-08,0.00019450253
2.764598e-08,0.00016506204
2.774598e-08,0.00013921186
2.784598e-08,0.00012628676
2.794598e-08,0.00012700483
2.804598e-08,0.00013562155
2.814598e-08,0.00014280216
2.824598e-08,0.00013777574
2.834598e-08,0.00011767004
2.844598e-08,8.6793428e-05
2.854598e-08,5.591682e-05
2.864598e-08,3.4375e-05
2.874598e-08,2.7912454e-05
2.884598e-08,3.4375e-05
2.894598e-08,4.3709789e-05
2.904598e-08,4.5863971e-05
2.914598e-08,3.3656939e-05
2.924598e-08,7.0886949e-06
2.934598e-08,-2.6660156e-05
2.944598e-08,-5.7536765e-05
2.954598e-08,-7.9078585e-05
2.964598e-08,-8.8413373e-05
2.974598e-08,-9.0567555e-05
2.984598e-08,-9.2003676e-05
2.994598e-08,-9.9902344e-05
3.004598e-08,-0.00011569968
3.014598e-08,-0.00013795956
3.024598e-08,-0.0001609375
3.034598e-08,-0.00018032514
3.044598e-08,-0.00019540441
3.054598e-08,-0.00020689338
3.064598e-08,-0.00021838235
3.074598e-08,-0.00023130744
3.084598e-08,-0.0002449506
3.094598e-08,-0.00025715763
3.104598e-08,-0.00026433824
3.114598e-08,-0.00026721048
3.124598e-08,-0.0002686466
3.134598e-08,-0.00027439108
3.144598e-08,-0.00028731618
3.154598e-08,-0.00030813994
3.164598e-08,-0.000332554
3.174598e-08,-0.00035409582
3.184598e-08,-0.00036773897
3.194598e-08,-0.00037204733
3.204598e-08,-0.00037061121
3.214598e-08,-0.00037061121
3.224598e-08,-0.00037922794
3.234598e-08,-0.00039789752
3.244598e-08,-0.00042446576
3.254598e-08,-0.00045103401
3.264598e-08,-0.00047113971
3.274598e-08,-0.00048047449
3.284598e-08,-0.00048047449
3.294598e-08,-0.00047544807
3.304598e-08,-0.00047113971
3.314598e-08,-0.00047042165
3.324598e-08,-0.00047329389
3.334598e-08,-0.00047473001
3.344598e-08,-0.00047113971
3.354598e-08,-0.00046252298
3.364598e-08,-0.00045175207
3.374598e-08,-0.00044600758
3.384598e-08,-0.00044816176
3.394598e-08,-0.0004603688
3.404598e-08,-0.00047903837
3.414598e-08,-0.00049627183
3.424598e-08,-0.00050560662
3.434598e-08,-0.00050488856
3.444598e-08,-0.00049627183
3.454598e-08,-0.00048693704
3.464598e-08,-0.00048262868
3.474598e-08,-0.00048693704
3.484598e-08,-0.00049770795
3.494598e-08,-0.00050991498
3.504598e-08,-0.00051709559
3.514598e-08,-0.00051709559
3.524598e-08,-0.0005113511
3.534598e-08,-0.00050632468
3.544598e-08,-0.00050560662
3.554598e-08,-0.00051206916
3.564598e-08,-0.00052355813
3.574598e-08,-0.00053432904
3.584598e-08,-0.00054007353
3.594598e-08,-0.00054007353
3.604598e-08,-0.00053863741
3.614598e-08,-0.00054007353
3.624598e-08,-0.0005515625
3.634598e-08,-0.00057238626
3.644598e-08,-0.00059823644
3.654598e-08,-0.00062049632
3.664598e-08,-0.00063198529
3.674598e-08,-0.00063054917
3.684598e-08,-0.00062121438
3.694598e-08,-0.00061044347
3.704598e-08,-0.00060900735
3.714598e-08,-0.00061977826
3.724598e-08,-0.00064203814
3.734598e-08,-0.00066788833
3.744598e-08,-0.00068943015
3.754598e-08,-0.00070091912
3.764598e-08,-0.0007030733
3.774598e-08,-0.00070091912
3.784598e-08,-0.00070091912
3.794598e-08,-0.0007066636
3.804598e-08,-0.00071815257
3.814598e-08,-0.00072964154
3.824598e-08,-0.00073538603
3.834598e-08,-0.00073179573
3.844598e-08,-0.00072102482
3.854598e-08,-0.00070809972
3.864598e-08,-0.00070091912
3.874598e-08,-0.00070379136
3.884598e-08,-0.00071599839
3.894598e-08,-0.00073323185
3.904598e-08,-0.000746875
3.914598e-08,-0.00075190142
3.924598e-08,-0.00074759306
3.934598e-08,-0.00073610409
3.944598e-08,-0.00072389706
3.954598e-08,-0.00071456227
3.964598e-08,-0.00070881778
3.974598e-08,-0.00070594554
3.984598e-08,-0.00070091912
3.994598e-08,-0.00069230239
4.004598e-08,-0.00068081342
4.014598e-08,-0.00067076057
4.024598e-08,-0.00066645221
4.034598e-08,-0.00067076057
4.044598e-08,-0.00068368566
4.054598e-08,-0.000699483
4.064598e-08,-0.00071240809
4.074598e-08,-0.00071743451
4.084598e-08,-0.00071384421
4.094598e-08,-0.0007030733
4.104598e-08,-0.00068943015
4.114598e-08,-0.00067794118
4.124598e-08,-0.00067004251
4.134598e-08,-0.00066717027
4.144598e-08,-0.00066645221
4.154598e-08,-0.00066788833
4.164598e-08,-0.00066932445
4.174598e-08,-0.00067291475
4.184598e-08,-0.00067794118
4.194598e-08,-0.00068368566
4.204598e-08,-0.00068871209
4.214598e-08,-0.00069086627
4.224598e-08,-0.00068943015
4.234598e-08,-0.00068512178
4.244598e-08,-0.00068224954
4.254598e-08,-0.0006829676
4.264598e-08,-0.00068943015
4.274598e-08,-0.00070020106
4.284598e-08,-0.00071240809
4.294598e-08,-0.00072102482
4.304598e-08,-0.00072389706
4.314598e-08,-0.00072246094
4.324598e-08,-0.00072102482
4.334598e-08,-0.00072461512
4.344598e-08,-0.00073538603
4.354598e-08,-0.00075261949
4.364598e-08,-0.00076985294
4.374598e-08,-0.00078062385
4.384598e-08,-0.00078134191
4.394598e-08,-0.00077272518
4.404598e-08,-0.00076051815
4.414598e-08,-0.00075333755
4.424598e-08,-0.00075836397
4.434598e-08,-0.00077631549
4.444598e-08,-0.00080144761
4.454598e-08,-0.00082514361
4.464598e-08,-0.00083878676
4.474598e-08,-0.0008380687
4.484598e-08,-0.00082729779
4.494598e-08,-0.00081221852
4.504598e-08,-0.00080431985
4.514598e-08,-0.00080791016
4.524598e-08,-0.00082298943
4.534598e-08,-0.00084381319
4.544598e-08,-0.00086176471
4.554598e-08,-0.00087038143
4.564598e-08,-0.00086894531
4.574598e-08,-0.00086032858
4.584598e-08,-0.00085027574
4.594598e-08,-0.00084453125
4.604598e-08,-0.00084453125
4.614598e-08,-0.00084812155
4.624598e-08,-0.00085027574
4.634598e-08,-0.00084740349
4.644598e-08,-0.00083878676
4.654598e-08,-0.00082729779
4.664598e-08,-0.00081580882
4.674598e-08,-0.00080934628
4.684598e-08,-0.00080862822
4.694598e-08,-0.00081150046
4.704598e-08,-0.00081580882
4.714598e-08,-0.00081796301
4.724598e-08,-0.00081796301
4.734598e-08,-0.00081652688
4.744598e-08,-0.00081580882
4.754598e-08,-0.00081652688
4.764598e-08,-0.00081724494
4.774598e-08,-0.0008143727
4.784598e-08,-0.00080431985
4.794598e-08,-0.00078565028
4.804598e-08,-0.00075980009
4.814598e-08,-0.00073323185
4.824598e-08,-0.00071240809
4.834598e-08,-0.00070235524
4.844598e-08,-0.00070450942
4.854598e-08,-0.00071743451
4.864598e-08,-0.00073538603
4.874598e-08,-0.00075261949
4.884598e-08,-0.00076554458
4.894598e-08,-0.000770571
4.904598e-08,-0.00076985294
4.914598e-08,-0.00076410846
4.924598e-08,-0.00075692785
4.934598e-08,-0.0007504653
4.944598e-08,-0.000746875
4.954598e-08,-0.00074831112
4.964598e-08,-0.00075549173
4.974598e-08,-0.0007669807
4.984598e-08,-0.00078134191
4.994598e-08,-0.000794267
5.004598e-08,-0.00080216567
5.014598e-08,-0.00080503791
5.024598e-08,-0.00080431985
5.034598e-08,-0.00080575597
5.044598e-08,-0.00081365464
5.054598e-08,-0.00083304228
5.064598e-08,-0.00086176471
5.074598e-08,-0.00089407744
5.084598e-08,-0.0009220818
5.094598e-08,-0.0009385972
5.104598e-08,-0.0009421875
5.114598e-08,-0.00093644301
5.124598e-08,-0.00092926241
5.134598e-08,-0.00092926241
5.144598e-08,-0.0009421875
5.154598e-08,-0.00096516544
5.164598e-08,-0.00099101563
5.174598e-08,-0.0010118394
5.184598e-08,-0.0010226103
5.194598e-08,-0.0010247645
5.204598e-08,-0.0010262006
5.214598e-08,-0.0010348173
5.224598e-08,-0.0010570772
5.234598e-08,-0.0010915441
5.244598e-08,-0.0011303194
5.254598e-08,-0.0011633502
5.264598e-08,-0.0011834559
5.274598e-08,-0.0011899184
5.284598e-08,-0.0011892004
5.294598e-08,-0.0011920726
5.304598e-08,-0.0012064338
5.314598e-08,-0.0012344382
5.324598e-08,-0.0012703412
5.334598e-08,-0.001302654
5.344598e-08,-0.0013213235
5.354598e-08,-0.0013227597
5.364598e-08,-0.0013098346
5.374598e-08,-0.0012947553
5.384598e-08,-0.0012868566
5.394598e-08,-0.0012933192
5.404598e-08,-0.0013141429
5.414598e-08,-0.0013414292
5.424598e-08,-0.0013672794
5.434598e-08,-0.0013852309
5.444598e-08,-0.0013952838
5.454598e-08,-0.0014031824
5.464598e-08,-0.0014132353
5.474598e-08,-0.0014297507
5.484598e-08,-0.0014505744
5.494598e-08,-0.0014706801
5.504598e-08,-0.0014821691
5.514598e-08,-0.0014828872
5.524598e-08,-0.0014757066
5.534598e-08,-0.0014649357
5.544598e-08,-0.0014591912
5.554598e-08,-0.0014606273
5.564598e-08,-0.001468526
5.574598e-08,-0.0014778608
5.584598e-08,-0.0014821691
5.594598e-08,-0.0014800149
5.604598e-08,-0.0014728343
5.614598e-08,-0.0014678079
5.624598e-08,-0.0014706801
5.634598e-08,-0.0014836052
5.644598e-08,-0.0015037109
5.654598e-08,-0.0015245347
5.664598e-08,-0.001539614
5.674598e-08,-0.0015453585
5.684598e-08,-0.0015432043
5.694598e-08,-0.001539614
5.704598e-08,-0.001539614
5.714598e-08,-0.0015460765
5.724598e-08,-0.0015575655
5.734598e-08,-0.0015683364
5.744598e-08,-0.0015740809
5.754598e-08,-0.0015733628
5.764598e-08,-0.0015690545
5.774598e-08,-0.0015676183
5.784598e-08,-0.0015740809
5.794598e-08,-0.0015884421
5.804598e-08,-0.0016071117
5.814598e-08,-0.0016236271
5.824598e-08,-0.0016315257
5.834598e-08,-0.0016308077
5.844598e-08,-0.0016264993
5.854598e-08,-0.0016250632
5.864598e-08,-0.0016315257
5.874598e-08,-0.001646605
5.884598e-08,-0.0016645565
5.894598e-08,-0.0016767636
5.904598e-08,-0.0016774816
5.914598e-08,-0.0016659926
5.924598e-08,-0.0016501953
5.934598e-08,-0.0016394244
5.944598e-08,-0.0016430147
5.954598e-08,-0.0016631204
5.964598e-08,-0.001693997
5.974598e-08,-0.0017248736
5.984598e-08,-0.0017464154
5.994598e-08,-0.0017550322
6.004598e-08,-0.001753596
6.014598e-08,-0.0017514419
6.024598e-08,-0.0017579044
6.034598e-08,-0.0017751379
6.044598e-08,-0.0017988339
6.054598e-08,-0.0018189396
6.064598e-08,-0.0018268382
6.074598e-08,-0.0018182215
6.084598e-08,-0.0017966797
6.094598e-08,-0.0017722656
6.104598e-08,-0.0017579044
6.114598e-08,-0.0017593405
6.124598e-08,-0.0017758559
6.134598e-08,-0.0018009881
6.144598e-08,-0.0018268382
6.154598e-08,-0.0018462259
6.164598e-08,-0.001859869
6.174598e-08,-0.0018706399
6.184598e-08,-0.0018842831
6.194598e-08,-0.0019022346
6.204598e-08,-0.0019216222
6.214598e-08,-0.0019359835
6.224598e-08,-0.0019417279
6.234598e-08,-0.0019374196
6.244598e-08,-0.0019288028
6.254598e-08,-0.0019237764
6.264598e-08,-0.001930239
6.274598e-08,-0.0019503447
6.284598e-08,-0.0019797852
6.294598e-08,-0.0020099437
6.304598e-08,-0.0020336397
6.314598e-08,-0.0020472829
6.324598e-08,-0.0020537454
6.334598e-08,-0.0020587718
6.344598e-08,-0.0020681066
6.354598e-08,-0.0020831859
6.364598e-08,-0.0020997013
6.374598e-08,-0.0021111903
6.384598e-08,-0.0021140625
6.394598e-08,-0.002108318
6.404598e-08,-0.0021011374
6.414598e-08,-0.0021011374
6.424598e-08,-0.0021140625
6.434598e-08,-0.0021384766
6.444598e-08,-0.0021664809
6.454598e-08,-0.0021873047
6.464598e-08,-0.0021944853
6.474598e-08,-0.0021880227
6.484598e-08,-0.0021750977
6.494598e-08,-0.002167199
6.504598e-08,-0.0021715074
6.514598e-08,-0.0021865866
6.524598e-08,-0.0022052562
6.534598e-08,-0.0022138729
6.544598e-08,-0.0022059743
6.554598e-08,-0.0021815602
6.564598e-08,-0.0021514017
6.574598e-08,-0.0021291418
6.584598e-08,-0.0021255515
6.594598e-08,-0.0021420669
6.604598e-08,-0.0021686351
6.614598e-08,-0.0021901769
6.624598e-08,-0.0021944853
6.634598e-08,-0.002179406
6.644598e-08,-0.0021528378
6.654598e-08,-0.002131296
6.664598e-08,-0.0021255515
6.674598e-08,-0.0021399127
6.684598e-08,-0.0021650448
6.694598e-08,-0.0021844324
6.704598e-08,-0.0021829963
6.714598e-08,-0.00215571
6.724598e-08,-0.0021097541
6.734598e-08,-0.0020630802
6.744598e-08,-0.0020336397
6.754598e-08,-0.0020307675
6.764598e-08,-0.0020508732
6.774598e-08,-0.0020803136
6.784598e-08,-0.0021025735
6.794598e-08,-0.0021061638
6.804598e-08,-0.0020925207
6.814598e-08,-0.0020709789
6.824598e-08,-0.0020566176
6.834598e-08,-0.0020573357
6.844598e-08,-0.002072415
6.854598e-08,-0.0020918026
6.864598e-08,-0.0021025735
6.874598e-08,-0.002096111
6.884598e-08,-0.002072415
6.894598e-08,-0.0020436926
6.904598e-08,-0.0020221507
6.914598e-08,-0.0020185604
6.924598e-08,-0.0020350758
6.934598e-08,-0.0020630802
6.944598e-08,-0.0020910846
6.954598e-08,-0.002108318
6.964598e-08,-0.0021119083
6.974598e-08,-0.0021032916
6.984598e-08,-0.0020910846
6.994598e-08,-0.0020803136
7.004598e-08,-0.002073133
7.014598e-08,-0.0020666705
7.024598e-08,-0.0020566176
7.034598e-08,-0.0020415384
7.044598e-08,-0.002025023
7.054598e-08,-0.0020128159
7.064598e-08,-0.0020106618
7.074598e-08,-0.0020192785
7.084598e-08,-0.0020350758
7.094598e-08,-0.0020501551
7.104598e-08,-0.0020566176
7.114598e-08,-0.0020537454
7.124598e-08,-0.0020458467
7.134598e-08,-0.0020408203
7.144598e-08,-0.0020451287
7.154598e-08,-0.0020580538
7.164598e-08,-0.002073133
7.174598e-08,-0.0020795956
7.184598e-08,-0.0020681066
7.194598e-08,-0.0020379481
7.204598e-08,-0.0019963006
7.214598e-08,-0.0019560892
7.224598e-08,-0.001930239
7.234598e-08,-0.0019237764
7.244598e-08,-0.0019323932
7.254598e-08,-0.0019460363
7.264598e-08,-0.0019532169
7.274598e-08,-0.0019489085
7.284598e-08,-0.0019345473
7.294598e-08,-0.0019180319
7.304598e-08,-0.001907261
7.314598e-08,-0.0019051068
7.324598e-08,-0.0019086972
7.334598e-08,-0.0019079791
7.344598e-08,-0.0018957721
7.354598e-08,-0.0018706399
7.364598e-08,-0.0018397633
7.374598e-08,-0.0018139131
7.384598e-08,-0.0018038603
7.394598e-08,-0.0018131951
7.404598e-08,-0.001835455
7.414598e-08,-0.001859151
7.424598e-08,-0.0018727941
7.434598e-08,-0.0018699219
7.444598e-08,-0.0018526884
7.454598e-08,-0.0018311466
7.464598e-08,-0.0018153493
7.474598e-08,-0.0018103228
7.484598e-08,-0.001812477
7.494598e-08,-0.0018131951
7.504598e-08,-0.0018038603
7.514598e-08,-0.0017816004
7.524598e-08,-0.0017507238
7.534598e-08,-0.0017241556
7.544598e-08,-0.0017119485
7.554598e-08,-0.0017198472
7.564598e-08,-0.0017435432
7.574598e-08,-0.0017722656
7.584598e-08,-0.0017923713
7.594598e-08,-0.0017966797
7.604598e-08,-0.0017844727
7.614598e-08,-0.001765085
7.624598e-08,-0.0017464154
7.634598e-08,-0.0017363626
7.644598e-08,-0.0017327723
7.654598e-08,-0.0017313362
7.664598e-08,-0.0017234375
7.674598e-08,-0.001705486
7.684598e-08,-0.0016803539
7.694598e-08,-0.0016566579
7.704598e-08,-0.0016430147
7.714598e-08,-0.0016422966
7.724598e-08,-0.0016523495
7.734598e-08,-0.0016631204
7.744598e-08,-0.0016659926
7.754598e-08,-0.0016552217
7.764598e-08,-0.001634398
7.774598e-08,-0.0016121381
7.784598e-08,-0.0015970588
7.794598e-08,-0.0015956227
7.804598e-08,-0.0016042394
7.814598e-08,-0.0016157284
7.824598e-08,-0.0016200368
7.834598e-08,-0.001610702
7.844598e-08,-0.0015884421
7.854598e-08,-0.0015618739
7.864598e-08,-0.001539614
7.874598e-08,-0.0015295611
7.884598e-08,-0.0015317153
7.894598e-08,-0.0015410501
7.904598e-08,-0.0015511029
7.914598e-08,-0.0015561294
7.924598e-08,-0.0015575655
7.934598e-08,-0.0015575655
7.944598e-08,-0.0015625919
7.954598e-08,-0.0015740809
7.964598e-08,-0.0015898782
7.974598e-08,-0.0016035214
7.984598e-08,-0.0016085478
7.994598e-08,-0.0016042394
8.004598e-08,-0.0015934685
8.014598e-08,-0.0015848518
8.024598e-08,-0.0015855699
8.034598e-08,-0.0015984949
8.044598e-08,-0.0016207548
8.054598e-08,-0.0016458869
8.064598e-08,-0.0016659926
8.074598e-08,-0.0016781997
8.084598e-08,-0.0016839442
8.094598e-08,-0.0016896886
8.104598e-08,-0.0017004596
8.114598e-08,-0.001716975
8.124598e-08,-0.0017363626
8.134598e-08,-0.0017514419
8.144598e-08,-0.0017579044
8.154598e-08,-0.0017550322
8.164598e-08,-0.0017485696
8.174598e-08,-0.0017471335
8.184598e-08,-0.0017579044
8.194598e-08,-0.0017823185
8.204598e-08,-0.0018131951
8.214598e-08,-0.0018426356
8.224598e-08,-0.0018613051
8.234598e-08,-0.0018663316
8.244598e-08,-0.0018627413
8.254598e-08,-0.0018584329
8.264598e-08,-0.0018613051
8.274598e-08,-0.0018735122
8.284598e-08,-0.0018907456
8.294598e-08,-0.0019043888
8.304598e-08,-0.001907261
8.314598e-08,-0.0018986443
8.324598e-08,-0.001883565
8.334598e-08,-0.0018720761
8.344598e-08,-0.0018727941
8.354598e-08,-0.0018885915
8.364598e-08,-0.0019151597
8.374598e-08,-0.0019431641
8.384598e-08,-0.0019647059
8.394598e-08,-0.0019769129
8.404598e-08,-0.0019819393
8.414598e-08,-0.0019876838
8.424598e-08,-0.0019991728
8.434598e-08,-0.0020156882
8.444598e-08,-0.0020314855
8.454598e-08,-0.0020393842
8.464598e-08,-0.0020336397
8.474598e-08,-0.0020185604
8.484598e-08,-0.0020034812
8.494598e-08,-0.002002045
8.504598e-08,-0.0020221507
8.514598e-08,-0.0020637983
8.524598e-08,-0.0021154986
8.534598e-08,-0.0021636087
8.544598e-08,-0.0021944853
8.554598e-08,-0.0022045381
8.564598e-08,-0.0022002298
8.574598e-08,-0.0021937672
8.584598e-08,-0.0021944853
8.594598e-08,-0.0022066923
8.604598e-08,-0.0022253619
8.614598e-08,-0.0022390051
8.624598e-08,-0.0022404412
8.634598e-08,-0.0022289522
8.644598e-08,-0.0022138729
8.654598e-08,-0.0022066923
8.664598e-08,-0.0022174632
8.674598e-08,-0.0022461857
8.684598e-08,-0.0022828068
8.694598e-08,-0.0023122472
8.704598e-08,-0.002320864
8.714598e-08,-0.0023072208
8.724598e-08,-0.0022784984
8.734598e-08,-0.0022519301
8.744598e-08,-0.0022404412
8.754598e-08,-0.0022483398
8.764598e-08,-0.0022677275
8.774598e-08,-0.0022849609
8.784598e-08,-0.0022863971
8.794598e-08,-0.0022677275
8.804598e-08,-0.0022368509
8.814598e-08,-0.0022074104
8.824598e-08,-0.0021944853
8.834598e-08,-0.002203102
8.844598e-08,-0.002226798
8.854598e-08,-0.0022519301
8.864598e-08,-0.0022634191
8.874598e-08,-0.0022562385
8.884598e-08,-0.0022354148
8.894598e-08,-0.0022138729
8.904598e-08,-0.0022059743
8.914598e-08,-0.0022160271
8.924598e-08,-0.002238287
8.934598e-08,-0.0022583927
8.944598e-08,-0.0022634191
8.954598e-08,-0.0022476218
8.964598e-08,-0.0022188994
8.974598e-08,-0.0021916131
8.984598e-08,-0.0021829963
8.994598e-08,-0.0021995117
9.004598e-08,-0.0022361328
9.014598e-08,-0.0022784984
9.024598e-08,-0.002309375
9.034598e-08,-0.0023179917
9.044598e-08,-0.0023057847
9.054598e-08,-0.0022828068
9.064598e-08,-0.0022634191
9.074598e-08,-0.0022562385
9.084598e-08,-0.0022612649
9.094598e-08,-0.0022705997
9.104598e-08,-0.0022749081
9.114598e-08,-0.0022691636
9.124598e-08,-0.0022569566
9.134598e-08,-0.0022483398
9.144598e-08,-0.0022519301
9.154598e-08,-0.0022720358
9.164598e-08,-0.0023014763
9.174598e-08,-0.0023294807
9.184598e-08,-0.0023438419
9.194598e-08,-0.0023402516
9.204598e-08,-0.0023237362
9.214598e-08,-0.0023057847
9.224598e-08,-0.002297886
9.234598e-08,-0.0023036305
9.244598e-08,-0.0023172737
9.254598e-08,-0.0023266085
9.264598e-08,-0.002320864
9.274598e-08,-0.002297168
9.284598e-08,-0.0022634191
9.294598e-08,-0.0022361328
9.304598e-08,-0.0022289522
9.314598e-08,-0.0022476218
9.324598e-08,-0.002285679
9.334598e-08,-0.0023266085
9.344598e-08,-0.0023553309
9.354598e-08,-0.0023617934
9.364598e-08,-0.0023503045
9.374598e-08,-0.0023316349
9.384598e-08,-0.002320864
9.394598e-08,-0.0023266085
9.404598e-08,-0.0023459961
9.414598e-08,-0.0023675379
9.424598e-08,-0.0023783088
9.434598e-08,-0.0023711282
9.444598e-08,-0.0023488683
9.454598e-08,-0.0023237362
9.464598e-08,-0.002309375
9.474598e-08,-0.0023158375
9.484598e-08,-0.0023416877
9.494598e-08,-0.0023783088
9.504598e-08,-0.0024127757
9.514598e-08,-0.0024364717
9.524598e-08,-0.0024472426
9.534598e-08,-0.0024522691
9.544598e-08,-0.0024587316
9.554598e-08,-0.0024709386
9.564598e-08,-0.0024852999
9.574598e-08,-0.0024953527
9.584598e-08,-0.0024931985
9.594598e-08,-0.0024774012
9.604598e-08,-0.0024537052
9.614598e-08,-0.0024364717
9.624598e-08,-0.0024357537
9.634598e-08,-0.0024572955
9.644598e-08,-0.0024939166
9.654598e-08,-0.002534128
9.664598e-08,-0.0025621324
9.674598e-08,-0.002570031
9.684598e-08,-0.0025592601
9.694598e-08,-0.0025413086
9.704598e-08,-0.0025276654
9.714598e-08,-0.0025276654
9.724598e-08,-0.0025420267
9.734598e-08,-0.0025606962
9.744598e-08,-0.0025736213
9.754598e-08,-0.0025736213
9.764598e-08,-0.0025628504
9.774598e-08,-0.0025470531
9.784598e-08,-0.0025391544
9.794598e-08,-0.0025448989
9.804598e-08,-0.0025635685
9.814598e-08,-0.0025879825
9.824598e-08,-0.0026080882
9.834598e-08,-0.002617423
9.844598e-08,-0.0026159869
9.854598e-08,-0.0026102424
9.864598e-08,-0.0026080882
9.874598e-08,-0.0026145508
9.884598e-08,-0.0026281939
9.894598e-08,-0.002640401
9.904598e-08,-0.0026425551
9.914598e-08,-0.0026296301
9.924598e-08,-0.002605216
9.934598e-08,-0.0025786477
9.944598e-08,-0.0025621324
9.954598e-08,-0.0025635685
9.964598e-08,-0.0025836742
9.974598e-08,-0.0026138327
9.984598e-08,-0.0026425551
9.994598e-08,-0.0026597886
1.00046e-07,-0.0026605067
1.00146e-07,-0.0026490177
1.00246e-07,-0.0026310662
1.00346e-07,-0.0026145508
1.00446e-07,-0.0026044979
1.00546e-07,-0.0025994715
1.00646e-07,-0.0025965993
1.00746e-07,-0.002593727
1.00846e-07,-0.0025908548
1.00946e-07,-0.0025908548
1.01046e-07,-0.0025965993
1.01146e-07,-0.0026088063
1.01246e-07,-0.0026260398
1.01346e-07,-0.0026425551
1.01446e-07,-0.0026540441
1.01546e-07,-0.0026590705
1.01646e-07,-0.0026590705
1.01746e-07,-0.0026597886
1.01846e-07,-0.0026655331
1.01946e-07,-0.0026784582
1.02046e-07,-0.0026956916
1.02146e-07,-0.002712207
1.02246e-07,-0.0027229779
1.02346e-07,-0.0027265682
1.02446e-07,-0.0027265682
1.02546e-07,-0.0027272863
1.02646e-07,-0.0027344669
1.02746e-07,-0.0027495462
1.02846e-07,-0.0027696519
1.02946e-07,-0.0027890395
1.03046e-07,-0.0028034007
1.03146e-07,-0.0028120175
1.03246e-07,-0.0028170439
1.03346e-07,-0.0028249426
1.03446e-07,-0.0028378676
1.03546e-07,-0.0028551011
1.03646e-07,-0.0028694623
1.03746e-07,-0.0028730526
1.03846e-07,-0.0028608456
1.03946e-07,-0.0028335593
1.04046e-07,-0.0027976563
1.04146e-07,-0.0027660616
1.04246e-07,-0.0027459559
1.04346e-07,-0.0027416475
1.04446e-07,-0.0027481101
1.04546e-07,-0.0027560087
1.04646e-07,-0.0027574449
1.04746e-07,-0.002747392
1.04846e-07,-0.0027294405
1.04946e-07,-0.002711489
1.05046e-07,-0.0027
1.05146e-07,-0.0026992819
1.05246e-07,-0.0027043084
1.05346e-07,-0.0027071806
1.05446e-07,-0.0027
1.05546e-07,-0.0026791762
1.05646e-07,-0.0026482996
1.05746e-07,-0.002617423
1.05846e-07,-0.0025965993
1.05946e-07,-0.0025915728
1.06046e-07,-0.0026009076
1.06146e-07,-0.002617423
1.06246e-07,-0.0026310662
1.06346e-07,-0.0026353745
1.06446e-07,-0.002628912
1.06546e-07,-0.002617423
1.06646e-07,-0.0026080882
1.06746e-07,-0.002605216
1.06846e-07,-0.0026102424
1.06946e-07,-0.002616705
1.07046e-07,-0.0026195772
1.07146e-07,-0.0026152688
1.07246e-07,-0.0026044979
1.07346e-07,-0.0025922909
1.07446e-07,-0.0025851103
1.07546e-07,-0.0025879825
1.07646e-07,-0.0025994715
1.07746e-07,-0.0026159869
1.07846e-07,-0.0026310662
1.07946e-07,-0.0026418371
1.08046e-07,-0.0026468635
1.08146e-07,-0.0026497358
1.08246e-07,-0.0026540441
1.08346e-07,-0.0026605067
1.08446e-07,-0.0026669692
1.08546e-07,-0.0026698415
1.08646e-07,-0.0026655331
1.08746e-07,-0.0026540441
1.08846e-07,-0.002640401
1.08946e-07,-0.0026303481
1.09046e-07,-0.0026310662
1.09146e-07,-0.0026439913
1.09246e-07,-0.0026655331
1.09346e-07,-0.0026906652
1.09446e-07,-0.002711489
1.09546e-07,-0.0027251321
1.09646e-07,-0.0027330308
1.09746e-07,-0.0027387753
1.09846e-07,-0.0027459559
1.09946e-07,-0.0027552907
1.10046e-07,-0.0027653435
1.10146e-07,-0.0027703699
1.10246e-07,-0.0027689338
1.10346e-07,-0.0027617532
1.10446e-07,-0.0027552907
1.10546e-07,-0.0027560087
1.10646e-07,-0.0027689338
1.10746e-07,-0.0027933479
1.10846e-07,-0.0028227884
1.10946e-07,-0.0028479205
1.11046e-07,-0.0028608456
1.11146e-07,-0.0028601275
1.11246e-07,-0.0028522289
1.11346e-07,-0.0028457663
1.11446e-07,-0.0028493566
1.11546e-07,-0.002865872
1.11646e-07,-0.0028902861
1.11746e-07,-0.0029147001
1.11846e-07,-0.0029297794
1.11946e-07,-0.0029326517
1.12046e-07,-0.0029283433
1.12146e-07,-0.0029240349
1.12246e-07,-0.0029297794
1.12346e-07,-0.002949167
1.12446e-07,-0.0029793256
1.12546e-07,-0.0030109203
1.12646e-07,-0.0030331801
1.12746e-07,-0.0030403608
1.12846e-07,-0.0030338982
1.12946e-07,-0.0030209731
1.13046e-07,-0.0030102022
1.13146e-07,-0.0030087661
1.13246e-07,-0.0030159467
1.13346e-07,-0.0030267176
1.13446e-07,-0.0030331801
1.13546e-07,-0.0030295898
1.13646e-07,-0.0030166648
1.13746e-07,-0.0030001494
1.13846e-07,-0.0029872243
1.13946e-07,-0.002984352
1.14046e-07,-0.0029922507
1.14146e-07,-0.0030066119
1.14246e-07,-0.0030216912
1.14346e-07,-0.003031744
1.14446e-07,-0.0030353343
1.14546e-07,-0.0030338982
1.14646e-07,-0.0030331801
1.14746e-07,-0.0030353343
1.14846e-07,-0.0030417969
1.14946e-07,-0.0030504136
1.15046e-07,-0.0030561581
1.15146e-07,-0.0030583123
1.15246e-07,-0.0030568761
1.15346e-07,-0.00305544
1.15446e-07,-0.0030561581
1.15546e-07,-0.0030611845
1.15646e-07,-0.0030683651
1.15746e-07,-0.0030748277
1.15846e-07,-0.003079136
1.15946e-07,-0.0030812902
1.16046e-07,-0.0030834444
1.16146e-07,-0.0030899069
1.16246e-07,-0.003102114
1.16346e-07,-0.0031186294
1.16446e-07,-0.0031329906
1.16546e-07,-0.0031401712
1.16646e-07,-0.0031365809
1.16746e-07,-0.0031243739
1.16846e-07,-0.0031107307
1.16946e-07,-0.0031049862
1.17046e-07,-0.0031136029
1.17146e-07,-0.0031365809
1.17246e-07,-0.0031681756
1.17346e-07,-0.003197616
1.17446e-07,-0.0032170037
1.17546e-07,-0.0032227482
1.17646e-07,-0.0032184398
1.17746e-07,-0.0032134134
1.17846e-07,-0.0032170037
1.17946e-07,-0.003232083
1.18046e-07,-0.003256497
1.18146e-07,-0.0032809111
1.18246e-07,-0.0032974265
1.18346e-07,-0.0032995807
1.18446e-07,-0.0032902459
1.18546e-07,-0.0032751666
1.18646e-07,-0.0032629596
1.18746e-07,-0.0032608054
1.18846e-07,-0.003268704
1.18946e-07,-0.0032830653
1.19046e-07,-0.0032974265
1.19146e-07,-0.0033074793
1.19246e-07,-0.0033132238
1.19346e-07,-0.003316096
1.19446e-07,-0.0033204044
1.19546e-07,-0.003326867
1.19646e-07,-0.0033333295
1.19746e-07,-0.0033362017
1.19846e-07,-0.0033318934
1.19946e-07,-0.0033204044
1.20046e-07,-0.0033053251
1.20146e-07,-0.0032959903
1.20246e-07,-0.0032974265
1.20346e-07,-0.0033125057
1.20446e-07,-0.0033376379
1.20546e-07,-0.0033663603
1.20646e-07,-0.0033893382
1.20746e-07,-0.0034029814
1.20846e-07,-0.0034065717
1.20946e-07,-0.0034044175
1.21046e-07,-0.0034008272
1.21146e-07,-0.0033993911
1.21246e-07,-0.003397955
1.21346e-07,-0.0033958008
1.21446e-07,-0.0033893382
1.21546e-07,-0.0033800034
1.21646e-07,-0.0033713867
1.21746e-07,-0.0033692325
1.21846e-07,-0.0033778493
1.21946e-07,-0.0033965188
1.22046e-07,-0.0034209329
1.22146e-07,-0.0034431928
1.22246e-07,-0.0034582721
1.22346e-07,-0.0034647346
1.22446e-07,-0.0034654527
1.22546e-07,-0.0034661707
1.22646e-07,-0.003469761
1.22746e-07,-0.0034755055
1.22846e-07,-0.0034776597
1.22946e-07,-0.003469043
1.23046e-07,-0.0034467831
1.23146e-07,-0.0034130342
1.23246e-07,-0.0033778493
1.23346e-07,-0.0033519991
1.23446e-07,-0.0033433824
1.23546e-07,-0.0033527171
1.23646e-07,-0.0033713867
1.23746e-07,-0.0033871841
1.23846e-07,-0.0033893382
1.23946e-07,-0.003374977
1.24046e-07,-0.0033491268
1.24146e-07,-0.0033232767
1.24246e-07,-0.0033089154
1.24346e-07,-0.0033110696
1.24446e-07,-0.0033261489
1.24546e-07,-0.0033448185
1.24646e-07,-0.0033548713
1.24746e-07,-0.003351281
1.24846e-07,-0.0033354837
1.24946e-07,-0.0033175322
1.25046e-07,-0.0033089154
1.25146e-07,-0.0033168141
1.25246e-07,-0.0033412282
1.25346e-07,-0.0033764131
1.25446e-07,-0.0034123162
1.25546e-07,-0.0034410386
1.25646e-07,-0.0034589901
1.25746e-07,-0.0034704791
1.25846e-07,-0.00348125
1.25946e-07,-0.0034948932
1.26046e-07,-0.0035114085
1.26146e-07,-0.0035272059
1.26246e-07,-0.0035386949
1.26346e-07,-0.0035430032
1.26446e-07,-0.0035415671
1.26546e-07,-0.0035422852
1.26646e-07,-0.0035501838
1.26746e-07,-0.0035681353
1.26846e-07,-0.0035939855
1.26946e-07,-0.0036212718
1.27046e-07,-0.0036420956
1.27146e-07,-0.0036528665
1.27246e-07,-0.0036535846
1.27346e-07,-0.0036521484
1.27446e-07,-0.0036535846
1.27546e-07,-0.0036622013
1.27646e-07,-0.0036772806
1.27746e-07,-0.0036916418
1.27846e-07,-0.0036995404
1.27946e-07,-0.0036952321
1.28046e-07,-0.0036808709
1.28146e-07,-0.0036607652
1.28246e-07,-0.0036420956
1.28346e-07,-0.0036298886
1.28446e-07,-0.0036248621
1.28546e-07,-0.003622708
1.28646e-07,-0.0036191176
1.28746e-07,-0.0036105009
1.28846e-07,-0.0035975758
1.28946e-07,-0.0035832146
1.29046e-07,-0.0035731618
1.29146e-07,-0.0035688534
1.29246e-07,-0.0035681353
1.29346e-07,-0.0035674173
1.29446e-07,-0.0035616728
1.29546e-07,-0.0035487477
1.29646e-07,-0.0035307962
1.29746e-07,-0.0035142808
1.29846e-07,-0.0035042279
1.29946e-07,-0.003504946
1.30046e-07,-0.0035142808
1.30146e-07,-0.0035272059
1.30246e-07,-0.0035386949
1.30346e-07,-0.0035437213
1.30446e-07,-0.0035437213
1.30546e-07,-0.003540131
1.30646e-07,-0.0035386949
1.30746e-07,-0.003540849
1.30846e-07,-0.0035458755
1.30946e-07,-0.0035501838
1.31046e-07,-0.0035501838
1.31146e-07,-0.0035458755
1.31246e-07,-0.003540849
1.31346e-07,-0.003540849
1.31446e-07,-0.0035501838
1.31546e-07,-0.0035710076
1.31646e-07,-0.00359973
1.31746e-07,-0.0036298886
1.31846e-07,-0.0036535846
1.31946e-07,-0.0036665097
1.32046e-07,-0.0036693819
1.32146e-07,-0.0036672277
1.32246e-07,-0.0036650735
1.32346e-07,-0.0036672277
1.32446e-07,-0.0036736903
1.32546e-07,-0.003682307
1.32646e-07,-0.0036880515
1.32746e-07,-0.0036887695
1.32846e-07,-0.0036851792
1.32946e-07,-0.0036794347
1.33046e-07,-0.0036765625
1.33146e-07,-0.0036772806
1.33246e-07,-0.0036808709
1.33346e-07,-0.0036858973
1.33446e-07,-0.0036880515
1.33546e-07,-0.0036880515
1.33646e-07,-0.0036858973
1.33746e-07,-0.0036858973
1.33846e-07,-0.0036880515
1.33946e-07,-0.0036916418
1.34046e-07,-0.0036916418
1.34146e-07,-0.0036837431
1.34246e-07,-0.0036650735
1.34346e-07,-0.0036385053
1.34446e-07,-0.0036090648
1.34546e-07,-0.0035853688
1.34646e-07,-0.0035731618
1.34746e-07,-0.0035731618
1.34846e-07,-0.0035810604
1.34946e-07,-0.0035903952
1.35046e-07,-0.0035961397
1.35146e-07,-0.0035961397
1.35246e-07,-0.0035932675
1.35346e-07,-0.0035918313
1.35446e-07,-0.0035961397
1.35546e-07,-0.0036061926
1.35646e-07,-0.0036169635
1.35746e-07,-0.0036219899
1.35846e-07,-0.0036191176
1.35946e-07,-0.0036083467
1.36046e-07,-0.0035954216
1.36146e-07,-0.0035889591
1.36246e-07,-0.0035961397
1.36346e-07,-0.0036162454
1.36446e-07,-0.0036442498
1.36546e-07,-0.003670818
1.36646e-07,-0.0036880515
1.36746e-07,-0.0036923598
1.36846e-07,-0.0036880515
1.36946e-07,-0.0036801528
1.37046e-07,-0.0036765625
1.37146e-07,-0.0036794347
1.37246e-07,-0.0036873334
1.37346e-07,-0.0036952321
1.37446e-07,-0.0036995404
1.37546e-07,-0.0036995404
1.37646e-07,-0.0037002585
1.37746e-07,-0.003706721
1.37846e-07,-0.0037225184
1.37946e-07,-0.0037462144
1.38046e-07,-0.0037713465
1.38146e-07,-0.0037878619
1.38246e-07,-0.0037914522
1.38346e-07,-0.0037828355
1.38446e-07,-0.0037699104
1.38546e-07,-0.0037627298
1.38646e-07,-0.0037684743
1.38746e-07,-0.0037871438
1.38846e-07,-0.0038108398
1.38946e-07,-0.0038266372
1.39046e-07,-0.0038259191
1.39146e-07,-0.0038065315
1.39246e-07,-0.0037763729
1.39346e-07,-0.0037483686
1.39446e-07,-0.0037340074
1.39546e-07,-0.0037390338
1.39646e-07,-0.0037584214
1.39746e-07,-0.0037799632
1.39846e-07,-0.0037914522
1.39946e-07,-0.0037864258
1.40046e-07,-0.0037670381
1.40146e-07,-0.003741906
1.40246e-07,-0.0037225184
1.40346e-07,-0.0037146197
1.40446e-07,-0.0037167739
1.40546e-07,-0.0037225184
1.40646e-07,-0.0037225184
1.40746e-07,-0.0037117475
1.40846e-07,-0.0036930779
1.40946e-07,-0.0036744083
1.41046e-07,-0.0036650735
1.41146e-07,-0.0036701
1.41246e-07,-0.0036880515
1.41346e-07,-0.0037088752
1.41446e-07,-0.0037225184
1.41546e-07,-0.0037218003
1.41646e-07,-0.0037074391
1.41746e-07,-0.0036851792
1.41846e-07,-0.0036650735
1.41946e-07,-0.0036528665
1.42046e-07,-0.0036485581
1.42146e-07,-0.003647122
1.42246e-07,-0.0036420956
1.42346e-07,-0.0036277344
1.42446e-07,-0.0036054745
1.42546e-07,-0.0035810604
1.42646e-07,-0.0035616728
1.42746e-07,-0.0035537741
1.42846e-07,-0.0035559283
1.42946e-07,-0.0035652631
1.43046e-07,-0.0035731618
1.43146e-07,-0.0035753159
1.43246e-07,-0.0035717256
1.43346e-07,-0.0035652631
1.43446e-07,-0.0035616728
1.43546e-07,-0.0035631089
1.43646e-07,-0.0035688534
1.43746e-07,-0.0035738798
1.43846e-07,-0.0035731618
1.43946e-07,-0.003564545
1.44046e-07,-0.0035501838
1.44146e-07,-0.0035358226
1.44246e-07,-0.0035272059
1.44346e-07,-0.0035272059
1.44446e-07,-0.0035343865
1.44546e-07,-0.0035437213
1.44646e-07,-0.0035501838
1.44746e-07,-0.0035516199
1.44846e-07,-0.0035487477
1.44946e-07,-0.0035473116
1.45046e-07,-0.0035501838
1.45146e-07,-0.0035588006
1.45246e-07,-0.0035695715
1.45346e-07,-0.003576034
1.45446e-07,-0.0035731618
1.45546e-07,-0.0035602367
1.45646e-07,-0.0035422852
1.45746e-07,-0.0035250517
1.45846e-07,-0.0035157169
1.45946e-07,-0.003516435
1.46046e-07,-0.0035228975
1.46146e-07,-0.003528642
1.46246e-07,-0.0035272059
1.46346e-07,-0.003516435
1.46446e-07,-0.0035006376
1.46546e-07,-0.0034869945
1.46646e-07,-0.00348125
1.46746e-07,-0.0034855584
1.46846e-07,-0.0034963293
1.46946e-07,-0.003504946
1.47046e-07,-0.0035042279
1.47146e-07,-0.0034905848
1.47246e-07,-0.003469043
1.47346e-07,-0.0034475011
1.47446e-07,-0.0034352941
1.47546e-07,-0.0034367302
1.47646e-07,-0.0034503734
1.47746e-07,-0.0034683249
1.47846e-07,-0.00348125
1.47946e-07,-0.0034834042
1.48046e-07,-0.0034747875
1.48146e-07,-0.0034604262
1.48246e-07,-0.0034467831
1.48346e-07,-0.0034396025
1.48446e-07,-0.0034396025
1.48546e-07,-0.0034439108
1.48646e-07,-0.0034467831
1.48746e-07,-0.0034467831
1.48846e-07,-0.0034439108
1.48946e-07,-0.0034424747
1.49046e-07,-0.0034467831
1.49146e-07,-0.003457554
1.49246e-07,-0.0034719152
1.49346e-07,-0.0034855584
1.49446e-07,-0.003492739
1.49546e-07,-0.0034920209
1.49646e-07,-0.0034862764
1.49746e-07,-0.00348125
1.49846e-07,-0.00348125
1.49946e-07,-0.0034869945
1.50046e-07,-0.0034948932
1.50146e-07,-0.0034984835
1.50246e-07,-0.003492739
1.50346e-07,-0.0034769416
1.50446e-07,-0.0034568359
1.50546e-07,-0.0034403205
1.50646e-07,-0.0034352941
1.50746e-07,-0.0034446289
1.50846e-07,-0.0034640165
1.50946e-07,-0.0034869945
1.51046e-07,-0.0035042279
1.51146e-07,-0.0035106905
1.51246e-07,-0.0035078182
1.51346e-07,-0.0034999196
1.51446e-07,-0.003492739
1.51546e-07,-0.0034898667
1.51646e-07,-0.0034891487
1.51746e-07,-0.0034877125
1.51846e-07,-0.00348125
1.51946e-07,-0.003469043
1.52046e-07,-0.0034553998
1.52146e-07,-0.003446065
1.52246e-07,-0.0034467831
1.52346e-07,-0.003457554
1.52446e-07,-0.0034740694
1.52546e-07,-0.0034877125
1.52646e-07,-0.003492739
1.52746e-07,-0.0034855584
1.52846e-07,-0.0034711972
1.52946e-07,-0.0034553998
1.53046e-07,-0.0034467831
1.53146e-07,-0.0034475011
1.53246e-07,-0.0034539637
1.53346e-07,-0.0034604262
1.53446e-07,-0.0034582721
1.53546e-07,-0.003445347
1.53646e-07,-0.0034252413
1.53746e-07,-0.0034036994
1.53846e-07,-0.0033893382
1.53946e-07,-0.003386466
1.54046e-07,-0.0033929285
1.54146e-07,-0.0034036994
1.54246e-07,-0.0034123162
1.54346e-07,-0.0034137523
1.54446e-07,-0.0034087259
1.54546e-07,-0.0033993911
1.54646e-07,-0.0033893382
1.54746e-07,-0.0033800034
1.54846e-07,-0.0033706687
1.54946e-07,-0.0033584616
1.55046e-07,-0.0033433824
1.55146e-07,-0.0033283031
1.55246e-07,-0.0033182502
1.55346e-07,-0.0033189683
1.55446e-07,-0.0033318934
1.55546e-07,-0.0033527171
1.55646e-07,-0.0033728228
1.55746e-07,-0.0033821576
1.55846e-07,-0.0033778493
1.55946e-07,-0.0033620519
1.56046e-07,-0.0033448185
1.56146e-07,-0.0033362017
1.56246e-07,-0.0033433824
1.56346e-07,-0.0033634881
1.56446e-07,-0.0033857479
1.56546e-07,-0.0033972369
1.56646e-07,-0.0033893382
1.56746e-07,-0.0033634881
1.56846e-07,-0.0033297392
1.56946e-07,-0.003303171
1.57046e-07,-0.0032974265
1.57146e-07,-0.0033146599
1.57246e-07,-0.0033469727
1.57346e-07,-0.0033800034
1.57446e-07,-0.0034008272
1.57546e-07,-0.0034022633
1.57646e-07,-0.0033893382
1.57746e-07,-0.0033735409
1.57846e-07,-0.0033663603
1.57946e-07,-0.0033735409
1.58046e-07,-0.0033922105
1.58146e-07,-0.0034123162
1.58246e-07,-0.0034238051
1.58346e-07,-0.003422369
1.58446e-07,-0.0034130342
1.58546e-07,-0.0034065717
1.58646e-07,-0.0034123162
1.58746e-07,-0.0034352941
1.58846e-07,-0.0034704791
1.58946e-07,-0.003504946
1.59046e-07,-0.0035272059
1.59146e-07,-0.0035315142
1.59246e-07,-0.0035214614
1.59346e-07,-0.0035078182
1.59446e-07,-0.0035042279
1.59546e-07,-0.003516435
1.59646e-07,-0.0035430032
1.59746e-07,-0.0035738798
1.59846e-07,-0.0035961397
1.59946e-07,-0.0036040384
1.60046e-07,-0.0035990119
1.60146e-07,-0.0035925494
1.60246e-07,-0.0035961397
1.60346e-07,-0.0036176815
1.60446e-07,-0.0036550207
1.60546e-07,-0.0036988224
1.60646e-07,-0.0037340074
1.60746e-07,-0.0037505227
1.60846e-07,-0.0037469324
1.60946e-07,-0.0037289809
1.61046e-07,-0.0037110294
1.61146e-07,-0.0037031307
1.61246e-07,-0.0037088752
1.61346e-07,-0.0037261087
1.61446e-07,-0.0037454963
1.61546e-07,-0.0037584214
1.61646e-07,-0.0037598575
1.61746e-07,-0.0037541131
1.61846e-07,-0.0037454963
1.61946e-07,-0.003741906
1.62046e-07,-0.0037462144
1.62146e-07,-0.0037569853
1.62246e-07,-0.0037684743
1.62346e-07,-0.0037756549
1.62446e-07,-0.0037749368
1.62546e-07,-0.0037677562
1.62646e-07,-0.0037569853
1.62746e-07,-0.0037462144
1.62846e-07,-0.0037375977
1.62946e-07,-0.003729699
1.63046e-07,-0.0037225184
1.63146e-07,-0.0037160558
1.63246e-07,-0.0037124655
1.63346e-07,-0.0037139017
1.63446e-07,-0.0037225184
1.63546e-07,-0.0037368796
1.63646e-07,-0.0037526769
1.63746e-07,-0.003764884
1.63846e-07,-0.0037684743
1.63946e-07,-0.0037641659
1.64046e-07,-0.0037562672
1.64146e-07,-0.0037526769
1.64246e-07,-0.0037569853
1.64346e-07,-0.0037713465
1.64446e-07,-0.0037900161
1.64546e-07,-0.0038065315
1.64646e-07,-0.0038144301
1.64746e-07,-0.0038115579
1.64846e-07,-0.0038022231
1.64946e-07,-0.0037928883
1.65046e-07,-0.0037914522
1.65146e-07,-0.003800787
1.65246e-07,-0.0038180205
1.65346e-07,-0.00383669
1.65446e-07,-0.0038488971
1.65546e-07,-0.0038517693
1.65646e-07,-0.0038474609
1.65746e-07,-0.0038409984
1.65846e-07,-0.0038374081
1.65946e-07,-0.0038402803
1.66046e-07,-0.0038460248
1.66146e-07,-0.0038510512
1.66246e-07,-0.0038488971
1.66346e-07,-0.0038381261
1.66446e-07,-0.0038223288
1.66546e-07,-0.0038086857
1.66646e-07,-0.0038029412
1.66746e-07,-0.0038094037
1.66846e-07,-0.0038252011
1.66946e-07,-0.0038445887
1.67046e-07,-0.003860386
1.67146e-07,-0.0038675666
1.67246e-07,-0.0038661305
1.67346e-07,-0.0038582318
1.67446e-07,-0.0038488971
1.67546e-07,-0.0038395623
1.67646e-07,-0.0038295094
1.67746e-07,-0.0038180205
1.67846e-07,-0.0038029412
1.67946e-07,-0.0037864258
1.68046e-07,-0.0037727826
1.68146e-07,-0.0037663201
1.68246e-07,-0.0037684743
1.68346e-07,-0.0037778091
1.68446e-07,-0.0037864258
1.68546e-07,-0.00378858
1.68646e-07,-0.0037799632
1.68746e-07,-0.0037620117
1.68846e-07,-0.0037433421
1.68946e-07,-0.0037318532
1.69046e-07,-0.0037340074
1.69146e-07,-0.0037490866
1.69246e-07,-0.0037706284
1.69346e-07,-0.0037871438
1.69446e-07,-0.0037914522
1.69546e-07,-0.0037835535
1.69646e-07,-0.0037699104
1.69746e-07,-0.0037620117
1.69846e-07,-0.0037684743
1.69946e-07,-0.0037900161
1.70046e-07,-0.0038187385
1.70146e-07,-0.0038424345
1.70246e-07,-0.0038488971
1.70346e-07,-0.0038338178
1.70446e-07,-0.0038029412
1.70546e-07,-0.0037684743
1.70646e-07,-0.0037454963
1.70746e-07,-0.003741906
1.70846e-07,-0.0037577034
1.70946e-07,-0.0037821174
1.71046e-07,-0.0038029412
1.71146e-07,-0.0038101218
1.71246e-07,-0.0038022231
1.71346e-07,-0.0037849897
1.71446e-07,-0.0037684743
1.71546e-07,-0.0037605756
1.71646e-07,-0.0037641659
1.71746e-07,-0.0037727826
1.71846e-07,-0.0037799632
1.71946e-07,-0.003777091
1.72046e-07,-0.0037634478
1.72146e-07,-0.003741906
1.72246e-07,-0.0037225184
1.72346e-07,-0.0037117475
1.72446e-07,-0.0037131836
1.72546e-07,-0.0037225184
1.72646e-07,-0.0037340074
1.72746e-07,-0.0037390338
1.72846e-07,-0.0037340074
1.72946e-07,-0.0037189281
1.73046e-07,-0.0036995404
1.73146e-07,-0.0036815889
1.73246e-07,-0.0036693819
1.73346e-07,-0.0036643555
1.73446e-07,-0.0036650735
1.73546e-07,-0.0036693819
1.73646e-07,-0.0036751264
1.73746e-07,-0.0036815889
1.73846e-07,-0.0036880515
1.73946e-07,-0.003694514
1.74046e-07,-0.0036995404
1.74146e-07,-0.0037016946
1.74246e-07,-0.0036995404
1.74346e-07,-0.003694514
1.74446e-07,-0.0036894876
1.74546e-07,-0.0036866153
1.74646e-07,-0.0036880515
1.74746e-07,-0.003693796
1.74846e-07,-0.0037009766
1.74946e-07,-0.0037074391
1.75046e-07,-0.0037110294
1.75146e-07,-0.0037131836
1.75246e-07,-0.0037160558
1.75346e-07,-0.0037232364
1.75446e-07,-0.0037340074
1.75546e-07,-0.0037447783
1.75646e-07,-0.0037512408
1.75746e-07,-0.0037476505
1.75846e-07,-0.0037340074
1.75946e-07,-0.0037153378
1.76046e-07,-0.0036995404
1.76146e-07,-0.0036930779
1.76246e-07,-0.0036995404
1.76346e-07,-0.0037139017
1.76446e-07,-0.0037275448
1.76546e-07,-0.0037318532
1.76646e-07,-0.0037225184
1.76746e-07,-0.0037024127
1.76846e-07,-0.0036801528
1.76946e-07,-0.0036657916
1.77046e-07,-0.0036650735
1.77146e-07,-0.0036758444
1.77246e-07,-0.0036887695
1.77346e-07,-0.0036952321
1.77446e-07,-0.0036880515
1.77546e-07,-0.0036701
1.77646e-07,-0.0036492762
1.77746e-07,-0.0036385053
1.77846e-07,-0.0036420956
1.77946e-07,-0.003659329
1.78046e-07,-0.0036794347
1.78146e-07,-0.0036916418
1.78246e-07,-0.0036880515
1.78346e-07,-0.0036701
1.78446e-07,-0.0036485581
1.78546e-07,-0.0036363511
1.78646e-07,-0.0036420956
1.78746e-07,-0.0036636374
1.78846e-07,-0.0036894876
1.78946e-07,-0.0037045669
1.79046e-07,-0.0036995404
1.79146e-07,-0.0036744083
1.79246e-07,-0.0036413775
1.79346e-07,-0.0036183996
1.79446e-07,-0.0036191176
1.79546e-07,-0.003646404
1.79646e-07,-0.0036909237
1.79746e-07,-0.0037332893
1.79846e-07,-0.0037569853
1.79946e-07,-0.0037562672
1.80046e-07,-0.0037361615
1.80146e-07,-0.0037117475
1.80246e-07,-0.0036995404
1.80346e-07,-0.003706003
1.80446e-07,-0.0037282629
1.80546e-07,-0.003753395
1.80646e-07,-0.0037684743
1.80746e-07,-0.0037677562
1.80846e-07,-0.0037548311
1.80946e-07,-0.0037433421
1.81046e-07,-0.0037454963
1.81146e-07,-0.0037663201
1.81246e-07,-0.0038015051
1.81346e-07,-0.0038374081
1.81446e-07,-0.003860386
1.81546e-07,-0.0038632583
1.81646e-07,-0.0038496151
1.81746e-07,-0.0038330997
1.81846e-07,-0.0038259191
1.81946e-07,-0.003835972
1.82046e-07,-0.0038582318
1.82146e-07,-0.0038826459
1.82246e-07,-0.0038948529
1.82346e-07,-0.0038883904
1.82446e-07,-0.0038661305
1.82546e-07,-0.0038402803
1.82646e-07,-0.0038259191
1.82746e-07,-0.0038302275
1.82846e-07,-0.0038510512
1.82946e-07,-0.0038776195
1.83046e-07,-0.0038948529
1.83146e-07,-0.0038948529
1.83246e-07,-0.0038776195
1.83346e-07,-0.0038546415
1.83446e-07,-0.0038374081
1.83546e-07,-0.0038352539
1.83646e-07,-0.0038488971
1.83746e-07,-0.0038690028
1.83846e-07,-0.003883364
1.83946e-07,-0.0038848001
1.84046e-07,-0.0038733111
1.84146e-07,-0.0038575138
1.84246e-07,-0.0038488971
1.84346e-07,-0.0038546415
1.84446e-07,-0.0038747472
1.84546e-07,-0.0038998794
1.84646e-07,-0.0039178309
1.84746e-07,-0.0039199851
1.84846e-07,-0.0039034697
1.84946e-07,-0.0038761834
1.85046e-07,-0.0038488971
1.85146e-07,-0.0038316636
1.85246e-07,-0.0038280733
1.85346e-07,-0.003835972
1.85446e-07,-0.0038488971
1.85546e-07,-0.003859668
1.85646e-07,-0.0038654125
1.85746e-07,-0.0038682847
1.85846e-07,-0.003871875
1.85946e-07,-0.0038783375
1.86046e-07,-0.0038869543
1.86146e-07,-0.0038941349
1.86246e-07,-0.0038948529
1.86346e-07,-0.0038883904
1.86446e-07,-0.0038761834
1.86546e-07,-0.0038654125
1.86646e-07,-0.003860386
1.86746e-07,-0.0038639763
1.86846e-07,-0.0038725931
1.86946e-07,-0.0038812098
1.87046e-07,-0.003883364
1.87146e-07,-0.0038776195
1.87246e-07,-0.0038675666
1.87346e-07,-0.003859668
1.87446e-07,-0.003860386
1.87546e-07,-0.0038704389
1.87646e-07,-0.0038869543
1.87746e-07,-0.0039005974
1.87846e-07,-0.0039063419
1.87946e-07,-0.0039013155
1.88046e-07,-0.0038891085
1.88146e-07,-0.0038769014
1.88246e-07,-0.003871875
1.88346e-07,-0.0038754653
1.88446e-07,-0.003883364
1.88546e-07,-0.0038883904
1.88646e-07,-0.003883364
1.88746e-07,-0.0038682847
1.88846e-07,-0.0038488971
1.88946e-07,-0.003835972
1.89046e-07,-0.0038374081
1.89146e-07,-0.0038560777
1.89246e-07,-0.0038855182
1.89346e-07,-0.0039142406
1.89446e-07,-0.0039293199
1.89546e-07,-0.0039242934
1.89646e-07,-0.0039005974
1.89746e-07,-0.0038675666
1.89846e-07,-0.0038374081
1.89946e-07,-0.0038180205
1.90046e-07,-0.003812994
1.90146e-07,-0.0038180205
1.90246e-07,-0.0038259191
1.90346e-07,-0.0038323817
1.90446e-07,-0.003835972
1.90546e-07,-0.0038402803
1.90646e-07,-0.0038488971
1.90746e-07,-0.0038639763
1.90846e-07,-0.0038812098
1.90946e-07,-0.0038941349
1.91046e-07,-0.0038948529
1.91146e-07,-0.0038819278
1.91246e-07,-0.0038575138
1.91346e-07,-0.0038323817
1.91446e-07,-0.0038144301
1.91546e-07,-0.0038101218
1.91646e-07,-0.0038173024
1.91746e-07,-0.0038302275
1.91846e-07,-0.0038374081
1.91946e-07,-0.0038338178
1.92046e-07,-0.0038180205
1.92146e-07,-0.0037971967
1.92246e-07,-0.0037799632
1.92346e-07,-0.0037735007
1.92446e-07,-0.0037806813
1.92546e-07,-0.0037971967
1.92646e-07,-0.0038144301
1.92746e-07,-0.0038252011
1.92846e-07,-0.0038252011
1.92946e-07,-0.0038158663
1.93046e-07,-0.0038029412
1.93146e-07,-0.0037914522
1.93246e-07,-0.0037857077
1.93346e-07,-0.0037864258
1.93446e-07,-0.0037914522
1.93546e-07,-0.0037979148
1.93646e-07,-0.0038036592
1.93746e-07,-0.0038086857
1.93846e-07,-0.0038144301
1.93946e-07,-0.0038208927
1.94046e-07,-0.0038280733
1.94146e-07,-0.0038338178
1.94246e-07,-0.0038374081
1.94346e-07,-0.0038388442
1.94446e-07,-0.0038395623
1.94546e-07,-0.0038424345
1.94646e-07,-0.0038488971
1.94746e-07,-0.0038582318
1.94846e-07,-0.0038690028
1.94946e-07,-0.0038776195
1.95046e-07,-0.003883364
1.95146e-07,-0.0038876723
1.95246e-07,-0.0038948529
1.95346e-07,-0.003907778
1.95446e-07,-0.0039293199
1.95546e-07,-0.0039566062
1.95646e-07,-0.0039831744
1.95746e-07,-0.004002562
1.95846e-07,-0.0040097426
1.95946e-07,-0.0040039982
1.96046e-07,-0.0039917911
1.96146e-07,-0.0039795841
1.96246e-07,-0.0039752757
1.96346e-07,-0.0039803022
1.96446e-07,-0.0039917911
1.96546e-07,-0.0040032801
1.96646e-07,-0.0040097426
1.96746e-07,-0.0040090246
1.96846e-07,-0.0040054343
1.96946e-07,-0.0040032801
1.97046e-07,-0.0040097426
1.97146e-07,-0.004026258
1.97246e-07,-0.004049954
1.97346e-07,-0.00407365
1.97446e-07,-0.0040901654
1.97546e-07,-0.004096628
1.97646e-07,-0.0040937557
1.97746e-07,-0.0040858571
1.97846e-07,-0.0040786765
1.97946e-07,-0.0040750862
1.98046e-07,-0.0040743681
1.98146e-07,-0.004072932
1.98246e-07,-0.0040671875
1.98346e-07,-0.0040564166
1.98446e-07,-0.0040442096
1.98546e-07,-0.0040348748
1.98646e-07,-0.0040327206
1.98746e-07,-0.0040391831
1.98846e-07,-0.004049236
1.98946e-07,-0.0040564166
1.99046e-07,-0.0040556985
1.99146e-07,-0.0040442096
1.99246e-07,-0.004026258
1.99346e-07,-0.0040083065
1.99446e-07,-0.0039982537
1.99546e-07,-0.0039996898
1.99646e-07,-0.0040111788
1.99746e-07,-0.0040276942
1.99846e-07,-0.0040442096
1.99946e-07,-0.0040564166
2.00046e-07,-0.0040635972
2.00146e-07,-0.0040700597
2.00246e-07,-0.0040786765
2.00346e-07,-0.0040901654
2.00446e-07,-0.0041038086
2.00546e-07,-0.0041160156
2.00646e-07,-0.0041246324
2.00746e-07,-0.0041289407
2.00846e-07,-0.004132531
2.00946e-07,-0.0041382755
2.01046e-07,-0.0041476103
2.01146e-07,-0.0041598173
2.01246e-07,-0.0041698702
2.01346e-07,-0.0041741785
2.01446e-07,-0.0041705882
2.01546e-07,-0.0041626896
2.01646e-07,-0.0041583812
2.01746e-07,-0.0041641257
2.01846e-07,-0.0041820772
2.01946e-07,-0.0042093635
2.02046e-07,-0.0042352137
2.02146e-07,-0.004251011
2.02246e-07,-0.004251011
2.02346e-07,-0.0042373679
2.02446e-07,-0.0042201344
2.02546e-07,-0.0042100816
2.02646e-07,-0.0042165441
2.02746e-07,-0.0042380859
2.02846e-07,-0.0042668084
2.02946e-07,-0.0042890682
2.03046e-07,-0.0042969669
2.03146e-07,-0.0042890682
2.03246e-07,-0.0042725528
2.03346e-07,-0.0042603458
2.03446e-07,-0.0042625
2.03546e-07,-0.0042811696
2.03646e-07,-0.0043091739
2.03746e-07,-0.004333588
2.03846e-07,-0.0043429228
2.03946e-07,-0.0043321519
2.04046e-07,-0.0043063017
2.04146e-07,-0.0042754251
2.04246e-07,-0.004251011
2.04346e-07,-0.004238804
2.04446e-07,-0.0042366498
2.04546e-07,-0.004238804
2.04646e-07,-0.0042395221
2.04746e-07,-0.0042359318
2.04846e-07,-0.0042330595
2.04946e-07,-0.0042366498
2.05046e-07,-0.004251011
2.05146e-07,-0.004274707
2.05246e-07,-0.004298403
2.05346e-07,-0.0043120462
2.05446e-07,-0.0043084559
2.05546e-07,-0.0042890682
2.05646e-07,-0.0042639361
2.05746e-07,-0.0042438304
2.05846e-07,-0.0042395221
2.05946e-07,-0.004250293
2.06046e-07,-0.0042668084
2.06146e-07,-0.0042775793
2.06246e-07,-0.004273989
2.06346e-07,-0.0042560375
2.06446e-07,-0.0042337776
2.06546e-07,-0.0042215705
2.06646e-07,-0.0042280331
2.06746e-07,-0.0042524472
2.06846e-07,-0.0042840418
2.06946e-07,-0.0043063017
2.07046e-07,-0.0043084559
2.07146e-07,-0.0042890682
2.07246e-07,-0.0042603458
2.07346e-07,-0.0042395221
2.07446e-07,-0.0042395221
2.07546e-07,-0.0042632181
2.07646e-07,-0.0042998392
2.07746e-07,-0.0043314338
2.07846e-07,-0.0043429228
2.07946e-07,-0.0043307158
2.08046e-07,-0.0043034295
2.08146e-07,-0.0042797335
2.08246e-07,-0.004273989
2.08346e-07,-0.0042919405
2.08446e-07,-0.0043249713
2.08546e-07,-0.0043551298
2.08646e-07,-0.0043659007
2.08746e-07,-0.0043508215
2.08846e-07,-0.0043170726
2.08946e-07,-0.0042818876
2.09046e-07,-0.0042625
2.09146e-07,-0.0042668084
2.09246e-07,-0.0042897863
2.09346e-07,-0.0043163545
2.09446e-07,-0.0043314338
2.09546e-07,-0.0043278435
2.09646e-07,-0.0043120462
2.09746e-07,-0.0042962489
2.09846e-07,-0.0042969669
2.09946e-07,-0.0043185087
2.10046e-07,-0.0043544118
2.10146e-07,-0.0043874426
2.10246e-07,-0.0044003676
2.10346e-07,-0.0043867245
2.10446e-07,-0.0043529756
2.10546e-07,-0.0043163545
2.10646e-07,-0.0042969669
2.10746e-07,-0.0043055836
2.10846e-07,-0.0043378964
2.10946e-07,-0.0043802619
2.11046e-07,-0.0044118566
2.11146e-07,-0.0044211914
2.11246e-07,-0.0044075483
2.11346e-07,-0.0043838523
2.11446e-07,-0.0043659007
2.11546e-07,-0.0043659007
2.11646e-07,-0.0043845703
2.11746e-07,-0.0044118566
2.11846e-07,-0.0044348346
2.11946e-07,-0.0044420152
2.12046e-07,-0.0044341165
2.12146e-07,-0.0044197553
2.12246e-07,-0.0044118566
2.12346e-07,-0.0044204733
2.12446e-07,-0.0044448874
2.12546e-07,-0.0044772001
2.12646e-07,-0.0045037684
2.12746e-07,-0.0045152574
2.12846e-07,-0.004511667
2.12946e-07,-0.0045001781
2.13046e-07,-0.0044922794
2.13146e-07,-0.0044951517
2.13246e-07,-0.0045095129
2.13346e-07,-0.0045274644
2.13446e-07,-0.0045382353
2.13546e-07,-0.0045360811
2.13646e-07,-0.0045217199
2.13746e-07,-0.0045030503
2.13846e-07,-0.0044922794
2.13946e-07,-0.0044958697
2.14046e-07,-0.0045145393
2.14146e-07,-0.0045396714
2.14246e-07,-0.0045612132
2.14346e-07,-0.004570548
2.14446e-07,-0.0045655216
2.14546e-07,-0.0045518784
2.14646e-07,-0.0045382353
2.14746e-07,-0.0045310547
2.14846e-07,-0.0045332089
2.14946e-07,-0.0045411075
2.15046e-07,-0.0045497243
2.15146e-07,-0.0045561868
2.15246e-07,-0.0045604952
2.15346e-07,-0.0045648035
2.15446e-07,-0.0045727022
2.15546e-07,-0.0045834731
2.15646e-07,-0.0045920898
2.15746e-07,-0.004593526
2.15846e-07,-0.0045841912
2.15946e-07,-0.0045662397
2.16046e-07,-0.004546852
2.16146e-07,-0.0045353631
2.16246e-07,-0.0045382353
2.16346e-07,-0.0045540326
2.16446e-07,-0.0045755744
2.16546e-07,-0.0045920898
2.16646e-07,-0.0045956801
2.16746e-07,-0.0045863454
2.16846e-07,-0.004570548
2.16946e-07,-0.0045597771
2.17046e-07,-0.0045612132
2.17146e-07,-0.0045755744
2.17246e-07,-0.0045949621
2.17346e-07,-0.0046086052
2.17446e-07,-0.0046071691
2.17546e-07,-0.0045913718
2.17646e-07,-0.004570548
2.17746e-07,-0.0045569049
2.17846e-07,-0.0045612132
2.17946e-07,-0.0045834731
2.18046e-07,-0.0046150678
2.18146e-07,-0.0046423541
2.18246e-07,-0.004653125
2.18346e-07,-0.0046459444
2.18446e-07,-0.0046287109
2.18546e-07,-0.0046157858
2.18646e-07,-0.0046186581
2.18746e-07,-0.004640918
2.18846e-07,-0.0046753849
2.18946e-07,-0.0047062615
2.19046e-07,-0.0047220588
2.19146e-07,-0.0047177505
2.19246e-07,-0.0046997989
2.19346e-07,-0.0046818474
2.19446e-07,-0.0046761029
2.19546e-07,-0.0046868739
2.19646e-07,-0.0047091337
2.19746e-07,-0.0047285214
2.19846e-07,-0.0047335478
2.19946e-07,-0.0047206227
2.20046e-07,-0.0046954906
2.20146e-07,-0.0046725126
2.20246e-07,-0.004664614
2.20346e-07,-0.0046761029
2.20446e-07,-0.004700517
2.20546e-07,-0.004724213
2.20646e-07,-0.0047335478
2.20746e-07,-0.0047227769
2.20846e-07,-0.0046983628
2.20946e-07,-0.0046739488
2.21046e-07,-0.004664614
2.21146e-07,-0.004676821
2.21246e-07,-0.0047062615
2.21346e-07,-0.0047378562
2.21446e-07,-0.0047565257
2.21546e-07,-0.0047536535
2.21646e-07,-0.0047306756
2.21746e-07,-0.004700517
2.21846e-07,-0.0046761029
2.21946e-07,-0.0046674862
2.22046e-07,-0.0046739488
2.22146e-07,-0.0046875919
2.22246e-07,-0.0046990809
2.22346e-07,-0.0047019531
2.22446e-07,-0.0046976448
2.22546e-07,-0.0046940545
2.22646e-07,-0.0046990809
2.22746e-07,-0.0047155963
2.22846e-07,-0.0047371381
2.22946e-07,-0.0047543716
2.23046e-07,-0.0047565257
2.23146e-07,-0.0047414465
2.23246e-07,-0.0047141602
2.23346e-07,-0.004689028
2.23446e-07,-0.0046761029
2.23546e-07,-0.0046811294
2.23646e-07,-0.0046997989
2.23746e-07,-0.0047206227
2.23846e-07,-0.0047335478
2.23946e-07,-0.0047335478
2.24046e-07,-0.0047270852
2.24146e-07,-0.0047234949
2.24246e-07,-0.0047335478
2.24346e-07,-0.004759398
2.24446e-07,-0.004794583
2.24546e-07,-0.0048240234
2.24646e-07,-0.0048369485
2.24746e-07,-0.0048283318
2.24846e-07,-0.0048046358
2.24946e-07,-0.0047802217
2.25046e-07,-0.0047680147
2.25146e-07,-0.0047744773
2.25246e-07,-0.0047960191
2.25346e-07,-0.0048211512
2.25446e-07,-0.0048369485
2.25546e-07,-0.0048391027
2.25646e-07,-0.004830486
2.25746e-07,-0.0048225873
2.25846e-07,-0.0048254596
2.25946e-07,-0.004841975
2.26046e-07,-0.004866389
2.26146e-07,-0.0048879308
2.26246e-07,-0.0048943934
2.26346e-07,-0.0048843405
2.26446e-07,-0.0048642348
2.26546e-07,-0.0048484375
2.26646e-07,-0.0048484375
2.26746e-07,-0.0048692613
2.26846e-07,-0.004902292
2.26946e-07,-0.0049346048
2.27046e-07,-0.0049518382
2.27146e-07,-0.0049482479
2.27246e-07,-0.0049302964
2.27346e-07,-0.0049116268
2.27446e-07,-0.0049058824
2.27546e-07,-0.0049202436
2.27646e-07,-0.004948966
2.27746e-07,-0.0049798426
2.27846e-07,-0.0049977941
2.27946e-07,-0.004996358
2.28046e-07,-0.0049784065
2.28146e-07,-0.0049554285
2.28246e-07,-0.0049403493
2.28346e-07,-0.0049403493
2.28446e-07,-0.0049518382
2.28546e-07,-0.0049669175
2.28646e-07,-0.0049748162
2.28746e-07,-0.004972662
2.28846e-07,-0.0049647633
2.28946e-07,-0.0049626091
2.29046e-07,-0.0049748162
2.29146e-07,-0.0050042567
2.29246e-07,-0.0050423139
2.29346e-07,-0.0050746266
2.29446e-07,-0.0050897059
2.29546e-07,-0.0050818072
2.29646e-07,-0.0050588293
2.29746e-07,-0.0050336972
2.29846e-07,-0.0050207721
2.29946e-07,-0.0050257985
2.30046e-07,-0.0050451861
2.30146e-07,-0.0050667279
2.30246e-07,-0.0050782169
2.30346e-07,-0.0050753447
2.30446e-07,-0.0050638557
2.30546e-07,-0.0050530848
2.30646e-07,-0.005055239
2.30746e-07,-0.0050717544
2.30846e-07,-0.0050954504
2.30946e-07,-0.0051126838
2.31046e-07,-0.0051126838
2.31146e-07,-0.0050925781
2.31246e-07,-0.0050602654
2.31346e-07,-0.005031543
2.31446e-07,-0.0050207721
2.31546e-07,-0.0050336972
2.31646e-07,-0.0050624196
2.31746e-07,-0.0050940142
2.31846e-07,-0.0051126838
2.31946e-07,-0.0051119658
2.32046e-07,-0.0050961684
2.32146e-07,-0.0050767808
2.32246e-07,-0.0050667279
2.32346e-07,-0.0050710363
2.32446e-07,-0.0050861156
2.32546e-07,-0.0050990407
2.32646e-07,-0.0051011949
2.32746e-07,-0.0050882698
2.32846e-07,-0.0050667279
2.32946e-07,-0.0050487764
2.33046e-07,-0.00504375
2.33146e-07,-0.0050538028
2.33246e-07,-0.0050696002
2.33346e-07,-0.0050774989
2.33446e-07,-0.0050667279
2.33546e-07,-0.0050365694
2.33646e-07,-0.0049970761
2.33746e-07,-0.0049640453
2.33846e-07,-0.0049518382
2.33946e-07,-0.004961173
2.34046e-07,-0.0049819968
2.34146e-07,-0.0049956399
2.34246e-07,-0.0049863051
2.34346e-07,-0.0049504021
2.34446e-07,-0.0048994198
2.34546e-07,-0.0048513097
2.34646e-07,-0.0048254596
2.34746e-07,-0.0048283318
2.34846e-07,-0.0048513097
2.34946e-07,-0.0048757238
2.35046e-07,-0.0048829044
2.35146e-07,-0.0048642348
2.35246e-07,-0.0048247415
2.35346e-07,-0.0047823759
2.35446e-07,-0.0047565257
2.35546e-07,-0.0047565257
2.35646e-07,-0.0047787856
2.35746e-07,-0.004807508
2.35846e-07,-0.0048254596
2.35946e-07,-0.0048211512
2.36046e-07,-0.0047967371
2.36146e-07,-0.0047658605
2.36246e-07,-0.0047450368
2.36346e-07,-0.0047436006
2.36446e-07,-0.004759398
2.36546e-07,-0.0047802217
2.36646e-07,-0.0047909926
2.36746e-07,-0.004783094
2.36846e-07,-0.0047579619
2.36946e-07,-0.0047285214
2.37046e-07,-0.0047105699
2.37146e-07,-0.004712724
2.37246e-07,-0.0047328297
2.37346e-07,-0.004760116
2.37446e-07,-0.0047795037
2.37546e-07,-0.0047816579
2.37646e-07,-0.0047680147
2.37746e-07,-0.0047471909
2.37846e-07,-0.0047335478
2.37946e-07,-0.0047349839
2.38046e-07,-0.0047514993
2.38146e-07,-0.0047737592
2.38246e-07,-0.0047909926
2.38346e-07,-0.0047960191
2.38446e-07,-0.0047909926
2.38546e-07,-0.0047859662
2.38646e-07,-0.0047909926
2.38746e-07,-0.0048118164
2.38846e-07,-0.0048434111
2.38946e-07,-0.0048757238
2.39046e-07,-0.0048943934
2.39146e-07,-0.0048943934
2.39246e-07,-0.0048793141
2.39346e-07,-0.0048627987
2.39446e-07,-0.0048599265
2.39546e-07,-0.0048793141
2.39646e-07,-0.0049188074
2.39746e-07,-0.0049676356
2.39846e-07,-0.0050092831
2.39946e-07,-0.005032261
2.40046e-07,-0.0050344152
2.40146e-07,-0.0050229262
2.40246e-07,-0.0050092831
2.40346e-07,-0.0050049747
2.40446e-07,-0.0050143095
2.40546e-07,-0.0050336972
2.40646e-07,-0.005055239
2.40746e-07,-0.0050731905
2.40846e-07,-0.0050846795
2.40946e-07,-0.0050925781
2.41046e-07,-0.0051011949
2.41146e-07,-0.0051126838
2.41246e-07,-0.0051256089
2.41346e-07,-0.0051349437
2.41446e-07,-0.0051356618
2.41546e-07,-0.0051284812
2.41646e-07,-0.0051169922
2.41746e-07,-0.0051098116
2.41846e-07,-0.0051126838
2.41946e-07,-0.005126327
2.42046e-07,-0.0051449966
2.42146e-07,-0.0051586397
2.42246e-07,-0.0051586397
2.42346e-07,-0.0051442785
2.42446e-07,-0.0051205825
2.42546e-07,-0.0050990407
2.42646e-07,-0.0050897059
2.42746e-07,-0.0050947323
2.42846e-07,-0.0051098116
2.42946e-07,-0.0051227367
2.43046e-07,-0.0051241728
2.43146e-07,-0.0051098116
2.43246e-07,-0.0050839614
2.43346e-07,-0.0050588293
2.43446e-07,-0.00504375
2.43546e-07,-0.0050451861
2.43646e-07,-0.0050602654
2.43746e-07,-0.005078935
2.43846e-07,-0.0050897059
2.43946e-07,-0.0050875517
2.44046e-07,-0.0050731905
2.44146e-07,-0.005055957
2.44246e-07,-0.00504375
2.44346e-07,-0.0050423139
2.44446e-07,-0.0050509306
2.44546e-07,-0.0050609835
2.44646e-07,-0.0050667279
2.44746e-07,-0.0050631376
2.44846e-07,-0.0050538028
2.44946e-07,-0.0050451861
2.45046e-07,-0.00504375
2.45146e-07,-0.0050523667
2.45246e-07,-0.0050660099
2.45346e-07,-0.0050767808
2.45446e-07,-0.0050782169
2.45546e-07,-0.0050681641
2.45646e-07,-0.0050509306
2.45746e-07,-0.0050358513
2.45846e-07,-0.005032261
2.45946e-07,-0.0050415958
2.46046e-07,-0.0050581112
2.46146e-07,-0.0050731905
2.46246e-07,-0.0050782169
2.46346e-07,-0.0050703182
2.46446e-07,-0.0050530848
2.46546e-07,-0.0050380055
2.46646e-07,-0.005032261
2.46746e-07,-0.0050387236
2.46846e-07,-0.0050530848
2.46946e-07,-0.0050652918
2.47046e-07,-0.0050667279
2.47146e-07,-0.005055239
2.47246e-07,-0.0050351333
2.47346e-07,-0.0050164637
2.47446e-07,-0.0050092831
2.47546e-07,-0.0050150276
2.47646e-07,-0.0050293888
2.47746e-07,-0.0050415958
2.47846e-07,-0.00504375
2.47946e-07,-0.005032261
2.48046e-07,-0.0050128734
2.48146e-07,-0.0049942038
2.48246e-07,-0.0049863051
2.48346e-07,-0.0049913316
2.48446e-07,-0.0050049747
2.48546e-07,-0.0050171818
2.48646e-07,-0.0050207721
2.48746e-07,-0.0050128734
2.48846e-07,-0.0049985122
2.48946e-07,-0.0049877413
2.49046e-07,-0.0049863051
2.49146e-07,-0.0049949219
2.49246e-07,-0.0050056928
2.49346e-07,-0.0050092831
2.49446e-07,-0.0049977941
2.49546e-07,-0.004972662
2.49646e-07,-0.0049439396
2.49746e-07,-0.0049259881
2.49846e-07,-0.0049288603
2.49946e-07,-0.0049532744
2.50046e-07,-0.0049891774
2.50146e-07,-0.005020054
2.50246e-07,-0.005032261
2.50346e-07,-0.0050214901
2.50446e-07,-0.004996358
2.50546e-07,-0.004972662
2.50646e-07,-0.0049633272
2.50746e-07,-0.0049748162
2.50846e-07,-0.0050021025
2.50946e-07,-0.0050293888
2.51046e-07,-0.00504375
2.51146e-07,-0.0050394416
2.51246e-07,-0.0050214901
2.51346e-07,-0.0050028205
2.51446e-07,-0.0049977941
2.51546e-07,-0.0050114373
2.51646e-07,-0.0050394416
2.51746e-07,-0.0050660099
2.51846e-07,-0.0050782169
2.51946e-07,-0.0050681641
2.52046e-07,-0.0050401597
2.52146e-07,-0.005007847
2.52246e-07,-0.0049863051
2.52346e-07,-0.004984151
2.52446e-07,-0.0049992302
2.52546e-07,-0.005020054
2.52646e-07,-0.005032261
2.52746e-07,-0.0050272346
2.52846e-07,-0.0050071289
2.52946e-07,-0.0049812787
2.53046e-07,-0.0049633272
2.53146e-07,-0.0049618911
2.53246e-07,-0.0049762523
2.53346e-07,-0.0049956399
2.53446e-07,-0.0050092831
2.53546e-07,-0.005007847
2.53646e-07,-0.0049920496
2.53746e-07,-0.0049697898
2.53846e-07,-0.0049518382
2.53946e-07,-0.0049460937
2.54046e-07,-0.0049532744
2.54146e-07,-0.0049654814
2.54246e-07,-0.0049748162
2.54346e-07,-0.0049748162
2.54446e-07,-0.0049683536
2.54546e-07,-0.004961173
2.54646e-07,-0.0049633272
2.54746e-07,-0.0049776884
2.54846e-07,-0.0050006664
2.54946e-07,-0.0050229262
2.55046e-07,-0.005032261
2.55146e-07,-0.0050236443
2.55246e-07,-0.0050006664
2.55346e-07,-0.004972662
2.55446e-07,-0.0049518382
2.55546e-07,-0.0049468118
2.55646e-07,-0.0049583008
2.55746e-07,-0.0049784065
2.55846e-07,-0.0049977941
2.55946e-07,-0.005007847
2.56046e-07,-0.0050071289
2.56146e-07,-0.0049977941
2.56246e-07,-0.0049863051
2.56346e-07,-0.0049762523
2.56446e-07,-0.0049690717
2.56546e-07,-0.0049618911
2.56646e-07,-0.0049518382
2.56746e-07,-0.0049403493
2.56846e-07,-0.0049317325
2.56946e-07,-0.0049310145
2.57046e-07,-0.0049403493
2.57146e-07,-0.0049575827
2.57246e-07,-0.0049748162
2.57346e-07,-0.0049827148
2.57446e-07,-0.0049748162
2.57546e-07,-0.0049525563
2.57646e-07,-0.0049245519
2.57746e-07,-0.004902292
2.57846e-07,-0.0048943934
2.57946e-07,-0.0049008559
2.58046e-07,-0.0049159352
2.58146e-07,-0.0049274242
2.58246e-07,-0.0049288603
2.58346e-07,-0.0049195255
2.58446e-07,-0.0049058824
2.58546e-07,-0.0048994198
2.58646e-07,-0.0049058824
2.58746e-07,-0.00492527
2.58846e-07,-0.004948966
2.58946e-07,-0.0049640453
2.59046e-07,-0.0049633272
2.59146e-07,-0.0049468118
2.59246e-07,-0.0049245519
2.59346e-07,-0.0049080365
2.59446e-07,-0.0049058824
2.59546e-07,-0.0049180894
2.59646e-07,-0.0049338867
2.59746e-07,-0.0049403493
2.59846e-07,-0.0049288603
2.59946e-07,-0.004902292
2.60046e-07,-0.0048721335
2.60146e-07,-0.004854182
2.60246e-07,-0.0048599265
2.60346e-07,-0.0048864947
2.60446e-07,-0.0049209616
2.60546e-07,-0.0049432215
2.60646e-07,-0.0049403493
2.60746e-07,-0.0049116268
2.60846e-07,-0.0048699793
2.60946e-07,-0.0048362305
2.61046e-07,-0.0048254596
2.61146e-07,-0.004841975
2.61246e-07,-0.0048742877
2.61346e-07,-0.004901574
2.61446e-07,-0.0049058824
2.61546e-07,-0.0048821864
2.61646e-07,-0.0048398208
2.61746e-07,-0.0047996094
2.61846e-07,-0.0047795037
2.61946e-07,-0.0047888385
2.62046e-07,-0.004818997
2.62146e-07,-0.0048534639
2.62246e-07,-0.0048714154
2.62346e-07,-0.0048642348
2.62446e-07,-0.0048376666
2.62546e-07,-0.00480679
2.62646e-07,-0.0047909926
2.62746e-07,-0.0047988913
2.62846e-07,-0.0048268957
2.62946e-07,-0.0048606445
2.63046e-07,-0.0048829044
2.63146e-07,-0.0048864947
2.63246e-07,-0.0048757238
2.63346e-07,-0.0048649529
2.63446e-07,-0.0048714154
2.63546e-07,-0.004902292
2.63646e-07,-0.0049504021
2.63746e-07,-0.0050006664
2.63846e-07,-0.005032261
2.63946e-07,-0.0050358513
2.64046e-07,-0.0050143095
2.64146e-07,-0.0049834329
2.64246e-07,-0.0049633272
2.64346e-07,-0.0049676356
2.64446e-07,-0.0049970761
2.64546e-07,-0.0050394416
2.64646e-07,-0.0050782169
2.64746e-07,-0.0051004768
2.64846e-07,-0.005102631
2.64946e-07,-0.0050947323
2.65046e-07,-0.0050897059
2.65146e-07,-0.0050968865
2.65246e-07,-0.0051184283
2.65346e-07,-0.0051471507
2.65446e-07,-0.0051701287
2.65546e-07,-0.0051808996
2.65646e-07,-0.0051787454
2.65746e-07,-0.0051715648
2.65846e-07,-0.0051701287
2.65946e-07,-0.0051801815
2.66046e-07,-0.0051988511
2.66146e-07,-0.0052182387
2.66246e-07,-0.0052275735
2.66346e-07,-0.005221111
2.66446e-07,-0.0052017233
2.66546e-07,-0.0051801815
2.66646e-07,-0.0051701287
2.66746e-07,-0.0051780273
2.66846e-07,-0.0052017233
2.66946e-07,-0.0052304458
2.67046e-07,-0.0052505515
2.67146e-07,-0.0052534237
2.67246e-07,-0.0052390625
2.67346e-07,-0.0052153665
2.67446e-07,-0.0051931066
2.67546e-07,-0.0051816176
2.67646e-07,-0.0051816176
2.67746e-07,-0.0051887983
2.67846e-07,-0.0051931066
2.67946e-07,-0.0051887983
2.68046e-07,-0.005174437
2.68146e-07,-0.0051543313
2.68246e-07,-0.0051356618
2.68346e-07,-0.0051220186
2.68446e-07,-0.0051126838
2.68546e-07,-0.005103349
2.68646e-07,-0.0050897059
2.68746e-07,-0.0050710363
2.68846e-07,-0.0050516487
2.68946e-07,-0.0050365694
2.69046e-07,-0.005032261
2.69146e-07,-0.0050365694
2.69246e-07,-0.00504375
2.69346e-07,-0.0050444681
2.69446e-07,-0.005032261
2.69546e-07,-0.005007847
2.69646e-07,-0.0049791245
2.69746e-07,-0.0049575827
2.69846e-07,-0.0049518382
2.69946e-07,-0.0049626091
2.70046e-07,-0.0049812787
2.70146e-07,-0.004996358
2.70246e-07,-0.0049977941
2.70346e-07,-0.0049827148
2.70446e-07,-0.0049583008
2.70546e-07,-0.004937477
2.70646e-07,-0.0049288603
2.70746e-07,-0.0049353228
2.70846e-07,-0.0049496841
2.70946e-07,-0.0049590188
2.71046e-07,-0.0049518382
2.71146e-07,-0.0049267061
2.71246e-07,-0.0048915211
2.71346e-07,-0.0048613626
2.71446e-07,-0.0048484375
2.71546e-07,-0.0048592084
2.71646e-07,-0.0048872128
2.71746e-07,-0.0049188074
2.71846e-07,-0.0049403493
2.71946e-07,-0.0049439396
2.72046e-07,-0.0049324506
2.72146e-07,-0.0049159352
2.72246e-07,-0.0049058824
2.72346e-07,-0.0049080365
2.72446e-07,-0.0049195255
2.72546e-07,-0.0049295784
2.72646e-07,-0.0049288603
2.72746e-07,-0.0049123449
2.72846e-07,-0.0048857767
2.72946e-07,-0.0048606445
2.73046e-07,-0.0048484375
2.73146e-07,-0.0048556181
2.73246e-07,-0.004878596
2.73346e-07,-0.0049073185
2.73446e-07,-0.0049288603
2.73546e-07,-0.004936759
2.73646e-07,-0.0049324506
2.73746e-07,-0.0049231158
2.73846e-07,-0.0049173713
2.73946e-07,-0.0049188074
2.74046e-07,-0.0049238339
2.74146e-07,-0.0049259881
2.74246e-07,-0.0049173713
2.74346e-07,-0.0048972656
2.74446e-07,-0.0048728516
2.74546e-07,-0.0048534639
2.74646e-07,-0.0048484375
2.74746e-07,-0.0048599265
2.74846e-07,-0.0048814683
2.74946e-07,-0.0049001379
2.75046e-07,-0.0049058824
2.75146e-07,-0.0048958295
2.75246e-07,-0.0048764419
2.75346e-07,-0.0048606445
2.75446e-07,-0.0048599265
2.75546e-07,-0.004878596
2.75646e-07,-0.0049109088
2.75746e-07,-0.0049432215
2.75846e-07,-0.0049633272
2.75946e-07,-0.0049647633
2.76046e-07,-0.0049511202
2.76146e-07,-0.0049353228
2.76246e-07,-0.0049288603
2.76346e-07,-0.004937477
2.76446e-07,-0.0049590188
2.76546e-07,-0.0049827148
2.76646e-07,-0.0049977941
2.76746e-07,-0.0049999483
2.76846e-07,-0.0049920496
2.76946e-07,-0.004984151
2.77046e-07,-0.0049863051
2.77146e-07,-0.0050013844
2.77246e-07,-0.0050236443
2.77346e-07,-0.0050408778
2.77446e-07,-0.00504375
2.77546e-07,-0.0050286707
2.77646e-07,-0.0050028205
2.77746e-07,-0.0049798426
2.77846e-07,-0.0049748162
2.77946e-07,-0.0049927677
2.78046e-07,-0.0050272346
2.78146e-07,-0.0050652918
2.78246e-07,-0.0050897059
2.78346e-07,-0.0050918601
2.78446e-07,-0.0050746266
2.78546e-07,-0.0050494945
2.78646e-07,-0.005032261
2.78746e-07,-0.005032261
2.78846e-07,-0.0050509306
2.78946e-07,-0.0050782169
2.79046e-07,-0.0051011949
2.79146e-07,-0.0051112477
2.79246e-07,-0.0051069393
2.79346e-07,-0.0050961684
2.79446e-07,-0.0050897059
2.79546e-07,-0.0050961684
2.79646e-07,-0.005114838
2.79746e-07,-0.0051399701
2.79846e-07,-0.0051586397
2.79946e-07,-0.0051629481
2.80046e-07,-0.0051521772
2.80146e-07,-0.0051320715
2.80246e-07,-0.0051126838
2.80346e-07,-0.005103349
2.80446e-07,-0.0051069393
2.80546e-07,-0.0051198644
2.80646e-07,-0.0051356618
2.80746e-07,-0.0051471507
2.80846e-07,-0.0051521772
2.80946e-07,-0.005150741
2.81046e-07,-0.0051471507
2.81146e-07,-0.0051435604
2.81246e-07,-0.0051399701
2.81346e-07,-0.0051342256
2.81446e-07,-0.0051241728
2.81546e-07,-0.0051098116
2.81646e-07,-0.0050947323
2.81746e-07,-0.0050832433
2.81846e-07,-0.0050782169
2.81946e-07,-0.005078935
2.82046e-07,-0.005078935
2.82146e-07,-0.0050724724
2.82246e-07,-0.005055239
2.82346e-07,-0.0050286707
2.82446e-07,-0.0049999483
2.82546e-07,-0.0049769704
2.82646e-07,-0.0049633272
2.82746e-07,-0.0049583008
2.82846e-07,-0.0049539924
2.82946e-07,-0.0049425034
2.83046e-07,-0.0049173713
2.83146e-07,-0.0048814683
2.83246e-07,-0.0048441291
2.83346e-07,-0.0048154067
2.83446e-07,-0.0048024816
2.83546e-07,-0.0048024816
2.83646e-07,-0.0048060719
2.83746e-07,-0.0048010455
2.83846e-07,-0.0047795037
2.83946e-07,-0.0047428826
2.84046e-07,-0.0047026712
2.84146e-07,-0.0046732307
2.84246e-07,-0.004664614
2.84346e-07,-0.0046775391
2.84446e-07,-0.0047012351
2.84546e-07,-0.0047206227
2.84646e-07,-0.0047220588
2.84746e-07,-0.0047033892
2.84846e-07,-0.0046732307
2.84946e-07,-0.0046445083
2.85046e-07,-0.0046301471
2.85146e-07,-0.0046337374
2.85246e-07,-0.0046488166
2.85346e-07,-0.0046624598
2.85446e-07,-0.004664614
2.85546e-07,-0.0046524069
2.85646e-07,-0.0046344554
2.85746e-07,-0.0046236845
2.85846e-07,-0.0046301471
2.85946e-07,-0.0046538431
2.86046e-07,-0.0046840016
2.86146e-07,-0.0047033892
2.86246e-07,-0.0046990809
2.86346e-07,-0.0046682043
2.86446e-07,-0.0046222484
2.86546e-07,-0.0045806009
2.86646e-07,-0.0045612132
2.86746e-07,-0.0045719841
2.86846e-07,-0.0046064511
2.86946e-07,-0.0046473805
2.87046e-07,-0.0046761029
2.87146e-07,-0.0046825655
2.87246e-07,-0.0046689223
2.87346e-07,-0.0046459444
2.87446e-07,-0.0046301471
2.87546e-07,-0.0046287109
2.87646e-07,-0.0046387638
2.87746e-07,-0.0046509708
2.87846e-07,-0.004653125
2.87946e-07,-0.0046394818
2.88046e-07,-0.0046150678
2.88146e-07,-0.0045920898
2.88246e-07,-0.0045841912
2.88346e-07,-0.0045963982
2.88446e-07,-0.0046229665
2.88546e-07,-0.0046509708
2.88646e-07,-0.004664614
2.88746e-07,-0.0046567153
2.88846e-07,-0.0046323012
2.88946e-07,-0.0046028608
2.89046e-07,-0.0045841912
2.89146e-07,-0.0045849092
2.89246e-07,-0.0046028608
2.89346e-07,-0.0046265568
2.89446e-07,-0.004641636
2.89546e-07,-0.004640918
2.89646e-07,-0.0046251206
2.89746e-07,-0.0046064511
2.89846e-07,-0.0045956801
2.89946e-07,-0.0046014246
2.90046e-07,-0.0046200942
2.90146e-07,-0.0046423541
2.90246e-07,-0.004653125
2.90346e-07,-0.0046452263
2.90446e-07,-0.0046193761
2.90546e-07,-0.0045870634
2.90646e-07,-0.0045612132
2.90746e-07,-0.0045518784
2.90846e-07,-0.0045597771
2.90946e-07,-0.0045784467
2.91046e-07,-0.0045956801
2.91146e-07,-0.0046035788
2.91246e-07,-0.0046007066
2.91346e-07,-0.0045913718
2.91446e-07,-0.0045841912
2.91546e-07,-0.0045841912
2.91646e-07,-0.0045913718
2.91746e-07,-0.0046007066
2.91846e-07,-0.0046071691
2.91946e-07,-0.0046078872
2.92046e-07,-0.004605733
2.92146e-07,-0.0046078872
2.92246e-07,-0.0046186581
2.92346e-07,-0.0046394818
2.92446e-07,-0.0046638959
2.92546e-07,-0.0046825655
2.92646e-07,-0.0046875919
2.92746e-07,-0.0046796932
2.92846e-07,-0.004665332
2.92946e-07,-0.0046567153
2.93046e-07,-0.004664614
2.93146e-07,-0.0046904642
2.93246e-07,-0.0047270852
2.93346e-07,-0.0047608341
2.93446e-07,-0.0047795037
2.93546e-07,-0.0047773495
2.93646e-07,-0.0047608341
2.93746e-07,-0.0047414465
2.93846e-07,-0.0047335478
2.93946e-07,-0.0047428826
2.94046e-07,-0.0047672966
2.94146e-07,-0.004795301
2.94246e-07,-0.0048139706
2.94346e-07,-0.0048168428
2.94446e-07,-0.0048060719
2.94546e-07,-0.0047895565
2.94646e-07,-0.0047795037
2.94746e-07,-0.0047823759
2.94846e-07,-0.0047967371
2.94946e-07,-0.0048139706
2.95046e-07,-0.0048254596
2.95146e-07,-0.0048247415
2.95246e-07,-0.0048132525
2.95346e-07,-0.0047988913
2.95446e-07,-0.0047909926
2.95546e-07,-0.0047938649
2.95646e-07,-0.0048039177
2.95746e-07,-0.0048139706
2.95846e-07,-0.0048139706
2.95946e-07,-0.0048003274
2.96046e-07,-0.0047759134
2.96146e-07,-0.0047500632
2.96246e-07,-0.0047335478
2.96346e-07,-0.0047321117
2.96446e-07,-0.0047428826
2.96546e-07,-0.0047586799
2.96646e-07,-0.0047680147
2.96746e-07,-0.0047658605
2.96846e-07,-0.0047522174
2.96946e-07,-0.0047349839
2.97046e-07,-0.0047220588
2.97146e-07,-0.0047184685
2.97246e-07,-0.0047227769
2.97346e-07,-0.0047263672
2.97446e-07,-0.0047220588
2.97546e-07,-0.0047041073
2.97646e-07,-0.0046753849
2.97746e-07,-0.0046437902
2.97846e-07,-0.0046186581
2.97946e-07,-0.0046064511
2.98046e-07,-0.0046064511
2.98146e-07,-0.0046136317
2.98246e-07,-0.0046186581
2.98346e-07,-0.004617222
2.98446e-07,-0.0046100414
2.98546e-07,-0.0046007066
2.98646e-07,-0.0045956801
2.98746e-07,-0.0045978343
2.98846e-07,-0.0046042969
2.98946e-07,-0.0046093233
2.99046e-07,-0.0046071691
2.99146e-07,-0.0045956801
2.99246e-07,-0.0045777286
2.99346e-07,-0.0045597771
2.99446e-07,-0.0045497243
2.99546e-07,-0.0045497243
2.99646e-07,-0.0045576229
2.99746e-07,-0.0045669577
2.99846e-07,-0.0045727022
2.99946e-07,-0.0045741383
3.00046e-07,-0.0045741383
3.00146e-07,-0.0045798828
3.00246e-07,-0.0045956801
3.00346e-07,-0.0046200942
3.00446e-07,-0.0046466625
3.00546e-07,-0.0046638959
3.00646e-07,-0.004664614
3.00746e-07,-0.0046480986
3.00846e-07,-0.0046208123
3.00946e-07,-0.0045963982
3.01046e-07,-0.0045841912
3.01146e-07,-0.0045899357
3.01246e-07,-0.0046100414
3.01346e-07,-0.0046351735
3.01446e-07,-0.004653125
3.01546e-07,-0.0046588695
3.01646e-07,-0.0046538431
3.01746e-07,-0.0046459444
3.01846e-07,-0.004641636
3.01946e-07,-0.0046466625
3.02046e-07,-0.0046603056
3.02146e-07,-0.0046761029
3.02246e-07,-0.0046875919
3.02346e-07,-0.0046919003
3.02446e-07,-0.0046919003
3.02546e-07,-0.0046926183
3.02646e-07,-0.0046990809
3.02746e-07,-0.0047112879
3.02846e-07,-0.0047256491
3.02946e-07,-0.0047342659
3.03046e-07,-0.0047335478
3.03146e-07,-0.004724213
3.03246e-07,-0.0047134421
3.03346e-07,-0.0047105699
3.03446e-07,-0.0047220588
3.03546e-07,-0.0047464729
3.03646e-07,-0.0047759134
3.03746e-07,-0.0047974552
3.03846e-07,-0.0048024816
3.03946e-07,-0.0047895565
3.04046e-07,-0.0047651425
3.04146e-07,-0.0047428826
3.04246e-07,-0.0047335478
3.04346e-07,-0.0047407284
3.04446e-07,-0.004759398
3.04546e-07,-0.0047795037
3.04646e-07,-0.0047909926
3.04746e-07,-0.0047902746
3.04846e-07,-0.0047809398
3.04946e-07,-0.0047708869
3.05046e-07,-0.0047680147
3.05146e-07,-0.0047737592
3.05246e-07,-0.004783094
3.05346e-07,-0.0047874023
3.05446e-07,-0.0047795037
3.05546e-07,-0.004760116
3.05646e-07,-0.0047378562
3.05746e-07,-0.0047220588
3.05846e-07,-0.0047220588
3.05946e-07,-0.00473642
3.06046e-07,-0.0047550896
3.06146e-07,-0.0047651425
3.06246e-07,-0.0047565257
3.06346e-07,-0.0047292394
3.06446e-07,-0.0046933364
3.06546e-07,-0.0046638959
3.06646e-07,-0.004653125
3.06746e-07,-0.0046638959
3.06846e-07,-0.0046875919
3.06946e-07,-0.0047076976
3.07046e-07,-0.0047105699
3.07146e-07,-0.0046926183
3.07246e-07,-0.0046624598
3.07346e-07,-0.0046366096
3.07446e-07,-0.0046301471
3.07546e-07,-0.0046495347
3.07646e-07,-0.00468831
3.07746e-07,-0.0047292394
3.07846e-07,-0.0047565257
3.07946e-07,-0.004760116
3.08046e-07,-0.0047443187
3.08146e-07,-0.0047220588
3.08246e-07,-0.0047105699
3.08346e-07,-0.0047184685
3.08446e-07,-0.0047450368
3.08546e-07,-0.0047780676
3.08646e-07,-0.0048024816
3.08746e-07,-0.0048082261
3.08846e-07,-0.004795301
3.08946e-07,-0.0047737592
3.09046e-07,-0.0047565257
3.09146e-07,-0.0047529354
3.09246e-07,-0.0047651425
3.09346e-07,-0.0047852482
3.09446e-07,-0.0048024816
3.09546e-07,-0.0048103803
3.09646e-07,-0.0048082261
3.09746e-07,-0.0048031997
3.09846e-07,-0.0048024816
3.09946e-07,-0.0048118164
3.10046e-07,-0.0048283318
3.10146e-07,-0.0048434111
3.10246e-07,-0.0048484375
3.10346e-07,-0.0048383847
3.10446e-07,-0.0048168428
3.10546e-07,-0.0047938649
3.10646e-07,-0.0047795037
3.10746e-07,-0.0047809398
3.10846e-07,-0.0047967371
3.10946e-07,-0.004818997
3.11046e-07,-0.0048369485
3.11146e-07,-0.0048448472
3.11246e-07,-0.0048412569
3.11346e-07,-0.0048326402
3.11446e-07,-0.0048254596
3.11546e-07,-0.0048225873
3.11646e-07,-0.0048233054
3.11746e-07,-0.0048218693
3.11846e-07,-0.0048139706
3.11946e-07,-0.0047996094
3.12046e-07,-0.0047845301
3.12146e-07,-0.0047759134
3.12246e-07,-0.0047795037
3.12346e-07,-0.004794583
3.12446e-07,-0.0048139706
3.12546e-07,-0.0048268957
3.12646e-07,-0.0048254596
3.12746e-07,-0.0048082261
3.12846e-07,-0.004783812
3.12946e-07,-0.0047637063
3.13046e-07,-0.0047565257
3.13146e-07,-0.0047651425
3.13246e-07,-0.004783094
3.13346e-07,-0.0047988913
3.13446e-07,-0.0048024816
3.13546e-07,-0.0047924288
3.13646e-07,-0.0047744773
3.13746e-07,-0.004759398
3.13846e-07,-0.0047565257
3.13946e-07,-0.0047672966
3.14046e-07,-0.0047859662
3.14146e-07,-0.0048003274
3.14246e-07,-0.0048024816
3.14346e-07,-0.0047917107
3.14446e-07,-0.0047773495
3.14546e-07,-0.0047701689
3.14646e-07,-0.0047795037
3.14746e-07,-0.0048053539
3.14846e-07,-0.0048362305
3.14946e-07,-0.0048584903
3.15046e-07,-0.0048599265
3.15146e-07,-0.0048398208
3.15246e-07,-0.0048096622
3.15346e-07,-0.0047845301
3.15446e-07,-0.0047795037
3.15546e-07,-0.0047974552
3.15646e-07,-0.0048290499
3.15746e-07,-0.0048584903
3.15846e-07,-0.0048714154
3.15946e-07,-0.0048627987
3.16046e-07,-0.0048405388
3.16146e-07,-0.004818997
3.16246e-07,-0.0048139706
3.16346e-07,-0.0048297679
3.16446e-07,-0.0048599265
3.16546e-07,-0.004890085
3.16646e-07,-0.0049058824
3.16746e-07,-0.004902292
3.16846e-07,-0.0048857767
3.16946e-07,-0.0048706974
3.17046e-07,-0.0048714154
3.17146e-07,-0.0048922392
3.17246e-07,-0.0049267061
3.17346e-07,-0.0049590188
3.17446e-07,-0.0049748162
3.17546e-07,-0.0049676356
3.17646e-07,-0.0049439396
3.17746e-07,-0.0049188074
3.17846e-07,-0.0049058824
3.17946e-07,-0.004913063
3.18046e-07,-0.0049360409
3.18146e-07,-0.0049618911
3.18246e-07,-0.0049748162
3.18346e-07,-0.0049697898
3.18446e-07,-0.0049518382
3.18546e-07,-0.0049331687
3.18646e-07,-0.0049288603
3.18746e-07,-0.0049439396
3.18846e-07,-0.0049733801
3.18946e-07,-0.0050035386
3.19046e-07,-0.0050207721
3.19146e-07,-0.0050171818
3.19246e-07,-0.0049977941
3.19346e-07,-0.0049755342
3.19446e-07,-0.0049633272
3.19546e-07,-0.0049676356
3.19646e-07,-0.0049855871
3.19746e-07,-0.0050035386
3.19846e-07,-0.0050092831
3.19946e-07,-0.0049970761
3.20046e-07,-0.0049719439
3.20146e-07,-0.0049453757
3.20246e-07,-0.0049288603
3.20346e-07,-0.0049288603
3.20446e-07,-0.0049403493
3.20546e-07,-0.0049518382
3.20646e-07,-0.0049518382
3.20746e-07,-0.004936759
3.20846e-07,-0.0049123449
3.20946e-07,-0.0048908031
3.21046e-07,-0.0048829044
3.21146e-07,-0.0048915211
3.21246e-07,-0.0049094727
3.21346e-07,-0.0049223977
3.21446e-07,-0.0049173713
3.21546e-07,-0.0048915211
3.21646e-07,-0.0048513097
3.21746e-07,-0.0048132525
3.21846e-07,-0.0047909926
3.21946e-07,-0.0047895565
3.22046e-07,-0.0048017636
3.22146e-07,-0.0048146886
3.22246e-07,-0.0048139706
3.22346e-07,-0.004794583
3.22446e-07,-0.0047637063
3.22546e-07,-0.0047349839
3.22646e-07,-0.0047220588
3.22746e-07,-0.0047285214
3.22846e-07,-0.0047464729
3.22946e-07,-0.0047608341
3.23046e-07,-0.0047565257
3.23146e-07,-0.0047299575
3.23246e-07,-0.0046904642
3.23346e-07,-0.0046545611
3.23446e-07,-0.004641636
3.23546e-07,-0.0046581514
3.23646e-07,-0.0046969267
3.23746e-07,-0.0047400103
3.23846e-07,-0.0047680147
3.23946e-07,-0.0047687328
3.24046e-07,-0.0047457548
3.24146e-07,-0.004712006
3.24246e-07,-0.0046875919
3.24346e-07,-0.0046832835
3.24446e-07,-0.0046997989
3.24546e-07,-0.0047249311
3.24646e-07,-0.0047450368
3.24746e-07,-0.0047486271
3.24846e-07,-0.0047371381
3.24946e-07,-0.0047199046
3.25046e-07,-0.0047105699
3.25146e-07,-0.0047191866
3.25246e-07,-0.0047443187
3.25346e-07,-0.0047766314
3.25446e-07,-0.0048024816
3.25546e-07,-0.0048125345
3.25646e-07,-0.004807508
3.25746e-07,-0.0047967371
3.25846e-07,-0.0047909926
3.25946e-07,-0.0048003274
3.26046e-07,-0.0048247415
3.26146e-07,-0.0048556181
3.26246e-07,-0.0048829044
3.26346e-07,-0.0048979837
3.26446e-07,-0.0049001379
3.26546e-07,-0.0048958295
3.26646e-07,-0.0048943934
3.26746e-07,-0.0049008559
3.26846e-07,-0.0049152171
3.26946e-07,-0.0049310145
3.27046e-07,-0.0049403493
3.27146e-07,-0.0049396312
3.27246e-07,-0.0049324506
3.27346e-07,-0.0049259881
3.27446e-07,-0.0049288603
3.27546e-07,-0.0049446576
3.27646e-07,-0.0049697898
3.27746e-07,-0.0049942038
3.27846e-07,-0.0050092831
3.27946e-07,-0.0050107192
3.28046e-07,-0.0050013844
3.28146e-07,-0.0049898955
3.28246e-07,-0.0049863051
3.28346e-07,-0.0049927677
3.28446e-07,-0.0050071289
3.28546e-07,-0.0050186179
3.28646e-07,-0.0050207721
3.28746e-07,-0.0050100011
3.28846e-07,-0.0049920496
3.28946e-07,-0.0049769704
3.29046e-07,-0.0049748162
3.29146e-07,-0.0049884593
3.29246e-07,-0.0050114373
3.29346e-07,-0.0050336972
3.29446e-07,-0.00504375
3.29546e-07,-0.0050358513
3.29646e-07,-0.0050150276
3.29746e-07,-0.0049906135
3.29846e-07,-0.0049748162
3.29946e-07,-0.004972662
3.30046e-07,-0.0049827148
3.30146e-07,-0.0049942038
3.30246e-07,-0.0049977941
3.30346e-07,-0.0049884593
3.30446e-07,-0.0049697898
3.30546e-07,-0.0049504021
3.30646e-07,-0.0049403493
3.30746e-07,-0.0049432215
3.30846e-07,-0.0049568647
3.30946e-07,-0.0049705078
3.31046e-07,-0.0049748162
3.31146e-07,-0.0049647633
3.31246e-07,-0.0049432215
3.31346e-07,-0.0049202436
3.31446e-07,-0.0049058824
3.31546e-07,-0.0049058824
3.31646e-07,-0.0049195255
3.31746e-07,-0.004937477
3.31846e-07,-0.0049518382
3.31946e-07,-0.0049575827
3.32046e-07,-0.0049568647
3.32146e-07,-0.0049561466
3.32246e-07,-0.0049633272
3.32346e-07,-0.0049805607
3.32446e-07,-0.0050021025
3.32546e-07,-0.0050186179
3.32646e-07,-0.0050207721
3.32746e-07,-0.0050056928
3.32846e-07,-0.0049791245
3.32946e-07,-0.0049532744
3.33046e-07,-0.0049403493
3.33146e-07,-0.0049482479
3.33246e-07,-0.0049733801
3.33346e-07,-0.0050056928
3.33446e-07,-0.005032261
3.33546e-07,-0.0050430319
3.33646e-07,-0.0050380055
3.33746e-07,-0.0050229262
3.33846e-07,-0.0050092831
3.33946e-07,-0.0050056928
3.34046e-07,-0.0050135915
3.34146e-07,-0.0050286707
3.34246e-07,-0.00504375
3.34346e-07,-0.0050509306
3.34446e-07,-0.0050473403
3.34546e-07,-0.0050358513
3.34646e-07,-0.0050207721
3.34746e-07,-0.0050064108
3.34846e-07,-0.0049934858
3.34946e-07,-0.0049798426
3.35046e-07,-0.0049633272
3.35146e-07,-0.0049432215
3.35246e-07,-0.0049231158
3.35346e-07,-0.0049094727
3.35446e-07,-0.0049058824
3.35546e-07,-0.004913063
3.35646e-07,-0.0049267061
3.35746e-07,-0.0049381951
3.35846e-07,-0.0049403493
3.35946e-07,-0.0049310145
3.36046e-07,-0.004913063
3.36146e-07,-0.0048951114
3.36246e-07,-0.0048829044
3.36346e-07,-0.0048800322
3.36446e-07,-0.0048829044
3.36546e-07,-0.0048857767
3.36646e-07,-0.0048829044
3.36746e-07,-0.0048721335
3.36846e-07,-0.0048584903
3.36946e-07,-0.0048484375
3.37046e-07,-0.0048484375
3.37146e-07,-0.0048599265
3.37246e-07,-0.0048771599
3.37346e-07,-0.0048915211
3.37446e-07,-0.0048943934
3.37546e-07,-0.0048843405
3.37646e-07,-0.004866389
3.37746e-07,-0.0048513097
3.37846e-07,-0.0048484375
3.37946e-07,-0.0048627987
3.38046e-07,-0.004889367
3.38146e-07,-0.0049188074
3.38246e-07,-0.0049403493
3.38346e-07,-0.0049460937
3.38446e-07,-0.004937477
3.38546e-07,-0.0049209616
3.38646e-07,-0.0049058824
3.38746e-07,-0.0048994198
3.38846e-07,-0.004901574
3.38946e-07,-0.0049094727
3.39046e-07,-0.0049173713
3.39146e-07,-0.0049209616
3.39246e-07,-0.0049216797
3.39346e-07,-0.0049223977
3.39446e-07,-0.0049288603
3.39546e-07,-0.0049425034
3.39646e-07,-0.0049597369
3.39746e-07,-0.0049762523
3.39846e-07,-0.0049863051
3.39946e-07,-0.0049877413
3.40046e-07,-0.004984869
3.40146e-07,-0.0049827148
3.40246e-07,-0.0049863051
3.40346e-07,-0.004996358
3.40446e-07,-0.005007847
3.40546e-07,-0.0050143095
3.40646e-07,-0.0050092831
3.40746e-07,-0.0049934858
3.40846e-07,-0.0049719439
3.40946e-07,-0.0049561466
3.41046e-07,-0.0049518382
3.41146e-07,-0.0049626091
3.41246e-07,-0.0049819968
3.41346e-07,-0.0050006664
3.41446e-07,-0.0050092831
3.41546e-07,-0.0050035386
3.41646e-07,-0.0049884593
3.41746e-07,-0.0049712259
3.41846e-07,-0.0049633272
3.41946e-07,-0.0049690717
3.42046e-07,-0.0049855871
3.42146e-07,-0.0050064108
3.42246e-07,-0.0050207721
3.42346e-07,-0.0050236443
3.42446e-07,-0.0050157456
3.42546e-07,-0.0050006664
3.42646e-07,-0.0049863051
3.42746e-07,-0.0049762523
3.42846e-07,-0.0049712259
3.42946e-07,-0.0049683536
3.43046e-07,-0.0049633272
3.43146e-07,-0.0049568647
3.43246e-07,-0.0049511202
3.43346e-07,-0.0049525563
3.43446e-07,-0.0049633272
3.43546e-07,-0.0049827148
3.43646e-07,-0.0050056928
3.43746e-07,-0.0050236443
3.43846e-07,-0.005032261
3.43946e-07,-0.005031543
3.44046e-07,-0.0050286707
3.44146e-07,-0.0050308249
3.44246e-07,-0.00504375
3.44346e-07,-0.0050667279
3.44446e-07,-0.0050918601
3.44546e-07,-0.0051090935
3.44646e-07,-0.0051126838
3.44746e-07,-0.005102631
3.44846e-07,-0.0050861156
3.44946e-07,-0.0050753447
3.45046e-07,-0.0050782169
3.45146e-07,-0.0050947323
3.45246e-07,-0.0051169922
3.45346e-07,-0.0051335076
3.45446e-07,-0.0051356618
3.45546e-07,-0.0051220186
3.45646e-07,-0.0051019129
3.45746e-07,-0.0050875517
3.45846e-07,-0.0050897059
3.45946e-07,-0.0051105296
3.46046e-07,-0.0051406882
3.46146e-07,-0.0051658203
3.46246e-07,-0.0051701287
3.46346e-07,-0.0051493049
3.46446e-07,-0.0051090935
3.46546e-07,-0.0050645738
3.46646e-07,-0.005032261
3.46746e-07,-0.0050214901
3.46846e-07,-0.0050308249
3.46946e-07,-0.0050502125
3.47046e-07,-0.0050667279
3.47146e-07,-0.0050696002
3.47246e-07,-0.0050581112
3.47346e-07,-0.0050387236
3.47446e-07,-0.0050207721
3.47546e-07,-0.0050121553
3.47646e-07,-0.0050128734
3.47746e-07,-0.0050186179
3.47846e-07,-0.0050207721
3.47946e-07,-0.0050157456
3.48046e-07,-0.0050064108
3.48146e-07,-0.0049977941
3.48246e-07,-0.0049977941
3.48346e-07,-0.0050092831
3.48446e-07,-0.0050293888
3.48546e-07,-0.0050473403
3.48646e-07,-0.005055239
3.48746e-07,-0.0050480584
3.48846e-07,-0.0050279527
3.48946e-07,-0.0050042567
3.49046e-07,-0.0049863051
3.49146e-07,-0.0049798426
3.49246e-07,-0.0049819968
3.49346e-07,-0.0049870232
3.49446e-07,-0.0049863051
3.49546e-07,-0.0049755342
3.49646e-07,-0.0049590188
3.49746e-07,-0.0049439396
3.49846e-07,-0.0049403493
3.49946e-07,-0.0049532744
3.50046e-07,-0.0049791245
3.50146e-07,-0.005008565
3.50246e-07,-0.005032261
3.50346e-07,-0.0050423139
3.50446e-07,-0.0050387236
3.50546e-07,-0.0050279527
3.50646e-07,-0.0050207721
3.50746e-07,-0.0050229262
3.50846e-07,-0.0050344152
3.50946e-07,-0.0050516487
3.51046e-07,-0.0050667279
3.51146e-07,-0.0050746266
3.51246e-07,-0.0050739085
3.51346e-07,-0.0050696002
3.51446e-07,-0.0050667279
3.51546e-07,-0.0050681641
3.51646e-07,-0.0050731905
3.51746e-07,-0.0050782169
3.51846e-07,-0.0050782169
3.51946e-07,-0.0050717544
3.52046e-07,-0.0050624196
3.52146e-07,-0.005055239
3.52246e-07,-0.005055239
3.52346e-07,-0.0050638557
3.52446e-07,-0.0050767808
3.52546e-07,-0.0050875517
3.52646e-07,-0.0050897059
3.52746e-07,-0.0050818072
3.52846e-07,-0.0050688821
3.52946e-07,-0.0050573932
3.53046e-07,-0.005055239
3.53146e-07,-0.0050631376
3.53246e-07,-0.0050767808
3.53346e-07,-0.0050882698
3.53446e-07,-0.0050897059
3.53546e-07,-0.0050782169
3.53646e-07,-0.0050573932
3.53746e-07,-0.0050358513
3.53846e-07,-0.0050207721
3.53946e-07,-0.0050157456
3.54046e-07,-0.0050178998
3.54146e-07,-0.0050214901
3.54246e-07,-0.0050207721
3.54346e-07,-0.0050135915
3.54446e-07,-0.0050028205
3.54546e-07,-0.0049956399
3.54646e-07,-0.0049977941
3.54746e-07,-0.005008565
3.54846e-07,-0.0050236443
3.54946e-07,-0.0050336972
3.55046e-07,-0.005032261
3.55146e-07,-0.0050186179
3.55246e-07,-0.0049985122
3.55346e-07,-0.0049812787
3.55446e-07,-0.0049748162
3.55546e-07,-0.0049805607
3.55646e-07,-0.0049920496
3.55746e-07,-0.0050006664
3.55846e-07,-0.0049977941
3.55946e-07,-0.0049812787
3.56046e-07,-0.0049575827
3.56146e-07,-0.004936759
3.56246e-07,-0.0049288603
3.56346e-07,-0.004936759
3.56446e-07,-0.0049561466
3.56546e-07,-0.0049762523
3.56646e-07,-0.0049863051
3.56746e-07,-0.0049819968
3.56846e-07,-0.0049647633
3.56946e-07,-0.0049439396
3.57046e-07,-0.0049288603
3.57146e-07,-0.0049238339
3.57246e-07,-0.0049259881
3.57346e-07,-0.0049302964
3.57446e-07,-0.0049288603
3.57546e-07,-0.0049195255
3.57646e-07,-0.0049058824
3.57746e-07,-0.0048951114
3.57846e-07,-0.0048943934
3.57946e-07,-0.0049044462
3.58046e-07,-0.0049202436
3.58146e-07,-0.0049310145
3.58246e-07,-0.0049288603
3.58346e-07,-0.0049116268
3.58446e-07,-0.0048872128
3.58546e-07,-0.004865671
3.58646e-07,-0.0048599265
3.58746e-07,-0.0048750057
3.58846e-07,-0.0049058824
3.58946e-07,-0.0049439396
3.59046e-07,-0.0049748162
3.59146e-07,-0.0049920496
3.59246e-07,-0.0049949219
3.59346e-07,-0.0049906135
3.59446e-07,-0.0049863051
3.59546e-07,-0.0049877413
3.59646e-07,-0.0049934858
3.59746e-07,-0.0049985122
3.59846e-07,-0.0049977941
3.59946e-07,-0.0049906135
3.60046e-07,-0.0049805607
3.60146e-07,-0.0049769704
3.60246e-07,-0.0049863051
3.60346e-07,-0.0050100011
3.60446e-07,-0.0050423139
3.60546e-07,-0.0050724724
3.60646e-07,-0.0050897059
3.60746e-07,-0.005091142
3.60846e-07,-0.0050803711
3.60946e-07,-0.0050688821
3.61046e-07,-0.0050667279
3.61146e-07,-0.0050803711
3.61246e-07,-0.0051062213
3.61346e-07,-0.0051363798
3.61446e-07,-0.0051586397
3.61546e-07,-0.0051672564
3.61646e-07,-0.0051636661
3.61746e-07,-0.0051536133
3.61846e-07,-0.0051471507
3.61946e-07,-0.0051493049
3.62046e-07,-0.0051593578
3.62146e-07,-0.0051730009
3.62246e-07,-0.0051816176
3.62346e-07,-0.0051830538
3.62446e-07,-0.0051773093
3.62546e-07,-0.0051715648
3.62646e-07,-0.0051701287
3.62746e-07,-0.0051751551
3.62846e-07,-0.0051830538
3.62946e-07,-0.0051873621
3.63046e-07,-0.0051816176
3.63146e-07,-0.0051643842
3.63246e-07,-0.0051399701
3.63346e-07,-0.0051162741
3.63446e-07,-0.0051011949
3.63546e-07,-0.0050968865
3.63646e-07,-0.0050997587
3.63746e-07,-0.005103349
3.63846e-07,-0.0051011949
3.63946e-07,-0.0050925781
3.64046e-07,-0.0050810892
3.64146e-07,-0.0050746266
3.64246e-07,-0.0050782169
3.64346e-07,-0.0050904239
3.64446e-07,-0.0051047852
3.64546e-07,-0.0051105296
3.64646e-07,-0.0051011949
3.64746e-07,-0.0050767808
3.64846e-07,-0.0050451861
3.64946e-07,-0.0050193359
3.65046e-07,-0.0050092831
3.65146e-07,-0.0050164637
3.65246e-07,-0.0050344152
3.65346e-07,-0.0050502125
3.65446e-07,-0.005055239
3.65546e-07,-0.0050459042
3.65646e-07,-0.0050286707
3.65746e-07,-0.0050171818
3.65846e-07,-0.0050207721
3.65946e-07,-0.0050430319
3.66046e-07,-0.0050774989
3.66146e-07,-0.0051083755
3.66246e-07,-0.0051241728
3.66346e-07,-0.0051177102
3.66446e-07,-0.0050954504
3.66546e-07,-0.0050696002
3.66646e-07,-0.005055239
3.66746e-07,-0.0050617015
3.66846e-07,-0.0050868336
3.66946e-07,-0.0051198644
3.67046e-07,-0.0051471507
3.67146e-07,-0.0051579216
3.67246e-07,-0.0051514591
3.67346e-07,-0.0051327895
3.67446e-07,-0.0051126838
3.67546e-07,-0.0050997587
3.67646e-07,-0.0050961684
3.67746e-07,-0.0050983226
3.67846e-07,-0.0051011949
3.67946e-07,-0.0051004768
3.68046e-07,-0.0050968865
3.68146e-07,-0.0050954504
3.68246e-07,-0.0051011949
3.68346e-07,-0.005114838
3.68446e-07,-0.0051327895
3.68546e-07,-0.0051457146
3.68646e-07,-0.0051471507
3.68746e-07,-0.0051356618
3.68846e-07,-0.0051155561
3.68946e-07,-0.0050976045
3.69046e-07,-0.0050897059
3.69146e-07,-0.0050954504
3.69246e-07,-0.0051105296
3.69346e-07,-0.0051234547
3.69446e-07,-0.0051241728
3.69546e-07,-0.0051076574
3.69646e-07,-0.0050782169
3.69746e-07,-0.0050451861
3.69846e-07,-0.0050207721
3.69946e-07,-0.0050114373
3.70046e-07,-0.0050178998
3.70146e-07,-0.005031543
3.70246e-07,-0.00504375
3.70346e-07,-0.0050480584
3.70446e-07,-0.0050444681
3.70546e-07,-0.0050365694
3.70646e-07,-0.005032261
3.70746e-07,-0.0050344152
3.70846e-07,-0.0050430319
3.70946e-07,-0.0050516487
3.71046e-07,-0.005055239
3.71146e-07,-0.0050523667
3.71246e-07,-0.0050459042
3.71346e-07,-0.0050415958
3.71446e-07,-0.00504375
3.71546e-07,-0.0050538028
3.71646e-07,-0.0050660099
3.71746e-07,-0.0050724724
3.71846e-07,-0.0050667279
3.71946e-07,-0.0050494945
3.72046e-07,-0.0050272346
3.72146e-07,-0.0050107192
3.72246e-07,-0.0050092831
3.72346e-07,-0.0050243624
3.72446e-07,-0.0050509306
3.72546e-07,-0.0050767808
3.72646e-07,-0.0050897059
3.72746e-07,-0.0050853975
3.72846e-07,-0.0050660099
3.72946e-07,-0.0050408778
3.73046e-07,-0.0050207721
3.73146e-07,-0.0050121553
3.73246e-07,-0.0050135915
3.73346e-07,-0.0050186179
3.73446e-07,-0.0050207721
3.73546e-07,-0.0050157456
3.73646e-07,-0.0050056928
3.73746e-07,-0.0049977941
3.73846e-07,-0.0049977941
3.73946e-07,-0.005007847
3.74046e-07,-0.0050243624
3.74146e-07,-0.0050394416
3.74246e-07,-0.00504375
3.74346e-07,-0.0050358513
3.74446e-07,-0.005020054
3.74546e-07,-0.0050042567
3.74646e-07,-0.0049977941
3.74746e-07,-0.0050035386
3.74846e-07,-0.0050164637
3.74946e-07,-0.0050293888
3.75046e-07,-0.005032261
3.75146e-07,-0.0050222082
3.75246e-07,-0.0050028205
3.75346e-07,-0.004984151
3.75446e-07,-0.0049748162
3.75546e-07,-0.0049798426
3.75646e-07,-0.0049949219
3.75746e-07,-0.0050121553
3.75846e-07,-0.0050207721
3.75946e-07,-0.0050164637
3.76046e-07,-0.0050021025
3.76146e-07,-0.004984869
3.76246e-07,-0.0049748162
3.76346e-07,-0.0049762523
3.76446e-07,-0.0049855871
3.76546e-07,-0.004996358
3.76646e-07,-0.0049977941
3.76746e-07,-0.0049863051
3.76846e-07,-0.0049640453
3.76946e-07,-0.0049417854
3.77046e-07,-0.0049288603
3.77146e-07,-0.0049331687
3.77246e-07,-0.0049539924
3.77346e-07,-0.0049827148
3.77446e-07,-0.0050092831
3.77546e-07,-0.0050243624
3.77646e-07,-0.0050257985
3.77746e-07,-0.0050186179
3.77846e-07,-0.0050092831
3.77946e-07,-0.0050049747
3.78046e-07,-0.005007847
3.78146e-07,-0.0050150276
3.78246e-07,-0.0050207721
3.78346e-07,-0.0050214901
3.78446e-07,-0.0050164637
3.78546e-07,-0.0050107192
3.78646e-07,-0.0050092831
3.78746e-07,-0.0050164637
3.78846e-07,-0.005031543
3.78946e-07,-0.0050502125
3.79046e-07,-0.0050667279
3.79146e-07,-0.0050774989
3.79246e-07,-0.0050825253
3.79346e-07,-0.0050853975
3.79446e-07,-0.0050897059
3.79546e-07,-0.0050983226
3.79646e-07,-0.0051098116
3.79746e-07,-0.0051198644
3.79846e-07,-0.0051241728
3.79946e-07,-0.0051213006
3.80046e-07,-0.0051126838
3.80146e-07,-0.0051047852
3.80246e-07,-0.0051011949
3.80346e-07,-0.0051055032
3.80446e-07,-0.0051155561
3.80546e-07,-0.005127045
3.80646e-07,-0.0051356618
3.80746e-07,-0.005138534
3.80846e-07,-0.0051370979
3.80946e-07,-0.0051349437
3.81046e-07,-0.0051356618
3.81146e-07,-0.0051392521
3.81246e-07,-0.0051421243
3.81346e-07,-0.0051421243
3.81446e-07,-0.0051356618
3.81546e-07,-0.0051248909
3.81646e-07,-0.0051169922
3.81746e-07,-0.0051191464
3.81846e-07,-0.0051356618
3.81946e-07,-0.0051665384
3.82046e-07,-0.0052053136
3.82146e-07,-0.0052397806
3.82246e-07,-0.0052620404
3.82346e-07,-0.005268503
3.82446e-07,-0.0052627585
3.82546e-07,-0.0052534237
3.82646e-07,-0.0052505515
3.82746e-07,-0.0052591682
3.82846e-07,-0.0052785558
3.82946e-07,-0.0053008157
3.83046e-07,-0.0053194853
3.83146e-07,-0.0053288201
3.83246e-07,-0.005328102
3.83346e-07,-0.0053230756
3.83446e-07,-0.0053194853
3.83546e-07,-0.0053216395
3.83646e-07,-0.0053302562
3.83746e-07,-0.0053417452
3.83846e-07,-0.0053539522
3.83946e-07,-0.0053640051
3.84046e-07,-0.0053733398
3.84146e-07,-0.0053841108
3.84246e-07,-0.0053999081
3.84346e-07,-0.0054185777
3.84446e-07,-0.0054358111
3.84546e-07,-0.005445864
3.84646e-07,-0.005445864
3.84746e-07,-0.0054365292
3.84846e-07,-0.0054243222
3.84946e-07,-0.0054178596
3.85046e-07,-0.005422886
3.85146e-07,-0.0054394014
3.85246e-07,-0.0054623794
3.85346e-07,-0.0054824851
3.85446e-07,-0.0054918199
3.85546e-07,-0.0054875115
3.85646e-07,-0.0054753045
3.85746e-07,-0.0054623794
3.85846e-07,-0.0054573529
3.85946e-07,-0.0054638155
3.86046e-07,-0.0054796128
3.86146e-07,-0.0054954102
3.86246e-07,-0.0055033088
3.86346e-07,-0.0054997185
3.86446e-07,-0.0054860754
3.86546e-07,-0.00546956
3.86646e-07,-0.0054573529
3.86746e-07,-0.0054537626
3.86846e-07,-0.005458071
3.86946e-07,-0.0054645335
3.87046e-07,-0.0054688419
3.87146e-07,-0.0054681239
3.87246e-07,-0.0054645335
3.87346e-07,-0.0054630974
3.87446e-07,-0.0054688419
3.87546e-07,-0.0054824851
3.87646e-07,-0.0054997185
3.87746e-07,-0.0055126436
3.87846e-07,-0.0055147978
3.87946e-07,-0.0055040269
3.88046e-07,-0.0054839212
3.88146e-07,-0.0054623794
3.88246e-07,-0.005445864
3.88346e-07,-0.0054386834
3.88446e-07,-0.0054379653
3.88546e-07,-0.0054386834
3.88646e-07,-0.005434375
3.88746e-07,-0.005422886
3.88846e-07,-0.0054078068
3.88946e-07,-0.0053948817
3.89046e-07,-0.0053884191
3.89146e-07,-0.0053898552
3.89246e-07,-0.0053955997
3.89346e-07,-0.0053970358
3.89446e-07,-0.0053884191
3.89546e-07,-0.0053697495
3.89646e-07,-0.0053453355
3.89746e-07,-0.0053259478
3.89846e-07,-0.0053194853
3.89946e-07,-0.005328102
3.90046e-07,-0.0053467716
3.90146e-07,-0.0053668773
3.90246e-07,-0.0053769301
3.90346e-07,-0.0053733398
3.90446e-07,-0.0053589786
3.90546e-07,-0.0053417452
3.90646e-07,-0.0053309743
3.90746e-07,-0.0053316923
3.90846e-07,-0.0053431813
3.90946e-07,-0.0053568244
3.91046e-07,-0.0053654412
3.91146e-07,-0.005363287
3.91246e-07,-0.005351798
3.91346e-07,-0.0053381549
3.91446e-07,-0.0053309743
3.91546e-07,-0.0053352826
3.91646e-07,-0.00535108
3.91746e-07,-0.0053719037
3.91846e-07,-0.0053884191
3.91946e-07,-0.0053955997
3.92046e-07,-0.0053920094
3.92146e-07,-0.0053841108
3.92246e-07,-0.0053769301
3.92346e-07,-0.0053769301
3.92446e-07,-0.0053855469
3.92546e-07,-0.00539919
3.92646e-07,-0.0054113971
3.92746e-07,-0.0054185777
3.92846e-07,-0.0054185777
3.92946e-07,-0.0054149874
3.93046e-07,-0.0054113971
3.93146e-07,-0.0054099609
3.93246e-07,-0.0054113971
3.93346e-07,-0.0054128332
3.93446e-07,-0.0054113971
3.93546e-07,-0.0054078068
3.93646e-07,-0.0054042165
3.93746e-07,-0.0054042165
3.93846e-07,-0.0054113971
3.93946e-07,-0.0054243222
3.94046e-07,-0.0054386834
3.94146e-07,-0.0054473001
3.94246e-07,-0.005445864
3.94346e-07,-0.0054336569
3.94446e-07,-0.0054164235
3.94546e-07,-0.0054027803
3.94646e-07,-0.0053999081
3.94746e-07,-0.0054099609
3.94846e-07,-0.0054286305
3.94946e-07,-0.0054473001
3.95046e-07,-0.0054573529
3.95146e-07,-0.0054551988
3.95246e-07,-0.0054429917
3.95346e-07,-0.0054293486
3.95446e-07,-0.005422886
3.95546e-07,-0.0054300666
3.95646e-07,-0.0054487362
3.95746e-07,-0.0054724322
3.95846e-07,-0.0054918199
3.95946e-07,-0.0054990005
3.96046e-07,-0.0054918199
3.96146e-07,-0.0054760225
3.96246e-07,-0.0054573529
3.96346e-07,-0.0054437098
3.96446e-07,-0.0054386834
3.96546e-07,-0.0054408375
3.96646e-07,-0.005445864
3.96746e-07,-0.0054494543
3.96846e-07,-0.0054501723
3.96946e-07,-0.0054480182
3.97046e-07,-0.005445864
3.97146e-07,-0.0054451459
3.97246e-07,-0.005446582
3.97346e-07,-0.0054473001
3.97446e-07,-0.005445864
3.97546e-07,-0.0054408375
3.97646e-07,-0.005434375
3.97746e-07,-0.0054279125
3.97846e-07,-0.005422886
3.97946e-07,-0.0054200138
3.98046e-07,-0.0054157054
3.98146e-07,-0.0054056526
3.98246e-07,-0.0053884191
3.98346e-07,-0.0053640051
3.98446e-07,-0.0053374368
3.98546e-07,-0.0053166131
3.98646e-07,-0.0053079963
3.98746e-07,-0.0053137408
3.98846e-07,-0.0053316923
3.98946e-07,-0.0053553883
3.99046e-07,-0.0053769301
3.99146e-07,-0.0053912914
3.99246e-07,-0.0053963178
3.99346e-07,-0.0053941636
3.99446e-07,-0.0053884191
3.99546e-07,-0.0053819566
3.99646e-07,-0.0053762121
3.99746e-07,-0.0053704676
3.99846e-07,-0.0053654412
3.99946e-07,-0.0053618509
4.00046e-07,-0.0053625689
4.00146e-07,-0.0053711857
4.00246e-07,-0.0053884191
4.00346e-07,-0.0054121151
4.00446e-07,-0.0054358111
4.00546e-07,-0.0054523265
4.00646e-07,-0.0054573529
4.00746e-07,-0.0054494543
4.00846e-07,-0.0054322208
4.00946e-07,-0.0054142693
4.01046e-07,-0.0053999081
4.01146e-07,-0.0053934455
4.01246e-07,-0.0053941636
4.01346e-07,-0.0053970358
4.01446e-07,-0.0053999081
4.01546e-07,-0.0054006261
4.01646e-07,-0.0054013442
4.01746e-07,-0.0054042165
4.01846e-07,-0.0054113971
4.01946e-07,-0.0054207318
4.02046e-07,-0.0054264763
4.02146e-07,-0.0054243222
4.02246e-07,-0.0054113971
4.02346e-07,-0.0053891372
4.02446e-07,-0.0053654412
4.02546e-07,-0.0053482077
4.02646e-07,-0.0053424632
4.02746e-07,-0.0053489258
4.02846e-07,-0.0053625689
4.02946e-07,-0.0053740579
4.03046e-07,-0.0053769301
4.03146e-07,-0.0053697495
4.03246e-07,-0.0053568244
4.03346e-07,-0.0053453355
4.03446e-07,-0.0053424632
4.03546e-07,-0.0053482077
4.03646e-07,-0.0053596967
4.03746e-07,-0.0053675954
4.03846e-07,-0.0053654412
4.03946e-07,-0.0053525161
4.04046e-07,-0.0053331284
4.04146e-07,-0.005315895
4.04246e-07,-0.0053079963
4.04346e-07,-0.0053130227
4.04446e-07,-0.0053259478
4.04546e-07,-0.0053381549
4.04646e-07,-0.0053424632
4.04746e-07,-0.0053345646
4.04846e-07,-0.0053187672
4.04946e-07,-0.0053029699
4.05046e-07,-0.0052965074
4.05146e-07,-0.0053022518
4.05246e-07,-0.0053180492
4.05346e-07,-0.0053345646
4.05446e-07,-0.0053424632
4.05546e-07,-0.0053360007
4.05646e-07,-0.0053166131
4.05746e-07,-0.005292917
4.05846e-07,-0.0052735294
4.05946e-07,-0.0052663488
4.06046e-07,-0.0052720933
4.06146e-07,-0.0052850184
4.06246e-07,-0.0052965074
4.06346e-07,-0.0052993796
4.06446e-07,-0.005292199
4.06546e-07,-0.0052778378
4.06646e-07,-0.0052620404
4.06746e-07,-0.0052512695
4.06846e-07,-0.0052476792
4.06946e-07,-0.0052491153
4.07046e-07,-0.0052505515
4.07146e-07,-0.0052483973
4.07246e-07,-0.0052412167
4.07346e-07,-0.005233318
4.07446e-07,-0.0052275735
4.07546e-07,-0.0052282916
4.07646e-07,-0.0052347541
4.07746e-07,-0.0052433709
4.07846e-07,-0.0052505515
4.07946e-07,-0.0052519876
4.08046e-07,-0.0052462431
4.08146e-07,-0.0052369083
4.08246e-07,-0.0052275735
4.08346e-07,-0.005221829
4.08446e-07,-0.0052203929
4.08546e-07,-0.0052232652
4.08646e-07,-0.0052275735
4.08746e-07,-0.005233318
4.08846e-07,-0.0052404986
4.08946e-07,-0.0052498334
4.09046e-07,-0.0052620404
4.09146e-07,-0.0052749655
4.09246e-07,-0.0052857364
4.09346e-07,-0.0052893267
4.09446e-07,-0.0052850184
4.09546e-07,-0.0052742475
4.09646e-07,-0.0052620404
4.09746e-07,-0.005257014
4.09846e-07,-0.0052620404
4.09946e-07,-0.0052785558
4.10046e-07,-0.0053000977
4.10146e-07,-0.0053202034
4.10246e-07,-0.0053309743
4.10346e-07,-0.0053295381
4.10446e-07,-0.0053194853
4.10546e-07,-0.0053058421
4.10646e-07,-0.0052965074
4.10746e-07,-0.0052950712
4.10846e-07,-0.0052993796
4.10946e-07,-0.0053058421
4.11046e-07,-0.0053079963
4.11146e-07,-0.005304406
4.11246e-07,-0.0052957893
4.11346e-07,-0.0052878906
4.11446e-07,-0.0052850184
4.11546e-07,-0.0052907629
4.11646e-07,-0.0053022518
4.11746e-07,-0.0053137408
4.11846e-07,-0.0053194853
4.11946e-07,-0.0053144589
4.12046e-07,-0.0052993796
4.12146e-07,-0.0052764017
4.12246e-07,-0.0052505515
4.12346e-07,-0.0052261374
4.12446e-07,-0.0052053136
4.12546e-07,-0.0051866441
4.12646e-07,-0.0051701287
4.12746e-07,-0.0051550494
4.12846e-07,-0.0051435604
4.12946e-07,-0.0051370979
4.13046e-07,-0.0051356618
4.13146e-07,-0.0051363798
4.13246e-07,-0.0051349437
4.13346e-07,-0.0051277631
4.13446e-07,-0.0051126838
4.13546e-07,-0.0050932962
4.13646e-07,-0.0050746266
4.13746e-07,-0.0050652918
4.13846e-07,-0.0050667279
4.13946e-07,-0.0050774989
4.14046e-07,-0.0050897059
4.14146e-07,-0.0050954504
4.14246e-07,-0.0050897059
4.14346e-07,-0.0050731905
4.14446e-07,-0.0050538028
4.14546e-07,-0.0050415958
4.14646e-07,-0.00504375
4.14746e-07,-0.0050609835
4.14846e-07,-0.0050868336
4.14946e-07,-0.0051112477
4.15046e-07,-0.0051241728
4.15146e-07,-0.0051227367
4.15246e-07,-0.0051105296
4.15346e-07,-0.0050968865
4.15446e-07,-0.0050897059
4.15546e-07,-0.0050940142
4.15646e-07,-0.0051083755
4.15746e-07,-0.0051248909
4.15846e-07,-0.0051356618
4.15946e-07,-0.0051378159
4.16046e-07,-0.0051320715
4.16146e-07,-0.0051256089
4.16246e-07,-0.0051241728
4.16346e-07,-0.0051313534
4.16446e-07,-0.0051449966
4.16546e-07,-0.0051600758
4.16646e-07,-0.0051701287
4.16746e-07,-0.0051730009
4.16846e-07,-0.0051708467
4.16946e-07,-0.0051686926
4.17046e-07,-0.0051701287
4.17146e-07,-0.0051765912
4.17246e-07,-0.0051837718
4.17346e-07,-0.0051866441
4.17446e-07,-0.0051816176
4.17546e-07,-0.0051694106
4.17646e-07,-0.0051564855
4.17746e-07,-0.0051514591
4.17846e-07,-0.0051586397
4.17946e-07,-0.0051780273
4.18046e-07,-0.0052024414
4.18146e-07,-0.005221829
4.18246e-07,-0.0052275735
4.18346e-07,-0.0052182387
4.18446e-07,-0.0052002872
4.18546e-07,-0.005185208
4.18646e-07,-0.0051816176
4.18746e-07,-0.0051938247
4.18846e-07,-0.0052175207
4.18946e-07,-0.0052440889
4.19046e-07,-0.0052620404
4.19146e-07,-0.0052677849
4.19246e-07,-0.0052627585
4.19346e-07,-0.0052548598
4.19446e-07,-0.0052505515
4.19546e-07,-0.0052541418
4.19646e-07,-0.0052634766
4.19746e-07,-0.0052713752
4.19846e-07,-0.0052735294
4.19946e-07,-0.0052677849
4.20046e-07,-0.0052591682
4.20146e-07,-0.0052555779
4.20246e-07,-0.0052620404
4.20346e-07,-0.0052792739
4.20446e-07,-0.0053008157
4.20546e-07,-0.0053173311
4.20646e-07,-0.0053194853
4.20746e-07,-0.0053065602
4.20846e-07,-0.0052835823
4.20946e-07,-0.0052620404
4.21046e-07,-0.0052505515
4.21146e-07,-0.0052527057
4.21246e-07,-0.0052641946
4.21346e-07,-0.0052742475
4.21446e-07,-0.0052735294
4.21546e-07,-0.0052591682
4.21646e-07,-0.0052354722
4.21746e-07,-0.0052139304
4.21846e-07,-0.0052045956
4.21946e-07,-0.0052110581
4.22046e-07,-0.0052297277
4.22146e-07,-0.0052505515
4.22246e-07,-0.0052620404
4.22346e-07,-0.0052598863
4.22446e-07,-0.0052476792
4.22546e-07,-0.005233318
4.22646e-07,-0.0052275735
4.22746e-07,-0.0052347541
4.22846e-07,-0.0052512695
4.22946e-07,-0.0052677849
4.23046e-07,-0.0052735294
4.23146e-07,-0.0052641946
4.23246e-07,-0.0052426528
4.23346e-07,-0.0052189568
4.23446e-07,-0.0052045956
4.23546e-07,-0.0052074678
4.23646e-07,-0.0052261374
4.23746e-07,-0.0052519876
4.23846e-07,-0.0052735294
4.23946e-07,-0.0052828642
4.24046e-07,-0.0052778378
4.24146e-07,-0.0052641946
4.24246e-07,-0.0052505515
4.24346e-07,-0.0052433709
4.24446e-07,-0.005245525
4.24546e-07,-0.0052534237
4.24646e-07,-0.0052620404
4.24746e-07,-0.0052677849
4.24846e-07,-0.0052713752
4.24946e-07,-0.0052756836
4.25046e-07,-0.0052850184
4.25146e-07,-0.0053008157
4.25246e-07,-0.0053202034
4.25346e-07,-0.0053360007
4.25446e-07,-0.0053424632
4.25546e-07,-0.0053381549
4.25646e-07,-0.0053266659
4.25746e-07,-0.0053144589
4.25846e-07,-0.0053079963
4.25946e-07,-0.0053087144
4.26046e-07,-0.0053137408
4.26146e-07,-0.0053151769
4.26246e-07,-0.0053079963
4.26346e-07,-0.0052900448
4.26446e-07,-0.0052670669
4.26546e-07,-0.0052476792
4.26646e-07,-0.0052390625
4.26746e-07,-0.0052440889
4.26846e-07,-0.0052584501
4.26946e-07,-0.0052713752
4.27046e-07,-0.0052735294
4.27146e-07,-0.0052613224
4.27246e-07,-0.0052369083
4.27346e-07,-0.0052110581
4.27446e-07,-0.0051931066
4.27546e-07,-0.0051887983
4.27646e-07,-0.005197415
4.27746e-07,-0.005209622
4.27846e-07,-0.0052160846
4.27946e-07,-0.005209622
4.28046e-07,-0.0051902344
4.28146e-07,-0.00516223
4.28246e-07,-0.0051356618
4.28346e-07,-0.0051162741
4.28446e-07,-0.0051062213
4.28546e-07,-0.005103349
4.28646e-07,-0.0051011949
4.28746e-07,-0.0050961684
4.28846e-07,-0.0050875517
4.28946e-07,-0.0050767808
4.29046e-07,-0.0050667279
4.29146e-07,-0.0050581112
4.29246e-07,-0.0050502125
4.29346e-07,-0.0050387236
4.29446e-07,-0.0050207721
4.29546e-07,-0.0049985122
4.29646e-07,-0.0049755342
4.29746e-07,-0.0049583008
4.29846e-07,-0.0049518382
4.29946e-07,-0.0049554285
4.30046e-07,-0.0049633272
4.30146e-07,-0.0049683536
4.30246e-07,-0.0049633272
4.30346e-07,-0.0049482479
4.30446e-07,-0.0049267061
4.30546e-07,-0.0049066004
4.30646e-07,-0.0048943934
4.30746e-07,-0.004890085
4.30846e-07,-0.004890085
4.30946e-07,-0.0048857767
4.31046e-07,-0.0048714154
4.31146e-07,-0.0048477194
4.31246e-07,-0.0048211512
4.31346e-07,-0.0048031997
4.31446e-07,-0.0048024816
4.31546e-07,-0.0048204331
4.31646e-07,-0.0048498736
4.31746e-07,-0.004878596
4.31846e-07,-0.0048943934
4.31946e-07,-0.0048908031
4.32046e-07,-0.0048706974
4.32146e-07,-0.0048441291
4.32246e-07,-0.0048254596
4.32346e-07,-0.0048233054
4.32446e-07,-0.0048383847
4.32546e-07,-0.004865671
4.32646e-07,-0.0048943934
4.32746e-07,-0.0049159352
4.32846e-07,-0.0049267061
4.32946e-07,-0.0049288603
4.33046e-07,-0.0049288603
4.33146e-07,-0.0049317325
4.33246e-07,-0.0049389131
4.33346e-07,-0.0049511202
4.33446e-07,-0.0049633272
4.33546e-07,-0.0049740981
4.33646e-07,-0.004984151
4.33746e-07,-0.0049949219
4.33846e-07,-0.0050092831
4.33946e-07,-0.0050257985
4.34046e-07,-0.0050423139
4.34146e-07,-0.0050530848
4.34246e-07,-0.005055239
4.34346e-07,-0.0050494945
4.34446e-07,-0.0050408778
4.34546e-07,-0.0050365694
4.34646e-07,-0.00504375
4.34746e-07,-0.0050624196
4.34846e-07,-0.0050875517
4.34946e-07,-0.0051105296
4.35046e-07,-0.0051241728
4.35146e-07,-0.0051241728
4.35246e-07,-0.0051134019
4.35346e-07,-0.0050997587
4.35446e-07,-0.0050897059
4.35546e-07,-0.0050882698
4.35646e-07,-0.0050947323
4.35746e-07,-0.0051047852
4.35846e-07,-0.0051126838
4.35946e-07,-0.0051155561
4.36046e-07,-0.0051162741
4.36146e-07,-0.0051177102
4.36246e-07,-0.0051241728
4.36346e-07,-0.0051370979
4.36446e-07,-0.0051521772
4.36546e-07,-0.0051643842
4.36646e-07,-0.0051701287
4.36746e-07,-0.0051701287
4.36846e-07,-0.0051694106
4.36946e-07,-0.0051751551
4.37046e-07,-0.0051931066
4.37146e-07,-0.005221829
4.37246e-07,-0.0052534237
4.37346e-07,-0.0052771197
4.37446e-07,-0.0052850184
4.37546e-07,-0.0052742475
4.37646e-07,-0.0052498334
4.37746e-07,-0.0052225471
4.37846e-07,-0.0052045956
4.37946e-07,-0.0052010053
4.38046e-07,-0.0052103401
4.38146e-07,-0.0052261374
4.38246e-07,-0.0052390625
4.38346e-07,-0.0052426528
4.38446e-07,-0.0052369083
4.38546e-07,-0.0052261374
4.38646e-07,-0.0052160846
4.38746e-07,-0.0052103401
4.38846e-07,-0.005208904
4.38946e-07,-0.0052081859
4.39046e-07,-0.0052045956
4.39146e-07,-0.0051966969
4.39246e-07,-0.0051880802
4.39346e-07,-0.0051816176
4.39446e-07,-0.0051816176
4.39546e-07,-0.005185926
4.39646e-07,-0.0051895163
4.39746e-07,-0.005185208
4.39846e-07,-0.0051701287
4.39946e-07,-0.0051457146
4.40046e-07,-0.0051198644
4.40146e-07,-0.005102631
4.40246e-07,-0.0051011949
4.40346e-07,-0.005114838
4.40446e-07,-0.0051356618
4.40546e-07,-0.005150023
4.40646e-07,-0.0051471507
4.40746e-07,-0.0051234547
4.40846e-07,-0.0050846795
4.40946e-07,-0.0050423139
4.41046e-07,-0.0050092831
4.41146e-07,-0.0049927677
4.41246e-07,-0.0049906135
4.41346e-07,-0.0049956399
4.41446e-07,-0.0049977941
4.41546e-07,-0.0049913316
4.41646e-07,-0.0049769704
4.41746e-07,-0.004961173
4.41846e-07,-0.0049518382
4.41946e-07,-0.0049539924
4.42046e-07,-0.0049669175
4.42146e-07,-0.004984151
4.42246e-07,-0.0049977941
4.42346e-07,-0.0050035386
4.42446e-07,-0.0050021025
4.42546e-07,-0.0049985122
4.42646e-07,-0.0049977941
4.42746e-07,-0.0050035386
4.42846e-07,-0.0050128734
4.42946e-07,-0.005020054
4.43046e-07,-0.0050207721
4.43146e-07,-0.0050150276
4.43246e-07,-0.0050071289
4.43346e-07,-0.0050071289
4.43446e-07,-0.0050207721
4.43546e-07,-0.0050509306
4.43646e-07,-0.005091142
4.43746e-07,-0.0051306353
4.43846e-07,-0.0051586397
4.43946e-07,-0.0051708467
4.44046e-07,-0.0051686926
4.44146e-07,-0.0051615119
4.44246e-07,-0.0051586397
4.44346e-07,-0.0051672564
4.44446e-07,-0.005185926
4.44546e-07,-0.005208904
4.44646e-07,-0.0052275735
4.44746e-07,-0.0052361903
4.44846e-07,-0.0052354722
4.44946e-07,-0.0052304458
4.45046e-07,-0.0052275735
4.45146e-07,-0.0052311638
4.45246e-07,-0.0052404986
4.45346e-07,-0.0052491153
4.45446e-07,-0.0052505515
4.45546e-07,-0.0052404986
4.45646e-07,-0.0052203929
4.45746e-07,-0.0051952608
4.45846e-07,-0.0051701287
4.45946e-07,-0.005150023
4.46046e-07,-0.0051335076
4.46146e-07,-0.0051184283
4.46246e-07,-0.0051011949
4.46346e-07,-0.0050803711
4.46446e-07,-0.0050588293
4.46546e-07,-0.0050415958
4.46646e-07,-0.005032261
4.46746e-07,-0.0050308249
4.46846e-07,-0.0050329791
4.46946e-07,-0.005031543
4.47046e-07,-0.0050207721
4.47146e-07,-0.0049999483
4.47246e-07,-0.0049748162
4.47346e-07,-0.0049525563
4.47446e-07,-0.0049403493
4.47546e-07,-0.0049396312
4.47646e-07,-0.0049460937
4.47746e-07,-0.0049525563
4.47846e-07,-0.0049518382
4.47946e-07,-0.0049417854
4.48046e-07,-0.0049259881
4.48146e-07,-0.0049123449
4.48246e-07,-0.0049058824
4.48346e-07,-0.0049087546
4.48446e-07,-0.0049159352
4.48546e-07,-0.0049202436
4.48646e-07,-0.0049173713
4.48746e-07,-0.0049066004
4.48846e-07,-0.0048936753
4.48946e-07,-0.0048879308
4.49046e-07,-0.0048943934
4.49146e-07,-0.004913063
4.49246e-07,-0.0049346048
4.49346e-07,-0.0049475299
4.49446e-07,-0.0049403493
4.49546e-07,-0.0049116268
4.49646e-07,-0.0048671071
4.49746e-07,-0.0048225873
4.49846e-07,-0.0047909926
4.49946e-07,-0.0047809398
4.50046e-07,-0.0047917107
4.50146e-07,-0.0048139706
4.50246e-07,-0.0048369485
4.50346e-07,-0.0048513097
4.50446e-07,-0.0048549
4.50546e-07,-0.0048513097
4.50646e-07,-0.0048484375
4.50746e-07,-0.0048498736
4.50846e-07,-0.0048549
4.50946e-07,-0.0048599265
4.51046e-07,-0.0048599265
4.51146e-07,-0.004854182
4.51246e-07,-0.0048462833
4.51346e-07,-0.004841975
4.51446e-07,-0.0048484375
4.51546e-07,-0.0048671071
4.51646e-07,-0.0048936753
4.51746e-07,-0.0049202436
4.51846e-07,-0.0049403493
4.51946e-07,-0.0049511202
4.52046e-07,-0.0049554285
4.52146e-07,-0.0049618911
4.52246e-07,-0.0049748162
4.52346e-07,-0.0049970761
4.52446e-07,-0.0050229262
4.52546e-07,-0.0050444681
4.52646e-07,-0.005055239
4.52746e-07,-0.0050530848
4.52846e-07,-0.0050444681
4.52946e-07,-0.0050380055
4.53046e-07,-0.00504375
4.53146e-07,-0.0050638557
4.53246e-07,-0.0050925781
4.53346e-07,-0.0051198644
4.53446e-07,-0.0051356618
4.53546e-07,-0.0051349437
4.53646e-07,-0.0051220186
4.53746e-07,-0.0051076574
4.53846e-07,-0.0051011949
4.53946e-07,-0.0051098116
4.54046e-07,-0.0051320715
4.54146e-07,-0.0051593578
4.54246e-07,-0.0051816176
4.54346e-07,-0.0051916705
4.54446e-07,-0.0051887983
4.54546e-07,-0.0051787454
4.54646e-07,-0.0051701287
4.54746e-07,-0.0051679745
4.54846e-07,-0.0051715648
4.54946e-07,-0.0051780273
4.55046e-07,-0.0051816176
4.55146e-07,-0.0051794635
4.55246e-07,-0.0051730009
4.55346e-07,-0.0051686926
4.55446e-07,-0.0051701287
4.55546e-07,-0.0051794635
4.55646e-07,-0.0051923886
4.55746e-07,-0.0052024414
4.55846e-07,-0.0052045956
4.55946e-07,-0.0051966969
4.56046e-07,-0.0051837718
4.56146e-07,-0.0051722829
4.56246e-07,-0.0051701287
4.56346e-07,-0.0051780273
4.56446e-07,-0.0051916705
4.56546e-07,-0.0052031595
4.56646e-07,-0.0052045956
4.56746e-07,-0.0051945427
4.56846e-07,-0.0051765912
4.56946e-07,-0.0051579216
4.57046e-07,-0.0051471507
4.57146e-07,-0.0051457146
4.57246e-07,-0.005150023
4.57346e-07,-0.0051528952
4.57446e-07,-0.0051471507
4.57546e-07,-0.0051320715
4.57646e-07,-0.0051105296
4.57746e-07,-0.005091142
4.57846e-07,-0.0050782169
4.57946e-07,-0.0050731905
4.58046e-07,-0.0050724724
4.58146e-07,-0.005067446
4.58246e-07,-0.005055239
4.58346e-07,-0.0050365694
4.58446e-07,-0.005020054
4.58546e-07,-0.0050128734
4.58646e-07,-0.0050207721
4.58746e-07,-0.0050408778
4.58846e-07,-0.0050609835
4.58946e-07,-0.0050696002
4.59046e-07,-0.005055239
4.59146e-07,-0.005020054
4.59246e-07,-0.0049748162
4.59346e-07,-0.0049360409
4.59446e-07,-0.0049173713
4.59546e-07,-0.0049223977
4.59646e-07,-0.0049439396
4.59746e-07,-0.0049669175
4.59846e-07,-0.0049748162
4.59946e-07,-0.0049618911
4.60046e-07,-0.0049310145
4.60146e-07,-0.0048965476
4.60246e-07,-0.0048714154
4.60346e-07,-0.0048642348
4.60446e-07,-0.0048728516
4.60546e-07,-0.0048872128
4.60646e-07,-0.0048943934
4.60746e-07,-0.0048864947
4.60846e-07,-0.0048649529
4.60946e-07,-0.0048376666
4.61046e-07,-0.0048139706
4.61146e-07,-0.0048010455
4.61246e-07,-0.0047981733
4.61346e-07,-0.0047974552
4.61446e-07,-0.0047909926
4.61546e-07,-0.0047759134
4.61646e-07,-0.0047550896
4.61746e-07,-0.0047378562
4.61846e-07,-0.0047335478
4.61946e-07,-0.0047450368
4.62046e-07,-0.0047672966
4.62146e-07,-0.0047902746
4.62246e-07,-0.0048024816
4.62346e-07,-0.0047981733
4.62446e-07,-0.0047802217
4.62546e-07,-0.0047586799
4.62646e-07,-0.0047450368
4.62746e-07,-0.0047457548
4.62846e-07,-0.0047608341
4.62946e-07,-0.0047823759
4.63046e-07,-0.0048024816
