LECROYHDO6104B,11090,Waveform
Segments,1,SegmentSize,5002
Segment,TrigTime,TimeSinceSegment1
#1,04-May-2026 18:21:55,0                 
Time,Ampl
-3.708582e-08,-0.0060978631
-3.698582e-08,-0.0060756032
-3.688582e-08,-0.0060662684
-3.678582e-08,-0.0060720129
-3.668582e-08,-0.0060863741
-3.658582e-08,-0.0060992992
-3.648582e-08,-0.0061007353
-3.638582e-08,-0.0060878102
-3.628582e-08,-0.0060648323
-3.618582e-08,-0.0060432904
-3.608582e-08,-0.0060318015
-3.598582e-08,-0.0060353918
-3.588582e-08,-0.006050471
-3.578582e-08,-0.0060684226
-3.568582e-08,-0.0060777574
-3.558582e-08,-0.0060748851
-3.548582e-08,-0.0060626781
-3.538582e-08,-0.0060490349
-3.528582e-08,-0.0060432904
-3.518582e-08,-0.006050471
-3.508582e-08,-0.0060677045
-3.498582e-08,-0.0060878102
-3.488582e-08,-0.0061007353
-3.478582e-08,-0.0061014534
-3.468582e-08,-0.0060914005
-3.458582e-08,-0.0060770393
-3.448582e-08,-0.0060662684
-3.438582e-08,-0.0060633961
-3.428582e-08,-0.0060677045
-3.418582e-08,-0.006074167
-3.408582e-08,-0.0060777574
-3.398582e-08,-0.0060763212
-3.388582e-08,-0.0060720129
-3.378582e-08,-0.0060712948
-3.368582e-08,-0.0060777574
-3.358582e-08,-0.0060914005
-3.348582e-08,-0.0061064798
-3.338582e-08,-0.0061158146
-3.328582e-08,-0.0061122243
-3.318582e-08,-0.006097145
-3.308582e-08,-0.0060777574
-3.298582e-08,-0.0060648323
-3.288582e-08,-0.0060662684
-3.278582e-08,-0.0060842199
-3.268582e-08,-0.0061115062
-3.258582e-08,-0.0061359203
-3.248582e-08,-0.0061466912
-3.238582e-08,-0.0061402286
-3.228582e-08,-0.0061215591
-3.218582e-08,-0.0061007353
-3.208582e-08,-0.0060892463
-3.198582e-08,-0.0060921186
-3.188582e-08,-0.0061050437
-3.178582e-08,-0.0061186868
-3.168582e-08,-0.0061237132
-3.158582e-08,-0.0061158146
-3.148582e-08,-0.0060985811
-3.138582e-08,-0.0060820657
-3.128582e-08,-0.0060777574
-3.118582e-08,-0.0060899644
-3.108582e-08,-0.0061150965
-3.098582e-08,-0.0061416648
-3.088582e-08,-0.0061581801
-3.078582e-08,-0.006156026
-3.068582e-08,-0.0061373564
-3.058582e-08,-0.0061107881
-3.048582e-08,-0.0060892463
-3.038582e-08,-0.0060820657
-3.028582e-08,-0.0060921186
-3.018582e-08,-0.0061122243
-3.008582e-08,-0.0061352022
-2.998582e-08,-0.0061517176
-2.988582e-08,-0.0061588982
-2.978582e-08,-0.0061588982
-2.968582e-08,-0.0061581801
-2.958582e-08,-0.0061603343
-2.948582e-08,-0.0061675149
-2.938582e-08,-0.0061754136
-2.928582e-08,-0.0061811581
-2.918582e-08,-0.0061825942
-2.908582e-08,-0.0061818761
-2.898582e-08,-0.0061833123
-2.888582e-08,-0.0061926471
-2.878582e-08,-0.0062098805
-2.868582e-08,-0.0062321404
-2.858582e-08,-0.006251528
-2.848582e-08,-0.0062615809
-2.838582e-08,-0.0062594267
-2.828582e-08,-0.0062479377
-2.818582e-08,-0.0062342946
-2.808582e-08,-0.006227114
-2.798582e-08,-0.0062299862
-2.788582e-08,-0.0062407571
-2.778582e-08,-0.0062529642
-2.768582e-08,-0.0062615809
-2.758582e-08,-0.0062622989
-2.748582e-08,-0.0062587086
-2.738582e-08,-0.0062565545
-2.728582e-08,-0.0062615809
-2.718582e-08,-0.0062766602
-2.708582e-08,-0.0062967659
-2.698582e-08,-0.0063139993
-2.688582e-08,-0.0063190257
-2.678582e-08,-0.0063082548
-2.668582e-08,-0.0062845588
-2.658582e-08,-0.0062579906
-2.648582e-08,-0.0062386029
-2.638582e-08,-0.0062350126
-2.628582e-08,-0.0062479377
-2.618582e-08,-0.0062716337
-2.608582e-08,-0.0062960478
-2.598582e-08,-0.0063125632
-2.588582e-08,-0.0063161535
-2.578582e-08,-0.0063089729
-2.568582e-08,-0.0062960478
-2.558582e-08,-0.0062816866
-2.548582e-08,-0.0062694795
-2.538582e-08,-0.0062594267
-2.528582e-08,-0.0062500919
-2.518582e-08,-0.0062407571
-2.508582e-08,-0.0062321404
-2.498582e-08,-0.0062263959
-2.488582e-08,-0.006227114
-2.478582e-08,-0.0062328585
-2.468582e-08,-0.0062400391
-2.458582e-08,-0.0062429113
-2.448582e-08,-0.0062386029
-2.438582e-08,-0.0062249598
-2.428582e-08,-0.0062070083
-2.418582e-08,-0.0061897748
-2.408582e-08,-0.0061811581
-2.398582e-08,-0.0061818761
-2.388582e-08,-0.0061897748
-2.378582e-08,-0.0061955193
-2.368582e-08,-0.0061926471
-2.358582e-08,-0.0061754136
-2.348582e-08,-0.0061459731
-2.338582e-08,-0.0061107881
-2.328582e-08,-0.0060777574
-2.318582e-08,-0.0060554975
-2.308582e-08,-0.0060483169
-2.298582e-08,-0.0060533433
-2.288582e-08,-0.0060662684
-2.278582e-08,-0.0060813477
-2.268582e-08,-0.0060957089
-2.258582e-08,-0.0061057617
-2.248582e-08,-0.0061122243
-2.238582e-08,-0.0061143784
-2.228582e-08,-0.0061122243
-2.218582e-08,-0.0061036075
-2.208582e-08,-0.0060892463
-2.198582e-08,-0.0060705767
-2.188582e-08,-0.0060519072
-2.178582e-08,-0.006038264
-2.168582e-08,-0.0060318015
-2.158582e-08,-0.0060325195
-2.148582e-08,-0.0060361098
-2.138582e-08,-0.0060368279
-2.128582e-08,-0.0060318015
-2.118582e-08,-0.0060210306
-2.108582e-08,-0.0060088235
-2.098582e-08,-0.006003079
-2.088582e-08,-0.0060088235
-2.078582e-08,-0.006026775
-2.068582e-08,-0.0060519072
-2.058582e-08,-0.0060756032
-2.048582e-08,-0.0060892463
-2.038582e-08,-0.0060885283
-2.028582e-08,-0.0060748851
-2.018582e-08,-0.0060569336
-2.008582e-08,-0.0060432904
-1.998582e-08,-0.0060425724
-1.988582e-08,-0.0060562155
-1.978582e-08,-0.0060820657
-1.968582e-08,-0.0061122243
-1.958582e-08,-0.0061409467
-1.948582e-08,-0.0061632066
-1.938582e-08,-0.006179722
-1.928582e-08,-0.0061926471
-1.918582e-08,-0.0062048541
-1.908582e-08,-0.0062177792
-1.898582e-08,-0.0062299862
-1.888582e-08,-0.0062386029
-1.878582e-08,-0.0062421932
-1.868582e-08,-0.006239321
-1.858582e-08,-0.0062335765
-1.848582e-08,-0.006227114
-1.838582e-08,-0.0062235237
-1.828582e-08,-0.0062249598
-1.818582e-08,-0.0062307043
-1.808582e-08,-0.0062386029
-1.798582e-08,-0.0062479377
-1.788582e-08,-0.0062587086
-1.778582e-08,-0.0062709157
-1.768582e-08,-0.0062845588
-1.758582e-08,-0.00629892
-1.748582e-08,-0.0063132813
-1.738582e-08,-0.0063240522
-1.728582e-08,-0.0063305147
-1.718582e-08,-0.0063319508
-1.708582e-08,-0.0063305147
-1.698582e-08,-0.0063297966
-1.688582e-08,-0.0063305147
-1.678582e-08,-0.0063348231
-1.668582e-08,-0.0063412856
-1.658582e-08,-0.0063477482
-1.648582e-08,-0.0063534926
-1.638582e-08,-0.006357801
-1.628582e-08,-0.0063628274
-1.618582e-08,-0.00636929
-1.608582e-08,-0.0063764706
-1.598582e-08,-0.0063822151
-1.588582e-08,-0.0063829331
-1.578582e-08,-0.0063735983
-1.568582e-08,-0.0063534926
-1.558582e-08,-0.0063262063
-1.548582e-08,-0.0062974839
-1.538582e-08,-0.006274506
-1.528582e-08,-0.0062615809
-1.518582e-08,-0.0062579906
-1.508582e-08,-0.0062594267
-1.498582e-08,-0.0062587086
-1.488582e-08,-0.0062500919
-1.478582e-08,-0.0062328585
-1.468582e-08,-0.0062113166
-1.458582e-08,-0.006191929
-1.448582e-08,-0.0061811581
-1.438582e-08,-0.0061811581
-1.428582e-08,-0.0061876206
-1.418582e-08,-0.0061940832
-1.408582e-08,-0.0061926471
-1.398582e-08,-0.00618044
-1.388582e-08,-0.0061588982
-1.378582e-08,-0.0061373564
-1.368582e-08,-0.0061237132
-1.358582e-08,-0.0061237132
-1.348582e-08,-0.0061380744
-1.338582e-08,-0.0061603343
-1.328582e-08,-0.0061811581
-1.318582e-08,-0.006191929
-1.308582e-08,-0.0061897748
-1.298582e-08,-0.0061761317
-1.288582e-08,-0.0061581801
-1.278582e-08,-0.006144537
-1.268582e-08,-0.0061423828
-1.258582e-08,-0.0061517176
-1.248582e-08,-0.0061696691
-1.238582e-08,-0.0061904929
-1.228582e-08,-0.0062077263
-1.218582e-08,-0.0062163431
-1.208582e-08,-0.006215625
-1.198582e-08,-0.0062070083
-1.188582e-08,-0.0061948012
-1.178582e-08,-0.0061847484
-1.168582e-08,-0.0061811581
-1.158582e-08,-0.0061876206
-1.148582e-08,-0.0062048541
-1.138582e-08,-0.0062314223
-1.128582e-08,-0.0062615809
-1.118582e-08,-0.0062895852
-1.108582e-08,-0.0063082548
-1.098582e-08,-0.0063139993
-1.088582e-08,-0.0063075368
-1.078582e-08,-0.0062931756
-1.068582e-08,-0.0062780963
-1.058582e-08,-0.0062701976
-1.048582e-08,-0.0062730699
-1.038582e-08,-0.0062852769
-1.028582e-08,-0.0063025103
-1.018582e-08,-0.0063154354
-1.008582e-08,-0.0063190257
-9.985822e-09,-0.0063111271
-9.885822e-09,-0.0062946117
-9.785822e-09,-0.006275224
-9.685822e-09,-0.0062615809
-9.585822e-09,-0.0062565545
-9.485822e-09,-0.0062615809
-9.385822e-09,-0.0062723518
-9.285822e-09,-0.0062845588
-9.185822e-09,-0.0062931756
-9.085822e-09,-0.0062974839
-8.985822e-09,-0.0062974839
-8.885822e-09,-0.0062960478
-8.785822e-09,-0.0062938936
-8.685822e-09,-0.0062924575
-8.585822e-09,-0.0062895852
-8.485822e-09,-0.0062845588
-8.385822e-09,-0.0062773782
-8.285822e-09,-0.0062701976
-8.185822e-09,-0.0062644531
-8.085822e-09,-0.0062615809
-7.985822e-09,-0.0062601448
-7.885822e-09,-0.0062579906
-7.785822e-09,-0.006251528
-7.685822e-09,-0.0062386029
-7.585822e-09,-0.0062206514
-7.485822e-09,-0.0062005457
-7.385822e-09,-0.0061825942
-7.285822e-09,-0.0061696691
-7.185822e-09,-0.0061610524
-7.085822e-09,-0.0061517176
-6.985822e-09,-0.0061373564
-6.885822e-09,-0.0061122243
-6.785822e-09,-0.0060756032
-6.685822e-09,-0.0060296473
-6.585822e-09,-0.005979383
-6.485822e-09,-0.0059284007
-6.385822e-09,-0.0058781365
-6.285822e-09,-0.0058264361
-6.185822e-09,-0.0057675551
-6.085822e-09,-0.0056986213
-5.985822e-09,-0.0056174805
-5.885822e-09,-0.0055262868
-5.785822e-09,-0.0054293486
-5.685822e-09,-0.0053309743
-5.585822e-09,-0.0052326
-5.485822e-09,-0.0051327895
-5.385822e-09,-0.0050286707
-5.285822e-09,-0.0049173713
-5.185822e-09,-0.0047981733
-5.085822e-09,-0.0046739488
-4.985822e-09,-0.0045482881
-4.885822e-09,-0.0044233456
-4.785822e-09,-0.0042991211
-4.685822e-09,-0.0041727424
-4.585822e-09,-0.0040384651
-4.485822e-09,-0.0038948529
-4.385822e-09,-0.003741906
-4.285822e-09,-0.0035853688
-4.185822e-09,-0.0034317038
-4.085822e-09,-0.0032859375
-3.985822e-09,-0.0031487879
-3.885822e-09,-0.0030166648
-3.785822e-09,-0.0028838235
-3.685822e-09,-0.0027459559
-3.585822e-09,-0.0026016257
-3.485822e-09,-0.0024551413
-3.385822e-09,-0.0023100931
-3.285822e-09,-0.0021715074
-3.185822e-09,-0.0020401023
-3.085822e-09,-0.0019137236
-2.985822e-09,-0.0017859088
-2.885822e-09,-0.0016545037
-2.785822e-09,-0.0015173541
-2.685822e-09,-0.0013766142
-2.585822e-09,-0.0012351563
-2.485822e-09,-0.0010915441
-2.385822e-09,-0.00094290556
-2.285822e-09,-0.00078277803
-2.185822e-09,-0.00060613511
-2.085822e-09,-0.00041369485
-1.985822e-09,-0.00021048369
-1.885822e-09,-7.990579e-06
-1.785822e-09,0.0001858858
-1.685822e-09,0.00036755515
-1.585822e-09,0.00054204389
-1.485822e-09,0.00072227711
-1.385822e-09,0.00092189798
-1.285822e-09,0.0011488051
-1.185822e-09,0.0014015625
-1.085822e-09,0.0016686811
-9.858218e-10,0.0019365177
-8.858218e-10,0.0021943015
-7.858218e-10,0.0024405963
-6.858218e-10,0.0026825827
-5.858218e-10,0.002934622
-4.858218e-10,0.0032053309
-3.858218e-10,0.0034968635
-2.858218e-10,0.0038006032
-1.858218e-10,0.0041021886
-8.582184e-11,0.0043886949
1.417816e-11,0.0046550954
1.141782e-10,0.0049071347
2.141782e-10,0.0051555836
3.141782e-10,0.0054112132
4.141782e-10,0.0056783318
5.141782e-10,0.0059511949
6.141782e-10,0.0062183134
7.141782e-10,0.0064681985
8.141782e-10,0.0066965418
9.141782e-10,0.0069083697
1.014178e-09,0.0071122989
1.114178e-09,0.0073183824
1.214178e-09,0.0075294922
1.314178e-09,0.007739884
1.414178e-09,0.0079373506
1.514178e-09,0.0081111213
1.614178e-09,0.0082568876
1.714178e-09,0.0083818302
1.814178e-09,0.008497438
1.914178e-09,0.008616636
2.014178e-09,0.008746605
2.114178e-09,0.0088830365
2.214178e-09,0.0090158778
2.314178e-09,0.0091336397
2.414178e-09,0.0092291418
2.514178e-09,0.0093052562
2.614178e-09,0.0093691636
2.714178e-09,0.0094323529
2.814178e-09,0.0094984145
2.914178e-09,0.0095659122
3.014178e-09,0.0096269474
3.114178e-09,0.0096736213
3.214178e-09,0.0097037799
3.314178e-09,0.0097210133
3.414178e-09,0.0097353745
3.514178e-09,0.0097540441
3.614178e-09,0.0097798943
3.714178e-09,0.0098078987
3.814178e-09,0.0098287224
3.914178e-09,0.0098344669
4.014178e-09,0.0098244141
4.114178e-09,0.0098057445
4.214178e-09,0.0097906652
4.314178e-09,0.009788511
4.414178e-09,0.0098007181
4.514178e-09,0.0098208238
4.614178e-09,0.009835185
4.714178e-09,0.0098344669
4.814178e-09,0.0098157973
4.914178e-09,0.009787793
5.014178e-09,0.0097633789
5.114178e-09,0.0097540441
5.214178e-09,0.009764097
5.314178e-09,0.0097863568
5.414178e-09,0.0098064625
5.514178e-09,0.009811489
5.614178e-09,0.0097971278
5.714178e-09,0.0097676873
5.814178e-09,0.0097375287
5.914178e-09,0.0097195772
6.014178e-09,0.0097188591
6.114178e-09,0.0097317842
6.214178e-09,0.0097475816
6.314178e-09,0.0097540441
6.414178e-09,0.0097475816
6.514178e-09,0.0097339384
6.614178e-09,0.0097246036
6.714178e-09,0.0097310662
6.814178e-09,0.0097561983
6.914178e-09,0.0097935375
7.014178e-09,0.0098280044
7.114178e-09,0.0098459559
7.214178e-09,0.0098409295
7.314178e-09,0.0098179515
7.414178e-09,0.0097921013
7.514178e-09,0.0097770221
7.614178e-09,0.0097813304
7.714178e-09,0.0098014361
7.814178e-09,0.0098272863
7.914178e-09,0.0098459559
8.014178e-09,0.0098502642
8.114178e-09,0.0098423656
8.214178e-09,0.0098330308
8.314178e-09,0.0098344669
8.414178e-09,0.0098517004
8.514178e-09,0.009882577
8.614178e-09,0.0099148897
8.714178e-09,0.0099378676
8.814178e-09,0.0099443302
8.914178e-09,0.0099378676
9.014178e-09,0.0099278148
9.114178e-09,0.0099263787
9.214178e-09,0.0099393038
9.314178e-09,0.0099637178
9.414178e-09,0.0099902861
9.514178e-09,0.010006801
9.614178e-09,0.010008956
9.714178e-09,0.0099989028
9.814178e-09,0.0099866958
9.914178e-09,0.0099838235
1.001418e-08,0.0099953125
1.011418e-08,0.010019009
1.021418e-08,0.010045577
1.031418e-08,0.010064246
1.041418e-08,0.010069273
1.051418e-08,0.010063528
1.061418e-08,0.01005563
1.071418e-08,0.010052757
1.081418e-08,0.010059938
1.091418e-08,0.010073581
1.101418e-08,0.01008507
1.111418e-08,0.010087224
1.121418e-08,0.010077171
1.131418e-08,0.010061374
1.141418e-08,0.010049885
1.151418e-08,0.010052757
1.161418e-08,0.010071427
1.171418e-08,0.010098713
1.181418e-08,0.010123127
1.191418e-08,0.01013318
1.201418e-08,0.010124563
1.211418e-08,0.01010374
1.221418e-08,0.010082916
1.231418e-08,0.010075735
1.241418e-08,0.010086506
1.251418e-08,0.010109484
1.261418e-08,0.01013318
1.271418e-08,0.010144669
1.281418e-08,0.010137489
1.291418e-08,0.010115229
1.301418e-08,0.010090815
1.311418e-08,0.010075735
1.321418e-08,0.010078608
1.331418e-08,0.010095841
1.341418e-08,0.010118101
1.351418e-08,0.01013318
1.361418e-08,0.010132462
1.371418e-08,0.010116665
1.381418e-08,0.010094405
1.391418e-08,0.010075735
1.401418e-08,0.010067119
1.411418e-08,0.010069273
1.421418e-08,0.010074299
1.431418e-08,0.010075735
1.441418e-08,0.010069273
1.451418e-08,0.010056348
1.461418e-08,0.010044859
1.471418e-08,0.010041268
1.481418e-08,0.010047731
1.491418e-08,0.010058502
1.501418e-08,0.010067119
1.511418e-08,0.010064246
1.521418e-08,0.010049167
1.531418e-08,0.010028343
1.541418e-08,0.01001111
1.551418e-08,0.010006801
1.561418e-08,0.010017572
1.571418e-08,0.010036242
1.581418e-08,0.010051321
1.591418e-08,0.010052757
1.601418e-08,0.010037678
1.611418e-08,0.010012546
1.621418e-08,0.0099902861
1.631418e-08,0.0099838235
1.641418e-08,0.0099967486
1.651418e-08,0.010023317
1.661418e-08,0.010050603
1.671418e-08,0.010064246
1.681418e-08,0.010056348
1.691418e-08,0.010030497
1.701418e-08,0.0099981847
1.711418e-08,0.0099723346
1.721418e-08,0.0099615636
1.731418e-08,0.009965872
1.741418e-08,0.0099766429
1.751418e-08,0.0099838235
1.761418e-08,0.0099795152
1.771418e-08,0.009965154
1.781418e-08,0.0099486386
1.791418e-08,0.0099378676
1.801418e-08,0.0099393038
1.811418e-08,0.0099515108
1.821418e-08,0.009965872
1.831418e-08,0.0099723346
1.841418e-08,0.009965872
1.851418e-08,0.0099472024
1.861418e-08,0.0099235064
1.871418e-08,0.0099034007
1.881418e-08,0.0098926298
1.891418e-08,0.0098911937
1.901418e-08,0.0098926298
1.911418e-08,0.0098919118
1.921418e-08,0.0098854492
1.931418e-08,0.0098753964
1.941418e-08,0.0098682158
1.951418e-08,0.0098689338
1.961418e-08,0.0098782686
1.971418e-08,0.0098911937
1.981418e-08,0.0098983743
1.991418e-08,0.0098919118
2.001418e-08,0.0098703699
2.011418e-08,0.0098394933
2.021418e-08,0.0098093348
2.031418e-08,0.009788511
2.041418e-08,0.0097798943
2.051418e-08,0.0097791762
2.061418e-08,0.0097777401
2.071418e-08,0.0097655331
2.081418e-08,0.009740401
2.091418e-08,0.0097073702
2.101418e-08,0.0096743394
2.111418e-08,0.0096506434
2.121418e-08,0.0096391544
2.131418e-08,0.0096355641
2.141418e-08,0.0096305377
2.151418e-08,0.0096161765
2.161418e-08,0.0095903263
2.171418e-08,0.0095580136
2.181418e-08,0.0095292911
2.191418e-08,0.0095127757
2.201418e-08,0.0095106216
2.211418e-08,0.009516366
2.221418e-08,0.0095206744
2.231418e-08,0.0095127757
2.241418e-08,0.0094905159
2.251418e-08,0.0094589212
2.261418e-08,0.0094287626
2.271418e-08,0.009409375
2.281418e-08,0.0094036305
2.291418e-08,0.0094057847
2.301418e-08,0.0094072208
2.311418e-08,0.009397886
2.321418e-08,0.0093763442
2.331418e-08,0.0093483398
2.341418e-08,0.0093253619
2.351418e-08,0.0093174632
2.361418e-08,0.00932608
2.371418e-08,0.0093447495
2.381418e-08,0.0093612649
2.391418e-08,0.0093634191
2.401418e-08,0.0093476218
2.411418e-08,0.0093188994
2.421418e-08,0.0092901769
2.431418e-08,0.0092715074
2.441418e-08,0.0092686351
2.451418e-08,0.0092765338
2.461418e-08,0.0092844324
2.471418e-08,0.0092829963
2.481418e-08,0.009267199
2.491418e-08,0.0092413488
2.501418e-08,0.0092162167
2.511418e-08,0.0092025735
2.521418e-08,0.0092040097
2.531418e-08,0.0092147806
2.541418e-08,0.0092255515
2.551418e-08,0.0092255515
2.561418e-08,0.0092104722
2.571418e-08,0.0091860581
2.581418e-08,0.009160926
2.591418e-08,0.0091451287
2.601418e-08,0.0091415384
2.611418e-08,0.0091451287
2.621418e-08,0.0091451287
2.631418e-08,0.0091336397
2.641418e-08,0.0091085076
2.651418e-08,0.0090769129
2.661418e-08,0.0090510627
2.671418e-08,0.0090417279
2.681418e-08,0.0090496266
2.691418e-08,0.0090675781
2.701418e-08,0.0090805032
2.711418e-08,0.0090761949
2.721418e-08,0.0090517808
2.731418e-08,0.0090151597
2.741418e-08,0.0089799747
2.751418e-08,0.0089613051
2.761418e-08,0.0089641774
2.771418e-08,0.008983565
2.781418e-08,0.009006543
2.791418e-08,0.00901875
2.801418e-08,0.0090137236
2.811418e-08,0.008995054
2.821418e-08,0.0089735122
2.831418e-08,0.0089613051
2.841418e-08,0.0089634593
2.851418e-08,0.0089749483
2.861418e-08,0.0089857192
2.871418e-08,0.0089842831
2.881418e-08,0.0089656135
2.891418e-08,0.0089340188
2.901418e-08,0.0089024242
2.911418e-08,0.0088808824
2.921418e-08,0.0088758559
2.931418e-08,0.0088830365
2.941418e-08,0.0088916533
2.951418e-08,0.0088923713
2.961418e-08,0.0088801643
2.971418e-08,0.0088600586
2.981418e-08,0.0088421071
2.991418e-08,0.0088349265
3.001418e-08,0.0088399529
3.011418e-08,0.0088514419
3.021418e-08,0.0088564683
3.031418e-08,0.0088464154
3.041418e-08,0.0088191291
3.051418e-08,0.0087839442
3.061418e-08,0.0087552217
3.071418e-08,0.0087430147
3.081418e-08,0.0087509134
3.091418e-08,0.0087688649
3.101418e-08,0.008782508
3.111418e-08,0.0087774816
3.121418e-08,0.0087509134
3.131418e-08,0.0087099839
3.141418e-08,0.0086719267
3.151418e-08,0.0086511029
3.161418e-08,0.0086525391
3.171418e-08,0.0086690545
3.181418e-08,0.0086855699
3.191418e-08,0.0086855699
3.201418e-08,0.0086618739
3.211418e-08,0.0086187902
3.221418e-08,0.0085721163
3.231418e-08,0.0085362132
3.241418e-08,0.0085196978
3.251418e-08,0.0085189798
3.261418e-08,0.008521852
3.271418e-08,0.0085132353
3.281418e-08,0.008486667
3.291418e-08,0.0084443015
3.301418e-08,0.0083990636
3.311418e-08,0.0083638787
3.321418e-08,0.0083459272
3.331418e-08,0.0083416188
3.341418e-08,0.0083401827
3.351418e-08,0.0083294118
3.361418e-08,0.0083021255
3.371418e-08,0.0082626321
3.381418e-08,0.0082217027
3.391418e-08,0.0081915441
3.401418e-08,0.008177901
3.411418e-08,0.0081764648
3.421418e-08,0.0081771829
3.431418e-08,0.0081685662
3.441418e-08,0.0081455882
3.451418e-08,0.0081132755
3.461418e-08,0.0080823989
3.471418e-08,0.0080651654
3.481418e-08,0.0080658835
3.491418e-08,0.0080780905
3.501418e-08,0.0080895795
3.511418e-08,0.0080881434
3.521418e-08,0.0080673196
3.531418e-08,0.0080328527
3.541418e-08,0.0079969497
3.551418e-08,0.0079732537
3.561418e-08,0.0079682273
3.571418e-08,0.0079782801
3.581418e-08,0.0079919233
3.591418e-08,0.0079962316
3.601418e-08,0.0079854607
3.611418e-08,0.0079624828
3.621418e-08,0.0079395048
3.631418e-08,0.0079272978
3.641418e-08,0.0079323242
3.651418e-08,0.0079495577
3.661418e-08,0.0079675092
3.671418e-08,0.0079732537
3.681418e-08,0.0079610466
3.691418e-08,0.0079337603
3.701418e-08,0.0079036018
3.711418e-08,0.0078813419
3.721418e-08,0.0078741613
3.731418e-08,0.0078784697
3.741418e-08,0.0078849322
3.751418e-08,0.0078813419
3.761418e-08,0.0078626723
3.771418e-08,0.0078332318
3.781418e-08,0.0078009191
3.791418e-08,0.0077779412
3.801418e-08,0.0077686064
3.811418e-08,0.0077700425
3.821418e-08,0.0077721967
3.831418e-08,0.0077664522
3.841418e-08,0.0077477826
3.851418e-08,0.0077204963
3.861418e-08,0.00769321
3.871418e-08,0.0076745404
3.881418e-08,0.0076673598
3.891418e-08,0.0076666418
3.901418e-08,0.0076637695
3.911418e-08,0.0076515625
3.921418e-08,0.0076285846
3.931418e-08,0.0076012983
3.941418e-08,0.0075797564
3.951418e-08,0.0075711397
3.961418e-08,0.0075732939
3.971418e-08,0.0075768842
3.981418e-08,0.0075675494
3.991418e-08,0.0075366728
4.001418e-08,0.0074856905
4.011418e-08,0.0074275276
4.021418e-08,0.0073786994
4.031418e-08,0.0073528493
4.041418e-08,0.0073521312
4.051418e-08,0.0073664924
4.061418e-08,0.0073794175
4.071418e-08,0.0073758272
4.081418e-08,0.0073506951
4.091418e-08,0.0073119198
4.101418e-08,0.0072738626
4.111418e-08,0.0072494485
4.121418e-08,0.0072422679
4.131418e-08,0.007242986
4.141418e-08,0.0072386776
4.151418e-08,0.0072149816
4.161418e-08,0.0071711799
4.171418e-08,0.0071166073
4.181418e-08,0.0070684972
4.191418e-08,0.0070426471
4.201418e-08,0.0070426471
4.211418e-08,0.0070598805
4.221418e-08,0.007077114
4.231418e-08,0.007077114
4.241418e-08,0.0070548541
4.251418e-08,0.0070175149
4.261418e-08,0.0069816119
4.271418e-08,0.0069622243
4.281418e-08,0.0069636604
4.291418e-08,0.0069773035
4.301418e-08,0.0069859203
4.311418e-08,0.0069737132
4.321418e-08,0.006935656
4.331418e-08,0.0068810834
4.341418e-08,0.006829383
4.351418e-08,0.0068013787
4.361418e-08,0.0068042509
4.371418e-08,0.0068322553
4.381418e-08,0.0068652861
4.391418e-08,0.0068818015
4.401418e-08,0.0068695944
4.411418e-08,0.0068315372
4.421418e-08,0.0067834272
4.431418e-08,0.0067439338
4.441418e-08,0.0067267004
4.451418e-08,0.0067317268
4.461418e-08,0.0067468061
4.471418e-08,0.0067554228
4.481418e-08,0.0067446519
4.491418e-08,0.0067152114
4.501418e-08,0.006675
4.511418e-08,0.0066405331
4.521418e-08,0.0066218635
4.531418e-08,0.0066197093
4.541418e-08,0.0066261719
4.551418e-08,0.0066290441
4.561418e-08,0.0066204274
4.571418e-08,0.0065988856
4.581418e-08,0.0065715993
4.591418e-08,0.0065486213
4.601418e-08,0.006533542
4.611418e-08,0.0065249253
4.621418e-08,0.0065134364
4.631418e-08,0.0064911765
4.641418e-08,0.0064567096
4.651418e-08,0.0064172162
4.661418e-08,0.0063863396
4.671418e-08,0.0063762868
4.681418e-08,0.0063920841
4.691418e-08,0.0064272691
4.701418e-08,0.0064660443
4.711418e-08,0.0064911765
4.721418e-08,0.0064933307
4.731418e-08,0.0064746611
4.741418e-08,0.0064459386
4.751418e-08,0.0064222426
4.761418e-08,0.0064121898
4.771418e-08,0.006415062
4.781418e-08,0.0064222426
4.791418e-08,0.0064222426
4.801418e-08,0.0064064453
4.811418e-08,0.0063777229
4.821418e-08,0.006343974
4.831418e-08,0.0063188419
4.841418e-08,0.0063095071
4.851418e-08,0.0063159697
4.861418e-08,0.0063303309
4.871418e-08,0.0063418199
4.881418e-08,0.006343256
4.891418e-08,0.0063346392
4.901418e-08,0.006320278
4.911418e-08,0.0063073529
4.921418e-08,0.0063001723
4.931418e-08,0.006295864
4.941418e-08,0.0062886834
4.951418e-08,0.006272886
4.961418e-08,0.0062463178
4.971418e-08,0.0062140051
4.981418e-08,0.0061860007
4.991418e-08,0.0061694853
5.001418e-08,0.0061666131
5.011418e-08,0.0061716395
5.021418e-08,0.0061752298
5.031418e-08,0.0061694853
5.041418e-08,0.0061515338
5.051418e-08,0.0061285558
5.061418e-08,0.0061084501
5.071418e-08,0.0061005515
5.081418e-08,0.0061048598
5.091418e-08,0.0061134766
5.101418e-08,0.0061156307
5.111418e-08,0.0061005515
5.121418e-08,0.0060682387
5.131418e-08,0.0060273093
5.141418e-08,0.0059921243
5.151418e-08,0.0059741728
5.161418e-08,0.005977045
5.171418e-08,0.0059935604
5.181418e-08,0.0060086397
5.191418e-08,0.0060086397
5.201418e-08,0.0059878159
5.211418e-08,0.0059519129
5.221418e-08,0.0059124196
5.231418e-08,0.005882261
5.241418e-08,0.0058678998
5.251418e-08,0.0058650276
5.261418e-08,0.0058621553
5.271418e-08,0.0058477941
5.281418e-08,0.0058183536
5.291418e-08,0.0057788603
5.301418e-08,0.0057422392
5.311418e-08,0.0057214154
5.321418e-08,0.0057214154
5.331418e-08,0.0057386489
5.341418e-08,0.0057580365
5.351418e-08,0.0057673713
5.361418e-08,0.0057573185
5.371418e-08,0.0057293141
5.381418e-08,0.0056941291
5.391418e-08,0.0056639706
5.401418e-08,0.0056460191
5.411418e-08,0.0056417107
5.421418e-08,0.0056424288
5.431418e-08,0.0056409926
5.441418e-08,0.0056323759
5.451418e-08,0.0056172966
5.461418e-08,0.0056029354
5.471418e-08,0.0055950368
5.481418e-08,0.0055943187
5.491418e-08,0.0055957548
5.501418e-08,0.0055907284
5.511418e-08,0.0055720588
5.521418e-08,0.0055411822
5.531418e-08,0.0055052792
5.541418e-08,0.0054779929
5.551418e-08,0.0054686581
5.561418e-08,0.0054787109
5.571418e-08,0.0055009708
5.581418e-08,0.0055210765
5.591418e-08,0.0055261029
5.601418e-08,0.0055131778
5.611418e-08,0.0054873277
5.621418e-08,0.0054607594
5.631418e-08,0.0054456801
5.641418e-08,0.0054456801
5.651418e-08,0.0054542969
5.661418e-08,0.0054621955
5.671418e-08,0.0054571691
5.681418e-08,0.0054377815
5.691418e-08,0.0054119313
5.701418e-08,0.0053911075
5.711418e-08,0.0053882353
5.721418e-08,0.0054047507
5.731418e-08,0.005432037
5.741418e-08,0.0054542969
5.751418e-08,0.0054571691
5.761418e-08,0.0054363454
5.771418e-08,0.0053982881
5.781418e-08,0.005361667
5.791418e-08,0.0053422794
5.801418e-08,0.0053480239
5.811418e-08,0.0053745921
5.821418e-08,0.0054054687
5.831418e-08,0.0054227022
5.841418e-08,0.0054148035
5.851418e-08,0.0053839269
5.861418e-08,0.0053422794
5.871418e-08,0.0053078125
5.881418e-08,0.0052927332
5.891418e-08,0.0052991958
5.901418e-08,0.0053164292
5.911418e-08,0.0053307904
5.921418e-08,0.0053293543
5.931418e-08,0.0053099667
5.941418e-08,0.0052790901
5.951418e-08,0.0052503676
5.961418e-08,0.0052345703
5.971418e-08,0.0052338523
5.981418e-08,0.005243187
5.991418e-08,0.0052503676
6.001418e-08,0.0052446232
6.011418e-08,0.0052223633
6.021418e-08,0.0051864602
6.031418e-08,0.0051469669
6.041418e-08,0.0051125
6.051418e-08,0.0050873679
6.061418e-08,0.0050708525
6.071418e-08,0.0050550551
6.081418e-08,0.0050356675
6.091418e-08,0.0050112534
6.101418e-08,0.0049846852
6.111418e-08,0.0049631434
6.121418e-08,0.0049509364
6.131418e-08,0.0049487822
6.141418e-08,0.0049516544
6.151418e-08,0.0049516544
6.161418e-08,0.0049430377
6.171418e-08,0.0049243681
6.181418e-08,0.0048985179
6.191418e-08,0.0048712316
6.201418e-08,0.0048482537
6.211418e-08,0.0048310202
6.221418e-08,0.0048173771
6.231418e-08,0.0048022978
6.241418e-08,0.0047829102
6.251418e-08,0.004757778
6.261418e-08,0.0047319278
6.271418e-08,0.004710386
6.281418e-08,0.004698179
6.291418e-08,0.0046960248
6.301418e-08,0.0047017693
6.311418e-08,0.004710386
6.321418e-08,0.0047168486
6.331418e-08,0.0047175666
6.341418e-08,0.0047118222
6.351418e-08,0.0046988971
6.361418e-08,0.0046802275
6.371418e-08,0.0046558134
6.381418e-08,0.004627091
6.391418e-08,0.0045954963
6.401418e-08,0.0045646197
6.411418e-08,0.0045387695
6.421418e-08,0.0045222541
6.431418e-08,0.0045150735
6.441418e-08,0.0045143555
6.451418e-08,0.0045129193
6.461418e-08,0.0045064568
6.471418e-08,0.0044920956
6.481418e-08,0.0044712718
6.491418e-08,0.00444973
6.501418e-08,0.0044324966
6.511418e-08,0.0044231618
6.521418e-08,0.0044174173
6.531418e-08,0.0044088006
6.541418e-08,0.0043886949
6.551418e-08,0.0043542279
6.561418e-08,0.0043097082
6.571418e-08,0.0042666245
6.581418e-08,0.004236466
6.591418e-08,0.0042278493
6.601418e-08,0.0042400563
6.611418e-08,0.0042630342
6.621418e-08,0.0042824219
6.631418e-08,0.0042852941
6.641418e-08,0.0042680607
6.651418e-08,0.0042343118
6.661418e-08,0.0041976907
6.671418e-08,0.0041704044
6.681418e-08,0.0041596335
6.691418e-08,0.0041625057
6.701418e-08,0.0041704044
6.711418e-08,0.0041704044
6.721418e-08,0.0041553251
6.731418e-08,0.0041251666
6.741418e-08,0.0040885455
6.751418e-08,0.0040555147
6.761418e-08,0.0040368451
6.771418e-08,0.0040339729
6.781418e-08,0.0040440257
6.791418e-08,0.0040555147
6.801418e-08,0.0040605411
6.811418e-08,0.0040533605
6.821418e-08,0.0040346909
6.831418e-08,0.0040095588
6.841418e-08,0.0039837086
6.851418e-08,0.0039614488
6.861418e-08,0.0039434972
6.871418e-08,0.003929136
6.881418e-08,0.0039176471
6.891418e-08,0.0039090303
6.901418e-08,0.003904722
6.911418e-08,0.0039061581
6.921418e-08,0.0039133387
6.931418e-08,0.0039226735
6.941418e-08,0.0039298541
6.951418e-08,0.003929136
6.961418e-08,0.0039198012
6.971418e-08,0.0039040039
6.981418e-08,0.0038860524
6.991418e-08,0.0038716912
7.001418e-08,0.0038630744
7.011418e-08,0.0038602022
7.021418e-08,0.0038602022
7.031418e-08,0.0038602022
7.041418e-08,0.0038587661
7.051418e-08,0.00385733
7.061418e-08,0.00385733
7.071418e-08,0.0038602022
7.081418e-08,0.0038645106
7.091418e-08,0.0038666648
7.101418e-08,0.0038616383
7.111418e-08,0.0038487132
7.121418e-08,0.0038293256
7.131418e-08,0.0038092199
7.141418e-08,0.0037948587
7.151418e-08,0.0037912684
7.161418e-08,0.0037962948
7.171418e-08,0.0038027574
7.181418e-08,0.0038034754
7.191418e-08,0.0037912684
7.201418e-08,0.0037668543
7.211418e-08,0.0037352597
7.221418e-08,0.0037065372
7.231418e-08,0.0036878676
7.241418e-08,0.0036814051
7.251418e-08,0.0036842773
7.261418e-08,0.0036885857
7.271418e-08,0.0036878676
7.281418e-08,0.0036792509
7.291418e-08,0.0036670439
7.301418e-08,0.003656273
7.311418e-08,0.0036534007
7.321418e-08,0.0036591452
7.331418e-08,0.00366848
7.341418e-08,0.0036727884
7.351418e-08,0.0036648897
7.361418e-08,0.0036433479
7.371418e-08,0.0036124713
7.381418e-08,0.0035823127
7.391418e-08,0.003561489
7.401418e-08,0.0035557445
7.411418e-08,0.003562207
7.421418e-08,0.0035751321
7.431418e-08,0.0035844669
7.441418e-08,0.003585903
7.451418e-08,0.0035794405
7.461418e-08,0.0035693876
7.471418e-08,0.003561489
7.481418e-08,0.0035571806
7.491418e-08,0.0035535903
7.501418e-08,0.0035456916
7.511418e-08,0.0035270221
7.521418e-08,0.0034968635
7.531418e-08,0.0034595244
7.541418e-08,0.0034243394
7.551418e-08,0.0034006434
7.561418e-08,0.0033920267
7.571418e-08,0.0033970531
7.581418e-08,0.0034063879
7.591418e-08,0.0034121324
7.601418e-08,0.0034063879
7.611418e-08,0.0033877183
7.621418e-08,0.00336115
7.631418e-08,0.0033317096
7.641418e-08,0.0033051413
7.651418e-08,0.0032828814
7.661418e-08,0.0032620577
7.671418e-08,0.0032397978
7.681418e-08,0.0032146657
7.691418e-08,0.0031888155
7.701418e-08,0.0031687098
7.711418e-08,0.003159375
7.721418e-08,0.0031615292
7.731418e-08,0.003171582
7.741418e-08,0.0031809168
7.751418e-08,0.0031823529
7.761418e-08,0.003170864
7.771418e-08,0.003147886
7.781418e-08,0.0031220358
7.791418e-08,0.0031019301
7.801418e-08,0.0030933134
7.811418e-08,0.0030969037
7.821418e-08,0.0031062385
7.831418e-08,0.0031134191
7.841418e-08,0.0031105469
7.851418e-08,0.0030961857
7.861418e-08,0.0030753619
7.871418e-08,0.0030559743
7.881418e-08,0.0030459214
7.891418e-08,0.0030480756
7.901418e-08,0.0030617188
7.911418e-08,0.0030789522
7.921418e-08,0.0030933134
7.931418e-08,0.0030990579
7.941418e-08,0.0030969037
7.951418e-08,0.0030904412
7.961418e-08,0.0030839786
7.971418e-08,0.0030825425
7.981418e-08,0.0030854148
7.991418e-08,0.0030904412
8.001418e-08,0.0030940315
8.011418e-08,0.0030925954
8.021418e-08,0.0030868509
8.031418e-08,0.0030789522
8.041418e-08,0.0030739258
8.051418e-08,0.0030739258
8.061418e-08,0.0030796703
8.071418e-08,0.0030904412
8.081418e-08,0.0031019301
8.091418e-08,0.0031098288
8.101418e-08,0.0031141372
8.111418e-08,0.0031134191
8.121418e-08,0.0031091108
8.131418e-08,0.0031019301
8.141418e-08,0.0030918773
8.151418e-08,0.0030789522
8.161418e-08,0.0030617188
8.171418e-08,0.0030416131
8.181418e-08,0.0030193532
8.191418e-08,0.0029985294
8.201418e-08,0.0029827321
8.211418e-08,0.0029741153
8.221418e-08,0.0029726792
8.231418e-08,0.0029755515
8.241418e-08,0.0029784237
8.251418e-08,0.0029762695
8.261418e-08,0.0029676528
8.271418e-08,0.0029525735
8.281418e-08,0.0029324678
8.291418e-08,0.002910926
8.301418e-08,0.0028901023
8.311418e-08,0.0028721507
8.321418e-08,0.0028556353
8.331418e-08,0.002839838
8.341418e-08,0.0028218865
8.351418e-08,0.0028032169
8.361418e-08,0.0027838293
8.371418e-08,0.0027665958
8.381418e-08,0.0027529527
8.391418e-08,0.0027457721
8.401418e-08,0.0027436179
8.411418e-08,0.002745054
8.421418e-08,0.0027472082
8.431418e-08,0.0027457721
8.441418e-08,0.0027400276
8.451418e-08,0.0027278205
8.461418e-08,0.002709869
8.471418e-08,0.0026883272
8.481418e-08,0.0026631951
8.491418e-08,0.0026366268
8.501418e-08,0.0026100586
8.511418e-08,0.0025849265
8.521418e-08,0.0025626666
8.531418e-08,0.0025454331
8.541418e-08,0.0025332261
8.551418e-08,0.0025274816
8.561418e-08,0.0025253274
8.571418e-08,0.0025253274
8.581418e-08,0.0025224552
8.591418e-08,0.0025159926
8.601418e-08,0.0025045037
8.611418e-08,0.0024894244
8.621418e-08,0.002472909
8.631418e-08,0.0024585478
8.641418e-08,0.0024484949
8.651418e-08,0.0024420324
8.661418e-08,0.0024391602
8.671418e-08,0.0024355699
8.681418e-08,0.0024298254
8.691418e-08,0.0024219267
8.701418e-08,0.0024111558
8.711418e-08,0.0024011029
8.721418e-08,0.0023939223
8.731418e-08,0.002389614
8.741418e-08,0.002389614
8.751418e-08,0.002389614
8.761418e-08,0.0023874598
8.771418e-08,0.0023817153
8.781418e-08,0.0023702263
8.791418e-08,0.0023551471
8.801418e-08,0.0023393497
8.811418e-08,0.0023257066
8.821418e-08,0.0023156537
8.831418e-08,0.0023091912
8.841418e-08,0.0023048828
8.851418e-08,0.0023005744
8.861418e-08,0.0022941119
8.871418e-08,0.0022862132
8.881418e-08,0.0022775965
8.891418e-08,0.0022696978
8.901418e-08,0.0022646714
8.911418e-08,0.0022632353
8.921418e-08,0.0022639534
8.931418e-08,0.0022646714
8.941418e-08,0.0022646714
8.951418e-08,0.0022632353
8.961418e-08,0.0022617992
8.971418e-08,0.0022603631
8.981418e-08,0.0022610811
8.991418e-08,0.0022632353
9.001418e-08,0.0022639534
9.011418e-08,0.0022610811
9.021418e-08,0.0022531824
9.031418e-08,0.0022402574
9.041418e-08,0.00222446
9.051418e-08,0.0022100988
9.061418e-08,0.0021993279
9.071418e-08,0.0021943015
9.081418e-08,0.0021921473
9.091418e-08,0.0021899931
9.101418e-08,0.0021842486
9.111418e-08,0.0021713235
9.121418e-08,0.002153372
9.131418e-08,0.0021332663
9.141418e-08,0.0021153148
9.151418e-08,0.0021023897
9.161418e-08,0.0020952091
9.171418e-08,0.0020923369
9.181418e-08,0.0020880285
9.191418e-08,0.0020794118
9.201418e-08,0.0020650506
9.211418e-08,0.0020449449
9.221418e-08,0.0020219669
9.231418e-08,0.001998989
9.241418e-08,0.0019788833
9.251418e-08,0.0019630859
9.261418e-08,0.0019501608
9.271418e-08,0.0019415441
9.281418e-08,0.0019357996
9.291418e-08,0.0019336455
9.301418e-08,0.0019322093
9.311418e-08,0.0019300551
9.321418e-08,0.0019235926
9.331418e-08,0.0019099494
9.341418e-08,0.0018876896
9.351418e-08,0.0018611213
9.361418e-08,0.0018352711
9.371418e-08,0.0018173196
9.381418e-08,0.0018108571
9.391418e-08,0.0018151654
9.401418e-08,0.0018245002
9.411418e-08,0.0018280905
9.421418e-08,0.0018187557
9.431418e-08,0.0017921875
9.441418e-08,0.0017526942
9.451418e-08,0.0017088925
9.461418e-08,0.0016737075
9.471418e-08,0.0016543199
9.481418e-08,0.0016514476
9.491418e-08,0.0016593463
9.501418e-08,0.0016665269
9.511418e-08,0.0016658088
9.521418e-08,0.0016521657
9.531418e-08,0.0016291877
9.541418e-08,0.0016047737
9.551418e-08,0.001585386
9.561418e-08,0.0015760512
9.571418e-08,0.001573179
9.581418e-08,0.0015710248
9.591418e-08,0.0015624081
9.601418e-08,0.0015444566
9.611418e-08,0.0015200425
9.621418e-08,0.0014963465
9.631418e-08,0.0014819853
9.641418e-08,0.0014812672
9.651418e-08,0.0014934743
9.661418e-08,0.0015114258
9.671418e-08,0.0015279412
9.681418e-08,0.0015351218
9.691418e-08,0.0015315315
9.701418e-08,0.0015200425
9.711418e-08,0.0015049632
9.721418e-08,0.0014913201
9.731418e-08,0.0014805492
9.741418e-08,0.0014704963
9.751418e-08,0.0014590074
9.761418e-08,0.0014439281
9.771418e-08,0.0014266946
9.781418e-08,0.0014116153
9.791418e-08,0.0014015625
9.801418e-08,0.0014001264
9.811418e-08,0.0014058709
9.821418e-08,0.0014159237
9.831418e-08,0.0014245404
9.841418e-08,0.0014295669
9.851418e-08,0.0014295669
9.861418e-08,0.0014274127
9.871418e-08,0.0014245404
9.881418e-08,0.0014223863
9.891418e-08,0.001419514
9.901418e-08,0.0014130515
9.911418e-08,0.0014015625
9.921418e-08,0.0013864832
9.931418e-08,0.0013699678
9.941418e-08,0.0013591969
9.951418e-08,0.0013556066
9.961418e-08,0.001360633
9.971418e-08,0.0013699678
9.981418e-08,0.0013778665
9.991418e-08,0.0013785846
1.000142e-07,0.001371404
1.001142e-07,0.0013577608
1.002142e-07,0.0013433996
1.003142e-07,0.0013326287
1.004142e-07,0.0013276023
1.005142e-07,0.0013261661
1.006142e-07,0.0013254481
1.007142e-07,0.0013211397
1.008142e-07,0.001313241
1.009142e-07,0.0013039063
1.010142e-07,0.0012981618
1.011142e-07,0.0012981618
1.012142e-07,0.0013039063
1.013142e-07,0.0013096507
1.014142e-07,0.0013096507
1.015142e-07,0.0012981618
1.016142e-07,0.0012751838
1.017142e-07,0.0012450253
1.018142e-07,0.0012163028
1.019142e-07,0.001194761
1.020142e-07,0.0011839901
1.021142e-07,0.001182554
1.022142e-07,0.0011839901
1.023142e-07,0.0011832721
1.024142e-07,0.0011782456
1.025142e-07,0.0011696289
1.026142e-07,0.0011624483
1.027142e-07,0.0011602941
1.028142e-07,0.0011631664
1.029142e-07,0.0011681928
1.030142e-07,0.0011681928
1.031142e-07,0.0011602941
1.032142e-07,0.0011437787
1.033142e-07,0.0011243911
1.034142e-07,0.0011085937
1.035142e-07,0.0011028493
1.036142e-07,0.0011085937
1.037142e-07,0.0011215188
1.038142e-07,0.0011337259
1.039142e-07,0.0011373162
1.040142e-07,0.0011301356
1.041142e-07,0.0011150563
1.042142e-07,0.001099977
1.043142e-07,0.0010913603
1.044142e-07,0.0010920784
1.045142e-07,0.0010985409
1.046142e-07,0.0011050034
1.047142e-07,0.0011028493
1.048142e-07,0.0010899242
1.049142e-07,0.0010676643
1.050142e-07,0.0010425322
1.051142e-07,0.0010224265
1.052142e-07,0.0010102194
1.053142e-07,0.001004475
1.054142e-07,0.00099873047
1.055142e-07,0.00098795956
1.056142e-07,0.00096857192
1.057142e-07,0.00094415786
1.058142e-07,0.00092117992
1.059142e-07,0.00090753676
1.060142e-07,0.00090753676
1.061142e-07,0.0009197438
1.062142e-07,0.00093769531
1.063142e-07,0.00095349265
1.064142e-07,0.00096139131
1.065142e-07,0.00095995519
1.066142e-07,0.00095205653
1.067142e-07,0.00094200368
1.068142e-07,0.00093338695
1.069142e-07,0.00092548828
1.070142e-07,0.00091830767
1.071142e-07,0.00090753676
1.072142e-07,0.00089461167
1.073142e-07,0.00088096852
1.074142e-07,0.00087306985
1.075142e-07,0.00087306985
1.076142e-07,0.00088168658
1.077142e-07,0.00089461167
1.078142e-07,0.00090466452
1.079142e-07,0.00090753676
1.080142e-07,0.00090107422
1.081142e-07,0.00088814913
1.082142e-07,0.00087737822
1.083142e-07,0.00087306985
1.084142e-07,0.00087881434
1.085142e-07,0.00089102137
1.086142e-07,0.00090251034
1.087142e-07,0.00090753676
1.088142e-07,0.00090107422
1.089142e-07,0.00088599494
1.090142e-07,0.00086660731
1.091142e-07,0.00085009191
1.092142e-07,0.00083860294
1.093142e-07,0.0008321404
1.094142e-07,0.00082567785
1.095142e-07,0.000815625
1.096142e-07,0.00079982767
1.097142e-07,0.00078187615
1.098142e-07,0.00076607881
1.099142e-07,0.00075818015
1.100142e-07,0.00075746209
1.101142e-07,0.00076105239
1.102142e-07,0.00075961627
1.103142e-07,0.00074669118
1.104142e-07,0.00072084099
1.105142e-07,0.00068709214
1.106142e-07,0.00065406135
1.107142e-07,0.00063180147
1.108142e-07,0.00062605699
1.109142e-07,0.00063610983
1.110142e-07,0.00065262523
1.111142e-07,0.00066626838
1.112142e-07,0.0006677045
1.113142e-07,0.00065406135
1.114142e-07,0.00062821117
1.115142e-07,0.00059733456
1.116142e-07,0.00056861213
1.117142e-07,0.00054563419
1.118142e-07,0.0005291188
1.119142e-07,0.00051691176
1.120142e-07,0.00050542279
1.121142e-07,0.00049321576
1.122142e-07,0.00048100873
1.123142e-07,0.00047095588
1.124142e-07,0.00046377528
1.125142e-07,0.00045946691
1.126142e-07,0.00045515855
1.127142e-07,0.00044797794
1.128142e-07,0.00043792509
1.129142e-07,0.00042643612
1.130142e-07,0.00041710133
1.131142e-07,0.00041351103
1.132142e-07,0.00041638327
1.133142e-07,0.00042356388
1.134142e-07,0.00043218061
1.135142e-07,0.00043648897
1.136142e-07,0.00043505285
1.137142e-07,0.00042930836
1.138142e-07,0.00042069164
1.139142e-07,0.00041351103
1.140142e-07,0.00040920267
1.141142e-07,0.00040704848
1.142142e-07,0.0004048943
1.143142e-07,0.00040202206
1.144142e-07,0.00039843176
1.145142e-07,0.00039699563
1.146142e-07,0.00040202206
1.147142e-07,0.00041351103
1.148142e-07,0.00043074449
1.149142e-07,0.00044797794
1.150142e-07,0.00045874885
1.151142e-07,0.00045946691
1.152142e-07,0.00044941406
1.153142e-07,0.00043361673
1.154142e-07,0.00041925551
1.155142e-07,0.00041351103
1.156142e-07,0.00041781939
1.157142e-07,0.00042930836
1.158142e-07,0.0004415154
1.159142e-07,0.00044797794
1.160142e-07,0.0004451057
1.161142e-07,0.00043648897
1.162142e-07,0.00042715418
1.163142e-07,0.000425
1.164142e-07,0.00043289867
1.165142e-07,0.00044797794
1.166142e-07,0.00046305722
1.167142e-07,0.00047095588
1.168142e-07,0.00046449334
1.169142e-07,0.00044295152
1.170142e-07,0.00041207491
1.171142e-07,0.00037904412
1.172142e-07,0.00035247587
1.173142e-07,0.00033667854
1.174142e-07,0.00033093405
1.175142e-07,0.00033308824
1.176142e-07,0.0003373966
1.177142e-07,0.00034170496
1.178142e-07,0.00034385915
1.179142e-07,0.00034457721
1.180142e-07,0.00034457721
1.181142e-07,0.00034385915
1.182142e-07,0.0003409869
1.183142e-07,0.00033308824
1.184142e-07,0.0003208812
1.185142e-07,0.00030436581
1.186142e-07,0.00028856847
1.187142e-07,0.00027564338
1.188142e-07,0.00026846278
1.189142e-07,0.00026774472
1.190142e-07,0.00027061696
1.191142e-07,0.00027564338
1.192142e-07,0.00028066981
1.193142e-07,0.00028569623
1.194142e-07,0.00029144072
1.195142e-07,0.00029862132
1.196142e-07,0.00030795611
1.197142e-07,0.00031657284
1.198142e-07,0.00032159926
1.199142e-07,0.00032159926
1.200142e-07,0.00031585478
1.201142e-07,0.00030580193
1.202142e-07,0.00029503102
1.203142e-07,0.00028713235
1.204142e-07,0.00028354205
1.205142e-07,0.00028210593
1.206142e-07,0.00028066981
1.207142e-07,0.00027564338
1.208142e-07,0.00026630859
1.209142e-07,0.00025481962
1.210142e-07,0.00024476677
1.211142e-07,0.00024117647
1.212142e-07,0.00024476677
1.213142e-07,0.00025266544
1.214142e-07,0.00026128217
1.215142e-07,0.00026415441
1.216142e-07,0.00025697381
1.217142e-07,0.00024045841
1.218142e-07,0.00021748047
1.219142e-07,0.00019522059
1.220142e-07,0.00017870519
1.221142e-07,0.00017080653
1.222142e-07,0.00017008847
1.223142e-07,0.00017224265
1.224142e-07,0.00017224265
1.225142e-07,0.0001657801
1.226142e-07,0.00015429113
1.227142e-07,0.00013777574
1.228142e-07,0.00012054228
1.229142e-07,0.00010546301
1.230142e-07,9.2537914e-05
1.231142e-07,8.0330882e-05
1.232142e-07,6.740579e-05
1.233142e-07,5.3044577e-05
1.234142e-07,3.7247243e-05
1.235142e-07,2.2886029e-05
1.236142e-07,1.283318e-05
1.237142e-07,8.5248162e-06
1.238142e-07,9.2428768e-06
1.239142e-07,1.1397059e-05
1.240142e-07,1.2115119e-05
1.241142e-07,8.5248162e-06
1.242142e-07,-9.1911765e-08
1.243142e-07,-1.1580882e-05
1.244142e-07,-2.2351792e-05
1.245142e-07,-2.9532399e-05
1.246142e-07,-3.3122702e-05
1.247142e-07,-3.4558824e-05
1.248142e-07,-3.8149127e-05
1.249142e-07,-4.7483915e-05
1.250142e-07,-6.2563189e-05
1.251142e-07,-8.0514706e-05
1.252142e-07,-9.631204e-05
1.253142e-07,-0.00010492877
1.254142e-07,-0.00010277459
1.255142e-07,-9.2003676e-05
1.256142e-07,-7.9078585e-05
1.257142e-07,-7.1179917e-05
1.258142e-07,-7.4770221e-05
1.259142e-07,-9.2003676e-05
1.260142e-07,-0.00011928998
1.261142e-07,-0.00014873047
1.262142e-07,-0.00017170841
1.263142e-07,-0.00018391544
1.264142e-07,-0.0001846335
1.265142e-07,-0.00018032514
1.266142e-07,-0.0001774529
1.267142e-07,-0.00018391544
1.268142e-07,-0.00020186696
1.269142e-07,-0.0002284352
1.270142e-07,-0.00025572151
1.271142e-07,-0.00027582721
1.272142e-07,-0.00028372587
1.273142e-07,-0.00027869945
1.274142e-07,-0.00026577436
1.275142e-07,-0.00025284926
1.276142e-07,-0.00024782284
1.277142e-07,-0.00025500345
1.278142e-07,-0.00027295496
1.279142e-07,-0.00029880515
1.280142e-07,-0.00032609145
1.281142e-07,-0.00035194164
1.282142e-07,-0.0003727654
1.283142e-07,-0.00039071691
1.284142e-07,-0.00040723231
1.285142e-07,-0.00042302964
1.286142e-07,-0.00043739085
1.287142e-07,-0.00044816176
1.288142e-07,-0.00045247013
1.289142e-07,-0.00044816176
1.290142e-07,-0.00043810892
1.291142e-07,-0.00042518382
1.292142e-07,-0.00041513097
1.293142e-07,-0.00041297679
1.294142e-07,-0.00042087546
1.295142e-07,-0.00043667279
1.296142e-07,-0.00045749655
1.297142e-07,-0.00047832031
1.298142e-07,-0.00049483571
1.299142e-07,-0.00050560662
1.300142e-07,-0.00051063304
1.301142e-07,-0.0005113511
1.302142e-07,-0.00050919692
1.303142e-07,-0.00050560662
1.304142e-07,-0.00050058019
1.305142e-07,-0.00049483571
1.306142e-07,-0.00048837316
1.307142e-07,-0.00048262868
1.308142e-07,-0.00048047449
1.309142e-07,-0.00048334674
1.310142e-07,-0.00049268153
1.311142e-07,-0.00050560662
1.312142e-07,-0.00051996783
1.313142e-07,-0.00053217486
1.314142e-07,-0.00053935547
1.315142e-07,-0.00054007353
1.316142e-07,-0.00053576517
1.317142e-07,-0.00052858456
1.318142e-07,-0.00052140395
1.319142e-07,-0.00051709559
1.320142e-07,-0.00051494141
1.321142e-07,-0.00051494141
1.322142e-07,-0.00051565947
1.323142e-07,-0.00051709559
1.324142e-07,-0.00051924977
1.325142e-07,-0.00052355813
1.326142e-07,-0.00053073874
1.327142e-07,-0.00054007353
1.328142e-07,-0.00054869026
1.329142e-07,-0.0005551528
1.330142e-07,-0.00055587086
1.331142e-07,-0.0005515625
1.332142e-07,-0.00054438189
1.333142e-07,-0.00053791935
1.334142e-07,-0.00053576517
1.335142e-07,-0.00054007353
1.336142e-07,-0.00054940832
1.337142e-07,-0.00056089729
1.338142e-07,-0.00057023208
1.339142e-07,-0.00057454044
1.340142e-07,-0.0005752585
1.341142e-07,-0.00057454044
1.342142e-07,-0.00057741268
1.343142e-07,-0.00058602941
1.344142e-07,-0.00060182675
1.345142e-07,-0.00062121438
1.346142e-07,-0.00064060202
1.347142e-07,-0.00065496324
1.348142e-07,-0.00066357996
1.349142e-07,-0.00066717027
1.350142e-07,-0.00067076057
1.351142e-07,-0.00067794118
1.352142e-07,-0.00069230239
1.353142e-07,-0.00071240809
1.354142e-07,-0.00073538603
1.355142e-07,-0.00075836397
1.356142e-07,-0.00077775161
1.357142e-07,-0.000794267
1.358142e-07,-0.00080934628
1.359142e-07,-0.00082729779
1.360142e-07,-0.00085027574
1.361142e-07,-0.00087756204
1.362142e-07,-0.00090556641
1.363142e-07,-0.00093069853
1.364142e-07,-0.00094793199
1.365142e-07,-0.00095654871
1.366142e-07,-0.00095726677
1.367142e-07,-0.00095367647
1.368142e-07,-0.00095080423
1.369142e-07,-0.00095080423
1.370142e-07,-0.00095583065
1.371142e-07,-0.00096516544
1.372142e-07,-0.00097737247
1.373142e-07,-0.00099029756
1.374142e-07,-0.0010053768
1.375142e-07,-0.0010226103
1.376142e-07,-0.0010419979
1.377142e-07,-0.0010635398
1.378142e-07,-0.0010850816
1.379142e-07,-0.0011030331
1.380142e-07,-0.0011145221
1.381142e-07,-0.0011181124
1.382142e-07,-0.0011130859
1.383142e-07,-0.0011030331
1.384142e-07,-0.0010908261
1.385142e-07,-0.0010793371
1.386142e-07,-0.0010714384
1.387142e-07,-0.0010685662
1.388142e-07,-0.0010700023
1.389142e-07,-0.0010750287
1.390142e-07,-0.0010822093
1.391142e-07,-0.0010915441
1.392142e-07,-0.0011030331
1.393142e-07,-0.0011159582
1.394142e-07,-0.0011310375
1.395142e-07,-0.001148989
1.396142e-07,-0.0011683766
1.397142e-07,-0.0011892004
1.398142e-07,-0.0012100241
1.399142e-07,-0.0012294118
1.400142e-07,-0.0012459272
1.401142e-07,-0.0012595703
1.402142e-07,-0.0012689051
1.403142e-07,-0.0012753676
1.404142e-07,-0.0012811121
1.405142e-07,-0.0012875747
1.406142e-07,-0.0012969095
1.407142e-07,-0.0013098346
1.408142e-07,-0.0013249138
1.409142e-07,-0.0013407112
1.410142e-07,-0.0013550724
1.411142e-07,-0.0013672794
1.412142e-07,-0.0013773323
1.413142e-07,-0.001385949
1.414142e-07,-0.0013938477
1.415142e-07,-0.0014017463
1.416142e-07,-0.0014103631
1.417142e-07,-0.0014189798
1.418142e-07,-0.0014275965
1.419142e-07,-0.0014362132
1.420142e-07,-0.0014462661
1.421142e-07,-0.0014591912
1.422142e-07,-0.0014749885
1.423142e-07,-0.0014936581
1.424142e-07,-0.0015123277
1.425142e-07,-0.0015295611
1.426142e-07,-0.0015424862
1.427142e-07,-0.0015511029
1.428142e-07,-0.0015568474
1.429142e-07,-0.0015618739
1.430142e-07,-0.0015676183
1.431142e-07,-0.0015740809
1.432142e-07,-0.0015791073
1.433142e-07,-0.0015791073
1.434142e-07,-0.0015733628
1.435142e-07,-0.0015625919
1.436142e-07,-0.0015511029
1.437142e-07,-0.0015439223
1.438142e-07,-0.0015475126
1.439142e-07,-0.0015625919
1.440142e-07,-0.0015862879
1.441142e-07,-0.0016128562
1.442142e-07,-0.0016336799
1.443142e-07,-0.0016430147
1.444142e-07,-0.0016408605
1.445142e-07,-0.0016322438
1.446142e-07,-0.001622909
1.447142e-07,-0.0016200368
1.448142e-07,-0.0016257812
1.449142e-07,-0.0016379883
1.450142e-07,-0.0016494773
1.451142e-07,-0.0016545037
1.452142e-07,-0.0016487592
1.453142e-07,-0.001634398
1.454142e-07,-0.0016186006
1.455142e-07,-0.0016085478
1.456142e-07,-0.00161142
1.457142e-07,-0.0016279354
1.458142e-07,-0.0016530676
1.459142e-07,-0.0016774816
1.460142e-07,-0.001693279
1.461142e-07,-0.0016954331
1.462142e-07,-0.0016839442
1.463142e-07,-0.0016659926
1.464142e-07,-0.0016487592
1.465142e-07,-0.0016401425
1.466142e-07,-0.0016422966
1.467142e-07,-0.0016545037
1.468142e-07,-0.001670301
1.469142e-07,-0.0016839442
1.470142e-07,-0.0016904067
1.471142e-07,-0.0016889706
1.472142e-07,-0.0016832261
1.473142e-07,-0.0016796358
1.474142e-07,-0.0016839442
1.475142e-07,-0.0017004596
1.476142e-07,-0.0017277459
1.477142e-07,-0.0017614947
1.478142e-07,-0.0017938074
1.479142e-07,-0.0018153493
1.480142e-07,-0.0018218118
1.481142e-07,-0.001811759
1.482142e-07,-0.0017916533
1.483142e-07,-0.0017693934
1.484142e-07,-0.0017557502
1.485142e-07,-0.0017579044
1.486142e-07,-0.0017758559
1.487142e-07,-0.0018038603
1.488142e-07,-0.0018333008
1.489142e-07,-0.0018541245
1.490142e-07,-0.0018627413
1.491142e-07,-0.0018613051
1.492142e-07,-0.0018577148
1.493142e-07,-0.0018620232
1.494142e-07,-0.0018792567
1.495142e-07,-0.001907261
1.496142e-07,-0.0019381376
1.497142e-07,-0.0019589614
1.498142e-07,-0.0019611156
1.499142e-07,-0.0019417279
1.500142e-07,-0.0019094152
1.501142e-07,-0.0018785386
1.502142e-07,-0.0018634593
1.503142e-07,-0.0018727941
1.504142e-07,-0.0019058249
1.505142e-07,-0.0019510627
1.506142e-07,-0.0019941464
1.507142e-07,-0.0020221507
1.508142e-07,-0.0020314855
1.509142e-07,-0.0020264591
1.510142e-07,-0.0020164062
1.511142e-07,-0.0020106618
1.512142e-07,-0.0020142521
1.513142e-07,-0.0020235869
1.514142e-07,-0.0020329216
1.515142e-07,-0.0020336397
1.516142e-07,-0.002025023
1.517142e-07,-0.0020106618
1.518142e-07,-0.0019998909
1.519142e-07,-0.0019991728
1.520142e-07,-0.0020120979
1.521142e-07,-0.0020350758
1.522142e-07,-0.002060208
1.523142e-07,-0.0020795956
1.524142e-07,-0.0020896484
1.525142e-07,-0.0020910846
1.526142e-07,-0.0020903665
1.527142e-07,-0.0020910846
1.528142e-07,-0.0020953929
1.529142e-07,-0.0021004193
1.530142e-07,-0.0021004193
1.531142e-07,-0.0020910846
1.532142e-07,-0.0020738511
1.533142e-07,-0.0020544635
1.534142e-07,-0.0020429745
1.535142e-07,-0.0020451287
1.536142e-07,-0.0020616441
1.537142e-07,-0.0020860581
1.538142e-07,-0.0021061638
1.539142e-07,-0.0021140625
1.540142e-07,-0.0021061638
1.541142e-07,-0.0020867762
1.542142e-07,-0.0020673886
1.543142e-07,-0.0020566176
1.544142e-07,-0.0020594899
1.545142e-07,-0.002072415
1.546142e-07,-0.0020860581
1.547142e-07,-0.0020910846
1.548142e-07,-0.0020824678
1.549142e-07,-0.0020637983
1.550142e-07,-0.0020436926
1.551142e-07,-0.0020336397
1.552142e-07,-0.0020386661
1.553142e-07,-0.0020573357
1.554142e-07,-0.0020817498
1.555142e-07,-0.0021025735
1.556142e-07,-0.0021133444
1.557142e-07,-0.0021147806
1.558142e-07,-0.0021126264
1.559142e-07,-0.0021140625
1.560142e-07,-0.0021233973
1.561142e-07,-0.0021384766
1.562142e-07,-0.0021535558
1.563142e-07,-0.0021600184
1.564142e-07,-0.0021542739
1.565142e-07,-0.0021391946
1.566142e-07,-0.0021226792
1.567142e-07,-0.0021140625
1.568142e-07,-0.002120525
1.569142e-07,-0.0021406307
1.570142e-07,-0.0021686351
1.571142e-07,-0.0021944853
1.572142e-07,-0.0022110007
1.573142e-07,-0.0022174632
1.574142e-07,-0.0022174632
1.575142e-07,-0.0022174632
1.576142e-07,-0.0022239258
1.577142e-07,-0.0022368509
1.578142e-07,-0.0022519301
1.579142e-07,-0.0022634191
1.580142e-07,-0.0022662914
1.581142e-07,-0.0022598288
1.582142e-07,-0.0022490579
1.583142e-07,-0.0022404412
1.584142e-07,-0.0022404412
1.585142e-07,-0.002250494
1.586142e-07,-0.0022677275
1.587142e-07,-0.0022863971
1.588142e-07,-0.0023014763
1.589142e-07,-0.002309375
1.590142e-07,-0.0023115292
1.591142e-07,-0.002309375
1.592142e-07,-0.0023050666
1.593142e-07,-0.0023007583
1.594142e-07,-0.0022942957
1.595142e-07,-0.0022863971
1.596142e-07,-0.0022777803
1.597142e-07,-0.0022705997
1.598142e-07,-0.0022691636
1.599142e-07,-0.0022749081
1.600142e-07,-0.0022871151
1.601142e-07,-0.0023021944
1.602142e-07,-0.0023144014
1.603142e-07,-0.002320864
1.604142e-07,-0.002320864
1.605142e-07,-0.0023179917
1.606142e-07,-0.0023172737
1.607142e-07,-0.002320864
1.608142e-07,-0.0023287626
1.609142e-07,-0.0023373794
1.610142e-07,-0.0023395335
1.611142e-07,-0.0023323529
1.612142e-07,-0.0023165556
1.613142e-07,-0.0022986041
1.614142e-07,-0.0022863971
1.615142e-07,-0.0022863971
1.616142e-07,-0.0023007583
1.617142e-07,-0.0023251723
1.618142e-07,-0.0023538948
1.619142e-07,-0.0023783088
1.620142e-07,-0.0023969784
1.621142e-07,-0.0024099035
1.622142e-07,-0.0024221105
1.623142e-07,-0.0024357537
1.624142e-07,-0.0024501149
1.625142e-07,-0.0024601677
1.626142e-07,-0.0024601677
1.627142e-07,-0.0024472426
1.628142e-07,-0.0024249828
1.629142e-07,-0.0024020048
1.630142e-07,-0.0023912339
1.631142e-07,-0.0024012868
1.632142e-07,-0.0024328814
1.633142e-07,-0.0024774012
1.634142e-07,-0.0025212029
1.635142e-07,-0.0025506434
1.636142e-07,-0.002558542
1.637142e-07,-0.002546335
1.638142e-07,-0.0025240751
1.639142e-07,-0.0025046875
1.640142e-07,-0.002498225
1.641142e-07,-0.0025082778
1.642142e-07,-0.0025283835
1.643142e-07,-0.0025506434
1.644142e-07,-0.0025671588
1.645142e-07,-0.0025743394
1.646142e-07,-0.0025743394
1.647142e-07,-0.0025736213
1.648142e-07,-0.0025772116
1.649142e-07,-0.0025872645
1.650142e-07,-0.0026030618
1.651142e-07,-0.0026195772
1.652142e-07,-0.0026332204
1.653142e-07,-0.0026432732
1.654142e-07,-0.0026490177
1.655142e-07,-0.0026540441
1.656142e-07,-0.0026590705
1.657142e-07,-0.0026633789
1.658142e-07,-0.0026662511
1.659142e-07,-0.0026655331
1.660142e-07,-0.0026619428
1.661142e-07,-0.0026583525
1.662142e-07,-0.0026590705
1.663142e-07,-0.0026655331
1.664142e-07,-0.0026777401
1.665142e-07,-0.0026928194
1.666142e-07,-0.0027050264
1.667142e-07,-0.002711489
1.668142e-07,-0.0027129251
1.669142e-07,-0.002712207
1.670142e-07,-0.0027150793
1.671142e-07,-0.0027229779
1.672142e-07,-0.002735903
1.673142e-07,-0.002747392
1.674142e-07,-0.0027524184
1.675142e-07,-0.0027459559
1.676142e-07,-0.0027301585
1.677142e-07,-0.002712207
1.678142e-07,-0.0027
1.679142e-07,-0.0027
1.680142e-07,-0.0027129251
1.681142e-07,-0.0027323127
1.682142e-07,-0.0027495462
1.683142e-07,-0.0027574449
1.684142e-07,-0.0027538545
1.685142e-07,-0.0027416475
1.686142e-07,-0.0027294405
1.687142e-07,-0.0027229779
1.688142e-07,-0.0027244141
1.689142e-07,-0.0027294405
1.690142e-07,-0.0027315947
1.691142e-07,-0.0027229779
1.692142e-07,-0.0027043084
1.693142e-07,-0.0026798943
1.694142e-07,-0.0026605067
1.695142e-07,-0.0026540441
1.696142e-07,-0.0026626608
1.697142e-07,-0.0026820485
1.698142e-07,-0.0027014361
1.699142e-07,-0.002711489
1.700142e-07,-0.0027071806
1.701142e-07,-0.0026906652
1.702142e-07,-0.0026698415
1.703142e-07,-0.0026540441
1.704142e-07,-0.0026490177
1.705142e-07,-0.0026533261
1.706142e-07,-0.0026612247
1.707142e-07,-0.0026655331
1.708142e-07,-0.0026619428
1.709142e-07,-0.0026518899
1.710142e-07,-0.0026425551
1.711142e-07,-0.0026425551
1.712142e-07,-0.0026554802
1.713142e-07,-0.0026784582
1.714142e-07,-0.0027043084
1.715142e-07,-0.0027229779
1.716142e-07,-0.0027287224
1.717142e-07,-0.0027201057
1.718142e-07,-0.0027043084
1.719142e-07,-0.002688511
1.720142e-07,-0.0026806124
1.721142e-07,-0.0026820485
1.722142e-07,-0.0026899472
1.723142e-07,-0.0027
1.724142e-07,-0.0027064625
1.725142e-07,-0.0027086167
1.726142e-07,-0.0027086167
1.727142e-07,-0.002711489
1.728142e-07,-0.0027193876
1.729142e-07,-0.0027323127
1.730142e-07,-0.0027466739
1.731142e-07,-0.0027574449
1.732142e-07,-0.0027610352
1.733142e-07,-0.0027581629
1.734142e-07,-0.0027509823
1.735142e-07,-0.0027459559
1.736142e-07,-0.0027452378
1.737142e-07,-0.0027502642
1.738142e-07,-0.002758881
1.739142e-07,-0.0027689338
1.740142e-07,-0.0027797047
1.741142e-07,-0.0027919118
1.742142e-07,-0.0028077091
1.743142e-07,-0.0028263787
1.744142e-07,-0.0028464844
1.745142e-07,-0.0028637178
1.746142e-07,-0.0028730526
1.747142e-07,-0.0028723346
1.748142e-07,-0.0028629998
1.749142e-07,-0.0028515108
1.750142e-07,-0.0028450483
1.751142e-07,-0.0028493566
1.752142e-07,-0.0028629998
1.753142e-07,-0.0028809513
1.754142e-07,-0.0028938764
1.755142e-07,-0.0028953125
1.756142e-07,-0.0028838235
1.757142e-07,-0.002865872
1.758142e-07,-0.0028515108
1.759142e-07,-0.0028493566
1.760142e-07,-0.0028644359
1.761142e-07,-0.0028924403
1.762142e-07,-0.002925471
1.763142e-07,-0.0029527574
1.764142e-07,-0.0029671186
1.765142e-07,-0.0029685547
1.766142e-07,-0.0029613741
1.767142e-07,-0.0029527574
1.768142e-07,-0.0029498851
1.769142e-07,-0.0029527574
1.770142e-07,-0.0029592199
1.771142e-07,-0.0029642463
1.772142e-07,-0.0029628102
1.773142e-07,-0.0029541935
1.774142e-07,-0.0029419864
1.775142e-07,-0.0029297794
1.776142e-07,-0.0029218807
1.777142e-07,-0.0029204446
1.778142e-07,-0.0029240349
1.779142e-07,-0.0029297794
1.780142e-07,-0.0029376781
1.781142e-07,-0.0029470129
1.782142e-07,-0.002959938
1.783142e-07,-0.0029757353
1.784142e-07,-0.0029922507
1.785142e-07,-0.0030058938
1.786142e-07,-0.0030123564
1.787142e-07,-0.0030102022
1.788142e-07,-0.0030015855
1.789142e-07,-0.0029922507
1.790142e-07,-0.0029900965
1.791142e-07,-0.0029987132
1.792142e-07,-0.0030173828
1.793142e-07,-0.0030403608
1.794142e-07,-0.0030590303
1.795142e-07,-0.0030676471
1.796142e-07,-0.0030647748
1.797142e-07,-0.00305544
1.798142e-07,-0.0030461052
1.799142e-07,-0.0030446691
1.800142e-07,-0.0030511317
1.801142e-07,-0.0030619026
1.802142e-07,-0.0030698012
1.803142e-07,-0.0030676471
1.804142e-07,-0.003054722
1.805142e-07,-0.0030374885
1.806142e-07,-0.0030231273
1.807142e-07,-0.0030216912
1.808142e-07,-0.0030353343
1.809142e-07,-0.0030597484
1.810142e-07,-0.0030855986
1.811142e-07,-0.003102114
1.812142e-07,-0.0031042682
1.813142e-07,-0.0030920611
1.814142e-07,-0.0030733915
1.815142e-07,-0.0030561581
1.816142e-07,-0.0030468233
1.817142e-07,-0.0030475414
1.818142e-07,-0.0030525678
1.819142e-07,-0.0030561581
1.820142e-07,-0.003054722
1.821142e-07,-0.0030475414
1.822142e-07,-0.0030382066
1.823142e-07,-0.0030331801
1.824142e-07,-0.0030346163
1.825142e-07,-0.0030425149
1.826142e-07,-0.0030511317
1.827142e-07,-0.0030561581
1.828142e-07,-0.0030532858
1.829142e-07,-0.003043233
1.830142e-07,-0.003031026
1.831142e-07,-0.0030216912
1.832142e-07,-0.0030188189
1.833142e-07,-0.0030224092
1.834142e-07,-0.0030281537
1.835142e-07,-0.0030331801
1.836142e-07,-0.0030338982
1.837142e-07,-0.0030324621
1.838142e-07,-0.003031026
1.839142e-07,-0.0030331801
1.840142e-07,-0.0030403608
1.841142e-07,-0.0030504136
1.842142e-07,-0.0030568761
1.843142e-07,-0.0030561581
1.844142e-07,-0.0030461052
1.845142e-07,-0.0030288718
1.846142e-07,-0.0030116383
1.847142e-07,-0.0029987132
1.848142e-07,-0.0029944049
1.849142e-07,-0.0029965591
1.850142e-07,-0.0029994313
1.851142e-07,-0.0029987132
1.852142e-07,-0.0029908146
1.853142e-07,-0.0029764534
1.854142e-07,-0.0029620921
1.855142e-07,-0.0029527574
1.856142e-07,-0.0029527574
1.857142e-07,-0.0029613741
1.858142e-07,-0.0029742992
1.859142e-07,-0.0029872243
1.860142e-07,-0.002995841
1.861142e-07,-0.0029987132
1.862142e-07,-0.0029987132
1.863142e-07,-0.0029987132
1.864142e-07,-0.0029994313
1.865142e-07,-0.0030001494
1.866142e-07,-0.0029972771
1.867142e-07,-0.0029872243
1.868142e-07,-0.0029707089
1.869142e-07,-0.0029520393
1.870142e-07,-0.002936242
1.871142e-07,-0.0029297794
1.872142e-07,-0.0029348058
1.873142e-07,-0.0029498851
1.874142e-07,-0.0029692727
1.875142e-07,-0.0029872243
1.876142e-07,-0.0029987132
1.877142e-07,-0.0030044577
1.878142e-07,-0.0030066119
1.879142e-07,-0.0030102022
1.880142e-07,-0.0030173828
1.881142e-07,-0.0030274357
1.882142e-07,-0.0030374885
1.883142e-07,-0.0030446691
1.884142e-07,-0.0030468233
1.885142e-07,-0.0030446691
1.886142e-07,-0.0030425149
1.887142e-07,-0.0030446691
1.888142e-07,-0.0030532858
1.889142e-07,-0.0030676471
1.890142e-07,-0.0030848805
1.891142e-07,-0.003102114
1.892142e-07,-0.0031164752
1.893142e-07,-0.0031279642
1.894142e-07,-0.0031387351
1.895142e-07,-0.0031480699
1.896142e-07,-0.0031559685
1.897142e-07,-0.0031602769
1.898142e-07,-0.0031581227
1.899142e-07,-0.0031480699
1.900142e-07,-0.0031329906
1.901142e-07,-0.0031186294
1.902142e-07,-0.0031107307
1.903142e-07,-0.0031136029
1.904142e-07,-0.003126528
1.905142e-07,-0.0031430434
1.906142e-07,-0.0031559685
1.907142e-07,-0.0031595588
1.908142e-07,-0.0031523782
1.909142e-07,-0.0031394531
1.910142e-07,-0.0031279642
1.911142e-07,-0.0031250919
1.912142e-07,-0.0031337086
1.913142e-07,-0.003149506
1.914142e-07,-0.0031645852
1.915142e-07,-0.0031710478
1.916142e-07,-0.0031638672
1.917142e-07,-0.0031451976
1.918142e-07,-0.0031215016
1.919142e-07,-0.003102114
1.920142e-07,-0.0030934972
1.921142e-07,-0.0030978056
1.922142e-07,-0.0031107307
1.923142e-07,-0.0031250919
1.924142e-07,-0.0031351448
1.925142e-07,-0.0031372989
1.926142e-07,-0.0031329906
1.927142e-07,-0.0031250919
1.928142e-07,-0.0031171932
1.929142e-07,-0.0031114488
1.930142e-07,-0.0031064223
1.931142e-07,-0.003102114
1.932142e-07,-0.0030970875
1.933142e-07,-0.0030913431
1.934142e-07,-0.0030884708
1.935142e-07,-0.003090625
1.936142e-07,-0.0030978056
1.937142e-07,-0.0031092946
1.938142e-07,-0.0031193474
1.939142e-07,-0.0031250919
1.940142e-07,-0.0031236558
1.941142e-07,-0.0031171932
1.942142e-07,-0.0031085765
1.943142e-07,-0.003102114
1.944142e-07,-0.003102114
1.945142e-07,-0.0031085765
1.946142e-07,-0.0031207835
1.947142e-07,-0.0031365809
1.948142e-07,-0.0031538143
1.949142e-07,-0.0031710478
1.950142e-07,-0.0031882812
1.951142e-07,-0.0032055147
1.952142e-07,-0.003221312
1.953142e-07,-0.003232801
1.954142e-07,-0.0032385455
1.955142e-07,-0.0032399816
1.956142e-07,-0.0032392636
1.957142e-07,-0.0032399816
1.958142e-07,-0.0032478803
1.959142e-07,-0.0032629596
1.960142e-07,-0.0032823472
1.961142e-07,-0.0032995807
1.962142e-07,-0.0033096335
1.963142e-07,-0.0033089154
1.964142e-07,-0.0032995807
1.965142e-07,-0.0032873736
1.966142e-07,-0.0032816291
1.967142e-07,-0.0032859375
1.968142e-07,-0.0033017348
1.969142e-07,-0.0033225586
1.970142e-07,-0.0033426643
1.971142e-07,-0.0033548713
1.972142e-07,-0.0033570255
1.973142e-07,-0.0033527171
1.974142e-07,-0.0033469727
1.975142e-07,-0.0033433824
1.976142e-07,-0.0033433824
1.977142e-07,-0.0033441004
1.978142e-07,-0.0033412282
1.979142e-07,-0.0033318934
1.980142e-07,-0.0033189683
1.981142e-07,-0.0033081974
1.982142e-07,-0.0033074793
1.983142e-07,-0.0033204044
1.984142e-07,-0.0033448185
1.985142e-07,-0.0033735409
1.986142e-07,-0.0033943647
1.987142e-07,-0.0034008272
1.988142e-07,-0.0033907744
1.989142e-07,-0.0033713867
1.990142e-07,-0.0033527171
1.991142e-07,-0.0033433824
1.992142e-07,-0.0033476907
1.993142e-07,-0.0033606158
1.994142e-07,-0.003374259
1.995142e-07,-0.0033778493
1.996142e-07,-0.0033677964
1.997142e-07,-0.0033476907
1.998142e-07,-0.0033247128
1.999142e-07,-0.0033089154
2.000142e-07,-0.0033046071
2.001142e-07,-0.0033117877
2.002142e-07,-0.0033232767
2.003142e-07,-0.0033318934
2.004142e-07,-0.0033333295
2.005142e-07,-0.0033290211
2.006142e-07,-0.0033225586
2.007142e-07,-0.0033204044
2.008142e-07,-0.0033247128
2.009142e-07,-0.0033333295
2.010142e-07,-0.0033412282
2.011142e-07,-0.0033433824
2.012142e-07,-0.003339792
2.013142e-07,-0.0033340476
2.014142e-07,-0.0033333295
2.015142e-07,-0.0033433824
2.016142e-07,-0.0033656422
2.017142e-07,-0.0033943647
2.018142e-07,-0.0034202148
2.019142e-07,-0.0034352941
2.020142e-07,-0.0034352941
2.021142e-07,-0.0034238051
2.022142e-07,-0.0034094439
2.023142e-07,-0.0034008272
2.024142e-07,-0.0034029814
2.025142e-07,-0.0034137523
2.026142e-07,-0.0034273955
2.027142e-07,-0.0034352941
2.028142e-07,-0.0034331399
2.029142e-07,-0.003422369
2.030142e-07,-0.0034087259
2.031142e-07,-0.0034008272
2.032142e-07,-0.0034022633
2.033142e-07,-0.0034137523
2.034142e-07,-0.0034309858
2.035142e-07,-0.0034467831
2.036142e-07,-0.0034582721
2.037142e-07,-0.0034640165
2.038142e-07,-0.0034668888
2.039142e-07,-0.003469761
2.040142e-07,-0.0034733513
2.041142e-07,-0.0034740694
2.042142e-07,-0.003469761
2.043142e-07,-0.0034582721
2.044142e-07,-0.0034417567
2.045142e-07,-0.0034259593
2.046142e-07,-0.0034180607
2.047142e-07,-0.0034238051
2.048142e-07,-0.0034403205
2.049142e-07,-0.0034611443
2.050142e-07,-0.0034769416
2.051142e-07,-0.00348125
2.052142e-07,-0.0034733513
2.053142e-07,-0.0034604262
2.054142e-07,-0.0034525276
2.055142e-07,-0.0034582721
2.056142e-07,-0.0034783778
2.057142e-07,-0.0035078182
2.058142e-07,-0.0035343865
2.059142e-07,-0.0035501838
2.060142e-07,-0.0035509019
2.061142e-07,-0.003540849
2.062142e-07,-0.0035300781
2.063142e-07,-0.0035272059
2.064142e-07,-0.0035365407
2.065142e-07,-0.0035544922
2.066142e-07,-0.0035731618
2.067142e-07,-0.0035846507
2.068142e-07,-0.0035853688
2.069142e-07,-0.0035803424
2.070142e-07,-0.0035774701
2.071142e-07,-0.0035846507
2.072142e-07,-0.0036054745
2.073142e-07,-0.0036334789
2.074142e-07,-0.0036607652
2.075142e-07,-0.0036765625
2.076142e-07,-0.0036772806
2.077142e-07,-0.0036672277
2.078142e-07,-0.0036557387
2.079142e-07,-0.0036535846
2.080142e-07,-0.0036657916
2.081142e-07,-0.0036894876
2.082142e-07,-0.0037160558
2.083142e-07,-0.0037340074
2.084142e-07,-0.0037375977
2.085142e-07,-0.0037275448
2.086142e-07,-0.0037110294
2.087142e-07,-0.0036995404
2.088142e-07,-0.0036981043
2.089142e-07,-0.0037081572
2.090142e-07,-0.0037225184
2.091142e-07,-0.0037340074
2.092142e-07,-0.0037375977
2.093142e-07,-0.0037325712
2.094142e-07,-0.0037253906
2.095142e-07,-0.0037225184
2.096142e-07,-0.0037282629
2.097142e-07,-0.003741188
2.098142e-07,-0.0037569853
2.099142e-07,-0.0037684743
2.100142e-07,-0.0037720646
2.101142e-07,-0.0037684743
2.102142e-07,-0.0037612937
2.103142e-07,-0.0037569853
2.104142e-07,-0.0037577034
2.105142e-07,-0.0037620117
2.106142e-07,-0.0037663201
2.107142e-07,-0.0037684743
2.108142e-07,-0.0037677562
2.109142e-07,-0.0037677562
2.110142e-07,-0.0037742188
2.111142e-07,-0.0037914522
2.112142e-07,-0.0038180205
2.113142e-07,-0.0038460248
2.114142e-07,-0.0038668486
2.115142e-07,-0.003871875
2.116142e-07,-0.003860386
2.117142e-07,-0.0038374081
2.118142e-07,-0.0038151482
2.119142e-07,-0.0038029412
2.120142e-07,-0.0038058134
2.121142e-07,-0.0038216108
2.122142e-07,-0.0038424345
2.123142e-07,-0.003860386
2.124142e-07,-0.0038704389
2.125142e-07,-0.0038754653
2.126142e-07,-0.0038812098
2.127142e-07,-0.0038948529
2.128142e-07,-0.0039185489
2.129142e-07,-0.0039472714
2.130142e-07,-0.0039731216
2.131142e-07,-0.0039867647
2.132142e-07,-0.0039846105
2.133142e-07,-0.0039702493
2.134142e-07,-0.0039522978
2.135142e-07,-0.0039408088
2.136142e-07,-0.0039408088
2.137142e-07,-0.0039530159
2.138142e-07,-0.0039709674
2.139142e-07,-0.0039867647
2.140142e-07,-0.0039953814
2.141142e-07,-0.0039975356
2.142142e-07,-0.0039968176
2.143142e-07,-0.0039982537
2.144142e-07,-0.0040054343
2.145142e-07,-0.0040147691
2.146142e-07,-0.0040219497
2.147142e-07,-0.0040212316
2.148142e-07,-0.0040104607
2.149142e-07,-0.0039932273
2.150142e-07,-0.0039752757
2.151142e-07,-0.0039637868
2.152142e-07,-0.0039601965
2.153142e-07,-0.0039609145
2.154142e-07,-0.0039601965
2.155142e-07,-0.0039522978
2.156142e-07,-0.0039357824
2.157142e-07,-0.0039163948
2.158142e-07,-0.0038998794
2.159142e-07,-0.0038948529
2.160142e-07,-0.0039020335
2.161142e-07,-0.0039156767
2.162142e-07,-0.0039278837
2.163142e-07,-0.0039293199
2.164142e-07,-0.0039163948
2.165142e-07,-0.0038926988
2.166142e-07,-0.0038668486
2.167142e-07,-0.0038488971
2.168142e-07,-0.0038431526
2.169142e-07,-0.0038474609
2.170142e-07,-0.0038560777
2.171142e-07,-0.003860386
2.172142e-07,-0.0038567957
2.173142e-07,-0.0038467429
2.174142e-07,-0.0038381261
2.175142e-07,-0.0038374081
2.176142e-07,-0.003848179
2.177142e-07,-0.0038690028
2.178142e-07,-0.0038912626
2.179142e-07,-0.0039063419
2.180142e-07,-0.0039092142
2.181142e-07,-0.0039013155
2.182142e-07,-0.0038862362
2.183142e-07,-0.003871875
2.184142e-07,-0.0038632583
2.185142e-07,-0.003860386
2.186142e-07,-0.003860386
2.187142e-07,-0.003860386
2.188142e-07,-0.0038575138
2.189142e-07,-0.0038546415
2.190142e-07,-0.0038546415
2.191142e-07,-0.003860386
2.192142e-07,-0.003871875
2.193142e-07,-0.0038848001
2.194142e-07,-0.0038941349
2.195142e-07,-0.0038948529
2.196142e-07,-0.0038883904
2.197142e-07,-0.0038804917
2.198142e-07,-0.0038769014
2.199142e-07,-0.003883364
2.200142e-07,-0.0038984432
2.201142e-07,-0.0039156767
2.202142e-07,-0.0039278837
2.203142e-07,-0.0039293199
2.204142e-07,-0.0039214212
2.205142e-07,-0.0039113683
2.206142e-07,-0.0039084961
2.207142e-07,-0.0039178309
2.208142e-07,-0.0039386546
2.209142e-07,-0.0039637868
2.210142e-07,-0.0039824563
2.211142e-07,-0.0039867647
2.212142e-07,-0.0039774299
2.213142e-07,-0.0039616326
2.214142e-07,-0.0039501436
2.215142e-07,-0.0039522978
2.216142e-07,-0.0039680951
2.217142e-07,-0.0039896369
2.218142e-07,-0.0040068704
2.219142e-07,-0.0040097426
2.220142e-07,-0.0039989717
2.221142e-07,-0.0039838925
2.222142e-07,-0.0039759938
2.223142e-07,-0.0039867647
2.224142e-07,-0.0040169233
2.225142e-07,-0.0040556985
2.226142e-07,-0.0040894474
2.227142e-07,-0.0041016544
2.228142e-07,-0.0040887293
2.229142e-07,-0.0040564166
2.230142e-07,-0.0040205136
2.231142e-07,-0.0039982537
2.232142e-07,-0.0039989717
2.233142e-07,-0.0040212316
2.234142e-07,-0.0040564166
2.235142e-07,-0.0040901654
2.236142e-07,-0.0041138614
2.237142e-07,-0.0041253504
2.238142e-07,-0.0041303768
2.239142e-07,-0.0041361213
2.240142e-07,-0.0041476103
2.241142e-07,-0.0041634076
2.242142e-07,-0.0041770508
2.243142e-07,-0.0041820772
2.244142e-07,-0.0041770508
2.245142e-07,-0.0041662799
2.246142e-07,-0.0041576631
2.247142e-07,-0.0041590993
2.248142e-07,-0.0041727424
2.249142e-07,-0.0041928481
2.250142e-07,-0.0042100816
2.251142e-07,-0.0042165441
2.252142e-07,-0.0042107996
2.253142e-07,-0.0041978745
2.254142e-07,-0.0041892578
2.255142e-07,-0.0041935662
2.256142e-07,-0.0042136719
2.257142e-07,-0.0042431124
2.258142e-07,-0.0042703987
2.259142e-07,-0.0042854779
2.260142e-07,-0.0042840418
2.261142e-07,-0.0042703987
2.262142e-07,-0.0042560375
2.263142e-07,-0.004251011
2.264142e-07,-0.0042596278
2.265142e-07,-0.0042790154
2.266142e-07,-0.004297685
2.267142e-07,-0.0043084559
2.268142e-07,-0.0043077378
2.269142e-07,-0.0043012753
2.270142e-07,-0.004298403
2.271142e-07,-0.0043084559
2.272142e-07,-0.0043321519
2.273142e-07,-0.0043637466
2.274142e-07,-0.0043895967
2.275142e-07,-0.0044003676
2.276142e-07,-0.004393187
2.277142e-07,-0.0043745175
2.278142e-07,-0.004357284
2.279142e-07,-0.0043544118
2.280142e-07,-0.004368773
2.281142e-07,-0.0043953412
2.282142e-07,-0.0044211914
2.283142e-07,-0.0044348346
2.284142e-07,-0.0044312443
2.285142e-07,-0.004416165
2.286142e-07,-0.0044018038
2.287142e-07,-0.0044003676
2.288142e-07,-0.0044176011
2.289142e-07,-0.0044491958
2.290142e-07,-0.0044822266
2.291142e-07,-0.0045037684
2.292142e-07,-0.0045073587
2.293142e-07,-0.0044944336
2.294142e-07,-0.0044743279
2.295142e-07,-0.0044578125
2.296142e-07,-0.0044499138
2.297142e-07,-0.0044484777
2.298142e-07,-0.0044456055
2.299142e-07,-0.0044348346
2.300142e-07,-0.0044140108
2.301142e-07,-0.0043910329
2.302142e-07,-0.0043752355
2.303142e-07,-0.0043773897
2.304142e-07,-0.0043982135
2.305142e-07,-0.0044298081
2.306142e-07,-0.0044570944
2.307142e-07,-0.0044693015
2.308142e-07,-0.0044606847
2.309142e-07,-0.0044355526
2.310142e-07,-0.0044082663
2.311142e-07,-0.0043888787
2.312142e-07,-0.0043845703
2.313142e-07,-0.0043910329
2.314142e-07,-0.0043989315
2.315142e-07,-0.0044003676
2.316142e-07,-0.0043917509
2.317142e-07,-0.0043788258
2.318142e-07,-0.0043716452
2.319142e-07,-0.0043773897
2.320142e-07,-0.0043967773
2.321142e-07,-0.0044211914
2.322142e-07,-0.0044377068
2.323142e-07,-0.0044348346
2.324142e-07,-0.0044125747
2.325142e-07,-0.0043802619
2.326142e-07,-0.0043529756
2.327142e-07,-0.0043429228
2.328142e-07,-0.0043522576
2.329142e-07,-0.0043709272
2.330142e-07,-0.0043838523
2.331142e-07,-0.0043773897
2.332142e-07,-0.0043486673
2.333142e-07,-0.0043084559
2.334142e-07,-0.004273989
2.335142e-07,-0.0042625
2.336142e-07,-0.0042790154
2.337142e-07,-0.0043163545
2.338142e-07,-0.0043551298
2.339142e-07,-0.0043773897
2.340142e-07,-0.0043723633
2.341142e-07,-0.0043429228
2.342142e-07,-0.0043048656
2.343142e-07,-0.004273989
2.344142e-07,-0.0042625
2.345142e-07,-0.0042696806
2.346142e-07,-0.0042854779
2.347142e-07,-0.0042969669
2.348142e-07,-0.0042955308
2.349142e-07,-0.0042826057
2.350142e-07,-0.0042675264
2.351142e-07,-0.0042625
2.352142e-07,-0.0042725528
2.353142e-07,-0.0042933766
2.354142e-07,-0.0043134823
2.355142e-07,-0.0043199449
2.356142e-07,-0.0043063017
2.357142e-07,-0.0042754251
2.358142e-07,-0.0042409582
2.359142e-07,-0.0042165441
2.360142e-07,-0.0042107996
2.361142e-07,-0.0042237247
2.362142e-07,-0.0042445485
2.363142e-07,-0.0042625
2.364142e-07,-0.0042689625
2.365142e-07,-0.0042646542
2.366142e-07,-0.0042553194
2.367142e-07,-0.004251011
2.368142e-07,-0.0042546013
2.369142e-07,-0.0042632181
2.370142e-07,-0.0042682445
2.371142e-07,-0.0042625
2.372142e-07,-0.0042438304
2.373142e-07,-0.0042194164
2.374142e-07,-0.0041993107
2.375142e-07,-0.0041935662
2.376142e-07,-0.0042050551
2.377142e-07,-0.004226597
2.378142e-07,-0.0042459846
2.379142e-07,-0.004251011
2.380142e-07,-0.004238804
2.381142e-07,-0.0042143899
2.382142e-07,-0.004191412
2.383142e-07,-0.0041820772
2.384142e-07,-0.0041906939
2.385142e-07,-0.0042115177
2.386142e-07,-0.0042323415
2.387142e-07,-0.0042395221
2.388142e-07,-0.0042287511
2.389142e-07,-0.0042050551
2.390142e-07,-0.0041813591
2.391142e-07,-0.0041705882
2.392142e-07,-0.0041784869
2.393142e-07,-0.0042007468
2.394142e-07,-0.0042251608
2.395142e-07,-0.0042395221
2.396142e-07,-0.0042366498
2.397142e-07,-0.0042208525
2.398142e-07,-0.0042021829
2.399142e-07,-0.0041935662
2.400142e-07,-0.0042007468
2.401142e-07,-0.0042208525
2.402142e-07,-0.0042416762
2.403142e-07,-0.004251011
2.404142e-07,-0.0042423943
2.405142e-07,-0.0042186983
2.406142e-07,-0.0041906939
2.407142e-07,-0.0041705882
2.408142e-07,-0.0041669979
2.409142e-07,-0.0041784869
2.410142e-07,-0.0041978745
2.411142e-07,-0.0042165441
2.412142e-07,-0.0042280331
2.413142e-07,-0.0042337776
2.414142e-07,-0.0042395221
2.415142e-07,-0.004251011
2.416142e-07,-0.0042689625
2.417142e-07,-0.004286196
2.418142e-07,-0.0042940947
2.419142e-07,-0.0042854779
2.420142e-07,-0.0042603458
2.421142e-07,-0.0042294692
2.422142e-07,-0.0042072093
2.423142e-07,-0.0042050551
2.424142e-07,-0.0042258789
2.425142e-07,-0.0042610639
2.426142e-07,-0.0042933766
2.427142e-07,-0.0043084559
2.428142e-07,-0.004298403
2.429142e-07,-0.0042696806
2.430142e-07,-0.0042373679
2.431142e-07,-0.0042165441
2.432142e-07,-0.0042179802
2.433142e-07,-0.0042380859
2.434142e-07,-0.0042660903
2.435142e-07,-0.0042854779
2.436142e-07,-0.004286196
2.437142e-07,-0.0042682445
2.438142e-07,-0.0042409582
2.439142e-07,-0.0042165441
2.440142e-07,-0.0042057732
2.441142e-07,-0.0042100816
2.442142e-07,-0.0042251608
2.443142e-07,-0.0042395221
2.444142e-07,-0.0042467027
2.445142e-07,-0.0042438304
2.446142e-07,-0.0042359318
2.447142e-07,-0.0042280331
2.448142e-07,-0.0042251608
2.449142e-07,-0.004226597
2.450142e-07,-0.0042287511
2.451142e-07,-0.0042280331
2.452142e-07,-0.0042222886
2.453142e-07,-0.0042158261
2.454142e-07,-0.0042129538
2.455142e-07,-0.0042165441
2.456142e-07,-0.0042251608
2.457142e-07,-0.0042323415
2.458142e-07,-0.0042301873
2.459142e-07,-0.0042165441
2.460142e-07,-0.0041950023
2.461142e-07,-0.0041770508
2.462142e-07,-0.0041748966
2.463142e-07,-0.0041935662
2.464142e-07,-0.0042294692
2.465142e-07,-0.0042689625
2.466142e-07,-0.0042955308
2.467142e-07,-0.0042969669
2.468142e-07,-0.004273989
2.469142e-07,-0.0042395221
2.470142e-07,-0.0042115177
2.471142e-07,-0.0042050551
2.472142e-07,-0.0042244428
2.473142e-07,-0.0042596278
2.474142e-07,-0.0042926585
2.475142e-07,-0.0043084559
2.476142e-07,-0.0042998392
2.477142e-07,-0.004274707
2.478142e-07,-0.0042495749
2.479142e-07,-0.0042395221
2.480142e-07,-0.0042531652
2.481142e-07,-0.0042854779
2.482142e-07,-0.0043206629
2.483142e-07,-0.0043429228
2.484142e-07,-0.0043429228
2.485142e-07,-0.0043228171
2.486142e-07,-0.0042948127
2.487142e-07,-0.004273989
2.488142e-07,-0.0042703987
2.489142e-07,-0.0042826057
2.490142e-07,-0.0043034295
2.491142e-07,-0.0043199449
2.492142e-07,-0.0043256893
2.493142e-07,-0.004322099
2.494142e-07,-0.0043170726
2.495142e-07,-0.0043199449
2.496142e-07,-0.004333588
2.497142e-07,-0.0043544118
2.498142e-07,-0.0043723633
2.499142e-07,-0.0043773897
2.500142e-07,-0.0043659007
2.501142e-07,-0.0043436409
2.502142e-07,-0.0043206629
2.503142e-07,-0.0043084559
2.504142e-07,-0.0043113281
2.505142e-07,-0.0043242532
2.506142e-07,-0.0043378964
2.507142e-07,-0.0043429228
2.508142e-07,-0.0043371783
2.509142e-07,-0.0043264074
2.510142e-07,-0.004321381
2.511142e-07,-0.0043314338
2.512142e-07,-0.0043565659
2.513142e-07,-0.0043874426
2.514142e-07,-0.0044097024
2.515142e-07,-0.0044118566
2.516142e-07,-0.0043917509
2.517142e-07,-0.0043587201
2.518142e-07,-0.0043292796
2.519142e-07,-0.0043199449
2.520142e-07,-0.0043357422
2.521142e-07,-0.0043709272
2.522142e-07,-0.0044097024
2.523142e-07,-0.0044348346
2.524142e-07,-0.0044391429
2.525142e-07,-0.0044262178
2.526142e-07,-0.0044082663
2.527142e-07,-0.0044003676
2.528142e-07,-0.0044104205
2.529142e-07,-0.0044348346
2.530142e-07,-0.0044628389
2.531142e-07,-0.0044807904
2.532142e-07,-0.0044815085
2.533142e-07,-0.0044671473
2.534142e-07,-0.0044470416
2.535142e-07,-0.0044348346
2.536142e-07,-0.0044355526
2.537142e-07,-0.0044477597
2.538142e-07,-0.0044621209
2.539142e-07,-0.0044693015
2.540142e-07,-0.0044649931
2.541142e-07,-0.0044535041
2.542142e-07,-0.0044441693
2.543142e-07,-0.0044463235
2.544142e-07,-0.004463557
2.545142e-07,-0.0044894072
2.546142e-07,-0.0045138212
2.547142e-07,-0.0045267463
2.548142e-07,-0.0045253102
2.549142e-07,-0.0045159754
2.550142e-07,-0.0045095129
2.551142e-07,-0.0045152574
2.552142e-07,-0.004534645
2.553142e-07,-0.0045604952
2.554142e-07,-0.0045798828
2.555142e-07,-0.0045841912
2.556142e-07,-0.0045719841
2.557142e-07,-0.0045540326
2.558142e-07,-0.004546852
2.559142e-07,-0.0045612132
2.560142e-07,-0.0045999885
2.561142e-07,-0.0046524069
2.562142e-07,-0.0046983628
2.563142e-07,-0.0047220588
2.564142e-07,-0.0047155963
2.565142e-07,-0.0046868739
2.566142e-07,-0.0046524069
2.567142e-07,-0.0046301471
2.568142e-07,-0.004629429
2.569142e-07,-0.0046480986
2.570142e-07,-0.0046725126
2.571142e-07,-0.0046875919
2.572142e-07,-0.0046854377
2.573142e-07,-0.0046689223
2.574142e-07,-0.0046495347
2.575142e-07,-0.004641636
2.576142e-07,-0.0046509708
2.577142e-07,-0.0046746668
2.578142e-07,-0.0046990809
2.579142e-07,-0.0047105699
2.580142e-07,-0.0047026712
2.581142e-07,-0.0046775391
2.582142e-07,-0.0046488166
2.583142e-07,-0.0046301471
2.584142e-07,-0.004629429
2.585142e-07,-0.0046437902
2.586142e-07,-0.0046638959
2.587142e-07,-0.0046761029
2.588142e-07,-0.0046739488
2.589142e-07,-0.0046603056
2.590142e-07,-0.0046459444
2.591142e-07,-0.004641636
2.592142e-07,-0.0046538431
2.593142e-07,-0.0046796932
2.594142e-07,-0.0047062615
2.595142e-07,-0.0047220588
2.596142e-07,-0.0047199046
2.597142e-07,-0.0047019531
2.598142e-07,-0.0046789752
2.599142e-07,-0.004664614
2.600142e-07,-0.004664614
2.601142e-07,-0.0046775391
2.602142e-07,-0.0046933364
2.603142e-07,-0.0046990809
2.604142e-07,-0.004689028
2.605142e-07,-0.0046667682
2.606142e-07,-0.0046430722
2.607142e-07,-0.0046301471
2.608142e-07,-0.0046358915
2.609142e-07,-0.0046588695
2.610142e-07,-0.00468831
2.611142e-07,-0.0047105699
2.612142e-07,-0.0047170324
2.613142e-07,-0.0047062615
2.614142e-07,-0.0046854377
2.615142e-07,-0.004664614
2.616142e-07,-0.0046516889
2.617142e-07,-0.0046480986
2.618142e-07,-0.0046466625
2.619142e-07,-0.004641636
2.620142e-07,-0.0046287109
2.621142e-07,-0.0046114775
2.622142e-07,-0.0045978343
2.623142e-07,-0.0045956801
2.624142e-07,-0.0046086052
2.625142e-07,-0.0046323012
2.626142e-07,-0.0046545611
2.627142e-07,-0.004664614
2.628142e-07,-0.0046552792
2.629142e-07,-0.004629429
2.630142e-07,-0.0045971163
2.631142e-07,-0.0045727022
2.632142e-07,-0.0045640855
2.633142e-07,-0.0045727022
2.634142e-07,-0.0045906537
2.635142e-07,-0.0046071691
2.636142e-07,-0.0046121955
2.637142e-07,-0.0046050149
2.638142e-07,-0.0045884995
2.639142e-07,-0.0045727022
2.640142e-07,-0.0045640855
2.641142e-07,-0.0045648035
2.642142e-07,-0.00456983
2.643142e-07,-0.0045727022
2.644142e-07,-0.0045669577
2.645142e-07,-0.0045504423
2.646142e-07,-0.0045274644
2.647142e-07,-0.0045037684
2.648142e-07,-0.0044850988
2.649142e-07,-0.0044743279
2.650142e-07,-0.0044700195
2.651142e-07,-0.0044693015
2.652142e-07,-0.0044700195
2.653142e-07,-0.0044721737
2.654142e-07,-0.004475764
2.655142e-07,-0.0044807904
2.656142e-07,-0.0044865349
2.657142e-07,-0.004487971
2.658142e-07,-0.0044829446
2.659142e-07,-0.0044693015
2.660142e-07,-0.004452068
2.661142e-07,-0.0044384249
2.662142e-07,-0.0044355526
2.663142e-07,-0.0044463235
2.664142e-07,-0.0044671473
2.665142e-07,-0.0044886891
2.666142e-07,-0.004498742
2.667142e-07,-0.0044922794
2.668142e-07,-0.0044700195
2.669142e-07,-0.0044427332
2.670142e-07,-0.0044240636
2.671142e-07,-0.0044233456
2.672142e-07,-0.0044427332
2.673142e-07,-0.0044736098
2.674142e-07,-0.0045023323
2.675142e-07,-0.0045152574
2.676142e-07,-0.0045073587
2.677142e-07,-0.0044836627
2.678142e-07,-0.0044549403
2.679142e-07,-0.0044348346
2.680142e-07,-0.0044305262
2.681142e-07,-0.004440579
2.682142e-07,-0.0044570944
2.683142e-07,-0.0044693015
2.684142e-07,-0.0044707376
2.685142e-07,-0.0044628389
2.686142e-07,-0.004452068
2.687142e-07,-0.0044463235
2.688142e-07,-0.0044499138
2.689142e-07,-0.0044621209
2.690142e-07,-0.004475046
2.691142e-07,-0.0044807904
2.692142e-07,-0.004475046
2.693142e-07,-0.0044599667
2.694142e-07,-0.004439861
2.695142e-07,-0.0044233456
2.696142e-07,-0.0044140108
2.697142e-07,-0.0044111386
2.698142e-07,-0.0044118566
2.699142e-07,-0.0044118566
2.700142e-07,-0.0044118566
2.701142e-07,-0.0044147289
2.702142e-07,-0.0044254998
2.703142e-07,-0.0044463235
2.704142e-07,-0.0044736098
2.705142e-07,-0.0044980239
2.706142e-07,-0.0045102309
2.707142e-07,-0.0045037684
2.708142e-07,-0.0044807904
2.709142e-07,-0.0044499138
2.710142e-07,-0.0044240636
2.711142e-07,-0.0044118566
2.712142e-07,-0.0044154469
2.713142e-07,-0.004427654
2.714142e-07,-0.0044369887
2.715142e-07,-0.0044348346
2.716142e-07,-0.0044204733
2.717142e-07,-0.0044003676
2.718142e-07,-0.0043867245
2.719142e-07,-0.0043888787
2.720142e-07,-0.0044075483
2.721142e-07,-0.0044333984
2.722142e-07,-0.0044542222
2.723142e-07,-0.0044578125
2.724142e-07,-0.0044420152
2.725142e-07,-0.0044147289
2.726142e-07,-0.0043888787
2.727142e-07,-0.0043773897
2.728142e-07,-0.0043852884
2.729142e-07,-0.0044075483
2.730142e-07,-0.0044319623
2.731142e-07,-0.0044463235
2.732142e-07,-0.0044456055
2.733142e-07,-0.0044348346
2.734142e-07,-0.0044233456
2.735142e-07,-0.0044233456
2.736142e-07,-0.0044377068
2.737142e-07,-0.0044614028
2.738142e-07,-0.0044836627
2.739142e-07,-0.0044922794
2.740142e-07,-0.0044843807
2.741142e-07,-0.0044657112
2.742142e-07,-0.0044491958
2.743142e-07,-0.0044463235
2.744142e-07,-0.0044621209
2.745142e-07,-0.0044908433
2.746142e-07,-0.0045202838
2.747142e-07,-0.0045382353
2.748142e-07,-0.0045382353
2.749142e-07,-0.0045245921
2.750142e-07,-0.0045087948
2.751142e-07,-0.0045037684
2.752142e-07,-0.0045166935
2.753142e-07,-0.0045432617
2.754142e-07,-0.0045741383
2.755142e-07,-0.0045956801
2.756142e-07,-0.0046014246
2.757142e-07,-0.004593526
2.758142e-07,-0.0045798828
2.759142e-07,-0.0045727022
2.760142e-07,-0.0045777286
2.761142e-07,-0.004594244
2.762142e-07,-0.0046150678
2.763142e-07,-0.0046301471
2.764142e-07,-0.0046358915
2.765142e-07,-0.0046351735
2.766142e-07,-0.0046351735
2.767142e-07,-0.004641636
2.768142e-07,-0.0046581514
2.769142e-07,-0.0046782571
2.770142e-07,-0.0046947725
2.771142e-07,-0.0046990809
2.772142e-07,-0.0046904642
2.773142e-07,-0.0046746668
2.774142e-07,-0.0046631778
2.775142e-07,-0.004664614
2.776142e-07,-0.0046804113
2.777142e-07,-0.0047033892
2.778142e-07,-0.0047206227
2.779142e-07,-0.0047220588
2.780142e-07,-0.0047062615
2.781142e-07,-0.0046825655
2.782142e-07,-0.0046638959
2.783142e-07,-0.004664614
2.784142e-07,-0.00468831
2.785142e-07,-0.0047270852
2.786142e-07,-0.0047665786
2.787142e-07,-0.0047909926
2.788142e-07,-0.0047931468
2.789142e-07,-0.0047773495
2.790142e-07,-0.0047565257
2.791142e-07,-0.0047450368
2.792142e-07,-0.0047514993
2.793142e-07,-0.0047737592
2.794142e-07,-0.0048024816
2.795142e-07,-0.0048254596
2.796142e-07,-0.0048355124
2.797142e-07,-0.0048340763
2.798142e-07,-0.004830486
2.799142e-07,-0.0048369485
2.800142e-07,-0.0048584903
2.801142e-07,-0.0048915211
2.802142e-07,-0.0049267061
2.803142e-07,-0.0049518382
2.804142e-07,-0.004960455
2.805142e-07,-0.0049547105
2.806142e-07,-0.0049439396
2.807142e-07,-0.0049403493
2.808142e-07,-0.0049511202
2.809142e-07,-0.0049740981
2.810142e-07,-0.0050013844
2.811142e-07,-0.0050207721
2.812142e-07,-0.0050265165
2.813142e-07,-0.0050186179
2.814142e-07,-0.0050056928
2.815142e-07,-0.0049977941
2.816142e-07,-0.0050013844
2.817142e-07,-0.0050150276
2.818142e-07,-0.005032261
2.819142e-07,-0.00504375
2.820142e-07,-0.0050430319
2.821142e-07,-0.005032261
2.822142e-07,-0.0050178998
2.823142e-07,-0.0050092831
2.824142e-07,-0.0050114373
2.825142e-07,-0.0050229262
2.826142e-07,-0.0050365694
2.827142e-07,-0.00504375
2.828142e-07,-0.0050401597
2.829142e-07,-0.0050279527
2.830142e-07,-0.0050150276
2.831142e-07,-0.0050092831
2.832142e-07,-0.0050157456
2.833142e-07,-0.0050308249
2.834142e-07,-0.0050473403
2.835142e-07,-0.005055239
2.836142e-07,-0.0050494945
2.837142e-07,-0.0050329791
2.838142e-07,-0.0050121553
2.839142e-07,-0.0049977941
2.840142e-07,-0.0049949219
2.841142e-07,-0.0050028205
2.842142e-07,-0.0050143095
2.843142e-07,-0.0050207721
2.844142e-07,-0.0050157456
2.845142e-07,-0.0050006664
2.846142e-07,-0.0049798426
2.847142e-07,-0.0049633272
2.848142e-07,-0.0049554285
2.849142e-07,-0.0049568647
2.850142e-07,-0.0049618911
2.851142e-07,-0.0049633272
2.852142e-07,-0.0049561466
2.853142e-07,-0.0049410673
2.854142e-07,-0.0049223977
2.855142e-07,-0.0049058824
2.856142e-07,-0.0048951114
2.857142e-07,-0.0048886489
2.858142e-07,-0.0048821864
2.859142e-07,-0.0048714154
2.860142e-07,-0.0048534639
2.861142e-07,-0.0048319221
2.862142e-07,-0.0048125345
2.863142e-07,-0.0048024816
2.864142e-07,-0.0048039177
2.865142e-07,-0.0048132525
2.866142e-07,-0.0048233054
2.867142e-07,-0.0048254596
2.868142e-07,-0.0048161248
2.869142e-07,-0.0047967371
2.870142e-07,-0.0047744773
2.871142e-07,-0.0047565257
2.872142e-07,-0.0047486271
2.873142e-07,-0.0047507813
2.874142e-07,-0.004759398
2.875142e-07,-0.0047680147
2.876142e-07,-0.0047730411
2.877142e-07,-0.0047744773
2.878142e-07,-0.0047751953
2.879142e-07,-0.0047795037
2.880142e-07,-0.0047895565
2.881142e-07,-0.0048031997
2.882142e-07,-0.0048161248
2.883142e-07,-0.0048254596
2.884142e-07,-0.0048297679
2.885142e-07,-0.004830486
2.886142e-07,-0.0048319221
2.887142e-07,-0.0048369485
2.888142e-07,-0.0048448472
2.889142e-07,-0.0048520278
2.890142e-07,-0.0048534639
2.891142e-07,-0.0048484375
2.892142e-07,-0.0048391027
2.893142e-07,-0.0048326402
2.894142e-07,-0.0048383847
2.895142e-07,-0.0048599265
2.896142e-07,-0.0048951114
2.897142e-07,-0.0049353228
2.898142e-07,-0.0049690717
2.899142e-07,-0.0049863051
2.900142e-07,-0.004984869
2.901142e-07,-0.0049705078
2.902142e-07,-0.0049525563
2.903142e-07,-0.0049403493
2.904142e-07,-0.0049389131
2.905142e-07,-0.0049453757
2.906142e-07,-0.0049554285
2.907142e-07,-0.0049633272
2.908142e-07,-0.0049676356
2.909142e-07,-0.0049719439
2.910142e-07,-0.0049812787
2.911142e-07,-0.0049977941
2.912142e-07,-0.0050186179
2.913142e-07,-0.0050365694
2.914142e-07,-0.0050423139
2.915142e-07,-0.005032261
2.916142e-07,-0.0050092831
2.917142e-07,-0.004984151
2.918142e-07,-0.0049697898
2.919142e-07,-0.0049748162
2.920142e-07,-0.0049977941
2.921142e-07,-0.0050293888
2.922142e-07,-0.005055957
2.923142e-07,-0.0050667279
2.924142e-07,-0.0050609835
2.925142e-07,-0.0050459042
2.926142e-07,-0.0050365694
2.927142e-07,-0.00504375
2.928142e-07,-0.0050688821
2.929142e-07,-0.0051040671
2.930142e-07,-0.0051342256
2.931142e-07,-0.0051471507
2.932142e-07,-0.005138534
2.933142e-07,-0.005114838
2.934142e-07,-0.0050897059
2.935142e-07,-0.0050782169
2.936142e-07,-0.0050853975
2.937142e-07,-0.0051076574
2.938142e-07,-0.0051327895
2.939142e-07,-0.0051471507
2.940142e-07,-0.0051449966
2.941142e-07,-0.0051291992
2.942142e-07,-0.0051112477
2.943142e-07,-0.0051011949
2.944142e-07,-0.0051062213
2.945142e-07,-0.0051220186
2.946142e-07,-0.0051399701
2.947142e-07,-0.0051471507
2.948142e-07,-0.005138534
2.949142e-07,-0.0051155561
2.950142e-07,-0.0050882698
2.951142e-07,-0.0050667279
2.952142e-07,-0.0050566751
2.953142e-07,-0.005055957
2.954142e-07,-0.0050581112
2.955142e-07,-0.005055239
2.956142e-07,-0.0050459042
2.957142e-07,-0.0050336972
2.958142e-07,-0.0050265165
2.959142e-07,-0.005032261
2.960142e-07,-0.0050502125
2.961142e-07,-0.0050739085
2.962142e-07,-0.0050897059
2.963142e-07,-0.0050897059
2.964142e-07,-0.0050710363
2.965142e-07,-0.0050408778
2.966142e-07,-0.0050128734
2.967142e-07,-0.0049977941
2.968142e-07,-0.0050006664
2.969142e-07,-0.0050164637
2.970142e-07,-0.0050344152
2.971142e-07,-0.00504375
2.972142e-07,-0.0050408778
2.973142e-07,-0.0050293888
2.974142e-07,-0.005020054
2.975142e-07,-0.0050207721
2.976142e-07,-0.0050336972
2.977142e-07,-0.0050516487
2.978142e-07,-0.0050660099
2.979142e-07,-0.0050667279
2.980142e-07,-0.0050545209
2.981142e-07,-0.0050365694
2.982142e-07,-0.0050257985
2.983142e-07,-0.005032261
2.984142e-07,-0.005055957
2.985142e-07,-0.0050875517
2.986142e-07,-0.0051141199
2.987142e-07,-0.0051241728
2.988142e-07,-0.0051162741
2.989142e-07,-0.0050990407
2.990142e-07,-0.0050868336
2.991142e-07,-0.0050897059
2.992142e-07,-0.0051083755
2.993142e-07,-0.0051342256
2.994142e-07,-0.005150741
2.995142e-07,-0.0051471507
2.996142e-07,-0.0051234547
2.997142e-07,-0.005091142
2.998142e-07,-0.005067446
2.999142e-07,-0.0050667279
3.000142e-07,-0.005091142
3.001142e-07,-0.0051284812
3.002142e-07,-0.0051600758
3.003142e-07,-0.0051701287
3.004142e-07,-0.0051543313
3.005142e-07,-0.0051241728
3.006142e-07,-0.0051004768
3.007142e-07,-0.0051011949
3.008142e-07,-0.0051342256
3.009142e-07,-0.0051880802
3.010142e-07,-0.0052426528
3.011142e-07,-0.0052735294
3.012142e-07,-0.0052699391
3.013142e-07,-0.0052361903
3.014142e-07,-0.0051909524
3.015142e-07,-0.0051586397
3.016142e-07,-0.0051543313
3.017142e-07,-0.0051794635
3.018142e-07,-0.005221829
3.019142e-07,-0.0052620404
3.020142e-07,-0.0052857364
3.021142e-07,-0.0052886087
3.022142e-07,-0.005279992
3.023142e-07,-0.0052735294
3.024142e-07,-0.005279992
3.025142e-07,-0.0052993796
3.026142e-07,-0.0053252298
3.027142e-07,-0.0053424632
3.028142e-07,-0.0053424632
3.029142e-07,-0.0053245117
3.030142e-07,-0.0052972254
3.031142e-07,-0.0052735294
3.032142e-07,-0.0052627585
3.033142e-07,-0.0052677849
3.034142e-07,-0.0052821461
3.035142e-07,-0.0052965074
3.036142e-07,-0.0053029699
3.037142e-07,-0.0053015338
3.038142e-07,-0.0052972254
3.039142e-07,-0.0052965074
3.040142e-07,-0.005304406
3.041142e-07,-0.0053173311
3.042142e-07,-0.0053295381
3.043142e-07,-0.0053309743
3.044142e-07,-0.0053194853
3.045142e-07,-0.0052979435
3.046142e-07,-0.0052756836
3.047142e-07,-0.0052620404
3.048142e-07,-0.0052620404
3.049142e-07,-0.0052713752
3.050142e-07,-0.0052821461
3.051142e-07,-0.0052850184
3.052142e-07,-0.0052764017
3.053142e-07,-0.0052613224
3.054142e-07,-0.0052498334
3.055142e-07,-0.0052505515
3.056142e-07,-0.0052677849
3.057142e-07,-0.0052965074
3.058142e-07,-0.0053259478
3.059142e-07,-0.0053424632
3.060142e-07,-0.0053410271
3.061142e-07,-0.0053245117
3.062142e-07,-0.0053022518
3.063142e-07,-0.0052850184
3.064142e-07,-0.0052792739
3.065142e-07,-0.0052843003
3.066142e-07,-0.005292917
3.067142e-07,-0.0052965074
3.068142e-07,-0.0052914809
3.069142e-07,-0.00528071
3.070142e-07,-0.0052720933
3.071142e-07,-0.0052735294
3.072142e-07,-0.0052864545
3.073142e-07,-0.0053072783
3.074142e-07,-0.0053245117
3.075142e-07,-0.0053309743
3.076142e-07,-0.0053223575
3.077142e-07,-0.0053029699
3.078142e-07,-0.0052835823
3.079142e-07,-0.0052735294
3.080142e-07,-0.0052756836
3.081142e-07,-0.0052864545
3.082142e-07,-0.0052965074
3.083142e-07,-0.0052965074
3.084142e-07,-0.0052835823
3.085142e-07,-0.0052627585
3.086142e-07,-0.005244807
3.087142e-07,-0.0052390625
3.088142e-07,-0.0052483973
3.089142e-07,-0.0052663488
3.090142e-07,-0.0052828642
3.091142e-07,-0.0052850184
3.092142e-07,-0.005269221
3.093142e-07,-0.0052404986
3.094142e-07,-0.0052110581
3.095142e-07,-0.0051931066
3.096142e-07,-0.0051931066
3.097142e-07,-0.0052081859
3.098142e-07,-0.0052275735
3.099142e-07,-0.0052390625
3.100142e-07,-0.0052354722
3.101142e-07,-0.0052182387
3.102142e-07,-0.0051966969
3.103142e-07,-0.0051816176
3.104142e-07,-0.0051801815
3.105142e-07,-0.0051916705
3.106142e-07,-0.0052074678
3.107142e-07,-0.0052160846
3.108142e-07,-0.0052103401
3.109142e-07,-0.0051902344
3.110142e-07,-0.00516223
3.111142e-07,-0.0051356618
3.112142e-07,-0.0051191464
3.113142e-07,-0.0051141199
3.114142e-07,-0.0051177102
3.115142e-07,-0.0051241728
3.116142e-07,-0.0051284812
3.117142e-07,-0.0051306353
3.118142e-07,-0.0051320715
3.119142e-07,-0.0051356618
3.120142e-07,-0.0051414062
3.121142e-07,-0.0051442785
3.122142e-07,-0.0051399701
3.123142e-07,-0.0051241728
3.124142e-07,-0.0050990407
3.125142e-07,-0.0050731905
3.126142e-07,-0.005055957
3.127142e-07,-0.005055239
3.128142e-07,-0.0050703182
3.129142e-07,-0.0050932962
3.130142e-07,-0.0051105296
3.131142e-07,-0.0051126838
3.132142e-07,-0.0050961684
3.133142e-07,-0.0050681641
3.134142e-07,-0.0050423139
3.135142e-07,-0.005032261
3.136142e-07,-0.0050451861
3.137142e-07,-0.0050767808
3.138142e-07,-0.0051155561
3.139142e-07,-0.0051471507
3.140142e-07,-0.0051607939
3.141142e-07,-0.0051564855
3.142142e-07,-0.0051399701
3.143142e-07,-0.0051241728
3.144142e-07,-0.0051177102
3.145142e-07,-0.0051248909
3.146142e-07,-0.0051406882
3.147142e-07,-0.0051586397
3.148142e-07,-0.0051722829
3.149142e-07,-0.0051801815
3.150142e-07,-0.005185208
3.151142e-07,-0.0051931066
3.152142e-07,-0.0052067498
3.153142e-07,-0.0052239832
3.154142e-07,-0.0052412167
3.155142e-07,-0.0052505515
3.156142e-07,-0.0052498334
3.157142e-07,-0.0052397806
3.158142e-07,-0.0052261374
3.159142e-07,-0.0052160846
3.160142e-07,-0.0052132123
3.161142e-07,-0.0052175207
3.162142e-07,-0.0052239832
3.163142e-07,-0.0052275735
3.164142e-07,-0.0052268555
3.165142e-07,-0.0052232652
3.166142e-07,-0.005221829
3.167142e-07,-0.0052275735
3.168142e-07,-0.0052419347
3.169142e-07,-0.0052606043
3.170142e-07,-0.0052778378
3.171142e-07,-0.0052850184
3.172142e-07,-0.00528071
3.173142e-07,-0.0052670669
3.174142e-07,-0.0052505515
3.175142e-07,-0.0052390625
3.176142e-07,-0.0052347541
3.177142e-07,-0.0052369083
3.178142e-07,-0.0052404986
3.179142e-07,-0.0052390625
3.180142e-07,-0.0052318819
3.181142e-07,-0.005221829
3.182142e-07,-0.0052146484
3.183142e-07,-0.0052160846
3.184142e-07,-0.0052282916
3.185142e-07,-0.0052462431
3.186142e-07,-0.0052641946
3.187142e-07,-0.0052735294
3.188142e-07,-0.0052728114
3.189142e-07,-0.0052641946
3.190142e-07,-0.0052548598
3.191142e-07,-0.0052505515
3.192142e-07,-0.0052534237
3.193142e-07,-0.0052606043
3.194142e-07,-0.0052649127
3.195142e-07,-0.0052620404
3.196142e-07,-0.0052505515
3.197142e-07,-0.0052354722
3.198142e-07,-0.0052254193
3.199142e-07,-0.0052275735
3.200142e-07,-0.005244807
3.201142e-07,-0.0052720933
3.202142e-07,-0.0053000977
3.203142e-07,-0.0053194853
3.204142e-07,-0.0053252298
3.205142e-07,-0.0053202034
3.206142e-07,-0.0053115866
3.207142e-07,-0.0053079963
3.208142e-07,-0.0053144589
3.209142e-07,-0.0053309743
3.210142e-07,-0.0053503619
3.211142e-07,-0.0053654412
3.212142e-07,-0.0053711857
3.213142e-07,-0.0053675954
3.214142e-07,-0.0053596967
3.215142e-07,-0.0053539522
3.216142e-07,-0.0053539522
3.217142e-07,-0.0053596967
3.218142e-07,-0.0053647231
3.219142e-07,-0.0053654412
3.220142e-07,-0.0053575425
3.221142e-07,-0.0053438994
3.222142e-07,-0.0053288201
3.223142e-07,-0.0053194853
3.224142e-07,-0.0053180492
3.225142e-07,-0.0053230756
3.226142e-07,-0.0053295381
3.227142e-07,-0.0053309743
3.228142e-07,-0.0053252298
3.229142e-07,-0.0053137408
3.230142e-07,-0.0053022518
3.231142e-07,-0.0052965074
3.232142e-07,-0.0052979435
3.233142e-07,-0.005304406
3.234142e-07,-0.0053094324
3.235142e-07,-0.0053079963
3.236142e-07,-0.0052965074
3.237142e-07,-0.0052785558
3.238142e-07,-0.0052613224
3.239142e-07,-0.0052505515
3.240142e-07,-0.0052505515
3.241142e-07,-0.0052591682
3.242142e-07,-0.005269221
3.243142e-07,-0.0052735294
3.244142e-07,-0.0052677849
3.245142e-07,-0.0052534237
3.246142e-07,-0.0052376264
3.247142e-07,-0.0052275735
3.248142e-07,-0.0052290097
3.249142e-07,-0.0052412167
3.250142e-07,-0.0052591682
3.251142e-07,-0.0052735294
3.252142e-07,-0.0052785558
3.253142e-07,-0.0052713752
3.254142e-07,-0.005256296
3.255142e-07,-0.0052390625
3.256142e-07,-0.0052261374
3.257142e-07,-0.0052203929
3.258142e-07,-0.005221829
3.259142e-07,-0.0052275735
3.260142e-07,-0.0052340361
3.261142e-07,-0.0052397806
3.262142e-07,-0.005244807
3.263142e-07,-0.0052505515
3.264142e-07,-0.0052577321
3.265142e-07,-0.0052656307
3.266142e-07,-0.0052720933
3.267142e-07,-0.0052735294
3.268142e-07,-0.0052706572
3.269142e-07,-0.0052634766
3.270142e-07,-0.005256296
3.271142e-07,-0.0052505515
3.272142e-07,-0.0052469612
3.273142e-07,-0.0052433709
3.274142e-07,-0.0052376264
3.275142e-07,-0.0052275735
3.276142e-07,-0.0052153665
3.277142e-07,-0.0052045956
3.278142e-07,-0.0052002872
3.279142e-07,-0.0052045956
3.280142e-07,-0.0052168026
3.281142e-07,-0.0052304458
3.282142e-07,-0.0052397806
3.283142e-07,-0.0052390625
3.284142e-07,-0.0052275735
3.285142e-07,-0.005209622
3.286142e-07,-0.0051923886
3.287142e-07,-0.0051816176
3.288142e-07,-0.0051794635
3.289142e-07,-0.0051844899
3.290142e-07,-0.0051902344
3.291142e-07,-0.0051931066
3.292142e-07,-0.0051909524
3.293142e-07,-0.0051873621
3.294142e-07,-0.0051866441
3.295142e-07,-0.0051931066
3.296142e-07,-0.0052081859
3.297142e-07,-0.0052268555
3.298142e-07,-0.0052426528
3.299142e-07,-0.0052505515
3.300142e-07,-0.0052483973
3.301142e-07,-0.0052390625
3.302142e-07,-0.0052297277
3.303142e-07,-0.0052275735
3.304142e-07,-0.0052354722
3.305142e-07,-0.0052512695
3.306142e-07,-0.0052699391
3.307142e-07,-0.0052850184
3.308142e-07,-0.0052936351
3.309142e-07,-0.0052957893
3.310142e-07,-0.0052957893
3.311142e-07,-0.0052965074
3.312142e-07,-0.0053008157
3.313142e-07,-0.0053058421
3.314142e-07,-0.0053094324
3.315142e-07,-0.0053079963
3.316142e-07,-0.0053008157
3.317142e-07,-0.005292199
3.318142e-07,-0.0052857364
3.319142e-07,-0.0052850184
3.320142e-07,-0.0052900448
3.321142e-07,-0.0052972254
3.322142e-07,-0.0053008157
3.323142e-07,-0.0052965074
3.324142e-07,-0.0052857364
3.325142e-07,-0.0052728114
3.326142e-07,-0.0052634766
3.327142e-07,-0.0052620404
3.328142e-07,-0.0052670669
3.329142e-07,-0.0052735294
3.330142e-07,-0.0052735294
3.331142e-07,-0.0052620404
3.332142e-07,-0.0052404986
3.333142e-07,-0.0052160846
3.334142e-07,-0.005197415
3.335142e-07,-0.0051931066
3.336142e-07,-0.0052031595
3.337142e-07,-0.0052203929
3.338142e-07,-0.0052354722
3.339142e-07,-0.0052390625
3.340142e-07,-0.0052290097
3.341142e-07,-0.005209622
3.342142e-07,-0.0051909524
3.343142e-07,-0.0051816176
3.344142e-07,-0.0051844899
3.345142e-07,-0.0051952608
3.346142e-07,-0.0052045956
3.347142e-07,-0.0052045956
3.348142e-07,-0.0051902344
3.349142e-07,-0.0051658203
3.350142e-07,-0.0051406882
3.351142e-07,-0.0051241728
3.352142e-07,-0.0051220186
3.353142e-07,-0.0051327895
3.354142e-07,-0.0051478688
3.355142e-07,-0.0051586397
3.356142e-07,-0.0051593578
3.357142e-07,-0.0051514591
3.358142e-07,-0.0051414062
3.359142e-07,-0.0051356618
3.360142e-07,-0.0051399701
3.361142e-07,-0.0051536133
3.362142e-07,-0.0051701287
3.363142e-07,-0.0051816176
3.364142e-07,-0.0051830538
3.365142e-07,-0.005174437
3.366142e-07,-0.0051607939
3.367142e-07,-0.0051471507
3.368142e-07,-0.005138534
3.369142e-07,-0.0051335076
3.370142e-07,-0.0051299173
3.371142e-07,-0.0051241728
3.372142e-07,-0.005114838
3.373142e-07,-0.0051062213
3.374142e-07,-0.0051040671
3.375142e-07,-0.0051126838
3.376142e-07,-0.0051327895
3.377142e-07,-0.0051586397
3.378142e-07,-0.0051816176
3.379142e-07,-0.0051931066
3.380142e-07,-0.0051895163
3.381142e-07,-0.0051730009
3.382142e-07,-0.0051521772
3.383142e-07,-0.0051356618
3.384142e-07,-0.0051291992
3.385142e-07,-0.0051320715
3.386142e-07,-0.0051399701
3.387142e-07,-0.0051471507
3.388142e-07,-0.0051493049
3.389142e-07,-0.0051464327
3.390142e-07,-0.0051406882
3.391142e-07,-0.0051356618
3.392142e-07,-0.0051320715
3.393142e-07,-0.005127045
3.394142e-07,-0.0051169922
3.395142e-07,-0.0051011949
3.396142e-07,-0.0050810892
3.397142e-07,-0.0050624196
3.398142e-07,-0.0050523667
3.399142e-07,-0.005055239
3.400142e-07,-0.0050696002
3.401142e-07,-0.0050889878
3.402142e-07,-0.0051055032
3.403142e-07,-0.0051126838
3.404142e-07,-0.0051112477
3.405142e-07,-0.0051083755
3.406142e-07,-0.0051105296
3.407142e-07,-0.0051241728
3.408142e-07,-0.0051471507
3.409142e-07,-0.0051708467
3.410142e-07,-0.0051844899
3.411142e-07,-0.0051816176
3.412142e-07,-0.00516223
3.413142e-07,-0.0051363798
3.414142e-07,-0.0051162741
3.415142e-07,-0.0051126838
3.416142e-07,-0.0051277631
3.417142e-07,-0.0051543313
3.418142e-07,-0.0051794635
3.419142e-07,-0.0051931066
3.420142e-07,-0.0051902344
3.421142e-07,-0.0051765912
3.422142e-07,-0.00516223
3.423142e-07,-0.0051586397
3.424142e-07,-0.0051701287
3.425142e-07,-0.0051916705
3.426142e-07,-0.0052146484
3.427142e-07,-0.0052275735
3.428142e-07,-0.0052268555
3.429142e-07,-0.0052168026
3.430142e-07,-0.0052060317
3.431142e-07,-0.0052045956
3.432142e-07,-0.0052168026
3.433142e-07,-0.0052390625
3.434142e-07,-0.0052606043
3.435142e-07,-0.0052735294
3.436142e-07,-0.0052720933
3.437142e-07,-0.0052606043
3.438142e-07,-0.0052462431
3.439142e-07,-0.0052390625
3.440142e-07,-0.0052426528
3.441142e-07,-0.0052534237
3.442142e-07,-0.0052627585
3.443142e-07,-0.0052620404
3.444142e-07,-0.0052491153
3.445142e-07,-0.0052268555
3.446142e-07,-0.0052053136
3.447142e-07,-0.0051931066
3.448142e-07,-0.0051938247
3.449142e-07,-0.0052031595
3.450142e-07,-0.0052132123
3.451142e-07,-0.0052160846
3.452142e-07,-0.0052103401
3.453142e-07,-0.0052010053
3.454142e-07,-0.0051966969
3.455142e-07,-0.0052045956
3.456142e-07,-0.0052261374
3.457142e-07,-0.0052527057
3.458142e-07,-0.0052720933
3.459142e-07,-0.0052735294
3.460142e-07,-0.0052541418
3.461142e-07,-0.005221829
3.462142e-07,-0.0051895163
3.463142e-07,-0.0051701287
3.464142e-07,-0.0051701287
3.465142e-07,-0.005185208
3.466142e-07,-0.0052045956
3.467142e-07,-0.0052160846
3.468142e-07,-0.0052132123
3.469142e-07,-0.0051988511
3.470142e-07,-0.0051844899
3.471142e-07,-0.0051816176
3.472142e-07,-0.0051959789
3.473142e-07,-0.0052239832
3.474142e-07,-0.0052548598
3.475142e-07,-0.0052735294
3.476142e-07,-0.0052728114
3.477142e-07,-0.0052534237
3.478142e-07,-0.0052261374
3.479142e-07,-0.0052045956
3.480142e-07,-0.0051988511
3.481142e-07,-0.0052110581
3.482142e-07,-0.0052354722
3.483142e-07,-0.0052620404
3.484142e-07,-0.0052814281
3.485142e-07,-0.0052907629
3.486142e-07,-0.0052936351
3.487142e-07,-0.0052965074
3.488142e-07,-0.005303688
3.489142e-07,-0.0053151769
3.490142e-07,-0.0053259478
3.491142e-07,-0.0053309743
3.492142e-07,-0.0053259478
3.493142e-07,-0.0053137408
3.494142e-07,-0.0053008157
3.495142e-07,-0.0052965074
3.496142e-07,-0.005304406
3.497142e-07,-0.0053237937
3.498142e-07,-0.0053474897
3.499142e-07,-0.0053654412
3.500142e-07,-0.0053726218
3.501142e-07,-0.0053690315
3.502142e-07,-0.0053604148
3.503142e-07,-0.0053539522
3.504142e-07,-0.0053561064
3.505142e-07,-0.0053675954
3.506142e-07,-0.0053848288
3.507142e-07,-0.0053999081
3.508142e-07,-0.0054085248
3.509142e-07,-0.0054092429
3.510142e-07,-0.0054049345
3.511142e-07,-0.0053999081
3.512142e-07,-0.0053970358
3.513142e-07,-0.0053963178
3.514142e-07,-0.0053941636
3.515142e-07,-0.0053884191
3.516142e-07,-0.0053783663
3.517142e-07,-0.0053661592
3.518142e-07,-0.0053568244
3.519142e-07,-0.0053539522
3.520142e-07,-0.0053575425
3.521142e-07,-0.0053625689
3.522142e-07,-0.005363287
3.523142e-07,-0.0053539522
3.524142e-07,-0.0053352826
3.525142e-07,-0.0053137408
3.526142e-07,-0.0052979435
3.527142e-07,-0.0052965074
3.528142e-07,-0.0053115866
3.529142e-07,-0.0053381549
3.530142e-07,-0.0053668773
3.531142e-07,-0.0053884191
3.532142e-07,-0.0053970358
3.533142e-07,-0.0053948817
3.534142e-07,-0.0053891372
3.535142e-07,-0.0053884191
3.536142e-07,-0.005398472
3.537142e-07,-0.0054178596
3.538142e-07,-0.0054401195
3.539142e-07,-0.0054573529
3.540142e-07,-0.0054623794
3.541142e-07,-0.0054544807
3.542142e-07,-0.0054386834
3.543142e-07,-0.005422886
3.544142e-07,-0.0054135512
3.545142e-07,-0.0054142693
3.546142e-07,-0.005422886
3.547142e-07,-0.005434375
3.548142e-07,-0.005445864
3.549142e-07,-0.0054544807
3.550142e-07,-0.0054616613
3.551142e-07,-0.0054688419
3.552142e-07,-0.0054767406
3.553142e-07,-0.0054846392
3.554142e-07,-0.0054903837
3.555142e-07,-0.0054918199
3.556142e-07,-0.0054903837
3.557142e-07,-0.0054889476
3.558142e-07,-0.0054925379
3.559142e-07,-0.0055033088
3.560142e-07,-0.0055198242
3.561142e-07,-0.0055370577
3.562142e-07,-0.0055478286
3.563142e-07,-0.0055492647
3.564142e-07,-0.005540648
3.565142e-07,-0.0055284409
3.566142e-07,-0.0055212603
3.567142e-07,-0.0055262868
3.568142e-07,-0.0055449563
3.569142e-07,-0.0055722426
3.570142e-07,-0.005599529
3.571142e-07,-0.0056181985
3.572142e-07,-0.005623225
3.573142e-07,-0.0056167624
3.574142e-07,-0.0056045554
3.575142e-07,-0.0055952206
3.576142e-07,-0.0055945025
3.577142e-07,-0.0056024012
3.578142e-07,-0.0056160443
3.579142e-07,-0.0056296875
3.580142e-07,-0.0056397403
3.581142e-07,-0.0056454848
3.582142e-07,-0.0056490751
3.583142e-07,-0.0056526654
3.584142e-07,-0.0056576919
3.585142e-07,-0.0056612822
3.586142e-07,-0.0056605641
3.587142e-07,-0.0056526654
3.588142e-07,-0.0056375862
3.589142e-07,-0.0056196347
3.590142e-07,-0.0056038373
3.591142e-07,-0.0055952206
3.592142e-07,-0.0055945025
3.593142e-07,-0.005599529
3.594142e-07,-0.0056045554
3.595142e-07,-0.0056067096
3.596142e-07,-0.0056059915
3.597142e-07,-0.0056059915
3.598142e-07,-0.0056095818
3.599142e-07,-0.0056181985
3.600142e-07,-0.0056268153
3.601142e-07,-0.0056289694
3.602142e-07,-0.0056153263
3.603142e-07,-0.0055837316
3.604142e-07,-0.0055392119
3.605142e-07,-0.0054925379
3.606142e-07,-0.0054587891
3.607142e-07,-0.005445864
3.608142e-07,-0.0054559168
3.609142e-07,-0.0054796128
3.610142e-07,-0.0055033088
3.611142e-07,-0.0055147978
3.612142e-07,-0.0055083352
3.613142e-07,-0.0054875115
3.614142e-07,-0.0054623794
3.615142e-07,-0.005445864
3.616142e-07,-0.0054429917
3.617142e-07,-0.0054537626
3.618142e-07,-0.0054688419
3.619142e-07,-0.0054803309
3.620142e-07,-0.005481767
3.621142e-07,-0.0054724322
3.622142e-07,-0.0054587891
3.623142e-07,-0.005445864
3.624142e-07,-0.0054379653
3.625142e-07,-0.005434375
3.626142e-07,-0.0054307847
3.627142e-07,-0.005422886
3.628142e-07,-0.005410679
3.629142e-07,-0.0053977539
3.630142e-07,-0.0053927275
3.631142e-07,-0.0053999081
3.632142e-07,-0.0054200138
3.633142e-07,-0.005446582
3.634142e-07,-0.0054688419
3.635142e-07,-0.0054803309
3.636142e-07,-0.0054774586
3.637142e-07,-0.0054645335
3.638142e-07,-0.0054508904
3.639142e-07,-0.005445864
3.640142e-07,-0.0054523265
3.641142e-07,-0.0054681239
3.642142e-07,-0.0054839212
3.643142e-07,-0.0054918199
3.644142e-07,-0.0054889476
3.645142e-07,-0.0054781767
3.646142e-07,-0.0054652516
3.647142e-07,-0.0054573529
3.648142e-07,-0.0054566349
3.649142e-07,-0.0054587891
3.650142e-07,-0.0054566349
3.651142e-07,-0.005445864
3.652142e-07,-0.0054264763
3.653142e-07,-0.0054042165
3.654142e-07,-0.0053891372
3.655142e-07,-0.0053884191
3.656142e-07,-0.0054013442
3.657142e-07,-0.0054200138
3.658142e-07,-0.0054307847
3.659142e-07,-0.005422886
3.660142e-07,-0.0053934455
3.661142e-07,-0.0053503619
3.662142e-07,-0.0053051241
3.663142e-07,-0.0052735294
3.664142e-07,-0.0052613224
3.665142e-07,-0.0052663488
3.666142e-07,-0.0052785558
3.667142e-07,-0.0052850184
3.668142e-07,-0.0052785558
3.669142e-07,-0.0052598863
3.670142e-07,-0.0052354722
3.671142e-07,-0.0052160846
3.672142e-07,-0.0052074678
3.673142e-07,-0.005208904
3.674142e-07,-0.0052146484
3.675142e-07,-0.0052160846
3.676142e-07,-0.0052081859
3.677142e-07,-0.0051916705
3.678142e-07,-0.0051730009
3.679142e-07,-0.0051586397
3.680142e-07,-0.0051536133
3.681142e-07,-0.0051557675
3.682142e-07,-0.0051593578
3.683142e-07,-0.0051586397
3.684142e-07,-0.0051514591
3.685142e-07,-0.0051414062
3.686142e-07,-0.0051342256
3.687142e-07,-0.0051356618
3.688142e-07,-0.0051471507
3.689142e-07,-0.00516223
3.690142e-07,-0.0051722829
3.691142e-07,-0.0051701287
3.692142e-07,-0.0051536133
3.693142e-07,-0.0051291992
3.694142e-07,-0.0051083755
3.695142e-07,-0.0051011949
3.696142e-07,-0.0051126838
3.697142e-07,-0.0051392521
3.698142e-07,-0.0051694106
3.699142e-07,-0.0051931066
3.700142e-07,-0.0052024414
3.701142e-07,-0.0051988511
3.702142e-07,-0.0051887983
3.703142e-07,-0.0051816176
3.704142e-07,-0.0051823357
3.705142e-07,-0.0051902344
3.706142e-07,-0.0051995692
3.707142e-07,-0.0052045956
3.708142e-07,-0.0052024414
3.709142e-07,-0.0051945427
3.710142e-07,-0.0051895163
3.711142e-07,-0.0051931066
3.712142e-07,-0.0052081859
3.713142e-07,-0.0052311638
3.714142e-07,-0.0052555779
3.715142e-07,-0.0052735294
3.716142e-07,-0.0052821461
3.717142e-07,-0.0052828642
3.718142e-07,-0.0052821461
3.719142e-07,-0.0052850184
3.720142e-07,-0.0052914809
3.721142e-07,-0.0052979435
3.722142e-07,-0.0052972254
3.723142e-07,-0.0052850184
3.724142e-07,-0.0052634766
3.725142e-07,-0.0052404986
3.726142e-07,-0.0052254193
3.727142e-07,-0.0052275735
3.728142e-07,-0.0052462431
3.729142e-07,-0.0052756836
3.730142e-07,-0.0053029699
3.731142e-07,-0.0053194853
3.732142e-07,-0.0053216395
3.733142e-07,-0.0053151769
3.734142e-07,-0.0053079963
3.735142e-07,-0.0053079963
3.736142e-07,-0.0053173311
3.737142e-07,-0.0053302562
3.738142e-07,-0.0053374368
3.739142e-07,-0.0053309743
3.740142e-07,-0.0053115866
3.741142e-07,-0.0052857364
3.742142e-07,-0.0052663488
3.743142e-07,-0.0052620404
3.744142e-07,-0.0052742475
3.745142e-07,-0.0052965074
3.746142e-07,-0.0053144589
3.747142e-07,-0.0053194853
3.748142e-07,-0.0053079963
3.749142e-07,-0.0052864545
3.750142e-07,-0.0052677849
3.751142e-07,-0.0052620404
3.752142e-07,-0.0052735294
3.753142e-07,-0.0052943532
3.754142e-07,-0.0053137408
3.755142e-07,-0.0053194853
3.756142e-07,-0.0053079963
3.757142e-07,-0.0052864545
3.758142e-07,-0.0052670669
3.759142e-07,-0.0052620404
3.760142e-07,-0.0052764017
3.761142e-07,-0.005303688
3.762142e-07,-0.0053302562
3.763142e-07,-0.0053424632
3.764142e-07,-0.0053345646
3.765142e-07,-0.0053115866
3.766142e-07,-0.0052864545
3.767142e-07,-0.0052735294
3.768142e-07,-0.0052814281
3.769142e-07,-0.0053072783
3.770142e-07,-0.005339591
3.771142e-07,-0.0053654412
3.772142e-07,-0.0053740579
3.773142e-07,-0.0053661592
3.774142e-07,-0.0053474897
3.775142e-07,-0.0053309743
3.776142e-07,-0.0053237937
3.777142e-07,-0.0053288201
3.778142e-07,-0.0053410271
3.779142e-07,-0.0053539522
3.780142e-07,-0.005363287
3.781142e-07,-0.0053690315
3.782142e-07,-0.0053762121
3.783142e-07,-0.0053884191
3.784142e-07,-0.0054056526
3.785142e-07,-0.0054214499
3.786142e-07,-0.0054293486
3.787142e-07,-0.005422886
3.788142e-07,-0.0054034984
3.789142e-07,-0.0053790843
3.790142e-07,-0.005363287
3.791142e-07,-0.0053654412
3.792142e-07,-0.005386983
3.793142e-07,-0.0054200138
3.794142e-07,-0.0054516085
3.795142e-07,-0.0054688419
3.796142e-07,-0.0054666877
3.797142e-07,-0.0054501723
3.798142e-07,-0.0054315028
3.799142e-07,-0.005422886
3.800142e-07,-0.0054307847
3.801142e-07,-0.0054516085
3.802142e-07,-0.0054760225
3.803142e-07,-0.0054918199
3.804142e-07,-0.005493974
3.805142e-07,-0.0054853573
3.806142e-07,-0.0054738683
3.807142e-07,-0.0054688419
3.808142e-07,-0.0054745864
3.809142e-07,-0.0054882295
3.810142e-07,-0.0055004366
3.811142e-07,-0.0055033088
3.812142e-07,-0.0054946921
3.813142e-07,-0.0054796128
3.814142e-07,-0.0054681239
3.815142e-07,-0.0054688419
3.816142e-07,-0.0054832031
3.817142e-07,-0.0055040269
3.818142e-07,-0.0055183881
3.819142e-07,-0.0055147978
3.820142e-07,-0.0054896657
3.821142e-07,-0.0054501723
3.822142e-07,-0.0054113971
3.823142e-07,-0.0053884191
3.824142e-07,-0.0053898552
3.825142e-07,-0.005410679
3.826142e-07,-0.0054386834
3.827142e-07,-0.0054573529
3.828142e-07,-0.0054573529
3.829142e-07,-0.0054379653
3.830142e-07,-0.005410679
3.831142e-07,-0.0053884191
3.832142e-07,-0.0053826746
3.833142e-07,-0.0053941636
3.834142e-07,-0.0054157054
3.835142e-07,-0.005434375
3.836142e-07,-0.0054394014
3.837142e-07,-0.0054286305
3.838142e-07,-0.0054085248
3.839142e-07,-0.0053884191
3.840142e-07,-0.0053783663
3.841142e-07,-0.0053812385
3.842142e-07,-0.0053912914
3.843142e-07,-0.0053999081
3.844142e-07,-0.005398472
3.845142e-07,-0.0053848288
3.846142e-07,-0.005363287
3.847142e-07,-0.0053424632
3.848142e-07,-0.0053302562
3.849142e-07,-0.0053295381
3.850142e-07,-0.0053360007
3.851142e-07,-0.0053424632
3.852142e-07,-0.0053417452
3.853142e-07,-0.0053302562
3.854142e-07,-0.0053130227
3.855142e-07,-0.0052965074
3.856142e-07,-0.0052893267
3.857142e-07,-0.0052943532
3.858142e-07,-0.0053108686
3.859142e-07,-0.0053309743
3.860142e-07,-0.0053474897
3.861142e-07,-0.0053546703
3.862142e-07,-0.005351798
3.863142e-07,-0.0053424632
3.864142e-07,-0.0053316923
3.865142e-07,-0.0053230756
3.866142e-07,-0.0053194853
3.867142e-07,-0.0053194853
3.868142e-07,-0.0053194853
3.869142e-07,-0.0053180492
3.870142e-07,-0.0053144589
3.871142e-07,-0.0053079963
3.872142e-07,-0.0053008157
3.873142e-07,-0.0052943532
3.874142e-07,-0.0052893267
3.875142e-07,-0.0052850184
3.876142e-07,-0.0052821461
3.877142e-07,-0.0052814281
3.878142e-07,-0.0052828642
3.879142e-07,-0.0052850184
3.880142e-07,-0.0052871726
3.881142e-07,-0.0052864545
3.882142e-07,-0.0052821461
3.883142e-07,-0.0052735294
3.884142e-07,-0.0052641946
3.885142e-07,-0.0052577321
3.886142e-07,-0.005257014
3.887142e-07,-0.0052620404
3.888142e-07,-0.0052699391
3.889142e-07,-0.0052756836
3.890142e-07,-0.0052728114
3.891142e-07,-0.0052620404
3.892142e-07,-0.005245525
3.893142e-07,-0.0052297277
3.894142e-07,-0.0052225471
3.895142e-07,-0.0052275735
3.896142e-07,-0.0052426528
3.897142e-07,-0.0052606043
3.898142e-07,-0.0052728114
3.899142e-07,-0.0052735294
3.900142e-07,-0.0052620404
3.901142e-07,-0.0052433709
3.902142e-07,-0.0052261374
3.903142e-07,-0.0052160846
3.904142e-07,-0.0052168026
3.905142e-07,-0.0052261374
3.906142e-07,-0.0052390625
3.907142e-07,-0.0052505515
3.908142e-07,-0.0052591682
3.909142e-07,-0.0052677849
3.910142e-07,-0.0052792739
3.911142e-07,-0.0052965074
3.912142e-07,-0.0053187672
3.913142e-07,-0.0053403091
3.914142e-07,-0.0053575425
3.915142e-07,-0.0053654412
3.916142e-07,-0.0053661592
3.917142e-07,-0.0053654412
3.918142e-07,-0.0053675954
3.919142e-07,-0.0053769301
3.920142e-07,-0.0053898552
3.921142e-07,-0.0054006261
3.922142e-07,-0.0054006261
3.923142e-07,-0.0053884191
3.924142e-07,-0.0053668773
3.925142e-07,-0.0053453355
3.926142e-07,-0.0053352826
3.927142e-07,-0.0053424632
3.928142e-07,-0.0053647231
3.929142e-07,-0.0053927275
3.930142e-07,-0.0054113971
3.931142e-07,-0.0054113971
3.932142e-07,-0.0053912914
3.933142e-07,-0.0053589786
3.934142e-07,-0.0053266659
3.935142e-07,-0.0053079963
3.936142e-07,-0.0053065602
3.937142e-07,-0.0053187672
3.938142e-07,-0.0053338465
3.939142e-07,-0.0053424632
3.940142e-07,-0.005339591
3.941142e-07,-0.0053288201
3.942142e-07,-0.0053187672
3.943142e-07,-0.0053194853
3.944142e-07,-0.0053331284
3.945142e-07,-0.0053561064
3.946142e-07,-0.0053776482
3.947142e-07,-0.0053884191
3.948142e-07,-0.0053848288
3.949142e-07,-0.0053711857
3.950142e-07,-0.0053575425
3.951142e-07,-0.0053539522
3.952142e-07,-0.0053654412
3.953142e-07,-0.0053877011
3.954142e-07,-0.0054099609
3.955142e-07,-0.005422886
3.956142e-07,-0.0054200138
3.957142e-07,-0.0054042165
3.958142e-07,-0.0053862649
3.959142e-07,-0.0053769301
3.960142e-07,-0.0053833927
3.961142e-07,-0.0054034984
3.962142e-07,-0.0054286305
3.963142e-07,-0.005445864
3.964142e-07,-0.0054480182
3.965142e-07,-0.005434375
3.966142e-07,-0.0054149874
3.967142e-07,-0.0053999081
3.968142e-07,-0.0053999081
3.969142e-07,-0.0054157054
3.970142e-07,-0.0054422737
3.971142e-07,-0.0054688419
3.972142e-07,-0.0054860754
3.973142e-07,-0.0054889476
3.974142e-07,-0.0054810489
3.975142e-07,-0.0054688419
3.976142e-07,-0.0054609432
3.977142e-07,-0.0054609432
3.978142e-07,-0.0054688419
3.979142e-07,-0.0054803309
3.980142e-07,-0.0054911018
3.981142e-07,-0.0054990005
3.982142e-07,-0.0055061811
3.983142e-07,-0.0055147978
3.984142e-07,-0.0055277229
3.985142e-07,-0.0055435202
3.986142e-07,-0.0055600356
3.987142e-07,-0.0055722426
3.988142e-07,-0.0055779871
3.989142e-07,-0.0055772691
3.990142e-07,-0.0055736788
3.991142e-07,-0.0055722426
3.992142e-07,-0.0055751149
3.993142e-07,-0.0055830136
3.994142e-07,-0.0055945025
3.995142e-07,-0.0056067096
3.996142e-07,-0.0056189166
3.997142e-07,-0.0056311236
3.998142e-07,-0.0056462029
3.999142e-07,-0.0056641544
4.000142e-07,-0.0056842601
4.001142e-07,-0.0057029297
4.002142e-07,-0.0057165728
4.003142e-07,-0.0057215993
4.004142e-07,-0.0057194451
4.005142e-07,-0.0057144187
4.006142e-07,-0.0057108284
4.007142e-07,-0.0057101103
4.008142e-07,-0.0057115464
4.009142e-07,-0.0057108284
4.010142e-07,-0.0057029297
4.011142e-07,-0.0056871324
4.012142e-07,-0.0056677447
4.013142e-07,-0.0056533835
4.014142e-07,-0.0056512293
4.015142e-07,-0.0056641544
4.016142e-07,-0.0056878504
4.017142e-07,-0.0057122645
4.018142e-07,-0.0057259076
4.019142e-07,-0.0057215993
4.020142e-07,-0.0057014936
4.021142e-07,-0.0056742073
4.022142e-07,-0.0056548196
4.023142e-07,-0.0056526654
4.024142e-07,-0.0056691808
4.025142e-07,-0.0056964671
4.026142e-07,-0.0057223173
4.027142e-07,-0.0057330882
4.028142e-07,-0.0057251896
4.029142e-07,-0.0057036477
4.030142e-07,-0.0056792337
4.031142e-07,-0.0056641544
4.032142e-07,-0.0056648725
4.033142e-07,-0.0056792337
4.034142e-07,-0.0056979033
4.035142e-07,-0.0057101103
4.036142e-07,-0.0057093922
4.037142e-07,-0.0056971852
4.038142e-07,-0.0056792337
4.039142e-07,-0.0056641544
4.040142e-07,-0.0056576919
4.041142e-07,-0.005659846
4.042142e-07,-0.0056641544
4.043142e-07,-0.0056641544
4.044142e-07,-0.0056569738
4.045142e-07,-0.0056447668
4.046142e-07,-0.0056339959
4.047142e-07,-0.0056296875
4.048142e-07,-0.0056339959
4.049142e-07,-0.0056433307
4.050142e-07,-0.0056483571
4.051142e-07,-0.0056411765
4.052142e-07,-0.0056189166
4.053142e-07,-0.0055858858
4.054142e-07,-0.0055521369
4.055142e-07,-0.0055262868
4.056142e-07,-0.0055155159
4.057142e-07,-0.0055183881
4.058142e-07,-0.005529159
4.059142e-07,-0.0055377757
4.060142e-07,-0.0055392119
4.061142e-07,-0.0055334674
4.062142e-07,-0.0055234145
4.063142e-07,-0.0055147978
4.064142e-07,-0.0055104894
4.065142e-07,-0.0055104894
4.066142e-07,-0.0055090533
4.067142e-07,-0.0055033088
4.068142e-07,-0.005493256
4.069142e-07,-0.005481767
4.070142e-07,-0.0054760225
4.071142e-07,-0.0054803309
4.072142e-07,-0.005493974
4.073142e-07,-0.0055119256
4.074142e-07,-0.0055248506
4.075142e-07,-0.0055262868
4.076142e-07,-0.0055162339
4.077142e-07,-0.0054990005
4.078142e-07,-0.0054846392
4.079142e-07,-0.0054803309
4.080142e-07,-0.0054889476
4.081142e-07,-0.0055047449
4.082142e-07,-0.0055205423
4.083142e-07,-0.0055262868
4.084142e-07,-0.0055205423
4.085142e-07,-0.0055076172
4.086142e-07,-0.0054954102
4.087142e-07,-0.0054918199
4.088142e-07,-0.0054997185
4.089142e-07,-0.0055155159
4.090142e-07,-0.0055305951
4.091142e-07,-0.0055377757
4.092142e-07,-0.0055349035
4.093142e-07,-0.0055262868
4.094142e-07,-0.0055212603
4.095142e-07,-0.0055262868
4.096142e-07,-0.0055435202
4.097142e-07,-0.0055672162
4.098142e-07,-0.0055873219
4.099142e-07,-0.0055952206
4.100142e-07,-0.005588758
4.101142e-07,-0.0055722426
4.102142e-07,-0.0055557273
4.103142e-07,-0.0055492647
4.104142e-07,-0.0055557273
4.105142e-07,-0.0055693704
4.106142e-07,-0.0055822955
4.107142e-07,-0.0055837316
4.108142e-07,-0.0055700885
4.109142e-07,-0.0055449563
4.110142e-07,-0.0055198242
4.111142e-07,-0.0055033088
4.112142e-07,-0.0055011546
4.113142e-07,-0.0055104894
4.114142e-07,-0.0055219784
4.115142e-07,-0.0055262868
4.116142e-07,-0.00551767
4.117142e-07,-0.0054975643
4.118142e-07,-0.0054745864
4.119142e-07,-0.0054573529
4.120142e-07,-0.0054494543
4.121142e-07,-0.0054501723
4.122142e-07,-0.0054508904
4.123142e-07,-0.005445864
4.124142e-07,-0.0054322208
4.125142e-07,-0.0054135512
4.126142e-07,-0.0053999081
4.127142e-07,-0.0053999081
4.128142e-07,-0.0054164235
4.129142e-07,-0.0054444278
4.130142e-07,-0.0054731503
4.131142e-07,-0.0054918199
4.132142e-07,-0.005493974
4.133142e-07,-0.0054824851
4.134142e-07,-0.0054666877
4.135142e-07,-0.0054573529
4.136142e-07,-0.0054623794
4.137142e-07,-0.0054803309
4.138142e-07,-0.0055047449
4.139142e-07,-0.0055262868
4.140142e-07,-0.0055377757
4.141142e-07,-0.0055392119
4.142142e-07,-0.0055363396
4.143142e-07,-0.0055377757
4.144142e-07,-0.0055478286
4.145142e-07,-0.0055657801
4.146142e-07,-0.0055844497
4.147142e-07,-0.0055952206
4.148142e-07,-0.0055923483
4.149142e-07,-0.0055779871
4.150142e-07,-0.0055600356
4.151142e-07,-0.0055492647
4.152142e-07,-0.0055535731
4.153142e-07,-0.0055751149
4.154142e-07,-0.0056081457
4.155142e-07,-0.0056411765
4.156142e-07,-0.0056648725
4.157142e-07,-0.0056734892
4.158142e-07,-0.0056677447
4.159142e-07,-0.0056526654
4.160142e-07,-0.0056347139
4.161142e-07,-0.0056203527
4.162142e-07,-0.0056110179
4.163142e-07,-0.0056067096
4.164142e-07,-0.0056067096
4.165142e-07,-0.0056088637
4.166142e-07,-0.0056131721
4.167142e-07,-0.0056181985
4.168142e-07,-0.0056210708
4.169142e-07,-0.0056196347
4.170142e-07,-0.0056110179
4.171142e-07,-0.0055952206
4.172142e-07,-0.005576551
4.173142e-07,-0.0055607537
4.174142e-07,-0.0055550092
4.175142e-07,-0.0055607537
4.176142e-07,-0.005575833
4.177142e-07,-0.0055916303
4.178142e-07,-0.005600247
4.179142e-07,-0.0055952206
4.180142e-07,-0.005576551
4.181142e-07,-0.0055507008
4.182142e-07,-0.0055277229
4.183142e-07,-0.0055147978
4.184142e-07,-0.0055147978
4.185142e-07,-0.0055241326
4.186142e-07,-0.0055341854
4.187142e-07,-0.0055377757
4.188142e-07,-0.0055327493
4.189142e-07,-0.0055226965
4.190142e-07,-0.0055147978
4.191142e-07,-0.0055147978
4.192142e-07,-0.0055241326
4.193142e-07,-0.0055384938
4.194142e-07,-0.0055492647
4.195142e-07,-0.0055492647
4.196142e-07,-0.0055356216
4.197142e-07,-0.0055119256
4.198142e-07,-0.0054875115
4.199142e-07,-0.0054688419
4.200142e-07,-0.0054616613
4.201142e-07,-0.0054630974
4.202142e-07,-0.0054674058
4.203142e-07,-0.0054688419
4.204142e-07,-0.0054645335
4.205142e-07,-0.0054573529
4.206142e-07,-0.0054530446
4.207142e-07,-0.0054573529
4.208142e-07,-0.0054709961
4.209142e-07,-0.0054903837
4.210142e-07,-0.0055076172
4.211142e-07,-0.0055147978
4.212142e-07,-0.0055104894
4.213142e-07,-0.0054982824
4.214142e-07,-0.0054853573
4.215142e-07,-0.0054803309
4.216142e-07,-0.0054860754
4.217142e-07,-0.0054997185
4.218142e-07,-0.0055155159
4.219142e-07,-0.0055262868
4.220142e-07,-0.0055298771
4.221142e-07,-0.0055284409
4.222142e-07,-0.005529159
4.223142e-07,-0.0055377757
4.224142e-07,-0.0055557273
4.225142e-07,-0.0055787052
4.226142e-07,-0.0055980928
4.227142e-07,-0.0056067096
4.228142e-07,-0.0056016831
4.229142e-07,-0.0055866039
4.230142e-07,-0.0055700885
4.231142e-07,-0.0055607537
4.232142e-07,-0.0055621898
4.233142e-07,-0.0055743968
4.234142e-07,-0.0055909122
4.235142e-07,-0.0056067096
4.236142e-07,-0.0056189166
4.237142e-07,-0.0056296875
4.238142e-07,-0.0056440487
4.239142e-07,-0.0056641544
4.240142e-07,-0.0056900046
4.241142e-07,-0.0057151367
4.242142e-07,-0.0057316521
4.243142e-07,-0.0057330882
4.244142e-07,-0.005718727
4.245142e-07,-0.005694313
4.246142e-07,-0.0056691808
4.247142e-07,-0.0056526654
4.248142e-07,-0.005647639
4.249142e-07,-0.0056519474
4.250142e-07,-0.005659128
4.251142e-07,-0.0056641544
4.252142e-07,-0.0056663086
4.253142e-07,-0.0056691808
4.254142e-07,-0.0056785156
4.255142e-07,-0.0056986213
4.256142e-07,-0.0057251896
4.257142e-07,-0.0057481675
4.258142e-07,-0.0057575023
4.259142e-07,-0.0057445772
4.260142e-07,-0.0057122645
4.261142e-07,-0.005670617
4.262142e-07,-0.005635432
4.263142e-07,-0.0056181985
4.264142e-07,-0.0056225069
4.265142e-07,-0.0056404584
4.266142e-07,-0.0056584099
4.267142e-07,-0.0056641544
4.268142e-07,-0.0056519474
4.269142e-07,-0.0056282514
4.270142e-07,-0.0056052734
4.271142e-07,-0.0055952206
4.272142e-07,-0.0056045554
4.273142e-07,-0.0056282514
4.274142e-07,-0.0056526654
4.275142e-07,-0.0056641544
4.276142e-07,-0.0056533835
4.277142e-07,-0.005623225
4.278142e-07,-0.0055830136
4.279142e-07,-0.0055492647
4.280142e-07,-0.0055320312
4.281142e-07,-0.0055334674
4.282142e-07,-0.0055463925
4.283142e-07,-0.0055607537
4.284142e-07,-0.0055657801
4.285142e-07,-0.0055585995
4.286142e-07,-0.0055435202
4.287142e-07,-0.0055262868
4.288142e-07,-0.0055140797
4.289142e-07,-0.0055090533
4.290142e-07,-0.0055076172
4.291142e-07,-0.0055033088
4.292142e-07,-0.005493256
4.293142e-07,-0.0054788948
4.294142e-07,-0.0054645335
4.295142e-07,-0.0054573529
4.296142e-07,-0.0054595071
4.297142e-07,-0.00546956
4.298142e-07,-0.0054788948
4.299142e-07,-0.0054803309
4.300142e-07,-0.00546956
4.301142e-07,-0.0054494543
4.302142e-07,-0.0054271944
4.303142e-07,-0.0054113971
4.304142e-07,-0.0054085248
4.305142e-07,-0.0054178596
4.306142e-07,-0.0054336569
4.307142e-07,-0.005445864
4.308142e-07,-0.0054480182
4.309142e-07,-0.0054401195
4.310142e-07,-0.0054250402
4.311142e-07,-0.0054113971
4.312142e-07,-0.0054042165
4.313142e-07,-0.0054042165
4.314142e-07,-0.0054085248
4.315142e-07,-0.0054113971
4.316142e-07,-0.0054085248
4.317142e-07,-0.0053999081
4.318142e-07,-0.0053912914
4.319142e-07,-0.0053884191
4.320142e-07,-0.0053955997
4.321142e-07,-0.0054113971
4.322142e-07,-0.0054307847
4.323142e-07,-0.005445864
4.324142e-07,-0.0054494543
4.325142e-07,-0.0054401195
4.326142e-07,-0.0054214499
4.327142e-07,-0.0053999081
4.328142e-07,-0.0053833927
4.329142e-07,-0.0053762121
4.330142e-07,-0.0053783663
4.331142e-07,-0.0053884191
4.332142e-07,-0.0054020623
4.333142e-07,-0.0054171415
4.334142e-07,-0.0054315028
4.335142e-07,-0.005445864
4.336142e-07,-0.0054595071
4.337142e-07,-0.0054717142
4.338142e-07,-0.0054788948
4.339142e-07,-0.0054803309
4.340142e-07,-0.0054745864
4.341142e-07,-0.0054638155
4.342142e-07,-0.0054494543
4.343142e-07,-0.005434375
4.344142e-07,-0.0054192957
4.345142e-07,-0.0054049345
4.346142e-07,-0.0053905733
4.347142e-07,-0.0053769301
4.348142e-07,-0.0053661592
4.349142e-07,-0.0053625689
4.350142e-07,-0.0053661592
4.351142e-07,-0.0053769301
4.352142e-07,-0.0053898552
4.353142e-07,-0.00539919
4.354142e-07,-0.005398472
4.355142e-07,-0.0053884191
4.356142e-07,-0.0053726218
4.357142e-07,-0.0053589786
4.358142e-07,-0.0053561064
4.359142e-07,-0.0053654412
4.360142e-07,-0.0053841108
4.361142e-07,-0.0054042165
4.362142e-07,-0.0054149874
4.363142e-07,-0.0054113971
4.364142e-07,-0.0053955997
4.365142e-07,-0.0053762121
4.366142e-07,-0.005363287
4.367142e-07,-0.0053654412
4.368142e-07,-0.0053826746
4.369142e-07,-0.0054085248
4.370142e-07,-0.0054322208
4.371142e-07,-0.005445864
4.372142e-07,-0.0054473001
4.373142e-07,-0.0054401195
4.374142e-07,-0.0054336569
4.375142e-07,-0.005434375
4.376142e-07,-0.0054444278
4.377142e-07,-0.0054587891
4.378142e-07,-0.0054688419
4.379142e-07,-0.0054688419
4.380142e-07,-0.0054573529
4.381142e-07,-0.0054394014
4.382142e-07,-0.0054257583
4.383142e-07,-0.005422886
4.384142e-07,-0.0054329389
4.385142e-07,-0.0054501723
4.386142e-07,-0.0054652516
4.387142e-07,-0.0054688419
4.388142e-07,-0.0054602252
4.389142e-07,-0.0054451459
4.390142e-07,-0.0054329389
4.391142e-07,-0.005434375
4.392142e-07,-0.0054508904
4.393142e-07,-0.0054774586
4.394142e-07,-0.0055025908
4.395142e-07,-0.0055147978
4.396142e-07,-0.0055097714
4.397142e-07,-0.0054903837
4.398142e-07,-0.00546956
4.399142e-07,-0.0054573529
4.400142e-07,-0.0054616613
4.401142e-07,-0.0054810489
4.402142e-07,-0.0055061811
4.403142e-07,-0.0055262868
4.404142e-07,-0.0055341854
4.405142e-07,-0.0055284409
4.406142e-07,-0.0055155159
4.407142e-07,-0.0055033088
4.408142e-07,-0.0054982824
4.409142e-07,-0.0055018727
4.410142e-07,-0.0055090533
4.411142e-07,-0.0055147978
4.412142e-07,-0.0055155159
4.413142e-07,-0.0055126436
4.414142e-07,-0.0055104894
4.415142e-07,-0.0055147978
4.416142e-07,-0.0055262868
4.417142e-07,-0.005541366
4.418142e-07,-0.0055514189
4.419142e-07,-0.0055492647
4.420142e-07,-0.0055327493
4.421142e-07,-0.0055076172
4.422142e-07,-0.0054824851
4.423142e-07,-0.0054688419
4.424142e-07,-0.0054709961
4.425142e-07,-0.0054867934
4.426142e-07,-0.0055047449
4.427142e-07,-0.0055147978
4.428142e-07,-0.0055083352
4.429142e-07,-0.0054846392
4.430142e-07,-0.0054530446
4.431142e-07,-0.005422886
4.432142e-07,-0.0054049345
4.433142e-07,-0.0054020623
4.434142e-07,-0.0054113971
4.435142e-07,-0.005422886
4.436142e-07,-0.0054286305
4.437142e-07,-0.0054243222
4.438142e-07,-0.0054092429
4.439142e-07,-0.0053884191
4.440142e-07,-0.0053668773
4.441142e-07,-0.0053482077
4.442142e-07,-0.0053331284
4.443142e-07,-0.0053194853
4.444142e-07,-0.0053065602
4.445142e-07,-0.0052936351
4.446142e-07,-0.0052821461
4.447142e-07,-0.0052735294
4.448142e-07,-0.005268503
4.449142e-07,-0.0052641946
4.450142e-07,-0.0052591682
4.451142e-07,-0.0052505515
4.452142e-07,-0.0052390625
4.453142e-07,-0.0052268555
4.454142e-07,-0.0052182387
4.455142e-07,-0.0052160846
4.456142e-07,-0.0052196749
4.457142e-07,-0.0052254193
4.458142e-07,-0.0052290097
4.459142e-07,-0.0052275735
4.460142e-07,-0.0052225471
4.461142e-07,-0.0052175207
4.462142e-07,-0.0052182387
4.463142e-07,-0.0052275735
4.464142e-07,-0.0052433709
4.465142e-07,-0.0052606043
4.466142e-07,-0.0052713752
4.467142e-07,-0.0052735294
4.468142e-07,-0.0052677849
4.469142e-07,-0.0052613224
4.470142e-07,-0.0052613224
4.471142e-07,-0.0052735294
4.472142e-07,-0.0052965074
4.473142e-07,-0.0053230756
4.474142e-07,-0.0053438994
4.475142e-07,-0.0053539522
4.476142e-07,-0.0053525161
4.477142e-07,-0.0053460535
4.478142e-07,-0.0053438994
4.479142e-07,-0.0053539522
4.480142e-07,-0.0053762121
4.481142e-07,-0.0054056526
4.482142e-07,-0.0054315028
4.483142e-07,-0.005445864
4.484142e-07,-0.0054473001
4.485142e-07,-0.0054401195
4.486142e-07,-0.0054329389
4.487142e-07,-0.005434375
4.488142e-07,-0.0054451459
4.489142e-07,-0.0054616613
4.490142e-07,-0.0054753045
4.491142e-07,-0.0054803309
4.492142e-07,-0.0054774586
4.493142e-07,-0.0054717142
4.494142e-07,-0.0054745864
4.495142e-07,-0.0054918199
4.496142e-07,-0.0055234145
4.497142e-07,-0.0055614717
4.498142e-07,-0.0055923483
4.499142e-07,-0.0056067096
4.500142e-07,-0.005600247
4.501142e-07,-0.0055794233
4.502142e-07,-0.0055550092
4.503142e-07,-0.0055377757
4.504142e-07,-0.0055334674
4.505142e-07,-0.0055392119
4.506142e-07,-0.0055471105
4.507142e-07,-0.0055492647
4.508142e-07,-0.0055420841
4.509142e-07,-0.0055305951
4.510142e-07,-0.0055234145
4.511142e-07,-0.0055262868
4.512142e-07,-0.0055420841
4.513142e-07,-0.0055629079
4.514142e-07,-0.0055801413
4.515142e-07,-0.0055837316
4.516142e-07,-0.0055722426
4.517142e-07,-0.005552855
4.518142e-07,-0.0055377757
4.519142e-07,-0.0055377757
4.520142e-07,-0.0055557273
4.521142e-07,-0.0055844497
4.522142e-07,-0.0056095818
4.523142e-07,-0.0056181985
4.524142e-07,-0.0056031193
4.525142e-07,-0.0055700885
4.526142e-07,-0.0055313132
4.527142e-07,-0.0055033088
4.528142e-07,-0.0054954102
4.529142e-07,-0.0055076172
4.530142e-07,-0.0055305951
4.531142e-07,-0.0055492647
4.532142e-07,-0.005552855
4.533142e-07,-0.0055384938
4.534142e-07,-0.0055112075
4.535142e-07,-0.0054803309
4.536142e-07,-0.0054559168
4.537142e-07,-0.0054401195
4.538142e-07,-0.0054315028
4.539142e-07,-0.005422886
4.540142e-07,-0.0054099609
4.541142e-07,-0.0053927275
4.542142e-07,-0.005375494
4.543142e-07,-0.0053654412
4.544142e-07,-0.0053654412
4.545142e-07,-0.005375494
4.546142e-07,-0.0053898552
4.547142e-07,-0.0053999081
4.548142e-07,-0.0054013442
4.549142e-07,-0.0053948817
4.550142e-07,-0.0053848288
4.551142e-07,-0.0053769301
4.552142e-07,-0.0053762121
4.553142e-07,-0.0053826746
4.554142e-07,-0.0053927275
4.555142e-07,-0.0053999081
4.556142e-07,-0.0054034984
4.557142e-07,-0.0054049345
4.558142e-07,-0.0054092429
4.559142e-07,-0.005422886
4.560142e-07,-0.005445864
4.561142e-07,-0.0054745864
4.562142e-07,-0.0055004366
4.563142e-07,-0.0055147978
4.564142e-07,-0.0055140797
4.565142e-07,-0.0055025908
4.566142e-07,-0.0054875115
4.567142e-07,-0.0054803309
4.568142e-07,-0.0054875115
4.569142e-07,-0.0055097714
4.570142e-07,-0.005540648
4.571142e-07,-0.0055722426
4.572142e-07,-0.0055966567
4.573142e-07,-0.005611736
4.574142e-07,-0.0056210708
4.575142e-07,-0.0056296875
4.576142e-07,-0.0056433307
4.577142e-07,-0.0056612822
4.578142e-07,-0.0056821059
4.579142e-07,-0.0056986213
4.580142e-07,-0.00570652
4.581142e-07,-0.0057050839
4.582142e-07,-0.0056971852
4.583142e-07,-0.0056871324
4.584142e-07,-0.0056799517
4.585142e-07,-0.0056770795
4.586142e-07,-0.0056770795
4.587142e-07,-0.0056756434
4.588142e-07,-0.005671335
4.589142e-07,-0.0056641544
4.590142e-07,-0.0056569738
4.591142e-07,-0.0056526654
4.592142e-07,-0.0056526654
4.593142e-07,-0.0056555377
4.594142e-07,-0.0056569738
4.595142e-07,-0.0056526654
4.596142e-07,-0.0056411765
4.597142e-07,-0.0056246611
4.598142e-07,-0.0056074276
4.599142e-07,-0.0055952206
4.600142e-07,-0.0055901942
4.601142e-07,-0.0055923483
4.602142e-07,-0.0055959386
4.603142e-07,-0.0055952206
4.604142e-07,-0.0055866039
4.605142e-07,-0.0055693704
4.606142e-07,-0.0055478286
4.607142e-07,-0.0055262868
4.608142e-07,-0.0055097714
4.609142e-07,-0.0054982824
4.610142e-07,-0.0054896657
4.611142e-07,-0.0054803309
4.612142e-07,-0.0054681239
4.613142e-07,-0.0054537626
4.614142e-07,-0.0054408375
4.615142e-07,-0.005434375
4.616142e-07,-0.0054394014
4.617142e-07,-0.0054551988
4.618142e-07,-0.0054788948
4.619142e-07,-0.0055033088
4.620142e-07,-0.0055226965
4.621142e-07,-0.0055320312
4.622142e-07,-0.0055327493
4.623142e-07,-0.0055262868
4.624142e-07,-0.0055191062
4.625142e-07,-0.0055147978
4.626142e-07,-0.005516952
4.627142e-07,-0.0055262868
4.628142e-07,-0.005541366
4.629142e-07,-0.0055593176
4.630142e-07,-0.0055779871
