LECROYHDO6104B,11090,Waveform
Segments,1,SegmentSize,6704
Segment,TrigTime,TimeSinceSegment1
#1,04-May-2026 18:21:05,0                 
Time,Ampl
993296,0.021279728
993297,0.012907302
993298,0.010640941
993299,0.025745334
993300,0.013596479
993301,0.014944909
993302,0.010367683
993303,0.022425035
993304,0.011328125
993305,0.013832721
993306,0.013913143
993307,0.015889246
993308,0.016463695
993309,0.011233341
993310,0.010875747
993311,0.0227511
993312,0.012585449
993313,0.01381046
993314,0.016136978
993315,0.017858887
993316,0.025415512
993317,0.010935346
993318,0.016057273
993319,0.011336742
993320,0.011046645
993321,0.010955451
993322,0.010811121
993323,0.022047335
993324,0.011899701
993325,0.01366254
993326,0.013617302
993327,0.020990349
993328,0.016773896
993329,0.020707434
993330,0.01086354
993331,0.013569192
993332,0.011905446
993333,0.012760523
993334,0.012940519
993335,0.013587144
993336,0.011070341
993337,0.012236129
993338,0.010293417
993339,0.011076803
993340,0.010835536
993341,0.011550724
993342,0.012209521
993343,0.012087833
993344,0.011001407
993345,0.016416302
993346,0.012500718
993347,0.012847659
993348,0.011417164
993349,0.011236931
993350,0.019189453
993351,0.012462015
993352,0.024235265
993353,0.010925293
993354,0.018867763
993355,0.020914953
993356,0.02434082
993357,0.015040985
993358,0.01377384
993359,0.015900018
993360,0.011189539
993361,0.017547967
993362,0.0150326
993363,0.011719468
993364,0.013869341
993365,0.012799997
993366,0.01283318
993367,0.013760914
993368,0.012332544
993369,0.016210938
993370,0.011382697
993371,0.01094109
993372,0.011075367
993373,0.011175178
993374,0.013676901
993375,0.015752098
993376,0.016399069
993377,0.010951861
993378,0.01313614
993379,0.01342558
993380,0.013798254
993381,0.0017621694
993382,0.018668141
993383,0.01089298
993384,0.010761575
993385,0.020484835
993386,0.013419836
993387,0.01097843
993388,0.012873115
993389,0.013702752
993390,0.015980439
993391,0.021309169
993392,0.016536219
993393,0.013653924
993394,0.023956658
993395,0.02787655
993396,0.010961196
993397,0.011170152
993398,0.01137049
993399,0.011495433
993400,0.016084559
993401,0.01237088
993402,0.012017463
993403,0.012965517
993404,0.013926068
993405,0.014002901
993406,0.011195283
993407,0.018377326
993408,0.021740723
993409,0.021805348
993410,0.012805894
993411,0.014023007
993412,0.011098346
993413,0.016293515
993414,0.011003561
993415,0.018681066
993416,0.011251292
993417,0.010175359
993418,0.0111522
993419,0.014016544
993420,0.016797593
993421,0.013396139
993422,0.018910846
993423,0.015872013
993424,0.017155187
993425,0.0237635
993426,0.01154229
993427,0.018538171
993428,0.017373478
993429,0.010801787
993430,0.011064596
993431,0.013059369
993432,0.013138982
993433,0.015387322
993434,0.016613051
993435,0.011160099
993436,0.016371783
993437,0.0025222125
993438,0.033570774
993439,0.010961914
993440,0.014594279
993441,0.020936253
993442,0.013924632
993443,0.011280015
993444,0.010994945
993445,0.011290872
993446,0.015405684
993447,0.013320743
993448,0.026580451
993449,0.014597926
993450,0.013812615
993451,0.013629509
993452,0.01697639
993453,0.016647186
993454,0.010983456
993455,0.012556009
993456,0.016532628
993457,0.011388442
993458,0.011560776
993459,0.010955451
993460,0.011371208
993461,0.010440646
993462,0.01639476
993463,0.016567096
993464,0.016001264
993465,0.011616067
993466,0.011527028
993467,0.013720703
993468,0.017394248
993469,0.012818819
993470,0.019030044
993471,0.013913143
993472,0.018996295
993473,0.016203038
993474,0.011869027
993475,0.018755026
993476,0.018915871
993477,0.012438002
993478,0.011420037
993479,0.01662454
993480,0.0083778678
993481,0.011069623
993482,0.021937471
993483,0.015016085
993484,0.010080842
993485,0.012756348
993486,0.015274107
993487,0.015917968
993488,0.011286478
993489,0.019080307
993490,0.013651052
993491,0.026383704
993492,0.011285041
993493,0.014950438
993494,0.012215648
993495,0.012806612
993496,0.011025822
993497,0.015693935
993498,0.016237507
993499,0.016259765
993500,0.016254021
993501,0.018793084
993502,0.013558421
993503,0.014679685
993504,0.012408088
993505,0.02035713
993506,0.010859231
993507,0.011075367
993508,0.039303768
993509,0.018405331
993510,0.011550102
993511,0.019086052
993512,0.015299524
993513,0.013788919
993514,0.026842544
993515,0.013742245
993516,0.015992647
993517,0.020440884
993518,0.018798109
993519,0.0070966994
993520,0.029334214
993521,0.01113712
993522,0.012879136
993523,0.023794375
993524,0.010951143
993525,0.010930319
993526,0.01319987
993527,0.013875804
993528,0.010279885
993529,0.015866268
993530,0.016207347
993531,0.010950425
993532,0.011283605
993533,0.014430147
993534,0.0087455437
993535,0.011934169
993536,0.017268602
993537,0.014763327
993538,0.011510666
993539,0.011090447
993540,0.013854262
993541,0.010899443
993542,0.012050494
993543,0.018807445
993544,0.011130658
993545,0.021794578
993546,0.016307876
993547,0.014797794
993548,0.012550265
993549,0.011040901
993550,0.012746295
993551,0.012580423
993552,0.013936839
993553,0.010908778
993554,0.019132726
993555,0.012398753
993556,0.013725012
993557,0.010354315
993558,0.018922335
993559,0.01377743
993560,0.018823242
993561,0.018002231
993562,0.01087072
993563,0.018802419
993564,0.011259191
993565,0.024908088
993566,0.012725471
993567,0.038102858
993568,0.011070341
993569,0.018716969
993570,0.020151205
993571,0.0028470808
993572,0.013227396
993573,0.014223346
993574,0.0048100767
993575,0.017567741
993576,0.019060202
993577,0.013623765
993578,0.021220129
993579,0.01339623
993580,0.021840533
993581,0.011523438
993582,0.013816923
993583,0.018619314
993584,0.010647229
993585,0.018711224
993586,0.015821749
993587,0.010683306
993588,0.018887868
993589,0.031668629
993590,0.011897547
993591,0.020619124
993592,0.013660386
993593,0.013955509
993594,0.013664695
993595,0.015787901
993596,0.020414013
993597,0.017976731
993598,0.015999828
993599,0.012902114
993600,0.010846307
993601,0.0088846665
993602,0.015919404
993603,0.01628059
993604,0.016587919
993605,0.010907342
993606,0.013818359
993607,0.012408088
993608,0.016373938
993609,0.013570628
993610,0.01780216
993611,0.010791734
993612,0.010927447
993613,0.011615349
993614,0.019093232
993615,0.018789493
993616,0.0086563565
993617,0.013798254
993618,0.017371323
993619,0.010857077
993620,0.016308594
993621,0.010662483
993622,0.011498335
993623,0.01645436
993624,0.013731474
993625,0.0028762054
993626,0.011144302
993627,0.015116613
993628,0.012973202
993629,0.021714155
993630,0.010948989
993631,0.01094468
993632,0.01579877
993633,0.013695571
993634,0.010326007
993635,0.015755687
993636,0.011058134
993637,0.013143382
993638,0.011136402
993639,0.015900735
993640,0.016788732
993641,0.011147174
993642,0.021554746
993643,0.016064454
993644,0.011523438
993645,0.011114143
993646,0.013361673
993647,0.0059407279
993648,0.010086874
993649,0.022789983
993650,0.013235294
993651,0.010021418
993652,0.012327665
993653,0.019554228
993654,0.013292739
993655,0.016182933
993656,0.018405331
993657,0.013800408
993658,0.016638901
993659,0.013481589
993660,0.01926844
993661,0.01113353
993662,0.015940228
993663,0.011074649
993664,0.010975557
993665,0.013285559
993666,0.011639123
993667,0.017675459
993668,0.018206539
993669,0.014168055
993670,0.011091165
993671,0.023713235
993672,0.01642492
993673,0.011351821
993674,0.013545496
993675,0.012675925
993676,0.013727166
993677,0.012353515
993678,0.011139994
993679,0.015406709
993680,0.015901454
993681,0.013248219
993682,0.013323615
993683,0.011057416
993684,0.021594957
993685,0.0024910152
993686,0.021638758
993687,0.0125
993688,0.020727774
993689,0.011285041
993690,0.022506416
993691,0.020453835
993692,0.010997099
993693,0.017248536
993694,0.017698556
993695,0.01345502
993696,0.01107824
993697,0.018915871
993698,0.013388959
993699,0.019048713
993700,0.018772978
993701,0.017525706
993702,0.011201747
993703,0.011313763
993704,0.035030589
993705,0.019358916
993706,0.021779498
993707,0.016119745
993708,0.016004855
993709,0.013931813
993710,0.0091185309
993711,0.035769474
993712,0.014029469
993713,0.014590993
993714,0.015627872
993715,0.010656739
993716,0.011789838
993717,0.017577648
993718,0.014028751
993719,0.012778662
993720,0.013681928
993721,0.011165843
993722,0.011203901
993723,0.011188821
993724,0.010425364
993725,0.016333725
993726,0.011259191
993727,0.01379969
993728,0.010899443
993729,0.018116008
993730,0.011208209
993731,0.011417164
993732,0.010987046
993733,0.010884636
993734,0.013625201
993735,0.011067469
993736,0.016269818
993737,0.011540472
993738,0.01110409
993739,0.011242676
993740,0.021335019
993741,0.011060288
993742,0.013396139
993743,0.012260168
993744,0.014977448
993745,0.011115579
993746,0.012270939
993747,0.01384421
993748,0.015518389
993749,0.013752297
993750,0.0070529273
993751,0.018637264
993752,0.011080394
993753,0.011269962
993754,0.012976793
993755,0.014690085
993756,0.013791073
993757,0.012888066
993758,0.013707778
993759,0.01484375
993760,0.01594382
993761,0.025523577
993762,0.010694795
993763,0.010868566
993764,0.01098202
993765,0.011403522
993766,0.013747271
993767,0.010774501
993768,0.012409524
993769,0.011221852
993770,0.02404426
993771,0.024180694
993772,0.030155055
993773,0.014348288
993774,0.011234777
993775,0.011516257
993776,0.013107297
993777,0.016340906
993778,0.011027976
993779,0.010948989
993780,0.018977625
993781,0.016085276
993782,0.019504664
993783,0.022881212
993784,0.010579187
993785,0.012293198
993786,0.019786162
993787,0.021159811
993788,0.013487333
993789,0.013821231
993790,0.014109174
993791,0.012119577
993792,0.015903607
993793,0.013532571
993794,0.01272619
993795,0.011086857
993796,0.011956881
993797,0.013595043
993798,0.016029986
993799,0.012563189
993800,0.0033137801
993801,0.01129653
993802,0.016796876
993803,0.016183652
993804,0.016602999
993805,0.011063878
993806,0.010949707
993807,0.020942239
993808,0.011781221
993809,0.016000547
993810,0.011045927
993811,0.015677419
993812,0.012125828
993813,0.019636804
993814,0.017892225
993815,0.012332608
993816,0.018469956
993817,0.012489947
993818,0.021732107
993819,0.01481431
993820,0.011429371
993821,0.011309455
993822,0.018991269
993823,0.013488051
993824,0.014751839
993825,0.024719957
993826,0.010741469
993827,0.019825654
993828,0.013508157
993829,0.016023524
993830,0.015678706
993831,0.013560575
993832,0.015889246
993833,0.011156509
993834,0.016074507
993835,0.011359002
993836,0.0020337068
993837,0.013890166
993838,0.012159639
993839,0.01898337
993840,0.013637408
993841,0.014194624
993842,0.022119859
993843,0.010839126
993844,0.011264218
993845,0.039636947
993846,0.025786163
993847,0.011429371
993848,0.012867647
993849,0.01133028
993850,0.011163689
993851,0.03203484
993852,0.011565803
993853,0.011432962
993854,0.010993509
993855,0.01294807
993856,0.021233054
993857,0.023288144
993858,0.020123471
993859,0.013528263
993860,0.012683824
993861,0.020177504
993862,0.016411277
993863,0.011221852
993864,0.011124914
993865,0.01610969
993866,0.014288689
993867,0.013445686
993868,0.011020795
993869,0.013717831
993870,0.013722139
993871,0.0138011
993872,0.011106962
993873,0.021656709
993874,0.010923139
993875,0.010950425
993876,0.013480153
993877,0.0026913038
993878,0.013355928
993879,0.011136402
993880,0.019152114
993881,0.016481647
993882,0.019401999
993883,0.014952177
993884,0.022150734
993885,0.021476476
993886,0.013607968
993887,0.016107537
993888,0.011213236
993889,0.015220731
993890,0.01354406
993891,0.011163689
993892,0.016742302
993893,0.0032599194
993894,0.016248995
993895,0.016497912
993896,0.013811179
993897,0.014013672
993898,0.0028905056
993899,0.011359002
993900,0.01110409
993901,0.019041533
993902,0.010894416
993903,0.017499857
993904,0.016079532
993905,0.013588921
993906,0.019189453
993907,0.012430348
993908,0.013461484
993909,0.011523438
993910,0.015774356
993911,0.022002814
993912,0.011493997
993913,0.014275046
993914,0.034742646
993915,0.023943014
993916,0.014556525
993917,0.018803136
993918,0.013661822
993919,0.012905704
993920,0.011307301
993921,0.011025104
993922,0.010854923
993923,0.013706342
993924,0.011530618
993925,0.013067288
993926,0.011160099
993927,0.013505285
993928,0.015626436
993929,0.013784611
993930,0.013687672
993931,0.011753217
993932,0.016228888
993933,0.014430865
993934,0.016793285
993935,0.016314339
993936,0.027481617
993937,0.011110553
993938,0.011362592
993939,0.011114143
993940,0.030315146
993941,0.013768814
993942,0.013979205
993943,0.014748966
993944,0.016159955
993945,0.021401079
993946,0.01474035
993947,0.017589614
993948,0.011068187
993949,0.025183149
993950,0.013374598
993951,0.011178768
993952,0.011606732
993953,0.010987046
993954,0.011063878
993955,0.018359374
993956,0.010812557
993957,0.013886576
993958,0.01794902
993959,0.013913143
993960,0.011055262
993961,0.017364861
993962,0.01865378
993963,0.017443435
993964,0.014042394
993965,0.01152631
993966,0.012135943
993967,0.013568474
993968,0.012284582
993969,0.020225614
993970,0.031051815
993971,0.020347854
993972,0.021444881
993973,0.012091544
993974,0.011194565
993975,0.016618796
993976,0.013568474
993977,0.010612937
993978,0.013710651
993979,0.015851907
993980,0.027652029
993981,0.011707979
993982,0.012906056
993983,0.02271485
993984,0.011402085
993985,0.011035874
993986,0.013494514
993987,0.018999645
993988,0.011906164
993989,0.013314281
993990,0.011860208
993991,0.016932588
993992,0.016549144
993993,0.013439223
993994,0.02402631
993995,0.014161592
993996,0.018480629
993997,0.011457376
993998,0.010850615
993999,0.011511949
994000,0.015189137
994001,0.01377025
994002,0.013595761
994003,0.0132554
994004,0.013508157
994005,0.011076085
994006,0.023181684
994007,0.014180262
994008,0.02999483
994009,0.01088939
994010,0.013924632
994011,0.011070341
994012,0.016051527
994013,0.013870778
994014,0.011123477
994015,0.024871752
994016,0.011661305
994017,0.013508875
994018,0.0095753809
994019,0.011806011
994020,0.018626494
994021,0.016144158
994022,0.017145135
994023,0.010844152
994024,0.01368839
994025,0.011617503
994026,0.010270602
994027,0.013855699
994028,0.011008588
994029,0.010958324
994030,0.013596479
994031,0.013502412
994032,0.013694853
994033,0.011545697
994034,0.010381678
994035,0.013696289
994036,0.011262064
994037,0.012096808
994038,0.013809024
994039,0.011317354
994040,0.016564224
994041,0.019360352
994042,0.013859289
994043,0.020845402
994044,0.011345359
994045,0.01283318
994046,0.013972024
994047,0.023369284
994048,0.010317186
994049,0.013627355
994050,0.013928941
994051,0.014070399
994052,0.011856617
994053,0.011286979
994054,0.019145651
994055,0.013833439
994056,0.011562212
994057,0.011282887
994058,0.01517693
994059,0.018386662
994060,0.015188419
994061,0.010916676
994062,0.018778723
994063,0.013744399
994064,0.013995002
994065,0.013890166
994066,0.019755285
994067,0.011208927
994068,0.015311508
994069,0.013855699
994070,0.018285755
994071,0.011033002
994072,0.015004596
994073,0.016157083
994074,0.013760196
994075,0.013381778
994076,0.025017234
994077,0.013748707
994078,0.013775276
994079,0.013939711
994080,0.014059627
994081,0.01124483
994082,0.011006434
994083,0.016353114
994084,0.013490206
994085,0.026593689
994086,0.011313045
994087,0.025562979
994088,0.010915958
994089,0.013823385
994090,0.011664177
994091,0.010128964
994092,0.021728231
994093,0.013710651
994094,0.01230397
994095,0.021121755
994096,0.013530417
994097,0.016521139
994098,0.025448069
994099,0.01335521
994100,0.016133387
994101,0.015359721
994102,0.012803886
994103,0.016024241
994104,0.011020077
994105,0.011089011
994106,0.024141917
994107,0.015296995
994108,0.011247702
994109,0.01112635
994110,0.015973259
994111,0.013653206
994112,0.028550619
994113,0.014085398
994114,0.011661305
994115,0.013358083
994116,0.012594784
994117,0.011017923
994118,0.012660845
994119,0.011083985
994120,0.016254021
994121,0.013752297
994122,0.01607307
994123,0.014361213
994124,0.011519847
994125,0.016314339
994126,0.013648897
994127,0.016374655
994128,0.014878217
994129,0.022256291
994130,0.015150362
994131,0.016629567
994132,0.01349954
994133,0.013741527
994134,0.010868566
994135,0.015235781
994136,0.031526454
994137,0.015584788
994138,0.013519647
994139,0.011061724
994140,0.010987046
994141,0.013694853
994142,0.0021932682
994143,0.020463211
994144,0.012885598
994145,0.011348949
994146,0.010935346
994147,0.018788775
994148,0.014254223
994149,0.011666331
994150,0.011860926
994151,0.014746045
994152,0.01221852
994153,0.027038371
994154,0.014763327
994155,0.026552448
994156,0.022011431
994157,0.016062299
994158,0.010888672
994159,0.012977511
994160,0.021521714
994161,0.018623622
994162,0.013779584
994163,0.021897977
994164,0.017365579
994165,0.014028033
994166,0.018068254
994167,0.011259191
994168,0.016050091
994169,0.016317211
994170,0.011465993
994171,0.011155791
994172,0.013905245
994173,0.013354492
994174,0.01361443
994175,0.011091165
994176,0.0084631778
994177,0.021591365
994178,0.013834875
994179,0.011236931
994180,0.017970631
994181,0.012017463
994182,0.015845444
994183,0.010992073
994184,0.014883962
994185,0.016440718
994186,0.010768037
994187,0.013924632
994188,0.011312327
994189,0.014187442
994190,0.010999253
994191,0.01128576
994192,0.020224364
994193,0.011004997
994194,0.015338955
994195,0.017058967
994196,0.024881549
994197,0.0025683593
994198,0.016215246
994199,0.016233915
994200,0.01338106
994201,0.011510064
994202,0.011376953
994203,0.016396916
994204,0.014264275
994205,0.010729214
994206,0.026539521
994207,0.011055262
994208,0.013710651
994209,0.015494313
994210,0.010986328
994211,0.010960478
994212,0.013778866
994213,0.017532863
994214,0.015491304
994215,0.019144934
994216,0.011638328
994217,0.013789637
994218,0.015090669
994219,0.013719985
994220,0.014522059
994221,0.013941147
994222,0.011349667
994223,0.013361673
994224,0.013539752
994225,0.011081831
994226,0.013924632
994227,0.011419319
994228,0.012299662
994229,0.014857393
994230,0.016475184
994231,0.011328125
994232,0.011006434
994233,0.018482164
994234,0.016555607
994235,0.016464412
994236,0.011247702
994237,0.011040183
994238,0.010861386
994239,0.01618796
994240,0.0099779097
994241,0.019007066
994242,0.013712087
994243,0.013510311
994244,0.014490312
994245,0.013697007
994246,0.013534008
994247,0.016326545
994248,0.018828269
994249,0.017813459
994250,0.018588437
994251,0.01391458
994252,0.011218262
994253,0.014636949
994254,0.014197021
994255,0.011087575
994256,0.019152682
994257,0.010973403
994258,0.017985713
994259,0.026769301
994260,0.016468721
994261,0.013696289
994262,0.013430607
994263,0.011152918
994264,0.013541906
994265,0.014142923
994266,0.01113712
994267,0.012798714
994268,0.011073931
994269,0.010906624
994270,0.013893038
994271,0.013745835
994272,0.013903582
994273,0.021507353
994274,0.015716912
994275,0.013408347
994276,0.012637868
994277,0.011150046
994278,0.01226304
994279,0.01630285
994280,0.021498736
994281,0.013490924
994282,0.013733628
994283,0.012195542
994284,0.010998535
994285,0.026746323
994286,0.03567028
994287,0.015616383
994288,0.011030848
994289,0.016605154
994290,0.016182216
994291,0.015958181
994292,0.014326747
994293,0.029872041
994294,0.029288976
994295,0.011232623
994296,0.019385483
994297,0.012459129
994298,0.013390395
994299,0.011275707
994300,0.015306899
994301,0.01349236
994302,0.010887119
994303,0.016040038
994304,0.023331227
994305,0.01356991
994306,0.013788201
994307,0.012556889
994308,0.018615723
994309,0.012564626
994310,0.011084703
994311,0.010943244
994312,0.015167596
994313,0.011008588
994314,0.010617693
994315,0.019067382
994316,0.01453642
994317,0.0094370982
994318,0.017394301
994319,0.026826747
994320,0.012236471
994321,0.013552616
994322,0.0099479835
994323,0.013283405
994324,0.017383531
994325,0.013586426
994326,0.015682444
994327,0.012815855
994328,0.013488051
994329,0.016190113
994330,0.014537138
994331,0.011390597
994332,0.011569394
994333,0.010914522
994334,0.013292739
994335,0.013051471
994336,0.012312586
994337,0.016447898
994338,0.0099796075
994339,0.013903091
994340,0.012876276
994341,0.016119026
994342,0.011479636
994343,0.039434455
994344,0.0188765
994345,0.011329544
994346,0.01105957
994347,0.010327078
994348,0.021622961
994349,0.013918888
994350,0.013878676
994351,0.013076584
994352,0.021551874
994353,0.0092961201
994354,0.010121268
994355,0.013330078
994356,0.019326603
994357,0.013076946
994358,0.010938218
994359,0.011290068
994360,0.01225945
994361,0.011335306
994362,0.01157442
994363,0.013430607
994364,0.020266544
994365,0.01916432
994366,0.024253218
994367,0.014051011
994368,0.011554314
994369,0.020340504
994370,0.011099064
994371,0.013683364
994372,0.013805434
994373,0.012956719
994374,0.011170152
994375,0.0098593077
994376,0.013768096
994377,0.010821892
994378,0.011113425
994379,0.024856942
994380,0.018696863
994381,0.009846325
994382,0.015475644
994383,0.027875114
994384,0.013717113
994385,0.026789406
994386,0.012531594
994387,0.011227597
994388,0.0026107109
994389,0.016233196
994390,0.013639562
994391,0.0241412
994392,0.015716912
994393,0.011161535
994394,0.010702694
994395,0.011690028
994396,0.014434455
994397,0.011152918
994398,0.015223381
994399,0.010772346
994400,0.011081831
994401,0.011298684
994402,0.013865033
994403,0.014476103
994404,0.010385652
994405,0.015856933
994406,0.013522519
994407,0.0032799225
994408,0.011272835
994409,0.01361443
994410,0.014239143
994411,0.0109375
994412,0.013857135
994413,0.015360129
994414,0.011349667
994415,0.019073846
994416,0.015785845
994417,0.01361084
994418,0.01098561
994419,0.01114861
994420,0.031545121
994421,0.018952493
994422,0.013532571
994423,0.013604377
994424,0.024567146
994425,0.013304946
994426,0.016463695
994427,0.010242662
994428,0.011201747
994429,0.013522519
994430,0.020670813
994431,0.013629509
994432,0.022109807
994433,0.01171157
994434,0.016812673
994435,0.011019359
994436,0.011269962
994437,0.010964069
994438,0.013908835
994439,0.010948271
994440,0.017789945
994441,0.010880055
994442,0.014569451
994443,0.013602941
994444,0.011726649
994445,0.011672794
994446,0.013419118
994447,0.01103911
994448,0.011592371
994449,0.013587862
994450,0.015004596
994451,0.013971306
994452,0.015801642
994453,0.018654497
994454,0.012167538
994455,0.013849954
994456,0.015001649
994457,0.012202005
994458,0.018964458
994459,0.013545496
994460,0.013438505
994461,0.010851333
994462,0.011305147
994463,0.018915154
994464,0.013970588
994465,0.010835536
994466,0.020965748
994467,0.016292796
994468,0.020570084
994469,0.014998069
994470,0.011036593
994471,0.014941902
994472,0.016439281
994473,0.014196778
994474,0.031354837
994475,0.016209502
994476,0.011997358
994477,0.027448092
994478,0.014132152
994479,0.017137954
994480,0.017835813
994481,0.017744256
994482,0.01372932
994483,0.013928941
994484,0.013168515
994485,0.010292637
994486,0.014808868
994487,0.010444303
994488,0.012270939
994489,0.015701832
994490,0.010475408
994491,0.011342486
994492,0.0188017
994493,0.026784381
994494,0.011521284
994495,0.012396066
994496,0.022522861
994497,0.011799691
994498,0.016164981
994499,0.010868566
994500,0.01103372
994501,0.013720703
994502,0.016393324
994503,0.017612591
994504,0.010040402
994505,0.016670497
994506,0.011393469
994507,0.0042314786
994508,0.011071777
994509,0.014068244
994510,0.014081888
994511,0.01396987
994512,0.020889314
994513,0.014183852
994514,0.011309455
994515,0.018773695
994516,0.014016544
994517,0.01908318
994518,0.011873852
994519,0.0093243541
994520,0.010983456
994521,0.012786506
994522,0.011362592
994523,0.01338465
994524,0.013890166
994525,0.013722857
994526,0.011324535
994527,0.011582319
994528,0.013296329
994529,0.011170152
994530,0.013763787
994531,0.0099081444
994532,0.010934628
994533,0.010512408
994534,0.011410702
994535,0.015919404
994536,0.019308854
994537,0.014945248
994538,0.013924632
994539,0.010961914
994540,0.013427016
994541,0.032435946
994542,0.010701258
994543,0.013672593
994544,0.013312845
994545,0.013687672
994546,0.023196232
994547,0.013870778
994548,0.012026798
994549,0.010952579
994550,0.016179344
994551,0.020461857
994552,0.015797334
994553,0.012425296
994554,0.018929515
994555,0.013523955
994556,0.016482364
994557,0.010955451
994558,0.011825023
994559,0.011101936
994560,0.021573415
994561,0.013625919
994562,0.026493566
994563,0.013407629
994564,0.011051672
994565,0.014230526
994566,0.019242389
994567,0.037238628
994568,0.017944518
994569,0.010928883
994570,0.0089032501
994571,0.013749425
994572,0.011029412
994573,0.016238943
994574,0.013243911
994575,0.015429728
994576,0.014051011
994577,0.015261285
994578,0.016269818
994579,0.015085018
994580,0.013872214
994581,0.0111005
994582,0.013443531
994583,0.013482307
994584,0.016364602
994585,0.011474609
994586,0.016449334
994587,0.011158663
994588,0.014802103
994589,0.026519416
994590,0.010983456
994591,0.016371783
994592,0.024063649
994593,0.01198874
994594,0.011868824
994595,0.012554121
994596,0.011260627
994597,0.011006434
994598,0.014021571
994599,0.016231043
994600,0.010803223
994601,0.035664223
994602,0.016416302
994603,0.012974028
994604,0.012534467
994605,0.0109892
994606,0.011695054
994607,0.013200827
994608,0.031573128
994609,0.010886517
994610,0.012713264
994611,0.021702666
994612,0.010181247
994613,0.012455745
994614,0.01060791
994615,0.010983456
994616,0.014072089
994617,0.015398811
994618,0.024053596
994619,0.011034438
994620,0.021661736
994621,0.019097541
994622,0.010790298
994623,0.015213472
994624,0.014975155
994625,0.0230377
994626,0.01094109
994627,0.014384191
994628,0.010948989
994629,0.01113712
994630,0.013646025
994631,0.013635972
994632,0.01875359
994633,0.010903751
994634,0.01145953
994635,0.0097118989
994636,0.023936553
994637,0.011237649
994638,0.010999971
994639,0.011081113
994640,0.012704183
994641,0.027804745
994642,0.010796042
994643,0.016315056
994644,0.010983456
994645,0.021528177
994646,0.014833697
994647,0.030058028
994648,0.016096048
994649,0.029610667
994650,0.01915714
994651,0.018667422
994652,0.024301328
994653,0.0188534
994654,0.013376034
994655,0.01024165
994656,0.011293174
994657,0.011348949
994658,0.011854463
994659,0.013235294
994660,0.015235708
994661,0.011259191
994662,0.019148523
994663,0.013527545
994664,0.01138557
994665,0.011322381
994666,0.011230469
994667,0.023768526
994668,0.011925551
994669,0.011239803
994670,0.011046645
994671,0.012247243
994672,0.010838408
994673,0.024219468
994674,0.009773978
994675,0.013746553
994676,0.0035592222
994677,0.013371726
994678,0.011190975
994679,0.010805377
994680,0.011132094
994681,0.011371208
994682,0.018681066
994683,0.015705423
994684,0.010321668
994685,0.012186152
994686,0.010417987
994687,0.014039522
994688,0.013717831
994689,0.018025476
994690,0.021444881
994691,0.011009306
994692,0.013791073
994693,0.013269761
994694,0.010753676
994695,0.013709933
994696,0.010684743
994697,0.013989976
994698,0.013422064
994699,0.018609978
994700,0.011465993
994701,0.01083769
994702,0.012904986
994703,0.018555827
994704,0.029610667
994705,0.014947151
994706,0.018848374
994707,0.015538115
994708,0.014223346
994709,0.013800408
994710,0.013597197
994711,0.015812414
994712,0.03181655
994713,0.011297248
994714,0.011040901
994715,0.01465131
994716,0.01893167
994717,0.017746244
994718,0.018400388
994719,0.013391113
994720,0.013441377
994721,0.011138557
994722,0.010836254
994723,0.015866268
994724,0.01206701
994725,0.0034867311
994726,0.010813993
994727,0.011487534
994728,0.016529039
994729,0.012757784
994730,0.010935346
994731,0.012850096
994732,0.011024386
994733,0.013456456
994734,0.011225442
994735,0.036927707
994736,0.013875086
994737,0.028202893
994738,0.01334444
994739,0.016348805
994740,0.01983642
994741,0.016503906
994742,0.011804199
994743,0.01937543
994744,0.018554688
994745,0.0031839062
994746,0.018818934
994747,0.011094037
994748,0.024009077
994749,0.019197352
994750,0.011045927
994751,0.011213954
994752,0.013702033
994753,0.012626379
994754,0.027084716
994755,0.011066033
994756,0.011135684
994757,0.013715677
994758,0.010845589
994759,0.013811897
994760,0.011149328
994761,0.022473145
994762,0.011170152
994763,0.010961914
994764,0.016222427
994765,0.011066751
994766,0.02330035
994767,0.014081888
994768,0.012557079
994769,0.011679256
994770,0.021814683
994771,0.011639764
994772,0.016164981
994773,0.016130514
994774,0.017211586
994775,0.013669003
994776,0.013350184
994777,0.01679337
994778,0.01676169
994779,0.01630285
994780,0.015363091
994781,0.013582836
994782,0.012281709
994783,0.011030848
994784,0.029078584
994785,0.013315717
994786,0.01349954
994787,0.0027190563
994788,0.01103013
994789,0.018905101
994790,0.013921042
994791,0.01592084
994792,0.016279871
994793,0.02535047
994794,0.021645939
994795,0.011391315
994796,0.011201029
994797,0.011122759
994798,0.012219359
994799,0.015390356
994800,0.010987046
994801,0.013361673
994802,0.0051721716
994803,0.012853286
994804,0.013827695
994805,0.011534208
994806,0.0096793827
994807,0.014993107
994808,0.010776655
994809,0.01908318
994810,0.014156566
994811,0.010962632
994812,0.023629222
994813,0.018926643
994814,0.0087608695
994815,0.013358607
994816,0.021731388
994817,0.014206465
994818,0.013568474
994819,0.01328125
994820,0.018910846
994821,0.019031245
994822,0.014553653
994823,0.018130314
994824,0.017537022
994825,0.02405192
994826,0.013200827
994827,0.016210938
994828,0.01109691
994829,0.016147748
994830,0.02405216
994831,0.011544261
994832,0.011106244
994833,0.019493192
994834,0.030215994
994835,0.019358197
994836,0.019209558
994837,0.01113353
994838,0.018887868
994839,0.013024184
994840,0.012831026
994841,0.01085995
994842,0.013550523
994843,0.013900937
994844,0.011111271
994845,0.026413143
994846,0.010779527
994847,0.010832663
994848,0.014247759
994849,0.021533921
994850,0.011144302
994851,0.016659006
994852,0.011914062
994853,0.011029412
994854,0.0081039621
994855,0.011092601
994856,0.015846163
994857,0.013235294
994858,0.016172161
994859,0.013823385
994860,0.012774719
994861,0.010817584
994862,0.028117906
994863,0.013680492
994864,0.010913804
994865,0.013525391
994866,0.017830882
994867,0.010895853
994868,0.011070341
994869,0.021347225
994870,0.010980584
994871,0.0017430199
994872,0.01338465
994873,0.011420037
994874,0.015433643
994875,0.012141688
994876,0.011448042
994877,0.011066751
994878,0.010214761
994879,0.026400937
994880,0.016345214
994881,0.0075591775
994882,0.017704504
994883,0.011208209
994884,0.012467611
994885,0.011035156
994886,0.0099540278
994887,0.012273811
994888,0.013511029
994889,0.011123477
994890,0.012179745
994891,0.011311609
994892,0.016259048
994893,0.015857652
994894,0.013430607
994895,0.016153492
994896,0.013478717
994897,0.013500976
994898,0.013637408
994899,0.021064309
994900,0.013663258
994901,0.023727596
994902,0.012977511
994903,0.016022805
994904,0.010814711
994905,0.013939711
994906,0.011173024
994907,0.024168137
994908,0.01382554
994909,0.015126767
994910,0.010931755
994911,0.019255515
994912,0.010839844
994913,0.011247702
994914,0.010816148
994915,0.014558637
994916,0.013612994
994917,0.0161578
994918,0.013536162
994919,0.011020795
994920,0.01762408
994921,0.017086552
994922,0.011925551
994923,0.015085232
994924,0.01202608
994925,0.010038944
994926,0.011168716
994927,0.014326747
994928,0.011099782
994929,0.014738184
994930,0.016203757
994931,0.018910846
994932,0.01127068
994933,0.01133028
994934,0.01138557
994935,0.013680492
994936,0.013952531
994937,0.01353688
994938,0.018911563
994939,0.012028952
994940,0.011615349
994941,0.013290239
994942,0.015182722
994943,0.013545496
994944,0.011362592
994945,0.01388873
994946,0.011311609
994947,0.01103372
994948,0.018414086
994949,0.011555032
994950,0.010592831
994951,0.022366792
994952,0.0128777
994953,0.018113798
994954,0.014085478
994955,0.013430607
994956,0.013718549
994957,0.017794857
994958,0.010885081
994959,0.011335306
994960,0.024597887
994961,0.018195657
994962,0.012793363
994963,0.018189913
994964,0.010483108
994965,0.017663537
994966,0.023747703
994967,0.016130514
994968,0.016641056
994969,0.017142816
994970,0.011114143
994971,0.011088293
994972,0.015153912
994973,0.011150046
994974,0.016301414
994975,0.012905149
994976,0.011132812
994977,0.01610969
994978,0.016385427
994979,0.018037293
994980,0.014725988
994981,0.013973461
994982,0.020532945
994983,0.010831945
994984,0.011283605
994985,0.01788439
994986,0.010957606
994987,0.0135814
994988,0.010977712
994989,0.011103372
994990,0.012036674
994991,0.013648897
994992,0.012879854
994993,0.011271399
994994,0.013913861
994995,0.013396139
994996,0.012350643
994997,0.017877102
994998,0.016429229
994999,0.010849897
995000,0.015096972
995001,0.016383272
995002,0.033050198
995003,0.017513964
995004,0.024358772
995005,0.01075583
995006,0.013579963
995007,0.024121812
995008,0.013409783
995009,0.013907399
995010,0.012744859
995011,0.015018378
995012,0.011018641
995013,0.010605756
995014,0.017178165
995015,0.011454504
995016,0.013641717
995017,0.013409783
995018,0.01128576
995019,0.0097822361
995020,0.01257037
995021,0.013622329
995022,0.022709036
995023,0.013801844
995024,0.012235753
995025,0.011532553
995026,0.013420554
995027,0.013545496
995028,0.010999253
995029,0.015998088
995030,0.015981875
995031,0.011730239
995032,0.025208943
995033,0.012838124
995034,0.025436874
995035,0.011682129
995036,0.027090993
995037,0.019876705
995038,0.0031631219
995039,0.018520221
995040,0.0093216877
995041,0.013246783
995042,0.029550351
995043,0.011081113
995044,0.013568474
995045,0.023874082
995046,0.011366182
995047,0.017212119
995048,0.013448558
995049,0.014493781
995050,0.0096399318
995051,0.016432818
995052,0.015133129
995053,0.013595761
995054,0.011542825
995055,0.023862591
995056,0.02083905
995057,0.013890166
995058,0.013437787
995059,0.019251158
995060,0.0027493576
995061,0.01339973
995062,0.011644072
995063,0.01490469
995064,0.0031009368
995065,0.012519388
995066,0.011638328
995067,0.010739315
995068,0.022458643
995069,0.011196001
995070,0.010739315
995071,0.013598633
995072,0.011132094
995073,0.013923196
995074,0.013513183
995075,0.013358083
995076,0.013512465
995077,0.011184513
995078,0.011346795
995079,0.010930319
995080,0.011029412
995081,0.01372573
995082,0.01088939
995083,0.011068187
995084,0.016670497
995085,0.016126206
995086,0.016149903
995087,0.013947229
995088,0.011119887
995089,0.013528263
995090,0.016176471
995091,0.014144359
995092,0.010999971
995093,0.015151798
995094,0.018780876
995095,0.011150764
995096,0.016630284
995097,0.01217824
995098,0.018941723
995099,0.016880888
995100,0.013840619
995101,0.025395652
995102,0.0028239992
995103,0.010991354
995104,0.012971048
995105,0.020481244
995106,0.012201287
995107,0.016063018
995108,0.012299662
995109,0.010979866
995110,0.010872156
995111,0.011468865
995112,0.016215246
995113,0.013361673
995114,0.012658691
995115,0.016022805
995116,0.020137208
995117,0.024126839
995118,0.011251292
995119,0.016396197
995120,0.016432101
995121,0.020898437
995122,0.01105239
995123,0.016774615
995124,0.015340701
995125,0.013660386
995126,0.014535702
995127,0.016955972
995128,0.011020795
995129,0.01590289
995130,0.011170152
995131,0.0039206413
995132,0.01114861
995133,0.024457864
995134,0.011236213
995135,0.013457174
995136,0.011012896
995137,0.014996819
995138,0.011046645
995139,0.010842716
995140,0.016257612
995141,0.016683422
995142,0.013660386
995143,0.011127668
995144,0.025612876
995145,0.011863798
995146,0.010687177
995147,0.015553229
995148,0.016967773
995149,0.010961914
995150,0.018888585
995151,0.012212776
995152,0.0129294
995153,0.020341223
995154,0.011109835
995155,0.025572792
995156,0.011121323
995157,0.011077521
995158,0.011599386
995159,0.018872788
995160,0.01157083
995161,0.015523035
995162,0.016210938
995163,0.01773897
995164,0.011109835
995165,0.010933192
995166,0.011207491
995167,0.0165434
995168,0.016348805
995169,0.017458927
995170,0.015387414
995171,0.011190257
995172,0.013623047
995173,0.019094668
995174,0.013648897
995175,0.015948128
995176,0.011086857
995177,0.025573038
995178,0.01582174
995179,0.021289062
995180,0.016226016
995181,0.015492169
995182,0.016306439
995183,0.0039444966
995184,0.016075943
995185,0.01100787
995186,0.0086613679
995187,0.013852108
995188,0.021360869
995189,0.031246692
995190,0.011899701
995191,0.016401224
995192,0.012187336
995193,0.016051527
995194,0.011012178
995195,0.013878676
995196,0.013038765
995197,0.019073846
995198,0.01876149
995199,0.021703383
995200,0.013872214
995201,0.018637983
995202,0.017190373
995203,0.010989918
995204,0.018691119
995205,0.013479435
995206,0.010932473
995207,0.010811121
995208,0.013430607
995209,0.011155791
995210,0.012159579
995211,0.016505342
995212,0.018861664
995213,0.02226894
995214,0.018922335
995215,0.018986961
995216,0.012907858
995217,0.02157844
995218,0.011264936
995219,0.018818934
995220,0.010732853
995221,0.013078757
995222,0.018382354
995223,0.016715433
995224,0.013849954
995225,0.013342286
995226,0.01117087
995227,0.023589011
995228,0.01078958
995229,0.010871438
995230,0.013984231
995231,0.012442555
995232,0.011021513
995233,0.013780302
995234,0.010976993
995235,0.016597971
995236,0.018910846
995237,0.013464356
995238,0.01216682
995239,0.011127786
995240,0.019748757
995241,0.016060863
995242,0.013531135
995243,0.011601996
995244,0.014506262
995245,0.013698443
995246,0.023690257
995247,0.011273553
995248,0.013540231
995249,0.013284841
995250,0.011245548
995251,0.013276224
995252,0.013556985
995253,0.015681008
995254,0.014154412
995255,0.011496869
995256,0.012645404
995257,0.021510186
995258,0.011240148
995259,0.010451032
995260,0.011239085
995261,0.014358341
995262,0.011653407
995263,0.012876108
995264,0.01191478
995265,0.010689051
995266,0.011105526
995267,0.018798109
995268,0.01630285
995269,0.016124053
995270,0.026691033
995271,0.012003102
995272,0.013248937
995273,0.01187457
995274,0.016490264
995275,0.011435116
995276,0.013844928
995277,0.011089729
995278,0.011926269
995279,0.029171214
995280,0.015895441
995281,0.010650275
995282,0.011238367
995283,0.016818993
995284,0.012752757
995285,0.015691468
995286,0.011394905
995287,0.011408548
995288,0.013384206
995289,0.013964126
995290,0.013796818
995291,0.010824764
995292,0.019313678
995293,0.029022576
995294,0.013400448
995295,0.017627671
995296,0.012585637
995297,0.013541188
995298,0.013947611
995299,0.013637113
995300,0.021336766
995301,0.01618796
995302,0.018009014
995303,0.01094468
995304,0.01642851
995305,0.011352539
995306,0.011186667
995307,0.011274271
995308,0.011030477
995309,0.014825799
995310,0.011014332
995311,0.010951143
995312,0.029733473
995313,0.010054702
995314,0.013649615
995315,0.013945972
995316,0.020046653
995317,0.012191234
995318,0.013266888
995319,0.016176471
995320,0.010737161
995321,0.011553054
995322,0.010775937
995323,0.015288925
995324,0.010458737
995325,0.011317354
995326,0.01370706
995327,0.012561753
995328,0.010885799
995329,0.010010962
995330,0.013407629
995331,0.013498104
995332,0.012960277
995333,0.016555607
995334,0.010963351
995335,0.01586986
995336,0.0097314464
995337,0.020038607
995338,0.013757324
995339,0.010921703
995340,0.01849868
995341,0.011471019
995342,0.010827636
995343,0.016134823
995344,0.016529039
995345,0.011608887
995346,0.011163689
995347,0.011062442
995348,0.011027976
995349,0.011938477
995350,0.010085016
995351,0.0034185008
995352,0.019739488
995353,0.011038029
995354,0.014097685
995355,0.01683565
995356,0.023012409
995357,0.018915154
995358,0.012638086
995359,0.011514821
995360,0.011201747
995361,0.017548684
995362,0.011163689
995363,0.01117087
995364,0.012001666
995365,0.013157052
995366,0.011882468
995367,0.013821949
995368,0.013786765
995369,0.024284093
995370,0.015992647
995371,0.012157485
995372,0.013878676
995373,0.012146714
995374,0.011379107
995375,0.018900793
995376,0.011033002
995377,0.014018699
995378,0.011098346
995379,0.012798714
995380,0.013832721
995381,0.010968377
995382,0.013456456
995383,0.013932531
995384,0.016097484
995385,0.016973546
995386,0.016439281
995387,0.015005314
995388,0.0099383704
995389,0.013525391
995390,0.011578728
995391,0.021855613
995392,0.013845646
995393,0.015601304
995394,0.011027258
995395,0.011369772
995396,0.018709788
995397,0.025980642
995398,0.021830481
995399,0.018004967
995400,0.01088939
995401,0.011294376
995402,0.013292739
995403,0.020428108
995404,0.01306296
995405,0.01107824
995406,0.0097739054
995407,0.011928423
995408,0.022462374
995409,0.015023983
995410,0.012825948
995411,0.011357565
995412,0.012488511
995413,0.011330998
995414,0.013363827
995415,0.015613511
995416,0.011063878
995417,0.011879596
995418,0.013446404
995419,0.018666705
995420,0.013407629
995421,0.02654383
995422,0.013821231
995423,0.0099913673
995424,0.013864315
995425,0.012013155
995426,0.011667049
995427,0.013332232
995428,0.013648179
995429,0.013635254
995430,0.013974897
995431,0.013253246
995432,0.010881491
995433,0.013627355
995434,0.010754394
995435,0.01122257
995436,0.012699027
995437,0.013444968
995438,0.011183795
995439,0.013278038
995440,0.01361443
995441,0.011477482
995442,0.011273553
995443,0.011136402
995444,0.0149292
995445,0.021270461
995446,0.017200425
995447,0.013832721
995448,0.010534932
995449,0.016183652
995450,0.016423484
995451,0.013906681
995452,0.023440942
995453,0.021024816
995454,0.013694853
995455,0.020264735
995456,0.016213091
995457,0.011420037
995458,0.01124483
995459,0.010849897
995460,0.011812098
995461,0.013549805
995462,0.016546991
995463,0.01652473
995464,0.013496668
995465,0.010720646
995466,0.015992647
995467,0.011458094
995468,0.016079532
995469,0.016179344
995470,0.011014332
995471,0.0053209253
995472,0.013683364
995473,0.012856131
995474,0.0033103114
995475,0.013680492
995476,0.016486673
995477,0.013961972
995478,0.01232267
995479,0.011161535
995480,0.013879394
995481,0.01103372
995482,0.016038602
995483,0.011201747
995484,0.013505285
995485,0.029524464
995486,0.015966797
995487,0.011061724
995488,0.016399788
995489,0.015963925
995490,0.021994537
995491,0.010236412
995492,0.011250574
995493,0.003426661
995494,0.013559857
995495,0.022012867
995496,0.012980483
995497,0.017451746
995498,0.01730239
995499,0.020440314
995500,0.015303309
995501,0.013757324
995502,0.011368336
995503,0.02001277
995504,0.015778664
995505,0.013572064
995506,0.015675489
995507,0.013430607
995508,0.010684743
995509,0.014478975
995510,0.013740809
995511,0.01062658
995512,0.013775994
995513,0.010309918
995514,0.02030891
995515,0.016762407
995516,0.020211266
995517,0.016077379
995518,0.013487333
995519,0.012674489
995520,0.013764505
995521,0.01353203
995522,0.016371783
995523,0.012404498
995524,0.011089729
995525,0.011352539
995526,0.016360294
995527,0.01913847
995528,0.011395806
995529,0.010785271
995530,0.016245404
995531,0.013340131
995532,0.012216366
995533,0.018564498
995534,0.013683364
995535,0.01827967
995536,0.032324936
995537,0.013476563
995538,0.0017110673
995539,0.017313879
995540,0.013776712
995541,0.010791016
995542,0.01118164
995543,0.013515337
995544,0.013901655
995545,0.018864891
995546,0.012017463
995547,0.010867286
995548,0.013916734
995549,0.013455738
995550,0.012505027
995551,0.017544815
995552,0.011340332
995553,0.011491843
995554,0.025667079
995555,0.013308536
995556,0.011305147
995557,0.020658605
995558,0.016964182
995559,0.012808052
995560,0.010587804
995561,0.013648897
995562,0.013447122
995563,0.013591453
995564,0.011504049
995565,0.011491125
995566,0.011124196
995567,0.011049517
995568,0.018830422
995569,0.01619155
995570,0.013143826
995571,0.011945657
995572,0.012345253
995573,0.013694135
995574,0.011349667
995575,0.010077903
995576,0.010868367
995577,0.013735782
995578,0.015189638
995579,0.011156509
995580,0.017271513
995581,0.011099782
995582,0.014487592
995583,0.010926011
995584,0.019439338
995585,0.019075999
995586,0.011063878
995587,0.026225012
995588,0.011160099
995589,0.014007209
995590,0.013992848
995591,0.014797794
995592,0.030152086
995593,0.010513613
995594,0.010938936
995595,0.01953125
995596,0.013936121
995597,0.013579963
995598,0.010979148
995599,0.013388959
995600,0.013893038
995601,0.010876465
995602,0.012311868
995603,0.017437601
995604,0.011534926
995605,0.01251597
995606,0.010825482
995607,0.019232538
995608,0.016210219
995609,0.020567959
995610,0.017435949
995611,0.011238367
995612,0.01384421
995613,0.013660386
995614,0.016709272
995615,0.01685432
995616,0.021024816
995617,0.021610754
995618,0.011655766
995619,0.010930319
995620,0.019188736
995621,0.011239085
995622,0.016653262
995623,0.022880973
995624,0.016284179
995625,0.013465074
995626,0.013501694
995627,0.020630602
995628,0.012665154
995629,0.011002125
995630,0.011065315
995631,0.010998535
995632,0.011029412
995633,0.019160731
995634,0.021713436
995635,0.011781939
995636,0.013821231
995637,0.016061582
995638,0.014787741
995639,0.011837948
995640,0.015482106
995641,0.015107862
995642,0.013578527
995643,0.013686236
995644,0.017102147
995645,0.013301356
995646,0.01086354
995647,0.01134105
995648,0.024804687
995649,0.013212316
995650,0.0111522
995651,0.01157083
995652,0.011101936
995653,0.010801787
995654,0.013501694
995655,0.0099653415
995656,0.014029469
995657,0.017118566
995658,0.012615868
995659,0.022886502
995660,0.0109375
995661,0.014960433
995662,0.011717314
995663,0.016268382
995664,0.010476626
995665,0.013501917
995666,0.016396197
995667,0.017199798
995668,0.016642492
995669,0.013824103
995670,0.0022729656
995671,0.0139591
995672,0.019450827
995673,0.011032284
995674,0.01322955
995675,0.011978919
995676,0.011351103
995677,0.011262782
995678,0.01384421
995679,0.027976362
995680,0.010870002
995681,0.011227597
995682,0.010999971
995683,0.011315918
995684,0.022568246
995685,0.013591453
995686,0.016477337
995687,0.010745778
995688,0.013311408
995689,0.010948271
995690,0.026567526
995691,0.011005715
995692,0.010867848
995693,0.024313534
995694,0.020010915
995695,0.011064596
995696,0.010145198
995697,0.011058852
995698,0.011921243
995699,0.013711369
995700,0.0108262
995701,0.01896829
995702,0.011481072
995703,0.013780302
995704,0.011349667
995705,0.015925149
995706,0.017670754
995707,0.013917452
995708,0.011728085
995709,0.011310891
995710,0.011006434
995711,0.016003419
995712,0.013732192
995713,0.010661765
995714,0.032213636
995715,0.01391817
995716,0.016190113
995717,0.012231079
995718,0.020450369
995719,0.01372932
995720,0.010133637
995721,0.011805798
995722,0.015308426
995723,0.013924632
995724,0.013876522
995725,0.013947611
995726,0.011282887
995727,0.011521284
995728,0.027242603
995729,0.017807905
995730,0.011167279
995731,0.010862822
995732,0.024001177
995733,0.013373162
995734,0.011018641
995735,0.011090447
995736,0.01304924
995737,0.021407543
995738,0.01354047
995739,0.011120605
995740,0.013867905
995741,0.014332491
995742,0.011632583
995743,0.01857982
995744,0.011108398
995745,0.012268066
995746,0.017629772
995747,0.011971507
995748,0.029659377
995749,0.018095847
995750,0.016182216
995751,0.011741728
995752,0.027230078
995753,0.016336598
995754,0.011346077
995755,0.016536219
995756,0.010523804
995757,0.011443014
995758,0.022040155
995759,0.016426357
995760,0.039326746
995761,0.010964787
995762,0.021959012
995763,0.012701775
995764,0.013775276
995765,0.010601885
995766,0.01574707
995767,0.024010513
995768,0.013487333
995769,0.010820456
995770,0.012012437
995771,0.021657428
995772,0.010701976
995773,0.013992848
995774,0.013691262
995775,0.016326545
995776,0.010223079
995777,0.013374598
995778,0.012997203
995779,0.01114143
995780,0.012667703
995781,0.014211857
995782,0.015809076
995783,0.016096048
995784,0.013534726
995785,0.021587776
995786,0.016480928
995787,0.011139994
995788,0.013732192
995789,0.014051011
995790,0.010820456
995791,0.013750861
995792,0.01682057
995793,0.018669577
995794,0.015322575
995795,0.021063559
995796,0.011117015
995797,0.025884651
995798,0.015237248
995799,0.013837029
995800,0.017681526
995801,0.010403262
995802,0.011105526
995803,0.014583541
995804,0.020061178
995805,0.015034754
995806,0.011550006
995807,0.027613422
995808,0.011323099
995809,0.010197202
995810,0.011132812
995811,0.015803078
995812,0.010777373
995813,0.013489488
995814,0.010951861
995815,0.012633591
995816,0.021662453
995817,0.024110323
995818,0.016034294
995819,0.013519916
995820,0.013490206
995821,0.010791734
995822,0.016564941
995823,0.015869141
995824,0.013924632
995825,0.013802562
995826,0.013009105
995827,0.013576373
995828,0.013621611
995829,0.015866268
995830,0.011328125
995831,0.014075425
995832,0.01140783
995833,0.016095329
995834,0.021484375
995835,0.010861386
995836,0.022261316
995837,0.014489028
995838,0.014820772
995839,0.010627298
995840,0.017837346
995841,0.011695772
995842,0.016525447
995843,0.011332434
995844,0.016580021
995845,0.011086857
995846,0.010910214
995847,0.011499023
995848,0.013304946
995849,0.018034276
995850,0.014200368
995851,0.013177849
995852,0.018984379
995853,0.013568474
995854,0.013740809
995855,0.018404238
995856,0.021436984
995857,0.015280331
995858,0.011528464
995859,0.018839039
995860,0.023502145
995861,0.016314339
995862,0.012476304
995863,0.021845559
995864,0.013017003
995865,0.01408117
995866,0.011922679
995867,0.010850615
995868,0.013694853
995869,0.016373219
995870,0.013327206
995871,0.019094668
995872,0.013947611
995873,0.013890166
995874,0.01622458
995875,0.021542955
995876,0.01335162
995877,0.013651052
995878,0.019228946
995879,0.012648048
995880,0.011060288
995881,0.021044921
995882,0.013959818
995883,0.013523237
995884,0.012511489
995885,0.015785845
995886,0.011167997
995887,0.01138557
995888,0.018583409
995889,0.027194394
995890,0.021248134
995891,0.01095976
995892,0.011280015
995893,0.011165843
995894,0.011420037
995895,0.012362133
995896,0.019526392
995897,0.013669721
995898,0.012488511
995899,0.012619916
995900,0.011346795
995901,0.013853544
995902,0.013350184
995903,0.0056306957
995904,0.019061638
995905,0.029237276
995906,0.015973259
995907,0.01639476
995908,0.011387724
995909,0.010898007
995910,0.012633465
995911,0.014136461
995912,0.013505285
995913,0.010928883
995914,0.011629711
995915,0.011109835
995916,0.01112635
995917,0.012695313
995918,0.013576373
995919,0.011109835
995920,0.013763787
995921,0.014317412
995922,0.013410501
995923,0.020659113
995924,0.010397979
995925,0.011005715
995926,0.0050593186
995927,0.013423426
995928,0.015145845
995929,0.010670715
995930,0.017474724
995931,0.01623176
995932,0.02696605
995933,0.024032772
995934,0.013656078
995935,0.01245548
995936,0.016342742
995937,0.022847973
995938,0.011355411
995939,0.016090304
995940,0.018607106
995941,0.012583991
995942,0.018799547
995943,0.021472886
995944,0.012339872
995945,0.013763787
995946,0.013867187
995947,0.014867446
995948,0.010735916
995949,0.011063878
995950,0.010656021
995951,0.010744342
995952,0.011239803
995953,0.0109375
995954,0.011088293
995955,0.010824764
995956,0.013610122
995957,0.019806985
995958,0.015969669
995959,0.011022232
995960,0.01976103
995961,0.013606532
995962,0.013893038
995963,0.013535444
995964,0.018213747
995965,0.017634802
995966,0.0031839593
995967,0.016371783
995968,0.01105598
995969,0.011440142
995970,0.021824736
995971,0.01434757
995972,0.01083769
995973,0.010792452
995974,0.011075367
995975,0.010918112
995976,0.01148897
995977,0.012601246
995978,0.012074908
995979,0.010942526
995980,0.011259191
995981,0.016865809
995982,0.013941147
995983,0.010877901
995984,0.010335838
995985,0.014081888
995986,0.016692039
995987,0.011098346
995988,0.01639476
995989,0.020200696
995990,0.014935662
995991,0.011227597
995992,0.010853487
995993,0.011656997
995994,0.013553395
995995,0.016323673
995996,0.013534008
995997,0.011139994
995998,0.011203901
995999,0.011282887
996000,0.01020041
996001,0.011358283
996002,0.015973585
996003,0.013472972
996004,0.013834157
996005,0.013367417
996006,0.011960018
996007,0.015132578
996008,0.011613195
996009,0.011339614
996010,0.014005773
996011,0.014893718
996012,0.0188534
996013,0.011939913
996014,0.014740335
996015,0.011089729
996016,0.011109835
996017,0.010766601
996018,0.020366371
996019,0.015968233
996020,0.016383272
996021,0.013436351
996022,0.012344181
996023,0.02249839
996024,0.001561314
996025,0.016282026
996026,0.013683364
996027,0.0117446
996028,0.037512206
996029,0.013630227
996030,0.015309538
996031,0.011175178
996032,0.011015768
996033,0.011185949
996034,0.014079016
996035,0.01533983
996036,0.019441493
996037,0.011224724
996038,0.013926068
996039,0.011409266
996040,0.01358499
996041,0.010917394
996042,0.016934743
996043,0.020026712
996044,0.01113353
996045,0.016292796
996046,0.01639476
996047,0.011160817
996048,0.016656134
996049,0.016136259
996050,0.013651052
996051,0.011029412
996052,0.015582634
996053,0.02411535
996054,0.011282169
996055,0.0136848
996056,0.013299202
996057,0.010629452
996058,0.013122376
996059,0.016065171
996060,0.010895135
996061,0.014394962
996062,0.013619456
996063,0.015021044
996064,0.015340648
996065,0.013318589
996066,0.013532571
996067,0.011155791
996068,0.017830882
996069,0.013498104
996070,0.020253532
996071,0.013426298
996072,0.016801184
996073,0.011007152
996074,0.01160386
996075,0.015865549
996076,0.014550063
996077,0.013732192
996078,0.011098346
996079,0.01144876
996080,0.010294118
996081,0.013665413
996082,0.02242168
996083,0.013194364
996084,0.010971967
996085,0.013922478
996086,0.016704964
996087,0.012418266
996088,0.013335104
996089,0.011196001
996090,0.026022209
996091,0.010059544
996092,0.011690028
996093,0.011167997
996094,0.011523438
996095,0.023759192
996096,0.016379682
996097,0.010963351
996098,0.011144302
996099,0.016609462
996100,0.0099874781
996101,0.010200811
996102,0.013742963
996103,0.012685204
996104,0.016315775
996105,0.010082384
996106,0.011756808
996107,0.011111989
996108,0.013798254
996109,0.01586196
996110,0.01515054
996111,0.029175524
996112,0.013798254
996113,0.016590074
996114,0.011516257
996115,0.013763787
996116,0.014578068
996117,0.013860007
996118,0.018734202
996119,0.016636029
996120,0.013650334
996121,0.010868566
996122,0.013510311
996123,0.011451632
996124,0.010050759
996125,0.016406249
996126,0.011029412
996127,0.022662897
996128,0.018933823
996129,0.01171157
996130,0.010923857
996131,0.03141531
996132,0.016847139
996133,0.017443897
996134,0.011291504
996135,0.016181497
996136,0.01124842
996137,0.01110409
996138,0.016327264
996139,0.013639562
996140,0.016957721
996141,0.011422909
996142,0.0038304043
996143,0.013421272
996144,0.014487592
996145,0.016233915
996146,0.011203183
996147,0.014935936
996148,0.016204474
996149,0.017165959
996150,0.016236788
996151,0.010983456
996152,0.013407629
996153,0.017181037
996154,0.022970375
996155,0.010722082
996156,0.01114502
996157,0.011321662
996158,0.011288632
996159,0.014155848
996160,0.012495222
996161,0.013490206
996162,0.013644589
996163,0.015545296
996164,0.011193129
996165,0.011045209
996166,0.01380328
996167,0.013630945
996168,0.013331514
996169,0.02024213
996170,0.015008904
996171,0.019338092
996172,0.027235324
996173,0.012676276
996174,0.012649356
996175,0.013153185
996176,0.010638786
996177,0.024317125
996178,0.01301972
996179,0.010387789
996180,0.010763011
996181,0.011480354
996182,0.019175092
996183,0.011339614
996184,0.011200311
996185,0.02007113
996186,0.02625517
996187,0.015358556
996188,0.013628791
996189,0.013411937
996190,0.011206773
996191,0.013658232
996192,0.011029412
996193,0.013465074
996194,0.015349264
996195,0.013881548
996196,0.014310949
996197,0.016501753
996198,0.013376034
996199,0.011387724
996200,0.011006434
996201,0.025534324
996202,0.011184513
996203,0.010994945
996204,0.014402894
996205,0.014148667
996206,0.02556655
996207,0.010560518
996208,0.014372702
996209,0.010977712
996210,0.013094584
996211,0.011209645
996212,0.01117087
996213,0.014449107
996214,0.01171875
996215,0.016407574
996216,0.012879136
996217,0.013327206
996218,0.01127068
996219,0.016118309
996220,0.016269101
996221,0.011283605
996222,0.012775735
996223,0.013694853
996224,0.015912224
996225,0.014005055
996226,0.015092917
996227,0.013629509
996228,0.013349466
996229,0.013261862
996230,0.0032313806
996231,0.01157083
996232,0.013798972
996233,0.013813333
996234,0.010921703
996235,0.015304666
996236,0.010781681
996237,0.0105309
996238,0.015286793
996239,0.0092202621
996240,0.011546415
996241,0.016406249
996242,0.013815487
996243,0.011031566
996244,0.017662851
996245,0.01570848
996246,0.016345214
996247,0.01103013
996248,0.012280048
996249,0.013457174
996250,0.017881745
996251,0.010918831
996252,0.014685059
996253,0.013078039
996254,0.016529756
996255,0.01532126
996256,0.012552022
996257,0.011615349
996258,0.019073846
996259,0.011758244
996260,0.01639476
996261,0.01413287
996262,0.014007209
996263,0.011391315
996264,0.013648897
996265,0.018623622
996266,0.014545036
996267,0.011283605
996268,0.014300178
996269,0.017038144
996270,0.013967716
996271,0.010521024
996272,0.011175178
996273,0.011684283
996274,0.019355325
996275,0.016004136
996276,0.011006434
996277,0.011155791
996278,0.015460161
996279,0.010954733
996280,0.018478027
996281,0.015146703
996282,0.020361328
996283,0.012769273
996284,0.011162971
996285,0.01167423
996286,0.012754912
996287,0.013809742
996288,0.0022060303
996289,0.01082261
996290,0.015287285
996291,0.011170152
996292,0.011400649
996293,0.013211984
996294,0.013373162
996295,0.012281543
996296,0.011103372
996297,0.011455222
996298,0.011066033
996299,0.011561494
996300,0.011308019
996301,0.016596535
996302,0.0096345209
996303,0.0028396167
996304,0.014371285
996305,0.016142003
996306,0.010899443
996307,0.014142923
996308,0.023017064
996309,0.013878676
996310,0.016592946
996311,0.013712805
996312,0.011975477
996313,0.010665355
996314,0.015421841
996315,0.016155647
996316,0.019000603
996317,0.011006434
996318,0.01070054
996319,0.01102295
996320,0.013558421
996321,0.016888786
996322,0.023006566
996323,0.017225558
996324,0.01085995
996325,0.013211349
996326,0.015418818
996327,0.013601505
996328,0.015143501
996329,0.015015366
996330,0.016027113
996331,0.010971967
996332,0.016155647
996333,0.017673057
996334,0.018191349
996335,0.01643569
996336,0.016326545
996337,0.01113712
996338,0.016270537
996339,0.016429229
996340,0.013769532
996341,0.014912375
996342,0.01112635
996343,0.011351103
996344,0.002845441
996345,0.011231905
996346,0.013447122
996347,0.01105239
996348,0.013327206
996349,0.010577751
996350,0.01746851
996351,0.011033002
996352,0.011356129
996353,0.010892262
996354,0.011050235
996355,0.015970387
996356,0.016572122
996357,0.019060202
996358,0.011272835
996359,0.014208267
996360,0.016090304
996361,0.011169434
996362,0.010971967
996363,0.018569048
996364,0.012591911
996365,0.013212316
996366,0.010965505
996367,0.024681894
996368,0.018487908
996369,0.01075224
996370,0.011034438
996371,0.013823385
996372,0.01134105
996373,0.012043313
996374,0.012603461
996375,0.019112621
996376,0.022454416
996377,0.011323099
996378,0.018680349
996379,0.0260814
996380,0.018494371
996381,0.027695768
996382,0.013721421
996383,0.013414091
996384,0.011269244
996385,0.011398495
996386,0.010804659
996387,0.013656078
996388,0.027022058
996389,0.013524673
996390,0.011937759
996391,0.02365938
996392,0.015614229
996393,0.039028034
996394,0.013804716
996395,0.014566761
996396,0.015969669
996397,0.013457892
996398,0.01084487
996399,0.013752297
996400,0.013720703
996401,0.010829072
996402,0.014145795
996403,0.014553857
996404,0.020602807
996405,0.010372778
996406,0.0096065542
996407,0.011240521
996408,0.013903091
996409,0.011937041
996410,0.010164347
996411,0.013640998
996412,0.031471163
996413,0.013671875
996414,0.010827636
996415,0.010707002
996416,0.018043337
996417,0.015184111
996418,0.011382697
996419,0.016038602
996420,0.01361443
996421,0.035213694
996422,0.017380267
996423,0.016545555
996424,0.012069164
996425,0.020317527
996426,0.01618796
996427,0.013530417
996428,0.011064596
996429,0.015044409
996430,0.010757267
996431,0.016279871
996432,0.018945312
996433,0.011213954
996434,0.013781738
996435,0.011179486
996436,0.022394875
996437,0.011288632
996438,0.013579963
996439,0.012187577
996440,0.024379596
996441,0.015970387
996442,0.035241701
996443,0.011868106
996444,0.011402803
996445,0.015508557
996446,0.014829853
996447,0.011518411
996448,0.01637681
996449,0.016107537
996450,0.013148408
996451,0.010948989
996452,0.013158462
996453,0.011542825
996454,0.022702927
996455,0.011710851
996456,0.011293658
996457,0.010708767
996458,0.021886488
996459,0.013864315
996460,0.011697927
996461,0.013830567
996462,0.020082721
996463,0.0026083058
996464,0.010974912
996465,0.011202465
996466,0.015287511
996467,0.0088708038
996468,0.011509795
996469,0.015346923
996470,0.014579504
996471,0.013684082
996472,0.011199592
996473,0.01391458
996474,0.012771145
996475,0.035325963
996476,0.030748785
996477,0.013577091
996478,0.0099299541
996479,0.011314481
996480,0.013776551
996481,0.019441351
996482,0.012927521
996483,0.011387724
996484,0.011113425
996485,0.011293658
996486,0.016103946
996487,0.020327888
996488,0.0047189794
996489,0.011237649
996490,0.010687615
996491,0.01102295
996492,0.014150822
996493,0.010877901
996494,0.010969813
996495,0.012097168
996496,0.024427706
996497,0.011285041
996498,0.011150046
996499,0.011136402
996500,0.013536162
996501,0.011269244
996502,0.013669003
996503,0.010690487
996504,0.014697266
996505,0.023122303
996506,0.011132812
996507,0.010205796
996508,0.013964126
996509,0.011053826
996510,0.018748565
996511,0.026530905
996512,0.013571346
996513,0.011616067
996514,0.012380717
996515,0.010148757
996516,0.015965361
996517,0.024485437
996518,0.013151281
996519,0.033074591
996520,0.011005715
996521,0.011013614
996522,0.011156509
996523,0.026539521
996524,0.024105296
996525,0.010964787
996526,0.01585478
996527,0.011045927
996528,0.014997423
996529,0.013579963
996530,0.013035681
996531,0.013901655
996532,0.012861903
996533,0.013311408
996534,0.013767377
996535,0.02155992
996536,0.0099852579
996537,0.019910386
996538,0.013512465
996539,0.018687529
996540,0.021164611
996541,0.013800408
996542,0.010891544
996543,0.016153492
996544,0.016599407
996545,0.012717572
996546,0.010884363
996547,0.011327407
996548,0.014021571
996549,0.010953297
996550,0.01264433
996551,0.013801126
996552,0.013602941
996553,0.016192269
996554,0.0098825945
996555,0.011252728
996556,0.014266429
996557,0.012141688
996558,0.010981302
996559,0.013700597
996560,0.021446317
996561,0.011503331
996562,0.017631261
996563,0.011012178
996564,0.010830509
996565,0.011747472
996566,0.011529182
996567,0.022513418
996568,0.021665325
996569,0.013608363
996570,0.019203814
996571,0.013189338
996572,0.013546214
996573,0.026711857
996574,0.011098346
996575,0.013650334
996576,0.026108194
996577,0.012181181
996578,0.010870002
996579,0.021857766
996580,0.015925867
996581,0.011017923
996582,0.013788919
996583,0.021474322
996584,0.013631663
996585,0.012502024
996586,0.011590935
996587,0.012980796
996588,0.024987061
996589,0.014519187
996590,0.011025104
996591,0.012465533
996592,0.018718405
996593,0.011106244
996594,0.013212316
996595,0.010994227
996596,0.0098988889
996597,0.01081543
996598,0.018759334
996599,0.010960478
996600,0.013131893
996601,0.015984748
996602,0.012111529
996603,0.011257037
996604,0.015028279
996605,0.016142003
996606,0.010421215
996607,0.013486615
996608,0.018841911
996609,0.016696347
996610,0.011272117
996611,0.016220272
996612,0.011456658
996613,0.012259349
996614,0.011122041
996615,0.013801844
996616,0.010579905
996617,0.012258732
996618,0.016475184
996619,0.010816148
996620,0.013861443
996621,0.011112707
996622,0.011362592
996623,0.01399572
996624,0.010818302
996625,0.012178309
996626,0.013641717
996627,0.010676126
996628,0.013340131
996629,0.016192986
996630,0.021668199
996631,0.022144273
996632,0.019519761
996633,0.010876465
996634,0.025942096
996635,0.037517235
996636,0.013586426
996637,0.011772909
996638,0.013755888
996639,0.0023256561
996640,0.013901655
996641,0.011277861
996642,0.012063419
996643,0.011089011
996644,0.010994227
996645,0.010979866
996646,0.013456456
996647,0.010419395
996648,0.013397576
996649,0.011531336
996650,0.0021955681
996651,0.010926011
996652,0.010976993
996653,0.012050494
996654,0.013546932
996655,0.021222282
996656,0.012658232
996657,0.02320772
996658,0.029380171
996659,0.01639476
996660,0.022322878
996661,0.010915958
996662,0.01970502
996663,0.015021036
996664,0.014422966
996665,0.016050091
996666,0.011826459
996667,0.016350958
996668,0.01113353
996669,0.010987764
996670,0.018540327
996671,0.01377743
996672,0.011397059
996673,0.013411219
996674,0.018831858
996675,0.014090504
996676,0.011277143
996677,0.017973492
996678,0.015994802
996679,0.012013155
996680,0.011064596
996681,0.011404958
996682,0.011169434
996683,0.013788919
996684,0.016022805
996685,0.012591911
996686,0.019945571
996687,0.013789637
996688,0.010702694
996689,0.01372932
996690,0.014051011
996691,0.014020135
996692,0.023925781
996693,0.011118899
996694,0.013380342
996695,0.011380543
996696,0.011286478
996697,0.025257066
996698,0.027010569
996699,0.023828125
996700,0.020883547
996701,0.017415689
996702,0.010865694
996703,0.013388241
996704,0.010587804
996705,0.016256893
996706,0.014935662
996707,0.012120864
996708,0.011045209
996709,0.015891401
996710,0.014368667
996711,0.011256319
996712,0.025896732
996713,0.021202177
996714,0.013560575
996715,0.013521083
996716,0.011057416
996717,0.010788144
996718,0.016661162
996719,0.021255314
996720,0.01609892
996721,0.010740033
996722,0.011496869
996723,0.018979779
996724,0.011048799
996725,0.011321419
996726,0.023955939
996727,0.011527746
996728,0.016376091
996729,0.01370706
996730,0.015693935
996731,0.0035177451
996732,0.01572481
996733,0.011098346
996734,0.014851648
996735,0.016061582
996736,0.029400993
996737,0.02030101
996738,0.01105239
996739,0.0036459209
996740,0.016799029
996741,0.014091941
996742,0.011089729
996743,0.010765165
996744,0.011828613
996745,0.02153033
996746,0.011188449
996747,0.010941808
996748,0.014942124
996749,0.011038747
996750,0.011147892
996751,0.011050235
996752,0.01159668
996753,0.013676901
996754,0.019117648
996755,0.012278837
996756,0.013802562
996757,0.013897346
996758,0.011175896
996759,0.020559454
996760,0.013895192
996761,0.010675408
996762,0.011567958
996763,0.014016544
996764,0.0109892
996765,0.021740723
996766,0.011207491
996767,0.01660659
996768,0.011162971
996769,0.013518928
996770,0.01361802
996771,0.01087072
996772,0.016306439
996773,0.021199305
996774,0.010081622
996775,0.010717056
996776,0.013535444
996777,0.011225442
996778,0.003254011
996779,0.011089011
996780,0.01304788
996781,0.011339614
996782,0.01631362
996783,0.016578585
996784,0.010948989
996785,0.01640266
996786,0.019084616
996787,0.013465074
996788,0.011086857
996789,0.028698731
996790,0.011239085
996791,0.010043414
996792,0.011040901
996793,0.016189396
996794,0.010022955
996795,0.017773438
996796,0.022463497
996797,0.01127068
996798,0.015446265
996799,0.011013614
996800,0.021380974
996801,0.013340131
996802,0.031340506
996803,0.010762293
996804,0.010868566
996805,0.01334444
996806,0.012476028
996807,0.013060087
996808,0.013829849
996809,0.013454302
996810,0.010939654
996811,0.013009162
996812,0.01523653
996813,0.016154211
996814,0.016181497
996815,0.0014733039
996816,0.011122759
996817,0.013593607
996818,0.013335822
996819,0.018612131
996820,0.019569308
996821,0.013936121
996822,0.013602941
996823,0.019180119
996824,0.013715677
996825,0.024095962
996826,0.020235667
996827,0.011068905
996828,0.011031566
996829,0.013401885
996830,0.013833439
996831,0.010914522
996832,0.01451416
996833,0.0024627303
996834,0.011091165
996835,0.016119745
996836,0.01504337
996837,0.013824822
996838,0.012007411
996839,0.018999433
996840,0.010914522
996841,0.026736271
996842,0.021383129
996843,0.01476979
996844,0.010719928
996845,0.011029412
996846,0.01194853
996847,0.016029986
996848,0.024241729
996849,0.016111126
996850,0.01722802
996851,0.024192182
996852,0.013931095
996853,0.016149903
996854,0.0019552805
996855,0.012581141
996856,0.025205046
996857,0.0018260027
996858,0.013530417
996859,0.02234892
996860,0.011066033
996861,0.013809742
996862,0.010936064
996863,0.011027258
996864,0.012528004
996865,0.01361802
996866,0.013897346
996867,0.011206773
996868,0.01540871
996869,0.011443014
996870,0.012477022
996871,0.013087373
996872,0.032411106
996873,0.017696604
996874,0.012375144
996875,0.015330286
996876,0.01075583
996877,0.013712087
996878,0.010923857
996879,0.0099659637
996880,0.011066033
996881,0.013783893
996882,0.010537961
996883,0.013450712
996884,0.01060432
996885,0.010857795
996886,0.011227597
996887,0.010023003
996888,0.013657514
996889,0.010372927
996890,0.013426298
996891,0.01630285
996892,0.010939654
996893,0.010642667
996894,0.0099034524
996895,0.038732193
996896,0.011351103
996897,0.013524673
996898,0.011006434
996899,0.013913143
996900,0.018189196
996901,0.018073114
996902,0.0202571
996903,0.016015625
996904,0.011646226
996905,0.010976275
996906,0.011206773
996907,0.012093578
996908,0.011361874
996909,0.014178107
996910,0.039131433
996911,0.020702763
996912,0.016055118
996913,0.013435633
996914,0.018550379
996915,0.010966941
996916,0.01636963
996917,0.016371783
996918,0.015093194
996919,0.019281365
996920,0.011249138
996921,0.018891457
996922,0.011279297
996923,0.010954733
996924,0.019140625
996925,0.012530671
996926,0.025136432
996927,0.013628791
996928,0.02068462
996929,0.013766659
996930,0.010938936
996931,0.011291504
996932,0.014282945
996933,0.015907198
996934,0.011294376
996935,0.013261862
996936,0.010755112
996937,0.011753217
996938,0.015990492
996939,0.011998794
996940,0.011086857
996941,0.024591424
996942,0.011201747
996943,0.016391171
996944,0.013694063
996945,0.012143842
996946,0.01890151
996947,0.018798383
996948,0.010140754
996949,0.010791016
996950,0.010903751
996951,0.016338753
996952,0.010717774
996953,0.011330998
996954,0.011219698
996955,0.011121323
996956,0.020478372
996957,0.034348909
996958,0.013308536
996959,0.011054544
996960,0.0082055461
996961,0.016949821
996962,0.013747271
996963,0.016475184
996964,0.013361673
996965,0.010457859
996966,0.012491384
996967,0.015248252
996968,0.010196603
996969,0.014079016
996970,0.01349954
996971,0.019603221
996972,0.01137049
996973,0.010772346
996974,0.021495864
996975,0.015562416
996976,0.016084559
996977,0.011239803
996978,0.01398854
996979,0.019024896
996980,0.012400189
996981,0.028517062
996982,0.010945398
996983,0.011216108
996984,0.013516055
996985,0.011155791
996986,0.01391817
996987,0.010070359
996988,0.024532542
996989,0.022157917
996990,0.013177849
996991,0.030200195
996992,0.013620174
996993,0.013363109
996994,0.015577813
996995,0.011295812
996996,0.010278792
996997,0.013446404
996998,0.013401167
996999,0.013153436
997000,0.010825482
997001,0.012497449
997002,0.016636029
997003,0.011186667
997004,0.016452206
997005,0.0099477321
997006,0.01221852
997007,0.015414609
997008,0.012077062
997009,0.010922421
997010,0.01122616
997011,0.013396139
997012,0.012764246
997013,0.012558338
997014,0.018781595
997015,0.011111989
997016,0.011124196
997017,0.010853487
997018,0.021138545
997019,0.013041402
997020,0.011017923
997021,0.011008588
997022,0.018910846
997023,0.016247559
997024,0.012691004
997025,0.017230583
997026,0.013982077
997027,0.012179783
997028,0.0034198842
997029,0.018832577
997030,0.010982738
997031,0.011114143
997032,0.013606532
997033,0.016353114
997034,0.012527286
997035,0.010946834
997036,0.011091165
997037,0.012669977
997038,0.029439051
997039,0.034552362
997040,0.010880055
997041,0.011216108
997042,0.013338695
997043,0.010979866
997044,0.011349667
997045,0.017653521
997046,0.018864891
997047,0.010879337
997048,0.010701976
997049,0.016396197
997050,0.010943244
997051,0.01472527
997052,0.011061724
997053,0.013979205
997054,0.018788056
997055,0.0034833839
997056,0.01602855
997057,0.022605255
997058,0.011286478
997059,0.010882927
997060,0.016153492
997061,0.010746496
997062,0.013763068
997063,0.013306382
997064,0.029000316
997065,0.018791648
997066,0.011819997
997067,0.018709788
997068,0.010350851
997069,0.012512749
997070,0.012258732
997071,0.013568474
997072,0.0090730982
997073,0.013376034
997074,0.011083267
997075,0.01125201
997076,0.010799632
997077,0.011091165
997078,0.0082859332
997079,0.010959042
997080,0.016303567
997081,0.011068187
997082,0.017003676
997083,0.023386158
997084,0.020557359
997085,0.012952256
997086,0.01484375
997087,0.013577809
997088,0.018340705
997089,0.011274271
997090,0.0214973
997091,0.015892118
997092,0.011735265
997093,0.01101146
997094,0.01373291
997095,0.034570314
997096,0.014809966
997097,0.0085795997
997098,0.021617217
997099,0.0113669
997100,0.021564798
997101,0.0022032522
997102,0.013407629
997103,0.01080035
997104,0.010734289
997105,0.013143945
997106,0.011090447
997107,0.013106762
997108,0.021443445
997109,0.011155791
997110,0.016292796
997111,0.011730957
997112,0.013361673
997113,0.011454504
997114,0.016877297
997115,0.018832577
997116,0.010781681
997117,0.011121323
997118,0.010793888
997119,0.017326804
997120,0.022734644
997121,0.01815008
997122,0.010505227
997123,0.010987046
997124,0.016046183
997125,0.014633358
997126,0.015192728
997127,0.018164063
997128,0.013704188
997129,0.011492561
997130,0.01403665
997131,0.021284036
997132,0.010650275
997133,0.014200368
997134,0.011021513
997135,0.018795956
997136,0.012358542
997137,0.016116153
997138,0.012777889
997139,0.010957606
997140,0.011183077
997141,0.016446462
997142,0.011455222
997143,0.022060977
997144,0.011845129
997145,0.02390427
997146,0.010984892
997147,0.011379483
997148,0.014065749
997149,0.01874282
997150,0.01103013
997151,0.011180922
997152,0.0188534
997153,0.021297976
997154,0.013577091
997155,0.016654698
997156,0.020285156
997157,0.014545036
997158,0.013786765
997159,0.018682502
997160,0.022234216
997161,0.018369451
997162,0.013637408
997163,0.013444968
997164,0.018834013
997165,0.011079676
997166,0.011464557
997167,0.017773438
997168,0.018961109
997169,0.011432244
997170,0.012940615
997171,0.019718794
997172,0.012606273
997173,0.012561035
997174,0.011663459
997175,0.01849078
997176,0.010966223
997177,0.016222427
997178,0.013970588
997179,0.016895125
997180,0.0097339097
997181,0.01526597
997182,0.01070772
997183,0.0135814
997184,0.012501716
997185,0.011009306
997186,0.009796543
997187,0.01882037
997188,0.014211857
997189,0.017745035
997190,0.017220531
997191,0.01202249
997192,0.010688333
997193,0.013683364
997194,0.012186859
997195,0.011261212
997196,0.022162225
997197,0.01385139
997198,0.010627298
997199,0.012781479
997200,0.01479671
997201,0.013706342
997202,0.013660386
997203,0.013793945
997204,0.010868566
997205,0.013967716
997206,0.016750919
997207,0.011098346
997208,0.0091231251
997209,0.010980584
997210,0.010786708
997211,0.013409065
997212,0.013079475
997213,0.018795956
997214,0.021991326
997215,0.011074649
997216,0.010847025
997217,0.011066033
997218,0.012876982
997219,0.018144926
997220,0.018500833
997221,0.015814569
997222,0.01372932
997223,0.013775276
997224,0.0142255
997225,0.01133746
997226,0.01377743
997227,0.011284323
997228,0.010773892
997229,0.020214017
997230,0.01243779
997231,0.010615809
997232,0.01377743
997233,0.012776743
997234,0.014772662
997235,0.016684139
997236,0.015936054
997237,0.01079676
997238,0.010443121
997239,0.011244112
997240,0.012826717
997241,0.011182358
997242,0.0096883932
997243,0.013338695
997244,0.018785184
997245,0.01122257
997246,0.017599266
997247,0.022727339
997248,0.010914522
997249,0.010982738
997250,0.011274271
997251,0.027684497
997252,0.015940947
997253,0.013663258
997254,0.012544735
997255,0.018836167
997256,0.021549001
997257,0.018704044
997258,0.013704906
997259,0.013832721
997260,0.015822466
997261,0.017361231
997262,0.012626996
997263,0.012571716
997264,0.010824046
997265,0.0092901615
997266,0.011387006
997267,0.010940934
997268,0.019417079
997269,0.013648897
997270,0.014477539
997271,0.011105526
997272,0.010950425
997273,0.013558421
997274,0.016214527
997275,0.016653262
997276,0.020060126
997277,0.013396857
997278,0.018976189
997279,0.030903177
997280,0.010760139
997281,0.018799547
997282,0.019565716
997283,0.01135972
997284,0.011185949
997285,0.011468865
997286,0.01360725
997287,0.014047421
997288,0.015912943
997289,0.011190257
997290,0.021610754
997291,0.015969669
997292,0.016122617
997293,0.013511029
997294,0.02181612
997295,0.016177189
997296,0.012850414
997297,0.013112188
997298,0.010909496
997299,0.0027467581
997300,0.010964069
997301,0.014545036
997302,0.020269804
997303,0.015152516
997304,0.011960018
997305,0.015843291
997306,0.01325899
997307,0.022647513
997308,0.018742101
997309,0.01372573
997310,0.016237507
997311,0.011022232
997312,0.016532628
997313,0.010997099
997314,0.011095474
997315,0.010905188
997316,0.02195904
997317,0.0087781828
997318,0.013740091
997319,0.018640136
997320,0.011328125
997321,0.015820313
997322,0.038947612
997323,0.019025736
997324,0.015728401
997325,0.01384421
997326,0.011040901
997327,0.018224336
997328,0.011353257
997329,0.014183134
997330,0.01342558
997331,0.018491497
997332,0.013830567
997333,0.014677519
997334,0.033870921
997335,0.011224724
997336,0.011036593
997337,0.012281709
997338,0.014202522
997339,0.01103372
997340,0.013653924
997341,0.013763787
997342,0.012646484
997343,0.016153492
997344,0.013947611
997345,0.010942526
997346,0.026686724
997347,0.013593607
997348,0.019117648
997349,0.013884421
997350,0.012163995
997351,0.016327981
997352,0.01086354
997353,0.02035941
997354,0.011294376
997355,0.030172909
997356,0.011782657
997357,0.013638844
997358,0.010962632
997359,0.020128677
997360,0.027508589
997361,0.013570628
997362,0.010811121
997363,0.013893756
997364,0.012522978
997365,0.016561352
997366,0.0138478
997367,0.013938993
997368,0.01628777
997369,0.013541906
997370,0.016118309
997371,0.013816205
997372,0.013836311
997373,0.013674029
997374,0.013434197
997375,0.020945111
997376,0.015050552
997377,0.018556843
997378,0.016282743
997379,0.016512522
997380,0.011555032
997381,0.01368839
997382,0.01613267
997383,0.013638844
997384,0.022783129
997385,0.011294376
997386,0.013547651
997387,0.013579963
997388,0.011024386
997389,0.017049633
997390,0.010875029
997391,0.010788144
997392,0.022894271
997393,0.011502613
997394,0.016197294
997395,0.013936121
997396,0.013568474
997397,0.016238224
997398,0.013648897
997399,0.013561293
997400,0.010917394
997401,0.018788056
997402,0.014286535
997403,0.016524011
997404,0.014865479
997405,0.010893698
997406,0.010988482
997407,0.0020244634
997408,0.010732853
997409,0.011304429
997410,0.019999083
997411,0.022762522
997412,0.011033002
997413,0.018844783
997414,0.016330853
997415,0.016978545
997416,0.013572782
997417,0.017290901
997418,0.017836457
997419,0.011515609
997420,0.014101993
997421,0.012599186
997422,0.010921703
997423,0.01613267
997424,0.011140712
997425,0.0109375
997426,0.011280733
997427,0.01349954
997428,0.016325828
997429,0.015793025
997430,0.011500459
997431,0.010983456
997432,0.016153492
997433,0.010917394
997434,0.015926585
997435,0.013755888
997436,0.014042394
997437,0.013316435
997438,0.023354204
997439,0.012642176
997440,0.015566612
997441,0.013200827
997442,0.010934628
997443,0.017618336
997444,0.010747932
997445,0.011065315
997446,0.013676901
997447,0.010561954
997448,0.022012867
997449,0.010727827
997450,0.026148897
997451,0.022933422
997452,0.014797794
997453,0.010416188
997454,0.012879854
997455,0.01630285
997456,0.012713264
997457,0.025116326
997458,0.011009306
997459,0.016521139
997460,0.013376034
997461,0.018876379
997462,0.013302792
997463,0.017658548
997464,0.021370921
997465,0.010920985
997466,0.01349954
997467,0.013759478
997468,0.012610301
997469,0.011558228
997470,0.013685518
997471,0.014876721
997472,0.01087072
997473,0.018267464
997474,0.01640984
997475,0.013913143
997476,0.013935403
997477,0.011038029
997478,0.013974897
997479,0.01063017
997480,0.013350902
997481,0.016534783
997482,0.010912368
997483,0.013568474
997484,0.018784467
997485,0.017430922
997486,0.011226879
997487,0.020553051
997488,0.013596479
997489,0.018961109
997490,0.016211655
997491,0.016061582
997492,0.016151339
997493,0.01016637
997494,0.011575856
997495,0.011156509
997496,0.016010599
997497,0.010994945
997498,0.018663833
997499,0.013894474
997500,0.011190257
997501,0.013628073
997502,0.011597398
997503,0.010981302
997504,0.019118365
997505,0.013938993
997506,0.015441176
997507,0.016648954
997508,0.011376953
997509,0.016338034
997510,0.011561168
997511,0.011532772
997512,0.020253727
997513,0.011216108
997514,0.010037498
997515,0.014005773
997516,0.013699879
997517,0.016061582
997518,0.016208066
997519,0.016692756
997520,0.016134823
997521,0.013901655
997522,0.016462259
997523,0.018393843
997524,0.01067828
997525,0.013893756
997526,0.011770451
997527,0.010915958
997528,0.013525391
997529,0.011221134
997530,0.01394402
997531,0.01171875
997532,0.018045582
997533,0.012007411
997534,0.013803998
997535,0.013708496
997536,0.013752297
997537,0.013737218
997538,0.019020708
997539,0.012179436
997540,0.010636632
997541,0.026798742
997542,0.012247961
997543,0.01655848
997544,0.011767578
997545,0.013855699
997546,0.010885799
997547,0.0109375
997548,0.012163229
997549,0.013786765
997550,0.01106316
997551,0.011415728
997552,0.013468664
997553,0.011345359
997554,0.015110808
997555,0.015900735
997556,0.01036254
997557,0.019106159
997558,0.017643342
997559,0.018445542
997560,0.011787684
997561,0.01103013
997562,0.011896829
997563,0.021722771
997564,0.011697209
997565,0.016506061
997566,0.012539493
997567,0.013709933
997568,0.011221134
997569,0.010848461
997570,0.013663258
997571,0.01773897
997572,0.019670842
997573,0.013666131
997574,0.014374139
997575,0.013780302
997576,0.010282151
997577,0.017091287
997578,0.011245548
997579,0.013545496
997580,0.010986328
997581,0.0109375
997582,0.014096967
997583,0.016381836
997584,0.010938936
997585,0.011114143
997586,0.017960332
997587,0.016204474
997588,0.025236242
997589,0.010722082
997590,0.017539086
997591,0.016084559
997592,0.015927531
997593,0.013643871
997594,0.011094037
997595,0.022130629
997596,0.014834415
997597,0.013919606
997598,0.016440718
997599,0.013706342
997600,0.018721277
997601,0.011040901
997602,0.018910846
997603,0.013786765
997604,0.010868566
997605,0.014073989
997606,0.010983456
997607,0.01348877
997608,0.011622529
997609,0.01662454
997610,0.011229751
997611,0.010945398
997612,0.017827338
997613,0.016243251
997614,0.01348877
997615,0.015312644
997616,0.016667625
997617,0.013490206
997618,0.011088293
997619,0.013648897
997620,0.01651755
997621,0.012749885
997622,0.011097628
997623,0.011262782
997624,0.01737313
997625,0.015606331
997626,0.013961254
997627,0.039005056
997628,0.010923857
997629,0.010890826
997630,0.018927362
997631,0.012999669
997632,0.013415528
997633,0.013824822
997634,0.010687543
997635,0.011165843
997636,0.012527476
997637,0.013238166
997638,0.012892779
997639,0.014141909
997640,0.024073701
997641,0.010915958
997642,0.014756338
997643,0.011313045
997644,0.011849861
997645,0.012547392
997646,0.034739058
997647,0.019378779
997648,0.015887093
997649,0.010995663
997650,0.013872214
997651,0.011397059
997652,0.026462769
997653,0.01372932
997654,0.012431066
997655,0.0025870057
997656,0.011586627
997657,0.011216826
997658,0.016796876
997659,0.013711369
997660,0.012472713
997661,0.010976993
997662,0.013039899
997663,0.014085478
997664,0.01101505
997665,0.019039609
997666,0.013373162
997667,0.012677616
997668,0.016352395
997669,0.011135684
997670,0.011201747
997671,0.014009364
997672,0.0293098
997673,0.01484375
997674,0.012526568
997675,0.01103013
997676,0.013839901
997677,0.010350076
997678,0.013663976
997679,0.013595043
997680,0.015891485
997681,0.024449248
997682,0.020283522
997683,0.010946116
997684,0.011227597
997685,0.016130514
997686,0.013686236
997687,0.010686179
997688,0.010653148
997689,0.010038225
997690,0.013488051
997691,0.011064596
997692,0.01786397
997693,0.012373636
997694,0.016398352
997695,0.016966501
997696,0.013006951
997697,0.013350902
997698,0.019320859
997699,0.019960299
997700,0.016355986
997701,0.013685518
997702,0.010681152
997703,0.015376319
997704,0.013735782
997705,0.013138887
997706,0.010829072
997707,0.01267179
997708,0.011060288
997709,0.025308879
997710,0.010991354
997711,0.01631362
997712,0.016101792
997713,0.016264074
997714,0.013554113
997715,0.010262695
997716,0.013264734
997717,0.012862956
997718,0.013867187
997719,0.011058134
997720,0.013327206
997721,0.019149734
997722,0.016348805
997723,0.019004911
997724,0.011209645
997725,0.023782169
997726,0.011527746
997727,0.012228573
997728,0.012955968
997729,0.010045536
997730,0.010913086
997731,0.011463839
997732,0.015788333
997733,0.012373622
997734,0.01361443
997735,0.023839613
997736,0.027881356
997737,0.021891516
997738,0.010771628
997739,0.015827494
997740,0.013652488
997741,0.010838408
997742,0.010876465
997743,0.015844727
997744,0.015157698
997745,0.013625919
997746,0.0025047448
997747,0.016986804
997748,0.013032083
997749,0.011137838
997750,0.011679256
997751,0.013697725
997752,0.01598762
997753,0.012607934
997754,0.026826061
997755,0.011602424
997756,0.014681469
997757,0.013297766
997758,0.015350701
997759,0.019990809
997760,0.014960469
997761,0.0092291208
997762,0.011073931
997763,0.018541763
997764,0.0029801847
997765,0.018405331
997766,0.010954733
997767,0.013763787
997768,0.024376005
997769,0.012400464
997770,0.01844346
997771,0.023089776
997772,0.012447582
997773,0.030257206
997774,0.016202321
997775,0.010931037
997776,0.016234633
997777,0.012442555
997778,0.012580423
997779,0.012343836
997780,0.01812385
997781,0.01372932
997782,0.0111005
997783,0.010903751
997784,0.011430807
997785,0.011010742
997786,0.018319437
997787,0.010276237
997788,0.013496668
997789,0.018658089
997790,0.011653719
997791,0.01608384
997792,0.011254882
997793,0.02060752
997794,0.01330351
997795,0.013138517
997796,0.0149475
997797,0.010808967
997798,0.016485956
997799,0.011014332
997800,0.011040901
997801,0.014886149
997802,0.012232524
997803,0.019206686
997804,0.018764729
997805,0.008679091
997806,0.025167439
997807,0.02403708
997808,0.016452206
997809,0.011125632
997810,0.013880112
997811,0.019915283
997812,0.017196834
997813,0.010634982
997814,0.016468003
997815,0.016521139
997816,0.021897977
997817,0.013560575
997818,0.013494514
997819,0.020106504
997820,0.011323817
997821,0.018995577
997822,0.012819559
997823,0.021659581
997824,0.012316895
997825,0.011101936
997826,0.019036505
997827,0.013686236
997828,0.01284567
997829,0.02120864
997830,0.011231187
997831,0.01353329
997832,0.011906164
997833,0.012362851
997834,0.010984174
997835,0.01141501
997836,0.029504394
997837,0.011109835
997838,0.011668486
997839,0.021832079
997840,0.013995002
997841,0.013544778
997842,0.015882785
997843,0.013535444
997844,0.013786765
997845,0.011086857
997846,0.014009364
997847,0.01138557
997848,0.011537081
997849,0.011063878
997850,0.013396139
997851,0.011198874
997852,0.010852051
997853,0.016406249
997854,0.010422964
997855,0.019623162
997856,0.023079619
997857,0.02437098
997858,0.016251868
997859,0.013707778
997860,0.011799172
997861,0.013131893
997862,0.010769473
997863,0.010732135
997864,0.014501235
997865,0.011155791
997866,0.016455796
997867,0.014190314
997868,0.011029412
997869,0.021872127
997870,0.02388557
997871,0.010945398
997872,0.013602223
997873,0.011305147
997874,0.01074865
997875,0.012729069
997876,0.015332749
997877,0.012757784
997878,0.013488051
997879,0.009904786
997880,0.01127068
997881,0.010928883
997882,0.020946547
997883,0.011224724
997884,0.013554113
997885,0.0149292
997886,0.011135684
997887,0.013656078
997888,0.012659194
997889,0.015659466
997890,0.011009306
997891,0.011010024
997892,0.014312385
997893,0.01368839
997894,0.011188821
997895,0.011040901
997896,0.015418199
997897,0.011145738
997898,0.012660845
997899,0.017985266
997900,0.018788056
997901,0.011056698
997902,0.013378188
997903,0.010809685
997904,0.01513241
997905,0.012339154
997906,0.012611831
997907,0.017044907
997908,0.013674029
997909,0.015970387
997910,0.012253705
997911,0.013350184
997912,0.011695772
997913,0.024682617
997914,0.011561494
997915,0.015159838
997916,0.011144302
997917,0.013795381
997918,0.01070772
997919,0.011184513
997920,0.010740751
997921,0.013857135
997922,0.01113353
997923,0.013859289
997924,0.018972598
997925,0.011077521
997926,0.024235265
997927,0.020001052
997928,0.0092781857
997929,0.016516831
997930,0.013295611
997931,0.011392033
997932,0.013625919
997933,0.011707979
997934,0.015949564
997935,0.013639562
997936,0.024213005
997937,0.010816148
997938,0.01759501
997939,0.013517492
997940,0.013320025
997941,0.016782513
997942,0.016493136
997943,0.012706135
997944,0.012723316
997945,0.019327741
997946,0.013717831
997947,0.012650792
997948,0.016511086
997949,0.01113353
997950,0.013748674
997951,0.0025585124
997952,0.014921549
997953,0.013591453
997954,0.011731675
997955,0.011315918
997956,0.011570112
997957,0.010776655
997958,0.01594869
997959,0.02151238
997960,0.013637408
997961,0.016877297
997962,0.016625976
997963,0.026282456
997964,0.018879969
997965,0.010811121
997966,0.010868566
997967,0.016147748
997968,0.018941723
997969,0.02479922
997970,0.016594382
997971,0.016353114
997972,0.011033002
997973,0.011186667
997974,0.013269761
997975,0.0043669385
997976,0.022261938
997977,0.011615349
997978,0.010980584
997979,0.010845589
997980,0.013809742
997981,0.013465074
997982,0.011539235
997983,0.012152104
997984,0.0126034
997985,0.020281624
997986,0.010884363
997987,0.016709272
997988,0.013375316
997989,0.011560776
997990,0.013779584
997991,0.010868566
997992,0.010900161
997993,0.011420037
997994,0.011640482
997995,0.014084041
997996,0.013832721
997997,0.034359921
997998,0.011515539
997999,0.011063878
998000,0.010684025
998001,0.012091423
998002,0.013809742
998003,0.010980584
998004,0.01609892
998005,0.014179544
998006,0.011984782
998007,0.013180004
998008,0.010681571
998009,0.013786765
998010,0.026871266
998011,0.016238224
998012,0.013556207
998013,0.018011115
998014,0.012705917
998015,0.017046042
998016,0.011154355
998017,0.010903033
998018,0.01661736
998019,0.012212776
998020,0.011157227
998021,0.010836254
998022,0.01237793
998023,0.016177908
998024,0.010765165
998025,0.029307647
998026,0.013628791
998027,0.015005314
998028,0.013776712
998029,0.011471019
998030,0.013903091
998031,0.013786765
998032,0.011669204
998033,0.01112994
998034,0.0097091999
998035,0.024113195
998036,0.014659926
998037,0.013732192
998038,0.015189536
998039,0.013568474
998040,0.012068414
998041,0.021924546
998042,0.014326747
998043,0.019006347
998044,0.019358758
998045,0.020302447
998046,0.010294118
998047,0.010179732
998048,0.011650534
998049,0.010898007
998050,0.011868824
998051,0.013740809
998052,0.014073989
998053,0.013006658
998054,0.010808249
998055,0.011040183
998056,0.010943244
998057,0.013661104
998058,0.011211799
998059,0.01335521
998060,0.010926729
998061,0.013407629
998062,0.010983456
998063,0.011121323
998064,0.011474609
998065,0.021564798
998066,0.01650965
998067,0.011276425
998068,0.012204929
998069,0.012787225
998070,0.015915096
998071,0.010833381
998072,0.0095951948
998073,0.014391372
998074,0.011423627
998075,0.012536667
998076,0.010790298
998077,0.0031940162
998078,0.01361443
998079,0.016340906
998080,0.011127786
998081,0.0127664
998082,0.039119944
998083,0.010960478
998084,0.013193646
998085,0.010373629
998086,0.016674805
998087,0.016262637
998088,0.011315463
998089,0.015999828
998090,0.015981158
998091,0.02849911
998092,0.010886517
998093,0.012056239
998094,0.011041619
998095,0.011240521
998096,0.011173742
998097,0.01625474
998098,0.016897604
998099,0.034733314
998100,0.01649888
998101,0.010765883
998102,0.013592889
998103,0.012594764
998104,0.013364545
998105,0.010882927
998106,0.018345013
998107,0.019577205
998108,0.013821949
998109,0.01335521
998110,0.010858513
998111,0.011139276
998112,0.01517693
998113,0.010982738
998114,0.015498621
998115,0.010999253
998116,0.021245979
998117,0.016349522
998118,0.010915958
998119,0.011328843
998120,0.012811638
998121,0.011402085
998122,0.011194565
998123,0.012350643
998124,0.014338235
998125,0.010926011
998126,0.011054544
998127,0.010868566
998128,0.016289206
998129,0.013195801
998130,0.011470301
998131,0.0093460595
998132,0.016524011
998133,0.011089729
998134,0.0108341
998135,0.012212776
998136,0.013270479
998137,0.017454797
998138,0.010324317
998139,0.017021628
998140,0.020266544
998141,0.016429229
998142,0.013143382
998143,0.010880055
998144,0.013522519
998145,0.013671875
998146,0.010198353
998147,0.010891544
998148,0.010976275
998149,0.013660386
998150,0.015357316
998151,0.012702493
998152,0.016006291
998153,0.013855699
998154,0.019598749
998155,0.02269659
998156,0.011047363
998157,0.015977567
998158,0.013200827
998159,0.016006291
998160,0.010755112
998161,0.013404039
998162,0.012336206
998163,0.011160817
998164,0.019140625
998165,0.01110409
998166,0.021457806
998167,0.010524615
998168,0.02115263
998169,0.010976275
998170,0.013558421
998171,0.011146456
998172,0.013719267
998173,0.010945398
998174,0.016321519
998175,0.020622702
998176,0.018739948
998177,0.017676421
998178,0.013757324
998179,0.012580423
998180,0.013932531
998181,0.011147174
998182,0.010892262
998183,0.010905188
998184,0.010696231
998185,0.013306382
998186,0.011501422
998187,0.025456602
998188,0.011003561
998189,0.013968434
998190,0.019669117
998191,0.011918371
998192,0.020443682
998193,0.013845646
998194,0.011035874
998195,0.019002758
998196,0.013397576
998197,0.015174922
998198,0.012608089
998199,0.0097924899
998200,0.011910598
998201,0.011083267
998202,0.021407543
998203,0.014085478
998204,0.011623966
998205,0.023759192
998206,0.019830385
998207,0.010914522
998208,0.010868566
998209,0.019071691
998210,0.013430607
998211,0.016144875
998212,0.013571346
998213,0.015981158
998214,0.01114143
998215,0.013717831
998216,0.013219497
998217,0.014888847
998218,0.023125423
998219,0.031843118
998220,0.010880055
998221,0.013972742
998222,0.011099064
998223,0.023592601
998224,0.011213236
998225,0.016832059
998226,0.015694652
998227,0.010875747
998228,0.010717056
998229,0.026095042
998230,0.010994945
998231,0.016660443
998232,0.01349236
998233,0.020221183
998234,0.010879337
998235,0.01365536
998236,0.011502613
998237,0.013565602
998238,0.016475184
998239,0.011024386
998240,0.011480354
998241,0.010686179
998242,0.016446462
998243,0.011999512
998244,0.03270461
998245,0.013373162
998246,0.010695513
998247,0.013994284
998248,0.016449334
998249,0.016367475
998250,0.016480928
998251,0.01281092
998252,0.013279384
998253,0.013695571
998254,0.014877075
998255,0.01060432
998256,0.011316636
998257,0.024210133
998258,0.016022805
998259,0.013522519
998260,0.011761116
998261,0.010860668
998262,0.010936782
998263,0.0030705046
998264,0.030063763
998265,0.013577809
998266,0.022809196
998267,0.010898007
998268,0.010995663
998269,0.021768114
998270,0.011336024
998271,0.013570628
998272,0.017349781
998273,0.021348661
998274,0.010765165
998275,0.010964787
998276,0.013832721
998277,0.016199449
998278,0.013913861
998279,0.012768073
998280,0.025784122
998281,0.013766659
998282,0.02304095
998283,0.01428079
998284,0.0109892
998285,0.03559427
998286,0.013269761
998287,0.027944593
998288,0.012281868
998289,0.031752642
998290,0.013456456
998291,0.011003561
998292,0.01410702
998293,0.017244944
998294,0.013235294
998295,0.014418658
998296,0.012191234
998297,0.020370595
998298,0.010880773
998299,0.011317354
998300,0.013694853
998301,0.011415728
998302,0.013528981
998303,0.016332289
998304,0.01384421
998305,0.010994945
998306,0.0108341
998307,0.010974839
998308,0.011295812
998309,0.034283087
998310,0.015218742
998311,0.010776655
998312,0.01870548
998313,0.013904789
998314,0.010850615
998315,0.011581601
998316,0.012954825
998317,0.010803941
998318,0.012023926
998319,0.022857307
998320,0.014089786
998321,0.010961196
998322,0.013375316
998323,0.014888791
998324,0.011278579
998325,0.010881491
998326,0.02232307
998327,0.018689021
998328,0.0125
998329,0.010067236
998330,0.013603659
998331,0.018154791
998332,0.013681928
998333,0.01884263
998334,0.014602481
998335,0.011520565
998336,0.020384992
998337,0.011562212
998338,0.011432244
998339,0.018762207
998340,0.016442154
998341,0.011048799
998342,0.010046805
998343,0.019117648
998344,0.013595761
998345,0.016506061
998346,0.021231618
998347,0.013074448
998348,0.010660351
998349,0.018745692
998350,0.016485237
998351,0.011394187
998352,0.016422048
998353,0.013648897
998354,0.018795956
998355,0.013297047
998356,0.01160745
998357,0.01882037
998358,0.014007209
998359,0.010965505
998360,0.010433431
998361,0.01912052
998362,0.013930377
998363,0.011004279
998364,0.011083267
998365,0.010742188
998366,0.010975557
998367,0.016142003
998368,0.010973403
998369,0.03897059
998370,0.012237119
998371,0.011328125
998372,0.02681095
998373,0.014047421
998374,0.03215763
998375,0.01903866
998376,0.013871496
998377,0.010197892
998378,0.023361953
998379,0.016674086
998380,0.014376293
998381,0.011149328
998382,0.012352898
998383,0.013677619
998384,0.013702752
998385,0.01358499
998386,0.011112707
998387,0.011227597
998388,0.013781738
998389,0.016256893
998390,0.013346594
998391,0.03177993
998392,0.018752873
998393,0.013608686
998394,0.010790298
998395,0.013638126
998396,0.011274271
998397,0.022757478
998398,0.013728602
998399,0.01361443
998400,0.013535444
998401,0.010880055
998402,0.011035874
998403,0.021284036
998404,0.013457892
998405,0.015607767
998406,0.012518669
998407,0.018689683
998408,0.001934147
998409,0.016177908
998410,0.021462834
998411,0.012289373
998412,0.016058709
998413,0.018848374
998414,0.011386288
998415,0.01144086
998416,0.014056037
998417,0.020618558
998418,0.011158663
998419,0.016238943
998420,0.010069109
998421,0.018485753
998422,0.010920267
998423,0.018886432
998424,0.014102711
998425,0.018628648
998426,0.011157945
998427,0.011213236
998428,0.023084067
998429,0.013488051
998430,0.011064596
998431,0.011351103
998432,0.013557703
998433,0.01160386
998434,0.012580924
998435,0.011193129
998436,0.013924632
998437,0.011359002
998438,0.012764246
998439,0.013913143
998440,0.01110409
998441,0.010774501
998442,0.011201747
998443,0.027345905
998444,0.013686954
998445,0.02665513
998446,0.011282169
998447,0.013392549
998448,0.021369485
998449,0.013490206
998450,0.012054084
998451,0.011017923
998452,0.012479218
998453,0.012181181
998454,0.011091883
998455,0.011169434
998456,0.014930434
998457,0.013778866
998458,0.011557907
998459,0.011307301
998460,0.013691262
998461,0.011362592
998462,0.014154412
998463,0.010974839
998464,0.013696289
998465,0.009382844
998466,0.013227396
998467,0.011115579
998468,0.015981158
998469,0.021646656
998470,0.022535617
998471,0.010954015
998472,0.011058134
998473,0.013275506
998474,0.010840562
998475,0.023846822
998476,0.011114861
998477,0.01158073
998478,0.011329561
998479,0.026718318
998480,0.020138919
998481,0.015984748
998482,0.013646743
998483,0.016432818
998484,0.010931037
998485,0.013592889
998486,0.0099115018
998487,0.011883186
998488,0.024218749
998489,0.013632381
998490,0.022605985
998491,0.010948989
998492,0.011229033
998493,0.012898639
998494,0.01382554
998495,0.013830567
998496,0.01105239
998497,0.013353056
998498,0.010224174
998499,0.011037311
998500,0.014397116
998501,0.024050724
998502,0.0057212277
998503,0.013766659
998504,0.010780245
998505,0.011150764
998506,0.030329673
998507,0.016176471
998508,0.013795381
998509,0.011050954
998510,0.014214729
998511,0.013968434
998512,0.01803194
998513,0.018715532
998514,0.013149844
998515,0.0099127702
998516,0.010684025
998517,0.016085995
998518,0.013234576
998519,0.016086712
998520,0.016615923
998521,0.013694853
998522,0.019106159
998523,0.011420037
998524,0.013982077
998525,0.013173541
998526,0.011376235
998527,0.015938792
998528,0.011074649
998529,0.012362133
998530,0.011142148
998531,0.010150013
998532,0.012795841
998533,0.010794606
998534,0.012324793
998535,0.013913143
998536,0.011310173
998537,0.013704188
998538,0.012665743
998539,0.010699104
998540,0.01125201
998541,0.01127068
998542,0.015142636
998543,0.026528032
998544,0.013475845
998545,0.013683364
998546,0.015406709
998547,0.035753366
998548,0.011477393
998549,0.013486615
998550,0.01110409
998551,0.022245519
998552,0.014113482
998553,0.014793485
998554,0.013706342
998555,0.018979779
998556,0.013475845
998557,0.015774356
998558,0.013662174
998559,0.0140625
998560,0.016143439
998561,0.017756784
998562,0.012500618
998563,0.013666131
998564,0.019902539
998565,0.016401941
998566,0.013033321
998567,0.019112621
998568,0.013545496
998569,0.018020451
998570,0.010966223
998571,0.015421071
998572,0.011514821
998573,0.011155791
998574,0.010949707
998575,0.01626192
998576,0.019676045
998577,0.011034438
998578,0.013429889
998579,0.01101146
998580,0.019358916
998581,0.015820313
998582,0.020379974
998583,0.01070772
998584,0.01101505
998585,0.015293256
998586,0.013146769
998587,0.015926288
998588,0.013453584
998589,0.013545496
998590,0.01118164
998591,0.020170912
998592,0.011893239
998593,0.024998564
998594,0.021151194
998595,0.019406307
998596,0.011868106
998597,0.017210478
998598,0.018887868
998599,0.011273553
998600,0.016340906
998601,0.0023441401
998602,0.012534467
998603,0.013370289
998604,0.026640769
998605,0.021439856
998606,0.013070858
998607,0.013430607
998608,0.0021309212
998609,0.024697697
998610,0.013785329
998611,0.013449276
998612,0.013308536
998613,0.013121122
998614,0.010816866
998615,0.01303711
998616,0.013832721
998617,0.014711627
998618,0.010918112
998619,0.01333295
998620,0.022081785
998621,0.016222427
998622,0.012654009
998623,0.021668917
998624,0.02164522
998625,0.0038705429
998626,0.010706284
998627,0.011379107
998628,0.010038874
998629,0.023939425
998630,0.016301414
998631,0.02155331
998632,0.011188103
998633,0.020107852
998634,0.020259496
998635,0.026803769
998636,0.0109375
998637,0.016471008
998638,0.011091165
998639,0.013970588
998640,0.016320083
998641,0.016831107
998642,0.010917394
998643,0.01495864
998644,0.01356991
998645,0.018772978
998646,0.014607515
998647,0.003788739
998648,0.0019390266
998649,0.016233915
998650,0.012419577
998651,0.01330351
998652,0.014127125
998653,0.010864976
998654,0.018729176
998655,0.019032197
998656,0.010952579
998657,0.018608542
998658,0.010753676
998659,0.010936064
998660,0.010976993
998661,0.01175968
998662,0.015831802
998663,0.025482608
998664,0.010265592
998665,0.011575856
998666,0.0098941186
998667,0.028902659
998668,0.010888672
998669,0.013832003
998670,0.011786966
998671,0.016473029
998672,0.011640482
998673,0.015463896
998674,0.013570628
998675,0.015107128
998676,0.011213236
998677,0.015721938
998678,0.013005929
998679,0.016015625
998680,0.024116067
998681,0.011027258
998682,0.022931442
998683,0.011776195
998684,0.013585708
998685,0.023058003
998686,0.011506204
998687,0.010037928
998688,0.011157945
998689,0.013401885
998690,0.013628791
998691,0.0024636118
998692,0.020180529
998693,0.014511568
998694,0.015561188
998695,0.013419836
998696,0.010854205
998697,0.01349954
998698,0.011053108
998699,0.013684082
998700,0.017560238
998701,0.013522687
998702,0.023265166
998703,0.014089068
998704,0.010913804
998705,0.012483485
998706,0.013589446
998707,0.009570349
998708,0.010949707
998709,0.016245404
998710,0.013959818
998711,0.010709156
998712,0.021257032
998713,0.01647662
998714,0.010596422
998715,0.016712861
998716,0.016134106
998717,0.014006491
998718,0.011029412
998719,0.01090447
998720,0.020036725
998721,0.013327924
998722,0.014177389
998723,0.010467963
998724,0.016659006
998725,0.013584272
998726,0.021794578
998727,0.012252987
998728,0.010966223
998729,0.011286478
998730,0.012255142
998731,0.016638245
998732,0.034503534
998733,0.011425063
998734,0.01314056
998735,0.018840475
998736,0.011362592
998737,0.013652488
998738,0.0099705886
998739,0.011954992
998740,0.018993422
998741,0.014677966
998742,0.013759478
998743,0.010996381
998744,0.011038747
998745,0.014341108
998746,0.034461886
998747,0.017791152
998748,0.010946834
998749,0.011006434
998750,0.0139591
998751,0.02232307
998752,0.010964069
998753,0.020716768
998754,0.011033002
998755,0.010975557
998756,0.013844928
998757,0.01084487
998758,0.016293515
998759,0.021587776
998760,0.010893698
998761,0.0086671989
998762,0.0135735
998763,0.013633099
998764,0.011201029
998765,0.011310173
998766,0.01384421
998767,0.021559771
998768,0.013651052
998769,0.01908318
998770,0.013653206
998771,0.013591453
998772,0.010857077
998773,0.011043055
998774,0.010838408
998775,0.013601505
998776,0.016587202
998777,0.022554286
998778,0.026690315
998779,0.021139706
998780,0.021473603
998781,0.020993106
998782,0.01103013
998783,0.011595962
998784,0.016396197
998785,0.01114502
998786,0.010657457
998787,0.012741269
998788,0.015992647
998789,0.012037569
998790,0.02365938
998791,0.012440128
998792,0.012986127
998793,0.021778779
998794,0.016385427
998795,0.011259191
998796,0.013694853
998797,0.021117445
998798,0.013760196
998799,0.012876828
998800,0.012012437
998801,0.016029986
998802,0.016037166
998803,0.011208209
998804,0.013373164
998805,0.011043773
998806,0.024454992
998807,0.018441234
998808,0.020693073
998809,0.016316492
998810,0.013599351
998811,0.011752499
998812,0.013780302
998813,0.013629509
998814,0.015361617
998815,0.015912224
998816,0.015267268
998817,0.011082549
998818,0.011536363
998819,0.010186954
998820,0.016809801
998821,0.00191377
998822,0.01072639
998823,0.01174819
998824,0.015337998
998825,0.024345128
998826,0.026750632
998827,0.012764964
998828,0.011389879
998829,0.011432962
998830,0.011143584
998831,0.016130514
998832,0.011454504
998833,0.011848001
998834,0.010914522
998835,0.011397059
998836,0.014231244
998837,0.016383272
998838,0.019277057
998839,0.010895135
998840,0.010964787
998841,0.014005568
998842,0.013725012
998843,0.011086857
998844,0.010485467
998845,0.013530417
998846,0.012617044
998847,0.01896829
998848,0.013919606
998849,0.010557227
998850,0.014956745
998851,0.012148048
998852,0.010885081
998853,0.011543543
998854,0.012264476
998855,0.011293658
998856,0.011049517
998857,0.010699104
998858,0.010357691
998859,0.01361802
998860,0.012235753
998861,0.013314281
998862,0.022494854
998863,0.01082261
998864,0.010973403
998865,0.018994858
998866,0.016310031
998867,0.013143382
998868,0.013603659
998869,0.011364746
998870,0.019011375
998871,0.01337388
998872,0.011118451
998873,0.021564798
998874,0.0025115502
998875,0.013256836
998876,0.017176012
998877,0.016210219
998878,0.013241757
998879,0.011389879
998880,0.01048067
998881,0.01133107
998882,0.013486615
998883,0.013649615
998884,0.011202465
998885,0.011109835
998886,0.01238511
998887,0.010673254
998888,0.013686236
998889,0.021507353
998890,0.024149816
998891,0.011351103
998892,0.01114861
998893,0.013678337
998894,0.013591453
998895,0.017290924
998896,0.011065315
998897,0.013756606
998898,0.018324908
998899,0.016805492
998900,0.01384421
998901,0.011345359
998902,0.012519687
998903,0.011511949
998904,0.013821231
998905,0.013042854
998906,0.013913143
998907,0.011043055
998908,0.013855699
998909,0.010870002
998910,0.010605038
998911,0.011329561
998912,0.010794606
998913,0.011157227
998914,0.015131573
998915,0.020071164
998916,0.01354047
998917,0.010919549
998918,0.011086139
998919,0.013798254
998920,0.016308594
998921,0.013938275
998922,0.013660386
998923,0.013294893
998924,0.023867618
998925,0.011173742
998926,0.01339973
998927,0.016274126
998928,0.010849179
998929,0.022939883
998930,0.016414149
998931,0.013585708
998932,0.013534008
998933,0.0111522
998934,0.025636699
998935,0.013637408
998936,0.010983456
998937,0.012516875
998938,0.011157945
998939,0.019091079
998940,0.010971967
998941,0.017675404
998942,0.015993504
998943,0.013568474
998944,0.0097316485
998945,0.011221852
998946,0.0111522
998947,0.010576315
998948,0.039226219
998949,0.01396269
998950,0.010864258
998951,0.010755112
998952,0.0116929
998953,0.016269101
998954,0.011205337
998955,0.026621381
998956,0.011149328
998957,0.016269818
998958,0.013333668
998959,0.021787396
998960,0.010981302
998961,0.010835536
998962,0.011178768
998963,0.015955308
998964,0.038748708
998965,0.01187457
998966,0.011776195
998967,0.017359834
998968,0.01363669
998969,0.021304861
998970,0.010957606
998971,0.010658175
998972,0.027151309
998973,0.011506204
998974,0.014626178
998975,0.016631003
998976,0.013457892
998977,0.011316636
998978,0.014769072
998979,0.012209981
998980,0.013867187
998981,0.0038858645
998982,0.018831141
998983,0.016269101
998984,0.012379366
998985,0.016278435
998986,0.018843347
998987,0.016327981
998988,0.012267348
998989,0.01971299
998990,0.01607307
998991,0.01125201
998992,0.013187902
998993,0.013432043
998994,0.010874311
998995,0.011481072
998996,0.010872874
998997,0.018974993
998998,0.013661751
998999,0.020514276
999000,0.017630428
999001,0.010960478
999002,0.011155791
999003,0.010955451
999004,0.013575654
999005,0.010964069
999006,0.015130974
999007,0.020751234
999008,0.014172363
999009,0.012616326
999010,0.014005055
999011,0.014410041
999012,0.01088939
999013,0.011209645
999014,0.012290464
999015,0.01059714
999016,0.01484016
999017,0.015935449
999018,0.011282887
999019,0.013500976
999020,0.018510168
999021,0.018092256
999022,0.01376235
999023,0.010927447
999024,0.010948271
999025,0.014631331
999026,0.011087575
999027,0.010679716
999028,0.010964069
999029,0.011056698
999030,0.010710387
999031,0.011723776
999032,0.013648897
999033,0.013656078
999034,0.014779842
999035,0.0062254849
999036,0.014647107
999037,0.01615062
999038,0.0112635
999039,0.0092317015
999040,0.011511949
999041,0.011213236
999042,0.010053076
999043,0.011219698
999044,0.013476563
999045,0.012547672
999046,0.014430147
999047,0.016755227
999048,0.013453584
999049,0.016778205
999050,0.010962632
999051,0.02031846
999052,0.010997817
999053,0.011257755
999054,0.012532405
999055,0.011162253
999056,0.013633817
999057,0.028778704
999058,0.018014707
999059,0.028435202
999060,0.01372932
999061,0.010945398
999062,0.011103372
999063,0.01334444
999064,0.013665413
999065,0.018485753
999066,0.013601505
999067,0.012683824
999068,0.013964844
999069,0.013405475
999070,0.010996381
999071,0.016790412
999072,0.011211081
999073,0.012235753
999074,0.013694853
999075,0.014246323
999076,0.01144876
999077,0.011046645
999078,0.013522519
999079,0.012926327
999080,0.019198069
999081,0.010813993
999082,0.011150764
999083,0.012200569
999084,0.011927705
999085,0.013660386
999086,0.011320226
999087,0.012995462
999088,0.015850471
999089,0.01361443
999090,0.016406249
999091,0.017217292
999092,0.011346795
999093,0.023506435
999094,0.013432043
999095,0.010918112
999096,0.013526109
999097,0.015258071
999098,0.018891457
999099,0.013648179
999100,0.018616442
999101,0.011422909
999102,0.01105957
999103,0.013637408
999104,0.029724121
999105,0.016360294
999106,0.02147145
999107,0.01938333
999108,0.020039678
999109,0.011500459
999110,0.020340301
999111,0.013632381
999112,0.012514958
999113,0.0032613541
999114,0.015209596
999115,0.013733628
999116,0.013592171
999117,0.013913143
999118,0.0032433954
999119,0.011066751
999120,0.011053826
999121,0.018947467
999122,0.012696749
999123,0.013437069
999124,0.016437126
999125,0.013488051
999126,0.011027258
999127,0.013709933
999128,0.011432962
999129,0.010238443
999130,0.015960334
999131,0.010621114
999132,0.013534008
999133,0.019266205
999134,0.01776653
999135,0.016393324
999136,0.017013012
999137,0.016282026
999138,0.021319222
999139,0.013672593
999140,0.014361213
999141,0.018036975
999142,0.014361213
999143,0.011042337
999144,0.011111271
999145,0.011042337
999146,0.010960478
999147,0.012056957
999148,0.018275362
999149,0.013870778
999150,0.024269732
999151,0.010816866
999152,0.01171875
999153,0.023736212
999154,0.016230324
999155,0.011098346
999156,0.011060288
999157,0.010945398
999158,0.011029412
999159,0.022986714
999160,0.010780963
999161,0.013112516
999162,0.018862018
999163,0.016164981
999164,0.027409812
999165,0.010757985
999166,0.011075367
999167,0.010698386
999168,0.016479492
999169,0.020936495
999170,0.010734289
999171,0.019030044
999172,0.019002758
999173,0.020120306
999174,0.016399788
999175,0.01650965
999176,0.015640797
999177,0.023088988
999178,0.016058709
999179,0.011053826
999180,0.019977879
999181,0.013480871
999182,0.016520422
999183,0.013628791
999184,0.012873913
999185,0.013694853
999186,0.011546415
999187,0.013642435
999188,0.012309714
999189,0.011178768
999190,0.019846875
999191,0.013294893
999192,0.013347312
999193,0.012319767
999194,0.010947553
999195,0.013468664
999196,0.018953623
999197,0.023586199
999198,0.0096966466
999199,0.013568474
999200,0.011335306
999201,0.010971967
999202,0.011236213
999203,0.014697984
999204,0.013569192
999205,0.01271829
999206,0.010546875
999207,0.010859231
999208,0.016604435
999209,0.010733571
999210,0.015986467
999211,0.013349466
999212,0.019004194
999213,0.011443014
999214,0.015734145
999215,0.013957663
999216,0.011081113
999217,0.011127786
999218,0.021895824
999219,0.01098561
999220,0.013615911
999221,0.018945312
999222,0.011328125
999223,0.015939059
999224,0.011154355
999225,0.013308536
999226,0.016220272
999227,0.011202465
999228,0.013407099
999229,0.011082549
999230,0.015900133
999231,0.013697725
999232,0.019106159
999233,0.022537358
999234,0.010193672
999235,0.010804659
999236,0.021357996
999237,0.011017923
999238,0.013790355
999239,0.011454504
999240,0.01058206
999241,0.018891457
999242,0.010432694
999243,0.011038029
999244,0.01114861
999245,0.013928941
999246,0.012751476
999247,0.021217542
999248,0.034061927
999249,0.01898337
999250,0.011621811
999251,0.010997099
999252,0.016440718
999253,0.010260279
999254,0.023862591
999255,0.015599205
999256,0.014131434
999257,0.012491384
999258,0.020819452
999259,0.019324448
999260,0.015909351
999261,0.011146456
999262,0.011066033
999263,0.019117648
999264,0.016142003
999265,0.014682905
999266,0.016241815
999267,0.016675523
999268,0.010914522
999269,0.013638126
999270,0.015261661
999271,0.013913143
999272,0.010973403
999273,0.013241757
999274,0.013927504
999275,0.018574076
999276,0.010951861
999277,0.015539551
999278,0.01343776
999279,0.016432101
999280,0.035974063
999281,0.012821691
999282,0.013648897
999283,0.019140625
999284,0.011025104
999285,0.013602941
999286,0.013409783
999287,0.015923712
999288,0.010577033
999289,0.010856359
999290,0.013436351
999291,0.019232538
999292,0.0019678636
999293,0.012816314
999294,0.011113425
999295,0.011048799
999296,0.019414924
999297,0.018915871
999298,0.011241958
999299,0.010806095
999300,0.01328125
999301,0.012151022
999302,0.013578527
999303,0.011557904
999304,0.011374081
999305,0.018003216
999306,0.013036392
999307,0.0109375
999308,0.01369198
999309,0.011216826
999310,0.016571872
999311,0.010757985
999312,0.011353975
999313,0.038857136
999314,0.016437845
999315,0.016419893
999316,0.011421473
999317,0.011702953
999318,0.0093640834
999319,0.01621381
999320,0.013043572
999321,0.011058134
999322,0.011217544
999323,0.018497244
999324,0.018925207
999325,0.014089068
999326,0.023366638
999327,0.012578272
999328,0.0136848
999329,0.011615349
999330,0.037505027
999331,0.01987296
999332,0.013235294
999333,0.014808479
999334,0.011040901
999335,0.010846307
999336,0.013393985
999337,0.010965505
999338,0.010987046
999339,0.013534008
999340,0.01229607
999341,0.017151967
999342,0.01623966
999343,0.012620634
999344,0.011444451
999345,0.013467228
999346,0.010987046
999347,0.012327665
999348,0.010881491
999349,0.013719985
999350,0.011374081
999351,0.0076790173
999352,0.011017205
999353,0.013456456
999354,0.011244112
999355,0.010081879
999356,0.011082549
999357,0.012441796
999358,0.012886317
999359,0.019119084
999360,0.0109375
999361,0.018711943
999362,0.011707979
999363,0.013569192
999364,0.018272046
999365,0.013676183
999366,0.0050176363
999367,0.013397576
999368,0.018757898
999369,0.011014332
999370,0.026579015
999371,0.011374081
999372,0.013816923
999373,0.011070341
999374,0.010918831
999375,0.013786765
999376,0.011256319
999377,0.013591453
999378,0.020000862
999379,0.010753676
999380,0.010999253
999381,0.0098957429
999382,0.010926011
999383,0.015732709
999384,0.014615406
999385,0.011075367
999386,0.011094755
999387,0.011323099
999388,0.026980726
999389,0.019660501
999390,0.011147892
999391,0.0193941
999392,0.013856985
999393,0.013797536
999394,0.021169864
999395,0.020515472
999396,0.015035472
999397,0.011045927
999398,0.013603659
999399,0.01620663
999400,0.010836254
999401,0.016173597
999402,0.017504165
999403,0.016159236
999404,0.027090993
999405,0.010203067
999406,0.013702033
999407,0.011109835
999408,0.016162109
999409,0.021481503
999410,0.014874627
999411,0.011635455
999412,0.012522978
999413,0.016410558
999414,0.013929659
999415,0.018701172
999416,0.011753217
999417,0.011066751
999418,0.013697725
999419,0.013580682
999420,0.011946375
999421,0.01070772
999422,0.01403306
999423,0.011683042
999424,0.010801787
999425,0.01361443
999426,0.010645967
999427,0.011188103
999428,0.011155073
999429,0.016373219
999430,0.011704389
999431,0.019743796
999432,0.010892262
999433,0.015007468
999434,0.010949707
999435,0.013658232
999436,0.013768814
999437,0.011295812
999438,0.011937041
999439,0.016519703
999440,0.011191693
999441,0.013667567
999442,0.016130514
999443,0.011155791
999444,0.018013382
999445,0.01105239
999446,0.013276224
999447,0.019807704
999448,0.01662422
999449,0.013802562
999450,0.013832721
999451,0.018510886
999452,0.013480153
999453,0.0184034
999454,0.013771686
999455,0.0045708399
999456,0.014009364
999457,0.010939654
999458,0.029543888
999459,0.011974169
999460,0.0099973483
999461,0.017552275
999462,0.010824764
999463,0.018882841
999464,0.013890166
999465,0.012564436
999466,0.011557904
999467,0.013738655
999468,0.017625449
999469,0.013778866
999470,0.013399012
999471,0.014020135
999472,0.011282169
999473,0.011121323
999474,0.014367506
999475,0.010036153
999476,0.021679688
999477,0.024724266
999478,0.015385886
999479,0.010730699
999480,0.013414809
999481,0.013442813
999482,0.011087575
999483,0.013902373
999484,0.013742245
999485,0.011221852
999486,0.013625919
999487,0.016737277
999488,0.013993566
999489,0.013714959
999490,0.011188103
999491,0.010928165
999492,0.013700597
999493,0.014334645
999494,0.012864402
999495,0.013819795
999496,0.010992791
999497,0.012889907
999498,0.013370289
999499,0.024309225
999500,0.016075321
999501,0.017072611
999502,0.012521542
999503,0.012273811
999504,0.010907342
999505,0.013534008
999506,0.0096128536
999507,0.013439223
999508,0.025314944
999509,0.016386863
999510,0.016061582
999511,0.011251292
999512,0.014073989
999513,0.024138328
999514,0.013416246
999515,0.011898265
999516,0.011076085
999517,0.013752297
999518,0.011127786
999519,0.023927217
999520,0.011025104
999521,0.016161392
999522,0.013982077
999523,0.016400505
999524,0.013550523
999525,0.019330192
999526,0.012097886
999527,0.013718549
999528,0.018669577
999529,0.013909553
999530,0.010495665
999531,0.021138988
999532,0.011236931
999533,0.017228233
999534,0.016113281
999535,0.013839901
999536,0.015097736
999537,0.015340648
999538,0.013660386
999539,0.0015834227
999540,0.010856359
999541,0.013455738
999542,0.011157227
999543,0.016065648
999544,0.015608249
999545,0.016153492
999546,0.010834818
999547,0.013767377
999548,0.020512121
999549,0.014135743
999550,0.011018641
999551,0.038913142
999552,0.011134966
999553,0.013628073
999554,0.011077521
999555,0.011247702
999556,0.012770853
999557,0.020675467
999558,0.018850528
999559,0.022265077
999560,0.011285041
999561,0.016567096
999562,0.012405732
999563,0.012712213
999564,0.011339614
999565,0.019009219
999566,0.01531677
999567,0.016223863
999568,0.010975557
999569,0.010862104
999570,0.015872732
999571,0.011094755
999572,0.011211799
999573,0.010903751
999574,0.01894244
999575,0.01205193
999576,0.01047219
999577,0.013730038
999578,0.013676183
999579,0.017042452
999580,0.011132812
999581,0.01631362
999582,0.011109835
999583,0.011160817
999584,0.023173971
999585,0.018128596
999586,0.0119593
999587,0.012641488
999588,0.039246324
999589,0.019205969
999590,0.011303711
999591,0.013689108
999592,0.011304429
999593,0.016582174
999594,0.018096456
999595,0.021950396
999596,0.021544691
999597,0.019002758
999598,0.014028751
999599,0.017859522
999600,0.023844073
999601,0.029960912
999602,0.013660386
999603,0.013345158
999604,0.017787138
999605,0.011218262
999606,0.018574793
999607,0.013679055
999608,0.013714959
999609,0.038788199
999610,0.011075367
999611,0.013511029
999612,0.017193843
999613,0.020132985
999614,0.010620835
999615,0.010803223
999616,0.011803036
999617,0.017778412
999618,0.01126709
999619,0.013775276
999620,0.010852769
999621,0.011311609
999622,0.016217399
999623,0.021549001
999624,0.01133028
999625,0.012037569
999626,0.010390047
999627,0.012954532
999628,0.010976275
999629,0.017631261
999630,0.012935863
999631,0.011271399
999632,0.013376752
999633,0.017435078
999634,0.019822562
999635,0.0017671444
999636,0.010972685
999637,0.011523438
999638,0.013706342
999639,0.013650334
999640,0.011229751
999641,0.014855008
999642,0.012696749
999643,0.013582118
999644,0.011132812
999645,0.013469382
999646,0.013430607
999647,0.010999971
999648,0.020139763
999649,0.011237649
999650,0.016907489
999651,0.013430607
999652,0.014235552
999653,0.014005055
999654,0.013453584
999655,0.021264559
999656,0.010375318
999657,0.011009306
999658,0.01106316
999659,0.011163689
999660,0.011345359
999661,0.033280686
999662,0.013396139
999663,0.010974839
999664,0.0039383923
999665,0.0023846491
999666,0.014852225
999667,0.013411937
999668,0.011349667
999669,0.011073931
999670,0.02153033
999671,0.013666849
999672,0.01618796
999673,0.016178625
999674,0.017125653
999675,0.013733628
999676,0.011201747
999677,0.0151956
999678,0.012073472
999679,0.01342199
999680,0.011639764
999681,0.012535903
999682,0.010992073
999683,0.011397777
999684,0.010260434
999685,0.011050954
999686,0.011077521
999687,0.013661104
999688,0.0098797427
999689,0.011068905
999690,0.019432157
999691,0.011116297
999692,0.017482396
999693,0.01409019
999694,0.011228315
999695,0.013590734
999696,0.013801126
999697,0.013459329
999698,0.010952579
999699,0.011009306
999700,0.011361156
999701,0.023988971
999702,0.012286736
999703,0.010300459
999704,0.010971967
999705,0.010973403
999706,0.010892262
999707,0.016040038
999708,0.015108785
999709,0.012845387
999710,0.01396628
999711,0.019933363
999712,0.011349667
999713,0.013292021
999714,0.015646858
999715,0.011025822
999716,0.017003676
999717,0.014384191
999718,0.019730872
999719,0.01090806
999720,0.013910271
999721,0.013860007
999722,0.018897202
999723,0.026446175
999724,0.010200618
999725,0.014082606
999726,0.010100356
999727,0.010977712
999728,0.016929716
999729,0.010523897
999730,0.013792509
999731,0.010862822
999732,0.011227597
999733,0.011087575
999734,0.016575713
999735,0.010947553
999736,0.014913389
999737,0.014046274
999738,0.01318144
999739,0.0019949812
999740,0.011058852
999741,0.020571958
999742,0.015152363
999743,0.016712861
999744,0.011937041
999745,0.011167279
999746,0.01106316
999747,0.030951288
999748,0.030554628
999749,0.011980842
999750,0.011247702
999751,0.010876465
999752,0.014016544
999753,0.011241958
999754,0.011395623
999755,0.010593487
999756,0.0044377078
999757,0.023259422
999758,0.010676126
999759,0.011201747
999760,0.011254164
999761,0.021564798
999762,0.013936839
999763,0.01105598
999764,0.01074506
999765,0.015601304
999766,0.010951143
999767,0.015037868
999768,0.011109835
999769,0.01870548
999770,0.016475184
999771,0.015987994
999772,0.012110811
999773,0.011030848
999774,0.013936121
999775,0.011154355
999776,0.010082023
999777,0.0053309919
999778,0.010922421
999779,0.013443531
999780,0.012775735
999781,0.010979866
999782,0.021472886
999783,0.017049633
999784,0.016775899
999785,0.013591453
999786,0.018937415
999787,0.013587862
999788,0.011069623
999789,0.016134106
999790,0.013700597
999791,0.014068963
999792,0.011117015
999793,0.011328125
999794,0.015798891
999795,0.011157227
999796,0.013809742
999797,0.011081831
999798,0.010785989
999799,0.015992647
999800,0.013154872
999801,0.018676039
999802,0.017102359
999803,0.010048549
999804,0.016097484
999805,0.016355986
999806,0.0098122992
999807,0.013610122
999808,0.013857853
999809,0.012836052
999810,0.013789637
999811,0.018560557
999812,0.015810978
999813,0.013392549
999814,0.013738655
999815,0.01693546
999816,0.014965102
999817,0.013665413
999818,0.011124914
999819,0.012598323
999820,0.013488051
999821,0.012997616
999822,0.014972343
999823,0.017114919
999824,0.013389677
999825,0.012617762
999826,0.016356703
999827,0.010966941
999828,0.021809656
999829,0.014178826
999830,0.010857077
999831,0.019188736
999832,0.010777373
999833,0.014816154
999834,0.01361443
999835,0.014176671
999836,0.017693015
999837,0.010812557
999838,0.010639357
999839,0.010968883
999840,0.013970588
999841,0.014590993
999842,0.016027113
999843,0.011025822
999844,0.0175895
999845,0.011167279
999846,0.011144302
999847,0.016544119
999848,0.014193315
999849,0.013232422
999850,0.013575654
999851,0.014133588
999852,0.013433479
999853,0.014844468
999854,0.013913143
999855,0.0063749617
999856,0.011158663
999857,0.011443732
999858,0.011537799
999859,0.015214987
999860,0.011320226
999861,0.013982077
999862,0.018874943
999863,0.014522059
999864,0.010926011
999865,0.016107537
999866,0.018548224
999867,0.013744399
999868,0.011249856
999869,0.011056698
999870,0.011357565
999871,0.016226735
999872,0.012400189
999873,0.019737333
999874,0.018612919
999875,0.010155304
999876,0.012117274
999877,0.019202378
999878,0.011267808
999879,0.013845646
999880,0.0064896196
999881,0.010312362
999882,0.010845589
999883,0.011068905
999884,0.018324908
999885,0.030905331
999886,0.010483661
999887,0.010542567
999888,0.020206053
999889,0.011022232
999890,0.01361443
999891,0.021801759
999892,0.011144302
999893,0.011159381
999894,0.010865694
999895,0.010198615
999896,0.011333152
999897,0.027676931
999898,0.015039062
999899,0.013638844
999900,0.011726649
999901,0.01024847
999902,0.011251292
999903,0.014604636
999904,0.013567756
999905,0.0072300108
999906,0.011572984
999907,0.02925092
999908,0.013498822
999909,0.013061523
999910,0.01603573
999911,0.013714959
999912,0.011202465
999913,0.01092901
999914,0.014051729
999915,0.019083899
999916,0.017899098
999917,0.020174632
999918,0.013623765
999919,0.011977252
999920,0.019031227
999921,0.013579963
999922,0.010938218
999923,0.01160027
999924,0.01005624
999925,0.013845646
999926,0.028975183
999927,0.0115299
999928,0.010909496
999929,0.011205337
999930,0.010903751
999931,0.013327206
999932,0.020611214
999933,0.019061638
999934,0.010926011
999935,0.013389677
999936,0.013143382
999937,0.010960478
999938,0.011048799
999939,0.018918026
999940,0.011339614
999941,0.01071921
999942,0.013537598
999943,0.013694853
999944,0.011938223
999945,0.011454504
999946,0.011209645
999947,0.013891602
999948,0.011242676
999949,0.010895853
999950,0.016450051
999951,0.010082655
999952,0.010979148
999953,0.039016545
999954,0.011685719
999955,0.011202465
999956,0.010932473
999957,0.013480871
999958,0.015498621
999959,0.015152794
999960,0.011155791
999961,0.013641717
999962,0.010921703
999963,0.019110467
999964,0.015912224
999965,0.010971967
999966,0.01138557
999967,0.010699104
999968,0.012043313
999969,0.011637609
999970,0.016430665
999971,0.013717831
999972,0.01100787
999973,0.013258272
999974,0.014580222
999975,0.013338695
999976,0.015686754
999977,0.015248018
999978,0.010973403
999979,0.021289062
999980,0.013031713
999981,0.014005055
999982,0.011273553
999983,0.015227919
999984,0.012072036
999985,0.010836254
999986,0.013663976
999987,0.010199156
999988,0.010857077
999989,0.013382496
999990,0.018492933
999991,0.012156767
999992,0.012754194
999993,0.010928165
999994,0.011239803
999995,0.038809743
999996,0.016417738
999997,0.0069791987
999998,0.01079676
999999,0.021571979
