LECROYHDO6104B,11090,Waveform
Segments,1,SegmentSize,7146
Segment,TrigTime,TimeSinceSegment1
#1,04-May-2026 18:21:05,0                 
Time,Ampl
992854,0.021279728
992855,0.012907302
992856,0.010640941
992857,0.025745334
992858,0.013596479
992859,0.014944909
992860,0.010367683
992861,0.022425035
992862,0.011328125
992863,0.013832721
992864,0.013913143
992865,0.015889246
992866,0.016463695
992867,0.011233341
992868,0.010875747
992869,0.0227511
992870,0.012585449
992871,0.01381046
992872,0.016136978
992873,0.017858887
992874,0.025415512
992875,0.010935346
992876,0.016057273
992877,0.011336742
992878,0.011046645
992879,0.010955451
992880,0.010811121
992881,0.022047335
992882,0.011899701
992883,0.01366254
992884,0.013617302
992885,0.020990349
992886,0.016773896
992887,0.020707434
992888,0.01086354
992889,0.013569192
992890,0.011905446
992891,0.012760523
992892,0.012940519
992893,0.013587144
992894,0.011070341
992895,0.012236129
992896,0.010293417
992897,0.011076803
992898,0.010835536
992899,0.011550724
992900,0.012209521
992901,0.012087833
992902,0.011001407
992903,0.016416302
992904,0.012500718
992905,0.012847659
992906,0.011417164
992907,0.011236931
992908,0.019189453
992909,0.012462015
992910,0.024235265
992911,0.010925293
992912,0.018867763
992913,0.020914953
992914,0.02434082
992915,0.015040985
992916,0.01377384
992917,0.015900018
992918,0.011189539
992919,0.017547967
992920,0.0150326
992921,0.011719468
992922,0.013869341
992923,0.012799997
992924,0.01283318
992925,0.013760914
992926,0.012332544
992927,0.016210938
992928,0.011382697
992929,0.01094109
992930,0.011075367
992931,0.011175178
992932,0.013676901
992933,0.015752098
992934,0.016399069
992935,0.010951861
992936,0.01313614
992937,0.01342558
992938,0.013798254
992939,0.0017621694
992940,0.018668141
992941,0.01089298
992942,0.010761575
992943,0.020484835
992944,0.013419836
992945,0.01097843
992946,0.012873115
992947,0.013702752
992948,0.015980439
992949,0.021309169
992950,0.016536219
992951,0.013653924
992952,0.023956658
992953,0.02787655
992954,0.010961196
992955,0.011170152
992956,0.01137049
992957,0.011495433
992958,0.016084559
992959,0.01237088
992960,0.012017463
992961,0.012965517
992962,0.013926068
992963,0.014002901
992964,0.011195283
992965,0.018377326
992966,0.021740723
992967,0.021805348
992968,0.012805894
992969,0.014023007
992970,0.011098346
992971,0.016293515
992972,0.011003561
992973,0.018681066
992974,0.011251292
992975,0.010175359
992976,0.0111522
992977,0.014016544
992978,0.016797593
992979,0.013396139
992980,0.018910846
992981,0.015872013
992982,0.017155187
992983,0.0237635
992984,0.01154229
992985,0.018538171
992986,0.017373478
992987,0.010801787
992988,0.011064596
992989,0.013059369
992990,0.013138982
992991,0.015387322
992992,0.016613051
992993,0.011160099
992994,0.016371783
992995,0.0025222125
992996,0.033570774
992997,0.010961914
992998,0.014594279
992999,0.020936253
993000,0.013924632
993001,0.011280015
993002,0.010994945
993003,0.011290872
993004,0.015405684
993005,0.013320743
993006,0.026580451
993007,0.014597926
993008,0.013812615
993009,0.013629509
993010,0.01697639
993011,0.016647186
993012,0.010983456
993013,0.012556009
993014,0.016532628
993015,0.011388442
993016,0.011560776
993017,0.010955451
993018,0.011371208
993019,0.010440646
993020,0.01639476
993021,0.016567096
993022,0.016001264
993023,0.011616067
993024,0.011527028
993025,0.013720703
993026,0.017394248
993027,0.012818819
993028,0.019030044
993029,0.013913143
993030,0.018996295
993031,0.016203038
993032,0.011869027
993033,0.018755026
993034,0.018915871
993035,0.012438002
993036,0.011420037
993037,0.01662454
993038,0.0083778678
993039,0.011069623
993040,0.021937471
993041,0.015016085
993042,0.010080842
993043,0.012756348
993044,0.015274107
993045,0.015917968
993046,0.011286478
993047,0.019080307
993048,0.013651052
993049,0.026383704
993050,0.011285041
993051,0.014950438
993052,0.012215648
993053,0.012806612
993054,0.011025822
993055,0.015693935
993056,0.016237507
993057,0.016259765
993058,0.016254021
993059,0.018793084
993060,0.013558421
993061,0.014679685
993062,0.012408088
993063,0.02035713
993064,0.010859231
993065,0.011075367
993066,0.039303768
993067,0.018405331
993068,0.011550102
993069,0.019086052
993070,0.015299524
993071,0.013788919
993072,0.026842544
993073,0.013742245
993074,0.015992647
993075,0.020440884
993076,0.018798109
993077,0.0070966994
993078,0.029334214
993079,0.01113712
993080,0.012879136
993081,0.023794375
993082,0.010951143
993083,0.010930319
993084,0.01319987
993085,0.013875804
993086,0.010279885
993087,0.015866268
993088,0.016207347
993089,0.010950425
993090,0.011283605
993091,0.014430147
993092,0.0087455437
993093,0.011934169
993094,0.017268602
993095,0.014763327
993096,0.011510666
993097,0.011090447
993098,0.013854262
993099,0.010899443
993100,0.012050494
993101,0.018807445
993102,0.011130658
993103,0.021794578
993104,0.016307876
993105,0.014797794
993106,0.012550265
993107,0.011040901
993108,0.012746295
993109,0.012580423
993110,0.013936839
993111,0.010908778
993112,0.019132726
993113,0.012398753
993114,0.013725012
993115,0.010354315
993116,0.018922335
993117,0.01377743
993118,0.018823242
993119,0.018002231
993120,0.01087072
993121,0.018802419
993122,0.011259191
993123,0.024908088
993124,0.012725471
993125,0.038102858
993126,0.011070341
993127,0.018716969
993128,0.020151205
993129,0.0028470808
993130,0.013227396
993131,0.014223346
993132,0.0048100767
993133,0.017567741
993134,0.019060202
993135,0.013623765
993136,0.021220129
993137,0.01339623
993138,0.021840533
993139,0.011523438
993140,0.013816923
993141,0.018619314
993142,0.010647229
993143,0.018711224
993144,0.015821749
993145,0.010683306
993146,0.018887868
993147,0.031668629
993148,0.011897547
993149,0.020619124
993150,0.013660386
993151,0.013955509
993152,0.013664695
993153,0.015787901
993154,0.020414013
993155,0.017976731
993156,0.015999828
993157,0.012902114
993158,0.010846307
993159,0.0088846665
993160,0.015919404
993161,0.01628059
993162,0.016587919
993163,0.010907342
993164,0.013818359
993165,0.012408088
993166,0.016373938
993167,0.013570628
993168,0.01780216
993169,0.010791734
993170,0.010927447
993171,0.011615349
993172,0.019093232
993173,0.018789493
993174,0.0086563565
993175,0.013798254
993176,0.017371323
993177,0.010857077
993178,0.016308594
993179,0.010662483
993180,0.011498335
993181,0.01645436
993182,0.013731474
993183,0.0028762054
993184,0.011144302
993185,0.015116613
993186,0.012973202
993187,0.021714155
993188,0.010948989
993189,0.01094468
993190,0.01579877
993191,0.013695571
993192,0.010326007
993193,0.015755687
993194,0.011058134
993195,0.013143382
993196,0.011136402
993197,0.015900735
993198,0.016788732
993199,0.011147174
993200,0.021554746
993201,0.016064454
993202,0.011523438
993203,0.011114143
993204,0.013361673
993205,0.0059407279
993206,0.010086874
993207,0.022789983
993208,0.013235294
993209,0.010021418
993210,0.012327665
993211,0.019554228
993212,0.013292739
993213,0.016182933
993214,0.018405331
993215,0.013800408
993216,0.016638901
993217,0.013481589
993218,0.01926844
993219,0.01113353
993220,0.015940228
993221,0.011074649
993222,0.010975557
993223,0.013285559
993224,0.011639123
993225,0.017675459
993226,0.018206539
993227,0.014168055
993228,0.011091165
993229,0.023713235
993230,0.01642492
993231,0.011351821
993232,0.013545496
993233,0.012675925
993234,0.013727166
993235,0.012353515
993236,0.011139994
993237,0.015406709
993238,0.015901454
993239,0.013248219
993240,0.013323615
993241,0.011057416
993242,0.021594957
993243,0.0024910152
993244,0.021638758
993245,0.0125
993246,0.020727774
993247,0.011285041
993248,0.022506416
993249,0.020453835
993250,0.010997099
993251,0.017248536
993252,0.017698556
993253,0.01345502
993254,0.01107824
993255,0.018915871
993256,0.013388959
993257,0.019048713
993258,0.018772978
993259,0.017525706
993260,0.011201747
993261,0.011313763
993262,0.035030589
993263,0.019358916
993264,0.021779498
993265,0.016119745
993266,0.016004855
993267,0.013931813
993268,0.0091185309
993269,0.035769474
993270,0.014029469
993271,0.014590993
993272,0.015627872
993273,0.010656739
993274,0.011789838
993275,0.017577648
993276,0.014028751
993277,0.012778662
993278,0.013681928
993279,0.011165843
993280,0.011203901
993281,0.011188821
993282,0.010425364
993283,0.016333725
993284,0.011259191
993285,0.01379969
993286,0.010899443
993287,0.018116008
993288,0.011208209
993289,0.011417164
993290,0.010987046
993291,0.010884636
993292,0.013625201
993293,0.011067469
993294,0.016269818
993295,0.011540472
993296,0.01110409
993297,0.011242676
993298,0.021335019
993299,0.011060288
993300,0.013396139
993301,0.012260168
993302,0.014977448
993303,0.011115579
993304,0.012270939
993305,0.01384421
993306,0.015518389
993307,0.013752297
993308,0.0070529273
993309,0.018637264
993310,0.011080394
993311,0.011269962
993312,0.012976793
993313,0.014690085
993314,0.013791073
993315,0.012888066
993316,0.013707778
993317,0.01484375
993318,0.01594382
993319,0.025523577
993320,0.010694795
993321,0.010868566
993322,0.01098202
993323,0.011403522
993324,0.013747271
993325,0.010774501
993326,0.012409524
993327,0.011221852
993328,0.02404426
993329,0.024180694
993330,0.030155055
993331,0.014348288
993332,0.011234777
993333,0.011516257
993334,0.013107297
993335,0.016340906
993336,0.011027976
993337,0.010948989
993338,0.018977625
993339,0.016085276
993340,0.019504664
993341,0.022881212
993342,0.010579187
993343,0.012293198
993344,0.019786162
993345,0.021159811
993346,0.013487333
993347,0.013821231
993348,0.014109174
993349,0.012119577
993350,0.015903607
993351,0.013532571
993352,0.01272619
993353,0.011086857
993354,0.011956881
993355,0.013595043
993356,0.016029986
993357,0.012563189
993358,0.0033137801
993359,0.01129653
993360,0.016796876
993361,0.016183652
993362,0.016602999
993363,0.011063878
993364,0.010949707
993365,0.020942239
993366,0.011781221
993367,0.016000547
993368,0.011045927
993369,0.015677419
993370,0.012125828
993371,0.019636804
993372,0.017892225
993373,0.012332608
993374,0.018469956
993375,0.012489947
993376,0.021732107
993377,0.01481431
993378,0.011429371
993379,0.011309455
993380,0.018991269
993381,0.013488051
993382,0.014751839
993383,0.024719957
993384,0.010741469
993385,0.019825654
993386,0.013508157
993387,0.016023524
993388,0.015678706
993389,0.013560575
993390,0.015889246
993391,0.011156509
993392,0.016074507
993393,0.011359002
993394,0.0020337068
993395,0.013890166
993396,0.012159639
993397,0.01898337
993398,0.013637408
993399,0.014194624
993400,0.022119859
993401,0.010839126
993402,0.011264218
993403,0.039636947
993404,0.025786163
993405,0.011429371
993406,0.012867647
993407,0.01133028
993408,0.011163689
993409,0.03203484
993410,0.011565803
993411,0.011432962
993412,0.010993509
993413,0.01294807
993414,0.021233054
993415,0.023288144
993416,0.020123471
993417,0.013528263
993418,0.012683824
993419,0.020177504
993420,0.016411277
993421,0.011221852
993422,0.011124914
993423,0.01610969
993424,0.014288689
993425,0.013445686
993426,0.011020795
993427,0.013717831
993428,0.013722139
993429,0.0138011
993430,0.011106962
993431,0.021656709
993432,0.010923139
993433,0.010950425
993434,0.013480153
993435,0.0026913038
993436,0.013355928
993437,0.011136402
993438,0.019152114
993439,0.016481647
993440,0.019401999
993441,0.014952177
993442,0.022150734
993443,0.021476476
993444,0.013607968
993445,0.016107537
993446,0.011213236
993447,0.015220731
993448,0.01354406
993449,0.011163689
993450,0.016742302
993451,0.0032599194
993452,0.016248995
993453,0.016497912
993454,0.013811179
993455,0.014013672
993456,0.0028905056
993457,0.011359002
993458,0.01110409
993459,0.019041533
993460,0.010894416
993461,0.017499857
993462,0.016079532
993463,0.013588921
993464,0.019189453
993465,0.012430348
993466,0.013461484
993467,0.011523438
993468,0.015774356
993469,0.022002814
993470,0.011493997
993471,0.014275046
993472,0.034742646
993473,0.023943014
993474,0.014556525
993475,0.018803136
993476,0.013661822
993477,0.012905704
993478,0.011307301
993479,0.011025104
993480,0.010854923
993481,0.013706342
993482,0.011530618
993483,0.013067288
993484,0.011160099
993485,0.013505285
993486,0.015626436
993487,0.013784611
993488,0.013687672
993489,0.011753217
993490,0.016228888
993491,0.014430865
993492,0.016793285
993493,0.016314339
993494,0.027481617
993495,0.011110553
993496,0.011362592
993497,0.011114143
993498,0.030315146
993499,0.013768814
993500,0.013979205
993501,0.014748966
993502,0.016159955
993503,0.021401079
993504,0.01474035
993505,0.017589614
993506,0.011068187
993507,0.025183149
993508,0.013374598
993509,0.011178768
993510,0.011606732
993511,0.010987046
993512,0.011063878
993513,0.018359374
993514,0.010812557
993515,0.013886576
993516,0.01794902
993517,0.013913143
993518,0.011055262
993519,0.017364861
993520,0.01865378
993521,0.017443435
993522,0.014042394
993523,0.01152631
993524,0.012135943
993525,0.013568474
993526,0.012284582
993527,0.020225614
993528,0.031051815
993529,0.020347854
993530,0.021444881
993531,0.012091544
993532,0.011194565
993533,0.016618796
993534,0.013568474
993535,0.010612937
993536,0.013710651
993537,0.015851907
993538,0.027652029
993539,0.011707979
993540,0.012906056
993541,0.02271485
993542,0.011402085
993543,0.011035874
993544,0.013494514
993545,0.018999645
993546,0.011906164
993547,0.013314281
993548,0.011860208
993549,0.016932588
993550,0.016549144
993551,0.013439223
993552,0.02402631
993553,0.014161592
993554,0.018480629
993555,0.011457376
993556,0.010850615
993557,0.011511949
993558,0.015189137
993559,0.01377025
993560,0.013595761
993561,0.0132554
993562,0.013508157
993563,0.011076085
993564,0.023181684
993565,0.014180262
993566,0.02999483
993567,0.01088939
993568,0.013924632
993569,0.011070341
993570,0.016051527
993571,0.013870778
993572,0.011123477
993573,0.024871752
993574,0.011661305
993575,0.013508875
993576,0.0095753809
993577,0.011806011
993578,0.018626494
993579,0.016144158
993580,0.017145135
993581,0.010844152
993582,0.01368839
993583,0.011617503
993584,0.010270602
993585,0.013855699
993586,0.011008588
993587,0.010958324
993588,0.013596479
993589,0.013502412
993590,0.013694853
993591,0.011545697
993592,0.010381678
993593,0.013696289
993594,0.011262064
993595,0.012096808
993596,0.013809024
993597,0.011317354
993598,0.016564224
993599,0.019360352
993600,0.013859289
993601,0.020845402
993602,0.011345359
993603,0.01283318
993604,0.013972024
993605,0.023369284
993606,0.010317186
993607,0.013627355
993608,0.013928941
993609,0.014070399
993610,0.011856617
993611,0.011286979
993612,0.019145651
993613,0.013833439
993614,0.011562212
993615,0.011282887
993616,0.01517693
993617,0.018386662
993618,0.015188419
993619,0.010916676
993620,0.018778723
993621,0.013744399
993622,0.013995002
993623,0.013890166
993624,0.019755285
993625,0.011208927
993626,0.015311508
993627,0.013855699
993628,0.018285755
993629,0.011033002
993630,0.015004596
993631,0.016157083
993632,0.013760196
993633,0.013381778
993634,0.025017234
993635,0.013748707
993636,0.013775276
993637,0.013939711
993638,0.014059627
993639,0.01124483
993640,0.011006434
993641,0.016353114
993642,0.013490206
993643,0.026593689
993644,0.011313045
993645,0.025562979
993646,0.010915958
993647,0.013823385
993648,0.011664177
993649,0.010128964
993650,0.021728231
993651,0.013710651
993652,0.01230397
993653,0.021121755
993654,0.013530417
993655,0.016521139
993656,0.025448069
993657,0.01335521
993658,0.016133387
993659,0.015359721
993660,0.012803886
993661,0.016024241
993662,0.011020077
993663,0.011089011
993664,0.024141917
993665,0.015296995
993666,0.011247702
993667,0.01112635
993668,0.015973259
993669,0.013653206
993670,0.028550619
993671,0.014085398
993672,0.011661305
993673,0.013358083
993674,0.012594784
993675,0.011017923
993676,0.012660845
993677,0.011083985
993678,0.016254021
993679,0.013752297
993680,0.01607307
993681,0.014361213
993682,0.011519847
993683,0.016314339
993684,0.013648897
993685,0.016374655
993686,0.014878217
993687,0.022256291
993688,0.015150362
993689,0.016629567
993690,0.01349954
993691,0.013741527
993692,0.010868566
993693,0.015235781
993694,0.031526454
993695,0.015584788
993696,0.013519647
993697,0.011061724
993698,0.010987046
993699,0.013694853
993700,0.0021932682
993701,0.020463211
993702,0.012885598
993703,0.011348949
993704,0.010935346
993705,0.018788775
993706,0.014254223
993707,0.011666331
993708,0.011860926
993709,0.014746045
993710,0.01221852
993711,0.027038371
993712,0.014763327
993713,0.026552448
993714,0.022011431
993715,0.016062299
993716,0.010888672
993717,0.012977511
993718,0.021521714
993719,0.018623622
993720,0.013779584
993721,0.021897977
993722,0.017365579
993723,0.014028033
993724,0.018068254
993725,0.011259191
993726,0.016050091
993727,0.016317211
993728,0.011465993
993729,0.011155791
993730,0.013905245
993731,0.013354492
993732,0.01361443
993733,0.011091165
993734,0.0084631778
993735,0.021591365
993736,0.013834875
993737,0.011236931
993738,0.017970631
993739,0.012017463
993740,0.015845444
993741,0.010992073
993742,0.014883962
993743,0.016440718
993744,0.010768037
993745,0.013924632
993746,0.011312327
993747,0.014187442
993748,0.010999253
993749,0.01128576
993750,0.020224364
993751,0.011004997
993752,0.015338955
993753,0.017058967
993754,0.024881549
993755,0.0025683593
993756,0.016215246
993757,0.016233915
993758,0.01338106
993759,0.011510064
993760,0.011376953
993761,0.016396916
993762,0.014264275
993763,0.010729214
993764,0.026539521
993765,0.011055262
993766,0.013710651
993767,0.015494313
993768,0.010986328
993769,0.010960478
993770,0.013778866
993771,0.017532863
993772,0.015491304
993773,0.019144934
993774,0.011638328
993775,0.013789637
993776,0.015090669
993777,0.013719985
993778,0.014522059
993779,0.013941147
993780,0.011349667
993781,0.013361673
993782,0.013539752
993783,0.011081831
993784,0.013924632
993785,0.011419319
993786,0.012299662
993787,0.014857393
993788,0.016475184
993789,0.011328125
993790,0.011006434
993791,0.018482164
993792,0.016555607
993793,0.016464412
993794,0.011247702
993795,0.011040183
993796,0.010861386
993797,0.01618796
993798,0.0099779097
993799,0.019007066
993800,0.013712087
993801,0.013510311
993802,0.014490312
993803,0.013697007
993804,0.013534008
993805,0.016326545
993806,0.018828269
993807,0.017813459
993808,0.018588437
993809,0.01391458
993810,0.011218262
993811,0.014636949
993812,0.014197021
993813,0.011087575
993814,0.019152682
993815,0.010973403
993816,0.017985713
993817,0.026769301
993818,0.016468721
993819,0.013696289
993820,0.013430607
993821,0.011152918
993822,0.013541906
993823,0.014142923
993824,0.01113712
993825,0.012798714
993826,0.011073931
993827,0.010906624
993828,0.013893038
993829,0.013745835
993830,0.013903582
993831,0.021507353
993832,0.015716912
993833,0.013408347
993834,0.012637868
993835,0.011150046
993836,0.01226304
993837,0.01630285
993838,0.021498736
993839,0.013490924
993840,0.013733628
993841,0.012195542
993842,0.010998535
993843,0.026746323
993844,0.03567028
993845,0.015616383
993846,0.011030848
993847,0.016605154
993848,0.016182216
993849,0.015958181
993850,0.014326747
993851,0.029872041
993852,0.029288976
993853,0.011232623
993854,0.019385483
993855,0.012459129
993856,0.013390395
993857,0.011275707
993858,0.015306899
993859,0.01349236
993860,0.010887119
993861,0.016040038
993862,0.023331227
993863,0.01356991
993864,0.013788201
993865,0.012556889
993866,0.018615723
993867,0.012564626
993868,0.011084703
993869,0.010943244
993870,0.015167596
993871,0.011008588
993872,0.010617693
993873,0.019067382
993874,0.01453642
993875,0.0094370982
993876,0.017394301
993877,0.026826747
993878,0.012236471
993879,0.013552616
993880,0.0099479835
993881,0.013283405
993882,0.017383531
993883,0.013586426
993884,0.015682444
993885,0.012815855
993886,0.013488051
993887,0.016190113
993888,0.014537138
993889,0.011390597
993890,0.011569394
993891,0.010914522
993892,0.013292739
993893,0.013051471
993894,0.012312586
993895,0.016447898
993896,0.0099796075
993897,0.013903091
993898,0.012876276
993899,0.016119026
993900,0.011479636
993901,0.039434455
993902,0.0188765
993903,0.011329544
993904,0.01105957
993905,0.010327078
993906,0.021622961
993907,0.013918888
993908,0.013878676
993909,0.013076584
993910,0.021551874
993911,0.0092961201
993912,0.010121268
993913,0.013330078
993914,0.019326603
993915,0.013076946
993916,0.010938218
993917,0.011290068
993918,0.01225945
993919,0.011335306
993920,0.01157442
993921,0.013430607
993922,0.020266544
993923,0.01916432
993924,0.024253218
993925,0.014051011
993926,0.011554314
993927,0.020340504
993928,0.011099064
993929,0.013683364
993930,0.013805434
993931,0.012956719
993932,0.011170152
993933,0.0098593077
993934,0.013768096
993935,0.010821892
993936,0.011113425
993937,0.024856942
993938,0.018696863
993939,0.009846325
993940,0.015475644
993941,0.027875114
993942,0.013717113
993943,0.026789406
993944,0.012531594
993945,0.011227597
993946,0.0026107109
993947,0.016233196
993948,0.013639562
993949,0.0241412
993950,0.015716912
993951,0.011161535
993952,0.010702694
993953,0.011690028
993954,0.014434455
993955,0.011152918
993956,0.015223381
993957,0.010772346
993958,0.011081831
993959,0.011298684
993960,0.013865033
993961,0.014476103
993962,0.010385652
993963,0.015856933
993964,0.013522519
993965,0.0032799225
993966,0.011272835
993967,0.01361443
993968,0.014239143
993969,0.0109375
993970,0.013857135
993971,0.015360129
993972,0.011349667
993973,0.019073846
993974,0.015785845
993975,0.01361084
993976,0.01098561
993977,0.01114861
993978,0.031545121
993979,0.018952493
993980,0.013532571
993981,0.013604377
993982,0.024567146
993983,0.013304946
993984,0.016463695
993985,0.010242662
993986,0.011201747
993987,0.013522519
993988,0.020670813
993989,0.013629509
993990,0.022109807
993991,0.01171157
993992,0.016812673
993993,0.011019359
993994,0.011269962
993995,0.010964069
993996,0.013908835
993997,0.010948271
993998,0.017789945
993999,0.010880055
994000,0.014569451
994001,0.013602941
994002,0.011726649
994003,0.011672794
994004,0.013419118
994005,0.01103911
994006,0.011592371
994007,0.013587862
994008,0.015004596
994009,0.013971306
994010,0.015801642
994011,0.018654497
994012,0.012167538
994013,0.013849954
994014,0.015001649
994015,0.012202005
994016,0.018964458
994017,0.013545496
994018,0.013438505
994019,0.010851333
994020,0.011305147
994021,0.018915154
994022,0.013970588
994023,0.010835536
994024,0.020965748
994025,0.016292796
994026,0.020570084
994027,0.014998069
994028,0.011036593
994029,0.014941902
994030,0.016439281
994031,0.014196778
994032,0.031354837
994033,0.016209502
994034,0.011997358
994035,0.027448092
994036,0.014132152
994037,0.017137954
994038,0.017835813
994039,0.017744256
994040,0.01372932
994041,0.013928941
994042,0.013168515
994043,0.010292637
994044,0.014808868
994045,0.010444303
994046,0.012270939
994047,0.015701832
994048,0.010475408
994049,0.011342486
994050,0.0188017
994051,0.026784381
994052,0.011521284
994053,0.012396066
994054,0.022522861
994055,0.011799691
994056,0.016164981
994057,0.010868566
994058,0.01103372
994059,0.013720703
994060,0.016393324
994061,0.017612591
994062,0.010040402
994063,0.016670497
994064,0.011393469
994065,0.0042314786
994066,0.011071777
994067,0.014068244
994068,0.014081888
994069,0.01396987
994070,0.020889314
994071,0.014183852
994072,0.011309455
994073,0.018773695
994074,0.014016544
994075,0.01908318
994076,0.011873852
994077,0.0093243541
994078,0.010983456
994079,0.012786506
994080,0.011362592
994081,0.01338465
994082,0.013890166
994083,0.013722857
994084,0.011324535
994085,0.011582319
994086,0.013296329
994087,0.011170152
994088,0.013763787
994089,0.0099081444
994090,0.010934628
994091,0.010512408
994092,0.011410702
994093,0.015919404
994094,0.019308854
994095,0.014945248
994096,0.013924632
994097,0.010961914
994098,0.013427016
994099,0.032435946
994100,0.010701258
994101,0.013672593
994102,0.013312845
994103,0.013687672
994104,0.023196232
994105,0.013870778
994106,0.012026798
994107,0.010952579
994108,0.016179344
994109,0.020461857
994110,0.015797334
994111,0.012425296
994112,0.018929515
994113,0.013523955
994114,0.016482364
994115,0.010955451
994116,0.011825023
994117,0.011101936
994118,0.021573415
994119,0.013625919
994120,0.026493566
994121,0.013407629
994122,0.011051672
994123,0.014230526
994124,0.019242389
994125,0.037238628
994126,0.017944518
994127,0.010928883
994128,0.0089032501
994129,0.013749425
994130,0.011029412
994131,0.016238943
994132,0.013243911
994133,0.015429728
994134,0.014051011
994135,0.015261285
994136,0.016269818
994137,0.015085018
994138,0.013872214
994139,0.0111005
994140,0.013443531
994141,0.013482307
994142,0.016364602
994143,0.011474609
994144,0.016449334
994145,0.011158663
994146,0.014802103
994147,0.026519416
994148,0.010983456
994149,0.016371783
994150,0.024063649
994151,0.01198874
994152,0.011868824
994153,0.012554121
994154,0.011260627
994155,0.011006434
994156,0.014021571
994157,0.016231043
994158,0.010803223
994159,0.035664223
994160,0.016416302
994161,0.012974028
994162,0.012534467
994163,0.0109892
994164,0.011695054
994165,0.013200827
994166,0.031573128
994167,0.010886517
994168,0.012713264
994169,0.021702666
994170,0.010181247
994171,0.012455745
994172,0.01060791
994173,0.010983456
994174,0.014072089
994175,0.015398811
994176,0.024053596
994177,0.011034438
994178,0.021661736
994179,0.019097541
994180,0.010790298
994181,0.015213472
994182,0.014975155
994183,0.0230377
994184,0.01094109
994185,0.014384191
994186,0.010948989
994187,0.01113712
994188,0.013646025
994189,0.013635972
994190,0.01875359
994191,0.010903751
994192,0.01145953
994193,0.0097118989
994194,0.023936553
994195,0.011237649
994196,0.010999971
994197,0.011081113
994198,0.012704183
994199,0.027804745
994200,0.010796042
994201,0.016315056
994202,0.010983456
994203,0.021528177
994204,0.014833697
994205,0.030058028
994206,0.016096048
994207,0.029610667
994208,0.01915714
994209,0.018667422
994210,0.024301328
994211,0.0188534
994212,0.013376034
994213,0.01024165
994214,0.011293174
994215,0.011348949
994216,0.011854463
994217,0.013235294
994218,0.015235708
994219,0.011259191
994220,0.019148523
994221,0.013527545
994222,0.01138557
994223,0.011322381
994224,0.011230469
994225,0.023768526
994226,0.011925551
994227,0.011239803
994228,0.011046645
994229,0.012247243
994230,0.010838408
994231,0.024219468
994232,0.009773978
994233,0.013746553
994234,0.0035592222
994235,0.013371726
994236,0.011190975
994237,0.010805377
994238,0.011132094
994239,0.011371208
994240,0.018681066
994241,0.015705423
994242,0.010321668
994243,0.012186152
994244,0.010417987
994245,0.014039522
994246,0.013717831
994247,0.018025476
994248,0.021444881
994249,0.011009306
994250,0.013791073
994251,0.013269761
994252,0.010753676
994253,0.013709933
994254,0.010684743
994255,0.013989976
994256,0.013422064
994257,0.018609978
994258,0.011465993
994259,0.01083769
994260,0.012904986
994261,0.018555827
994262,0.029610667
994263,0.014947151
994264,0.018848374
994265,0.015538115
994266,0.014223346
994267,0.013800408
994268,0.013597197
994269,0.015812414
994270,0.03181655
994271,0.011297248
994272,0.011040901
994273,0.01465131
994274,0.01893167
994275,0.017746244
994276,0.018400388
994277,0.013391113
994278,0.013441377
994279,0.011138557
994280,0.010836254
994281,0.015866268
994282,0.01206701
994283,0.0034867311
994284,0.010813993
994285,0.011487534
994286,0.016529039
994287,0.012757784
994288,0.010935346
994289,0.012850096
994290,0.011024386
994291,0.013456456
994292,0.011225442
994293,0.036927707
994294,0.013875086
994295,0.028202893
994296,0.01334444
994297,0.016348805
994298,0.01983642
994299,0.016503906
994300,0.011804199
994301,0.01937543
994302,0.018554688
994303,0.0031839062
994304,0.018818934
994305,0.011094037
994306,0.024009077
994307,0.019197352
994308,0.011045927
994309,0.011213954
994310,0.013702033
994311,0.012626379
994312,0.027084716
994313,0.011066033
994314,0.011135684
994315,0.013715677
994316,0.010845589
994317,0.013811897
994318,0.011149328
994319,0.022473145
994320,0.011170152
994321,0.010961914
994322,0.016222427
994323,0.011066751
994324,0.02330035
994325,0.014081888
994326,0.012557079
994327,0.011679256
994328,0.021814683
994329,0.011639764
994330,0.016164981
994331,0.016130514
994332,0.017211586
994333,0.013669003
994334,0.013350184
994335,0.01679337
994336,0.01676169
994337,0.01630285
994338,0.015363091
994339,0.013582836
994340,0.012281709
994341,0.011030848
994342,0.029078584
994343,0.013315717
994344,0.01349954
994345,0.0027190563
994346,0.01103013
994347,0.018905101
994348,0.013921042
994349,0.01592084
994350,0.016279871
994351,0.02535047
994352,0.021645939
994353,0.011391315
994354,0.011201029
994355,0.011122759
994356,0.012219359
994357,0.015390356
994358,0.010987046
994359,0.013361673
994360,0.0051721716
994361,0.012853286
994362,0.013827695
994363,0.011534208
994364,0.0096793827
994365,0.014993107
994366,0.010776655
994367,0.01908318
994368,0.014156566
994369,0.010962632
994370,0.023629222
994371,0.018926643
994372,0.0087608695
994373,0.013358607
994374,0.021731388
994375,0.014206465
994376,0.013568474
994377,0.01328125
994378,0.018910846
994379,0.019031245
994380,0.014553653
994381,0.018130314
994382,0.017537022
994383,0.02405192
994384,0.013200827
994385,0.016210938
994386,0.01109691
994387,0.016147748
994388,0.02405216
994389,0.011544261
994390,0.011106244
994391,0.019493192
994392,0.030215994
994393,0.019358197
994394,0.019209558
994395,0.01113353
994396,0.018887868
994397,0.013024184
994398,0.012831026
994399,0.01085995
994400,0.013550523
994401,0.013900937
994402,0.011111271
994403,0.026413143
994404,0.010779527
994405,0.010832663
994406,0.014247759
994407,0.021533921
994408,0.011144302
994409,0.016659006
994410,0.011914062
994411,0.011029412
994412,0.0081039621
994413,0.011092601
994414,0.015846163
994415,0.013235294
994416,0.016172161
994417,0.013823385
994418,0.012774719
994419,0.010817584
994420,0.028117906
994421,0.013680492
994422,0.010913804
994423,0.013525391
994424,0.017830882
994425,0.010895853
994426,0.011070341
994427,0.021347225
994428,0.010980584
994429,0.0017430199
994430,0.01338465
994431,0.011420037
994432,0.015433643
994433,0.012141688
994434,0.011448042
994435,0.011066751
994436,0.010214761
994437,0.026400937
994438,0.016345214
994439,0.0075591775
994440,0.017704504
994441,0.011208209
994442,0.012467611
994443,0.011035156
994444,0.0099540278
994445,0.012273811
994446,0.013511029
994447,0.011123477
994448,0.012179745
994449,0.011311609
994450,0.016259048
994451,0.015857652
994452,0.013430607
994453,0.016153492
994454,0.013478717
994455,0.013500976
994456,0.013637408
994457,0.021064309
994458,0.013663258
994459,0.023727596
994460,0.012977511
994461,0.016022805
994462,0.010814711
994463,0.013939711
994464,0.011173024
994465,0.024168137
994466,0.01382554
994467,0.015126767
994468,0.010931755
994469,0.019255515
994470,0.010839844
994471,0.011247702
994472,0.010816148
994473,0.014558637
994474,0.013612994
994475,0.0161578
994476,0.013536162
994477,0.011020795
994478,0.01762408
994479,0.017086552
994480,0.011925551
994481,0.015085232
994482,0.01202608
994483,0.010038944
994484,0.011168716
994485,0.014326747
994486,0.011099782
994487,0.014738184
994488,0.016203757
994489,0.018910846
994490,0.01127068
994491,0.01133028
994492,0.01138557
994493,0.013680492
994494,0.013952531
994495,0.01353688
994496,0.018911563
994497,0.012028952
994498,0.011615349
994499,0.013290239
994500,0.015182722
994501,0.013545496
994502,0.011362592
994503,0.01388873
994504,0.011311609
994505,0.01103372
994506,0.018414086
994507,0.011555032
994508,0.010592831
994509,0.022366792
994510,0.0128777
994511,0.018113798
994512,0.014085478
994513,0.013430607
994514,0.013718549
994515,0.017794857
994516,0.010885081
994517,0.011335306
994518,0.024597887
994519,0.018195657
994520,0.012793363
994521,0.018189913
994522,0.010483108
994523,0.017663537
994524,0.023747703
994525,0.016130514
994526,0.016641056
994527,0.017142816
994528,0.011114143
994529,0.011088293
994530,0.015153912
994531,0.011150046
994532,0.016301414
994533,0.012905149
994534,0.011132812
994535,0.01610969
994536,0.016385427
994537,0.018037293
994538,0.014725988
994539,0.013973461
994540,0.020532945
994541,0.010831945
994542,0.011283605
994543,0.01788439
994544,0.010957606
994545,0.0135814
994546,0.010977712
994547,0.011103372
994548,0.012036674
994549,0.013648897
994550,0.012879854
994551,0.011271399
994552,0.013913861
994553,0.013396139
994554,0.012350643
994555,0.017877102
994556,0.016429229
994557,0.010849897
994558,0.015096972
994559,0.016383272
994560,0.033050198
994561,0.017513964
994562,0.024358772
994563,0.01075583
994564,0.013579963
994565,0.024121812
994566,0.013409783
994567,0.013907399
994568,0.012744859
994569,0.015018378
994570,0.011018641
994571,0.010605756
994572,0.017178165
994573,0.011454504
994574,0.013641717
994575,0.013409783
994576,0.01128576
994577,0.0097822361
994578,0.01257037
994579,0.013622329
994580,0.022709036
994581,0.013801844
994582,0.012235753
994583,0.011532553
994584,0.013420554
994585,0.013545496
994586,0.010999253
994587,0.015998088
994588,0.015981875
994589,0.011730239
994590,0.025208943
994591,0.012838124
994592,0.025436874
994593,0.011682129
994594,0.027090993
994595,0.019876705
994596,0.0031631219
994597,0.018520221
994598,0.0093216877
994599,0.013246783
994600,0.029550351
994601,0.011081113
994602,0.013568474
994603,0.023874082
994604,0.011366182
994605,0.017212119
994606,0.013448558
994607,0.014493781
994608,0.0096399318
994609,0.016432818
994610,0.015133129
994611,0.013595761
994612,0.011542825
994613,0.023862591
994614,0.02083905
994615,0.013890166
994616,0.013437787
994617,0.019251158
994618,0.0027493576
994619,0.01339973
994620,0.011644072
994621,0.01490469
994622,0.0031009368
994623,0.012519388
994624,0.011638328
994625,0.010739315
994626,0.022458643
994627,0.011196001
994628,0.010739315
994629,0.013598633
994630,0.011132094
994631,0.013923196
994632,0.013513183
994633,0.013358083
994634,0.013512465
994635,0.011184513
994636,0.011346795
994637,0.010930319
994638,0.011029412
994639,0.01372573
994640,0.01088939
994641,0.011068187
994642,0.016670497
994643,0.016126206
994644,0.016149903
994645,0.013947229
994646,0.011119887
994647,0.013528263
994648,0.016176471
994649,0.014144359
994650,0.010999971
994651,0.015151798
994652,0.018780876
994653,0.011150764
994654,0.016630284
994655,0.01217824
994656,0.018941723
994657,0.016880888
994658,0.013840619
994659,0.025395652
994660,0.0028239992
994661,0.010991354
994662,0.012971048
994663,0.020481244
994664,0.012201287
994665,0.016063018
994666,0.012299662
994667,0.010979866
994668,0.010872156
994669,0.011468865
994670,0.016215246
994671,0.013361673
994672,0.012658691
994673,0.016022805
994674,0.020137208
994675,0.024126839
994676,0.011251292
994677,0.016396197
994678,0.016432101
994679,0.020898437
994680,0.01105239
994681,0.016774615
994682,0.015340701
994683,0.013660386
994684,0.014535702
994685,0.016955972
994686,0.011020795
994687,0.01590289
994688,0.011170152
994689,0.0039206413
994690,0.01114861
994691,0.024457864
994692,0.011236213
994693,0.013457174
994694,0.011012896
994695,0.014996819
994696,0.011046645
994697,0.010842716
994698,0.016257612
994699,0.016683422
994700,0.013660386
994701,0.011127668
994702,0.025612876
994703,0.011863798
994704,0.010687177
994705,0.015553229
994706,0.016967773
994707,0.010961914
994708,0.018888585
994709,0.012212776
994710,0.0129294
994711,0.020341223
994712,0.011109835
994713,0.025572792
994714,0.011121323
994715,0.011077521
994716,0.011599386
994717,0.018872788
994718,0.01157083
994719,0.015523035
994720,0.016210938
994721,0.01773897
994722,0.011109835
994723,0.010933192
994724,0.011207491
994725,0.0165434
994726,0.016348805
994727,0.017458927
994728,0.015387414
994729,0.011190257
994730,0.013623047
994731,0.019094668
994732,0.013648897
994733,0.015948128
994734,0.011086857
994735,0.025573038
994736,0.01582174
994737,0.021289062
994738,0.016226016
994739,0.015492169
994740,0.016306439
994741,0.0039444966
994742,0.016075943
994743,0.01100787
994744,0.0086613679
994745,0.013852108
994746,0.021360869
994747,0.031246692
994748,0.011899701
994749,0.016401224
994750,0.012187336
994751,0.016051527
994752,0.011012178
994753,0.013878676
994754,0.013038765
994755,0.019073846
994756,0.01876149
994757,0.021703383
994758,0.013872214
994759,0.018637983
994760,0.017190373
994761,0.010989918
994762,0.018691119
994763,0.013479435
994764,0.010932473
994765,0.010811121
994766,0.013430607
994767,0.011155791
994768,0.012159579
994769,0.016505342
994770,0.018861664
994771,0.02226894
994772,0.018922335
994773,0.018986961
994774,0.012907858
994775,0.02157844
994776,0.011264936
994777,0.018818934
994778,0.010732853
994779,0.013078757
994780,0.018382354
994781,0.016715433
994782,0.013849954
994783,0.013342286
994784,0.01117087
994785,0.023589011
994786,0.01078958
994787,0.010871438
994788,0.013984231
994789,0.012442555
994790,0.011021513
994791,0.013780302
994792,0.010976993
994793,0.016597971
994794,0.018910846
994795,0.013464356
994796,0.01216682
994797,0.011127786
994798,0.019748757
994799,0.016060863
994800,0.013531135
994801,0.011601996
994802,0.014506262
994803,0.013698443
994804,0.023690257
994805,0.011273553
994806,0.013540231
994807,0.013284841
994808,0.011245548
994809,0.013276224
994810,0.013556985
994811,0.015681008
994812,0.014154412
994813,0.011496869
994814,0.012645404
994815,0.021510186
994816,0.011240148
994817,0.010451032
994818,0.011239085
994819,0.014358341
994820,0.011653407
994821,0.012876108
994822,0.01191478
994823,0.010689051
994824,0.011105526
994825,0.018798109
994826,0.01630285
994827,0.016124053
994828,0.026691033
994829,0.012003102
994830,0.013248937
994831,0.01187457
994832,0.016490264
994833,0.011435116
994834,0.013844928
994835,0.011089729
994836,0.011926269
994837,0.029171214
994838,0.015895441
994839,0.010650275
994840,0.011238367
994841,0.016818993
994842,0.012752757
994843,0.015691468
994844,0.011394905
994845,0.011408548
994846,0.013384206
994847,0.013964126
994848,0.013796818
994849,0.010824764
994850,0.019313678
994851,0.029022576
994852,0.013400448
994853,0.017627671
994854,0.012585637
994855,0.013541188
994856,0.013947611
994857,0.013637113
994858,0.021336766
994859,0.01618796
994860,0.018009014
994861,0.01094468
994862,0.01642851
994863,0.011352539
994864,0.011186667
994865,0.011274271
994866,0.011030477
994867,0.014825799
994868,0.011014332
994869,0.010951143
994870,0.029733473
994871,0.010054702
994872,0.013649615
994873,0.013945972
994874,0.020046653
994875,0.012191234
994876,0.013266888
994877,0.016176471
994878,0.010737161
994879,0.011553054
994880,0.010775937
994881,0.015288925
994882,0.010458737
994883,0.011317354
994884,0.01370706
994885,0.012561753
994886,0.010885799
994887,0.010010962
994888,0.013407629
994889,0.013498104
994890,0.012960277
994891,0.016555607
994892,0.010963351
994893,0.01586986
994894,0.0097314464
994895,0.020038607
994896,0.013757324
994897,0.010921703
994898,0.01849868
994899,0.011471019
994900,0.010827636
994901,0.016134823
994902,0.016529039
994903,0.011608887
994904,0.011163689
994905,0.011062442
994906,0.011027976
994907,0.011938477
994908,0.010085016
994909,0.0034185008
994910,0.019739488
994911,0.011038029
994912,0.014097685
994913,0.01683565
994914,0.023012409
994915,0.018915154
994916,0.012638086
994917,0.011514821
994918,0.011201747
994919,0.017548684
994920,0.011163689
994921,0.01117087
994922,0.012001666
994923,0.013157052
994924,0.011882468
994925,0.013821949
994926,0.013786765
994927,0.024284093
994928,0.015992647
994929,0.012157485
994930,0.013878676
994931,0.012146714
994932,0.011379107
994933,0.018900793
994934,0.011033002
994935,0.014018699
994936,0.011098346
994937,0.012798714
994938,0.013832721
994939,0.010968377
994940,0.013456456
994941,0.013932531
994942,0.016097484
994943,0.016973546
994944,0.016439281
994945,0.015005314
994946,0.0099383704
994947,0.013525391
994948,0.011578728
994949,0.021855613
994950,0.013845646
994951,0.015601304
994952,0.011027258
994953,0.011369772
994954,0.018709788
994955,0.025980642
994956,0.021830481
994957,0.018004967
994958,0.01088939
994959,0.011294376
994960,0.013292739
994961,0.020428108
994962,0.01306296
994963,0.01107824
994964,0.0097739054
994965,0.011928423
994966,0.022462374
994967,0.015023983
994968,0.012825948
994969,0.011357565
994970,0.012488511
994971,0.011330998
994972,0.013363827
994973,0.015613511
994974,0.011063878
994975,0.011879596
994976,0.013446404
994977,0.018666705
994978,0.013407629
994979,0.02654383
994980,0.013821231
994981,0.0099913673
994982,0.013864315
994983,0.012013155
994984,0.011667049
994985,0.013332232
994986,0.013648179
994987,0.013635254
994988,0.013974897
994989,0.013253246
994990,0.010881491
994991,0.013627355
994992,0.010754394
994993,0.01122257
994994,0.012699027
994995,0.013444968
994996,0.011183795
994997,0.013278038
994998,0.01361443
994999,0.011477482
995000,0.011273553
995001,0.011136402
995002,0.0149292
995003,0.021270461
995004,0.017200425
995005,0.013832721
995006,0.010534932
995007,0.016183652
995008,0.016423484
995009,0.013906681
995010,0.023440942
995011,0.021024816
995012,0.013694853
995013,0.020264735
995014,0.016213091
995015,0.011420037
995016,0.01124483
995017,0.010849897
995018,0.011812098
995019,0.013549805
995020,0.016546991
995021,0.01652473
995022,0.013496668
995023,0.010720646
995024,0.015992647
995025,0.011458094
995026,0.016079532
995027,0.016179344
995028,0.011014332
995029,0.0053209253
995030,0.013683364
995031,0.012856131
995032,0.0033103114
995033,0.013680492
995034,0.016486673
995035,0.013961972
995036,0.01232267
995037,0.011161535
995038,0.013879394
995039,0.01103372
995040,0.016038602
995041,0.011201747
995042,0.013505285
995043,0.029524464
995044,0.015966797
995045,0.011061724
995046,0.016399788
995047,0.015963925
995048,0.021994537
995049,0.010236412
995050,0.011250574
995051,0.003426661
995052,0.013559857
995053,0.022012867
995054,0.012980483
995055,0.017451746
995056,0.01730239
995057,0.020440314
995058,0.015303309
995059,0.013757324
995060,0.011368336
995061,0.02001277
995062,0.015778664
995063,0.013572064
995064,0.015675489
995065,0.013430607
995066,0.010684743
995067,0.014478975
995068,0.013740809
995069,0.01062658
995070,0.013775994
995071,0.010309918
995072,0.02030891
995073,0.016762407
995074,0.020211266
995075,0.016077379
995076,0.013487333
995077,0.012674489
995078,0.013764505
995079,0.01353203
995080,0.016371783
995081,0.012404498
995082,0.011089729
995083,0.011352539
995084,0.016360294
995085,0.01913847
995086,0.011395806
995087,0.010785271
995088,0.016245404
995089,0.013340131
995090,0.012216366
995091,0.018564498
995092,0.013683364
995093,0.01827967
995094,0.032324936
995095,0.013476563
995096,0.0017110673
995097,0.017313879
995098,0.013776712
995099,0.010791016
995100,0.01118164
995101,0.013515337
995102,0.013901655
995103,0.018864891
995104,0.012017463
995105,0.010867286
995106,0.013916734
995107,0.013455738
995108,0.012505027
995109,0.017544815
995110,0.011340332
995111,0.011491843
995112,0.025667079
995113,0.013308536
995114,0.011305147
995115,0.020658605
995116,0.016964182
995117,0.012808052
995118,0.010587804
995119,0.013648897
995120,0.013447122
995121,0.013591453
995122,0.011504049
995123,0.011491125
995124,0.011124196
995125,0.011049517
995126,0.018830422
995127,0.01619155
995128,0.013143826
995129,0.011945657
995130,0.012345253
995131,0.013694135
995132,0.011349667
995133,0.010077903
995134,0.010868367
995135,0.013735782
995136,0.015189638
995137,0.011156509
995138,0.017271513
995139,0.011099782
995140,0.014487592
995141,0.010926011
995142,0.019439338
995143,0.019075999
995144,0.011063878
995145,0.026225012
995146,0.011160099
995147,0.014007209
995148,0.013992848
995149,0.014797794
995150,0.030152086
995151,0.010513613
995152,0.010938936
995153,0.01953125
995154,0.013936121
995155,0.013579963
995156,0.010979148
995157,0.013388959
995158,0.013893038
995159,0.010876465
995160,0.012311868
995161,0.017437601
995162,0.011534926
995163,0.01251597
995164,0.010825482
995165,0.019232538
995166,0.016210219
995167,0.020567959
995168,0.017435949
995169,0.011238367
995170,0.01384421
995171,0.013660386
995172,0.016709272
995173,0.01685432
995174,0.021024816
995175,0.021610754
995176,0.011655766
995177,0.010930319
995178,0.019188736
995179,0.011239085
995180,0.016653262
995181,0.022880973
995182,0.016284179
995183,0.013465074
995184,0.013501694
995185,0.020630602
995186,0.012665154
995187,0.011002125
995188,0.011065315
995189,0.010998535
995190,0.011029412
995191,0.019160731
995192,0.021713436
995193,0.011781939
995194,0.013821231
995195,0.016061582
995196,0.014787741
995197,0.011837948
995198,0.015482106
995199,0.015107862
995200,0.013578527
995201,0.013686236
995202,0.017102147
995203,0.013301356
995204,0.01086354
995205,0.01134105
995206,0.024804687
995207,0.013212316
995208,0.0111522
995209,0.01157083
995210,0.011101936
995211,0.010801787
995212,0.013501694
995213,0.0099653415
995214,0.014029469
995215,0.017118566
995216,0.012615868
995217,0.022886502
995218,0.0109375
995219,0.014960433
995220,0.011717314
995221,0.016268382
995222,0.010476626
995223,0.013501917
995224,0.016396197
995225,0.017199798
995226,0.016642492
995227,0.013824103
995228,0.0022729656
995229,0.0139591
995230,0.019450827
995231,0.011032284
995232,0.01322955
995233,0.011978919
995234,0.011351103
995235,0.011262782
995236,0.01384421
995237,0.027976362
995238,0.010870002
995239,0.011227597
995240,0.010999971
995241,0.011315918
995242,0.022568246
995243,0.013591453
995244,0.016477337
995245,0.010745778
995246,0.013311408
995247,0.010948271
995248,0.026567526
995249,0.011005715
995250,0.010867848
995251,0.024313534
995252,0.020010915
995253,0.011064596
995254,0.010145198
995255,0.011058852
995256,0.011921243
995257,0.013711369
995258,0.0108262
995259,0.01896829
995260,0.011481072
995261,0.013780302
995262,0.011349667
995263,0.015925149
995264,0.017670754
995265,0.013917452
995266,0.011728085
995267,0.011310891
995268,0.011006434
995269,0.016003419
995270,0.013732192
995271,0.010661765
995272,0.032213636
995273,0.01391817
995274,0.016190113
995275,0.012231079
995276,0.020450369
995277,0.01372932
995278,0.010133637
995279,0.011805798
995280,0.015308426
995281,0.013924632
995282,0.013876522
995283,0.013947611
995284,0.011282887
995285,0.011521284
995286,0.027242603
995287,0.017807905
995288,0.011167279
995289,0.010862822
995290,0.024001177
995291,0.013373162
995292,0.011018641
995293,0.011090447
995294,0.01304924
995295,0.021407543
995296,0.01354047
995297,0.011120605
995298,0.013867905
995299,0.014332491
995300,0.011632583
995301,0.01857982
995302,0.011108398
995303,0.012268066
995304,0.017629772
995305,0.011971507
995306,0.029659377
995307,0.018095847
995308,0.016182216
995309,0.011741728
995310,0.027230078
995311,0.016336598
995312,0.011346077
995313,0.016536219
995314,0.010523804
995315,0.011443014
995316,0.022040155
995317,0.016426357
995318,0.039326746
995319,0.010964787
995320,0.021959012
995321,0.012701775
995322,0.013775276
995323,0.010601885
995324,0.01574707
995325,0.024010513
995326,0.013487333
995327,0.010820456
995328,0.012012437
995329,0.021657428
995330,0.010701976
995331,0.013992848
995332,0.013691262
995333,0.016326545
995334,0.010223079
995335,0.013374598
995336,0.012997203
995337,0.01114143
995338,0.012667703
995339,0.014211857
995340,0.015809076
995341,0.016096048
995342,0.013534726
995343,0.021587776
995344,0.016480928
995345,0.011139994
995346,0.013732192
995347,0.014051011
995348,0.010820456
995349,0.013750861
995350,0.01682057
995351,0.018669577
995352,0.015322575
995353,0.021063559
995354,0.011117015
995355,0.025884651
995356,0.015237248
995357,0.013837029
995358,0.017681526
995359,0.010403262
995360,0.011105526
995361,0.014583541
995362,0.020061178
995363,0.015034754
995364,0.011550006
995365,0.027613422
995366,0.011323099
995367,0.010197202
995368,0.011132812
995369,0.015803078
995370,0.010777373
995371,0.013489488
995372,0.010951861
995373,0.012633591
995374,0.021662453
995375,0.024110323
995376,0.016034294
995377,0.013519916
995378,0.013490206
995379,0.010791734
995380,0.016564941
995381,0.015869141
995382,0.013924632
995383,0.013802562
995384,0.013009105
995385,0.013576373
995386,0.013621611
995387,0.015866268
995388,0.011328125
995389,0.014075425
995390,0.01140783
995391,0.016095329
995392,0.021484375
995393,0.010861386
995394,0.022261316
995395,0.014489028
995396,0.014820772
995397,0.010627298
995398,0.017837346
995399,0.011695772
995400,0.016525447
995401,0.011332434
995402,0.016580021
995403,0.011086857
995404,0.010910214
995405,0.011499023
995406,0.013304946
995407,0.018034276
995408,0.014200368
995409,0.013177849
995410,0.018984379
995411,0.013568474
995412,0.013740809
995413,0.018404238
995414,0.021436984
995415,0.015280331
995416,0.011528464
995417,0.018839039
995418,0.023502145
995419,0.016314339
995420,0.012476304
995421,0.021845559
995422,0.013017003
995423,0.01408117
995424,0.011922679
995425,0.010850615
995426,0.013694853
995427,0.016373219
995428,0.013327206
995429,0.019094668
995430,0.013947611
995431,0.013890166
995432,0.01622458
995433,0.021542955
995434,0.01335162
995435,0.013651052
995436,0.019228946
995437,0.012648048
995438,0.011060288
995439,0.021044921
995440,0.013959818
995441,0.013523237
995442,0.012511489
995443,0.015785845
995444,0.011167997
995445,0.01138557
995446,0.018583409
995447,0.027194394
995448,0.021248134
995449,0.01095976
995450,0.011280015
995451,0.011165843
995452,0.011420037
995453,0.012362133
995454,0.019526392
995455,0.013669721
995456,0.012488511
995457,0.012619916
995458,0.011346795
995459,0.013853544
995460,0.013350184
995461,0.0056306957
995462,0.019061638
995463,0.029237276
995464,0.015973259
995465,0.01639476
995466,0.011387724
995467,0.010898007
995468,0.012633465
995469,0.014136461
995470,0.013505285
995471,0.010928883
995472,0.011629711
995473,0.011109835
995474,0.01112635
995475,0.012695313
995476,0.013576373
995477,0.011109835
995478,0.013763787
995479,0.014317412
995480,0.013410501
995481,0.020659113
995482,0.010397979
995483,0.011005715
995484,0.0050593186
995485,0.013423426
995486,0.015145845
995487,0.010670715
995488,0.017474724
995489,0.01623176
995490,0.02696605
995491,0.024032772
995492,0.013656078
995493,0.01245548
995494,0.016342742
995495,0.022847973
995496,0.011355411
995497,0.016090304
995498,0.018607106
995499,0.012583991
995500,0.018799547
995501,0.021472886
995502,0.012339872
995503,0.013763787
995504,0.013867187
995505,0.014867446
995506,0.010735916
995507,0.011063878
995508,0.010656021
995509,0.010744342
995510,0.011239803
995511,0.0109375
995512,0.011088293
995513,0.010824764
995514,0.013610122
995515,0.019806985
995516,0.015969669
995517,0.011022232
995518,0.01976103
995519,0.013606532
995520,0.013893038
995521,0.013535444
995522,0.018213747
995523,0.017634802
995524,0.0031839593
995525,0.016371783
995526,0.01105598
995527,0.011440142
995528,0.021824736
995529,0.01434757
995530,0.01083769
995531,0.010792452
995532,0.011075367
995533,0.010918112
995534,0.01148897
995535,0.012601246
995536,0.012074908
995537,0.010942526
995538,0.011259191
995539,0.016865809
995540,0.013941147
995541,0.010877901
995542,0.010335838
995543,0.014081888
995544,0.016692039
995545,0.011098346
995546,0.01639476
995547,0.020200696
995548,0.014935662
995549,0.011227597
995550,0.010853487
995551,0.011656997
995552,0.013553395
995553,0.016323673
995554,0.013534008
995555,0.011139994
995556,0.011203901
995557,0.011282887
995558,0.01020041
995559,0.011358283
995560,0.015973585
995561,0.013472972
995562,0.013834157
995563,0.013367417
995564,0.011960018
995565,0.015132578
995566,0.011613195
995567,0.011339614
995568,0.014005773
995569,0.014893718
995570,0.0188534
995571,0.011939913
995572,0.014740335
995573,0.011089729
995574,0.011109835
995575,0.010766601
995576,0.020366371
995577,0.015968233
995578,0.016383272
995579,0.013436351
995580,0.012344181
995581,0.02249839
995582,0.001561314
995583,0.016282026
995584,0.013683364
995585,0.0117446
995586,0.037512206
995587,0.013630227
995588,0.015309538
995589,0.011175178
995590,0.011015768
995591,0.011185949
995592,0.014079016
995593,0.01533983
995594,0.019441493
995595,0.011224724
995596,0.013926068
995597,0.011409266
995598,0.01358499
995599,0.010917394
995600,0.016934743
995601,0.020026712
995602,0.01113353
995603,0.016292796
995604,0.01639476
995605,0.011160817
995606,0.016656134
995607,0.016136259
995608,0.013651052
995609,0.011029412
995610,0.015582634
995611,0.02411535
995612,0.011282169
995613,0.0136848
995614,0.013299202
995615,0.010629452
995616,0.013122376
995617,0.016065171
995618,0.010895135
995619,0.014394962
995620,0.013619456
995621,0.015021044
995622,0.015340648
995623,0.013318589
995624,0.013532571
995625,0.011155791
995626,0.017830882
995627,0.013498104
995628,0.020253532
995629,0.013426298
995630,0.016801184
995631,0.011007152
995632,0.01160386
995633,0.015865549
995634,0.014550063
995635,0.013732192
995636,0.011098346
995637,0.01144876
995638,0.010294118
995639,0.013665413
995640,0.02242168
995641,0.013194364
995642,0.010971967
995643,0.013922478
995644,0.016704964
995645,0.012418266
995646,0.013335104
995647,0.011196001
995648,0.026022209
995649,0.010059544
995650,0.011690028
995651,0.011167997
995652,0.011523438
995653,0.023759192
995654,0.016379682
995655,0.010963351
995656,0.011144302
995657,0.016609462
995658,0.0099874781
995659,0.010200811
995660,0.013742963
995661,0.012685204
995662,0.016315775
995663,0.010082384
995664,0.011756808
995665,0.011111989
995666,0.013798254
995667,0.01586196
995668,0.01515054
995669,0.029175524
995670,0.013798254
995671,0.016590074
995672,0.011516257
995673,0.013763787
995674,0.014578068
995675,0.013860007
995676,0.018734202
995677,0.016636029
995678,0.013650334
995679,0.010868566
995680,0.013510311
995681,0.011451632
995682,0.010050759
995683,0.016406249
995684,0.011029412
995685,0.022662897
995686,0.018933823
995687,0.01171157
995688,0.010923857
995689,0.03141531
995690,0.016847139
995691,0.017443897
995692,0.011291504
995693,0.016181497
995694,0.01124842
995695,0.01110409
995696,0.016327264
995697,0.013639562
995698,0.016957721
995699,0.011422909
995700,0.0038304043
995701,0.013421272
995702,0.014487592
995703,0.016233915
995704,0.011203183
995705,0.014935936
995706,0.016204474
995707,0.017165959
995708,0.016236788
995709,0.010983456
995710,0.013407629
995711,0.017181037
995712,0.022970375
995713,0.010722082
995714,0.01114502
995715,0.011321662
995716,0.011288632
995717,0.014155848
995718,0.012495222
995719,0.013490206
995720,0.013644589
995721,0.015545296
995722,0.011193129
995723,0.011045209
995724,0.01380328
995725,0.013630945
995726,0.013331514
995727,0.02024213
995728,0.015008904
995729,0.019338092
995730,0.027235324
995731,0.012676276
995732,0.012649356
995733,0.013153185
995734,0.010638786
995735,0.024317125
995736,0.01301972
995737,0.010387789
995738,0.010763011
995739,0.011480354
995740,0.019175092
995741,0.011339614
995742,0.011200311
995743,0.02007113
995744,0.02625517
995745,0.015358556
995746,0.013628791
995747,0.013411937
995748,0.011206773
995749,0.013658232
995750,0.011029412
995751,0.013465074
995752,0.015349264
995753,0.013881548
995754,0.014310949
995755,0.016501753
995756,0.013376034
995757,0.011387724
995758,0.011006434
995759,0.025534324
995760,0.011184513
995761,0.010994945
995762,0.014402894
995763,0.014148667
995764,0.02556655
995765,0.010560518
995766,0.014372702
995767,0.010977712
995768,0.013094584
995769,0.011209645
995770,0.01117087
995771,0.014449107
995772,0.01171875
995773,0.016407574
995774,0.012879136
995775,0.013327206
995776,0.01127068
995777,0.016118309
995778,0.016269101
995779,0.011283605
995780,0.012775735
995781,0.013694853
995782,0.015912224
995783,0.014005055
995784,0.015092917
995785,0.013629509
995786,0.013349466
995787,0.013261862
995788,0.0032313806
995789,0.01157083
995790,0.013798972
995791,0.013813333
995792,0.010921703
995793,0.015304666
995794,0.010781681
995795,0.0105309
995796,0.015286793
995797,0.0092202621
995798,0.011546415
995799,0.016406249
995800,0.013815487
995801,0.011031566
995802,0.017662851
995803,0.01570848
995804,0.016345214
995805,0.01103013
995806,0.012280048
995807,0.013457174
995808,0.017881745
995809,0.010918831
995810,0.014685059
995811,0.013078039
995812,0.016529756
995813,0.01532126
995814,0.012552022
995815,0.011615349
995816,0.019073846
995817,0.011758244
995818,0.01639476
995819,0.01413287
995820,0.014007209
995821,0.011391315
995822,0.013648897
995823,0.018623622
995824,0.014545036
995825,0.011283605
995826,0.014300178
995827,0.017038144
995828,0.013967716
995829,0.010521024
995830,0.011175178
995831,0.011684283
995832,0.019355325
995833,0.016004136
995834,0.011006434
995835,0.011155791
995836,0.015460161
995837,0.010954733
995838,0.018478027
995839,0.015146703
995840,0.020361328
995841,0.012769273
995842,0.011162971
995843,0.01167423
995844,0.012754912
995845,0.013809742
995846,0.0022060303
995847,0.01082261
995848,0.015287285
995849,0.011170152
995850,0.011400649
995851,0.013211984
995852,0.013373162
995853,0.012281543
995854,0.011103372
995855,0.011455222
995856,0.011066033
995857,0.011561494
995858,0.011308019
995859,0.016596535
995860,0.0096345209
995861,0.0028396167
995862,0.014371285
995863,0.016142003
995864,0.010899443
995865,0.014142923
995866,0.023017064
995867,0.013878676
995868,0.016592946
995869,0.013712805
995870,0.011975477
995871,0.010665355
995872,0.015421841
995873,0.016155647
995874,0.019000603
995875,0.011006434
995876,0.01070054
995877,0.01102295
995878,0.013558421
995879,0.016888786
995880,0.023006566
995881,0.017225558
995882,0.01085995
995883,0.013211349
995884,0.015418818
995885,0.013601505
995886,0.015143501
995887,0.015015366
995888,0.016027113
995889,0.010971967
995890,0.016155647
995891,0.017673057
995892,0.018191349
995893,0.01643569
995894,0.016326545
995895,0.01113712
995896,0.016270537
995897,0.016429229
995898,0.013769532
995899,0.014912375
995900,0.01112635
995901,0.011351103
995902,0.002845441
995903,0.011231905
995904,0.013447122
995905,0.01105239
995906,0.013327206
995907,0.010577751
995908,0.01746851
995909,0.011033002
995910,0.011356129
995911,0.010892262
995912,0.011050235
995913,0.015970387
995914,0.016572122
995915,0.019060202
995916,0.011272835
995917,0.014208267
995918,0.016090304
995919,0.011169434
995920,0.010971967
995921,0.018569048
995922,0.012591911
995923,0.013212316
995924,0.010965505
995925,0.024681894
995926,0.018487908
995927,0.01075224
995928,0.011034438
995929,0.013823385
995930,0.01134105
995931,0.012043313
995932,0.012603461
995933,0.019112621
995934,0.022454416
995935,0.011323099
995936,0.018680349
995937,0.0260814
995938,0.018494371
995939,0.027695768
995940,0.013721421
995941,0.013414091
995942,0.011269244
995943,0.011398495
995944,0.010804659
995945,0.013656078
995946,0.027022058
995947,0.013524673
995948,0.011937759
995949,0.02365938
995950,0.015614229
995951,0.039028034
995952,0.013804716
995953,0.014566761
995954,0.015969669
995955,0.013457892
995956,0.01084487
995957,0.013752297
995958,0.013720703
995959,0.010829072
995960,0.014145795
995961,0.014553857
995962,0.020602807
995963,0.010372778
995964,0.0096065542
995965,0.011240521
995966,0.013903091
995967,0.011937041
995968,0.010164347
995969,0.013640998
995970,0.031471163
995971,0.013671875
995972,0.010827636
995973,0.010707002
995974,0.018043337
995975,0.015184111
995976,0.011382697
995977,0.016038602
995978,0.01361443
995979,0.035213694
995980,0.017380267
995981,0.016545555
995982,0.012069164
995983,0.020317527
995984,0.01618796
995985,0.013530417
995986,0.011064596
995987,0.015044409
995988,0.010757267
995989,0.016279871
995990,0.018945312
995991,0.011213954
995992,0.013781738
995993,0.011179486
995994,0.022394875
995995,0.011288632
995996,0.013579963
995997,0.012187577
995998,0.024379596
995999,0.015970387
996000,0.035241701
996001,0.011868106
996002,0.011402803
996003,0.015508557
996004,0.014829853
996005,0.011518411
996006,0.01637681
996007,0.016107537
996008,0.013148408
996009,0.010948989
996010,0.013158462
996011,0.011542825
996012,0.022702927
996013,0.011710851
996014,0.011293658
996015,0.010708767
996016,0.021886488
996017,0.013864315
996018,0.011697927
996019,0.013830567
996020,0.020082721
996021,0.0026083058
996022,0.010974912
996023,0.011202465
996024,0.015287511
996025,0.0088708038
996026,0.011509795
996027,0.015346923
996028,0.014579504
996029,0.013684082
996030,0.011199592
996031,0.01391458
996032,0.012771145
996033,0.035325963
996034,0.030748785
996035,0.013577091
996036,0.0099299541
996037,0.011314481
996038,0.013776551
996039,0.019441351
996040,0.012927521
996041,0.011387724
996042,0.011113425
996043,0.011293658
996044,0.016103946
996045,0.020327888
996046,0.0047189794
996047,0.011237649
996048,0.010687615
996049,0.01102295
996050,0.014150822
996051,0.010877901
996052,0.010969813
996053,0.012097168
996054,0.024427706
996055,0.011285041
996056,0.011150046
996057,0.011136402
996058,0.013536162
996059,0.011269244
996060,0.013669003
996061,0.010690487
996062,0.014697266
996063,0.023122303
996064,0.011132812
996065,0.010205796
996066,0.013964126
996067,0.011053826
996068,0.018748565
996069,0.026530905
996070,0.013571346
996071,0.011616067
996072,0.012380717
996073,0.010148757
996074,0.015965361
996075,0.024485437
996076,0.013151281
996077,0.033074591
996078,0.011005715
996079,0.011013614
996080,0.011156509
996081,0.026539521
996082,0.024105296
996083,0.010964787
996084,0.01585478
996085,0.011045927
996086,0.014997423
996087,0.013579963
996088,0.013035681
996089,0.013901655
996090,0.012861903
996091,0.013311408
996092,0.013767377
996093,0.02155992
996094,0.0099852579
996095,0.019910386
996096,0.013512465
996097,0.018687529
996098,0.021164611
996099,0.013800408
996100,0.010891544
996101,0.016153492
996102,0.016599407
996103,0.012717572
996104,0.010884363
996105,0.011327407
996106,0.014021571
996107,0.010953297
996108,0.01264433
996109,0.013801126
996110,0.013602941
996111,0.016192269
996112,0.0098825945
996113,0.011252728
996114,0.014266429
996115,0.012141688
996116,0.010981302
996117,0.013700597
996118,0.021446317
996119,0.011503331
996120,0.017631261
996121,0.011012178
996122,0.010830509
996123,0.011747472
996124,0.011529182
996125,0.022513418
996126,0.021665325
996127,0.013608363
996128,0.019203814
996129,0.013189338
996130,0.013546214
996131,0.026711857
996132,0.011098346
996133,0.013650334
996134,0.026108194
996135,0.012181181
996136,0.010870002
996137,0.021857766
996138,0.015925867
996139,0.011017923
996140,0.013788919
996141,0.021474322
996142,0.013631663
996143,0.012502024
996144,0.011590935
996145,0.012980796
996146,0.024987061
996147,0.014519187
996148,0.011025104
996149,0.012465533
996150,0.018718405
996151,0.011106244
996152,0.013212316
996153,0.010994227
996154,0.0098988889
996155,0.01081543
996156,0.018759334
996157,0.010960478
996158,0.013131893
996159,0.015984748
996160,0.012111529
996161,0.011257037
996162,0.015028279
996163,0.016142003
996164,0.010421215
996165,0.013486615
996166,0.018841911
996167,0.016696347
996168,0.011272117
996169,0.016220272
996170,0.011456658
996171,0.012259349
996172,0.011122041
996173,0.013801844
996174,0.010579905
996175,0.012258732
996176,0.016475184
996177,0.010816148
996178,0.013861443
996179,0.011112707
996180,0.011362592
996181,0.01399572
996182,0.010818302
996183,0.012178309
996184,0.013641717
996185,0.010676126
996186,0.013340131
996187,0.016192986
996188,0.021668199
996189,0.022144273
996190,0.019519761
996191,0.010876465
996192,0.025942096
996193,0.037517235
996194,0.013586426
996195,0.011772909
996196,0.013755888
996197,0.0023256561
996198,0.013901655
996199,0.011277861
996200,0.012063419
996201,0.011089011
996202,0.010994227
996203,0.010979866
996204,0.013456456
996205,0.010419395
996206,0.013397576
996207,0.011531336
996208,0.0021955681
996209,0.010926011
996210,0.010976993
996211,0.012050494
996212,0.013546932
996213,0.021222282
996214,0.012658232
996215,0.02320772
996216,0.029380171
996217,0.01639476
996218,0.022322878
996219,0.010915958
996220,0.01970502
996221,0.015021036
996222,0.014422966
996223,0.016050091
996224,0.011826459
996225,0.016350958
996226,0.01113353
996227,0.010987764
996228,0.018540327
996229,0.01377743
996230,0.011397059
996231,0.013411219
996232,0.018831858
996233,0.014090504
996234,0.011277143
996235,0.017973492
996236,0.015994802
996237,0.012013155
996238,0.011064596
996239,0.011404958
996240,0.011169434
996241,0.013788919
996242,0.016022805
996243,0.012591911
996244,0.019945571
996245,0.013789637
996246,0.010702694
996247,0.01372932
996248,0.014051011
996249,0.014020135
996250,0.023925781
996251,0.011118899
996252,0.013380342
996253,0.011380543
996254,0.011286478
996255,0.025257066
996256,0.027010569
996257,0.023828125
996258,0.020883547
996259,0.017415689
996260,0.010865694
996261,0.013388241
996262,0.010587804
996263,0.016256893
996264,0.014935662
996265,0.012120864
996266,0.011045209
996267,0.015891401
996268,0.014368667
996269,0.011256319
996270,0.025896732
996271,0.021202177
996272,0.013560575
996273,0.013521083
996274,0.011057416
996275,0.010788144
996276,0.016661162
996277,0.021255314
996278,0.01609892
996279,0.010740033
996280,0.011496869
996281,0.018979779
996282,0.011048799
996283,0.011321419
996284,0.023955939
996285,0.011527746
996286,0.016376091
996287,0.01370706
996288,0.015693935
996289,0.0035177451
996290,0.01572481
996291,0.011098346
996292,0.014851648
996293,0.016061582
996294,0.029400993
996295,0.02030101
996296,0.01105239
996297,0.0036459209
996298,0.016799029
996299,0.014091941
996300,0.011089729
996301,0.010765165
996302,0.011828613
996303,0.02153033
996304,0.011188449
996305,0.010941808
996306,0.014942124
996307,0.011038747
996308,0.011147892
996309,0.011050235
996310,0.01159668
996311,0.013676901
996312,0.019117648
996313,0.012278837
996314,0.013802562
996315,0.013897346
996316,0.011175896
996317,0.020559454
996318,0.013895192
996319,0.010675408
996320,0.011567958
996321,0.014016544
996322,0.0109892
996323,0.021740723
996324,0.011207491
996325,0.01660659
996326,0.011162971
996327,0.013518928
996328,0.01361802
996329,0.01087072
996330,0.016306439
996331,0.021199305
996332,0.010081622
996333,0.010717056
996334,0.013535444
996335,0.011225442
996336,0.003254011
996337,0.011089011
996338,0.01304788
996339,0.011339614
996340,0.01631362
996341,0.016578585
996342,0.010948989
996343,0.01640266
996344,0.019084616
996345,0.013465074
996346,0.011086857
996347,0.028698731
996348,0.011239085
996349,0.010043414
996350,0.011040901
996351,0.016189396
996352,0.010022955
996353,0.017773438
996354,0.022463497
996355,0.01127068
996356,0.015446265
996357,0.011013614
996358,0.021380974
996359,0.013340131
996360,0.031340506
996361,0.010762293
996362,0.010868566
996363,0.01334444
996364,0.012476028
996365,0.013060087
996366,0.013829849
996367,0.013454302
996368,0.010939654
996369,0.013009162
996370,0.01523653
996371,0.016154211
996372,0.016181497
996373,0.0014733039
996374,0.011122759
996375,0.013593607
996376,0.013335822
996377,0.018612131
996378,0.019569308
996379,0.013936121
996380,0.013602941
996381,0.019180119
996382,0.013715677
996383,0.024095962
996384,0.020235667
996385,0.011068905
996386,0.011031566
996387,0.013401885
996388,0.013833439
996389,0.010914522
996390,0.01451416
996391,0.0024627303
996392,0.011091165
996393,0.016119745
996394,0.01504337
996395,0.013824822
996396,0.012007411
996397,0.018999433
996398,0.010914522
996399,0.026736271
996400,0.021383129
996401,0.01476979
996402,0.010719928
996403,0.011029412
996404,0.01194853
996405,0.016029986
996406,0.024241729
996407,0.016111126
996408,0.01722802
996409,0.024192182
996410,0.013931095
996411,0.016149903
996412,0.0019552805
996413,0.012581141
996414,0.025205046
996415,0.0018260027
996416,0.013530417
996417,0.02234892
996418,0.011066033
996419,0.013809742
996420,0.010936064
996421,0.011027258
996422,0.012528004
996423,0.01361802
996424,0.013897346
996425,0.011206773
996426,0.01540871
996427,0.011443014
996428,0.012477022
996429,0.013087373
996430,0.032411106
996431,0.017696604
996432,0.012375144
996433,0.015330286
996434,0.01075583
996435,0.013712087
996436,0.010923857
996437,0.0099659637
996438,0.011066033
996439,0.013783893
996440,0.010537961
996441,0.013450712
996442,0.01060432
996443,0.010857795
996444,0.011227597
996445,0.010023003
996446,0.013657514
996447,0.010372927
996448,0.013426298
996449,0.01630285
996450,0.010939654
996451,0.010642667
996452,0.0099034524
996453,0.038732193
996454,0.011351103
996455,0.013524673
996456,0.011006434
996457,0.013913143
996458,0.018189196
996459,0.018073114
996460,0.0202571
996461,0.016015625
996462,0.011646226
996463,0.010976275
996464,0.011206773
996465,0.012093578
996466,0.011361874
996467,0.014178107
996468,0.039131433
996469,0.020702763
996470,0.016055118
996471,0.013435633
996472,0.018550379
996473,0.010966941
996474,0.01636963
996475,0.016371783
996476,0.015093194
996477,0.019281365
996478,0.011249138
996479,0.018891457
996480,0.011279297
996481,0.010954733
996482,0.019140625
996483,0.012530671
996484,0.025136432
996485,0.013628791
996486,0.02068462
996487,0.013766659
996488,0.010938936
996489,0.011291504
996490,0.014282945
996491,0.015907198
996492,0.011294376
996493,0.013261862
996494,0.010755112
996495,0.011753217
996496,0.015990492
996497,0.011998794
996498,0.011086857
996499,0.024591424
996500,0.011201747
996501,0.016391171
996502,0.013694063
996503,0.012143842
996504,0.01890151
996505,0.018798383
996506,0.010140754
996507,0.010791016
996508,0.010903751
996509,0.016338753
996510,0.010717774
996511,0.011330998
996512,0.011219698
996513,0.011121323
996514,0.020478372
996515,0.034348909
996516,0.013308536
996517,0.011054544
996518,0.0082055461
996519,0.016949821
996520,0.013747271
996521,0.016475184
996522,0.013361673
996523,0.010457859
996524,0.012491384
996525,0.015248252
996526,0.010196603
996527,0.014079016
996528,0.01349954
996529,0.019603221
996530,0.01137049
996531,0.010772346
996532,0.021495864
996533,0.015562416
996534,0.016084559
996535,0.011239803
996536,0.01398854
996537,0.019024896
996538,0.012400189
996539,0.028517062
996540,0.010945398
996541,0.011216108
996542,0.013516055
996543,0.011155791
996544,0.01391817
996545,0.010070359
996546,0.024532542
996547,0.022157917
996548,0.013177849
996549,0.030200195
996550,0.013620174
996551,0.013363109
996552,0.015577813
996553,0.011295812
996554,0.010278792
996555,0.013446404
996556,0.013401167
996557,0.013153436
996558,0.010825482
996559,0.012497449
996560,0.016636029
996561,0.011186667
996562,0.016452206
996563,0.0099477321
996564,0.01221852
996565,0.015414609
996566,0.012077062
996567,0.010922421
996568,0.01122616
996569,0.013396139
996570,0.012764246
996571,0.012558338
996572,0.018781595
996573,0.011111989
996574,0.011124196
996575,0.010853487
996576,0.021138545
996577,0.013041402
996578,0.011017923
996579,0.011008588
996580,0.018910846
996581,0.016247559
996582,0.012691004
996583,0.017230583
996584,0.013982077
996585,0.012179783
996586,0.0034198842
996587,0.018832577
996588,0.010982738
996589,0.011114143
996590,0.013606532
996591,0.016353114
996592,0.012527286
996593,0.010946834
996594,0.011091165
996595,0.012669977
996596,0.029439051
996597,0.034552362
996598,0.010880055
996599,0.011216108
996600,0.013338695
996601,0.010979866
996602,0.011349667
996603,0.017653521
996604,0.018864891
996605,0.010879337
996606,0.010701976
996607,0.016396197
996608,0.010943244
996609,0.01472527
996610,0.011061724
996611,0.013979205
996612,0.018788056
996613,0.0034833839
996614,0.01602855
996615,0.022605255
996616,0.011286478
996617,0.010882927
996618,0.016153492
996619,0.010746496
996620,0.013763068
996621,0.013306382
996622,0.029000316
996623,0.018791648
996624,0.011819997
996625,0.018709788
996626,0.010350851
996627,0.012512749
996628,0.012258732
996629,0.013568474
996630,0.0090730982
996631,0.013376034
996632,0.011083267
996633,0.01125201
996634,0.010799632
996635,0.011091165
996636,0.0082859332
996637,0.010959042
996638,0.016303567
996639,0.011068187
996640,0.017003676
996641,0.023386158
996642,0.020557359
996643,0.012952256
996644,0.01484375
996645,0.013577809
996646,0.018340705
996647,0.011274271
996648,0.0214973
996649,0.015892118
996650,0.011735265
996651,0.01101146
996652,0.01373291
996653,0.034570314
996654,0.014809966
996655,0.0085795997
996656,0.021617217
996657,0.0113669
996658,0.021564798
996659,0.0022032522
996660,0.013407629
996661,0.01080035
996662,0.010734289
996663,0.013143945
996664,0.011090447
996665,0.013106762
996666,0.021443445
996667,0.011155791
996668,0.016292796
996669,0.011730957
996670,0.013361673
996671,0.011454504
996672,0.016877297
996673,0.018832577
996674,0.010781681
996675,0.011121323
996676,0.010793888
996677,0.017326804
996678,0.022734644
996679,0.01815008
996680,0.010505227
996681,0.010987046
996682,0.016046183
996683,0.014633358
996684,0.015192728
996685,0.018164063
996686,0.013704188
996687,0.011492561
996688,0.01403665
996689,0.021284036
996690,0.010650275
996691,0.014200368
996692,0.011021513
996693,0.018795956
996694,0.012358542
996695,0.016116153
996696,0.012777889
996697,0.010957606
996698,0.011183077
996699,0.016446462
996700,0.011455222
996701,0.022060977
996702,0.011845129
996703,0.02390427
996704,0.010984892
996705,0.011379483
996706,0.014065749
996707,0.01874282
996708,0.01103013
996709,0.011180922
996710,0.0188534
996711,0.021297976
996712,0.013577091
996713,0.016654698
996714,0.020285156
996715,0.014545036
996716,0.013786765
996717,0.018682502
996718,0.022234216
996719,0.018369451
996720,0.013637408
996721,0.013444968
996722,0.018834013
996723,0.011079676
996724,0.011464557
996725,0.017773438
996726,0.018961109
996727,0.011432244
996728,0.012940615
996729,0.019718794
996730,0.012606273
996731,0.012561035
996732,0.011663459
996733,0.01849078
996734,0.010966223
996735,0.016222427
996736,0.013970588
996737,0.016895125
996738,0.0097339097
996739,0.01526597
996740,0.01070772
996741,0.0135814
996742,0.012501716
996743,0.011009306
996744,0.009796543
996745,0.01882037
996746,0.014211857
996747,0.017745035
996748,0.017220531
996749,0.01202249
996750,0.010688333
996751,0.013683364
996752,0.012186859
996753,0.011261212
996754,0.022162225
996755,0.01385139
996756,0.010627298
996757,0.012781479
996758,0.01479671
996759,0.013706342
996760,0.013660386
996761,0.013793945
996762,0.010868566
996763,0.013967716
996764,0.016750919
996765,0.011098346
996766,0.0091231251
996767,0.010980584
996768,0.010786708
996769,0.013409065
996770,0.013079475
996771,0.018795956
996772,0.021991326
996773,0.011074649
996774,0.010847025
996775,0.011066033
996776,0.012876982
996777,0.018144926
996778,0.018500833
996779,0.015814569
996780,0.01372932
996781,0.013775276
996782,0.0142255
996783,0.01133746
996784,0.01377743
996785,0.011284323
996786,0.010773892
996787,0.020214017
996788,0.01243779
996789,0.010615809
996790,0.01377743
996791,0.012776743
996792,0.014772662
996793,0.016684139
996794,0.015936054
996795,0.01079676
996796,0.010443121
996797,0.011244112
996798,0.012826717
996799,0.011182358
996800,0.0096883932
996801,0.013338695
996802,0.018785184
996803,0.01122257
996804,0.017599266
996805,0.022727339
996806,0.010914522
996807,0.010982738
996808,0.011274271
996809,0.027684497
996810,0.015940947
996811,0.013663258
996812,0.012544735
996813,0.018836167
996814,0.021549001
996815,0.018704044
996816,0.013704906
996817,0.013832721
996818,0.015822466
996819,0.017361231
996820,0.012626996
996821,0.012571716
996822,0.010824046
996823,0.0092901615
996824,0.011387006
996825,0.010940934
996826,0.019417079
996827,0.013648897
996828,0.014477539
996829,0.011105526
996830,0.010950425
996831,0.013558421
996832,0.016214527
996833,0.016653262
996834,0.020060126
996835,0.013396857
996836,0.018976189
996837,0.030903177
996838,0.010760139
996839,0.018799547
996840,0.019565716
996841,0.01135972
996842,0.011185949
996843,0.011468865
996844,0.01360725
996845,0.014047421
996846,0.015912943
996847,0.011190257
996848,0.021610754
996849,0.015969669
996850,0.016122617
996851,0.013511029
996852,0.02181612
996853,0.016177189
996854,0.012850414
996855,0.013112188
996856,0.010909496
996857,0.0027467581
996858,0.010964069
996859,0.014545036
996860,0.020269804
996861,0.015152516
996862,0.011960018
996863,0.015843291
996864,0.01325899
996865,0.022647513
996866,0.018742101
996867,0.01372573
996868,0.016237507
996869,0.011022232
996870,0.016532628
996871,0.010997099
996872,0.011095474
996873,0.010905188
996874,0.02195904
996875,0.0087781828
996876,0.013740091
996877,0.018640136
996878,0.011328125
996879,0.015820313
996880,0.038947612
996881,0.019025736
996882,0.015728401
996883,0.01384421
996884,0.011040901
996885,0.018224336
996886,0.011353257
996887,0.014183134
996888,0.01342558
996889,0.018491497
996890,0.013830567
996891,0.014677519
996892,0.033870921
996893,0.011224724
996894,0.011036593
996895,0.012281709
996896,0.014202522
996897,0.01103372
996898,0.013653924
996899,0.013763787
996900,0.012646484
996901,0.016153492
996902,0.013947611
996903,0.010942526
996904,0.026686724
996905,0.013593607
996906,0.019117648
996907,0.013884421
996908,0.012163995
996909,0.016327981
996910,0.01086354
996911,0.02035941
996912,0.011294376
996913,0.030172909
996914,0.011782657
996915,0.013638844
996916,0.010962632
996917,0.020128677
996918,0.027508589
996919,0.013570628
996920,0.010811121
996921,0.013893756
996922,0.012522978
996923,0.016561352
996924,0.0138478
996925,0.013938993
996926,0.01628777
996927,0.013541906
996928,0.016118309
996929,0.013816205
996930,0.013836311
996931,0.013674029
996932,0.013434197
996933,0.020945111
996934,0.015050552
996935,0.018556843
996936,0.016282743
996937,0.016512522
996938,0.011555032
996939,0.01368839
996940,0.01613267
996941,0.013638844
996942,0.022783129
996943,0.011294376
996944,0.013547651
996945,0.013579963
996946,0.011024386
996947,0.017049633
996948,0.010875029
996949,0.010788144
996950,0.022894271
996951,0.011502613
996952,0.016197294
996953,0.013936121
996954,0.013568474
996955,0.016238224
996956,0.013648897
996957,0.013561293
996958,0.010917394
996959,0.018788056
996960,0.014286535
996961,0.016524011
996962,0.014865479
996963,0.010893698
996964,0.010988482
996965,0.0020244634
996966,0.010732853
996967,0.011304429
996968,0.019999083
996969,0.022762522
996970,0.011033002
996971,0.018844783
996972,0.016330853
996973,0.016978545
996974,0.013572782
996975,0.017290901
996976,0.017836457
996977,0.011515609
996978,0.014101993
996979,0.012599186
996980,0.010921703
996981,0.01613267
996982,0.011140712
996983,0.0109375
996984,0.011280733
996985,0.01349954
996986,0.016325828
996987,0.015793025
996988,0.011500459
996989,0.010983456
996990,0.016153492
996991,0.010917394
996992,0.015926585
996993,0.013755888
996994,0.014042394
996995,0.013316435
996996,0.023354204
996997,0.012642176
996998,0.015566612
996999,0.013200827
997000,0.010934628
997001,0.017618336
997002,0.010747932
997003,0.011065315
997004,0.013676901
997005,0.010561954
997006,0.022012867
997007,0.010727827
997008,0.026148897
997009,0.022933422
997010,0.014797794
997011,0.010416188
997012,0.012879854
997013,0.01630285
997014,0.012713264
997015,0.025116326
997016,0.011009306
997017,0.016521139
997018,0.013376034
997019,0.018876379
997020,0.013302792
997021,0.017658548
997022,0.021370921
997023,0.010920985
997024,0.01349954
997025,0.013759478
997026,0.012610301
997027,0.011558228
997028,0.013685518
997029,0.014876721
997030,0.01087072
997031,0.018267464
997032,0.01640984
997033,0.013913143
997034,0.013935403
997035,0.011038029
997036,0.013974897
997037,0.01063017
997038,0.013350902
997039,0.016534783
997040,0.010912368
997041,0.013568474
997042,0.018784467
997043,0.017430922
997044,0.011226879
997045,0.020553051
997046,0.013596479
997047,0.018961109
997048,0.016211655
997049,0.016061582
997050,0.016151339
997051,0.01016637
997052,0.011575856
997053,0.011156509
997054,0.016010599
997055,0.010994945
997056,0.018663833
997057,0.013894474
997058,0.011190257
997059,0.013628073
997060,0.011597398
997061,0.010981302
997062,0.019118365
997063,0.013938993
997064,0.015441176
997065,0.016648954
997066,0.011376953
997067,0.016338034
997068,0.011561168
997069,0.011532772
997070,0.020253727
997071,0.011216108
997072,0.010037498
997073,0.014005773
997074,0.013699879
997075,0.016061582
997076,0.016208066
997077,0.016692756
997078,0.016134823
997079,0.013901655
997080,0.016462259
997081,0.018393843
997082,0.01067828
997083,0.013893756
997084,0.011770451
997085,0.010915958
997086,0.013525391
997087,0.011221134
997088,0.01394402
997089,0.01171875
997090,0.018045582
997091,0.012007411
997092,0.013803998
997093,0.013708496
997094,0.013752297
997095,0.013737218
997096,0.019020708
997097,0.012179436
997098,0.010636632
997099,0.026798742
997100,0.012247961
997101,0.01655848
997102,0.011767578
997103,0.013855699
997104,0.010885799
997105,0.0109375
997106,0.012163229
997107,0.013786765
997108,0.01106316
997109,0.011415728
997110,0.013468664
997111,0.011345359
997112,0.015110808
997113,0.015900735
997114,0.01036254
997115,0.019106159
997116,0.017643342
997117,0.018445542
997118,0.011787684
997119,0.01103013
997120,0.011896829
997121,0.021722771
997122,0.011697209
997123,0.016506061
997124,0.012539493
997125,0.013709933
997126,0.011221134
997127,0.010848461
997128,0.013663258
997129,0.01773897
997130,0.019670842
997131,0.013666131
997132,0.014374139
997133,0.013780302
997134,0.010282151
997135,0.017091287
997136,0.011245548
997137,0.013545496
997138,0.010986328
997139,0.0109375
997140,0.014096967
997141,0.016381836
997142,0.010938936
997143,0.011114143
997144,0.017960332
997145,0.016204474
997146,0.025236242
997147,0.010722082
997148,0.017539086
997149,0.016084559
997150,0.015927531
997151,0.013643871
997152,0.011094037
997153,0.022130629
997154,0.014834415
997155,0.013919606
997156,0.016440718
997157,0.013706342
997158,0.018721277
997159,0.011040901
997160,0.018910846
997161,0.013786765
997162,0.010868566
997163,0.014073989
997164,0.010983456
997165,0.01348877
997166,0.011622529
997167,0.01662454
997168,0.011229751
997169,0.010945398
997170,0.017827338
997171,0.016243251
997172,0.01348877
997173,0.015312644
997174,0.016667625
997175,0.013490206
997176,0.011088293
997177,0.013648897
997178,0.01651755
997179,0.012749885
997180,0.011097628
997181,0.011262782
997182,0.01737313
997183,0.015606331
997184,0.013961254
997185,0.039005056
997186,0.010923857
997187,0.010890826
997188,0.018927362
997189,0.012999669
997190,0.013415528
997191,0.013824822
997192,0.010687543
997193,0.011165843
997194,0.012527476
997195,0.013238166
997196,0.012892779
997197,0.014141909
997198,0.024073701
997199,0.010915958
997200,0.014756338
997201,0.011313045
997202,0.011849861
997203,0.012547392
997204,0.034739058
997205,0.019378779
997206,0.015887093
997207,0.010995663
997208,0.013872214
997209,0.011397059
997210,0.026462769
997211,0.01372932
997212,0.012431066
997213,0.0025870057
997214,0.011586627
997215,0.011216826
997216,0.016796876
997217,0.013711369
997218,0.012472713
997219,0.010976993
997220,0.013039899
997221,0.014085478
997222,0.01101505
997223,0.019039609
997224,0.013373162
997225,0.012677616
997226,0.016352395
997227,0.011135684
997228,0.011201747
997229,0.014009364
997230,0.0293098
997231,0.01484375
997232,0.012526568
997233,0.01103013
997234,0.013839901
997235,0.010350076
997236,0.013663976
997237,0.013595043
997238,0.015891485
997239,0.024449248
997240,0.020283522
997241,0.010946116
997242,0.011227597
997243,0.016130514
997244,0.013686236
997245,0.010686179
997246,0.010653148
997247,0.010038225
997248,0.013488051
997249,0.011064596
997250,0.01786397
997251,0.012373636
997252,0.016398352
997253,0.016966501
997254,0.013006951
997255,0.013350902
997256,0.019320859
997257,0.019960299
997258,0.016355986
997259,0.013685518
997260,0.010681152
997261,0.015376319
997262,0.013735782
997263,0.013138887
997264,0.010829072
997265,0.01267179
997266,0.011060288
997267,0.025308879
997268,0.010991354
997269,0.01631362
997270,0.016101792
997271,0.016264074
997272,0.013554113
997273,0.010262695
997274,0.013264734
997275,0.012862956
997276,0.013867187
997277,0.011058134
997278,0.013327206
997279,0.019149734
997280,0.016348805
997281,0.019004911
997282,0.011209645
997283,0.023782169
997284,0.011527746
997285,0.012228573
997286,0.012955968
997287,0.010045536
997288,0.010913086
997289,0.011463839
997290,0.015788333
997291,0.012373622
997292,0.01361443
997293,0.023839613
997294,0.027881356
997295,0.021891516
997296,0.010771628
997297,0.015827494
997298,0.013652488
997299,0.010838408
997300,0.010876465
997301,0.015844727
997302,0.015157698
997303,0.013625919
997304,0.0025047448
997305,0.016986804
997306,0.013032083
997307,0.011137838
997308,0.011679256
997309,0.013697725
997310,0.01598762
997311,0.012607934
997312,0.026826061
997313,0.011602424
997314,0.014681469
997315,0.013297766
997316,0.015350701
997317,0.019990809
997318,0.014960469
997319,0.0092291208
997320,0.011073931
997321,0.018541763
997322,0.0029801847
997323,0.018405331
997324,0.010954733
997325,0.013763787
997326,0.024376005
997327,0.012400464
997328,0.01844346
997329,0.023089776
997330,0.012447582
997331,0.030257206
997332,0.016202321
997333,0.010931037
997334,0.016234633
997335,0.012442555
997336,0.012580423
997337,0.012343836
997338,0.01812385
997339,0.01372932
997340,0.0111005
997341,0.010903751
997342,0.011430807
997343,0.011010742
997344,0.018319437
997345,0.010276237
997346,0.013496668
997347,0.018658089
997348,0.011653719
997349,0.01608384
997350,0.011254882
997351,0.02060752
997352,0.01330351
997353,0.013138517
997354,0.0149475
997355,0.010808967
997356,0.016485956
997357,0.011014332
997358,0.011040901
997359,0.014886149
997360,0.012232524
997361,0.019206686
997362,0.018764729
997363,0.008679091
997364,0.025167439
997365,0.02403708
997366,0.016452206
997367,0.011125632
997368,0.013880112
997369,0.019915283
997370,0.017196834
997371,0.010634982
997372,0.016468003
997373,0.016521139
997374,0.021897977
997375,0.013560575
997376,0.013494514
997377,0.020106504
997378,0.011323817
997379,0.018995577
997380,0.012819559
997381,0.021659581
997382,0.012316895
997383,0.011101936
997384,0.019036505
997385,0.013686236
997386,0.01284567
997387,0.02120864
997388,0.011231187
997389,0.01353329
997390,0.011906164
997391,0.012362851
997392,0.010984174
997393,0.01141501
997394,0.029504394
997395,0.011109835
997396,0.011668486
997397,0.021832079
997398,0.013995002
997399,0.013544778
997400,0.015882785
997401,0.013535444
997402,0.013786765
997403,0.011086857
997404,0.014009364
997405,0.01138557
997406,0.011537081
997407,0.011063878
997408,0.013396139
997409,0.011198874
997410,0.010852051
997411,0.016406249
997412,0.010422964
997413,0.019623162
997414,0.023079619
997415,0.02437098
997416,0.016251868
997417,0.013707778
997418,0.011799172
997419,0.013131893
997420,0.010769473
997421,0.010732135
997422,0.014501235
997423,0.011155791
997424,0.016455796
997425,0.014190314
997426,0.011029412
997427,0.021872127
997428,0.02388557
997429,0.010945398
997430,0.013602223
997431,0.011305147
997432,0.01074865
997433,0.012729069
997434,0.015332749
997435,0.012757784
997436,0.013488051
997437,0.009904786
997438,0.01127068
997439,0.010928883
997440,0.020946547
997441,0.011224724
997442,0.013554113
997443,0.0149292
997444,0.011135684
997445,0.013656078
997446,0.012659194
997447,0.015659466
997448,0.011009306
997449,0.011010024
997450,0.014312385
997451,0.01368839
997452,0.011188821
997453,0.011040901
997454,0.015418199
997455,0.011145738
997456,0.012660845
997457,0.017985266
997458,0.018788056
997459,0.011056698
997460,0.013378188
997461,0.010809685
997462,0.01513241
997463,0.012339154
997464,0.012611831
997465,0.017044907
997466,0.013674029
997467,0.015970387
997468,0.012253705
997469,0.013350184
997470,0.011695772
997471,0.024682617
997472,0.011561494
997473,0.015159838
997474,0.011144302
997475,0.013795381
997476,0.01070772
997477,0.011184513
997478,0.010740751
997479,0.013857135
997480,0.01113353
997481,0.013859289
997482,0.018972598
997483,0.011077521
997484,0.024235265
997485,0.020001052
997486,0.0092781857
997487,0.016516831
997488,0.013295611
997489,0.011392033
997490,0.013625919
997491,0.011707979
997492,0.015949564
997493,0.013639562
997494,0.024213005
997495,0.010816148
997496,0.01759501
997497,0.013517492
997498,0.013320025
997499,0.016782513
997500,0.016493136
997501,0.012706135
997502,0.012723316
997503,0.019327741
997504,0.013717831
997505,0.012650792
997506,0.016511086
997507,0.01113353
997508,0.013748674
997509,0.0025585124
997510,0.014921549
997511,0.013591453
997512,0.011731675
997513,0.011315918
997514,0.011570112
997515,0.010776655
997516,0.01594869
997517,0.02151238
997518,0.013637408
997519,0.016877297
997520,0.016625976
997521,0.026282456
997522,0.018879969
997523,0.010811121
997524,0.010868566
997525,0.016147748
997526,0.018941723
997527,0.02479922
997528,0.016594382
997529,0.016353114
997530,0.011033002
997531,0.011186667
997532,0.013269761
997533,0.0043669385
997534,0.022261938
997535,0.011615349
997536,0.010980584
997537,0.010845589
997538,0.013809742
997539,0.013465074
997540,0.011539235
997541,0.012152104
997542,0.0126034
997543,0.020281624
997544,0.010884363
997545,0.016709272
997546,0.013375316
997547,0.011560776
997548,0.013779584
997549,0.010868566
997550,0.010900161
997551,0.011420037
997552,0.011640482
997553,0.014084041
997554,0.013832721
997555,0.034359921
997556,0.011515539
997557,0.011063878
997558,0.010684025
997559,0.012091423
997560,0.013809742
997561,0.010980584
997562,0.01609892
997563,0.014179544
997564,0.011984782
997565,0.013180004
997566,0.010681571
997567,0.013786765
997568,0.026871266
997569,0.016238224
997570,0.013556207
997571,0.018011115
997572,0.012705917
997573,0.017046042
997574,0.011154355
997575,0.010903033
997576,0.01661736
997577,0.012212776
997578,0.011157227
997579,0.010836254
997580,0.01237793
997581,0.016177908
997582,0.010765165
997583,0.029307647
997584,0.013628791
997585,0.015005314
997586,0.013776712
997587,0.011471019
997588,0.013903091
997589,0.013786765
997590,0.011669204
997591,0.01112994
997592,0.0097091999
997593,0.024113195
997594,0.014659926
997595,0.013732192
997596,0.015189536
997597,0.013568474
997598,0.012068414
997599,0.021924546
997600,0.014326747
997601,0.019006347
997602,0.019358758
997603,0.020302447
997604,0.010294118
997605,0.010179732
997606,0.011650534
997607,0.010898007
997608,0.011868824
997609,0.013740809
997610,0.014073989
997611,0.013006658
997612,0.010808249
997613,0.011040183
997614,0.010943244
997615,0.013661104
997616,0.011211799
997617,0.01335521
997618,0.010926729
997619,0.013407629
997620,0.010983456
997621,0.011121323
997622,0.011474609
997623,0.021564798
997624,0.01650965
997625,0.011276425
997626,0.012204929
997627,0.012787225
997628,0.015915096
997629,0.010833381
997630,0.0095951948
997631,0.014391372
997632,0.011423627
997633,0.012536667
997634,0.010790298
997635,0.0031940162
997636,0.01361443
997637,0.016340906
997638,0.011127786
997639,0.0127664
997640,0.039119944
997641,0.010960478
997642,0.013193646
997643,0.010373629
997644,0.016674805
997645,0.016262637
997646,0.011315463
997647,0.015999828
997648,0.015981158
997649,0.02849911
997650,0.010886517
997651,0.012056239
997652,0.011041619
997653,0.011240521
997654,0.011173742
997655,0.01625474
997656,0.016897604
997657,0.034733314
997658,0.01649888
997659,0.010765883
997660,0.013592889
997661,0.012594764
997662,0.013364545
997663,0.010882927
997664,0.018345013
997665,0.019577205
997666,0.013821949
997667,0.01335521
997668,0.010858513
997669,0.011139276
997670,0.01517693
997671,0.010982738
997672,0.015498621
997673,0.010999253
997674,0.021245979
997675,0.016349522
997676,0.010915958
997677,0.011328843
997678,0.012811638
997679,0.011402085
997680,0.011194565
997681,0.012350643
997682,0.014338235
997683,0.010926011
997684,0.011054544
997685,0.010868566
997686,0.016289206
997687,0.013195801
997688,0.011470301
997689,0.0093460595
997690,0.016524011
997691,0.011089729
997692,0.0108341
997693,0.012212776
997694,0.013270479
997695,0.017454797
997696,0.010324317
997697,0.017021628
997698,0.020266544
997699,0.016429229
997700,0.013143382
997701,0.010880055
997702,0.013522519
997703,0.013671875
997704,0.010198353
997705,0.010891544
997706,0.010976275
997707,0.013660386
997708,0.015357316
997709,0.012702493
997710,0.016006291
997711,0.013855699
997712,0.019598749
997713,0.02269659
997714,0.011047363
997715,0.015977567
997716,0.013200827
997717,0.016006291
997718,0.010755112
997719,0.013404039
997720,0.012336206
997721,0.011160817
997722,0.019140625
997723,0.01110409
997724,0.021457806
997725,0.010524615
997726,0.02115263
997727,0.010976275
997728,0.013558421
997729,0.011146456
997730,0.013719267
997731,0.010945398
997732,0.016321519
997733,0.020622702
997734,0.018739948
997735,0.017676421
997736,0.013757324
997737,0.012580423
997738,0.013932531
997739,0.011147174
997740,0.010892262
997741,0.010905188
997742,0.010696231
997743,0.013306382
997744,0.011501422
997745,0.025456602
997746,0.011003561
997747,0.013968434
997748,0.019669117
997749,0.011918371
997750,0.020443682
997751,0.013845646
997752,0.011035874
997753,0.019002758
997754,0.013397576
997755,0.015174922
997756,0.012608089
997757,0.0097924899
997758,0.011910598
997759,0.011083267
997760,0.021407543
997761,0.014085478
997762,0.011623966
997763,0.023759192
997764,0.019830385
997765,0.010914522
997766,0.010868566
997767,0.019071691
997768,0.013430607
997769,0.016144875
997770,0.013571346
997771,0.015981158
997772,0.01114143
997773,0.013717831
997774,0.013219497
997775,0.014888847
997776,0.023125423
997777,0.031843118
997778,0.010880055
997779,0.013972742
997780,0.011099064
997781,0.023592601
997782,0.011213236
997783,0.016832059
997784,0.015694652
997785,0.010875747
997786,0.010717056
997787,0.026095042
997788,0.010994945
997789,0.016660443
997790,0.01349236
997791,0.020221183
997792,0.010879337
997793,0.01365536
997794,0.011502613
997795,0.013565602
997796,0.016475184
997797,0.011024386
997798,0.011480354
997799,0.010686179
997800,0.016446462
997801,0.011999512
997802,0.03270461
997803,0.013373162
997804,0.010695513
997805,0.013994284
997806,0.016449334
997807,0.016367475
997808,0.016480928
997809,0.01281092
997810,0.013279384
997811,0.013695571
997812,0.014877075
997813,0.01060432
997814,0.011316636
997815,0.024210133
997816,0.016022805
997817,0.013522519
997818,0.011761116
997819,0.010860668
997820,0.010936782
997821,0.0030705046
997822,0.030063763
997823,0.013577809
997824,0.022809196
997825,0.010898007
997826,0.010995663
997827,0.021768114
997828,0.011336024
997829,0.013570628
997830,0.017349781
997831,0.021348661
997832,0.010765165
997833,0.010964787
997834,0.013832721
997835,0.016199449
997836,0.013913861
997837,0.012768073
997838,0.025784122
997839,0.013766659
997840,0.02304095
997841,0.01428079
997842,0.0109892
997843,0.03559427
997844,0.013269761
997845,0.027944593
997846,0.012281868
997847,0.031752642
997848,0.013456456
997849,0.011003561
997850,0.01410702
997851,0.017244944
997852,0.013235294
997853,0.014418658
997854,0.012191234
997855,0.020370595
997856,0.010880773
997857,0.011317354
997858,0.013694853
997859,0.011415728
997860,0.013528981
997861,0.016332289
997862,0.01384421
997863,0.010994945
997864,0.0108341
997865,0.010974839
997866,0.011295812
997867,0.034283087
997868,0.015218742
997869,0.010776655
997870,0.01870548
997871,0.013904789
997872,0.010850615
997873,0.011581601
997874,0.012954825
997875,0.010803941
997876,0.012023926
997877,0.022857307
997878,0.014089786
997879,0.010961196
997880,0.013375316
997881,0.014888791
997882,0.011278579
997883,0.010881491
997884,0.02232307
997885,0.018689021
997886,0.0125
997887,0.010067236
997888,0.013603659
997889,0.018154791
997890,0.013681928
997891,0.01884263
997892,0.014602481
997893,0.011520565
997894,0.020384992
997895,0.011562212
997896,0.011432244
997897,0.018762207
997898,0.016442154
997899,0.011048799
997900,0.010046805
997901,0.019117648
997902,0.013595761
997903,0.016506061
997904,0.021231618
997905,0.013074448
997906,0.010660351
997907,0.018745692
997908,0.016485237
997909,0.011394187
997910,0.016422048
997911,0.013648897
997912,0.018795956
997913,0.013297047
997914,0.01160745
997915,0.01882037
997916,0.014007209
997917,0.010965505
997918,0.010433431
997919,0.01912052
997920,0.013930377
997921,0.011004279
997922,0.011083267
997923,0.010742188
997924,0.010975557
997925,0.016142003
997926,0.010973403
997927,0.03897059
997928,0.012237119
997929,0.011328125
997930,0.02681095
997931,0.014047421
997932,0.03215763
997933,0.01903866
997934,0.013871496
997935,0.010197892
997936,0.023361953
997937,0.016674086
997938,0.014376293
997939,0.011149328
997940,0.012352898
997941,0.013677619
997942,0.013702752
997943,0.01358499
997944,0.011112707
997945,0.011227597
997946,0.013781738
997947,0.016256893
997948,0.013346594
997949,0.03177993
997950,0.018752873
997951,0.013608686
997952,0.010790298
997953,0.013638126
997954,0.011274271
997955,0.022757478
997956,0.013728602
997957,0.01361443
997958,0.013535444
997959,0.010880055
997960,0.011035874
997961,0.021284036
997962,0.013457892
997963,0.015607767
997964,0.012518669
997965,0.018689683
997966,0.001934147
997967,0.016177908
997968,0.021462834
997969,0.012289373
997970,0.016058709
997971,0.018848374
997972,0.011386288
997973,0.01144086
997974,0.014056037
997975,0.020618558
997976,0.011158663
997977,0.016238943
997978,0.010069109
997979,0.018485753
997980,0.010920267
997981,0.018886432
997982,0.014102711
997983,0.018628648
997984,0.011157945
997985,0.011213236
997986,0.023084067
997987,0.013488051
997988,0.011064596
997989,0.011351103
997990,0.013557703
997991,0.01160386
997992,0.012580924
997993,0.011193129
997994,0.013924632
997995,0.011359002
997996,0.012764246
997997,0.013913143
997998,0.01110409
997999,0.010774501
998000,0.011201747
998001,0.027345905
998002,0.013686954
998003,0.02665513
998004,0.011282169
998005,0.013392549
998006,0.021369485
998007,0.013490206
998008,0.012054084
998009,0.011017923
998010,0.012479218
998011,0.012181181
998012,0.011091883
998013,0.011169434
998014,0.014930434
998015,0.013778866
998016,0.011557907
998017,0.011307301
998018,0.013691262
998019,0.011362592
998020,0.014154412
998021,0.010974839
998022,0.013696289
998023,0.009382844
998024,0.013227396
998025,0.011115579
998026,0.015981158
998027,0.021646656
998028,0.022535617
998029,0.010954015
998030,0.011058134
998031,0.013275506
998032,0.010840562
998033,0.023846822
998034,0.011114861
998035,0.01158073
998036,0.011329561
998037,0.026718318
998038,0.020138919
998039,0.015984748
998040,0.013646743
998041,0.016432818
998042,0.010931037
998043,0.013592889
998044,0.0099115018
998045,0.011883186
998046,0.024218749
998047,0.013632381
998048,0.022605985
998049,0.010948989
998050,0.011229033
998051,0.012898639
998052,0.01382554
998053,0.013830567
998054,0.01105239
998055,0.013353056
998056,0.010224174
998057,0.011037311
998058,0.014397116
998059,0.024050724
998060,0.0057212277
998061,0.013766659
998062,0.010780245
998063,0.011150764
998064,0.030329673
998065,0.016176471
998066,0.013795381
998067,0.011050954
998068,0.014214729
998069,0.013968434
998070,0.01803194
998071,0.018715532
998072,0.013149844
998073,0.0099127702
998074,0.010684025
998075,0.016085995
998076,0.013234576
998077,0.016086712
998078,0.016615923
998079,0.013694853
998080,0.019106159
998081,0.011420037
998082,0.013982077
998083,0.013173541
998084,0.011376235
998085,0.015938792
998086,0.011074649
998087,0.012362133
998088,0.011142148
998089,0.010150013
998090,0.012795841
998091,0.010794606
998092,0.012324793
998093,0.013913143
998094,0.011310173
998095,0.013704188
998096,0.012665743
998097,0.010699104
998098,0.01125201
998099,0.01127068
998100,0.015142636
998101,0.026528032
998102,0.013475845
998103,0.013683364
998104,0.015406709
998105,0.035753366
998106,0.011477393
998107,0.013486615
998108,0.01110409
998109,0.022245519
998110,0.014113482
998111,0.014793485
998112,0.013706342
998113,0.018979779
998114,0.013475845
998115,0.015774356
998116,0.013662174
998117,0.0140625
998118,0.016143439
998119,0.017756784
998120,0.012500618
998121,0.013666131
998122,0.019902539
998123,0.016401941
998124,0.013033321
998125,0.019112621
998126,0.013545496
998127,0.018020451
998128,0.010966223
998129,0.015421071
998130,0.011514821
998131,0.011155791
998132,0.010949707
998133,0.01626192
998134,0.019676045
998135,0.011034438
998136,0.013429889
998137,0.01101146
998138,0.019358916
998139,0.015820313
998140,0.020379974
998141,0.01070772
998142,0.01101505
998143,0.015293256
998144,0.013146769
998145,0.015926288
998146,0.013453584
998147,0.013545496
998148,0.01118164
998149,0.020170912
998150,0.011893239
998151,0.024998564
998152,0.021151194
998153,0.019406307
998154,0.011868106
998155,0.017210478
998156,0.018887868
998157,0.011273553
998158,0.016340906
998159,0.0023441401
998160,0.012534467
998161,0.013370289
998162,0.026640769
998163,0.021439856
998164,0.013070858
998165,0.013430607
998166,0.0021309212
998167,0.024697697
998168,0.013785329
998169,0.013449276
998170,0.013308536
998171,0.013121122
998172,0.010816866
998173,0.01303711
998174,0.013832721
998175,0.014711627
998176,0.010918112
998177,0.01333295
998178,0.022081785
998179,0.016222427
998180,0.012654009
998181,0.021668917
998182,0.02164522
998183,0.0038705429
998184,0.010706284
998185,0.011379107
998186,0.010038874
998187,0.023939425
998188,0.016301414
998189,0.02155331
998190,0.011188103
998191,0.020107852
998192,0.020259496
998193,0.026803769
998194,0.0109375
998195,0.016471008
998196,0.011091165
998197,0.013970588
998198,0.016320083
998199,0.016831107
998200,0.010917394
998201,0.01495864
998202,0.01356991
998203,0.018772978
998204,0.014607515
998205,0.003788739
998206,0.0019390266
998207,0.016233915
998208,0.012419577
998209,0.01330351
998210,0.014127125
998211,0.010864976
998212,0.018729176
998213,0.019032197
998214,0.010952579
998215,0.018608542
998216,0.010753676
998217,0.010936064
998218,0.010976993
998219,0.01175968
998220,0.015831802
998221,0.025482608
998222,0.010265592
998223,0.011575856
998224,0.0098941186
998225,0.028902659
998226,0.010888672
998227,0.013832003
998228,0.011786966
998229,0.016473029
998230,0.011640482
998231,0.015463896
998232,0.013570628
998233,0.015107128
998234,0.011213236
998235,0.015721938
998236,0.013005929
998237,0.016015625
998238,0.024116067
998239,0.011027258
998240,0.022931442
998241,0.011776195
998242,0.013585708
998243,0.023058003
998244,0.011506204
998245,0.010037928
998246,0.011157945
998247,0.013401885
998248,0.013628791
998249,0.0024636118
998250,0.020180529
998251,0.014511568
998252,0.015561188
998253,0.013419836
998254,0.010854205
998255,0.01349954
998256,0.011053108
998257,0.013684082
998258,0.017560238
998259,0.013522687
998260,0.023265166
998261,0.014089068
998262,0.010913804
998263,0.012483485
998264,0.013589446
998265,0.009570349
998266,0.010949707
998267,0.016245404
998268,0.013959818
998269,0.010709156
998270,0.021257032
998271,0.01647662
998272,0.010596422
998273,0.016712861
998274,0.016134106
998275,0.014006491
998276,0.011029412
998277,0.01090447
998278,0.020036725
998279,0.013327924
998280,0.014177389
998281,0.010467963
998282,0.016659006
998283,0.013584272
998284,0.021794578
998285,0.012252987
998286,0.010966223
998287,0.011286478
998288,0.012255142
998289,0.016638245
998290,0.034503534
998291,0.011425063
998292,0.01314056
998293,0.018840475
998294,0.011362592
998295,0.013652488
998296,0.0099705886
998297,0.011954992
998298,0.018993422
998299,0.014677966
998300,0.013759478
998301,0.010996381
998302,0.011038747
998303,0.014341108
998304,0.034461886
998305,0.017791152
998306,0.010946834
998307,0.011006434
998308,0.0139591
998309,0.02232307
998310,0.010964069
998311,0.020716768
998312,0.011033002
998313,0.010975557
998314,0.013844928
998315,0.01084487
998316,0.016293515
998317,0.021587776
998318,0.010893698
998319,0.0086671989
998320,0.0135735
998321,0.013633099
998322,0.011201029
998323,0.011310173
998324,0.01384421
998325,0.021559771
998326,0.013651052
998327,0.01908318
998328,0.013653206
998329,0.013591453
998330,0.010857077
998331,0.011043055
998332,0.010838408
998333,0.013601505
998334,0.016587202
998335,0.022554286
998336,0.026690315
998337,0.021139706
998338,0.021473603
998339,0.020993106
998340,0.01103013
998341,0.011595962
998342,0.016396197
998343,0.01114502
998344,0.010657457
998345,0.012741269
998346,0.015992647
998347,0.012037569
998348,0.02365938
998349,0.012440128
998350,0.012986127
998351,0.021778779
998352,0.016385427
998353,0.011259191
998354,0.013694853
998355,0.021117445
998356,0.013760196
998357,0.012876828
998358,0.012012437
998359,0.016029986
998360,0.016037166
998361,0.011208209
998362,0.013373164
998363,0.011043773
998364,0.024454992
998365,0.018441234
998366,0.020693073
998367,0.016316492
998368,0.013599351
998369,0.011752499
998370,0.013780302
998371,0.013629509
998372,0.015361617
998373,0.015912224
998374,0.015267268
998375,0.011082549
998376,0.011536363
998377,0.010186954
998378,0.016809801
998379,0.00191377
998380,0.01072639
998381,0.01174819
998382,0.015337998
998383,0.024345128
998384,0.026750632
998385,0.012764964
998386,0.011389879
998387,0.011432962
998388,0.011143584
998389,0.016130514
998390,0.011454504
998391,0.011848001
998392,0.010914522
998393,0.011397059
998394,0.014231244
998395,0.016383272
998396,0.019277057
998397,0.010895135
998398,0.010964787
998399,0.014005568
998400,0.013725012
998401,0.011086857
998402,0.010485467
998403,0.013530417
998404,0.012617044
998405,0.01896829
998406,0.013919606
998407,0.010557227
998408,0.014956745
998409,0.012148048
998410,0.010885081
998411,0.011543543
998412,0.012264476
998413,0.011293658
998414,0.011049517
998415,0.010699104
998416,0.010357691
998417,0.01361802
998418,0.012235753
998419,0.013314281
998420,0.022494854
998421,0.01082261
998422,0.010973403
998423,0.018994858
998424,0.016310031
998425,0.013143382
998426,0.013603659
998427,0.011364746
998428,0.019011375
998429,0.01337388
998430,0.011118451
998431,0.021564798
998432,0.0025115502
998433,0.013256836
998434,0.017176012
998435,0.016210219
998436,0.013241757
998437,0.011389879
998438,0.01048067
998439,0.01133107
998440,0.013486615
998441,0.013649615
998442,0.011202465
998443,0.011109835
998444,0.01238511
998445,0.010673254
998446,0.013686236
998447,0.021507353
998448,0.024149816
998449,0.011351103
998450,0.01114861
998451,0.013678337
998452,0.013591453
998453,0.017290924
998454,0.011065315
998455,0.013756606
998456,0.018324908
998457,0.016805492
998458,0.01384421
998459,0.011345359
998460,0.012519687
998461,0.011511949
998462,0.013821231
998463,0.013042854
998464,0.013913143
998465,0.011043055
998466,0.013855699
998467,0.010870002
998468,0.010605038
998469,0.011329561
998470,0.010794606
998471,0.011157227
998472,0.015131573
998473,0.020071164
998474,0.01354047
998475,0.010919549
998476,0.011086139
998477,0.013798254
998478,0.016308594
998479,0.013938275
998480,0.013660386
998481,0.013294893
998482,0.023867618
998483,0.011173742
998484,0.01339973
998485,0.016274126
998486,0.010849179
998487,0.022939883
998488,0.016414149
998489,0.013585708
998490,0.013534008
998491,0.0111522
998492,0.025636699
998493,0.013637408
998494,0.010983456
998495,0.012516875
998496,0.011157945
998497,0.019091079
998498,0.010971967
998499,0.017675404
998500,0.015993504
998501,0.013568474
998502,0.0097316485
998503,0.011221852
998504,0.0111522
998505,0.010576315
998506,0.039226219
998507,0.01396269
998508,0.010864258
998509,0.010755112
998510,0.0116929
998511,0.016269101
998512,0.011205337
998513,0.026621381
998514,0.011149328
998515,0.016269818
998516,0.013333668
998517,0.021787396
998518,0.010981302
998519,0.010835536
998520,0.011178768
998521,0.015955308
998522,0.038748708
998523,0.01187457
998524,0.011776195
998525,0.017359834
998526,0.01363669
998527,0.021304861
998528,0.010957606
998529,0.010658175
998530,0.027151309
998531,0.011506204
998532,0.014626178
998533,0.016631003
998534,0.013457892
998535,0.011316636
998536,0.014769072
998537,0.012209981
998538,0.013867187
998539,0.0038858645
998540,0.018831141
998541,0.016269101
998542,0.012379366
998543,0.016278435
998544,0.018843347
998545,0.016327981
998546,0.012267348
998547,0.01971299
998548,0.01607307
998549,0.01125201
998550,0.013187902
998551,0.013432043
998552,0.010874311
998553,0.011481072
998554,0.010872874
998555,0.018974993
998556,0.013661751
998557,0.020514276
998558,0.017630428
998559,0.010960478
998560,0.011155791
998561,0.010955451
998562,0.013575654
998563,0.010964069
998564,0.015130974
998565,0.020751234
998566,0.014172363
998567,0.012616326
998568,0.014005055
998569,0.014410041
998570,0.01088939
998571,0.011209645
998572,0.012290464
998573,0.01059714
998574,0.01484016
998575,0.015935449
998576,0.011282887
998577,0.013500976
998578,0.018510168
998579,0.018092256
998580,0.01376235
998581,0.010927447
998582,0.010948271
998583,0.014631331
998584,0.011087575
998585,0.010679716
998586,0.010964069
998587,0.011056698
998588,0.010710387
998589,0.011723776
998590,0.013648897
998591,0.013656078
998592,0.014779842
998593,0.0062254849
998594,0.014647107
998595,0.01615062
998596,0.0112635
998597,0.0092317015
998598,0.011511949
998599,0.011213236
998600,0.010053076
998601,0.011219698
998602,0.013476563
998603,0.012547672
998604,0.014430147
998605,0.016755227
998606,0.013453584
998607,0.016778205
998608,0.010962632
998609,0.02031846
998610,0.010997817
998611,0.011257755
998612,0.012532405
998613,0.011162253
998614,0.013633817
998615,0.028778704
998616,0.018014707
998617,0.028435202
998618,0.01372932
998619,0.010945398
998620,0.011103372
998621,0.01334444
998622,0.013665413
998623,0.018485753
998624,0.013601505
998625,0.012683824
998626,0.013964844
998627,0.013405475
998628,0.010996381
998629,0.016790412
998630,0.011211081
998631,0.012235753
998632,0.013694853
998633,0.014246323
998634,0.01144876
998635,0.011046645
998636,0.013522519
998637,0.012926327
998638,0.019198069
998639,0.010813993
998640,0.011150764
998641,0.012200569
998642,0.011927705
998643,0.013660386
998644,0.011320226
998645,0.012995462
998646,0.015850471
998647,0.01361443
998648,0.016406249
998649,0.017217292
998650,0.011346795
998651,0.023506435
998652,0.013432043
998653,0.010918112
998654,0.013526109
998655,0.015258071
998656,0.018891457
998657,0.013648179
998658,0.018616442
998659,0.011422909
998660,0.01105957
998661,0.013637408
998662,0.029724121
998663,0.016360294
998664,0.02147145
998665,0.01938333
998666,0.020039678
998667,0.011500459
998668,0.020340301
998669,0.013632381
998670,0.012514958
998671,0.0032613541
998672,0.015209596
998673,0.013733628
998674,0.013592171
998675,0.013913143
998676,0.0032433954
998677,0.011066751
998678,0.011053826
998679,0.018947467
998680,0.012696749
998681,0.013437069
998682,0.016437126
998683,0.013488051
998684,0.011027258
998685,0.013709933
998686,0.011432962
998687,0.010238443
998688,0.015960334
998689,0.010621114
998690,0.013534008
998691,0.019266205
998692,0.01776653
998693,0.016393324
998694,0.017013012
998695,0.016282026
998696,0.021319222
998697,0.013672593
998698,0.014361213
998699,0.018036975
998700,0.014361213
998701,0.011042337
998702,0.011111271
998703,0.011042337
998704,0.010960478
998705,0.012056957
998706,0.018275362
998707,0.013870778
998708,0.024269732
998709,0.010816866
998710,0.01171875
998711,0.023736212
998712,0.016230324
998713,0.011098346
998714,0.011060288
998715,0.010945398
998716,0.011029412
998717,0.022986714
998718,0.010780963
998719,0.013112516
998720,0.018862018
998721,0.016164981
998722,0.027409812
998723,0.010757985
998724,0.011075367
998725,0.010698386
998726,0.016479492
998727,0.020936495
998728,0.010734289
998729,0.019030044
998730,0.019002758
998731,0.020120306
998732,0.016399788
998733,0.01650965
998734,0.015640797
998735,0.023088988
998736,0.016058709
998737,0.011053826
998738,0.019977879
998739,0.013480871
998740,0.016520422
998741,0.013628791
998742,0.012873913
998743,0.013694853
998744,0.011546415
998745,0.013642435
998746,0.012309714
998747,0.011178768
998748,0.019846875
998749,0.013294893
998750,0.013347312
998751,0.012319767
998752,0.010947553
998753,0.013468664
998754,0.018953623
998755,0.023586199
998756,0.0096966466
998757,0.013568474
998758,0.011335306
998759,0.010971967
998760,0.011236213
998761,0.014697984
998762,0.013569192
998763,0.01271829
998764,0.010546875
998765,0.010859231
998766,0.016604435
998767,0.010733571
998768,0.015986467
998769,0.013349466
998770,0.019004194
998771,0.011443014
998772,0.015734145
998773,0.013957663
998774,0.011081113
998775,0.011127786
998776,0.021895824
998777,0.01098561
998778,0.013615911
998779,0.018945312
998780,0.011328125
998781,0.015939059
998782,0.011154355
998783,0.013308536
998784,0.016220272
998785,0.011202465
998786,0.013407099
998787,0.011082549
998788,0.015900133
998789,0.013697725
998790,0.019106159
998791,0.022537358
998792,0.010193672
998793,0.010804659
998794,0.021357996
998795,0.011017923
998796,0.013790355
998797,0.011454504
998798,0.01058206
998799,0.018891457
998800,0.010432694
998801,0.011038029
998802,0.01114861
998803,0.013928941
998804,0.012751476
998805,0.021217542
998806,0.034061927
998807,0.01898337
998808,0.011621811
998809,0.010997099
998810,0.016440718
998811,0.010260279
998812,0.023862591
998813,0.015599205
998814,0.014131434
998815,0.012491384
998816,0.020819452
998817,0.019324448
998818,0.015909351
998819,0.011146456
998820,0.011066033
998821,0.019117648
998822,0.016142003
998823,0.014682905
998824,0.016241815
998825,0.016675523
998826,0.010914522
998827,0.013638126
998828,0.015261661
998829,0.013913143
998830,0.010973403
998831,0.013241757
998832,0.013927504
998833,0.018574076
998834,0.010951861
998835,0.015539551
998836,0.01343776
998837,0.016432101
998838,0.035974063
998839,0.012821691
998840,0.013648897
998841,0.019140625
998842,0.011025104
998843,0.013602941
998844,0.013409783
998845,0.015923712
998846,0.010577033
998847,0.010856359
998848,0.013436351
998849,0.019232538
998850,0.0019678636
998851,0.012816314
998852,0.011113425
998853,0.011048799
998854,0.019414924
998855,0.018915871
998856,0.011241958
998857,0.010806095
998858,0.01328125
998859,0.012151022
998860,0.013578527
998861,0.011557904
998862,0.011374081
998863,0.018003216
998864,0.013036392
998865,0.0109375
998866,0.01369198
998867,0.011216826
998868,0.016571872
998869,0.010757985
998870,0.011353975
998871,0.038857136
998872,0.016437845
998873,0.016419893
998874,0.011421473
998875,0.011702953
998876,0.0093640834
998877,0.01621381
998878,0.013043572
998879,0.011058134
998880,0.011217544
998881,0.018497244
998882,0.018925207
998883,0.014089068
998884,0.023366638
998885,0.012578272
998886,0.0136848
998887,0.011615349
998888,0.037505027
998889,0.01987296
998890,0.013235294
998891,0.014808479
998892,0.011040901
998893,0.010846307
998894,0.013393985
998895,0.010965505
998896,0.010987046
998897,0.013534008
998898,0.01229607
998899,0.017151967
998900,0.01623966
998901,0.012620634
998902,0.011444451
998903,0.013467228
998904,0.010987046
998905,0.012327665
998906,0.010881491
998907,0.013719985
998908,0.011374081
998909,0.0076790173
998910,0.011017205
998911,0.013456456
998912,0.011244112
998913,0.010081879
998914,0.011082549
998915,0.012441796
998916,0.012886317
998917,0.019119084
998918,0.0109375
998919,0.018711943
998920,0.011707979
998921,0.013569192
998922,0.018272046
998923,0.013676183
998924,0.0050176363
998925,0.013397576
998926,0.018757898
998927,0.011014332
998928,0.026579015
998929,0.011374081
998930,0.013816923
998931,0.011070341
998932,0.010918831
998933,0.013786765
998934,0.011256319
998935,0.013591453
998936,0.020000862
998937,0.010753676
998938,0.010999253
998939,0.0098957429
998940,0.010926011
998941,0.015732709
998942,0.014615406
998943,0.011075367
998944,0.011094755
998945,0.011323099
998946,0.026980726
998947,0.019660501
998948,0.011147892
998949,0.0193941
998950,0.013856985
998951,0.013797536
998952,0.021169864
998953,0.020515472
998954,0.015035472
998955,0.011045927
998956,0.013603659
998957,0.01620663
998958,0.010836254
998959,0.016173597
998960,0.017504165
998961,0.016159236
998962,0.027090993
998963,0.010203067
998964,0.013702033
998965,0.011109835
998966,0.016162109
998967,0.021481503
998968,0.014874627
998969,0.011635455
998970,0.012522978
998971,0.016410558
998972,0.013929659
998973,0.018701172
998974,0.011753217
998975,0.011066751
998976,0.013697725
998977,0.013580682
998978,0.011946375
998979,0.01070772
998980,0.01403306
998981,0.011683042
998982,0.010801787
998983,0.01361443
998984,0.010645967
998985,0.011188103
998986,0.011155073
998987,0.016373219
998988,0.011704389
998989,0.019743796
998990,0.010892262
998991,0.015007468
998992,0.010949707
998993,0.013658232
998994,0.013768814
998995,0.011295812
998996,0.011937041
998997,0.016519703
998998,0.011191693
998999,0.013667567
999000,0.016130514
999001,0.011155791
999002,0.018013382
999003,0.01105239
999004,0.013276224
999005,0.019807704
999006,0.01662422
999007,0.013802562
999008,0.013832721
999009,0.018510886
999010,0.013480153
999011,0.0184034
999012,0.013771686
999013,0.0045708399
999014,0.014009364
999015,0.010939654
999016,0.029543888
999017,0.011974169
999018,0.0099973483
999019,0.017552275
999020,0.010824764
999021,0.018882841
999022,0.013890166
999023,0.012564436
999024,0.011557904
999025,0.013738655
999026,0.017625449
999027,0.013778866
999028,0.013399012
999029,0.014020135
999030,0.011282169
999031,0.011121323
999032,0.014367506
999033,0.010036153
999034,0.021679688
999035,0.024724266
999036,0.015385886
999037,0.010730699
999038,0.013414809
999039,0.013442813
999040,0.011087575
999041,0.013902373
999042,0.013742245
999043,0.011221852
999044,0.013625919
999045,0.016737277
999046,0.013993566
999047,0.013714959
999048,0.011188103
999049,0.010928165
999050,0.013700597
999051,0.014334645
999052,0.012864402
999053,0.013819795
999054,0.010992791
999055,0.012889907
999056,0.013370289
999057,0.024309225
999058,0.016075321
999059,0.017072611
999060,0.012521542
999061,0.012273811
999062,0.010907342
999063,0.013534008
999064,0.0096128536
999065,0.013439223
999066,0.025314944
999067,0.016386863
999068,0.016061582
999069,0.011251292
999070,0.014073989
999071,0.024138328
999072,0.013416246
999073,0.011898265
999074,0.011076085
999075,0.013752297
999076,0.011127786
999077,0.023927217
999078,0.011025104
999079,0.016161392
999080,0.013982077
999081,0.016400505
999082,0.013550523
999083,0.019330192
999084,0.012097886
999085,0.013718549
999086,0.018669577
999087,0.013909553
999088,0.010495665
999089,0.021138988
999090,0.011236931
999091,0.017228233
999092,0.016113281
999093,0.013839901
999094,0.015097736
999095,0.015340648
999096,0.013660386
999097,0.0015834227
999098,0.010856359
999099,0.013455738
999100,0.011157227
999101,0.016065648
999102,0.015608249
999103,0.016153492
999104,0.010834818
999105,0.013767377
999106,0.020512121
999107,0.014135743
999108,0.011018641
999109,0.038913142
999110,0.011134966
999111,0.013628073
999112,0.011077521
999113,0.011247702
999114,0.012770853
999115,0.020675467
999116,0.018850528
999117,0.022265077
999118,0.011285041
999119,0.016567096
999120,0.012405732
999121,0.012712213
999122,0.011339614
999123,0.019009219
999124,0.01531677
999125,0.016223863
999126,0.010975557
999127,0.010862104
999128,0.015872732
999129,0.011094755
999130,0.011211799
999131,0.010903751
999132,0.01894244
999133,0.01205193
999134,0.01047219
999135,0.013730038
999136,0.013676183
999137,0.017042452
999138,0.011132812
999139,0.01631362
999140,0.011109835
999141,0.011160817
999142,0.023173971
999143,0.018128596
999144,0.0119593
999145,0.012641488
999146,0.039246324
999147,0.019205969
999148,0.011303711
999149,0.013689108
999150,0.011304429
999151,0.016582174
999152,0.018096456
999153,0.021950396
999154,0.021544691
999155,0.019002758
999156,0.014028751
999157,0.017859522
999158,0.023844073
999159,0.029960912
999160,0.013660386
999161,0.013345158
999162,0.017787138
999163,0.011218262
999164,0.018574793
999165,0.013679055
999166,0.013714959
999167,0.038788199
999168,0.011075367
999169,0.013511029
999170,0.017193843
999171,0.020132985
999172,0.010620835
999173,0.010803223
999174,0.011803036
999175,0.017778412
999176,0.01126709
999177,0.013775276
999178,0.010852769
999179,0.011311609
999180,0.016217399
999181,0.021549001
999182,0.01133028
999183,0.012037569
999184,0.010390047
999185,0.012954532
999186,0.010976275
999187,0.017631261
999188,0.012935863
999189,0.011271399
999190,0.013376752
999191,0.017435078
999192,0.019822562
999193,0.0017671444
999194,0.010972685
999195,0.011523438
999196,0.013706342
999197,0.013650334
999198,0.011229751
999199,0.014855008
999200,0.012696749
999201,0.013582118
999202,0.011132812
999203,0.013469382
999204,0.013430607
999205,0.010999971
999206,0.020139763
999207,0.011237649
999208,0.016907489
999209,0.013430607
999210,0.014235552
999211,0.014005055
999212,0.013453584
999213,0.021264559
999214,0.010375318
999215,0.011009306
999216,0.01106316
999217,0.011163689
999218,0.011345359
999219,0.033280686
999220,0.013396139
999221,0.010974839
999222,0.0039383923
999223,0.0023846491
999224,0.014852225
999225,0.013411937
999226,0.011349667
999227,0.011073931
999228,0.02153033
999229,0.013666849
999230,0.01618796
999231,0.016178625
999232,0.017125653
999233,0.013733628
999234,0.011201747
999235,0.0151956
999236,0.012073472
999237,0.01342199
999238,0.011639764
999239,0.012535903
999240,0.010992073
999241,0.011397777
999242,0.010260434
999243,0.011050954
999244,0.011077521
999245,0.013661104
999246,0.0098797427
999247,0.011068905
999248,0.019432157
999249,0.011116297
999250,0.017482396
999251,0.01409019
999252,0.011228315
999253,0.013590734
999254,0.013801126
999255,0.013459329
999256,0.010952579
999257,0.011009306
999258,0.011361156
999259,0.023988971
999260,0.012286736
999261,0.010300459
999262,0.010971967
999263,0.010973403
999264,0.010892262
999265,0.016040038
999266,0.015108785
999267,0.012845387
999268,0.01396628
999269,0.019933363
999270,0.011349667
999271,0.013292021
999272,0.015646858
999273,0.011025822
999274,0.017003676
999275,0.014384191
999276,0.019730872
999277,0.01090806
999278,0.013910271
999279,0.013860007
999280,0.018897202
999281,0.026446175
999282,0.010200618
999283,0.014082606
999284,0.010100356
999285,0.010977712
999286,0.016929716
999287,0.010523897
999288,0.013792509
999289,0.010862822
999290,0.011227597
999291,0.011087575
999292,0.016575713
999293,0.010947553
999294,0.014913389
999295,0.014046274
999296,0.01318144
999297,0.0019949812
999298,0.011058852
999299,0.020571958
999300,0.015152363
999301,0.016712861
999302,0.011937041
999303,0.011167279
999304,0.01106316
999305,0.030951288
999306,0.030554628
999307,0.011980842
999308,0.011247702
999309,0.010876465
999310,0.014016544
999311,0.011241958
999312,0.011395623
999313,0.010593487
999314,0.0044377078
999315,0.023259422
999316,0.010676126
999317,0.011201747
999318,0.011254164
999319,0.021564798
999320,0.013936839
999321,0.01105598
999322,0.01074506
999323,0.015601304
999324,0.010951143
999325,0.015037868
999326,0.011109835
999327,0.01870548
999328,0.016475184
999329,0.015987994
999330,0.012110811
999331,0.011030848
999332,0.013936121
999333,0.011154355
999334,0.010082023
999335,0.0053309919
999336,0.010922421
999337,0.013443531
999338,0.012775735
999339,0.010979866
999340,0.021472886
999341,0.017049633
999342,0.016775899
999343,0.013591453
999344,0.018937415
999345,0.013587862
999346,0.011069623
999347,0.016134106
999348,0.013700597
999349,0.014068963
999350,0.011117015
999351,0.011328125
999352,0.015798891
999353,0.011157227
999354,0.013809742
999355,0.011081831
999356,0.010785989
999357,0.015992647
999358,0.013154872
999359,0.018676039
999360,0.017102359
999361,0.010048549
999362,0.016097484
999363,0.016355986
999364,0.0098122992
999365,0.013610122
999366,0.013857853
999367,0.012836052
999368,0.013789637
999369,0.018560557
999370,0.015810978
999371,0.013392549
999372,0.013738655
999373,0.01693546
999374,0.014965102
999375,0.013665413
999376,0.011124914
999377,0.012598323
999378,0.013488051
999379,0.012997616
999380,0.014972343
999381,0.017114919
999382,0.013389677
999383,0.012617762
999384,0.016356703
999385,0.010966941
999386,0.021809656
999387,0.014178826
999388,0.010857077
999389,0.019188736
999390,0.010777373
999391,0.014816154
999392,0.01361443
999393,0.014176671
999394,0.017693015
999395,0.010812557
999396,0.010639357
999397,0.010968883
999398,0.013970588
999399,0.014590993
999400,0.016027113
999401,0.011025822
999402,0.0175895
999403,0.011167279
999404,0.011144302
999405,0.016544119
999406,0.014193315
999407,0.013232422
999408,0.013575654
999409,0.014133588
999410,0.013433479
999411,0.014844468
999412,0.013913143
999413,0.0063749617
999414,0.011158663
999415,0.011443732
999416,0.011537799
999417,0.015214987
999418,0.011320226
999419,0.013982077
999420,0.018874943
999421,0.014522059
999422,0.010926011
999423,0.016107537
999424,0.018548224
999425,0.013744399
999426,0.011249856
999427,0.011056698
999428,0.011357565
999429,0.016226735
999430,0.012400189
999431,0.019737333
999432,0.018612919
999433,0.010155304
999434,0.012117274
999435,0.019202378
999436,0.011267808
999437,0.013845646
999438,0.0064896196
999439,0.010312362
999440,0.010845589
999441,0.011068905
999442,0.018324908
999443,0.030905331
999444,0.010483661
999445,0.010542567
999446,0.020206053
999447,0.011022232
999448,0.01361443
999449,0.021801759
999450,0.011144302
999451,0.011159381
999452,0.010865694
999453,0.010198615
999454,0.011333152
999455,0.027676931
999456,0.015039062
999457,0.013638844
999458,0.011726649
999459,0.01024847
999460,0.011251292
999461,0.014604636
999462,0.013567756
999463,0.0072300108
999464,0.011572984
999465,0.02925092
999466,0.013498822
999467,0.013061523
999468,0.01603573
999469,0.013714959
999470,0.011202465
999471,0.01092901
999472,0.014051729
999473,0.019083899
999474,0.017899098
999475,0.020174632
999476,0.013623765
999477,0.011977252
999478,0.019031227
999479,0.013579963
999480,0.010938218
999481,0.01160027
999482,0.01005624
999483,0.013845646
999484,0.028975183
999485,0.0115299
999486,0.010909496
999487,0.011205337
999488,0.010903751
999489,0.013327206
999490,0.020611214
999491,0.019061638
999492,0.010926011
999493,0.013389677
999494,0.013143382
999495,0.010960478
999496,0.011048799
999497,0.018918026
999498,0.011339614
999499,0.01071921
999500,0.013537598
999501,0.013694853
999502,0.011938223
999503,0.011454504
999504,0.011209645
999505,0.013891602
999506,0.011242676
999507,0.010895853
999508,0.016450051
999509,0.010082655
999510,0.010979148
999511,0.039016545
999512,0.011685719
999513,0.011202465
999514,0.010932473
999515,0.013480871
999516,0.015498621
999517,0.015152794
999518,0.011155791
999519,0.013641717
999520,0.010921703
999521,0.019110467
999522,0.015912224
999523,0.010971967
999524,0.01138557
999525,0.010699104
999526,0.012043313
999527,0.011637609
999528,0.016430665
999529,0.013717831
999530,0.01100787
999531,0.013258272
999532,0.014580222
999533,0.013338695
999534,0.015686754
999535,0.015248018
999536,0.010973403
999537,0.021289062
999538,0.013031713
999539,0.014005055
999540,0.011273553
999541,0.015227919
999542,0.012072036
999543,0.010836254
999544,0.013663976
999545,0.010199156
999546,0.010857077
999547,0.013382496
999548,0.018492933
999549,0.012156767
999550,0.012754194
999551,0.010928165
999552,0.011239803
999553,0.038809743
999554,0.016417738
999555,0.0069791987
999556,0.01079676
999557,0.021571979
999558,0.013974179
999559,0.015187382
999560,0.010916676
999561,0.010891544
999562,0.010765165
999563,0.015274586
999564,0.013430607
999565,0.015279118
999566,0.020392904
999567,0.011241958
999568,0.021132525
999569,0.013835593
999570,0.019324448
999571,0.012994744
999572,0.011020077
999573,0.01785291
999574,0.023808019
999575,0.013740809
999576,0.013363109
999577,0.011367618
999578,0.0038038883
999579,0.011891085
999580,0.013823385
999581,0.010975557
999582,0.010765165
999583,0.014053165
999584,0.013931095
999585,0.010927447
999586,0.011160817
999587,0.011278792
999588,0.01351821
999589,0.011221134
999590,0.017550245
999591,0.011157945
999592,0.011138557
999593,0.018589154
999594,0.01661736
999595,0.013689108
999596,0.018819652
999597,0.01768142
999598,0.016958438
999599,0.013442095
999600,0.011249856
999601,0.010892262
999602,0.013542624
999603,0.011443014
999604,0.013990694
999605,0.012851132
999606,0.0109375
999607,0.011491125
999608,0.010710592
999609,0.0095358901
999610,0.01377025
999611,0.01152631
999612,0.011061724
999613,0.015142513
999614,0.013743681
999615,0.016348805
999616,0.011018641
999617,0.016785387
999618,0.013572064
999619,0.011169434
999620,0.011203901
999621,0.024379596
999622,0.016297106
999623,0.023448238
999624,0.011596742
999625,0.013625201
999626,0.015073305
999627,0.014976023
999628,0.011110553
999629,0.013335822
999630,0.013638126
999631,0.010250851
999632,0.026826747
999633,0.020658605
999634,0.011435116
999635,0.015553194
999636,0.013855699
999637,0.01387365
999638,0.013523237
999639,0.02171918
999640,0.016452206
999641,0.011190859
999642,0.010806095
999643,0.013970588
999644,0.010116466
999645,0.013755888
999646,0.011402803
999647,0.013722857
999648,0.011157945
999649,0.013654642
999650,0.010849179
999651,0.015293709
999652,0.011425781
999653,0.016291359
999654,0.013970588
999655,0.018805292
999656,0.017569512
999657,0.010724954
999658,0.013898064
999659,0.014939652
999660,0.0149292
999661,0.013442095
999662,0.011593807
999663,0.011755371
999664,0.010862104
999665,0.010210647
999666,0.011707979
999667,0.013911707
999668,0.01205193
999669,0.011054544
999670,0.015181184
999671,0.01047652
999672,0.011086857
999673,0.016164981
999674,0.019094668
999675,0.011169434
999676,0.010990636
999677,0.010134872
999678,0.010993509
999679,0.01223366
999680,0.013626637
999681,0.014860519
999682,0.013717831
999683,0.010868566
999684,0.010809685
999685,0.010886517
999686,0.010955451
999687,0.016883966
999688,0.013256836
999689,0.013666131
999690,0.013407629
999691,0.010253505
999692,0.01085995
999693,0.012618943
999694,0.015555348
999695,0.0025380568
999696,0.015379423
999697,0.011155791
999698,0.024024874
999699,0.016401941
999700,0.010617963
999701,0.026872702
999702,0.013954791
999703,0.011403522
999704,0.011123477
999705,0.011376953
999706,0.010979866
999707,0.012338457
999708,0.019346708
999709,0.016425638
999710,0.013191492
999711,0.01117805
999712,0.010921703
999713,0.010974121
999714,0.013893756
999715,0.016129078
999716,0.010823328
999717,0.014496498
999718,0.01821308
999719,0.019359633
999720,0.013338695
999721,0.011189539
999722,0.013602223
999723,0.011720186
999724,0.012227638
999725,0.011157227
999726,0.0099138217
999727,0.010932473
999728,0.021472886
999729,0.013717831
999730,0.011344641
999731,0.013867187
999732,0.018215021
999733,0.013747989
999734,0.021658864
999735,0.013858571
999736,0.011627557
999737,0.012559599
999738,0.010056424
999739,0.013669912
999740,0.013987103
999741,0.016303567
999742,0.011549287
999743,0.010998535
999744,0.014855767
999745,0.010888672
999746,0.012734806
999747,0.011089729
999748,0.01107824
999749,0.018692555
999750,0.021461397
999751,0.018606791
999752,0.010803941
999753,0.011333152
999754,0.01121898
999755,0.0188534
999756,0.015148926
999757,0.014648438
999758,0.010358018
999759,0.011098346
999760,0.013740091
999761,0.013651052
999762,0.012249397
999763,0.013958381
999764,0.032265339
999765,0.014379165
999766,0.010844152
999767,0.011001407
999768,0.02160429
999769,0.01312174
999770,0.017239919
999771,0.01661736
999772,0.010264659
999773,0.010783835
999774,0.010354372
999775,0.011658433
999776,0.012939453
999777,0.014582376
999778,0.021225873
999779,0.010747214
999780,0.010676126
999781,0.013497386
999782,0.01676169
999783,0.02509263
999784,0.011182358
999785,0.012419577
999786,0.016200885
999787,0.011391315
999788,0.016243251
999789,0.012193388
999790,0.016201602
999791,0.010595703
999792,0.015705302
999793,0.011157227
999794,0.024808425
999795,0.024472225
999796,0.021735275
999797,0.016926844
999798,0.016545555
999799,0.01094109
999800,0.010890826
999801,0.013350902
999802,0.016096048
999803,0.016087431
999804,0.010959042
999805,0.011121323
999806,0.01870548
999807,0.023824535
999808,0.01372932
999809,0.011186667
999810,0.013260426
999811,0.02152548
999812,0.013910989
999813,0.017516371
999814,0.018681066
999815,0.011043055
999816,0.012803867
999817,0.011063878
999818,0.01498449
999819,0.011149328
999820,0.013637408
999821,0.010893698
999822,0.011006434
999823,0.010824764
999824,0.013312845
999825,0.010262382
999826,0.018813189
999827,0.011040901
999828,0.010880055
999829,0.010684743
999830,0.014430147
999831,0.014398552
999832,0.013648897
999833,0.011272117
999834,0.010945398
999835,0.011043055
999836,0.013083065
999837,0.014463896
999838,0.014825081
999839,0.0109892
999840,0.012927246
999841,0.016532628
999842,0.01082261
999843,0.018231973
999844,0.011767578
999845,0.011045209
999846,0.011022232
999847,0.025748936
999848,0.013579963
999849,0.013926786
999850,0.010931037
999851,0.010783835
999852,0.014177389
999853,0.013991412
999854,0.010951861
999855,0.013520365
999856,0.021721335
999857,0.012097886
999858,0.015994802
999859,0.012487075
999860,0.013465074
999861,0.010936782
999862,0.010877183
999863,0.022682073
999864,0.018828986
999865,0.01171875
999866,0.014918709
999867,0.010725672
999868,0.010983456
999869,0.013476563
999870,0.010982738
999871,0.013811179
999872,0.010006674
999873,0.011198874
999874,0.011288632
999875,0.014667825
999876,0.03938419
999877,0.018318981
999878,0.011966481
999879,0.010864976
999880,0.018785184
999881,0.018876379
999882,0.018006807
999883,0.02409309
999884,0.010627298
999885,0.01894244
999886,0.009203623
999887,0.018910846
999888,0.01202967
999889,0.010843845
999890,0.015282485
999891,0.017823579
999892,0.018532427
999893,0.011425063
999894,0.013365263
999895,0.013411219
999896,0.010934628
999897,0.016158519
999898,0.022706492
999899,0.013178567
999900,0.011051672
999901,0.011041619
999902,0.021500891
999903,0.016268382
999904,0.013707778
999905,0.016440718
999906,0.011183795
999907,0.0109375
999908,0.016521139
999909,0.011343204
999910,0.011045927
999911,0.013878676
999912,0.013249655
999913,0.011193847
999914,0.024458582
999915,0.014431583
999916,0.019163603
999917,0.022604255
999918,0.010585575
999919,0.011241958
999920,0.011080394
999921,0.013091682
999922,0.013027231
999923,0.013579963
999924,0.012201287
999925,0.016129078
999926,0.018193405
999927,0.011354693
999928,0.019461598
999929,0.024910619
999930,0.014937098
999931,0.012561035
999932,0.011333152
999933,0.011213236
999934,0.013513183
999935,0.013878676
999936,0.01098202
999937,0.010640223
999938,0.03063065
999939,0.016188677
999940,0.010686179
999941,0.0099893454
999942,0.013593607
999943,0.010852051
999944,0.011943749
999945,0.031583179
999946,0.013531853
999947,0.015355627
999948,0.024368107
999949,0.01623966
999950,0.012589757
999951,0.010891544
999952,0.010847025
999953,0.010974839
999954,0.011224724
999955,0.012806419
999956,0.012589875
999957,0.011062442
999958,0.0111005
999959,0.026434686
999960,0.011610323
999961,0.014501235
999962,0.013401885
999963,0.013664695
999964,0.013196519
999965,0.014722398
999966,0.011870978
999967,0.014295151
999968,0.013534008
999969,0.026576143
999970,0.010847743
999971,0.010942526
999972,0.011064596
999973,0.012201287
999974,0.014511288
999975,0.015304027
999976,0.016251149
999977,0.012597134
999978,0.011213236
999979,0.013465074
999980,0.010973403
999981,0.011504767
999982,0.013735782
999983,0.012749167
999984,0.016268382
999985,0.012675925
999986,0.016446462
999987,0.019425882
999988,0.010982738
999989,0.021144733
999990,0.011669922
999991,0.013515337
999992,0.014843546
999993,0.010765165
999994,0.010761575
999995,0.016222427
999996,0.012419577
999997,0.013368853
999998,0.026792279
999999,0.02132353
