LECROYHDO6104B,11090,Waveform
Segments,1,SegmentSize,5002
Segment,TrigTime,TimeSinceSegment1
#1,04-May-2026 18:52:37,0                 
Time,Ampl
-3.70988e-08,-0.0054195944
-3.69988e-08,-0.0054203125
-3.68988e-08,-0.0054246209
-3.67988e-08,-0.0054303653
-3.66988e-08,-0.0054339557
-3.65988e-08,-0.0054318015
-3.64988e-08,-0.0054239028
-3.63988e-08,-0.005414568
-3.62988e-08,-0.0054116958
-3.61988e-08,-0.0054203125
-3.60988e-08,-0.0054404182
-3.59988e-08,-0.0054662684
-3.58988e-08,-0.0054892463
-3.57988e-08,-0.0055007353
-3.56988e-08,-0.0054985811
-3.55988e-08,-0.0054870921
-3.54988e-08,-0.005473449
-3.53988e-08,-0.0054662684
-3.52988e-08,-0.0054705767
-3.51988e-08,-0.0054835018
-3.50988e-08,-0.0055000172
-3.49988e-08,-0.0055122243
-3.48988e-08,-0.0055179687
-3.47988e-08,-0.0055186868
-3.46988e-08,-0.0055186868
-3.45988e-08,-0.0055237132
-3.44988e-08,-0.0055344841
-3.43988e-08,-0.0055474092
-3.42988e-08,-0.005556744
-3.41988e-08,-0.0055581801
-3.40988e-08,-0.0055524357
-3.39988e-08,-0.0055438189
-3.38988e-08,-0.0055402286
-3.37988e-08,-0.0055466912
-3.36988e-08,-0.0055617705
-3.35988e-08,-0.0055790039
-3.34988e-08,-0.0055876206
-3.33988e-08,-0.0055811581
-3.32988e-08,-0.0055603343
-3.31988e-08,-0.00553233
-3.30988e-08,-0.005508634
-3.29988e-08,-0.0055007353
-3.28988e-08,-0.0055100701
-3.27988e-08,-0.0055301758
-3.26988e-08,-0.0055502815
-3.25988e-08,-0.0055581801
-3.24988e-08,-0.0055481273
-3.23988e-08,-0.0055229952
-3.22988e-08,-0.0054928366
-3.21988e-08,-0.0054662684
-3.20988e-08,-0.005450471
-3.19988e-08,-0.0054432904
-3.18988e-08,-0.0054397001
-3.17988e-08,-0.0054318015
-3.16988e-08,-0.0054181583
-3.15988e-08,-0.0054009249
-3.14988e-08,-0.0053879998
-3.13988e-08,-0.0053858456
-3.12988e-08,-0.0053944623
-3.11988e-08,-0.0054081055
-3.10988e-08,-0.0054160041
-3.09988e-08,-0.0054088235
-3.08988e-08,-0.0053844095
-3.07988e-08,-0.0053492245
-3.06988e-08,-0.0053154756
-3.05988e-08,-0.0052939338
-3.04988e-08,-0.0052917796
-3.03988e-08,-0.0053054228
-3.02988e-08,-0.0053248104
-3.01988e-08,-0.0053398897
-3.00988e-08,-0.0053427619
-2.99988e-08,-0.0053348633
-2.98988e-08,-0.0053233743
-2.97988e-08,-0.0053169118
-2.96988e-08,-0.0053212201
-2.95988e-08,-0.0053348633
-2.94988e-08,-0.0053513787
-2.93988e-08,-0.0053628676
-2.92988e-08,-0.0053635857
-2.91988e-08,-0.005355687
-2.90988e-08,-0.0053449161
-2.89988e-08,-0.0053398897
-2.88988e-08,-0.0053449161
-2.87988e-08,-0.0053578412
-2.86988e-08,-0.0053736386
-2.85988e-08,-0.0053858456
-2.84988e-08,-0.005390154
-2.83988e-08,-0.0053872817
-2.82988e-08,-0.0053844095
-2.81988e-08,-0.0053858456
-2.80988e-08,-0.0053944623
-2.79988e-08,-0.0054066693
-2.78988e-08,-0.0054167222
-2.77988e-08,-0.0054203125
-2.76988e-08,-0.0054160041
-2.75988e-08,-0.0054095416
-2.74988e-08,-0.0054088235
-2.73988e-08,-0.0054203125
-2.72988e-08,-0.0054454446
-2.71988e-08,-0.0054791935
-2.70988e-08,-0.0055122243
-2.69988e-08,-0.0055352022
-2.68988e-08,-0.0055466912
-2.67988e-08,-0.0055502815
-2.66988e-08,-0.0055553079
-2.65988e-08,-0.0055696691
-2.64988e-08,-0.0055955193
-2.63988e-08,-0.0056292682
-2.62988e-08,-0.0056622989
-2.61988e-08,-0.0056845588
-2.60988e-08,-0.0056931756
-2.59988e-08,-0.0056917394
-2.58988e-08,-0.0056859949
-2.57988e-08,-0.0056845588
-2.56988e-08,-0.0056888672
-2.55988e-08,-0.0056960478
-2.54988e-08,-0.0057003562
-2.53988e-08,-0.0056960478
-2.52988e-08,-0.0056831227
-2.51988e-08,-0.0056680434
-2.50988e-08,-0.0056587086
-2.49988e-08,-0.0056615809
-2.48988e-08,-0.0056766602
-2.47988e-08,-0.0056974839
-2.46988e-08,-0.0057139993
-2.45988e-08,-0.0057190257
-2.44988e-08,-0.0057125632
-2.43988e-08,-0.0057010742
-2.42988e-08,-0.0056938936
-2.41988e-08,-0.0056960478
-2.40988e-08,-0.0057068187
-2.39988e-08,-0.0057175896
-2.38988e-08,-0.0057161535
-2.37988e-08,-0.0056960478
-2.36988e-08,-0.0056587086
-2.35988e-08,-0.0056163431
-2.34988e-08,-0.0055825942
-2.33988e-08,-0.0055696691
-2.32988e-08,-0.0055775678
-2.31988e-08,-0.0055962374
-2.30988e-08,-0.0056091625
-2.29988e-08,-0.005604136
-2.28988e-08,-0.0055768497
-2.27988e-08,-0.0055359203
-2.26988e-08,-0.0054978631
-2.25988e-08,-0.0054777574
-2.24988e-08,-0.0054806296
-2.23988e-08,-0.0055007353
-2.22988e-08,-0.0055237132
-2.21988e-08,-0.0055352022
-2.20988e-08,-0.0055273035
-2.19988e-08,-0.0055050437
-2.18988e-08,-0.0054799115
-2.17988e-08,-0.0054662684
-2.16988e-08,-0.0054705767
-2.15988e-08,-0.0054892463
-2.14988e-08,-0.0055115062
-2.13988e-08,-0.0055237132
-2.12988e-08,-0.0055201229
-2.11988e-08,-0.0055036075
-2.10988e-08,-0.005485656
-2.09988e-08,-0.0054777574
-2.08988e-08,-0.005485656
-2.07988e-08,-0.0055071978
-2.06988e-08,-0.0055308938
-2.05988e-08,-0.0055466912
-2.04988e-08,-0.0055488454
-2.03988e-08,-0.0055402286
-2.02988e-08,-0.00553233
-2.01988e-08,-0.0055352022
-2.00988e-08,-0.0055538718
-1.99988e-08,-0.0055825942
-1.98988e-08,-0.0056113166
-1.97988e-08,-0.005627114
-1.96988e-08,-0.0056256778
-1.95988e-08,-0.0056113166
-1.94988e-08,-0.0055955193
-1.93988e-08,-0.0055926471
-1.92988e-08,-0.0056077263
-1.91988e-08,-0.0056364488
-1.90988e-08,-0.0056666073
-1.89988e-08,-0.0056845588
-1.88988e-08,-0.0056816866
-1.87988e-08,-0.0056615809
-1.86988e-08,-0.0056350126
-1.85988e-08,-0.005615625
-1.84988e-08,-0.0056134708
-1.83988e-08,-0.005627114
-1.82988e-08,-0.0056479377
-1.81988e-08,-0.0056615809
-1.80988e-08,-0.0056594267
-1.79988e-08,-0.005639321
-1.78988e-08,-0.0056098805
-1.77988e-08,-0.0055811581
-1.76988e-08,-0.0055624885
-1.75988e-08,-0.005556744
-1.74988e-08,-0.0055574621
-1.73988e-08,-0.0055581801
-1.72988e-08,-0.0055517176
-1.71988e-08,-0.0055387925
-1.70988e-08,-0.0055229952
-1.69988e-08,-0.0055122243
-1.68988e-08,-0.005508634
-1.67988e-08,-0.0055107881
-1.66988e-08,-0.0055107881
-1.65988e-08,-0.0055007353
-1.64988e-08,-0.0054770393
-1.63988e-08,-0.0054425724
-1.62988e-08,-0.0054088235
-1.61988e-08,-0.0053858456
-1.60988e-08,-0.0053815372
-1.59988e-08,-0.0053951804
-1.58988e-08,-0.0054195944
-1.57988e-08,-0.0054432904
-1.56988e-08,-0.0054576517
-1.55988e-08,-0.0054590878
-1.54988e-08,-0.0054519072
-1.53988e-08,-0.0054432904
-1.52988e-08,-0.0054389821
-1.51988e-08,-0.0054411363
-1.50988e-08,-0.0054475988
-1.49988e-08,-0.0054547794
-1.48988e-08,-0.0054590878
-1.47988e-08,-0.0054605239
-1.46988e-08,-0.00546196
-1.45988e-08,-0.0054662684
-1.44988e-08,-0.0054756032
-1.43988e-08,-0.0054885283
-1.42988e-08,-0.0055014534
-1.41988e-08,-0.0055122243
-1.40988e-08,-0.0055215591
-1.39988e-08,-0.0055316119
-1.38988e-08,-0.0055474092
-1.37988e-08,-0.0055696691
-1.36988e-08,-0.0055948012
-1.35988e-08,-0.0056170611
-1.34988e-08,-0.0056292682
-1.33988e-08,-0.005627114
-1.32988e-08,-0.0056149069
-1.31988e-08,-0.0056005457
-1.30988e-08,-0.0055955193
-1.29988e-08,-0.005604136
-1.28988e-08,-0.0056256778
-1.27988e-08,-0.0056522461
-1.26988e-08,-0.0056701976
-1.25988e-08,-0.0056730699
-1.24988e-08,-0.0056601448
-1.23988e-08,-0.0056400391
-1.22988e-08,-0.0056256778
-1.21988e-08,-0.005627114
-1.20988e-08,-0.0056457835
-1.19988e-08,-0.0056759421
-1.18988e-08,-0.0057039465
-1.17988e-08,-0.0057190257
-1.16988e-08,-0.0057168716
-1.15988e-08,-0.0057017923
-1.14988e-08,-0.0056838408
-1.13988e-08,-0.0056730699
-1.12988e-08,-0.0056723518
-1.11988e-08,-0.0056780963
-1.10988e-08,-0.0056802505
-1.09988e-08,-0.0056730699
-1.08988e-08,-0.0056544003
-1.07988e-08,-0.0056307043
-1.06988e-08,-0.0056141889
-1.05988e-08,-0.005615625
-1.04988e-08,-0.0056364488
-1.03988e-08,-0.0056701976
-1.02988e-08,-0.0057017923
-1.01988e-08,-0.0057190257
-1.00988e-08,-0.0057147174
-9.998799e-09,-0.0056924575
-9.898799e-09,-0.0056622989
-9.798799e-09,-0.0056386029
-9.698799e-09,-0.005627832
-9.598799e-09,-0.0056292682
-9.498799e-09,-0.0056364488
-9.398799e-09,-0.0056386029
-9.298799e-09,-0.0056314223
-9.198799e-09,-0.0056170611
-9.098799e-09,-0.0056012638
-8.998799e-09,-0.0055926471
-8.898799e-09,-0.0055933651
-8.798799e-09,-0.0055998277
-8.698799e-09,-0.0056019818
-8.598799e-09,-0.0055926471
-8.498799e-09,-0.0055689511
-8.398799e-09,-0.0055366383
-8.298799e-09,-0.0055064798
-8.198799e-09,-0.0054892463
-8.098799e-09,-0.0054899644
-7.998799e-09,-0.0055028895
-7.898799e-09,-0.0055179687
-7.798799e-09,-0.0055237132
-7.698799e-09,-0.0055129423
-7.598799e-09,-0.0054892463
-7.498799e-09,-0.0054626781
-7.398799e-09,-0.0054432904
-7.298799e-09,-0.0054389821
-7.198799e-09,-0.0054468807
-7.098799e-09,-0.0054598058
-6.998799e-09,-0.0054662684
-6.898799e-09,-0.0054598058
-6.798799e-09,-0.0054425724
-6.698799e-09,-0.0054217486
-6.598799e-09,-0.0054088235
-6.498799e-09,-0.0054095416
-6.398799e-09,-0.0054246209
-6.298799e-09,-0.0054468807
-6.198799e-09,-0.0054662684
-6.098799e-09,-0.0054763212
-5.998799e-09,-0.0054763212
-5.898799e-09,-0.0054705767
-5.798799e-09,-0.0054662684
-5.698799e-09,-0.0054677045
-5.598799e-09,-0.005474167
-5.498799e-09,-0.0054835018
-5.398799e-09,-0.0054892463
-5.298799e-09,-0.0054899644
-5.198799e-09,-0.0054885283
-5.098799e-09,-0.0054906824
-4.998799e-09,-0.0055007353
-4.898799e-09,-0.0055201229
-4.798799e-09,-0.0055431009
-4.698799e-09,-0.0055624885
-4.598799e-09,-0.0055696691
-4.498799e-09,-0.0055624885
-4.398799e-09,-0.0055452551
-4.298799e-09,-0.0055251494
-4.198799e-09,-0.0055122243
-4.098799e-09,-0.005509352
-3.998799e-09,-0.0055143784
-3.898799e-09,-0.0055215591
-3.798799e-09,-0.0055237132
-3.698799e-09,-0.0055186868
-3.598799e-09,-0.0055071978
-3.498799e-09,-0.0054964269
-3.398799e-09,-0.0054892463
-3.298799e-09,-0.0054870921
-3.198799e-09,-0.005485656
-3.098799e-09,-0.0054799115
-2.998799e-09,-0.0054662684
-2.898799e-09,-0.0054468807
-2.798799e-09,-0.0054282112
-2.698799e-09,-0.0054181583
-2.598799e-09,-0.0054203125
-2.498799e-09,-0.0054296473
-2.398799e-09,-0.0054353918
-2.298799e-09,-0.0054239028
-2.198799e-09,-0.0053858456
-2.098799e-09,-0.0053226563
-1.998799e-09,-0.0052443876
-1.898799e-09,-0.005166119
-1.798799e-09,-0.0050986213
-1.698799e-09,-0.0050433307
-1.598799e-09,-0.0049894761
-1.498799e-09,-0.0049212603
-1.398799e-09,-0.004822886
-1.298799e-09,-0.0046871726
-1.198799e-09,-0.0045184283
-1.098799e-09,-0.0043295784
-9.987989e-10,-0.0041335478
-8.987989e-10,-0.0039360811
-7.987989e-10,-0.0037328699
-6.987989e-10,-0.0035124253
-5.987989e-10,-0.003260386
-4.987989e-10,-0.0029666992
-3.987989e-10,-0.0026306468
-2.987989e-10,-0.0022586914
-1.987989e-10,-0.0018587316
-9.879894e-11,-0.0014343578
1.201065e-12,-0.00098269761
1.012011e-10,-0.00049872472
2.012011e-10,2.5459559e-05
3.012011e-10,0.00058913718
4.012011e-10,0.0011851275
5.012011e-10,0.0018012236
6.012011e-10,0.0024266544
7.012011e-10,0.0030585478
8.012011e-10,0.0037040843
9.012011e-10,0.0043740349
1.001201e-09,0.0050806066
1.101201e-09,0.0058266716
1.201201e-09,0.0066043313
1.301201e-09,0.0073956342
1.401201e-09,0.0081826287
1.501201e-09,0.0089516716
1.601201e-09,0.009701327
1.701201e-09,0.010436621
1.801201e-09,0.011169761
1.901201e-09,0.011908645
2.001201e-09,0.012653274
2.101201e-09,0.013397903
2.201201e-09,0.014133915
2.301201e-09,0.014854848
2.401201e-09,0.01556142
2.501201e-09,0.016260093
2.601201e-09,0.016960202
2.701201e-09,0.017665338
2.801201e-09,0.018374064
2.901201e-09,0.019077045
3.001201e-09,0.019763511
3.101201e-09,0.020426999
3.201201e-09,0.021066791
3.301201e-09,0.02168935
3.401201e-09,0.022302574
3.501201e-09,0.022913643
3.601201e-09,0.023522559
3.701201e-09,0.02412573
3.801201e-09,0.024715257
3.901201e-09,0.025286116
4.001201e-09,0.025837586
4.101201e-09,0.026373259
4.201201e-09,0.026898162
4.301201e-09,0.027414447
4.401201e-09,0.027919962
4.501201e-09,0.028411834
4.601201e-09,0.028885754
4.701201e-09,0.029339568
4.801201e-09,0.029776149
4.901201e-09,0.030198369
5.001201e-09,0.030609099
5.101201e-09,0.031004751
5.201201e-09,0.03137886
5.301201e-09,0.031722811
5.401201e-09,0.032033732
5.501201e-09,0.032315211
5.601201e-09,0.032577304
5.701201e-09,0.032833651
5.801201e-09,0.033090717
5.901201e-09,0.033345628
6.001201e-09,0.033583307
6.101201e-09,0.033745588
6.201201e-09,0.033745588
6.301201e-09,0.033745588
6.401201e-09,0.033745588
6.501201e-09,0.033745588
6.601201e-09,0.033745588
6.701201e-09,0.033745588
6.801201e-09,0.033745588
6.901201e-09,0.033745588
7.001201e-09,0.033745588
7.101201e-09,0.033745588
7.201201e-09,0.033745588
7.301201e-09,0.033745588
7.401201e-09,0.033745588
7.501201e-09,0.033745588
7.601201e-09,0.033745588
7.701201e-09,0.033745588
7.801201e-09,0.033745588
7.901201e-09,0.033745588
8.001201e-09,0.033745588
8.101201e-09,0.033745588
8.201201e-09,0.033745588
8.301201e-09,0.033745588
8.401201e-09,0.033745588
8.501201e-09,0.033745588
8.601201e-09,0.033745588
8.701201e-09,0.033745588
8.801201e-09,0.033745588
8.901201e-09,0.033745588
9.001201e-09,0.033745588
9.101201e-09,0.033745588
9.201201e-09,0.033745588
9.301201e-09,0.033745588
9.401201e-09,0.033745588
9.501201e-09,0.033745588
9.601201e-09,0.033745588
9.701201e-09,0.033745588
9.801201e-09,0.033745588
9.901201e-09,0.033745588
1.00012e-08,0.033745588
1.01012e-08,0.033745588
1.02012e-08,0.033745588
1.03012e-08,0.033745588
1.04012e-08,0.033745588
1.05012e-08,0.033745588
1.06012e-08,0.033745588
1.07012e-08,0.033745588
1.08012e-08,0.033745588
1.09012e-08,0.033745588
1.10012e-08,0.033745588
1.11012e-08,0.033745588
1.12012e-08,0.033745588
1.13012e-08,0.033745588
1.14012e-08,0.033745588
1.15012e-08,0.033745588
1.16012e-08,0.033745588
1.17012e-08,0.033745588
1.18012e-08,0.033745588
1.19012e-08,0.033745588
1.20012e-08,0.033745588
1.21012e-08,0.033745588
1.22012e-08,0.033745588
1.23012e-08,0.033745588
1.24012e-08,0.033745588
1.25012e-08,0.033745588
1.26012e-08,0.033745588
1.27012e-08,0.033745588
1.28012e-08,0.033745588
1.29012e-08,0.033745588
1.30012e-08,0.033745588
1.31012e-08,0.033745588
1.32012e-08,0.033745588
1.33012e-08,0.033745588
1.34012e-08,0.033745588
1.35012e-08,0.033745588
1.36012e-08,0.033745588
1.37012e-08,0.033745588
1.38012e-08,0.033745588
1.39012e-08,0.033745588
1.40012e-08,0.033745588
1.41012e-08,0.033745588
1.42012e-08,0.033745588
1.43012e-08,0.033745588
1.44012e-08,0.033745588
1.45012e-08,0.033745588
1.46012e-08,0.033745588
1.47012e-08,0.033745588
1.48012e-08,0.033745588
1.49012e-08,0.033745588
1.50012e-08,0.033745588
1.51012e-08,0.033745588
1.52012e-08,0.033745588
1.53012e-08,0.033745588
1.54012e-08,0.033745588
1.55012e-08,0.033745588
1.56012e-08,0.033745588
1.57012e-08,0.033745588
1.58012e-08,0.033745588
1.59012e-08,0.033745588
1.60012e-08,0.033745588
1.61012e-08,0.033745588
1.62012e-08,0.033745588
1.63012e-08,0.033745588
1.64012e-08,0.033745588
1.65012e-08,0.033745588
1.66012e-08,0.033745588
1.67012e-08,0.033745588
1.68012e-08,0.033745588
1.69012e-08,0.033745588
1.70012e-08,0.033745588
1.71012e-08,0.033745588
1.72012e-08,0.033745588
1.73012e-08,0.033745588
1.74012e-08,0.033745588
1.75012e-08,0.033745588
1.76012e-08,0.033745588
1.77012e-08,0.033745588
1.78012e-08,0.033745588
1.79012e-08,0.033745588
1.80012e-08,0.033745588
1.81012e-08,0.033745588
1.82012e-08,0.033745588
1.83012e-08,0.033745588
1.84012e-08,0.033745588
1.85012e-08,0.033745588
1.86012e-08,0.033745588
1.87012e-08,0.033745588
1.88012e-08,0.033745588
1.89012e-08,0.033745588
1.90012e-08,0.033745588
1.91012e-08,0.033745588
1.92012e-08,0.033745588
1.93012e-08,0.033745588
1.94012e-08,0.033745588
1.95012e-08,0.033745588
1.96012e-08,0.033745588
1.97012e-08,0.033745588
1.98012e-08,0.033745588
1.99012e-08,0.033745588
2.00012e-08,0.033745588
2.01012e-08,0.033745588
2.02012e-08,0.033745588
2.03012e-08,0.033745588
2.04012e-08,0.033745588
2.05012e-08,0.033745588
2.06012e-08,0.033745588
2.07012e-08,0.033745588
2.08012e-08,0.033745588
2.09012e-08,0.033745588
2.10012e-08,0.033745588
2.11012e-08,0.033745588
2.12012e-08,0.033745588
2.13012e-08,0.033745588
2.14012e-08,0.033745588
2.15012e-08,0.033745588
2.16012e-08,0.033745588
2.17012e-08,0.033745588
2.18012e-08,0.033745588
2.19012e-08,0.033745588
2.20012e-08,0.033745588
2.21012e-08,0.033745588
2.22012e-08,0.033745588
2.23012e-08,0.033745588
2.24012e-08,0.033745588
2.25012e-08,0.033745588
2.26012e-08,0.033745588
2.27012e-08,0.033745588
2.28012e-08,0.033745588
2.29012e-08,0.033745588
2.30012e-08,0.033745588
2.31012e-08,0.033745588
2.32012e-08,0.033745588
2.33012e-08,0.033745588
2.34012e-08,0.033745588
2.35012e-08,0.033745588
2.36012e-08,0.033745588
2.37012e-08,0.033745588
2.38012e-08,0.033745588
2.39012e-08,0.033745588
2.40012e-08,0.033745588
2.41012e-08,0.033745588
2.42012e-08,0.033745588
2.43012e-08,0.033745588
2.44012e-08,0.033745588
2.45012e-08,0.033745588
2.46012e-08,0.033745588
2.47012e-08,0.033745588
2.48012e-08,0.033745588
2.49012e-08,0.033745588
2.50012e-08,0.033745588
2.51012e-08,0.033745588
2.52012e-08,0.033745588
2.53012e-08,0.033745588
2.54012e-08,0.033745588
2.55012e-08,0.033745588
2.56012e-08,0.033745588
2.57012e-08,0.033745588
2.58012e-08,0.033745588
2.59012e-08,0.033745588
2.60012e-08,0.033745588
2.61012e-08,0.033745588
2.62012e-08,0.033745588
2.63012e-08,0.033745588
2.64012e-08,0.033745588
2.65012e-08,0.033745588
2.66012e-08,0.033745588
2.67012e-08,0.033745588
2.68012e-08,0.033745588
2.69012e-08,0.033745588
2.70012e-08,0.033745588
2.71012e-08,0.033745588
2.72012e-08,0.033745588
2.73012e-08,0.033745588
2.74012e-08,0.033745588
2.75012e-08,0.033745588
2.76012e-08,0.033745588
2.77012e-08,0.033745588
2.78012e-08,0.033745588
2.79012e-08,0.033745588
2.80012e-08,0.033745588
2.81012e-08,0.033745588
2.82012e-08,0.033745588
2.83012e-08,0.033745588
2.84012e-08,0.033745588
2.85012e-08,0.033745588
2.86012e-08,0.033745588
2.87012e-08,0.033745588
2.88012e-08,0.033745588
2.89012e-08,0.033745588
2.90012e-08,0.033745588
2.91012e-08,0.033745588
2.92012e-08,0.033745588
2.93012e-08,0.033745588
2.94012e-08,0.033745588
2.95012e-08,0.033745588
2.96012e-08,0.033745588
2.97012e-08,0.033745588
2.98012e-08,0.033745588
2.99012e-08,0.033745588
3.00012e-08,0.033745588
3.01012e-08,0.033745588
3.02012e-08,0.033745588
3.03012e-08,0.033745588
3.04012e-08,0.033745588
3.05012e-08,0.033745588
3.06012e-08,0.033745588
3.07012e-08,0.033745588
3.08012e-08,0.033745588
3.09012e-08,0.033745588
3.10012e-08,0.033745588
3.11012e-08,0.033745588
3.12012e-08,0.033745588
3.13012e-08,0.033745588
3.14012e-08,0.033745588
3.15012e-08,0.033745588
3.16012e-08,0.033745588
3.17012e-08,0.033745588
3.18012e-08,0.033745588
3.19012e-08,0.033745588
3.20012e-08,0.033745588
3.21012e-08,0.033745588
3.22012e-08,0.033745588
3.23012e-08,0.033745588
3.24012e-08,0.033745588
3.25012e-08,0.033745588
3.26012e-08,0.033745588
3.27012e-08,0.033745588
3.28012e-08,0.033745588
3.29012e-08,0.033745588
3.30012e-08,0.033745588
3.31012e-08,0.033745588
3.32012e-08,0.033745588
3.33012e-08,0.033745588
3.34012e-08,0.033745588
3.35012e-08,0.033745588
3.36012e-08,0.03364506
3.37012e-08,0.033512219
3.38012e-08,0.03338943
3.39012e-08,0.033284593
3.40012e-08,0.033195554
3.41012e-08,0.033114413
3.42012e-08,0.033033272
3.43012e-08,0.032951413
3.44012e-08,0.032874581
3.45012e-08,0.032811391
3.46012e-08,0.032769026
3.47012e-08,0.032747484
3.48012e-08,0.032738867
3.49012e-08,0.032729532
3.50012e-08,0.032711581
3.51012e-08,0.03268214
3.52012e-08,0.032648392
3.53012e-08,0.032623977
3.54012e-08,0.032619669
3.55012e-08,0.032637621
3.56012e-08,0.032672088
3.57012e-08,0.032708709
3.58012e-08,0.032734559
3.59012e-08,0.032744612
3.60012e-08,0.032743894
3.61012e-08,0.032743894
3.62012e-08,0.032757537
3.63012e-08,0.032792004
3.64012e-08,0.032843704
3.65012e-08,0.032901867
3.66012e-08,0.032952849
3.67012e-08,0.032988752
3.68012e-08,0.03300814
3.69012e-08,0.033020347
3.70012e-08,0.033033272
3.71012e-08,0.033054814
3.72012e-08,0.033083536
3.73012e-08,0.033114413
3.74012e-08,0.033136673
3.75012e-08,0.03314529
3.76012e-08,0.033140981
3.77012e-08,0.033128056
3.78012e-08,0.033113695
3.79012e-08,0.033101488
3.80012e-08,0.033090717
3.81012e-08,0.033073483
3.82012e-08,0.033044761
3.83012e-08,0.033001677
3.84012e-08,0.032948541
3.85012e-08,0.032891814
3.86012e-08,0.03283796
3.87012e-08,0.032789131
3.88012e-08,0.032739585
3.89012e-08,0.03268214
3.90012e-08,0.03260818
3.91012e-08,0.032516268
3.92012e-08,0.03241215
3.93012e-08,0.032305877
3.94012e-08,0.032206066
3.95012e-08,0.032117027
3.96012e-08,0.032035168
3.97012e-08,0.031952591
3.98012e-08,0.031861397
3.99012e-08,0.031760869
4.00012e-08,0.031657468
4.01012e-08,0.031561966
4.02012e-08,0.031482261
4.03012e-08,0.031421226
4.04012e-08,0.031370962
4.05012e-08,0.031319261
4.06012e-08,0.031252482
4.07012e-08,0.031166314
4.08012e-08,0.031066504
4.09012e-08,0.030967412
4.10012e-08,0.030884835
4.11012e-08,0.030828108
4.12012e-08,0.030797949
4.13012e-08,0.03078287
4.14012e-08,0.030769945
4.15012e-08,0.030747685
4.16012e-08,0.030714654
4.17012e-08,0.030675879
4.18012e-08,0.030643566
4.19012e-08,0.030625615
4.20012e-08,0.030625615
4.21012e-08,0.030637822
4.22012e-08,0.030655055
4.23012e-08,0.030669416
4.24012e-08,0.030678751
4.25012e-08,0.03068665
4.26012e-08,0.030701011
4.27012e-08,0.030727579
4.28012e-08,0.030766355
4.29012e-08,0.030814465
4.30012e-08,0.030861857
4.31012e-08,0.030902786
4.32012e-08,0.030933663
4.33012e-08,0.030957359
4.34012e-08,0.030976746
4.35012e-08,0.030996852
4.36012e-08,0.031019112
4.37012e-08,0.031040654
4.38012e-08,0.031057169
4.39012e-08,0.031065786
4.40012e-08,0.031067222
4.41012e-08,0.031062914
4.42012e-08,0.031057169
4.43012e-08,0.031052143
4.44012e-08,0.031046398
4.45012e-08,0.031037781
4.46012e-08,0.031022702
4.47012e-08,0.031000442
4.48012e-08,0.030970284
4.49012e-08,0.030935817
4.50012e-08,0.030896324
4.51012e-08,0.030851086
4.52012e-08,0.030797231
4.53012e-08,0.030731888
4.54012e-08,0.030655055
4.55012e-08,0.030570324
4.56012e-08,0.030485593
4.57012e-08,0.03040517
4.58012e-08,0.030333364
4.59012e-08,0.030265866
4.60012e-08,0.030196214
4.61012e-08,0.030115792
4.62012e-08,0.030023162
4.63012e-08,0.029921197
4.64012e-08,0.029818514
4.65012e-08,0.029724449
4.66012e-08,0.029644026
4.67012e-08,0.029574374
4.68012e-08,0.029506158
4.69012e-08,0.02943148
4.70012e-08,0.029345312
4.71012e-08,0.029251965
4.72012e-08,0.029162207
4.73012e-08,0.029088247
4.74012e-08,0.02903511
4.75012e-08,0.028999925
4.76012e-08,0.028971921
4.77012e-08,0.028936018
4.78012e-08,0.028885754
4.79012e-08,0.028824
4.80012e-08,0.028762247
4.81012e-08,0.028718446
4.82012e-08,0.02870193
4.83012e-08,0.028712701
4.84012e-08,0.028738551
4.85012e-08,0.028762247
4.86012e-08,0.028770864
4.87012e-08,0.028760811
4.88012e-08,0.028742142
4.89012e-08,0.028729935
4.90012e-08,0.028736397
4.91012e-08,0.028765119
4.92012e-08,0.028807485
4.93012e-08,0.028848415
4.94012e-08,0.028874265
4.95012e-08,0.028880727
4.96012e-08,0.028873547
4.97012e-08,0.028867802
4.98012e-08,0.028874265
4.99012e-08,0.028895807
5.00012e-08,0.028923093
5.01012e-08,0.028943199
5.02012e-08,0.028943199
5.03012e-08,0.028920939
5.04012e-08,0.028885036
5.05012e-08,0.028853441
5.06012e-08,0.028839798
5.07012e-08,0.028848415
5.08012e-08,0.028869956
5.09012e-08,0.028887908
5.10012e-08,0.028885754
5.11012e-08,0.028857031
5.12012e-08,0.028808921
5.13012e-08,0.028755785
5.14012e-08,0.028713419
5.15012e-08,0.028686851
5.16012e-08,0.028668899
5.17012e-08,0.028644485
5.18012e-08,0.028598529
5.19012e-08,0.028525287
5.20012e-08,0.028433375
5.21012e-08,0.028340746
5.22012e-08,0.028265349
5.23012e-08,0.028216521
5.24012e-08,0.028189235
5.25012e-08,0.028166257
5.26012e-08,0.028127482
5.27012e-08,0.02806142
5.28012e-08,0.027969508
5.29012e-08,0.027866826
5.30012e-08,0.027771324
5.31012e-08,0.027696645
5.32012e-08,0.027643509
5.33012e-08,0.027601143
5.34012e-08,0.027553033
5.35012e-08,0.027489126
5.36012e-08,0.027410139
5.37012e-08,0.027326126
5.38012e-08,0.02725432
5.39012e-08,0.027206928
5.40012e-08,0.027185386
5.41012e-08,0.027179642
5.42012e-08,0.027173897
5.43012e-08,0.027154509
5.44012e-08,0.027116452
5.45012e-08,0.027064752
5.46012e-08,0.027013051
5.47012e-08,0.02697284
5.48012e-08,0.02695058
5.49012e-08,0.026944118
5.50012e-08,0.026944118
5.51012e-08,0.026942682
5.52012e-08,0.026934783
5.53012e-08,0.026921858
5.54012e-08,0.026909651
5.55012e-08,0.02690247
5.56012e-08,0.02690247
5.57012e-08,0.02690606
5.58012e-08,0.026909651
5.59012e-08,0.026908933
5.60012e-08,0.026904624
5.61012e-08,0.026899598
5.62012e-08,0.026898162
5.63012e-08,0.026901034
5.64012e-08,0.02690606
5.65012e-08,0.026906778
5.66012e-08,0.026898162
5.67012e-08,0.026878774
5.68012e-08,0.026852924
5.69012e-08,0.026826356
5.70012e-08,0.02680625
5.71012e-08,0.026793325
5.72012e-08,0.02678399
5.73012e-08,0.026771065
5.74012e-08,0.026748805
5.75012e-08,0.026715774
5.76012e-08,0.026676999
5.77012e-08,0.02663966
5.78012e-08,0.026610938
5.79012e-08,0.026590832
5.80012e-08,0.02657288
5.81012e-08,0.026547748
5.82012e-08,0.026507537
5.83012e-08,0.026450092
5.84012e-08,0.026381876
5.85012e-08,0.02631366
5.86012e-08,0.026254779
5.87012e-08,0.026209542
5.88012e-08,0.026174357
5.89012e-08,0.026138454
5.90012e-08,0.026093934
5.91012e-08,0.026037207
5.92012e-08,0.025971864
5.93012e-08,0.025907238
5.94012e-08,0.025852665
5.95012e-08,0.025811736
5.96012e-08,0.025781577
5.97012e-08,0.025752137
5.98012e-08,0.025714798
5.99012e-08,0.02566597
6.00012e-08,0.025609961
6.01012e-08,0.025553952
6.02012e-08,0.025507996
6.03012e-08,0.025475684
6.04012e-08,0.02545486
6.05012e-08,0.025437626
6.06012e-08,0.025416085
6.07012e-08,0.025386644
6.08012e-08,0.025352895
6.09012e-08,0.025322019
6.10012e-08,0.025301195
6.11012e-08,0.02529186
6.12012e-08,0.025288988
6.13012e-08,0.025283243
6.14012e-08,0.025266728
6.15012e-08,0.025236569
6.16012e-08,0.02519923
6.17012e-08,0.025163327
6.18012e-08,0.025140349
6.19012e-08,0.025133887
6.20012e-08,0.025139631
6.21012e-08,0.025148966
6.22012e-08,0.025151838
6.23012e-08,0.025142503
6.24012e-08,0.02512168
6.25012e-08,0.02509583
6.26012e-08,0.025071415
6.27012e-08,0.025050592
6.28012e-08,0.025031204
6.29012e-08,0.025008944
6.30012e-08,0.024979504
6.31012e-08,0.024943601
6.32012e-08,0.024908416
6.33012e-08,0.024880411
6.34012e-08,0.024864614
6.35012e-08,0.024857433
6.36012e-08,0.024849535
6.37012e-08,0.024827993
6.38012e-08,0.024784191
6.39012e-08,0.024719566
6.40012e-08,0.024642733
6.41012e-08,0.024568773
6.42012e-08,0.024508456
6.43012e-08,0.024464654
6.44012e-08,0.024428751
6.45012e-08,0.024389976
6.46012e-08,0.024336121
6.47012e-08,0.024265033
6.48012e-08,0.024185329
6.49012e-08,0.024109214
6.50012e-08,0.024048897
6.51012e-08,0.024008686
6.52012e-08,0.023981399
6.53012e-08,0.023952677
6.54012e-08,0.023911029
6.55012e-08,0.023849994
6.56012e-08,0.023773162
6.57012e-08,0.023694175
6.58012e-08,0.023623805
6.59012e-08,0.023568514
6.60012e-08,0.023526149
6.61012e-08,0.023485938
6.62012e-08,0.023439982
6.63012e-08,0.023383973
6.64012e-08,0.023322938
6.65012e-08,0.023265493
6.66012e-08,0.023221691
6.67012e-08,0.023192969
6.68012e-08,0.023172863
6.69012e-08,0.023150603
6.70012e-08,0.02311829
6.71012e-08,0.023074489
6.72012e-08,0.023028533
6.73012e-08,0.022994066
6.74012e-08,0.022980423
6.75012e-08,0.022989758
6.76012e-08,0.023011299
6.77012e-08,0.023027815
6.78012e-08,0.023026379
6.79012e-08,0.023001965
6.80012e-08,0.022962471
6.81012e-08,0.022926568
6.82012e-08,0.022911489
6.83012e-08,0.022924414
6.84012e-08,0.022961035
6.85012e-08,0.023004837
6.86012e-08,0.023037868
6.87012e-08,0.023048639
6.88012e-08,0.023038586
6.89012e-08,0.02301848
6.90012e-08,0.023003401
6.91012e-08,0.023001965
6.92012e-08,0.02301489
6.93012e-08,0.023030687
6.94012e-08,0.023037868
6.95012e-08,0.023027815
6.96012e-08,0.023001965
6.97012e-08,0.02297037
6.98012e-08,0.022945956
6.99012e-08,0.022937339
7.00012e-08,0.022943802
7.01012e-08,0.022954573
7.02012e-08,0.022957445
7.03012e-08,0.022941648
7.04012e-08,0.022905744
7.05012e-08,0.022857634
7.06012e-08,0.022808088
7.07012e-08,0.022765723
7.08012e-08,0.022732692
7.09012e-08,0.022703251
7.10012e-08,0.022670221
7.11012e-08,0.022627137
7.12012e-08,0.022573282
7.13012e-08,0.022515838
7.14012e-08,0.022463419
7.15012e-08,0.022421054
7.16012e-08,0.022388023
7.17012e-08,0.0223593
7.18012e-08,0.022325551
7.19012e-08,0.022282468
7.20012e-08,0.022230049
7.21012e-08,0.022172605
7.22012e-08,0.02211875
7.23012e-08,0.02207064
7.24012e-08,0.022027556
7.25012e-08,0.021984473
7.26012e-08,0.021934926
7.27012e-08,0.021877482
7.28012e-08,0.021817165
7.29012e-08,0.021760438
7.30012e-08,0.021716636
7.31012e-08,0.021687914
7.32012e-08,0.021669962
7.33012e-08,0.021655601
7.34012e-08,0.021636213
7.35012e-08,0.021606773
7.36012e-08,0.021569434
7.37012e-08,0.021530658
7.38012e-08,0.021498346
7.39012e-08,0.02147465
7.40012e-08,0.021457416
7.41012e-08,0.021440901
7.42012e-08,0.021417923
7.43012e-08,0.021387764
7.44012e-08,0.021354015
7.45012e-08,0.021323857
7.46012e-08,0.021303033
7.47012e-08,0.021293698
7.48012e-08,0.021290108
7.49012e-08,0.021283645
7.50012e-08,0.021268566
7.51012e-08,0.021242716
7.52012e-08,0.021211121
7.53012e-08,0.021182399
7.54012e-08,0.021165165
7.55012e-08,0.021160139
7.56012e-08,0.021163011
7.57012e-08,0.021163011
7.58012e-08,0.021153676
7.59012e-08,0.021132853
7.60012e-08,0.021104848
7.61012e-08,0.021078998
7.62012e-08,0.021061765
7.63012e-08,0.021053866
7.64012e-08,0.02104884
7.65012e-08,0.021034478
7.66012e-08,0.02100432
7.67012e-08,0.020956928
7.68012e-08,0.020899483
7.69012e-08,0.020847065
7.70012e-08,0.020809007
7.71012e-08,0.020788902
7.72012e-08,0.020780285
7.73012e-08,0.020768078
7.74012e-08,0.020740074
7.75012e-08,0.020690527
7.76012e-08,0.02062303
7.77012e-08,0.020550506
7.78012e-08,0.020487316
7.79012e-08,0.02044136
7.80012e-08,0.020413356
7.81012e-08,0.020393968
7.82012e-08,0.020372426
7.83012e-08,0.020340832
7.84012e-08,0.020298466
7.85012e-08,0.020249638
7.86012e-08,0.020200092
7.87012e-08,0.020153418
7.88012e-08,0.020108898
7.89012e-08,0.02006007
7.90012e-08,0.020004779
7.91012e-08,0.019942308
7.92012e-08,0.019879837
7.93012e-08,0.019825264
7.94012e-08,0.019786489
7.95012e-08,0.019764229
7.96012e-08,0.019751304
7.97012e-08,0.019739097
7.98012e-08,0.019717555
7.99012e-08,0.019686679
8.00012e-08,0.019652212
8.01012e-08,0.019624925
8.02012e-08,0.019614154
8.03012e-08,0.019622771
8.04012e-08,0.019645031
8.05012e-08,0.019671599
8.06012e-08,0.019694577
8.07012e-08,0.019714683
8.08012e-08,0.019739815
8.09012e-08,0.019783617
8.10012e-08,0.019855423
8.11012e-08,0.019958105
8.12012e-08,0.020085202
8.13012e-08,0.02022307
8.14012e-08,0.020360938
8.15012e-08,0.020496651
8.16012e-08,0.020636673
8.17012e-08,0.020794646
8.18012e-08,0.020981342
8.19012e-08,0.02120035
8.20012e-08,0.021443055
8.21012e-08,0.02169653
8.22012e-08,0.021946415
8.23012e-08,0.022188402
8.24012e-08,0.022427516
8.25012e-08,0.022679555
8.26012e-08,0.022957445
8.27012e-08,0.023268365
8.28012e-08,0.023606572
8.29012e-08,0.023956985
8.30012e-08,0.024301654
8.31012e-08,0.024628372
8.32012e-08,0.024934266
8.33012e-08,0.025227953
8.34012e-08,0.025519485
8.35012e-08,0.025816762
8.36012e-08,0.026119784
8.37012e-08,0.026422088
8.38012e-08,0.026714338
8.39012e-08,0.026992228
8.40012e-08,0.02725791
8.41012e-08,0.027518566
8.42012e-08,0.027782813
8.43012e-08,0.028052803
8.44012e-08,0.028322794
8.45012e-08,0.028582014
8.46012e-08,0.02881682
8.47012e-08,0.029022185
8.48012e-08,0.029202418
8.49012e-08,0.029366854
8.50012e-08,0.029529136
8.51012e-08,0.029696444
8.52012e-08,0.029868061
8.53012e-08,0.030033933
8.54012e-08,0.030184007
8.55012e-08,0.030309668
8.56012e-08,0.030410196
8.57012e-08,0.030491337
8.58012e-08,0.030563143
8.59012e-08,0.030631359
8.60012e-08,0.030696703
8.61012e-08,0.030756302
8.62012e-08,0.030804412
8.63012e-08,0.030839597
8.64012e-08,0.030866165
8.65012e-08,0.030890579
8.66012e-08,0.030919301
8.67012e-08,0.030952332
8.68012e-08,0.030985363
8.69012e-08,0.031006905
8.70012e-08,0.031011213
8.71012e-08,0.030995416
8.72012e-08,0.030967412
8.73012e-08,0.030938689
8.74012e-08,0.030919301
8.75012e-08,0.030914993
8.76012e-08,0.030922174
8.77012e-08,0.03093079
8.78012e-08,0.03093079
8.79012e-08,0.030916429
8.80012e-08,0.030889143
8.81012e-08,0.03085683
8.82012e-08,0.03082739
8.83012e-08,0.030804412
8.84012e-08,0.030785024
8.85012e-08,0.0307642
8.86012e-08,0.030735478
8.87012e-08,0.030698139
8.88012e-08,0.030657927
8.89012e-08,0.030622024
8.90012e-08,0.03059761
8.91012e-08,0.030583967
8.92012e-08,0.03057535
8.93012e-08,0.030563143
8.94012e-08,0.030540165
8.95012e-08,0.030507853
8.96012e-08,0.030473386
8.97012e-08,0.030447536
8.98012e-08,0.030436765
8.99012e-08,0.030438919
9.00012e-08,0.030443945
9.01012e-08,0.030438919
9.02012e-08,0.030413787
9.03012e-08,0.030369267
9.04012e-08,0.030316131
9.05012e-08,0.030269457
9.06012e-08,0.030241452
9.07012e-08,0.03023499
9.08012e-08,0.030241452
9.09012e-08,0.030247197
9.10012e-08,0.030241452
9.11012e-08,0.030219192
9.12012e-08,0.030187598
9.13012e-08,0.030157439
9.14012e-08,0.030138051
9.15012e-08,0.030129435
9.16012e-08,0.030122254
9.17012e-08,0.030105021
9.18012e-08,0.030069118
9.19012e-08,0.030015981
9.20012e-08,0.029958536
9.21012e-08,0.029914735
9.22012e-08,0.029896783
9.23012e-08,0.0299054
9.24012e-08,0.029929096
9.25012e-08,0.029947047
9.26012e-08,0.029942739
9.27012e-08,0.029911862
9.28012e-08,0.029863034
9.29012e-08,0.029814206
9.30012e-08,0.029781893
9.31012e-08,0.029772559
9.32012e-08,0.029778303
9.33012e-08,0.02978333
9.34012e-08,0.029770404
9.35012e-08,0.029734501
9.36012e-08,0.029682801
9.37012e-08,0.029631819
9.38012e-08,0.02959807
9.39012e-08,0.029588735
9.40012e-08,0.02959807
9.41012e-08,0.029610277
9.42012e-08,0.029609559
9.43012e-08,0.029589453
9.44012e-08,0.029556422
9.45012e-08,0.029523392
9.46012e-08,0.029506158
9.47012e-08,0.02950903
9.48012e-08,0.029523392
9.49012e-08,0.029532008
9.50012e-08,0.029517647
9.51012e-08,0.029473127
9.52012e-08,0.029406348
9.53012e-08,0.029337414
9.54012e-08,0.029287868
9.55012e-08,0.029269198
9.56012e-08,0.029277097
9.57012e-08,0.029295048
9.58012e-08,0.029299357
9.59012e-08,0.029274224
9.60012e-08,0.029218934
9.61012e-08,0.029144256
9.62012e-08,0.029069577
9.63012e-08,0.029011414
9.64012e-08,0.028974793
9.65012e-08,0.028952533
9.66012e-08,0.02893171
9.67012e-08,0.028899397
9.68012e-08,0.028852005
9.69012e-08,0.028793842
9.70012e-08,0.028736397
9.71012e-08,0.028688287
9.72012e-08,0.028653102
9.73012e-08,0.028625816
9.74012e-08,0.028598529
9.75012e-08,0.028563344
9.76012e-08,0.028520261
9.77012e-08,0.028472151
9.78012e-08,0.028426195
9.79012e-08,0.028385983
9.80012e-08,0.02835008
9.81012e-08,0.028312023
9.82012e-08,0.028265349
9.83012e-08,0.028208622
9.84012e-08,0.028148305
9.85012e-08,0.028095169
9.86012e-08,0.028058548
9.87012e-08,0.028043469
9.88012e-08,0.028044905
9.89012e-08,0.028049931
9.90012e-08,0.028047059
9.91012e-08,0.028026953
9.92012e-08,0.027991768
9.93012e-08,0.027948685
9.94012e-08,0.027909191
9.95012e-08,0.027879751
9.96012e-08,0.027859645
9.97012e-08,0.027841693
9.98012e-08,0.027817279
9.99012e-08,0.027780658
1.000012e-07,0.02773542
1.001012e-07,0.027690901
1.002012e-07,0.027656434
1.003012e-07,0.0276392
1.004012e-07,0.027637764
1.005012e-07,0.027643509
1.006012e-07,0.027644945
1.007012e-07,0.027634174
1.008012e-07,0.027610478
1.009012e-07,0.027580319
1.010012e-07,0.027553033
1.011012e-07,0.027534364
1.012012e-07,0.027525029
1.013012e-07,0.027518566
1.014012e-07,0.027507077
1.015012e-07,0.027483381
1.016012e-07,0.027448196
1.017012e-07,0.027407267
1.018012e-07,0.02736921
1.019012e-07,0.027341205
1.020012e-07,0.027325408
1.021012e-07,0.027317509
1.022012e-07,0.027311765
1.023012e-07,0.027300994
1.024012e-07,0.027283042
1.025012e-07,0.027258628
1.026012e-07,0.027231342
1.027012e-07,0.027203338
1.028012e-07,0.027174615
1.029012e-07,0.027142302
1.030012e-07,0.027104963
1.031012e-07,0.02706188
1.032012e-07,0.02701736
1.033012e-07,0.02697643
1.034012e-07,0.026944118
1.035012e-07,0.026920422
1.036012e-07,0.026901752
1.037012e-07,0.026880928
1.038012e-07,0.026852206
1.039012e-07,0.026814149
1.040012e-07,0.026770347
1.041012e-07,0.026727263
1.042012e-07,0.02669136
1.043012e-07,0.026664792
1.044012e-07,0.026643968
1.045012e-07,0.026620272
1.046012e-07,0.02658796
1.047012e-07,0.02654344
1.048012e-07,0.026490303
1.049012e-07,0.026437167
1.050012e-07,0.026392647
1.051012e-07,0.02636177
1.052012e-07,0.026343819
1.053012e-07,0.026333766
1.054012e-07,0.026323713
1.055012e-07,0.026308634
1.056012e-07,0.026287092
1.057012e-07,0.026260524
1.058012e-07,0.026231801
1.059012e-07,0.026201643
1.060012e-07,0.026167894
1.061012e-07,0.026129119
1.062012e-07,0.026082445
1.063012e-07,0.026031463
1.064012e-07,0.025982634
1.065012e-07,0.025944577
1.066012e-07,0.025921599
1.067012e-07,0.025913701
1.068012e-07,0.025913701
1.069012e-07,0.025911546
1.070012e-07,0.025898621
1.071012e-07,0.025872771
1.072012e-07,0.025836868
1.073012e-07,0.025800965
1.074012e-07,0.025772243
1.075012e-07,0.025754291
1.076012e-07,0.025744238
1.077012e-07,0.025734185
1.078012e-07,0.025714798
1.079012e-07,0.025683203
1.080012e-07,0.025642274
1.081012e-07,0.025599908
1.082012e-07,0.025565441
1.083012e-07,0.025543899
1.084012e-07,0.025533847
1.085012e-07,0.02552882
1.086012e-07,0.025519485
1.087012e-07,0.025500098
1.088012e-07,0.025469939
1.089012e-07,0.025431882
1.090012e-07,0.025393107
1.091012e-07,0.025357922
1.092012e-07,0.025326327
1.093012e-07,0.025296886
1.094012e-07,0.025266728
1.095012e-07,0.025233697
1.096012e-07,0.02519923
1.097012e-07,0.025167636
1.098012e-07,0.025140349
1.099012e-07,0.025118089
1.100012e-07,0.025096548
1.101012e-07,0.025070697
1.102012e-07,0.025036949
1.103012e-07,0.024994583
1.104012e-07,0.024948627
1.105012e-07,0.024903389
1.106012e-07,0.024864614
1.107012e-07,0.024830865
1.108012e-07,0.024798552
1.109012e-07,0.024761213
1.110012e-07,0.024715257
1.111012e-07,0.024663557
1.112012e-07,0.024612575
1.113012e-07,0.024570209
1.114012e-07,0.024542923
1.115012e-07,0.02452928
1.116012e-07,0.024520663
1.117012e-07,0.024509174
1.118012e-07,0.024485478
1.119012e-07,0.024449575
1.120012e-07,0.024406491
1.121012e-07,0.02436628
1.122012e-07,0.024336121
1.123012e-07,0.024316734
1.124012e-07,0.024301654
1.125012e-07,0.024283703
1.126012e-07,0.024255699
1.127012e-07,0.024218359
1.128012e-07,0.024180302
1.129012e-07,0.02415158
1.130012e-07,0.024140809
1.131012e-07,0.024147989
1.132012e-07,0.024163069
1.133012e-07,0.024172403
1.134012e-07,0.024163787
1.135012e-07,0.024133628
1.136012e-07,0.024087672
1.137012e-07,0.024039562
1.138012e-07,0.024002941
1.139012e-07,0.023983554
1.140012e-07,0.023979245
1.141012e-07,0.023977809
1.142012e-07,0.023968474
1.143012e-07,0.02394406
1.144012e-07,0.023906003
1.145012e-07,0.023865074
1.146012e-07,0.023830607
1.147012e-07,0.023810501
1.148012e-07,0.023801884
1.149012e-07,0.023796858
1.150012e-07,0.023784651
1.151012e-07,0.023758082
1.152012e-07,0.023717153
1.153012e-07,0.023669761
1.154012e-07,0.023623805
1.155012e-07,0.023586466
1.156012e-07,0.023557026
1.157012e-07,0.023529739
1.158012e-07,0.023497426
1.159012e-07,0.023455779
1.160012e-07,0.023406951
1.161012e-07,0.023357405
1.162012e-07,0.023313603
1.163012e-07,0.023279854
1.164012e-07,0.023252568
1.165012e-07,0.023224563
1.166012e-07,0.023187224
1.167012e-07,0.02313696
1.168012e-07,0.023075925
1.169012e-07,0.023013454
1.170012e-07,0.022957445
1.171012e-07,0.022914361
1.172012e-07,0.022883485
1.173012e-07,0.022858352
1.174012e-07,0.022831066
1.175012e-07,0.022798035
1.176012e-07,0.022759978
1.177012e-07,0.022722639
1.178012e-07,0.022693199
1.179012e-07,0.022674529
1.180012e-07,0.02266304
1.181012e-07,0.022652987
1.182012e-07,0.022635754
1.183012e-07,0.022607031
1.184012e-07,0.022569692
1.185012e-07,0.022530917
1.186012e-07,0.022497886
1.187012e-07,0.022474908
1.188012e-07,0.022460547
1.189012e-07,0.02244834
1.190012e-07,0.022428952
1.191012e-07,0.022398794
1.192012e-07,0.0223593
1.193012e-07,0.022316935
1.194012e-07,0.022279596
1.195012e-07,0.022253027
1.196012e-07,0.022237948
1.197012e-07,0.022229331
1.198012e-07,0.022222151
1.199012e-07,0.022210662
1.200012e-07,0.022194146
1.201012e-07,0.022174041
1.202012e-07,0.022153217
1.203012e-07,0.022133111
1.204012e-07,0.022111569
1.205012e-07,0.022088591
1.206012e-07,0.022061305
1.207012e-07,0.022033301
1.208012e-07,0.022009605
1.209012e-07,0.021995244
1.210012e-07,0.021992371
1.211012e-07,0.02199668
1.212012e-07,0.021999552
1.213012e-07,0.021992371
1.214012e-07,0.021969393
1.215012e-07,0.021932054
1.216012e-07,0.021887534
1.217012e-07,0.021848041
1.218012e-07,0.021820037
1.219012e-07,0.021804239
1.220012e-07,0.021794187
1.221012e-07,0.021778389
1.222012e-07,0.021751103
1.223012e-07,0.021710173
1.224012e-07,0.0216635
1.225012e-07,0.021620416
1.226012e-07,0.021590257
1.227012e-07,0.021573024
1.228012e-07,0.021560817
1.229012e-07,0.021542865
1.230012e-07,0.021509835
1.231012e-07,0.021461006
1.232012e-07,0.021403562
1.233012e-07,0.021351143
1.234012e-07,0.021314522
1.235012e-07,0.021298007
1.236012e-07,0.021293698
1.237012e-07,0.021288672
1.238012e-07,0.021268566
1.239012e-07,0.021227637
1.240012e-07,0.021169474
1.241012e-07,0.021106284
1.242012e-07,0.021050276
1.243012e-07,0.021010782
1.244012e-07,0.020986368
1.245012e-07,0.020968417
1.246012e-07,0.020946875
1.247012e-07,0.020914562
1.248012e-07,0.020871479
1.249012e-07,0.020826241
1.250012e-07,0.020786029
1.251012e-07,0.020758025
1.252012e-07,0.020740074
1.253012e-07,0.020725712
1.254012e-07,0.020705607
1.255012e-07,0.020675448
1.256012e-07,0.020635237
1.257012e-07,0.020592871
1.258012e-07,0.02055625
1.259012e-07,0.020529682
1.260012e-07,0.020513166
1.261012e-07,0.020501677
1.262012e-07,0.020487316
1.263012e-07,0.02046721
1.264012e-07,0.020442078
1.265012e-07,0.020416228
1.266012e-07,0.020395404
1.267012e-07,0.020380325
1.268012e-07,0.0203674
1.269012e-07,0.020350885
1.270012e-07,0.020326471
1.271012e-07,0.020294158
1.272012e-07,0.020259691
1.273012e-07,0.020230969
1.274012e-07,0.020211581
1.275012e-07,0.020201528
1.276012e-07,0.020192911
1.277012e-07,0.020175678
1.278012e-07,0.020142647
1.279012e-07,0.020094537
1.280012e-07,0.020039964
1.281012e-07,0.019991136
1.282012e-07,0.019958824
1.283012e-07,0.019944462
1.284012e-07,0.019940872
1.285012e-07,0.019934409
1.286012e-07,0.019912868
1.287012e-07,0.019872656
1.288012e-07,0.019818084
1.289012e-07,0.019762075
1.290012e-07,0.019717555
1.291012e-07,0.019689551
1.292012e-07,0.019674472
1.293012e-07,0.019660828
1.294012e-07,0.019637132
1.295012e-07,0.019596921
1.296012e-07,0.019542348
1.297012e-07,0.019482749
1.298012e-07,0.019430331
1.299012e-07,0.019391556
1.300012e-07,0.019364987
1.301012e-07,0.019342727
1.302012e-07,0.019315441
1.303012e-07,0.019277384
1.304012e-07,0.01923071
1.305012e-07,0.0191826
1.306012e-07,0.019143107
1.307012e-07,0.019117256
1.308012e-07,0.019102895
1.309012e-07,0.019091406
1.310012e-07,0.019074173
1.311012e-07,0.019044014
1.312012e-07,0.019003085
1.313012e-07,0.018956411
1.314012e-07,0.018913327
1.315012e-07,0.018878142
1.316012e-07,0.01884942
1.317012e-07,0.018821415
1.318012e-07,0.018786949
1.319012e-07,0.018743865
1.320012e-07,0.018695037
1.321012e-07,0.018649081
1.322012e-07,0.018614614
1.323012e-07,0.018595226
1.324012e-07,0.018588764
1.325012e-07,0.01858661
1.326012e-07,0.018580147
1.327012e-07,0.018563632
1.328012e-07,0.018537063
1.329012e-07,0.018506187
1.330012e-07,0.018476746
1.331012e-07,0.018450896
1.332012e-07,0.018428636
1.333012e-07,0.018403504
1.334012e-07,0.018373346
1.335012e-07,0.018338161
1.336012e-07,0.018302258
1.337012e-07,0.018274253
1.338012e-07,0.018258456
1.339012e-07,0.018253429
1.340012e-07,0.018252711
1.341012e-07,0.018244813
1.342012e-07,0.018223989
1.343012e-07,0.018189522
1.344012e-07,0.018150029
1.345012e-07,0.01811628
1.346012e-07,0.01809761
1.347012e-07,0.018095456
1.348012e-07,0.018101919
1.349012e-07,0.018102637
1.350012e-07,0.018086121
1.351012e-07,0.018048064
1.352012e-07,0.017993491
1.353012e-07,0.017936765
1.354012e-07,0.017890809
1.355012e-07,0.017863523
1.356012e-07,0.01785347
1.357012e-07,0.017851315
1.358012e-07,0.017844853
1.359012e-07,0.017826901
1.360012e-07,0.017796743
1.361012e-07,0.017761558
1.362012e-07,0.017729963
1.363012e-07,0.017706985
1.364012e-07,0.017691906
1.365012e-07,0.017678981
1.366012e-07,0.017661029
1.367012e-07,0.017635179
1.368012e-07,0.017602866
1.369012e-07,0.017571272
1.370012e-07,0.01754614
1.371012e-07,0.017530342
1.372012e-07,0.017519571
1.373012e-07,0.017507364
1.374012e-07,0.017488695
1.375012e-07,0.017462127
1.376012e-07,0.017432686
1.377012e-07,0.01740899
1.378012e-07,0.017396783
1.379012e-07,0.017396065
1.380012e-07,0.017399655
1.381012e-07,0.017395347
1.382012e-07,0.017373805
1.383012e-07,0.017333594
1.384012e-07,0.017281893
1.385012e-07,0.017230193
1.386012e-07,0.017189982
1.387012e-07,0.017166286
1.388012e-07,0.017154797
1.389012e-07,0.017146898
1.390012e-07,0.017132537
1.391012e-07,0.017107405
1.392012e-07,0.017075092
1.393012e-07,0.017042779
1.394012e-07,0.017017647
1.395012e-07,0.017001132
1.396012e-07,0.016987489
1.397012e-07,0.016968101
1.398012e-07,0.016937224
1.399012e-07,0.016894859
1.400012e-07,0.016848185
1.401012e-07,0.016810128
1.402012e-07,0.016787868
1.403012e-07,0.016782123
1.404012e-07,0.016783559
1.405012e-07,0.016777815
1.406012e-07,0.016753401
1.407012e-07,0.016707445
1.408012e-07,0.01665
1.409012e-07,0.016595427
1.410012e-07,0.016558088
1.411012e-07,0.016544445
1.412012e-07,0.016547317
1.413012e-07,0.016553062
1.414012e-07,0.016546599
1.415012e-07,0.016519313
1.416012e-07,0.016475511
1.417012e-07,0.016425965
1.418012e-07,0.016385754
1.419012e-07,0.016362776
1.420012e-07,0.016354159
1.421012e-07,0.016351287
1.422012e-07,0.016339798
1.423012e-07,0.016312511
1.424012e-07,0.016270146
1.425012e-07,0.016222036
1.426012e-07,0.016178952
1.427012e-07,0.016149512
1.428012e-07,0.016132996
1.429012e-07,0.016122943
1.430012e-07,0.016110018
1.431012e-07,0.016087759
1.432012e-07,0.016056882
1.433012e-07,0.016023851
1.434012e-07,0.015995129
1.435012e-07,0.015975741
1.436012e-07,0.015963534
1.437012e-07,0.015952763
1.438012e-07,0.015937684
1.439012e-07,0.015916142
1.440012e-07,0.015890292
1.441012e-07,0.01586516
1.442012e-07,0.015845772
1.443012e-07,0.015829975
1.444012e-07,0.015812023
1.445012e-07,0.015784019
1.446012e-07,0.015742371
1.447012e-07,0.015691389
1.448012e-07,0.015641125
1.449012e-07,0.01560594
1.450012e-07,0.015593015
1.451012e-07,0.015599477
1.452012e-07,0.015611684
1.453012e-07,0.015613838
1.454012e-07,0.015593015
1.455012e-07,0.015547777
1.456012e-07,0.015488896
1.457012e-07,0.015433605
1.458012e-07,0.015397702
1.459012e-07,0.015384777
1.460012e-07,0.015387649
1.461012e-07,0.015389085
1.462012e-07,0.015374724
1.463012e-07,0.015337385
1.464012e-07,0.015282094
1.465012e-07,0.01522465
1.466012e-07,0.015179412
1.467012e-07,0.015154998
1.468012e-07,0.015147817
1.469012e-07,0.015144945
1.470012e-07,0.015133456
1.471012e-07,0.015104733
1.472012e-07,0.01506165
1.473012e-07,0.015014258
1.474012e-07,0.01497261
1.475012e-07,0.014942452
1.476012e-07,0.014920192
1.477012e-07,0.01489506
1.478012e-07,0.014857721
1.479012e-07,0.014805302
1.480012e-07,0.014744267
1.481012e-07,0.014688976
1.482012e-07,0.014650919
1.483012e-07,0.014635122
1.484012e-07,0.01463584
1.485012e-07,0.014637994
1.486012e-07,0.014627941
1.487012e-07,0.014598501
1.488012e-07,0.014553981
1.489012e-07,0.014505871
1.490012e-07,0.014467096
1.491012e-07,0.014444118
1.492012e-07,0.014432629
1.493012e-07,0.01442114
1.494012e-07,0.014398162
1.495012e-07,0.014357232
1.496012e-07,0.01430266
1.497012e-07,0.014247369
1.498012e-07,0.014202849
1.499012e-07,0.014176999
1.500012e-07,0.014166228
1.501012e-07,0.014159766
1.502012e-07,0.014145404
1.503012e-07,0.0141174
1.504012e-07,0.014078625
1.505012e-07,0.014038413
1.506012e-07,0.014007537
1.507012e-07,0.013991739
1.508012e-07,0.013987431
1.509012e-07,0.013984559
1.510012e-07,0.01397307
1.511012e-07,0.013948656
1.512012e-07,0.013914907
1.513012e-07,0.013881876
1.514012e-07,0.01385818
1.515012e-07,0.013848127
1.516012e-07,0.013847409
1.517012e-07,0.013845973
1.518012e-07,0.013835202
1.519012e-07,0.013812942
1.520012e-07,0.013784938
1.521012e-07,0.013762678
1.522012e-07,0.013754779
1.523012e-07,0.013762678
1.524012e-07,0.013779193
1.525012e-07,0.013791401
1.526012e-07,0.013789246
1.527012e-07,0.013769859
1.528012e-07,0.013741854
1.529012e-07,0.01371744
1.530012e-07,0.013708824
1.531012e-07,0.013718158
1.532012e-07,0.01373611
1.533012e-07,0.013749035
1.534012e-07,0.01374329
1.535012e-07,0.013715286
1.536012e-07,0.013671484
1.537012e-07,0.013626247
1.538012e-07,0.013593934
1.539012e-07,0.013578136
1.540012e-07,0.013573828
1.541012e-07,0.013568084
1.542012e-07,0.013547978
1.543012e-07,0.013510639
1.544012e-07,0.013462529
1.545012e-07,0.013417291
1.546012e-07,0.013387132
1.547012e-07,0.013375643
1.548012e-07,0.013374925
1.549012e-07,0.013372053
1.550012e-07,0.013352665
1.551012e-07,0.01331389
1.552012e-07,0.013262908
1.553012e-07,0.01321408
1.554012e-07,0.013180331
1.555012e-07,0.01316597
1.556012e-07,0.013163097
1.557012e-07,0.013157353
1.558012e-07,0.013134375
1.559012e-07,0.013090573
1.560012e-07,0.013035283
1.561012e-07,0.012983582
1.562012e-07,0.012950551
1.563012e-07,0.012941935
1.564012e-07,0.012950551
1.565012e-07,0.01295845
1.566012e-07,0.012950551
1.567012e-07,0.012919675
1.568012e-07,0.012872283
1.569012e-07,0.012823455
1.570012e-07,0.012789706
1.571012e-07,0.012776781
1.572012e-07,0.012779653
1.573012e-07,0.012781089
1.574012e-07,0.012766728
1.575012e-07,0.012727953
1.576012e-07,0.012671226
1.577012e-07,0.012613063
1.578012e-07,0.012571415
1.579012e-07,0.012557054
1.580012e-07,0.012566389
1.581012e-07,0.012585059
1.582012e-07,0.012594393
1.583012e-07,0.012582904
1.584012e-07,0.012549874
1.585012e-07,0.01250679
1.586012e-07,0.012468015
1.587012e-07,0.012445037
1.588012e-07,0.012437856
1.589012e-07,0.012438574
1.590012e-07,0.012433548
1.591012e-07,0.012414878
1.592012e-07,0.012383284
1.593012e-07,0.012347381
1.594012e-07,0.012318658
1.595012e-07,0.012305015
1.596012e-07,0.012305015
1.597012e-07,0.012309323
1.598012e-07,0.012307169
1.599012e-07,0.01229209
1.600012e-07,0.012265522
1.601012e-07,0.012236081
1.602012e-07,0.012215257
1.603012e-07,0.012208077
1.604012e-07,0.012211667
1.605012e-07,0.012217412
1.606012e-07,0.012215257
1.607012e-07,0.012198742
1.608012e-07,0.012172174
1.609012e-07,0.012143451
1.610012e-07,0.012123346
1.611012e-07,0.012116883
1.612012e-07,0.012119755
1.613012e-07,0.012121909
1.614012e-07,0.012111857
1.615012e-07,0.01208457
1.616012e-07,0.012042923
1.617012e-07,0.011998403
1.618012e-07,0.0119625
1.619012e-07,0.011941676
1.620012e-07,0.01193306
1.621012e-07,0.011928751
1.622012e-07,0.011916544
1.623012e-07,0.011891412
1.624012e-07,0.011856227
1.625012e-07,0.011818888
1.626012e-07,0.011790165
1.627012e-07,0.011776522
1.628012e-07,0.011775804
1.629012e-07,0.011780113
1.630012e-07,0.011778676
1.631012e-07,0.011765751
1.632012e-07,0.011741337
1.633012e-07,0.011712615
1.634012e-07,0.011686765
1.635012e-07,0.011668813
1.636012e-07,0.011656606
1.637012e-07,0.011645117
1.638012e-07,0.01162932
1.639012e-07,0.011608496
1.640012e-07,0.011587672
1.641012e-07,0.011574029
1.642012e-07,0.011571875
1.643012e-07,0.011579774
1.644012e-07,0.011589827
1.645012e-07,0.011589827
1.646012e-07,0.011571875
1.647012e-07,0.011535972
1.648012e-07,0.01149217
1.649012e-07,0.011454113
1.650012e-07,0.011434007
1.651012e-07,0.011434725
1.652012e-07,0.011448369
1.653012e-07,0.011460576
1.654012e-07,0.011456985
1.655012e-07,0.011431853
1.656012e-07,0.011389488
1.657012e-07,0.011343532
1.658012e-07,0.011307629
1.659012e-07,0.011290395
1.660012e-07,0.011288959
1.661012e-07,0.011294704
1.662012e-07,0.01129614
1.663012e-07,0.011286087
1.664012e-07,0.011266699
1.665012e-07,0.011244439
1.666012e-07,0.011227206
1.667012e-07,0.011219307
1.668012e-07,0.011216435
1.669012e-07,0.011209972
1.670012e-07,0.011192739
1.671012e-07,0.011161862
1.672012e-07,0.011123087
1.673012e-07,0.011087902
1.674012e-07,0.01106636
1.675012e-07,0.011061334
1.676012e-07,0.011067078
1.677012e-07,0.011072105
1.678012e-07,0.01106636
1.679012e-07,0.0110441
1.680012e-07,0.01101107
1.681012e-07,0.010976603
1.682012e-07,0.010951471
1.683012e-07,0.010939982
1.684012e-07,0.010937109
1.685012e-07,0.010933519
1.686012e-07,0.010917004
1.687012e-07,0.010884691
1.688012e-07,0.010842325
1.689012e-07,0.010799242
1.690012e-07,0.010767647
1.691012e-07,0.01075185
1.692012e-07,0.010747541
1.693012e-07,0.010744669
1.694012e-07,0.01073318
1.695012e-07,0.010708766
1.696012e-07,0.010675735
1.697012e-07,0.010646295
1.698012e-07,0.010629779
1.699012e-07,0.010629779
1.700012e-07,0.010639832
1.701012e-07,0.010648449
1.702012e-07,0.010641268
1.703012e-07,0.010613264
1.704012e-07,0.010569462
1.705012e-07,0.010519916
1.706012e-07,0.010480423
1.707012e-07,0.010458163
1.708012e-07,0.010452418
1.709012e-07,0.010456009
1.710012e-07,0.010457445
1.711012e-07,0.010450982
1.712012e-07,0.010435185
1.713012e-07,0.010416515
1.714012e-07,0.0104
1.715012e-07,0.010387793
1.716012e-07,0.010376304
1.717012e-07,0.010359071
1.718012e-07,0.010331066
1.719012e-07,0.010293727
1.720012e-07,0.010254952
1.721012e-07,0.010226229
1.722012e-07,0.010216176
1.723012e-07,0.010224793
1.724012e-07,0.010242027
1.725012e-07,0.010254952
1.726012e-07,0.010250643
1.727012e-07,0.010226229
1.728012e-07,0.010188172
1.729012e-07,0.010150833
1.730012e-07,0.010124265
1.731012e-07,0.010114212
1.732012e-07,0.01011493
1.733012e-07,0.010114212
1.734012e-07,0.010101287
1.735012e-07,0.010071846
1.736012e-07,0.010030917
1.737012e-07,0.0099914235
1.738012e-07,0.0099634191
1.739012e-07,0.0099512121
1.740012e-07,0.0099483398
1.741012e-07,0.0099447495
1.742012e-07,0.0099289522
1.743012e-07,0.0098980756
1.744012e-07,0.0098585823
1.745012e-07,0.0098233973
1.746012e-07,0.0098025735
1.747012e-07,0.0097997013
1.748012e-07,0.0098076
1.749012e-07,0.0098126264
1.750012e-07,0.0098025735
1.751012e-07,0.0097738511
1.752012e-07,0.0097322036
1.753012e-07,0.0096919922
1.754012e-07,0.0096647059
1.755012e-07,0.0096568072
1.756012e-07,0.0096618336
1.757012e-07,0.0096690142
1.758012e-07,0.0096647059
1.759012e-07,0.0096446002
1.760012e-07,0.0096137236
1.761012e-07,0.009582847
1.762012e-07,0.0095613051
1.763012e-07,0.0095526884
1.764012e-07,0.0095505342
1.765012e-07,0.0095411994
1.766012e-07,0.0095153493
1.767012e-07,0.0094701114
1.768012e-07,0.0094141027
1.769012e-07,0.0093631204
1.770012e-07,0.0093315257
1.771012e-07,0.0093236271
1.772012e-07,0.0093329619
1.773012e-07,0.0093444508
1.774012e-07,0.0093430147
1.775012e-07,0.0093214729
1.776012e-07,0.0092848518
1.777012e-07,0.0092453585
1.778012e-07,0.009216636
1.779012e-07,0.009204429
1.780012e-07,0.0092037109
1.781012e-07,0.0092001206
1.782012e-07,0.0091821691
1.783012e-07,0.0091433938
1.784012e-07,0.0090902574
1.785012e-07,0.0090371209
1.786012e-07,0.0089983456
1.787012e-07,0.0089811121
1.788012e-07,0.0089803941
1.789012e-07,0.0089832663
1.790012e-07,0.0089753676
1.791012e-07,0.0089495175
1.792012e-07,0.0089100241
1.793012e-07,0.0088676585
1.794012e-07,0.0088375
1.795012e-07,0.008825293
1.796012e-07,0.008826011
1.797012e-07,0.0088274472
1.798012e-07,0.0088145221
1.799012e-07,0.008778619
1.800012e-07,0.0087240464
1.801012e-07,0.0086615751
1.802012e-07,0.0086077206
1.803012e-07,0.0085725356
1.804012e-07,0.0085574563
1.805012e-07,0.008553866
1.806012e-07,0.0085502757
1.807012e-07,0.0085395048
1.808012e-07,0.0085201172
1.809012e-07,0.0084985754
1.810012e-07,0.0084813419
1.811012e-07,0.0084720071
1.812012e-07,0.0084662626
1.813012e-07,0.0084562098
1.814012e-07,0.008435386
1.815012e-07,0.0084016372
1.816012e-07,0.0083621438
1.817012e-07,0.0083276769
1.818012e-07,0.0083090074
1.819012e-07,0.0083090074
1.820012e-07,0.0083204963
1.821012e-07,0.0083319853
1.822012e-07,0.0083319853
1.823012e-07,0.0083176241
1.824012e-07,0.0082939281
1.825012e-07,0.0082723863
1.826012e-07,0.0082630515
1.827012e-07,0.008268796
1.828012e-07,0.0082824391
1.829012e-07,0.0082917739
1.830012e-07,0.0082860294
1.831012e-07,0.0082616153
1.832012e-07,0.0082264304
1.833012e-07,0.0081919635
1.834012e-07,0.0081711397
1.835012e-07,0.0081682675
1.836012e-07,0.0081783203
1.837012e-07,0.0081905273
1.838012e-07,0.0081941176
1.839012e-07,0.008186219
1.840012e-07,0.0081718578
1.841012e-07,0.0081603688
1.842012e-07,0.0081596507
1.843012e-07,0.0081675494
1.844012e-07,0.00817473
1.845012e-07,0.0081675494
1.846012e-07,0.0081366728
1.847012e-07,0.0080835363
1.848012e-07,0.0080217831
1.849012e-07,0.0079693647
1.850012e-07,0.0079413603
1.851012e-07,0.0079406422
1.852012e-07,0.0079571576
1.853012e-07,0.007973673
1.854012e-07,0.0079758272
1.855012e-07,0.0079578757
1.856012e-07,0.007925563
1.857012e-07,0.0078932502
1.858012e-07,0.0078724265
1.859012e-07,0.0078638097
1.860012e-07,0.0078587833
1.861012e-07,0.0078422679
1.862012e-07,0.0078034926
1.863012e-07,0.0077438936
1.864012e-07,0.007677832
1.865012e-07,0.0076275678
1.866012e-07,0.0076081801
1.867012e-07,0.0076239775
1.868012e-07,0.0076613166
1.869012e-07,0.0076979377
1.870012e-07,0.0077115809
1.871012e-07,0.0076929113
1.872012e-07,0.0076491096
1.873012e-07,0.0075995634
1.874012e-07,0.0075622243
1.875012e-07,0.0075485811
1.876012e-07,0.0075536075
1.877012e-07,0.0075636604
1.878012e-07,0.0075622243
1.879012e-07,0.0075421186
1.880012e-07,0.0075083697
1.881012e-07,0.0074753389
1.882012e-07,0.0074588235
1.883012e-07,0.00746385
1.884012e-07,0.0074839557
1.885012e-07,0.0075026252
1.886012e-07,0.0075047794
1.887012e-07,0.0074846737
1.888012e-07,0.0074494887
1.889012e-07,0.007416458
1.890012e-07,0.0074013787
1.891012e-07,0.0074092773
1.892012e-07,0.0074315372
1.893012e-07,0.0074502068
1.894012e-07,0.0074473346
1.895012e-07,0.0074157399
1.896012e-07,0.0073640395
1.897012e-07,0.007310185
1.898012e-07,0.007275
1.899012e-07,0.0072678194
1.900012e-07,0.0072828987
1.901012e-07,0.0073037224
1.902012e-07,0.0073094669
1.903012e-07,0.0072900793
1.904012e-07,0.0072477137
1.905012e-07,0.0071988856
1.906012e-07,0.0071601103
1.907012e-07,0.0071428768
1.908012e-07,0.0071435949
1.909012e-07,0.0071479033
1.910012e-07,0.0071371324
1.911012e-07,0.0071005113
1.912012e-07,0.0070416303
1.913012e-07,0.0069748506
1.914012e-07,0.0069188419
1.915012e-07,0.0068879653
1.916012e-07,0.0068815028
1.917012e-07,0.0068901195
1.918012e-07,0.006895864
1.919012e-07,0.0068872472
1.920012e-07,0.0068628332
1.921012e-07,0.0068305205
1.922012e-07,0.0068039522
1.923012e-07,0.0067917452
1.924012e-07,0.0067931813
1.925012e-07,0.0067982077
1.926012e-07,0.0067924632
1.927012e-07,0.006765895
1.928012e-07,0.006719221
1.929012e-07,0.0066617762
1.930012e-07,0.0066086397
1.931012e-07,0.0065713006
1.932012e-07,0.006553349
1.933012e-07,0.0065497587
1.934012e-07,0.0065511949
1.935012e-07,0.0065490407
1.936012e-07,0.0065418601
1.937012e-07,0.0065332433
1.938012e-07,0.0065282169
1.939012e-07,0.006529653
1.940012e-07,0.0065346795
1.941012e-07,0.0065325253
1.942012e-07,0.0065167279
1.943012e-07,0.0064829791
1.944012e-07,0.0064370232
1.945012e-07,0.0063910673
1.946012e-07,0.0063558824
1.947012e-07,0.006339367
1.948012e-07,0.0063379308
1.949012e-07,0.0063436753
1.950012e-07,0.0063443934
1.951012e-07,0.0063336225
1.952012e-07,0.0063127987
1.953012e-07,0.0062898208
1.954012e-07,0.0062754596
1.955012e-07,0.0062740234
1.956012e-07,0.0062826402
1.957012e-07,0.0062905388
1.958012e-07,0.0062869485
1.959012e-07,0.0062639706
1.960012e-07,0.0062244773
1.961012e-07,0.0061778033
1.962012e-07,0.0061375919
1.963012e-07,0.0061131778
1.964012e-07,0.0061081514
1.965012e-07,0.0061160501
1.966012e-07,0.0061261029
1.967012e-07,0.0061304113
1.968012e-07,0.0061239488
1.969012e-07,0.0061095875
1.970012e-07,0.006091636
1.971012e-07,0.0060751206
1.972012e-07,0.0060600414
1.973012e-07,0.006043526
1.974012e-07,0.0060227022
1.975012e-07,0.005996134
1.976012e-07,0.0059674115
1.977012e-07,0.0059437155
1.978012e-07,0.0059307904
1.979012e-07,0.0059307904
1.980012e-07,0.0059386891
1.981012e-07,0.0059451517
1.982012e-07,0.0059422794
1.983012e-07,0.0059243279
1.984012e-07,0.0058948874
1.985012e-07,0.0058632927
1.986012e-07,0.0058388787
1.987012e-07,0.0058295439
1.988012e-07,0.0058331342
1.989012e-07,0.0058439051
1.990012e-07,0.0058503676
1.991012e-07,0.0058439051
1.992012e-07,0.0058223633
1.993012e-07,0.0057907686
1.994012e-07,0.0057584559
1.995012e-07,0.0057347599
1.996012e-07,0.0057225528
1.997012e-07,0.0057211167
1.998012e-07,0.005723989
1.999012e-07,0.0057232709
2.000012e-07,0.0057153722
2.001012e-07,0.0056988568
2.002012e-07,0.0056780331
2.003012e-07,0.0056564913
2.004012e-07,0.0056356675
2.005012e-07,0.0056169979
2.006012e-07,0.0055976103
2.007012e-07,0.0055760685
2.008012e-07,0.0055530905
2.009012e-07,0.0055322668
2.010012e-07,0.0055171875
2.011012e-07,0.0055100069
2.012012e-07,0.005510725
2.013012e-07,0.0055150333
2.014012e-07,0.0055171875
2.015012e-07,0.0055128791
2.016012e-07,0.0055006721
2.017012e-07,0.0054812845
2.018012e-07,0.0054597426
2.019012e-07,0.0054382008
2.020012e-07,0.0054188132
2.021012e-07,0.0054001436
2.022012e-07,0.0053793199
2.023012e-07,0.0053556239
2.024012e-07,0.0053297737
2.025012e-07,0.0053053596
2.026012e-07,0.0052874081
2.027012e-07,0.0052787914
2.028012e-07,0.0052795094
2.029012e-07,0.0052845358
2.030012e-07,0.0052874081
2.031012e-07,0.0052816636
2.032012e-07,0.0052637121
2.033012e-07,0.0052371438
2.034012e-07,0.0052069853
2.035012e-07,0.0051811351
2.036012e-07,0.0051646197
2.037012e-07,0.0051588752
2.038012e-07,0.0051610294
2.039012e-07,0.0051646197
2.040012e-07,0.0051617475
2.041012e-07,0.0051495404
2.042012e-07,0.0051265625
2.043012e-07,0.005096404
2.044012e-07,0.0050662454
2.045012e-07,0.0050403952
2.046012e-07,0.0050231618
2.047012e-07,0.0050152631
2.048012e-07,0.005013827
2.049012e-07,0.005014545
2.050012e-07,0.0050116728
2.051012e-07,0.005002338
2.052012e-07,0.0049865407
2.053012e-07,0.0049657169
2.054012e-07,0.004942739
2.055012e-07,0.0049219152
2.056012e-07,0.0049053998
2.057012e-07,0.0048931928
2.058012e-07,0.0048852941
2.059012e-07,0.0048788316
2.060012e-07,0.004872369
2.061012e-07,0.0048666245
2.062012e-07,0.0048623162
2.063012e-07,0.0048623162
2.064012e-07,0.0048673426
2.065012e-07,0.0048759593
2.066012e-07,0.0048852941
2.067012e-07,0.0048888844
2.068012e-07,0.0048817038
2.069012e-07,0.0048608801
2.070012e-07,0.0048278493
2.071012e-07,0.0047883559
2.072012e-07,0.0047481445
2.073012e-07,0.0047143957
2.074012e-07,0.0046899816
2.075012e-07,0.0046741843
2.076012e-07,0.0046626953
2.077012e-07,0.0046533605
2.078012e-07,0.0046440257
2.079012e-07,0.0046346909
2.080012e-07,0.0046267923
2.081012e-07,0.004623202
2.082012e-07,0.0046210478
2.083012e-07,0.0046174575
2.084012e-07,0.0046066866
2.085012e-07,0.0045844267
2.086012e-07,0.004552114
2.087012e-07,0.0045140568
2.088012e-07,0.0044774357
2.089012e-07,0.0044508674
2.090012e-07,0.0044372243
2.091012e-07,0.004434352
2.092012e-07,0.0044365062
2.093012e-07,0.0044350701
2.094012e-07,0.0044257353
2.095012e-07,0.0044085018
2.096012e-07,0.0043883961
2.097012e-07,0.0043740349
2.098012e-07,0.0043682904
2.099012e-07,0.0043718807
2.100012e-07,0.0043783433
2.101012e-07,0.0043790614
2.102012e-07,0.0043682904
2.103012e-07,0.0043438764
2.104012e-07,0.0043122817
2.105012e-07,0.0042828412
2.106012e-07,0.0042648897
2.107012e-07,0.0042641716
2.108012e-07,0.0042778148
2.109012e-07,0.0043000747
2.110012e-07,0.0043223346
2.111012e-07,0.0043374138
2.112012e-07,0.0043424403
2.113012e-07,0.0043402861
2.114012e-07,0.0043338235
2.115012e-07,0.0043259249
2.116012e-07,0.004315154
2.117012e-07,0.0042993566
2.118012e-07,0.0042763787
2.119012e-07,0.0042455021
2.120012e-07,0.0042124713
2.121012e-07,0.0041823127
2.122012e-07,0.004161489
2.123012e-07,0.0041535903
2.124012e-07,0.0041550264
2.125012e-07,0.0041600528
2.126012e-07,0.004161489
2.127012e-07,0.0041543084
2.128012e-07,0.004137793
2.129012e-07,0.0041155331
2.130012e-07,0.0040925551
2.131012e-07,0.0040731675
2.132012e-07,0.0040566521
2.133012e-07,0.0040415728
2.134012e-07,0.0040236213
2.135012e-07,0.0040013614
2.136012e-07,0.0039762293
2.137012e-07,0.0039510972
2.138012e-07,0.0039317096
2.139012e-07,0.0039187845
2.140012e-07,0.0039123219
2.141012e-07,0.0039065774
2.142012e-07,0.0038972426
2.143012e-07,0.0038821634
2.144012e-07,0.0038613396
2.145012e-07,0.0038376436
2.146012e-07,0.0038168199
2.147012e-07,0.0037995864
2.148012e-07,0.0037866613
2.149012e-07,0.0037744543
2.150012e-07,0.003759375
2.151012e-07,0.0037414235
2.152012e-07,0.0037213178
2.153012e-07,0.0037033663
2.154012e-07,0.0036904412
2.155012e-07,0.0036832606
2.156012e-07,0.0036782341
2.157012e-07,0.0036710535
2.158012e-07,0.0036559743
2.159012e-07,0.0036322783
2.160012e-07,0.0036035558
2.161012e-07,0.0035748334
2.162012e-07,0.0035525735
2.163012e-07,0.0035403665
2.164012e-07,0.0035360581
2.165012e-07,0.0035353401
2.166012e-07,0.0035295956
2.167012e-07,0.0035152344
2.168012e-07,0.0034922564
2.169012e-07,0.0034642521
2.170012e-07,0.0034376838
2.171012e-07,0.0034182962
2.172012e-07,0.0034075253
2.173012e-07,0.003403935
2.174012e-07,0.0034032169
2.175012e-07,0.0034010627
2.176012e-07,0.0033946002
2.177012e-07,0.0033838293
2.178012e-07,0.00336875
2.179012e-07,0.0033515165
2.180012e-07,0.003332847
2.181012e-07,0.0033113051
2.182012e-07,0.0032883272
2.183012e-07,0.0032639131
2.184012e-07,0.0032402171
2.185012e-07,0.0032208295
2.186012e-07,0.0032079044
2.187012e-07,0.0032000057
2.188012e-07,0.0031949793
2.189012e-07,0.0031870807
2.190012e-07,0.0031734375
2.191012e-07,0.0031533318
2.192012e-07,0.0031303539
2.193012e-07,0.003108094
2.194012e-07,0.0030930147
2.195012e-07,0.0030858341
2.196012e-07,0.003085116
2.197012e-07,0.0030858341
2.198012e-07,0.0030815257
2.199012e-07,0.0030693187
2.200012e-07,0.003049213
2.201012e-07,0.0030247989
2.202012e-07,0.0030011029
2.203012e-07,0.0029838695
2.204012e-07,0.0029745347
2.205012e-07,0.0029738166
2.206012e-07,0.002978125
2.207012e-07,0.0029845875
2.208012e-07,0.002990332
2.209012e-07,0.0029932043
2.210012e-07,0.002989614
2.211012e-07,0.002978125
2.212012e-07,0.0029573012
2.213012e-07,0.0029264246
2.214012e-07,0.0028862132
2.215012e-07,0.0028431296
2.216012e-07,0.0028029182
2.217012e-07,0.0027741958
2.218012e-07,0.0027598346
2.219012e-07,0.0027605526
2.220012e-07,0.0027713235
2.221012e-07,0.0027849667
2.222012e-07,0.0027943015
2.223012e-07,0.0027950195
2.224012e-07,0.0027856847
2.225012e-07,0.0027684513
2.226012e-07,0.0027483456
2.227012e-07,0.0027275218
2.228012e-07,0.0027088523
2.229012e-07,0.0026923369
2.230012e-07,0.0026794118
2.231012e-07,0.0026715131
2.232012e-07,0.0026693589
2.233012e-07,0.0026729492
2.234012e-07,0.0026794118
2.235012e-07,0.0026851563
2.236012e-07,0.0026837201
2.237012e-07,0.0026736673
2.238012e-07,0.0026564338
2.239012e-07,0.0026384823
2.240012e-07,0.0026277114
2.241012e-07,0.0026334559
2.242012e-07,0.0026564338
2.243012e-07,0.0026909007
2.244012e-07,0.0027253676
2.245012e-07,0.0027476275
2.246012e-07,0.0027483456
2.247012e-07,0.002728958
2.248012e-07,0.0026966452
2.249012e-07,0.0026650506
2.250012e-07,0.0026449449
2.251012e-07,0.0026406365
2.252012e-07,0.002647099
2.253012e-07,0.0026564338
2.254012e-07,0.0026564338
2.255012e-07,0.0026427907
2.256012e-07,0.0026190947
2.257012e-07,0.0025932445
2.258012e-07,0.002576011
2.259012e-07,0.0025745749
2.260012e-07,0.0025882181
2.261012e-07,0.0026076057
2.262012e-07,0.0026219669
2.263012e-07,0.0026212489
2.264012e-07,0.0026032973
2.265012e-07,0.0025738568
2.266012e-07,0.0025415441
2.267012e-07,0.0025171301
2.268012e-07,0.002504923
2.269012e-07,0.002504205
2.270012e-07,0.0025070772
2.271012e-07,0.0025063591
2.272012e-07,0.0024970244
2.273012e-07,0.002480509
2.274012e-07,0.0024611213
2.275012e-07,0.0024467601
2.276012e-07,0.0024410156
2.277012e-07,0.0024438879
2.278012e-07,0.0024496324
2.279012e-07,0.0024510685
2.280012e-07,0.0024431698
2.281012e-07,0.0024259364
2.282012e-07,0.0024036765
2.283012e-07,0.0023842888
2.284012e-07,0.002374236
2.285012e-07,0.0023778263
2.286012e-07,0.0023921875
2.287012e-07,0.0024115751
2.288012e-07,0.0024280905
2.289012e-07,0.0024374253
2.290012e-07,0.0024381434
2.291012e-07,0.002433117
2.292012e-07,0.0024266544
2.293012e-07,0.0024237822
2.294012e-07,0.0024266544
2.295012e-07,0.002433117
2.296012e-07,0.0024388614
2.297012e-07,0.0024417337
2.298012e-07,0.0024381434
2.299012e-07,0.0024295267
2.300012e-07,0.0024187557
2.301012e-07,0.002409421
2.302012e-07,0.0024036765
2.303012e-07,0.0024015223
2.304012e-07,0.0024022403
2.305012e-07,0.0024036765
2.306012e-07,0.0024036765
2.307012e-07,0.0024022403
2.308012e-07,0.0023993681
2.309012e-07,0.0023957778
2.310012e-07,0.0023921875
2.311012e-07,0.002386443
2.312012e-07,0.0023756721
2.313012e-07,0.0023584386
2.314012e-07,0.0023347426
2.315012e-07,0.0023060202
2.316012e-07,0.0022780159
2.317012e-07,0.002255756
2.318012e-07,0.0022428309
2.319012e-07,0.0022413948
2.320012e-07,0.0022478573
2.321012e-07,0.0022579102
2.322012e-07,0.0022658088
2.323012e-07,0.0022658088
2.324012e-07,0.0022571921
2.325012e-07,0.0022406767
2.326012e-07,0.0022198529
2.327012e-07,0.0021983111
2.328012e-07,0.0021789235
2.329012e-07,0.0021631261
2.330012e-07,0.0021509191
2.331012e-07,0.0021415843
2.332012e-07,0.0021344037
2.333012e-07,0.0021293773
2.334012e-07,0.0021279412
2.335012e-07,0.0021293773
2.336012e-07,0.0021315315
2.337012e-07,0.0021322495
2.338012e-07,0.0021279412
2.339012e-07,0.0021164522
2.340012e-07,0.0020970646
2.341012e-07,0.0020733686
2.342012e-07,0.0020475184
2.343012e-07,0.0020252585
2.344012e-07,0.0020101792
2.345012e-07,0.0020022806
2.346012e-07,0.0020015625
2.347012e-07,0.0020044347
2.348012e-07,0.0020087431
2.349012e-07,0.0020123334
2.350012e-07,0.0020130515
2.351012e-07,0.0020116153
2.352012e-07,0.002008025
2.353012e-07,0.0020008444
2.354012e-07,0.0019900735
2.355012e-07,0.0019742762
2.356012e-07,0.0019534524
2.357012e-07,0.0019304745
2.358012e-07,0.0019096507
2.359012e-07,0.0018938534
2.360012e-07,0.0018859547
2.361012e-07,0.0018852367
2.362012e-07,0.0018866728
2.363012e-07,0.0018852367
2.364012e-07,0.0018751838
2.365012e-07,0.0018557962
2.366012e-07,0.0018292279
2.367012e-07,0.0018012236
2.368012e-07,0.0017775276
2.369012e-07,0.0017646025
2.370012e-07,0.0017602941
2.371012e-07,0.0017617302
2.372012e-07,0.0017610122
2.373012e-07,0.0017538316
2.374012e-07,0.0017373162
2.375012e-07,0.0017150563
2.376012e-07,0.0016920784
2.377012e-07,0.001675563
2.378012e-07,0.0016683824
2.379012e-07,0.0016683824
2.380012e-07,0.0016705365
2.381012e-07,0.0016676643
2.382012e-07,0.0016568934
2.383012e-07,0.0016382238
2.384012e-07,0.001616682
2.385012e-07,0.0015987305
2.386012e-07,0.0015879596
2.387012e-07,0.0015850873
2.388012e-07,0.0015865234
2.389012e-07,0.0015850873
2.390012e-07,0.0015764706
2.391012e-07,0.0015585191
2.392012e-07,0.0015355411
2.393012e-07,0.0015125632
2.394012e-07,0.0014960478
2.395012e-07,0.0014895852
2.396012e-07,0.0014910214
2.397012e-07,0.00149892
2.398012e-07,0.0015075368
2.399012e-07,0.0015161535
2.400012e-07,0.0015233341
2.401012e-07,0.0015319508
2.402012e-07,0.0015420037
2.403012e-07,0.0015513385
2.404012e-07,0.0015563649
2.405012e-07,0.0015534926
2.406012e-07,0.0015420037
2.407012e-07,0.0015254883
2.408012e-07,0.0015096909
2.409012e-07,0.0015032284
2.410012e-07,0.0015075368
2.411012e-07,0.001521898
2.412012e-07,0.0015398495
2.413012e-07,0.0015520565
2.414012e-07,0.0015534926
2.415012e-07,0.0015441579
2.416012e-07,0.0015290786
2.417012e-07,0.0015190257
2.418012e-07,0.0015190257
2.419012e-07,0.0015312328
2.420012e-07,0.0015491843
2.421012e-07,0.0015635455
2.422012e-07,0.0015649816
2.423012e-07,0.0015506204
2.424012e-07,0.0015247702
2.425012e-07,0.0014953297
2.426012e-07,0.0014730699
2.427012e-07,0.001463017
2.428012e-07,0.0014651712
2.429012e-07,0.0014709157
2.430012e-07,0.0014730699
2.431012e-07,0.0014651712
2.432012e-07,0.0014479377
2.433012e-07,0.0014249598
2.434012e-07,0.001404136
2.435012e-07,0.0013897748
2.436012e-07,0.0013825942
2.437012e-07,0.0013775678
2.438012e-07,0.0013696691
2.439012e-07,0.0013538718
2.440012e-07,0.0013301758
2.441012e-07,0.0013028895
2.442012e-07,0.0012777574
2.443012e-07,0.0012583697
2.444012e-07,0.0012447266
2.445012e-07,0.0012332376
2.446012e-07,0.0012203125
2.447012e-07,0.001202361
2.448012e-07,0.0011801011
2.449012e-07,0.0011578412
2.450012e-07,0.0011398897
2.451012e-07,0.0011284007
2.452012e-07,0.0011226563
2.453012e-07,0.0011169118
2.454012e-07,0.0011054228
2.455012e-07,0.0010860352
2.456012e-07,0.0010587489
2.457012e-07,0.0010285903
2.458012e-07,0.0010020221
2.459012e-07,0.00098407054
2.460012e-07,0.00097617188
2.461012e-07,0.00097545381
2.462012e-07,0.00097904412
2.463012e-07,0.00098335248
2.464012e-07,0.00098766085
2.465012e-07,0.00099340533
2.466012e-07,0.0010020221
2.467012e-07,0.001013511
2.468012e-07,0.0010257181
2.469012e-07,0.0010343348
2.470012e-07,0.001036489
2.471012e-07,0.0010307445
2.472012e-07,0.0010199736
2.473012e-07,0.0010084846
2.474012e-07,0.0010020221
2.475012e-07,0.001001304
2.476012e-07,0.0010063304
2.477012e-07,0.0010113568
2.478012e-07,0.001013511
2.479012e-07,0.0010113568
2.480012e-07,0.0010077665
2.481012e-07,0.0010070485
2.482012e-07,0.001013511
2.483012e-07,0.0010278722
2.484012e-07,0.0010472599
2.485012e-07,0.0010637753
2.486012e-07,0.0010709559
2.487012e-07,0.0010652114
2.488012e-07,0.001048696
2.489012e-07,0.0010285903
2.490012e-07,0.001013511
2.491012e-07,0.0010092027
2.492012e-07,0.0010171013
2.493012e-07,0.0010321806
2.494012e-07,0.0010479779
2.495012e-07,0.0010565947
2.496012e-07,0.0010558766
2.497012e-07,0.0010472599
2.498012e-07,0.001036489
2.499012e-07,0.0010300264
2.500012e-07,0.0010328987
2.501012e-07,0.0010443876
2.502012e-07,0.0010594669
2.503012e-07,0.001072392
2.504012e-07,0.0010767004
2.505012e-07,0.0010680836
2.506012e-07,0.0010479779
2.507012e-07,0.0010192555
2.508012e-07,0.00098837891
2.509012e-07,0.00096181066
2.510012e-07,0.00094457721
2.511012e-07,0.00093883272
2.512012e-07,0.00094385915
2.513012e-07,0.00095534812
2.514012e-07,0.00096755515
2.515012e-07,0.00097329963
2.516012e-07,0.00096611903
2.517012e-07,0.00094457721
2.518012e-07,0.00091011029
2.519012e-07,0.0008698989
2.520012e-07,0.00083112362
2.521012e-07,0.00080168313
2.522012e-07,0.00078373162
2.523012e-07,0.00077511489
2.524012e-07,0.00077080653
2.525012e-07,0.00076362592
2.526012e-07,0.00074926471
2.527012e-07,0.00072772289
2.528012e-07,0.00070402688
2.529012e-07,0.00068248506
2.530012e-07,0.00066884191
2.531012e-07,0.00066309743
2.532012e-07,0.00066166131
2.533012e-07,0.00065735294
2.534012e-07,0.00064586397
2.535012e-07,0.00062504021
2.536012e-07,0.00059919003
2.537012e-07,0.00057262178
2.538012e-07,0.00055395221
2.539012e-07,0.00054533548
2.540012e-07,0.00054605354
2.541012e-07,0.00055107996
2.542012e-07,0.00055395221
2.543012e-07,0.0005503619
2.544012e-07,0.00053959099
2.545012e-07,0.00052379366
2.546012e-07,0.00050799632
2.547012e-07,0.00049435317
2.548012e-07,0.00048430032
2.549012e-07,0.00047424747
2.550012e-07,0.00046204044
2.551012e-07,0.00044552505
2.552012e-07,0.00042613741
2.553012e-07,0.00040746783
2.554012e-07,0.00039310662
2.555012e-07,0.00038592601
2.556012e-07,0.00038448989
2.557012e-07,0.00038448989
2.558012e-07,0.00038161765
2.559012e-07,0.00037084674
2.560012e-07,0.0003514591
2.561012e-07,0.00032632698
2.562012e-07,0.00030119485
2.563012e-07,0.00028180722
2.564012e-07,0.00027031824
2.565012e-07,0.00026672794
2.566012e-07,0.00026672794
2.567012e-07,0.00026529182
2.568012e-07,0.00025811121
2.569012e-07,0.00024303194
2.570012e-07,0.00022077206
2.571012e-07,0.00019420381
2.572012e-07,0.00016763557
2.573012e-07,0.00014465763
2.574012e-07,0.00012886029
2.575012e-07,0.00012167969
2.576012e-07,0.00012239775
2.577012e-07,0.00012957835
2.578012e-07,0.00014034926
2.579012e-07,0.00014896599
2.580012e-07,0.00014968405
2.581012e-07,0.0001396312
2.582012e-07,0.00011737132
2.583012e-07,8.5776654e-05
2.584012e-07,4.9873621e-05
2.585012e-07,1.612477e-05
2.586012e-07,-9.0073529e-06
2.587012e-07,-2.3368566e-05
2.588012e-07,-2.6958869e-05
2.589012e-07,-2.4804687e-05
2.590012e-07,-2.0496324e-05
2.591012e-07,-1.8342142e-05
2.592012e-07,-2.1932445e-05
2.593012e-07,-2.9831112e-05
2.594012e-07,-4.3474265e-05
2.595012e-07,-6.0707721e-05
2.596012e-07,-8.0095358e-05
2.597012e-07,-0.00010163718
2.598012e-07,-0.00012389706
2.599012e-07,-0.00014472082
2.600012e-07,-0.0001633904
2.601012e-07,-0.00017918773
2.602012e-07,-0.00019283088
2.603012e-07,-0.00020791016
2.604012e-07,-0.00022586167
2.605012e-07,-0.00024883961
2.606012e-07,-0.00027325368
2.607012e-07,-0.0002947955
2.608012e-07,-0.00030628447
2.609012e-07,-0.00030341222
2.610012e-07,-0.00028474265
2.611012e-07,-0.00025602022
2.612012e-07,-0.00022657973
2.613012e-07,-0.0002071921
2.614012e-07,-0.00020431985
2.615012e-07,-0.00021868107
2.616012e-07,-0.00024596737
2.617012e-07,-0.0002746898
2.618012e-07,-0.00029623162
2.619012e-07,-0.00030413028
2.620012e-07,-0.00029766774
2.621012e-07,-0.0002818704
2.622012e-07,-0.00026176471
2.623012e-07,-0.00024309513
2.624012e-07,-0.00022873392
2.625012e-07,-0.00021580882
2.626012e-07,-0.00020431985
2.627012e-07,-0.00019139476
2.628012e-07,-0.00017775161
2.629012e-07,-0.00016554458
2.630012e-07,-0.00015836397
2.631012e-07,-0.00015692785
2.632012e-07,-0.00015980009
2.633012e-07,-0.00016554458
2.634012e-07,-0.00016985294
2.635012e-07,-0.00017128906
2.636012e-07,-0.00016913488
2.637012e-07,-0.00016482652
2.638012e-07,-0.00015836397
2.639012e-07,-0.00014974724
2.640012e-07,-0.00013682215
2.641012e-07,-0.00012030676
2.642012e-07,-0.00010091912
2.643012e-07,-8.224954e-05
2.644012e-07,-6.9324449e-05
2.645012e-07,-6.7170267e-05
2.646012e-07,-7.7941176e-05
2.647012e-07,-9.8046875e-05
2.648012e-07,-0.00012174288
2.649012e-07,-0.00013969439
2.650012e-07,-0.000146875
2.651012e-07,-0.00014400276
2.652012e-07,-0.00013610409
2.653012e-07,-0.00013107767
2.654012e-07,-0.00013538603
2.655012e-07,-0.00014974724
2.656012e-07,-0.00016985294
2.657012e-07,-0.00018636834
2.658012e-07,-0.00019283088
2.659012e-07,-0.00018565028
2.660012e-07,-0.00016913488
2.661012e-07,-0.00015261949
2.662012e-07,-0.000146875
2.663012e-07,-0.00015908203
2.664012e-07,-0.00018924058
2.665012e-07,-0.0002308881
2.666012e-07,-0.00027325368
2.667012e-07,-0.00030628447
2.668012e-07,-0.00032423598
2.669012e-07,-0.00032710823
2.670012e-07,-0.00031920956
2.671012e-07,-0.00030772059
2.672012e-07,-0.0002983858
2.673012e-07,-0.0002947955
2.674012e-07,-0.00029623162
2.675012e-07,-0.0003019761
2.676012e-07,-0.00031059283
2.677012e-07,-0.00032064568
2.678012e-07,-0.00033069853
2.679012e-07,-0.00034075138
2.680012e-07,-0.00035008617
2.681012e-07,-0.00035798483
2.682012e-07,-0.00036516544
2.683012e-07,-0.00037306411
2.684012e-07,-0.0003823989
2.685012e-07,-0.00039604205
2.686012e-07,-0.00041112132
2.687012e-07,-0.00042548254
2.688012e-07,-0.0004333812
2.689012e-07,-0.00043266314
2.690012e-07,-0.00042261029
2.691012e-07,-0.00040753102
2.692012e-07,-0.00039460593
2.693012e-07,-0.00039101562
2.694012e-07,-0.00039963235
2.695012e-07,-0.00041901999
2.696012e-07,-0.00044271599
2.697012e-07,-0.00046138557
2.698012e-07,-0.00046856618
2.699012e-07,-0.00046353975
2.700012e-07,-0.00044917854
2.701012e-07,-0.0004333812
2.702012e-07,-0.00042261029
2.703012e-07,-0.00041973805
2.704012e-07,-0.00042332835
2.705012e-07,-0.00042907284
2.706012e-07,-0.00043409926
2.707012e-07,-0.00043625345
2.708012e-07,-0.00043912569
2.709012e-07,-0.00044487017
2.710012e-07,-0.00045707721
2.711012e-07,-0.0004735926
2.712012e-07,-0.00048938994
2.713012e-07,-0.00050087891
2.714012e-07,-0.00050303309
2.715012e-07,-0.00049872472
2.716012e-07,-0.0004936983
2.717012e-07,-0.0004936983
2.718012e-07,-0.00050303309
2.719012e-07,-0.00051954848
2.720012e-07,-0.00053534582
2.721012e-07,-0.00054324449
2.722012e-07,-0.0005375
2.723012e-07,-0.00052026654
2.724012e-07,-0.00050016085
2.725012e-07,-0.00048795381
2.726012e-07,-0.00049154412
2.727012e-07,-0.00051164982
2.728012e-07,-0.00054180836
2.729012e-07,-0.00056909467
2.730012e-07,-0.00058345588
2.731012e-07,-0.00058058364
2.732012e-07,-0.00056550437
2.733012e-07,-0.00054755285
2.734012e-07,-0.0005375
2.735012e-07,-0.00054037224
2.736012e-07,-0.0005540154
2.737012e-07,-0.00057124885
2.738012e-07,-0.00058345588
2.739012e-07,-0.00058704619
2.740012e-07,-0.000584892
2.741012e-07,-0.000584892
2.742012e-07,-0.00059494485
2.743012e-07,-0.00061935892
2.744012e-07,-0.00065454389
2.745012e-07,-0.00069188304
2.746012e-07,-0.00072132353
2.747012e-07,-0.0007364028
2.748012e-07,-0.00073783892
2.749012e-07,-0.00073353056
2.750012e-07,-0.0007328125
2.751012e-07,-0.00074358341
2.752012e-07,-0.00076584329
2.753012e-07,-0.00079600184
2.754012e-07,-0.00082472426
2.755012e-07,-0.00084626608
2.756012e-07,-0.00085847312
2.757012e-07,-0.0008642176
2.758012e-07,-0.00087068015
2.759012e-07,-0.00088216912
2.760012e-07,-0.00090083869
2.761012e-07,-0.00092525276
2.762012e-07,-0.00095110294
2.763012e-07,-0.00097479894
2.764012e-07,-0.00099634076
2.765012e-07,-0.0010142923
2.766012e-07,-0.0010315257
2.767012e-07,-0.0010458869
2.768012e-07,-0.0010545037
2.769012e-07,-0.0010537856
2.770012e-07,-0.0010430147
2.771012e-07,-0.0010250632
2.772012e-07,-0.0010078297
2.773012e-07,-0.00099993107
2.774012e-07,-0.0010085478
2.775012e-07,-0.0010329619
2.776012e-07,-0.0010674288
2.777012e-07,-0.0011004596
2.778012e-07,-0.0011234375
2.779012e-07,-0.0011313362
2.780012e-07,-0.0011263097
2.781012e-07,-0.001116975
2.782012e-07,-0.0011119485
2.783012e-07,-0.0011162569
2.784012e-07,-0.0011284639
2.785012e-07,-0.001141389
2.786012e-07,-0.0011464154
2.787012e-07,-0.0011392348
2.788012e-07,-0.0011205653
2.789012e-07,-0.0010968693
2.790012e-07,-0.0010774816
2.791012e-07,-0.001069583
2.792012e-07,-0.0010753274
2.793012e-07,-0.0010918428
2.794012e-07,-0.0011119485
2.795012e-07,-0.0011306181
2.796012e-07,-0.0011435432
2.797012e-07,-0.0011521599
2.798012e-07,-0.0011579044
2.799012e-07,-0.0011614947
2.800012e-07,-0.0011622128
2.801012e-07,-0.0011571864
2.802012e-07,-0.0011464154
2.803012e-07,-0.0011306181
2.804012e-07,-0.0011148208
2.805012e-07,-0.0011069221
2.806012e-07,-0.0011119485
2.807012e-07,-0.0011320542
2.808012e-07,-0.0011629308
2.809012e-07,-0.0011973977
2.810012e-07,-0.0012268382
2.811012e-07,-0.0012469439
2.812012e-07,-0.0012562787
2.813012e-07,-0.001259869
2.814012e-07,-0.0012613051
2.815012e-07,-0.0012641774
2.816012e-07,-0.0012692038
2.817012e-07,-0.0012727941
2.818012e-07,-0.0012727941
2.819012e-07,-0.0012677677
2.820012e-07,-0.0012613051
2.821012e-07,-0.0012577148
2.822012e-07,-0.0012613051
2.823012e-07,-0.0012735122
2.824012e-07,-0.0012928998
2.825012e-07,-0.0013130055
2.826012e-07,-0.001330239
2.827012e-07,-0.0013417279
2.828012e-07,-0.0013496266
2.829012e-07,-0.0013560892
2.830012e-07,-0.0013647059
2.831012e-07,-0.0013747587
2.832012e-07,-0.0013826574
2.833012e-07,-0.0013840935
2.834012e-07,-0.0013761949
2.835012e-07,-0.0013596795
2.836012e-07,-0.0013410099
2.837012e-07,-0.0013288028
2.838012e-07,-0.001330239
2.839012e-07,-0.0013474724
2.840012e-07,-0.0013754768
2.841012e-07,-0.0014070715
2.842012e-07,-0.0014336397
2.843012e-07,-0.001448719
2.844012e-07,-0.0014530273
2.845012e-07,-0.0014501551
2.846012e-07,-0.0014451287
2.847012e-07,-0.0014408203
2.848012e-07,-0.00143723
2.849012e-07,-0.0014314855
2.850012e-07,-0.0014221507
2.851012e-07,-0.0014092256
2.852012e-07,-0.0013977367
2.853012e-07,-0.0013934283
2.854012e-07,-0.0013991728
2.855012e-07,-0.0014156882
2.856012e-07,-0.0014379481
2.857012e-07,-0.0014573357
2.858012e-07,-0.0014681066
2.859012e-07,-0.0014673886
2.860012e-07,-0.0014587718
2.861012e-07,-0.001449437
2.862012e-07,-0.0014451287
2.863012e-07,-0.001449437
2.864012e-07,-0.0014594899
2.865012e-07,-0.0014716969
2.866012e-07,-0.0014795956
2.867012e-07,-0.0014824678
2.868012e-07,-0.0014817498
2.869012e-07,-0.0014831859
2.870012e-07,-0.0014910846
2.871012e-07,-0.0015061638
2.872012e-07,-0.0015241153
2.873012e-07,-0.0015399127
2.874012e-07,-0.0015485294
2.875012e-07,-0.0015499655
2.876012e-07,-0.0015492475
2.877012e-07,-0.0015506836
2.878012e-07,-0.0015600184
2.879012e-07,-0.0015750977
2.880012e-07,-0.001590895
2.881012e-07,-0.0015995117
2.882012e-07,-0.0015944853
2.883012e-07,-0.0015772518
2.884012e-07,-0.001554992
2.885012e-07,-0.0015384766
2.886012e-07,-0.0015370404
2.887012e-07,-0.0015521197
2.888012e-07,-0.001579406
2.889012e-07,-0.0016081284
2.890012e-07,-0.0016289522
2.891012e-07,-0.0016368509
2.892012e-07,-0.0016346967
2.893012e-07,-0.0016296703
2.894012e-07,-0.0016289522
2.895012e-07,-0.0016354148
2.896012e-07,-0.0016461857
2.897012e-07,-0.0016540843
2.898012e-07,-0.0016519301
2.899012e-07,-0.0016390051
2.900012e-07,-0.0016203355
2.901012e-07,-0.0016066923
2.902012e-07,-0.0016059743
2.903012e-07,-0.0016232077
2.904012e-07,-0.0016526482
2.905012e-07,-0.001685679
2.906012e-07,-0.001709375
2.907012e-07,-0.0017179917
2.908012e-07,-0.0017115292
2.909012e-07,-0.001697886
2.910012e-07,-0.0016863971
2.911012e-07,-0.0016835248
2.912012e-07,-0.0016885512
2.913012e-07,-0.0016957318
2.914012e-07,-0.001697886
2.915012e-07,-0.0016892693
2.916012e-07,-0.0016720358
2.917012e-07,-0.0016526482
2.918012e-07,-0.0016404412
2.919012e-07,-0.0016418773
2.920012e-07,-0.0016576746
2.921012e-07,-0.0016828068
2.922012e-07,-0.001709375
2.923012e-07,-0.0017301988
2.924012e-07,-0.0017416877
2.925012e-07,-0.00174456
2.926012e-07,-0.0017438419
2.927012e-07,-0.0017416877
2.928012e-07,-0.0017402516
2.929012e-07,-0.0017373794
2.930012e-07,-0.0017323529
2.931012e-07,-0.0017244543
2.932012e-07,-0.0017151195
2.933012e-07,-0.001709375
2.934012e-07,-0.001709375
2.935012e-07,-0.0017165556
2.936012e-07,-0.0017287626
2.937012e-07,-0.0017424058
2.938012e-07,-0.0017553309
2.939012e-07,-0.0017668199
2.940012e-07,-0.0017790269
2.941012e-07,-0.0017948242
2.942012e-07,-0.0018127757
2.943012e-07,-0.0018285731
2.944012e-07,-0.0018350356
2.945012e-07,-0.0018264189
2.946012e-07,-0.0018012868
2.947012e-07,-0.0017661018
2.948012e-07,-0.0017337891
2.949012e-07,-0.0017158375
2.950012e-07,-0.001720864
2.951012e-07,-0.0017459961
2.952012e-07,-0.0017811811
2.953012e-07,-0.0018113396
2.954012e-07,-0.0018242647
2.955012e-07,-0.001816366
2.956012e-07,-0.0017941062
2.957012e-07,-0.0017696921
2.958012e-07,-0.0017553309
2.959012e-07,-0.0017560489
2.960012e-07,-0.001768974
2.961012e-07,-0.0017833352
2.962012e-07,-0.0017897978
2.963012e-07,-0.0017833352
2.964012e-07,-0.0017668199
2.965012e-07,-0.0017503045
2.966012e-07,-0.0017438419
2.967012e-07,-0.0017538948
2.968012e-07,-0.0017790269
2.969012e-07,-0.0018091854
2.970012e-07,-0.0018357537
2.971012e-07,-0.001850833
2.972012e-07,-0.0018537052
2.973012e-07,-0.0018501149
2.974012e-07,-0.0018472426
2.975012e-07,-0.0018493968
2.976012e-07,-0.0018558594
2.977012e-07,-0.0018608858
2.978012e-07,-0.0018587316
2.979012e-07,-0.0018472426
2.980012e-07,-0.0018321634
2.981012e-07,-0.0018206744
2.982012e-07,-0.0018242647
2.983012e-07,-0.0018458065
2.984012e-07,-0.0018809915
2.985012e-07,-0.0019204848
2.986012e-07,-0.0019506434
2.987012e-07,-0.0019642865
2.988012e-07,-0.0019592601
2.989012e-07,-0.0019441808
2.990012e-07,-0.0019276654
2.991012e-07,-0.0019190487
2.992012e-07,-0.0019212029
2.993012e-07,-0.0019305377
2.994012e-07,-0.0019391544
2.995012e-07,-0.0019413086
2.996012e-07,-0.001934846
2.997012e-07,-0.0019240751
2.998012e-07,-0.0019161765
2.999012e-07,-0.0019168945
3.000012e-07,-0.0019269474
3.001012e-07,-0.0019448989
3.002012e-07,-0.0019621324
3.003012e-07,-0.0019736213
3.004012e-07,-0.0019757755
3.005012e-07,-0.0019707491
3.006012e-07,-0.0019621324
3.007012e-07,-0.0019556698
3.008012e-07,-0.0019542337
3.009012e-07,-0.0019571059
3.010012e-07,-0.0019621324
3.011012e-07,-0.0019671588
3.012012e-07,-0.0019714671
3.013012e-07,-0.0019764936
3.014012e-07,-0.0019851103
3.015012e-07,-0.0019987534
3.016012e-07,-0.0020159869
3.017012e-07,-0.0020353745
3.018012e-07,-0.0020540441
3.019012e-07,-0.0020691234
3.020012e-07,-0.0020813304
3.021012e-07,-0.0020906652
3.022012e-07,-0.0021
3.023012e-07,-0.0021086167
3.024012e-07,-0.0021143612
3.025012e-07,-0.0021157973
3.026012e-07,-0.002111489
3.027012e-07,-0.0021043084
3.028012e-07,-0.0020985639
3.029012e-07,-0.0020992819
3.030012e-07,-0.002111489
3.031012e-07,-0.0021344669
3.032012e-07,-0.0021631893
3.033012e-07,-0.0021919118
3.034012e-07,-0.0022148897
3.035012e-07,-0.0022292509
3.036012e-07,-0.0022364315
3.037012e-07,-0.002241458
3.038012e-07,-0.0022493566
3.039012e-07,-0.0022608456
3.040012e-07,-0.0022737707
3.041012e-07,-0.0022823874
3.042012e-07,-0.0022838235
3.043012e-07,-0.0022759249
3.044012e-07,-0.0022637178
3.045012e-07,-0.0022522289
3.046012e-07,-0.0022493566
3.047012e-07,-0.0022586914
3.048012e-07,-0.0022795152
3.049012e-07,-0.0023053653
3.050012e-07,-0.0023297794
3.051012e-07,-0.0023470129
3.052012e-07,-0.0023534754
3.053012e-07,-0.0023506032
3.054012e-07,-0.0023412684
3.055012e-07,-0.0023276252
3.056012e-07,-0.0023103918
3.057012e-07,-0.0022917222
3.058012e-07,-0.0022723346
3.059012e-07,-0.002254383
3.060012e-07,-0.0022407399
3.061012e-07,-0.0022349954
3.062012e-07,-0.0022378676
3.063012e-07,-0.0022457663
3.064012e-07,-0.002253665
3.065012e-07,-0.0022558192
3.066012e-07,-0.0022493566
3.067012e-07,-0.0022349954
3.068012e-07,-0.00221848
3.069012e-07,-0.002206273
3.070012e-07,-0.0022034007
3.071012e-07,-0.0022077091
3.072012e-07,-0.0022148897
3.073012e-07,-0.0022148897
3.074012e-07,-0.0022034007
3.075012e-07,-0.0021797047
3.076012e-07,-0.0021495462
3.077012e-07,-0.0021244141
3.078012e-07,-0.002111489
3.079012e-07,-0.0021157973
3.080012e-07,-0.002135185
3.081012e-07,-0.002159599
3.082012e-07,-0.0021804228
3.083012e-07,-0.0021904756
3.084012e-07,-0.0021883215
3.085012e-07,-0.0021789867
3.086012e-07,-0.0021689338
3.087012e-07,-0.0021631893
3.088012e-07,-0.0021631893
3.089012e-07,-0.0021667796
3.090012e-07,-0.0021689338
3.091012e-07,-0.0021682158
3.092012e-07,-0.0021646255
3.093012e-07,-0.0021631893
3.094012e-07,-0.0021689338
3.095012e-07,-0.0021840131
3.096012e-07,-0.002206273
3.097012e-07,-0.002229969
3.098012e-07,-0.0022493566
3.099012e-07,-0.0022594095
3.100012e-07,-0.0022594095
3.101012e-07,-0.002254383
3.102012e-07,-0.0022493566
3.103012e-07,-0.0022493566
3.104012e-07,-0.0022558192
3.105012e-07,-0.002265154
3.106012e-07,-0.0022723346
3.107012e-07,-0.0022737707
3.108012e-07,-0.0022680262
3.109012e-07,-0.0022586914
3.110012e-07,-0.0022493566
3.111012e-07,-0.0022450483
3.112012e-07,-0.0022472024
3.113012e-07,-0.0022529469
3.114012e-07,-0.0022608456
3.115012e-07,-0.0022665901
3.116012e-07,-0.0022694623
3.117012e-07,-0.0022701804
3.118012e-07,-0.0022723346
3.119012e-07,-0.002277361
3.120012e-07,-0.0022845416
3.121012e-07,-0.0022917222
3.122012e-07,-0.0022953125
3.123012e-07,-0.0022931583
3.124012e-07,-0.0022845416
3.125012e-07,-0.0022723346
3.126012e-07,-0.0022608456
3.127012e-07,-0.002253665
3.128012e-07,-0.0022515108
3.129012e-07,-0.0022551011
3.130012e-07,-0.0022608456
3.131012e-07,-0.0022665901
3.132012e-07,-0.0022701804
3.133012e-07,-0.0022723346
3.134012e-07,-0.0022723346
3.135012e-07,-0.0022708984
3.136012e-07,-0.0022687443
3.137012e-07,-0.002265154
3.138012e-07,-0.0022608456
3.139012e-07,-0.0022565372
3.140012e-07,-0.002253665
3.141012e-07,-0.0022551011
3.142012e-07,-0.0022608456
3.143012e-07,-0.0022701804
3.144012e-07,-0.0022816693
3.145012e-07,-0.0022902861
3.146012e-07,-0.0022953125
3.147012e-07,-0.0022960306
3.148012e-07,-0.0022945944
3.149012e-07,-0.0022938764
3.150012e-07,-0.0022953125
3.151012e-07,-0.0023003389
3.152012e-07,-0.0023068015
3.153012e-07,-0.002313264
3.154012e-07,-0.0023182904
3.155012e-07,-0.0023225988
3.156012e-07,-0.0023269072
3.157012e-07,-0.0023333697
3.158012e-07,-0.0023412684
3.159012e-07,-0.0023498851
3.160012e-07,-0.0023570657
3.161012e-07,-0.0023620921
3.162012e-07,-0.0023642463
3.163012e-07,-0.0023685547
3.164012e-07,-0.0023786075
3.165012e-07,-0.0023965591
3.166012e-07,-0.0024216912
3.167012e-07,-0.0024475414
3.168012e-07,-0.002466929
3.169012e-07,-0.0024733915
3.170012e-07,-0.0024676471
3.171012e-07,-0.00245544
3.172012e-07,-0.0024468233
3.173012e-07,-0.0024532858
3.174012e-07,-0.002479136
3.175012e-07,-0.0025200655
3.176012e-07,-0.0025653033
3.177012e-07,-0.0026004883
3.178012e-07,-0.0026170037
3.179012e-07,-0.0026126953
3.180012e-07,-0.0025947438
3.181012e-07,-0.0025775103
3.182012e-07,-0.0025710478
3.183012e-07,-0.0025811006
3.184012e-07,-0.0026033605
3.185012e-07,-0.0026270565
3.186012e-07,-0.0026399816
3.187012e-07,-0.0026356733
3.188012e-07,-0.0026162856
3.189012e-07,-0.0025904354
3.190012e-07,-0.0025710478
3.191012e-07,-0.0025653033
3.192012e-07,-0.0025746381
3.193012e-07,-0.0025918716
3.194012e-07,-0.0026055147
3.195012e-07,-0.0026069508
3.196012e-07,-0.0025925896
3.197012e-07,-0.0025660214
3.198012e-07,-0.0025365809
3.199012e-07,-0.0025136029
3.200012e-07,-0.002502832
3.201012e-07,-0.0025042682
3.202012e-07,-0.0025136029
3.203012e-07,-0.0025236558
3.204012e-07,-0.0025301183
3.205012e-07,-0.0025294003
3.206012e-07,-0.0025250919
3.207012e-07,-0.0025193474
3.208012e-07,-0.002514321
3.209012e-07,-0.0025128849
3.210012e-07,-0.0025136029
3.211012e-07,-0.0025157571
3.212012e-07,-0.0025193474
3.213012e-07,-0.0025222197
3.214012e-07,-0.0025250919
3.215012e-07,-0.002526528
3.216012e-07,-0.0025250919
3.217012e-07,-0.0025200655
3.218012e-07,-0.0025136029
3.219012e-07,-0.0025078585
3.220012e-07,-0.0025071404
3.221012e-07,-0.0025164752
3.222012e-07,-0.0025365809
3.223012e-07,-0.0025645852
3.224012e-07,-0.0025961799
3.225012e-07,-0.0026227482
3.226012e-07,-0.0026399816
3.227012e-07,-0.0026471622
3.228012e-07,-0.0026464442
3.229012e-07,-0.0026428539
3.230012e-07,-0.0026399816
3.231012e-07,-0.0026399816
3.232012e-07,-0.0026406997
3.233012e-07,-0.0026414177
3.234012e-07,-0.0026399816
3.235012e-07,-0.0026392636
3.236012e-07,-0.0026428539
3.237012e-07,-0.0026543428
3.238012e-07,-0.0026744485
3.239012e-07,-0.0026988626
3.240012e-07,-0.0027204044
3.241012e-07,-0.0027326114
3.242012e-07,-0.0027318934
3.243012e-07,-0.0027211225
3.244012e-07,-0.0027067613
3.245012e-07,-0.0026974265
3.246012e-07,-0.0026974265
3.247012e-07,-0.0027060432
3.248012e-07,-0.0027168141
3.249012e-07,-0.0027225586
3.250012e-07,-0.0027204044
3.251012e-07,-0.0027117877
3.252012e-07,-0.0027046071
3.253012e-07,-0.0027060432
3.254012e-07,-0.0027204044
3.255012e-07,-0.0027441004
3.256012e-07,-0.0027677964
3.257012e-07,-0.0027814396
3.258012e-07,-0.0027778493
3.259012e-07,-0.0027606158
3.260012e-07,-0.002739074
3.261012e-07,-0.002726867
3.262012e-07,-0.0027318934
3.263012e-07,-0.0027541533
3.264012e-07,-0.0027835937
3.265012e-07,-0.0028065717
3.266012e-07,-0.0028123162
3.267012e-07,-0.0027993911
3.268012e-07,-0.0027756951
3.269012e-07,-0.0027563074
3.270012e-07,-0.0027548713
3.271012e-07,-0.002774977
3.272012e-07,-0.002810162
3.273012e-07,-0.0028467831
3.274012e-07,-0.002869761
3.275012e-07,-0.0028726333
3.276012e-07,-0.0028582721
3.277012e-07,-0.0028374483
3.278012e-07,-0.0028238051
3.279012e-07,-0.0028252413
3.280012e-07,-0.0028396025
3.281012e-07,-0.0028582721
3.282012e-07,-0.002869761
3.283012e-07,-0.0028676068
3.284012e-07,-0.0028525276
3.285012e-07,-0.002833858
3.286012e-07,-0.0028238051
3.287012e-07,-0.0028295496
3.288012e-07,-0.0028510915
3.289012e-07,-0.0028798139
3.290012e-07,-0.0029042279
3.291012e-07,-0.002916435
3.292012e-07,-0.0029142808
3.293012e-07,-0.0029035099
3.294012e-07,-0.002892739
3.295012e-07,-0.0028898667
3.296012e-07,-0.0028963293
3.297012e-07,-0.0029071002
3.298012e-07,-0.0029157169
3.299012e-07,-0.0029157169
3.300012e-07,-0.0029056641
3.301012e-07,-0.0028920209
3.302012e-07,-0.00288125
3.303012e-07,-0.0028790958
3.304012e-07,-0.0028869945
3.305012e-07,-0.0029013557
3.306012e-07,-0.0029157169
3.307012e-07,-0.0029257698
3.308012e-07,-0.0029300781
3.309012e-07,-0.0029329504
3.310012e-07,-0.0029386949
3.311012e-07,-0.0029494658
3.312012e-07,-0.002963827
3.313012e-07,-0.0029767521
3.314012e-07,-0.0029846507
3.315012e-07,-0.0029846507
3.316012e-07,-0.0029796243
3.317012e-07,-0.0029774701
3.318012e-07,-0.0029846507
3.319012e-07,-0.0030040384
3.320012e-07,-0.0030334789
3.321012e-07,-0.0030643555
3.322012e-07,-0.0030880515
3.323012e-07,-0.0030995404
3.324012e-07,-0.0030988224
3.325012e-07,-0.0030916418
3.326012e-07,-0.0030880515
3.327012e-07,-0.0030930779
3.328012e-07,-0.0031081572
3.329012e-07,-0.0031282629
3.330012e-07,-0.0031454963
3.331012e-07,-0.003153395
3.332012e-07,-0.0031512408
3.333012e-07,-0.003141906
3.334012e-07,-0.0031340074
3.335012e-07,-0.0031340074
3.336012e-07,-0.0031462144
3.337012e-07,-0.0031670381
3.338012e-07,-0.0031914522
3.339012e-07,-0.0032115579
3.340012e-07,-0.0032223288
3.341012e-07,-0.0032223288
3.342012e-07,-0.0032144301
3.343012e-07,-0.0032029412
3.344012e-07,-0.0031936064
3.345012e-07,-0.003189298
3.346012e-07,-0.0031914522
3.347012e-07,-0.003200787
3.348012e-07,-0.0032158663
3.349012e-07,-0.00323669
3.350012e-07,-0.003260386
3.351012e-07,-0.003284082
3.352012e-07,-0.0033034697
3.353012e-07,-0.0033149586
3.354012e-07,-0.0033178309
3.355012e-07,-0.0033120864
3.356012e-07,-0.0033020335
3.357012e-07,-0.0032912626
3.358012e-07,-0.003283364
3.359012e-07,-0.0032797737
3.360012e-07,-0.0032797737
3.361012e-07,-0.0032812098
3.362012e-07,-0.003283364
3.363012e-07,-0.0032862362
3.364012e-07,-0.0032919807
3.365012e-07,-0.0033027516
3.366012e-07,-0.0033178309
3.367012e-07,-0.0033343463
3.368012e-07,-0.0033458352
3.369012e-07,-0.0033487075
3.370012e-07,-0.0033408088
3.371012e-07,-0.0033257295
3.372012e-07,-0.0033099322
3.373012e-07,-0.0033020335
3.374012e-07,-0.0033063419
3.375012e-07,-0.0033221392
3.376012e-07,-0.003342963
3.377012e-07,-0.0033594784
3.378012e-07,-0.0033637868
3.379012e-07,-0.003354452
3.380012e-07,-0.0033357824
3.381012e-07,-0.0033171128
3.382012e-07,-0.0033063419
3.383012e-07,-0.0033092142
3.384012e-07,-0.0033235754
3.385012e-07,-0.0033451172
3.386012e-07,-0.0033637868
3.387012e-07,-0.0033752757
3.388012e-07,-0.0033767119
3.389012e-07,-0.0033716854
3.390012e-07,-0.0033637868
3.391012e-07,-0.0033573242
3.392012e-07,-0.003354452
3.393012e-07,-0.0033530159
3.394012e-07,-0.0033522978
3.395012e-07,-0.0033515797
3.396012e-07,-0.0033515797
3.397012e-07,-0.0033558881
3.398012e-07,-0.0033637868
3.399012e-07,-0.0033752757
3.400012e-07,-0.0033853286
3.401012e-07,-0.003390355
3.402012e-07,-0.0033867647
3.403012e-07,-0.0033752757
3.404012e-07,-0.0033601965
3.405012e-07,-0.0033472714
3.406012e-07,-0.0033408088
3.407012e-07,-0.0033408088
3.408012e-07,-0.0033443991
3.409012e-07,-0.0033458352
3.410012e-07,-0.0033408088
3.411012e-07,-0.0033293199
3.412012e-07,-0.0033163948
3.413012e-07,-0.00330706
3.414012e-07,-0.0033063419
3.415012e-07,-0.0033142406
3.416012e-07,-0.0033257295
3.417012e-07,-0.0033329102
3.418012e-07,-0.0033293199
3.419012e-07,-0.0033149586
3.420012e-07,-0.0032948529
3.421012e-07,-0.0032783375
3.422012e-07,-0.003271875
3.423012e-07,-0.0032790556
3.424012e-07,-0.0032948529
3.425012e-07,-0.0033113683
3.426012e-07,-0.0033178309
3.427012e-07,-0.0033106503
3.428012e-07,-0.0032926988
3.429012e-07,-0.0032725931
3.430012e-07,-0.003260386
3.431012e-07,-0.0032632583
3.432012e-07,-0.0032812098
3.433012e-07,-0.0033063419
3.434012e-07,-0.0033293199
3.435012e-07,-0.0033400908
3.436012e-07,-0.0033350643
3.437012e-07,-0.0033178309
3.438012e-07,-0.0032948529
3.439012e-07,-0.0032754653
3.440012e-07,-0.0032654125
3.441012e-07,-0.0032646944
3.442012e-07,-0.003271875
3.443012e-07,-0.0032819278
3.444012e-07,-0.0032912626
3.445012e-07,-0.0032991613
3.446012e-07,-0.0033063419
3.447012e-07,-0.0033142406
3.448012e-07,-0.0033228573
3.449012e-07,-0.0033321921
3.450012e-07,-0.0033408088
3.451012e-07,-0.0033472714
3.452012e-07,-0.0033508617
3.453012e-07,-0.0033522978
3.454012e-07,-0.0033522978
3.455012e-07,-0.0033501436
3.456012e-07,-0.0033458352
3.457012e-07,-0.0033379366
3.458012e-07,-0.0033293199
3.459012e-07,-0.0033221392
3.460012e-07,-0.0033199851
3.461012e-07,-0.0033264476
3.462012e-07,-0.0033408088
3.463012e-07,-0.0033594784
3.464012e-07,-0.0033774299
3.465012e-07,-0.0033867647
3.466012e-07,-0.0033867647
3.467012e-07,-0.003378866
3.468012e-07,-0.0033702493
3.469012e-07,-0.0033673771
3.470012e-07,-0.0033752757
3.471012e-07,-0.0033925092
3.472012e-07,-0.003414051
3.473012e-07,-0.0034327206
3.474012e-07,-0.0034442096
3.475012e-07,-0.0034477999
3.476012e-07,-0.003449236
3.477012e-07,-0.0034542624
3.478012e-07,-0.0034671875
3.479012e-07,-0.0034872932
3.480012e-07,-0.003508117
3.481012e-07,-0.0035224782
3.482012e-07,-0.0035246324
3.483012e-07,-0.0035152976
3.484012e-07,-0.0035009364
3.485012e-07,-0.0034901654
3.486012e-07,-0.0034901654
3.487012e-07,-0.0035016544
3.488012e-07,-0.003520324
3.489012e-07,-0.0035382755
3.490012e-07,-0.0035476103
3.491012e-07,-0.0035468922
3.492012e-07,-0.0035404297
3.493012e-07,-0.0035346852
3.494012e-07,-0.0035361213
3.495012e-07,-0.0035461742
3.496012e-07,-0.0035619715
3.497012e-07,-0.0035756147
3.498012e-07,-0.0035820772
3.499012e-07,-0.0035813591
3.500012e-07,-0.0035770508
3.501012e-07,-0.0035763327
3.502012e-07,-0.0035820772
3.503012e-07,-0.0035935662
3.504012e-07,-0.0036043371
3.505012e-07,-0.0036057732
3.506012e-07,-0.0035935662
3.507012e-07,-0.0035698702
3.508012e-07,-0.0035454561
3.509012e-07,-0.0035310949
3.510012e-07,-0.0035361213
3.511012e-07,-0.0035598173
3.512012e-07,-0.0035935662
3.513012e-07,-0.0036237247
3.514012e-07,-0.0036395221
3.515012e-07,-0.0036380859
3.516012e-07,-0.0036251608
3.517012e-07,-0.0036143899
3.518012e-07,-0.0036165441
3.519012e-07,-0.0036344956
3.520012e-07,-0.0036617819
3.521012e-07,-0.0036869141
3.522012e-07,-0.0036969669
3.523012e-07,-0.0036869141
3.524012e-07,-0.0036610639
3.525012e-07,-0.0036330595
3.526012e-07,-0.0036165441
3.527012e-07,-0.0036194164
3.528012e-07,-0.0036402401
3.529012e-07,-0.0036696806
3.530012e-07,-0.0036969669
3.531012e-07,-0.0037120462
3.532012e-07,-0.0037134823
3.533012e-07,-0.0037063017
3.534012e-07,-0.0036969669
3.535012e-07,-0.0036912224
3.536012e-07,-0.0036897863
3.537012e-07,-0.0036890682
3.538012e-07,-0.0036854779
3.539012e-07,-0.0036790154
3.540012e-07,-0.003674707
3.541012e-07,-0.0036790154
3.542012e-07,-0.0036969669
3.543012e-07,-0.0037264074
3.544012e-07,-0.0037594382
3.545012e-07,-0.0037838523
3.546012e-07,-0.0037888787
3.547012e-07,-0.0037730813
3.548012e-07,-0.0037422047
3.549012e-07,-0.0037091739
3.550012e-07,-0.0036854779
3.551012e-07,-0.0036775793
3.552012e-07,-0.0036818876
3.553012e-07,-0.0036919405
3.554012e-07,-0.0036969669
3.555012e-07,-0.0036933766
3.556012e-07,-0.0036840418
3.557012e-07,-0.003674707
3.558012e-07,-0.003673989
3.559012e-07,-0.0036818876
3.560012e-07,-0.0036948127
3.561012e-07,-0.0037019933
3.562012e-07,-0.0036969669
3.563012e-07,-0.0036782973
3.564012e-07,-0.0036531652
3.565012e-07,-0.0036337776
3.566012e-07,-0.0036280331
3.567012e-07,-0.0036402401
3.568012e-07,-0.0036632181
3.569012e-07,-0.0036854779
3.570012e-07,-0.0036969669
3.571012e-07,-0.0036933766
3.572012e-07,-0.0036811696
3.573012e-07,-0.0036703987
3.574012e-07,-0.003673989
3.575012e-07,-0.0036948127
3.576012e-07,-0.0037271255
3.577012e-07,-0.0037594382
3.578012e-07,-0.0037773897
3.579012e-07,-0.0037752355
3.580012e-07,-0.003757284
3.581012e-07,-0.0037343061
3.582012e-07,-0.0037199449
3.583012e-07,-0.003721381
3.584012e-07,-0.0037378964
3.585012e-07,-0.0037601562
3.586012e-07,-0.0037773897
3.587012e-07,-0.0037824161
3.588012e-07,-0.0037745175
3.589012e-07,-0.0037623104
3.590012e-07,-0.0037544118
3.591012e-07,-0.0037565659
3.592012e-07,-0.003769491
3.593012e-07,-0.0037860064
3.594012e-07,-0.0038003676
3.595012e-07,-0.0038075483
3.596012e-07,-0.0038082663
3.597012e-07,-0.0038075483
3.598012e-07,-0.0038118566
3.599012e-07,-0.0038211914
3.600012e-07,-0.0038326804
3.601012e-07,-0.0038391429
3.602012e-07,-0.0038348346
3.603012e-07,-0.0038211914
3.604012e-07,-0.003804676
3.605012e-07,-0.0037953412
3.606012e-07,-0.0038003676
3.607012e-07,-0.0038204733
3.608012e-07,-0.0038484777
3.609012e-07,-0.0038721737
3.610012e-07,-0.0038807904
3.611012e-07,-0.0038721737
3.612012e-07,-0.0038527861
3.613012e-07,-0.0038326804
3.614012e-07,-0.0038233456
3.615012e-07,-0.003827654
3.616012e-07,-0.0038420152
3.617012e-07,-0.0038549403
3.618012e-07,-0.0038578125
3.619012e-07,-0.0038477597
3.620012e-07,-0.0038298081
3.621012e-07,-0.0038147289
3.622012e-07,-0.0038118566
3.623012e-07,-0.0038233456
3.624012e-07,-0.0038427332
3.625012e-07,-0.0038578125
3.626012e-07,-0.0038578125
3.627012e-07,-0.0038384249
3.628012e-07,-0.0038061121
3.629012e-07,-0.0037737994
3.630012e-07,-0.0037544118
3.631012e-07,-0.0037529756
3.632012e-07,-0.0037659007
3.633012e-07,-0.0037816981
3.634012e-07,-0.0037888787
3.635012e-07,-0.00378098
3.636012e-07,-0.0037623104
3.637012e-07,-0.0037414867
3.638012e-07,-0.0037314338
3.639012e-07,-0.0037364602
3.640012e-07,-0.0037529756
3.641012e-07,-0.0037702091
3.642012e-07,-0.0037773897
3.643012e-07,-0.003769491
3.644012e-07,-0.0037493853
3.645012e-07,-0.0037292796
3.646012e-07,-0.0037199449
3.647012e-07,-0.0037271255
3.648012e-07,-0.0037472312
3.649012e-07,-0.0037680549
3.650012e-07,-0.0037773897
3.651012e-07,-0.0037673369
3.652012e-07,-0.0037407686
3.653012e-07,-0.0037084559
3.654012e-07,-0.0036854779
3.655012e-07,-0.0036818876
3.656012e-07,-0.003697685
3.657012e-07,-0.0037264074
3.658012e-07,-0.0037544118
3.659012e-07,-0.0037702091
3.660012e-07,-0.003768773
3.661012e-07,-0.0037529756
3.662012e-07,-0.0037314338
3.663012e-07,-0.0037106101
3.664012e-07,-0.0036955308
3.665012e-07,-0.0036840418
3.666012e-07,-0.003673989
3.667012e-07,-0.0036625
3.668012e-07,-0.003650293
3.669012e-07,-0.0036409582
3.670012e-07,-0.0036395221
3.671012e-07,-0.0036459846
3.672012e-07,-0.0036560375
3.673012e-07,-0.0036632181
3.674012e-07,-0.0036625
3.675012e-07,-0.0036517291
3.676012e-07,-0.0036352137
3.677012e-07,-0.0036208525
3.678012e-07,-0.0036165441
3.679012e-07,-0.0036244428
3.680012e-07,-0.0036402401
3.681012e-07,-0.0036560375
3.682012e-07,-0.0036625
3.683012e-07,-0.0036567555
3.684012e-07,-0.0036409582
3.685012e-07,-0.0036251608
3.686012e-07,-0.0036165441
3.687012e-07,-0.0036201344
3.688012e-07,-0.0036330595
3.689012e-07,-0.0036467027
3.690012e-07,-0.003651011
3.691012e-07,-0.0036402401
3.692012e-07,-0.0036165441
3.693012e-07,-0.0035856675
3.694012e-07,-0.0035590993
3.695012e-07,-0.0035433019
3.696012e-07,-0.0035411477
3.697012e-07,-0.0035483284
3.698012e-07,-0.0035590993
3.699012e-07,-0.003567716
3.700012e-07,-0.0035713063
3.701012e-07,-0.0035713063
3.702012e-07,-0.0035705882
3.703012e-07,-0.0035691521
3.704012e-07,-0.0035655618
3.705012e-07,-0.0035590993
3.706012e-07,-0.0035476103
3.707012e-07,-0.0035339671
3.708012e-07,-0.0035246324
3.709012e-07,-0.0035239143
3.710012e-07,-0.0035361213
3.711012e-07,-0.0035576631
3.712012e-07,-0.0035820772
3.713012e-07,-0.0036000287
3.714012e-07,-0.0036050551
3.715012e-07,-0.0035993107
3.716012e-07,-0.0035892578
3.717012e-07,-0.0035849494
3.718012e-07,-0.0035935662
3.719012e-07,-0.003615108
3.720012e-07,-0.0036423943
3.721012e-07,-0.0036653722
3.722012e-07,-0.003673989
3.723012e-07,-0.0036675264
3.724012e-07,-0.0036531652
3.725012e-07,-0.0036402401
3.726012e-07,-0.0036395221
3.727012e-07,-0.0036538833
3.728012e-07,-0.0036782973
3.729012e-07,-0.0037034295
3.730012e-07,-0.0037199449
3.731012e-07,-0.0037242532
3.732012e-07,-0.0037199449
3.733012e-07,-0.0037156365
3.734012e-07,-0.0037199449
3.735012e-07,-0.0037350241
3.736012e-07,-0.0037558479
3.737012e-07,-0.0037723633
3.738012e-07,-0.0037773897
3.739012e-07,-0.0037673369
3.740012e-07,-0.0037472312
3.741012e-07,-0.0037285616
3.742012e-07,-0.0037199449
3.743012e-07,-0.0037264074
3.744012e-07,-0.0037429228
3.745012e-07,-0.0037594382
3.746012e-07,-0.0037659007
3.747012e-07,-0.0037580021
3.748012e-07,-0.0037393325
3.749012e-07,-0.0037192268
3.750012e-07,-0.0037084559
3.751012e-07,-0.0037120462
3.752012e-07,-0.0037271255
3.753012e-07,-0.0037443589
3.754012e-07,-0.0037544118
3.755012e-07,-0.0037515395
3.756012e-07,-0.0037371783
3.757012e-07,-0.0037199449
3.758012e-07,-0.0037084559
3.759012e-07,-0.0037077378
3.760012e-07,-0.0037163545
3.761012e-07,-0.0037271255
3.762012e-07,-0.0037314338
3.763012e-07,-0.0037249713
3.764012e-07,-0.0037106101
3.765012e-07,-0.0036948127
3.766012e-07,-0.0036854779
3.767012e-07,-0.0036869141
3.768012e-07,-0.0036962489
3.769012e-07,-0.0037063017
3.770012e-07,-0.0037084559
3.771012e-07,-0.0036991211
3.772012e-07,-0.0036811696
3.773012e-07,-0.0036617819
3.774012e-07,-0.003651011
3.775012e-07,-0.0036531652
3.776012e-07,-0.0036660903
3.777012e-07,-0.0036833238
3.778012e-07,-0.0036969669
3.779012e-07,-0.0037019933
3.780012e-07,-0.0036998392
3.781012e-07,-0.0036962489
3.782012e-07,-0.0036969669
3.783012e-07,-0.0037055836
3.784012e-07,-0.0037206629
3.785012e-07,-0.0037350241
3.786012e-07,-0.0037429228
3.787012e-07,-0.0037429228
3.788012e-07,-0.0037386144
3.789012e-07,-0.0037364602
3.790012e-07,-0.0037429228
3.791012e-07,-0.0037594382
3.792012e-07,-0.0037824161
3.793012e-07,-0.0038018038
3.794012e-07,-0.0038118566
3.795012e-07,-0.0038097024
3.796012e-07,-0.0037989315
3.797012e-07,-0.0037895967
3.798012e-07,-0.0037888787
3.799012e-07,-0.0038010857
3.800012e-07,-0.0038219095
3.801012e-07,-0.0038441693
3.802012e-07,-0.0038578125
3.803012e-07,-0.0038599667
3.804012e-07,-0.0038535041
3.805012e-07,-0.0038463235
3.806012e-07,-0.0038463235
3.807012e-07,-0.0038556583
3.808012e-07,-0.0038721737
3.809012e-07,-0.003887253
3.810012e-07,-0.0038922794
3.811012e-07,-0.0038850988
3.812012e-07,-0.0038685834
3.813012e-07,-0.0038527861
3.814012e-07,-0.0038463235
3.815012e-07,-0.0038535041
3.816012e-07,-0.0038728918
3.817012e-07,-0.0038958697
3.818012e-07,-0.0039152574
3.819012e-07,-0.0039260283
3.820012e-07,-0.0039289005
3.821012e-07,-0.0039310547
3.822012e-07,-0.0039382353
3.823012e-07,-0.0039525965
3.824012e-07,-0.00396983
3.825012e-07,-0.0039827551
3.826012e-07,-0.0039841912
3.827012e-07,-0.003970548
3.828012e-07,-0.003946852
3.829012e-07,-0.0039210018
3.830012e-07,-0.0039037684
3.831012e-07,-0.00389946
3.832012e-07,-0.0039066406
3.833012e-07,-0.0039181296
3.834012e-07,-0.0039267463
3.835012e-07,-0.0039281824
3.836012e-07,-0.003923156
3.837012e-07,-0.0039166935
3.838012e-07,-0.0039152574
3.839012e-07,-0.0039202838
3.840012e-07,-0.0039281824
3.841012e-07,-0.0039324908
3.842012e-07,-0.0039267463
3.843012e-07,-0.0039102309
3.844012e-07,-0.003887253
3.845012e-07,-0.0038671473
3.846012e-07,-0.0038578125
3.847012e-07,-0.0038621209
3.848012e-07,-0.0038764821
3.849012e-07,-0.0038929975
3.850012e-07,-0.0039037684
3.851012e-07,-0.0039044864
3.852012e-07,-0.0038965878
3.853012e-07,-0.003887253
3.854012e-07,-0.0038807904
3.855012e-07,-0.0038807904
3.856012e-07,-0.0038843807
3.857012e-07,-0.0038858169
3.858012e-07,-0.0038807904
3.859012e-07,-0.0038700195
3.860012e-07,-0.0038578125
3.861012e-07,-0.003852068
3.862012e-07,-0.0038578125
3.863012e-07,-0.0038736098
3.864012e-07,-0.0038929975
3.865012e-07,-0.0039059226
3.866012e-07,-0.0039037684
3.867012e-07,-0.003887253
3.868012e-07,-0.003863557
3.869012e-07,-0.0038434513
3.870012e-07,-0.0038348346
3.871012e-07,-0.003840579
3.872012e-07,-0.0038542222
3.873012e-07,-0.0038664292
3.874012e-07,-0.0038693015
3.875012e-07,-0.0038614028
3.876012e-07,-0.0038506319
3.877012e-07,-0.0038463235
3.878012e-07,-0.0038578125
3.879012e-07,-0.0038858169
3.880012e-07,-0.003922438
3.881012e-07,-0.0039554687
3.882012e-07,-0.0039727022
3.883012e-07,-0.0039712661
3.884012e-07,-0.0039569049
3.885012e-07,-0.0039425437
3.886012e-07,-0.0039382353
3.887012e-07,-0.0039497243
3.888012e-07,-0.0039712661
3.889012e-07,-0.003994244
3.890012e-07,-0.0040071691
3.891012e-07,-0.0040064511
3.892012e-07,-0.0039956801
3.893012e-07,-0.0039849092
3.894012e-07,-0.0039841912
3.895012e-07,-0.0039963982
3.896012e-07,-0.0040186581
3.897012e-07,-0.0040401999
3.898012e-07,-0.004053125
3.899012e-07,-0.0040552792
3.900012e-07,-0.0040524069
3.901012e-07,-0.004053125
3.902012e-07,-0.004064614
3.903012e-07,-0.0040875919
3.904012e-07,-0.0041148782
3.905012e-07,-0.0041328297
3.906012e-07,-0.0041335478
3.907012e-07,-0.0041163143
3.908012e-07,-0.0040904642
3.909012e-07,-0.0040732307
3.910012e-07,-0.0040761029
3.911012e-07,-0.0041041073
3.912012e-07,-0.0041486271
3.913012e-07,-0.004194583
3.914012e-07,-0.0042254596
3.915012e-07,-0.0042333582
3.916012e-07,-0.0042218693
3.917012e-07,-0.0042031997
3.918012e-07,-0.0041909926
3.919012e-07,-0.0041938649
3.920012e-07,-0.0042089442
3.921012e-07,-0.0042268957
3.922012e-07,-0.0042369485
3.923012e-07,-0.0042333582
3.924012e-07,-0.0042197151
3.925012e-07,-0.0042060719
3.926012e-07,-0.0042024816
3.927012e-07,-0.0042146886
3.928012e-07,-0.0042376666
3.929012e-07,-0.0042606445
3.930012e-07,-0.0042714154
3.931012e-07,-0.0042649529
3.932012e-07,-0.0042441291
3.933012e-07,-0.0042197151
3.934012e-07,-0.0042024816
3.935012e-07,-0.0041981733
3.936012e-07,-0.0042046358
3.937012e-07,-0.0042132525
3.938012e-07,-0.0042139706
3.939012e-07,-0.0042039177
3.940012e-07,-0.0041881204
3.941012e-07,-0.0041766314
3.942012e-07,-0.0041795037
3.943012e-07,-0.0041988913
3.944012e-07,-0.0042290499
3.945012e-07,-0.0042577723
3.946012e-07,-0.0042714154
3.947012e-07,-0.004265671
3.948012e-07,-0.0042448472
3.949012e-07,-0.0042197151
3.950012e-07,-0.0042024816
3.951012e-07,-0.0041996094
3.952012e-07,-0.0042089442
3.953012e-07,-0.0042204331
3.954012e-07,-0.0042254596
3.955012e-07,-0.004218997
3.956012e-07,-0.0042046358
3.957012e-07,-0.0041917107
3.958012e-07,-0.0041909926
3.959012e-07,-0.0042053539
3.960012e-07,-0.0042297679
3.961012e-07,-0.0042556181
3.962012e-07,-0.0042714154
3.963012e-07,-0.0042742877
3.964012e-07,-0.0042671071
3.965012e-07,-0.0042599265
3.966012e-07,-0.0042599265
3.967012e-07,-0.0042699793
3.968012e-07,-0.0042850586
3.969012e-07,-0.0042958295
3.970012e-07,-0.0042943934
3.971012e-07,-0.0042814683
3.972012e-07,-0.0042642348
3.973012e-07,-0.004254182
3.974012e-07,-0.0042599265
3.975012e-07,-0.0042814683
3.976012e-07,-0.0043101907
3.977012e-07,-0.0043331687
3.978012e-07,-0.0043403493
3.979012e-07,-0.0043302964
3.980012e-07,-0.0043116268
3.981012e-07,-0.0042965476
3.982012e-07,-0.0042943934
3.983012e-07,-0.0043058824
3.984012e-07,-0.0043216797
3.985012e-07,-0.0043288603
3.986012e-07,-0.0043173713
3.987012e-07,-0.0042886489
3.988012e-07,-0.0042556181
3.989012e-07,-0.0042340763
3.990012e-07,-0.0042369485
3.991012e-07,-0.0042635168
3.992012e-07,-0.0043001379
3.993012e-07,-0.0043274242
3.994012e-07,-0.0043288603
3.995012e-07,-0.004302292
3.996012e-07,-0.0042592084
3.997012e-07,-0.0042197151
3.998012e-07,-0.0042024816
3.999012e-07,-0.0042132525
4.000012e-07,-0.0042434111
4.001012e-07,-0.0042728516
4.002012e-07,-0.0042829044
4.003012e-07,-0.004266389
4.004012e-07,-0.0042290499
4.005012e-07,-0.0041902746
4.006012e-07,-0.0041680147
4.007012e-07,-0.004171605
4.008012e-07,-0.0041960191
4.009012e-07,-0.0042233054
4.010012e-07,-0.0042369485
4.011012e-07,-0.0042254596
4.012012e-07,-0.0041938649
4.013012e-07,-0.0041572438
4.014012e-07,-0.0041335478
4.015012e-07,-0.0041335478
4.016012e-07,-0.0041543716
4.017012e-07,-0.004183094
4.018012e-07,-0.0042024816
4.019012e-07,-0.0042024816
4.020012e-07,-0.0041852482
4.021012e-07,-0.0041608341
4.022012e-07,-0.0041450368
4.023012e-07,-0.0041464729
4.024012e-07,-0.0041629883
4.025012e-07,-0.0041823759
4.026012e-07,-0.0041909926
4.027012e-07,-0.0041795037
4.028012e-07,-0.0041500632
4.029012e-07,-0.0041148782
4.030012e-07,-0.0040875919
4.031012e-07,-0.0040782571
4.032012e-07,-0.0040854377
4.033012e-07,-0.004100517
4.034012e-07,-0.0041105699
4.035012e-07,-0.0041076976
4.036012e-07,-0.0040926183
4.037012e-07,-0.0040746668
4.038012e-07,-0.004064614
4.039012e-07,-0.0040689223
4.040012e-07,-0.0040840016
4.041012e-07,-0.0041019531
4.042012e-07,-0.0041105699
4.043012e-07,-0.0041048254
4.044012e-07,-0.00408831
4.045012e-07,-0.0040710765
4.046012e-07,-0.004064614
4.047012e-07,-0.0040739488
4.048012e-07,-0.0040962086
4.049012e-07,-0.0041191866
4.050012e-07,-0.0041335478
4.051012e-07,-0.0041328297
4.052012e-07,-0.0041213408
4.053012e-07,-0.0041105699
4.054012e-07,-0.0041105699
4.055012e-07,-0.0041278033
4.056012e-07,-0.0041565257
4.057012e-07,-0.0041859662
4.058012e-07,-0.0042024816
4.059012e-07,-0.0041996094
4.060012e-07,-0.0041816579
4.061012e-07,-0.0041586799
4.062012e-07,-0.0041450368
4.063012e-07,-0.004147909
4.064012e-07,-0.0041651425
4.065012e-07,-0.0041874023
4.066012e-07,-0.0042024816
4.067012e-07,-0.0042031997
4.068012e-07,-0.0041895565
4.069012e-07,-0.0041708869
4.070012e-07,-0.0041565257
4.071012e-07,-0.0041536535
4.072012e-07,-0.0041608341
4.073012e-07,-0.0041723231
4.074012e-07,-0.0041795037
4.075012e-07,-0.0041780676
4.076012e-07,-0.0041708869
4.077012e-07,-0.0041644244
4.078012e-07,-0.0041680147
4.079012e-07,-0.0041823759
4.080012e-07,-0.0042039177
4.081012e-07,-0.0042211512
4.082012e-07,-0.0042254596
4.083012e-07,-0.0042139706
4.084012e-07,-0.0041909926
4.085012e-07,-0.0041680147
4.086012e-07,-0.0041565257
4.087012e-07,-0.0041615522
4.088012e-07,-0.0041795037
4.089012e-07,-0.0042003274
4.090012e-07,-0.0042139706
4.091012e-07,-0.0042154067
4.092012e-07,-0.0042060719
4.093012e-07,-0.004195301
4.094012e-07,-0.0041909926
4.095012e-07,-0.0041967371
4.096012e-07,-0.0042089442
4.097012e-07,-0.0042175609
4.098012e-07,-0.0042139706
4.099012e-07,-0.0041960191
4.100012e-07,-0.0041687328
4.101012e-07,-0.0041443187
4.102012e-07,-0.0041335478
4.103012e-07,-0.0041421645
4.104012e-07,-0.0041658605
4.105012e-07,-0.0041938649
4.106012e-07,-0.0042139706
4.107012e-07,-0.0042197151
4.108012e-07,-0.0042132525
4.109012e-07,-0.0042046358
4.110012e-07,-0.0042024816
4.111012e-07,-0.0042139706
4.112012e-07,-0.0042376666
4.113012e-07,-0.0042635168
4.114012e-07,-0.0042829044
4.115012e-07,-0.004290085
4.116012e-07,-0.0042864947
4.117012e-07,-0.0042807502
4.118012e-07,-0.0042829044
4.119012e-07,-0.0042979837
4.120012e-07,-0.0043238339
4.121012e-07,-0.0043525563
4.122012e-07,-0.0043748162
4.123012e-07,-0.004384151
4.124012e-07,-0.0043827148
4.125012e-07,-0.0043762523
4.126012e-07,-0.0043748162
4.127012e-07,-0.0043827148
4.128012e-07,-0.0043970761
4.129012e-07,-0.0044128734
4.130012e-07,-0.0044207721
4.131012e-07,-0.0044171818
4.132012e-07,-0.0044042567
4.133012e-07,-0.0043913316
4.134012e-07,-0.0043863051
4.135012e-07,-0.0043956399
4.136012e-07,-0.0044164637
4.137012e-07,-0.0044430319
4.138012e-07,-0.0044667279
4.139012e-07,-0.0044818072
4.140012e-07,-0.0044882698
4.141012e-07,-0.0044925781
4.142012e-07,-0.0045011949
4.143012e-07,-0.0045162741
4.144012e-07,-0.0045356618
4.145012e-07,-0.0045521772
4.146012e-07,-0.0045586397
4.147012e-07,-0.0045536133
4.148012e-07,-0.0045399701
4.149012e-07,-0.004527045
4.150012e-07,-0.0045241728
4.151012e-07,-0.0045349437
4.152012e-07,-0.0045564855
4.153012e-07,-0.0045794635
4.154012e-07,-0.0045931066
4.155012e-07,-0.0045909524
4.156012e-07,-0.004573719
4.157012e-07,-0.0045478688
4.158012e-07,-0.0045241728
4.159012e-07,-0.0045098116
4.160012e-07,-0.0045076574
4.161012e-07,-0.0045141199
4.162012e-07,-0.0045241728
4.163012e-07,-0.0045313534
4.164012e-07,-0.0045335076
4.165012e-07,-0.0045306353
4.166012e-07,-0.0045241728
4.167012e-07,-0.004514838
4.168012e-07,-0.0045011949
4.169012e-07,-0.0044810892
4.170012e-07,-0.004455239
4.171012e-07,-0.0044265165
4.172012e-07,-0.0044021025
4.173012e-07,-0.0043877413
4.174012e-07,-0.0043863051
4.175012e-07,-0.0043949219
4.176012e-07,-0.0044056928
4.177012e-07,-0.004408565
4.178012e-07,-0.0043977941
4.179012e-07,-0.0043748162
4.180012e-07,-0.0043482479
4.181012e-07,-0.0043295784
4.182012e-07,-0.0043288603
4.183012e-07,-0.0043468118
4.184012e-07,-0.0043762523
4.185012e-07,-0.0044049747
4.186012e-07,-0.0044207721
4.187012e-07,-0.004420054
4.188012e-07,-0.0044071289
4.189012e-07,-0.0043927677
4.190012e-07,-0.0043863051
4.191012e-07,-0.0043934858
4.192012e-07,-0.0044121553
4.193012e-07,-0.004432261
4.194012e-07,-0.00444375
4.195012e-07,-0.0044415958
4.196012e-07,-0.0044286707
4.197012e-07,-0.0044107192
4.198012e-07,-0.0043977941
4.199012e-07,-0.0043949219
4.200012e-07,-0.0044021025
4.201012e-07,-0.0044128734
4.202012e-07,-0.0044207721
4.203012e-07,-0.0044214901
4.204012e-07,-0.0044171818
4.205012e-07,-0.0044114373
4.206012e-07,-0.0044092831
4.207012e-07,-0.0044121553
4.208012e-07,-0.0044157456
4.209012e-07,-0.0044164637
4.210012e-07,-0.0044092831
4.211012e-07,-0.004396358
4.212012e-07,-0.0043834329
4.213012e-07,-0.0043784065
4.214012e-07,-0.0043863051
4.215012e-07,-0.0044056928
4.216012e-07,-0.0044279527
4.217012e-07,-0.00444375
4.218012e-07,-0.00444375
4.219012e-07,-0.0044293888
4.220012e-07,-0.004407847
4.221012e-07,-0.0043906135
4.222012e-07,-0.0043863051
4.223012e-07,-0.004396358
4.224012e-07,-0.0044121553
4.225012e-07,-0.0044236443
4.226012e-07,-0.0044207721
4.227012e-07,-0.0044028205
4.228012e-07,-0.0043769704
4.229012e-07,-0.0043561466
4.230012e-07,-0.0043518382
4.231012e-07,-0.0043661994
4.232012e-07,-0.0043927677
4.233012e-07,-0.0044186179
4.234012e-07,-0.004432261
4.235012e-07,-0.0044286707
4.236012e-07,-0.0044121553
4.237012e-07,-0.0043942038
4.238012e-07,-0.0043863051
4.239012e-07,-0.0043913316
4.240012e-07,-0.0044056928
4.241012e-07,-0.0044186179
4.242012e-07,-0.0044207721
4.243012e-07,-0.0044100011
4.244012e-07,-0.0043927677
4.245012e-07,-0.0043812787
4.246012e-07,-0.0043863051
4.247012e-07,-0.0044107192
4.248012e-07,-0.0044473403
4.249012e-07,-0.0044818072
4.250012e-07,-0.0045011949
4.251012e-07,-0.0044990407
4.252012e-07,-0.004479653
4.253012e-07,-0.0044566751
4.254012e-07,-0.00444375
4.255012e-07,-0.0044480584
4.256012e-07,-0.0044681641
4.257012e-07,-0.0044932962
4.258012e-07,-0.0045126838
4.259012e-07,-0.0045191464
4.260012e-07,-0.0045155561
4.261012e-07,-0.0045098116
4.262012e-07,-0.0045126838
4.263012e-07,-0.0045291992
4.264012e-07,-0.0045564855
4.265012e-07,-0.0045844899
4.266012e-07,-0.0046045956
4.267012e-07,-0.0046110581
4.268012e-07,-0.0046081859
4.269012e-07,-0.0046024414
4.270012e-07,-0.0046045956
4.271012e-07,-0.0046175207
4.272012e-07,-0.0046369083
4.273012e-07,-0.0046548598
4.274012e-07,-0.0046620404
4.275012e-07,-0.004657014
4.276012e-07,-0.004644807
4.277012e-07,-0.0046361903
4.278012e-07,-0.0046390625
4.279012e-07,-0.004657014
4.280012e-07,-0.0046835823
4.281012e-07,-0.0047079963
4.282012e-07,-0.0047194853
4.283012e-07,-0.004715895
4.284012e-07,-0.0047015338
4.285012e-07,-0.0046886087
4.286012e-07,-0.0046850184
4.287012e-07,-0.0046943532
4.288012e-07,-0.0047101505
4.289012e-07,-0.0047209214
4.290012e-07,-0.0047194853
4.291012e-07,-0.004703688
4.292012e-07,-0.0046821461
4.293012e-07,-0.0046677849
4.294012e-07,-0.0046735294
4.295012e-07,-0.0047008157
4.296012e-07,-0.0047410271
4.297012e-07,-0.0047783663
4.298012e-07,-0.0047999081
4.299012e-07,-0.004798472
4.300012e-07,-0.0047798024
4.301012e-07,-0.0047568244
4.302012e-07,-0.0047424632
4.303012e-07,-0.0047438994
4.304012e-07,-0.0047575425
4.305012e-07,-0.0047726218
4.306012e-07,-0.0047769301
4.307012e-07,-0.0047654412
4.308012e-07,-0.0047431813
4.309012e-07,-0.0047202034
4.310012e-07,-0.0047079963
4.311012e-07,-0.0047115866
4.312012e-07,-0.004727384
4.313012e-07,-0.0047446174
4.314012e-07,-0.0047539522
4.315012e-07,-0.0047503619
4.316012e-07,-0.004739591
4.317012e-07,-0.0047302562
4.318012e-07,-0.0047309743
4.319012e-07,-0.0047431813
4.320012e-07,-0.0047604148
4.321012e-07,-0.0047704676
4.322012e-07,-0.0047654412
4.323012e-07,-0.0047446174
4.324012e-07,-0.0047173311
4.325012e-07,-0.0046972254
4.326012e-07,-0.0046965074
4.327012e-07,-0.004715895
4.328012e-07,-0.0047453355
4.329012e-07,-0.0047697495
4.330012e-07,-0.0047769301
4.331012e-07,-0.004763287
4.332012e-07,-0.0047367187
4.333012e-07,-0.0047144589
4.334012e-07,-0.0047079963
4.335012e-07,-0.0047216395
4.336012e-07,-0.0047460535
4.337012e-07,-0.0047654412
4.338012e-07,-0.0047654412
4.339012e-07,-0.0047424632
4.340012e-07,-0.0047058421
4.341012e-07,-0.0046735294
4.342012e-07,-0.0046620404
4.343012e-07,-0.0046778378
4.344012e-07,-0.0047144589
4.345012e-07,-0.0047532341
4.346012e-07,-0.0047769301
4.347012e-07,-0.004775494
4.348012e-07,-0.004751798
4.349012e-07,-0.0047202034
4.350012e-07,-0.0046965074
4.351012e-07,-0.0046900448
4.352012e-07,-0.0046993796
4.353012e-07,-0.0047130227
4.354012e-07,-0.0047194853
4.355012e-07,-0.0047115866
4.356012e-07,-0.0046936351
4.357012e-07,-0.0046771197
4.358012e-07,-0.0046735294
4.359012e-07,-0.0046871726
4.360012e-07,-0.0047101505
4.361012e-07,-0.0047295381
4.362012e-07,-0.0047309743
4.363012e-07,-0.0047087144
4.364012e-07,-0.004669221
4.365012e-07,-0.0046290097
4.366012e-07,-0.0046045956
4.367012e-07,-0.0046038775
4.368012e-07,-0.0046225471
4.369012e-07,-0.0046476792
4.370012e-07,-0.0046620404
4.371012e-07,-0.004656296
4.372012e-07,-0.0046326
4.373012e-07,-0.0046031595
4.374012e-07,-0.0045816176
4.375012e-07,-0.0045773093
4.376012e-07,-0.0045895163
4.377012e-07,-0.0046067498
4.378012e-07,-0.0046160846
4.379012e-07,-0.004608904
4.380012e-07,-0.0045866441
4.381012e-07,-0.0045586397
4.382012e-07,-0.0045356618
4.383012e-07,-0.0045256089
4.384012e-07,-0.0045284812
4.385012e-07,-0.0045349437
4.386012e-07,-0.0045356618
4.387012e-07,-0.004527045
4.388012e-07,-0.0045112477
4.389012e-07,-0.0044997587
4.390012e-07,-0.0045011949
4.391012e-07,-0.0045198644
4.392012e-07,-0.0045514591
4.393012e-07,-0.0045837718
4.394012e-07,-0.0046045956
4.395012e-07,-0.0046081859
4.396012e-07,-0.004598133
4.397012e-07,-0.004585926
4.398012e-07,-0.0045816176
4.399012e-07,-0.0045916705
4.400012e-07,-0.0046117762
4.401012e-07,-0.0046311638
4.402012e-07,-0.0046390625
4.403012e-07,-0.0046304458
4.404012e-07,-0.004609622
4.405012e-07,-0.0045887983
4.406012e-07,-0.0045816176
4.407012e-07,-0.0045938247
4.408012e-07,-0.004621111
4.409012e-07,-0.0046527057
4.410012e-07,-0.0046735294
4.411012e-07,-0.0046764017
4.412012e-07,-0.0046620404
4.413012e-07,-0.0046419347
4.414012e-07,-0.0046275735
4.415012e-07,-0.0046282916
4.416012e-07,-0.0046440889
4.417012e-07,-0.0046670669
4.418012e-07,-0.0046850184
4.419012e-07,-0.0046907629
4.420012e-07,-0.0046835823
4.421012e-07,-0.0046713752
4.422012e-07,-0.0046620404
4.423012e-07,-0.0046627585
4.424012e-07,-0.0046735294
4.425012e-07,-0.0046871726
4.426012e-07,-0.0046965074
4.427012e-07,-0.0046950712
4.428012e-07,-0.0046850184
4.429012e-07,-0.0046713752
4.430012e-07,-0.0046620404
4.431012e-07,-0.0046613224
4.432012e-07,-0.0046663488
4.433012e-07,-0.0046728114
4.434012e-07,-0.0046735294
4.435012e-07,-0.0046656307
4.436012e-07,-0.0046527057
4.437012e-07,-0.0046419347
4.438012e-07,-0.0046390625
4.439012e-07,-0.0046469612
4.440012e-07,-0.0046606043
4.441012e-07,-0.0046720933
4.442012e-07,-0.0046735294
4.443012e-07,-0.0046641946
4.444012e-07,-0.0046476792
4.445012e-07,-0.004633318
4.446012e-07,-0.0046275735
4.447012e-07,-0.0046326
4.448012e-07,-0.0046419347
4.449012e-07,-0.0046469612
4.450012e-07,-0.0046390625
4.451012e-07,-0.0046189568
4.452012e-07,-0.0045945427
4.453012e-07,-0.0045787454
4.454012e-07,-0.0045816176
4.455012e-07,-0.0046060317
4.456012e-07,-0.0046433709
4.457012e-07,-0.0046785558
4.458012e-07,-0.0046965074
4.459012e-07,-0.0046900448
4.460012e-07,-0.0046620404
4.461012e-07,-0.0046247013
4.462012e-07,-0.0045931066
4.463012e-07,-0.0045780273
4.464012e-07,-0.0045816176
4.465012e-07,-0.004597415
4.466012e-07,-0.0046160846
4.467012e-07,-0.0046290097
4.468012e-07,-0.004633318
4.469012e-07,-0.0046311638
4.470012e-07,-0.0046275735
4.471012e-07,-0.0046254193
4.472012e-07,-0.0046239832
4.473012e-07,-0.004621829
4.474012e-07,-0.0046160846
4.475012e-07,-0.0046081859
4.476012e-07,-0.0046024414
4.477012e-07,-0.0046045956
4.478012e-07,-0.0046160846
4.479012e-07,-0.0046347541
4.480012e-07,-0.0046512695
4.481012e-07,-0.0046584501
4.482012e-07,-0.0046505515
4.483012e-07,-0.0046326
4.484012e-07,-0.0046139304
4.485012e-07,-0.0046067498
4.486012e-07,-0.0046160846
4.487012e-07,-0.0046397806
4.488012e-07,-0.0046656307
4.489012e-07,-0.004679992
4.490012e-07,-0.0046735294
4.491012e-07,-0.0046491153
4.492012e-07,-0.0046175207
4.493012e-07,-0.0045952608
4.494012e-07,-0.0045931066
4.495012e-07,-0.0046110581
4.496012e-07,-0.0046383444
4.497012e-07,-0.0046591682
4.498012e-07,-0.0046620404
4.499012e-07,-0.0046462431
4.500012e-07,-0.0046232652
4.501012e-07,-0.004608904
4.502012e-07,-0.0046160846
4.503012e-07,-0.004645525
4.504012e-07,-0.0046864545
4.505012e-07,-0.0047202034
4.506012e-07,-0.0047309743
4.507012e-07,-0.004715895
4.508012e-07,-0.0046857364
4.509012e-07,-0.0046577321
4.510012e-07,-0.0046505515
4.511012e-07,-0.004669221
4.512012e-07,-0.0047065602
4.513012e-07,-0.0047446174
4.514012e-07,-0.0047654412
4.515012e-07,-0.0047618509
4.516012e-07,-0.004739591
4.517012e-07,-0.004715895
4.518012e-07,-0.0047079963
4.519012e-07,-0.0047237937
4.520012e-07,-0.0047582606
4.521012e-07,-0.0047970358
4.522012e-07,-0.004822886
4.523012e-07,-0.0048257583
4.524012e-07,-0.0048099609
4.525012e-07,-0.0047884191
4.526012e-07,-0.0047769301
4.527012e-07,-0.0047848288
4.528012e-07,-0.0048092429
4.529012e-07,-0.0048386834
4.530012e-07,-0.0048573529
4.531012e-07,-0.0048566349
4.532012e-07,-0.0048394014
4.533012e-07,-0.0048157054
4.534012e-07,-0.0047999081
4.535012e-07,-0.00479919
4.536012e-07,-0.0048121151
4.537012e-07,-0.0048279125
4.538012e-07,-0.004834375
4.539012e-07,-0.0048243222
4.540012e-07,-0.0048006261
4.541012e-07,-0.0047733398
4.542012e-07,-0.0047539522
4.543012e-07,-0.0047496438
4.544012e-07,-0.0047561064
4.545012e-07,-0.0047654412
4.546012e-07,-0.0047654412
4.547012e-07,-0.0047525161
4.548012e-07,-0.0047316923
4.549012e-07,-0.0047130227
4.550012e-07,-0.0047079963
4.551012e-07,-0.0047209214
4.552012e-07,-0.0047446174
4.553012e-07,-0.0047675954
4.554012e-07,-0.0047769301
4.555012e-07,-0.0047668773
4.556012e-07,-0.0047431813
4.557012e-07,-0.0047194853
4.558012e-07,-0.0047079963
4.559012e-07,-0.0047166131
4.560012e-07,-0.0047410271
4.561012e-07,-0.0047690315
4.562012e-07,-0.0047884191
4.563012e-07,-0.0047905733
4.564012e-07,-0.0047790843
4.565012e-07,-0.004763287
4.566012e-07,-0.0047539522
4.567012e-07,-0.0047575425
4.568012e-07,-0.0047704676
4.569012e-07,-0.0047841108
4.570012e-07,-0.0047884191
4.571012e-07,-0.0047798024
4.572012e-07,-0.0047618509
4.573012e-07,-0.0047460535
4.574012e-07,-0.0047424632
4.575012e-07,-0.0047532341
4.576012e-07,-0.0047740579
4.577012e-07,-0.0047927275
4.578012e-07,-0.0047999081
4.579012e-07,-0.0047934455
4.580012e-07,-0.0047790843
4.581012e-07,-0.0047704676
4.582012e-07,-0.0047769301
4.583012e-07,-0.0048013442
4.584012e-07,-0.004834375
4.585012e-07,-0.0048616613
4.586012e-07,-0.0048688419
4.587012e-07,-0.0048530446
4.588012e-07,-0.0048214499
4.589012e-07,-0.0047905733
4.590012e-07,-0.0047769301
4.591012e-07,-0.0047877011
4.592012e-07,-0.0048178596
4.593012e-07,-0.0048544807
4.594012e-07,-0.0048803309
4.595012e-07,-0.0048875115
4.596012e-07,-0.0048781767
4.597012e-07,-0.0048638155
4.598012e-07,-0.0048573529
4.599012e-07,-0.0048666877
4.600012e-07,-0.0048889476
4.601012e-07,-0.0049126436
4.602012e-07,-0.0049262868
4.603012e-07,-0.0049219784
4.604012e-07,-0.0049033088
4.605012e-07,-0.0048810489
4.606012e-07,-0.0048688419
4.607012e-07,-0.0048738683
4.608012e-07,-0.0048946921
4.609012e-07,-0.0049198242
4.610012e-07,-0.0049377757
4.611012e-07,-0.004940648
4.612012e-07,-0.004929159
4.613012e-07,-0.0049133617
4.614012e-07,-0.0049033088
4.615012e-07,-0.0049061811
4.616012e-07,-0.0049205423
4.617012e-07,-0.0049377757
4.618012e-07,-0.0049492647
4.619012e-07,-0.0049485466
4.620012e-07,-0.0049370577
4.621012e-07,-0.0049234145
4.622012e-07,-0.0049147978
4.623012e-07,-0.0049162339
4.624012e-07,-0.0049255687
4.625012e-07,-0.0049349035
4.626012e-07,-0.0049377757
4.627012e-07,-0.0049313132
4.628012e-07,-0.0049219784
4.629012e-07,-0.00491767
4.630012e-07,-0.0049262868
