LECROYHDO6104B,11090,Waveform
Segments,1,SegmentSize,5002
Segment,TrigTime,TimeSinceSegment1
#1,04-May-2026 18:45:52,0                 
Time,Ampl
-3.702017e-08,-0.0059172105
-3.692017e-08,-0.0059186466
-3.682017e-08,-0.0059143382
-3.672017e-08,-0.0059035673
-3.662017e-08,-0.0058892061
-3.652017e-08,-0.005875563
-3.642017e-08,-0.0058683824
-3.632017e-08,-0.0058676643
-3.622017e-08,-0.0058705365
-3.612017e-08,-0.0058683824
-3.602017e-08,-0.0058568934
-3.592017e-08,-0.0058339154
-3.582017e-08,-0.0058030388
-3.572017e-08,-0.0057743164
-3.562017e-08,-0.0057534926
-3.552017e-08,-0.0057441579
-3.542017e-08,-0.0057420037
-3.532017e-08,-0.0057369773
-3.522017e-08,-0.0057190257
-3.512017e-08,-0.0056824046
-3.502017e-08,-0.0056285501
-3.492017e-08,-0.0055646427
-3.482017e-08,-0.0055007353
-3.472017e-08,-0.0054432904
-3.462017e-08,-0.0053951804
-3.452017e-08,-0.0053513787
-3.442017e-08,-0.0053054228
-3.432017e-08,-0.0052522863
-3.422017e-08,-0.0051905331
-3.412017e-08,-0.0051230354
-3.402017e-08,-0.0050526654
-3.392017e-08,-0.0049837316
-3.382017e-08,-0.0049147978
-3.372017e-08,-0.0048437098
-3.362017e-08,-0.0047654412
-3.352017e-08,-0.0046785558
-3.342017e-08,-0.004585926
-3.332017e-08,-0.0044904239
-3.322017e-08,-0.0043977941
-3.312017e-08,-0.0043116268
-3.302017e-08,-0.0042297679
-3.292017e-08,-0.0041486271
-3.282017e-08,-0.004064614
-3.272017e-08,-0.0039741383
-3.262017e-08,-0.0038786363
-3.252017e-08,-0.00378098
-3.242017e-08,-0.0036854779
-3.232017e-08,-0.0035935662
-3.222017e-08,-0.0035052447
-3.212017e-08,-0.0034176413
-3.202017e-08,-0.0033293199
-3.192017e-08,-0.0032417165
-3.182017e-08,-0.0031577034
-3.172017e-08,-0.003083025
-3.162017e-08,-0.0030191176
-3.152017e-08,-0.0029652631
-3.142017e-08,-0.002917153
-3.132017e-08,-0.0028668888
-3.122017e-08,-0.0028123162
-3.112017e-08,-0.0027541533
-3.102017e-08,-0.0026974265
-3.092017e-08,-0.0026507525
-3.082017e-08,-0.0026170037
-3.072017e-08,-0.0025954619
-3.062017e-08,-0.0025796645
-3.052017e-08,-0.0025581227
-3.042017e-08,-0.0025250919
-3.032017e-08,-0.002478418
-3.022017e-08,-0.0024252815
-3.012017e-08,-0.0023764534
-3.002017e-08,-0.0023412684
-2.992017e-08,-0.002324753
-2.982017e-08,-0.0023225988
-2.972017e-08,-0.0023276252
-2.962017e-08,-0.0023297794
-2.952017e-08,-0.0023233169
-2.942017e-08,-0.0023096737
-2.932017e-08,-0.0022938764
-2.922017e-08,-0.0022838235
-2.912017e-08,-0.0022823874
-2.902017e-08,-0.0022874138
-2.892017e-08,-0.0022938764
-2.882017e-08,-0.0022953125
-2.872017e-08,-0.0022881319
-2.862017e-08,-0.0022737707
-2.852017e-08,-0.0022586914
-2.842017e-08,-0.0022493566
-2.832017e-08,-0.0022479205
-2.822017e-08,-0.0022529469
-2.812017e-08,-0.0022594095
-2.802017e-08,-0.0022608456
-2.792017e-08,-0.0022558192
-2.782017e-08,-0.0022464844
-2.772017e-08,-0.0022385857
-2.762017e-08,-0.0022378676
-2.752017e-08,-0.0022457663
-2.742017e-08,-0.0022586914
-2.732017e-08,-0.0022694623
-2.722017e-08,-0.0022723346
-2.712017e-08,-0.0022644359
-2.702017e-08,-0.0022493566
-2.692017e-08,-0.0022342773
-2.682017e-08,-0.0022263787
-2.672017e-08,-0.0022278148
-2.662017e-08,-0.0022342773
-2.652017e-08,-0.0022407399
-2.642017e-08,-0.0022378676
-2.632017e-08,-0.0022242245
-2.622017e-08,-0.0022041188
-2.612017e-08,-0.0021868853
-2.602017e-08,-0.0021804228
-2.592017e-08,-0.0021904756
-2.582017e-08,-0.0022134536
-2.572017e-08,-0.0022407399
-2.562017e-08,-0.0022608456
-2.552017e-08,-0.002265872
-2.542017e-08,-0.0022551011
-2.532017e-08,-0.0022342773
-2.522017e-08,-0.0022148897
-2.512017e-08,-0.0022055549
-2.502017e-08,-0.0022105813
-2.492017e-08,-0.0022278148
-2.482017e-08,-0.0022493566
-2.472017e-08,-0.0022687443
-2.462017e-08,-0.0022802332
-2.452017e-08,-0.0022845416
-2.442017e-08,-0.0022838235
-2.432017e-08,-0.0022816693
-2.422017e-08,-0.0022802332
-2.412017e-08,-0.002277361
-2.402017e-08,-0.0022723346
-2.392017e-08,-0.0022615636
-2.382017e-08,-0.0022464844
-2.372017e-08,-0.0022292509
-2.362017e-08,-0.0022148897
-2.352017e-08,-0.002206273
-2.342017e-08,-0.0022041188
-2.332017e-08,-0.0022084272
-2.322017e-08,-0.0022148897
-2.312017e-08,-0.0022213523
-2.302017e-08,-0.0022270967
-2.292017e-08,-0.0022328412
-2.282017e-08,-0.0022378676
-2.272017e-08,-0.0022428941
-2.262017e-08,-0.0022464844
-2.252017e-08,-0.0022457663
-2.242017e-08,-0.0022378676
-2.232017e-08,-0.0022242245
-2.222017e-08,-0.002206273
-2.212017e-08,-0.0021904756
-2.202017e-08,-0.0021804228
-2.192017e-08,-0.0021782686
-2.182017e-08,-0.002183295
-2.172017e-08,-0.0021926298
-2.162017e-08,-0.0022034007
-2.152017e-08,-0.0022141716
-2.142017e-08,-0.0022242245
-2.132017e-08,-0.0022357135
-2.122017e-08,-0.0022493566
-2.112017e-08,-0.0022629998
-2.102017e-08,-0.0022737707
-2.092017e-08,-0.002277361
-2.082017e-08,-0.0022723346
-2.072017e-08,-0.0022601275
-2.062017e-08,-0.0022457663
-2.052017e-08,-0.0022364315
-2.042017e-08,-0.0022378676
-2.032017e-08,-0.0022507927
-2.022017e-08,-0.0022730526
-2.012017e-08,-0.0022974667
-2.002017e-08,-0.0023182904
-1.992017e-08,-0.0023319336
-1.982017e-08,-0.0023383961
-1.972017e-08,-0.0023405503
-1.962017e-08,-0.0023412684
-1.952017e-08,-0.0023427045
-1.942017e-08,-0.0023448587
-1.932017e-08,-0.0023448587
-1.922017e-08,-0.0023412684
-1.912017e-08,-0.0023355239
-1.902017e-08,-0.0023304975
-1.892017e-08,-0.0023319336
-1.882017e-08,-0.0023412684
-1.872017e-08,-0.0023585018
-1.862017e-08,-0.0023800437
-1.852017e-08,-0.0023987132
-1.842017e-08,-0.0024102022
-1.832017e-08,-0.0024137925
-1.822017e-08,-0.0024116383
-1.812017e-08,-0.0024087661
-1.802017e-08,-0.0024102022
-1.792017e-08,-0.0024159467
-1.782017e-08,-0.0024224092
-1.772017e-08,-0.0024259995
-1.762017e-08,-0.0024216912
-1.752017e-08,-0.0024102022
-1.742017e-08,-0.0023965591
-1.732017e-08,-0.0023865062
-1.722017e-08,-0.0023872243
-1.712017e-08,-0.0023987132
-1.702017e-08,-0.0024173828
-1.692017e-08,-0.0024346163
-1.682017e-08,-0.0024446691
-1.672017e-08,-0.0024439511
-1.662017e-08,-0.0024353343
-1.652017e-08,-0.0024252815
-1.642017e-08,-0.0024216912
-1.632017e-08,-0.0024267176
-1.622017e-08,-0.0024389246
-1.612017e-08,-0.0024511317
-1.602017e-08,-0.0024561581
-1.592017e-08,-0.0024489775
-1.582017e-08,-0.0024324621
-1.572017e-08,-0.0024123564
-1.562017e-08,-0.0023987132
-1.552017e-08,-0.0023979952
-1.542017e-08,-0.0024109203
-1.532017e-08,-0.0024331801
-1.522017e-08,-0.0024561581
-1.512017e-08,-0.0024733915
-1.502017e-08,-0.0024812902
-1.492017e-08,-0.0024812902
-1.482017e-08,-0.002479136
-1.472017e-08,-0.0024798541
-1.462017e-08,-0.0024848805
-1.452017e-08,-0.0024942153
-1.442017e-08,-0.002502114
-1.432017e-08,-0.0025042682
-1.422017e-08,-0.0024999598
-1.412017e-08,-0.0024899069
-1.402017e-08,-0.002479136
-1.392017e-08,-0.0024741096
-1.382017e-08,-0.002478418
-1.372017e-08,-0.0024927792
-1.362017e-08,-0.0025136029
-1.352017e-08,-0.0025365809
-1.342017e-08,-0.0025566866
-1.332017e-08,-0.0025724839
-1.322017e-08,-0.0025825368
-1.312017e-08,-0.0025882812
-1.302017e-08,-0.0025911535
-1.292017e-08,-0.0025933077
-1.282017e-08,-0.0025940257
-1.272017e-08,-0.0025947438
-1.262017e-08,-0.002596898
-1.252017e-08,-0.0025997702
-1.242017e-08,-0.0026055147
-1.232017e-08,-0.0026141314
-1.222017e-08,-0.0026256204
-1.212017e-08,-0.0026378274
-1.202017e-08,-0.0026514706
-1.192017e-08,-0.0026643957
-1.182017e-08,-0.0026773208
-1.172017e-08,-0.0026880917
-1.162017e-08,-0.0026974265
-1.152017e-08,-0.002703171
-1.142017e-08,-0.002703171
-1.132017e-08,-0.0026974265
-1.122017e-08,-0.0026859375
-1.112017e-08,-0.0026715763
-1.102017e-08,-0.0026572151
-1.092017e-08,-0.0026464442
-1.082017e-08,-0.0026399816
-1.072017e-08,-0.0026378274
-1.062017e-08,-0.0026363913
-1.052017e-08,-0.0026335191
-1.042017e-08,-0.0026284926
-1.032017e-08,-0.0026220301
-1.022017e-08,-0.0026170037
-1.012017e-08,-0.0026148495
-1.002017e-08,-0.0026170037
-9.920173e-09,-0.0026198759
-9.820173e-09,-0.0026191579
-9.720173e-09,-0.0026105411
-9.620173e-09,-0.0025940257
-9.520173e-09,-0.0025717659
-9.420173e-09,-0.0025509421
-9.320173e-09,-0.002538017
-9.220173e-09,-0.0025365809
-9.120173e-09,-0.0025451976
-9.020173e-09,-0.0025581227
-8.920173e-09,-0.0025688936
-8.820173e-09,-0.0025710478
-8.720173e-09,-0.0025645852
-8.620173e-09,-0.0025538143
-8.520173e-09,-0.0025466337
-8.420173e-09,-0.0025480699
-8.320173e-09,-0.002561713
-8.220173e-09,-0.0025839729
-8.120173e-09,-0.0026083869
-8.020173e-09,-0.0026284926
-7.920173e-09,-0.0026406997
-7.820173e-09,-0.0026457261
-7.720173e-09,-0.0026478803
-7.620173e-09,-0.0026514706
-7.520173e-09,-0.0026608054
-7.420173e-09,-0.0026751666
-7.320173e-09,-0.002691682
-7.220173e-09,-0.0027089154
-7.120173e-09,-0.0027239947
-7.020173e-09,-0.002739074
-6.920173e-09,-0.0027563074
-6.820173e-09,-0.0027778493
-6.720173e-09,-0.0028029814
-6.620173e-09,-0.0028273955
-6.520173e-09,-0.0028467831
-6.420173e-09,-0.0028582721
-6.320173e-09,-0.0028604262
-6.220173e-09,-0.002857554
-6.120173e-09,-0.0028553998
-6.020173e-09,-0.0028582721
-5.920173e-09,-0.002869043
-5.820173e-09,-0.0028855584
-5.720173e-09,-0.0029027918
-5.620173e-09,-0.0029157169
-5.520173e-09,-0.0029236156
-5.420173e-09,-0.0029272059
-5.320173e-09,-0.0029315142
-5.220173e-09,-0.0029386949
-5.120173e-09,-0.0029494658
-5.020173e-09,-0.0029609547
-4.920173e-09,-0.0029659812
-4.820173e-09,-0.0029616728
-4.720173e-09,-0.0029465935
-4.620173e-09,-0.0029250517
-4.520173e-09,-0.002904946
-4.420173e-09,-0.002892739
-4.320173e-09,-0.0028920209
-4.220173e-09,-0.0028999196
-4.120173e-09,-0.0029106905
-4.020173e-09,-0.0029157169
-3.920173e-09,-0.0029106905
-3.820173e-09,-0.0028948932
-3.720173e-09,-0.0028719152
-3.620173e-09,-0.0028467831
-3.520173e-09,-0.002821651
-3.420173e-09,-0.0027958008
-3.320173e-09,-0.0027642061
-3.220173e-09,-0.0027204044
-3.120173e-09,-0.0026622415
-3.020173e-09,-0.0025918716
-2.920173e-09,-0.0025164752
-2.820173e-09,-0.0024446691
-2.720173e-09,-0.0023829159
-2.620173e-09,-0.0023340878
-2.520173e-09,-0.0022917222
-2.420173e-09,-0.0022493566
-2.320173e-09,-0.0021976562
-2.220173e-09,-0.0021323127
-2.120173e-09,-0.0020518899
-2.020173e-09,-0.0019621324
-1.920173e-09,-0.0018673483
-1.820173e-09,-0.0017704102
-1.720173e-09,-0.0016727539
-1.620173e-09,-0.0015715074
-1.520173e-09,-0.0014652344
-1.420173e-09,-0.001353935
-1.320173e-09,-0.0012419175
-1.220173e-09,-0.0011349265
-1.120173e-09,-0.0010394244
-1.020173e-09,-0.00095828355
-9.20173e-10,-0.00088934972
-8.20173e-10,-0.00082472426
-7.20173e-10,-0.00075722656
-6.20173e-10,-0.00068111213
-5.20173e-10,-0.00059422679
-4.20173e-10,-0.00050303309
-3.20173e-10,-0.00041399357
-2.20173e-10,-0.00033357077
-1.20173e-10,-0.00026463695
-2.017298e-11,-0.00020431985
7.982702e-11,-0.00014472082
1.79827e-10,-8.0095358e-05
2.79827e-10,-6.853171e-06
3.79827e-10,7.1415441e-05
4.79827e-10,0.00014609375
5.79827e-10,0.00020712891
6.79827e-10,0.0002473403
7.79827e-10,0.00026672794
8.79827e-10,0.00027175437
9.79827e-10,0.00027247243
1.079827e-09,0.00028108915
1.179827e-09,0.00030119485
1.279827e-09,0.00033207146
1.379827e-09,0.00036510225
1.479827e-09,0.00039095244
1.579827e-09,0.00040459559
1.679827e-09,0.00040531365
1.779827e-09,0.00039813304
1.879827e-09,0.00039238856
1.979827e-09,0.00039310662
2.079827e-09,0.00040172335
2.179827e-09,0.00041393038
2.279827e-09,0.00042111098
2.379827e-09,0.00041608456
2.479827e-09,0.00039741498
2.579827e-09,0.00037012868
2.679827e-09,0.00034284237
2.779827e-09,0.00032417279
2.879827e-09,0.00031914637
2.979827e-09,0.00032632698
3.079827e-09,0.00033853401
3.179827e-09,0.00034715074
3.279827e-09,0.00034499655
3.379827e-09,0.00033207146
3.479827e-09,0.0003112477
3.579827e-09,0.00028970588
3.679827e-09,0.00027319049
3.779827e-09,0.00026457376
3.879827e-09,0.0002602654
3.979827e-09,0.00025523897
4.079827e-09,0.00024590418
4.179827e-09,0.00023082491
4.279827e-09,0.00021287339
4.379827e-09,0.00019779412
4.479827e-09,0.00019133157
4.579827e-09,0.00019563994
4.679827e-09,0.00021071921
4.779827e-09,0.00023226103
4.879827e-09,0.00025452091
4.979827e-09,0.00027390855
5.079827e-09,0.00028970588
5.179827e-09,0.00030119485
5.279827e-09,0.00031196576
5.379827e-09,0.00032273667
5.479827e-09,0.00033422564
5.579827e-09,0.00034715074
5.679827e-09,0.00035935777
5.779827e-09,0.0003715648
5.879827e-09,0.00038233571
5.979827e-09,0.00039310662
6.079827e-09,0.00040315947
6.179827e-09,0.00041105813
6.279827e-09,0.00041608456
6.379827e-09,0.00041608456
6.479827e-09,0.00041249426
6.579827e-09,0.00040746783
6.679827e-09,0.00040387753
6.779827e-09,0.00040459559
6.879827e-09,0.00041105813
6.979827e-09,0.00042111098
7.079827e-09,0.00043116383
7.179827e-09,0.0004390625
7.279827e-09,0.00044121668
7.379827e-09,0.0004390625
7.479827e-09,0.00043331801
7.579827e-09,0.00042757353
7.679827e-09,0.00042470129
7.779827e-09,0.00042398323
7.879827e-09,0.00042613741
7.979827e-09,0.00042757353
8.079827e-09,0.00042829159
8.179827e-09,0.00042757353
8.279827e-09,0.00042685547
8.379827e-09,0.00042757353
8.479827e-09,0.00043044577
8.579827e-09,0.00043475414
8.679827e-09,0.00043834444
8.779827e-09,0.0004390625
8.879827e-09,0.00043690832
8.979827e-09,0.00043188189
9.079827e-09,0.00042829159
9.179827e-09,0.00042757353
9.279827e-09,0.00043259995
9.379827e-09,0.00044121668
9.479827e-09,0.00045270565
9.579827e-09,0.00046204044
9.679827e-09,0.00046634881
9.779827e-09,0.00046563074
9.879827e-09,0.0004591682
9.979827e-09,0.00045055147
1.007983e-08,0.00044121668
1.017983e-08,0.00043116383
1.027983e-08,0.00041967486
1.037983e-08,0.00040459559
1.047983e-08,0.00038377183
1.057983e-08,0.00035792165
1.067983e-08,0.00032919922
1.077983e-08,0.00030119485
1.087983e-08,0.00027893497
1.097983e-08,0.00026457376
1.107983e-08,0.00025739315
1.117983e-08,0.00025523897
1.127983e-08,0.00025452091
1.137983e-08,0.00025236673
1.147983e-08,0.00024805836
1.157983e-08,0.00024375
1.167983e-08,0.00024231388
1.177983e-08,0.00024662224
1.187983e-08,0.00025523897
1.197983e-08,0.00026672794
1.207983e-08,0.00027606273
1.217983e-08,0.00028037109
1.227983e-08,0.00027678079
1.237983e-08,0.00026672794
1.247983e-08,0.00025452091
1.257983e-08,0.00024518612
1.267983e-08,0.00024159582
1.277983e-08,0.00024375
1.287983e-08,0.00025021255
1.297983e-08,0.00025739315
1.307983e-08,0.00026313764
1.317983e-08,0.00026672794
1.327983e-08,0.00027031824
1.337983e-08,0.00027749885
1.347983e-08,0.00028826976
1.357983e-08,0.00030119485
1.367983e-08,0.00031268382
1.377983e-08,0.00031771025
1.387983e-08,0.00031340188
1.397983e-08,0.00030119485
1.407983e-08,0.00028539752
1.417983e-08,0.00027390855
1.427983e-08,0.00027103631
1.437983e-08,0.00027821691
1.447983e-08,0.000291142
1.457983e-08,0.00030191291
1.467983e-08,0.00030263097
1.477983e-08,0.00028970588
1.487983e-08,0.00026529182
1.497983e-08,0.00023513327
1.507983e-08,0.00020712891
1.517983e-08,0.00018630515
1.527983e-08,0.00017338006
1.537983e-08,0.00016260915
1.547983e-08,0.00014896599
1.557983e-08,0.00012886029
1.567983e-08,0.00010301011
1.577983e-08,7.8596048e-05
1.587983e-08,6.2798713e-05
1.597983e-08,5.9926471e-05
1.607983e-08,6.997932e-05
1.617983e-08,8.5058594e-05
1.627983e-08,9.5829504e-05
1.637983e-08,9.4393382e-05
1.647983e-08,7.7877987e-05
1.657983e-08,5.1309743e-05
1.667983e-08,2.2587316e-05
1.677983e-08,2.4816176e-06
1.687983e-08,-5.4170496e-06
1.697983e-08,-3.9809283e-06
1.707983e-08,1.763557e-06
1.717983e-08,2.4816176e-06
1.727983e-08,-6.1351103e-06
1.737983e-08,-2.1932445e-05
1.747983e-08,-4.0602022e-05
1.757983e-08,-5.4963235e-05
1.767983e-08,-6.0707721e-05
1.777983e-08,-5.8553539e-05
1.787983e-08,-5.4245175e-05
1.797983e-08,-5.4963235e-05
1.807983e-08,-6.5016085e-05
1.817983e-08,-8.3685662e-05
1.827983e-08,-0.00010594554
1.837983e-08,-0.00012389706
1.847983e-08,-0.00013394991
1.857983e-08,-0.00013538603
1.867983e-08,-0.00013394991
1.877983e-08,-0.00013538603
1.887983e-08,-0.00014543888
1.897983e-08,-0.00016410846
1.907983e-08,-0.00018636834
1.917983e-08,-0.00020431985
1.927983e-08,-0.00021221852
1.937983e-08,-0.00020647403
1.947983e-08,-0.00018995864
1.957983e-08,-0.00016985294
1.967983e-08,-0.00015190142
1.977983e-08,-0.00014113051
1.987983e-08,-0.00013610409
1.997983e-08,-0.00013538603
2.007983e-08,-0.00013394991
2.017983e-08,-0.00012892348
2.027983e-08,-0.00012102482
2.037983e-08,-0.00011240809
2.047983e-08,-0.00010450942
2.057983e-08,-9.9482996e-05
2.067983e-08,-9.5174632e-05
2.077983e-08,-8.9430147e-05
2.087983e-08,-7.9377298e-05
2.097983e-08,-6.5016085e-05
2.107983e-08,-4.7782629e-05
2.117983e-08,-3.1985294e-05
2.127983e-08,-2.1932445e-05
2.137983e-08,-1.9060202e-05
2.147983e-08,-2.3368566e-05
2.157983e-08,-3.1985294e-05
2.167983e-08,-4.0602022e-05
2.177983e-08,-4.5628447e-05
2.187983e-08,-4.6346507e-05
2.197983e-08,-4.3474265e-05
2.207983e-08,-3.7729779e-05
2.217983e-08,-3.1267233e-05
2.227983e-08,-2.5522748e-05
2.237983e-08,-2.0496324e-05
2.247983e-08,-1.7624081e-05
2.257983e-08,-1.690602e-05
2.267983e-08,-2.1932445e-05
2.277983e-08,-3.1985294e-05
2.287983e-08,-4.8500689e-05
2.297983e-08,-6.9324449e-05
2.307983e-08,-9.230239e-05
2.317983e-08,-0.00011240809
2.327983e-08,-0.00012748736
2.337983e-08,-0.00013538603
2.347983e-08,-0.00013754021
2.357983e-08,-0.00013538603
2.367983e-08,-0.00013251379
2.377983e-08,-0.00013179573
2.387983e-08,-0.00013251379
2.397983e-08,-0.00013538603
2.407983e-08,-0.00013825827
2.417983e-08,-0.00013969439
2.427983e-08,-0.00013897633
2.437983e-08,-0.00013538603
2.447983e-08,-0.00013107767
2.457983e-08,-0.00012605124
2.467983e-08,-0.00012389706
2.477983e-08,-0.00012389706
2.487983e-08,-0.00012748736
2.497983e-08,-0.00013394991
2.507983e-08,-0.00014113051
2.517983e-08,-0.000146875
2.527983e-08,-0.00014974724
2.537983e-08,-0.00014759306
2.547983e-08,-0.00014256664
2.557983e-08,-0.00013538603
2.567983e-08,-0.00012964154
2.577983e-08,-0.00012748736
2.587983e-08,-0.00012964154
2.597983e-08,-0.00013538603
2.607983e-08,-0.00014113051
2.617983e-08,-0.00014543888
2.627983e-08,-0.00014615694
2.637983e-08,-0.000146875
2.647983e-08,-0.0001504653
2.657983e-08,-0.00016051815
2.667983e-08,-0.00017918773
2.677983e-08,-0.00020431985
2.687983e-08,-0.00022945198
2.697983e-08,-0.00024883961
2.707983e-08,-0.00025530216
2.717983e-08,-0.00025027574
2.727983e-08,-0.00023735064
2.737983e-08,-0.00022442555
2.747983e-08,-0.00021939913
2.757983e-08,-0.00022729779
2.767983e-08,-0.00024596737
2.777983e-08,-0.00026894531
2.787983e-08,-0.00028761489
2.797983e-08,-0.00029623162
2.807983e-08,-0.00029335937
2.817983e-08,-0.0002818704
2.827983e-08,-0.00026966337
2.837983e-08,-0.00026176471
2.847983e-08,-0.00026104665
2.857983e-08,-0.00026391889
2.867983e-08,-0.00026607307
2.877983e-08,-0.00026176471
2.887983e-08,-0.00024955767
2.897983e-08,-0.00023304228
2.907983e-08,-0.00021939913
2.917983e-08,-0.00021580882
2.927983e-08,-0.00022514361
2.937983e-08,-0.00024668543
2.947983e-08,-0.00027253562
2.957983e-08,-0.00029623162
2.967983e-08,-0.00031131089
2.977983e-08,-0.00031777344
2.987983e-08,-0.00031777344
2.997983e-08,-0.00031920956
3.007983e-08,-0.00032710823
3.017983e-08,-0.00034290556
3.027983e-08,-0.00036516544
3.037983e-08,-0.00038814338
3.047983e-08,-0.00040681296
3.057983e-08,-0.00041758387
3.067983e-08,-0.00042189223
3.077983e-08,-0.00042261029
3.087983e-08,-0.00042404642
3.097983e-08,-0.00043050896
3.107983e-08,-0.00044127987
3.117983e-08,-0.00045707721
3.127983e-08,-0.00047502872
3.137983e-08,-0.00049298024
3.147983e-08,-0.00051021369
3.157983e-08,-0.00052601103
3.167983e-08,-0.00053893612
3.177983e-08,-0.00054755285
3.187983e-08,-0.00055114315
3.197983e-08,-0.00054898897
3.207983e-08,-0.0005410903
3.217983e-08,-0.00053103745
3.227983e-08,-0.0005209846
3.237983e-08,-0.00051452206
3.247983e-08,-0.000513804
3.257983e-08,-0.00051883042
3.267983e-08,-0.00052744715
3.277983e-08,-0.0005375
3.287983e-08,-0.00054755285
3.297983e-08,-0.00055688764
3.307983e-08,-0.00056550437
3.317983e-08,-0.00057196691
3.327983e-08,-0.00057555722
3.337983e-08,-0.00057340303
3.347983e-08,-0.00056478631
3.357983e-08,-0.00054898897
3.367983e-08,-0.00052888327
3.377983e-08,-0.00050877757
3.387983e-08,-0.00049513442
3.397983e-08,-0.00049154412
3.407983e-08,-0.00049872472
3.417983e-08,-0.00051595818
3.427983e-08,-0.0005375
3.437983e-08,-0.00056047794
3.447983e-08,-0.00058201976
3.457983e-08,-0.00059997128
3.467983e-08,-0.00061648667
3.477983e-08,-0.00062941176
3.487983e-08,-0.00063946461
3.497983e-08,-0.00064449104
3.507983e-08,-0.00064449104
3.517983e-08,-0.00064090074
3.527983e-08,-0.00063587431
3.537983e-08,-0.00063300207
3.547983e-08,-0.00063515625
3.557983e-08,-0.00064090074
3.567983e-08,-0.00064808134
3.577983e-08,-0.00065095358
3.587983e-08,-0.0006487994
3.597983e-08,-0.00064090074
3.607983e-08,-0.00063372013
3.617983e-08,-0.00063515625
3.627983e-08,-0.0006487994
3.637983e-08,-0.00067536765
3.647983e-08,-0.00070624426
3.657983e-08,-0.00073065832
3.667983e-08,-0.00073712086
3.677983e-08,-0.00072132353
3.687983e-08,-0.00068829274
3.697983e-08,-0.00065095358
3.707983e-08,-0.00062438534
3.717983e-08,-0.00061792279
3.727983e-08,-0.00063515625
3.737983e-08,-0.00066818704
3.747983e-08,-0.00070480813
3.757983e-08,-0.0007328125
3.767983e-08,-0.00074645565
3.777983e-08,-0.00074789177
3.787983e-08,-0.00074430147
3.797983e-08,-0.00074430147
3.807983e-08,-0.00075148208
3.817983e-08,-0.00076368911
3.827983e-08,-0.00077446002
3.837983e-08,-0.00077876838
3.847983e-08,-0.00077517808
3.857983e-08,-0.00076799747
3.867983e-08,-0.00076727941
3.877983e-08,-0.00077876838
3.887983e-08,-0.00080605469
3.897983e-08,-0.00084267578
3.907983e-08,-0.00087929687
3.917983e-08,-0.00090514706
3.927983e-08,-0.00091591797
3.937983e-08,-0.00091519991
3.947983e-08,-0.0009116096
3.957983e-08,-0.00091663603
3.967983e-08,-0.00093602367
3.977983e-08,-0.0009683364
3.987983e-08,-0.0010042394
3.997983e-08,-0.0010315257
4.007983e-08,-0.0010422966
4.017983e-08,-0.001035116
4.027983e-08,-0.0010164465
4.037983e-08,-0.00099705882
4.047983e-08,-0.00098700597
4.057983e-08,-0.00099131434
4.067983e-08,-0.0010078297
4.077983e-08,-0.0010315257
4.087983e-08,-0.0010537856
4.097983e-08,-0.001069583
4.107983e-08,-0.0010767636
4.117983e-08,-0.0010774816
4.127983e-08,-0.0010738913
4.137983e-08,-0.0010667107
4.147983e-08,-0.0010566579
4.157983e-08,-0.0010430147
4.167983e-08,-0.0010264993
4.177983e-08,-0.001010702
4.187983e-08,-0.00099993107
4.197983e-08,-0.00099705882
4.207983e-08,-0.0010028033
4.217983e-08,-0.0010150103
4.227983e-08,-0.0010264993
4.237983e-08,-0.0010315257
4.247983e-08,-0.0010279354
4.257983e-08,-0.0010178826
4.267983e-08,-0.0010056756
4.277983e-08,-0.00099705882
4.287983e-08,-0.0009956227
4.297983e-08,-0.0010006491
4.307983e-08,-0.0010071117
4.317983e-08,-0.0010085478
4.327983e-08,-0.0010020852
4.337983e-08,-0.00098772403
4.347983e-08,-0.00096905446
4.357983e-08,-0.00095110294
4.367983e-08,-0.00093817785
4.377983e-08,-0.0009317153
4.387983e-08,-0.00092956112
4.397983e-08,-0.000928125
4.407983e-08,-0.00092525276
4.417983e-08,-0.00092094439
4.427983e-08,-0.00091735409
4.437983e-08,-0.00091663603
4.447983e-08,-0.00091879021
4.457983e-08,-0.00092381664
4.467983e-08,-0.00092740694
4.477983e-08,-0.000928125
4.487983e-08,-0.00092525276
4.497983e-08,-0.00092022633
4.507983e-08,-0.00091663603
4.517983e-08,-0.00091663603
4.527983e-08,-0.00092166245
4.537983e-08,-0.000928125
4.547983e-08,-0.00093530561
4.557983e-08,-0.00093961397
4.567983e-08,-0.00094320427
4.577983e-08,-0.00094966682
4.587983e-08,-0.00096330997
4.597983e-08,-0.00098556985
4.607983e-08,-0.0010142923
4.617983e-08,-0.0010437328
4.627983e-08,-0.0010667107
4.637983e-08,-0.0010774816
4.647983e-08,-0.0010767636
4.657983e-08,-0.001069583
4.667983e-08,-0.0010638385
4.677983e-08,-0.0010659926
4.687983e-08,-0.0010796358
4.697983e-08,-0.0011026137
4.707983e-08,-0.0011306181
4.717983e-08,-0.0011579044
4.727983e-08,-0.0011830365
4.737983e-08,-0.0012067325
4.747983e-08,-0.0012325827
4.757983e-08,-0.0012613051
4.767983e-08,-0.0012914637
4.777983e-08,-0.0013165958
4.787983e-08,-0.001330957
4.797983e-08,-0.001330239
4.807983e-08,-0.0013173139
4.817983e-08,-0.0013007985
4.827983e-08,-0.0012907456
4.837983e-08,-0.0012957721
4.847983e-08,-0.00131875
4.857983e-08,-0.001353935
4.867983e-08,-0.0013919922
4.877983e-08,-0.0014221507
4.887983e-08,-0.0014386661
4.897983e-08,-0.0014422564
4.907983e-08,-0.0014379481
4.917983e-08,-0.0014336397
4.927983e-08,-0.0014336397
4.937983e-08,-0.00143723
4.947983e-08,-0.0014422564
4.957983e-08,-0.0014451287
4.967983e-08,-0.0014444106
4.977983e-08,-0.0014422564
4.987983e-08,-0.0014451287
4.997983e-08,-0.0014566176
5.007983e-08,-0.0014767233
5.017983e-08,-0.0015018555
5.027983e-08,-0.0015233973
5.037983e-08,-0.0015370404
5.047983e-08,-0.0015399127
5.057983e-08,-0.0015363224
5.067983e-08,-0.0015334501
5.077983e-08,-0.0015370404
5.087983e-08,-0.0015478114
5.097983e-08,-0.0015621726
5.107983e-08,-0.0015722254
5.117983e-08,-0.0015715074
5.127983e-08,-0.0015578642
5.137983e-08,-0.0015363224
5.147983e-08,-0.0015147806
5.157983e-08,-0.0015025735
5.167983e-08,-0.0015032916
5.177983e-08,-0.0015140625
5.187983e-08,-0.0015277057
5.197983e-08,-0.0015370404
5.207983e-08,-0.0015370404
5.217983e-08,-0.0015291418
5.227983e-08,-0.001519807
5.237983e-08,-0.0015140625
5.247983e-08,-0.0015147806
5.257983e-08,-0.001519807
5.267983e-08,-0.0015212431
5.277983e-08,-0.0015140625
5.287983e-08,-0.0014953929
5.297983e-08,-0.0014688247
5.307983e-08,-0.0014415384
5.317983e-08,-0.0014221507
5.327983e-08,-0.0014156882
5.337983e-08,-0.0014207146
5.347983e-08,-0.0014329216
5.357983e-08,-0.0014451287
5.367983e-08,-0.0014530273
5.377983e-08,-0.0014566176
5.387983e-08,-0.0014566176
5.397983e-08,-0.0014566176
5.407983e-08,-0.0014551815
5.417983e-08,-0.001449437
5.427983e-08,-0.0014350758
5.437983e-08,-0.0014106618
5.447983e-08,-0.0013790671
5.457983e-08,-0.0013489085
5.467983e-08,-0.001330239
5.477983e-08,-0.001330239
5.487983e-08,-0.0013481905
5.497983e-08,-0.001378349
5.507983e-08,-0.0014099437
5.517983e-08,-0.0014336397
5.527983e-08,-0.0014458467
5.537983e-08,-0.001448719
5.547983e-08,-0.0014508732
5.557983e-08,-0.0014566176
5.567983e-08,-0.0014681066
5.577983e-08,-0.0014803136
5.587983e-08,-0.0014860581
5.597983e-08,-0.0014795956
5.607983e-08,-0.001460926
5.617983e-08,-0.0014379481
5.627983e-08,-0.0014221507
5.637983e-08,-0.0014221507
5.647983e-08,-0.0014401023
5.657983e-08,-0.0014709789
5.667983e-08,-0.0015025735
5.677983e-08,-0.0015255515
5.687983e-08,-0.0015348863
5.697983e-08,-0.0015334501
5.707983e-08,-0.001531296
5.717983e-08,-0.0015370404
5.727983e-08,-0.0015535558
5.737983e-08,-0.0015765338
5.747983e-08,-0.0015973575
5.757983e-08,-0.0016059743
5.767983e-08,-0.0015987937
5.777983e-08,-0.0015801241
5.787983e-08,-0.0015600184
5.797983e-08,-0.0015485294
5.807983e-08,-0.0015514017
5.817983e-08,-0.001567199
5.827983e-08,-0.0015880227
5.837983e-08,-0.0016059743
5.847983e-08,-0.0016153091
5.857983e-08,-0.0016188994
5.867983e-08,-0.0016210535
5.877983e-08,-0.0016289522
5.887983e-08,-0.0016447495
5.897983e-08,-0.0016648552
5.907983e-08,-0.0016813706
5.917983e-08,-0.0016863971
5.927983e-08,-0.0016784984
5.937983e-08,-0.0016627011
5.947983e-08,-0.0016469037
5.957983e-08,-0.0016404412
5.967983e-08,-0.0016476218
5.977983e-08,-0.0016641372
5.987983e-08,-0.0016835248
5.997983e-08,-0.001697886
6.007983e-08,-0.0017036305
6.017983e-08,-0.0017050666
6.027983e-08,-0.0017079389
6.037983e-08,-0.001720864
6.047983e-08,-0.00174456
6.057983e-08,-0.0017732824
6.067983e-08,-0.0017991326
6.077983e-08,-0.0018127757
6.087983e-08,-0.0018120577
6.097983e-08,-0.0018020048
6.107983e-08,-0.001791952
6.117983e-08,-0.0017897978
6.127983e-08,-0.0017998506
6.137983e-08,-0.0018185202
6.147983e-08,-0.0018364717
6.157983e-08,-0.0018472426
6.167983e-08,-0.0018479607
6.177983e-08,-0.0018422162
6.187983e-08,-0.001840062
6.197983e-08,-0.0018472426
6.207983e-08,-0.0018659122
6.217983e-08,-0.0018881721
6.227983e-08,-0.0019046875
6.237983e-08,-0.0019046875
6.247983e-08,-0.001887454
6.257983e-08,-0.0018594497
6.267983e-08,-0.0018335995
6.277983e-08,-0.0018242647
6.287983e-08,-0.0018357537
6.297983e-08,-0.0018651942
6.307983e-08,-0.0019003791
6.317983e-08,-0.0019276654
6.327983e-08,-0.0019391544
6.337983e-08,-0.0019355641
6.347983e-08,-0.0019247932
6.357983e-08,-0.0019161765
6.367983e-08,-0.0019161765
6.377983e-08,-0.0019255113
6.387983e-08,-0.0019355641
6.397983e-08,-0.0019391544
6.407983e-08,-0.0019319738
6.417983e-08,-0.0019161765
6.427983e-08,-0.0019003791
6.437983e-08,-0.0018931985
6.447983e-08,-0.0019003791
6.457983e-08,-0.0019197668
6.467983e-08,-0.0019434628
6.477983e-08,-0.0019621324
6.487983e-08,-0.001970031
6.497983e-08,-0.0019678768
6.507983e-08,-0.0019621324
6.517983e-08,-0.0019621324
6.527983e-08,-0.0019714671
6.537983e-08,-0.0019894187
6.547983e-08,-0.0020080882
6.557983e-08,-0.0020195772
6.567983e-08,-0.0020188591
6.577983e-08,-0.0020080882
6.587983e-08,-0.001993727
6.597983e-08,-0.0019851103
6.607983e-08,-0.0019879825
6.617983e-08,-0.0020023437
6.627983e-08,-0.0020224494
6.637983e-08,-0.0020425551
6.647983e-08,-0.0020569164
6.657983e-08,-0.002064097
6.667983e-08,-0.0020698415
6.677983e-08,-0.0020770221
6.687983e-08,-0.002088511
6.697983e-08,-0.0021021542
6.707983e-08,-0.002111489
6.717983e-08,-0.002111489
6.727983e-08,-0.0021007181
6.737983e-08,-0.0020820485
6.747983e-08,-0.002064097
6.757983e-08,-0.0020540441
6.767983e-08,-0.0020554802
6.777983e-08,-0.0020669692
6.787983e-08,-0.0020798943
6.797983e-08,-0.002088511
6.807983e-08,-0.002088511
6.817983e-08,-0.0020820485
6.827983e-08,-0.0020755859
6.837983e-08,-0.0020770221
6.847983e-08,-0.0020892291
6.857983e-08,-0.0021100528
6.867983e-08,-0.0021323127
6.877983e-08,-0.0021459559
6.887983e-08,-0.0021466739
6.897983e-08,-0.0021344669
6.907983e-08,-0.0021165154
6.917983e-08,-0.0021
6.927983e-08,-0.0020921013
6.937983e-08,-0.0020935375
6.947983e-08,-0.0021014361
6.957983e-08,-0.002111489
6.967983e-08,-0.0021193876
6.977983e-08,-0.0021258502
6.987983e-08,-0.0021330308
6.997983e-08,-0.0021459559
7.007983e-08,-0.0021646255
7.017983e-08,-0.0021861673
7.027983e-08,-0.0022048369
7.037983e-08,-0.0022148897
7.047983e-08,-0.0022148897
7.057983e-08,-0.0022077091
7.067983e-08,-0.0022012466
7.077983e-08,-0.0022034007
7.087983e-08,-0.0022177619
7.097983e-08,-0.002242176
7.107983e-08,-0.0022708984
7.117983e-08,-0.0022953125
7.127983e-08,-0.0023103918
7.137983e-08,-0.0023161363
7.147983e-08,-0.0023161363
7.157983e-08,-0.0023182904
7.167983e-08,-0.0023269072
7.177983e-08,-0.0023419864
7.187983e-08,-0.002360656
7.197983e-08,-0.0023757353
7.207983e-08,-0.0023821978
7.217983e-08,-0.0023786075
7.227983e-08,-0.0023671186
7.237983e-08,-0.0023527574
7.247983e-08,-0.0023398323
7.257983e-08,-0.0023319336
7.267983e-08,-0.0023290614
7.277983e-08,-0.0023297794
7.287983e-08,-0.0023340878
7.297983e-08,-0.0023427045
7.307983e-08,-0.0023563477
7.317983e-08,-0.0023757353
7.327983e-08,-0.0023979952
7.337983e-08,-0.0024188189
7.347983e-08,-0.002431744
7.357983e-08,-0.0024331801
7.367983e-08,-0.0024231273
7.377983e-08,-0.0024051758
7.387983e-08,-0.0023872243
7.397983e-08,-0.0023757353
7.407983e-08,-0.0023742992
7.417983e-08,-0.0023829159
7.427983e-08,-0.0023965591
7.437983e-08,-0.0024102022
7.447983e-08,-0.0024216912
7.457983e-08,-0.0024295898
7.467983e-08,-0.0024367705
7.477983e-08,-0.0024446691
7.487983e-08,-0.0024525678
7.497983e-08,-0.0024568761
7.507983e-08,-0.00245544
7.517983e-08,-0.0024446691
7.527983e-08,-0.0024267176
7.537983e-08,-0.00240733
7.547983e-08,-0.0023922507
7.557983e-08,-0.0023872243
7.567983e-08,-0.0023929687
7.577983e-08,-0.0024066119
7.587983e-08,-0.0024216912
7.597983e-08,-0.0024331801
7.607983e-08,-0.0024382066
7.617983e-08,-0.0024396427
7.627983e-08,-0.0024403608
7.637983e-08,-0.0024446691
7.647983e-08,-0.0024518497
7.657983e-08,-0.0024590303
7.667983e-08,-0.0024611845
7.677983e-08,-0.0024561581
7.687983e-08,-0.0024453872
7.697983e-08,-0.0024331801
7.707983e-08,-0.0024281537
7.717983e-08,-0.0024331801
7.727983e-08,-0.0024482594
7.737983e-08,-0.0024683651
7.747983e-08,-0.0024841625
7.757983e-08,-0.002490625
7.767983e-08,-0.0024863166
7.777983e-08,-0.0024748277
7.787983e-08,-0.0024626206
7.797983e-08,-0.0024561581
7.807983e-08,-0.002454722
7.817983e-08,-0.0024540039
7.827983e-08,-0.0024482594
7.837983e-08,-0.0024331801
7.847983e-08,-0.0024102022
7.857983e-08,-0.0023872243
7.867983e-08,-0.0023735811
7.877983e-08,-0.0023757353
7.887983e-08,-0.0023936868
7.897983e-08,-0.0024202551
7.907983e-08,-0.0024446691
7.917983e-08,-0.0024561581
7.927983e-08,-0.0024532858
7.937983e-08,-0.0024396427
7.947983e-08,-0.0024259995
7.957983e-08,-0.0024216912
7.967983e-08,-0.0024295898
7.977983e-08,-0.0024453872
7.987983e-08,-0.0024611845
7.997983e-08,-0.0024676471
8.007983e-08,-0.0024611845
8.017983e-08,-0.0024468233
8.027983e-08,-0.0024338982
8.037983e-08,-0.0024331801
8.047983e-08,-0.0024489775
8.057983e-08,-0.0024798541
8.067983e-08,-0.0025164752
8.077983e-08,-0.0025480699
8.087983e-08,-0.0025688936
8.097983e-08,-0.0025796645
8.107983e-08,-0.002585409
8.117983e-08,-0.0025940257
8.127983e-08,-0.0026105411
8.137983e-08,-0.0026335191
8.147983e-08,-0.0026572151
8.157983e-08,-0.0026744485
8.167983e-08,-0.0026816291
8.177983e-08,-0.0026816291
8.187983e-08,-0.002680193
8.197983e-08,-0.0026859375
8.207983e-08,-0.002703171
8.217983e-08,-0.0027304573
8.227983e-08,-0.0027613339
8.237983e-08,-0.0027893382
8.247983e-08,-0.0028087259
8.257983e-08,-0.0028194968
8.267983e-08,-0.0028266774
8.277983e-08,-0.0028352941
8.287983e-08,-0.0028482192
8.297983e-08,-0.0028640165
8.307983e-08,-0.0028762236
8.317983e-08,-0.00288125
8.327983e-08,-0.0028769416
8.337983e-08,-0.0028661707
8.347983e-08,-0.002857554
8.357983e-08,-0.0028582721
8.367983e-08,-0.0028704791
8.377983e-08,-0.0028920209
8.387983e-08,-0.0029135627
8.397983e-08,-0.0029272059
8.407983e-08,-0.002928642
8.417983e-08,-0.0029185892
8.427983e-08,-0.0029035099
8.437983e-08,-0.002892739
8.447983e-08,-0.0028905848
8.457983e-08,-0.0028956112
8.467983e-08,-0.0029027918
8.477983e-08,-0.0029042279
8.487983e-08,-0.0028956112
8.497983e-08,-0.0028783778
8.507983e-08,-0.0028597082
8.517983e-08,-0.0028467831
8.527983e-08,-0.0028467831
8.537983e-08,-0.0028582721
8.547983e-08,-0.0028769416
8.557983e-08,-0.002892739
8.567983e-08,-0.0028977654
8.577983e-08,-0.0028891487
8.587983e-08,-0.0028704791
8.597983e-08,-0.0028467831
8.607983e-08,-0.0028259593
8.617983e-08,-0.0028115981
8.627983e-08,-0.0028044175
8.637983e-08,-0.0028008272
8.647983e-08,-0.002797955
8.657983e-08,-0.0027936466
8.667983e-08,-0.0027900563
8.677983e-08,-0.0027893382
8.687983e-08,-0.0027929285
8.697983e-08,-0.0028015453
8.707983e-08,-0.0028130342
8.717983e-08,-0.0028238051
8.727983e-08,-0.0028324219
8.737983e-08,-0.0028396025
8.747983e-08,-0.0028475011
8.757983e-08,-0.0028582721
8.767983e-08,-0.0028740694
8.777983e-08,-0.002892739
8.787983e-08,-0.0029121266
8.797983e-08,-0.0029272059
8.807983e-08,-0.0029372587
8.817983e-08,-0.0029415671
8.827983e-08,-0.0029451574
8.837983e-08,-0.0029501838
8.847983e-08,-0.0029602367
8.857983e-08,-0.0029745979
8.867983e-08,-0.0029911133
8.877983e-08,-0.0030076287
8.887983e-08,-0.0030219899
8.897983e-08,-0.0030341969
8.907983e-08,-0.0030442498
8.917983e-08,-0.0030535846
8.927983e-08,-0.0030614832
8.937983e-08,-0.0030650735
8.947983e-08,-0.0030629193
8.957983e-08,-0.0030535846
8.967983e-08,-0.0030399414
8.977983e-08,-0.0030262983
8.987983e-08,-0.0030183996
8.997983e-08,-0.0030191176
9.007983e-08,-0.0030284524
9.017983e-08,-0.0030413775
9.027983e-08,-0.0030514304
9.037983e-08,-0.0030535846
9.047983e-08,-0.003046404
9.057983e-08,-0.0030327608
9.067983e-08,-0.0030183996
9.077983e-08,-0.0030076287
9.087983e-08,-0.0030033203
9.097983e-08,-0.0030033203
9.107983e-08,-0.0030026023
9.117983e-08,-0.0029961397
9.127983e-08,-0.0029817785
9.137983e-08,-0.0029602367
9.147983e-08,-0.0029372587
9.157983e-08,-0.0029157169
9.167983e-08,-0.0028999196
9.177983e-08,-0.0028898667
9.187983e-08,-0.0028841222
9.197983e-08,-0.00288125
9.207983e-08,-0.0028798139
9.217983e-08,-0.0028826861
9.227983e-08,-0.0028905848
9.237983e-08,-0.0029042279
9.247983e-08,-0.0029214614
9.257983e-08,-0.0029379768
9.267983e-08,-0.0029487477
9.277983e-08,-0.0029501838
9.287983e-08,-0.0029437213
9.297983e-08,-0.0029343865
9.307983e-08,-0.0029279239
9.317983e-08,-0.0029272059
9.327983e-08,-0.0029329504
9.337983e-08,-0.002940849
9.347983e-08,-0.0029473116
9.357983e-08,-0.0029501838
9.367983e-08,-0.0029501838
9.377983e-08,-0.0029537741
9.387983e-08,-0.002964545
9.397983e-08,-0.0029846507
9.407983e-08,-0.0030105009
9.417983e-08,-0.0030341969
9.427983e-08,-0.003046404
9.437983e-08,-0.0030420956
9.447983e-08,-0.0030248621
9.457983e-08,-0.0030026023
9.467983e-08,-0.0029868049
9.477983e-08,-0.0029846507
9.487983e-08,-0.0029975758
9.497983e-08,-0.0030176815
9.507983e-08,-0.003035633
9.517983e-08,-0.0030420956
9.527983e-08,-0.003035633
9.537983e-08,-0.0030219899
9.547983e-08,-0.0030097829
9.557983e-08,-0.0030076287
9.567983e-08,-0.0030176815
9.577983e-08,-0.003034915
9.587983e-08,-0.0030499943
9.597983e-08,-0.0030535846
9.607983e-08,-0.0030428136
9.617983e-08,-0.0030219899
9.627983e-08,-0.00299973
9.637983e-08,-0.0029846507
9.647983e-08,-0.0029796243
9.657983e-08,-0.0029810604
9.667983e-08,-0.0029810604
9.677983e-08,-0.0029731618
9.687983e-08,-0.0029559283
9.697983e-08,-0.0029343865
9.707983e-08,-0.0029185892
9.717983e-08,-0.0029157169
9.727983e-08,-0.0029279239
9.737983e-08,-0.0029494658
9.747983e-08,-0.0029681353
9.757983e-08,-0.0029731618
9.767983e-08,-0.0029602367
9.777983e-08,-0.0029336684
9.787983e-08,-0.0029035099
9.797983e-08,-0.00288125
9.807983e-08,-0.0028740694
9.817983e-08,-0.0028805319
9.827983e-08,-0.002893457
9.837983e-08,-0.0029042279
9.847983e-08,-0.0029078182
9.857983e-08,-0.002904946
9.867983e-08,-0.0029013557
9.877983e-08,-0.0029042279
9.887983e-08,-0.0029157169
9.897983e-08,-0.0029329504
9.907983e-08,-0.0029465935
9.917983e-08,-0.0029501838
9.927983e-08,-0.002940131
9.937983e-08,-0.0029200253
9.947983e-08,-0.0029013557
9.957983e-08,-0.002892739
9.967983e-08,-0.0029006376
9.977983e-08,-0.0029228975
9.987983e-08,-0.0029501838
9.997983e-08,-0.0029731618
1.000798e-07,-0.0029853688
1.001798e-07,-0.0029868049
1.002798e-07,-0.0029839327
1.003798e-07,-0.0029846507
1.004798e-07,-0.0029939855
1.005798e-07,-0.003011219
1.006798e-07,-0.0030291705
1.007798e-07,-0.0030420956
1.008798e-07,-0.0030449678
1.009798e-07,-0.0030385053
1.010798e-07,-0.0030313247
1.011798e-07,-0.0030306066
1.012798e-07,-0.0030406595
1.013798e-07,-0.0030600471
1.014798e-07,-0.003082307
1.015798e-07,-0.0030995404
1.016798e-07,-0.003106721
1.017798e-07,-0.0031045669
1.018798e-07,-0.0030995404
1.019798e-07,-0.0030995404
1.020798e-07,-0.0031088752
1.021798e-07,-0.0031275448
1.022798e-07,-0.0031498047
1.023798e-07,-0.0031684743
1.024798e-07,-0.0031792452
1.025798e-07,-0.0031806813
1.026798e-07,-0.0031792452
1.027798e-07,-0.0031799632
1.028798e-07,-0.0031878619
1.029798e-07,-0.0032022231
1.030798e-07,-0.0032208927
1.031798e-07,-0.0032374081
1.032798e-07,-0.0032488971
1.033798e-07,-0.0032553596
1.034798e-07,-0.0032582318
1.035798e-07,-0.003260386
1.036798e-07,-0.0032632583
1.037798e-07,-0.0032661305
1.038798e-07,-0.0032654125
1.039798e-07,-0.003260386
1.040798e-07,-0.0032524874
1.041798e-07,-0.0032467429
1.042798e-07,-0.003248179
1.043798e-07,-0.003260386
1.044798e-07,-0.0032819278
1.045798e-07,-0.0033049058
1.046798e-07,-0.0033228573
1.047798e-07,-0.0033293199
1.048798e-07,-0.0033242934
1.049798e-07,-0.0033135225
1.050798e-07,-0.0033049058
1.051798e-07,-0.0033063419
1.052798e-07,-0.0033178309
1.053798e-07,-0.0033343463
1.054798e-07,-0.0033487075
1.055798e-07,-0.0033522978
1.056798e-07,-0.0033451172
1.057798e-07,-0.0033321921
1.058798e-07,-0.0033207031
1.059798e-07,-0.0033178309
1.060798e-07,-0.0033250115
1.061798e-07,-0.0033365005
1.062798e-07,-0.0033436811
1.063798e-07,-0.0033408088
1.064798e-07,-0.0033257295
1.065798e-07,-0.0033049058
1.066798e-07,-0.0032883904
1.067798e-07,-0.003283364
1.068798e-07,-0.0032926988
1.069798e-07,-0.0033120864
1.070798e-07,-0.003330756
1.071798e-07,-0.0033408088
1.072798e-07,-0.0033386546
1.073798e-07,-0.0033286018
1.074798e-07,-0.0033185489
1.075798e-07,-0.0033178309
1.076798e-07,-0.0033278837
1.077798e-07,-0.0033443991
1.078798e-07,-0.0033594784
1.079798e-07,-0.0033637868
1.080798e-07,-0.0033558881
1.081798e-07,-0.0033408088
1.082798e-07,-0.0033286018
1.083798e-07,-0.0033293199
1.084798e-07,-0.0033458352
1.085798e-07,-0.0033731216
1.086798e-07,-0.003401844
1.087798e-07,-0.0034212316
1.088798e-07,-0.00342554
1.089798e-07,-0.0034176413
1.090798e-07,-0.0034054343
1.091798e-07,-0.0033982537
1.092798e-07,-0.0034011259
1.093798e-07,-0.003413333
1.094798e-07,-0.003426258
1.095798e-07,-0.0034327206
1.096798e-07,-0.0034291303
1.097798e-07,-0.0034190774
1.098798e-07,-0.0034097426
1.099798e-07,-0.0034097426
1.100798e-07,-0.0034219497
1.101798e-07,-0.0034434915
1.102798e-07,-0.0034657514
1.103798e-07,-0.0034786765
1.104798e-07,-0.0034786765
1.105798e-07,-0.0034693417
1.106798e-07,-0.0034585708
1.107798e-07,-0.0034556985
1.108798e-07,-0.0034657514
1.109798e-07,-0.0034865751
1.110798e-07,-0.0035095531
1.111798e-07,-0.0035246324
1.112798e-07,-0.0035260685
1.113798e-07,-0.0035160156
1.114798e-07,-0.0035002183
1.115798e-07,-0.0034901654
1.116798e-07,-0.0034908835
1.117798e-07,-0.0035030905
1.118798e-07,-0.003521042
1.119798e-07,-0.0035361213
1.120798e-07,-0.0035433019
1.121798e-07,-0.0035418658
1.122798e-07,-0.0035368394
1.123798e-07,-0.0035361213
1.124798e-07,-0.0035433019
1.125798e-07,-0.0035590993
1.126798e-07,-0.0035777688
1.127798e-07,-0.0035935662
1.128798e-07,-0.0036021829
1.129798e-07,-0.003603619
1.130798e-07,-0.003602901
1.131798e-07,-0.0036050551
1.132798e-07,-0.0036129538
1.133798e-07,-0.003626597
1.134798e-07,-0.0036402401
1.135798e-07,-0.003651011
1.136798e-07,-0.0036560375
1.137798e-07,-0.0036589097
1.138798e-07,-0.0036632181
1.139798e-07,-0.003673989
1.140798e-07,-0.0036933766
1.141798e-07,-0.0037170726
1.142798e-07,-0.0037393325
1.143798e-07,-0.0037544118
1.144798e-07,-0.0037594382
1.145798e-07,-0.0037580021
1.146798e-07,-0.0037544118
1.147798e-07,-0.0037544118
1.148798e-07,-0.0037594382
1.149798e-07,-0.0037659007
1.150798e-07,-0.003769491
1.151798e-07,-0.0037659007
1.152798e-07,-0.0037544118
1.153798e-07,-0.0037400506
1.154798e-07,-0.0037307158
1.155798e-07,-0.0037314338
1.156798e-07,-0.0037429228
1.157798e-07,-0.0037601562
1.158798e-07,-0.0037737994
1.159798e-07,-0.0037773897
1.160798e-07,-0.003768773
1.161798e-07,-0.0037529756
1.162798e-07,-0.0037378964
1.163798e-07,-0.0037314338
1.164798e-07,-0.0037350241
1.165798e-07,-0.003745795
1.166798e-07,-0.0037544118
1.167798e-07,-0.0037544118
1.168798e-07,-0.0037429228
1.169798e-07,-0.0037242532
1.170798e-07,-0.0037055836
1.171798e-07,-0.0036969669
1.172798e-07,-0.0037005572
1.173798e-07,-0.0037127642
1.174798e-07,-0.0037256893
1.175798e-07,-0.0037314338
1.176798e-07,-0.0037264074
1.177798e-07,-0.0037142004
1.178798e-07,-0.0037012753
1.179798e-07,-0.0036969669
1.180798e-07,-0.0037041475
1.181798e-07,-0.0037192268
1.182798e-07,-0.0037350241
1.183798e-07,-0.0037429228
1.184798e-07,-0.0037393325
1.185798e-07,-0.0037271255
1.186798e-07,-0.0037134823
1.187798e-07,-0.0037084559
1.188798e-07,-0.0037156365
1.189798e-07,-0.0037328699
1.190798e-07,-0.0037529756
1.191798e-07,-0.0037659007
1.192798e-07,-0.0037673369
1.193798e-07,-0.0037580021
1.194798e-07,-0.0037472312
1.195798e-07,-0.0037429228
1.196798e-07,-0.0037515395
1.197798e-07,-0.0037709272
1.198798e-07,-0.0037946232
1.199798e-07,-0.0038118566
1.200798e-07,-0.0038147289
1.201798e-07,-0.0038032399
1.202798e-07,-0.0037831342
1.203798e-07,-0.0037659007
1.204798e-07,-0.0037601562
1.205798e-07,-0.003768773
1.206798e-07,-0.0037895967
1.207798e-07,-0.0038118566
1.208798e-07,-0.0038269359
1.209798e-07,-0.0038298081
1.210798e-07,-0.0038190372
1.211798e-07,-0.0038003676
1.212798e-07,-0.0037802619
1.213798e-07,-0.0037651827
1.214798e-07,-0.0037565659
1.215798e-07,-0.0037544118
1.216798e-07,-0.0037551298
1.217798e-07,-0.003757284
1.218798e-07,-0.0037608743
1.219798e-07,-0.0037659007
1.220798e-07,-0.0037737994
1.221798e-07,-0.0037852884
1.222798e-07,-0.0037989315
1.223798e-07,-0.0038118566
1.224798e-07,-0.0038219095
1.225798e-07,-0.0038290901
1.226798e-07,-0.0038333984
1.227798e-07,-0.0038348346
1.228798e-07,-0.0038348346
1.229798e-07,-0.0038333984
1.230798e-07,-0.0038298081
1.231798e-07,-0.0038233456
1.232798e-07,-0.0038147289
1.233798e-07,-0.003804676
1.234798e-07,-0.0037960593
1.235798e-07,-0.0037888787
1.236798e-07,-0.0037838523
1.237798e-07,-0.0037802619
1.238798e-07,-0.0037781078
1.239798e-07,-0.0037773897
1.240798e-07,-0.00378098
1.241798e-07,-0.003792469
1.242798e-07,-0.0038111386
1.243798e-07,-0.0038348346
1.244798e-07,-0.0038570944
1.245798e-07,-0.0038707376
1.246798e-07,-0.0038707376
1.247798e-07,-0.0038578125
1.248798e-07,-0.0038377068
1.249798e-07,-0.0038197553
1.250798e-07,-0.0038140108
1.251798e-07,-0.0038233456
1.252798e-07,-0.0038441693
1.253798e-07,-0.0038671473
1.254798e-07,-0.0038815085
1.255798e-07,-0.0038807904
1.256798e-07,-0.0038664292
1.257798e-07,-0.0038470416
1.258798e-07,-0.0038341165
1.259798e-07,-0.0038348346
1.260798e-07,-0.00385135
1.261798e-07,-0.0038772001
1.262798e-07,-0.0039016142
1.263798e-07,-0.0039152574
1.264798e-07,-0.0039145393
1.265798e-07,-0.0039030503
1.266798e-07,-0.0038886891
1.267798e-07,-0.0038807904
1.268798e-07,-0.0038822266
1.269798e-07,-0.0038901252
1.270798e-07,-0.00389946
1.271798e-07,-0.0039037684
1.272798e-07,-0.0039023323
1.273798e-07,-0.00389946
1.274798e-07,-0.0039016142
1.275798e-07,-0.0039152574
1.276798e-07,-0.0039396714
1.277798e-07,-0.0039691119
1.278798e-07,-0.003994244
1.279798e-07,-0.0040071691
1.280798e-07,-0.004005733
1.281798e-07,-0.0039956801
1.282798e-07,-0.0039856273
1.283798e-07,-0.0039841912
1.284798e-07,-0.0039949621
1.285798e-07,-0.0040136317
1.286798e-07,-0.0040315832
1.287798e-07,-0.004041636
1.288798e-07,-0.0040401999
1.289798e-07,-0.0040323012
1.290798e-07,-0.0040258387
1.291798e-07,-0.0040301471
1.292798e-07,-0.0040480986
1.293798e-07,-0.0040753849
1.294798e-07,-0.0041033892
1.295798e-07,-0.0041220588
1.296798e-07,-0.0041278033
1.297798e-07,-0.004124213
1.298798e-07,-0.0041191866
1.299798e-07,-0.0041220588
1.300798e-07,-0.00413642
1.301798e-07,-0.0041579619
1.302798e-07,-0.0041795037
1.303798e-07,-0.0041909926
1.304798e-07,-0.0041874023
1.305798e-07,-0.0041723231
1.306798e-07,-0.0041543716
1.307798e-07,-0.0041450368
1.308798e-07,-0.0041507812
1.309798e-07,-0.0041694508
1.310798e-07,-0.004194583
1.311798e-07,-0.0042139706
1.312798e-07,-0.0042204331
1.313798e-07,-0.0042125345
1.314798e-07,-0.0041960191
1.315798e-07,-0.0041795037
1.316798e-07,-0.004171605
1.317798e-07,-0.0041730411
1.318798e-07,-0.0041823759
1.319798e-07,-0.0041909926
1.320798e-07,-0.0041931468
1.321798e-07,-0.0041866843
1.322798e-07,-0.0041730411
1.323798e-07,-0.0041565257
1.324798e-07,-0.0041421645
1.325798e-07,-0.0041306756
1.326798e-07,-0.0041206227
1.327798e-07,-0.0041105699
1.328798e-07,-0.0040983628
1.329798e-07,-0.0040861558
1.330798e-07,-0.0040775391
1.331798e-07,-0.0040761029
1.332798e-07,-0.0040818474
1.333798e-07,-0.0040911822
1.334798e-07,-0.0040990809
1.335798e-07,-0.0040990809
1.336798e-07,-0.0040904642
1.337798e-07,-0.0040753849
1.338798e-07,-0.0040610237
1.339798e-07,-0.004053125
1.340798e-07,-0.0040552792
1.341798e-07,-0.004064614
1.342798e-07,-0.0040775391
1.343798e-07,-0.0040875919
1.344798e-07,-0.0040911822
1.345798e-07,-0.0040897461
1.346798e-07,-0.0040875919
1.347798e-07,-0.0040875919
1.348798e-07,-0.0040926183
1.349798e-07,-0.0041012351
1.350798e-07,-0.0041084157
1.351798e-07,-0.0041105699
1.352798e-07,-0.0041076976
1.353798e-07,-0.0041033892
1.354798e-07,-0.0041033892
1.355798e-07,-0.0041105699
1.356798e-07,-0.0041263672
1.357798e-07,-0.0041457548
1.358798e-07,-0.0041615522
1.359798e-07,-0.0041680147
1.360798e-07,-0.0041629883
1.361798e-07,-0.0041507812
1.362798e-07,-0.0041385742
1.363798e-07,-0.0041335478
1.364798e-07,-0.0041378562
1.365798e-07,-0.0041493451
1.366798e-07,-0.0041608341
1.367798e-07,-0.0041680147
1.368798e-07,-0.0041680147
1.369798e-07,-0.0041629883
1.370798e-07,-0.0041615522
1.371798e-07,-0.0041680147
1.372798e-07,-0.0041852482
1.373798e-07,-0.004207508
1.374798e-07,-0.0042283318
1.375798e-07,-0.0042369485
1.376798e-07,-0.0042297679
1.377798e-07,-0.0042089442
1.378798e-07,-0.0041809398
1.379798e-07,-0.0041565257
1.380798e-07,-0.0041414465
1.381798e-07,-0.0041371381
1.382798e-07,-0.0041407284
1.383798e-07,-0.0041450368
1.384798e-07,-0.0041457548
1.385798e-07,-0.0041400103
1.386798e-07,-0.0041313936
1.387798e-07,-0.0041220588
1.388798e-07,-0.0041148782
1.389798e-07,-0.0041105699
1.390798e-07,-0.0041062615
1.391798e-07,-0.0040990809
1.392798e-07,-0.004089028
1.393798e-07,-0.0040782571
1.394798e-07,-0.0040689223
1.395798e-07,-0.004064614
1.396798e-07,-0.004064614
1.397798e-07,-0.004065332
1.398798e-07,-0.0040624598
1.399798e-07,-0.004053125
1.400798e-07,-0.0040380457
1.401798e-07,-0.0040222484
1.402798e-07,-0.0040107594
1.403798e-07,-0.0040071691
1.404798e-07,-0.0040114775
1.405798e-07,-0.0040186581
1.406798e-07,-0.0040222484
1.407798e-07,-0.0040186581
1.408798e-07,-0.0040078872
1.409798e-07,-0.0039956801
1.410798e-07,-0.0039899357
1.411798e-07,-0.0039956801
1.412798e-07,-0.0040121955
1.413798e-07,-0.0040351735
1.414798e-07,-0.0040545611
1.415798e-07,-0.004064614
1.416798e-07,-0.0040638959
1.417798e-07,-0.0040567153
1.418798e-07,-0.0040509708
1.419798e-07,-0.004053125
1.420798e-07,-0.0040638959
1.421798e-07,-0.0040796932
1.422798e-07,-0.0040926183
1.423798e-07,-0.0040990809
1.424798e-07,-0.0040976448
1.425798e-07,-0.0040947725
1.426798e-07,-0.0040969267
1.427798e-07,-0.0041105699
1.428798e-07,-0.0041342659
1.429798e-07,-0.0041608341
1.430798e-07,-0.0041823759
1.431798e-07,-0.0041909926
1.432798e-07,-0.0041874023
1.433798e-07,-0.0041795037
1.434798e-07,-0.0041780676
1.435798e-07,-0.0041909926
1.436798e-07,-0.0042197151
1.437798e-07,-0.0042563362
1.438798e-07,-0.0042886489
1.439798e-07,-0.0043058824
1.440798e-07,-0.0043037282
1.441798e-07,-0.0042872128
1.442798e-07,-0.0042692613
1.443798e-07,-0.0042599265
1.444798e-07,-0.004266389
1.445798e-07,-0.0042857767
1.446798e-07,-0.0043094727
1.447798e-07,-0.0043288603
1.448798e-07,-0.004337477
1.449798e-07,-0.0043381951
1.450798e-07,-0.004336759
1.451798e-07,-0.0043403493
1.452798e-07,-0.0043525563
1.453798e-07,-0.0043690717
1.454798e-07,-0.0043827148
1.455798e-07,-0.0043863051
1.456798e-07,-0.0043769704
1.457798e-07,-0.0043583008
1.458798e-07,-0.0043396312
1.459798e-07,-0.0043288603
1.460798e-07,-0.0043295784
1.461798e-07,-0.0043389131
1.462798e-07,-0.0043482479
1.463798e-07,-0.0043518382
1.464798e-07,-0.0043475299
1.465798e-07,-0.0043389131
1.466798e-07,-0.0043346048
1.467798e-07,-0.0043403493
1.468798e-07,-0.0043554285
1.469798e-07,-0.0043733801
1.470798e-07,-0.0043827148
1.471798e-07,-0.0043748162
1.472798e-07,-0.0043496841
1.473798e-07,-0.0043152171
1.474798e-07,-0.0042850586
1.475798e-07,-0.0042714154
1.476798e-07,-0.004278596
1.477798e-07,-0.0042994198
1.478798e-07,-0.0043209616
1.479798e-07,-0.0043288603
1.480798e-07,-0.0043173713
1.481798e-07,-0.004289367
1.482798e-07,-0.0042577723
1.483798e-07,-0.0042369485
1.484798e-07,-0.0042362305
1.485798e-07,-0.004254182
1.486798e-07,-0.0042814683
1.487798e-07,-0.0043058824
1.488798e-07,-0.0043159352
1.489798e-07,-0.0043094727
1.490798e-07,-0.0042915211
1.491798e-07,-0.0042714154
1.492798e-07,-0.0042577723
1.493798e-07,-0.0042534639
1.494798e-07,-0.0042563362
1.495798e-07,-0.0042599265
1.496798e-07,-0.0042613626
1.497798e-07,-0.0042606445
1.498798e-07,-0.0042620807
1.499798e-07,-0.0042714154
1.500798e-07,-0.004289367
1.501798e-07,-0.0043123449
1.502798e-07,-0.0043317325
1.503798e-07,-0.0043403493
1.504798e-07,-0.0043353228
1.505798e-07,-0.0043195255
1.506798e-07,-0.004302292
1.507798e-07,-0.0042943934
1.508798e-07,-0.0043001379
1.509798e-07,-0.0043195255
1.510798e-07,-0.0043432215
1.511798e-07,-0.0043633272
1.512798e-07,-0.0043719439
1.513798e-07,-0.0043690717
1.514798e-07,-0.0043597369
1.515798e-07,-0.0043518382
1.516798e-07,-0.0043496841
1.517798e-07,-0.0043539924
1.518798e-07,-0.004360455
1.519798e-07,-0.0043633272
1.520798e-07,-0.0043583008
1.521798e-07,-0.0043475299
1.522798e-07,-0.0043353228
1.523798e-07,-0.0043288603
1.524798e-07,-0.0043310145
1.525798e-07,-0.0043403493
1.526798e-07,-0.0043496841
1.527798e-07,-0.0043518382
1.528798e-07,-0.0043425034
1.529798e-07,-0.0043231158
1.530798e-07,-0.0043008559
1.531798e-07,-0.0042829044
1.532798e-07,-0.0042757238
1.533798e-07,-0.0042793141
1.534798e-07,-0.0042879308
1.535798e-07,-0.0042943934
1.536798e-07,-0.0042936753
1.537798e-07,-0.0042843405
1.538798e-07,-0.0042706974
1.539798e-07,-0.0042599265
1.540798e-07,-0.0042570542
1.541798e-07,-0.0042627987
1.542798e-07,-0.0042735696
1.543798e-07,-0.0042829044
1.544798e-07,-0.0042843405
1.545798e-07,-0.0042771599
1.546798e-07,-0.0042635168
1.547798e-07,-0.0042484375
1.548798e-07,-0.0042383847
1.549798e-07,-0.0042376666
1.550798e-07,-0.0042455653
1.551798e-07,-0.0042599265
1.552798e-07,-0.004278596
1.553798e-07,-0.0042987017
1.554798e-07,-0.0043195255
1.555798e-07,-0.0043403493
1.556798e-07,-0.0043590188
1.557798e-07,-0.0043748162
1.558798e-07,-0.004384151
1.559798e-07,-0.0043863051
1.560798e-07,-0.0043834329
1.561798e-07,-0.0043798426
1.562798e-07,-0.0043798426
1.563798e-07,-0.0043863051
1.564798e-07,-0.0043992302
1.565798e-07,-0.0044143095
1.566798e-07,-0.0044265165
1.567798e-07,-0.004432261
1.568798e-07,-0.0044308249
1.569798e-07,-0.0044250804
1.570798e-07,-0.004420054
1.571798e-07,-0.0044207721
1.572798e-07,-0.0044279527
1.573798e-07,-0.0044387236
1.574798e-07,-0.0044487764
1.575798e-07,-0.004455239
1.576798e-07,-0.004455957
1.577798e-07,-0.0044545209
1.578798e-07,-0.0044530848
1.579798e-07,-0.004455239
1.580798e-07,-0.0044609835
1.581798e-07,-0.004467446
1.582798e-07,-0.0044703182
1.583798e-07,-0.0044667279
1.584798e-07,-0.0044588293
1.585798e-07,-0.0044509306
1.586798e-07,-0.0044487764
1.587798e-07,-0.004455239
1.588798e-07,-0.0044681641
1.589798e-07,-0.0044810892
1.590798e-07,-0.0044861156
1.591798e-07,-0.0044782169
1.592798e-07,-0.0044588293
1.593798e-07,-0.0044351333
1.594798e-07,-0.0044157456
1.595798e-07,-0.0044092831
1.596798e-07,-0.0044171818
1.597798e-07,-0.0044329791
1.598798e-07,-0.0044487764
1.599798e-07,-0.004455239
1.600798e-07,-0.0044487764
1.601798e-07,-0.0044329791
1.602798e-07,-0.0044171818
1.603798e-07,-0.0044092831
1.604798e-07,-0.0044150276
1.605798e-07,-0.0044329791
1.606798e-07,-0.0044566751
1.607798e-07,-0.0044782169
1.608798e-07,-0.0044918601
1.609798e-07,-0.0044976045
1.610798e-07,-0.0044990407
1.611798e-07,-0.0045011949
1.612798e-07,-0.0045069393
1.613798e-07,-0.0045155561
1.614798e-07,-0.0045227367
1.615798e-07,-0.0045241728
1.616798e-07,-0.0045191464
1.617798e-07,-0.0045112477
1.618798e-07,-0.0045076574
1.619798e-07,-0.0045126838
1.620798e-07,-0.0045284812
1.621798e-07,-0.004550741
1.622798e-07,-0.0045715648
1.623798e-07,-0.0045816176
1.624798e-07,-0.0045773093
1.625798e-07,-0.0045600758
1.626798e-07,-0.0045356618
1.627798e-07,-0.0045126838
1.628798e-07,-0.0044968865
1.629798e-07,-0.0044897059
1.630798e-07,-0.0044889878
1.631798e-07,-0.0044897059
1.632798e-07,-0.0044897059
1.633798e-07,-0.0044875517
1.634798e-07,-0.0044868336
1.635798e-07,-0.0044897059
1.636798e-07,-0.0044954504
1.637798e-07,-0.0045019129
1.638798e-07,-0.0045047852
1.639798e-07,-0.0045011949
1.640798e-07,-0.0044918601
1.641798e-07,-0.004479653
1.642798e-07,-0.0044703182
1.643798e-07,-0.0044667279
1.644798e-07,-0.0044681641
1.645798e-07,-0.0044703182
1.646798e-07,-0.0044667279
1.647798e-07,-0.004455239
1.648798e-07,-0.0044372875
1.649798e-07,-0.0044207721
1.650798e-07,-0.0044135915
1.651798e-07,-0.0044207721
1.652798e-07,-0.0044415958
1.653798e-07,-0.0044667279
1.654798e-07,-0.0044861156
1.655798e-07,-0.0044897059
1.656798e-07,-0.0044767808
1.657798e-07,-0.0044530848
1.658798e-07,-0.0044308249
1.659798e-07,-0.0044207721
1.660798e-07,-0.0044279527
1.661798e-07,-0.0044480584
1.662798e-07,-0.0044724724
1.663798e-07,-0.0044897059
1.664798e-07,-0.0044940142
1.665798e-07,-0.0044861156
1.666798e-07,-0.0044739085
1.667798e-07,-0.0044667279
1.668798e-07,-0.0044710363
1.669798e-07,-0.0044868336
1.670798e-07,-0.0045069393
1.671798e-07,-0.0045241728
1.672798e-07,-0.0045327895
1.673798e-07,-0.0045320715
1.674798e-07,-0.004527045
1.675798e-07,-0.0045241728
1.676798e-07,-0.004527045
1.677798e-07,-0.0045356618
1.678798e-07,-0.0045442785
1.679798e-07,-0.0045471507
1.680798e-07,-0.0045414062
1.681798e-07,-0.0045299173
1.682798e-07,-0.0045177102
1.683798e-07,-0.0045126838
1.684798e-07,-0.0045177102
1.685798e-07,-0.0045320715
1.686798e-07,-0.0045485869
1.687798e-07,-0.0045586397
1.688798e-07,-0.0045579216
1.689798e-07,-0.0045457146
1.690798e-07,-0.0045284812
1.691798e-07,-0.0045126838
1.692798e-07,-0.0045047852
1.693798e-07,-0.0045069393
1.694798e-07,-0.004514838
1.695798e-07,-0.0045241728
1.696798e-07,-0.0045306353
1.697798e-07,-0.0045327895
1.698798e-07,-0.0045327895
1.699798e-07,-0.0045356618
1.700798e-07,-0.0045428424
1.701798e-07,-0.0045536133
1.702798e-07,-0.0045636661
1.703798e-07,-0.0045701287
1.704798e-07,-0.0045694106
1.705798e-07,-0.0045643842
1.706798e-07,-0.0045586397
1.707798e-07,-0.0045586397
1.708798e-07,-0.0045665384
1.709798e-07,-0.0045823357
1.710798e-07,-0.0046002872
1.711798e-07,-0.0046160846
1.712798e-07,-0.0046247013
1.713798e-07,-0.0046261374
1.714798e-07,-0.004621829
1.715798e-07,-0.0046160846
1.716798e-07,-0.0046110581
1.717798e-07,-0.0046067498
1.718798e-07,-0.0046010053
1.719798e-07,-0.0045931066
1.720798e-07,-0.0045823357
1.721798e-07,-0.0045708467
1.722798e-07,-0.0045615119
1.723798e-07,-0.0045586397
1.724798e-07,-0.0045607939
1.725798e-07,-0.0045643842
1.726798e-07,-0.0045651023
1.727798e-07,-0.0045586397
1.728798e-07,-0.0045442785
1.729798e-07,-0.004526327
1.730798e-07,-0.0045098116
1.731798e-07,-0.0045011949
1.732798e-07,-0.0045011949
1.733798e-07,-0.0045069393
1.734798e-07,-0.0045126838
1.735798e-07,-0.0045126838
1.736798e-07,-0.0045047852
1.737798e-07,-0.004491142
1.738798e-07,-0.0044760627
1.739798e-07,-0.0044667279
1.740798e-07,-0.0044645738
1.741798e-07,-0.0044696002
1.742798e-07,-0.0044753447
1.743798e-07,-0.0044782169
1.744798e-07,-0.0044746266
1.745798e-07,-0.0044645738
1.746798e-07,-0.0044530848
1.747798e-07,-0.00444375
1.748798e-07,-0.0044394416
1.749798e-07,-0.0044394416
1.750798e-07,-0.0044415958
1.751798e-07,-0.00444375
1.752798e-07,-0.0044451861
1.753798e-07,-0.0044480584
1.754798e-07,-0.004455239
1.755798e-07,-0.0044667279
1.756798e-07,-0.0044818072
1.757798e-07,-0.0044961684
1.758798e-07,-0.004503349
1.759798e-07,-0.0045011949
1.760798e-07,-0.0044904239
1.761798e-07,-0.0044767808
1.762798e-07,-0.0044667279
1.763798e-07,-0.0044667279
1.764798e-07,-0.0044774989
1.765798e-07,-0.0044954504
1.766798e-07,-0.0045126838
1.767798e-07,-0.0045241728
1.768798e-07,-0.004527045
1.769798e-07,-0.0045248909
1.770798e-07,-0.0045220186
1.771798e-07,-0.0045241728
1.772798e-07,-0.0045327895
1.773798e-07,-0.0045442785
1.774798e-07,-0.0045543313
1.775798e-07,-0.0045586397
1.776798e-07,-0.0045572036
1.777798e-07,-0.0045550494
1.778798e-07,-0.0045572036
1.779798e-07,-0.0045701287
1.780798e-07,-0.0045931066
1.781798e-07,-0.004621111
1.782798e-07,-0.0046462431
1.783798e-07,-0.0046620404
1.784798e-07,-0.0046663488
1.785798e-07,-0.0046627585
1.786798e-07,-0.0046591682
1.787798e-07,-0.0046620404
1.788798e-07,-0.0046742475
1.789798e-07,-0.0046936351
1.790798e-07,-0.0047144589
1.791798e-07,-0.0047309743
1.792798e-07,-0.0047417452
1.793798e-07,-0.0047503619
1.794798e-07,-0.0047604148
1.795798e-07,-0.0047769301
1.796798e-07,-0.004798472
1.797798e-07,-0.0048207318
1.798798e-07,-0.004834375
1.799798e-07,-0.004834375
1.800798e-07,-0.0048214499
1.801798e-07,-0.0048027803
1.802798e-07,-0.0047884191
1.803798e-07,-0.0047884191
1.804798e-07,-0.0048049345
1.805798e-07,-0.0048329389
1.806798e-07,-0.0048616613
1.807798e-07,-0.0048803309
1.808798e-07,-0.0048839212
1.809798e-07,-0.0048738683
1.810798e-07,-0.004858071
1.811798e-07,-0.004845864
1.812798e-07,-0.0048444278
1.813798e-07,-0.0048530446
1.814798e-07,-0.0048674058
1.815798e-07,-0.0048803309
1.816798e-07,-0.0048875115
1.817798e-07,-0.0048882295
1.818798e-07,-0.0048882295
1.819798e-07,-0.0048918199
1.820798e-07,-0.0049004366
1.821798e-07,-0.0049112075
1.822798e-07,-0.0049183881
1.823798e-07,-0.0049147978
1.824798e-07,-0.0048997185
1.825798e-07,-0.0048774586
1.826798e-07,-0.0048566349
1.827798e-07,-0.004845864
1.828798e-07,-0.0048494543
1.829798e-07,-0.0048659697
1.830798e-07,-0.0048867934
1.831798e-07,-0.0049033088
1.832798e-07,-0.0049090533
1.833798e-07,-0.0049033088
1.834798e-07,-0.0048911018
1.835798e-07,-0.0048803309
1.836798e-07,-0.0048753045
1.837798e-07,-0.0048767406
1.838798e-07,-0.0048803309
1.839798e-07,-0.0048803309
1.840798e-07,-0.0048731503
1.841798e-07,-0.004858071
1.842798e-07,-0.0048394014
1.843798e-07,-0.004822886
1.844798e-07,-0.0048121151
1.845798e-07,-0.0048063706
1.846798e-07,-0.0048042165
1.847798e-07,-0.0047999081
1.848798e-07,-0.0047927275
1.849798e-07,-0.0047841108
1.850798e-07,-0.0047776482
1.851798e-07,-0.0047769301
1.852798e-07,-0.0047826746
1.853798e-07,-0.0047920094
1.854798e-07,-0.00479919
1.855798e-07,-0.0047999081
1.856798e-07,-0.0047920094
1.857798e-07,-0.0047798024
1.858798e-07,-0.0047683134
1.859798e-07,-0.0047654412
1.860798e-07,-0.0047726218
1.861798e-07,-0.0047891372
1.862798e-07,-0.0048078068
1.863798e-07,-0.004822886
1.864798e-07,-0.0048307847
1.865798e-07,-0.0048307847
1.866798e-07,-0.0048271944
1.867798e-07,-0.004822886
1.868798e-07,-0.0048192957
1.869798e-07,-0.0048135512
1.870798e-07,-0.0048042165
1.871798e-07,-0.0047884191
1.872798e-07,-0.0047683134
1.873798e-07,-0.0047489258
1.874798e-07,-0.0047388729
1.875798e-07,-0.0047424632
1.876798e-07,-0.0047611328
1.877798e-07,-0.0047884191
1.878798e-07,-0.0048157054
1.879798e-07,-0.004834375
1.880798e-07,-0.0048408375
1.881798e-07,-0.0048365292
1.882798e-07,-0.0048286305
1.883798e-07,-0.004822886
1.884798e-07,-0.004822886
1.885798e-07,-0.0048257583
1.886798e-07,-0.0048279125
1.887798e-07,-0.004822886
1.888798e-07,-0.0048099609
1.889798e-07,-0.0047912914
1.890798e-07,-0.004774776
1.891798e-07,-0.0047654412
1.892798e-07,-0.0047654412
1.893798e-07,-0.0047704676
1.894798e-07,-0.0047726218
1.895798e-07,-0.0047654412
1.896798e-07,-0.0047453355
1.897798e-07,-0.0047173311
1.898798e-07,-0.0046900448
1.899798e-07,-0.0046735294
1.900798e-07,-0.0046728114
1.901798e-07,-0.0046878906
1.902798e-07,-0.0047101505
1.903798e-07,-0.0047309743
1.904798e-07,-0.0047424632
1.905798e-07,-0.0047424632
1.906798e-07,-0.0047367187
1.907798e-07,-0.0047309743
1.908798e-07,-0.0047331284
1.909798e-07,-0.0047453355
1.910798e-07,-0.0047654412
1.911798e-07,-0.0047884191
1.912798e-07,-0.0048085248
1.913798e-07,-0.004822168
1.914798e-07,-0.0048300666
1.915798e-07,-0.004834375
1.916798e-07,-0.0048372472
1.917798e-07,-0.0048386834
1.918798e-07,-0.0048386834
1.919798e-07,-0.004834375
1.920798e-07,-0.0048271944
1.921798e-07,-0.0048192957
1.922798e-07,-0.0048164235
1.923798e-07,-0.004822886
1.924798e-07,-0.0048401195
1.925798e-07,-0.0048645335
1.926798e-07,-0.0048918199
1.927798e-07,-0.0049147978
1.928798e-07,-0.0049284409
1.929798e-07,-0.0049327493
1.930798e-07,-0.0049305951
1.931798e-07,-0.0049262868
1.932798e-07,-0.0049241326
1.933798e-07,-0.0049262868
1.934798e-07,-0.0049313132
1.935798e-07,-0.0049377757
1.936798e-07,-0.0049449563
1.937798e-07,-0.0049521369
1.938798e-07,-0.0049607537
1.939798e-07,-0.0049722426
1.940798e-07,-0.0049851677
1.941798e-07,-0.0049966567
1.942798e-07,-0.0050045554
1.943798e-07,-0.0050067096
1.944798e-07,-0.0050045554
1.945798e-07,-0.0050016831
1.946798e-07,-0.0050016831
1.947798e-07,-0.0050067096
1.948798e-07,-0.0050160443
1.949798e-07,-0.0050246611
1.950798e-07,-0.0050268153
1.951798e-07,-0.0050181985
1.952798e-07,-0.005000247
1.953798e-07,-0.0049779871
1.954798e-07,-0.0049585995
1.955798e-07,-0.0049492647
1.956798e-07,-0.0049514189
1.957798e-07,-0.0049621898
1.958798e-07,-0.0049751149
1.959798e-07,-0.0049837316
1.960798e-07,-0.0049837316
1.961798e-07,-0.0049751149
1.962798e-07,-0.0049629079
1.963798e-07,-0.0049492647
1.964798e-07,-0.0049377757
1.965798e-07,-0.0049277229
1.966798e-07,-0.004916952
1.967798e-07,-0.0049033088
1.968798e-07,-0.0048882295
1.969798e-07,-0.0048745864
1.970798e-07,-0.0048674058
1.971798e-07,-0.0048688419
1.972798e-07,-0.0048767406
1.973798e-07,-0.0048860754
1.974798e-07,-0.0048889476
1.975798e-07,-0.0048803309
1.976798e-07,-0.0048609432
1.977798e-07,-0.0048350931
1.978798e-07,-0.0048128332
1.979798e-07,-0.0047999081
1.980798e-07,-0.00479919
1.981798e-07,-0.0048078068
1.982798e-07,-0.0048178596
1.983798e-07,-0.004822886
1.984798e-07,-0.0048185777
1.985798e-07,-0.0048078068
1.986798e-07,-0.0047955997
1.987798e-07,-0.0047884191
1.988798e-07,-0.0047891372
1.989798e-07,-0.0047970358
1.990798e-07,-0.0048056526
1.991798e-07,-0.0048113971
1.992798e-07,-0.0048113971
1.993798e-07,-0.0048070887
1.994798e-07,-0.0048056526
1.995798e-07,-0.0048113971
1.996798e-07,-0.0048271944
1.997798e-07,-0.0048494543
1.998798e-07,-0.0048731503
1.999798e-07,-0.0048918199
2.000798e-07,-0.0049018727
2.001798e-07,-0.0049061811
2.002798e-07,-0.0049083352
2.003798e-07,-0.0049147978
2.004798e-07,-0.0049277229
2.005798e-07,-0.0049449563
2.006798e-07,-0.0049621898
2.007798e-07,-0.0049722426
2.008798e-07,-0.0049743968
2.009798e-07,-0.0049708065
2.010798e-07,-0.0049679343
2.011798e-07,-0.0049722426
2.012798e-07,-0.0049866039
2.013798e-07,-0.0050095818
2.014798e-07,-0.0050339959
2.015798e-07,-0.0050526654
2.016798e-07,-0.0050612822
2.017798e-07,-0.0050605641
2.018798e-07,-0.0050555377
2.019798e-07,-0.0050526654
2.020798e-07,-0.0050569738
2.021798e-07,-0.0050691808
2.022798e-07,-0.0050849782
2.023798e-07,-0.0050986213
2.024798e-07,-0.0051058019
2.025798e-07,-0.00510652
2.026798e-07,-0.0051029297
2.027798e-07,-0.0050986213
2.028798e-07,-0.0050971852
2.029798e-07,-0.0050986213
2.030798e-07,-0.0051000574
2.031798e-07,-0.0050986213
2.032798e-07,-0.0050921588
2.033798e-07,-0.0050813879
2.034798e-07,-0.005070617
2.035798e-07,-0.0050641544
2.036798e-07,-0.0050634364
2.037798e-07,-0.0050684628
2.038798e-07,-0.0050734892
2.039798e-07,-0.0050756434
2.040798e-07,-0.0050720531
2.041798e-07,-0.0050641544
2.042798e-07,-0.0050562557
2.043798e-07,-0.0050526654
2.044798e-07,-0.0050562557
2.045798e-07,-0.0050655905
2.046798e-07,-0.0050777976
2.047798e-07,-0.0050871324
2.048798e-07,-0.0050914407
2.049798e-07,-0.0050907227
2.050798e-07,-0.0050885685
2.051798e-07,-0.0050871324
2.052798e-07,-0.0050892865
2.053798e-07,-0.005094313
2.054798e-07,-0.0050986213
2.055798e-07,-0.0050986213
2.056798e-07,-0.0050928768
2.057798e-07,-0.0050821059
2.058798e-07,-0.005071335
2.059798e-07,-0.0050641544
2.060798e-07,-0.0050634364
2.061798e-07,-0.0050691808
2.062798e-07,-0.0050785156
2.063798e-07,-0.0050871324
2.064798e-07,-0.0050935949
2.065798e-07,-0.0050964671
2.066798e-07,-0.0050971852
2.067798e-07,-0.0050986213
2.068798e-07,-0.0051007755
2.069798e-07,-0.0051022116
2.070798e-07,-0.0051022116
2.071798e-07,-0.0050986213
2.072798e-07,-0.0050921588
2.073798e-07,-0.0050864143
2.074798e-07,-0.0050842601
2.075798e-07,-0.0050871324
2.076798e-07,-0.005095031
2.077798e-07,-0.0051043658
2.078798e-07,-0.0051108284
2.079798e-07,-0.0051101103
2.080798e-07,-0.0051036477
2.081798e-07,-0.0050964671
2.082798e-07,-0.0050928768
2.083798e-07,-0.0050986213
2.084798e-07,-0.0051129825
2.085798e-07,-0.0051323702
2.086798e-07,-0.0051488856
2.087798e-07,-0.0051560662
2.088798e-07,-0.0051517578
2.089798e-07,-0.0051373966
2.090798e-07,-0.0051215993
2.091798e-07,-0.0051101103
2.092798e-07,-0.0051086742
2.093798e-07,-0.0051165728
2.094798e-07,-0.0051309341
2.095798e-07,-0.0051445772
2.096798e-07,-0.0051546301
2.097798e-07,-0.0051596565
2.098798e-07,-0.0051625287
2.099798e-07,-0.0051675551
2.100798e-07,-0.0051768899
2.101798e-07,-0.0051905331
2.102798e-07,-0.0052041762
2.103798e-07,-0.005213511
2.104798e-07,-0.0052149472
2.105798e-07,-0.0052092027
2.106798e-07,-0.0051991498
2.107798e-07,-0.0051905331
2.108798e-07,-0.0051869428
2.109798e-07,-0.0051883789
2.110798e-07,-0.0051948415
2.111798e-07,-0.0052020221
2.112798e-07,-0.0052063304
2.113798e-07,-0.0052048943
2.114798e-07,-0.0051998679
2.115798e-07,-0.0051905331
2.116798e-07,-0.0051797622
2.117798e-07,-0.0051675551
2.118798e-07,-0.0051553481
2.119798e-07,-0.0051445772
2.120798e-07,-0.0051359605
2.121798e-07,-0.0051330882
2.122798e-07,-0.0051359605
2.123798e-07,-0.0051445772
2.124798e-07,-0.0051560662
2.125798e-07,-0.0051639648
2.126798e-07,-0.005165401
2.127798e-07,-0.0051560662
2.128798e-07,-0.0051388327
2.129798e-07,-0.005118009
2.130798e-07,-0.0050993394
2.131798e-07,-0.0050871324
2.132798e-07,-0.0050821059
2.133798e-07,-0.0050806698
2.134798e-07,-0.0050792337
2.135798e-07,-0.0050756434
2.136798e-07,-0.0050698989
2.137798e-07,-0.0050663086
2.138798e-07,-0.0050677447
2.139798e-07,-0.0050756434
2.140798e-07,-0.0050878504
2.141798e-07,-0.0050979033
2.142798e-07,-0.0050993394
2.143798e-07,-0.0050871324
2.144798e-07,-0.0050641544
2.145798e-07,-0.005035432
2.146798e-07,-0.0050110179
2.147798e-07,-0.0049952206
2.148798e-07,-0.0049901942
2.149798e-07,-0.0049909122
2.150798e-07,-0.0049901942
2.151798e-07,-0.0049837316
2.152798e-07,-0.0049700885
2.153798e-07,-0.0049542911
2.154798e-07,-0.0049420841
2.155798e-07,-0.0049377757
2.156798e-07,-0.004940648
2.157798e-07,-0.0049449563
2.158798e-07,-0.0049420841
2.159798e-07,-0.0049262868
2.160798e-07,-0.0048982824
2.161798e-07,-0.0048645335
2.162798e-07,-0.0048365292
2.163798e-07,-0.004822886
2.164798e-07,-0.0048271944
2.165798e-07,-0.0048444278
2.166798e-07,-0.0048659697
2.167798e-07,-0.0048803309
2.168798e-07,-0.0048832031
2.169798e-07,-0.0048760225
2.170798e-07,-0.0048652516
2.171798e-07,-0.0048573529
2.172798e-07,-0.0048573529
2.173798e-07,-0.0048645335
2.174798e-07,-0.0048738683
2.175798e-07,-0.0048803309
2.176798e-07,-0.004881767
2.177798e-07,-0.0048803309
2.178798e-07,-0.0048824851
2.179798e-07,-0.0048918199
2.180798e-07,-0.0049090533
2.181798e-07,-0.0049305951
2.182798e-07,-0.0049499828
2.183798e-07,-0.0049607537
2.184798e-07,-0.0049636259
2.185798e-07,-0.0049636259
2.186798e-07,-0.0049686523
2.187798e-07,-0.0049837316
2.188798e-07,-0.0050095818
2.189798e-07,-0.0050390223
2.190798e-07,-0.0050641544
2.191798e-07,-0.0050756434
2.192798e-07,-0.0050727711
2.193798e-07,-0.0050612822
2.194798e-07,-0.0050512293
2.195798e-07,-0.0050526654
2.196798e-07,-0.0050684628
2.197798e-07,-0.005095031
2.198798e-07,-0.0051237534
2.199798e-07,-0.0051445772
2.200798e-07,-0.0051531939
2.201798e-07,-0.0051517578
2.202798e-07,-0.0051460133
2.203798e-07,-0.0051445772
2.204798e-07,-0.0051496036
2.205798e-07,-0.0051596565
2.206798e-07,-0.0051675551
2.207798e-07,-0.0051675551
2.208798e-07,-0.0051582204
2.209798e-07,-0.005142423
2.210798e-07,-0.0051280618
2.211798e-07,-0.0051215993
2.212798e-07,-0.0051237534
2.213798e-07,-0.005130216
2.214798e-07,-0.0051352424
2.215798e-07,-0.0051330882
2.216798e-07,-0.0051237534
2.217798e-07,-0.0051137006
2.218798e-07,-0.0051115464
2.219798e-07,-0.0051215993
2.220798e-07,-0.005142423
2.221798e-07,-0.0051639648
2.222798e-07,-0.0051754538
2.223798e-07,-0.0051675551
2.224798e-07,-0.0051402688
2.225798e-07,-0.0051043658
2.226798e-07,-0.0050749253
2.227798e-07,-0.0050641544
2.228798e-07,-0.0050763614
2.229798e-07,-0.0051036477
2.230798e-07,-0.0051316521
2.231798e-07,-0.0051445772
2.232798e-07,-0.0051359605
2.233798e-07,-0.0051086742
2.234798e-07,-0.0050756434
2.235798e-07,-0.0050526654
2.236798e-07,-0.0050497932
2.237798e-07,-0.0050670267
2.238798e-07,-0.005095031
2.239798e-07,-0.0051215993
2.240798e-07,-0.0051359605
2.241798e-07,-0.0051366785
2.242798e-07,-0.0051287799
2.243798e-07,-0.0051215993
2.244798e-07,-0.0051230354
2.245798e-07,-0.0051345244
2.246798e-07,-0.0051517578
2.247798e-07,-0.0051675551
2.248798e-07,-0.0051768899
2.249798e-07,-0.0051783261
2.250798e-07,-0.005177608
2.251798e-07,-0.0051790441
2.252798e-07,-0.0051876608
2.253798e-07,-0.005201304
2.254798e-07,-0.0052156652
2.255798e-07,-0.005225
2.256798e-07,-0.0052264361
2.257798e-07,-0.0052221278
2.258798e-07,-0.0052199736
2.259798e-07,-0.005225
2.260798e-07,-0.0052407973
2.261798e-07,-0.0052644933
2.262798e-07,-0.0052889074
2.263798e-07,-0.0053054228
2.264798e-07,-0.0053111673
2.265798e-07,-0.0053068589
2.266798e-07,-0.0052989602
2.267798e-07,-0.0052939338
2.268798e-07,-0.005296088
2.269798e-07,-0.0053032686
2.270798e-07,-0.0053118853
2.271798e-07,-0.0053169118
2.272798e-07,-0.0053169118
2.273798e-07,-0.0053147576
2.274798e-07,-0.0053176298
2.275798e-07,-0.0053284007
2.276798e-07,-0.0053477884
2.277798e-07,-0.0053686121
2.278798e-07,-0.0053836914
2.279798e-07,-0.0053858456
2.280798e-07,-0.0053736386
2.281798e-07,-0.0053535329
2.282798e-07,-0.0053355813
2.283798e-07,-0.0053284007
2.284798e-07,-0.0053341452
2.285798e-07,-0.0053485064
2.286798e-07,-0.0053614315
2.287798e-07,-0.0053628676
2.288798e-07,-0.0053499426
2.289798e-07,-0.0053255285
2.290798e-07,-0.0052996783
2.291798e-07,-0.0052824449
2.292798e-07,-0.0052781365
2.293798e-07,-0.0052860352
2.294798e-07,-0.0052975241
2.295798e-07,-0.0053054228
2.296798e-07,-0.0053039867
2.297798e-07,-0.0052939338
2.298798e-07,-0.0052810087
2.299798e-07,-0.0052709559
2.300798e-07,-0.0052673656
2.301798e-07,-0.0052673656
2.302798e-07,-0.0052666475
2.303798e-07,-0.0052594669
2.304798e-07,-0.0052451057
2.305798e-07,-0.0052285903
2.306798e-07,-0.0052156652
2.307798e-07,-0.005213511
2.308798e-07,-0.0052221278
2.309798e-07,-0.0052357709
2.310798e-07,-0.0052472599
2.311798e-07,-0.0052479779
2.312798e-07,-0.0052379251
2.313798e-07,-0.0052214097
2.314798e-07,-0.0052070485
2.315798e-07,-0.0052020221
2.316798e-07,-0.0052077665
2.317798e-07,-0.0052192555
2.318798e-07,-0.0052271542
2.319798e-07,-0.005225
2.320798e-07,-0.0052120749
2.321798e-07,-0.0051941234
2.322798e-07,-0.0051804802
2.323798e-07,-0.0051790441
2.324798e-07,-0.005189815
2.325798e-07,-0.0052056124
2.326798e-07,-0.0052163833
2.327798e-07,-0.005213511
2.328798e-07,-0.0051948415
2.329798e-07,-0.0051682732
2.330798e-07,-0.0051438591
2.331798e-07,-0.0051330882
2.332798e-07,-0.0051373966
2.333798e-07,-0.0051517578
2.334798e-07,-0.005165401
2.335798e-07,-0.0051675551
2.336798e-07,-0.0051560662
2.337798e-07,-0.0051359605
2.338798e-07,-0.0051172909
2.339798e-07,-0.0051101103
2.340798e-07,-0.0051165728
2.341798e-07,-0.0051309341
2.342798e-07,-0.0051431411
2.343798e-07,-0.0051445772
2.344798e-07,-0.0051330882
2.345798e-07,-0.0051144187
2.346798e-07,-0.0051000574
2.347798e-07,-0.0050986213
2.348798e-07,-0.0051115464
2.349798e-07,-0.0051316521
2.350798e-07,-0.0051460133
2.351798e-07,-0.0051445772
2.352798e-07,-0.0051251896
2.353798e-07,-0.0050957491
2.354798e-07,-0.005070617
2.355798e-07,-0.0050641544
2.356798e-07,-0.0050799517
2.357798e-07,-0.0051122645
2.358798e-07,-0.0051460133
2.359798e-07,-0.0051675551
2.360798e-07,-0.0051689913
2.361798e-07,-0.005153912
2.362798e-07,-0.0051330882
2.363798e-07,-0.0051215993
2.364798e-07,-0.0051259076
2.365798e-07,-0.0051438591
2.366798e-07,-0.005165401
2.367798e-07,-0.0051790441
2.368798e-07,-0.005177608
2.369798e-07,-0.0051632468
2.370798e-07,-0.0051445772
2.371798e-07,-0.0051330882
2.372798e-07,-0.0051345244
2.373798e-07,-0.0051474494
2.374798e-07,-0.005165401
2.375798e-07,-0.0051790441
2.376798e-07,-0.0051833525
2.377798e-07,-0.0051804802
2.378798e-07,-0.0051761719
2.379798e-07,-0.0051790441
2.380798e-07,-0.005189815
2.381798e-07,-0.0052041762
2.382798e-07,-0.0052142291
2.383798e-07,-0.005213511
2.384798e-07,-0.0052020221
2.385798e-07,-0.0051869428
2.386798e-07,-0.0051797622
2.387798e-07,-0.0051905331
2.388798e-07,-0.0052192555
2.389798e-07,-0.0052573127
2.390798e-07,-0.0052903435
2.391798e-07,-0.0053054228
2.392798e-07,-0.0052975241
2.393798e-07,-0.0052745462
2.394798e-07,-0.0052494141
2.395798e-07,-0.005236489
2.396798e-07,-0.0052422335
2.397798e-07,-0.0052623392
2.398798e-07,-0.005284599
2.399798e-07,-0.0052939338
2.400798e-07,-0.005284599
2.401798e-07,-0.0052594669
2.402798e-07,-0.0052307445
2.403798e-07,-0.005213511
2.404798e-07,-0.0052156652
2.405798e-07,-0.0052350528
2.406798e-07,-0.0052616211
2.407798e-07,-0.0052824449
2.408798e-07,-0.0052881893
2.409798e-07,-0.0052781365
2.410798e-07,-0.005260903
2.411798e-07,-0.0052479779
2.412798e-07,-0.0052472599
2.413798e-07,-0.005260185
2.414798e-07,-0.0052788545
2.415798e-07,-0.0052939338
2.416798e-07,-0.0052975241
2.417798e-07,-0.0052889074
2.418798e-07,-0.0052738281
2.419798e-07,-0.0052594669
2.420798e-07,-0.0052522863
2.421798e-07,-0.0052530044
2.422798e-07,-0.0052573127
2.423798e-07,-0.0052594669
2.424798e-07,-0.0052565947
2.425798e-07,-0.0052501321
2.426798e-07,-0.0052458238
2.427798e-07,-0.0052479779
2.428798e-07,-0.0052587489
2.429798e-07,-0.005272392
2.430798e-07,-0.0052824449
2.431798e-07,-0.0052824449
2.432798e-07,-0.0052709559
2.433798e-07,-0.0052530044
2.434798e-07,-0.0052386432
2.435798e-07,-0.005236489
2.436798e-07,-0.0052479779
2.437798e-07,-0.0052666475
2.438798e-07,-0.0052817268
2.439798e-07,-0.0052824449
2.440798e-07,-0.0052652114
2.441798e-07,-0.0052357709
2.442798e-07,-0.0052063304
2.443798e-07,-0.0051905331
2.444798e-07,-0.0051948415
2.445798e-07,-0.0052171013
2.446798e-07,-0.0052465418
2.447798e-07,-0.0052709559
2.448798e-07,-0.0052810087
2.449798e-07,-0.0052759823
2.450798e-07,-0.0052652114
2.451798e-07,-0.0052594669
2.452798e-07,-0.0052673656
2.453798e-07,-0.0052881893
2.454798e-07,-0.0053169118
2.455798e-07,-0.0053398897
2.456798e-07,-0.0053492245
2.457798e-07,-0.0053420439
2.458798e-07,-0.0053240924
2.459798e-07,-0.0053054228
2.460798e-07,-0.0052968061
2.461798e-07,-0.0053018325
2.462798e-07,-0.0053190659
2.463798e-07,-0.0053398897
2.464798e-07,-0.0053564051
2.465798e-07,-0.0053621496
2.466798e-07,-0.0053592773
2.467798e-07,-0.0053513787
2.468798e-07,-0.0053441981
2.469798e-07,-0.0053406078
2.470798e-07,-0.0053406078
2.471798e-07,-0.0053398897
2.472798e-07,-0.0053348633
2.473798e-07,-0.0053240924
2.474798e-07,-0.0053090131
2.475798e-07,-0.0052939338
2.476798e-07,-0.0052831629
2.477798e-07,-0.0052802907
2.478798e-07,-0.005284599
2.479798e-07,-0.0052939338
2.480798e-07,-0.0053039867
2.481798e-07,-0.0053126034
2.482798e-07,-0.0053169118
2.483798e-07,-0.0053169118
2.484798e-07,-0.0053126034
2.485798e-07,-0.0053054228
2.486798e-07,-0.0052946519
2.487798e-07,-0.0052824449
2.488798e-07,-0.0052709559
2.489798e-07,-0.0052623392
2.490798e-07,-0.0052587489
2.491798e-07,-0.0052594669
2.492798e-07,-0.0052630572
2.493798e-07,-0.0052652114
2.494798e-07,-0.0052644933
2.495798e-07,-0.0052594669
2.496798e-07,-0.0052537224
2.497798e-07,-0.0052515682
2.498798e-07,-0.0052573127
2.499798e-07,-0.0052709559
2.500798e-07,-0.0052889074
2.501798e-07,-0.0053039867
2.502798e-07,-0.0053104492
2.503798e-07,-0.0053054228
2.504798e-07,-0.0052924977
2.505798e-07,-0.0052795726
2.506798e-07,-0.0052745462
2.507798e-07,-0.0052824449
2.508798e-07,-0.0053011144
2.509798e-07,-0.0053226563
2.510798e-07,-0.0053377355
2.511798e-07,-0.0053398897
2.512798e-07,-0.0053291188
2.513798e-07,-0.0053133215
2.514798e-07,-0.0053025506
2.515798e-07,-0.0053054228
2.516798e-07,-0.0053248104
2.517798e-07,-0.0053542509
2.518798e-07,-0.0053815372
2.519798e-07,-0.0053973346
2.520798e-07,-0.0053951804
2.521798e-07,-0.0053779469
2.522798e-07,-0.0053564051
2.523798e-07,-0.0053398897
2.524798e-07,-0.0053370175
2.525798e-07,-0.0053485064
2.526798e-07,-0.0053678941
2.527798e-07,-0.0053858456
2.528798e-07,-0.0053944623
2.529798e-07,-0.0053923081
2.530798e-07,-0.0053836914
2.531798e-07,-0.0053743566
2.532798e-07,-0.0053707663
2.533798e-07,-0.0053743566
2.534798e-07,-0.0053815372
2.535798e-07,-0.0053858456
2.536798e-07,-0.0053829733
2.537798e-07,-0.0053714844
2.538798e-07,-0.005354969
2.539798e-07,-0.0053398897
2.540798e-07,-0.0053327091
2.541798e-07,-0.0053355813
2.542798e-07,-0.0053470703
2.543798e-07,-0.0053628676
2.544798e-07,-0.0053765108
2.545798e-07,-0.0053829733
2.546798e-07,-0.0053822553
2.547798e-07,-0.0053743566
2.548798e-07,-0.0053614315
2.549798e-07,-0.0053463523
2.550798e-07,-0.005331273
2.551798e-07,-0.0053169118
2.552798e-07,-0.0053054228
2.553798e-07,-0.0052975241
2.554798e-07,-0.0052939338
2.555798e-07,-0.0052939338
2.556798e-07,-0.0052939338
2.557798e-07,-0.0052910616
2.558798e-07,-0.0052831629
2.559798e-07,-0.0052709559
2.560798e-07,-0.0052587489
2.561798e-07,-0.0052530044
2.562798e-07,-0.0052565947
2.563798e-07,-0.0052709559
2.564798e-07,-0.0052896255
2.565798e-07,-0.0053047047
2.566798e-07,-0.005307577
2.567798e-07,-0.0052939338
2.568798e-07,-0.0052673656
2.569798e-07,-0.005237207
2.570798e-07,-0.005212793
2.571798e-07,-0.0052020221
2.572798e-07,-0.0052056124
2.573798e-07,-0.0052163833
2.574798e-07,-0.005225
2.575798e-07,-0.005225
2.576798e-07,-0.0052142291
2.577798e-07,-0.0051969956
2.578798e-07,-0.0051833525
2.579798e-07,-0.0051790441
2.580798e-07,-0.0051869428
2.581798e-07,-0.0052005859
2.582798e-07,-0.005212793
2.583798e-07,-0.005213511
2.584798e-07,-0.0052005859
2.585798e-07,-0.005177608
2.586798e-07,-0.0051524759
2.587798e-07,-0.0051330882
2.588798e-07,-0.0051244715
2.589798e-07,-0.0051237534
2.590798e-07,-0.0051251896
2.591798e-07,-0.0051215993
2.592798e-07,-0.0051108284
2.593798e-07,-0.0050935949
2.594798e-07,-0.0050763614
2.595798e-07,-0.0050641544
2.596798e-07,-0.0050584099
2.597798e-07,-0.0050576919
2.598798e-07,-0.0050569738
2.599798e-07,-0.0050526654
2.600798e-07,-0.0050447668
2.601798e-07,-0.0050368681
2.602798e-07,-0.005035432
2.603798e-07,-0.0050411765
2.604798e-07,-0.0050526654
2.605798e-07,-0.0050634364
2.606798e-07,-0.0050641544
2.607798e-07,-0.0050526654
2.608798e-07,-0.0050311236
2.609798e-07,-0.0050095818
2.610798e-07,-0.004999529
2.611798e-07,-0.0050067096
2.612798e-07,-0.0050311236
2.613798e-07,-0.0050641544
2.614798e-07,-0.0050935949
2.615798e-07,-0.0051101103
2.616798e-07,-0.0051129825
2.617798e-07,-0.0051093922
2.618798e-07,-0.0051093922
2.619798e-07,-0.0051215993
2.620798e-07,-0.0051452953
2.621798e-07,-0.0051725816
2.622798e-07,-0.0051905331
2.623798e-07,-0.0051905331
2.624798e-07,-0.0051718635
2.625798e-07,-0.0051431411
2.626798e-07,-0.005118727
2.627798e-07,-0.0051101103
2.628798e-07,-0.0051201631
2.629798e-07,-0.0051409869
2.630798e-07,-0.0051603745
2.631798e-07,-0.0051675551
2.632798e-07,-0.0051589384
2.633798e-07,-0.005141705
2.634798e-07,-0.0051294979
2.635798e-07,-0.0051330882
2.636798e-07,-0.0051560662
2.637798e-07,-0.0051912511
2.638798e-07,-0.0052228458
2.639798e-07,-0.005236489
2.640798e-07,-0.0052271542
2.641798e-07,-0.0052005859
2.642798e-07,-0.0051718635
2.643798e-07,-0.0051560662
2.644798e-07,-0.0051610926
2.645798e-07,-0.0051847886
2.646798e-07,-0.0052149472
2.647798e-07,-0.005236489
2.648798e-07,-0.0052415154
2.649798e-07,-0.0052300264
2.650798e-07,-0.005212793
2.651798e-07,-0.0052020221
2.652798e-07,-0.0052048943
2.653798e-07,-0.0052221278
2.654798e-07,-0.0052436696
2.655798e-07,-0.0052594669
2.656798e-07,-0.0052623392
2.657798e-07,-0.0052544405
2.658798e-07,-0.0052422335
2.659798e-07,-0.005236489
2.660798e-07,-0.0052436696
2.661798e-07,-0.0052630572
2.662798e-07,-0.0052867532
2.663798e-07,-0.0053054228
2.664798e-07,-0.0053140395
2.665798e-07,-0.0053147576
2.666798e-07,-0.0053126034
2.667798e-07,-0.0053169118
2.668798e-07,-0.0053305549
2.669798e-07,-0.0053513787
2.670798e-07,-0.0053722024
2.671798e-07,-0.0053858456
2.672798e-07,-0.005390154
2.673798e-07,-0.0053894359
2.674798e-07,-0.0053930262
2.675798e-07,-0.0054088235
2.676798e-07,-0.005438264
2.677798e-07,-0.0054748851
2.678798e-07,-0.0055071978
2.679798e-07,-0.0055237132
2.680798e-07,-0.0055215591
2.681798e-07,-0.0055064798
2.682798e-07,-0.0054914005
2.683798e-07,-0.0054892463
2.684798e-07,-0.0055064798
2.685798e-07,-0.0055395106
2.686798e-07,-0.0055768497
2.687798e-07,-0.005604136
2.688798e-07,-0.0056120347
2.689798e-07,-0.0055991096
2.690798e-07,-0.0055732594
2.691798e-07,-0.0055466912
2.692798e-07,-0.0055273035
2.693798e-07,-0.0055186868
2.694798e-07,-0.0055158146
2.695798e-07,-0.0055122243
2.696798e-07,-0.0055021714
2.697798e-07,-0.005484938
2.698798e-07,-0.0054633961
2.699798e-07,-0.0054432904
2.700798e-07,-0.005426775
2.701798e-07,-0.0054124138
2.702798e-07,-0.0053958984
2.703798e-07,-0.0053743566
2.704798e-07,-0.0053485064
2.705798e-07,-0.0053240924
2.706798e-07,-0.005308295
2.707798e-07,-0.0053054228
2.708798e-07,-0.0053133215
2.709798e-07,-0.0053233743
2.710798e-07,-0.0053233743
2.711798e-07,-0.0053054228
2.712798e-07,-0.0052680836
2.713798e-07,-0.0052199736
2.714798e-07,-0.0051747358
2.715798e-07,-0.0051445772
2.716798e-07,-0.0051345244
2.717798e-07,-0.0051395508
2.718798e-07,-0.0051467314
2.719798e-07,-0.0051445772
2.720798e-07,-0.0051251896
2.721798e-07,-0.0050914407
2.722798e-07,-0.0050512293
2.723798e-07,-0.0050181985
2.724798e-07,-0.0049988109
2.725798e-07,-0.0049930664
2.726798e-07,-0.0049945025
2.727798e-07,-0.0049952206
2.728798e-07,-0.00498804
2.729798e-07,-0.0049729607
2.730798e-07,-0.0049542911
2.731798e-07,-0.0049377757
2.732798e-07,-0.0049255687
2.733798e-07,-0.004916952
2.734798e-07,-0.0049068991
2.735798e-07,-0.0048918199
2.736798e-07,-0.0048717142
2.737798e-07,-0.0048516085
2.738798e-07,-0.0048379653
2.739798e-07,-0.004834375
2.740798e-07,-0.0048394014
2.741798e-07,-0.0048451459
2.742798e-07,-0.0048415556
2.743798e-07,-0.004822886
2.744798e-07,-0.0047912914
2.745798e-07,-0.0047553883
2.746798e-07,-0.0047288201
2.747798e-07,-0.0047194853
2.748798e-07,-0.004728102
2.749798e-07,-0.0047460535
2.750798e-07,-0.0047582606
2.751798e-07,-0.0047539522
2.752798e-07,-0.0047302562
2.753798e-07,-0.0046957893
2.754798e-07,-0.0046649127
2.755798e-07,-0.0046505515
2.756798e-07,-0.0046584501
2.757798e-07,-0.0046835823
2.758798e-07,-0.0047123047
2.759798e-07,-0.0047309743
2.760798e-07,-0.0047316923
2.761798e-07,-0.0047180492
2.762798e-07,-0.0046979435
2.763798e-07,-0.0046850184
2.764798e-07,-0.0046850184
2.765798e-07,-0.0046979435
2.766798e-07,-0.004715895
2.767798e-07,-0.0047309743
2.768798e-07,-0.0047381549
2.769798e-07,-0.004739591
2.770798e-07,-0.0047424632
2.771798e-07,-0.0047539522
2.772798e-07,-0.004775494
2.773798e-07,-0.0048027803
2.774798e-07,-0.0048286305
2.775798e-07,-0.004845864
2.776798e-07,-0.0048551988
2.777798e-07,-0.0048638155
2.778798e-07,-0.004881767
2.779798e-07,-0.0049147978
2.780798e-07,-0.0049621898
2.781798e-07,-0.0050138902
2.782798e-07,-0.0050555377
2.783798e-07,-0.0050756434
2.784798e-07,-0.0050734892
2.785798e-07,-0.005059846
2.786798e-07,-0.0050512293
2.787798e-07,-0.0050641544
2.788798e-07,-0.0051036477
2.789798e-07,-0.0051618107
2.790798e-07,-0.0052235639
2.791798e-07,-0.0052709559
2.792798e-07,-0.0052953699
2.793798e-07,-0.0052996783
2.794798e-07,-0.0052982422
2.795798e-07,-0.0053054228
2.796798e-07,-0.0053327091
2.797798e-07,-0.0053801011
2.798798e-07,-0.0054368279
2.799798e-07,-0.0054892463
2.800798e-07,-0.0055280216
2.801798e-07,-0.0055524357
2.802798e-07,-0.0055696691
2.803798e-07,-0.0055926471
2.804798e-07,-0.0056285501
2.805798e-07,-0.0056766602
2.806798e-07,-0.0057297966
2.807798e-07,-0.0057764706
2.808798e-07,-0.0058102194
2.809798e-07,-0.0058310432
2.810798e-07,-0.0058468405
2.811798e-07,-0.0058683824
2.812798e-07,-0.0059035673
2.813798e-07,-0.0059516774
2.814798e-07,-0.0060055319
2.815798e-07,-0.0060522059
2.816798e-07,-0.0060838006
2.817798e-07,-0.0060995979
2.818798e-07,-0.0061046243
2.819798e-07,-0.0061096507
2.820798e-07,-0.0061240119
2.821798e-07,-0.0061512983
2.822798e-07,-0.0061872013
2.823798e-07,-0.0062245404
2.824798e-07,-0.0062568532
2.825798e-07,-0.0062805492
2.826798e-07,-0.0062985007
2.827798e-07,-0.0063164522
2.828798e-07,-0.006337276
2.829798e-07,-0.0063602539
2.830798e-07,-0.0063817957
2.831798e-07,-0.006396875
2.832798e-07,-0.0064011834
2.833798e-07,-0.006396875
2.834798e-07,-0.0063896944
2.835798e-07,-0.006385386
2.836798e-07,-0.0063889763
2.837798e-07,-0.0063990292
2.838798e-07,-0.0064112362
2.839798e-07,-0.0064198529
2.840798e-07,-0.0064198529
2.841798e-07,-0.0064126723
2.842798e-07,-0.0064033375
2.843798e-07,-0.006396875
2.844798e-07,-0.006396875
2.845798e-07,-0.0064033375
2.846798e-07,-0.006409082
2.847798e-07,-0.006408364
2.848798e-07,-0.006396875
2.849798e-07,-0.0063746151
2.850798e-07,-0.0063451746
2.851798e-07,-0.0063164522
2.852798e-07,-0.0062920381
2.853798e-07,-0.0062719324
2.854798e-07,-0.006254699
2.855798e-07,-0.0062360294
2.856798e-07,-0.0062123334
2.857798e-07,-0.006183611
2.858798e-07,-0.0061520163
2.859798e-07,-0.0061211397
2.860798e-07,-0.0060909812
2.861798e-07,-0.0060601045
2.862798e-07,-0.0060249196
2.863798e-07,-0.0059832721
2.864798e-07,-0.0059344439
2.865798e-07,-0.0058827436
2.866798e-07,-0.0058324793
2.867798e-07,-0.0057879596
2.868798e-07,-0.0057499023
2.869798e-07,-0.0057147174
2.870798e-07,-0.005675224
2.871798e-07,-0.005627114
2.872798e-07,-0.0055696691
2.873798e-07,-0.0055064798
2.874798e-07,-0.0054468807
2.875798e-07,-0.0053973346
2.876798e-07,-0.0053614315
2.877798e-07,-0.0053377355
2.878798e-07,-0.0053176298
2.879798e-07,-0.0052939338
2.880798e-07,-0.005260185
2.881798e-07,-0.0052156652
2.882798e-07,-0.0051639648
2.883798e-07,-0.0051101103
2.884798e-07,-0.005059846
2.885798e-07,-0.0050167624
2.886798e-07,-0.0049794233
2.887798e-07,-0.0049492647
2.888798e-07,-0.0049248506
2.889798e-07,-0.004905463
2.890798e-07,-0.0048918199
2.891798e-07,-0.0048803309
2.892798e-07,-0.0048659697
2.893798e-07,-0.0048429917
2.894798e-07,-0.0048056526
2.895798e-07,-0.0047539522
2.896798e-07,-0.0046943532
2.897798e-07,-0.0046376264
2.898798e-07,-0.0045938247
2.899798e-07,-0.0045701287
2.900798e-07,-0.0045651023
2.901798e-07,-0.0045708467
2.902798e-07,-0.0045758732
2.903798e-07,-0.0045701287
2.904798e-07,-0.004550741
2.905798e-07,-0.0045213006
2.906798e-07,-0.004491142
2.907798e-07,-0.0044667279
2.908798e-07,-0.0044516487
2.909798e-07,-0.00444375
2.910798e-07,-0.0044351333
2.911798e-07,-0.0044207721
2.912798e-07,-0.0043999483
2.913798e-07,-0.0043784065
2.914798e-07,-0.0043633272
2.915798e-07,-0.0043633272
2.916798e-07,-0.0043784065
2.917798e-07,-0.0044035386
2.918798e-07,-0.0044279527
2.919798e-07,-0.00444375
2.920798e-07,-0.0044480584
2.921798e-07,-0.0044444681
2.922798e-07,-0.00444375
2.923798e-07,-0.004455239
2.924798e-07,-0.0044825253
2.925798e-07,-0.0045234547
2.926798e-07,-0.0045672564
2.927798e-07,-0.0046045956
2.928798e-07,-0.0046297277
2.929798e-07,-0.0046440889
2.930798e-07,-0.0046555779
2.931798e-07,-0.0046735294
2.932798e-07,-0.0047051241
2.933798e-07,-0.0047503619
2.934798e-07,-0.0048034984
2.935798e-07,-0.0048573529
2.936798e-07,-0.004905463
2.937798e-07,-0.0049478286
2.938798e-07,-0.0049873219
2.939798e-07,-0.0050296875
2.940798e-07,-0.0050777976
2.941798e-07,-0.0051316521
2.942798e-07,-0.0051862247
2.943798e-07,-0.005236489
2.944798e-07,-0.0052795726
2.945798e-07,-0.0053169118
2.946798e-07,-0.0053542509
2.947798e-07,-0.0053973346
2.948798e-07,-0.0054490349
2.949798e-07,-0.005508634
2.950798e-07,-0.0055696691
2.951798e-07,-0.005627114
2.952798e-07,-0.0056773782
2.953798e-07,-0.005721898
2.954798e-07,-0.0057649816
2.955798e-07,-0.0058109375
2.956798e-07,-0.0058604837
2.957798e-07,-0.005911466
2.958798e-07,-0.0059574219
2.959798e-07,-0.005994761
2.960798e-07,-0.0060227654
2.961798e-07,-0.0060457433
2.962798e-07,-0.0060723116
2.963798e-07,-0.0061096507
2.964798e-07,-0.006159915
2.965798e-07,-0.006219514
2.966798e-07,-0.006278395
2.967798e-07,-0.0063279412
2.968798e-07,-0.0063631261
2.969798e-07,-0.006384668
2.970798e-07,-0.0064011834
2.971798e-07,-0.0064198529
2.972798e-07,-0.0064471392
2.973798e-07,-0.0064830423
2.974798e-07,-0.0065225356
2.975798e-07,-0.0065577206
2.976798e-07,-0.0065842888
2.977798e-07,-0.0066029584
2.978798e-07,-0.0066187557
2.979798e-07,-0.0066381434
2.980798e-07,-0.0066661477
2.981798e-07,-0.0067027688
2.982798e-07,-0.0067422622
2.983798e-07,-0.006776011
2.984798e-07,-0.006798989
2.985798e-07,-0.0068090418
2.986798e-07,-0.0068104779
2.987798e-07,-0.0068104779
2.988798e-07,-0.0068147863
2.989798e-07,-0.0068262753
2.990798e-07,-0.0068420726
2.991798e-07,-0.0068564338
2.992798e-07,-0.0068643325
2.993798e-07,-0.0068621783
2.994798e-07,-0.0068506893
2.995798e-07,-0.0068334559
2.996798e-07,-0.0068147863
2.997798e-07,-0.0067975528
2.998798e-07,-0.0067846278
2.999798e-07,-0.006776011
3.000798e-07,-0.0067702665
3.001798e-07,-0.0067659582
3.002798e-07,-0.0067609318
3.003798e-07,-0.0067530331
3.004798e-07,-0.0067386719
3.005798e-07,-0.0067156939
3.006798e-07,-0.006681227
3.007798e-07,-0.0066381434
3.008798e-07,-0.0065900333
3.009798e-07,-0.0065426413
3.010798e-07,-0.0065002757
3.011798e-07,-0.0064658088
3.012798e-07,-0.0064349322
3.013798e-07,-0.0064026195
3.014798e-07,-0.0063638442
3.015798e-07,-0.0063164522
3.016798e-07,-0.0062647518
3.017798e-07,-0.0062152057
3.018798e-07,-0.0061742762
3.019798e-07,-0.0061441176
3.020798e-07,-0.0061204216
3.021798e-07,-0.0060931353
3.022798e-07,-0.0060529239
3.023798e-07,-0.005994761
3.024798e-07,-0.0059208008
3.025798e-07,-0.005841096
3.026798e-07,-0.0057671358
3.027798e-07,-0.0057075368
3.028798e-07,-0.005663017
3.029798e-07,-0.0056263959
3.030798e-07,-0.0055869026
3.031798e-07,-0.0055352022
3.032798e-07,-0.0054698587
3.033798e-07,-0.0053966165
3.034798e-07,-0.0053269646
3.035798e-07,-0.0052709559
3.036798e-07,-0.0052328987
3.037798e-07,-0.0052077665
3.038798e-07,-0.0051862247
3.039798e-07,-0.0051560662
3.040798e-07,-0.0051115464
3.041798e-07,-0.0050541016
3.042798e-07,-0.004988758
3.043798e-07,-0.0049262868
3.044798e-07,-0.0048717142
3.045798e-07,-0.0048250402
3.046798e-07,-0.0047841108
3.047798e-07,-0.0047424632
3.048798e-07,-0.0046986615
3.049798e-07,-0.0046548598
3.050798e-07,-0.0046146484
3.051798e-07,-0.0045816176
3.052798e-07,-0.0045557675
3.053798e-07,-0.0045320715
3.054798e-07,-0.0045040671
3.055798e-07,-0.0044667279
3.056798e-07,-0.0044207721
3.057798e-07,-0.004372662
3.058798e-07,-0.0043317325
3.059798e-07,-0.0043058824
3.060798e-07,-0.0042958295
3.061798e-07,-0.0042951114
3.062798e-07,-0.0042943934
3.063798e-07,-0.0042829044
3.064798e-07,-0.0042584903
3.065798e-07,-0.0042247415
3.066798e-07,-0.0041917107
3.067798e-07,-0.0041680147
3.068798e-07,-0.0041586799
3.069798e-07,-0.0041608341
3.070798e-07,-0.0041665786
3.071798e-07,-0.0041680147
3.072798e-07,-0.0041622702
3.073798e-07,-0.0041536535
3.074798e-07,-0.0041486271
3.075798e-07,-0.0041565257
3.076798e-07,-0.0041787856
3.077798e-07,-0.0042118164
3.078798e-07,-0.0042455653
3.079798e-07,-0.0042714154
3.080798e-07,-0.0042857767
3.081798e-07,-0.0042922392
3.082798e-07,-0.0043001379
3.083798e-07,-0.0043173713
3.084798e-07,-0.004348966
3.085798e-07,-0.0043906135
3.086798e-07,-0.0044329791
3.087798e-07,-0.0044667279
3.088798e-07,-0.0044861156
3.089798e-07,-0.0044954504
3.090798e-07,-0.0045047852
3.091798e-07,-0.0045241728
3.092798e-07,-0.0045615119
3.093798e-07,-0.0046168026
3.094798e-07,-0.00468071
3.095798e-07,-0.0047424632
3.096798e-07,-0.0047941636
3.097798e-07,-0.004834375
3.098798e-07,-0.0048681239
3.099798e-07,-0.0049033088
3.100798e-07,-0.0049471105
3.101798e-07,-0.0050016831
3.102798e-07,-0.0050620002
3.103798e-07,-0.0051215993
3.104798e-07,-0.0051747358
3.105798e-07,-0.0052199736
3.106798e-07,-0.0052616211
3.107798e-07,-0.0053054228
3.108798e-07,-0.005355687
3.109798e-07,-0.00541385
3.110798e-07,-0.0054756032
3.111798e-07,-0.0055352022
3.112798e-07,-0.0055890568
3.113798e-07,-0.0056371668
3.114798e-07,-0.0056831227
3.115798e-07,-0.0057305147
3.116798e-07,-0.0057822151
3.117798e-07,-0.0058367877
3.118798e-07,-0.0058906422
3.119798e-07,-0.0059373162
3.120798e-07,-0.0059753734
3.121798e-07,-0.0060069681
3.122798e-07,-0.0060385627
3.123798e-07,-0.0060751838
3.124798e-07,-0.0061218578
3.125798e-07,-0.0061778665
3.126798e-07,-0.0062374655
3.127798e-07,-0.0062934743
3.128798e-07,-0.0063415843
3.129798e-07,-0.0063803596
3.130798e-07,-0.0064126723
3.131798e-07,-0.0064428309
3.132798e-07,-0.0064737075
3.133798e-07,-0.0065045841
3.134798e-07,-0.0065340246
3.135798e-07,-0.0065577206
3.136798e-07,-0.006574954
3.137798e-07,-0.006586443
3.138798e-07,-0.00659865
3.139798e-07,-0.0066151654
3.140798e-07,-0.0066395795
3.141798e-07,-0.0066711742
3.142798e-07,-0.0067070772
3.143798e-07,-0.0067415441
3.144798e-07,-0.0067717027
3.145798e-07,-0.0067968348
3.146798e-07,-0.0068169405
3.147798e-07,-0.0068334559
3.148798e-07,-0.0068449449
3.149798e-07,-0.0068492532
3.150798e-07,-0.0068420726
3.151798e-07,-0.0068219669
3.152798e-07,-0.0067918084
3.153798e-07,-0.0067573415
3.154798e-07,-0.0067271829
3.155798e-07,-0.0067070772
3.156798e-07,-0.0066991785
3.157798e-07,-0.0067013327
3.158798e-07,-0.0067056411
3.159798e-07,-0.0067070772
3.160798e-07,-0.0067006147
3.161798e-07,-0.0066876896
3.162798e-07,-0.0066697381
3.163798e-07,-0.0066496324
3.164798e-07,-0.0066288086
3.165798e-07,-0.0066051126
3.166798e-07,-0.006574236
3.167798e-07,-0.0065347426
3.168798e-07,-0.0064880687
3.169798e-07,-0.0064399586
3.170798e-07,-0.0063961569
3.171798e-07,-0.0063624081
3.172798e-07,-0.006337994
3.173798e-07,-0.0063178883
3.174798e-07,-0.0062941923
3.175798e-07,-0.0062590074
3.176798e-07,-0.0062108973
3.177798e-07,-0.0061512983
3.178798e-07,-0.006088827
3.179798e-07,-0.0060292279
3.180798e-07,-0.0059760915
3.181798e-07,-0.0059286994
3.182798e-07,-0.0058827436
3.183798e-07,-0.0058339154
3.184798e-07,-0.005780779
3.185798e-07,-0.0057262063
3.186798e-07,-0.0056737879
3.187798e-07,-0.005627114
3.188798e-07,-0.0055861845
3.189798e-07,-0.0055459731
3.190798e-07,-0.0055000172
3.191798e-07,-0.0054432904
3.192798e-07,-0.0053750747
3.193798e-07,-0.0052989602
3.194798e-07,-0.0052242819
3.195798e-07,-0.0051560662
3.196798e-07,-0.0050964671
3.197798e-07,-0.0050426126
3.198798e-07,-0.00498804
3.199798e-07,-0.0049262868
3.200798e-07,-0.0048566349
3.201798e-07,-0.0047826746
3.202798e-07,-0.0047115866
3.203798e-07,-0.0046505515
3.204798e-07,-0.0046010053
3.205798e-07,-0.0045607939
3.206798e-07,-0.0045220186
3.207798e-07,-0.0044782169
3.208798e-07,-0.0044265165
3.209798e-07,-0.0043676356
3.210798e-07,-0.0043066004
3.211798e-07,-0.0042484375
3.212798e-07,-0.004194583
3.213798e-07,-0.0041421645
3.214798e-07,-0.00408831
3.215798e-07,-0.0040301471
3.216798e-07,-0.00396983
3.217798e-07,-0.0039123851
3.218798e-07,-0.0038664292
3.219798e-07,-0.0038348346
3.220798e-07,-0.0038154469
3.221798e-07,-0.0037996496
3.222798e-07,-0.0037781078
3.223798e-07,-0.0037429228
3.224798e-07,-0.0036955308
3.225798e-07,-0.0036431124
3.226798e-07,-0.0035985926
3.227798e-07,-0.0035705882
3.228798e-07,-0.0035612534
3.229798e-07,-0.0035641257
3.230798e-07,-0.0035662799
3.231798e-07,-0.0035590993
3.232798e-07,-0.0035382755
3.233798e-07,-0.0035095531
3.234798e-07,-0.0034858571
3.235798e-07,-0.0034786765
3.236798e-07,-0.0034951919
3.237798e-07,-0.0035310949
3.238798e-07,-0.0035763327
3.239798e-07,-0.0036165441
3.240798e-07,-0.0036445485
3.241798e-07,-0.0036589097
3.242798e-07,-0.0036689625
3.243798e-07,-0.0036854779
3.244798e-07,-0.0037163545
3.245798e-07,-0.0037637466
3.246798e-07,-0.0038219095
3.247798e-07,-0.0038807904
3.248798e-07,-0.0039332089
3.249798e-07,-0.0039762925
3.250798e-07,-0.0040143497
3.251798e-07,-0.004053125
3.252798e-07,-0.0040997989
3.253798e-07,-0.0041558077
3.254798e-07,-0.004218279
3.255798e-07,-0.0042829044
3.256798e-07,-0.0043453757
3.257798e-07,-0.0044049747
3.258798e-07,-0.0044638557
3.259798e-07,-0.0045241728
3.260798e-07,-0.0045873621
3.261798e-07,-0.0046519876
3.262798e-07,-0.0047123047
3.263798e-07,-0.0047654412
3.264798e-07,-0.004810679
3.265798e-07,-0.0048516085
3.266798e-07,-0.0048961282
3.267798e-07,-0.0049492647
3.268798e-07,-0.0050146082
3.269798e-07,-0.0050885685
3.270798e-07,-0.0051646829
3.271798e-07,-0.005236489
3.272798e-07,-0.0052996783
3.273798e-07,-0.005355687
3.274798e-07,-0.0054102597
3.275798e-07,-0.0054662684
3.276798e-07,-0.0055265855
3.277798e-07,-0.0055890568
3.278798e-07,-0.0056465016
3.279798e-07,-0.0056960478
3.280798e-07,-0.0057355411
3.281798e-07,-0.0057707261
3.282798e-07,-0.0058087833
3.283798e-07,-0.0058568934
3.284798e-07,-0.0059172105
3.285798e-07,-0.0059854262
3.286798e-07,-0.0060522059
3.287798e-07,-0.0061096507
3.288798e-07,-0.0061520163
3.289798e-07,-0.0061807387
3.290798e-07,-0.0062022806
3.291798e-07,-0.0062245404
3.292798e-07,-0.0062532629
3.293798e-07,-0.0062884478
3.294798e-07,-0.0063265051
3.295798e-07,-0.0063624081
3.296798e-07,-0.0063925666
3.297798e-07,-0.0064176988
3.298798e-07,-0.0064406767
3.299798e-07,-0.0064658088
3.300798e-07,-0.0064938132
3.301798e-07,-0.0065232537
3.302798e-07,-0.0065491039
3.303798e-07,-0.0065692096
3.304798e-07,-0.0065821347
3.305798e-07,-0.0065907514
3.306798e-07,-0.0066008042
3.307798e-07,-0.0066151654
3.308798e-07,-0.006633835
3.309798e-07,-0.0066532227
3.310798e-07,-0.0066668658
3.311798e-07,-0.0066726103
3.312798e-07,-0.0066704561
3.313798e-07,-0.0066661477
3.314798e-07,-0.0066654297
3.315798e-07,-0.0066726103
3.316798e-07,-0.0066862534
3.317798e-07,-0.0066991785
3.318798e-07,-0.006704205
3.319798e-07,-0.0066955882
3.320798e-07,-0.0066754825
3.321798e-07,-0.0066496324
3.322798e-07,-0.0066273725
3.323798e-07,-0.0066151654
3.324798e-07,-0.0066115751
3.325798e-07,-0.0066108571
3.326798e-07,-0.0066022403
3.327798e-07,-0.0065806985
3.328798e-07,-0.0065462316
3.329798e-07,-0.0065053022
3.330798e-07,-0.0064686811
3.331798e-07,-0.0064428309
3.332798e-07,-0.0064277516
3.333798e-07,-0.0064176988
3.334798e-07,-0.0064019014
3.335798e-07,-0.0063738971
3.336798e-07,-0.0063344037
3.337798e-07,-0.0062913201
3.338798e-07,-0.0062525448
3.339798e-07,-0.0062245404
3.340798e-07,-0.0062044347
3.341798e-07,-0.0061821749
3.342798e-07,-0.0061448357
3.343798e-07,-0.0060866728
3.344798e-07,-0.0060098403
3.345798e-07,-0.0059279814
3.346798e-07,-0.0058576114
3.347798e-07,-0.0058109375
3.348798e-07,-0.0057879596
3.349798e-07,-0.0057771886
3.350798e-07,-0.0057592371
3.351798e-07,-0.0057190257
3.352798e-07,-0.00565081
3.353798e-07,-0.0055624885
3.354798e-07,-0.0054727309
3.355798e-07,-0.0053973346
3.356798e-07,-0.0053456342
3.357798e-07,-0.0053133215
3.358798e-07,-0.0052860352
3.359798e-07,-0.0052479779
3.360798e-07,-0.005189815
3.361798e-07,-0.0051144187
3.362798e-07,-0.0050332778
3.363798e-07,-0.0049607537
3.364798e-07,-0.0049068991
3.365798e-07,-0.004870278
3.366798e-07,-0.0048429917
3.367798e-07,-0.0048113971
3.368798e-07,-0.0047683134
3.369798e-07,-0.0047137408
3.370798e-07,-0.0046555779
3.371798e-07,-0.0046045956
3.372798e-07,-0.0045665384
3.373798e-07,-0.0045406882
3.374798e-07,-0.0045184283
3.375798e-07,-0.0044897059
3.376798e-07,-0.0044502125
3.377798e-07,-0.0044042567
3.378798e-07,-0.0043597369
3.379798e-07,-0.0043288603
3.380798e-07,-0.0043166533
3.381798e-07,-0.0043195255
3.382798e-07,-0.0043274242
3.383798e-07,-0.0043288603
3.384798e-07,-0.0043166533
3.385798e-07,-0.0042929573
3.386798e-07,-0.004266389
3.387798e-07,-0.0042484375
3.388798e-07,-0.0042448472
3.389798e-07,-0.004254182
3.390798e-07,-0.004266389
3.391798e-07,-0.0042714154
3.392798e-07,-0.0042620807
3.393798e-07,-0.0042398208
3.394798e-07,-0.0042161248
3.395798e-07,-0.0042024816
3.396798e-07,-0.0042089442
3.397798e-07,-0.0042355124
3.398798e-07,-0.0042757238
3.399798e-07,-0.0043173713
3.400798e-07,-0.0043504021
3.401798e-07,-0.0043719439
3.402798e-07,-0.004384869
3.403798e-07,-0.0043977941
3.404798e-07,-0.0044171818
3.405798e-07,-0.0044451861
3.406798e-07,-0.004478935
3.407798e-07,-0.0045126838
3.408798e-07,-0.0045406882
3.409798e-07,-0.00456223
3.410798e-07,-0.0045816176
3.411798e-07,-0.0046045956
3.412798e-07,-0.0046340361
3.413798e-07,-0.0046699391
3.414798e-07,-0.0047079963
3.415798e-07,-0.0047424632
3.416798e-07,-0.0047697495
3.417798e-07,-0.0047927275
3.418798e-07,-0.0048157054
3.419798e-07,-0.004845864
3.420798e-07,-0.0048875115
3.421798e-07,-0.0049377757
3.422798e-07,-0.0049916303
3.423798e-07,-0.0050411765
3.424798e-07,-0.0050806698
3.425798e-07,-0.0051115464
3.426798e-07,-0.0051381147
3.427798e-07,-0.0051675551
3.428798e-07,-0.0052048943
3.429798e-07,-0.0052508502
3.430798e-07,-0.0053018325
3.431798e-07,-0.0053513787
3.432798e-07,-0.0053958984
3.433798e-07,-0.0054339557
3.434798e-07,-0.0054712948
3.435798e-07,-0.0055122243
3.436798e-07,-0.0055603343
3.437798e-07,-0.0056141889
3.438798e-07,-0.0056694795
3.439798e-07,-0.0057190257
3.440798e-07,-0.005757801
3.441798e-07,-0.0057858054
3.442798e-07,-0.005805193
3.443798e-07,-0.0058224265
3.444798e-07,-0.0058439683
3.445798e-07,-0.0058726907
3.446798e-07,-0.0059085937
3.447798e-07,-0.0059488051
3.448798e-07,-0.0059911707
3.449798e-07,-0.0060328182
3.450798e-07,-0.0060730296
3.451798e-07,-0.0061096507
3.452798e-07,-0.0061419635
3.453798e-07,-0.0061670956
3.454798e-07,-0.0061828929
3.455798e-07,-0.0061900735
3.456798e-07,-0.0061929458
3.457798e-07,-0.0061972541
3.458798e-07,-0.0062101792
3.459798e-07,-0.0062360294
3.460798e-07,-0.0062733686
3.461798e-07,-0.0063164522
3.462798e-07,-0.0063559455
3.463798e-07,-0.006385386
3.464798e-07,-0.0064011834
3.465798e-07,-0.0064054917
3.466798e-07,-0.0064062098
3.467798e-07,-0.006408364
3.468798e-07,-0.0064162626
3.469798e-07,-0.0064284697
3.470798e-07,-0.0064392406
3.471798e-07,-0.0064428309
3.472798e-07,-0.0064363683
3.473798e-07,-0.0064212891
3.474798e-07,-0.0064019014
3.475798e-07,-0.006385386
3.476798e-07,-0.0063746151
3.477798e-07,-0.0063703068
3.478798e-07,-0.0063674345
3.479798e-07,-0.0063624081
3.480798e-07,-0.0063509191
3.481798e-07,-0.0063336857
3.482798e-07,-0.0063128619
3.483798e-07,-0.0062934743
3.484798e-07,-0.0062762408
3.485798e-07,-0.0062611615
3.486798e-07,-0.0062453642
3.487798e-07,-0.0062245404
3.488798e-07,-0.0061979722
3.489798e-07,-0.0061678136
3.490798e-07,-0.006136937
3.491798e-07,-0.0061096507
3.492798e-07,-0.0060866728
3.493798e-07,-0.0060680032
3.494798e-07,-0.0060493336
3.495798e-07,-0.0060292279
3.496798e-07,-0.00600625
3.497798e-07,-0.0059818359
3.498798e-07,-0.0059581399
3.499798e-07,-0.0059373162
3.500798e-07,-0.0059186466
3.501798e-07,-0.0058985409
3.502798e-07,-0.0058748449
3.503798e-07,-0.0058454044
3.504798e-07,-0.0058123736
3.505798e-07,-0.0057793428
3.506798e-07,-0.0057513385
3.507798e-07,-0.0057305147
3.508798e-07,-0.0057154354
3.509798e-07,-0.0057017923
3.510798e-07,-0.0056845588
3.511798e-07,-0.0056615809
3.512798e-07,-0.0056357307
3.513798e-07,-0.0056113166
3.514798e-07,-0.0055926471
3.515798e-07,-0.0055811581
3.516798e-07,-0.0055711052
3.517798e-07,-0.0055538718
3.518798e-07,-0.0055229952
3.519798e-07,-0.0054777574
3.520798e-07,-0.0054231847
3.521798e-07,-0.0053722024
3.522798e-07,-0.0053348633
3.523798e-07,-0.0053169118
3.524798e-07,-0.0053147576
3.525798e-07,-0.0053161937
3.526798e-07,-0.005308295
3.527798e-07,-0.0052824449
3.528798e-07,-0.0052415154
3.529798e-07,-0.0051955595
3.530798e-07,-0.0051596565
3.531798e-07,-0.0051445772
3.532798e-07,-0.0051488856
3.533798e-07,-0.0051625287
3.534798e-07,-0.0051697093
3.535798e-07,-0.0051560662
3.536798e-07,-0.0051201631
3.537798e-07,-0.0050698989
3.538798e-07,-0.005023225
3.539798e-07,-0.0049952206
3.540798e-07,-0.0049923483
3.541798e-07,-0.0050088637
3.542798e-07,-0.0050304056
3.543798e-07,-0.0050411765
3.544798e-07,-0.0050325597
3.545798e-07,-0.0050059915
3.546798e-07,-0.0049729607
3.547798e-07,-0.0049492647
3.548798e-07,-0.0049435202
3.549798e-07,-0.0049557273
3.550798e-07,-0.0049772691
3.551798e-07,-0.0049952206
3.552798e-07,-0.0050009651
3.553798e-07,-0.0049937845
3.554798e-07,-0.0049801413
3.555798e-07,-0.0049722426
3.556798e-07,-0.004976551
3.557798e-07,-0.0049945025
3.558798e-07,-0.0050196347
3.559798e-07,-0.0050411765
3.560798e-07,-0.0050519474
3.561798e-07,-0.0050497932
3.562798e-07,-0.0050397403
3.563798e-07,-0.0050296875
3.564798e-07,-0.0050260972
3.565798e-07,-0.0050289694
3.566798e-07,-0.00503615
3.567798e-07,-0.0050411765
3.568798e-07,-0.0050404584
3.569798e-07,-0.0050339959
3.570798e-07,-0.0050289694
3.571798e-07,-0.0050296875
3.572798e-07,-0.0050397403
3.573798e-07,-0.0050576919
3.574798e-07,-0.0050756434
3.575798e-07,-0.0050871324
3.576798e-07,-0.0050878504
3.577798e-07,-0.0050799517
3.578798e-07,-0.0050691808
3.579798e-07,-0.0050641544
3.580798e-07,-0.0050684628
3.581798e-07,-0.0050806698
3.582798e-07,-0.0050964671
3.583798e-07,-0.0051101103
3.584798e-07,-0.005118009
3.585798e-07,-0.0051223173
3.586798e-07,-0.0051294979
3.587798e-07,-0.0051445772
3.588798e-07,-0.0051704274
3.589798e-07,-0.0052048943
3.590798e-07,-0.0052407973
3.591798e-07,-0.0052709559
3.592798e-07,-0.0052917796
3.593798e-07,-0.0053032686
3.594798e-07,-0.0053104492
3.595798e-07,-0.0053169118
3.596798e-07,-0.0053262466
3.597798e-07,-0.0053362994
3.598798e-07,-0.0053456342
3.599798e-07,-0.0053513787
3.600798e-07,-0.0053571232
3.601798e-07,-0.0053678941
3.602798e-07,-0.0053923081
3.603798e-07,-0.0054318015
3.604798e-07,-0.0054842199
3.605798e-07,-0.0055402286
3.606798e-07,-0.0055869026
3.607798e-07,-0.005615625
3.608798e-07,-0.0056249598
3.609798e-07,-0.0056228056
3.610798e-07,-0.0056199334
3.611798e-07,-0.005627114
3.612798e-07,-0.0056493739
3.613798e-07,-0.0056824046
3.614798e-07,-0.0057168716
3.615798e-07,-0.0057420037
3.616798e-07,-0.0057542107
3.617798e-07,-0.0057556468
3.618798e-07,-0.0057563649
3.619798e-07,-0.0057649816
3.620798e-07,-0.0057858054
3.621798e-07,-0.0058159639
3.622798e-07,-0.0058468405
3.623798e-07,-0.0058683824
3.624798e-07,-0.005876281
3.625798e-07,-0.0058734088
3.626798e-07,-0.0058676643
3.627798e-07,-0.0058683824
3.628798e-07,-0.0058813074
3.629798e-07,-0.0059042854
3.630798e-07,-0.0059301356
3.631798e-07,-0.0059488051
3.632798e-07,-0.0059545496
3.633798e-07,-0.0059495232
3.634798e-07,-0.0059409065
3.635798e-07,-0.0059373162
3.636798e-07,-0.0059452148
3.637798e-07,-0.0059646025
3.638798e-07,-0.0059875804
3.639798e-07,-0.00600625
3.640798e-07,-0.0060134306
3.641798e-07,-0.0060098403
3.642798e-07,-0.0060012236
3.643798e-07,-0.005994761
3.644798e-07,-0.0059976333
3.645798e-07,-0.0060105584
3.646798e-07,-0.0060277918
3.647798e-07,-0.0060407169
3.648798e-07,-0.0060428711
3.649798e-07,-0.0060321002
3.650798e-07,-0.0060134306
3.651798e-07,-0.005994761
3.652798e-07,-0.0059847082
3.653798e-07,-0.0059861443
3.654798e-07,-0.0059990694
3.655798e-07,-0.006017739
3.656798e-07,-0.0060364085
3.657798e-07,-0.0060500517
3.658798e-07,-0.0060586684
3.659798e-07,-0.0060636949
3.660798e-07,-0.0060665671
3.661798e-07,-0.0060680032
3.662798e-07,-0.0060672852
3.663798e-07,-0.0060636949
3.664798e-07,-0.0060579504
3.665798e-07,-0.0060514878
3.666798e-07,-0.0060486156
3.667798e-07,-0.0060522059
3.668798e-07,-0.0060636949
3.669798e-07,-0.0060802102
3.670798e-07,-0.0060974437
3.671798e-07,-0.0061096507
3.672798e-07,-0.006113241
3.673798e-07,-0.0061089327
3.674798e-07,-0.0060988798
3.675798e-07,-0.0060866728
3.676798e-07,-0.0060759019
3.677798e-07,-0.0060665671
3.678798e-07,-0.0060593865
3.679798e-07,-0.0060522059
3.680798e-07,-0.0060457433
3.681798e-07,-0.0060407169
3.682798e-07,-0.0060392808
3.683798e-07,-0.0060407169
3.684798e-07,-0.0060428711
3.685798e-07,-0.006041435
3.686798e-07,-0.0060335363
3.687798e-07,-0.006017739
3.688798e-07,-0.0059976333
3.689798e-07,-0.0059782456
3.690798e-07,-0.0059653205
3.691798e-07,-0.0059602941
3.692798e-07,-0.0059602941
3.693798e-07,-0.005958858
3.694798e-07,-0.0059488051
3.695798e-07,-0.0059258272
3.696798e-07,-0.0058935145
3.697798e-07,-0.0058590476
3.698798e-07,-0.0058331974
3.699798e-07,-0.0058224265
3.700798e-07,-0.0058260168
3.701798e-07,-0.0058367877
3.702798e-07,-0.0058425322
3.703798e-07,-0.0058339154
3.704798e-07,-0.0058073472
3.705798e-07,-0.0057685719
3.706798e-07,-0.0057276425
3.707798e-07,-0.0056960478
3.708798e-07,-0.0056802505
3.709798e-07,-0.0056795324
3.710798e-07,-0.0056881491
3.711798e-07,-0.0056960478
3.712798e-07,-0.0056967659
3.713798e-07,-0.0056888672
3.714798e-07,-0.005675224
3.715798e-07,-0.0056615809
3.716798e-07,-0.00565081
3.717798e-07,-0.0056436294
3.718798e-07,-0.0056371668
3.719798e-07,-0.005627114
3.720798e-07,-0.0056127528
3.721798e-07,-0.0055962374
3.722798e-07,-0.00558044
3.723798e-07,-0.0055696691
3.724798e-07,-0.0055632066
3.725798e-07,-0.005556744
3.726798e-07,-0.005544537
3.727798e-07,-0.0055237132
3.728798e-07,-0.0054935547
3.729798e-07,-0.005461242
3.730798e-07,-0.0054339557
3.731798e-07,-0.0054203125
3.732798e-07,-0.0054217486
3.733798e-07,-0.0054325195
3.734798e-07,-0.0054425724
3.735798e-07,-0.0054432904
3.736798e-07,-0.0054282112
3.737798e-07,-0.0054002068
3.738798e-07,-0.0053678941
3.739798e-07,-0.0053398897
3.740798e-07,-0.0053233743
3.741798e-07,-0.0053190659
3.742798e-07,-0.005319784
3.743798e-07,-0.0053169118
3.744798e-07,-0.0053039867
3.745798e-07,-0.0052788545
3.746798e-07,-0.0052465418
3.747798e-07,-0.005213511
3.748798e-07,-0.0051869428
3.749798e-07,-0.0051704274
3.750798e-07,-0.0051610926
3.751798e-07,-0.0051560662
3.752798e-07,-0.0051503217
3.753798e-07,-0.0051409869
3.754798e-07,-0.0051309341
3.755798e-07,-0.0051215993
3.756798e-07,-0.0051165728
3.757798e-07,-0.0051165728
3.758798e-07,-0.005118727
3.759798e-07,-0.0051215993
3.760798e-07,-0.0051215993
3.761798e-07,-0.005118727
3.762798e-07,-0.0051137006
3.763798e-07,-0.0051101103
3.764798e-07,-0.0051086742
3.765798e-07,-0.0051101103
3.766798e-07,-0.0051144187
3.767798e-07,-0.0051215993
3.768798e-07,-0.0051316521
3.769798e-07,-0.0051467314
3.770798e-07,-0.0051668371
3.771798e-07,-0.0051905331
3.772798e-07,-0.0052149472
3.773798e-07,-0.005236489
3.774798e-07,-0.0052508502
3.775798e-07,-0.0052594669
3.776798e-07,-0.0052666475
3.777798e-07,-0.0052774184
3.778798e-07,-0.0052982422
3.779798e-07,-0.0053284007
3.780798e-07,-0.0053628676
3.781798e-07,-0.0053915901
3.782798e-07,-0.0054081055
3.783798e-07,-0.0054088235
3.784798e-07,-0.0053987707
3.785798e-07,-0.0053894359
3.786798e-07,-0.005390154
3.787798e-07,-0.0054088235
3.788798e-07,-0.0054418543
3.789798e-07,-0.0054806296
3.790798e-07,-0.0055107881
3.791798e-07,-0.0055237132
3.792798e-07,-0.0055194049
3.793798e-07,-0.0055057617
3.794798e-07,-0.0054964269
3.795798e-07,-0.0055007353
3.796798e-07,-0.0055222771
3.797798e-07,-0.0055545898
3.798798e-07,-0.0055854665
3.799798e-07,-0.005604136
3.800798e-07,-0.0056062902
3.801798e-07,-0.0055976735
3.802798e-07,-0.0055890568
3.803798e-07,-0.0055926471
3.804798e-07,-0.0056134708
3.805798e-07,-0.0056472197
3.806798e-07,-0.0056824046
3.807798e-07,-0.0057075368
3.808798e-07,-0.0057139993
3.809798e-07,-0.0057053826
3.810798e-07,-0.0056903033
3.811798e-07,-0.0056845588
3.812798e-07,-0.0056974839
3.813798e-07,-0.0057319508
3.814798e-07,-0.005780779
3.815798e-07,-0.0058339154
3.816798e-07,-0.0058798713
3.817798e-07,-0.0059129021
3.818798e-07,-0.0059344439
3.819798e-07,-0.0059488051
3.820798e-07,-0.0059624483
3.821798e-07,-0.0059775276
3.822798e-07,-0.0059933249
3.823798e-07,-0.00600625
3.824798e-07,-0.0060141487
3.825798e-07,-0.0060191751
3.826798e-07,-0.0060263557
3.827798e-07,-0.0060407169
3.828798e-07,-0.006065849
3.829798e-07,-0.0061003159
3.830798e-07,-0.006136937
3.831798e-07,-0.0061670956
3.832798e-07,-0.0061850471
3.833798e-07,-0.0061900735
3.834798e-07,-0.0061857652
3.835798e-07,-0.0061785846
3.836798e-07,-0.0061757123
3.837798e-07,-0.0061800207
3.838798e-07,-0.0061900735
3.839798e-07,-0.0062015625
3.840798e-07,-0.0062116153
3.841798e-07,-0.0062173598
3.842798e-07,-0.0062209501
3.843798e-07,-0.0062245404
3.844798e-07,-0.006231721
3.845798e-07,-0.006242492
3.846798e-07,-0.0062561351
3.847798e-07,-0.0062704963
3.848798e-07,-0.0062827034
3.849798e-07,-0.0062927562
3.850798e-07,-0.0062999368
3.851798e-07,-0.0063049632
3.852798e-07,-0.0063071174
3.853798e-07,-0.0063042452
3.854798e-07,-0.0062963465
3.855798e-07,-0.0062819853
3.856798e-07,-0.0062640338
3.857798e-07,-0.0062468003
3.858798e-07,-0.0062331572
3.859798e-07,-0.0062245404
3.860798e-07,-0.006218796
3.861798e-07,-0.0062116153
3.862798e-07,-0.0061979722
3.863798e-07,-0.0061785846
3.864798e-07,-0.0061563247
3.865798e-07,-0.0061376551
3.866798e-07,-0.0061290384
3.867798e-07,-0.0061326287
3.868798e-07,-0.0061433996
3.869798e-07,-0.0061512983
3.870798e-07,-0.0061455538
3.871798e-07,-0.0061211397
3.872798e-07,-0.0060787741
3.873798e-07,-0.0060277918
3.874798e-07,-0.0059811179
3.875798e-07,-0.0059488051
3.876798e-07,-0.0059337259
3.877798e-07,-0.0059301356
3.878798e-07,-0.0059272633
3.879798e-07,-0.0059143382
3.880798e-07,-0.0058870519
3.881798e-07,-0.0058482767
3.882798e-07,-0.0058080653
3.883798e-07,-0.0057764706
3.884798e-07,-0.0057592371
3.885798e-07,-0.0057549288
3.886798e-07,-0.0057556468
3.887798e-07,-0.0057534926
3.888798e-07,-0.0057412856
3.889798e-07,-0.0057183077
3.890798e-07,-0.0056895852
3.891798e-07,-0.0056615809
3.892798e-07,-0.005639321
3.893798e-07,-0.0056235237
3.894798e-07,-0.0056098805
3.895798e-07,-0.0055926471
3.896798e-07,-0.0055696691
3.897798e-07,-0.0055416648
3.898798e-07,-0.0055136604
3.899798e-07,-0.0054892463
3.900798e-07,-0.0054705767
3.901798e-07,-0.0054540614
3.902798e-07,-0.0054353918
3.903798e-07,-0.0054088235
3.904798e-07,-0.0053729205
3.905798e-07,-0.0053305549
3.906798e-07,-0.0052903435
3.907798e-07,-0.0052594669
3.908798e-07,-0.0052407973
3.909798e-07,-0.0052314625
3.910798e-07,-0.0052257181
3.911798e-07,-0.005213511
3.912798e-07,-0.0051912511
3.913798e-07,-0.0051589384
3.914798e-07,-0.0051215993
3.915798e-07,-0.0050871324
3.916798e-07,-0.005059846
3.917798e-07,-0.0050397403
3.918798e-07,-0.005023225
3.919798e-07,-0.0050067096
3.920798e-07,-0.0049866039
3.921798e-07,-0.0049629079
3.922798e-07,-0.0049420841
3.923798e-07,-0.0049262868
3.924798e-07,-0.0049183881
3.925798e-07,-0.0049162339
3.926798e-07,-0.0049126436
3.927798e-07,-0.0049033088
3.928798e-07,-0.0048846392
3.929798e-07,-0.0048587891
3.930798e-07,-0.0048315028
3.931798e-07,-0.0048113971
3.932798e-07,-0.0048020623
3.933798e-07,-0.0048042165
3.934798e-07,-0.0048128332
3.935798e-07,-0.004822886
3.936798e-07,-0.0048293486
3.937798e-07,-0.0048300666
3.938798e-07,-0.0048264763
3.939798e-07,-0.004822886
3.940798e-07,-0.0048207318
3.941798e-07,-0.0048200138
3.942798e-07,-0.0048214499
3.943798e-07,-0.004822886
3.944798e-07,-0.0048257583
3.945798e-07,-0.0048322208
3.946798e-07,-0.0048429917
3.947798e-07,-0.0048573529
3.948798e-07,-0.0048717142
3.949798e-07,-0.0048810489
3.950798e-07,-0.0048803309
3.951798e-07,-0.0048688419
3.952798e-07,-0.0048523265
3.953798e-07,-0.0048394014
3.954798e-07,-0.0048394014
3.955798e-07,-0.0048573529
3.956798e-07,-0.0048903837
3.957798e-07,-0.004929159
3.958798e-07,-0.0049629079
3.959798e-07,-0.0049837316
3.960798e-07,-0.0049909122
3.961798e-07,-0.0049909122
3.962798e-07,-0.0049937845
3.963798e-07,-0.0050067096
3.964798e-07,-0.0050325597
3.965798e-07,-0.0050663086
3.966798e-07,-0.0050979033
3.967798e-07,-0.0051215993
3.968798e-07,-0.0051345244
3.969798e-07,-0.0051409869
3.970798e-07,-0.0051496036
3.971798e-07,-0.0051675551
3.972798e-07,-0.0051969956
3.973798e-07,-0.0052321806
3.974798e-07,-0.0052666475
3.975798e-07,-0.0052939338
3.976798e-07,-0.0053126034
3.977798e-07,-0.0053291188
3.978798e-07,-0.0053513787
3.979798e-07,-0.0053858456
3.980798e-07,-0.0054332376
3.981798e-07,-0.0054863741
3.982798e-07,-0.0055344841
3.983798e-07,-0.0055696691
3.984798e-07,-0.0055890568
3.985798e-07,-0.0055991096
3.986798e-07,-0.0056091625
3.987798e-07,-0.005627114
3.988798e-07,-0.0056551183
3.989798e-07,-0.0056874311
3.990798e-07,-0.0057147174
3.991798e-07,-0.0057305147
3.992798e-07,-0.005734105
3.993798e-07,-0.0057333869
3.994798e-07,-0.0057405676
3.995798e-07,-0.0057649816
3.996798e-07,-0.0058073472
3.997798e-07,-0.0058597656
3.998798e-07,-0.0059071576
3.999798e-07,-0.0059373162
4.000798e-07,-0.0059452148
4.001798e-07,-0.0059365981
4.002798e-07,-0.0059258272
4.003798e-07,-0.0059258272
4.004798e-07,-0.0059452148
4.005798e-07,-0.0059796818
4.006798e-07,-0.0060198932
4.007798e-07,-0.0060522059
4.008798e-07,-0.0060687213
4.009798e-07,-0.0060715935
4.010798e-07,-0.0060701574
4.011798e-07,-0.0060751838
4.012798e-07,-0.0060945715
4.013798e-07,-0.0061261661
4.014798e-07,-0.0061620692
4.015798e-07,-0.0061900735
4.016798e-07,-0.0062022806
4.017798e-07,-0.0061986903
4.018798e-07,-0.0061872013
4.019798e-07,-0.0061785846
4.020798e-07,-0.0061807387
4.021798e-07,-0.0061951
4.022798e-07,-0.0062166418
4.023798e-07,-0.0062360294
4.024798e-07,-0.0062475184
4.025798e-07,-0.0062503906
4.026798e-07,-0.0062482364
4.027798e-07,-0.0062475184
4.028798e-07,-0.0062532629
4.029798e-07,-0.0062647518
4.030798e-07,-0.0062762408
4.031798e-07,-0.0062819853
4.032798e-07,-0.0062776769
4.033798e-07,-0.0062640338
4.034798e-07,-0.0062482364
4.035798e-07,-0.0062360294
4.036798e-07,-0.006231721
4.037798e-07,-0.0062345933
4.038798e-07,-0.0062381836
4.039798e-07,-0.0062360294
4.040798e-07,-0.0062238224
4.041798e-07,-0.0062022806
4.042798e-07,-0.0061778665
4.043798e-07,-0.0061556066
4.044798e-07,-0.0061405273
4.045798e-07,-0.0061304745
4.046798e-07,-0.0061218578
4.047798e-07,-0.0061096507
4.048798e-07,-0.0060909812
4.049798e-07,-0.0060680032
4.050798e-07,-0.0060457433
4.051798e-07,-0.0060292279
4.052798e-07,-0.0060191751
4.053798e-07,-0.0060127125
4.054798e-07,-0.0060026597
4.055798e-07,-0.0059832721
4.056798e-07,-0.0059538316
4.057798e-07,-0.0059179285
4.058798e-07,-0.0058834616
4.059798e-07,-0.0058568934
4.060798e-07,-0.0058396599
4.061798e-07,-0.0058260168
4.062798e-07,-0.0058080653
4.063798e-07,-0.0057764706
4.064798e-07,-0.0057297966
4.065798e-07,-0.0056723518
4.066798e-07,-0.005615625
4.067798e-07,-0.0055696691
4.068798e-07,-0.0055416648
4.069798e-07,-0.0055287397
4.070798e-07,-0.0055229952
4.071798e-07,-0.0055122243
4.072798e-07,-0.0054885283
4.073798e-07,-0.0054511891
4.074798e-07,-0.0054059513
4.075798e-07,-0.0053628676
4.076798e-07,-0.0053298369
4.077798e-07,-0.0053104492
4.078798e-07,-0.0053011144
4.079798e-07,-0.0052939338
4.080798e-07,-0.005283881
4.081798e-07,-0.0052688017
4.082798e-07,-0.0052508502
4.083798e-07,-0.005236489
4.084798e-07,-0.0052293084
4.085798e-07,-0.0052293084
4.086798e-07,-0.0052307445
4.087798e-07,-0.005225
4.088798e-07,-0.0052056124
4.089798e-07,-0.0051697093
4.090798e-07,-0.0051237534
4.091798e-07,-0.0050756434
4.092798e-07,-0.005035432
4.093798e-07,-0.0050095818
4.094798e-07,-0.0049980928
4.095798e-07,-0.0049952206
4.096798e-07,-0.0049937845
4.097798e-07,-0.0049866039
4.098798e-07,-0.0049708065
4.099798e-07,-0.0049492647
4.100798e-07,-0.0049262868
4.101798e-07,-0.0049068991
4.102798e-07,-0.0048954102
4.103798e-07,-0.0048918199
4.104798e-07,-0.004893974
4.105798e-07,-0.0048968463
4.106798e-07,-0.0048968463
4.107798e-07,-0.0048918199
4.108798e-07,-0.0048803309
4.109798e-07,-0.0048630974
4.110798e-07,-0.0048429917
4.111798e-07,-0.004822886
4.112798e-07,-0.0048056526
4.113798e-07,-0.0047941636
4.114798e-07,-0.0047884191
4.115798e-07,-0.0047884191
4.116798e-07,-0.0047905733
4.117798e-07,-0.0047927275
4.118798e-07,-0.0047920094
4.119798e-07,-0.0047884191
4.120798e-07,-0.0047833927
4.121798e-07,-0.0047805205
4.122798e-07,-0.0047812385
4.123798e-07,-0.0047884191
4.124798e-07,-0.00479919
4.125798e-07,-0.004810679
4.126798e-07,-0.0048192957
4.127798e-07,-0.004822886
4.128798e-07,-0.004822886
4.129798e-07,-0.004822168
4.130798e-07,-0.0048257583
4.131798e-07,-0.004834375
4.132798e-07,-0.0048487362
4.133798e-07,-0.0048652516
4.134798e-07,-0.0048803309
4.135798e-07,-0.0048918199
4.136798e-07,-0.0048997185
4.137798e-07,-0.0049076172
4.138798e-07,-0.0049191062
4.139798e-07,-0.0049377757
4.140798e-07,-0.0049636259
4.141798e-07,-0.0049937845
4.142798e-07,-0.005023943
4.143798e-07,-0.0050526654
4.144798e-07,-0.0050777976
4.145798e-07,-0.0051022116
4.146798e-07,-0.0051273437
4.147798e-07,-0.0051560662
4.148798e-07,-0.0051869428
4.149798e-07,-0.0052178194
4.150798e-07,-0.0052458238
4.151798e-07,-0.0052709559
4.152798e-07,-0.0052946519
4.153798e-07,-0.005319784
4.154798e-07,-0.0053499426
4.155798e-07,-0.0053858456
4.156798e-07,-0.0054231847
4.157798e-07,-0.0054576517
4.158798e-07,-0.0054835018
4.159798e-07,-0.0055007353
4.160798e-07,-0.0055129423
4.161798e-07,-0.0055287397
4.162798e-07,-0.0055545898
4.163798e-07,-0.0055926471
4.164798e-07,-0.0056400391
4.165798e-07,-0.0056881491
4.166798e-07,-0.0057276425
4.167798e-07,-0.0057534926
4.168798e-07,-0.0057671358
4.169798e-07,-0.0057771886
4.170798e-07,-0.005792986
4.171798e-07,-0.0058224265
4.172798e-07,-0.005864792
4.173798e-07,-0.0059129021
4.174798e-07,-0.0059552677
4.175798e-07,-0.0059832721
4.176798e-07,-0.0059954791
4.177798e-07,-0.0059983513
4.178798e-07,-0.0060026597
4.179798e-07,-0.006017739
4.180798e-07,-0.0060478975
4.181798e-07,-0.0060873909
4.182798e-07,-0.0061268842
4.183798e-07,-0.0061556066
4.184798e-07,-0.0061685317
4.185798e-07,-0.0061692498
4.186798e-07,-0.0061649414
4.187798e-07,-0.0061670956
4.188798e-07,-0.0061800207
4.189798e-07,-0.0062015625
4.190798e-07,-0.0062231043
4.191798e-07,-0.0062360294
4.192798e-07,-0.0062331572
4.193798e-07,-0.0062173598
4.194798e-07,-0.0061951
4.195798e-07,-0.0061785846
4.196798e-07,-0.0061742762
4.197798e-07,-0.006183611
4.198798e-07,-0.0061994083
4.199798e-07,-0.0062130515
4.200798e-07,-0.0062173598
4.201798e-07,-0.0062108973
4.202798e-07,-0.0061986903
4.203798e-07,-0.0061900735
4.204798e-07,-0.0061922277
4.205798e-07,-0.0062065889
4.206798e-07,-0.0062281307
4.207798e-07,-0.0062475184
4.208798e-07,-0.006255417
4.209798e-07,-0.0062482364
4.210798e-07,-0.0062274127
4.211798e-07,-0.0062015625
4.212798e-07,-0.0061800207
4.213798e-07,-0.0061692498
4.214798e-07,-0.0061699678
4.215798e-07,-0.0061785846
4.216798e-07,-0.0061879193
4.217798e-07,-0.0061915097
4.218798e-07,-0.0061879193
4.219798e-07,-0.0061785846
4.220798e-07,-0.0061663775
4.221798e-07,-0.0061541705
4.222798e-07,-0.0061433996
4.223798e-07,-0.0061326287
4.224798e-07,-0.0061189855
4.225798e-07,-0.0061017521
4.226798e-07,-0.0060823644
4.227798e-07,-0.0060636949
4.228798e-07,-0.0060493336
4.229798e-07,-0.006041435
4.230798e-07,-0.0060392808
4.231798e-07,-0.0060407169
4.232798e-07,-0.006041435
4.233798e-07,-0.0060378447
4.234798e-07,-0.0060292279
4.235798e-07,-0.006017739
4.236798e-07,-0.0060055319
4.237798e-07,-0.005994043
4.238798e-07,-0.0059832721
4.239798e-07,-0.0059717831
4.240798e-07,-0.0059552677
4.241798e-07,-0.0059322898
4.242798e-07,-0.0059021312
4.243798e-07,-0.0058683824
4.244798e-07,-0.0058360696
4.245798e-07,-0.0058102194
4.246798e-07,-0.0057944221
4.247798e-07,-0.0057879596
4.248798e-07,-0.0057865234
4.249798e-07,-0.0057843693
4.250798e-07,-0.0057750345
4.251798e-07,-0.0057534926
4.252798e-07,-0.0057197438
4.253798e-07,-0.0056773782
4.254798e-07,-0.0056328585
4.255798e-07,-0.0055926471
4.256798e-07,-0.0055610524
4.257798e-07,-0.0055380744
4.258798e-07,-0.0055201229
4.259798e-07,-0.0055007353
4.260798e-07,-0.0054748851
4.261798e-07,-0.0054389821
4.262798e-07,-0.0053958984
4.263798e-07,-0.0053513787
4.264798e-07,-0.0053126034
4.265798e-07,-0.005284599
4.266798e-07,-0.0052680836
4.267798e-07,-0.0052594669
4.268798e-07,-0.0052501321
4.269798e-07,-0.0052328987
4.270798e-07,-0.0052048943
4.271798e-07,-0.0051675551
4.272798e-07,-0.0051294979
4.273798e-07,-0.0050986213
4.274798e-07,-0.0050806698
4.275798e-07,-0.0050756434
4.276798e-07,-0.0050770795
4.277798e-07,-0.0050756434
4.278798e-07,-0.0050648725
4.279798e-07,-0.0050411765
4.280798e-07,-0.0050102999
4.281798e-07,-0.0049822955
4.282798e-07,-0.004964344
4.283798e-07,-0.0049607537
4.284798e-07,-0.0049693704
4.285798e-07,-0.0049808594
4.286798e-07,-0.00498804
4.287798e-07,-0.0049837316
4.288798e-07,-0.0049708065
4.289798e-07,-0.0049550092
4.290798e-07,-0.0049463925
4.291798e-07,-0.0049492647
4.292798e-07,-0.0049636259
4.293798e-07,-0.0049830136
4.294798e-07,-0.0049988109
4.295798e-07,-0.0050067096
4.296798e-07,-0.0050074276
4.297798e-07,-0.0050081457
4.298798e-07,-0.0050174805
4.299798e-07,-0.0050411765
4.300798e-07,-0.0050770795
4.301798e-07,-0.0051172909
4.302798e-07,-0.0051503217
4.303798e-07,-0.0051675551
4.304798e-07,-0.0051682732
4.305798e-07,-0.0051603745
4.306798e-07,-0.0051567842
4.307798e-07,-0.0051675551
4.308798e-07,-0.0051969956
4.309798e-07,-0.0052393612
4.310798e-07,-0.0052831629
4.311798e-07,-0.0053169118
4.312798e-07,-0.0053341452
4.313798e-07,-0.0053362994
4.314798e-07,-0.0053348633
4.315798e-07,-0.0053398897
4.316798e-07,-0.0053592773
4.317798e-07,-0.0053923081
4.318798e-07,-0.0054318015
4.319798e-07,-0.0054662684
4.320798e-07,-0.0054892463
4.321798e-07,-0.0054992992
4.322798e-07,-0.0055036075
4.323798e-07,-0.0055122243
4.324798e-07,-0.00553233
4.325798e-07,-0.0055660788
4.326798e-07,-0.0056084444
4.327798e-07,-0.0056500919
4.328798e-07,-0.0056831227
4.329798e-07,-0.0057032284
4.330798e-07,-0.0057132812
4.331798e-07,-0.0057190257
4.332798e-07,-0.0057262063
4.333798e-07,-0.0057376953
4.334798e-07,-0.0057520565
4.335798e-07,-0.0057649816
4.336798e-07,-0.0057728803
4.337798e-07,-0.0057743164
4.338798e-07,-0.0057735983
4.339798e-07,-0.0057764706
4.340798e-07,-0.0057872415
4.341798e-07,-0.0058066291
4.342798e-07,-0.0058317613
4.343798e-07,-0.0058568934
4.344798e-07,-0.0058769991
4.345798e-07,-0.00588777
4.346798e-07,-0.0058913603
4.347798e-07,-0.0058913603
4.348798e-07,-0.0058906422
4.349798e-07,-0.0058927964
4.350798e-07,-0.0058978228
4.351798e-07,-0.0059028493
4.352798e-07,-0.0059078757
4.353798e-07,-0.005911466
4.354798e-07,-0.0059172105
4.355798e-07,-0.0059258272
4.356798e-07,-0.0059401884
4.357798e-07,-0.0059581399
4.358798e-07,-0.0059775276
4.359798e-07,-0.005994761
4.360798e-07,-0.0060055319
4.361798e-07,-0.0060098403
4.362798e-07,-0.0060091222
4.363798e-07,-0.00600625
4.364798e-07,-0.0060048139
4.365798e-07,-0.00600625
4.366798e-07,-0.0060105584
4.367798e-07,-0.006017739
4.368798e-07,-0.0060263557
4.369798e-07,-0.0060356905
4.370798e-07,-0.0060443072
4.371798e-07,-0.0060522059
4.372798e-07,-0.0060572323
4.373798e-07,-0.0060565142
4.374798e-07,-0.0060507698
4.375798e-07,-0.0060407169
4.376798e-07,-0.006029946
4.377798e-07,-0.0060234835
4.378798e-07,-0.0060270738
4.379798e-07,-0.0060407169
4.380798e-07,-0.0060615407
4.381798e-07,-0.0060830825
4.382798e-07,-0.0060974437
4.383798e-07,-0.0060981618
4.384798e-07,-0.0060852367
4.385798e-07,-0.0060622587
4.386798e-07,-0.0060371266
4.387798e-07,-0.006017739
4.388798e-07,-0.0060069681
4.389798e-07,-0.0060026597
4.390798e-07,-0.0060012236
4.391798e-07,-0.005994761
4.392798e-07,-0.0059796818
4.393798e-07,-0.0059567038
4.394798e-07,-0.0059294175
4.395798e-07,-0.0059028493
4.396798e-07,-0.0058820255
4.397798e-07,-0.0058683824
4.398798e-07,-0.0058612017
4.399798e-07,-0.0058568934
4.400798e-07,-0.005851867
4.401798e-07,-0.0058446864
4.402798e-07,-0.0058346335
4.403798e-07,-0.0058224265
4.404798e-07,-0.0058073472
4.405798e-07,-0.0057893957
4.406798e-07,-0.0057678539
4.407798e-07,-0.0057420037
4.408798e-07,-0.0057139993
4.409798e-07,-0.0056852769
4.410798e-07,-0.0056601448
4.411798e-07,-0.0056386029
4.412798e-07,-0.0056192153
4.413798e-07,-0.0055991096
4.414798e-07,-0.0055754136
4.415798e-07,-0.0055466912
4.416798e-07,-0.0055150965
4.417798e-07,-0.005485656
4.418798e-07,-0.005461242
4.419798e-07,-0.0054432904
4.420798e-07,-0.0054289292
4.421798e-07,-0.0054124138
4.422798e-07,-0.0053872817
4.423798e-07,-0.0053513787
4.424798e-07,-0.005308295
4.425798e-07,-0.0052652114
4.426798e-07,-0.0052314625
4.427798e-07,-0.005213511
4.428798e-07,-0.0052106388
4.429798e-07,-0.0052163833
4.430798e-07,-0.0052199736
4.431798e-07,-0.005213511
4.432798e-07,-0.0051926873
4.433798e-07,-0.0051618107
4.434798e-07,-0.0051273437
4.435798e-07,-0.0050986213
4.436798e-07,-0.0050799517
4.437798e-07,-0.005071335
4.438798e-07,-0.0050684628
4.439798e-07,-0.0050641544
4.440798e-07,-0.0050562557
4.441798e-07,-0.0050447668
4.442798e-07,-0.0050347139
4.443798e-07,-0.0050296875
4.444798e-07,-0.0050318417
4.445798e-07,-0.0050375862
4.446798e-07,-0.0050426126
4.447798e-07,-0.0050411765
4.448798e-07,-0.0050311236
4.449798e-07,-0.0050160443
4.450798e-07,-0.0050024012
4.451798e-07,-0.0049952206
4.452798e-07,-0.0049988109
4.453798e-07,-0.005011736
4.454798e-07,-0.0050282514
4.455798e-07,-0.0050411765
4.456798e-07,-0.005046921
4.457798e-07,-0.0050440487
4.458798e-07,-0.0050368681
4.459798e-07,-0.0050296875
4.460798e-07,-0.0050253791
4.461798e-07,-0.005023225
4.462798e-07,-0.0050217888
4.463798e-07,-0.0050181985
4.464798e-07,-0.005011736
4.465798e-07,-0.0050052734
4.466798e-07,-0.0050024012
4.467798e-07,-0.0050067096
4.468798e-07,-0.0050181985
4.469798e-07,-0.0050332778
4.470798e-07,-0.0050462029
4.471798e-07,-0.0050526654
4.472798e-07,-0.0050512293
4.473798e-07,-0.0050454848
4.474798e-07,-0.0050404584
4.475798e-07,-0.0050411765
4.476798e-07,-0.0050483571
4.477798e-07,-0.0050576919
4.478798e-07,-0.0050648725
4.479798e-07,-0.0050641544
4.480798e-07,-0.0050548196
4.481798e-07,-0.0050411765
4.482798e-07,-0.0050311236
4.483798e-07,-0.0050296875
4.484798e-07,-0.0050397403
4.485798e-07,-0.0050576919
4.486798e-07,-0.0050756434
4.487798e-07,-0.0050871324
4.488798e-07,-0.0050885685
4.489798e-07,-0.0050821059
4.490798e-07,-0.0050749253
4.491798e-07,-0.0050756434
4.492798e-07,-0.0050871324
4.493798e-07,-0.0051086742
4.494798e-07,-0.0051345244
4.495798e-07,-0.0051560662
4.496798e-07,-0.0051697093
4.497798e-07,-0.0051754538
4.498798e-07,-0.0051797622
4.499798e-07,-0.0051905331
4.500798e-07,-0.0052120749
4.501798e-07,-0.0052443876
4.502798e-07,-0.0052817268
4.503798e-07,-0.0053169118
4.504798e-07,-0.0053420439
4.505798e-07,-0.005355687
4.506798e-07,-0.0053607135
4.507798e-07,-0.0053628676
4.508798e-07,-0.0053693302
4.509798e-07,-0.0053829733
4.510798e-07,-0.0054052332
4.511798e-07,-0.0054318015
4.512798e-07,-0.0054598058
4.513798e-07,-0.0054863741
4.514798e-07,-0.0055107881
4.515798e-07,-0.0055352022
4.516798e-07,-0.0055610524
4.517798e-07,-0.0055876206
4.518798e-07,-0.0056141889
4.519798e-07,-0.0056386029
4.520798e-07,-0.0056587086
4.521798e-07,-0.005674506
4.522798e-07,-0.005686713
4.523798e-07,-0.0056960478
4.524798e-07,-0.0057032284
4.525798e-07,-0.0057075368
4.526798e-07,-0.0057089729
4.527798e-07,-0.0057075368
4.528798e-07,-0.0057053826
4.529798e-07,-0.0057068187
4.530798e-07,-0.0057139993
4.531798e-07,-0.0057305147
4.532798e-07,-0.0057534926
4.533798e-07,-0.0057779067
4.534798e-07,-0.0057987305
4.535798e-07,-0.0058109375
4.536798e-07,-0.0058138097
4.537798e-07,-0.0058109375
4.538798e-07,-0.0058080653
4.539798e-07,-0.0058109375
4.540798e-07,-0.0058209903
4.541798e-07,-0.0058353516
4.542798e-07,-0.0058497128
4.543798e-07,-0.0058568934
4.544798e-07,-0.0058547392
4.545798e-07,-0.0058446864
4.546798e-07,-0.0058317613
4.547798e-07,-0.0058224265
4.548798e-07,-0.0058217084
4.549798e-07,-0.0058317613
4.550798e-07,-0.0058482767
4.551798e-07,-0.0058683824
4.552798e-07,-0.0058863339
4.553798e-07,-0.005899977
4.554798e-07,-0.0059093118
4.555798e-07,-0.0059143382
4.556798e-07,-0.0059172105
4.557798e-07,-0.0059179285
4.558798e-07,-0.0059172105
4.559798e-07,-0.0059143382
4.560798e-07,-0.005911466
4.561798e-07,-0.0059107479
4.562798e-07,-0.0059150563
4.563798e-07,-0.0059258272
4.564798e-07,-0.0059409065
4.565798e-07,-0.0059567038
4.566798e-07,-0.0059681928
4.567798e-07,-0.0059717831
4.568798e-07,-0.0059667567
4.569798e-07,-0.0059559858
4.570798e-07,-0.0059444968
4.571798e-07,-0.0059373162
4.572798e-07,-0.0059358801
4.573798e-07,-0.0059380342
4.574798e-07,-0.0059401884
4.575798e-07,-0.0059373162
4.576798e-07,-0.0059279814
4.577798e-07,-0.0059150563
4.578798e-07,-0.0059006951
4.579798e-07,-0.0058913603
4.580798e-07,-0.00588777
4.581798e-07,-0.0058892061
4.582798e-07,-0.0058920784
4.583798e-07,-0.0058913603
4.584798e-07,-0.0058848977
4.585798e-07,-0.0058726907
4.586798e-07,-0.0058583295
4.587798e-07,-0.0058454044
4.588798e-07,-0.0058353516
4.589798e-07,-0.0058267348
4.590798e-07,-0.0058159639
4.591798e-07,-0.0057994485
4.592798e-07,-0.0057750345
4.593798e-07,-0.0057448759
4.594798e-07,-0.0057125632
4.595798e-07,-0.0056845588
4.596798e-07,-0.0056637351
4.597798e-07,-0.0056500919
4.598798e-07,-0.005639321
4.599798e-07,-0.005627114
4.600798e-07,-0.0056091625
4.601798e-07,-0.0055840303
4.602798e-07,-0.0055538718
4.603798e-07,-0.0055237132
4.604798e-07,-0.0054964269
4.605798e-07,-0.005473449
4.606798e-07,-0.0054526252
4.607798e-07,-0.0054318015
4.608798e-07,-0.0054073874
4.609798e-07,-0.0053779469
4.610798e-07,-0.0053463523
4.611798e-07,-0.0053169118
4.612798e-07,-0.0052939338
4.613798e-07,-0.0052788545
4.614798e-07,-0.005272392
4.615798e-07,-0.0052709559
4.616798e-07,-0.0052688017
4.617798e-07,-0.0052623392
4.618798e-07,-0.0052479779
4.619798e-07,-0.005225
4.620798e-07,-0.0051955595
4.621798e-07,-0.0051625287
4.622798e-07,-0.0051294979
4.623798e-07,-0.0050986213
4.624798e-07,-0.0050742073
4.625798e-07,-0.0050576919
4.626798e-07,-0.0050505113
4.627798e-07,-0.0050526654
4.628798e-07,-0.0050612822
4.629798e-07,-0.0050727711
4.630798e-07,-0.005082824
