LECROYHDO6104B,11090,Waveform
Segments,1,SegmentSize,5002
Segment,TrigTime,TimeSinceSegment1
#1,04-May-2026 18:53:38,0                 
Time,Ampl
-3.706267e-08,-0.005627832
-3.696267e-08,-0.0056500919
-3.686267e-08,-0.0056723518
-3.676267e-08,-0.0056903033
-3.666267e-08,-0.00569892
-3.656267e-08,-0.0056960478
-3.646267e-08,-0.0056824046
-3.636267e-08,-0.005663017
-3.626267e-08,-0.0056465016
-3.616267e-08,-0.0056386029
-3.606267e-08,-0.0056407571
-3.596267e-08,-0.0056493739
-3.586267e-08,-0.0056579906
-3.576267e-08,-0.0056615809
-3.566267e-08,-0.0056572725
-3.556267e-08,-0.0056479377
-3.546267e-08,-0.0056400391
-3.536267e-08,-0.0056386029
-3.526267e-08,-0.0056457835
-3.516267e-08,-0.0056572725
-3.506267e-08,-0.0056687615
-3.496267e-08,-0.0056730699
-3.486267e-08,-0.0056687615
-3.476267e-08,-0.0056572725
-3.466267e-08,-0.0056457835
-3.456267e-08,-0.0056386029
-3.446267e-08,-0.0056378849
-3.436267e-08,-0.0056414752
-3.426267e-08,-0.0056436294
-3.416267e-08,-0.0056386029
-3.406267e-08,-0.0056256778
-3.396267e-08,-0.0056077263
-3.386267e-08,-0.0055904929
-3.376267e-08,-0.0055811581
-3.366267e-08,-0.005579722
-3.356267e-08,-0.0055840303
-3.346267e-08,-0.0055861845
-3.336267e-08,-0.0055811581
-3.326267e-08,-0.0055660788
-3.316267e-08,-0.0055438189
-3.306267e-08,-0.0055201229
-3.296267e-08,-0.0055007353
-3.286267e-08,-0.0054870921
-3.276267e-08,-0.0054763212
-3.266267e-08,-0.0054633961
-3.256267e-08,-0.0054432904
-3.246267e-08,-0.0054174403
-3.236267e-08,-0.005390154
-3.226267e-08,-0.0053700483
-3.216267e-08,-0.0053628676
-3.206267e-08,-0.0053693302
-3.196267e-08,-0.0053836914
-3.186267e-08,-0.0053958984
-3.176267e-08,-0.0053973346
-3.166267e-08,-0.0053851275
-3.156267e-08,-0.0053614315
-3.146267e-08,-0.0053362994
-3.136267e-08,-0.0053169118
-3.126267e-08,-0.0053090131
-3.116267e-08,-0.0053104492
-3.106267e-08,-0.0053154756
-3.096267e-08,-0.0053169118
-3.086267e-08,-0.0053104492
-3.076267e-08,-0.0052968061
-3.066267e-08,-0.0052817268
-3.056267e-08,-0.0052709559
-3.046267e-08,-0.0052688017
-3.036267e-08,-0.005272392
-3.026267e-08,-0.0052788545
-3.016267e-08,-0.0052824449
-3.006267e-08,-0.0052810087
-2.996267e-08,-0.0052759823
-2.986267e-08,-0.0052716739
-2.976267e-08,-0.0052709559
-2.966267e-08,-0.0052738281
-2.956267e-08,-0.0052767004
-2.946267e-08,-0.0052731101
-2.936267e-08,-0.0052594669
-2.926267e-08,-0.0052379251
-2.916267e-08,-0.005213511
-2.906267e-08,-0.0051962776
-2.896267e-08,-0.0051905331
-2.886267e-08,-0.0051969956
-2.876267e-08,-0.0052084846
-2.866267e-08,-0.0052163833
-2.856267e-08,-0.005213511
-2.846267e-08,-0.0051998679
-2.836267e-08,-0.0051811983
-2.826267e-08,-0.0051675551
-2.816267e-08,-0.0051675551
-2.806267e-08,-0.0051826344
-2.796267e-08,-0.0052063304
-2.786267e-08,-0.0052278722
-2.776267e-08,-0.005236489
-2.766267e-08,-0.0052293084
-2.756267e-08,-0.0052106388
-2.746267e-08,-0.005189815
-2.736267e-08,-0.0051790441
-2.726267e-08,-0.0051826344
-2.716267e-08,-0.0051991498
-2.706267e-08,-0.0052199736
-2.696267e-08,-0.005236489
-2.686267e-08,-0.0052429515
-2.676267e-08,-0.0052393612
-2.666267e-08,-0.0052314625
-2.656267e-08,-0.005225
-2.646267e-08,-0.0052228458
-2.636267e-08,-0.0052235639
-2.626267e-08,-0.0052214097
-2.616267e-08,-0.005213511
-2.606267e-08,-0.0051998679
-2.596267e-08,-0.0051862247
-2.586267e-08,-0.0051811983
-2.576267e-08,-0.0051905331
-2.566267e-08,-0.005213511
-2.556267e-08,-0.0052422335
-2.546267e-08,-0.0052644933
-2.536267e-08,-0.0052709559
-2.526267e-08,-0.0052594669
-2.516267e-08,-0.005236489
-2.506267e-08,-0.005213511
-2.496267e-08,-0.0052020221
-2.486267e-08,-0.0052077665
-2.476267e-08,-0.0052257181
-2.466267e-08,-0.0052465418
-2.456267e-08,-0.0052594669
-2.446267e-08,-0.0052594669
-2.436267e-08,-0.0052494141
-2.426267e-08,-0.0052386432
-2.416267e-08,-0.005236489
-2.406267e-08,-0.0052479779
-2.396267e-08,-0.0052695198
-2.386267e-08,-0.0052924977
-2.376267e-08,-0.0053054228
-2.366267e-08,-0.0053025506
-2.356267e-08,-0.0052867532
-2.346267e-08,-0.0052644933
-2.336267e-08,-0.0052479779
-2.326267e-08,-0.0052422335
-2.316267e-08,-0.0052472599
-2.306267e-08,-0.0052558766
-2.296267e-08,-0.0052594669
-2.286267e-08,-0.0052537224
-2.276267e-08,-0.0052393612
-2.266267e-08,-0.0052235639
-2.256267e-08,-0.005213511
-2.246267e-08,-0.005213511
-2.236267e-08,-0.0052221278
-2.226267e-08,-0.0052321806
-2.216267e-08,-0.005236489
-2.206267e-08,-0.0052300264
-2.196267e-08,-0.0052142291
-2.186267e-08,-0.0051948415
-2.176267e-08,-0.0051790441
-2.166267e-08,-0.0051711455
-2.156267e-08,-0.0051697093
-2.146267e-08,-0.0051704274
-2.136267e-08,-0.0051675551
-2.126267e-08,-0.0051589384
-2.116267e-08,-0.0051460133
-2.106267e-08,-0.0051359605
-2.096267e-08,-0.0051330882
-2.086267e-08,-0.0051388327
-2.076267e-08,-0.0051488856
-2.066267e-08,-0.0051567842
-2.056267e-08,-0.0051560662
-2.046267e-08,-0.0051460133
-2.036267e-08,-0.005130216
-2.026267e-08,-0.0051165728
-2.016267e-08,-0.0051101103
-2.006267e-08,-0.0051122645
-1.996267e-08,-0.005118009
-1.986267e-08,-0.0051194451
-1.976267e-08,-0.0051101103
-1.966267e-08,-0.0050907227
-1.956267e-08,-0.0050684628
-1.946267e-08,-0.0050533835
-1.936267e-08,-0.0050526654
-1.926267e-08,-0.0050684628
-1.916267e-08,-0.0050921588
-1.906267e-08,-0.0051137006
-1.896267e-08,-0.0051215993
-1.886267e-08,-0.0051122645
-1.876267e-08,-0.0050900046
-1.866267e-08,-0.0050670267
-1.856267e-08,-0.0050526654
-1.846267e-08,-0.0050526654
-1.836267e-08,-0.0050648725
-1.826267e-08,-0.0050792337
-1.816267e-08,-0.0050871324
-1.806267e-08,-0.0050842601
-1.796267e-08,-0.0050742073
-1.786267e-08,-0.0050648725
-1.776267e-08,-0.0050641544
-1.766267e-08,-0.0050756434
-1.756267e-08,-0.005095031
-1.746267e-08,-0.0051137006
-1.736267e-08,-0.0051215993
-1.726267e-08,-0.0051144187
-1.716267e-08,-0.0050964671
-1.706267e-08,-0.0050763614
-1.696267e-08,-0.0050641544
-1.686267e-08,-0.0050655905
-1.676267e-08,-0.0050785156
-1.666267e-08,-0.0050964671
-1.656267e-08,-0.0051101103
-1.646267e-08,-0.0051158548
-1.636267e-08,-0.0051158548
-1.626267e-08,-0.0051151367
-1.616267e-08,-0.0051215993
-1.606267e-08,-0.0051366785
-1.596267e-08,-0.0051582204
-1.586267e-08,-0.0051783261
-1.576267e-08,-0.0051905331
-1.566267e-08,-0.0051926873
-1.556267e-08,-0.0051883789
-1.546267e-08,-0.0051855067
-1.536267e-08,-0.0051905331
-1.526267e-08,-0.0052041762
-1.516267e-08,-0.0052221278
-1.506267e-08,-0.0052350528
-1.496267e-08,-0.005236489
-1.486267e-08,-0.005225
-1.476267e-08,-0.0052070485
-1.466267e-08,-0.0051926873
-1.456267e-08,-0.0051905331
-1.446267e-08,-0.0052020221
-1.436267e-08,-0.0052221278
-1.426267e-08,-0.0052407973
-1.416267e-08,-0.0052479779
-1.406267e-08,-0.0052422335
-1.396267e-08,-0.0052278722
-1.386267e-08,-0.0052156652
-1.376267e-08,-0.005213511
-1.366267e-08,-0.0052235639
-1.356267e-08,-0.0052393612
-1.346267e-08,-0.0052508502
-1.336267e-08,-0.0052479779
-1.326267e-08,-0.0052285903
-1.316267e-08,-0.0052005859
-1.306267e-08,-0.0051761719
-1.296267e-08,-0.0051675551
-1.286267e-08,-0.0051783261
-1.276267e-08,-0.0052041762
-1.266267e-08,-0.0052314625
-1.256267e-08,-0.0052479779
-1.246267e-08,-0.0052465418
-1.236267e-08,-0.0052314625
-1.226267e-08,-0.005212793
-1.216267e-08,-0.0052020221
-1.206267e-08,-0.0052070485
-1.196267e-08,-0.005225
-1.186267e-08,-0.0052465418
-1.176267e-08,-0.0052594669
-1.166267e-08,-0.0052573127
-1.156267e-08,-0.0052415154
-1.146267e-08,-0.0052192555
-1.136267e-08,-0.0052020221
-1.126267e-08,-0.0051962776
-1.116267e-08,-0.0052027401
-1.106267e-08,-0.0052149472
-1.096267e-08,-0.005225
-1.086267e-08,-0.0052271542
-1.076267e-08,-0.0052228458
-1.066267e-08,-0.0052163833
-1.056267e-08,-0.005213511
-1.046267e-08,-0.0052163833
-1.036267e-08,-0.0052221278
-1.026267e-08,-0.0052228458
-1.016267e-08,-0.005213511
-1.006267e-08,-0.0051919692
-9.962667e-09,-0.005165401
-9.862667e-09,-0.005142423
-9.762667e-09,-0.0051330882
-9.662667e-09,-0.0051395508
-9.562667e-09,-0.0051567842
-9.462667e-09,-0.0051732996
-9.362667e-09,-0.0051790441
-9.262667e-09,-0.0051682732
-9.162667e-09,-0.0051452953
-9.062667e-09,-0.005118009
-8.962667e-09,-0.0050986213
-8.862667e-09,-0.0050921588
-8.762667e-09,-0.0050971852
-8.662667e-09,-0.00510652
-8.562667e-09,-0.0051101103
-8.462667e-09,-0.0051043658
-8.362667e-09,-0.0050907227
-8.262667e-09,-0.0050777976
-8.162667e-09,-0.0050756434
-8.062667e-09,-0.0050885685
-7.962667e-09,-0.0051151367
-7.862667e-09,-0.0051488856
-7.762667e-09,-0.0051790441
-7.662667e-09,-0.0052005859
-7.562667e-09,-0.005212793
-7.462667e-09,-0.0052192555
-7.362667e-09,-0.005225
-7.262667e-09,-0.0052321806
-7.162667e-09,-0.0052393612
-7.062667e-09,-0.0052422335
-6.962667e-09,-0.005236489
-6.862667e-09,-0.0052235639
-6.762667e-09,-0.0052106388
-6.662667e-09,-0.0052048943
-6.562667e-09,-0.005213511
-6.462667e-09,-0.005236489
-6.362667e-09,-0.0052659295
-6.262667e-09,-0.0052917796
-6.162667e-09,-0.0053054228
-6.062667e-09,-0.0053032686
-5.962667e-09,-0.0052910616
-5.862667e-09,-0.0052774184
-5.762667e-09,-0.0052709559
-5.662667e-09,-0.0052745462
-5.562667e-09,-0.0052831629
-5.462667e-09,-0.0052881893
-5.362667e-09,-0.0052824449
-5.262667e-09,-0.0052644933
-5.162667e-09,-0.0052400793
-5.062667e-09,-0.0052206916
-4.962667e-09,-0.005213511
-4.862667e-09,-0.0052206916
-4.762667e-09,-0.0052350528
-4.662667e-09,-0.0052443876
-4.562667e-09,-0.005236489
-4.462667e-09,-0.0052070485
-4.362667e-09,-0.0051610926
-4.262667e-09,-0.0051093922
-4.162667e-09,-0.0050641544
-4.062667e-09,-0.0050311236
-3.962667e-09,-0.0050081457
-3.862667e-09,-0.0049837316
-3.762667e-09,-0.0049492647
-3.662667e-09,-0.0048990005
-3.562667e-09,-0.0048350931
-3.462667e-09,-0.0047683134
-3.362667e-09,-0.0047079963
-3.262667e-09,-0.004657014
-3.162667e-09,-0.0046110581
-3.062667e-09,-0.0045557675
-2.962667e-09,-0.0044782169
-2.862667e-09,-0.0043705078
-2.762667e-09,-0.0042362305
-2.662667e-09,-0.0040868739
-2.562667e-09,-0.0039382353
-2.462667e-09,-0.0038025218
-2.362667e-09,-0.0036818876
-2.262667e-09,-0.0035705882
-2.162667e-09,-0.0034556985
-2.062667e-09,-0.0033264476
-1.962667e-09,-0.0031778091
-1.862667e-09,-0.0030148093
-1.762667e-09,-0.0028467831
-1.662667e-09,-0.0026823472
-1.562667e-09,-0.002526528
-1.462667e-09,-0.0023764534
-1.362667e-09,-0.0022263787
-1.262667e-09,-0.0020684053
-1.162667e-09,-0.0019003791
-1.062667e-09,-0.0017251723
-9.626666e-10,-0.0015485294
-8.626666e-10,-0.0013790671
-7.626666e-10,-0.0012196576
-6.626666e-10,-0.0010710191
-5.626666e-10,-0.000928125
-4.626666e-10,-0.00078666705
-3.626666e-10,-0.00064449104
-2.626666e-10,-0.00050303309
-1.626666e-10,-0.00036516544
-6.266662e-11,-0.00023591452
3.733338e-11,-0.00011671645
1.373334e-10,-7.5712316e-06
2.373334e-10,9.4393382e-05
3.373334e-10,0.00019276769
4.373334e-10,0.00028898782
5.373334e-10,0.00038305377
6.373334e-10,0.00047352941
7.373334e-10,0.00055897863
8.373334e-10,0.00063868336
9.373334e-10,0.00071407973
1.037333e-09,0.00078373162
1.137333e-09,0.00084835708
1.237333e-09,0.00090723805
1.337333e-09,0.00095822036
1.437333e-09,0.0010020221
1.537333e-09,0.0010407973
1.637333e-09,0.0010788545
1.737333e-09,0.0011190659
1.837333e-09,0.0011628676
1.937333e-09,0.0012073874
2.037333e-09,0.0012468807
2.137333e-09,0.0012748851
2.237333e-09,0.0012892463
2.337333e-09,0.0012899644
2.437333e-09,0.0012842199
2.537333e-09,0.0012777574
2.637333e-09,0.0012777574
2.737333e-09,0.0012842199
2.837333e-09,0.0012942727
2.937333e-09,0.0013014534
3.037333e-09,0.0013007353
3.137333e-09,0.0012914005
3.237333e-09,0.0012784754
3.337333e-09,0.0012677045
3.437333e-09,0.0012662684
3.537333e-09,0.0012748851
3.637333e-09,0.0012906824
3.737333e-09,0.0013050437
3.837333e-09,0.0013122243
3.937333e-09,0.001308634
4.037333e-09,0.0012964269
4.137333e-09,0.0012842199
4.237333e-09,0.0012777574
4.337333e-09,0.0012820657
4.437333e-09,0.0012949908
4.537333e-09,0.0013107881
4.637333e-09,0.0013237132
4.737333e-09,0.0013287397
4.837333e-09,0.0013273035
4.937333e-09,0.0013229952
5.037333e-09,0.0013237132
5.137333e-09,0.001333048
5.237333e-09,0.0013502815
5.337333e-09,0.0013718233
5.437333e-09,0.0013926471
5.537333e-09,0.0014084444
5.637333e-09,0.0014184972
5.737333e-09,0.001427114
5.837333e-09,0.0014386029
5.937333e-09,0.0014565545
6.037333e-09,0.0014802505
6.137333e-09,0.0015068187
6.237333e-09,0.0015305147
6.337333e-09,0.0015484662
6.437333e-09,0.0015599552
6.537333e-09,0.0015678539
6.637333e-09,0.0015764706
6.737333e-09,0.0015886776
6.837333e-09,0.001605193
6.937333e-09,0.0016217084
7.037333e-09,0.0016339154
7.137333e-09,0.0016389419
7.237333e-09,0.0016367877
7.337333e-09,0.0016303251
7.437333e-09,0.0016224265
7.537333e-09,0.0016181181
7.637333e-09,0.0016188362
7.737333e-09,0.0016245807
7.837333e-09,0.0016339154
7.937333e-09,0.0016461225
8.037333e-09,0.0016597656
8.137333e-09,0.001675563
8.237333e-09,0.0016913603
8.337333e-09,0.0017050034
8.437333e-09,0.001711466
8.537333e-09,0.0017071576
8.637333e-09,0.0016913603
8.737333e-09,0.0016655101
8.837333e-09,0.0016367877
8.937333e-09,0.0016123736
9.037333e-09,0.0015994485
9.137333e-09,0.0015994485
9.237333e-09,0.0016102194
9.337333e-09,0.0016238626
9.437333e-09,0.0016339154
9.537333e-09,0.0016353516
9.637333e-09,0.0016274529
9.737333e-09,0.0016138097
9.837333e-09,0.0015994485
9.937333e-09,0.0015879596
1.003733e-08,0.0015793428
1.013733e-08,0.0015728803
1.023733e-08,0.0015649816
1.033733e-08,0.0015527746
1.043733e-08,0.0015362592
1.053733e-08,0.0015161535
1.063733e-08,0.0014960478
1.073733e-08,0.0014773782
1.083733e-08,0.0014594267
1.093733e-08,0.0014429113
1.103733e-08,0.001427114
1.113733e-08,0.0014127528
1.123733e-08,0.001403418
1.133733e-08,0.0013998277
1.143733e-08,0.001404136
1.153733e-08,0.0014127528
1.163733e-08,0.0014213695
1.173733e-08,0.0014235237
1.183733e-08,0.001415625
1.193733e-08,0.0013991096
1.203733e-08,0.0013775678
1.213733e-08,0.0013581801
1.223733e-08,0.0013466912
1.233733e-08,0.0013452551
1.243733e-08,0.0013524357
1.253733e-08,0.0013617705
1.263733e-08,0.0013696691
1.273733e-08,0.0013725414
1.283733e-08,0.0013711052
1.293733e-08,0.0013689511
1.303733e-08,0.0013696691
1.313733e-08,0.0013746955
1.323733e-08,0.0013840303
1.333733e-08,0.0013948012
1.343733e-08,0.001404136
1.353733e-08,0.0014120347
1.363733e-08,0.0014192153
1.373733e-08,0.0014285501
1.383733e-08,0.0014386029
1.393733e-08,0.0014479377
1.403733e-08,0.0014529642
1.413733e-08,0.0014500919
1.423733e-08,0.0014386029
1.433733e-08,0.0014235237
1.443733e-08,0.0014120347
1.453733e-08,0.0014120347
1.463733e-08,0.001427114
1.473733e-08,0.0014544003
1.483733e-08,0.0014859949
1.493733e-08,0.001510409
1.503733e-08,0.0015190257
1.513733e-08,0.0015111271
1.523733e-08,0.0014917394
1.533733e-08,0.0014723518
1.543733e-08,0.0014615809
1.553733e-08,0.0014644531
1.563733e-08,0.0014780963
1.573733e-08,0.0014953297
1.583733e-08,0.0015075368
1.593733e-08,0.001510409
1.603733e-08,0.0015061006
1.613733e-08,0.00149892
1.623733e-08,0.0014960478
1.633733e-08,0.0015010742
1.643733e-08,0.001510409
1.653733e-08,0.0015190257
1.663733e-08,0.0015190257
1.673733e-08,0.0015068187
1.683733e-08,0.0014859949
1.693733e-08,0.0014637351
1.703733e-08,0.0014500919
1.713733e-08,0.001451528
1.723733e-08,0.0014687615
1.733733e-08,0.0014946117
1.743733e-08,0.0015190257
1.753733e-08,0.001534105
1.763733e-08,0.0015355411
1.773733e-08,0.0015247702
1.783733e-08,0.0015075368
1.793733e-08,0.0014903033
1.803733e-08,0.0014773782
1.813733e-08,0.0014687615
1.823733e-08,0.0014615809
1.833733e-08,0.0014529642
1.843733e-08,0.0014414752
1.853733e-08,0.001427832
1.863733e-08,0.001415625
1.873733e-08,0.0014070083
1.883733e-08,0.0014012638
1.893733e-08,0.0013976735
1.903733e-08,0.0013926471
1.913733e-08,0.0013847484
1.923733e-08,0.0013739775
1.933733e-08,0.0013639246
1.943733e-08,0.0013581801
1.953733e-08,0.0013588982
1.963733e-08,0.0013653608
1.973733e-08,0.0013746955
1.983733e-08,0.0013811581
1.993733e-08,0.0013811581
2.003733e-08,0.0013732594
2.013733e-08,0.0013603343
2.023733e-08,0.0013466912
2.033733e-08,0.0013366383
2.043733e-08,0.00133233
2.053733e-08,0.001333048
2.063733e-08,0.0013352022
2.073733e-08,0.0013366383
2.083733e-08,0.0013344841
2.093733e-08,0.0013301758
2.103733e-08,0.0013237132
2.113733e-08,0.0013179688
2.123733e-08,0.0013129423
2.133733e-08,0.0013079159
2.143733e-08,0.0013007353
2.153733e-08,0.0012899644
2.163733e-08,0.0012748851
2.173733e-08,0.0012583697
2.183733e-08,0.0012432904
2.193733e-08,0.0012325195
2.203733e-08,0.001226057
2.213733e-08,0.0012231847
2.223733e-08,0.0012203125
2.233733e-08,0.001214568
2.243733e-08,0.0012037971
2.253733e-08,0.001190154
2.263733e-08,0.0011743566
2.273733e-08,0.0011599954
2.283733e-08,0.0011485064
2.293733e-08,0.0011391716
2.303733e-08,0.0011284007
2.313733e-08,0.0011140395
2.323733e-08,0.0010939338
2.333733e-08,0.0010702378
2.343733e-08,0.0010479779
2.353733e-08,0.0010314625
2.363733e-08,0.0010242819
2.373733e-08,0.0010271542
2.383733e-08,0.001036489
2.393733e-08,0.0010451057
2.403733e-08,0.0010479779
2.413733e-08,0.0010407973
2.423733e-08,0.001025
2.433733e-08,0.0010063304
2.443733e-08,0.00099053309
2.453733e-08,0.0009847886
2.463733e-08,0.00099053309
2.473733e-08,0.0010041762
2.483733e-08,0.0010192555
2.493733e-08,0.0010278722
2.503733e-08,0.001025
2.513733e-08,0.0010099207
2.523733e-08,0.00098694278
2.533733e-08,0.00096252872
2.543733e-08,0.00094457721
2.553733e-08,0.00093667854
2.563733e-08,0.00094026884
2.573733e-08,0.00095247587
2.583733e-08,0.00096755515
2.593733e-08,0.0009811983
2.603733e-08,0.00098981503
2.613733e-08,0.00099268727
2.623733e-08,0.00099053309
2.633733e-08,0.00098550666
2.643733e-08,0.00097904412
2.653733e-08,0.00097258157
2.663733e-08,0.00096755515
2.673733e-08,0.0009646829
2.683733e-08,0.0009646829
2.693733e-08,0.00096970933
2.703733e-08,0.00097904412
2.713733e-08,0.00099125115
2.723733e-08,0.0010027401
2.733733e-08,0.0010113568
2.743733e-08,0.001013511
2.753733e-08,0.0010092027
2.763733e-08,0.00099986788
2.773733e-08,0.00098909697
2.783733e-08,0.00097904412
2.793733e-08,0.00097258157
2.803733e-08,0.00096970933
2.813733e-08,0.00096827321
2.823733e-08,0.00096755515
2.833733e-08,0.00096540097
2.843733e-08,0.0009610926
2.853733e-08,0.00095822036
2.863733e-08,0.00095606618
2.873733e-08,0.00095678424
2.883733e-08,0.00095822036
2.893733e-08,0.00095893842
2.903733e-08,0.00095606618
2.913733e-08,0.00094744945
2.923733e-08,0.00093308824
2.933733e-08,0.00091585478
2.943733e-08,0.00089862132
2.953733e-08,0.00088426011
2.963733e-08,0.00087420726
2.973733e-08,0.00086846278
2.983733e-08,0.00086415441
2.993733e-08,0.00086056411
3.003733e-08,0.00085697381
3.013733e-08,0.00085410156
3.023733e-08,0.00085266544
3.033733e-08,0.00085481962
3.043733e-08,0.00085840993
3.053733e-08,0.00086271829
3.063733e-08,0.00086415441
3.073733e-08,0.00085984605
3.083733e-08,0.00084907514
3.093733e-08,0.00083399586
3.103733e-08,0.00081819853
3.113733e-08,0.00080670956
3.123733e-08,0.00080311926
3.133733e-08,0.00080742762
3.143733e-08,0.00081819853
3.153733e-08,0.00083040556
3.163733e-08,0.00083974035
3.173733e-08,0.00084333065
3.183733e-08,0.00084117647
3.193733e-08,0.00083543199
3.203733e-08,0.00083040556
3.213733e-08,0.00082753332
3.223733e-08,0.0008296875
3.233733e-08,0.00083471392
3.243733e-08,0.00084045841
3.253733e-08,0.00084333065
3.263733e-08,0.00084117647
3.273733e-08,0.00083399586
3.283733e-08,0.00082322495
3.293733e-08,0.0008131721
3.303733e-08,0.00080670956
3.313733e-08,0.00080527344
3.323733e-08,0.00080886374
3.333733e-08,0.00081389017
3.343733e-08,0.00081819853
3.353733e-08,0.00081748047
3.363733e-08,0.00081101792
3.373733e-08,0.00079881089
3.383733e-08,0.00078373162
3.393733e-08,0.00077008847
3.403733e-08,0.00076075368
3.413733e-08,0.00075716337
3.423733e-08,0.00076075368
3.433733e-08,0.00076793428
3.443733e-08,0.00077655101
3.453733e-08,0.00078301356
3.463733e-08,0.00078373162
3.473733e-08,0.00077870519
3.483733e-08,0.00076793428
3.493733e-08,0.00075357307
3.503733e-08,0.00073777574
3.513733e-08,0.00072413258
3.523733e-08,0.00071551585
3.533733e-08,0.00071192555
3.543733e-08,0.00071479779
3.553733e-08,0.00072126034
3.563733e-08,0.00072772289
3.573733e-08,0.00073059513
3.583733e-08,0.00072628676
3.593733e-08,0.00071264361
3.603733e-08,0.00068966567
3.613733e-08,0.00066237937
3.623733e-08,0.000634375
3.633733e-08,0.00061139706
3.643733e-08,0.00059631778
3.653733e-08,0.00058913718
3.663733e-08,0.00058841912
3.673733e-08,0.00058913718
3.683733e-08,0.00058626494
3.693733e-08,0.00057836627
3.703733e-08,0.00056544118
3.713733e-08,0.00055107996
3.723733e-08,0.00054102711
3.733733e-08,0.00053743681
3.743733e-08,0.00054246324
3.753733e-08,0.00055323415
3.763733e-08,0.00056400506
3.773733e-08,0.00056903148
3.783733e-08,0.00056544118
3.793733e-08,0.00055251608
3.803733e-08,0.00053528263
3.813733e-08,0.00051804917
3.823733e-08,0.00050799632
3.833733e-08,0.00050799632
3.843733e-08,0.00051661305
3.853733e-08,0.0005302562
3.863733e-08,0.00054246324
3.873733e-08,0.00054820772
3.883733e-08,0.00054461742
3.893733e-08,0.00053312845
3.903733e-08,0.00051948529
3.913733e-08,0.00050799632
3.923733e-08,0.00050153378
3.933733e-08,0.00050225184
3.943733e-08,0.00050799632
3.953733e-08,0.00051445887
3.963733e-08,0.00051948529
3.973733e-08,0.00052092142
3.983733e-08,0.00051948529
3.993733e-08,0.00051733111
4.003733e-08,0.00051445887
4.013733e-08,0.00051230469
4.023733e-08,0.00050799632
4.033733e-08,0.00049794347
4.043733e-08,0.00048071002
4.053733e-08,0.0004555779
4.063733e-08,0.00042757353
4.073733e-08,0.00040172335
4.083733e-08,0.00038448989
4.093733e-08,0.00037802734
4.103733e-08,0.00038161765
4.113733e-08,0.00038879825
4.123733e-08,0.00039310662
4.133733e-08,0.00038736213
4.143733e-08,0.00037012868
4.153733e-08,0.00034284237
4.163733e-08,0.00031196576
4.173733e-08,0.00028539752
4.183733e-08,0.00026672794
4.193733e-08,0.00025811121
4.203733e-08,0.00025667509
4.213733e-08,0.00025739315
4.223733e-08,0.00025523897
4.233733e-08,0.00024805836
4.243733e-08,0.00023800551
4.253733e-08,0.0002272346
4.263733e-08,0.00022077206
4.273733e-08,0.00021933594
4.283733e-08,0.00022077206
4.293733e-08,0.00022292624
4.303733e-08,0.00022077206
4.313733e-08,0.00021359145
4.323733e-08,0.00020282054
4.333733e-08,0.00019204963
4.343733e-08,0.00018630515
4.353733e-08,0.00018845933
4.363733e-08,0.00019923024
4.373733e-08,0.00021502757
4.383733e-08,0.00023226103
4.393733e-08,0.00024590418
4.403733e-08,0.00025380285
4.413733e-08,0.00025667509
4.423733e-08,0.00025523897
4.433733e-08,0.00025236673
4.443733e-08,0.00024949449
4.453733e-08,0.00024662224
4.463733e-08,0.00024375
4.473733e-08,0.00024087776
4.483733e-08,0.00023872358
4.493733e-08,0.00023944164
4.503733e-08,0.00024375
4.513733e-08,0.00025236673
4.523733e-08,0.0002638557
4.533733e-08,0.00027390855
4.543733e-08,0.00027821691
4.553733e-08,0.00027390855
4.563733e-08,0.0002602654
4.573733e-08,0.00024087776
4.583733e-08,0.00022077206
4.593733e-08,0.00020425666
4.603733e-08,0.00019563994
4.613733e-08,0.00019420381
4.623733e-08,0.00019779412
4.633733e-08,0.00020210248
4.643733e-08,0.00020282054
4.653733e-08,0.00019779412
4.663733e-08,0.00018630515
4.673733e-08,0.00017050781
4.683733e-08,0.00015399242
4.693733e-08,0.00013891314
4.703733e-08,0.00012886029
4.713733e-08,0.00012311581
4.723733e-08,0.00012096163
4.733733e-08,0.00011952551
4.743733e-08,0.00011737132
4.753733e-08,0.00011162684
4.763733e-08,0.00010157399
4.773733e-08,8.7930836e-05
4.783733e-08,7.1415441e-05
4.793733e-08,5.4900046e-05
4.803733e-08,4.1256893e-05
4.813733e-08,3.1204044e-05
4.823733e-08,2.5459559e-05
4.833733e-08,2.4023438e-05
4.843733e-08,2.6177619e-05
4.853733e-08,3.0485983e-05
4.863733e-08,3.6948529e-05
4.873733e-08,4.5565257e-05
4.883733e-08,5.4900046e-05
4.893733e-08,6.4234835e-05
4.903733e-08,7.1415441e-05
4.913733e-08,7.2851563e-05
4.923733e-08,6.7107077e-05
4.933733e-08,5.3463925e-05
4.943733e-08,3.6948529e-05
4.953733e-08,2.1869256e-05
4.963733e-08,1.3252528e-05
4.973733e-08,1.4688649e-05
4.983733e-08,2.5459559e-05
4.993733e-08,4.0538833e-05
5.003733e-08,5.2745864e-05
5.013733e-08,5.5618107e-05
5.023733e-08,4.84375e-05
5.033733e-08,3.1922105e-05
5.043733e-08,1.3252528e-05
5.053733e-08,-1.8267463e-06
5.063733e-08,-9.0073529e-06
5.073733e-08,-7.5712316e-06
5.083733e-08,-1.8267463e-06
5.093733e-08,2.4816176e-06
5.103733e-08,2.4816176e-06
5.113733e-08,-3.2628676e-06
5.123733e-08,-1.1879596e-05
5.133733e-08,-1.9060202e-05
5.143733e-08,-2.0496324e-05
5.153733e-08,-1.690602e-05
5.163733e-08,-1.0443474e-05
5.173733e-08,-6.853171e-06
5.183733e-08,-9.0073529e-06
5.193733e-08,-1.8342142e-05
5.203733e-08,-3.1985294e-05
5.213733e-08,-4.5628447e-05
5.223733e-08,-5.4963235e-05
5.233733e-08,-5.7835478e-05
5.243733e-08,-5.7117417e-05
5.253733e-08,-5.4963235e-05
5.263733e-08,-5.4963235e-05
5.273733e-08,-5.9271599e-05
5.283733e-08,-6.5734145e-05
5.293733e-08,-7.2196691e-05
5.303733e-08,-7.7941176e-05
5.313733e-08,-8.2967601e-05
5.323733e-08,-8.8712086e-05
5.333733e-08,-9.8764936e-05
5.343733e-08,-0.00011240809
5.353733e-08,-0.0001267693
5.363733e-08,-0.00013610409
5.373733e-08,-0.00013538603
5.383733e-08,-0.00012389706
5.393733e-08,-0.00010450942
5.403733e-08,-8.5121783e-05
5.413733e-08,-7.4350873e-05
5.423733e-08,-7.7941176e-05
5.433733e-08,-9.4456572e-05
5.443733e-08,-0.00011743451
5.453733e-08,-0.00013754021
5.463733e-08,-0.000146875
5.473733e-08,-0.00014400276
5.483733e-08,-0.00013394991
5.493733e-08,-0.00012461512
5.503733e-08,-0.00012389706
5.513733e-08,-0.00013394991
5.523733e-08,-0.00015190142
5.533733e-08,-0.00016985294
5.543733e-08,-0.00018134191
5.553733e-08,-0.00018349609
5.563733e-08,-0.00017918773
5.573733e-08,-0.00017559743
5.583733e-08,-0.00018134191
5.593733e-08,-0.00019929343
5.603733e-08,-0.00022729779
5.613733e-08,-0.0002581744
5.623733e-08,-0.00028474265
5.633733e-08,-0.0003019761
5.643733e-08,-0.00031202895
5.653733e-08,-0.00031920956
5.663733e-08,-0.00033069853
5.673733e-08,-0.00035080423
5.683733e-08,-0.00037809053
5.693733e-08,-0.00040824908
5.703733e-08,-0.00043409926
5.713733e-08,-0.00045205078
5.723733e-08,-0.00046282169
5.733733e-08,-0.00047072036
5.743733e-08,-0.00048005515
5.753733e-08,-0.00049513442
5.763733e-08,-0.00051452206
5.773733e-08,-0.0005339097
5.783733e-08,-0.00054898897
5.793733e-08,-0.00055688764
5.803733e-08,-0.00056047794
5.813733e-08,-0.00056335018
5.823733e-08,-0.00057196691
5.833733e-08,-0.00058848231
5.843733e-08,-0.00061146025
5.853733e-08,-0.00063443819
5.863733e-08,-0.00065238971
5.873733e-08,-0.00066100643
5.883733e-08,-0.00066028837
5.893733e-08,-0.00065598001
5.903733e-08,-0.00065238971
5.913733e-08,-0.00065382583
5.923733e-08,-0.00066100643
5.933733e-08,-0.00066962316
5.943733e-08,-0.00067536765
5.953733e-08,-0.00067608571
5.963733e-08,-0.00067177734
5.973733e-08,-0.00066675092
5.983733e-08,-0.00066387868
5.993733e-08,-0.00066603286
6.003733e-08,-0.00067321347
6.013733e-08,-0.00068111213
6.023733e-08,-0.00068685662
6.033733e-08,-0.0006890108
6.043733e-08,-0.00068972886
6.053733e-08,-0.00069188304
6.063733e-08,-0.00069834559
6.073733e-08,-0.00071055262
6.083733e-08,-0.00072706801
6.093733e-08,-0.00074358341
6.103733e-08,-0.00075579044
6.113733e-08,-0.00076368911
6.123733e-08,-0.00076799747
6.133733e-08,-0.0007730239
6.143733e-08,-0.00077876838
6.153733e-08,-0.00078594899
6.163733e-08,-0.00079025735
6.173733e-08,-0.00078882123
6.183733e-08,-0.00077876838
6.193733e-08,-0.00076368911
6.203733e-08,-0.00074860983
6.213733e-08,-0.00074071117
6.223733e-08,-0.00074430147
6.233733e-08,-0.00075866268
6.243733e-08,-0.00077733226
6.253733e-08,-0.0007931296
6.263733e-08,-0.00080174632
6.273733e-08,-0.00080246438
6.283733e-08,-0.00079959214
6.293733e-08,-0.00080174632
6.303733e-08,-0.00081323529
6.313733e-08,-0.00083334099
6.323733e-08,-0.00085488281
6.333733e-08,-0.00086996209
6.343733e-08,-0.00087068015
6.353733e-08,-0.00085703699
6.363733e-08,-0.00083621324
6.373733e-08,-0.00081826172
6.383733e-08,-0.00081323529
6.393733e-08,-0.0008240062
6.403733e-08,-0.0008441119
6.413733e-08,-0.00086349954
6.423733e-08,-0.00087068015
6.433733e-08,-0.00085990924
6.443733e-08,-0.00083549517
6.453733e-08,-0.00080749081
6.463733e-08,-0.00079025735
6.473733e-08,-0.00079241153
6.483733e-08,-0.00081395335
6.493733e-08,-0.00084842027
6.503733e-08,-0.00088216912
6.513733e-08,-0.000904429
6.523733e-08,-0.00091089154
6.533733e-08,-0.000904429
6.543733e-08,-0.00089365809
6.553733e-08,-0.0008879136
6.563733e-08,-0.00089294003
6.573733e-08,-0.0009080193
6.583733e-08,-0.000928125
6.593733e-08,-0.00094607652
6.603733e-08,-0.00095756549
6.613733e-08,-0.00096187385
6.623733e-08,-0.00096259191
6.633733e-08,-0.00096402803
6.643733e-08,-0.00097049058
6.653733e-08,-0.00098197955
6.663733e-08,-0.00099705882
6.673733e-08,-0.00101142
6.683733e-08,-0.001022909
6.693733e-08,-0.0010293716
6.703733e-08,-0.0010315257
6.713733e-08,-0.0010315257
6.723733e-08,-0.0010315257
6.733733e-08,-0.0010308077
6.743733e-08,-0.0010315257
6.753733e-08,-0.0010322438
6.763733e-08,-0.001034398
6.773733e-08,-0.0010379883
6.783733e-08,-0.0010430147
6.793733e-08,-0.0010487592
6.803733e-08,-0.0010537856
6.813733e-08,-0.0010552217
6.823733e-08,-0.0010545037
6.833733e-08,-0.0010516314
6.843733e-08,-0.0010509134
6.853733e-08,-0.0010552217
6.863733e-08,-0.0010659926
6.873733e-08,-0.00108179
6.883733e-08,-0.0010990234
6.893733e-08,-0.0011105124
6.903733e-08,-0.0011119485
6.913733e-08,-0.0011026137
6.923733e-08,-0.0010860983
6.933733e-08,-0.0010674288
6.943733e-08,-0.0010545037
6.953733e-08,-0.0010501953
6.963733e-08,-0.0010552217
6.973733e-08,-0.0010659926
6.983733e-08,-0.0010774816
6.993733e-08,-0.0010860983
7.003733e-08,-0.0010911248
7.013733e-08,-0.0010947151
7.023733e-08,-0.0011004596
7.033733e-08,-0.0011097943
7.043733e-08,-0.0011227194
7.053733e-08,-0.0011363626
7.063733e-08,-0.0011464154
7.073733e-08,-0.0011514419
7.083733e-08,-0.0011507238
7.093733e-08,-0.0011478516
7.103733e-08,-0.0011464154
7.113733e-08,-0.0011500057
7.123733e-08,-0.0011600586
7.133733e-08,-0.0011751379
7.143733e-08,-0.0011923713
7.153733e-08,-0.0012088867
7.163733e-08,-0.0012218118
7.173733e-08,-0.0012311466
7.183733e-08,-0.0012383272
7.193733e-08,-0.0012440717
7.203733e-08,-0.0012498162
7.213733e-08,-0.0012555607
7.223733e-08,-0.0012613051
7.233733e-08,-0.0012677677
7.243733e-08,-0.0012742302
7.253733e-08,-0.0012799747
7.263733e-08,-0.0012842831
7.273733e-08,-0.0012857192
7.283733e-08,-0.001282847
7.293733e-08,-0.0012778205
7.303733e-08,-0.0012727941
7.313733e-08,-0.0012720761
7.323733e-08,-0.0012792567
7.333733e-08,-0.0012957721
7.343733e-08,-0.00131875
7.353733e-08,-0.0013410099
7.363733e-08,-0.0013553711
7.373733e-08,-0.0013560892
7.383733e-08,-0.0013417279
7.393733e-08,-0.00131875
7.403733e-08,-0.0012964901
7.413733e-08,-0.001282847
7.423733e-08,-0.0012842831
7.433733e-08,-0.0012979262
7.443733e-08,-0.0013180319
7.453733e-08,-0.0013345473
7.463733e-08,-0.0013417279
7.473733e-08,-0.0013395738
7.483733e-08,-0.0013323932
7.493733e-08,-0.0013273667
7.503733e-08,-0.001330239
7.513733e-08,-0.0013417279
7.523733e-08,-0.0013575253
7.533733e-08,-0.0013711684
7.543733e-08,-0.0013761949
7.553733e-08,-0.0013718865
7.563733e-08,-0.0013632698
7.573733e-08,-0.001354653
7.583733e-08,-0.0013532169
7.593733e-08,-0.0013596795
7.603733e-08,-0.0013726045
7.613733e-08,-0.0013862477
7.623733e-08,-0.0013991728
7.633733e-08,-0.0014113798
7.643733e-08,-0.0014271772
7.653733e-08,-0.001449437
7.663733e-08,-0.0014795956
7.673733e-08,-0.0015119083
7.683733e-08,-0.0015370404
7.693733e-08,-0.0015463752
7.703733e-08,-0.0015370404
7.713733e-08,-0.0015133444
7.723733e-08,-0.0014874943
7.733733e-08,-0.001473133
7.743733e-08,-0.0014795956
7.753733e-08,-0.0015068819
7.763733e-08,-0.0015456572
7.773733e-08,-0.0015829963
7.783733e-08,-0.0016059743
7.793733e-08,-0.0016117187
7.803733e-08,-0.0016045381
7.813733e-08,-0.0015952034
7.823733e-08,-0.0015944853
7.833733e-08,-0.0016059743
7.843733e-08,-0.0016253619
7.853733e-08,-0.0016440315
7.863733e-08,-0.0016519301
7.873733e-08,-0.0016469037
7.883733e-08,-0.0016332606
7.893733e-08,-0.0016203355
7.903733e-08,-0.0016174632
7.913733e-08,-0.0016275161
7.923733e-08,-0.0016461857
7.933733e-08,-0.0016648552
7.943733e-08,-0.0016749081
7.953733e-08,-0.0016727539
7.963733e-08,-0.0016627011
7.973733e-08,-0.0016526482
7.983733e-08,-0.0016519301
7.993733e-08,-0.0016612649
8.003733e-08,-0.0016763442
8.013733e-08,-0.0016871151
8.023733e-08,-0.0016863971
8.033733e-08,-0.0016720358
8.043733e-08,-0.001649776
8.053733e-08,-0.0016325425
8.063733e-08,-0.0016289522
8.073733e-08,-0.0016418773
8.083733e-08,-0.0016655733
8.093733e-08,-0.0016878332
8.103733e-08,-0.001697886
8.113733e-08,-0.0016914235
8.123733e-08,-0.001673472
8.133733e-08,-0.0016569566
8.143733e-08,-0.0016519301
8.153733e-08,-0.0016648552
8.163733e-08,-0.0016899874
8.173733e-08,-0.0017165556
8.183733e-08,-0.0017323529
8.193733e-08,-0.0017294807
8.203733e-08,-0.0017115292
8.213733e-08,-0.0016892693
8.223733e-08,-0.0016749081
8.233733e-08,-0.0016770623
8.243733e-08,-0.0016950138
8.253733e-08,-0.001720864
8.263733e-08,-0.0017438419
8.273733e-08,-0.001756767
8.283733e-08,-0.0017582031
8.293733e-08,-0.0017553309
8.303733e-08,-0.0017553309
8.313733e-08,-0.0017639476
8.323733e-08,-0.0017790269
8.333733e-08,-0.0017948242
8.343733e-08,-0.0018012868
8.353733e-08,-0.0017941062
8.363733e-08,-0.0017747185
8.373733e-08,-0.0017510225
8.383733e-08,-0.0017323529
8.393733e-08,-0.0017251723
8.403733e-08,-0.0017287626
8.413733e-08,-0.0017373794
8.423733e-08,-0.0017438419
8.433733e-08,-0.0017431239
8.443733e-08,-0.0017352252
8.453733e-08,-0.0017258904
8.463733e-08,-0.001720864
8.473733e-08,-0.0017223001
8.483733e-08,-0.0017294807
8.493733e-08,-0.0017345071
8.503733e-08,-0.0017323529
8.513733e-08,-0.001721582
8.523733e-08,-0.0017065028
8.533733e-08,-0.0016957318
8.543733e-08,-0.001697886
8.553733e-08,-0.0017151195
8.563733e-08,-0.0017438419
8.573733e-08,-0.0017725643
8.583733e-08,-0.0017897978
8.593733e-08,-0.0017897978
8.603733e-08,-0.0017740005
8.613733e-08,-0.0017510225
8.623733e-08,-0.0017323529
8.633733e-08,-0.0017266085
8.643733e-08,-0.0017366613
8.653733e-08,-0.001756767
8.663733e-08,-0.0017783088
8.673733e-08,-0.0017941062
8.683733e-08,-0.0017998506
8.693733e-08,-0.0017969784
8.703733e-08,-0.0017897978
8.713733e-08,-0.0017833352
8.723733e-08,-0.0017797449
8.733733e-08,-0.0017783088
8.743733e-08,-0.0017783088
8.753733e-08,-0.0017790269
8.763733e-08,-0.0017818991
8.773733e-08,-0.0017890797
8.783733e-08,-0.0018012868
8.793733e-08,-0.001815648
8.803733e-08,-0.001827855
8.813733e-08,-0.0018314453
8.823733e-08,-0.0018242647
8.833733e-08,-0.0018084674
8.843733e-08,-0.0017912339
8.853733e-08,-0.0017833352
8.863733e-08,-0.0017897978
8.873733e-08,-0.0018113396
8.883733e-08,-0.0018407801
8.893733e-08,-0.0018673483
8.903733e-08,-0.0018817096
8.913733e-08,-0.0018809915
8.923733e-08,-0.0018687845
8.933733e-08,-0.0018544233
8.943733e-08,-0.0018472426
8.953733e-08,-0.001851551
8.963733e-08,-0.0018659122
8.973733e-08,-0.0018824276
8.983733e-08,-0.0018931985
8.993733e-08,-0.0018953527
9.003733e-08,-0.0018896082
9.013733e-08,-0.0018831457
9.023733e-08,-0.0018817096
9.033733e-08,-0.0018888902
9.043733e-08,-0.0019010972
9.053733e-08,-0.0019118681
9.063733e-08,-0.0019161765
9.073733e-08,-0.00191115
9.083733e-08,-0.0019010972
9.093733e-08,-0.0018924805
9.103733e-08,-0.0018931985
9.113733e-08,-0.0019046875
9.123733e-08,-0.001921921
9.133733e-08,-0.0019362822
9.143733e-08,-0.0019391544
9.153733e-08,-0.0019269474
9.163733e-08,-0.0019032514
9.173733e-08,-0.0018766831
9.183733e-08,-0.0018587316
9.193733e-08,-0.0018551413
9.203733e-08,-0.0018659122
9.213733e-08,-0.0018845818
9.223733e-08,-0.0019046875
9.233733e-08,-0.0019183307
9.243733e-08,-0.0019247932
9.253733e-08,-0.0019269474
9.263733e-08,-0.0019276654
9.273733e-08,-0.0019298196
9.283733e-08,-0.0019334099
9.293733e-08,-0.0019334099
9.303733e-08,-0.0019276654
9.313733e-08,-0.0019161765
9.323733e-08,-0.0019039694
9.333733e-08,-0.001898225
9.343733e-08,-0.0019046875
9.353733e-08,-0.0019247932
9.363733e-08,-0.0019535156
9.373733e-08,-0.0019843922
9.383733e-08,-0.0020080882
9.393733e-08,-0.0020224494
9.403733e-08,-0.002028912
9.413733e-08,-0.0020332204
9.423733e-08,-0.0020425551
9.433733e-08,-0.0020583525
9.443733e-08,-0.0020770221
9.453733e-08,-0.0020935375
9.463733e-08,-0.0021
9.473733e-08,-0.0020956916
9.483733e-08,-0.0020834846
9.493733e-08,-0.0020705595
9.503733e-08,-0.0020655331
9.513733e-08,-0.0020705595
9.523733e-08,-0.0020842027
9.533733e-08,-0.0021
9.543733e-08,-0.002111489
9.553733e-08,-0.0021172335
9.563733e-08,-0.0021186696
9.573733e-08,-0.0021229779
9.583733e-08,-0.0021344669
9.593733e-08,-0.0021545726
9.603733e-08,-0.0021797047
9.613733e-08,-0.0022019646
9.623733e-08,-0.0022148897
9.633733e-08,-0.0022170439
9.643733e-08,-0.0022127355
9.653733e-08,-0.0022091452
9.663733e-08,-0.0022148897
9.673733e-08,-0.0022314051
9.683733e-08,-0.002253665
9.693733e-08,-0.0022737707
9.703733e-08,-0.0022838235
9.713733e-08,-0.0022802332
9.723733e-08,-0.0022665901
9.733733e-08,-0.0022529469
9.743733e-08,-0.0022493566
9.753733e-08,-0.0022601275
9.763733e-08,-0.0022845416
9.773733e-08,-0.0023147001
9.783733e-08,-0.0023412684
9.793733e-08,-0.0023570657
9.803733e-08,-0.0023613741
9.813733e-08,-0.0023585018
9.823733e-08,-0.0023527574
9.833733e-08,-0.0023498851
9.843733e-08,-0.0023498851
9.853733e-08,-0.0023520393
9.863733e-08,-0.0023527574
9.873733e-08,-0.0023527574
9.883733e-08,-0.0023563477
9.893733e-08,-0.0023664005
9.903733e-08,-0.0023872243
9.913733e-08,-0.0024159467
9.923733e-08,-0.0024468233
9.933733e-08,-0.0024698012
9.943733e-08,-0.002479136
9.953733e-08,-0.0024741096
9.963733e-08,-0.0024597484
9.973733e-08,-0.0024475414
9.983733e-08,-0.0024446691
9.993733e-08,-0.002454722
1.000373e-07,-0.0024733915
1.001373e-07,-0.0024920611
1.002373e-07,-0.002502114
1.003373e-07,-0.0025006778
1.004373e-07,-0.002490625
1.005373e-07,-0.0024805722
1.006373e-07,-0.002479136
1.007373e-07,-0.0024891889
1.008373e-07,-0.0025085765
1.009373e-07,-0.0025272461
1.010373e-07,-0.0025365809
1.011373e-07,-0.0025322725
1.012373e-07,-0.0025157571
1.013373e-07,-0.0024949334
1.014373e-07,-0.002479136
1.015373e-07,-0.0024733915
1.016373e-07,-0.0024769818
1.017373e-07,-0.0024855986
1.018373e-07,-0.002490625
1.019373e-07,-0.0024884708
1.020373e-07,-0.002478418
1.021373e-07,-0.0024654929
1.022373e-07,-0.0024561581
1.023373e-07,-0.0024532858
1.024373e-07,-0.0024561581
1.025373e-07,-0.0024626206
1.026373e-07,-0.0024676471
1.027373e-07,-0.0024705193
1.028373e-07,-0.0024726735
1.029373e-07,-0.002478418
1.030373e-07,-0.002490625
1.031373e-07,-0.0025078585
1.032373e-07,-0.0025236558
1.033373e-07,-0.0025315545
1.034373e-07,-0.0025250919
1.035373e-07,-0.0025064223
1.036373e-07,-0.0024812902
1.037373e-07,-0.0024619026
1.038373e-07,-0.0024561581
1.039373e-07,-0.0024676471
1.040373e-07,-0.0024934972
1.041373e-07,-0.0025229377
1.042373e-07,-0.0025480699
1.043373e-07,-0.0025638672
1.044373e-07,-0.002573202
1.045373e-07,-0.0025811006
1.046373e-07,-0.0025940257
1.047373e-07,-0.0026134134
1.048373e-07,-0.0026349552
1.049373e-07,-0.0026500345
1.050373e-07,-0.0026514706
1.051373e-07,-0.0026378274
1.052373e-07,-0.0026162856
1.053373e-07,-0.002597616
1.054373e-07,-0.0025940257
1.055373e-07,-0.0026105411
1.056373e-07,-0.0026435719
1.057373e-07,-0.0026809111
1.058373e-07,-0.0027089154
1.059373e-07,-0.0027182502
1.060373e-07,-0.0027081974
1.061373e-07,-0.0026852194
1.062373e-07,-0.0026629596
1.063373e-07,-0.0026507525
1.064373e-07,-0.0026543428
1.065373e-07,-0.002668704
1.066373e-07,-0.0026859375
1.067373e-07,-0.0026981445
1.068373e-07,-0.0027002987
1.069373e-07,-0.0026938362
1.070373e-07,-0.0026859375
1.071373e-07,-0.0026830653
1.072373e-07,-0.0026895278
1.073373e-07,-0.002703171
1.074373e-07,-0.0027204044
1.075373e-07,-0.0027340476
1.076373e-07,-0.0027412282
1.077373e-07,-0.002739074
1.078373e-07,-0.0027318934
1.079373e-07,-0.0027225586
1.080373e-07,-0.0027146599
1.081373e-07,-0.0027103516
1.082373e-07,-0.0027089154
1.083373e-07,-0.0027110696
1.084373e-07,-0.0027168141
1.085373e-07,-0.002727585
1.086373e-07,-0.0027433824
1.087373e-07,-0.0027620519
1.088373e-07,-0.0027792854
1.089373e-07,-0.0027900563
1.090373e-07,-0.0027893382
1.091373e-07,-0.0027764131
1.092373e-07,-0.0027541533
1.093373e-07,-0.0027290211
1.094373e-07,-0.0027089154
1.095373e-07,-0.0026995807
1.096373e-07,-0.0027017348
1.097373e-07,-0.0027146599
1.098373e-07,-0.0027318934
1.099373e-07,-0.0027491268
1.100373e-07,-0.0027634881
1.101373e-07,-0.0027728228
1.102373e-07,-0.0027778493
1.103373e-07,-0.0027800034
1.104373e-07,-0.0027792854
1.105373e-07,-0.002774259
1.106373e-07,-0.0027663603
1.107373e-07,-0.0027555894
1.108373e-07,-0.0027441004
1.109373e-07,-0.0027354837
1.110373e-07,-0.0027318934
1.111373e-07,-0.0027347656
1.112373e-07,-0.0027412282
1.113373e-07,-0.0027491268
1.114373e-07,-0.0027548713
1.115373e-07,-0.0027577436
1.116373e-07,-0.0027591797
1.117373e-07,-0.0027606158
1.118373e-07,-0.0027663603
1.119373e-07,-0.0027756951
1.120373e-07,-0.002786466
1.121373e-07,-0.0027958008
1.122373e-07,-0.0028008272
1.123373e-07,-0.0028001091
1.124373e-07,-0.0027950827
1.125373e-07,-0.0027907744
1.126373e-07,-0.0027893382
1.127373e-07,-0.0027929285
1.128373e-07,-0.0028001091
1.129373e-07,-0.0028072898
1.130373e-07,-0.0028123162
1.131373e-07,-0.0028130342
1.132373e-07,-0.0028115981
1.133373e-07,-0.002810162
1.134373e-07,-0.0028123162
1.135373e-07,-0.0028187787
1.136373e-07,-0.0028281135
1.137373e-07,-0.0028388844
1.138373e-07,-0.0028467831
1.139373e-07,-0.0028510915
1.140373e-07,-0.0028532456
1.141373e-07,-0.0028546818
1.142373e-07,-0.0028582721
1.143373e-07,-0.0028647346
1.144373e-07,-0.0028740694
1.145373e-07,-0.0028834042
1.146373e-07,-0.002892739
1.147373e-07,-0.0029020738
1.148373e-07,-0.0029142808
1.149373e-07,-0.0029300781
1.150373e-07,-0.0029501838
1.151373e-07,-0.0029724437
1.152373e-07,-0.0029918313
1.153373e-07,-0.0030047564
1.154373e-07,-0.0030076287
1.155373e-07,-0.0030033203
1.156373e-07,-0.0029961397
1.157373e-07,-0.0029925494
1.158373e-07,-0.0029961397
1.159373e-07,-0.0030076287
1.160373e-07,-0.003022708
1.161373e-07,-0.003035633
1.162373e-07,-0.0030420956
1.163373e-07,-0.0030413775
1.164373e-07,-0.003035633
1.165373e-07,-0.0030306066
1.166373e-07,-0.0030306066
1.167373e-07,-0.003035633
1.168373e-07,-0.0030442498
1.169373e-07,-0.0030514304
1.170373e-07,-0.0030535846
1.171373e-07,-0.0030507123
1.172373e-07,-0.0030449678
1.173373e-07,-0.0030413775
1.174373e-07,-0.0030420956
1.175373e-07,-0.003046404
1.176373e-07,-0.0030507123
1.177373e-07,-0.0030499943
1.178373e-07,-0.0030420956
1.179373e-07,-0.0030291705
1.180373e-07,-0.0030155273
1.181373e-07,-0.0030076287
1.182373e-07,-0.0030076287
1.183373e-07,-0.0030133732
1.184373e-07,-0.0030183996
1.185373e-07,-0.0030140912
1.186373e-07,-0.0029961397
1.187373e-07,-0.0029666992
1.188373e-07,-0.0029343865
1.189373e-07,-0.0029071002
1.190373e-07,-0.002892739
1.191373e-07,-0.0028913028
1.192373e-07,-0.0028970473
1.193373e-07,-0.0028992015
1.194373e-07,-0.002892739
1.195373e-07,-0.0028762236
1.196373e-07,-0.0028561179
1.197373e-07,-0.0028431928
1.198373e-07,-0.0028467831
1.199373e-07,-0.0028668888
1.200373e-07,-0.0028977654
1.201373e-07,-0.0029250517
1.202373e-07,-0.0029386949
1.203373e-07,-0.0029322323
1.204373e-07,-0.0029092544
1.205373e-07,-0.0028805319
1.206373e-07,-0.0028582721
1.207373e-07,-0.0028503734
1.208373e-07,-0.0028568359
1.209373e-07,-0.0028704791
1.210373e-07,-0.00288125
1.211373e-07,-0.0028826861
1.212373e-07,-0.0028733513
1.213373e-07,-0.0028582721
1.214373e-07,-0.0028467831
1.215373e-07,-0.0028439108
1.216373e-07,-0.0028518095
1.217373e-07,-0.0028661707
1.218373e-07,-0.00288125
1.219373e-07,-0.0028920209
1.220373e-07,-0.0028970473
1.221373e-07,-0.0028999196
1.222373e-07,-0.0029042279
1.223373e-07,-0.0029121266
1.224373e-07,-0.0029228975
1.225373e-07,-0.0029329504
1.226373e-07,-0.0029386949
1.227373e-07,-0.0029386949
1.228373e-07,-0.0029372587
1.229373e-07,-0.0029394129
1.230373e-07,-0.0029501838
1.231373e-07,-0.0029702895
1.232373e-07,-0.0029961397
1.233373e-07,-0.0030191176
1.234373e-07,-0.0030306066
1.235373e-07,-0.0030277344
1.236373e-07,-0.0030140912
1.237373e-07,-0.0029961397
1.238373e-07,-0.0029846507
1.239373e-07,-0.0029853688
1.240373e-07,-0.0029982939
1.241373e-07,-0.0030198357
1.242373e-07,-0.0030420956
1.243373e-07,-0.003059329
1.244373e-07,-0.0030686638
1.245373e-07,-0.0030736903
1.246373e-07,-0.0030765625
1.247373e-07,-0.0030808709
1.248373e-07,-0.0030858973
1.249373e-07,-0.0030894876
1.250373e-07,-0.0030880515
1.251373e-07,-0.0030808709
1.252373e-07,-0.003070818
1.253373e-07,-0.0030643555
1.254373e-07,-0.0030650735
1.255373e-07,-0.0030765625
1.256373e-07,-0.0030952321
1.257373e-07,-0.0031167739
1.258373e-07,-0.0031340074
1.259373e-07,-0.0031433421
1.260373e-07,-0.0031462144
1.261373e-07,-0.0031454963
1.262373e-07,-0.0031454963
1.263373e-07,-0.0031483686
1.264373e-07,-0.0031526769
1.265373e-07,-0.0031526769
1.266373e-07,-0.0031454963
1.267373e-07,-0.0031289809
1.268373e-07,-0.0031074391
1.269373e-07,-0.0030873334
1.270373e-07,-0.0030765625
1.271373e-07,-0.0030794347
1.272373e-07,-0.0030959501
1.273373e-07,-0.0031203642
1.274373e-07,-0.0031454963
1.275373e-07,-0.0031670381
1.276373e-07,-0.0031821174
1.277373e-07,-0.0031936064
1.278373e-07,-0.0032029412
1.279373e-07,-0.003212994
1.280373e-07,-0.0032216108
1.281373e-07,-0.0032273552
1.282373e-07,-0.0032259191
1.283373e-07,-0.0032173024
1.284373e-07,-0.0032050954
1.285373e-07,-0.0031950425
1.286373e-07,-0.0031914522
1.287373e-07,-0.0031971967
1.288373e-07,-0.0032086857
1.289373e-07,-0.0032208927
1.290373e-07,-0.0032259191
1.291373e-07,-0.0032208927
1.292373e-07,-0.0032079676
1.293373e-07,-0.0031914522
1.294373e-07,-0.0031799632
1.295373e-07,-0.0031785271
1.296373e-07,-0.0031871438
1.297373e-07,-0.0032015051
1.298373e-07,-0.0032144301
1.299373e-07,-0.0032194566
1.300373e-07,-0.0032137121
1.301373e-07,-0.0031986328
1.302373e-07,-0.0031799632
1.303373e-07,-0.0031641659
1.304373e-07,-0.0031541131
1.305373e-07,-0.0031526769
1.306373e-07,-0.0031569853
1.307373e-07,-0.003164884
1.308373e-07,-0.0031735007
1.309373e-07,-0.0031821174
1.310373e-07,-0.0031914522
1.311373e-07,-0.003200787
1.312373e-07,-0.0032086857
1.313373e-07,-0.0032137121
1.314373e-07,-0.0032144301
1.315373e-07,-0.0032094037
1.316373e-07,-0.0032000689
1.317373e-07,-0.003189298
1.318373e-07,-0.0031799632
1.319373e-07,-0.0031749368
1.320373e-07,-0.0031749368
1.321373e-07,-0.0031813994
1.322373e-07,-0.0031914522
1.323373e-07,-0.0032050954
1.324373e-07,-0.0032201746
1.325373e-07,-0.0032352539
1.326373e-07,-0.0032488971
1.327373e-07,-0.0032575138
1.328373e-07,-0.003260386
1.329373e-07,-0.0032567957
1.330373e-07,-0.0032488971
1.331373e-07,-0.0032424345
1.332373e-07,-0.0032424345
1.333373e-07,-0.0032517693
1.334373e-07,-0.003271875
1.335373e-07,-0.0032970071
1.336373e-07,-0.0033199851
1.337373e-07,-0.0033357824
1.338373e-07,-0.0033408088
1.339373e-07,-0.0033386546
1.340373e-07,-0.0033350643
1.341373e-07,-0.0033379366
1.342373e-07,-0.0033522978
1.343373e-07,-0.0033767119
1.344373e-07,-0.0034061523
1.345373e-07,-0.0034341567
1.346373e-07,-0.0034556985
1.347373e-07,-0.0034700597
1.348373e-07,-0.0034801126
1.349373e-07,-0.0034894474
1.350373e-07,-0.0035016544
1.351373e-07,-0.0035138614
1.352373e-07,-0.0035224782
1.353373e-07,-0.0035224782
1.354373e-07,-0.0035131434
1.355373e-07,-0.0034995002
1.356373e-07,-0.0034901654
1.357373e-07,-0.0034937557
1.358373e-07,-0.0035131434
1.359373e-07,-0.0035447381
1.360373e-07,-0.0035777688
1.361373e-07,-0.0036000287
1.362373e-07,-0.0036050551
1.363373e-07,-0.0035921301
1.364373e-07,-0.0035705882
1.365373e-07,-0.0035526367
1.366373e-07,-0.0035476103
1.367373e-07,-0.0035569451
1.368373e-07,-0.0035756147
1.369373e-07,-0.0035906939
1.370373e-07,-0.0035935662
1.371373e-07,-0.0035813591
1.372373e-07,-0.0035583812
1.373373e-07,-0.0035361213
1.374373e-07,-0.0035246324
1.375373e-07,-0.0035282227
1.376373e-07,-0.0035433019
1.377373e-07,-0.0035605354
1.378373e-07,-0.0035705882
1.379373e-07,-0.0035684341
1.380373e-07,-0.003556227
1.381373e-07,-0.0035389936
1.382373e-07,-0.0035246324
1.383373e-07,-0.0035160156
1.384373e-07,-0.0035102711
1.385373e-07,-0.0035030905
1.386373e-07,-0.0034901654
1.387373e-07,-0.0034722139
1.388373e-07,-0.0034549805
1.389373e-07,-0.0034477999
1.390373e-07,-0.0034556985
1.391373e-07,-0.0034765223
1.392373e-07,-0.0035016544
1.393373e-07,-0.0035167337
1.394373e-07,-0.0035131434
1.395373e-07,-0.0034887293
1.396373e-07,-0.0034521082
1.397373e-07,-0.0034169233
1.398373e-07,-0.0033982537
1.399373e-07,-0.0034011259
1.400373e-07,-0.0034212316
1.401373e-07,-0.0034477999
1.402373e-07,-0.0034671875
1.403373e-07,-0.0034714959
1.404373e-07,-0.003461443
1.405373e-07,-0.0034456457
1.406373e-07,-0.0034327206
1.407373e-07,-0.0034298483
1.408373e-07,-0.0034363109
1.409373e-07,-0.0034477999
1.410373e-07,-0.0034556985
1.411373e-07,-0.0034578527
1.412373e-07,-0.0034564166
1.413373e-07,-0.0034578527
1.414373e-07,-0.0034671875
1.415373e-07,-0.003485139
1.416373e-07,-0.0035059628
1.417373e-07,-0.0035217601
1.418373e-07,-0.0035246324
1.419373e-07,-0.0035138614
1.420373e-07,-0.003496628
1.421373e-07,-0.0034815487
1.422373e-07,-0.0034786765
1.423373e-07,-0.0034887293
1.424373e-07,-0.0035066808
1.425373e-07,-0.0035217601
1.426373e-07,-0.0035246324
1.427373e-07,-0.0035131434
1.428373e-07,-0.0034923196
1.429373e-07,-0.0034743681
1.430373e-07,-0.0034671875
1.431373e-07,-0.0034743681
1.432373e-07,-0.0034908835
1.433373e-07,-0.0035066808
1.434373e-07,-0.0035131434
1.435373e-07,-0.003508117
1.436373e-07,-0.0034980641
1.437373e-07,-0.0034930377
1.438373e-07,-0.0035016544
1.439373e-07,-0.0035253504
1.440373e-07,-0.0035569451
1.441373e-07,-0.0035827953
1.442373e-07,-0.0035935662
1.443373e-07,-0.0035856675
1.444373e-07,-0.0035648437
1.445373e-07,-0.0035447381
1.446373e-07,-0.0035361213
1.447373e-07,-0.0035425839
1.448373e-07,-0.0035590993
1.449373e-07,-0.0035756147
1.450373e-07,-0.0035820772
1.451373e-07,-0.0035770508
1.452373e-07,-0.0035655618
1.453373e-07,-0.0035605354
1.454373e-07,-0.0035705882
1.455373e-07,-0.0035964384
1.456373e-07,-0.0036316234
1.457373e-07,-0.0036610639
1.458373e-07,-0.003673989
1.459373e-07,-0.0036682445
1.460373e-07,-0.003650293
1.461373e-07,-0.0036330595
1.462373e-07,-0.0036280331
1.463373e-07,-0.003638804
1.464373e-07,-0.0036574736
1.465373e-07,-0.0036732709
1.466373e-07,-0.003673989
1.467373e-07,-0.0036581916
1.468373e-07,-0.0036344956
1.469373e-07,-0.0036172622
1.470373e-07,-0.0036165441
1.471373e-07,-0.0036359318
1.472373e-07,-0.0036653722
1.473373e-07,-0.0036905044
1.474373e-07,-0.0036969669
1.475373e-07,-0.0036811696
1.476373e-07,-0.0036524472
1.477373e-07,-0.0036258789
1.478373e-07,-0.0036165441
1.479373e-07,-0.0036309053
1.480373e-07,-0.0036610639
1.481373e-07,-0.0036926585
1.482373e-07,-0.0037084559
1.483373e-07,-0.0037027114
1.484373e-07,-0.0036790154
1.485373e-07,-0.0036531652
1.486373e-07,-0.0036395221
1.487373e-07,-0.0036445485
1.488373e-07,-0.0036646542
1.489373e-07,-0.0036869141
1.490373e-07,-0.0036969669
1.491373e-07,-0.0036890682
1.492373e-07,-0.0036682445
1.493373e-07,-0.0036474207
1.494373e-07,-0.0036395221
1.495373e-07,-0.003651011
1.496373e-07,-0.003674707
1.497373e-07,-0.0036948127
1.498373e-07,-0.0036969669
1.499373e-07,-0.0036732709
1.500373e-07,-0.0036287511
1.501373e-07,-0.0035806411
1.502373e-07,-0.0035476103
1.503373e-07,-0.0035411477
1.504373e-07,-0.0035598173
1.505373e-07,-0.0035906939
1.506373e-07,-0.0036165441
1.507373e-07,-0.0036244428
1.508373e-07,-0.0036129538
1.509373e-07,-0.0035899759
1.510373e-07,-0.0035705882
1.511373e-07,-0.0035648437
1.512373e-07,-0.0035748966
1.513373e-07,-0.0035921301
1.514373e-07,-0.0036050551
1.515373e-07,-0.003603619
1.516373e-07,-0.0035878217
1.517373e-07,-0.0035648437
1.518373e-07,-0.0035476103
1.519373e-07,-0.0035454561
1.520373e-07,-0.0035590993
1.521373e-07,-0.0035835133
1.522373e-07,-0.0036050551
1.523373e-07,-0.003615108
1.524373e-07,-0.0036115177
1.525373e-07,-0.0035971565
1.526373e-07,-0.0035820772
1.527373e-07,-0.0035734605
1.528373e-07,-0.0035734605
1.529373e-07,-0.0035784869
1.530373e-07,-0.0035820772
1.531373e-07,-0.0035784869
1.532373e-07,-0.003567716
1.533373e-07,-0.0035547909
1.534373e-07,-0.0035476103
1.535373e-07,-0.0035512006
1.536373e-07,-0.0035641257
1.537373e-07,-0.0035806411
1.538373e-07,-0.0035935662
1.539373e-07,-0.0035957204
1.540373e-07,-0.0035871036
1.541373e-07,-0.0035727424
1.542373e-07,-0.0035590993
1.543373e-07,-0.0035526367
1.544373e-07,-0.0035540728
1.545373e-07,-0.0035619715
1.546373e-07,-0.0035705882
1.547373e-07,-0.0035770508
1.548373e-07,-0.0035820772
1.549373e-07,-0.0035863856
1.550373e-07,-0.0035935662
1.551373e-07,-0.003602901
1.552373e-07,-0.0036115177
1.553373e-07,-0.0036136719
1.554373e-07,-0.0036050551
1.555373e-07,-0.0035871036
1.556373e-07,-0.0035641257
1.557373e-07,-0.0035447381
1.558373e-07,-0.0035361213
1.559373e-07,-0.0035404297
1.560373e-07,-0.0035540728
1.561373e-07,-0.0035698702
1.562373e-07,-0.0035820772
1.563373e-07,-0.0035871036
1.564373e-07,-0.0035892578
1.565373e-07,-0.0035928481
1.566373e-07,-0.0036050551
1.567373e-07,-0.003626597
1.568373e-07,-0.0036538833
1.569373e-07,-0.0036797335
1.570373e-07,-0.0036969669
1.571373e-07,-0.0037041475
1.572373e-07,-0.0037041475
1.573373e-07,-0.0037034295
1.574373e-07,-0.0037084559
1.575373e-07,-0.0037199449
1.576373e-07,-0.0037357422
1.577373e-07,-0.0037486673
1.578373e-07,-0.0037544118
1.579373e-07,-0.0037529756
1.580373e-07,-0.0037501034
1.581373e-07,-0.0037522576
1.582373e-07,-0.0037659007
1.583373e-07,-0.0037895967
1.584373e-07,-0.0038176011
1.585373e-07,-0.0038384249
1.586373e-07,-0.0038463235
1.587373e-07,-0.0038391429
1.588373e-07,-0.0038226275
1.589373e-07,-0.0038075483
1.590373e-07,-0.0038003676
1.591373e-07,-0.003804676
1.592373e-07,-0.0038147289
1.593373e-07,-0.0038233456
1.594373e-07,-0.0038233456
1.595373e-07,-0.0038140108
1.596373e-07,-0.0038010857
1.597373e-07,-0.0037939051
1.598373e-07,-0.0038003676
1.599373e-07,-0.0038197553
1.600373e-07,-0.0038456055
1.601373e-07,-0.0038649931
1.602373e-07,-0.0038693015
1.603373e-07,-0.0038556583
1.604373e-07,-0.0038305262
1.605373e-07,-0.003804676
1.606373e-07,-0.0037888787
1.607373e-07,-0.0037874426
1.608373e-07,-0.0037967773
1.609373e-07,-0.0038075483
1.610373e-07,-0.0038118566
1.611373e-07,-0.0038061121
1.612373e-07,-0.0037946232
1.613373e-07,-0.0037867245
1.614373e-07,-0.0037888787
1.615373e-07,-0.0038025218
1.616373e-07,-0.0038211914
1.617373e-07,-0.0038348346
1.618373e-07,-0.0038348346
1.619373e-07,-0.0038204733
1.620373e-07,-0.0037982135
1.621373e-07,-0.0037802619
1.622373e-07,-0.0037773897
1.623373e-07,-0.0037903148
1.624373e-07,-0.0038125747
1.625373e-07,-0.0038312443
1.626373e-07,-0.0038348346
1.627373e-07,-0.0038204733
1.628373e-07,-0.0037953412
1.629373e-07,-0.0037730813
1.630373e-07,-0.0037659007
1.631373e-07,-0.0037795439
1.632373e-07,-0.0038097024
1.633373e-07,-0.0038441693
1.634373e-07,-0.0038693015
1.635373e-07,-0.0038786363
1.636373e-07,-0.003875764
1.637373e-07,-0.0038685834
1.638373e-07,-0.0038693015
1.639373e-07,-0.0038822266
1.640373e-07,-0.0039037684
1.641373e-07,-0.0039253102
1.642373e-07,-0.0039382353
1.643373e-07,-0.0039382353
1.644373e-07,-0.0039296186
1.645373e-07,-0.003922438
1.646373e-07,-0.0039267463
1.647373e-07,-0.0039454159
1.648373e-07,-0.0039741383
1.649373e-07,-0.0040014246
1.650373e-07,-0.0040186581
1.651373e-07,-0.0040208123
1.652373e-07,-0.0040107594
1.653373e-07,-0.0039999885
1.654373e-07,-0.0039956801
1.655373e-07,-0.0040021427
1.656373e-07,-0.0040157858
1.657373e-07,-0.0040272748
1.658373e-07,-0.0040301471
1.659373e-07,-0.0040229665
1.660373e-07,-0.0040129136
1.661373e-07,-0.0040093233
1.662373e-07,-0.0040186581
1.663373e-07,-0.004041636
1.664373e-07,-0.0040682043
1.665373e-07,-0.0040868739
1.666373e-07,-0.0040875919
1.667373e-07,-0.0040710765
1.668373e-07,-0.0040466625
1.669373e-07,-0.004029429
1.670373e-07,-0.0040301471
1.671373e-07,-0.0040495347
1.672373e-07,-0.0040775391
1.673373e-07,-0.0040983628
1.674373e-07,-0.0040990809
1.675373e-07,-0.0040775391
1.676373e-07,-0.0040430722
1.677373e-07,-0.0040150678
1.678373e-07,-0.0040071691
1.679373e-07,-0.0040258387
1.680373e-07,-0.0040624598
1.681373e-07,-0.004100517
1.682373e-07,-0.0041220588
1.683373e-07,-0.0041199046
1.684373e-07,-0.0040997989
1.685373e-07,-0.0040761029
1.686373e-07,-0.004064614
1.687373e-07,-0.0040739488
1.688373e-07,-0.0040997989
1.689373e-07,-0.0041292394
1.690373e-07,-0.0041450368
1.691373e-07,-0.0041400103
1.692373e-07,-0.0041177505
1.693373e-07,-0.0040911822
1.694373e-07,-0.0040761029
1.695373e-07,-0.0040811294
1.696373e-07,-0.0041041073
1.697373e-07,-0.0041342659
1.698373e-07,-0.0041565257
1.699373e-07,-0.0041629883
1.700373e-07,-0.0041543716
1.701373e-07,-0.0041407284
1.702373e-07,-0.0041335478
1.703373e-07,-0.0041407284
1.704373e-07,-0.004159398
1.705373e-07,-0.0041795037
1.706373e-07,-0.0041909926
1.707373e-07,-0.0041866843
1.708373e-07,-0.0041701689
1.709373e-07,-0.0041522174
1.710373e-07,-0.0041450368
1.711373e-07,-0.0041558077
1.712373e-07,-0.0041823759
1.713373e-07,-0.0042132525
1.714373e-07,-0.0042369485
1.715373e-07,-0.0042455653
1.716373e-07,-0.0042405388
1.717373e-07,-0.004230486
1.718373e-07,-0.0042254596
1.719373e-07,-0.0042319221
1.720373e-07,-0.0042484375
1.721373e-07,-0.0042649529
1.722373e-07,-0.0042714154
1.723373e-07,-0.0042627987
1.724373e-07,-0.004241975
1.725373e-07,-0.004218279
1.726373e-07,-0.0042024816
1.727373e-07,-0.0042010455
1.728373e-07,-0.0042118164
1.729373e-07,-0.0042268957
1.730373e-07,-0.0042369485
1.731373e-07,-0.0042362305
1.732373e-07,-0.0042276137
1.733373e-07,-0.0042175609
1.734373e-07,-0.0042139706
1.735373e-07,-0.0042204331
1.736373e-07,-0.0042340763
1.737373e-07,-0.0042455653
1.738373e-07,-0.0042484375
1.739373e-07,-0.0042398208
1.740373e-07,-0.0042254596
1.741373e-07,-0.0042139706
1.742373e-07,-0.0042139706
1.743373e-07,-0.0042276137
1.744373e-07,-0.0042505917
1.745373e-07,-0.0042721335
1.746373e-07,-0.0042829044
1.747373e-07,-0.0042807502
1.748373e-07,-0.0042706974
1.749373e-07,-0.0042613626
1.750373e-07,-0.0042599265
1.751373e-07,-0.0042678251
1.752373e-07,-0.0042800322
1.753373e-07,-0.0042872128
1.754373e-07,-0.0042829044
1.755373e-07,-0.0042692613
1.756373e-07,-0.0042556181
1.757373e-07,-0.0042534639
1.758373e-07,-0.0042714154
1.759373e-07,-0.0043080365
1.760373e-07,-0.0043511202
1.761373e-07,-0.0043855871
1.762373e-07,-0.0043977941
1.763373e-07,-0.0043863051
1.764373e-07,-0.004361173
1.765373e-07,-0.004337477
1.766373e-07,-0.0043288603
1.767373e-07,-0.0043396312
1.768373e-07,-0.0043618911
1.769373e-07,-0.0043812787
1.770373e-07,-0.0043863051
1.771373e-07,-0.004372662
1.772373e-07,-0.004348966
1.773373e-07,-0.0043302964
1.774373e-07,-0.0043288603
1.775373e-07,-0.0043482479
1.776373e-07,-0.0043784065
1.777373e-07,-0.0044042567
1.778373e-07,-0.0044092831
1.779373e-07,-0.0043891774
1.780373e-07,-0.0043525563
1.781373e-07,-0.0043152171
1.782373e-07,-0.0042943934
1.783373e-07,-0.0042979837
1.784373e-07,-0.0043209616
1.785373e-07,-0.0043482479
1.786373e-07,-0.0043633272
1.787373e-07,-0.0043583008
1.788373e-07,-0.004337477
1.789373e-07,-0.0043152171
1.790373e-07,-0.0043058824
1.791373e-07,-0.0043180894
1.792373e-07,-0.0043475299
1.793373e-07,-0.0043791245
1.794373e-07,-0.0043977941
1.795373e-07,-0.0043934858
1.796373e-07,-0.0043690717
1.797373e-07,-0.0043381951
1.798373e-07,-0.0043173713
1.799373e-07,-0.0043173713
1.800373e-07,-0.0043389131
1.801373e-07,-0.0043705078
1.802373e-07,-0.0043977941
1.803373e-07,-0.0044107192
1.804373e-07,-0.0044071289
1.805373e-07,-0.0043949219
1.806373e-07,-0.0043863051
1.807373e-07,-0.0043898955
1.808373e-07,-0.0044056928
1.809373e-07,-0.0044272346
1.810373e-07,-0.00444375
1.811373e-07,-0.0044480584
1.812373e-07,-0.0044401597
1.813373e-07,-0.0044243624
1.814373e-07,-0.0044092831
1.815373e-07,-0.0044006664
1.816373e-07,-0.0043992302
1.817373e-07,-0.0043999483
1.818373e-07,-0.0043977941
1.819373e-07,-0.0043920496
1.820373e-07,-0.0043855871
1.821373e-07,-0.0043863051
1.822373e-07,-0.0043977941
1.823373e-07,-0.004420054
1.824373e-07,-0.0044459042
1.825373e-07,-0.0044638557
1.826373e-07,-0.0044667279
1.827373e-07,-0.0044545209
1.828373e-07,-0.0044358513
1.829373e-07,-0.0044214901
1.830373e-07,-0.0044207721
1.831373e-07,-0.0044351333
1.832373e-07,-0.004455239
1.833373e-07,-0.0044688821
1.834373e-07,-0.0044667279
1.835373e-07,-0.0044480584
1.836373e-07,-0.0044229262
1.837373e-07,-0.0044056928
1.838373e-07,-0.0044092831
1.839373e-07,-0.0044358513
1.840373e-07,-0.0044746266
1.841373e-07,-0.0045098116
1.842373e-07,-0.0045241728
1.843373e-07,-0.0045126838
1.844373e-07,-0.0044825253
1.845373e-07,-0.0044502125
1.846373e-07,-0.004432261
1.847373e-07,-0.0044365694
1.848373e-07,-0.0044595473
1.849373e-07,-0.0044868336
1.850373e-07,-0.0045011949
1.851373e-07,-0.0044940142
1.852373e-07,-0.0044667279
1.853373e-07,-0.0044336972
1.854373e-07,-0.0044092831
1.855373e-07,-0.0044049747
1.856373e-07,-0.0044207721
1.857373e-07,-0.0044459042
1.858373e-07,-0.0044667279
1.859373e-07,-0.0044724724
1.860373e-07,-0.0044624196
1.861373e-07,-0.0044451861
1.862373e-07,-0.004432261
1.863373e-07,-0.0044329791
1.864373e-07,-0.0044480584
1.865373e-07,-0.0044710363
1.866373e-07,-0.0044897059
1.867373e-07,-0.0044968865
1.868373e-07,-0.0044904239
1.869373e-07,-0.0044767808
1.870373e-07,-0.0044667279
1.871373e-07,-0.0044667279
1.872373e-07,-0.0044782169
1.873373e-07,-0.0044961684
1.874373e-07,-0.0045126838
1.875373e-07,-0.0045220186
1.876373e-07,-0.0045220186
1.877373e-07,-0.0045169922
1.878373e-07,-0.0045126838
1.879373e-07,-0.0045112477
1.880373e-07,-0.0045119658
1.881373e-07,-0.0045098116
1.882373e-07,-0.0045011949
1.883373e-07,-0.0044853975
1.884373e-07,-0.0044681641
1.885373e-07,-0.004455957
1.886373e-07,-0.004455239
1.887373e-07,-0.004467446
1.888373e-07,-0.0044853975
1.889373e-07,-0.0044997587
1.890373e-07,-0.0045011949
1.891373e-07,-0.0044875517
1.892373e-07,-0.0044652918
1.893373e-07,-0.0044430319
1.894373e-07,-0.004432261
1.895373e-07,-0.0044365694
1.896373e-07,-0.0044523667
1.897373e-07,-0.0044696002
1.898373e-07,-0.0044782169
1.899373e-07,-0.0044739085
1.900373e-07,-0.0044602654
1.901373e-07,-0.0044466222
1.902373e-07,-0.00444375
1.903373e-07,-0.004455957
1.904373e-07,-0.0044803711
1.905373e-07,-0.0045062213
1.906373e-07,-0.0045241728
1.907373e-07,-0.004526327
1.908373e-07,-0.0045134019
1.909373e-07,-0.0044940142
1.910373e-07,-0.0044782169
1.911373e-07,-0.0044724724
1.912373e-07,-0.0044782169
1.913373e-07,-0.0044904239
1.914373e-07,-0.0045011949
1.915373e-07,-0.0045062213
1.916373e-07,-0.0045055032
1.917373e-07,-0.0045019129
1.918373e-07,-0.0045011949
1.919373e-07,-0.0045047852
1.920373e-07,-0.0045112477
1.921373e-07,-0.0045155561
1.922373e-07,-0.0045126838
1.923373e-07,-0.004503349
1.924373e-07,-0.004491142
1.925373e-07,-0.0044846795
1.926373e-07,-0.0044897059
1.927373e-07,-0.0045062213
1.928373e-07,-0.0045284812
1.929373e-07,-0.0045485869
1.930373e-07,-0.0045586397
1.931373e-07,-0.0045572036
1.932373e-07,-0.004550741
1.933373e-07,-0.0045485869
1.934373e-07,-0.0045586397
1.935373e-07,-0.0045837718
1.936373e-07,-0.0046182387
1.937373e-07,-0.0046512695
1.938373e-07,-0.0046735294
1.939373e-07,-0.0046792739
1.940373e-07,-0.0046713752
1.941373e-07,-0.0046591682
1.942373e-07,-0.0046505515
1.943373e-07,-0.0046512695
1.944373e-07,-0.0046613224
1.945373e-07,-0.0046742475
1.946373e-07,-0.0046850184
1.947373e-07,-0.0046914809
1.948373e-07,-0.0046957893
1.949373e-07,-0.004704406
1.950373e-07,-0.0047194853
1.951373e-07,-0.004739591
1.952373e-07,-0.0047582606
1.953373e-07,-0.0047647231
1.954373e-07,-0.0047539522
1.955373e-07,-0.004727384
1.956373e-07,-0.0046943532
1.957373e-07,-0.004669221
1.958373e-07,-0.0046620404
1.959373e-07,-0.0046756836
1.960373e-07,-0.0047022518
1.961373e-07,-0.0047288201
1.962373e-07,-0.0047424632
1.963373e-07,-0.0047381549
1.964373e-07,-0.0047194853
1.965373e-07,-0.0046979435
1.966373e-07,-0.0046850184
1.967373e-07,-0.0046871726
1.968373e-07,-0.0047008157
1.969373e-07,-0.0047187672
1.970373e-07,-0.0047309743
1.971373e-07,-0.0047316923
1.972373e-07,-0.0047230756
1.973373e-07,-0.0047123047
1.974373e-07,-0.0047079963
1.975373e-07,-0.0047115866
1.976373e-07,-0.0047187672
1.977373e-07,-0.0047202034
1.978373e-07,-0.0047079963
1.979373e-07,-0.004679992
1.980373e-07,-0.0046433709
1.981373e-07,-0.0046103401
1.982373e-07,-0.0045931066
1.983373e-07,-0.004598133
1.984373e-07,-0.004621111
1.985373e-07,-0.0046505515
1.986373e-07,-0.0046735294
1.987373e-07,-0.0046814281
1.988373e-07,-0.0046728114
1.989373e-07,-0.004656296
1.990373e-07,-0.0046390625
1.991373e-07,-0.0046290097
1.992373e-07,-0.0046268555
1.993373e-07,-0.0046282916
1.994373e-07,-0.0046275735
1.995373e-07,-0.0046225471
1.996373e-07,-0.0046146484
1.997373e-07,-0.0046110581
1.998373e-07,-0.0046160846
1.999373e-07,-0.0046304458
2.000373e-07,-0.0046483973
2.001373e-07,-0.0046613224
2.002373e-07,-0.0046620404
2.003373e-07,-0.0046491153
2.004373e-07,-0.0046290097
2.005373e-07,-0.0046110581
2.006373e-07,-0.0046045956
2.007373e-07,-0.0046117762
2.008373e-07,-0.0046282916
2.009373e-07,-0.0046440889
2.010373e-07,-0.0046505515
2.011373e-07,-0.004644807
2.012373e-07,-0.0046326
2.013373e-07,-0.0046239832
2.014373e-07,-0.0046275735
2.015373e-07,-0.004645525
2.016373e-07,-0.0046706572
2.017373e-07,-0.0046907629
2.018373e-07,-0.0046965074
2.019373e-07,-0.0046828642
2.020373e-07,-0.004657014
2.021373e-07,-0.0046297277
2.022373e-07,-0.0046160846
2.023373e-07,-0.004621111
2.024373e-07,-0.0046419347
2.025373e-07,-0.0046677849
2.026373e-07,-0.0046850184
2.027373e-07,-0.0046871726
2.028373e-07,-0.0046735294
2.029373e-07,-0.0046541418
2.030373e-07,-0.0046390625
2.031373e-07,-0.0046347541
2.032373e-07,-0.0046419347
2.033373e-07,-0.0046541418
2.034373e-07,-0.0046620404
2.035373e-07,-0.0046606043
2.036373e-07,-0.0046505515
2.037373e-07,-0.0046369083
2.038373e-07,-0.0046275735
2.039373e-07,-0.0046254193
2.040373e-07,-0.0046290097
2.041373e-07,-0.0046318819
2.042373e-07,-0.0046275735
2.043373e-07,-0.0046139304
2.044373e-07,-0.0045945427
2.045373e-07,-0.0045780273
2.046373e-07,-0.0045701287
2.047373e-07,-0.004573719
2.048373e-07,-0.0045844899
2.049373e-07,-0.0045938247
2.050373e-07,-0.0045931066
2.051373e-07,-0.0045801815
2.052373e-07,-0.0045593578
2.053373e-07,-0.0045378159
2.054373e-07,-0.0045241728
2.055373e-07,-0.0045198644
2.056373e-07,-0.0045213006
2.057373e-07,-0.0045213006
2.058373e-07,-0.0045126838
2.059373e-07,-0.0044961684
2.060373e-07,-0.0044767808
2.061373e-07,-0.0044645738
2.062373e-07,-0.0044667279
2.063373e-07,-0.0044825253
2.064373e-07,-0.004503349
2.065373e-07,-0.0045169922
2.066373e-07,-0.0045126838
2.067373e-07,-0.0044889878
2.068373e-07,-0.0044530848
2.069373e-07,-0.0044186179
2.070373e-07,-0.0043977941
2.071373e-07,-0.004396358
2.072373e-07,-0.0044092831
2.073373e-07,-0.0044250804
2.074373e-07,-0.004432261
2.075373e-07,-0.0044250804
2.076373e-07,-0.004407847
2.077373e-07,-0.0043906135
2.078373e-07,-0.0043863051
2.079373e-07,-0.0043999483
2.080373e-07,-0.0044272346
2.081373e-07,-0.0044573932
2.082373e-07,-0.0044782169
2.083373e-07,-0.0044818072
2.084373e-07,-0.0044696002
2.085373e-07,-0.0044494945
2.086373e-07,-0.004432261
2.087373e-07,-0.0044257985
2.088373e-07,-0.0044293888
2.089373e-07,-0.0044380055
2.090373e-07,-0.00444375
2.091373e-07,-0.0044430319
2.092373e-07,-0.0044365694
2.093373e-07,-0.0044308249
2.094373e-07,-0.004432261
2.095373e-07,-0.0044430319
2.096373e-07,-0.0044595473
2.097373e-07,-0.0044731905
2.098373e-07,-0.0044782169
2.099373e-07,-0.0044717544
2.100373e-07,-0.0044588293
2.101373e-07,-0.0044466222
2.102373e-07,-0.00444375
2.103373e-07,-0.0044509306
2.104373e-07,-0.0044631376
2.105373e-07,-0.0044703182
2.106373e-07,-0.0044667279
2.107373e-07,-0.0044502125
2.108373e-07,-0.0044286707
2.109373e-07,-0.0044114373
2.110373e-07,-0.0044092831
2.111373e-07,-0.0044229262
2.112373e-07,-0.0044473403
2.113373e-07,-0.0044688821
2.114373e-07,-0.0044782169
2.115373e-07,-0.0044717544
2.116373e-07,-0.004455239
2.117373e-07,-0.0044387236
2.118373e-07,-0.004432261
2.119373e-07,-0.0044394416
2.120373e-07,-0.004455957
2.121373e-07,-0.0044717544
2.122373e-07,-0.0044782169
2.123373e-07,-0.0044731905
2.124373e-07,-0.0044631376
2.125373e-07,-0.0044581112
2.126373e-07,-0.0044667279
2.127373e-07,-0.0044904239
2.128373e-07,-0.0045220186
2.129373e-07,-0.0045478688
2.130373e-07,-0.0045586397
2.131373e-07,-0.004550741
2.132373e-07,-0.0045320715
2.133373e-07,-0.0045155561
2.134373e-07,-0.0045126838
2.135373e-07,-0.004527045
2.136373e-07,-0.0045514591
2.137373e-07,-0.004573719
2.138373e-07,-0.0045816176
2.139373e-07,-0.0045715648
2.140373e-07,-0.004550741
2.141373e-07,-0.0045306353
2.142373e-07,-0.0045241728
2.143373e-07,-0.0045356618
2.144373e-07,-0.0045593578
2.145373e-07,-0.0045823357
2.146373e-07,-0.0045931066
2.147373e-07,-0.004585926
2.148373e-07,-0.0045665384
2.149373e-07,-0.0045457146
2.150373e-07,-0.0045356618
2.151373e-07,-0.0045399701
2.152373e-07,-0.0045550494
2.153373e-07,-0.0045686926
2.154373e-07,-0.0045701287
2.155373e-07,-0.0045557675
2.156373e-07,-0.0045299173
2.157373e-07,-0.0045047852
2.158373e-07,-0.0044897059
2.159373e-07,-0.0044889878
2.160373e-07,-0.0044968865
2.161373e-07,-0.004503349
2.162373e-07,-0.0045011949
2.163373e-07,-0.0044875517
2.164373e-07,-0.0044703182
2.165373e-07,-0.0044602654
2.166373e-07,-0.0044667279
2.167373e-07,-0.0044889878
2.168373e-07,-0.0045184283
2.169373e-07,-0.0045414062
2.170373e-07,-0.0045471507
2.171373e-07,-0.0045356618
2.172373e-07,-0.004514838
2.173373e-07,-0.0045004768
2.174373e-07,-0.0045011949
2.175373e-07,-0.0045184283
2.176373e-07,-0.0045414062
2.177373e-07,-0.0045543313
2.178373e-07,-0.0045471507
2.179373e-07,-0.0045198644
2.180373e-07,-0.0044846795
2.181373e-07,-0.0044588293
2.182373e-07,-0.004455239
2.183373e-07,-0.0044753447
2.184373e-07,-0.0045069393
2.185373e-07,-0.0045320715
2.186373e-07,-0.0045356618
2.187373e-07,-0.0045169922
2.188373e-07,-0.0044889878
2.189373e-07,-0.0044703182
2.190373e-07,-0.0044782169
2.191373e-07,-0.0045126838
2.192373e-07,-0.0045607939
2.193373e-07,-0.004598133
2.194373e-07,-0.0046045956
2.195373e-07,-0.0045751551
2.196373e-07,-0.0045227367
2.197373e-07,-0.0044710363
2.198373e-07,-0.00444375
2.199373e-07,-0.0044530848
2.200373e-07,-0.004491142
2.201373e-07,-0.0045378159
2.202373e-07,-0.0045701287
2.203373e-07,-0.0045751551
2.204373e-07,-0.0045550494
2.205373e-07,-0.0045277631
2.206373e-07,-0.0045126838
2.207373e-07,-0.0045220186
2.208373e-07,-0.0045528952
2.209373e-07,-0.0045909524
2.210373e-07,-0.0046160846
2.211373e-07,-0.0046175207
2.212373e-07,-0.0045966969
2.213373e-07,-0.0045679745
2.214373e-07,-0.0045471507
2.215373e-07,-0.0045464327
2.216373e-07,-0.0045636661
2.217373e-07,-0.0045880802
2.218373e-07,-0.0046045956
2.219373e-07,-0.0046045956
2.220373e-07,-0.0045902344
2.221373e-07,-0.004573719
2.222373e-07,-0.0045701287
2.223373e-07,-0.004585926
2.224373e-07,-0.0046160846
2.225373e-07,-0.0046469612
2.226373e-07,-0.0046620404
2.227373e-07,-0.0046534237
2.228373e-07,-0.0046254193
2.229373e-07,-0.0045916705
2.230373e-07,-0.0045701287
2.231373e-07,-0.0045708467
2.232373e-07,-0.0045916705
2.233373e-07,-0.0046196749
2.234373e-07,-0.0046390625
2.235373e-07,-0.0046383444
2.236373e-07,-0.0046168026
2.237373e-07,-0.004585926
2.238373e-07,-0.0045586397
2.239373e-07,-0.0045464327
2.240373e-07,-0.004550023
2.241373e-07,-0.0045615119
2.242373e-07,-0.0045701287
2.243373e-07,-0.0045686926
2.244373e-07,-0.0045572036
2.245373e-07,-0.0045428424
2.246373e-07,-0.0045356618
2.247373e-07,-0.0045399701
2.248373e-07,-0.0045528952
2.249373e-07,-0.0045658203
2.250373e-07,-0.0045701287
2.251373e-07,-0.0045629481
2.252373e-07,-0.0045478688
2.253373e-07,-0.0045356618
2.254373e-07,-0.0045356618
2.255373e-07,-0.004550023
2.256373e-07,-0.004573719
2.257373e-07,-0.0045952608
2.258373e-07,-0.0046045956
2.259373e-07,-0.0045988511
2.260373e-07,-0.004585208
2.261373e-07,-0.0045758732
2.262373e-07,-0.0045816176
2.263373e-07,-0.0046053136
2.264373e-07,-0.0046397806
2.265373e-07,-0.0046706572
2.266373e-07,-0.0046850184
2.267373e-07,-0.0046792739
2.268373e-07,-0.0046606043
2.269373e-07,-0.0046426528
2.270373e-07,-0.0046390625
2.271373e-07,-0.004656296
2.272373e-07,-0.0046878906
2.273373e-07,-0.0047216395
2.274373e-07,-0.0047424632
2.275373e-07,-0.0047446174
2.276373e-07,-0.0047338465
2.277373e-07,-0.0047209214
2.278373e-07,-0.0047194853
2.279373e-07,-0.0047367187
2.280373e-07,-0.0047668773
2.281373e-07,-0.0047999081
2.282373e-07,-0.004822886
2.283373e-07,-0.0048293486
2.284373e-07,-0.0048243222
2.285373e-07,-0.0048178596
2.286373e-07,-0.004822886
2.287373e-07,-0.0048429917
2.288373e-07,-0.0048738683
2.289373e-07,-0.0049018727
2.290373e-07,-0.0049147978
2.291373e-07,-0.0049076172
2.292373e-07,-0.0048853573
2.293373e-07,-0.0048602252
2.294373e-07,-0.004845864
2.295373e-07,-0.0048487362
2.296373e-07,-0.0048652516
2.297373e-07,-0.0048832031
2.298373e-07,-0.0048918199
2.299373e-07,-0.0048839212
2.300373e-07,-0.0048645335
2.301373e-07,-0.0048437098
2.302373e-07,-0.004834375
2.303373e-07,-0.0048408375
2.304373e-07,-0.0048595071
2.305373e-07,-0.0048767406
2.306373e-07,-0.0048803309
2.307373e-07,-0.0048652516
2.308373e-07,-0.0048358111
2.309373e-07,-0.0048056526
2.310373e-07,-0.0047884191
2.311373e-07,-0.0047920094
2.312373e-07,-0.0048121151
2.313373e-07,-0.0048386834
2.314373e-07,-0.0048573529
2.315373e-07,-0.0048595071
2.316373e-07,-0.0048480182
2.317373e-07,-0.0048315028
2.318373e-07,-0.004822886
2.319373e-07,-0.0048300666
2.320373e-07,-0.0048508904
2.321373e-07,-0.0048753045
2.322373e-07,-0.0048918199
2.323373e-07,-0.0048918199
2.324373e-07,-0.0048760225
2.325373e-07,-0.0048530446
2.326373e-07,-0.004834375
2.327373e-07,-0.0048286305
2.328373e-07,-0.0048350931
2.329373e-07,-0.0048480182
2.330373e-07,-0.0048573529
2.331373e-07,-0.004858071
2.332373e-07,-0.0048494543
2.333373e-07,-0.0048394014
2.334373e-07,-0.004834375
2.335373e-07,-0.0048394014
2.336373e-07,-0.0048537626
2.337373e-07,-0.00486956
2.338373e-07,-0.0048803309
2.339373e-07,-0.004881767
2.340373e-07,-0.0048767406
2.341373e-07,-0.004870278
2.342373e-07,-0.0048688419
2.343373e-07,-0.0048745864
2.344373e-07,-0.0048846392
2.345373e-07,-0.0048925379
2.346373e-07,-0.0048918199
2.347373e-07,-0.0048832031
2.348373e-07,-0.0048717142
2.349373e-07,-0.0048645335
2.350373e-07,-0.0048688419
2.351373e-07,-0.0048832031
2.352373e-07,-0.0049011546
2.353373e-07,-0.0049140797
2.354373e-07,-0.0049147978
2.355373e-07,-0.0049047449
2.356373e-07,-0.0048911018
2.357373e-07,-0.0048846392
2.358373e-07,-0.0048918199
2.359373e-07,-0.0049104894
2.360373e-07,-0.0049305951
2.361373e-07,-0.0049384938
2.362373e-07,-0.0049262868
2.363373e-07,-0.0048961282
2.364373e-07,-0.0048595071
2.365373e-07,-0.0048350931
2.366373e-07,-0.004834375
2.367373e-07,-0.0048587891
2.368373e-07,-0.0048968463
2.369373e-07,-0.0049284409
2.370373e-07,-0.0049377757
2.371373e-07,-0.00491767
2.372373e-07,-0.0048781767
2.373373e-07,-0.0048358111
2.374373e-07,-0.0048113971
2.375373e-07,-0.0048142693
2.376373e-07,-0.0048408375
2.377373e-07,-0.0048760225
2.378373e-07,-0.0049033088
2.379373e-07,-0.0049104894
2.380373e-07,-0.0048990005
2.381373e-07,-0.0048803309
2.382373e-07,-0.0048688419
2.383373e-07,-0.0048753045
2.384373e-07,-0.0048997185
2.385373e-07,-0.0049327493
2.386373e-07,-0.0049607537
2.387373e-07,-0.0049729607
2.388373e-07,-0.0049693704
2.389373e-07,-0.0049578814
2.390373e-07,-0.0049492647
2.391373e-07,-0.004952855
2.392373e-07,-0.0049693704
2.393373e-07,-0.0049909122
2.394373e-07,-0.0050067096
2.395373e-07,-0.0050088637
2.396373e-07,-0.0049980928
2.397373e-07,-0.0049822955
2.398373e-07,-0.0049722426
2.399373e-07,-0.004976551
2.400373e-07,-0.0049966567
2.401373e-07,-0.0050253791
2.402373e-07,-0.0050526654
2.403373e-07,-0.0050684628
2.404373e-07,-0.005070617
2.405373e-07,-0.0050627183
2.406373e-07,-0.0050526654
2.407373e-07,-0.0050462029
2.408373e-07,-0.0050462029
2.409373e-07,-0.0050497932
2.410373e-07,-0.0050526654
2.411373e-07,-0.0050505113
2.412373e-07,-0.0050433307
2.413373e-07,-0.0050347139
2.414373e-07,-0.0050296875
2.415373e-07,-0.0050296875
2.416373e-07,-0.0050325597
2.417373e-07,-0.0050339959
2.418373e-07,-0.0050296875
2.419373e-07,-0.0050189166
2.420373e-07,-0.0050059915
2.421373e-07,-0.0049966567
2.422373e-07,-0.0049952206
2.423373e-07,-0.0050024012
2.424373e-07,-0.005011736
2.425373e-07,-0.0050153263
2.426373e-07,-0.0050067096
2.427373e-07,-0.0049844497
2.428373e-07,-0.0049550092
2.429373e-07,-0.004929159
2.430373e-07,-0.0049147978
2.431373e-07,-0.0049162339
2.432373e-07,-0.0049305951
2.433373e-07,-0.0049485466
2.434373e-07,-0.0049607537
2.435373e-07,-0.0049636259
2.436373e-07,-0.0049585995
2.437373e-07,-0.0049521369
2.438373e-07,-0.0049492647
2.439373e-07,-0.0049521369
2.440373e-07,-0.0049571634
2.441373e-07,-0.0049578814
2.442373e-07,-0.0049492647
2.443373e-07,-0.0049313132
2.444373e-07,-0.0049097714
2.445373e-07,-0.004893974
2.446373e-07,-0.0048918199
2.447373e-07,-0.0049040269
2.448373e-07,-0.0049241326
2.449373e-07,-0.0049420841
2.450373e-07,-0.0049492647
2.451373e-07,-0.0049435202
2.452373e-07,-0.004929159
2.453373e-07,-0.004916952
2.454373e-07,-0.0049147978
2.455373e-07,-0.0049248506
2.456373e-07,-0.0049420841
2.457373e-07,-0.0049564453
2.458373e-07,-0.0049607537
2.459373e-07,-0.0049514189
2.460373e-07,-0.0049349035
2.461373e-07,-0.0049198242
2.462373e-07,-0.0049147978
2.463373e-07,-0.0049219784
2.464373e-07,-0.0049349035
2.465373e-07,-0.0049428022
2.466373e-07,-0.0049377757
2.467373e-07,-0.004916952
2.468373e-07,-0.0048867934
2.469373e-07,-0.0048595071
2.470373e-07,-0.004845864
2.471373e-07,-0.0048501723
2.472373e-07,-0.0048666877
2.473373e-07,-0.0048846392
2.474373e-07,-0.0048918199
2.475373e-07,-0.0048839212
2.476373e-07,-0.0048645335
2.477373e-07,-0.0048444278
2.478373e-07,-0.004834375
2.479373e-07,-0.0048401195
2.480373e-07,-0.0048587891
2.481373e-07,-0.0048796128
2.482373e-07,-0.0048918199
2.483373e-07,-0.0048889476
2.484373e-07,-0.0048724322
2.485373e-07,-0.0048516085
2.486373e-07,-0.004834375
2.487373e-07,-0.0048271944
2.488373e-07,-0.0048271944
2.489373e-07,-0.0048286305
2.490373e-07,-0.004822886
2.491373e-07,-0.0048078068
2.492373e-07,-0.0047877011
2.493373e-07,-0.0047704676
2.494373e-07,-0.0047654412
2.495373e-07,-0.0047740579
2.496373e-07,-0.0047905733
2.497373e-07,-0.0048027803
2.498373e-07,-0.0047999081
2.499373e-07,-0.0047776482
2.500373e-07,-0.0047410271
2.501373e-07,-0.0047022518
2.502373e-07,-0.0046735294
2.503373e-07,-0.0046634766
2.504373e-07,-0.004669221
2.505373e-07,-0.00468071
2.506373e-07,-0.0046850184
2.507373e-07,-0.0046720933
2.508373e-07,-0.0046412167
2.509373e-07,-0.0045995692
2.510373e-07,-0.0045586397
2.511373e-07,-0.0045277631
2.512373e-07,-0.0045098116
2.513373e-07,-0.004503349
2.514373e-07,-0.0045011949
2.515373e-07,-0.0044976045
2.516373e-07,-0.004491142
2.517373e-07,-0.0044832433
2.518373e-07,-0.0044782169
2.519373e-07,-0.0044774989
2.520373e-07,-0.0044803711
2.521373e-07,-0.0044818072
2.522373e-07,-0.0044782169
2.523373e-07,-0.0044696002
2.524373e-07,-0.0044588293
2.525373e-07,-0.0044530848
2.526373e-07,-0.004455239
2.527373e-07,-0.0044660099
2.528373e-07,-0.0044803711
2.529373e-07,-0.0044897059
2.530373e-07,-0.0044897059
2.531373e-07,-0.0044803711
2.532373e-07,-0.004467446
2.533373e-07,-0.0044602654
2.534373e-07,-0.0044667279
2.535373e-07,-0.0044868336
2.536373e-07,-0.0045141199
2.537373e-07,-0.0045370979
2.538373e-07,-0.0045471507
2.539373e-07,-0.0045421243
2.540373e-07,-0.004527045
2.541373e-07,-0.0045141199
2.542373e-07,-0.0045126838
2.543373e-07,-0.0045277631
2.544373e-07,-0.0045550494
2.545373e-07,-0.0045837718
2.546373e-07,-0.0046045956
2.547373e-07,-0.0046117762
2.548373e-07,-0.0046081859
2.549373e-07,-0.0046024414
2.550373e-07,-0.0046045956
2.551373e-07,-0.0046189568
2.552373e-07,-0.004644807
2.553373e-07,-0.0046735294
2.554373e-07,-0.0046965074
2.555373e-07,-0.0047094324
2.556373e-07,-0.0047130227
2.557373e-07,-0.0047144589
2.558373e-07,-0.0047194853
2.559373e-07,-0.0047316923
2.560373e-07,-0.0047482077
2.561373e-07,-0.0047611328
2.562373e-07,-0.0047654412
2.563373e-07,-0.0047582606
2.564373e-07,-0.0047446174
2.565373e-07,-0.0047324104
2.566373e-07,-0.0047309743
2.567373e-07,-0.0047424632
2.568373e-07,-0.0047640051
2.569373e-07,-0.0047855469
2.570373e-07,-0.0047999081
2.571373e-07,-0.0048034984
2.572373e-07,-0.00479919
2.573373e-07,-0.0047955997
2.574373e-07,-0.0047999081
2.575373e-07,-0.0048149874
2.576373e-07,-0.0048358111
2.577373e-07,-0.0048530446
2.578373e-07,-0.0048573529
2.579373e-07,-0.004845864
2.580373e-07,-0.0048236041
2.581373e-07,-0.0048006261
2.582373e-07,-0.0047884191
2.583373e-07,-0.0047920094
2.584373e-07,-0.0048099609
2.585373e-07,-0.0048307847
2.586373e-07,-0.004845864
2.587373e-07,-0.0048480182
2.588373e-07,-0.0048386834
2.589373e-07,-0.0048264763
2.590373e-07,-0.004822886
2.591373e-07,-0.004834375
2.592373e-07,-0.0048616613
2.593373e-07,-0.0048954102
2.594373e-07,-0.0049262868
2.595373e-07,-0.0049449563
2.596373e-07,-0.0049499828
2.597373e-07,-0.0049449563
2.598373e-07,-0.0049377757
2.599373e-07,-0.0049349035
2.600373e-07,-0.0049384938
2.601373e-07,-0.0049449563
2.602373e-07,-0.0049492647
2.603373e-07,-0.0049471105
2.604373e-07,-0.0049392119
2.605373e-07,-0.0049298771
2.606373e-07,-0.0049262868
2.607373e-07,-0.0049320312
2.608373e-07,-0.0049471105
2.609373e-07,-0.0049672162
2.610373e-07,-0.0049837316
2.611373e-07,-0.0049916303
2.612373e-07,-0.004988758
2.613373e-07,-0.004976551
2.614373e-07,-0.0049607537
2.615373e-07,-0.0049442383
2.616373e-07,-0.0049298771
2.617373e-07,-0.0049162339
2.618373e-07,-0.0049033088
2.619373e-07,-0.0048903837
2.620373e-07,-0.0048788948
2.621373e-07,-0.0048717142
2.622373e-07,-0.0048688419
2.623373e-07,-0.0048688419
2.624373e-07,-0.0048666877
2.625373e-07,-0.0048559168
2.626373e-07,-0.004834375
2.627373e-07,-0.0048034984
2.628373e-07,-0.0047704676
2.629373e-07,-0.0047446174
2.630373e-07,-0.0047309743
2.631373e-07,-0.0047309743
2.632373e-07,-0.0047388729
2.633373e-07,-0.0047460535
2.634373e-07,-0.0047424632
2.635373e-07,-0.0047266659
2.636373e-07,-0.0047015338
2.637373e-07,-0.0046771197
2.638373e-07,-0.0046620404
2.639373e-07,-0.0046606043
2.640373e-07,-0.0046713752
2.641373e-07,-0.0046864545
2.642373e-07,-0.0046965074
2.643373e-07,-0.0046965074
2.644373e-07,-0.0046864545
2.645373e-07,-0.0046720933
2.646373e-07,-0.0046620404
2.647373e-07,-0.0046627585
2.648373e-07,-0.0046749655
2.649373e-07,-0.0046965074
2.650373e-07,-0.0047194853
2.651373e-07,-0.004739591
2.652373e-07,-0.0047532341
2.653373e-07,-0.0047611328
2.654373e-07,-0.0047654412
2.655373e-07,-0.0047683134
2.656373e-07,-0.0047697495
2.657373e-07,-0.0047690315
2.658373e-07,-0.0047654412
2.659373e-07,-0.0047604148
2.660373e-07,-0.0047589786
2.661373e-07,-0.004763287
2.662373e-07,-0.0047769301
2.663373e-07,-0.0047977539
2.664373e-07,-0.0048200138
2.665373e-07,-0.0048372472
2.666373e-07,-0.004845864
2.667373e-07,-0.0048473001
2.668373e-07,-0.004846582
2.669373e-07,-0.0048516085
2.670373e-07,-0.0048688419
2.671373e-07,-0.0048968463
2.672373e-07,-0.0049298771
2.673373e-07,-0.0049578814
2.674373e-07,-0.0049722426
2.675373e-07,-0.0049700885
2.676373e-07,-0.0049557273
2.677373e-07,-0.0049377757
2.678373e-07,-0.0049262868
2.679373e-07,-0.0049270048
2.680373e-07,-0.0049384938
2.681373e-07,-0.0049557273
2.682373e-07,-0.0049722426
2.683373e-07,-0.0049830136
2.684373e-07,-0.00498804
2.685373e-07,-0.0049909122
2.686373e-07,-0.0049952206
2.687373e-07,-0.0050016831
2.688373e-07,-0.0050067096
2.689373e-07,-0.0050059915
2.690373e-07,-0.0049952206
2.691373e-07,-0.0049736788
2.692373e-07,-0.0049456744
2.693373e-07,-0.0049205423
2.694373e-07,-0.0049033088
2.695373e-07,-0.0048975643
2.696373e-07,-0.0048997185
2.697373e-07,-0.0049040269
2.698373e-07,-0.0049033088
2.699373e-07,-0.0048954102
2.700373e-07,-0.0048832031
2.701373e-07,-0.0048724322
2.702373e-07,-0.0048688419
2.703373e-07,-0.0048745864
2.704373e-07,-0.0048867934
2.705373e-07,-0.0048982824
2.706373e-07,-0.0049033088
2.707373e-07,-0.0048997185
2.708373e-07,-0.0048911018
2.709373e-07,-0.0048824851
2.710373e-07,-0.0048803309
2.711373e-07,-0.0048853573
2.712373e-07,-0.004893256
2.713373e-07,-0.0048975643
2.714373e-07,-0.0048918199
2.715373e-07,-0.0048753045
2.716373e-07,-0.0048530446
2.717373e-07,-0.0048329389
2.718373e-07,-0.004822886
2.719373e-07,-0.0048250402
2.720373e-07,-0.0048358111
2.721373e-07,-0.0048487362
2.722373e-07,-0.0048573529
2.723373e-07,-0.0048587891
2.724373e-07,-0.0048551988
2.725373e-07,-0.0048530446
2.726373e-07,-0.0048573529
2.727373e-07,-0.0048674058
2.728373e-07,-0.0048796128
2.729373e-07,-0.0048853573
2.730373e-07,-0.0048803309
2.731373e-07,-0.0048638155
2.732373e-07,-0.0048422737
2.733373e-07,-0.0048264763
2.734373e-07,-0.004822886
2.735373e-07,-0.004834375
2.736373e-07,-0.0048559168
2.737373e-07,-0.0048781767
2.738373e-07,-0.0048918199
2.739373e-07,-0.004893256
2.740373e-07,-0.0048853573
2.741373e-07,-0.0048753045
2.742373e-07,-0.0048688419
2.743373e-07,-0.0048674058
2.744373e-07,-0.0048674058
2.745373e-07,-0.0048616613
2.746373e-07,-0.004845864
2.747373e-07,-0.0048207318
2.748373e-07,-0.0047948817
2.749373e-07,-0.0047776482
2.750373e-07,-0.0047769301
2.751373e-07,-0.0047934455
2.752373e-07,-0.0048207318
2.753373e-07,-0.0048451459
2.754373e-07,-0.0048573529
2.755373e-07,-0.0048544807
2.756373e-07,-0.0048408375
2.757373e-07,-0.0048279125
2.758373e-07,-0.004822886
2.759373e-07,-0.0048286305
2.760373e-07,-0.0048394014
2.761373e-07,-0.0048444278
2.762373e-07,-0.004834375
2.763373e-07,-0.0048078068
2.764373e-07,-0.0047733398
2.765373e-07,-0.0047438994
2.766373e-07,-0.0047309743
2.767373e-07,-0.004739591
2.768373e-07,-0.0047640051
2.769373e-07,-0.0047884191
2.770373e-07,-0.0047999081
2.771373e-07,-0.0047898552
2.772373e-07,-0.0047611328
2.773373e-07,-0.0047252298
2.774373e-07,-0.0046965074
2.775373e-07,-0.0046850184
2.776373e-07,-0.0046914809
2.777373e-07,-0.0047072783
2.778373e-07,-0.0047194853
2.779373e-07,-0.0047194853
2.780373e-07,-0.0047051241
2.781373e-07,-0.0046821461
2.782373e-07,-0.0046620404
2.783373e-07,-0.0046519876
2.784373e-07,-0.0046541418
2.785373e-07,-0.0046641946
2.786373e-07,-0.0046735294
2.787373e-07,-0.0046764017
2.788373e-07,-0.0046706572
2.789373e-07,-0.0046598863
2.790373e-07,-0.0046505515
2.791373e-07,-0.0046469612
2.792373e-07,-0.0046498334
2.793373e-07,-0.004656296
2.794373e-07,-0.0046620404
2.795373e-07,-0.0046649127
2.796373e-07,-0.0046649127
2.797373e-07,-0.0046670669
2.798373e-07,-0.0046735294
2.799373e-07,-0.0046857364
2.800373e-07,-0.0046986615
2.801373e-07,-0.0047079963
2.802373e-07,-0.0047079963
2.803373e-07,-0.0046993796
2.804373e-07,-0.0046878906
2.805373e-07,-0.0046814281
2.806373e-07,-0.0046850184
2.807373e-07,-0.0047000977
2.808373e-07,-0.0047209214
2.809373e-07,-0.0047381549
2.810373e-07,-0.0047424632
2.811373e-07,-0.0047316923
2.812373e-07,-0.0047108686
2.813373e-07,-0.0046886087
2.814373e-07,-0.0046735294
2.815373e-07,-0.0046699391
2.816373e-07,-0.0046749655
2.817373e-07,-0.0046828642
2.818373e-07,-0.0046850184
2.819373e-07,-0.0046792739
2.820373e-07,-0.0046677849
2.821373e-07,-0.004656296
2.822373e-07,-0.0046505515
2.823373e-07,-0.0046505515
2.824373e-07,-0.0046527057
2.825373e-07,-0.0046505515
2.826373e-07,-0.0046390625
2.827373e-07,-0.0046196749
2.828373e-07,-0.0045995692
2.829373e-07,-0.0045887983
2.830373e-07,-0.0045931066
2.831373e-07,-0.0046132123
2.832373e-07,-0.0046404986
2.833373e-07,-0.0046634766
2.834373e-07,-0.0046735294
2.835373e-07,-0.0046670669
2.836373e-07,-0.0046505515
2.837373e-07,-0.0046340361
2.838373e-07,-0.0046275735
2.839373e-07,-0.004633318
2.840373e-07,-0.0046469612
2.841373e-07,-0.0046591682
2.842373e-07,-0.0046620404
2.843373e-07,-0.0046534237
2.844373e-07,-0.0046383444
2.845373e-07,-0.0046275735
2.846373e-07,-0.0046275735
2.847373e-07,-0.0046404986
2.848373e-07,-0.0046591682
2.849373e-07,-0.0046735294
2.850373e-07,-0.0046735294
2.851373e-07,-0.0046577321
2.852373e-07,-0.004633318
2.853373e-07,-0.0046124943
2.854373e-07,-0.0046045956
2.855373e-07,-0.0046124943
2.856373e-07,-0.0046304458
2.857373e-07,-0.0046469612
2.858373e-07,-0.0046505515
2.859373e-07,-0.0046390625
2.860373e-07,-0.0046175207
2.861373e-07,-0.0045988511
2.862373e-07,-0.0045931066
2.863373e-07,-0.0046045956
2.864373e-07,-0.0046275735
2.865373e-07,-0.0046505515
2.866373e-07,-0.0046620404
2.867373e-07,-0.0046577321
2.868373e-07,-0.0046433709
2.869373e-07,-0.0046297277
2.870373e-07,-0.0046275735
2.871373e-07,-0.0046412167
2.872373e-07,-0.0046656307
2.873373e-07,-0.0046878906
2.874373e-07,-0.0046965074
2.875373e-07,-0.0046871726
2.876373e-07,-0.0046663488
2.877373e-07,-0.004645525
2.878373e-07,-0.0046390625
2.879373e-07,-0.0046527057
2.880373e-07,-0.0046814281
2.881373e-07,-0.0047123047
2.882373e-07,-0.0047309743
2.883373e-07,-0.0047295381
2.884373e-07,-0.0047108686
2.885373e-07,-0.0046871726
2.886373e-07,-0.0046735294
2.887373e-07,-0.004679992
2.888373e-07,-0.0047065602
2.889373e-07,-0.0047431813
2.890373e-07,-0.0047769301
2.891373e-07,-0.0047963178
2.892373e-07,-0.0047977539
2.893373e-07,-0.0047877011
2.894373e-07,-0.0047769301
2.895373e-07,-0.0047733398
2.896373e-07,-0.0047790843
2.897373e-07,-0.0047905733
2.898373e-07,-0.0047999081
2.899373e-07,-0.0048027803
2.900373e-07,-0.004798472
2.901373e-07,-0.0047948817
2.902373e-07,-0.0047999081
2.903373e-07,-0.0048185777
2.904373e-07,-0.0048501723
2.905373e-07,-0.0048853573
2.906373e-07,-0.0049147978
2.907373e-07,-0.0049298771
2.908373e-07,-0.0049284409
2.909373e-07,-0.004916952
2.910373e-07,-0.0049033088
2.911373e-07,-0.0048961282
2.912373e-07,-0.0048975643
2.913373e-07,-0.004905463
2.914373e-07,-0.0049147978
2.915373e-07,-0.0049198242
2.916373e-07,-0.0049198242
2.917373e-07,-0.0049162339
2.918373e-07,-0.0049147978
2.919373e-07,-0.004916952
2.920373e-07,-0.0049226965
2.921373e-07,-0.0049270048
2.922373e-07,-0.0049262868
2.923373e-07,-0.004916952
2.924373e-07,-0.0049025908
2.925373e-07,-0.0048882295
2.926373e-07,-0.0048803309
2.927373e-07,-0.0048832031
2.928373e-07,-0.0048961282
2.929373e-07,-0.0049133617
2.930373e-07,-0.0049262868
2.931373e-07,-0.0049305951
2.932373e-07,-0.0049241326
2.933373e-07,-0.0049097714
2.934373e-07,-0.0048918199
2.935373e-07,-0.0048745864
2.936373e-07,-0.0048595071
2.937373e-07,-0.004846582
2.938373e-07,-0.004834375
2.939373e-07,-0.0048236041
2.940373e-07,-0.0048164235
2.941373e-07,-0.0048157054
2.942373e-07,-0.004822886
2.943373e-07,-0.0048350931
2.944373e-07,-0.0048473001
2.945373e-07,-0.0048523265
2.946373e-07,-0.004845864
2.947373e-07,-0.0048279125
2.948373e-07,-0.0048042165
2.949373e-07,-0.0047812385
2.950373e-07,-0.0047654412
2.951373e-07,-0.0047589786
2.952373e-07,-0.0047589786
2.953373e-07,-0.0047589786
2.954373e-07,-0.0047539522
2.955373e-07,-0.0047424632
2.956373e-07,-0.004728102
2.957373e-07,-0.0047151769
2.958373e-07,-0.0047079963
2.959373e-07,-0.0047058421
2.960373e-07,-0.0047051241
2.961373e-07,-0.0046993796
2.962373e-07,-0.0046850184
2.963373e-07,-0.0046641946
2.964373e-07,-0.0046426528
2.965373e-07,-0.0046282916
2.966373e-07,-0.0046275735
2.967373e-07,-0.0046383444
2.968373e-07,-0.0046541418
2.969373e-07,-0.0046649127
2.970373e-07,-0.0046620404
2.971373e-07,-0.004645525
2.972373e-07,-0.0046203929
2.973373e-07,-0.0045959789
2.974373e-07,-0.0045816176
2.975373e-07,-0.0045787454
2.976373e-07,-0.0045837718
2.977373e-07,-0.0045866441
2.978373e-07,-0.0045816176
2.979373e-07,-0.0045665384
2.980373e-07,-0.0045471507
2.981373e-07,-0.0045342256
2.982373e-07,-0.0045356618
2.983373e-07,-0.0045543313
2.984373e-07,-0.0045837718
2.985373e-07,-0.0046117762
2.986373e-07,-0.0046275735
2.987373e-07,-0.0046254193
2.988373e-07,-0.004609622
2.989373e-07,-0.0045909524
2.990373e-07,-0.0045816176
2.991373e-07,-0.0045902344
2.992373e-07,-0.0046168026
2.993373e-07,-0.0046519876
2.994373e-07,-0.0046850184
2.995373e-07,-0.0047065602
2.996373e-07,-0.0047144589
2.997373e-07,-0.0047123047
2.998373e-07,-0.0047079963
2.999373e-07,-0.0047087144
3.000373e-07,-0.0047166131
3.001373e-07,-0.0047295381
3.002373e-07,-0.0047424632
3.003373e-07,-0.0047525161
3.004373e-07,-0.0047596967
3.005373e-07,-0.0047661592
3.006373e-07,-0.0047769301
3.007373e-07,-0.0047934455
3.008373e-07,-0.0048135512
3.009373e-07,-0.0048329389
3.010373e-07,-0.004845864
3.011373e-07,-0.0048501723
3.012373e-07,-0.0048487362
3.013373e-07,-0.0048451459
3.014373e-07,-0.004845864
3.015373e-07,-0.0048523265
3.016373e-07,-0.0048616613
3.017373e-07,-0.0048688419
3.018373e-07,-0.0048688419
3.019373e-07,-0.0048602252
3.020373e-07,-0.0048473001
3.021373e-07,-0.0048372472
3.022373e-07,-0.004834375
3.023373e-07,-0.0048415556
3.024373e-07,-0.0048551988
3.025373e-07,-0.0048666877
3.026373e-07,-0.0048688419
3.027373e-07,-0.004858071
3.028373e-07,-0.0048379653
3.029373e-07,-0.0048157054
3.030373e-07,-0.0047999081
3.031373e-07,-0.0047941636
3.032373e-07,-0.004798472
3.033373e-07,-0.0048063706
3.034373e-07,-0.0048113971
3.035373e-07,-0.0048085248
3.036373e-07,-0.004798472
3.037373e-07,-0.0047862649
3.038373e-07,-0.0047769301
3.039373e-07,-0.0047740579
3.040373e-07,-0.0047769301
3.041373e-07,-0.0047798024
3.042373e-07,-0.0047769301
3.043373e-07,-0.0047661592
3.044373e-07,-0.0047496438
3.045373e-07,-0.0047316923
3.046373e-07,-0.0047194853
3.047373e-07,-0.004715895
3.048373e-07,-0.0047202034
3.049373e-07,-0.0047266659
3.050373e-07,-0.0047309743
3.051373e-07,-0.0047302562
3.052373e-07,-0.0047252298
3.053373e-07,-0.0047202034
3.054373e-07,-0.0047194853
3.055373e-07,-0.0047237937
3.056373e-07,-0.0047309743
3.057373e-07,-0.0047352826
3.058373e-07,-0.0047309743
3.059373e-07,-0.0047180492
3.060373e-07,-0.0046993796
3.061373e-07,-0.0046821461
3.062373e-07,-0.0046735294
3.063373e-07,-0.0046756836
3.064373e-07,-0.0046857364
3.065373e-07,-0.0046986615
3.066373e-07,-0.0047079963
3.067373e-07,-0.0047101505
3.068373e-07,-0.0047072783
3.069373e-07,-0.004704406
3.070373e-07,-0.0047079963
3.071373e-07,-0.0047202034
3.072373e-07,-0.004739591
3.073373e-07,-0.0047604148
3.074373e-07,-0.0047769301
3.075373e-07,-0.004786983
3.076373e-07,-0.0047912914
3.077373e-07,-0.0047941636
3.078373e-07,-0.0047999081
3.079373e-07,-0.0048113971
3.080373e-07,-0.0048257583
3.081373e-07,-0.0048386834
3.082373e-07,-0.004845864
3.083373e-07,-0.004846582
3.084373e-07,-0.0048429917
3.085373e-07,-0.0048408375
3.086373e-07,-0.004845864
3.087373e-07,-0.0048587891
3.088373e-07,-0.0048760225
3.089373e-07,-0.0048925379
3.090373e-07,-0.0049033088
3.091373e-07,-0.0049061811
3.092373e-07,-0.004905463
3.093373e-07,-0.0049061811
3.094373e-07,-0.0049147978
3.095373e-07,-0.0049320312
3.096373e-07,-0.0049542911
3.097373e-07,-0.0049736788
3.098373e-07,-0.0049837316
3.099373e-07,-0.0049822955
3.100373e-07,-0.0049729607
3.101373e-07,-0.0049636259
3.102373e-07,-0.0049607537
3.103373e-07,-0.0049693704
3.104373e-07,-0.00498804
3.105373e-07,-0.0050110179
3.106373e-07,-0.0050296875
3.107373e-07,-0.0050404584
3.108373e-07,-0.0050426126
3.109373e-07,-0.0050411765
3.110373e-07,-0.0050411765
3.111373e-07,-0.0050454848
3.112373e-07,-0.0050533835
3.113373e-07,-0.0050605641
3.114373e-07,-0.0050641544
3.115373e-07,-0.0050620002
3.116373e-07,-0.0050576919
3.117373e-07,-0.0050569738
3.118373e-07,-0.0050641544
3.119373e-07,-0.0050806698
3.120373e-07,-0.0051029297
3.121373e-07,-0.0051230354
3.122373e-07,-0.0051330882
3.123373e-07,-0.0051294979
3.124373e-07,-0.0051158548
3.125373e-07,-0.0050986213
3.126373e-07,-0.0050871324
3.127373e-07,-0.0050871324
3.128373e-07,-0.0050993394
3.129373e-07,-0.0051172909
3.130373e-07,-0.0051330882
3.131373e-07,-0.0051402688
3.132373e-07,-0.0051381147
3.133373e-07,-0.0051294979
3.134373e-07,-0.0051215993
3.135373e-07,-0.0051201631
3.136373e-07,-0.0051280618
3.137373e-07,-0.005141705
3.138373e-07,-0.0051560662
3.139373e-07,-0.005166119
3.140373e-07,-0.0051682732
3.141373e-07,-0.0051632468
3.142373e-07,-0.0051560662
3.143373e-07,-0.0051496036
3.144373e-07,-0.0051452953
3.145373e-07,-0.0051445772
3.146373e-07,-0.0051445772
3.147373e-07,-0.0051445772
3.148373e-07,-0.0051452953
3.149373e-07,-0.0051481675
3.150373e-07,-0.0051560662
3.151373e-07,-0.0051697093
3.152373e-07,-0.0051869428
3.153373e-07,-0.0052034582
3.154373e-07,-0.005213511
3.155373e-07,-0.0052142291
3.156373e-07,-0.0052063304
3.157373e-07,-0.0051919692
3.158373e-07,-0.0051790441
3.159373e-07,-0.0051718635
3.160373e-07,-0.0051740177
3.161373e-07,-0.0051855067
3.162373e-07,-0.0052020221
3.163373e-07,-0.0052192555
3.164373e-07,-0.0052336167
3.165373e-07,-0.0052436696
3.166373e-07,-0.0052479779
3.167373e-07,-0.005248696
3.168373e-07,-0.0052479779
3.169373e-07,-0.0052472599
3.170373e-07,-0.0052479779
3.171373e-07,-0.0052508502
3.172373e-07,-0.0052558766
3.173373e-07,-0.0052630572
3.174373e-07,-0.0052709559
3.175373e-07,-0.0052767004
3.176373e-07,-0.0052767004
3.177373e-07,-0.0052709559
3.178373e-07,-0.0052594669
3.179373e-07,-0.0052458238
3.180373e-07,-0.0052343348
3.181373e-07,-0.0052307445
3.182373e-07,-0.005236489
3.183373e-07,-0.0052501321
3.184373e-07,-0.0052673656
3.185373e-07,-0.0052831629
3.186373e-07,-0.0052939338
3.187373e-07,-0.0052996783
3.188373e-07,-0.0053032686
3.189373e-07,-0.005308295
3.190373e-07,-0.0053169118
3.191373e-07,-0.0053284007
3.192373e-07,-0.0053391716
3.193373e-07,-0.00534348
3.194373e-07,-0.0053398897
3.195373e-07,-0.0053284007
3.196373e-07,-0.0053140395
3.197373e-07,-0.0053039867
3.198373e-07,-0.0053054228
3.199373e-07,-0.005319784
3.200373e-07,-0.0053441981
3.201373e-07,-0.0053729205
3.202373e-07,-0.0053973346
3.203373e-07,-0.0054131319
3.204373e-07,-0.0054188764
3.205373e-07,-0.0054160041
3.206373e-07,-0.0054088235
3.207373e-07,-0.0054009249
3.208373e-07,-0.0053937443
3.209373e-07,-0.0053887178
3.210373e-07,-0.0053858456
3.211373e-07,-0.0053851275
3.212373e-07,-0.0053879998
3.213373e-07,-0.0053966165
3.214373e-07,-0.0054088235
3.215373e-07,-0.0054224667
3.216373e-07,-0.0054332376
3.217373e-07,-0.0054368279
3.218373e-07,-0.0054318015
3.219373e-07,-0.0054195944
3.220373e-07,-0.0054066693
3.221373e-07,-0.0053980526
3.222373e-07,-0.0053973346
3.223373e-07,-0.005403079
3.224373e-07,-0.0054109777
3.225373e-07,-0.005414568
3.226373e-07,-0.0054088235
3.227373e-07,-0.0053944623
3.228373e-07,-0.0053757927
3.229373e-07,-0.0053599954
3.230373e-07,-0.0053513787
3.231373e-07,-0.0053513787
3.232373e-07,-0.0053564051
3.233373e-07,-0.0053614315
3.234373e-07,-0.0053628676
3.235373e-07,-0.0053599954
3.236373e-07,-0.005355687
3.237373e-07,-0.005355687
3.238373e-07,-0.0053628676
3.239373e-07,-0.0053757927
3.240373e-07,-0.005390154
3.241373e-07,-0.0053980526
3.242373e-07,-0.0053973346
3.243373e-07,-0.0053879998
3.244373e-07,-0.0053765108
3.245373e-07,-0.0053700483
3.246373e-07,-0.0053743566
3.247373e-07,-0.0053887178
3.248373e-07,-0.0054073874
3.249373e-07,-0.0054239028
3.250373e-07,-0.0054318015
3.251373e-07,-0.0054325195
3.252373e-07,-0.0054303653
3.253373e-07,-0.0054325195
3.254373e-07,-0.0054432904
3.255373e-07,-0.0054605239
3.256373e-07,-0.0054756032
3.257373e-07,-0.0054791935
3.258373e-07,-0.0054662684
3.259373e-07,-0.0054389821
3.260373e-07,-0.0054081055
3.261373e-07,-0.0053865636
3.262373e-07,-0.0053858456
3.263373e-07,-0.0054066693
3.264373e-07,-0.0054404182
3.265373e-07,-0.0054727309
3.266373e-07,-0.0054892463
3.267373e-07,-0.0054835018
3.268373e-07,-0.0054605239
3.269373e-07,-0.0054310834
3.270373e-07,-0.0054088235
3.271373e-07,-0.005402361
3.272373e-07,-0.0054102597
3.273373e-07,-0.0054239028
3.274373e-07,-0.0054318015
3.275373e-07,-0.005426057
3.276373e-07,-0.0054059513
3.277373e-07,-0.0053779469
3.278373e-07,-0.0053513787
3.279373e-07,-0.0053341452
3.280373e-07,-0.0053269646
3.281373e-07,-0.0053276827
3.282373e-07,-0.0053284007
3.283373e-07,-0.0053248104
3.284373e-07,-0.0053154756
3.285373e-07,-0.0053039867
3.286373e-07,-0.0052939338
3.287373e-07,-0.0052874713
3.288373e-07,-0.005283881
3.289373e-07,-0.0052788545
3.290373e-07,-0.0052709559
3.291373e-07,-0.0052594669
3.292373e-07,-0.005248696
3.293373e-07,-0.0052443876
3.294373e-07,-0.0052479779
3.295373e-07,-0.0052587489
3.296373e-07,-0.0052688017
3.297373e-07,-0.0052709559
3.298373e-07,-0.0052594669
3.299373e-07,-0.005237207
3.300373e-07,-0.0052113568
3.301373e-07,-0.0051934053
3.302373e-07,-0.0051905331
3.303373e-07,-0.0052027401
3.304373e-07,-0.0052214097
3.305373e-07,-0.0052357709
3.306373e-07,-0.005236489
3.307373e-07,-0.0052221278
3.308373e-07,-0.0051991498
3.309373e-07,-0.0051819164
3.310373e-07,-0.0051790441
3.311373e-07,-0.0051941234
3.312373e-07,-0.0052214097
3.313373e-07,-0.0052472599
3.314373e-07,-0.0052594669
3.315373e-07,-0.0052537224
3.316373e-07,-0.0052350528
3.317373e-07,-0.005213511
3.318373e-07,-0.0052020221
3.319373e-07,-0.0052056124
3.320373e-07,-0.0052221278
3.321373e-07,-0.0052393612
3.322373e-07,-0.0052479779
3.323373e-07,-0.0052407973
3.324373e-07,-0.0052206916
3.325373e-07,-0.0051962776
3.326373e-07,-0.0051790441
3.327373e-07,-0.0051761719
3.328373e-07,-0.0051855067
3.329373e-07,-0.005201304
3.330373e-07,-0.005213511
3.331373e-07,-0.0052156652
3.332373e-07,-0.0052092027
3.333373e-07,-0.0051984318
3.334373e-07,-0.0051905331
3.335373e-07,-0.005189097
3.336373e-07,-0.0051926873
3.337373e-07,-0.0051948415
3.338373e-07,-0.0051905331
3.339373e-07,-0.0051790441
3.340373e-07,-0.0051639648
3.341373e-07,-0.005153912
3.342373e-07,-0.0051560662
3.343373e-07,-0.0051711455
3.344373e-07,-0.0051934053
3.345373e-07,-0.0052142291
3.346373e-07,-0.005225
3.347373e-07,-0.0052235639
3.348373e-07,-0.005213511
3.349373e-07,-0.0052041762
3.350373e-07,-0.0052020221
3.351373e-07,-0.0052092027
3.352373e-07,-0.0052206916
3.353373e-07,-0.0052278722
3.354373e-07,-0.005225
3.355373e-07,-0.0052120749
3.356373e-07,-0.0051948415
3.357373e-07,-0.0051855067
3.358373e-07,-0.0051905331
3.359373e-07,-0.0052099207
3.360373e-07,-0.005236489
3.361373e-07,-0.0052558766
3.362373e-07,-0.0052594669
3.363373e-07,-0.0052451057
3.364373e-07,-0.0052199736
3.365373e-07,-0.0051977137
3.366373e-07,-0.0051905331
3.367373e-07,-0.0052005859
3.368373e-07,-0.0052228458
3.369373e-07,-0.0052422335
3.370373e-07,-0.0052479779
3.371373e-07,-0.0052343348
3.372373e-07,-0.0052084846
3.373373e-07,-0.0051811983
3.374373e-07,-0.0051675551
3.375373e-07,-0.0051725816
3.376373e-07,-0.0051919692
3.377373e-07,-0.005213511
3.378373e-07,-0.005225
3.379373e-07,-0.0052185375
3.380373e-07,-0.0051977137
3.381373e-07,-0.0051725816
3.382373e-07,-0.0051560662
3.383373e-07,-0.0051546301
3.384373e-07,-0.005166119
3.385373e-07,-0.0051819164
3.386373e-07,-0.0051905331
3.387373e-07,-0.0051847886
3.388373e-07,-0.0051675551
3.389373e-07,-0.0051467314
3.390373e-07,-0.0051330882
3.391373e-07,-0.0051330882
3.392373e-07,-0.0051452953
3.393373e-07,-0.0051603745
3.394373e-07,-0.0051675551
3.395373e-07,-0.0051618107
3.396373e-07,-0.0051438591
3.397373e-07,-0.0051230354
3.398373e-07,-0.0051101103
3.399373e-07,-0.0051108284
3.400373e-07,-0.0051244715
3.401373e-07,-0.0051431411
3.402373e-07,-0.0051560662
3.403373e-07,-0.0051575023
3.404373e-07,-0.0051474494
3.405373e-07,-0.0051330882
3.406373e-07,-0.0051215993
3.407373e-07,-0.0051194451
3.408373e-07,-0.0051266257
3.409373e-07,-0.0051373966
3.410373e-07,-0.0051445772
3.411373e-07,-0.0051438591
3.412373e-07,-0.0051359605
3.413373e-07,-0.0051266257
3.414373e-07,-0.0051215993
3.415373e-07,-0.0051237534
3.416373e-07,-0.005130216
3.417373e-07,-0.0051352424
3.418373e-07,-0.0051330882
3.419373e-07,-0.0051237534
3.420373e-07,-0.0051115464
3.421373e-07,-0.0051043658
3.422373e-07,-0.0051101103
3.423373e-07,-0.0051294979
3.424373e-07,-0.0051553481
3.425373e-07,-0.0051790441
3.426373e-07,-0.0051905331
3.427373e-07,-0.0051862247
3.428373e-07,-0.0051704274
3.429373e-07,-0.005153912
3.430373e-07,-0.0051445772
3.431373e-07,-0.0051481675
3.432373e-07,-0.0051603745
3.433373e-07,-0.0051740177
3.434373e-07,-0.0051790441
3.435373e-07,-0.0051725816
3.436373e-07,-0.0051567842
3.437373e-07,-0.0051409869
3.438373e-07,-0.0051330882
3.439373e-07,-0.0051373966
3.440373e-07,-0.0051510398
3.441373e-07,-0.0051675551
3.442373e-07,-0.0051790441
3.443373e-07,-0.0051826344
3.444373e-07,-0.0051804802
3.445373e-07,-0.0051811983
3.446373e-07,-0.0051905331
3.447373e-07,-0.0052113568
3.448373e-07,-0.0052386432
3.449373e-07,-0.0052652114
3.450373e-07,-0.0052824449
3.451373e-07,-0.0052881893
3.452373e-07,-0.0052860352
3.453373e-07,-0.0052817268
3.454373e-07,-0.0052824449
3.455373e-07,-0.0052881893
3.456373e-07,-0.0052953699
3.457373e-07,-0.0052953699
3.458373e-07,-0.0052824449
3.459373e-07,-0.0052587489
3.460373e-07,-0.0052321806
3.461373e-07,-0.0052142291
3.462373e-07,-0.005213511
3.463373e-07,-0.0052300264
3.464373e-07,-0.0052558766
3.465373e-07,-0.0052774184
3.466373e-07,-0.0052824449
3.467373e-07,-0.0052680836
3.468373e-07,-0.0052400793
3.469373e-07,-0.0052142291
3.470373e-07,-0.0052020221
3.471373e-07,-0.0052113568
3.472373e-07,-0.0052379251
3.473373e-07,-0.0052695198
3.474373e-07,-0.0052939338
3.475373e-07,-0.0053018325
3.476373e-07,-0.0052946519
3.477373e-07,-0.0052810087
3.478373e-07,-0.0052709559
3.479373e-07,-0.005272392
3.480373e-07,-0.005283881
3.481373e-07,-0.0052982422
3.482373e-07,-0.0053054228
3.483373e-07,-0.0053011144
3.484373e-07,-0.0052860352
3.485373e-07,-0.0052695198
3.486373e-07,-0.0052594669
3.487373e-07,-0.0052623392
3.488373e-07,-0.0052745462
3.489373e-07,-0.0052889074
3.490373e-07,-0.0052939338
3.491373e-07,-0.005284599
3.492373e-07,-0.0052630572
3.493373e-07,-0.0052393612
3.494373e-07,-0.005225
3.495373e-07,-0.0052278722
3.496373e-07,-0.0052465418
3.497373e-07,-0.0052731101
3.498373e-07,-0.0052939338
3.499373e-07,-0.0053003964
3.500373e-07,-0.0052896255
3.501373e-07,-0.0052680836
3.502373e-07,-0.0052479779
3.503373e-07,-0.0052393612
3.504373e-07,-0.0052465418
3.505373e-07,-0.0052673656
3.506373e-07,-0.0052939338
3.507373e-07,-0.0053161937
3.508373e-07,-0.0053284007
3.509373e-07,-0.0053305549
3.510373e-07,-0.0053284007
3.511373e-07,-0.0053269646
3.512373e-07,-0.005331273
3.513373e-07,-0.0053406078
3.514373e-07,-0.0053513787
3.515373e-07,-0.0053599954
3.516373e-07,-0.0053643038
3.517373e-07,-0.0053635857
3.518373e-07,-0.0053628676
3.519373e-07,-0.0053643038
3.520373e-07,-0.0053707663
3.521373e-07,-0.0053822553
3.522373e-07,-0.0053973346
3.523373e-07,-0.00541385
3.524373e-07,-0.0054318015
3.525373e-07,-0.0054490349
3.526373e-07,-0.0054662684
3.527373e-07,-0.0054806296
3.528373e-07,-0.0054899644
3.529373e-07,-0.0054892463
3.530373e-07,-0.0054777574
3.531373e-07,-0.0054562155
3.532373e-07,-0.0054296473
3.533373e-07,-0.0054045152
3.534373e-07,-0.0053858456
3.535373e-07,-0.0053757927
3.536373e-07,-0.0053736386
3.537373e-07,-0.0053743566
3.538373e-07,-0.0053743566
3.539373e-07,-0.0053714844
3.540373e-07,-0.005367176
3.541373e-07,-0.0053635857
3.542373e-07,-0.0053628676
3.543373e-07,-0.0053650218
3.544373e-07,-0.005366458
3.545373e-07,-0.0053628676
3.546373e-07,-0.0053513787
3.547373e-07,-0.0053327091
3.548373e-07,-0.0053111673
3.549373e-07,-0.0052924977
3.550373e-07,-0.0052824449
3.551373e-07,-0.0052817268
3.552373e-07,-0.0052867532
3.553373e-07,-0.0052932158
3.554373e-07,-0.0052939338
3.555373e-07,-0.0052874713
3.556373e-07,-0.0052731101
3.557373e-07,-0.0052551585
3.558373e-07,-0.005236489
3.559373e-07,-0.0052192555
3.560373e-07,-0.0052020221
3.561373e-07,-0.0051847886
3.562373e-07,-0.0051675551
3.563373e-07,-0.0051517578
3.564373e-07,-0.005141705
3.565373e-07,-0.0051395508
3.566373e-07,-0.0051445772
3.567373e-07,-0.0051524759
3.568373e-07,-0.0051560662
3.569373e-07,-0.0051503217
3.570373e-07,-0.0051330882
3.571373e-07,-0.0051101103
3.572373e-07,-0.0050907227
3.573373e-07,-0.0050821059
3.574373e-07,-0.0050871324
3.575373e-07,-0.0051014936
3.576373e-07,-0.0051144187
3.577373e-07,-0.0051151367
3.578373e-07,-0.0050986213
3.579373e-07,-0.0050677447
3.580373e-07,-0.0050339959
3.581373e-07,-0.0050110179
3.582373e-07,-0.0050067096
3.583373e-07,-0.0050225069
3.584373e-07,-0.0050490751
3.585373e-07,-0.0050734892
3.586373e-07,-0.0050871324
3.587373e-07,-0.0050864143
3.588373e-07,-0.0050763614
3.589373e-07,-0.0050670267
3.590373e-07,-0.0050641544
3.591373e-07,-0.0050691808
3.592373e-07,-0.0050763614
3.593373e-07,-0.0050763614
3.594373e-07,-0.0050641544
3.595373e-07,-0.0050433307
3.596373e-07,-0.005023225
3.597373e-07,-0.0050167624
3.598373e-07,-0.0050296875
3.599373e-07,-0.005059128
3.600373e-07,-0.0050921588
3.601373e-07,-0.0051122645
3.602373e-07,-0.0051101103
3.603373e-07,-0.0050849782
3.604373e-07,-0.0050497932
3.605373e-07,-0.0050225069
3.606373e-07,-0.0050181985
3.607373e-07,-0.0050404584
3.608373e-07,-0.0050799517
3.609373e-07,-0.0051201631
3.610373e-07,-0.0051445772
3.611373e-07,-0.0051467314
3.612373e-07,-0.0051323702
3.613373e-07,-0.0051151367
3.614373e-07,-0.0051101103
3.615373e-07,-0.0051230354
3.616373e-07,-0.0051503217
3.617373e-07,-0.0051768899
3.618373e-07,-0.0051905331
3.619373e-07,-0.0051847886
3.620373e-07,-0.0051646829
3.621373e-07,-0.005142423
3.622373e-07,-0.0051330882
3.623373e-07,-0.005142423
3.624373e-07,-0.0051668371
3.625373e-07,-0.0051948415
3.626373e-07,-0.005213511
3.627373e-07,-0.0052163833
3.628373e-07,-0.0052084846
3.629373e-07,-0.0051991498
3.630373e-07,-0.0052020221
3.631373e-07,-0.0052206916
3.632373e-07,-0.0052508502
3.633373e-07,-0.0052795726
3.634373e-07,-0.0052939338
3.635373e-07,-0.0052881893
3.636373e-07,-0.0052680836
3.637373e-07,-0.0052458238
3.638373e-07,-0.005236489
3.639373e-07,-0.0052465418
3.640373e-07,-0.005272392
3.641373e-07,-0.0053011144
3.642373e-07,-0.0053169118
3.643373e-07,-0.0053126034
3.644373e-07,-0.0052910616
3.645373e-07,-0.0052644933
3.646373e-07,-0.0052479779
3.647373e-07,-0.0052515682
3.648373e-07,-0.0052738281
3.649373e-07,-0.0053039867
3.650373e-07,-0.0053284007
3.651373e-07,-0.0053362994
3.652373e-07,-0.0053269646
3.653373e-07,-0.0053090131
3.654373e-07,-0.0052939338
3.655373e-07,-0.0052910616
3.656373e-07,-0.0053018325
3.657373e-07,-0.0053176298
3.658373e-07,-0.0053284007
3.659373e-07,-0.0053255285
3.660373e-07,-0.0053090131
3.661373e-07,-0.0052867532
3.662373e-07,-0.0052709559
3.663373e-07,-0.0052702378
3.664373e-07,-0.0052853171
3.665373e-07,-0.005308295
3.666373e-07,-0.0053284007
3.667373e-07,-0.0053355813
3.668373e-07,-0.0053276827
3.669373e-07,-0.0053104492
3.670373e-07,-0.0052939338
3.671373e-07,-0.0052874713
3.672373e-07,-0.0052946519
3.673373e-07,-0.0053111673
3.674373e-07,-0.0053284007
3.675373e-07,-0.0053377355
3.676373e-07,-0.0053348633
3.677373e-07,-0.0053219382
3.678373e-07,-0.0053054228
3.679373e-07,-0.0052932158
3.680373e-07,-0.0052903435
3.681373e-07,-0.0052953699
3.682373e-07,-0.0053054228
3.683373e-07,-0.0053154756
3.684373e-07,-0.0053226563
3.685373e-07,-0.0053269646
3.686373e-07,-0.0053284007
3.687373e-07,-0.0053284007
3.688373e-07,-0.0053276827
3.689373e-07,-0.0053240924
3.690373e-07,-0.0053169118
3.691373e-07,-0.005307577
3.692373e-07,-0.0052982422
3.693373e-07,-0.0052932158
3.694373e-07,-0.0052939338
3.695373e-07,-0.0053003964
3.696373e-07,-0.0053097312
3.697373e-07,-0.0053154756
3.698373e-07,-0.0053169118
3.699373e-07,-0.0053140395
3.700373e-07,-0.0053118853
3.701373e-07,-0.0053154756
3.702373e-07,-0.0053284007
3.703373e-07,-0.0053485064
3.704373e-07,-0.0053700483
3.705373e-07,-0.0053844095
3.706373e-07,-0.0053858456
3.707373e-07,-0.0053743566
3.708373e-07,-0.005355687
3.709373e-07,-0.0053377355
3.710373e-07,-0.0053284007
3.711373e-07,-0.0053298369
3.712373e-07,-0.0053377355
3.713373e-07,-0.0053463523
3.714373e-07,-0.0053513787
3.715373e-07,-0.0053506606
3.716373e-07,-0.0053492245
3.717373e-07,-0.0053520967
3.718373e-07,-0.0053628676
3.719373e-07,-0.0053801011
3.720373e-07,-0.0053973346
3.721373e-07,-0.0054045152
3.722373e-07,-0.0053973346
3.723373e-07,-0.0053765108
3.724373e-07,-0.0053492245
3.725373e-07,-0.0053262466
3.726373e-07,-0.0053169118
3.727373e-07,-0.0053219382
3.728373e-07,-0.0053355813
3.729373e-07,-0.0053485064
3.730373e-07,-0.0053513787
3.731373e-07,-0.0053427619
3.732373e-07,-0.0053284007
3.733373e-07,-0.0053169118
3.734373e-07,-0.0053169118
3.735373e-07,-0.0053291188
3.736373e-07,-0.0053477884
3.737373e-07,-0.0053621496
3.738373e-07,-0.0053628676
3.739373e-07,-0.0053477884
3.740373e-07,-0.0053219382
3.741373e-07,-0.0052968061
3.742373e-07,-0.0052824449
3.743373e-07,-0.0052831629
3.744373e-07,-0.0052968061
3.745373e-07,-0.0053147576
3.746373e-07,-0.0053284007
3.747373e-07,-0.0053334272
3.748373e-07,-0.0053334272
3.749373e-07,-0.0053334272
3.750373e-07,-0.0053398897
3.751373e-07,-0.0053528148
3.752373e-07,-0.005367176
3.753373e-07,-0.0053729205
3.754373e-07,-0.0053628676
3.755373e-07,-0.0053377355
3.756373e-07,-0.0053061409
3.757373e-07,-0.0052802907
3.758373e-07,-0.0052709559
3.759373e-07,-0.0052824449
3.760373e-07,-0.005307577
3.761373e-07,-0.0053348633
3.762373e-07,-0.0053513787
3.763373e-07,-0.0053506606
3.764373e-07,-0.0053341452
3.765373e-07,-0.0053118853
3.766373e-07,-0.0052939338
3.767373e-07,-0.0052860352
3.768373e-07,-0.0052881893
3.769373e-07,-0.0052924977
3.770373e-07,-0.0052939338
3.771373e-07,-0.0052889074
3.772373e-07,-0.0052810087
3.773373e-07,-0.0052767004
3.774373e-07,-0.0052824449
3.775373e-07,-0.0052968061
3.776373e-07,-0.0053126034
3.777373e-07,-0.0053183479
3.778373e-07,-0.0053054228
3.779373e-07,-0.0052738281
3.780373e-07,-0.0052328987
3.781373e-07,-0.0051969956
3.782373e-07,-0.0051790441
3.783373e-07,-0.0051840705
3.784373e-07,-0.0052048943
3.785373e-07,-0.0052278722
3.786373e-07,-0.005236489
3.787373e-07,-0.0052242819
3.788373e-07,-0.0051934053
3.789373e-07,-0.0051582204
3.790373e-07,-0.0051330882
3.791373e-07,-0.0051280618
3.792373e-07,-0.0051438591
3.793373e-07,-0.0051697093
3.794373e-07,-0.0051905331
3.795373e-07,-0.0051955595
3.796373e-07,-0.0051811983
3.797373e-07,-0.0051524759
3.798373e-07,-0.0051215993
3.799373e-07,-0.0050979033
3.800373e-07,-0.0050864143
3.801373e-07,-0.0050842601
3.802373e-07,-0.0050871324
3.803373e-07,-0.0050885685
3.804373e-07,-0.0050864143
3.805373e-07,-0.0050849782
3.806373e-07,-0.0050871324
3.807373e-07,-0.0050964671
3.808373e-07,-0.0051108284
3.809373e-07,-0.0051251896
3.810373e-07,-0.0051330882
3.811373e-07,-0.0051323702
3.812373e-07,-0.0051237534
3.813373e-07,-0.0051144187
3.814373e-07,-0.0051101103
3.815373e-07,-0.0051137006
3.816373e-07,-0.0051230354
3.817373e-07,-0.0051316521
3.818373e-07,-0.0051330882
3.819373e-07,-0.0051237534
3.820373e-07,-0.00510652
3.821373e-07,-0.0050878504
3.822373e-07,-0.0050756434
3.823373e-07,-0.0050742073
3.824373e-07,-0.0050813879
3.825373e-07,-0.0050914407
3.826373e-07,-0.0050986213
3.827373e-07,-0.0050979033
3.828373e-07,-0.0050907227
3.829373e-07,-0.0050813879
3.830373e-07,-0.0050756434
3.831373e-07,-0.0050749253
3.832373e-07,-0.0050777976
3.833373e-07,-0.0050799517
3.834373e-07,-0.0050756434
3.835373e-07,-0.0050648725
3.836373e-07,-0.0050512293
3.837373e-07,-0.0050411765
3.838373e-07,-0.0050411765
3.839373e-07,-0.0050519474
3.840373e-07,-0.0050698989
3.841373e-07,-0.0050878504
3.842373e-07,-0.0050986213
3.843373e-07,-0.0051000574
3.844373e-07,-0.005095031
3.845373e-07,-0.0050885685
3.846373e-07,-0.0050871324
3.847373e-07,-0.0050914407
3.848373e-07,-0.0050979033
3.849373e-07,-0.0051022116
3.850373e-07,-0.0050986213
3.851373e-07,-0.0050885685
3.852373e-07,-0.0050770795
3.853373e-07,-0.005070617
3.854373e-07,-0.0050756434
3.855373e-07,-0.0050900046
3.856373e-07,-0.0051058019
3.857373e-07,-0.0051151367
3.858373e-07,-0.0051101103
3.859373e-07,-0.0050928768
3.860373e-07,-0.005071335
3.861373e-07,-0.0050584099
3.862373e-07,-0.0050641544
3.863373e-07,-0.0050907227
3.864373e-07,-0.0051294979
3.865373e-07,-0.0051675551
3.866373e-07,-0.0051905331
3.867373e-07,-0.0051919692
3.868373e-07,-0.0051747358
3.869373e-07,-0.0051503217
3.870373e-07,-0.0051330882
3.871373e-07,-0.0051309341
3.872373e-07,-0.0051452953
3.873373e-07,-0.0051689913
3.874373e-07,-0.0051905331
3.875373e-07,-0.0052027401
3.876373e-07,-0.0052034582
3.877373e-07,-0.0051969956
3.878373e-07,-0.0051905331
3.879373e-07,-0.005189815
3.880373e-07,-0.0051941234
3.881373e-07,-0.0051998679
3.882373e-07,-0.0052020221
3.883373e-07,-0.0051962776
3.884373e-07,-0.0051847886
3.885373e-07,-0.0051732996
3.886373e-07,-0.0051675551
3.887373e-07,-0.0051711455
3.888373e-07,-0.0051826344
3.889373e-07,-0.0051948415
3.890373e-07,-0.0052020221
3.891373e-07,-0.0052005859
3.892373e-07,-0.0051926873
3.893373e-07,-0.0051833525
3.894373e-07,-0.0051790441
3.895373e-07,-0.0051833525
3.896373e-07,-0.0051941234
3.897373e-07,-0.0052063304
3.898373e-07,-0.005213511
3.899373e-07,-0.005212793
3.900373e-07,-0.0052070485
3.901373e-07,-0.005201304
3.902373e-07,-0.0052020221
3.903373e-07,-0.0052106388
3.904373e-07,-0.005225
3.905373e-07,-0.0052393612
3.906373e-07,-0.0052479779
3.907373e-07,-0.0052472599
3.908373e-07,-0.0052400793
3.909373e-07,-0.0052314625
3.910373e-07,-0.005225
3.911373e-07,-0.0052221278
3.912373e-07,-0.0052206916
3.913373e-07,-0.0052149472
3.914373e-07,-0.0052020221
3.915373e-07,-0.0051833525
3.916373e-07,-0.0051646829
3.917373e-07,-0.005153912
3.918373e-07,-0.0051560662
3.919373e-07,-0.0051697093
3.920373e-07,-0.0051862247
3.921373e-07,-0.0051962776
3.922373e-07,-0.0051905331
3.923373e-07,-0.0051682732
3.924373e-07,-0.0051366785
3.925373e-07,-0.0051058019
3.926373e-07,-0.0050871324
3.927373e-07,-0.0050849782
3.928373e-07,-0.0050957491
3.929373e-07,-0.0051108284
3.930373e-07,-0.0051215993
3.931373e-07,-0.0051237534
3.932373e-07,-0.0051201631
3.933373e-07,-0.0051172909
3.934373e-07,-0.0051215993
3.935373e-07,-0.0051359605
3.936373e-07,-0.0051553481
3.937373e-07,-0.0051725816
3.938373e-07,-0.0051790441
3.939373e-07,-0.0051732996
3.940373e-07,-0.0051596565
3.941373e-07,-0.0051474494
3.942373e-07,-0.0051445772
3.943373e-07,-0.0051546301
3.944373e-07,-0.0051740177
3.945373e-07,-0.0051926873
3.946373e-07,-0.0052020221
3.947373e-07,-0.0051984318
3.948373e-07,-0.0051840705
3.949373e-07,-0.0051675551
3.950373e-07,-0.0051560662
3.951373e-07,-0.0051531939
3.952373e-07,-0.0051553481
3.953373e-07,-0.0051553481
3.954373e-07,-0.0051445772
3.955373e-07,-0.0051215993
3.956373e-07,-0.0050921588
3.957373e-07,-0.0050655905
3.958373e-07,-0.0050526654
3.959373e-07,-0.0050562557
3.960373e-07,-0.0050727711
3.961373e-07,-0.0050907227
3.962373e-07,-0.0050986213
3.963373e-07,-0.0050907227
3.964373e-07,-0.0050698989
3.965373e-07,-0.0050454848
3.966373e-07,-0.0050296875
3.967373e-07,-0.0050296875
3.968373e-07,-0.0050447668
3.969373e-07,-0.0050677447
3.970373e-07,-0.0050871324
3.971373e-07,-0.005094313
3.972373e-07,-0.0050871324
3.973373e-07,-0.005070617
3.974373e-07,-0.0050526654
3.975373e-07,-0.0050411765
3.976373e-07,-0.0050390223
3.977373e-07,-0.0050447668
3.978373e-07,-0.0050526654
3.979373e-07,-0.005059128
3.980373e-07,-0.0050627183
3.981373e-07,-0.0050670267
3.982373e-07,-0.0050756434
3.983373e-07,-0.0050914407
3.984373e-07,-0.0051137006
3.985373e-07,-0.0051366785
3.986373e-07,-0.0051560662
3.987373e-07,-0.0051682732
3.988373e-07,-0.0051740177
3.989373e-07,-0.0051761719
3.990373e-07,-0.0051790441
3.991373e-07,-0.0051840705
3.992373e-07,-0.005189815
3.993373e-07,-0.0051934053
3.994373e-07,-0.0051905331
3.995373e-07,-0.0051826344
3.996373e-07,-0.0051725816
3.997373e-07,-0.005166119
3.998373e-07,-0.0051675551
3.999373e-07,-0.0051768899
4.000373e-07,-0.005189097
4.001373e-07,-0.0051991498
4.002373e-07,-0.0052020221
4.003373e-07,-0.0051977137
4.004373e-07,-0.005189815
4.005373e-07,-0.0051862247
4.006373e-07,-0.0051905331
4.007373e-07,-0.0052027401
4.008373e-07,-0.0052171013
4.009373e-07,-0.0052257181
4.010373e-07,-0.005225
4.011373e-07,-0.0052142291
4.012373e-07,-0.0051998679
4.013373e-07,-0.005189815
4.014373e-07,-0.0051905331
4.015373e-07,-0.0052020221
4.016373e-07,-0.0052171013
4.017373e-07,-0.0052271542
4.018373e-07,-0.005225
4.019373e-07,-0.0052113568
4.020373e-07,-0.0051934053
4.021373e-07,-0.0051797622
4.022373e-07,-0.0051790441
4.023373e-07,-0.0051905331
4.024373e-07,-0.0052056124
4.025373e-07,-0.005212793
4.026373e-07,-0.0052020221
4.027373e-07,-0.0051704274
4.028373e-07,-0.0051266257
4.029373e-07,-0.005082824
4.030373e-07,-0.0050526654
4.031373e-07,-0.0050426126
4.032373e-07,-0.0050505113
4.033373e-07,-0.0050655905
4.034373e-07,-0.0050756434
4.035373e-07,-0.0050742073
4.036373e-07,-0.0050620002
4.037373e-07,-0.0050440487
4.038373e-07,-0.0050296875
4.039373e-07,-0.005023225
4.040373e-07,-0.0050225069
4.041373e-07,-0.005023225
4.042373e-07,-0.0050181985
4.043373e-07,-0.0050052734
4.044373e-07,-0.0049866039
4.045373e-07,-0.0049693704
4.046373e-07,-0.0049607537
4.047373e-07,-0.0049614717
4.048373e-07,-0.0049686523
4.049373e-07,-0.0049736788
4.050373e-07,-0.0049722426
4.051373e-07,-0.0049621898
4.052373e-07,-0.0049485466
4.053373e-07,-0.0049384938
4.054373e-07,-0.0049377757
4.055373e-07,-0.0049463925
4.056373e-07,-0.0049564453
4.057373e-07,-0.0049600356
4.058373e-07,-0.0049492647
4.059373e-07,-0.0049262868
4.060373e-07,-0.0049011546
4.061373e-07,-0.0048860754
4.062373e-07,-0.0048918199
4.063373e-07,-0.0049191062
4.064373e-07,-0.0049593176
4.065373e-07,-0.0049973748
4.066373e-07,-0.0050181985
4.067373e-07,-0.0050167624
4.068373e-07,-0.0049980928
4.069373e-07,-0.0049743968
4.070373e-07,-0.0049607537
4.071373e-07,-0.004965062
4.072373e-07,-0.0049844497
4.073373e-07,-0.0050102999
4.074373e-07,-0.0050296875
4.075373e-07,-0.00503615
4.076373e-07,-0.0050304056
4.077373e-07,-0.0050210708
4.078373e-07,-0.0050181985
4.079373e-07,-0.0050289694
4.080373e-07,-0.0050512293
4.081373e-07,-0.0050777976
4.082373e-07,-0.0050986213
4.083373e-07,-0.0051086742
4.084373e-07,-0.0051093922
4.085373e-07,-0.00510652
4.086373e-07,-0.0051101103
4.087373e-07,-0.0051230354
4.088373e-07,-0.0051445772
4.089373e-07,-0.005165401
4.090373e-07,-0.0051790441
4.091373e-07,-0.0051819164
4.092373e-07,-0.0051768899
4.093373e-07,-0.0051732996
4.094373e-07,-0.0051790441
4.095373e-07,-0.0051977137
4.096373e-07,-0.0052242819
4.097373e-07,-0.005248696
4.098373e-07,-0.0052594669
4.099373e-07,-0.0052508502
4.100373e-07,-0.0052271542
4.101373e-07,-0.0051984318
4.102373e-07,-0.0051790441
4.103373e-07,-0.0051768899
4.104373e-07,-0.0051941234
4.105373e-07,-0.0052214097
4.106373e-07,-0.0052479779
4.107373e-07,-0.0052644933
4.108373e-07,-0.0052666475
4.109373e-07,-0.0052587489
4.110373e-07,-0.0052479779
4.111373e-07,-0.0052407973
4.112373e-07,-0.0052407973
4.113373e-07,-0.0052443876
4.114373e-07,-0.0052479779
4.115373e-07,-0.0052479779
4.116373e-07,-0.0052436696
4.117373e-07,-0.0052386432
4.118373e-07,-0.005236489
4.119373e-07,-0.0052400793
4.120373e-07,-0.0052479779
4.121373e-07,-0.0052558766
4.122373e-07,-0.0052594669
4.123373e-07,-0.0052573127
4.124373e-07,-0.0052522863
4.125373e-07,-0.0052472599
4.126373e-07,-0.0052479779
4.127373e-07,-0.0052537224
4.128373e-07,-0.005260903
4.129373e-07,-0.0052644933
4.130373e-07,-0.0052594669
4.131373e-07,-0.0052465418
4.132373e-07,-0.0052314625
4.133373e-07,-0.0052221278
4.134373e-07,-0.005225
4.135373e-07,-0.0052400793
4.136373e-07,-0.005260903
4.137373e-07,-0.0052774184
4.138373e-07,-0.0052824449
4.139373e-07,-0.005272392
4.140373e-07,-0.0052522863
4.141373e-07,-0.0052328987
4.142373e-07,-0.005225
4.143373e-07,-0.0052328987
4.144373e-07,-0.0052530044
4.145373e-07,-0.0052774184
4.146373e-07,-0.0052939338
4.147373e-07,-0.005296088
4.148373e-07,-0.005283881
4.149373e-07,-0.0052652114
4.150373e-07,-0.0052479779
4.151373e-07,-0.0052400793
4.152373e-07,-0.0052407973
4.153373e-07,-0.0052465418
4.154373e-07,-0.0052479779
4.155373e-07,-0.0052400793
4.156373e-07,-0.0052235639
4.157373e-07,-0.0052041762
4.158373e-07,-0.0051905331
4.159373e-07,-0.005189815
4.160373e-07,-0.0052027401
4.161373e-07,-0.0052257181
4.162373e-07,-0.0052479779
4.163373e-07,-0.0052623392
4.164373e-07,-0.0052637753
4.165373e-07,-0.0052530044
4.166373e-07,-0.005236489
4.167373e-07,-0.0052199736
4.168373e-07,-0.0052077665
4.169373e-07,-0.0052020221
4.170373e-07,-0.0052020221
4.171373e-07,-0.0052056124
4.172373e-07,-0.0052120749
4.173373e-07,-0.0052221278
4.174373e-07,-0.005236489
4.175373e-07,-0.0052544405
4.176373e-07,-0.0052745462
4.177373e-07,-0.0052924977
4.178373e-07,-0.0053054228
4.179373e-07,-0.0053118853
4.180373e-07,-0.0053133215
4.181373e-07,-0.0053140395
4.182373e-07,-0.0053169118
4.183373e-07,-0.0053248104
4.184373e-07,-0.0053370175
4.185373e-07,-0.0053506606
4.186373e-07,-0.0053628676
4.187373e-07,-0.0053714844
4.188373e-07,-0.005378665
4.189373e-07,-0.0053858456
4.190373e-07,-0.0053973346
4.191373e-07,-0.0054131319
4.192373e-07,-0.0054325195
4.193373e-07,-0.0054511891
4.194373e-07,-0.0054662684
4.195373e-07,-0.0054763212
4.196373e-07,-0.0054813477
4.197373e-07,-0.005484938
4.198373e-07,-0.0054892463
4.199373e-07,-0.0054935547
4.200373e-07,-0.005497145
4.201373e-07,-0.0054957089
4.202373e-07,-0.0054892463
4.203373e-07,-0.0054784754
4.204373e-07,-0.0054677045
4.205373e-07,-0.0054626781
4.206373e-07,-0.0054662684
4.207373e-07,-0.0054784754
4.208373e-07,-0.0054949908
4.209373e-07,-0.0055079159
4.210373e-07,-0.0055122243
4.211373e-07,-0.0055043256
4.212373e-07,-0.0054870921
4.213373e-07,-0.0054648323
4.214373e-07,-0.0054432904
4.215373e-07,-0.0054253389
4.216373e-07,-0.0054116958
4.217373e-07,-0.0053994887
4.218373e-07,-0.0053858456
4.219373e-07,-0.0053707663
4.220373e-07,-0.0053564051
4.221373e-07,-0.0053456342
4.222373e-07,-0.0053398897
4.223373e-07,-0.0053384536
4.224373e-07,-0.0053370175
4.225373e-07,-0.0053305549
4.226373e-07,-0.0053169118
4.227373e-07,-0.0052968061
4.228373e-07,-0.0052759823
4.229373e-07,-0.0052616211
4.230373e-07,-0.0052594669
4.231373e-07,-0.0052695198
4.232373e-07,-0.0052860352
4.233373e-07,-0.0053011144
4.234373e-07,-0.0053054228
4.235373e-07,-0.0052968061
4.236373e-07,-0.0052788545
4.237373e-07,-0.0052594669
4.238373e-07,-0.0052479779
4.239373e-07,-0.0052501321
4.240373e-07,-0.0052652114
4.241373e-07,-0.0052903435
4.242373e-07,-0.0053169118
4.243373e-07,-0.0053391716
4.244373e-07,-0.0053535329
4.245373e-07,-0.0053607135
4.246373e-07,-0.0053628676
4.247373e-07,-0.0053628676
4.248373e-07,-0.0053607135
4.249373e-07,-0.0053571232
4.250373e-07,-0.0053513787
4.251373e-07,-0.0053470703
4.252373e-07,-0.0053470703
4.253373e-07,-0.005355687
4.254373e-07,-0.0053743566
4.255373e-07,-0.0054002068
4.256373e-07,-0.005426775
4.257373e-07,-0.0054468807
4.258373e-07,-0.0054547794
4.259373e-07,-0.0054511891
4.260373e-07,-0.0054411363
4.261373e-07,-0.0054325195
4.262373e-07,-0.0054318015
4.263373e-07,-0.0054389821
4.264373e-07,-0.005450471
4.265373e-07,-0.0054576517
4.266373e-07,-0.0054547794
4.267373e-07,-0.0054397001
4.268373e-07,-0.0054174403
4.269373e-07,-0.0053966165
4.270373e-07,-0.0053858456
4.271373e-07,-0.0053879998
4.272373e-07,-0.0054016429
4.273373e-07,-0.0054188764
4.274373e-07,-0.0054318015
4.275373e-07,-0.0054353918
4.276373e-07,-0.0054289292
4.277373e-07,-0.0054188764
4.278373e-07,-0.0054088235
4.279373e-07,-0.0054037971
4.280373e-07,-0.005402361
4.281373e-07,-0.0054016429
4.282373e-07,-0.0053973346
4.283373e-07,-0.0053872817
4.284373e-07,-0.0053736386
4.285373e-07,-0.0053599954
4.286373e-07,-0.0053513787
4.287373e-07,-0.0053485064
4.288373e-07,-0.0053499426
4.289373e-07,-0.0053520967
4.290373e-07,-0.0053513787
4.291373e-07,-0.0053470703
4.292373e-07,-0.0053420439
4.293373e-07,-0.0053391716
4.294373e-07,-0.0053398897
4.295373e-07,-0.00534348
4.296373e-07,-0.0053449161
4.297373e-07,-0.0053398897
4.298373e-07,-0.0053284007
4.299373e-07,-0.0053140395
4.300373e-07,-0.0053032686
4.301373e-07,-0.0053032686
4.302373e-07,-0.0053169118
4.303373e-07,-0.0053384536
4.304373e-07,-0.0053585593
4.305373e-07,-0.0053686121
4.306373e-07,-0.0053628676
4.307373e-07,-0.0053463523
4.308373e-07,-0.0053298369
4.309373e-07,-0.0053255285
4.310373e-07,-0.0053398897
4.311373e-07,-0.0053693302
4.312373e-07,-0.0054009249
4.313373e-07,-0.0054217486
4.314373e-07,-0.0054203125
4.315373e-07,-0.0053973346
4.316373e-07,-0.0053643038
4.317373e-07,-0.0053370175
4.318373e-07,-0.0053284007
4.319373e-07,-0.0053413258
4.320373e-07,-0.005367176
4.321373e-07,-0.005390154
4.322373e-07,-0.0053973346
4.323373e-07,-0.0053822553
4.324373e-07,-0.0053513787
4.325373e-07,-0.0053176298
4.326373e-07,-0.0052939338
4.327373e-07,-0.0052874713
4.328373e-07,-0.0052953699
4.329373e-07,-0.0053054228
4.330373e-07,-0.0053054228
4.331373e-07,-0.0052910616
4.332373e-07,-0.0052652114
4.333373e-07,-0.0052393612
4.334373e-07,-0.005225
4.335373e-07,-0.0052278722
4.336373e-07,-0.0052443876
4.337373e-07,-0.0052630572
4.338373e-07,-0.0052709559
4.339373e-07,-0.005260903
4.340373e-07,-0.0052350528
4.341373e-07,-0.0052041762
4.342373e-07,-0.0051790441
4.343373e-07,-0.0051682732
4.344373e-07,-0.0051718635
4.345373e-07,-0.0051819164
4.346373e-07,-0.0051905331
4.347373e-07,-0.0051919692
4.348373e-07,-0.0051876608
4.349373e-07,-0.0051847886
4.350373e-07,-0.0051905331
4.351373e-07,-0.0052063304
4.352373e-07,-0.0052278722
4.353373e-07,-0.0052451057
4.354373e-07,-0.0052479779
4.355373e-07,-0.0052328987
4.356373e-07,-0.0052048943
4.357373e-07,-0.0051754538
4.358373e-07,-0.0051560662
4.359373e-07,-0.005153912
4.360373e-07,-0.005165401
4.361373e-07,-0.0051811983
4.362373e-07,-0.0051905331
4.363373e-07,-0.0051862247
4.364373e-07,-0.0051689913
4.365373e-07,-0.0051481675
4.366373e-07,-0.0051330882
4.367373e-07,-0.005130216
4.368373e-07,-0.0051381147
4.369373e-07,-0.0051503217
4.370373e-07,-0.0051560662
4.371373e-07,-0.0051510398
4.372373e-07,-0.0051366785
4.373373e-07,-0.0051201631
4.374373e-07,-0.0051101103
4.375373e-07,-0.0051115464
4.376373e-07,-0.0051215993
4.377373e-07,-0.0051316521
4.378373e-07,-0.0051330882
4.379373e-07,-0.0051201631
4.380373e-07,-0.0050957491
4.381373e-07,-0.0050698989
4.382373e-07,-0.0050526654
4.383373e-07,-0.0050526654
4.384373e-07,-0.0050698989
4.385373e-07,-0.0050964671
4.386373e-07,-0.0051215993
4.387373e-07,-0.0051373966
4.388373e-07,-0.0051409869
4.389373e-07,-0.0051373966
4.390373e-07,-0.0051330882
4.391373e-07,-0.0051345244
4.392373e-07,-0.0051438591
4.393373e-07,-0.0051567842
4.394373e-07,-0.0051675551
4.395373e-07,-0.0051725816
4.396373e-07,-0.0051711455
4.397373e-07,-0.0051682732
4.398373e-07,-0.0051675551
4.399373e-07,-0.0051732996
4.400373e-07,-0.0051840705
4.401373e-07,-0.0051955595
4.402373e-07,-0.0052020221
4.403373e-07,-0.0052005859
4.404373e-07,-0.0051919692
4.405373e-07,-0.0051833525
4.406373e-07,-0.0051790441
4.407373e-07,-0.0051833525
4.408373e-07,-0.0051941234
4.409373e-07,-0.0052056124
4.410373e-07,-0.005213511
4.411373e-07,-0.005213511
4.412373e-07,-0.0052077665
4.413373e-07,-0.0052020221
4.414373e-07,-0.0052020221
4.415373e-07,-0.0052120749
4.416373e-07,-0.0052300264
4.417373e-07,-0.0052515682
4.418373e-07,-0.0052709559
4.419373e-07,-0.005283881
4.420373e-07,-0.0052910616
4.421373e-07,-0.0052968061
4.422373e-07,-0.0053054228
4.423373e-07,-0.005319784
4.424373e-07,-0.0053377355
4.425373e-07,-0.0053535329
4.426373e-07,-0.0053628676
4.427373e-07,-0.0053628676
4.428373e-07,-0.005355687
4.429373e-07,-0.0053456342
4.430373e-07,-0.0053398897
4.431373e-07,-0.0053406078
4.432373e-07,-0.0053477884
4.433373e-07,-0.0053564051
4.434373e-07,-0.0053628676
4.435373e-07,-0.0053657399
4.436373e-07,-0.0053657399
4.437373e-07,-0.005367176
4.438373e-07,-0.0053743566
4.439373e-07,-0.0053865636
4.440373e-07,-0.0054009249
4.441373e-07,-0.0054102597
4.442373e-07,-0.0054088235
4.443373e-07,-0.0053951804
4.444373e-07,-0.0053707663
4.445373e-07,-0.0053427619
4.446373e-07,-0.0053169118
4.447373e-07,-0.0052975241
4.448373e-07,-0.005284599
4.449373e-07,-0.0052767004
4.450373e-07,-0.0052709559
4.451373e-07,-0.0052666475
4.452373e-07,-0.0052644933
4.453373e-07,-0.0052659295
4.454373e-07,-0.0052709559
4.455373e-07,-0.0052752642
4.456373e-07,-0.0052738281
4.457373e-07,-0.0052616211
4.458373e-07,-0.005236489
4.459373e-07,-0.0052041762
4.460373e-07,-0.0051747358
4.461373e-07,-0.0051567842
4.462373e-07,-0.0051560662
4.463373e-07,-0.0051718635
4.464373e-07,-0.0051948415
4.465373e-07,-0.0052149472
4.466373e-07,-0.005225
4.467373e-07,-0.0052228458
4.468373e-07,-0.0052149472
4.469373e-07,-0.0052099207
4.470373e-07,-0.005213511
4.471373e-07,-0.0052257181
4.472373e-07,-0.0052400793
4.473373e-07,-0.0052458238
4.474373e-07,-0.005236489
4.475373e-07,-0.0052120749
4.476373e-07,-0.0051797622
4.477373e-07,-0.005153912
4.478373e-07,-0.0051445772
4.479373e-07,-0.005153912
4.480373e-07,-0.0051768899
4.481373e-07,-0.0052005859
4.482373e-07,-0.005213511
4.483373e-07,-0.0052106388
4.484373e-07,-0.0051955595
4.485373e-07,-0.005177608
4.486373e-07,-0.0051675551
4.487373e-07,-0.0051689913
4.488373e-07,-0.0051797622
4.489373e-07,-0.005189815
4.490373e-07,-0.0051905331
4.491373e-07,-0.0051768899
4.492373e-07,-0.005153912
4.493373e-07,-0.0051316521
4.494373e-07,-0.0051215993
4.495373e-07,-0.0051287799
4.496373e-07,-0.0051517578
4.497373e-07,-0.0051797622
4.498373e-07,-0.0052020221
4.499373e-07,-0.0052099207
4.500373e-07,-0.0052034582
4.501373e-07,-0.005189815
4.502373e-07,-0.0051790441
4.503373e-07,-0.005177608
4.504373e-07,-0.0051855067
4.505373e-07,-0.0051962776
4.506373e-07,-0.0052020221
4.507373e-07,-0.0051955595
4.508373e-07,-0.0051790441
4.509373e-07,-0.0051589384
4.510373e-07,-0.0051445772
4.511373e-07,-0.0051438591
4.512373e-07,-0.0051582204
4.513373e-07,-0.0051804802
4.514373e-07,-0.0052020221
4.515373e-07,-0.005213511
4.516373e-07,-0.005212793
4.517373e-07,-0.0052020221
4.518373e-07,-0.0051905331
4.519373e-07,-0.0051847886
4.520373e-07,-0.005189815
4.521373e-07,-0.0052048943
4.522373e-07,-0.005225
4.523373e-07,-0.0052443876
4.524373e-07,-0.0052587489
4.525373e-07,-0.0052673656
4.526373e-07,-0.0052709559
4.527373e-07,-0.0052709559
4.528373e-07,-0.0052688017
4.529373e-07,-0.0052644933
4.530373e-07,-0.0052594669
4.531373e-07,-0.0052544405
4.532373e-07,-0.0052515682
4.533373e-07,-0.0052530044
4.534373e-07,-0.0052594669
4.535373e-07,-0.0052688017
4.536373e-07,-0.0052759823
4.537373e-07,-0.0052774184
4.538373e-07,-0.0052709559
4.539373e-07,-0.0052594669
4.540373e-07,-0.0052494141
4.541373e-07,-0.005248696
4.542373e-07,-0.0052594669
4.543373e-07,-0.0052817268
4.544373e-07,-0.005307577
4.545373e-07,-0.0053291188
4.546373e-07,-0.0053398897
4.547373e-07,-0.0053391716
4.548373e-07,-0.005331991
4.549373e-07,-0.0053262466
4.550373e-07,-0.0053284007
4.551373e-07,-0.0053398897
4.552373e-07,-0.0053564051
4.553373e-07,-0.0053700483
4.554373e-07,-0.0053743566
4.555373e-07,-0.0053686121
4.556373e-07,-0.0053571232
4.557373e-07,-0.0053492245
4.558373e-07,-0.0053513787
4.559373e-07,-0.005366458
4.560373e-07,-0.005390154
4.561373e-07,-0.005414568
4.562373e-07,-0.0054318015
4.563373e-07,-0.0054397001
4.564373e-07,-0.0054418543
4.565373e-07,-0.0054447266
4.566373e-07,-0.0054547794
4.567373e-07,-0.0054727309
4.568373e-07,-0.0054921186
4.569373e-07,-0.0055043256
4.570373e-07,-0.0055007353
4.571373e-07,-0.0054791935
4.572373e-07,-0.0054468807
4.573373e-07,-0.0054152861
4.574373e-07,-0.0053973346
4.575373e-07,-0.0054009249
4.576373e-07,-0.0054239028
4.577373e-07,-0.0054576517
4.578373e-07,-0.0054892463
4.579373e-07,-0.005508634
4.580373e-07,-0.0055136604
4.581373e-07,-0.0055079159
4.582373e-07,-0.0055007353
4.583373e-07,-0.0054992992
4.584373e-07,-0.0055057617
4.585373e-07,-0.0055165326
4.586373e-07,-0.0055237132
4.587373e-07,-0.005520841
4.588373e-07,-0.0055050437
4.589373e-07,-0.0054806296
4.590373e-07,-0.0054547794
4.591373e-07,-0.0054346737
4.592373e-07,-0.0054246209
4.593373e-07,-0.0054246209
4.594373e-07,-0.0054318015
4.595373e-07,-0.0054397001
4.596373e-07,-0.0054454446
4.597373e-07,-0.0054461627
4.598373e-07,-0.0054432904
4.599373e-07,-0.005437546
4.600373e-07,-0.0054296473
4.601373e-07,-0.0054203125
4.602373e-07,-0.0054088235
4.603373e-07,-0.0053966165
4.604373e-07,-0.0053858456
4.605373e-07,-0.0053779469
4.606373e-07,-0.0053743566
4.607373e-07,-0.0053743566
4.608373e-07,-0.0053750747
4.609373e-07,-0.0053750747
4.610373e-07,-0.0053743566
4.611373e-07,-0.0053743566
4.612373e-07,-0.005378665
4.613373e-07,-0.005390154
4.614373e-07,-0.0054088235
4.615373e-07,-0.0054289292
4.616373e-07,-0.0054440085
4.617373e-07,-0.0054454446
4.618373e-07,-0.0054318015
4.619373e-07,-0.0054059513
4.620373e-07,-0.0053772289
4.621373e-07,-0.0053571232
4.622373e-07,-0.0053513787
4.623373e-07,-0.0053614315
4.624373e-07,-0.0053815372
4.625373e-07,-0.0054002068
4.626373e-07,-0.0054088235
4.627373e-07,-0.0054045152
4.628373e-07,-0.005390154
4.629373e-07,-0.0053743566
4.630373e-07,-0.0053628676
