LECROYHDO6104B,11090,Waveform
Segments,1,SegmentSize,5002
Segment,TrigTime,TimeSinceSegment1
#1,04-May-2026 18:53:14,0                 
Time,Ampl
-3.707666e-08,-0.0055466912
-3.697666e-08,-0.0055596163
-3.687666e-08,-0.005579722
-3.677666e-08,-0.0055948012
-3.667666e-08,-0.0055926471
-3.657666e-08,-0.0055696691
-3.647666e-08,-0.00553233
-3.637666e-08,-0.005497145
-3.627666e-08,-0.0054777574
-3.617666e-08,-0.0054799115
-3.607666e-08,-0.0054992992
-3.597666e-08,-0.0055222771
-3.587666e-08,-0.0055352022
-3.577666e-08,-0.0055316119
-3.567666e-08,-0.0055143784
-3.557666e-08,-0.0054964269
-3.547666e-08,-0.0054892463
-3.537666e-08,-0.0054978631
-3.527666e-08,-0.0055165326
-3.517666e-08,-0.0055337661
-3.507666e-08,-0.0055352022
-3.497666e-08,-0.0055172507
-3.487666e-08,-0.005485656
-3.477666e-08,-0.0054554975
-3.467666e-08,-0.0054432904
-3.457666e-08,-0.0054569336
-3.447666e-08,-0.0054921186
-3.437666e-08,-0.0055352022
-3.427666e-08,-0.0055696691
-3.417666e-08,-0.0055840303
-3.407666e-08,-0.0055782858
-3.397666e-08,-0.0055617705
-3.387666e-08,-0.0055466912
-3.377666e-08,-0.0055438189
-3.367666e-08,-0.0055538718
-3.357666e-08,-0.0055696691
-3.347666e-08,-0.0055811581
-3.337666e-08,-0.0055818761
-3.327666e-08,-0.0055725414
-3.317666e-08,-0.0055610524
-3.307666e-08,-0.0055581801
-3.297666e-08,-0.0055689511
-3.287666e-08,-0.005591929
-3.277666e-08,-0.0056184972
-3.267666e-08,-0.0056386029
-3.257666e-08,-0.0056457835
-3.247666e-08,-0.0056400391
-3.237666e-08,-0.0056314223
-3.227666e-08,-0.005627114
-3.217666e-08,-0.0056342946
-3.207666e-08,-0.00565081
-3.197666e-08,-0.0056709157
-3.187666e-08,-0.0056845588
-3.177666e-08,-0.0056881491
-3.167666e-08,-0.0056845588
-3.157666e-08,-0.0056802505
-3.147666e-08,-0.0056845588
-3.137666e-08,-0.0056996381
-3.127666e-08,-0.005722616
-3.117666e-08,-0.0057434398
-3.107666e-08,-0.0057534926
-3.097666e-08,-0.0057491843
-3.087666e-08,-0.0057355411
-3.077666e-08,-0.005721898
-3.067666e-08,-0.0057190257
-3.057666e-08,-0.0057312328
-3.047666e-08,-0.0057549288
-3.037666e-08,-0.0057779067
-3.027666e-08,-0.0057879596
-3.017666e-08,-0.0057786248
-3.007666e-08,-0.0057527746
-2.997666e-08,-0.0057204619
-2.987666e-08,-0.0056960478
-2.977666e-08,-0.0056888672
-2.967666e-08,-0.0056996381
-2.957666e-08,-0.0057211799
-2.947666e-08,-0.0057420037
-2.937666e-08,-0.0057520565
-2.927666e-08,-0.0057477482
-2.917666e-08,-0.005734105
-2.907666e-08,-0.0057190257
-2.897666e-08,-0.0057096909
-2.887666e-08,-0.0057082548
-2.877666e-08,-0.0057132812
-2.867666e-08,-0.0057190257
-2.857666e-08,-0.0057204619
-2.847666e-08,-0.0057168716
-2.837666e-08,-0.0057111271
-2.827666e-08,-0.0057075368
-2.817666e-08,-0.0057089729
-2.807666e-08,-0.0057147174
-2.797666e-08,-0.0057197438
-2.787666e-08,-0.0057190257
-2.777666e-08,-0.0057111271
-2.767666e-08,-0.0056974839
-2.757666e-08,-0.0056831227
-2.747666e-08,-0.0056730699
-2.737666e-08,-0.0056701976
-2.727666e-08,-0.0056709157
-2.717666e-08,-0.0056694795
-2.707666e-08,-0.0056615809
-2.697666e-08,-0.0056443474
-2.687666e-08,-0.0056213695
-2.677666e-08,-0.0055976735
-2.667666e-08,-0.0055811581
-2.657666e-08,-0.0055732594
-2.647666e-08,-0.0055725414
-2.637666e-08,-0.0055732594
-2.627666e-08,-0.0055696691
-2.617666e-08,-0.0055596163
-2.607666e-08,-0.0055452551
-2.597666e-08,-0.0055316119
-2.587666e-08,-0.0055237132
-2.577666e-08,-0.0055215591
-2.567666e-08,-0.005520841
-2.557666e-08,-0.0055150965
-2.547666e-08,-0.0055007353
-2.537666e-08,-0.0054763212
-2.527666e-08,-0.0054454446
-2.517666e-08,-0.0054174403
-2.507666e-08,-0.0053973346
-2.497666e-08,-0.0053879998
-2.487666e-08,-0.0053858456
-2.477666e-08,-0.0053865636
-2.467666e-08,-0.0053858456
-2.457666e-08,-0.0053822553
-2.447666e-08,-0.0053808192
-2.437666e-08,-0.0053851275
-2.427666e-08,-0.0053973346
-2.417666e-08,-0.0054152861
-2.407666e-08,-0.0054318015
-2.397666e-08,-0.005438264
-2.387666e-08,-0.0054318015
-2.377666e-08,-0.0054160041
-2.367666e-08,-0.0054002068
-2.357666e-08,-0.0053951804
-2.347666e-08,-0.0054088235
-2.337666e-08,-0.005438264
-2.327666e-08,-0.0054748851
-2.317666e-08,-0.0055064798
-2.307666e-08,-0.0055237132
-2.297666e-08,-0.0055273035
-2.287666e-08,-0.0055251494
-2.277666e-08,-0.0055287397
-2.267666e-08,-0.0055466912
-2.257666e-08,-0.0055775678
-2.247666e-08,-0.0056120347
-2.237666e-08,-0.0056357307
-2.227666e-08,-0.0056386029
-2.217666e-08,-0.0056206514
-2.207666e-08,-0.005591929
-2.197666e-08,-0.0055703872
-2.187666e-08,-0.0055696691
-2.177666e-08,-0.0055955193
-2.167666e-08,-0.005639321
-2.157666e-08,-0.0056859949
-2.147666e-08,-0.0057190257
-2.137666e-08,-0.0057290786
-2.127666e-08,-0.0057183077
-2.117666e-08,-0.00569892
-2.107666e-08,-0.0056845588
-2.097666e-08,-0.0056845588
-2.087666e-08,-0.005698202
-2.077666e-08,-0.0057168716
-2.067666e-08,-0.0057305147
-2.057666e-08,-0.0057333869
-2.047666e-08,-0.0057269244
-2.037666e-08,-0.0057190257
-2.027666e-08,-0.0057190257
-2.017666e-08,-0.0057305147
-2.007666e-08,-0.0057499023
-1.997666e-08,-0.0057685719
-1.987666e-08,-0.0057764706
-1.977666e-08,-0.005770008
-1.967666e-08,-0.0057534926
-1.957666e-08,-0.0057369773
-1.947666e-08,-0.0057305147
-1.937666e-08,-0.0057384134
-1.927666e-08,-0.0057563649
-1.917666e-08,-0.0057728803
-1.907666e-08,-0.0057764706
-1.897666e-08,-0.0057613913
-1.887666e-08,-0.0057312328
-1.877666e-08,-0.0056974839
-1.867666e-08,-0.0056730699
-1.857666e-08,-0.0056651712
-1.847666e-08,-0.0056730699
-1.837666e-08,-0.005686713
-1.827666e-08,-0.0056960478
-1.817666e-08,-0.0056931756
-1.807666e-08,-0.0056795324
-1.797666e-08,-0.0056622989
-1.787666e-08,-0.0056500919
-1.777666e-08,-0.0056493739
-1.767666e-08,-0.0056565545
-1.757666e-08,-0.0056644531
-1.747666e-08,-0.0056615809
-1.737666e-08,-0.0056429113
-1.727666e-08,-0.0056113166
-1.717666e-08,-0.0055754136
-1.707666e-08,-0.0055466912
-1.697666e-08,-0.005533048
-1.687666e-08,-0.0055352022
-1.677666e-08,-0.0055466912
-1.667666e-08,-0.0055581801
-1.657666e-08,-0.0055624885
-1.647666e-08,-0.0055603343
-1.637666e-08,-0.005556744
-1.627666e-08,-0.0055581801
-1.617666e-08,-0.0055703872
-1.607666e-08,-0.0055904929
-1.597666e-08,-0.0056127528
-1.587666e-08,-0.005627114
-1.577666e-08,-0.0056292682
-1.567666e-08,-0.0056192153
-1.557666e-08,-0.005604136
-1.547666e-08,-0.0055926471
-1.537666e-08,-0.0055904929
-1.527666e-08,-0.0055983915
-1.517666e-08,-0.0056091625
-1.507666e-08,-0.005615625
-1.497666e-08,-0.0056120347
-1.487666e-08,-0.0055991096
-1.477666e-08,-0.0055825942
-1.467666e-08,-0.0055696691
-1.457666e-08,-0.0055667969
-1.447666e-08,-0.0055754136
-1.437666e-08,-0.0055897748
-1.427666e-08,-0.005604136
-1.417666e-08,-0.0056134708
-1.407666e-08,-0.005615625
-1.397666e-08,-0.0056149069
-1.387666e-08,-0.005615625
-1.377666e-08,-0.0056213695
-1.367666e-08,-0.0056314223
-1.357666e-08,-0.0056429113
-1.347666e-08,-0.0056500919
-1.337666e-08,-0.00565081
-1.327666e-08,-0.0056465016
-1.317666e-08,-0.0056407571
-1.307666e-08,-0.0056386029
-1.297666e-08,-0.0056429113
-1.287666e-08,-0.0056529642
-1.277666e-08,-0.0056644531
-1.267666e-08,-0.0056730699
-1.257666e-08,-0.0056766602
-1.247666e-08,-0.0056759421
-1.237666e-08,-0.0056737879
-1.227666e-08,-0.0056730699
-1.217666e-08,-0.0056759421
-1.207666e-08,-0.0056802505
-1.197666e-08,-0.0056838408
-1.187666e-08,-0.0056845588
-1.177666e-08,-0.0056831227
-1.167666e-08,-0.0056824046
-1.157666e-08,-0.005686713
-1.147666e-08,-0.0056960478
-1.137666e-08,-0.0057082548
-1.127666e-08,-0.0057175896
-1.117666e-08,-0.0057183077
-1.107666e-08,-0.0057075368
-1.097666e-08,-0.0056888672
-1.087666e-08,-0.0056716337
-1.077666e-08,-0.0056644531
-1.067666e-08,-0.0056730699
-1.057666e-08,-0.0056953297
-1.047666e-08,-0.005721898
-1.037666e-08,-0.0057405676
-1.027666e-08,-0.0057420037
-1.017666e-08,-0.0057247702
-1.007666e-08,-0.0056960478
-9.976662e-09,-0.0056680434
-9.876662e-09,-0.0056500919
-9.776662e-09,-0.0056479377
-9.676662e-09,-0.0056572725
-9.576662e-09,-0.0056687615
-9.476662e-09,-0.0056730699
-9.376662e-09,-0.0056658892
-9.276662e-09,-0.0056493739
-9.176662e-09,-0.0056335765
-9.076662e-09,-0.005627114
-8.976662e-09,-0.0056342946
-8.876662e-09,-0.0056522461
-8.776662e-09,-0.0056723518
-8.676662e-09,-0.0056845588
-8.576662e-09,-0.0056831227
-8.476662e-09,-0.0056694795
-8.376662e-09,-0.005651528
-8.276662e-09,-0.0056386029
-8.176662e-09,-0.0056378849
-8.076662e-09,-0.0056472197
-7.976662e-09,-0.0056622989
-7.876662e-09,-0.0056730699
-7.776662e-09,-0.005674506
-7.676662e-09,-0.0056680434
-7.576662e-09,-0.0056608628
-7.476662e-09,-0.0056615809
-7.376662e-09,-0.0056766602
-7.276662e-09,-0.0057061006
-7.176662e-09,-0.0057427217
-7.076662e-09,-0.0057764706
-6.976662e-09,-0.0057980124
-6.876662e-09,-0.005804475
-6.776662e-09,-0.0057987305
-6.676662e-09,-0.0057879596
-6.576662e-09,-0.0057800609
-6.476662e-09,-0.0057786248
-6.376662e-09,-0.0057829331
-6.276662e-09,-0.0057879596
-6.176662e-09,-0.0057886776
-6.076662e-09,-0.0057836512
-5.976662e-09,-0.0057743164
-5.876662e-09,-0.0057649816
-5.776662e-09,-0.0057606733
-5.676662e-09,-0.0057628274
-5.576662e-09,-0.00576929
-5.476662e-09,-0.0057764706
-5.376662e-09,-0.0057793428
-5.276662e-09,-0.0057757525
-5.176662e-09,-0.0057656997
-5.076662e-09,-0.0057534926
-4.976662e-09,-0.0057412856
-4.876662e-09,-0.0057319508
-4.776662e-09,-0.0057254883
-4.676662e-09,-0.0057190257
-4.576662e-09,-0.0057118451
-4.476662e-09,-0.0057032284
-4.376662e-09,-0.0056938936
-4.276662e-09,-0.0056845588
-4.176662e-09,-0.0056773782
-4.076662e-09,-0.0056716337
-3.976662e-09,-0.0056666073
-3.876662e-09,-0.0056615809
-3.776662e-09,-0.0056558364
-3.676662e-09,-0.0056486558
-3.576662e-09,-0.005639321
-3.476662e-09,-0.005627114
-3.376662e-09,-0.0056091625
-3.276662e-09,-0.0055818761
-3.176662e-09,-0.0055459731
-3.076662e-09,-0.0055007353
-2.976662e-09,-0.005450471
-2.876662e-09,-0.0054002068
-2.776662e-09,-0.0053520967
-2.676662e-09,-0.0053054228
-2.576662e-09,-0.0052565947
-2.476662e-09,-0.0051984318
-2.376662e-09,-0.0051266257
-2.276662e-09,-0.0050411765
-2.176662e-09,-0.0049456744
-2.076662e-09,-0.0048480182
-1.976662e-09,-0.0047532341
-1.876662e-09,-0.0046620404
-1.776662e-09,-0.0045672564
-1.676662e-09,-0.0044581112
-1.576662e-09,-0.0043223977
-1.476662e-09,-0.0041565257
-1.376662e-09,-0.0039633674
-1.276662e-09,-0.0037551298
-1.176662e-09,-0.0035447381
-1.076662e-09,-0.0033408088
-9.766615e-10,-0.0031433421
-8.766615e-10,-0.0029444393
-7.766615e-10,-0.0027304573
-6.766615e-10,-0.002490625
-5.766615e-10,-0.0022235064
-4.766615e-10,-0.001934846
-3.766615e-10,-0.0016368509
-2.766615e-10,-0.0013417279
-1.766615e-10,-0.0010545037
-7.666153e-11,-0.0007730239
2.333847e-11,-0.00048867187
1.233385e-10,-0.00019283088
2.233385e-10,0.00011880744
3.233385e-10,0.00044337086
4.233385e-10,0.00077511489
5.233385e-10,0.0011054228
6.233385e-10,0.0014314223
7.233385e-10,0.0017545496
8.233385e-10,0.0020776769
9.233385e-10,0.0024036765
1.023338e-09,0.002728958
1.123338e-09,0.0030456227
1.223338e-09,0.003345054
1.323338e-09,0.0036215074
1.423338e-09,0.0038771369
1.523338e-09,0.0041205595
1.623338e-09,0.0043618279
1.723338e-09,0.0046095588
1.823338e-09,0.0048637523
1.923338e-09,0.0051157916
2.023338e-09,0.0053556239
2.123338e-09,0.0055746324
2.223338e-09,0.0057706629
2.323338e-09,0.0059501781
2.423338e-09,0.0061203585
2.523338e-09,0.0062869485
2.623338e-09,0.0064485122
2.723338e-09,0.0065957146
2.823338e-09,0.006719221
2.923338e-09,0.0068154412
3.023338e-09,0.0068894014
3.123338e-09,0.0069561811
3.223338e-09,0.0070315774
3.323338e-09,0.0071256434
3.423338e-09,0.0072362247
3.523338e-09,0.0073503964
3.623338e-09,0.0074480526
3.723338e-09,0.0075162684
3.823338e-09,0.0075521714
3.923338e-09,0.0075665326
4.023338e-09,0.0075765855
4.123338e-09,0.0075966912
4.223338e-09,0.00763044
4.323338e-09,0.0076699334
4.423338e-09,0.00770081
4.523338e-09,0.0077115809
4.623338e-09,0.00770081
4.723338e-09,0.0076792682
4.823338e-09,0.0076634708
4.923338e-09,0.007665625
5.023338e-09,0.0076878849
5.123338e-09,0.0077201976
5.223338e-09,0.0077438936
5.323338e-09,0.0077460478
5.423338e-09,0.007724506
5.523338e-09,0.007689321
5.623338e-09,0.0076613166
5.723338e-09,0.007654136
5.823338e-09,0.0076713695
5.923338e-09,0.007701528
6.023338e-09,0.007724506
6.123338e-09,0.0077230699
6.223338e-09,0.0076936294
6.323338e-09,0.0076476735
6.423338e-09,0.0076081801
6.523338e-09,0.0075966912
6.623338e-09,0.0076211052
6.723338e-09,0.0076720875
6.823338e-09,0.0077295324
6.923338e-09,0.0077690257
7.023338e-09,0.0077783605
7.123338e-09,0.007760409
7.223338e-09,0.0077316866
7.323338e-09,0.0077115809
7.423338e-09,0.0077122989
7.523338e-09,0.0077316866
7.623338e-09,0.0077561006
7.723338e-09,0.0077690257
7.823338e-09,0.007760409
7.923338e-09,0.0077352769
8.023338e-09,0.0077094267
8.123338e-09,0.0077000919
8.223338e-09,0.0077194795
8.323338e-09,0.0077647174
8.423338e-09,0.0078214442
8.523338e-09,0.0078724265
8.623338e-09,0.0079033031
8.723338e-09,0.0079133559
8.823338e-09,0.0079097656
8.923338e-09,0.0079068934
9.023338e-09,0.0079126379
9.123338e-09,0.0079277171
9.223338e-09,0.0079442325
9.323338e-09,0.0079528493
9.423338e-09,0.007949977
9.523338e-09,0.0079399242
9.623338e-09,0.0079334616
9.723338e-09,0.0079413603
9.823338e-09,0.0079664924
9.923338e-09,0.0080023955
1.002334e-08,0.0080368624
1.012334e-08,0.00805625
1.022334e-08,0.0080569681
1.032334e-08,0.0080433249
1.042334e-08,0.0080282456
1.052334e-08,0.0080217831
1.062334e-08,0.0080282456
1.072334e-08,0.0080404527
1.082334e-08,0.0080454791
1.092334e-08,0.0080332721
1.102334e-08,0.0080016774
1.112334e-08,0.007961466
1.122334e-08,0.0079291533
1.132334e-08,0.0079183824
1.142334e-08,0.0079327436
1.152334e-08,0.0079629021
1.162334e-08,0.0079901884
1.172334e-08,0.0079988051
1.182334e-08,0.0079815717
1.192334e-08,0.0079456687
1.202334e-08,0.0079076114
1.212334e-08,0.0078839154
1.222334e-08,0.0078810432
1.232334e-08,0.0078939683
1.242334e-08,0.0079076114
1.252334e-08,0.0079068934
1.262334e-08,0.0078846335
1.272334e-08,0.0078458582
1.282334e-08,0.0078063649
1.292334e-08,0.0077805147
1.302334e-08,0.0077754883
1.312334e-08,0.0077869773
1.322334e-08,0.0078006204
1.332334e-08,0.0078034926
1.342334e-08,0.0077876953
1.352334e-08,0.0077575368
1.362334e-08,0.007724506
1.372334e-08,0.0077000919
1.382334e-08,0.0076886029
1.392334e-08,0.0076828585
1.402334e-08,0.0076713695
1.412334e-08,0.0076426471
1.422334e-08,0.0075959731
1.432334e-08,0.0075414005
1.442334e-08,0.0074947266
1.452334e-08,0.0074703125
1.462334e-08,0.0074710306
1.472334e-08,0.007488264
1.482334e-08,0.0075040614
1.492334e-08,0.0075047794
1.502334e-08,0.0074853918
1.512334e-08,0.007453079
1.522334e-08,0.0074243566
1.532334e-08,0.0074128676
1.542334e-08,0.0074207663
1.552334e-08,0.0074387178
1.562334e-08,0.0074487707
1.572334e-08,0.0074358456
1.582334e-08,0.0073970703
1.592334e-08,0.0073446519
1.602334e-08,0.0072972599
1.612334e-08,0.007275
1.622334e-08,0.0072843348
1.632334e-08,0.0073166475
1.642334e-08,0.0073539867
1.652334e-08,0.0073784007
1.662334e-08,0.0073805549
1.672334e-08,0.0073654756
1.682334e-08,0.0073489602
1.692334e-08,0.0073439338
1.702334e-08,0.0073554228
1.712334e-08,0.0073755285
1.722334e-08,0.0073884536
1.732334e-08,0.0073784007
1.742334e-08,0.0073439338
1.752334e-08,0.0072979779
1.762334e-08,0.0072606388
1.772334e-08,0.0072520221
1.782334e-08,0.0072785903
1.792334e-08,0.0073288545
1.802334e-08,0.007381273
1.812334e-08,0.0074128676
1.822334e-08,0.0074107135
1.832334e-08,0.0073805549
1.842334e-08,0.0073403435
1.852334e-08,0.0073094669
1.862334e-08,0.0073008502
1.872334e-08,0.0073123392
1.882334e-08,0.0073281365
1.892334e-08,0.0073324449
1.902334e-08,0.0073144933
1.912334e-08,0.0072778722
1.922334e-08,0.0072369428
1.932334e-08,0.0072060662
1.942334e-08,0.0071952953
1.952334e-08,0.0072003217
1.962334e-08,0.0072082204
1.972334e-08,0.0072060662
1.982334e-08,0.0071866785
1.992334e-08,0.0071550839
2.002334e-08,0.0071263614
2.012334e-08,0.0071141544
2.022334e-08,0.0071227711
2.032334e-08,0.007144313
2.042334e-08,0.0071622645
2.052334e-08,0.0071601103
2.062334e-08,0.0071321059
2.072334e-08,0.007085432
2.082334e-08,0.007038758
2.092334e-08,0.0070107537
2.102334e-08,0.0070121898
2.112334e-08,0.007038758
2.122334e-08,0.0070746611
2.132334e-08,0.0071026654
2.142334e-08,0.0071120002
2.152334e-08,0.0071041016
2.162334e-08,0.0070890223
2.172334e-08,0.0070796875
2.182334e-08,0.0070818417
2.192334e-08,0.0070918945
2.202334e-08,0.0070983571
2.212334e-08,0.0070911765
2.222334e-08,0.0070681985
2.232334e-08,0.0070394761
2.242334e-08,0.0070193704
2.252334e-08,0.0070222426
2.262334e-08,0.007050247
2.272334e-08,0.0070926126
2.282334e-08,0.0071313879
2.292334e-08,0.0071486213
2.302334e-08,0.0071385685
2.312334e-08,0.007109846
2.322334e-08,0.0070804056
2.332334e-08,0.0070681985
2.342334e-08,0.0070818417
2.352334e-08,0.0071148725
2.362334e-08,0.0071507755
2.372334e-08,0.0071715993
2.382334e-08,0.007168009
2.392334e-08,0.007145031
2.402334e-08,0.0071177447
2.412334e-08,0.0071026654
2.422334e-08,0.0071069738
2.432334e-08,0.0071277976
2.442334e-08,0.0071500574
2.452334e-08,0.0071601103
2.462334e-08,0.0071507755
2.472334e-08,0.0071270795
2.482334e-08,0.0071026654
2.492334e-08,0.0070911765
2.502334e-08,0.007097639
2.512334e-08,0.0071148725
2.522334e-08,0.0071292337
2.532334e-08,0.0071256434
2.542334e-08,0.0071005113
2.552334e-08,0.007061736
2.562334e-08,0.007026551
2.572334e-08,0.0070107537
2.582334e-08,0.0070193704
2.592334e-08,0.0070459386
2.602334e-08,0.0070717888
2.612334e-08,0.0070796875
2.622334e-08,0.007062454
2.632334e-08,0.0070272691
2.642334e-08,0.0069884938
2.652334e-08,0.0069647978
2.662334e-08,0.0069626436
2.672334e-08,0.0069770048
2.682334e-08,0.006990648
2.692334e-08,0.0069877757
2.702334e-08,0.0069597714
2.712334e-08,0.0069116613
2.722334e-08,0.0068613971
2.732334e-08,0.0068269301
2.742334e-08,0.0068183134
2.752334e-08,0.0068312385
2.762334e-08,0.0068513442
2.772334e-08,0.0068613971
2.782334e-08,0.0068506261
2.792334e-08,0.0068204676
2.802334e-08,0.0067845646
2.812334e-08,0.0067579963
2.822334e-08,0.0067508157
2.832334e-08,0.0067601505
2.842334e-08,0.0067752298
2.852334e-08,0.0067809743
2.862334e-08,0.0067687672
2.872334e-08,0.0067414809
2.882334e-08,0.0067098863
2.892334e-08,0.0066890625
2.902334e-08,0.0066876264
2.912334e-08,0.0067034237
2.922334e-08,0.0067278378
2.932334e-08,0.0067465074
2.942334e-08,0.0067522518
2.952334e-08,0.0067472254
2.962334e-08,0.0067378906
2.972334e-08,0.0067350184
2.982334e-08,0.006742199
2.992334e-08,0.006753688
3.002334e-08,0.0067587144
3.012334e-08,0.0067465074
3.022334e-08,0.0067134766
3.032334e-08,0.0066668026
3.042334e-08,0.0066230009
3.052334e-08,0.0065971507
3.062334e-08,0.0065964327
3.072334e-08,0.0066165384
3.082334e-08,0.0066416705
3.092334e-08,0.0066545956
3.102334e-08,0.0066459789
3.112334e-08,0.0066172564
3.122334e-08,0.0065806353
3.132334e-08,0.0065511949
3.142334e-08,0.0065389878
3.152334e-08,0.0065425781
3.162334e-08,0.0065511949
3.172334e-08,0.0065511949
3.182334e-08,0.0065318072
3.192334e-08,0.0064951861
3.202334e-08,0.0064499483
3.212334e-08,0.0064133272
3.222334e-08,0.0063953757
3.232334e-08,0.0063982479
3.242334e-08,0.0064126091
3.252334e-08,0.0064248162
3.262334e-08,0.006422662
3.272334e-08,0.0064018382
3.282334e-08,0.0063680894
3.292334e-08,0.0063329044
3.302334e-08,0.0063070542
3.312334e-08,0.0062962833
3.322334e-08,0.0062962833
3.332334e-08,0.0062984375
3.342334e-08,0.0062948472
3.352334e-08,0.0062819221
3.362334e-08,0.0062618164
3.372334e-08,0.0062409926
3.382334e-08,0.0062266314
3.392334e-08,0.006221605
3.402334e-08,0.0062237592
3.412334e-08,0.0062295037
3.422334e-08,0.006233094
3.432334e-08,0.0062345301
3.442334e-08,0.0062359662
3.452334e-08,0.0062409926
3.462334e-08,0.0062517636
3.472334e-08,0.0062646886
3.482334e-08,0.0062754596
3.492334e-08,0.0062754596
3.502334e-08,0.0062618164
3.512334e-08,0.0062359662
3.522334e-08,0.0062072438
3.532334e-08,0.0061835478
3.542334e-08,0.006174213
3.552334e-08,0.0061806756
3.562334e-08,0.006197909
3.572334e-08,0.0062180147
3.582334e-08,0.0062316579
3.592334e-08,0.006233812
3.602334e-08,0.0062244773
3.612334e-08,0.0062065257
3.622334e-08,0.006185702
3.632334e-08,0.0061655963
3.642334e-08,0.0061462086
3.652334e-08,0.0061261029
3.662334e-08,0.0061045611
3.672334e-08,0.0060815832
3.682334e-08,0.0060600414
3.692334e-08,0.0060456801
3.702334e-08,0.0060399357
3.712334e-08,0.0060428079
3.722334e-08,0.0060499885
3.732334e-08,0.0060571691
3.742334e-08,0.0060586052
3.752334e-08,0.0060521427
3.762334e-08,0.0060392176
3.772334e-08,0.0060227022
3.782334e-08,0.0060061868
3.792334e-08,0.0059903895
3.802334e-08,0.0059738741
3.812334e-08,0.0059537684
3.822334e-08,0.0059286363
3.832334e-08,0.0058984777
3.842334e-08,0.005866883
3.852334e-08,0.0058388787
3.862334e-08,0.005818773
3.872334e-08,0.005807284
3.882334e-08,0.0058044118
3.892334e-08,0.0058044118
3.902334e-08,0.0058022576
3.912334e-08,0.0057943589
3.922334e-08,0.0057792796
3.932334e-08,0.0057584559
3.942334e-08,0.0057354779
3.952334e-08,0.0057139361
3.962334e-08,0.0056945485
3.972334e-08,0.0056780331
3.982334e-08,0.0056622358
3.992334e-08,0.0056457204
4.002334e-08,0.0056277688
4.012334e-08,0.0056090993
4.022334e-08,0.0055897116
4.032334e-08,0.0055717601
4.042334e-08,0.0055552447
4.052334e-08,0.0055401654
4.062334e-08,0.0055258042
4.072334e-08,0.005511443
4.082334e-08,0.0054970818
4.092334e-08,0.0054827206
4.102334e-08,0.0054690774
4.112334e-08,0.0054561523
4.122334e-08,0.0054453814
4.132334e-08,0.0054367647
4.142334e-08,0.0054303022
4.152334e-08,0.0054245577
4.162334e-08,0.0054195313
4.172334e-08,0.0054137868
4.182334e-08,0.0054073242
4.192334e-08,0.0054001436
4.202334e-08,0.0053943991
4.212334e-08,0.0053908088
4.222334e-08,0.0053908088
4.232334e-08,0.0053943991
4.242334e-08,0.0053994256
4.252334e-08,0.0054022978
4.262334e-08,0.0053979894
4.272334e-08,0.0053850643
4.282334e-08,0.0053620864
4.292334e-08,0.005333364
4.302334e-08,0.0053053596
4.312334e-08,0.0052845358
4.322334e-08,0.005274483
4.332334e-08,0.0052759191
4.342334e-08,0.0052845358
4.352334e-08,0.0052938706
4.362334e-08,0.0052996151
4.372334e-08,0.0052988971
4.382334e-08,0.0052945887
4.392334e-08,0.0052909984
4.402334e-08,0.0052917165
4.412334e-08,0.0052988971
4.422334e-08,0.0053089499
4.432334e-08,0.0053154125
4.442334e-08,0.0053132583
4.452334e-08,0.0052988971
4.462334e-08,0.005274483
4.472334e-08,0.0052464786
4.482334e-08,0.0052220646
4.492334e-08,0.0052069853
4.502334e-08,0.005203395
4.512334e-08,0.0052069853
4.522334e-08,0.0052141659
4.532334e-08,0.0052184743
4.542334e-08,0.0052191923
4.552334e-08,0.0052177562
4.562334e-08,0.0052170381
4.572334e-08,0.0052184743
4.582334e-08,0.0052199104
4.592334e-08,0.0052170381
4.602334e-08,0.0052055492
4.612334e-08,0.0051840074
4.622334e-08,0.0051552849
4.632334e-08,0.0051265625
4.642334e-08,0.0051078929
4.652334e-08,0.0051035846
4.662334e-08,0.0051143555
4.672334e-08,0.0051337431
4.682334e-08,0.0051524127
4.692334e-08,0.0051610294
4.702334e-08,0.005156721
4.712334e-08,0.0051409237
4.722334e-08,0.0051215361
4.732334e-08,0.0051035846
4.742334e-08,0.0050913775
4.752334e-08,0.0050827608
4.762334e-08,0.005072708
4.772334e-08,0.0050576287
4.782334e-08,0.0050353688
4.792334e-08,0.0050102367
4.802334e-08,0.0049886949
4.812334e-08,0.0049772059
4.822334e-08,0.0049772059
4.832334e-08,0.0049836684
4.842334e-08,0.004990849
4.852334e-08,0.0049886949
4.862334e-08,0.0049743336
4.872334e-08,0.0049499196
4.882334e-08,0.0049211972
4.892334e-08,0.0048967831
4.902334e-08,0.0048809858
4.912334e-08,0.0048745232
4.922334e-08,0.0048702148
4.932334e-08,0.0048623162
4.942334e-08,0.0048458008
4.952334e-08,0.0048221048
4.962334e-08,0.0047941004
4.972334e-08,0.0047704044
4.982334e-08,0.0047546071
4.992334e-08,0.0047481445
5.002334e-08,0.0047474265
5.012334e-08,0.0047474265
5.022334e-08,0.0047438362
5.032334e-08,0.0047366556
5.042334e-08,0.0047287569
5.052334e-08,0.0047244485
5.062334e-08,0.0047251666
5.072334e-08,0.0047309111
5.082334e-08,0.0047359375
5.092334e-08,0.0047359375
5.102334e-08,0.0047258847
5.112334e-08,0.004706497
5.122334e-08,0.0046813649
5.132334e-08,0.0046555147
5.142334e-08,0.0046346909
5.152334e-08,0.0046203297
5.162334e-08,0.0046131491
5.172334e-08,0.0046095588
5.182334e-08,0.0046081227
5.192334e-08,0.0046081227
5.202334e-08,0.0046081227
5.212334e-08,0.0046095588
5.222334e-08,0.0046102769
5.232334e-08,0.0046088408
5.242334e-08,0.0046009421
5.252334e-08,0.0045865809
5.262334e-08,0.0045664752
5.272334e-08,0.0045456514
5.282334e-08,0.004528418
5.292334e-08,0.0045176471
5.302334e-08,0.0045140568
5.312334e-08,0.0045133387
5.322334e-08,0.0045119026
5.332334e-08,0.0045061581
5.342334e-08,0.0044961052
5.352334e-08,0.0044838982
5.362334e-08,0.0044752815
5.372334e-08,0.0044716912
5.382334e-08,0.0044724092
5.392334e-08,0.0044724092
5.402334e-08,0.0044659467
5.412334e-08,0.0044487132
5.422334e-08,0.0044214269
5.432334e-08,0.0043891142
5.442334e-08,0.0043582376
5.452334e-08,0.0043338235
5.462334e-08,0.0043173081
5.472334e-08,0.0043051011
5.482334e-08,0.004292176
5.492334e-08,0.0042763787
5.502334e-08,0.004256991
5.512334e-08,0.0042383215
5.522334e-08,0.0042246783
5.532334e-08,0.0042189338
5.542334e-08,0.0042174977
5.552334e-08,0.0042146255
5.562334e-08,0.0042009823
5.572334e-08,0.0041729779
5.582334e-08,0.0041342027
5.592334e-08,0.0040925551
5.602334e-08,0.0040609605
5.612334e-08,0.0040465993
5.622334e-08,0.0040501896
5.632334e-08,0.0040652688
5.642334e-08,0.004078912
5.652334e-08,0.0040810662
5.662334e-08,0.0040681411
5.672334e-08,0.0040444451
5.682334e-08,0.0040185949
5.692334e-08,0.0040006434
5.702334e-08,0.0039934628
5.712334e-08,0.0039948989
5.722334e-08,0.003996335
5.732334e-08,0.0039891544
5.742334e-08,0.0039697668
5.752334e-08,0.0039424805
5.762334e-08,0.0039151942
5.772334e-08,0.0038972426
5.782334e-08,0.0038936523
5.792334e-08,0.003901551
5.802334e-08,0.003913758
5.812334e-08,0.0039202206
5.822334e-08,0.0039159122
5.832334e-08,0.003901551
5.842334e-08,0.0038814453
5.852334e-08,0.0038627757
5.862334e-08,0.0038491326
5.872334e-08,0.0038383617
5.882334e-08,0.0038254366
5.892334e-08,0.0038053309
5.902334e-08,0.0037758904
5.912334e-08,0.0037414235
5.922334e-08,0.0037098288
5.932334e-08,0.0036904412
5.942334e-08,0.0036861328
5.952334e-08,0.0036925954
5.962334e-08,0.0037012121
5.972334e-08,0.0037019301
5.982334e-08,0.003688287
5.992334e-08,0.0036617188
6.002334e-08,0.003628688
6.012334e-08,0.0035985294
6.022334e-08,0.0035777057
6.032334e-08,0.0035676528
6.042334e-08,0.0035619083
6.052334e-08,0.0035525735
6.062334e-08,0.003534622
6.072334e-08,0.0035066176
6.082334e-08,0.003475741
6.092334e-08,0.0034491728
6.102334e-08,0.0034340935
6.112334e-08,0.0034319393
6.122334e-08,0.0034391199
6.132334e-08,0.0034491728
6.142334e-08,0.0034541992
6.152334e-08,0.003451327
6.162334e-08,0.0034405561
6.172334e-08,0.0034261949
6.182334e-08,0.0034111156
6.192334e-08,0.0033974724
6.202334e-08,0.0033838293
6.212334e-08,0.00336875
6.222334e-08,0.0033507985
6.232334e-08,0.0033306928
6.242334e-08,0.0033127413
6.252334e-08,0.0032998162
6.262334e-08,0.0032940717
6.272334e-08,0.0032947898
6.282334e-08,0.003297662
6.292334e-08,0.0032998162
6.302334e-08,0.003297662
6.312334e-08,0.0032911994
6.322334e-08,0.0032833008
6.332334e-08,0.0032768382
6.342334e-08,0.0032732479
6.352334e-08,0.0032710938
6.362334e-08,0.0032696576
6.372334e-08,0.0032653493
6.382334e-08,0.0032596048
6.392334e-08,0.0032538603
6.402334e-08,0.0032509881
6.412334e-08,0.0032538603
6.422334e-08,0.0032596048
6.432334e-08,0.0032653493
6.442334e-08,0.0032639131
6.452334e-08,0.0032538603
6.462334e-08,0.0032351907
6.472334e-08,0.0032129308
6.482334e-08,0.0031942613
6.492334e-08,0.0031849265
6.502334e-08,0.0031863626
6.512334e-08,0.0031935432
6.522334e-08,0.0031992877
6.532334e-08,0.0031964154
6.542334e-08,0.0031820542
6.552334e-08,0.0031576402
6.562334e-08,0.0031296358
6.572334e-08,0.0031045037
6.582334e-08,0.0030872702
6.592334e-08,0.0030772174
6.602334e-08,0.003072909
6.612334e-08,0.0030700368
6.622334e-08,0.0030664465
6.632334e-08,0.00306142
6.642334e-08,0.0030585478
6.652334e-08,0.0030585478
6.662334e-08,0.0030592659
6.672334e-08,0.0030571117
6.682334e-08,0.0030463408
6.692334e-08,0.0030240809
6.702334e-08,0.0029917682
6.712334e-08,0.0029551471
6.722334e-08,0.0029249885
6.732334e-08,0.0029091912
6.742334e-08,0.0029106273
6.752334e-08,0.0029257066
6.762334e-08,0.0029479665
6.772334e-08,0.002966636
6.782334e-08,0.0029766889
6.792334e-08,0.0029752528
6.802334e-08,0.002966636
6.812334e-08,0.0029551471
6.822334e-08,0.0029436581
6.832334e-08,0.0029336052
6.842334e-08,0.0029228343
6.852334e-08,0.0029091912
6.862334e-08,0.0028933938
6.872334e-08,0.0028797507
6.882334e-08,0.002871852
6.892334e-08,0.0028747243
6.902334e-08,0.0028876494
6.912334e-08,0.002907037
6.922334e-08,0.0029235524
6.932334e-08,0.0029321691
6.942334e-08,0.0029285788
6.952334e-08,0.0029134995
6.962334e-08,0.0028941119
6.972334e-08,0.0028747243
6.982334e-08,0.0028603631
6.992334e-08,0.0028495921
7.002334e-08,0.0028402574
7.012334e-08,0.0028287684
7.022334e-08,0.0028151252
7.032334e-08,0.0028029182
7.042334e-08,0.0027986098
7.052334e-08,0.0028057904
7.062334e-08,0.0028258961
7.072334e-08,0.0028524644
7.082334e-08,0.0028754423
7.092334e-08,0.0028862132
7.102334e-08,0.0028783146
7.112334e-08,0.0028546186
7.122334e-08,0.0028230239
7.132334e-08,0.0027943015
7.142334e-08,0.00277635
7.152334e-08,0.0027727597
7.162334e-08,0.0027777861
7.172334e-08,0.0027828125
7.182334e-08,0.0027799403
7.192334e-08,0.0027634249
7.202334e-08,0.0027354205
7.212334e-08,0.0027023897
7.222334e-08,0.0026715131
7.232334e-08,0.0026492532
7.242334e-08,0.0026370462
7.252334e-08,0.0026334559
7.262334e-08,0.0026327378
7.272334e-08,0.0026305836
7.282334e-08,0.002623403
7.292334e-08,0.0026104779
7.302334e-08,0.0025925264
7.312334e-08,0.0025724207
7.322334e-08,0.0025508789
7.332334e-08,0.0025300551
7.342334e-08,0.0025099494
7.352334e-08,0.0024912799
7.362334e-08,0.0024754825
7.372334e-08,0.0024611213
7.382334e-08,0.0024489143
7.392334e-08,0.0024374253
7.402334e-08,0.0024259364
7.412334e-08,0.0024151654
7.422334e-08,0.0024051126
7.432334e-08,0.0023972139
7.442334e-08,0.0023929056
7.452334e-08,0.0023921875
7.462334e-08,0.0023921875
7.472334e-08,0.0023893153
7.482334e-08,0.0023821347
7.492334e-08,0.0023692096
7.502334e-08,0.0023534122
7.512334e-08,0.0023397691
7.522334e-08,0.0023325885
7.532334e-08,0.0023347426
7.542334e-08,0.0023447955
7.552334e-08,0.0023584386
7.562334e-08,0.0023684915
7.572334e-08,0.0023692096
7.582334e-08,0.0023605928
7.592334e-08,0.0023462316
7.602334e-08,0.0023311523
7.612334e-08,0.0023232537
7.622334e-08,0.0023239717
7.632334e-08,0.0023318704
7.642334e-08,0.0023412052
7.652334e-08,0.0023462316
7.662334e-08,0.0023426413
7.672334e-08,0.0023311523
7.682334e-08,0.0023146369
7.692334e-08,0.0023002757
7.702334e-08,0.002291659
7.712334e-08,0.0022887868
7.722334e-08,0.0022895048
7.732334e-08,0.0022887868
7.742334e-08,0.0022823242
7.752334e-08,0.0022686811
7.762334e-08,0.0022500115
7.772334e-08,0.0022313419
7.782334e-08,0.0022169807
7.792334e-08,0.002209082
7.802334e-08,0.0022076459
7.812334e-08,0.002208364
7.822334e-08,0.0022076459
7.832334e-08,0.0022019014
7.842334e-08,0.0021896944
7.852334e-08,0.0021738971
7.862334e-08,0.0021566636
7.872334e-08,0.0021423024
7.882334e-08,0.0021322495
7.892334e-08,0.0021279412
7.902334e-08,0.0021286592
7.912334e-08,0.0021329676
7.922334e-08,0.002137276
7.932334e-08,0.0021394301
7.942334e-08,0.0021351218
7.952334e-08,0.0021229148
7.962334e-08,0.0021006549
7.972334e-08,0.0020704963
7.982334e-08,0.0020367475
7.992334e-08,0.0020051528
8.002334e-08,0.0019807387
8.012334e-08,0.0019670956
8.022334e-08,0.0019649414
8.032334e-08,0.0019699678
8.042334e-08,0.0019764304
8.052334e-08,0.0019785846
8.062334e-08,0.0019728401
8.072334e-08,0.0019570427
8.082334e-08,0.0019347829
8.092334e-08,0.0019096507
8.102334e-08,0.0018859547
8.112334e-08,0.0018665671
8.122334e-08,0.0018550781
8.132334e-08,0.0018522059
8.142334e-08,0.0018572323
8.152334e-08,0.0018687213
8.162334e-08,0.0018838006
8.172334e-08,0.0018981618
8.182334e-08,0.0019067785
8.192334e-08,0.0019060604
8.202334e-08,0.0018952895
8.212334e-08,0.0018751838
8.222334e-08,0.0018522059
8.232334e-08,0.0018321002
8.242334e-08,0.0018198932
8.252334e-08,0.001817739
8.262334e-08,0.0018227654
8.272334e-08,0.0018292279
8.282334e-08,0.0018321002
8.292334e-08,0.0018292279
8.302334e-08,0.0018213293
8.312334e-08,0.0018127125
8.322334e-08,0.0018069681
8.332334e-08,0.00180625
8.342334e-08,0.0018084042
8.352334e-08,0.0018098403
8.362334e-08,0.0018055319
8.372334e-08,0.001794761
8.382334e-08,0.0017796818
8.392334e-08,0.0017660386
8.402334e-08,0.001758858
8.412334e-08,0.0017602941
8.422334e-08,0.0017667567
8.432334e-08,0.0017717831
8.442334e-08,0.0017667567
8.452334e-08,0.0017488051
8.462334e-08,0.0017208008
8.472334e-08,0.0016899242
8.482334e-08,0.0016669462
8.492334e-08,0.0016568934
8.502334e-08,0.0016597656
8.512334e-08,0.0016683824
8.522334e-08,0.0016734088
8.532334e-08,0.0016683824
8.542334e-08,0.0016511489
8.552334e-08,0.0016274529
8.562334e-08,0.0016037569
8.572334e-08,0.0015879596
8.582334e-08,0.0015800609
8.592334e-08,0.0015743164
8.602334e-08,0.0015642636
8.612334e-08,0.0015420037
8.622334e-08,0.0015082548
8.632334e-08,0.0014701976
8.642334e-08,0.0014364488
8.652334e-08,0.001415625
8.662334e-08,0.0014091625
8.672334e-08,0.0014120347
8.682334e-08,0.0014127528
8.692334e-08,0.001404136
8.702334e-08,0.0013818761
8.712334e-08,0.0013509995
8.722334e-08,0.001320841
8.732334e-08,0.0013007353
8.742334e-08,0.0012949908
8.752334e-08,0.0013000172
8.762334e-08,0.0013050437
8.772334e-08,0.0013007353
8.782334e-08,0.0012820657
8.792334e-08,0.0012511891
8.802334e-08,0.0012195944
8.812334e-08,0.0011973346
8.822334e-08,0.0011915901
8.832334e-08,0.0012016429
8.842334e-08,0.0012188764
8.852334e-08,0.0012318015
8.862334e-08,0.0012318015
8.872334e-08,0.0012181583
8.882334e-08,0.0011958984
8.892334e-08,0.0011743566
8.902334e-08,0.0011621496
8.912334e-08,0.0011607135
8.922334e-08,0.0011678941
8.932334e-08,0.0011743566
8.942334e-08,0.0011736386
8.952334e-08,0.0011628676
8.962334e-08,0.0011456342
8.972334e-08,0.0011284007
8.982334e-08,0.0011183479
8.992334e-08,0.0011190659
9.002334e-08,0.0011276827
9.012334e-08,0.0011398897
9.022334e-08,0.0011492245
9.032334e-08,0.0011513787
9.042334e-08,0.0011477884
9.052334e-08,0.0011398897
9.062334e-08,0.001131991
9.072334e-08,0.0011248104
9.082334e-08,0.0011169118
9.092334e-08,0.0011054228
9.102334e-08,0.0010874713
9.112334e-08,0.0010630572
9.122334e-08,0.001036489
9.132334e-08,0.001013511
9.142334e-08,0.00099914982
9.152334e-08,0.00099627757
9.162334e-08,0.0010027401
9.172334e-08,0.001013511
9.182334e-08,0.0010221278
9.192334e-08,0.0010242819
9.202334e-08,0.0010171013
9.212334e-08,0.0010020221
9.222334e-08,0.00098191636
9.232334e-08,0.00095965648
9.242334e-08,0.00093883272
9.252334e-08,0.00092159926
9.262334e-08,0.00090867417
9.272334e-08,0.00090149357
9.282334e-08,0.00089862132
9.292334e-08,0.00089862132
9.302334e-08,0.00089862132
9.312334e-08,0.00089431296
9.322334e-08,0.00088282399
9.332334e-08,0.00086415441
9.342334e-08,0.00083974035
9.352334e-08,0.00081460823
9.362334e-08,0.00079450253
9.372334e-08,0.00078373162
9.382334e-08,0.00078157744
9.392334e-08,0.00078516774
9.402334e-08,0.00078803998
9.412334e-08,0.00078373162
9.422334e-08,0.00077080653
9.432334e-08,0.00075070083
9.442334e-08,0.00072915901
9.452334e-08,0.00071479779
9.462334e-08,0.00071120749
9.472334e-08,0.0007183881
9.482334e-08,0.00072987707
9.492334e-08,0.00073777574
9.502334e-08,0.00073274931
9.512334e-08,0.00071192555
9.522334e-08,0.00067602252
9.532334e-08,0.000634375
9.542334e-08,0.00059703585
9.552334e-08,0.00057333984
9.562334e-08,0.0005668773
9.572334e-08,0.00057693015
9.582334e-08,0.00059559972
9.592334e-08,0.0006142693
9.602334e-08,0.00062432215
9.612334e-08,0.00062288603
9.622334e-08,0.00061139706
9.632334e-08,0.00059344554
9.642334e-08,0.00057693015
9.652334e-08,0.00056544118
9.662334e-08,0.00056185087
9.672334e-08,0.00056472312
9.682334e-08,0.00057118566
9.692334e-08,0.00057693015
9.702334e-08,0.00057980239
9.712334e-08,0.00057836627
9.722334e-08,0.00057262178
9.732334e-08,0.00056544118
9.742334e-08,0.00055754251
9.752334e-08,0.00055107996
9.762334e-08,0.00054605354
9.772334e-08,0.00054246324
9.782334e-08,0.00054102711
9.792334e-08,0.00054030905
9.802334e-08,0.00054102711
9.812334e-08,0.00054246324
9.822334e-08,0.00054389936
9.832334e-08,0.00054461742
9.842334e-08,0.00054389936
9.852334e-08,0.00054246324
9.862334e-08,0.00054030905
9.872334e-08,0.00053743681
9.882334e-08,0.00053456457
9.892334e-08,0.00053097426
9.902334e-08,0.00052594784
9.912334e-08,0.00051804917
9.922334e-08,0.00050799632
9.932334e-08,0.00049650735
9.942334e-08,0.00048501838
9.952334e-08,0.00047496553
9.962334e-08,0.00046706687
9.972334e-08,0.00046204044
9.982334e-08,0.00045773208
9.992334e-08,0.00045342371
1.000233e-07,0.00044696117
1.001233e-07,0.0004390625
1.002233e-07,0.00043116383
1.003233e-07,0.00042398323
1.004233e-07,0.00041967486
1.005233e-07,0.00041608456
1.006233e-07,0.00041177619
1.007233e-07,0.00040315947
1.008233e-07,0.00038879825
1.009233e-07,0.00037012868
1.010233e-07,0.0003514591
1.011233e-07,0.00033709789
1.012233e-07,0.0003313534
1.013233e-07,0.00033566176
1.014233e-07,0.00034643267
1.015233e-07,0.00035792165
1.016233e-07,0.00036294807
1.017233e-07,0.00035863971
1.018233e-07,0.00034571461
1.019233e-07,0.00032848116
1.020233e-07,0.00031555607
1.021233e-07,0.00031268382
1.022233e-07,0.00032130055
1.023233e-07,0.00033781595
1.024233e-07,0.00035648552
1.025233e-07,0.00037012868
1.026233e-07,0.00037443704
1.027233e-07,0.00036869256
1.028233e-07,0.00035792165
1.029233e-07,0.00034715074
1.030233e-07,0.00033997013
1.031233e-07,0.00033781595
1.032233e-07,0.00033781595
1.033233e-07,0.00033566176
1.034233e-07,0.00032848116
1.035233e-07,0.00031627413
1.036233e-07,0.00030119485
1.037233e-07,0.00028970588
1.038233e-07,0.00028539752
1.039233e-07,0.00028970588
1.040233e-07,0.00030047679
1.041233e-07,0.00031268382
1.042233e-07,0.00032058249
1.043233e-07,0.00032130055
1.044233e-07,0.00031411994
1.045233e-07,0.00030119485
1.046233e-07,0.00028683364
1.047233e-07,0.00027390855
1.048233e-07,0.0002638557
1.049233e-07,0.00025523897
1.050233e-07,0.00024590418
1.051233e-07,0.00023297909
1.052233e-07,0.00021646369
1.053233e-07,0.00019779412
1.054233e-07,0.00017912454
1.055233e-07,0.00016332721
1.056233e-07,0.00015112017
1.057233e-07,0.00014034926
1.058233e-07,0.00012957835
1.059233e-07,0.0001159352
1.060233e-07,0.00010013787
1.061233e-07,8.2904412e-05
1.062233e-07,6.7107077e-05
1.063233e-07,5.5618107e-05
1.064233e-07,4.9873621e-05
1.065233e-07,4.84375e-05
1.066233e-07,4.84375e-05
1.067233e-07,4.6283318e-05
1.068233e-07,3.8384651e-05
1.069233e-07,2.5459559e-05
1.070233e-07,8.9441636e-06
1.071233e-07,-8.2892923e-06
1.072233e-07,-2.2650506e-05
1.073233e-07,-3.1985294e-05
1.074233e-07,-3.7011719e-05
1.075233e-07,-3.9165901e-05
1.076233e-07,-4.1320083e-05
1.077233e-07,-4.3474265e-05
1.078233e-07,-4.5628447e-05
1.079233e-07,-4.5628447e-05
1.080233e-07,-4.1320083e-05
1.081233e-07,-3.1985294e-05
1.082233e-07,-1.9060202e-05
1.083233e-07,-4.698989e-06
1.084233e-07,6.7899816e-06
1.085233e-07,1.3970588e-05
1.086233e-07,1.6842831e-05
1.087233e-07,1.6842831e-05
1.088233e-07,1.8997013e-05
1.089233e-07,2.5459559e-05
1.090233e-07,3.9102711e-05
1.091233e-07,5.920841e-05
1.092233e-07,8.6494715e-05
1.093233e-07,0.00011737132
1.094233e-07,0.00015112017
1.095233e-07,0.00018630515
1.096233e-07,0.00022149012
1.097233e-07,0.00025523897
1.098233e-07,0.0002875517
1.099233e-07,0.00031771025
1.100233e-07,0.0003478688
1.101233e-07,0.00038161765
1.102233e-07,0.00042326517
1.103233e-07,0.00047783778
1.104233e-07,0.00054461742
1.105233e-07,0.00062288603
1.106233e-07,0.00070546301
1.107233e-07,0.00078516774
1.108233e-07,0.00085769187
1.109233e-07,0.00092159926
1.110233e-07,0.0009811983
1.111233e-07,0.0010436696
1.112233e-07,0.0011154756
1.113233e-07,0.0011973346
1.114233e-07,0.0012863741
1.115233e-07,0.0013739775
1.116233e-07,0.0014529642
1.117233e-07,0.0015190257
1.118233e-07,0.0015743164
1.119233e-07,0.0016267348
1.120233e-07,0.0016863339
1.121233e-07,0.0017602941
1.122233e-07,0.0018493336
1.123233e-07,0.001948426
1.124233e-07,0.0020482364
1.125233e-07,0.0021394301
1.126233e-07,0.0022184168
1.127233e-07,0.0022851965
1.128233e-07,0.0023455136
1.129233e-07,0.0024036765
1.130233e-07,0.0024618394
1.131233e-07,0.0025185662
1.132233e-07,0.0025688304
1.133233e-07,0.0026104779
1.134233e-07,0.0026435087
1.135233e-07,0.0026715131
1.136233e-07,0.0027009536
1.137233e-07,0.0027368566
1.138233e-07,0.0027785041
1.139233e-07,0.0028215878
1.140233e-07,0.002859645
1.141233e-07,0.0028862132
1.142233e-07,0.0029005744
1.143233e-07,0.002907037
1.144233e-07,0.0029120634
1.145233e-07,0.0029206801
1.146233e-07,0.0029350414
1.147233e-07,0.0029508387
1.148233e-07,0.0029630457
1.149233e-07,0.002966636
1.150233e-07,0.0029616096
1.151233e-07,0.0029515568
1.152233e-07,0.0029443761
1.153233e-07,0.0029436581
1.154233e-07,0.0029508387
1.155233e-07,0.0029608915
1.156233e-07,0.0029680722
1.157233e-07,0.002966636
1.158233e-07,0.0029573012
1.159233e-07,0.0029465303
1.160233e-07,0.0029400678
1.161233e-07,0.0029436581
1.162233e-07,0.0029551471
1.163233e-07,0.0029673541
1.164233e-07,0.0029702263
1.165233e-07,0.0029551471
1.166233e-07,0.0029235524
1.167233e-07,0.0028840591
1.168233e-07,0.002848156
1.169233e-07,0.0028287684
1.170233e-07,0.0028280503
1.171233e-07,0.0028416935
1.172233e-07,0.0028574908
1.173233e-07,0.0028632353
1.174233e-07,0.0028539005
1.175233e-07,0.0028309226
1.176233e-07,0.0028036363
1.177233e-07,0.0027828125
1.178233e-07,0.0027734777
1.179233e-07,0.0027734777
1.180233e-07,0.0027756319
1.181233e-07,0.0027713235
1.182233e-07,0.0027548081
1.183233e-07,0.0027303941
1.184233e-07,0.0027052619
1.185233e-07,0.0026909007
1.186233e-07,0.0026916188
1.187233e-07,0.0027066981
1.188233e-07,0.0027253676
1.189233e-07,0.0027368566
1.190233e-07,0.0027339844
1.191233e-07,0.0027160329
1.192233e-07,0.0026909007
1.193233e-07,0.0026679228
1.194233e-07,0.0026557158
1.195233e-07,0.0026542796
1.196233e-07,0.0026578699
1.197233e-07,0.0026564338
1.198233e-07,0.0026427907
1.199233e-07,0.0026162224
1.200233e-07,0.0025824736
1.201233e-07,0.0025530331
1.202233e-07,0.0025365177
1.203233e-07,0.0025372358
1.204233e-07,0.0025494428
1.205233e-07,0.0025645221
1.206233e-07,0.0025709846
1.207233e-07,0.0025630859
1.208233e-07,0.0025429802
1.209233e-07,0.0025185662
1.210233e-07,0.0024991785
1.211233e-07,0.0024919979
1.212233e-07,0.0024963063
1.213233e-07,0.0025070772
1.214233e-07,0.0025149759
1.215233e-07,0.0025121036
1.216233e-07,0.0024963063
1.217233e-07,0.0024726103
1.218233e-07,0.0024481962
1.219233e-07,0.0024309628
1.220233e-07,0.0024245002
1.221233e-07,0.0024266544
1.222233e-07,0.0024316808
1.223233e-07,0.0024323989
1.224233e-07,0.0024230641
1.225233e-07,0.0024036765
1.226233e-07,0.0023792624
1.227233e-07,0.0023577206
1.228233e-07,0.0023455136
1.229233e-07,0.0023462316
1.230233e-07,0.0023577206
1.231233e-07,0.002374954
1.232233e-07,0.0023878791
1.233233e-07,0.0023921875
1.234233e-07,0.0023842888
1.235233e-07,0.0023656193
1.236233e-07,0.0023433594
1.237233e-07,0.0023232537
1.238233e-07,0.0023117647
1.239233e-07,0.0023096105
1.240233e-07,0.002315355
1.241233e-07,0.0023232537
1.242233e-07,0.002326844
1.243233e-07,0.0023218176
1.244233e-07,0.0023081744
1.245233e-07,0.0022887868
1.246233e-07,0.0022693991
1.247233e-07,0.0022536018
1.248233e-07,0.0022457031
1.249233e-07,0.0022428309
1.250233e-07,0.0022421128
1.251233e-07,0.0022399586
1.252233e-07,0.00223206
1.253233e-07,0.0022198529
1.254233e-07,0.0022062098
1.255233e-07,0.0021940028
1.256233e-07,0.0021875402
1.257233e-07,0.002185386
1.258233e-07,0.002184668
1.259233e-07,0.0021803596
1.260233e-07,0.0021688706
1.261233e-07,0.0021509191
1.262233e-07,0.0021293773
1.263233e-07,0.0021099897
1.264233e-07,0.0020977826
1.265233e-07,0.0020934743
1.266233e-07,0.0020956284
1.267233e-07,0.0020977826
1.268233e-07,0.0020941923
1.269233e-07,0.0020819853
1.270233e-07,0.0020625977
1.271233e-07,0.0020403378
1.272233e-07,0.0020223863
1.273233e-07,0.0020130515
1.274233e-07,0.0020116153
1.275233e-07,0.0020130515
1.276233e-07,0.0020116153
1.277233e-07,0.0020015625
1.278233e-07,0.0019821749
1.279233e-07,0.0019577608
1.280233e-07,0.0019355009
1.281233e-07,0.0019211397
1.282233e-07,0.0019189855
1.283233e-07,0.0019283203
1.284233e-07,0.0019419635
1.285233e-07,0.0019556066
1.286233e-07,0.0019635053
1.287233e-07,0.0019642233
1.288233e-07,0.001959915
1.289233e-07,0.0019556066
1.290233e-07,0.0019527344
1.291233e-07,0.0019512983
1.292233e-07,0.0019498621
1.293233e-07,0.0019441176
1.294233e-07,0.0019333467
1.295233e-07,0.0019197036
1.296233e-07,0.0019060604
1.297233e-07,0.0018981618
1.298233e-07,0.0018988798
1.299233e-07,0.0019067785
1.300233e-07,0.0019204216
1.301233e-07,0.0019326287
1.302233e-07,0.0019398093
1.303233e-07,0.0019390912
1.304233e-07,0.0019319106
1.305233e-07,0.0019211397
1.306233e-07,0.0019110869
1.307233e-07,0.0019031882
1.308233e-07,0.0018995979
1.309233e-07,0.0018981618
1.310233e-07,0.0018981618
1.311233e-07,0.0018981618
1.312233e-07,0.0018981618
1.313233e-07,0.0018981618
1.314233e-07,0.0018981618
1.315233e-07,0.0018974437
1.316233e-07,0.0018938534
1.317233e-07,0.0018866728
1.318233e-07,0.0018751838
1.319233e-07,0.0018608226
1.320233e-07,0.0018450253
1.321233e-07,0.0018292279
1.322233e-07,0.0018134306
1.323233e-07,0.0017969152
1.324233e-07,0.0017789637
1.325233e-07,0.0017602941
1.326233e-07,0.0017416245
1.327233e-07,0.0017258272
1.328233e-07,0.0017164924
1.329233e-07,0.0017143382
1.330233e-07,0.0017186466
1.331233e-07,0.0017243911
1.332233e-07,0.0017286994
1.333233e-07,0.0017258272
1.334233e-07,0.0017150563
1.335233e-07,0.0016978228
1.336233e-07,0.0016777171
1.337233e-07,0.0016568934
1.338233e-07,0.0016367877
1.339233e-07,0.0016181181
1.340233e-07,0.0015980124
1.341233e-07,0.0015764706
1.342233e-07,0.0015563649
1.343233e-07,0.0015412856
1.344233e-07,0.0015355411
1.345233e-07,0.0015420037
1.346233e-07,0.001557801
1.347233e-07,0.0015764706
1.348233e-07,0.0015893957
1.349233e-07,0.0015879596
1.350233e-07,0.001570008
1.351233e-07,0.0015391314
1.352233e-07,0.0015032284
1.353233e-07,0.0014730699
1.354233e-07,0.0014565545
1.355233e-07,0.0014565545
1.356233e-07,0.0014680434
1.357233e-07,0.0014845588
1.358233e-07,0.0014967659
1.359233e-07,0.001498202
1.360233e-07,0.0014888672
1.361233e-07,0.0014730699
1.362233e-07,0.0014565545
1.363233e-07,0.0014457835
1.364233e-07,0.0014436294
1.365233e-07,0.0014500919
1.366233e-07,0.0014615809
1.367233e-07,0.001474506
1.368233e-07,0.0014824046
1.369233e-07,0.0014845588
1.370233e-07,0.0014795324
1.371233e-07,0.0014701976
1.372233e-07,0.0014594267
1.373233e-07,0.0014500919
1.374233e-07,0.0014457835
1.375233e-07,0.0014465016
1.376233e-07,0.0014529642
1.377233e-07,0.0014615809
1.378233e-07,0.0014687615
1.379233e-07,0.0014694795
1.380233e-07,0.0014637351
1.381233e-07,0.0014500919
1.382233e-07,0.0014328585
1.383233e-07,0.0014177792
1.384233e-07,0.0014070083
1.385233e-07,0.001404136
1.386233e-07,0.0014070083
1.387233e-07,0.0014105986
1.388233e-07,0.0014113166
1.389233e-07,0.001404136
1.390233e-07,0.0013897748
1.391233e-07,0.0013703872
1.392233e-07,0.0013509995
1.393233e-07,0.0013352022
1.394233e-07,0.0013251494
1.395233e-07,0.0013201229
1.396233e-07,0.0013165326
1.397233e-07,0.0013122243
1.398233e-07,0.0013057617
1.399233e-07,0.0012964269
1.400233e-07,0.0012870921
1.401233e-07,0.0012777574
1.402233e-07,0.0012684226
1.403233e-07,0.0012569336
1.404233e-07,0.0012418543
1.405233e-07,0.0012203125
1.406233e-07,0.0011951804
1.407233e-07,0.0011700483
1.408233e-07,0.0011506606
1.409233e-07,0.0011398897
1.410233e-07,0.0011398897
1.411233e-07,0.0011477884
1.412233e-07,0.0011607135
1.413233e-07,0.0011743566
1.414233e-07,0.0011872817
1.415233e-07,0.0011994887
1.416233e-07,0.00121385
1.417233e-07,0.0012318015
1.418233e-07,0.0012540614
1.419233e-07,0.0012806296
1.420233e-07,0.0013107881
1.421233e-07,0.0013466912
1.422233e-07,0.001391929
1.423233e-07,0.0014522461
1.424233e-07,0.0015319508
1.425233e-07,0.0016339154
1.426233e-07,0.0017574219
1.427233e-07,0.0018967256
1.428233e-07,0.0020482364
1.429233e-07,0.002208364
1.430233e-07,0.0023763902
1.431233e-07,0.0025551873
1.432233e-07,0.0027476275
1.433233e-07,0.0029551471
1.434233e-07,0.0031755917
1.435233e-07,0.0034060892
1.436233e-07,0.0036423311
1.437233e-07,0.0038857537
1.438233e-07,0.0041399472
1.439233e-07,0.0044120921
1.440233e-07,0.004706497
1.441233e-07,0.0050231618
1.442233e-07,0.0053556239
1.443233e-07,0.0056938304
1.444233e-07,0.0060284467
1.445233e-07,0.0063558824
1.446233e-07,0.0066782916
1.447233e-07,0.0070057273
1.448233e-07,0.0073446519
1.449233e-07,0.0077000919
1.450233e-07,0.0080648667
1.451233e-07,0.0084267693
1.452233e-07,0.0087714384
1.453233e-07,0.0090902574
1.454233e-07,0.0093853803
1.455233e-07,0.0096682962
1.456233e-07,0.0099533663
1.457233e-07,0.010250643
1.458233e-07,0.010560128
1.459233e-07,0.010871766
1.460233e-07,0.011167607
1.461233e-07,0.011434007
1.462233e-07,0.011664505
1.463233e-07,0.01186628
1.464233e-07,0.012052258
1.465233e-07,0.012238235
1.466233e-07,0.012432112
1.467233e-07,0.012630296
1.468233e-07,0.012822737
1.469233e-07,0.012996507
1.470233e-07,0.01314371
1.471233e-07,0.013266498
1.472233e-07,0.013374207
1.473233e-07,0.013479044
1.474233e-07,0.013588189
1.475233e-07,0.013701643
1.476233e-07,0.013810788
1.477233e-07,0.013904136
1.478233e-07,0.013973788
1.479233e-07,0.014019026
1.480233e-07,0.014046312
1.481233e-07,0.014064982
1.482233e-07,0.014082933
1.483233e-07,0.014102321
1.484233e-07,0.01412099
1.485233e-07,0.014133915
1.486233e-07,0.014138224
1.487233e-07,0.014135352
1.488233e-07,0.014132479
1.489233e-07,0.014133915
1.490233e-07,0.01414325
1.491233e-07,0.014156893
1.492233e-07,0.014167664
1.493233e-07,0.014168382
1.494233e-07,0.014155457
1.495233e-07,0.014131043
1.496233e-07,0.014101603
1.497233e-07,0.014076471
1.498233e-07,0.014059237
1.499233e-07,0.014048466
1.500233e-07,0.014040568
1.501233e-07,0.014030515
1.502233e-07,0.014016872
1.503233e-07,0.01400251
1.504233e-07,0.013994612
1.505233e-07,0.013996048
1.506233e-07,0.014006819
1.507233e-07,0.014020462
1.508233e-07,0.014027642
1.509233e-07,0.014019026
1.510233e-07,0.013993894
1.511233e-07,0.013959427
1.512233e-07,0.013925678
1.513233e-07,0.013904136
1.514233e-07,0.013900546
1.515233e-07,0.013913471
1.516233e-07,0.013932858
1.517233e-07,0.013950092
1.518233e-07,0.013959427
1.519233e-07,0.013960145
1.520233e-07,0.013959427
1.521233e-07,0.013961581
1.522233e-07,0.013970198
1.523233e-07,0.013983123
1.524233e-07,0.013993176
1.525233e-07,0.013996048
1.526233e-07,0.013989585
1.527233e-07,0.013978814
1.528233e-07,0.013970916
1.529233e-07,0.01397307
1.530233e-07,0.013985995
1.531233e-07,0.014003946
1.532233e-07,0.01401759
1.533233e-07,0.014019026
1.534233e-07,0.014006819
1.535233e-07,0.013986713
1.536233e-07,0.013968043
1.537233e-07,0.013961581
1.538233e-07,0.01396948
1.539233e-07,0.013988867
1.540233e-07,0.014008255
1.541233e-07,0.014019026
1.542233e-07,0.014016872
1.543233e-07,0.014003946
1.544233e-07,0.013990303
1.545233e-07,0.013984559
1.546233e-07,0.013989585
1.547233e-07,0.014003228
1.548233e-07,0.014016153
1.549233e-07,0.014019026
1.550233e-07,0.014007537
1.551233e-07,0.013985277
1.552233e-07,0.013959427
1.553233e-07,0.013938603
1.554233e-07,0.013927832
1.555233e-07,0.01392496
1.556233e-07,0.013923524
1.557233e-07,0.013915625
1.558233e-07,0.013897673
1.559233e-07,0.013871823
1.560233e-07,0.013845255
1.561233e-07,0.013823713
1.562233e-07,0.013809352
1.563233e-07,0.013799299
1.564233e-07,0.013786374
1.565233e-07,0.013766268
1.566233e-07,0.013737546
1.567233e-07,0.013705951
1.568233e-07,0.013678665
1.569233e-07,0.013662868
1.570233e-07,0.013657841
1.571233e-07,0.013656405
1.572233e-07,0.013649224
1.573233e-07,0.013628401
1.574233e-07,0.013593216
1.575233e-07,0.013549414
1.576233e-07,0.013508485
1.577233e-07,0.013479044
1.578233e-07,0.013462529
1.579233e-07,0.013453194
1.580233e-07,0.013442423
1.581233e-07,0.013421599
1.582233e-07,0.013390005
1.583233e-07,0.013353384
1.584233e-07,0.013323225
1.585233e-07,0.01330671
1.586233e-07,0.013304555
1.587233e-07,0.013308864
1.588233e-07,0.013308864
1.589233e-07,0.013295221
1.590233e-07,0.01326578
1.591233e-07,0.013227723
1.592233e-07,0.013192538
1.593233e-07,0.013168842
1.594233e-07,0.013158071
1.595233e-07,0.013151608
1.596233e-07,0.013139401
1.597233e-07,0.013111397
1.598233e-07,0.013069031
1.599233e-07,0.013022358
1.600233e-07,0.012987173
1.601233e-07,0.012973529
1.602233e-07,0.012983582
1.603233e-07,0.013005842
1.604233e-07,0.013023076
1.605233e-07,0.013019485
1.606233e-07,0.012989327
1.607233e-07,0.012941217
1.608233e-07,0.012892389
1.609233e-07,0.01285864
1.610233e-07,0.012849305
1.611233e-07,0.012859358
1.612233e-07,0.012875873
1.613233e-07,0.012881618
1.614233e-07,0.012869411
1.615233e-07,0.012840688
1.616233e-07,0.012809812
1.617233e-07,0.012789706
1.618233e-07,0.012789706
1.619233e-07,0.012808375
1.620233e-07,0.012832071
1.621233e-07,0.012847151
1.622233e-07,0.01284356
1.623233e-07,0.012822019
1.624233e-07,0.012792578
1.625233e-07,0.012766728
1.626233e-07,0.012754521
1.627233e-07,0.012755957
1.628233e-07,0.012763856
1.629233e-07,0.012766728
1.630233e-07,0.012757393
1.631233e-07,0.012735851
1.632233e-07,0.012708565
1.633233e-07,0.012686305
1.634233e-07,0.012674816
1.635233e-07,0.01267338
1.636233e-07,0.012676252
1.637233e-07,0.012674816
1.638233e-07,0.012664045
1.639233e-07,0.012644658
1.640233e-07,0.012623116
1.641233e-07,0.012605882
1.642233e-07,0.01259583
1.643233e-07,0.012590085
1.644233e-07,0.01258075
1.645233e-07,0.012559926
1.646233e-07,0.012526896
1.647233e-07,0.012486684
1.648233e-07,0.012448627
1.649233e-07,0.012422059
1.650233e-07,0.012409134
1.651233e-07,0.012405543
1.652233e-07,0.012401235
1.653233e-07,0.012387592
1.654233e-07,0.01236246
1.655233e-07,0.012330147
1.656233e-07,0.012301425
1.657233e-07,0.012284191
1.658233e-07,0.012281319
1.659233e-07,0.012285627
1.660233e-07,0.012286345
1.661233e-07,0.012272702
1.662233e-07,0.012241108
1.663233e-07,0.012198024
1.664233e-07,0.01215494
1.665233e-07,0.012123346
1.666233e-07,0.012108266
1.667233e-07,0.01210683
1.668233e-07,0.012107548
1.669233e-07,0.012100368
1.670233e-07,0.01208098
1.671233e-07,0.012052258
1.672233e-07,0.012024971
1.673233e-07,0.012008456
1.674233e-07,0.012005584
1.675233e-07,0.012011328
1.676233e-07,0.012015636
1.677233e-07,0.012008456
1.678233e-07,0.011985478
1.679233e-07,0.011953165
1.680233e-07,0.011922289
1.681233e-07,0.011905055
1.682233e-07,0.011905773
1.683233e-07,0.011919416
1.684233e-07,0.011934496
1.685233e-07,0.011939522
1.686233e-07,0.011927315
1.687233e-07,0.011901465
1.688233e-07,0.011871306
1.689233e-07,0.01184761
1.690233e-07,0.011836121
1.691233e-07,0.011834685
1.692233e-07,0.011833967
1.693233e-07,0.011824632
1.694233e-07,0.011802372
1.695233e-07,0.011770778
1.696233e-07,0.011740619
1.697233e-07,0.011721232
1.698233e-07,0.011718359
1.699233e-07,0.011728412
1.700233e-07,0.011740619
1.701233e-07,0.01174421
1.702233e-07,0.011732721
1.703233e-07,0.011708307
1.704233e-07,0.011678148
1.705233e-07,0.011652298
1.706233e-07,0.011635782
1.707233e-07,0.01162573
1.708233e-07,0.011614959
1.709233e-07,0.011594853
1.710233e-07,0.011563258
1.711233e-07,0.011524483
1.712233e-07,0.011489298
1.713233e-07,0.011468474
1.714233e-07,0.01146632
1.715233e-07,0.011479245
1.716233e-07,0.011495761
1.717233e-07,0.011502941
1.718233e-07,0.011493606
1.719233e-07,0.011467038
1.720233e-07,0.011432571
1.721233e-07,0.01139954
1.722233e-07,0.011375126
1.723233e-07,0.011359329
1.724233e-07,0.011347122
1.725233e-07,0.011330607
1.726233e-07,0.011306911
1.727233e-07,0.011278188
1.728233e-07,0.011253056
1.729233e-07,0.011238695
1.730233e-07,0.011239413
1.731233e-07,0.01125162
1.732233e-07,0.011266699
1.733233e-07,0.011273162
1.734233e-07,0.011265981
1.735233e-07,0.011247312
1.736233e-07,0.011223616
1.737233e-07,0.011204228
1.738233e-07,0.011195611
1.739233e-07,0.011197047
1.740233e-07,0.011202074
1.741233e-07,0.011204228
1.742233e-07,0.011197765
1.743233e-07,0.01118484
1.744233e-07,0.011169043
1.745233e-07,0.011158272
1.746233e-07,0.011156118
1.747233e-07,0.011160426
1.748233e-07,0.011166889
1.749233e-07,0.011169761
1.750233e-07,0.011165453
1.751233e-07,0.0111554
1.752233e-07,0.011144629
1.753233e-07,0.011135294
1.754233e-07,0.011128114
1.755233e-07,0.011119497
1.756233e-07,0.011102981
1.757233e-07,0.011077849
1.758233e-07,0.011046255
1.759233e-07,0.011016096
1.760233e-07,0.010997426
1.761233e-07,0.010997426
1.762233e-07,0.011013224
1.763233e-07,0.011034048
1.764233e-07,0.011048409
1.765233e-07,0.011043382
1.766233e-07,0.011017532
1.767233e-07,0.010977321
1.768233e-07,0.010935673
1.769233e-07,0.010905515
1.770233e-07,0.01089259
1.771233e-07,0.010894026
1.772233e-07,0.010901924
1.773233e-07,0.010905515
1.774233e-07,0.01089977
1.775233e-07,0.010886127
1.776233e-07,0.010871048
1.777233e-07,0.010859559
1.778233e-07,0.010854532
1.779233e-07,0.010850942
1.780233e-07,0.010843043
1.781233e-07,0.010825092
1.782233e-07,0.010797806
1.783233e-07,0.010767647
1.784233e-07,0.010743951
1.785233e-07,0.01073318
1.786233e-07,0.010733898
1.787233e-07,0.01073677
1.788233e-07,0.010731744
1.789233e-07,0.010710202
1.790233e-07,0.010673581
1.791233e-07,0.010631216
1.792233e-07,0.010598185
1.793233e-07,0.010583824
1.794233e-07,0.010590286
1.795233e-07,0.01060752
1.796233e-07,0.010621163
1.797233e-07,0.01061829
1.798233e-07,0.010594594
1.799233e-07,0.010557973
1.800233e-07,0.010522788
1.801233e-07,0.010503401
1.802233e-07,0.010504837
1.803233e-07,0.010519916
1.804233e-07,0.010536432
1.805233e-07,0.010537868
1.806233e-07,0.010517762
1.807233e-07,0.010480423
1.808233e-07,0.010436621
1.809233e-07,0.0104
1.810233e-07,0.010378458
1.811233e-07,0.010369841
1.812233e-07,0.010365533
1.813233e-07,0.010354044
1.814233e-07,0.010331066
1.815233e-07,0.010300908
1.816233e-07,0.010274339
1.817233e-07,0.010262132
1.818233e-07,0.010267877
1.819233e-07,0.010286546
1.820233e-07,0.010304498
1.821233e-07,0.010308088
1.822233e-07,0.010290137
1.823233e-07,0.010253516
1.824233e-07,0.010208996
1.825233e-07,0.010170221
1.826233e-07,0.010145088
1.827233e-07,0.010134318
1.828233e-07,0.010130727
1.829233e-07,0.010124265
1.830233e-07,0.010109903
1.831233e-07,0.010088362
1.832233e-07,0.010068256
1.833233e-07,0.010055331
1.834233e-07,0.010053177
1.835233e-07,0.010056767
1.836233e-07,0.010056767
1.837233e-07,0.010043842
1.838233e-07,0.010013683
1.839233e-07,0.0099720358
1.840233e-07,0.0099289522
1.841233e-07,0.0098944853
1.842233e-07,0.0098750977
1.843233e-07,0.009867917
1.844233e-07,0.0098657629
1.845233e-07,0.0098600184
1.846233e-07,0.0098470933
1.847233e-07,0.0098291418
1.848233e-07,0.0098126264
1.849233e-07,0.0098025735
1.850233e-07,0.0097989832
1.851233e-07,0.0097946749
1.852233e-07,0.0097824678
1.853233e-07,0.0097566176
1.854233e-07,0.0097192785
1.855233e-07,0.0096805032
1.856233e-07,0.0096517808
1.857233e-07,0.0096417279
1.858233e-07,0.0096481905
1.859233e-07,0.0096611156
1.860233e-07,0.0096654239
1.861233e-07,0.0096532169
1.862233e-07,0.0096237764
1.863233e-07,0.0095871553
1.864233e-07,0.009559151
1.865233e-07,0.0095498162
1.866233e-07,0.0095584329
1.867233e-07,0.0095742302
1.868233e-07,0.0095792567
1.869233e-07,0.0095613051
1.870233e-07,0.0095196576
1.871233e-07,0.0094672392
1.872233e-07,0.0094220014
1.873233e-07,0.0094004596
1.874233e-07,0.009405486
1.875233e-07,0.0094277459
1.876233e-07,0.0094471335
1.877233e-07,0.0094464154
1.878233e-07,0.0094191291
1.879233e-07,0.0093738913
1.880233e-07,0.0093272174
1.881233e-07,0.0092970588
1.882233e-07,0.0092913143
1.883233e-07,0.0093035214
1.884233e-07,0.0093186006
1.885233e-07,0.0093200368
1.886233e-07,0.0092999311
1.887233e-07,0.0092625919
1.888233e-07,0.0092216625
1.889233e-07,0.0091936581
1.890233e-07,0.0091857594
1.891233e-07,0.0091936581
1.892233e-07,0.009204429
1.893233e-07,0.0092051471
1.894233e-07,0.0091886317
1.895233e-07,0.0091599092
1.896233e-07,0.0091311868
1.897233e-07,0.0091132353
1.898233e-07,0.0091117992
1.899233e-07,0.0091196978
1.900233e-07,0.0091247243
1.901233e-07,0.0091132353
1.902233e-07,0.0090816406
1.903233e-07,0.0090364028
1.904233e-07,0.0089926011
1.905233e-07,0.0089638787
1.906233e-07,0.0089552619
1.907233e-07,0.0089595703
1.908233e-07,0.0089631606
1.909233e-07,0.0089523897
1.910233e-07,0.0089243853
1.911233e-07,0.0088856101
1.912233e-07,0.0088525793
1.913233e-07,0.0088375
1.914233e-07,0.0088439625
1.915233e-07,0.008861196
1.916233e-07,0.0088719669
1.917233e-07,0.0088604779
1.918233e-07,0.0088209846
1.919233e-07,0.0087642578
1.920233e-07,0.0087096852
1.921233e-07,0.0086766544
1.922233e-07,0.0086752183
1.923233e-07,0.0086981962
1.924233e-07,0.0087283548
1.925233e-07,0.0087455882
1.926233e-07,0.0087369715
1.927233e-07,0.0087053768
1.928233e-07,0.0086637293
1.929233e-07,0.0086306985
1.930233e-07,0.0086163373
1.931233e-07,0.0086199276
1.932233e-07,0.0086299805
1.933233e-07,0.0086306985
1.934233e-07,0.0086134651
1.935233e-07,0.0085804343
1.936233e-07,0.0085430951
1.937233e-07,0.0085158088
1.938233e-07,0.0085079102
1.939233e-07,0.0085186811
1.940233e-07,0.0085373506
1.941233e-07,0.0085502757
1.942233e-07,0.0085502757
1.943233e-07,0.0085380687
1.944233e-07,0.0085229894
1.945233e-07,0.0085158088
1.946233e-07,0.0085208352
1.947233e-07,0.0085337603
1.948233e-07,0.0085430951
1.949233e-07,0.0085387868
1.950233e-07,0.0085150908
1.951233e-07,0.0084777516
1.952233e-07,0.0084396944
1.953233e-07,0.0084124081
1.954233e-07,0.0084030733
1.955233e-07,0.0084073817
1.956233e-07,0.0084145623
1.957233e-07,0.0084124081
1.958233e-07,0.0083958927
1.959233e-07,0.0083700425
1.960233e-07,0.0083449104
1.961233e-07,0.0083319853
1.962233e-07,0.0083334214
1.963233e-07,0.0083427562
1.964233e-07,0.0083463465
1.965233e-07,0.0083319853
1.966233e-07,0.0082953642
1.967233e-07,0.0082443819
1.968233e-07,0.0081941176
1.969233e-07,0.0081596507
1.970233e-07,0.0081474437
1.971233e-07,0.0081524701
1.972233e-07,0.0081618049
1.973233e-07,0.0081596507
1.974233e-07,0.008138827
1.975233e-07,0.0081029239
1.976233e-07,0.0080634306
1.977233e-07,0.0080332721
1.978233e-07,0.008020347
1.979233e-07,0.0080225011
1.980233e-07,0.0080303998
1.981233e-07,0.0080332721
1.982233e-07,0.0080246553
1.983233e-07,0.0080074219
1.984233e-07,0.0079880342
1.985233e-07,0.0079758272
1.986233e-07,0.0079722369
1.987233e-07,0.0079722369
1.988233e-07,0.0079679285
1.989233e-07,0.0079528493
1.990233e-07,0.0079277171
1.991233e-07,0.0079011489
1.992233e-07,0.0078839154
1.993233e-07,0.0078839154
1.994233e-07,0.0078975586
1.995233e-07,0.0079133559
1.996233e-07,0.0079162282
1.997233e-07,0.0078954044
1.998233e-07,0.0078530388
1.999233e-07,0.0078020565
2.000233e-07,0.0077618451
2.001233e-07,0.0077460478
2.002233e-07,0.0077561006
2.003233e-07,0.0077805147
2.004233e-07,0.0078013385
2.005233e-07,0.0078034926
2.006233e-07,0.0077833869
2.007233e-07,0.0077503562
2.008233e-07,0.0077223518
2.009233e-07,0.0077115809
2.010233e-07,0.0077201976
2.011233e-07,0.0077359949
2.012233e-07,0.0077417394
2.013233e-07,0.0077230699
2.014233e-07,0.0076785501
2.015233e-07,0.0076232594
2.016233e-07,0.0075787397
2.017233e-07,0.0075622243
2.018233e-07,0.0075787397
2.019233e-07,0.0076146427
2.020233e-07,0.0076469554
2.021233e-07,0.007654136
2.022233e-07,0.0076282858
2.023233e-07,0.0075780216
2.024233e-07,0.0075263212
2.025233e-07,0.0074932904
2.026233e-07,0.0074897001
2.027233e-07,0.0075098058
2.028233e-07,0.0075327838
2.029233e-07,0.0075392463
2.030233e-07,0.0075177045
2.031233e-07,0.0074739028
2.032233e-07,0.0074243566
2.033233e-07,0.0073898897
2.034233e-07,0.0073805549
2.035233e-07,0.0073920439
2.036233e-07,0.0074092773
2.037233e-07,0.0074128676
2.038233e-07,0.00739348
2.039233e-07,0.0073539867
2.040233e-07,0.0073087489
2.041233e-07,0.007275
2.042233e-07,0.0072613568
2.043233e-07,0.007262793
2.044233e-07,0.0072649472
2.045233e-07,0.0072520221
2.046233e-07,0.007215401
2.047233e-07,0.0071608284
2.048233e-07,0.0071055377
2.049233e-07,0.0070681985
2.050233e-07,0.0070581457
2.051233e-07,0.0070717888
2.052233e-07,0.0070926126
2.053233e-07,0.0071026654
2.054233e-07,0.0070904584
2.055233e-07,0.0070581457
2.056233e-07,0.0070179343
2.057233e-07,0.0069877757
2.058233e-07,0.0069762868
2.059233e-07,0.0069820313
2.060233e-07,0.006991366
2.061233e-07,0.0069877757
2.062233e-07,0.0069619256
2.063233e-07,0.0069166877
2.064233e-07,0.0068657054
2.065233e-07,0.0068269301
2.066233e-07,0.0068118509
2.067233e-07,0.0068197495
2.068233e-07,0.0068384191
2.069233e-07,0.0068499081
2.070233e-07,0.0068420094
2.071233e-07,0.0068140051
2.072233e-07,0.0067730756
2.073233e-07,0.0067350184
2.074233e-07,0.0067098863
2.075233e-07,0.0066998334
2.076233e-07,0.0066969612
2.077233e-07,0.0066890625
2.078233e-07,0.0066668026
2.079233e-07,0.0066287454
2.080233e-07,0.0065827895
2.081233e-07,0.0065397059
2.082233e-07,0.0065095473
2.083233e-07,0.00649375
2.084233e-07,0.0064872875
2.085233e-07,0.006482261
2.086233e-07,0.0064729262
2.087233e-07,0.006458565
2.088233e-07,0.0064442038
2.089233e-07,0.0064363051
2.090233e-07,0.0064370232
2.091233e-07,0.0064434858
2.092233e-07,0.0064456399
2.093233e-07,0.0064363051
2.094233e-07,0.0064133272
2.095233e-07,0.0063831687
2.096233e-07,0.0063566004
2.097233e-07,0.0063443934
2.098233e-07,0.006351574
2.099233e-07,0.0063738339
2.100233e-07,0.006398966
2.101233e-07,0.0064133272
2.102233e-07,0.0064090188
2.103233e-07,0.0063881951
2.104233e-07,0.0063587546
2.105233e-07,0.0063329044
2.106233e-07,0.0063185432
2.107233e-07,0.0063149529
2.108233e-07,0.0063149529
2.109233e-07,0.0063099265
2.110233e-07,0.0062934111
2.111233e-07,0.0062668428
2.112233e-07,0.0062388385
2.113233e-07,0.0062180147
2.114233e-07,0.0062115522
2.115233e-07,0.0062180147
2.116233e-07,0.0062309398
2.117233e-07,0.0062409926
2.118233e-07,0.0062409926
2.119233e-07,0.0062295037
2.120233e-07,0.0062122702
2.121233e-07,0.0061950368
2.122233e-07,0.0061828297
2.123233e-07,0.006174213
2.124233e-07,0.0061648782
2.125233e-07,0.0061490809
2.126233e-07,0.0061239488
2.127233e-07,0.0060937902
2.128233e-07,0.0060650678
2.129233e-07,0.0060456801
2.130233e-07,0.0060399357
2.131233e-07,0.0060449621
2.132233e-07,0.0060528608
2.133233e-07,0.0060571691
2.134233e-07,0.0060521427
2.135233e-07,0.0060392176
2.136233e-07,0.0060234203
2.137233e-07,0.0060112132
2.138233e-07,0.0060047507
2.139233e-07,0.0060018784
2.140233e-07,0.0059946978
2.141233e-07,0.0059767463
2.142233e-07,0.0059465878
2.143233e-07,0.0059099667
2.144233e-07,0.0058740636
2.145233e-07,0.0058503676
2.146233e-07,0.005842469
2.147233e-07,0.0058474954
2.148233e-07,0.0058575483
2.149233e-07,0.0058618566
2.150233e-07,0.0058532399
2.151233e-07,0.0058331342
2.152233e-07,0.0058058479
2.153233e-07,0.0057814338
2.154233e-07,0.0057649184
2.155233e-07,0.0057577378
2.156233e-07,0.0057541475
2.157233e-07,0.0057469669
2.158233e-07,0.0057311696
2.159233e-07,0.0057074736
2.160233e-07,0.0056794692
2.161233e-07,0.0056550551
2.162233e-07,0.0056392578
2.163233e-07,0.0056335133
2.164233e-07,0.0056327953
2.165233e-07,0.0056320772
2.166233e-07,0.0056263327
2.167233e-07,0.0056141257
2.168233e-07,0.0055990464
2.169233e-07,0.0055861213
2.170233e-07,0.0055767865
2.171233e-07,0.005571042
2.172233e-07,0.0055645795
2.173233e-07,0.0055516544
2.174233e-07,0.0055315487
2.175233e-07,0.0055064166
2.176233e-07,0.0054834386
2.177233e-07,0.0054712316
2.178233e-07,0.0054733858
2.179233e-07,0.0054891831
2.180233e-07,0.005510725
2.181233e-07,0.0055286765
2.182233e-07,0.0055337029
2.183233e-07,0.005522932
2.184233e-07,0.005499954
2.185233e-07,0.0054712316
2.186233e-07,0.0054446634
2.187233e-07,0.0054238396
2.188233e-07,0.0054073242
2.189233e-07,0.0053908088
2.190233e-07,0.0053678309
2.191233e-07,0.0053362362
2.192233e-07,0.0052960248
2.193233e-07,0.0052529412
2.194233e-07,0.005214884
2.195233e-07,0.0051883157
2.196233e-07,0.0051746726
2.197233e-07,0.0051725184
2.198233e-07,0.0051761087
2.199233e-07,0.0051789809
2.200233e-07,0.0051746726
2.201233e-07,0.0051610294
2.202233e-07,0.0051380515
2.203233e-07,0.0051078929
2.204233e-07,0.0050755802
2.205233e-07,0.0050461397
2.206233e-07,0.0050224437
2.207233e-07,0.0050059283
2.208233e-07,0.0049951574
2.209233e-07,0.0049886949
2.210233e-07,0.0049815142
2.211233e-07,0.0049714614
2.212233e-07,0.0049578182
2.213233e-07,0.004942739
2.214233e-07,0.00493125
2.215233e-07,0.0049283778
2.216233e-07,0.0049369945
2.217233e-07,0.0049542279
2.218233e-07,0.0049750517
2.219233e-07,0.0049915671
2.220233e-07,0.0049965935
2.221233e-07,0.0049886949
2.222233e-07,0.0049700253
2.223233e-07,0.0049477654
2.224233e-07,0.0049290958
2.225233e-07,0.004919761
2.226233e-07,0.004919043
2.227233e-07,0.0049233513
2.228233e-07,0.0049247875
2.229233e-07,0.004919761
2.230233e-07,0.0049068359
2.231233e-07,0.0048903205
2.232233e-07,0.0048738051
2.233233e-07,0.0048623162
2.234233e-07,0.0048544175
2.235233e-07,0.0048465188
2.236233e-07,0.0048314396
2.237233e-07,0.0048048713
2.238233e-07,0.0047668141
2.239233e-07,0.0047237305
2.240233e-07,0.0046842371
2.241233e-07,0.0046555147
2.242233e-07,0.0046425896
2.243233e-07,0.0046447438
2.244233e-07,0.0046547966
2.245233e-07,0.0046670037
2.246233e-07,0.0046756204
2.247233e-07,0.0046792107
2.248233e-07,0.0046799288
2.249233e-07,0.0046784926
2.250233e-07,0.0046763385
2.251233e-07,0.004671312
2.252233e-07,0.0046612592
2.253233e-07,0.0046440257
2.254233e-07,0.0046217659
2.255233e-07,0.004599506
2.256233e-07,0.0045822725
2.257233e-07,0.0045750919
2.258233e-07,0.0045772461
2.259233e-07,0.0045844267
2.260233e-07,0.0045894531
2.261233e-07,0.0045865809
2.262233e-07,0.0045736558
2.263233e-07,0.0045542682
2.264233e-07,0.0045341625
2.265233e-07,0.0045176471
2.266233e-07,0.0045068761
2.267233e-07,0.0044996955
2.268233e-07,0.0044896427
2.269233e-07,0.0044716912
2.270233e-07,0.0044451229
2.271233e-07,0.0044128102
2.272233e-07,0.0043819336
2.273233e-07,0.0043568015
2.274233e-07,0.0043410041
2.275233e-07,0.0043316693
2.276233e-07,0.0043230526
2.277233e-07,0.0043108456
2.278233e-07,0.004292176
2.279233e-07,0.0042699161
2.280233e-07,0.0042483743
2.281233e-07,0.0042304228
2.282233e-07,0.0042167796
2.283233e-07,0.0042045726
2.284233e-07,0.0041873392
2.285233e-07,0.004161489
2.286233e-07,0.0041284582
2.287233e-07,0.0040939913
2.288233e-07,0.0040681411
2.289233e-07,0.0040580882
2.290233e-07,0.0040659869
2.291233e-07,0.0040860926
2.292233e-07,0.0041097886
2.293233e-07,0.0041270221
2.294233e-07,0.0041313304
2.295233e-07,0.0041234318
2.296233e-07,0.0041083525
2.297233e-07,0.0040925551
2.298233e-07,0.0040796301
2.299233e-07,0.0040681411
2.300233e-07,0.004055216
2.301233e-07,0.0040351103
2.302233e-07,0.0040071059
2.303233e-07,0.0039762293
2.304233e-07,0.003948225
2.305233e-07,0.0039317096
2.306233e-07,0.0039295554
2.307233e-07,0.0039403263
2.308233e-07,0.0039554056
2.309233e-07,0.0039661765
2.310233e-07,0.0039668945
2.311233e-07,0.0039568417
2.312233e-07,0.0039388902
2.313233e-07,0.0039202206
2.314233e-07,0.0039044233
2.315233e-07,0.0038936523
2.316233e-07,0.0038843176
2.317233e-07,0.0038742647
2.318233e-07,0.0038606216
2.319233e-07,0.0038441062
2.320233e-07,0.0038283088
2.321233e-07,0.0038168199
2.322233e-07,0.0038103573
2.323233e-07,0.0038082031
2.324233e-07,0.0038074851
2.325233e-07,0.0038053309
2.326233e-07,0.0038024586
2.327233e-07,0.0038017406
2.328233e-07,0.0038060489
2.329233e-07,0.0038168199
2.330233e-07,0.0038297449
2.331233e-07,0.0038390797
2.332233e-07,0.0038362075
2.333233e-07,0.0038168199
2.334233e-07,0.003783071
2.335233e-07,0.0037442957
2.336233e-07,0.0037098288
2.337233e-07,0.0036904412
2.338233e-07,0.0036875689
2.339233e-07,0.0036976218
2.340233e-07,0.0037091108
2.341233e-07,0.0037134191
2.342233e-07,0.0037048024
2.343233e-07,0.0036839786
2.344233e-07,0.0036574104
2.345233e-07,0.0036329963
2.346233e-07,0.0036143267
2.347233e-07,0.0036006836
2.348233e-07,0.0035856043
2.349233e-07,0.0035640625
2.350233e-07,0.003533904
2.351233e-07,0.0034972829
2.352233e-07,0.0034628159
2.353233e-07,0.0034376838
2.354233e-07,0.0034254768
2.355233e-07,0.0034233226
2.356233e-07,0.0034261949
2.357233e-07,0.0034261949
2.358233e-07,0.0034190142
2.359233e-07,0.0034053711
2.360233e-07,0.0033910099
2.361233e-07,0.003380239
2.362233e-07,0.0033759306
2.363233e-07,0.0033744945
2.364233e-07,0.0033709042
2.365233e-07,0.003357261
2.366233e-07,0.0033321289
2.367233e-07,0.0032983801
2.368233e-07,0.0032653493
2.369233e-07,0.0032423713
2.370233e-07,0.0032351907
2.371233e-07,0.0032438074
2.372233e-07,0.0032603228
2.373233e-07,0.0032768382
2.374233e-07,0.0032840188
2.375233e-07,0.0032789924
2.376233e-07,0.0032631951
2.377233e-07,0.0032423713
2.378233e-07,0.0032215476
2.379233e-07,0.003203596
2.380233e-07,0.0031885168
2.381233e-07,0.0031734375
2.382233e-07,0.0031569221
2.383233e-07,0.0031382525
2.384233e-07,0.003120301
2.385233e-07,0.0031045037
2.386233e-07,0.0030930147
2.387233e-07,0.0030829619
2.388233e-07,0.003072909
2.389233e-07,0.0030585478
2.390233e-07,0.0030405963
2.391233e-07,0.0030204906
2.392233e-07,0.0030025391
2.393233e-07,0.002989614
2.394233e-07,0.0029809972
2.395233e-07,0.0029730986
2.396233e-07,0.0029623277
2.397233e-07,0.0029436581
2.398233e-07,0.002918526
2.399233e-07,0.0028919577
2.400233e-07,0.002871134
2.401233e-07,0.0028632353
2.402233e-07,0.0028696978
2.403233e-07,0.0028869313
2.404233e-07,0.0029063189
2.405233e-07,0.0029206801
2.406233e-07,0.0029228343
2.407233e-07,0.0029134995
2.408233e-07,0.002895548
2.409233e-07,0.0028747243
2.410233e-07,0.0028560547
2.411233e-07,0.0028409754
2.412233e-07,0.0028287684
2.413233e-07,0.0028172794
2.414233e-07,0.0028050724
2.415233e-07,0.0027935834
2.416233e-07,0.0027856847
2.417233e-07,0.0027828125
2.418233e-07,0.0027835306
2.419233e-07,0.0027849667
2.420233e-07,0.0027820944
2.421233e-07,0.0027713235
2.422233e-07,0.0027548081
2.423233e-07,0.0027368566
2.424233e-07,0.0027253676
2.425233e-07,0.0027253676
2.426233e-07,0.0027368566
2.427233e-07,0.0027548081
2.428233e-07,0.0027691693
2.429233e-07,0.0027713235
2.430233e-07,0.0027569623
2.431233e-07,0.002729676
2.432233e-07,0.0026966452
2.433233e-07,0.0026679228
2.434233e-07,0.0026506893
2.435233e-07,0.0026449449
2.436233e-07,0.0026456629
2.437233e-07,0.0026449449
2.438233e-07,0.0026363281
2.439233e-07,0.0026183766
2.440233e-07,0.0025961167
2.441233e-07,0.002576011
2.442233e-07,0.0025652401
2.443233e-07,0.0025659582
2.444233e-07,0.002575293
2.445233e-07,0.0025875
2.446233e-07,0.0025946806
2.447233e-07,0.0025918084
2.448233e-07,0.0025803194
2.449233e-07,0.0025645221
2.450233e-07,0.0025494428
2.451233e-07,0.002540108
2.452233e-07,0.0025379538
2.453233e-07,0.0025415441
2.454233e-07,0.0025465705
2.455233e-07,0.0025494428
2.456233e-07,0.0025472886
2.457233e-07,0.0025415441
2.458233e-07,0.0025322093
2.459233e-07,0.0025207204
2.460233e-07,0.0025085133
2.461233e-07,0.0024955882
2.462233e-07,0.002481227
2.463233e-07,0.0024668658
2.464233e-07,0.0024517865
2.465233e-07,0.0024381434
2.466233e-07,0.0024252183
2.467233e-07,0.0024137293
2.468233e-07,0.0024029584
2.469233e-07,0.0023921875
2.470233e-07,0.0023806985
2.471233e-07,0.0023684915
2.472233e-07,0.0023570025
2.473233e-07,0.0023462316
2.474233e-07,0.0023361788
2.475233e-07,0.002327562
2.476233e-07,0.0023196634
2.477233e-07,0.0023117647
2.478233e-07,0.0023045841
2.479233e-07,0.0022995577
2.480233e-07,0.0022945313
2.481233e-07,0.0022887868
2.482233e-07,0.0022808881
2.483233e-07,0.002267963
2.484233e-07,0.0022507295
2.485233e-07,0.0022313419
2.486233e-07,0.0022148265
2.487233e-07,0.0022062098
2.488233e-07,0.002208364
2.489233e-07,0.0022198529
2.490233e-07,0.0022363683
2.491233e-07,0.0022492934
2.492233e-07,0.0022528837
2.493233e-07,0.0022428309
2.494233e-07,0.0022227252
2.495233e-07,0.0021990292
2.496233e-07,0.0021810777
2.497233e-07,0.0021738971
2.498233e-07,0.0021782054
2.499233e-07,0.0021889763
2.500233e-07,0.0021975931
2.501233e-07,0.002196875
2.502233e-07,0.002184668
2.503233e-07,0.0021638442
2.504233e-07,0.0021423024
2.505233e-07,0.0021279412
2.506233e-07,0.0021236328
2.507233e-07,0.0021272231
2.508233e-07,0.0021315315
2.509233e-07,0.0021279412
2.510233e-07,0.0021107077
2.511233e-07,0.0020791131
2.512233e-07,0.0020396197
2.513233e-07,0.0020015625
2.514233e-07,0.0019728401
2.515233e-07,0.0019570427
2.516233e-07,0.0019534524
2.517233e-07,0.0019556066
2.518233e-07,0.0019563247
2.519233e-07,0.0019505802
2.520233e-07,0.0019376551
2.521233e-07,0.0019211397
2.522233e-07,0.0019060604
2.523233e-07,0.0018952895
2.524233e-07,0.0018902631
2.525233e-07,0.0018866728
2.526233e-07,0.0018802102
2.527233e-07,0.0018665671
2.528233e-07,0.0018450253
2.529233e-07,0.001817739
2.530233e-07,0.0017911707
2.531233e-07,0.001770347
2.532233e-07,0.0017602941
2.533233e-07,0.0017602941
2.534233e-07,0.0017681928
2.535233e-07,0.0017782456
2.536233e-07,0.0017847082
2.537233e-07,0.0017832721
2.538233e-07,0.0017725011
2.539233e-07,0.0017531135
2.540233e-07,0.0017286994
2.541233e-07,0.0017028493
2.542233e-07,0.0016798713
2.543233e-07,0.0016604837
2.544233e-07,0.0016454044
2.545233e-07,0.0016339154
2.546233e-07,0.0016231445
2.547233e-07,0.0016116556
2.548233e-07,0.0015994485
2.549233e-07,0.0015879596
2.550233e-07,0.0015779067
2.551233e-07,0.0015714442
2.552233e-07,0.0015678539
2.553233e-07,0.0015649816
2.554233e-07,0.0015592371
2.555233e-07,0.0015484662
2.556233e-07,0.0015305147
2.557233e-07,0.0015075368
2.558233e-07,0.0014831227
2.559233e-07,0.0014615809
2.560233e-07,0.0014465016
2.561233e-07,0.0014386029
2.562233e-07,0.0014357307
2.563233e-07,0.0014328585
2.564233e-07,0.001427114
2.565233e-07,0.001415625
2.566233e-07,0.0014005457
2.567233e-07,0.0013854665
2.568233e-07,0.0013746955
2.569233e-07,0.0013696691
2.570233e-07,0.0013696691
2.571233e-07,0.0013703872
2.572233e-07,0.0013675149
2.573233e-07,0.0013581801
2.574233e-07,0.0013431009
2.575233e-07,0.0013251494
2.576233e-07,0.0013100701
2.577233e-07,0.0013007353
2.578233e-07,0.0012978631
2.579233e-07,0.0012978631
2.580233e-07,0.0012964269
2.581233e-07,0.0012892463
2.582233e-07,0.0012763212
2.583233e-07,0.0012590878
2.584233e-07,0.0012425724
2.585233e-07,0.0012318015
2.586233e-07,0.0012274931
2.587233e-07,0.0012289292
2.588233e-07,0.0012318015
2.589233e-07,0.0012318015
2.590233e-07,0.001226775
2.591233e-07,0.0012181583
2.592233e-07,0.0012073874
2.593233e-07,0.0011973346
2.594233e-07,0.001190154
2.595233e-07,0.0011851275
2.596233e-07,0.0011801011
2.597233e-07,0.0011743566
2.598233e-07,0.0011678941
2.599233e-07,0.0011643038
2.600233e-07,0.0011657399
2.601233e-07,0.0011743566
2.602233e-07,0.0011894359
2.603233e-07,0.0012052332
2.604233e-07,0.0012174403
2.605233e-07,0.0012203125
2.606233e-07,0.0012131319
2.607233e-07,0.0011987707
2.608233e-07,0.0011836914
2.609233e-07,0.0011743566
2.610233e-07,0.0011736386
2.611233e-07,0.0011822553
2.612233e-07,0.0011951804
2.613233e-07,0.0012088235
2.614233e-07,0.0012188764
2.615233e-07,0.0012246209
2.616233e-07,0.0012282112
2.617233e-07,0.0012318015
2.618233e-07,0.0012368279
2.619233e-07,0.0012425724
2.620233e-07,0.0012454446
2.621233e-07,0.0012432904
2.622233e-07,0.0012346737
2.623233e-07,0.0012224667
2.624233e-07,0.0012124138
2.625233e-07,0.0012088235
2.626233e-07,0.0012152861
2.627233e-07,0.0012296473
2.628233e-07,0.0012490349
2.629233e-07,0.0012662684
2.630233e-07,0.0012770393
2.631233e-07,0.0012791935
2.632233e-07,0.0012748851
2.633233e-07,0.0012662684
2.634233e-07,0.0012576517
2.635233e-07,0.001249753
2.636233e-07,0.0012418543
2.637233e-07,0.0012318015
2.638233e-07,0.0012188764
2.639233e-07,0.001203079
2.640233e-07,0.0011872817
2.641233e-07,0.0011743566
2.642233e-07,0.001167176
2.643233e-07,0.0011657399
2.644233e-07,0.0011693302
2.645233e-07,0.0011743566
2.646233e-07,0.0011779469
2.647233e-07,0.001179383
2.648233e-07,0.0011779469
2.649233e-07,0.0011743566
2.650233e-07,0.0011700483
2.651233e-07,0.0011635857
2.652233e-07,0.0011542509
2.653233e-07,0.0011398897
2.654233e-07,0.0011205021
2.655233e-07,0.0010968061
2.656233e-07,0.0010716739
2.657233e-07,0.0010479779
2.658233e-07,0.0010278722
2.659233e-07,0.001012793
2.660233e-07,0.0010005859
2.661233e-07,0.00099053309
2.662233e-07,0.00097976218
2.663233e-07,0.00096899127
2.664233e-07,0.00095678424
2.665233e-07,0.00094457721
2.666233e-07,0.00093093405
2.667233e-07,0.00091441866
2.668233e-07,0.00089287684
2.669233e-07,0.00086415441
2.670233e-07,0.00082896944
2.671233e-07,0.00079091222
2.672233e-07,0.00075500919
2.673233e-07,0.00072628676
2.674233e-07,0.00070905331
2.675233e-07,0.00070402688
2.676233e-07,0.00070761719
2.677233e-07,0.00071479779
2.678233e-07,0.00071910616
2.679233e-07,0.00071695198
2.680233e-07,0.00070761719
2.681233e-07,0.00069181985
2.682233e-07,0.00067315028
2.683233e-07,0.00065376264
2.684233e-07,0.00063724724
2.685233e-07,0.00062288603
2.686233e-07,0.000610679
2.687233e-07,0.00060134421
2.688233e-07,0.00059344554
2.689233e-07,0.00058841912
2.690233e-07,0.000586983
2.691233e-07,0.00058913718
2.692233e-07,0.0005941636
2.693233e-07,0.00059990809
2.694233e-07,0.00060349839
2.695233e-07,0.00060349839
2.696233e-07,0.00059847197
2.697233e-07,0.00058841912
2.698233e-07,0.00057549403
2.699233e-07,0.00056041475
2.700233e-07,0.00054533548
2.701233e-07,0.00053097426
2.702233e-07,0.00051733111
2.703233e-07,0.00050512408
2.704233e-07,0.00049435317
2.705233e-07,0.00048501838
2.706233e-07,0.00047855584
2.707233e-07,0.00047424747
2.708233e-07,0.00047281135
2.709233e-07,0.00047352941
2.710233e-07,0.00047424747
2.711233e-07,0.00047496553
2.712233e-07,0.00047496553
2.713233e-07,0.00047352941
2.714233e-07,0.00047209329
2.715233e-07,0.00046993911
2.716233e-07,0.00046706687
2.717233e-07,0.00046204044
2.718233e-07,0.00045342371
2.719233e-07,0.00044049862
2.720233e-07,0.00042326517
2.721233e-07,0.00040459559
2.722233e-07,0.00038808019
2.723233e-07,0.00037730928
2.724233e-07,0.00037443704
2.725233e-07,0.00038161765
2.726233e-07,0.00039597886
2.727233e-07,0.00041321232
2.728233e-07,0.00042900965
2.729233e-07,0.0004390625
2.730233e-07,0.00044193474
2.731233e-07,0.0004390625
2.732233e-07,0.00043331801
2.733233e-07,0.00042757353
2.734233e-07,0.00042541935
2.735233e-07,0.00042972771
2.736233e-07,0.00043834444
2.737233e-07,0.00045055147
2.738233e-07,0.00046347656
2.739233e-07,0.00047496553
2.740233e-07,0.00048214614
2.741233e-07,0.00048501838
2.742233e-07,0.00048214614
2.743233e-07,0.00047496553
2.744233e-07,0.00046419462
2.745233e-07,0.00045055147
2.746233e-07,0.00043690832
2.747233e-07,0.00042398323
2.748233e-07,0.00041321232
2.749233e-07,0.00040459559
2.750233e-07,0.00039741498
2.751233e-07,0.00038951631
2.752233e-07,0.00038089959
2.753233e-07,0.00037012868
2.754233e-07,0.00035935777
2.755233e-07,0.00035074104
2.756233e-07,0.00034643267
2.757233e-07,0.00034715074
2.758233e-07,0.0003514591
2.759233e-07,0.00035648552
2.760233e-07,0.00035648552
2.761233e-07,0.00034715074
2.762233e-07,0.00032632698
2.763233e-07,0.00029473231
2.764233e-07,0.00025739315
2.765233e-07,0.00022077206
2.766233e-07,0.00019061351
2.767233e-07,0.00017194393
2.768233e-07,0.00016332721
2.769233e-07,0.00016332721
2.770233e-07,0.00016548139
2.771233e-07,0.00016404527
2.772233e-07,0.0001561466
2.773233e-07,0.00014034926
2.774233e-07,0.00012024357
2.775233e-07,9.8701746e-05
2.776233e-07,8.2186351e-05
2.777233e-07,7.1415441e-05
2.778233e-07,6.7107077e-05
2.779233e-07,6.7107077e-05
2.780233e-07,6.5670956e-05
2.781233e-07,5.9926471e-05
2.782233e-07,4.7001379e-05
2.783233e-07,2.689568e-05
2.784233e-07,3.1996783e-06
2.785233e-07,-2.0496324e-05
2.786233e-07,-3.9165901e-05
2.787233e-07,-5.0654871e-05
2.788233e-07,-5.4963235e-05
2.789233e-07,-5.4963235e-05
2.790233e-07,-5.3527114e-05
2.791233e-07,-5.4963235e-05
2.792233e-07,-5.9271599e-05
2.793233e-07,-6.6452206e-05
2.794233e-07,-7.2914752e-05
2.795233e-07,-7.5068934e-05
2.796233e-07,-7.2914752e-05
2.797233e-07,-6.6452206e-05
2.798233e-07,-5.998966e-05
2.799233e-07,-5.7835478e-05
2.800233e-07,-6.3579963e-05
2.801233e-07,-7.7941176e-05
2.802233e-07,-9.7328814e-05
2.803233e-07,-0.00011743451
2.804233e-07,-0.00013107767
2.805233e-07,-0.00013538603
2.806233e-07,-0.00012892348
2.807233e-07,-0.00011456227
2.808233e-07,-9.5892693e-05
2.809233e-07,-7.7941176e-05
2.810233e-07,-6.4298024e-05
2.811233e-07,-5.6399357e-05
2.812233e-07,-5.3527114e-05
2.813233e-07,-5.4963235e-05
2.814233e-07,-5.9271599e-05
2.815233e-07,-6.6452206e-05
2.816233e-07,-7.6505055e-05
2.817233e-07,-8.9430147e-05
2.818233e-07,-0.0001030733
2.819233e-07,-0.00011528033
2.820233e-07,-0.00012246094
2.821233e-07,-0.00012389706
2.822233e-07,-0.00011887063
2.823233e-07,-0.00011097197
2.824233e-07,-0.00010379136
2.825233e-07,-0.00010091912
2.826233e-07,-0.00010450942
2.827233e-07,-0.00011384421
2.828233e-07,-0.00012533318
2.829233e-07,-0.00013538603
2.830233e-07,-0.0001432847
2.831233e-07,-0.00014902918
2.832233e-07,-0.00015620979
2.833233e-07,-0.00016985294
2.834233e-07,-0.00019211282
2.835233e-07,-0.00022227137
2.836233e-07,-0.00025530216
2.837233e-07,-0.00028474265
2.838233e-07,-0.00030413028
2.839233e-07,-0.00031059283
2.840233e-07,-0.00030556641
2.841233e-07,-0.00029623162
2.842233e-07,-0.00029048713
2.843233e-07,-0.00029551356
2.844233e-07,-0.00031346507
2.845233e-07,-0.0003421875
2.846233e-07,-0.00037450023
2.847233e-07,-0.00040322266
2.848233e-07,-0.00042332835
2.849233e-07,-0.00043409926
2.850233e-07,-0.00043984375
2.851233e-07,-0.00044487017
2.852233e-07,-0.00045420496
2.853233e-07,-0.00046856618
2.854233e-07,-0.00048579963
2.855233e-07,-0.00050159697
2.856233e-07,-0.00051093176
2.857233e-07,-0.00051452206
2.858233e-07,-0.00051452206
2.859233e-07,-0.00051524012
2.860233e-07,-0.00052242073
2.861233e-07,-0.0005375
2.862233e-07,-0.0005576057
2.863233e-07,-0.00057914752
2.864233e-07,-0.00059638097
2.865233e-07,-0.00060643382
2.866233e-07,-0.00061146025
2.867233e-07,-0.00061433249
2.868233e-07,-0.00062007698
2.869233e-07,-0.00062941176
2.870233e-07,-0.00064090074
2.871233e-07,-0.0006487994
2.872233e-07,-0.00064951746
2.873233e-07,-0.00064090074
2.874233e-07,-0.00062653952
2.875233e-07,-0.00061433249
2.876233e-07,-0.00061002413
2.877233e-07,-0.00061792279
2.878233e-07,-0.00063659237
2.879233e-07,-0.00066028837
2.880233e-07,-0.00067895795
2.881233e-07,-0.00068685662
2.882233e-07,-0.00068398437
2.883233e-07,-0.00067608571
2.884233e-07,-0.00067105928
2.885233e-07,-0.00067536765
2.886233e-07,-0.00069188304
2.887233e-07,-0.0007162971
2.888233e-07,-0.00073999311
2.889233e-07,-0.00075579044
2.890233e-07,-0.00075866268
2.891233e-07,-0.00075148208
2.892233e-07,-0.00073999311
2.893233e-07,-0.0007328125
2.894233e-07,-0.00073424862
2.895233e-07,-0.00074573759
2.896233e-07,-0.00076225299
2.897233e-07,-0.00077876838
2.898233e-07,-0.00079097541
2.899233e-07,-0.00079743796
2.900233e-07,-0.0008003102
2.901233e-07,-0.00080174632
2.902233e-07,-0.00080390051
2.903233e-07,-0.00080533663
2.904233e-07,-0.00080533663
2.905233e-07,-0.00080174632
2.906233e-07,-0.00079743796
2.907233e-07,-0.0007967199
2.908233e-07,-0.00080461857
2.909233e-07,-0.00082472426
2.910233e-07,-0.00085416475
2.911233e-07,-0.00088719554
2.912233e-07,-0.00091448185
2.913233e-07,-0.000928125
2.914233e-07,-0.00092597082
2.915233e-07,-0.00091232767
2.916233e-07,-0.00089437615
2.917233e-07,-0.00088216912
2.918233e-07,-0.00088001494
2.919233e-07,-0.0008879136
2.920233e-07,-0.00090227482
2.921233e-07,-0.00091663603
2.922233e-07,-0.00092884306
2.923233e-07,-0.00093817785
2.924233e-07,-0.00094894876
2.925233e-07,-0.00096259191
2.926233e-07,-0.00098054343
2.927233e-07,-0.00099921301
2.928233e-07,-0.0010142923
2.929233e-07,-0.0010200368
2.930233e-07,-0.0010171645
2.931233e-07,-0.0010099839
2.932233e-07,-0.0010049575
2.933233e-07,-0.0010085478
2.934233e-07,-0.0010221909
2.935233e-07,-0.0010415786
2.936233e-07,-0.001058812
2.937233e-07,-0.0010659926
2.938233e-07,-0.0010609662
2.939233e-07,-0.0010458869
2.940233e-07,-0.0010293716
2.941233e-07,-0.0010200368
2.942233e-07,-0.0010236271
2.943233e-07,-0.0010387063
2.944233e-07,-0.0010602482
2.945233e-07,-0.0010774816
2.946233e-07,-0.0010846622
2.947233e-07,-0.0010803539
2.948233e-07,-0.0010681468
2.949233e-07,-0.0010545037
2.950233e-07,-0.0010458869
2.951233e-07,-0.001046605
2.952233e-07,-0.0010545037
2.953233e-07,-0.0010659926
2.954233e-07,-0.0010781997
2.955233e-07,-0.0010875345
2.956233e-07,-0.0010947151
2.957233e-07,-0.0011004596
2.958233e-07,-0.0011047679
2.959233e-07,-0.0011069221
2.960233e-07,-0.001105486
2.961233e-07,-0.0011004596
2.962233e-07,-0.001093279
2.963233e-07,-0.0010875345
2.964233e-07,-0.0010889706
2.965233e-07,-0.0011004596
2.966233e-07,-0.0011205653
2.967233e-07,-0.0011428251
2.968233e-07,-0.0011614947
2.969233e-07,-0.0011693934
2.970233e-07,-0.001165085
2.971233e-07,-0.0011521599
2.972233e-07,-0.0011399529
2.973233e-07,-0.0011349265
2.974233e-07,-0.0011428251
2.975233e-07,-0.0011607767
2.976233e-07,-0.0011844727
2.977233e-07,-0.0012038603
2.978233e-07,-0.0012139131
2.979233e-07,-0.001212477
2.980233e-07,-0.0012031422
2.981233e-07,-0.0011923713
2.982233e-07,-0.0011851907
2.983233e-07,-0.0011844727
2.984233e-07,-0.001188063
2.985233e-07,-0.0011923713
2.986233e-07,-0.0011945255
2.987233e-07,-0.0011930894
2.988233e-07,-0.0011909352
2.989233e-07,-0.0011923713
2.990233e-07,-0.0012009881
2.991233e-07,-0.0012167854
2.992233e-07,-0.0012383272
2.993233e-07,-0.0012613051
2.994233e-07,-0.0012814108
2.995233e-07,-0.0012957721
2.996233e-07,-0.0013043888
2.997233e-07,-0.001307261
2.998233e-07,-0.001306543
2.999233e-07,-0.0013036707
3.000233e-07,-0.0012993624
3.001233e-07,-0.0012957721
3.002233e-07,-0.0012943359
3.003233e-07,-0.0012986443
3.004233e-07,-0.0013108513
3.005233e-07,-0.001330239
3.006233e-07,-0.001354653
3.007233e-07,-0.0013797852
3.008233e-07,-0.0013998909
3.009233e-07,-0.0014106618
3.010233e-07,-0.0014120979
3.011233e-07,-0.0014077895
3.012233e-07,-0.001402045
3.013233e-07,-0.0013991728
3.014233e-07,-0.0014006089
3.015233e-07,-0.0014049173
3.016233e-07,-0.0014092256
3.017233e-07,-0.0014106618
3.018233e-07,-0.0014092256
3.019233e-07,-0.0014070715
3.020233e-07,-0.0014063534
3.021233e-07,-0.0014106618
3.022233e-07,-0.0014178424
3.023233e-07,-0.001425023
3.024233e-07,-0.0014278952
3.025233e-07,-0.0014221507
3.026233e-07,-0.0014085076
3.027233e-07,-0.0013912741
3.028233e-07,-0.0013754768
3.029233e-07,-0.0013647059
3.030233e-07,-0.0013611156
3.031233e-07,-0.0013618336
3.032233e-07,-0.0013647059
3.033233e-07,-0.0013647059
3.034233e-07,-0.0013632698
3.035233e-07,-0.0013618336
3.036233e-07,-0.001366142
3.037233e-07,-0.0013761949
3.038233e-07,-0.0013919922
3.039233e-07,-0.0014099437
3.040233e-07,-0.001425023
3.041233e-07,-0.0014336397
3.042233e-07,-0.0014379481
3.043233e-07,-0.0014422564
3.044233e-07,-0.0014515912
3.045233e-07,-0.0014681066
3.046233e-07,-0.0014896484
3.047233e-07,-0.0015090361
3.048233e-07,-0.0015183709
3.049233e-07,-0.0015140625
3.050233e-07,-0.001496829
3.051233e-07,-0.0014752872
3.052233e-07,-0.0014587718
3.053233e-07,-0.0014566176
3.054233e-07,-0.0014695427
3.055233e-07,-0.0014939568
3.056233e-07,-0.0015190889
3.057233e-07,-0.0015370404
3.058233e-07,-0.001544221
3.059233e-07,-0.0015420669
3.060233e-07,-0.0015377585
3.061233e-07,-0.0015370404
3.062233e-07,-0.0015420669
3.063233e-07,-0.0015499655
3.064233e-07,-0.0015535558
3.065233e-07,-0.0015485294
3.066233e-07,-0.0015334501
3.067233e-07,-0.0015133444
3.068233e-07,-0.001496829
3.069233e-07,-0.0014910846
3.070233e-07,-0.0014989832
3.071233e-07,-0.0015169347
3.072233e-07,-0.0015363224
3.073233e-07,-0.0015485294
3.074233e-07,-0.0015492475
3.075233e-07,-0.0015413488
3.076233e-07,-0.001531296
3.077233e-07,-0.0015255515
3.078233e-07,-0.0015284237
3.079233e-07,-0.0015377585
3.080233e-07,-0.0015463752
3.081233e-07,-0.0015485294
3.082233e-07,-0.0015413488
3.083233e-07,-0.0015277057
3.084233e-07,-0.0015162167
3.085233e-07,-0.0015140625
3.086233e-07,-0.0015255515
3.087233e-07,-0.0015478114
3.088233e-07,-0.0015736615
3.089233e-07,-0.0015944853
3.090233e-07,-0.0016052562
3.091233e-07,-0.0016074104
3.092233e-07,-0.0016052562
3.093233e-07,-0.0016059743
3.094233e-07,-0.0016138729
3.095233e-07,-0.0016282341
3.096233e-07,-0.0016433134
3.097233e-07,-0.0016519301
3.098233e-07,-0.0016526482
3.099233e-07,-0.0016469037
3.100233e-07,-0.0016440315
3.101233e-07,-0.0016519301
3.102233e-07,-0.0016756261
3.103233e-07,-0.0017144014
3.104233e-07,-0.0017596392
3.105233e-07,-0.0018012868
3.106233e-07,-0.0018307273
3.107233e-07,-0.0018443704
3.108233e-07,-0.0018472426
3.109233e-07,-0.0018472426
3.110233e-07,-0.001851551
3.111233e-07,-0.001863758
3.112233e-07,-0.0018831457
3.113233e-07,-0.0019046875
3.114233e-07,-0.001921921
3.115233e-07,-0.0019326919
3.116233e-07,-0.0019370002
3.117233e-07,-0.0019391544
3.118233e-07,-0.0019441808
3.119233e-07,-0.0019556698
3.120233e-07,-0.0019743394
3.121233e-07,-0.0019965993
3.122233e-07,-0.0020210133
3.123233e-07,-0.0020447093
3.124233e-07,-0.0020676873
3.125233e-07,-0.002088511
3.126233e-07,-0.0021071806
3.127233e-07,-0.0021201057
3.128233e-07,-0.0021265682
3.129233e-07,-0.0021229779
3.130233e-07,-0.0021107709
3.131233e-07,-0.0020928194
3.132233e-07,-0.0020755859
3.133233e-07,-0.0020655331
3.134233e-07,-0.0020662511
3.135233e-07,-0.0020770221
3.136233e-07,-0.0020942555
3.137233e-07,-0.002111489
3.138233e-07,-0.002123696
3.139233e-07,-0.0021272863
3.140233e-07,-0.0021222599
3.141233e-07,-0.002111489
3.142233e-07,-0.0020978458
3.143233e-07,-0.0020849207
3.144233e-07,-0.0020741498
3.145233e-07,-0.0020655331
3.146233e-07,-0.0020597886
3.147233e-07,-0.0020569164
3.148233e-07,-0.0020554802
3.149233e-07,-0.0020540441
3.150233e-07,-0.0020511719
3.151233e-07,-0.0020447093
3.152233e-07,-0.0020339384
3.153233e-07,-0.0020195772
3.154233e-07,-0.002005216
3.155233e-07,-0.0019951631
3.156233e-07,-0.0019922909
3.157233e-07,-0.0019965993
3.158233e-07,-0.0020044979
3.159233e-07,-0.0020102424
3.160233e-07,-0.0020080882
3.161233e-07,-0.0019965993
3.162233e-07,-0.0019786477
3.163233e-07,-0.0019614143
3.164233e-07,-0.0019542337
3.165233e-07,-0.0019621324
3.166233e-07,-0.0019858284
3.167233e-07,-0.0020195772
3.168233e-07,-0.002052608
3.169233e-07,-0.0020770221
3.170233e-07,-0.0020870749
3.171233e-07,-0.0020842027
3.172233e-07,-0.0020741498
3.173233e-07,-0.0020655331
3.174233e-07,-0.0020633789
3.175233e-07,-0.0020705595
3.176233e-07,-0.0020842027
3.177233e-07,-0.0021
3.178233e-07,-0.0021150793
3.179233e-07,-0.0021280044
3.180233e-07,-0.0021416475
3.181233e-07,-0.0021574449
3.182233e-07,-0.0021775506
3.183233e-07,-0.0021998104
3.184233e-07,-0.0022206342
3.185233e-07,-0.0022378676
3.186233e-07,-0.0022479205
3.187233e-07,-0.0022529469
3.188233e-07,-0.0022558192
3.189233e-07,-0.0022608456
3.190233e-07,-0.0022701804
3.191233e-07,-0.0022823874
3.192233e-07,-0.0022960306
3.193233e-07,-0.0023068015
3.194233e-07,-0.0023118279
3.195233e-07,-0.0023118279
3.196233e-07,-0.0023096737
3.197233e-07,-0.0023068015
3.198233e-07,-0.0023060834
3.199233e-07,-0.0023068015
3.200233e-07,-0.0023082376
3.201233e-07,-0.0023068015
3.202233e-07,-0.0023032112
3.203233e-07,-0.0022974667
3.204233e-07,-0.0022945944
3.205233e-07,-0.0022953125
3.206233e-07,-0.002301057
3.207233e-07,-0.0023089557
3.208233e-07,-0.0023154182
3.209233e-07,-0.0023182904
3.210233e-07,-0.0023161363
3.211233e-07,-0.0023103918
3.212233e-07,-0.0023060834
3.213233e-07,-0.0023068015
3.214233e-07,-0.002313264
3.215233e-07,-0.0023233169
3.216233e-07,-0.0023340878
3.217233e-07,-0.0023412684
3.218233e-07,-0.0023427045
3.219233e-07,-0.0023405503
3.220233e-07,-0.0023391142
3.221233e-07,-0.0023412684
3.222233e-07,-0.0023498851
3.223233e-07,-0.0023635283
3.224233e-07,-0.0023771714
3.225233e-07,-0.0023872243
3.226233e-07,-0.0023900965
3.227233e-07,-0.0023865062
3.228233e-07,-0.0023800437
3.229233e-07,-0.0023757353
3.230233e-07,-0.0023771714
3.231233e-07,-0.0023850701
3.232233e-07,-0.0023972771
3.233233e-07,-0.0024102022
3.234233e-07,-0.0024209731
3.235233e-07,-0.0024274357
3.236233e-07,-0.002431026
3.237233e-07,-0.0024331801
3.238233e-07,-0.0024353343
3.239233e-07,-0.0024389246
3.240233e-07,-0.0024417969
3.241233e-07,-0.0024446691
3.242233e-07,-0.0024461052
3.243233e-07,-0.0024475414
3.244233e-07,-0.0024504136
3.245233e-07,-0.0024561581
3.246233e-07,-0.0024640568
3.247233e-07,-0.0024719554
3.248233e-07,-0.0024776999
3.249233e-07,-0.002479136
3.250233e-07,-0.0024755457
3.251233e-07,-0.0024698012
3.252233e-07,-0.0024626206
3.253233e-07,-0.0024561581
3.254233e-07,-0.0024511317
3.255233e-07,-0.0024468233
3.256233e-07,-0.0024403608
3.257233e-07,-0.0024331801
3.258233e-07,-0.0024267176
3.259233e-07,-0.0024245634
3.260233e-07,-0.0024303079
3.261233e-07,-0.0024446691
3.262233e-07,-0.0024654929
3.263233e-07,-0.0024863166
3.264233e-07,-0.0024999598
3.265233e-07,-0.002502114
3.266233e-07,-0.0024927792
3.267233e-07,-0.0024776999
3.268233e-07,-0.0024633387
3.269233e-07,-0.0024561581
3.270233e-07,-0.0024583123
3.271233e-07,-0.0024676471
3.272233e-07,-0.0024762638
3.273233e-07,-0.002479136
3.274233e-07,-0.0024719554
3.275233e-07,-0.0024575942
3.276233e-07,-0.0024425149
3.277233e-07,-0.0024331801
3.278233e-07,-0.0024353343
3.279233e-07,-0.0024475414
3.280233e-07,-0.0024647748
3.281233e-07,-0.002479136
3.282233e-07,-0.0024827263
3.283233e-07,-0.0024733915
3.284233e-07,-0.0024511317
3.285233e-07,-0.0024216912
3.286233e-07,-0.0023908146
3.287233e-07,-0.0023613741
3.288233e-07,-0.0023348058
3.289233e-07,-0.0023068015
3.290233e-07,-0.0022744887
3.291233e-07,-0.0022357135
3.292233e-07,-0.0021883215
3.293233e-07,-0.0021344669
3.294233e-07,-0.0020770221
3.295233e-07,-0.002016705
3.296233e-07,-0.0019556698
3.297233e-07,-0.0018931985
3.298233e-07,-0.0018271369
3.299233e-07,-0.001756767
3.300233e-07,-0.0016799345
3.301233e-07,-0.0015944853
3.302233e-07,-0.0014997013
3.303233e-07,-0.0013934283
3.304233e-07,-0.0012756664
3.305233e-07,-0.0011464154
3.306233e-07,-0.0010092659
3.307233e-07,-0.00086708984
3.308233e-07,-0.00072491383
3.309233e-07,-0.00058345588
3.310233e-07,-0.00044199793
3.311233e-07,-0.0002983858
3.312233e-07,-0.000146875
3.313233e-07,1.3970588e-05
3.314233e-07,0.00018486903
3.315233e-07,0.00036151195
3.316233e-07,0.00054030905
3.317233e-07,0.00071479779
3.318233e-07,0.00088282399
3.319233e-07,0.0010443876
3.320233e-07,0.0012016429
3.321233e-07,0.0013581801
3.322233e-07,0.0015147174
3.323233e-07,0.0016719727
3.324233e-07,0.0018277918
3.325233e-07,0.0019785846
3.326233e-07,0.0021236328
3.327233e-07,0.0022615005
3.328233e-07,0.0023929056
3.329233e-07,0.0025185662
3.330233e-07,0.0026377642
3.331233e-07,0.0027519359
3.332233e-07,0.0028610811
3.333233e-07,0.002966636
3.334233e-07,0.0030714729
3.335233e-07,0.0031784639
3.336233e-07,0.003286173
3.337233e-07,0.0033917279
3.338233e-07,0.0034886661
3.339233e-07,0.0035712431
3.340233e-07,0.0036344324
3.341233e-07,0.0036789522
3.342233e-07,0.0037112649
3.343233e-07,0.0037407054
3.344233e-07,0.0037751723
3.345233e-07,0.0038168199
3.346233e-07,0.0038642119
3.347233e-07,0.0039101677
3.348233e-07,0.003948225
3.349233e-07,0.0039776654
3.350233e-07,0.0040013614
3.351233e-07,0.0040264936
3.352233e-07,0.0040602424
3.353233e-07,0.0041040441
3.354233e-07,0.0041507181
3.355233e-07,0.0041887753
3.356233e-07,0.0042060087
3.357233e-07,0.0041959559
3.358233e-07,0.0041636432
3.359233e-07,0.0041234318
3.360233e-07,0.004091119
3.361233e-07,0.0040810662
3.362233e-07,0.0040961455
3.363233e-07,0.0041298943
3.364233e-07,0.0041679515
3.365233e-07,0.0041959559
3.366233e-07,0.0042067268
3.367233e-07,0.0042017004
3.368233e-07,0.0041873392
3.369233e-07,0.0041729779
3.370233e-07,0.0041636432
3.371233e-07,0.0041586167
3.372233e-07,0.0041521542
3.373233e-07,0.004138511
3.374233e-07,0.0041169692
3.375233e-07,0.0040925551
3.376233e-07,0.0040746036
3.377233e-07,0.0040695772
3.378233e-07,0.0040803481
3.379233e-07,0.0041011719
3.380233e-07,0.0041234318
3.381233e-07,0.004138511
3.382233e-07,0.0041428194
3.383233e-07,0.0041392291
3.384233e-07,0.0041356388
3.385233e-07,0.004138511
3.386233e-07,0.0041492819
3.387233e-07,0.004162207
3.388233e-07,0.0041686696
3.389233e-07,0.004161489
3.390233e-07,0.0041399472
3.391233e-07,0.0041119428
3.392233e-07,0.0040882468
3.393233e-07,0.0040810662
3.394233e-07,0.0040939913
3.395233e-07,0.0041227137
3.396233e-07,0.0041564625
3.397233e-07,0.0041844669
3.398233e-07,0.0042002642
3.399233e-07,0.0042060087
3.400233e-07,0.004209599
3.401233e-07,0.0042189338
3.402233e-07,0.0042376034
3.403233e-07,0.0042620175
3.404233e-07,0.0042821232
3.405233e-07,0.0042878676
3.406233e-07,0.0042763787
3.407233e-07,0.0042512466
3.408233e-07,0.0042246783
3.409233e-07,0.0042074449
3.410233e-07,0.0042067268
3.411233e-07,0.0042218061
3.412233e-07,0.004244784
3.413233e-07,0.0042648897
3.414233e-07,0.0042763787
3.415233e-07,0.004279969
3.416233e-07,0.0042814051
3.417233e-07,0.0042878676
3.418233e-07,0.0043029469
3.419233e-07,0.0043230526
3.420233e-07,0.0043402861
3.421233e-07,0.0043453125
3.422233e-07,0.0043345416
3.423233e-07,0.0043122817
3.424233e-07,0.0042885857
3.425233e-07,0.0042763787
3.426233e-07,0.0042821232
3.427233e-07,0.004303665
3.428233e-07,0.0043331055
3.429233e-07,0.0043568015
3.430233e-07,0.0043661363
3.431233e-07,0.0043589557
3.432233e-07,0.0043410041
3.433233e-07,0.0043223346
3.434233e-07,0.0043115636
3.435233e-07,0.0043115636
3.436233e-07,0.0043180262
3.437233e-07,0.0043223346
3.438233e-07,0.0043180262
3.439233e-07,0.0043022289
3.440233e-07,0.0042778148
3.441233e-07,0.0042534007
3.442233e-07,0.0042354492
3.443233e-07,0.0042282686
3.444233e-07,0.0042318589
3.445233e-07,0.0042419118
3.446233e-07,0.0042534007
3.447233e-07,0.0042634536
3.448233e-07,0.0042706342
3.449233e-07,0.0042763787
3.450233e-07,0.004279969
3.451233e-07,0.0042792509
3.452233e-07,0.0042713523
3.453233e-07,0.0042534007
3.454233e-07,0.0042261144
3.455233e-07,0.0041930836
3.456233e-07,0.004161489
3.457233e-07,0.004138511
3.458233e-07,0.0041277401
3.459233e-07,0.0041291762
3.460233e-07,0.004137793
3.461233e-07,0.00415
3.462233e-07,0.0041600528
3.463233e-07,0.0041672335
3.464233e-07,0.0041708238
3.465233e-07,0.0041729779
3.466233e-07,0.0041729779
3.467233e-07,0.0041686696
3.468233e-07,0.0041578987
3.469233e-07,0.004138511
3.470233e-07,0.0041133789
3.471233e-07,0.0040853745
3.472233e-07,0.0040623966
3.473233e-07,0.0040465993
3.474233e-07,0.0040394187
3.475233e-07,0.0040379825
3.476233e-07,0.0040372645
3.477233e-07,0.0040351103
3.478233e-07,0.00403152
3.479233e-07,0.0040286477
3.480233e-07,0.0040293658
3.481233e-07,0.0040351103
3.482233e-07,0.0040415728
3.483233e-07,0.0040408548
3.484233e-07,0.0040279297
3.485233e-07,0.0040006434
3.486233e-07,0.0039625862
3.487233e-07,0.003924529
3.488233e-07,0.0038965246
3.489233e-07,0.0038857537
3.490233e-07,0.0038914982
3.491233e-07,0.0039058594
3.492233e-07,0.0039187845
3.493233e-07,0.0039202206
3.494233e-07,0.0039094497
3.495233e-07,0.0038907801
3.496233e-07,0.0038728286
3.497233e-07,0.0038627757
3.498233e-07,0.0038620577
3.499233e-07,0.0038649299
3.500233e-07,0.0038634938
3.501233e-07,0.0038512868
3.502233e-07,0.0038275908
3.503233e-07,0.0037995864
3.504233e-07,0.0037780446
3.505233e-07,0.003770864
3.506233e-07,0.0037794807
3.507233e-07,0.0037974322
3.508233e-07,0.0038132295
3.509233e-07,0.0038168199
3.510233e-07,0.0038053309
3.511233e-07,0.003783071
3.512233e-07,0.0037608111
3.513233e-07,0.003747886
3.514233e-07,0.003747886
3.515233e-07,0.0037550666
3.516233e-07,0.0037586569
3.517233e-07,0.003747886
3.518233e-07,0.0037184455
3.519233e-07,0.0036775161
3.520233e-07,0.0036358686
3.521233e-07,0.0036100184
3.522233e-07,0.0036071461
3.523233e-07,0.0036250977
3.524233e-07,0.0036538201
3.525233e-07,0.0036789522
3.526233e-07,0.0036897231
3.527233e-07,0.0036825425
3.528233e-07,0.0036638729
3.529233e-07,0.0036444853
3.530233e-07,0.0036322783
3.531233e-07,0.0036301241
3.532233e-07,0.0036337144
3.533233e-07,0.0036329963
3.534233e-07,0.0036207893
3.535233e-07,0.0035956572
3.536233e-07,0.0035619083
3.537233e-07,0.0035295956
3.538233e-07,0.0035080538
3.539233e-07,0.0035030273
3.540233e-07,0.0035123621
3.541233e-07,0.0035295956
3.542233e-07,0.003546829
3.543233e-07,0.0035576
3.544233e-07,0.0035590361
3.545233e-07,0.0035525735
3.546233e-07,0.0035410846
3.547233e-07,0.0035274414
3.548233e-07,0.0035116441
3.549233e-07,0.0034951287
3.550233e-07,0.0034778952
3.551233e-07,0.0034620979
3.552233e-07,0.003452045
3.553233e-07,0.0034491728
3.554233e-07,0.0034549173
3.555233e-07,0.0034656882
3.556233e-07,0.0034771772
3.557233e-07,0.0034836397
3.558233e-07,0.0034829216
3.559233e-07,0.003475741
3.560233e-07,0.0034671243
3.561233e-07,0.0034606618
3.562233e-07,0.0034592256
3.563233e-07,0.0034613798
3.564233e-07,0.003463534
3.565233e-07,0.0034606618
3.566233e-07,0.0034506089
3.567233e-07,0.0034340935
3.568233e-07,0.0034168601
3.569233e-07,0.0034032169
3.570233e-07,0.0033981905
3.571233e-07,0.0034003447
3.572233e-07,0.0034075253
3.573233e-07,0.0034147059
3.574233e-07,0.0034168601
3.575233e-07,0.0034132698
3.576233e-07,0.003403935
3.577233e-07,0.0033917279
3.578233e-07,0.0033780848
3.579233e-07,0.0033615694
3.580233e-07,0.0033400276
3.581233e-07,0.0033113051
3.582233e-07,0.0032746841
3.583233e-07,0.0032337546
3.584233e-07,0.0031935432
3.585233e-07,0.0031619485
3.586233e-07,0.0031425609
3.587233e-07,0.0031346622
3.588233e-07,0.0031360983
3.589233e-07,0.0031389706
3.590233e-07,0.0031389706
3.591233e-07,0.00313179
3.592233e-07,0.003119583
3.593233e-07,0.0031045037
3.594233e-07,0.0030894244
3.595233e-07,0.0030750632
3.596233e-07,0.0030621381
3.597233e-07,0.0030470588
3.598233e-07,0.0030298254
3.599233e-07,0.0030104377
3.600233e-07,0.0029917682
3.601233e-07,0.002978125
3.602233e-07,0.0029723805
3.603233e-07,0.0029745347
3.604233e-07,0.0029817153
3.605233e-07,0.002989614
3.606233e-07,0.0029932043
3.607233e-07,0.002989614
3.608233e-07,0.0029795611
3.609233e-07,0.002966636
3.610233e-07,0.002954429
3.611233e-07,0.0029443761
3.612233e-07,0.0029379136
3.613233e-07,0.0029321691
3.614233e-07,0.0029228343
3.615233e-07,0.002907037
3.616233e-07,0.0028862132
3.617233e-07,0.0028632353
3.618233e-07,0.0028438477
3.619233e-07,0.0028337948
3.620233e-07,0.002836667
3.621233e-07,0.0028517463
3.622233e-07,0.0028747243
3.623233e-07,0.0028991383
3.624233e-07,0.0029163718
3.625233e-07,0.0029206801
3.626233e-07,0.0029099092
3.627233e-07,0.0028854952
3.628233e-07,0.0028524644
3.629233e-07,0.0028172794
3.630233e-07,0.0027856847
3.631233e-07,0.0027619887
3.632233e-07,0.0027461914
3.633233e-07,0.0027368566
3.634233e-07,0.0027311121
3.635233e-07,0.0027246496
3.636233e-07,0.0027153148
3.637233e-07,0.0027023897
3.638233e-07,0.0026880285
3.639233e-07,0.0026736673
3.640233e-07,0.0026628964
3.641233e-07,0.0026564338
3.642233e-07,0.0026528435
3.643233e-07,0.0026499713
3.644233e-07,0.0026442268
3.645233e-07,0.0026334559
3.646233e-07,0.0026176585
3.647233e-07,0.0025982709
3.648233e-07,0.0025788833
3.649233e-07,0.0025645221
3.650233e-07,0.0025580595
3.651233e-07,0.0025594956
3.652233e-07,0.0025666762
3.653233e-07,0.002576011
3.654233e-07,0.0025824736
3.655233e-07,0.0025839097
3.656233e-07,0.0025810375
3.657233e-07,0.002576011
3.658233e-07,0.0025745749
3.659233e-07,0.0025796013
3.660233e-07,0.0025925264
3.661233e-07,0.0026104779
3.662233e-07,0.0026277114
3.663233e-07,0.0026377642
3.664233e-07,0.0026363281
3.665233e-07,0.0026219669
3.666233e-07,0.0025982709
3.667233e-07,0.0025709846
3.668233e-07,0.0025465705
3.669233e-07,0.0025300551
3.670233e-07,0.0025214384
3.671233e-07,0.0025200023
3.672233e-07,0.0025200023
3.673233e-07,0.0025185662
3.674233e-07,0.0025135398
3.675233e-07,0.002504923
3.676233e-07,0.0024948702
3.677233e-07,0.0024840993
3.678233e-07,0.0024733284
3.679233e-07,0.0024632755
3.680233e-07,0.0024510685
3.681233e-07,0.0024381434
3.682233e-07,0.0024245002
3.683233e-07,0.0024130113
3.684233e-07,0.0024051126
3.685233e-07,0.0024036765
3.686233e-07,0.0024072668
3.687233e-07,0.0024122932
3.688233e-07,0.0024158835
3.689233e-07,0.0024151654
3.690233e-07,0.0024087029
3.691233e-07,0.00239865
3.692233e-07,0.0023878791
3.693233e-07,0.0023806985
3.694233e-07,0.0023778263
3.695233e-07,0.0023785443
3.696233e-07,0.0023806985
3.697233e-07,0.0023806985
3.698233e-07,0.0023778263
3.699233e-07,0.0023727999
3.700233e-07,0.0023692096
3.701233e-07,0.0023692096
3.702233e-07,0.002374236
3.703233e-07,0.0023828527
3.704233e-07,0.0023907514
3.705233e-07,0.0023921875
3.706233e-07,0.0023842888
3.707233e-07,0.0023663373
3.708233e-07,0.0023404871
3.709233e-07,0.0023117647
3.710233e-07,0.0022859145
3.711233e-07,0.0022650908
3.712233e-07,0.0022514476
3.713233e-07,0.0022428309
3.714233e-07,0.0022363683
3.715233e-07,0.0022306239
3.716233e-07,0.0022248794
3.717233e-07,0.0022198529
3.718233e-07,0.0022176988
3.719233e-07,0.0022184168
3.720233e-07,0.0022198529
3.721233e-07,0.0022198529
3.722233e-07,0.0022148265
3.723233e-07,0.0022026195
3.724233e-07,0.002184668
3.725233e-07,0.0021624081
3.726233e-07,0.0021408663
3.727233e-07,0.0021236328
3.728233e-07,0.0021114258
3.729233e-07,0.0021049632
3.730233e-07,0.0021006549
3.731233e-07,0.0020977826
3.732233e-07,0.0020949104
3.733233e-07,0.0020934743
3.734233e-07,0.0020963465
3.735233e-07,0.0021056813
3.736233e-07,0.0021207606
3.737233e-07,0.0021394301
3.738233e-07,0.0021566636
3.739233e-07,0.0021667165
3.740233e-07,0.0021681526
3.741233e-07,0.0021624081
3.742233e-07,0.0021530733
3.743233e-07,0.0021473288
3.744233e-07,0.0021502011
3.745233e-07,0.0021624081
3.746233e-07,0.0021817957
3.747233e-07,0.0022033375
3.748233e-07,0.002220571
3.749233e-07,0.0022313419
3.750233e-07,0.0022349322
3.751233e-07,0.0022356503
3.752233e-07,0.0022370864
3.753233e-07,0.0022428309
3.754233e-07,0.0022514476
3.755233e-07,0.0022607824
3.756233e-07,0.0022665269
3.757233e-07,0.0022658088
3.758233e-07,0.0022593463
3.759233e-07,0.0022500115
3.760233e-07,0.0022435489
3.761233e-07,0.0022428309
3.762233e-07,0.0022478573
3.763233e-07,0.0022543199
3.764233e-07,0.0022579102
3.765233e-07,0.0022543199
3.766233e-07,0.0022421128
3.767233e-07,0.0022248794
3.768233e-07,0.0022076459
3.769233e-07,0.002196875
3.770233e-07,0.0021940028
3.771233e-07,0.002196875
3.772233e-07,0.0021997472
3.773233e-07,0.002196875
3.774233e-07,0.0021839499
3.775233e-07,0.0021624081
3.776233e-07,0.002137994
3.777233e-07,0.0021164522
3.778233e-07,0.0021035271
3.779233e-07,0.0021006549
3.780233e-07,0.0021035271
3.781233e-07,0.0021049632
3.782233e-07,0.0020992188
3.783233e-07,0.0020827034
3.784233e-07,0.0020561351
3.785233e-07,0.0020245404
3.786233e-07,0.0019936638
3.787233e-07,0.0019678136
3.788233e-07,0.001948426
3.789233e-07,0.0019326287
3.790233e-07,0.0019168313
3.791233e-07,0.0018960076
3.792233e-07,0.0018701574
3.793233e-07,0.0018407169
3.794233e-07,0.0018112764
3.795233e-07,0.0017854262
3.796233e-07,0.0017681928
3.797233e-07,0.0017602941
3.798233e-07,0.0017595761
3.799233e-07,0.0017617302
3.800233e-07,0.0017631664
3.801233e-07,0.0017602941
3.802233e-07,0.0017495232
3.803233e-07,0.0017315717
3.804233e-07,0.0017071576
3.805233e-07,0.0016798713
3.806233e-07,0.001652585
3.807233e-07,0.001628889
3.808233e-07,0.0016109375
3.809233e-07,0.0015994485
3.810233e-07,0.001592986
3.811233e-07,0.0015901137
3.812233e-07,0.0015886776
3.813233e-07,0.0015879596
3.814233e-07,0.0015872415
3.815233e-07,0.0015872415
3.816233e-07,0.0015879596
3.817233e-07,0.0015879596
3.818233e-07,0.0015865234
3.819233e-07,0.0015822151
3.820233e-07,0.0015743164
3.821233e-07,0.0015649816
3.822233e-07,0.0015556468
3.823233e-07,0.0015506204
3.824233e-07,0.0015499023
3.825233e-07,0.0015534926
3.826233e-07,0.0015585191
3.827233e-07,0.0015599552
3.828233e-07,0.0015542107
3.829233e-07,0.0015420037
3.830233e-07,0.0015262063
3.831233e-07,0.0015118451
3.832233e-07,0.0015046645
3.833233e-07,0.0015075368
3.834233e-07,0.0015190257
3.835233e-07,0.0015333869
3.836233e-07,0.0015427217
3.837233e-07,0.0015420037
3.838233e-07,0.0015290786
3.839233e-07,0.0015075368
3.840233e-07,0.0014824046
3.841233e-07,0.0014615809
3.842233e-07,0.0014493739
3.843233e-07,0.0014465016
3.844233e-07,0.0014522461
3.845233e-07,0.0014615809
3.846233e-07,0.0014709157
3.847233e-07,0.0014788143
3.848233e-07,0.0014831227
3.849233e-07,0.0014845588
3.850233e-07,0.0014824046
3.851233e-07,0.0014759421
3.852233e-07,0.0014651712
3.853233e-07,0.0014500919
3.854233e-07,0.0014342946
3.855233e-07,0.0014213695
3.856233e-07,0.0014141889
3.857233e-07,0.001415625
3.858233e-07,0.0014220875
3.859233e-07,0.0014285501
3.860233e-07,0.001427832
3.861233e-07,0.001415625
3.862233e-07,0.001391929
3.863233e-07,0.0013617705
3.864233e-07,0.001333048
3.865233e-07,0.0013122243
3.866233e-07,0.0013028895
3.867233e-07,0.0013036075
3.868233e-07,0.0013057617
3.869233e-07,0.0013007353
3.870233e-07,0.0012820657
3.871233e-07,0.0012490349
3.872233e-07,0.0012066693
3.873233e-07,0.0011628676
3.874233e-07,0.0011276827
3.875233e-07,0.0011068589
3.876233e-07,0.0011011144
3.877233e-07,0.0011054228
3.878233e-07,0.0011140395
3.879233e-07,0.001119784
3.880233e-07,0.0011205021
3.881233e-07,0.0011169118
3.882233e-07,0.0011111673
3.883233e-07,0.0011047047
3.884233e-07,0.0010996783
3.885233e-07,0.0010939338
3.886233e-07,0.001083881
3.887233e-07,0.0010688017
3.888233e-07,0.0010472599
3.889233e-07,0.001025
3.890233e-07,0.0010056124
3.891233e-07,0.00099484145
3.892233e-07,0.00099412339
3.893233e-07,0.0010020221
3.894233e-07,0.0010142291
3.895233e-07,0.0010242819
3.896233e-07,0.0010285903
3.897233e-07,0.001025
3.898233e-07,0.0010142291
3.899233e-07,0.00099914982
3.900233e-07,0.00098335248
3.901233e-07,0.00096755515
3.902233e-07,0.00095175781
3.903233e-07,0.00093596048
3.904233e-07,0.0009172909
3.905233e-07,0.00089862132
3.906233e-07,0.00088138787
3.907233e-07,0.00086918084
3.908233e-07,0.00086343635
3.909233e-07,0.00086415441
3.910233e-07,0.00086774472
3.911233e-07,0.0008698989
3.912233e-07,0.00086559053
3.913233e-07,0.00085266544
3.914233e-07,0.0008332778
3.915233e-07,0.00081029986
3.916233e-07,0.0007894761
3.917233e-07,0.00077224265
3.918233e-07,0.00075931756
3.919233e-07,0.00074782858
3.920233e-07,0.00073346737
3.921233e-07,0.00071479779
3.922233e-07,0.00069181985
3.923233e-07,0.00066955997
3.924233e-07,0.00065232652
3.925233e-07,0.00064586397
3.926233e-07,0.00065017233
3.927233e-07,0.00066166131
3.928233e-07,0.00067386834
3.929233e-07,0.00068033088
3.930233e-07,0.00067530446
3.931233e-07,0.00065735294
3.932233e-07,0.0006307847
3.933233e-07,0.00059990809
3.934233e-07,0.00057118566
3.935233e-07,0.00054892578
3.936233e-07,0.00053528263
3.937233e-07,0.00053097426
3.938233e-07,0.00053456457
3.939233e-07,0.00054461742
3.940233e-07,0.00055969669
3.941233e-07,0.00057693015
3.942233e-07,0.00059272748
3.943233e-07,0.00060278033
3.944233e-07,0.00060206227
3.945233e-07,0.00058841912
3.946233e-07,0.00056400506
3.947233e-07,0.00053312845
3.948233e-07,0.00050440602
3.949233e-07,0.00048501838
3.950233e-07,0.0004792739
3.951233e-07,0.00048717256
3.952233e-07,0.0005029699
3.953233e-07,0.00051948529
3.954233e-07,0.00052953814
3.955233e-07,0.00052953814
3.956233e-07,0.00052092142
3.957233e-07,0.00050799632
3.958233e-07,0.00049722541
3.959233e-07,0.00049148093
3.960233e-07,0.00049291705
3.961233e-07,0.00049650735
3.962233e-07,0.00049866153
3.963233e-07,0.00049363511
3.964233e-07,0.00048071002
3.965233e-07,0.00046204044
3.966233e-07,0.00044121668
3.967233e-07,0.00042326517
3.968233e-07,0.00041105813
3.969233e-07,0.00040459559
3.970233e-07,0.00040172335
3.971233e-07,0.0003988511
3.972233e-07,0.00039238856
3.973233e-07,0.00038161765
3.974233e-07,0.00036797449
3.975233e-07,0.0003550494
3.976233e-07,0.00034356043
3.977233e-07,0.00033566176
3.978233e-07,0.00032991728
3.979233e-07,0.00032560892
3.980233e-07,0.00031986443
3.981233e-07,0.00031268382
3.982233e-07,0.00030550322
3.983233e-07,0.00030047679
3.984233e-07,0.00029904067
3.985233e-07,0.00030119485
3.986233e-07,0.00030550322
3.987233e-07,0.00030837546
3.988233e-07,0.00030693934
3.989233e-07,0.00030119485
3.990233e-07,0.00029186006
3.991233e-07,0.00028252528
3.992233e-07,0.00027749885
3.993233e-07,0.00027821691
3.994233e-07,0.00028467946
3.995233e-07,0.00029401425
3.996233e-07,0.00030047679
3.997233e-07,0.00030119485
3.998233e-07,0.00029473231
3.999233e-07,0.00028252528
4.000233e-07,0.00027175437
4.001233e-07,0.00026672794
4.002233e-07,0.00027175437
4.003233e-07,0.00028611558
4.004233e-07,0.00030550322
4.005233e-07,0.00032417279
4.006233e-07,0.0003349437
4.007233e-07,0.00033566176
4.008233e-07,0.00032632698
4.009233e-07,0.00031268382
4.010233e-07,0.00030119485
4.011233e-07,0.00029616843
4.012233e-07,0.00030119485
4.013233e-07,0.00031268382
4.014233e-07,0.00032632698
4.015233e-07,0.00033709789
4.016233e-07,0.00033997013
4.017233e-07,0.00033566176
4.018233e-07,0.00032560892
4.019233e-07,0.00031483801
4.020233e-07,0.00030622128
4.021233e-07,0.00030119485
4.022233e-07,0.00029904067
4.023233e-07,0.00029616843
4.024233e-07,0.00029042394
4.025233e-07,0.00027821691
4.026233e-07,0.00026170152
4.027233e-07,0.00024375
4.028233e-07,0.00022938879
4.029233e-07,0.00022077206
4.030233e-07,0.00021933594
4.031233e-07,0.0002236443
4.032233e-07,0.00022938879
4.033233e-07,0.00023226103
4.034233e-07,0.00022795267
4.035233e-07,0.00021574563
4.036233e-07,0.00019707606
4.037233e-07,0.00017481618
4.038233e-07,0.0001525563
4.039233e-07,0.0001324506
4.040233e-07,0.00011737132
4.041233e-07,0.00010588235
4.042233e-07,9.7265625e-05
4.043233e-07,8.9366958e-05
4.044233e-07,8.075023e-05
4.045233e-07,7.1415441e-05
4.046233e-07,6.0644531e-05
4.047233e-07,4.84375e-05
4.048233e-07,3.6948529e-05
4.049233e-07,2.5459559e-05
4.050233e-07,1.540671e-05
4.051233e-07,6.071921e-06
4.052233e-07,-1.8267463e-06
4.053233e-07,-9.0073529e-06
4.054233e-07,-1.5469899e-05
4.055233e-07,-2.1932445e-05
4.056233e-07,-2.767693e-05
4.057233e-07,-3.1985294e-05
4.058233e-07,-3.4139476e-05
4.059233e-07,-3.4857537e-05
4.060233e-07,-3.3421415e-05
4.061233e-07,-3.1985294e-05
4.062233e-07,-3.1985294e-05
4.063233e-07,-3.5575597e-05
4.064233e-07,-4.2756204e-05
4.065233e-07,-5.4963235e-05
4.066233e-07,-6.8606388e-05
4.067233e-07,-8.0813419e-05
4.068233e-07,-8.8712086e-05
4.069233e-07,-8.9430147e-05
4.070233e-07,-8.3685662e-05
4.071233e-07,-7.2914752e-05
4.072233e-07,-6.2143842e-05
4.073233e-07,-5.4963235e-05
4.074233e-07,-5.4963235e-05
4.075233e-07,-6.2143842e-05
4.076233e-07,-7.4350873e-05
4.077233e-07,-8.9430147e-05
4.078233e-07,-0.0001030733
4.079233e-07,-0.00011312615
4.080233e-07,-0.00011958869
4.081233e-07,-0.00012389706
4.082233e-07,-0.00012820542
4.083233e-07,-0.00013394991
4.084233e-07,-0.00014041245
4.085233e-07,-0.000146875
4.086233e-07,-0.00014974724
4.087233e-07,-0.000146875
4.088233e-07,-0.00013754021
4.089233e-07,-0.00012389706
4.090233e-07,-0.00010881778
4.091233e-07,-9.8046875e-05
4.092233e-07,-9.5174632e-05
4.093233e-07,-0.00010091912
4.094233e-07,-0.00011599839
4.095233e-07,-0.00013682215
4.096233e-07,-0.00015980009
4.097233e-07,-0.00018134191
4.098233e-07,-0.00019929343
4.099233e-07,-0.00021293658
4.100233e-07,-0.00022155331
4.101233e-07,-0.00022729779
4.102233e-07,-0.0002308881
4.103233e-07,-0.00023519646
4.104233e-07,-0.00024094095
4.105233e-07,-0.00025027574
4.106233e-07,-0.00026463695
4.107233e-07,-0.00028402459
4.108233e-07,-0.00030700253
4.109233e-07,-0.00033069853
4.110233e-07,-0.00035080423
4.111233e-07,-0.00036372932
4.112233e-07,-0.00036803768
4.113233e-07,-0.00036516544
4.114233e-07,-0.0003587029
4.115233e-07,-0.00035439453
4.116233e-07,-0.00035583065
4.117233e-07,-0.00036516544
4.118233e-07,-0.00038024472
4.119233e-07,-0.00039819623
4.120233e-07,-0.00041327551
4.121233e-07,-0.00042261029
4.122233e-07,-0.0004262006
4.123233e-07,-0.00042476448
4.124233e-07,-0.00042261029
4.125233e-07,-0.00042261029
4.126233e-07,-0.00042476448
4.127233e-07,-0.00042907284
4.128233e-07,-0.00043266314
4.129233e-07,-0.00043409926
4.130233e-07,-0.00043409926
4.131233e-07,-0.00043409926
4.132233e-07,-0.00043768957
4.133233e-07,-0.00044558824
4.134233e-07,-0.00045779527
4.135233e-07,-0.00047215648
4.136233e-07,-0.00048436351
4.137233e-07,-0.00049154412
4.138233e-07,-0.00049298024
4.139233e-07,-0.00049154412
4.140233e-07,-0.00048938994
4.141233e-07,-0.00049154412
4.142233e-07,-0.00049944278
4.143233e-07,-0.00051164982
4.144233e-07,-0.00052529297
4.145233e-07,-0.0005375
4.146233e-07,-0.00054468061
4.147233e-07,-0.00054539867
4.148233e-07,-0.00054252642
4.149233e-07,-0.0005375
4.150233e-07,-0.00053175551
4.151233e-07,-0.00052457491
4.152233e-07,-0.00051524012
4.153233e-07,-0.00050303309
4.154233e-07,-0.00048723575
4.155233e-07,-0.0004700023
4.156233e-07,-0.00045492302
4.157233e-07,-0.00044558824
4.158233e-07,-0.00044343405
4.159233e-07,-0.00044702436
4.160233e-07,-0.00045276884
4.161233e-07,-0.00045707721
4.162233e-07,-0.00045635915
4.163233e-07,-0.0004498966
4.164233e-07,-0.00044127987
4.165233e-07,-0.00043409926
4.166233e-07,-0.00043194508
4.167233e-07,-0.00043481733
4.168233e-07,-0.00044056181
4.169233e-07,-0.00044558824
4.170233e-07,-0.00044487017
4.171233e-07,-0.00043697151
4.172233e-07,-0.00042404642
4.173233e-07,-0.00041112132
4.174233e-07,-0.00040465878
4.175233e-07,-0.00040896714
4.176233e-07,-0.00042332835
4.177233e-07,-0.00044558824
4.178233e-07,-0.00046784812
4.179233e-07,-0.00048508157
4.180233e-07,-0.00049226218
4.181233e-07,-0.00049154412
4.182233e-07,-0.00048723575
4.183233e-07,-0.00048436351
4.184233e-07,-0.00048938994
4.185233e-07,-0.00050303309
4.186233e-07,-0.00052313879
4.187233e-07,-0.00054468061
4.188233e-07,-0.00056191406
4.189233e-07,-0.00057196691
4.190233e-07,-0.00057483915
4.191233e-07,-0.00057268497
4.192233e-07,-0.00057053079
4.193233e-07,-0.00057196691
4.194233e-07,-0.00057842946
4.195233e-07,-0.00058991843
4.196233e-07,-0.00060427964
4.197233e-07,-0.00061792279
4.198233e-07,-0.00062941176
4.199233e-07,-0.00063874655
4.200233e-07,-0.00064664522
4.201233e-07,-0.00065238971
4.202233e-07,-0.00065669807
4.203233e-07,-0.00065813419
4.204233e-07,-0.00065669807
4.205233e-07,-0.00065238971
4.206233e-07,-0.00064736328
4.207233e-07,-0.0006452091
4.208233e-07,-0.00064951746
4.209233e-07,-0.00066387868
4.210233e-07,-0.00068613856
4.211233e-07,-0.00071342486
4.212233e-07,-0.00073855699
4.213233e-07,-0.00075579044
4.214233e-07,-0.00076153493
4.215233e-07,-0.0007565085
4.216233e-07,-0.00074430147
4.217233e-07,-0.0007328125
4.218233e-07,-0.00072778608
4.219233e-07,-0.0007328125
4.220233e-07,-0.00074717371
4.221233e-07,-0.00076727941
4.222233e-07,-0.00078666705
4.223233e-07,-0.00079959214
4.224233e-07,-0.00080461857
4.225233e-07,-0.00080174632
4.226233e-07,-0.00079528378
4.227233e-07,-0.00078882123
4.228233e-07,-0.00078666705
4.229233e-07,-0.00079025735
4.230233e-07,-0.00079887408
4.231233e-07,-0.00080892693
4.232233e-07,-0.00081826172
4.233233e-07,-0.00082472426
4.234233e-07,-0.00082687845
4.235233e-07,-0.00082616039
4.236233e-07,-0.00082472426
4.237233e-07,-0.00082472426
4.238233e-07,-0.00082903263
4.239233e-07,-0.00083836742
4.240233e-07,-0.00085272863
4.241233e-07,-0.00087068015
4.242233e-07,-0.00089006778
4.243233e-07,-0.00090730124
4.244233e-07,-0.00092094439
4.245233e-07,-0.000928125
4.246233e-07,-0.000928125
4.247233e-07,-0.00092309858
4.248233e-07,-0.00091376379
4.249233e-07,-0.00090514706
4.250233e-07,-0.00089940257
4.251233e-07,-0.00089940257
4.252233e-07,-0.00090514706
4.253233e-07,-0.00091663603
4.254233e-07,-0.00093099724
4.255233e-07,-0.0009482307
4.256233e-07,-0.00096618222
4.257233e-07,-0.00098556985
4.258233e-07,-0.0010071117
4.259233e-07,-0.0010308077
4.260233e-07,-0.0010552217
4.261233e-07,-0.0010774816
4.262233e-07,-0.0010947151
4.263233e-07,-0.0011040499
4.264233e-07,-0.0011047679
4.265233e-07,-0.0011004596
4.266233e-07,-0.0010954331
4.267233e-07,-0.0010954331
4.268233e-07,-0.0011047679
4.269233e-07,-0.0011234375
4.270233e-07,-0.0011492877
4.271233e-07,-0.001176574
4.272233e-07,-0.00120027
4.273233e-07,-0.0012153493
4.274233e-07,-0.0012232479
4.275233e-07,-0.0012261202
4.276233e-07,-0.0012297105
4.277233e-07,-0.0012383272
4.278233e-07,-0.0012519704
4.279233e-07,-0.0012677677
4.280233e-07,-0.0012806928
4.281233e-07,-0.0012842831
4.282233e-07,-0.0012763844
4.283233e-07,-0.0012577148
4.284233e-07,-0.0012347369
4.285233e-07,-0.0012153493
4.286233e-07,-0.0012060145
4.287233e-07,-0.0012103228
4.288233e-07,-0.0012261202
4.289233e-07,-0.0012498162
4.290233e-07,-0.0012727941
4.291233e-07,-0.0012878734
4.292233e-07,-0.0012914637
4.293233e-07,-0.0012842831
4.294233e-07,-0.0012684858
4.295233e-07,-0.0012505342
4.296233e-07,-0.001235455
4.297233e-07,-0.0012268382
4.298233e-07,-0.0012261202
4.299233e-07,-0.0012318647
4.300233e-07,-0.0012411994
4.301233e-07,-0.0012498162
4.302233e-07,-0.0012555607
4.303233e-07,-0.0012562787
4.304233e-07,-0.0012541245
4.305233e-07,-0.0012498162
4.306233e-07,-0.001247662
4.307233e-07,-0.0012483801
4.308233e-07,-0.0012541245
4.309233e-07,-0.0012613051
4.310233e-07,-0.0012677677
4.311233e-07,-0.0012706399
4.312233e-07,-0.0012684858
4.313233e-07,-0.0012613051
4.314233e-07,-0.0012526884
4.315233e-07,-0.0012469439
4.316233e-07,-0.0012455078
4.317233e-07,-0.0012498162
4.318233e-07,-0.0012577148
4.319233e-07,-0.0012656135
4.320233e-07,-0.0012706399
4.321233e-07,-0.0012727941
4.322233e-07,-0.0012735122
4.323233e-07,-0.0012763844
4.324233e-07,-0.001283565
4.325233e-07,-0.0012957721
4.326233e-07,-0.0013086972
4.327233e-07,-0.0013180319
4.328233e-07,-0.0013180319
4.329233e-07,-0.001307261
4.330233e-07,-0.0012893095
4.331233e-07,-0.0012706399
4.332233e-07,-0.001259869
4.333233e-07,-0.0012613051
4.334233e-07,-0.0012763844
4.335233e-07,-0.0012993624
4.336233e-07,-0.0013237764
4.337233e-07,-0.0013417279
4.338233e-07,-0.0013496266
4.339233e-07,-0.0013474724
4.340233e-07,-0.0013388557
4.341233e-07,-0.001330239
4.342233e-07,-0.0013244945
4.343233e-07,-0.0013230584
4.344233e-07,-0.0013259306
4.345233e-07,-0.001330239
4.346233e-07,-0.0013359835
4.347233e-07,-0.0013431641
4.348233e-07,-0.0013524989
4.349233e-07,-0.0013647059
4.350233e-07,-0.001378349
4.351233e-07,-0.001389838
4.352233e-07,-0.0013970186
4.353233e-07,-0.0013991728
4.354233e-07,-0.0013984547
4.355233e-07,-0.0013991728
4.356233e-07,-0.0014070715
4.357233e-07,-0.0014221507
4.358233e-07,-0.0014429745
4.359233e-07,-0.0014637983
4.360233e-07,-0.0014774414
4.361233e-07,-0.0014795956
4.362233e-07,-0.0014709789
4.363233e-07,-0.0014566176
4.364233e-07,-0.0014458467
4.365233e-07,-0.0014451287
4.366233e-07,-0.0014558996
4.367233e-07,-0.0014760053
4.368233e-07,-0.0014975471
4.369233e-07,-0.0015140625
4.370233e-07,-0.0015226792
4.371233e-07,-0.0015262695
4.372233e-07,-0.0015291418
4.373233e-07,-0.0015370404
4.374233e-07,-0.0015521197
4.375233e-07,-0.0015707893
4.376233e-07,-0.0015865866
4.377233e-07,-0.0015944853
4.378233e-07,-0.001590895
4.379233e-07,-0.001579406
4.380233e-07,-0.0015664809
4.381233e-07,-0.0015600184
4.382233e-07,-0.0015657629
4.383233e-07,-0.0015829963
4.384233e-07,-0.0016066923
4.385233e-07,-0.0016289522
4.386233e-07,-0.0016440315
4.387233e-07,-0.0016490579
4.388233e-07,-0.0016469037
4.389233e-07,-0.0016404412
4.390233e-07,-0.0016346967
4.391233e-07,-0.0016296703
4.392233e-07,-0.0016253619
4.393233e-07,-0.0016174632
4.394233e-07,-0.0016059743
4.395233e-07,-0.001590895
4.396233e-07,-0.0015779699
4.397233e-07,-0.0015715074
4.398233e-07,-0.0015743796
4.399233e-07,-0.0015873047
4.400233e-07,-0.0016074104
4.401233e-07,-0.0016289522
4.402233e-07,-0.0016483398
4.403233e-07,-0.0016641372
4.404233e-07,-0.0016763442
4.405233e-07,-0.0016863971
4.406233e-07,-0.0016964499
4.407233e-07,-0.0017057847
4.408233e-07,-0.0017144014
4.409233e-07,-0.001720864
4.410233e-07,-0.0017258904
4.411233e-07,-0.001733071
4.412233e-07,-0.0017459961
4.413233e-07,-0.0017668199
4.414233e-07,-0.0017962603
4.415233e-07,-0.0018307273
4.416233e-07,-0.0018651942
4.417233e-07,-0.0018931985
4.418233e-07,-0.0019125862
4.419233e-07,-0.0019240751
4.420233e-07,-0.0019312557
4.421233e-07,-0.0019391544
4.422233e-07,-0.0019506434
4.423233e-07,-0.0019664407
4.424233e-07,-0.0019829561
4.425233e-07,-0.0019965993
4.426233e-07,-0.002005216
4.427233e-07,-0.0020080882
4.428233e-07,-0.0020080882
4.429233e-07,-0.0020080882
4.430233e-07,-0.0020109605
4.431233e-07,-0.002016705
4.432233e-07,-0.0020238856
4.433233e-07,-0.0020310662
4.434233e-07,-0.0020368107
4.435233e-07,-0.0020418371
4.436233e-07,-0.0020475816
4.437233e-07,-0.0020540441
4.438233e-07,-0.0020612247
4.439233e-07,-0.0020655331
4.440233e-07,-0.002064097
4.441233e-07,-0.0020540441
4.442233e-07,-0.0020368107
4.443233e-07,-0.0020152688
4.444233e-07,-0.0019965993
4.445233e-07,-0.0019851103
4.446233e-07,-0.0019829561
4.447233e-07,-0.0019894187
4.448233e-07,-0.0019994715
4.449233e-07,-0.0020080882
4.450233e-07,-0.0020116785
4.451233e-07,-0.0020102424
4.452233e-07,-0.0020044979
4.453233e-07,-0.0019965993
4.454233e-07,-0.0019887006
4.455233e-07,-0.0019808019
4.456233e-07,-0.0019721852
4.457233e-07,-0.0019621324
4.458233e-07,-0.0019527976
4.459233e-07,-0.001946335
4.460233e-07,-0.0019448989
4.461233e-07,-0.0019506434
4.462233e-07,-0.0019614143
4.463233e-07,-0.0019729033
4.464233e-07,-0.00198152
4.465233e-07,-0.0019851103
4.466233e-07,-0.0019858284
4.467233e-07,-0.0019872645
4.468233e-07,-0.001993727
4.469233e-07,-0.0020080882
4.470233e-07,-0.0020274759
4.471233e-07,-0.0020454274
4.472233e-07,-0.0020561983
4.473233e-07,-0.0020540441
4.474233e-07,-0.002041119
4.475233e-07,-0.0020231675
4.476233e-07,-0.0020095244
4.477233e-07,-0.0020080882
4.478233e-07,-0.0020210133
4.479233e-07,-0.0020439913
4.480233e-07,-0.0020698415
4.481233e-07,-0.002088511
4.482233e-07,-0.0020956916
4.483233e-07,-0.0020906652
4.484233e-07,-0.0020784582
4.485233e-07,-0.0020655331
4.486233e-07,-0.0020561983
4.487233e-07,-0.0020504538
4.488233e-07,-0.0020468635
4.489233e-07,-0.0020425551
4.490233e-07,-0.0020353745
4.491233e-07,-0.0020267578
4.492233e-07,-0.0020202953
4.493233e-07,-0.0020195772
4.494233e-07,-0.0020246036
4.495233e-07,-0.0020325023
4.496233e-07,-0.0020396829
4.497233e-07,-0.0020425551
4.498233e-07,-0.002040401
4.499233e-07,-0.0020368107
4.500233e-07,-0.0020360926
4.501233e-07,-0.0020425551
4.502233e-07,-0.0020554802
4.503233e-07,-0.0020691234
4.504233e-07,-0.0020784582
4.505233e-07,-0.0020770221
4.506233e-07,-0.002064097
4.507233e-07,-0.0020447093
4.508233e-07,-0.0020274759
4.509233e-07,-0.0020195772
4.510233e-07,-0.0020260398
4.511233e-07,-0.0020439913
4.512233e-07,-0.0020676873
4.513233e-07,-0.002088511
4.514233e-07,-0.0021014361
4.515233e-07,-0.0021057445
4.516233e-07,-0.0021035903
4.517233e-07,-0.0021
4.518233e-07,-0.0020978458
4.519233e-07,-0.0020985639
4.520233e-07,-0.0021
4.521233e-07,-0.0021
4.522233e-07,-0.0020992819
4.523233e-07,-0.0021007181
4.524233e-07,-0.0021078987
4.525233e-07,-0.0021229779
4.526233e-07,-0.0021466739
4.527233e-07,-0.0021753964
4.528233e-07,-0.0022034007
4.529233e-07,-0.0022263787
4.530233e-07,-0.0022436121
4.531233e-07,-0.0022572553
4.532233e-07,-0.0022701804
4.533233e-07,-0.0022838235
4.534233e-07,-0.0022960306
4.535233e-07,-0.0023032112
4.536233e-07,-0.0022989028
4.537233e-07,-0.0022838235
4.538233e-07,-0.0022615636
4.539233e-07,-0.0022428941
4.540233e-07,-0.0022364315
4.541233e-07,-0.0022493566
4.542233e-07,-0.0022795152
4.543233e-07,-0.0023168543
4.544233e-07,-0.002349167
4.545233e-07,-0.0023642463
4.546233e-07,-0.002359938
4.547233e-07,-0.0023412684
4.548233e-07,-0.0023197266
4.549233e-07,-0.0023068015
4.550233e-07,-0.0023089557
4.551233e-07,-0.0023233169
4.552233e-07,-0.0023419864
4.553233e-07,-0.0023527574
4.554233e-07,-0.0023506032
4.555233e-07,-0.00233696
4.556233e-07,-0.0023190085
4.557233e-07,-0.0023068015
4.558233e-07,-0.0023075195
4.559233e-07,-0.0023204446
4.560233e-07,-0.0023391142
4.561233e-07,-0.0023527574
4.562233e-07,-0.0023549115
4.563233e-07,-0.0023434226
4.564233e-07,-0.002324753
4.565233e-07,-0.0023068015
4.566233e-07,-0.0022989028
4.567233e-07,-0.0023046473
4.568233e-07,-0.0023204446
4.569233e-07,-0.0023412684
4.570233e-07,-0.0023592199
4.571233e-07,-0.0023699908
4.572233e-07,-0.0023742992
4.573233e-07,-0.0023757353
4.574233e-07,-0.0023793256
4.575233e-07,-0.0023886604
4.576233e-07,-0.0024037397
4.577233e-07,-0.0024216912
4.578233e-07,-0.0024410788
4.579233e-07,-0.0024590303
4.580233e-07,-0.0024755457
4.581233e-07,-0.002490625
4.582233e-07,-0.002502832
4.583233e-07,-0.0025114488
4.584233e-07,-0.0025150391
4.585233e-07,-0.0025136029
4.586233e-07,-0.0025100126
4.587233e-07,-0.0025078585
4.588233e-07,-0.0025121668
4.589233e-07,-0.0025250919
4.590233e-07,-0.0025444795
4.591233e-07,-0.0025645852
4.592233e-07,-0.0025789465
4.593233e-07,-0.0025825368
4.594233e-07,-0.0025746381
4.595233e-07,-0.0025595588
4.596233e-07,-0.0025444795
4.597233e-07,-0.0025365809
4.598233e-07,-0.002538017
4.599233e-07,-0.0025480699
4.600233e-07,-0.0025602769
4.601233e-07,-0.0025710478
4.602233e-07,-0.0025767923
4.603233e-07,-0.0025803826
4.604233e-07,-0.0025846909
4.605233e-07,-0.0025940257
4.606233e-07,-0.0026105411
4.607233e-07,-0.002632083
4.608233e-07,-0.0026550609
4.609233e-07,-0.0026744485
4.610233e-07,-0.0026895278
4.611233e-07,-0.0027002987
4.612233e-07,-0.0027103516
4.613233e-07,-0.0027204044
4.614233e-07,-0.0027297392
4.615233e-07,-0.0027340476
4.616233e-07,-0.0027311753
4.617233e-07,-0.0027204044
4.618233e-07,-0.0027060432
4.619233e-07,-0.0026967084
4.620233e-07,-0.0027002987
4.621233e-07,-0.0027204044
4.622233e-07,-0.0027548713
4.623233e-07,-0.0027943647
4.624233e-07,-0.0028281135
4.625233e-07,-0.0028467831
4.626233e-07,-0.0028496553
4.627233e-07,-0.0028417567
4.628233e-07,-0.002833858
4.629233e-07,-0.0028352941
4.630233e-07,-0.0028482192
