LECROYHDO6104B,11090,Waveform
Segments,1,SegmentSize,5002
Segment,TrigTime,TimeSinceSegment1
#1,04-May-2026 18:52:27,0                 
Time,Ampl
-3.704638e-08,-0.0055861845
-3.694638e-08,-0.0055926471
-3.684638e-08,-0.0055969554
-3.674638e-08,-0.0056012638
-3.664638e-08,-0.0056070083
-3.654638e-08,-0.005615625
-3.644638e-08,-0.0056263959
-3.634638e-08,-0.0056350126
-3.624638e-08,-0.0056357307
-3.614638e-08,-0.005627114
-3.604638e-08,-0.0056098805
-3.594638e-08,-0.0055897748
-3.584638e-08,-0.0055746955
-3.574638e-08,-0.0055696691
-3.564638e-08,-0.0055768497
-3.554638e-08,-0.0055926471
-3.544638e-08,-0.0056113166
-3.534638e-08,-0.005627114
-3.524638e-08,-0.0056371668
-3.514638e-08,-0.0056421932
-3.504638e-08,-0.0056457835
-3.494638e-08,-0.0056500919
-3.484638e-08,-0.0056558364
-3.474638e-08,-0.0056594267
-3.464638e-08,-0.0056579906
-3.454638e-08,-0.0056500919
-3.444638e-08,-0.005639321
-3.434638e-08,-0.0056328585
-3.424638e-08,-0.0056357307
-3.414638e-08,-0.0056500919
-3.404638e-08,-0.0056730699
-3.394638e-08,-0.0056960478
-3.384638e-08,-0.0057089729
-3.374638e-08,-0.0057075368
-3.364638e-08,-0.0056924575
-3.354638e-08,-0.0056716337
-3.344638e-08,-0.0056551183
-3.334638e-08,-0.0056500919
-3.324638e-08,-0.0056558364
-3.314638e-08,-0.0056658892
-3.304638e-08,-0.0056701976
-3.294638e-08,-0.0056615809
-3.284638e-08,-0.0056414752
-3.274638e-08,-0.0056184972
-3.264638e-08,-0.0056026999
-3.254638e-08,-0.005604136
-3.244638e-08,-0.0056220875
-3.234638e-08,-0.0056479377
-3.224638e-08,-0.0056687615
-3.214638e-08,-0.0056730699
-3.204638e-08,-0.0056579906
-3.194638e-08,-0.0056299862
-3.184638e-08,-0.0055998277
-3.174638e-08,-0.0055811581
-3.164638e-08,-0.0055775678
-3.154638e-08,-0.0055854665
-3.144638e-08,-0.0055940832
-3.134638e-08,-0.0055926471
-3.124638e-08,-0.0055761317
-3.114638e-08,-0.0055481273
-3.104638e-08,-0.0055194049
-3.094638e-08,-0.0055007353
-3.084638e-08,-0.0054985811
-3.074638e-08,-0.0055115062
-3.064638e-08,-0.0055301758
-3.054638e-08,-0.0055466912
-3.044638e-08,-0.0055538718
-3.034638e-08,-0.0055524357
-3.024638e-08,-0.0055481273
-3.014638e-08,-0.0055466912
-3.004638e-08,-0.0055509995
-2.994638e-08,-0.005556744
-2.984638e-08,-0.0055574621
-2.974638e-08,-0.0055466912
-2.964638e-08,-0.0055251494
-2.954638e-08,-0.0054985811
-2.944638e-08,-0.0054799115
-2.934638e-08,-0.0054777574
-2.924638e-08,-0.0054964269
-2.914638e-08,-0.0055301758
-2.904638e-08,-0.0055660788
-2.894638e-08,-0.0055926471
-2.884638e-08,-0.0056019818
-2.874638e-08,-0.0055955193
-2.864638e-08,-0.0055818761
-2.854638e-08,-0.0055696691
-2.844638e-08,-0.0055660788
-2.834638e-08,-0.0055703872
-2.824638e-08,-0.0055775678
-2.814638e-08,-0.0055811581
-2.804638e-08,-0.0055782858
-2.794638e-08,-0.0055711052
-2.784638e-08,-0.0055667969
-2.774638e-08,-0.0055696691
-2.764638e-08,-0.0055818761
-2.754638e-08,-0.0055983915
-2.744638e-08,-0.0056120347
-2.734638e-08,-0.005615625
-2.724638e-08,-0.0056084444
-2.714638e-08,-0.0055969554
-2.704638e-08,-0.0055890568
-2.694638e-08,-0.0055926471
-2.684638e-08,-0.0056077263
-2.674638e-08,-0.005627832
-2.664638e-08,-0.0056407571
-2.654638e-08,-0.0056386029
-2.644638e-08,-0.0056184972
-2.634638e-08,-0.0055890568
-2.624638e-08,-0.0055610524
-2.614638e-08,-0.0055466912
-2.604638e-08,-0.0055502815
-2.594638e-08,-0.0055660788
-2.584638e-08,-0.0055840303
-2.574638e-08,-0.0055926471
-2.564638e-08,-0.0055876206
-2.554638e-08,-0.0055725414
-2.544638e-08,-0.005556026
-2.534638e-08,-0.0055466912
-2.524638e-08,-0.0055481273
-2.514638e-08,-0.0055553079
-2.504638e-08,-0.0055581801
-2.494638e-08,-0.0055466912
-2.484638e-08,-0.0055194049
-2.474638e-08,-0.0054813477
-2.464638e-08,-0.0054447266
-2.454638e-08,-0.0054203125
-2.444638e-08,-0.0054124138
-2.434638e-08,-0.0054167222
-2.424638e-08,-0.0054231847
-2.414638e-08,-0.0054203125
-2.404638e-08,-0.0054045152
-2.394638e-08,-0.005378665
-2.384638e-08,-0.0053542509
-2.374638e-08,-0.0053398897
-2.364638e-08,-0.0053398897
-2.354638e-08,-0.0053485064
-2.344638e-08,-0.0053564051
-2.334638e-08,-0.0053513787
-2.324638e-08,-0.0053305549
-2.314638e-08,-0.0052982422
-2.304638e-08,-0.0052673656
-2.294638e-08,-0.0052479779
-2.284638e-08,-0.0052465418
-2.274638e-08,-0.0052594669
-2.264638e-08,-0.0052752642
-2.254638e-08,-0.0052824449
-2.244638e-08,-0.0052745462
-2.234638e-08,-0.0052544405
-2.224638e-08,-0.0052300264
-2.214638e-08,-0.005213511
-2.204638e-08,-0.0052092027
-2.194638e-08,-0.0052156652
-2.184638e-08,-0.0052242819
-2.174638e-08,-0.005225
-2.164638e-08,-0.005213511
-2.154638e-08,-0.0051919692
-2.144638e-08,-0.0051697093
-2.134638e-08,-0.0051560662
-2.124638e-08,-0.0051560662
-2.114638e-08,-0.005165401
-2.104638e-08,-0.0051761719
-2.094638e-08,-0.0051790441
-2.084638e-08,-0.0051689913
-2.074638e-08,-0.0051496036
-2.064638e-08,-0.005130216
-2.054638e-08,-0.0051215993
-2.044638e-08,-0.0051280618
-2.034638e-08,-0.0051460133
-2.024638e-08,-0.0051668371
-2.014638e-08,-0.0051790441
-2.004638e-08,-0.0051768899
-1.994638e-08,-0.0051632468
-1.984638e-08,-0.0051452953
-1.974638e-08,-0.0051330882
-1.964638e-08,-0.0051330882
-1.954638e-08,-0.0051431411
-1.944638e-08,-0.0051575023
-1.934638e-08,-0.0051675551
-1.924638e-08,-0.0051689913
-1.914638e-08,-0.0051646829
-1.904638e-08,-0.0051618107
-1.894638e-08,-0.0051675551
-1.884638e-08,-0.0051847886
-1.874638e-08,-0.0052077665
-1.864638e-08,-0.0052285903
-1.854638e-08,-0.005236489
-1.844638e-08,-0.0052278722
-1.834638e-08,-0.0052070485
-1.824638e-08,-0.0051833525
-1.814638e-08,-0.0051675551
-1.804638e-08,-0.0051668371
-1.794638e-08,-0.0051797622
-1.784638e-08,-0.0051984318
-1.774638e-08,-0.005213511
-1.764638e-08,-0.0052199736
-1.754638e-08,-0.0052178194
-1.744638e-08,-0.005213511
-1.734638e-08,-0.005213511
-1.724638e-08,-0.0052206916
-1.714638e-08,-0.0052336167
-1.704638e-08,-0.0052451057
-1.694638e-08,-0.0052479779
-1.684638e-08,-0.0052400793
-1.674638e-08,-0.005225
-1.664638e-08,-0.0052099207
-1.654638e-08,-0.0052020221
-1.644638e-08,-0.0052048943
-1.634638e-08,-0.0052163833
-1.624638e-08,-0.0052293084
-1.614638e-08,-0.005236489
-1.604638e-08,-0.005236489
-1.594638e-08,-0.0052321806
-1.584638e-08,-0.0052307445
-1.574638e-08,-0.005236489
-1.564638e-08,-0.0052501321
-1.554638e-08,-0.0052659295
-1.544638e-08,-0.0052745462
-1.534638e-08,-0.0052709559
-1.524638e-08,-0.0052544405
-1.514638e-08,-0.0052321806
-1.504638e-08,-0.0052156652
-1.494638e-08,-0.005213511
-1.484638e-08,-0.0052285903
-1.474638e-08,-0.0052537224
-1.464638e-08,-0.0052788545
-1.454638e-08,-0.0052939338
-1.444638e-08,-0.0052946519
-1.434638e-08,-0.0052867532
-1.424638e-08,-0.0052795726
-1.414638e-08,-0.0052824449
-1.404638e-08,-0.0052982422
-1.394638e-08,-0.0053219382
-1.384638e-08,-0.0053427619
-1.374638e-08,-0.0053513787
-1.364638e-08,-0.0053441981
-1.354638e-08,-0.0053269646
-1.344638e-08,-0.0053104492
-1.334638e-08,-0.0053054228
-1.324638e-08,-0.0053169118
-1.314638e-08,-0.0053420439
-1.304638e-08,-0.0053722024
-1.294638e-08,-0.0053973346
-1.284638e-08,-0.0054131319
-1.274638e-08,-0.0054224667
-1.264638e-08,-0.0054303653
-1.254638e-08,-0.0054432904
-1.244638e-08,-0.00546196
-1.234638e-08,-0.0054813477
-1.224638e-08,-0.0054928366
-1.214638e-08,-0.0054892463
-1.204638e-08,-0.0054720129
-1.194638e-08,-0.005450471
-1.184638e-08,-0.005437546
-1.174638e-08,-0.0054432904
-1.164638e-08,-0.0054691406
-1.154638e-08,-0.0055064798
-1.144638e-08,-0.0055402286
-1.134638e-08,-0.0055581801
-1.124638e-08,-0.0055553079
-1.114638e-08,-0.0055373564
-1.104638e-08,-0.0055179687
-1.094638e-08,-0.0055122243
-1.084638e-08,-0.0055258674
-1.074638e-08,-0.0055545898
-1.064638e-08,-0.0055854665
-1.054638e-08,-0.005604136
-1.044638e-08,-0.0056019818
-1.034638e-08,-0.005579722
-1.024638e-08,-0.0055495634
-1.014638e-08,-0.0055237132
-1.004638e-08,-0.0055136604
-9.946382e-09,-0.0055201229
-9.846382e-09,-0.0055380744
-9.746382e-09,-0.0055581801
-9.646382e-09,-0.0055725414
-9.546382e-09,-0.0055782858
-9.446382e-09,-0.005579722
-9.346382e-09,-0.0055811581
-9.246382e-09,-0.0055847484
-9.146382e-09,-0.0055890568
-9.046382e-09,-0.0055890568
-8.946382e-09,-0.0055811581
-8.846382e-09,-0.0055660788
-8.746382e-09,-0.0055502815
-8.646382e-09,-0.0055416648
-8.546382e-09,-0.0055466912
-8.446382e-09,-0.0055639246
-8.346382e-09,-0.0055861845
-8.246382e-09,-0.0056019818
-8.146382e-09,-0.005604136
-8.046382e-09,-0.0055912109
-7.946382e-09,-0.0055725414
-7.846382e-09,-0.0055581801
-7.746382e-09,-0.0055581801
-7.646382e-09,-0.0055732594
-7.546382e-09,-0.0055962374
-7.446382e-09,-0.0056141889
-7.346382e-09,-0.005615625
-7.246382e-09,-0.0055991096
-7.146382e-09,-0.0055711052
-7.046382e-09,-0.0055459731
-6.946382e-09,-0.0055352022
-6.846382e-09,-0.0055423828
-6.746382e-09,-0.0055624885
-6.646382e-09,-0.0055833123
-6.546382e-09,-0.0055926471
-6.446382e-09,-0.0055869026
-6.346382e-09,-0.0055703872
-6.246382e-09,-0.0055538718
-6.146382e-09,-0.0055466912
-6.046382e-09,-0.0055517176
-5.946382e-09,-0.0055639246
-5.846382e-09,-0.0055732594
-5.746382e-09,-0.0055696691
-5.646382e-09,-0.0055531537
-5.546382e-09,-0.00553233
-5.446382e-09,-0.0055194049
-5.346382e-09,-0.0055237132
-5.246382e-09,-0.0055474092
-5.146382e-09,-0.005579722
-5.046382e-09,-0.0056070083
-4.946382e-09,-0.005615625
-4.846382e-09,-0.005603418
-4.746382e-09,-0.005579722
-4.646382e-09,-0.0055596163
-4.546382e-09,-0.0055581801
-4.446382e-09,-0.0055790039
-4.346382e-09,-0.0056127528
-4.246382e-09,-0.0056421932
-4.146382e-09,-0.0056500919
-4.046382e-09,-0.0056285501
-3.946382e-09,-0.0055840303
-3.846382e-09,-0.0055344841
-3.746382e-09,-0.0055007353
-3.646382e-09,-0.0054942727
-3.546382e-09,-0.0055158146
-3.446382e-09,-0.0055502815
-3.346382e-09,-0.0055811581
-3.246382e-09,-0.0055933651
-3.146382e-09,-0.0055833123
-3.046382e-09,-0.005556026
-2.946382e-09,-0.0055237132
-2.846382e-09,-0.0054949908
-2.746382e-09,-0.0054720129
-2.646382e-09,-0.005450471
-2.546382e-09,-0.0054203125
-2.446382e-09,-0.0053772289
-2.346382e-09,-0.0053226563
-2.246382e-09,-0.0052616211
-2.146382e-09,-0.0052020221
-2.046382e-09,-0.0051460133
-1.946382e-09,-0.0050885685
-1.846382e-09,-0.0050189166
-1.746382e-09,-0.0049262868
-1.646382e-09,-0.0048063706
-1.546382e-09,-0.0046634766
-1.446382e-09,-0.0045083755
-1.346382e-09,-0.0043518382
-1.246382e-09,-0.0041981733
-1.146382e-09,-0.0040430722
-1.046382e-09,-0.0038728918
-9.463816e-10,-0.003673989
-8.463816e-10,-0.003437747
-7.463816e-10,-0.003165602
-6.463816e-10,-0.0028676068
-5.463816e-10,-0.0025595588
-4.463816e-10,-0.0022507927
-3.463816e-10,-0.0019441808
-2.463816e-10,-0.0016332606
-1.463816e-10,-0.001307261
-4.638163e-11,-0.00095756549
5.361837e-11,-0.00058201976
1.536184e-10,-0.00018636834
2.536184e-10,0.00022077206
3.536184e-10,0.0006307847
4.536184e-10,0.0010407973
5.536184e-10,0.0014500919
6.536184e-10,0.0018636949
7.536184e-10,0.0022823242
8.536184e-10,0.0027052619
9.536184e-10,0.0031260455
1.053618e-09,0.0035410846
1.153618e-09,0.0039475069
1.253618e-09,0.0043467486
1.353618e-09,0.0047424
1.453618e-09,0.0051380515
1.553618e-09,0.0055315487
1.653618e-09,0.0059171473
1.753618e-09,0.0062855124
1.853618e-09,0.0066316176
1.953618e-09,0.0069540269
2.053618e-09,0.0072592027
2.153618e-09,0.0075557617
2.253618e-09,0.0078494485
2.353618e-09,0.0081416992
2.453618e-09,0.0084253332
2.553618e-09,0.0086902976
2.653618e-09,0.0089294118
2.753618e-09,0.0091412397
2.853618e-09,0.0093315257
2.953618e-09,0.0095110409
3.053618e-09,0.0096876838
3.153618e-09,0.0098636087
3.253618e-09,0.010032353
3.353618e-09,0.010183146
3.453618e-09,0.010308088
3.553618e-09,0.010405744
3.653618e-09,0.010483295
3.753618e-09,0.010554383
3.853618e-09,0.010629779
3.953618e-09,0.010714511
4.053618e-09,0.01080355
4.153618e-09,0.010886127
4.253618e-09,0.010951471
4.353618e-09,0.010994554
4.453618e-09,0.011019686
4.553618e-09,0.01103692
4.653618e-09,0.011054871
4.753618e-09,0.011079285
4.853618e-09,0.011105854
4.953618e-09,0.011126677
5.053618e-09,0.011135294
5.153618e-09,0.01112955
5.253618e-09,0.011116625
5.353618e-09,0.01110729
5.453618e-09,0.011112316
5.553618e-09,0.01113314
5.653618e-09,0.011164017
5.753618e-09,0.011192021
5.853618e-09,0.011204228
5.953618e-09,0.011196329
6.053618e-09,0.011171915
6.153618e-09,0.011143911
6.253618e-09,0.011123805
6.353618e-09,0.011118779
6.453618e-09,0.011126677
6.553618e-09,0.011138884
6.653618e-09,0.011146783
6.753618e-09,0.011145347
6.853618e-09,0.01113673
6.953618e-09,0.011130986
7.053618e-09,0.011135294
7.153618e-09,0.011153964
7.253618e-09,0.011181968
7.353618e-09,0.011209254
7.453618e-09,0.011227206
7.553618e-09,0.011230796
7.653618e-09,0.011224334
7.753618e-09,0.011216435
7.853618e-09,0.011215717
7.953618e-09,0.011226488
8.053618e-09,0.011245157
8.153618e-09,0.011263109
8.253618e-09,0.011273162
8.353618e-09,0.01127388
8.453618e-09,0.011269571
8.553618e-09,0.011271008
8.653618e-09,0.011284651
8.753618e-09,0.011311937
8.853618e-09,0.011345686
8.953618e-09,0.01137369
9.053618e-09,0.011388051
9.153618e-09,0.011385897
9.253618e-09,0.01137369
9.353618e-09,0.011363637
9.453618e-09,0.011365074
9.553618e-09,0.011380871
9.653618e-09,0.011403131
9.753618e-09,0.011420364
9.853618e-09,0.011422518
9.953618e-09,0.011408875
1.005362e-08,0.011387333
1.015362e-08,0.011372254
1.025362e-08,0.011376563
1.035362e-08,0.011403131
1.045362e-08,0.011442624
1.055362e-08,0.011481399
1.065362e-08,0.011502941
1.075362e-08,0.011500787
1.085362e-08,0.011479963
1.095362e-08,0.011452677
1.105362e-08,0.011434007
1.115362e-08,0.011431135
1.125362e-08,0.011441188
1.135362e-08,0.011453395
1.145362e-08,0.011456985
1.155362e-08,0.011446214
1.165362e-08,0.011425391
1.175362e-08,0.011406003
1.185362e-08,0.01139954
1.195362e-08,0.011411029
1.205362e-08,0.011435443
1.215362e-08,0.011459139
1.225362e-08,0.011468474
1.235362e-08,0.011456985
1.245362e-08,0.011427545
1.255362e-08,0.01139236
1.265362e-08,0.011365074
1.275362e-08,0.011353585
1.285362e-08,0.011355021
1.295362e-08,0.011359329
1.305362e-08,0.011353585
1.315362e-08,0.011329889
1.325362e-08,0.011291113
1.335362e-08,0.01124803
1.345362e-08,0.011215717
1.355362e-08,0.011202792
1.365362e-08,0.011208536
1.375362e-08,0.011225052
1.385362e-08,0.011238695
1.395362e-08,0.011240131
1.405362e-08,0.011226488
1.415362e-08,0.01120351
1.425362e-08,0.01118125
1.435362e-08,0.011166171
1.445362e-08,0.011159708
1.455362e-08,0.0111554
1.465362e-08,0.011146783
1.475362e-08,0.011128832
1.485362e-08,0.011102263
1.495362e-08,0.011074977
1.505362e-08,0.011054871
1.515362e-08,0.011048409
1.525362e-08,0.011054153
1.535362e-08,0.011067078
1.545362e-08,0.011077849
1.555362e-08,0.01108144
1.565362e-08,0.011077849
1.575362e-08,0.011070669
1.585362e-08,0.01106636
1.595362e-08,0.011067078
1.605362e-08,0.011070669
1.615362e-08,0.011072105
1.625362e-08,0.01106636
1.635362e-08,0.011052717
1.645362e-08,0.011035484
1.655362e-08,0.011022559
1.665362e-08,0.011020404
1.675362e-08,0.011031175
1.685362e-08,0.011051999
1.695362e-08,0.011073541
1.705362e-08,0.011089338
1.715362e-08,0.011096519
1.725362e-08,0.011097237
1.735362e-08,0.011097237
1.745362e-08,0.011100827
1.755362e-08,0.01110729
1.765362e-08,0.01111088
1.775362e-08,0.011106572
1.785362e-08,0.011089338
1.795362e-08,0.011063488
1.805362e-08,0.011038356
1.815362e-08,0.011025431
1.825362e-08,0.011031893
1.835362e-08,0.011055589
1.845362e-08,0.011085748
1.855362e-08,0.011108008
1.865362e-08,0.011112316
1.875362e-08,0.011095801
1.885362e-08,0.011065642
1.895362e-08,0.01103692
1.905362e-08,0.011020404
1.915362e-08,0.011020404
1.925362e-08,0.011029739
1.935362e-08,0.011037638
1.945362e-08,0.011031893
1.955362e-08,0.011009634
1.965362e-08,0.010976603
1.975362e-08,0.010945726
1.985362e-08,0.010928493
1.995362e-08,0.010927775
2.005362e-08,0.010938545
2.015362e-08,0.010946444
2.025362e-08,0.010939982
2.035362e-08,0.010913413
2.045362e-08,0.010873202
2.055362e-08,0.010831554
2.065362e-08,0.010802114
2.075362e-08,0.010792061
2.085362e-08,0.010797088
2.095362e-08,0.010804986
2.105362e-08,0.010802114
2.115362e-08,0.01078129
2.125362e-08,0.010745387
2.135362e-08,0.010705176
2.145362e-08,0.010675735
2.155362e-08,0.010664964
2.165362e-08,0.010672863
2.175362e-08,0.01068866
2.185362e-08,0.010698713
2.195362e-08,0.010692969
2.205362e-08,0.010670709
2.215362e-08,0.010638396
2.225362e-08,0.010606801
2.235362e-08,0.010585978
2.245362e-08,0.010578797
2.255362e-08,0.010580951
2.265362e-08,0.010583824
2.275362e-08,0.010581669
2.285362e-08,0.010573053
2.295362e-08,0.010560128
2.305362e-08,0.010549357
2.315362e-08,0.010543612
2.325362e-08,0.01054074
2.335362e-08,0.01053715
2.345362e-08,0.010526379
2.355362e-08,0.010506991
2.365362e-08,0.010482577
2.375362e-08,0.010459599
2.385362e-08,0.010445956
2.395362e-08,0.010443084
2.405362e-08,0.010447392
2.415362e-08,0.0104517
2.425362e-08,0.010445956
2.435362e-08,0.010428004
2.445362e-08,0.010399282
2.455362e-08,0.010368405
2.465362e-08,0.010342555
2.475362e-08,0.01032604
2.485362e-08,0.010316705
2.495362e-08,0.010309524
2.505362e-08,0.010296599
2.515362e-08,0.010276494
2.525362e-08,0.010252798
2.535362e-08,0.010230538
2.545362e-08,0.010216176
2.555362e-08,0.010210432
2.565362e-08,0.01020756
2.575362e-08,0.010199661
2.585362e-08,0.01018171
2.595362e-08,0.010152269
2.605362e-08,0.01011852
2.615362e-08,0.010091234
2.625362e-08,0.010078309
2.635362e-08,0.010081899
2.645362e-08,0.010094106
2.655362e-08,0.010104877
2.665362e-08,0.010101287
2.675362e-08,0.010079745
2.685362e-08,0.01004456
2.695362e-08,0.010005785
2.705362e-08,0.0099749081
2.715362e-08,0.0099583927
2.725362e-08,0.0099548024
2.735362e-08,0.0099555205
2.745362e-08,0.0099519301
2.755362e-08,0.0099390051
2.765362e-08,0.0099174632
2.775362e-08,0.0098966395
2.785362e-08,0.0098829963
2.795362e-08,0.0098822783
2.805362e-08,0.0098923311
2.815362e-08,0.0099066923
2.825362e-08,0.0099174632
2.835362e-08,0.0099196174
2.845362e-08,0.0099138729
2.855362e-08,0.0099038201
2.865362e-08,0.0098944853
2.875362e-08,0.0098865866
2.885362e-08,0.0098772518
2.895362e-08,0.0098614545
2.905362e-08,0.0098370404
2.915362e-08,0.0098061638
2.925362e-08,0.0097774414
2.935362e-08,0.0097587718
2.945362e-08,0.0097566176
2.955362e-08,0.0097688247
2.965362e-08,0.0097860581
2.975362e-08,0.009796829
2.985362e-08,0.0097910846
2.995362e-08,0.0097688247
3.005362e-08,0.0097365119
3.015362e-08,0.0097063534
3.025362e-08,0.0096876838
3.035362e-08,0.0096833755
3.045362e-08,0.0096869658
3.055362e-08,0.0096912741
3.065362e-08,0.0096876838
3.075362e-08,0.0096754768
3.085362e-08,0.0096611156
3.095362e-08,0.0096517808
3.105362e-08,0.0096532169
3.115362e-08,0.0096618336
3.125362e-08,0.0096690142
3.135362e-08,0.0096639878
3.145362e-08,0.0096417279
3.155362e-08,0.009607261
3.165362e-08,0.0095756664
3.175362e-08,0.0095613051
3.185362e-08,0.0095727941
3.195362e-08,0.009606543
3.205362e-08,0.0096453182
3.215362e-08,0.0096697323
3.225362e-08,0.0096647059
3.235362e-08,0.0096295209
3.245362e-08,0.0095792567
3.255362e-08,0.009535455
3.265362e-08,0.0095153493
3.275362e-08,0.0095246841
3.285362e-08,0.0095526884
3.295362e-08,0.0095792567
3.305362e-08,0.0095842831
3.315362e-08,0.0095605871
3.325362e-08,0.0095160673
3.335362e-08,0.0094679573
3.345362e-08,0.0094349265
3.355362e-08,0.0094263097
3.365362e-08,0.0094356445
3.375362e-08,0.0094485696
3.385362e-08,0.0094464154
3.395362e-08,0.0094205653
3.405362e-08,0.0093753274
3.415362e-08,0.0093250632
3.425362e-08,0.0092855699
3.435362e-08,0.0092669003
3.445362e-08,0.0092647461
3.455362e-08,0.0092683364
3.465362e-08,0.0092625919
3.475362e-08,0.009239614
3.485362e-08,0.0092022748
3.495362e-08,0.0091634995
3.505362e-08,0.0091362132
3.515362e-08,0.0091261604
3.525362e-08,0.0091290326
3.535362e-08,0.0091326229
3.545362e-08,0.0091247243
3.555362e-08,0.0090995921
3.565362e-08,0.009062971
3.575362e-08,0.0090285041
3.585362e-08,0.0090098346
3.595362e-08,0.0090127068
3.605362e-08,0.0090292222
3.615362e-08,0.0090450195
3.625362e-08,0.0090443015
3.635362e-08,0.0090191693
3.645362e-08,0.0089760857
3.655362e-08,0.0089286937
3.665362e-08,0.0088949449
3.675362e-08,0.0088834559
3.685362e-08,0.0088920726
3.695362e-08,0.008908588
3.705362e-08,0.0089179228
3.715362e-08,0.0089100241
3.725362e-08,0.0088870462
3.735362e-08,0.0088590418
3.745362e-08,0.0088375
3.755362e-08,0.0088303194
3.765362e-08,0.0088346278
3.775362e-08,0.0088410903
3.785362e-08,0.0088375
3.795362e-08,0.0088188304
3.805362e-08,0.0087865177
3.815362e-08,0.0087513327
3.825362e-08,0.0087226103
3.835362e-08,0.008706813
3.845362e-08,0.0087003504
3.855362e-08,0.0086967601
3.865362e-08,0.0086881434
3.875362e-08,0.0086730641
3.885362e-08,0.0086565487
3.895362e-08,0.008647932
3.905362e-08,0.0086536765
3.915362e-08,0.008671628
3.925362e-08,0.0086917337
3.935362e-08,0.0087003504
3.945362e-08,0.0086881434
3.955362e-08,0.0086558307
3.965362e-08,0.0086141831
3.975362e-08,0.0085789982
3.985362e-08,0.0085617647
3.995362e-08,0.0085624828
4.005362e-08,0.0085689453
4.015362e-08,0.008565355
4.025362e-08,0.0085387868
4.035362e-08,0.0084892406
4.045362e-08,0.0084296415
4.055362e-08,0.0083793773
4.065362e-08,0.0083549632
4.075362e-08,0.0083585535
4.085362e-08,0.0083786592
4.095362e-08,0.0083944566
4.105362e-08,0.0083894301
4.115362e-08,0.0083578355
4.125362e-08,0.0083097254
4.135362e-08,0.0082652057
4.145362e-08,0.0082400735
4.155362e-08,0.0082407916
4.165362e-08,0.008258025
4.175362e-08,0.0082709501
4.185362e-08,0.0082630515
4.195362e-08,0.0082271484
4.205362e-08,0.0081732939
4.215362e-08,0.0081215935
4.225362e-08,0.0080907169
4.235362e-08,0.0080899989
4.245362e-08,0.0081122587
4.255362e-08,0.0081381089
4.265362e-08,0.0081481618
4.275362e-08,0.0081330825
4.285362e-08,0.0080993336
4.295362e-08,0.0080634306
4.305362e-08,0.008044761
4.315362e-08,0.0080533778
4.325362e-08,0.0080835363
4.335362e-08,0.0081180032
4.345362e-08,0.0081366728
4.355362e-08,0.0081294922
4.365362e-08,0.0080986156
4.375362e-08,0.0080605584
4.385362e-08,0.0080332721
4.395362e-08,0.0080289637
4.405362e-08,0.0080461972
4.415362e-08,0.0080720473
4.425362e-08,0.0080907169
4.435362e-08,0.0080907169
4.445362e-08,0.0080720473
4.455362e-08,0.008044761
4.465362e-08,0.0080217831
4.475362e-08,0.0080117302
4.485362e-08,0.0080117302
4.495362e-08,0.0080153205
4.505362e-08,0.0080102941
4.515362e-08,0.0079937787
4.525362e-08,0.0079700827
4.535362e-08,0.007949977
4.545362e-08,0.0079413603
4.555362e-08,0.0079456687
4.565362e-08,0.0079542854
4.575362e-08,0.0079521312
4.585362e-08,0.0079298713
4.595362e-08,0.0078860696
4.605362e-08,0.007831497
4.615362e-08,0.007784105
4.625362e-08,0.0077575368
4.635362e-08,0.0077546645
4.645362e-08,0.0077639993
4.655362e-08,0.0077661535
4.665362e-08,0.0077460478
4.675362e-08,0.0076979377
4.685362e-08,0.0076325942
4.695362e-08,0.0075694049
4.705362e-08,0.0075277574
4.715362e-08,0.0075155503
4.725362e-08,0.0075270393
4.735362e-08,0.0075442727
4.745362e-08,0.0075507353
4.755362e-08,0.0075370921
4.765362e-08,0.0075076517
4.775362e-08,0.007476775
4.785362e-08,0.0074588235
4.795362e-08,0.0074595416
4.805362e-08,0.0074717486
4.815362e-08,0.0074796473
4.825362e-08,0.0074703125
4.835362e-08,0.0074387178
4.845362e-08,0.0073949161
4.855362e-08,0.007357577
4.865362e-08,0.0073439338
4.875362e-08,0.0073611673
4.885362e-08,0.0074006606
4.895362e-08,0.0074437443
4.905362e-08,0.0074703125
4.915362e-08,0.0074710306
4.925362e-08,0.0074494887
4.935362e-08,0.0074207663
4.945362e-08,0.0074013787
4.955362e-08,0.0073992245
4.965362e-08,0.0074099954
4.975362e-08,0.0074193302
4.985362e-08,0.0074128676
4.995362e-08,0.0073862994
5.005362e-08,0.0073468061
5.015362e-08,0.0073116211
5.025362e-08,0.0072979779
5.035362e-08,0.0073130572
5.045362e-08,0.0073482422
5.055362e-08,0.0073841452
5.065362e-08,0.0074013787
5.075362e-08,0.0073877355
5.085362e-08,0.0073475241
5.095362e-08,0.0072958238
5.105362e-08,0.0072520221
5.115362e-08,0.0072290441
5.125362e-08,0.0072261719
5.135362e-08,0.0072311983
5.145362e-08,0.0072290441
5.155362e-08,0.0072110926
5.165362e-08,0.0071787799
5.175362e-08,0.0071457491
5.185362e-08,0.0071256434
5.195362e-08,0.0071277976
5.205362e-08,0.0071471852
5.215362e-08,0.0071715993
5.225362e-08,0.0071830882
5.235362e-08,0.0071723173
5.245362e-08,0.0071414407
5.255362e-08,0.0071012293
5.265362e-08,0.0070681985
5.275362e-08,0.0070524012
5.285362e-08,0.0070524012
5.295362e-08,0.0070588637
5.305362e-08,0.0070567096
5.315362e-08,0.00703804
5.325362e-08,0.0070035731
5.335362e-08,0.0069633617
5.345362e-08,0.0069303309
5.355362e-08,0.0069138155
5.365362e-08,0.0069116613
5.375362e-08,0.0069138155
5.385362e-08,0.0069073529
5.395362e-08,0.006884375
5.405362e-08,0.0068463178
5.415362e-08,0.0068039522
5.425362e-08,0.0067694853
5.435362e-08,0.0067522518
5.445362e-08,0.0067522518
5.455362e-08,0.0067587144
5.465362e-08,0.0067579963
5.475362e-08,0.0067407629
5.485362e-08,0.006706296
5.495362e-08,0.0066617762
5.505362e-08,0.0066201287
5.515362e-08,0.0065899701
5.525362e-08,0.0065748909
5.535362e-08,0.0065691464
5.545362e-08,0.0065626838
5.555362e-08,0.0065497587
5.565362e-08,0.0065282169
5.575362e-08,0.0065030848
5.585362e-08,0.006482261
5.595362e-08,0.0064714901
5.605362e-08,0.0064693359
5.615362e-08,0.0064714901
5.625362e-08,0.0064707721
5.635362e-08,0.0064621553
5.645362e-08,0.0064477941
5.655362e-08,0.0064334329
5.665362e-08,0.0064248162
5.675362e-08,0.0064255342
5.685362e-08,0.0064327148
5.695362e-08,0.0064391774
5.705362e-08,0.0064363051
5.715362e-08,0.0064212259
5.725362e-08,0.0063968118
5.735362e-08,0.0063716797
5.745362e-08,0.0063558824
5.755362e-08,0.0063544462
5.765362e-08,0.0063652171
5.775362e-08,0.0063802964
5.785362e-08,0.0063903493
5.795362e-08,0.0063896312
5.805362e-08,0.0063788603
5.815362e-08,0.0063652171
5.825362e-08,0.0063558824
5.835362e-08,0.0063566004
5.845362e-08,0.0063652171
5.855362e-08,0.00637527
5.865362e-08,0.0063788603
5.875362e-08,0.0063695255
5.885362e-08,0.0063487017
5.895362e-08,0.0063221335
5.905362e-08,0.0062984375
5.915362e-08,0.0062833582
5.925362e-08,0.0062783318
5.935362e-08,0.0062783318
5.945362e-08,0.0062754596
5.955362e-08,0.0062654067
5.965362e-08,0.0062474552
5.975362e-08,0.0062259134
5.985362e-08,0.0062065257
5.995362e-08,0.0061936006
6.005362e-08,0.00618642
6.015362e-08,0.0061813936
6.025362e-08,0.0061720588
6.035362e-08,0.0061541073
6.045362e-08,0.0061282571
6.055362e-08,0.0060980986
6.065362e-08,0.0060686581
6.075362e-08,0.0060449621
6.085362e-08,0.0060270106
6.095362e-08,0.0060126494
6.105362e-08,0.0059997243
6.115362e-08,0.0059860811
6.125362e-08,0.005973156
6.135362e-08,0.0059652574
6.145362e-08,0.0059652574
6.155362e-08,0.005973156
6.165362e-08,0.0059853631
6.175362e-08,0.0059925437
6.185362e-08,0.0059882353
6.195362e-08,0.0059695657
6.205362e-08,0.0059386891
6.215362e-08,0.0059035041
6.225362e-08,0.0058733456
6.235362e-08,0.005854676
6.245362e-08,0.0058474954
6.255362e-08,0.0058489315
6.265362e-08,0.0058503676
6.275362e-08,0.0058467773
6.285362e-08,0.0058374426
6.295362e-08,0.0058252355
6.305362e-08,0.0058159007
6.315362e-08,0.0058130285
6.325362e-08,0.0058180549
6.335362e-08,0.0058252355
6.345362e-08,0.0058273897
6.355362e-08,0.005818773
6.365362e-08,0.0057965131
6.375362e-08,0.0057627642
6.385362e-08,0.005723989
6.395362e-08,0.0056873679
6.405362e-08,0.0056579274
6.415362e-08,0.0056363856
6.425362e-08,0.0056205882
6.435362e-08,0.005605509
6.445362e-08,0.0055875574
6.455362e-08,0.0055652976
6.465362e-08,0.0055401654
6.475362e-08,0.0055150333
6.485362e-08,0.0054920554
6.495362e-08,0.0054741039
6.505362e-08,0.0054597426
6.515362e-08,0.0054489717
6.525362e-08,0.0054389189
6.535362e-08,0.0054274299
6.545362e-08,0.0054137868
6.555362e-08,0.0053951172
6.565362e-08,0.0053714212
6.575362e-08,0.0053426988
6.585362e-08,0.005310386
6.595362e-08,0.0052773552
6.605362e-08,0.0052479148
6.615362e-08,0.0052242188
6.625362e-08,0.0052069853
6.635362e-08,0.0051962144
6.645362e-08,0.0051904699
6.655362e-08,0.0051861615
6.665362e-08,0.0051840074
6.675362e-08,0.0051832893
6.685362e-08,0.0051854435
6.695362e-08,0.0051904699
6.705362e-08,0.0051954963
6.715362e-08,0.0051969324
6.725362e-08,0.0051904699
6.735362e-08,0.0051739545
6.745362e-08,0.0051495404
6.755362e-08,0.0051229722
6.765362e-08,0.0051028665
6.775362e-08,0.0050956859
6.785362e-08,0.0051035846
6.795362e-08,0.0051222541
6.805362e-08,0.005143796
6.815362e-08,0.0051588752
6.825362e-08,0.0051610294
6.835362e-08,0.0051502585
6.845362e-08,0.005133025
6.855362e-08,0.0051150735
6.865362e-08,0.0051035846
6.875362e-08,0.0050985581
6.885362e-08,0.005096404
6.895362e-08,0.0050913775
6.905362e-08,0.0050806066
6.915362e-08,0.0050640912
6.925362e-08,0.0050475758
6.935362e-08,0.0050360869
6.945362e-08,0.0050346507
6.955362e-08,0.0050411133
6.965362e-08,0.0050482939
6.975362e-08,0.0050475758
6.985362e-08,0.0050346507
6.995362e-08,0.0050088006
7.005362e-08,0.0049764878
7.015362e-08,0.0049484835
7.025362e-08,0.00493125
7.035362e-08,0.0049269416
7.045362e-08,0.00493125
7.055362e-08,0.0049355584
7.065362e-08,0.00493125
7.075362e-08,0.0049161707
7.085362e-08,0.0048946289
7.095362e-08,0.0048745232
7.105362e-08,0.0048623162
7.115362e-08,0.0048608801
7.125362e-08,0.0048673426
7.135362e-08,0.0048745232
7.145362e-08,0.0048738051
7.155362e-08,0.0048637523
7.165362e-08,0.0048465188
7.175362e-08,0.0048285673
7.185362e-08,0.0048163603
7.195362e-08,0.0048113339
7.205362e-08,0.0048098977
7.215362e-08,0.0048055894
7.225362e-08,0.0047933824
7.235362e-08,0.0047725586
7.245362e-08,0.0047481445
7.255362e-08,0.004730193
7.265362e-08,0.0047244485
7.275362e-08,0.0047330653
7.285362e-08,0.0047488626
7.295362e-08,0.0047610696
7.305362e-08,0.0047589154
7.315362e-08,0.0047395278
7.325362e-08,0.004705779
7.335362e-08,0.004670594
7.345362e-08,0.0046440257
7.355362e-08,0.0046346909
7.365362e-08,0.0046404354
7.375362e-08,0.0046555147
7.385362e-08,0.0046670037
7.395362e-08,0.0046677217
7.405362e-08,0.0046555147
7.415362e-08,0.0046339729
7.425362e-08,0.0046095588
7.435362e-08,0.0045887351
7.445362e-08,0.0045736558
7.455362e-08,0.0045628849
7.465362e-08,0.004552114
7.475362e-08,0.0045399069
7.485362e-08,0.004528418
7.495362e-08,0.0045198012
7.505362e-08,0.0045176471
7.515362e-08,0.0045219554
7.525362e-08,0.0045276999
7.535362e-08,0.0045276999
7.545362e-08,0.0045176471
7.555362e-08,0.0044961052
7.565362e-08,0.0044681009
7.575362e-08,0.0044422507
7.585362e-08,0.0044257353
7.595362e-08,0.0044214269
7.605362e-08,0.0044250172
7.615362e-08,0.0044293256
7.625362e-08,0.0044257353
7.635362e-08,0.004410656
7.645362e-08,0.00438696
7.655362e-08,0.004362546
7.665362e-08,0.0043453125
7.675362e-08,0.0043402861
7.685362e-08,0.0043438764
7.695362e-08,0.0043489028
7.705362e-08,0.0043453125
7.715362e-08,0.004328079
7.725362e-08,0.0042986386
7.735362e-08,0.0042627355
7.745362e-08,0.0042304228
7.755362e-08,0.0042081629
7.765362e-08,0.0041981101
7.775362e-08,0.0041959559
7.785362e-08,0.0041959559
7.795362e-08,0.0041923656
7.805362e-08,0.0041837489
7.815362e-08,0.0041722599
7.825362e-08,0.004161489
7.835362e-08,0.0041528722
7.845362e-08,0.0041456916
7.855362e-08,0.0041342027
7.865362e-08,0.0041155331
7.875362e-08,0.0040868107
7.885362e-08,0.0040523438
7.895362e-08,0.0040171588
7.905362e-08,0.0039891544
7.915362e-08,0.003972639
7.925362e-08,0.0039668945
7.935362e-08,0.0039668945
7.945362e-08,0.0039661765
7.955362e-08,0.0039597139
7.965362e-08,0.0039460708
7.975362e-08,0.0039281193
7.985362e-08,0.0039087316
7.995362e-08,0.0038907801
8.005362e-08,0.0038742647
8.015362e-08,0.0038584674
8.025362e-08,0.0038397978
8.035362e-08,0.003818974
8.045362e-08,0.0037988683
8.055362e-08,0.0037816349
8.065362e-08,0.003770864
8.075362e-08,0.0037658375
8.085362e-08,0.0037636834
8.095362e-08,0.0037586569
8.105362e-08,0.003747886
8.115362e-08,0.0037299345
8.125362e-08,0.0037076746
8.135362e-08,0.0036861328
8.145362e-08,0.0036674632
8.155362e-08,0.0036509478
8.165362e-08,0.0036329963
8.175362e-08,0.0036085823
8.185362e-08,0.0035755515
8.195362e-08,0.0035360581
8.205362e-08,0.003498719
8.215362e-08,0.0034714327
8.225362e-08,0.0034606618
8.235362e-08,0.0034671243
8.245362e-08,0.0034829216
8.255362e-08,0.003499437
8.265362e-08,0.0035066176
8.275362e-08,0.0035008732
8.285362e-08,0.0034843578
8.295362e-08,0.0034649701
8.305362e-08,0.0034491728
8.315362e-08,0.0034391199
8.325362e-08,0.0034326574
8.335362e-08,0.0034226045
8.345362e-08,0.0034032169
8.355362e-08,0.0033730584
8.365362e-08,0.0033378734
8.375362e-08,0.0033069968
8.385362e-08,0.0032883272
8.395362e-08,0.0032868911
8.405362e-08,0.0032983801
8.415362e-08,0.0033134593
8.425362e-08,0.0033227941
8.435362e-08,0.0033184858
8.445362e-08,0.0033012523
8.455362e-08,0.0032768382
8.465362e-08,0.0032538603
8.475362e-08,0.0032394991
8.485362e-08,0.0032337546
8.495362e-08,0.0032330365
8.505362e-08,0.0032308824
8.515362e-08,0.0032215476
8.525362e-08,0.0032050322
8.535362e-08,0.0031870807
8.545362e-08,0.0031734375
8.555362e-08,0.0031705653
8.565362e-08,0.0031784639
8.575362e-08,0.0031935432
8.585362e-08,0.0032079044
8.595362e-08,0.003215085
8.605362e-08,0.0032129308
8.615362e-08,0.0032014419
8.625362e-08,0.0031849265
8.635362e-08,0.0031691291
8.645362e-08,0.003156204
8.655362e-08,0.0031468693
8.665362e-08,0.0031389706
8.675362e-08,0.00313179
8.685362e-08,0.0031238913
8.695362e-08,0.0031181468
8.705362e-08,0.0031159926
8.715362e-08,0.0031167107
8.725362e-08,0.003119583
8.735362e-08,0.003120301
8.745362e-08,0.0031159926
8.755362e-08,0.0031052217
8.765362e-08,0.0030887063
8.775362e-08,0.0030721909
8.785362e-08,0.0030585478
8.795362e-08,0.0030499311
8.805362e-08,0.0030456227
8.815362e-08,0.0030420324
8.825362e-08,0.0030355699
8.835362e-08,0.0030233628
8.845362e-08,0.0030075655
8.855362e-08,0.0029910501
8.865362e-08,0.002978125
8.875362e-08,0.0029709444
8.885362e-08,0.0029687902
8.895362e-08,0.0029680722
8.905362e-08,0.002966636
8.915362e-08,0.0029623277
8.925362e-08,0.0029551471
8.935362e-08,0.0029479665
8.945362e-08,0.0029436581
8.955362e-08,0.0029415039
8.965362e-08,0.0029400678
8.975362e-08,0.0029343233
8.985362e-08,0.0029206801
8.995362e-08,0.0028991383
9.005362e-08,0.0028732881
9.015362e-08,0.002848156
9.025362e-08,0.0028287684
9.035362e-08,0.0028179975
9.045362e-08,0.0028136891
9.055362e-08,0.0028115349
9.065362e-08,0.0028057904
9.075362e-08,0.0027928653
9.085362e-08,0.0027741958
9.095362e-08,0.002753372
9.105362e-08,0.0027368566
9.115362e-08,0.0027275218
9.125362e-08,0.0027253676
9.135362e-08,0.0027268038
9.145362e-08,0.0027253676
9.155362e-08,0.0027167509
9.165362e-08,0.0026980813
9.175362e-08,0.0026729492
9.185362e-08,0.0026449449
9.195362e-08,0.0026205308
9.205362e-08,0.0026025793
9.215362e-08,0.0025918084
9.225362e-08,0.0025875
9.235362e-08,0.0025860639
9.245362e-08,0.0025853458
9.255362e-08,0.0025817555
9.265362e-08,0.002576011
9.275362e-08,0.0025673943
9.285362e-08,0.0025559053
9.295362e-08,0.0025429802
9.305362e-08,0.0025300551
9.315362e-08,0.0025200023
9.325362e-08,0.0025142578
9.335362e-08,0.0025142578
9.345362e-08,0.0025185662
9.355362e-08,0.0025235926
9.365362e-08,0.0025250287
9.375362e-08,0.0025200023
9.385362e-08,0.0025070772
9.395362e-08,0.0024884076
9.405362e-08,0.0024683019
9.415362e-08,0.0024510685
9.425362e-08,0.0024381434
9.435362e-08,0.0024288086
9.445362e-08,0.0024194738
9.455362e-08,0.0024079848
9.465362e-08,0.0023921875
9.475362e-08,0.002374954
9.485362e-08,0.0023613109
9.495362e-08,0.0023548483
9.505362e-08,0.0023577206
9.515362e-08,0.0023656193
9.525362e-08,0.0023727999
9.535362e-08,0.0023713637
9.545362e-08,0.0023577206
9.555362e-08,0.0023333065
9.565362e-08,0.0023045841
9.575362e-08,0.00228017
9.585362e-08,0.0022658088
9.595362e-08,0.0022615005
9.605362e-08,0.0022629366
9.615362e-08,0.0022629366
9.625362e-08,0.0022543199
9.635362e-08,0.0022370864
9.645362e-08,0.0022148265
9.655362e-08,0.0021954389
9.665362e-08,0.002185386
9.675362e-08,0.0021861041
9.685362e-08,0.0021918486
9.695362e-08,0.0021940028
9.705362e-08,0.002185386
9.715362e-08,0.00216169
9.725362e-08,0.0021272231
9.735362e-08,0.0020891659
9.745362e-08,0.0020590074
9.755362e-08,0.0020417739
9.765362e-08,0.0020360294
9.775362e-08,0.0020374655
9.785362e-08,0.0020360294
9.795362e-08,0.0020259766
9.805362e-08,0.0020058709
9.815362e-08,0.0019800207
9.825362e-08,0.0019556066
9.835362e-08,0.0019376551
9.845362e-08,0.0019290384
9.855362e-08,0.00192473
9.865362e-08,0.0019211397
9.875362e-08,0.001912523
9.885362e-08,0.0018974437
9.895362e-08,0.0018794922
9.905362e-08,0.0018636949
9.915362e-08,0.001853642
9.925362e-08,0.0018507698
9.935362e-08,0.0018522059
9.945362e-08,0.0018522059
9.955362e-08,0.0018464614
9.965362e-08,0.0018335363
9.975362e-08,0.0018141487
9.985362e-08,0.001794761
9.995362e-08,0.0017789637
1.000536e-07,0.001771065
1.001536e-07,0.0017696289
1.002536e-07,0.0017717831
1.003536e-07,0.0017746553
1.004536e-07,0.0017739373
1.005536e-07,0.0017689108
1.006536e-07,0.0017602941
1.007536e-07,0.0017488051
1.008536e-07,0.001735162
1.009536e-07,0.0017193647
1.010536e-07,0.0017028493
1.011536e-07,0.0016856158
1.012536e-07,0.0016683824
1.013536e-07,0.0016547392
1.014536e-07,0.0016454044
1.015536e-07,0.001640378
1.016536e-07,0.0016382238
1.017536e-07,0.0016367877
1.018536e-07,0.0016339154
1.019536e-07,0.001628171
1.020536e-07,0.0016195542
1.021536e-07,0.0016095014
1.022536e-07,0.0015994485
1.023536e-07,0.0015893957
1.024536e-07,0.0015793428
1.025536e-07,0.0015671358
1.026536e-07,0.0015534926
1.027536e-07,0.0015398495
1.028536e-07,0.0015283605
1.029536e-07,0.001521898
1.030536e-07,0.0015190257
1.031536e-07,0.0015183077
1.032536e-07,0.0015161535
1.033536e-07,0.0015089729
1.034536e-07,0.0014960478
1.035536e-07,0.0014795324
1.036536e-07,0.0014658892
1.037536e-07,0.0014587086
1.038536e-07,0.0014615809
1.039536e-07,0.0014716337
1.040536e-07,0.0014824046
1.041536e-07,0.0014881491
1.042536e-07,0.0014845588
1.043536e-07,0.0014716337
1.044536e-07,0.0014558364
1.045536e-07,0.0014429113
1.046536e-07,0.0014386029
1.047536e-07,0.0014443474
1.048536e-07,0.0014565545
1.049536e-07,0.0014680434
1.050536e-07,0.0014730699
1.051536e-07,0.0014701976
1.052536e-07,0.0014615809
1.053536e-07,0.0014529642
1.054536e-07,0.0014500919
1.055536e-07,0.0014544003
1.056536e-07,0.001463017
1.057536e-07,0.0014709157
1.058536e-07,0.0014730699
1.059536e-07,0.0014680434
1.060536e-07,0.0014572725
1.061536e-07,0.0014457835
1.062536e-07,0.0014386029
1.063536e-07,0.0014364488
1.064536e-07,0.0014364488
1.065536e-07,0.0014342946
1.066536e-07,0.001427114
1.067536e-07,0.0014134708
1.068536e-07,0.0013976735
1.069536e-07,0.0013854665
1.070536e-07,0.0013811581
1.071536e-07,0.0013854665
1.072536e-07,0.0013955193
1.073536e-07,0.001403418
1.074536e-07,0.001404136
1.075536e-07,0.0013969554
1.076536e-07,0.0013854665
1.077536e-07,0.0013775678
1.078536e-07,0.0013811581
1.079536e-07,0.0013976735
1.080536e-07,0.0014249598
1.081536e-07,0.0014529642
1.082536e-07,0.0014730699
1.083536e-07,0.0014788143
1.084536e-07,0.0014694795
1.085536e-07,0.0014493739
1.086536e-07,0.001427114
1.087536e-07,0.0014077263
1.088536e-07,0.0013948012
1.089536e-07,0.0013869026
1.090536e-07,0.0013811581
1.091536e-07,0.0013754136
1.092536e-07,0.0013696691
1.093536e-07,0.0013667969
1.094536e-07,0.0013696691
1.095536e-07,0.0013782858
1.096536e-07,0.0013912109
1.097536e-07,0.0014012638
1.098536e-07,0.001404136
1.099536e-07,0.0013976735
1.100536e-07,0.0013840303
1.101536e-07,0.0013689511
1.102536e-07,0.0013581801
1.103536e-07,0.001356026
1.104536e-07,0.0013617705
1.105536e-07,0.0013725414
1.106536e-07,0.0013811581
1.107536e-07,0.0013847484
1.108536e-07,0.0013818761
1.109536e-07,0.0013754136
1.110536e-07,0.0013696691
1.111536e-07,0.0013675149
1.112536e-07,0.001368233
1.113536e-07,0.0013703872
1.114536e-07,0.0013696691
1.115536e-07,0.0013646427
1.116536e-07,0.0013574621
1.117536e-07,0.0013495634
1.118536e-07,0.0013466912
1.119536e-07,0.0013495634
1.120536e-07,0.0013553079
1.121536e-07,0.0013603343
1.122536e-07,0.0013581801
1.123536e-07,0.0013466912
1.124536e-07,0.0013273035
1.125536e-07,0.0013057617
1.126536e-07,0.0012892463
1.127536e-07,0.0012820657
1.128536e-07,0.001284938
1.129536e-07,0.0012935547
1.130536e-07,0.0013007353
1.131536e-07,0.0012992992
1.132536e-07,0.001285656
1.133536e-07,0.001261242
1.134536e-07,0.0012318015
1.135536e-07,0.001203079
1.136536e-07,0.001179383
1.137536e-07,0.0011628676
1.138536e-07,0.0011513787
1.139536e-07,0.0011413258
1.140536e-07,0.0011284007
1.141536e-07,0.0011126034
1.142536e-07,0.0010939338
1.143536e-07,0.0010752642
1.144536e-07,0.0010594669
1.145536e-07,0.0010465418
1.146536e-07,0.001036489
1.147536e-07,0.0010271542
1.148536e-07,0.0010171013
1.149536e-07,0.0010048943
1.150536e-07,0.00099053309
1.151536e-07,0.00097473575
1.152536e-07,0.00095965648
1.153536e-07,0.00094529527
1.154536e-07,0.00093308824
1.155536e-07,0.00092231733
1.156536e-07,0.0009137006
1.157536e-07,0.00090580193
1.158536e-07,0.00089862132
1.159536e-07,0.00089287684
1.160536e-07,0.00088713235
1.161536e-07,0.00088138787
1.162536e-07,0.00087564338
1.163536e-07,0.00087061696
1.164536e-07,0.00086630859
1.165536e-07,0.00086415441
1.166536e-07,0.00086415441
1.167536e-07,0.00086630859
1.168536e-07,0.00086846278
1.169536e-07,0.00086918084
1.170536e-07,0.00086415441
1.171536e-07,0.0008533835
1.172536e-07,0.00083686811
1.173536e-07,0.00081604435
1.174536e-07,0.00079522059
1.175536e-07,0.00077583295
1.176536e-07,0.00076075368
1.177536e-07,0.00074854665
1.178536e-07,0.00073777574
1.179536e-07,0.0007255687
1.180536e-07,0.00071048943
1.181536e-07,0.00069110179
1.182536e-07,0.00066884191
1.183536e-07,0.00064514591
1.184536e-07,0.00062216797
1.185536e-07,0.00060349839
1.186536e-07,0.00058841912
1.187536e-07,0.00057836627
1.188536e-07,0.00057190372
1.189536e-07,0.00056759536
1.190536e-07,0.00056544118
1.191536e-07,0.00056328699
1.192536e-07,0.00056185087
1.193536e-07,0.00055897863
1.194536e-07,0.00055395221
1.195536e-07,0.00054605354
1.196536e-07,0.00053312845
1.197536e-07,0.00051661305
1.198536e-07,0.00049650735
1.199536e-07,0.00047568359
1.200536e-07,0.00045701402
1.201536e-07,0.00044337086
1.202536e-07,0.0004390625
1.203536e-07,0.00044337086
1.204536e-07,0.00045485983
1.205536e-07,0.00047065717
1.206536e-07,0.00048501838
1.207536e-07,0.00049435317
1.208536e-07,0.00049507123
1.209536e-07,0.00048717256
1.210536e-07,0.00047352941
1.211536e-07,0.00045773208
1.212536e-07,0.00044408892
1.213536e-07,0.00043762638
1.214536e-07,0.0004390625
1.215536e-07,0.00044839729
1.216536e-07,0.00046419462
1.217536e-07,0.00048071002
1.218536e-07,0.00049650735
1.219536e-07,0.00050799632
1.220536e-07,0.00051589499
1.221536e-07,0.00051876723
1.222536e-07,0.00051948529
1.223536e-07,0.00051876723
1.224536e-07,0.00051661305
1.225536e-07,0.00051302275
1.226536e-07,0.00050799632
1.227536e-07,0.00050081572
1.228536e-07,0.00049148093
1.229536e-07,0.00048142808
1.230536e-07,0.00047352941
1.231536e-07,0.00046922105
1.232536e-07,0.00046993911
1.233536e-07,0.00047568359
1.234536e-07,0.00048501838
1.235536e-07,0.00049578929
1.236536e-07,0.00050440602
1.237536e-07,0.00050871438
1.238536e-07,0.00050799632
1.239536e-07,0.00050153378
1.240536e-07,0.00049076287
1.241536e-07,0.00047711972
1.242536e-07,0.00046204044
1.243536e-07,0.00044696117
1.244536e-07,0.00043044577
1.245536e-07,0.00041321232
1.246536e-07,0.00039310662
1.247536e-07,0.00037084674
1.248536e-07,0.00034858686
1.249536e-07,0.0003277631
1.250536e-07,0.00031268382
1.251536e-07,0.00030478516
1.252536e-07,0.00030478516
1.253536e-07,0.00030909352
1.254536e-07,0.00031268382
1.255536e-07,0.00031052964
1.256536e-07,0.00029904067
1.257536e-07,0.00027534467
1.258536e-07,0.00024375
1.259536e-07,0.00020856503
1.260536e-07,0.00017481618
1.261536e-07,0.00014824793
1.262536e-07,0.00012886029
1.263536e-07,0.00011521714
1.264536e-07,0.00010301011
1.265536e-07,8.8648897e-05
1.266536e-07,7.1415441e-05
1.267536e-07,5.2745864e-05
1.268536e-07,3.4794347e-05
1.269536e-07,2.1869256e-05
1.270536e-07,1.3970588e-05
1.271536e-07,8.9441636e-06
1.272536e-07,1.763557e-06
1.273536e-07,-1.1161535e-05
1.274536e-07,-3.1985294e-05
1.275536e-07,-5.9271599e-05
1.276536e-07,-8.7994026e-05
1.277536e-07,-0.00011169003
1.278536e-07,-0.00012389706
1.279536e-07,-0.00012389706
1.280536e-07,-0.00011456227
1.281536e-07,-0.00010091912
1.282536e-07,-8.9430147e-05
1.283536e-07,-8.5121783e-05
1.284536e-07,-8.8712086e-05
1.285536e-07,-9.8764936e-05
1.286536e-07,-0.00011240809
1.287536e-07,-0.00012748736
1.288536e-07,-0.00014184858
1.289536e-07,-0.00015620979
1.290536e-07,-0.00016985294
1.291536e-07,-0.00018349609
1.292536e-07,-0.00019498506
1.293536e-07,-0.00020216567
1.294536e-07,-0.00020431985
1.295536e-07,-0.00020144761
1.296536e-07,-0.00019642119
1.297536e-07,-0.00019283088
1.298536e-07,-0.00019283088
1.299536e-07,-0.00019857537
1.300536e-07,-0.00020791016
1.301536e-07,-0.00021868107
1.302536e-07,-0.00022729779
1.303536e-07,-0.00023304228
1.304536e-07,-0.00023519646
1.305536e-07,-0.00023663258
1.306536e-07,-0.00023878676
1.307536e-07,-0.00024309513
1.308536e-07,-0.00024883961
1.309536e-07,-0.00025530216
1.310536e-07,-0.00026176471
1.311536e-07,-0.00026822725
1.312536e-07,-0.00027612592
1.313536e-07,-0.00028546071
1.314536e-07,-0.00029623162
1.315536e-07,-0.00030700253
1.316536e-07,-0.00031490119
1.317536e-07,-0.0003184915
1.318536e-07,-0.00031920956
1.319536e-07,-0.00031920956
1.320536e-07,-0.00032351792
1.321536e-07,-0.00033500689
1.322536e-07,-0.00035367647
1.323536e-07,-0.00037450023
1.324536e-07,-0.00039101562
1.325536e-07,-0.00039676011
1.326536e-07,-0.00038814338
1.327536e-07,-0.00036803768
1.328536e-07,-0.00034434168
1.329536e-07,-0.0003256721
1.330536e-07,-0.00031920956
1.331536e-07,-0.00032639017
1.332536e-07,-0.00034290556
1.333536e-07,-0.0003622932
1.334536e-07,-0.00037665441
1.335536e-07,-0.00038383502
1.336536e-07,-0.00038455308
1.337536e-07,-0.00038455308
1.338536e-07,-0.00038814338
1.339536e-07,-0.00039604205
1.340536e-07,-0.0004060949
1.341536e-07,-0.00041255744
1.342536e-07,-0.00041112132
1.343536e-07,-0.00040106847
1.344536e-07,-0.0003859892
1.345536e-07,-0.00037162799
1.346536e-07,-0.00036516544
1.347536e-07,-0.00036803768
1.348536e-07,-0.00037809053
1.349536e-07,-0.00039029756
1.350536e-07,-0.00039963235
1.351536e-07,-0.00040322266
1.352536e-07,-0.00040322266
1.353536e-07,-0.00040465878
1.354536e-07,-0.00041112132
1.355536e-07,-0.00042476448
1.356536e-07,-0.00044271599
1.357536e-07,-0.00045923139
1.358536e-07,-0.00046856618
1.359536e-07,-0.00046928424
1.360536e-07,-0.00046353975
1.361536e-07,-0.00045707721
1.362536e-07,-0.00045707721
1.363536e-07,-0.00046497587
1.364536e-07,-0.00047933709
1.365536e-07,-0.0004936983
1.366536e-07,-0.00050303309
1.367536e-07,-0.00050375115
1.368536e-07,-0.00049800666
1.369536e-07,-0.00049154412
1.370536e-07,-0.00049154412
1.371536e-07,-0.00050087891
1.372536e-07,-0.00051954848
1.373536e-07,-0.00054180836
1.374536e-07,-0.00056047794
1.375536e-07,-0.00057124885
1.376536e-07,-0.00057412109
1.377536e-07,-0.00057268497
1.378536e-07,-0.00057196691
1.379536e-07,-0.00057699334
1.380536e-07,-0.00058848231
1.381536e-07,-0.00060356158
1.382536e-07,-0.00061792279
1.383536e-07,-0.0006286937
1.384536e-07,-0.00063372013
1.385536e-07,-0.00063731043
1.386536e-07,-0.00064090074
1.387536e-07,-0.00064736328
1.388536e-07,-0.00065741613
1.389536e-07,-0.00066746898
1.390536e-07,-0.00067536765
1.391536e-07,-0.00067967601
1.392536e-07,-0.00068039407
1.393536e-07,-0.00068183019
1.394536e-07,-0.00068685662
1.395536e-07,-0.00069690947
1.396536e-07,-0.00071198874
1.397536e-07,-0.00072850414
1.398536e-07,-0.00074430147
1.399536e-07,-0.00075794462
1.400536e-07,-0.00077086972
1.401536e-07,-0.00078523093
1.402536e-07,-0.00080174632
1.403536e-07,-0.00081969784
1.404536e-07,-0.00083621324
1.405536e-07,-0.00084626608
1.406536e-07,-0.00084770221
1.407536e-07,-0.00084123966
1.408536e-07,-0.00083046875
1.409536e-07,-0.00082328814
1.410536e-07,-0.00082472426
1.411536e-07,-0.00083621324
1.412536e-07,-0.00085560087
1.413536e-07,-0.00087714269
1.414536e-07,-0.00089365809
1.415536e-07,-0.00090299288
1.416536e-07,-0.00090514706
1.417536e-07,-0.000904429
1.418536e-07,-0.00090514706
1.419536e-07,-0.00090945542
1.420536e-07,-0.00091663603
1.421536e-07,-0.00092381664
1.422536e-07,-0.000928125
1.423536e-07,-0.00092884306
1.424536e-07,-0.00092668888
1.425536e-07,-0.00092525276
1.426536e-07,-0.000928125
1.427536e-07,-0.00093530561
1.428536e-07,-0.00094535846
1.429536e-07,-0.00095541131
1.430536e-07,-0.00096259191
1.431536e-07,-0.00096761834
1.432536e-07,-0.0009719267
1.433536e-07,-0.00097767119
1.434536e-07,-0.00098556985
1.435536e-07,-0.00099346852
1.436536e-07,-0.00099634076
1.437536e-07,-0.00098987822
1.438536e-07,-0.00097408088
1.439536e-07,-0.000951821
1.440536e-07,-0.0009317153
1.441536e-07,-0.00092238051
1.442536e-07,-0.000928125
1.443536e-07,-0.0009482307
1.444536e-07,-0.00097479894
1.445536e-07,-0.00099777688
1.446536e-07,-0.0010085478
1.447536e-07,-0.0010056756
1.448536e-07,-0.00099346852
1.449536e-07,-0.00098054343
1.450536e-07,-0.00097408088
1.451536e-07,-0.00097623506
1.452536e-07,-0.00098341567
1.453536e-07,-0.00098916016
1.454536e-07,-0.00098556985
1.455536e-07,-0.00097264476
1.456536e-07,-0.00095612937
1.457536e-07,-0.00094607652
1.458536e-07,-0.00095110294
1.459536e-07,-0.00097623506
1.460536e-07,-0.0010164465
1.461536e-07,-0.0010624023
1.462536e-07,-0.0011004596
1.463536e-07,-0.0011234375
1.464536e-07,-0.0011306181
1.465536e-07,-0.0011270278
1.466536e-07,-0.0011234375
1.467536e-07,-0.0011270278
1.468536e-07,-0.0011385168
1.469536e-07,-0.0011557502
1.470536e-07,-0.0011693934
1.471536e-07,-0.0011737017
1.472536e-07,-0.0011658031
1.473536e-07,-0.0011507238
1.474536e-07,-0.0011349265
1.475536e-07,-0.0011263097
1.476536e-07,-0.0011284639
1.477536e-07,-0.001140671
1.478536e-07,-0.0011579044
1.479536e-07,-0.0011737017
1.480536e-07,-0.0011851907
1.481536e-07,-0.0011902171
1.482536e-07,-0.0011923713
1.483536e-07,-0.0011938074
1.484536e-07,-0.0011966797
1.485536e-07,-0.00120027
1.486536e-07,-0.0012038603
1.487536e-07,-0.0012045784
1.488536e-07,-0.0012024242
1.489536e-07,-0.0011973977
1.490536e-07,-0.0011923713
1.491536e-07,-0.001188063
1.492536e-07,-0.0011844727
1.493536e-07,-0.0011823185
1.494536e-07,-0.0011808824
1.495536e-07,-0.0011808824
1.496536e-07,-0.0011837546
1.497536e-07,-0.0011916533
1.498536e-07,-0.0012038603
1.499536e-07,-0.0012182215
1.500536e-07,-0.0012297105
1.501536e-07,-0.0012333008
1.502536e-07,-0.0012268382
1.503536e-07,-0.0012103228
1.504536e-07,-0.001188781
1.505536e-07,-0.0011693934
1.506536e-07,-0.0011579044
1.507536e-07,-0.0011571864
1.508536e-07,-0.0011658031
1.509536e-07,-0.0011794462
1.510536e-07,-0.0011923713
1.511536e-07,-0.0012017061
1.512536e-07,-0.0012074506
1.513536e-07,-0.0012110409
1.514536e-07,-0.0012153493
1.515536e-07,-0.0012203757
1.516536e-07,-0.0012254021
1.517536e-07,-0.0012282744
1.518536e-07,-0.0012268382
1.519536e-07,-0.0012225299
1.520536e-07,-0.0012189396
1.521536e-07,-0.0012189396
1.522536e-07,-0.0012268382
1.523536e-07,-0.0012411994
1.524536e-07,-0.0012605871
1.525536e-07,-0.0012792567
1.526536e-07,-0.0012957721
1.527536e-07,-0.0013101333
1.528536e-07,-0.0013237764
1.529536e-07,-0.0013417279
1.530536e-07,-0.0013647059
1.531536e-07,-0.001389838
1.532536e-07,-0.0014113798
1.533536e-07,-0.0014228688
1.534536e-07,-0.0014221507
1.535536e-07,-0.0014092256
1.536536e-07,-0.0013912741
1.537536e-07,-0.0013740407
1.538536e-07,-0.0013647059
1.539536e-07,-0.0013639878
1.540536e-07,-0.0013704504
1.541536e-07,-0.0013790671
1.542536e-07,-0.0013876838
1.543536e-07,-0.0013970186
1.544536e-07,-0.0014106618
1.545536e-07,-0.0014307675
1.546536e-07,-0.0014566176
1.547536e-07,-0.0014831859
1.548536e-07,-0.0015018555
1.549536e-07,-0.0015047277
1.550536e-07,-0.0014910846
1.551536e-07,-0.0014659524
1.552536e-07,-0.0014429745
1.553536e-07,-0.0014329216
1.554536e-07,-0.0014451287
1.555536e-07,-0.0014760053
1.556536e-07,-0.0015162167
1.557536e-07,-0.0015514017
1.558536e-07,-0.0015715074
1.559536e-07,-0.0015750977
1.560536e-07,-0.0015686351
1.561536e-07,-0.0015643267
1.562536e-07,-0.0015715074
1.563536e-07,-0.001590895
1.564536e-07,-0.0016160271
1.565536e-07,-0.0016354148
1.566536e-07,-0.0016404412
1.567536e-07,-0.0016303883
1.568536e-07,-0.0016131549
1.569536e-07,-0.0016009478
1.570536e-07,-0.0016059743
1.571536e-07,-0.0016296703
1.572536e-07,-0.0016634191
1.573536e-07,-0.0016950138
1.574536e-07,-0.001709375
1.575536e-07,-0.0017021944
1.576536e-07,-0.0016777803
1.577536e-07,-0.0016490579
1.578536e-07,-0.0016289522
1.579536e-07,-0.0016253619
1.580536e-07,-0.0016346967
1.581536e-07,-0.0016476218
1.582536e-07,-0.0016519301
1.583536e-07,-0.0016411592
1.584536e-07,-0.0016174632
1.585536e-07,-0.0015901769
1.586536e-07,-0.0015715074
1.587536e-07,-0.0015686351
1.588536e-07,-0.0015815602
1.589536e-07,-0.0016009478
1.590536e-07,-0.0016174632
1.591536e-07,-0.0016232077
1.592536e-07,-0.0016174632
1.593536e-07,-0.0016052562
1.594536e-07,-0.0015944853
1.595536e-07,-0.0015887408
1.596536e-07,-0.0015865866
1.597536e-07,-0.0015829963
1.598536e-07,-0.0015715074
1.599536e-07,-0.0015521197
1.600536e-07,-0.0015291418
1.601536e-07,-0.0015140625
1.602536e-07,-0.0015140625
1.603536e-07,-0.0015327321
1.604536e-07,-0.0015643267
1.605536e-07,-0.0015966395
1.606536e-07,-0.0016174632
1.607536e-07,-0.0016203355
1.608536e-07,-0.0016066923
1.609536e-07,-0.0015865866
1.610536e-07,-0.0015715074
1.611536e-07,-0.0015693532
1.612536e-07,-0.0015808421
1.613536e-07,-0.0016002298
1.614536e-07,-0.0016174632
1.615536e-07,-0.001626798
1.616536e-07,-0.001626798
1.617536e-07,-0.0016210535
1.618536e-07,-0.0016174632
1.619536e-07,-0.0016196174
1.620536e-07,-0.001626798
1.621536e-07,-0.0016354148
1.622536e-07,-0.0016404412
1.623536e-07,-0.0016404412
1.624536e-07,-0.0016368509
1.625536e-07,-0.0016354148
1.626536e-07,-0.0016404412
1.627536e-07,-0.0016526482
1.628536e-07,-0.0016691636
1.629536e-07,-0.0016820887
1.630536e-07,-0.0016863971
1.631536e-07,-0.0016820887
1.632536e-07,-0.00167419
1.633536e-07,-0.0016698817
1.634536e-07,-0.0016749081
1.635536e-07,-0.0016885512
1.636536e-07,-0.0017065028
1.637536e-07,-0.0017187098
1.638536e-07,-0.001720864
1.639536e-07,-0.0017122472
1.640536e-07,-0.0017000402
1.641536e-07,-0.0016928596
1.642536e-07,-0.001697886
1.643536e-07,-0.0017136834
1.644536e-07,-0.001733071
1.645536e-07,-0.0017459961
1.646536e-07,-0.0017438419
1.647536e-07,-0.0017280446
1.648536e-07,-0.0017065028
1.649536e-07,-0.0016935777
1.650536e-07,-0.001697886
1.651536e-07,-0.0017223001
1.652536e-07,-0.0017582031
1.653536e-07,-0.00179267
1.654536e-07,-0.0018127757
1.655536e-07,-0.0018142119
1.656536e-07,-0.0018020048
1.657536e-07,-0.0017869256
1.658536e-07,-0.0017783088
1.659536e-07,-0.0017811811
1.660536e-07,-0.0017897978
1.661536e-07,-0.0017955423
1.662536e-07,-0.0017897978
1.663536e-07,-0.0017711282
1.664536e-07,-0.0017474322
1.665536e-07,-0.0017309168
1.666536e-07,-0.0017323529
1.667536e-07,-0.0017546128
1.668536e-07,-0.0017905159
1.669536e-07,-0.0018257008
1.670536e-07,-0.0018472426
1.671536e-07,-0.0018501149
1.672536e-07,-0.001839344
1.673536e-07,-0.0018264189
1.674536e-07,-0.0018242647
1.675536e-07,-0.0018371898
1.676536e-07,-0.0018616039
1.677536e-07,-0.0018838637
1.678536e-07,-0.0018931985
1.679536e-07,-0.0018838637
1.680536e-07,-0.0018601677
1.681536e-07,-0.0018357537
1.682536e-07,-0.0018242647
1.683536e-07,-0.0018328814
1.684536e-07,-0.0018587316
1.685536e-07,-0.0018910443
1.686536e-07,-0.0019161765
1.687536e-07,-0.0019255113
1.688536e-07,-0.0019183307
1.689536e-07,-0.0019046875
1.690536e-07,-0.0018931985
1.691536e-07,-0.0018924805
1.692536e-07,-0.0019010972
1.693536e-07,-0.0019118681
1.694536e-07,-0.0019161765
1.695536e-07,-0.0019082778
1.696536e-07,-0.0018910443
1.697536e-07,-0.0018709386
1.698536e-07,-0.0018587316
1.699536e-07,-0.0018594497
1.700536e-07,-0.0018723748
1.701536e-07,-0.0018903263
1.702536e-07,-0.0019046875
1.703536e-07,-0.0019118681
1.704536e-07,-0.0019133042
1.705536e-07,-0.0019161765
1.706536e-07,-0.0019276654
1.707536e-07,-0.0019484892
1.708536e-07,-0.0019736213
1.709536e-07,-0.001993009
1.710536e-07,-0.0019965993
1.711536e-07,-0.0019822381
1.712536e-07,-0.0019556698
1.713536e-07,-0.0019291016
1.714536e-07,-0.0019161765
1.715536e-07,-0.0019233571
1.716536e-07,-0.0019484892
1.717536e-07,-0.0019808019
1.718536e-07,-0.0020080882
1.719536e-07,-0.0020217314
1.720536e-07,-0.0020217314
1.721536e-07,-0.0020138327
1.722536e-07,-0.0020080882
1.723536e-07,-0.0020109605
1.724536e-07,-0.0020238856
1.725536e-07,-0.002040401
1.726536e-07,-0.0020540441
1.727536e-07,-0.0020590705
1.728536e-07,-0.0020569164
1.729536e-07,-0.002052608
1.730536e-07,-0.0020540441
1.731536e-07,-0.002064815
1.732536e-07,-0.0020842027
1.733536e-07,-0.0021057445
1.734536e-07,-0.0021229779
1.735536e-07,-0.0021323127
1.736536e-07,-0.002135903
1.737536e-07,-0.0021387753
1.738536e-07,-0.0021459559
1.739536e-07,-0.002159599
1.740536e-07,-0.0021753964
1.741536e-07,-0.0021883215
1.742536e-07,-0.0021919118
1.743536e-07,-0.0021861673
1.744536e-07,-0.0021761144
1.745536e-07,-0.0021718061
1.746536e-07,-0.0021804228
1.747536e-07,-0.0022048369
1.748536e-07,-0.0022385857
1.749536e-07,-0.0022723346
1.750536e-07,-0.0022953125
1.751536e-07,-0.0023032112
1.752536e-07,-0.0022981847
1.753536e-07,-0.00228885
1.754536e-07,-0.0022838235
1.755536e-07,-0.0022881319
1.756536e-07,-0.0023003389
1.757536e-07,-0.002312546
1.758536e-07,-0.0023182904
1.759536e-07,-0.0023139821
1.760536e-07,-0.002301775
1.761536e-07,-0.00228885
1.762536e-07,-0.0022838235
1.763536e-07,-0.002289568
1.764536e-07,-0.0023032112
1.765536e-07,-0.0023190085
1.766536e-07,-0.0023297794
1.767536e-07,-0.0023319336
1.768536e-07,-0.0023283433
1.769536e-07,-0.0023261891
1.770536e-07,-0.0023297794
1.771536e-07,-0.0023419864
1.772536e-07,-0.0023577838
1.773536e-07,-0.0023714269
1.774536e-07,-0.0023757353
1.775536e-07,-0.0023699908
1.776536e-07,-0.002360656
1.777536e-07,-0.0023563477
1.778536e-07,-0.0023642463
1.779536e-07,-0.0023865062
1.780536e-07,-0.0024181009
1.781536e-07,-0.0024482594
1.782536e-07,-0.0024676471
1.783536e-07,-0.0024733915
1.784536e-07,-0.0024690832
1.785536e-07,-0.0024640568
1.786536e-07,-0.0024676471
1.787536e-07,-0.0024834444
1.788536e-07,-0.0025078585
1.789536e-07,-0.0025322725
1.790536e-07,-0.0025480699
1.791536e-07,-0.0025516602
1.792536e-07,-0.0025466337
1.793536e-07,-0.0025423254
1.794536e-07,-0.0025480699
1.795536e-07,-0.0025681756
1.796536e-07,-0.0025983341
1.797536e-07,-0.0026292107
1.798536e-07,-0.0026514706
1.799536e-07,-0.0026593693
1.800536e-07,-0.0026543428
1.801536e-07,-0.002645008
1.802536e-07,-0.0026399816
1.803536e-07,-0.00264429
1.804536e-07,-0.002655779
1.805536e-07,-0.002668704
1.806536e-07,-0.0026744485
1.807536e-07,-0.0026694221
1.808536e-07,-0.002656497
1.809536e-07,-0.00264429
1.810536e-07,-0.0026399816
1.811536e-07,-0.0026485983
1.812536e-07,-0.0026665499
1.813536e-07,-0.0026859375
1.814536e-07,-0.0026974265
1.815536e-07,-0.0026952723
1.816536e-07,-0.0026816291
1.817536e-07,-0.0026636776
1.818536e-07,-0.0026514706
1.819536e-07,-0.0026514706
1.820536e-07,-0.0026636776
1.821536e-07,-0.0026816291
1.822536e-07,-0.0026974265
1.823536e-07,-0.0027046071
1.824536e-07,-0.0027017348
1.825536e-07,-0.0026938362
1.826536e-07,-0.0026859375
1.827536e-07,-0.0026837833
1.828536e-07,-0.0026866556
1.829536e-07,-0.0026931181
1.830536e-07,-0.0026974265
1.831536e-07,-0.0026974265
1.832536e-07,-0.0026952723
1.833536e-07,-0.0026938362
1.834536e-07,-0.0026974265
1.835536e-07,-0.0027074793
1.836536e-07,-0.0027196864
1.837536e-07,-0.0027297392
1.838536e-07,-0.0027318934
1.839536e-07,-0.0027254308
1.840536e-07,-0.002715378
1.841536e-07,-0.0027074793
1.842536e-07,-0.0027089154
1.843536e-07,-0.0027218405
1.844536e-07,-0.0027419462
1.845536e-07,-0.00276277
1.846536e-07,-0.0027778493
1.847536e-07,-0.0027843118
1.848536e-07,-0.0027850299
1.849536e-07,-0.0027850299
1.850536e-07,-0.0027893382
1.851536e-07,-0.0027993911
1.852536e-07,-0.0028108801
1.853536e-07,-0.0028173426
1.854536e-07,-0.0028123162
1.855536e-07,-0.0027958008
1.856536e-07,-0.0027728228
1.857536e-07,-0.0027527171
1.858536e-07,-0.0027433824
1.859536e-07,-0.0027484088
1.860536e-07,-0.0027649242
1.861536e-07,-0.0027850299
1.862536e-07,-0.0028008272
1.863536e-07,-0.0028087259
1.864536e-07,-0.0028094439
1.865536e-07,-0.0028094439
1.866536e-07,-0.0028123162
1.867536e-07,-0.0028194968
1.868536e-07,-0.0028266774
1.869536e-07,-0.0028259593
1.870536e-07,-0.0028123162
1.871536e-07,-0.002786466
1.872536e-07,-0.0027555894
1.873536e-07,-0.0027297392
1.874536e-07,-0.0027204044
1.875536e-07,-0.0027297392
1.876536e-07,-0.0027534352
1.877536e-07,-0.0027807215
1.878536e-07,-0.0028008272
1.879536e-07,-0.0028072898
1.880536e-07,-0.0028008272
1.881536e-07,-0.0027879021
1.882536e-07,-0.0027778493
1.883536e-07,-0.002774977
1.884536e-07,-0.0027778493
1.885536e-07,-0.0027814396
1.886536e-07,-0.0027778493
1.887536e-07,-0.0027649242
1.888536e-07,-0.0027462546
1.889536e-07,-0.0027290211
1.890536e-07,-0.0027204044
1.891536e-07,-0.0027247128
1.892536e-07,-0.002739792
1.893536e-07,-0.0027563074
1.894536e-07,-0.0027663603
1.895536e-07,-0.0027649242
1.896536e-07,-0.0027534352
1.897536e-07,-0.002739792
1.898536e-07,-0.0027318934
1.899536e-07,-0.0027347656
1.900536e-07,-0.0027484088
1.901536e-07,-0.0027656422
1.902536e-07,-0.0027778493
1.903536e-07,-0.0027800034
1.904536e-07,-0.0027728228
1.905536e-07,-0.0027613339
1.906536e-07,-0.0027548713
1.907536e-07,-0.0027584616
1.908536e-07,-0.002774977
1.909536e-07,-0.002798673
1.910536e-07,-0.0028238051
1.911536e-07,-0.0028446289
1.912536e-07,-0.0028582721
1.913536e-07,-0.0028654527
1.914536e-07,-0.002869761
1.915536e-07,-0.0028726333
1.916536e-07,-0.0028747875
1.917536e-07,-0.0028747875
1.918536e-07,-0.002869761
1.919536e-07,-0.0028618624
1.920536e-07,-0.0028539637
1.921536e-07,-0.0028518095
1.922536e-07,-0.0028582721
1.923536e-07,-0.0028740694
1.924536e-07,-0.0028948932
1.925536e-07,-0.0029142808
1.926536e-07,-0.0029272059
1.927536e-07,-0.0029315142
1.928536e-07,-0.0029293601
1.929536e-07,-0.0029264878
1.930536e-07,-0.0029272059
1.931536e-07,-0.0029315142
1.932536e-07,-0.0029358226
1.933536e-07,-0.0029358226
1.934536e-07,-0.0029272059
1.935536e-07,-0.0029121266
1.936536e-07,-0.0028963293
1.937536e-07,-0.0028877125
1.938536e-07,-0.002892739
1.939536e-07,-0.0029106905
1.940536e-07,-0.0029365407
1.941536e-07,-0.0029595186
1.942536e-07,-0.0029731618
1.943536e-07,-0.0029738798
1.944536e-07,-0.0029652631
1.945536e-07,-0.0029552102
1.946536e-07,-0.0029501838
1.947536e-07,-0.0029530561
1.948536e-07,-0.0029609547
1.949536e-07,-0.0029688534
1.950536e-07,-0.0029731618
1.951536e-07,-0.0029731618
1.952536e-07,-0.0029724437
1.953536e-07,-0.0029789062
1.954536e-07,-0.0029961397
1.955536e-07,-0.0030219899
1.956536e-07,-0.0030499943
1.957536e-07,-0.0030701
1.958536e-07,-0.0030765625
1.959536e-07,-0.0030693819
1.960536e-07,-0.0030571749
1.961536e-07,-0.0030485581
1.962536e-07,-0.0030535846
1.963536e-07,-0.0030722541
1.964536e-07,-0.0030966682
1.965536e-07,-0.0031167739
1.966536e-07,-0.0031225184
1.967536e-07,-0.0031110294
1.968536e-07,-0.0030887695
1.969536e-07,-0.0030657916
1.970536e-07,-0.0030535846
1.971536e-07,-0.0030557387
1.972536e-07,-0.0030686638
1.973536e-07,-0.003082307
1.974536e-07,-0.0030880515
1.975536e-07,-0.0030815889
1.976536e-07,-0.0030672277
1.977536e-07,-0.0030550207
1.978536e-07,-0.0030535846
1.979536e-07,-0.0030665097
1.980536e-07,-0.0030894876
1.981536e-07,-0.0031117475
1.982536e-07,-0.0031225184
1.983536e-07,-0.00311821
1.984536e-07,-0.0031016946
1.985536e-07,-0.0030844612
1.986536e-07,-0.0030765625
1.987536e-07,-0.0030844612
1.988536e-07,-0.0031052849
1.989536e-07,-0.0031289809
1.990536e-07,-0.0031454963
1.991536e-07,-0.0031476505
1.992536e-07,-0.0031375977
1.993536e-07,-0.0031218003
1.994536e-07,-0.0031110294
1.995536e-07,-0.0031117475
1.996536e-07,-0.0031239545
1.997536e-07,-0.003141906
1.998536e-07,-0.0031569853
1.999536e-07,-0.003164884
2.000536e-07,-0.003165602
2.001536e-07,-0.003164884
2.002536e-07,-0.0031684743
2.003536e-07,-0.0031799632
2.004536e-07,-0.0031971967
2.005536e-07,-0.0032144301
2.006536e-07,-0.0032259191
2.007536e-07,-0.0032295094
2.008536e-07,-0.0032273552
2.009536e-07,-0.0032280733
2.010536e-07,-0.0032374081
2.011536e-07,-0.0032560777
2.012536e-07,-0.0032797737
2.013536e-07,-0.0032991613
2.014536e-07,-0.0033063419
2.015536e-07,-0.0032991613
2.016536e-07,-0.0032819278
2.017536e-07,-0.0032654125
2.018536e-07,-0.003260386
2.019536e-07,-0.0032704389
2.020536e-07,-0.0032919807
2.021536e-07,-0.0033156767
2.022536e-07,-0.0033293199
2.023536e-07,-0.0033264476
2.024536e-07,-0.0033084961
2.025536e-07,-0.0032826459
2.026536e-07,-0.003260386
2.027536e-07,-0.0032488971
2.028536e-07,-0.0032503332
2.029536e-07,-0.003260386
2.030536e-07,-0.003271875
2.031536e-07,-0.0032797737
2.032536e-07,-0.0032826459
2.033536e-07,-0.0032819278
2.034536e-07,-0.003283364
2.035536e-07,-0.0032876723
2.036536e-07,-0.0032934168
2.037536e-07,-0.0032970071
2.038536e-07,-0.0032948529
2.039536e-07,-0.0032869543
2.040536e-07,-0.0032761834
2.041536e-07,-0.0032697208
2.042536e-07,-0.003271875
2.043536e-07,-0.0032826459
2.044536e-07,-0.0032977252
2.045536e-07,-0.0033106503
2.046536e-07,-0.0033178309
2.047536e-07,-0.0033185489
2.048536e-07,-0.0033185489
2.049536e-07,-0.0033242934
2.050536e-07,-0.0033408088
2.051536e-07,-0.0033659409
2.052536e-07,-0.0033939453
2.053536e-07,-0.003414051
2.054536e-07,-0.0034212316
2.055536e-07,-0.0034154871
2.056536e-07,-0.0034039982
2.057536e-07,-0.0033960995
2.058536e-07,-0.0033982537
2.059536e-07,-0.0034104607
2.060536e-07,-0.0034269761
2.061536e-07,-0.0034363109
2.062536e-07,-0.0034327206
2.063536e-07,-0.0034176413
2.064536e-07,-0.0033996898
2.065536e-07,-0.0033910731
2.066536e-07,-0.0033982537
2.067536e-07,-0.0034212316
2.068536e-07,-0.003449236
2.069536e-07,-0.0034686236
2.070536e-07,-0.0034671875
2.071536e-07,-0.0034442096
2.072536e-07,-0.0034097426
2.073536e-07,-0.003378148
2.074536e-07,-0.0033637868
2.075536e-07,-0.0033716854
2.076536e-07,-0.0033946634
2.077536e-07,-0.0034197955
2.078536e-07,-0.0034327206
2.079536e-07,-0.0034284122
2.080536e-07,-0.0034104607
2.081536e-07,-0.0033925092
2.082536e-07,-0.0033867647
2.083536e-07,-0.0033989717
2.084536e-07,-0.00342554
2.085536e-07,-0.0034528263
2.086536e-07,-0.0034671875
2.087536e-07,-0.0034621611
2.088536e-07,-0.0034391831
2.089536e-07,-0.0034097426
2.090536e-07,-0.0033867647
2.091536e-07,-0.0033795841
2.092536e-07,-0.0033882008
2.093536e-07,-0.0034054343
2.094536e-07,-0.0034212316
2.095536e-07,-0.0034291303
2.096536e-07,-0.0034276942
2.097536e-07,-0.0034233858
2.098536e-07,-0.0034212316
2.099536e-07,-0.0034248219
2.100536e-07,-0.0034312845
2.101536e-07,-0.0034355928
2.102536e-07,-0.0034327206
2.103536e-07,-0.0034226677
2.104536e-07,-0.0034097426
2.105536e-07,-0.0034039982
2.106536e-07,-0.0034097426
2.107536e-07,-0.0034269761
2.108536e-07,-0.0034477999
2.109536e-07,-0.0034635972
2.110536e-07,-0.0034671875
2.111536e-07,-0.003460725
2.112536e-07,-0.0034535443
2.113536e-07,-0.0034571347
2.114536e-07,-0.0034786765
2.115536e-07,-0.0035145795
2.116536e-07,-0.0035540728
2.117536e-07,-0.003579923
2.118536e-07,-0.0035820772
2.119536e-07,-0.0035605354
2.120536e-07,-0.0035260685
2.121536e-07,-0.0034980641
2.122536e-07,-0.0034901654
2.123536e-07,-0.0035073989
2.124536e-07,-0.0035418658
2.125536e-07,-0.003579205
2.126536e-07,-0.0036050551
2.127536e-07,-0.003615108
2.128536e-07,-0.0036143899
2.129536e-07,-0.0036158261
2.130536e-07,-0.0036280331
2.131536e-07,-0.0036531652
2.132536e-07,-0.0036826057
2.133536e-07,-0.0037005572
2.134536e-07,-0.0036969669
2.135536e-07,-0.0036703987
2.136536e-07,-0.0036330595
2.137536e-07,-0.0036021829
2.138536e-07,-0.0035935662
2.139536e-07,-0.0036107996
2.140536e-07,-0.0036445485
2.141536e-07,-0.0036790154
2.142536e-07,-0.0036969669
2.143536e-07,-0.0036933766
2.144536e-07,-0.003674707
2.145536e-07,-0.0036560375
2.146536e-07,-0.003651011
2.147536e-07,-0.0036632181
2.148536e-07,-0.0036847599
2.149536e-07,-0.0036998392
2.150536e-07,-0.0036969669
2.151536e-07,-0.0036725528
2.152536e-07,-0.0036373679
2.153536e-07,-0.0036093635
2.154536e-07,-0.0036050551
2.155536e-07,-0.003627315
2.156536e-07,-0.0036660903
2.157536e-07,-0.0036991211
2.158536e-07,-0.0037084559
2.159536e-07,-0.0036854779
2.160536e-07,-0.0036395221
2.161536e-07,-0.0035899759
2.162536e-07,-0.0035590993
2.163536e-07,-0.0035569451
2.164536e-07,-0.0035784869
2.165536e-07,-0.0036050551
2.166536e-07,-0.0036165441
2.167536e-07,-0.0035993107
2.168536e-07,-0.003555509
2.169536e-07,-0.0035009364
2.170536e-07,-0.0034556985
2.171536e-07,-0.0034348748
2.172536e-07,-0.0034406193
2.173536e-07,-0.003460725
2.174536e-07,-0.0034786765
2.175536e-07,-0.0034822668
2.176536e-07,-0.0034693417
2.177536e-07,-0.0034485179
2.178536e-07,-0.0034327206
2.179536e-07,-0.0034320025
2.180536e-07,-0.0034463637
2.181536e-07,-0.0034657514
2.182536e-07,-0.0034786765
2.183536e-07,-0.0034750862
2.184536e-07,-0.0034556985
2.185536e-07,-0.0034298483
2.186536e-07,-0.0034097426
2.187536e-07,-0.0034054343
2.188536e-07,-0.0034169233
2.189536e-07,-0.003437029
2.190536e-07,-0.0034556985
2.191536e-07,-0.0034657514
2.192536e-07,-0.0034664694
2.193536e-07,-0.0034643153
2.194536e-07,-0.0034671875
2.195536e-07,-0.0034793945
2.196536e-07,-0.0034987822
2.197536e-07,-0.0035167337
2.198536e-07,-0.0035246324
2.199536e-07,-0.0035196059
2.200536e-07,-0.0035052447
2.201536e-07,-0.0034923196
2.202536e-07,-0.0034901654
2.203536e-07,-0.0035030905
2.204536e-07,-0.0035260685
2.205536e-07,-0.0035483284
2.206536e-07,-0.0035590993
2.207536e-07,-0.0035540728
2.208536e-07,-0.0035382755
2.209536e-07,-0.003521042
2.210536e-07,-0.0035131434
2.211536e-07,-0.0035196059
2.212536e-07,-0.0035368394
2.213536e-07,-0.0035533548
2.214536e-07,-0.0035590993
2.215536e-07,-0.0035497645
2.216536e-07,-0.0035296588
2.217536e-07,-0.0035095531
2.218536e-07,-0.0035016544
2.219536e-07,-0.0035102711
2.220536e-07,-0.003531813
2.221536e-07,-0.003555509
2.222536e-07,-0.0035705882
2.223536e-07,-0.0035713063
2.224536e-07,-0.0035612534
2.225536e-07,-0.0035497645
2.226536e-07,-0.0035476103
2.227536e-07,-0.0035583812
2.228536e-07,-0.0035784869
2.229536e-07,-0.0035978745
2.230536e-07,-0.0036050551
2.231536e-07,-0.0035957204
2.232536e-07,-0.0035741785
2.233536e-07,-0.0035504825
2.234536e-07,-0.0035361213
2.235536e-07,-0.0035361213
2.236536e-07,-0.0035461742
2.237536e-07,-0.0035576631
2.238536e-07,-0.0035590993
2.239536e-07,-0.0035461742
2.240536e-07,-0.0035231962
2.241536e-07,-0.0035009364
2.242536e-07,-0.0034901654
2.243536e-07,-0.003496628
2.244536e-07,-0.0035174517
2.245536e-07,-0.0035425839
2.246536e-07,-0.0035590993
2.247536e-07,-0.0035612534
2.248536e-07,-0.0035483284
2.249536e-07,-0.0035296588
2.250536e-07,-0.0035131434
2.251536e-07,-0.0035052447
2.252536e-07,-0.0035059628
2.253536e-07,-0.0035102711
2.254536e-07,-0.0035131434
2.255536e-07,-0.0035124253
2.256536e-07,-0.0035124253
2.257536e-07,-0.0035188879
2.258536e-07,-0.0035361213
2.259536e-07,-0.0035626896
2.260536e-07,-0.0035899759
2.261536e-07,-0.0036072093
2.262536e-07,-0.0036050551
2.263536e-07,-0.0035849494
2.264536e-07,-0.003555509
2.265536e-07,-0.0035310949
2.266536e-07,-0.0035246324
2.267536e-07,-0.0035389936
2.268536e-07,-0.003567716
2.269536e-07,-0.0035978745
2.270536e-07,-0.0036165441
2.271536e-07,-0.0036186983
2.272536e-07,-0.0036079274
2.273536e-07,-0.0035957204
2.274536e-07,-0.0035935662
2.275536e-07,-0.0036057732
2.276536e-07,-0.0036287511
2.277536e-07,-0.003651011
2.278536e-07,-0.0036625
2.279536e-07,-0.0036596278
2.280536e-07,-0.0036459846
2.281536e-07,-0.0036323415
2.282536e-07,-0.0036280331
2.283536e-07,-0.0036373679
2.284536e-07,-0.0036546013
2.285536e-07,-0.0036703987
2.286536e-07,-0.003673989
2.287536e-07,-0.0036632181
2.288536e-07,-0.0036445485
2.289536e-07,-0.0036294692
2.290536e-07,-0.0036280331
2.291536e-07,-0.0036431124
2.292536e-07,-0.0036696806
2.293536e-07,-0.0036948127
2.294536e-07,-0.0037084559
2.295536e-07,-0.0037063017
2.296536e-07,-0.0036940947
2.297536e-07,-0.0036840418
2.298536e-07,-0.0036854779
2.299536e-07,-0.0037027114
2.300536e-07,-0.0037278435
2.301536e-07,-0.0037493853
2.302536e-07,-0.0037544118
2.303536e-07,-0.0037400506
2.304536e-07,-0.0037127642
2.305536e-07,-0.003686196
2.306536e-07,-0.003673989
2.307536e-07,-0.0036811696
2.308536e-07,-0.0037034295
2.309536e-07,-0.0037278435
2.310536e-07,-0.0037429228
2.311536e-07,-0.0037422047
2.312536e-07,-0.0037292796
2.313536e-07,-0.0037142004
2.314536e-07,-0.0037084559
2.315536e-07,-0.0037170726
2.316536e-07,-0.0037357422
2.317536e-07,-0.0037551298
2.318536e-07,-0.0037659007
2.319536e-07,-0.0037651827
2.320536e-07,-0.0037587201
2.321536e-07,-0.0037558479
2.322536e-07,-0.0037659007
2.323536e-07,-0.0037895967
2.324536e-07,-0.0038183192
2.325536e-07,-0.003840579
2.326536e-07,-0.0038463235
2.327536e-07,-0.0038333984
2.328536e-07,-0.0038125747
2.329536e-07,-0.0037967773
2.330536e-07,-0.0038003676
2.331536e-07,-0.0038254998
2.332536e-07,-0.003863557
2.333536e-07,-0.0038980239
2.334536e-07,-0.0039152574
2.335536e-07,-0.0039095129
2.336536e-07,-0.003887971
2.337536e-07,-0.0038657112
2.338536e-07,-0.0038578125
2.339536e-07,-0.0038700195
2.340536e-07,-0.0038973058
2.341536e-07,-0.0039245921
2.342536e-07,-0.0039382353
2.343536e-07,-0.0039317727
2.344536e-07,-0.0039102309
2.345536e-07,-0.0038886891
2.346536e-07,-0.0038807904
2.347536e-07,-0.0038944336
2.348536e-07,-0.0039238741
2.349536e-07,-0.0039547507
2.350536e-07,-0.0039727022
2.351536e-07,-0.0039691119
2.352536e-07,-0.003946852
2.353536e-07,-0.0039202838
2.354536e-07,-0.0039037684
2.355536e-07,-0.0039059226
2.356536e-07,-0.0039245921
2.357536e-07,-0.0039475701
2.358536e-07,-0.0039612132
2.359536e-07,-0.0039569049
2.360536e-07,-0.0039367992
2.361536e-07,-0.003910949
2.362536e-07,-0.0038922794
2.363536e-07,-0.0038901252
2.364536e-07,-0.0039030503
2.365536e-07,-0.003923156
2.366536e-07,-0.0039382353
2.367536e-07,-0.0039411075
2.368536e-07,-0.0039324908
2.369536e-07,-0.0039210018
2.370536e-07,-0.0039152574
2.371536e-07,-0.0039217199
2.372536e-07,-0.0039382353
2.373536e-07,-0.003958341
2.374536e-07,-0.0039727022
2.375536e-07,-0.0039777286
2.376536e-07,-0.0039770106
2.377536e-07,-0.0039770106
2.378536e-07,-0.0039841912
2.379536e-07,-0.0039999885
2.380536e-07,-0.004017222
2.381536e-07,-0.0040265568
2.382536e-07,-0.0040186581
2.383536e-07,-0.0039949621
2.384536e-07,-0.0039640855
2.385536e-07,-0.0039411075
2.386536e-07,-0.0039382353
2.387536e-07,-0.0039590591
2.388536e-07,-0.0039956801
2.389536e-07,-0.0040323012
2.390536e-07,-0.004053125
2.391536e-07,-0.0040516889
2.392536e-07,-0.0040323012
2.393536e-07,-0.0040093233
2.394536e-07,-0.0039956801
2.395536e-07,-0.0040007066
2.396536e-07,-0.0040215303
2.397536e-07,-0.0040466625
2.398536e-07,-0.004064614
2.399536e-07,-0.0040674862
2.400536e-07,-0.0040574334
2.401536e-07,-0.0040452263
2.402536e-07,-0.004041636
2.403536e-07,-0.0040538431
2.404536e-07,-0.0040782571
2.405536e-07,-0.0041048254
2.406536e-07,-0.0041220588
2.407536e-07,-0.0041227769
2.408536e-07,-0.0041091337
2.409536e-07,-0.0040897461
2.410536e-07,-0.0040761029
2.411536e-07,-0.0040746668
2.412536e-07,-0.0040840016
2.413536e-07,-0.0040990809
2.414536e-07,-0.0041105699
2.415536e-07,-0.0041148782
2.416536e-07,-0.0041134421
2.417536e-07,-0.0041141602
2.418536e-07,-0.0041220588
2.419536e-07,-0.0041385742
2.420536e-07,-0.004159398
2.421536e-07,-0.0041751953
2.422536e-07,-0.0041795037
2.423536e-07,-0.004171605
2.424536e-07,-0.0041586799
2.425536e-07,-0.0041507812
2.426536e-07,-0.0041565257
2.427536e-07,-0.0041759134
2.428536e-07,-0.0042010455
2.429536e-07,-0.0042211512
2.430536e-07,-0.0042254596
2.431536e-07,-0.0042146886
2.432536e-07,-0.0041967371
2.433536e-07,-0.0041859662
2.434536e-07,-0.0041909926
2.435536e-07,-0.0042132525
2.436536e-07,-0.0042434111
2.437536e-07,-0.0042671071
2.438536e-07,-0.0042714154
2.439536e-07,-0.0042549
2.440536e-07,-0.0042276137
2.441536e-07,-0.0042053539
2.442536e-07,-0.0042024816
2.443536e-07,-0.0042225873
2.444536e-07,-0.0042570542
2.445536e-07,-0.004290085
2.446536e-07,-0.0043058824
2.447536e-07,-0.0042972656
2.448536e-07,-0.0042714154
2.449536e-07,-0.004241975
2.450536e-07,-0.0042254596
2.451536e-07,-0.004230486
2.452536e-07,-0.0042534639
2.453536e-07,-0.0042836225
2.454536e-07,-0.0043058824
2.455536e-07,-0.004313781
2.456536e-07,-0.0043080365
2.457536e-07,-0.0042979837
2.458536e-07,-0.0042943934
2.459536e-07,-0.004301574
2.460536e-07,-0.0043159352
2.461536e-07,-0.0043281422
2.462536e-07,-0.0043288603
2.463536e-07,-0.0043159352
2.464536e-07,-0.0042958295
2.465536e-07,-0.004277878
2.466536e-07,-0.0042714154
2.467536e-07,-0.004277878
2.468536e-07,-0.004289367
2.469536e-07,-0.0042943934
2.470536e-07,-0.0042829044
2.471536e-07,-0.0042563362
2.472536e-07,-0.0042240234
2.473536e-07,-0.0042017636
2.474536e-07,-0.0042024816
2.475536e-07,-0.0042261776
2.476536e-07,-0.0042627987
2.477536e-07,-0.0042943934
2.478536e-07,-0.0043058824
2.479536e-07,-0.0042929573
2.480536e-07,-0.0042642348
2.481536e-07,-0.0042362305
2.482536e-07,-0.0042254596
2.483536e-07,-0.0042369485
2.484536e-07,-0.0042620807
2.485536e-07,-0.0042864947
2.486536e-07,-0.0042943934
2.487536e-07,-0.0042800322
2.488536e-07,-0.0042505917
2.489536e-07,-0.0042233054
2.490536e-07,-0.0042139706
2.491536e-07,-0.0042297679
2.492536e-07,-0.0042642348
2.493536e-07,-0.0042994198
2.494536e-07,-0.0043173713
2.495536e-07,-0.0043101907
2.496536e-07,-0.0042814683
2.497536e-07,-0.0042477194
2.498536e-07,-0.0042254596
2.499536e-07,-0.0042254596
2.500536e-07,-0.0042441291
2.501536e-07,-0.0042685432
2.502536e-07,-0.0042829044
2.503536e-07,-0.0042793141
2.504536e-07,-0.0042606445
2.505536e-07,-0.0042412569
2.506536e-07,-0.0042369485
2.507536e-07,-0.0042556181
2.508536e-07,-0.0042936753
2.509536e-07,-0.0043353228
2.510536e-07,-0.0043633272
2.511536e-07,-0.0043654814
2.512536e-07,-0.0043432215
2.513536e-07,-0.0043094727
2.514536e-07,-0.0042829044
2.515536e-07,-0.0042764419
2.516536e-07,-0.0042929573
2.517536e-07,-0.0043231158
2.518536e-07,-0.0043518382
2.519536e-07,-0.0043654814
2.520536e-07,-0.004360455
2.521536e-07,-0.0043439396
2.522536e-07,-0.0043288603
2.523536e-07,-0.0043259881
2.524536e-07,-0.0043389131
2.525536e-07,-0.0043633272
2.526536e-07,-0.0043863051
2.527536e-07,-0.0043985122
2.528536e-07,-0.0043956399
2.529536e-07,-0.0043812787
2.530536e-07,-0.0043633272
2.531536e-07,-0.0043511202
2.532536e-07,-0.004348966
2.533536e-07,-0.0043554285
2.534536e-07,-0.0043633272
2.535536e-07,-0.0043683536
2.536536e-07,-0.0043683536
2.537536e-07,-0.0043647633
2.538536e-07,-0.0043633272
2.539536e-07,-0.0043661994
2.540536e-07,-0.0043733801
2.541536e-07,-0.0043812787
2.542536e-07,-0.0043863051
2.543536e-07,-0.0043855871
2.544536e-07,-0.0043805607
2.545536e-07,-0.0043762523
2.546536e-07,-0.0043748162
2.547536e-07,-0.0043776884
2.548536e-07,-0.0043819968
2.549536e-07,-0.0043819968
2.550536e-07,-0.0043748162
2.551536e-07,-0.0043618911
2.552536e-07,-0.0043511202
2.553536e-07,-0.004348966
2.554536e-07,-0.0043633272
2.555536e-07,-0.0043920496
2.556536e-07,-0.0044265165
2.557536e-07,-0.004455239
2.558536e-07,-0.0044667279
2.559536e-07,-0.0044581112
2.560536e-07,-0.0044336972
2.561536e-07,-0.0044064108
2.562536e-07,-0.0043863051
2.563536e-07,-0.0043805607
2.564536e-07,-0.0043884593
2.565536e-07,-0.0044006664
2.566536e-07,-0.0044092831
2.567536e-07,-0.004407847
2.568536e-07,-0.0043970761
2.569536e-07,-0.0043834329
2.570536e-07,-0.0043748162
2.571536e-07,-0.0043755342
2.572536e-07,-0.0043855871
2.573536e-07,-0.0043985122
2.574536e-07,-0.0044092831
2.575536e-07,-0.0044135915
2.576536e-07,-0.0044128734
2.577536e-07,-0.0044100011
2.578536e-07,-0.0044092831
2.579536e-07,-0.0044107192
2.580536e-07,-0.0044100011
2.581536e-07,-0.0044028205
2.582536e-07,-0.0043863051
2.583536e-07,-0.0043626091
2.584536e-07,-0.0043396312
2.585536e-07,-0.0043267061
2.586536e-07,-0.0043288603
2.587536e-07,-0.0043453757
2.588536e-07,-0.0043676356
2.589536e-07,-0.004384869
2.590536e-07,-0.0043863051
2.591536e-07,-0.0043719439
2.592536e-07,-0.0043475299
2.593536e-07,-0.0043267061
2.594536e-07,-0.0043173713
2.595536e-07,-0.0043238339
2.596536e-07,-0.0043410673
2.597536e-07,-0.0043575827
2.598536e-07,-0.0043633272
2.599536e-07,-0.0043539924
2.600536e-07,-0.0043346048
2.601536e-07,-0.0043152171
2.602536e-07,-0.0043058824
2.603536e-07,-0.0043109088
2.604536e-07,-0.0043274242
2.605536e-07,-0.0043439396
2.606536e-07,-0.0043518382
2.607536e-07,-0.0043453757
2.608536e-07,-0.0043295784
2.609536e-07,-0.0043123449
2.610536e-07,-0.0043058824
2.611536e-07,-0.0043152171
2.612536e-07,-0.004337477
2.613536e-07,-0.0043640453
2.614536e-07,-0.0043863051
2.615536e-07,-0.0043970761
2.616536e-07,-0.0043977941
2.617536e-07,-0.0043956399
2.618536e-07,-0.0043977941
2.619536e-07,-0.0044092831
2.620536e-07,-0.0044272346
2.621536e-07,-0.0044451861
2.622536e-07,-0.004455239
2.623536e-07,-0.0044538028
2.624536e-07,-0.0044444681
2.625536e-07,-0.0044344152
2.626536e-07,-0.004432261
2.627536e-07,-0.0044408778
2.628536e-07,-0.0044581112
2.629536e-07,-0.0044767808
2.630536e-07,-0.0044897059
2.631536e-07,-0.0044932962
2.632536e-07,-0.0044918601
2.633536e-07,-0.0044918601
2.634536e-07,-0.0045011949
2.635536e-07,-0.0045213006
2.636536e-07,-0.0045471507
2.637536e-07,-0.0045701287
2.638536e-07,-0.0045816176
2.639536e-07,-0.0045801815
2.640536e-07,-0.0045708467
2.641536e-07,-0.0045643842
2.642536e-07,-0.0045701287
2.643536e-07,-0.0045909524
2.644536e-07,-0.004621829
2.645536e-07,-0.0046498334
2.646536e-07,-0.0046620404
2.647536e-07,-0.0046527057
2.648536e-07,-0.0046254193
2.649536e-07,-0.0045931066
2.650536e-07,-0.0045701287
2.651536e-07,-0.0045672564
2.652536e-07,-0.004585926
2.653536e-07,-0.0046182387
2.654536e-07,-0.0046505515
2.655536e-07,-0.0046706572
2.656536e-07,-0.0046728114
2.657536e-07,-0.0046598863
2.658536e-07,-0.0046390625
2.659536e-07,-0.0046196749
2.660536e-07,-0.0046074678
2.661536e-07,-0.0046031595
2.662536e-07,-0.0046045956
2.663536e-07,-0.0046081859
2.664536e-07,-0.0046117762
2.665536e-07,-0.0046182387
2.666536e-07,-0.0046275735
2.667536e-07,-0.0046412167
2.668536e-07,-0.004656296
2.669536e-07,-0.004668503
2.670536e-07,-0.0046735294
2.671536e-07,-0.0046699391
2.672536e-07,-0.0046591682
2.673536e-07,-0.0046476792
2.674536e-07,-0.0046390625
2.675536e-07,-0.0046369083
2.676536e-07,-0.0046404986
2.677536e-07,-0.004645525
2.678536e-07,-0.0046505515
2.679536e-07,-0.0046534237
2.680536e-07,-0.004657014
2.681536e-07,-0.0046627585
2.682536e-07,-0.0046735294
2.683536e-07,-0.0046857364
2.684536e-07,-0.0046950712
2.685536e-07,-0.0046957893
2.686536e-07,-0.0046850184
2.687536e-07,-0.0046670669
2.688536e-07,-0.0046483973
2.689536e-07,-0.0046376264
2.690536e-07,-0.0046390625
2.691536e-07,-0.0046505515
2.692536e-07,-0.0046641946
2.693536e-07,-0.0046699391
2.694536e-07,-0.0046620404
2.695536e-07,-0.0046404986
2.696536e-07,-0.0046132123
2.697536e-07,-0.0045909524
2.698536e-07,-0.0045816176
2.699536e-07,-0.004585208
2.700536e-07,-0.0045966969
2.701536e-07,-0.0046053136
2.702536e-07,-0.0046045956
2.703536e-07,-0.0045938247
2.704536e-07,-0.0045794635
2.705536e-07,-0.0045694106
2.706536e-07,-0.0045701287
2.707536e-07,-0.0045794635
2.708536e-07,-0.0045887983
2.709536e-07,-0.0045880802
2.710536e-07,-0.0045701287
2.711536e-07,-0.0045370979
2.712536e-07,-0.0045004768
2.713536e-07,-0.0044731905
2.714536e-07,-0.0044667279
2.715536e-07,-0.0044810892
2.716536e-07,-0.0045062213
2.717536e-07,-0.0045284812
2.718536e-07,-0.0045356618
2.719536e-07,-0.0045248909
2.720536e-07,-0.0045040671
2.721536e-07,-0.0044882698
2.722536e-07,-0.0044897059
2.723536e-07,-0.0045126838
2.724536e-07,-0.0045485869
2.725536e-07,-0.0045837718
2.726536e-07,-0.0046045956
2.727536e-07,-0.0046038775
2.728536e-07,-0.0045873621
2.729536e-07,-0.0045679745
2.730536e-07,-0.0045586397
2.731536e-07,-0.0045672564
2.732536e-07,-0.0045902344
2.733536e-07,-0.0046182387
2.734536e-07,-0.0046390625
2.735536e-07,-0.0046462431
2.736536e-07,-0.0046404986
2.737536e-07,-0.0046318819
2.738536e-07,-0.0046275735
2.739536e-07,-0.0046311638
2.740536e-07,-0.0046397806
2.741536e-07,-0.004644807
2.742536e-07,-0.0046390625
2.743536e-07,-0.0046225471
2.744536e-07,-0.0046024414
2.745536e-07,-0.0045895163
2.746536e-07,-0.0045931066
2.747536e-07,-0.0046139304
2.748536e-07,-0.0046426528
2.749536e-07,-0.0046663488
2.750536e-07,-0.0046735294
2.751536e-07,-0.0046620404
2.752536e-07,-0.0046404986
2.753536e-07,-0.004621111
2.754536e-07,-0.0046160846
2.755536e-07,-0.0046282916
2.756536e-07,-0.0046512695
2.757536e-07,-0.0046699391
2.758536e-07,-0.0046735294
2.759536e-07,-0.0046591682
2.760536e-07,-0.0046361903
2.761536e-07,-0.0046175207
2.762536e-07,-0.0046160846
2.763536e-07,-0.0046354722
2.764536e-07,-0.0046677849
2.765536e-07,-0.0046965074
2.766536e-07,-0.0047079963
2.767536e-07,-0.0046986615
2.768536e-07,-0.0046756836
2.769536e-07,-0.0046548598
2.770536e-07,-0.0046505515
2.771536e-07,-0.004669221
2.772536e-07,-0.0047029699
2.773536e-07,-0.0047367187
2.774536e-07,-0.0047539522
2.775536e-07,-0.0047482077
2.776536e-07,-0.0047252298
2.777536e-07,-0.0046986615
2.778536e-07,-0.0046850184
2.779536e-07,-0.0046914809
2.780536e-07,-0.0047144589
2.781536e-07,-0.0047403091
2.782536e-07,-0.0047539522
2.783536e-07,-0.0047482077
2.784536e-07,-0.0047259478
2.785536e-07,-0.0047000977
2.786536e-07,-0.0046850184
2.787536e-07,-0.0046878906
2.788536e-07,-0.0047058421
2.789536e-07,-0.0047288201
2.790536e-07,-0.0047424632
2.791536e-07,-0.0047410271
2.792536e-07,-0.004727384
2.793536e-07,-0.0047123047
2.794536e-07,-0.0047079963
2.795536e-07,-0.0047187672
2.796536e-07,-0.0047403091
2.797536e-07,-0.0047604148
2.798536e-07,-0.0047654412
2.799536e-07,-0.00475108
2.800536e-07,-0.0047216395
2.801536e-07,-0.0046907629
2.802536e-07,-0.0046735294
2.803536e-07,-0.0046771197
2.804536e-07,-0.0046986615
2.805536e-07,-0.0047252298
2.806536e-07,-0.0047424632
2.807536e-07,-0.0047424632
2.808536e-07,-0.0047252298
2.809536e-07,-0.0047022518
2.810536e-07,-0.0046850184
2.811536e-07,-0.0046828642
2.812536e-07,-0.0046950712
2.813536e-07,-0.0047137408
2.814536e-07,-0.0047309743
2.815536e-07,-0.004739591
2.816536e-07,-0.0047424632
2.817536e-07,-0.0047446174
2.818536e-07,-0.0047539522
2.819536e-07,-0.0047711857
2.820536e-07,-0.0047912914
2.821536e-07,-0.0048034984
2.822536e-07,-0.0047999081
2.823536e-07,-0.0047790843
2.824536e-07,-0.0047496438
2.825536e-07,-0.0047259478
2.826536e-07,-0.0047194853
2.827536e-07,-0.0047338465
2.828536e-07,-0.0047618509
2.829536e-07,-0.0047884191
2.830536e-07,-0.0047999081
2.831536e-07,-0.0047898552
2.832536e-07,-0.004763287
2.833536e-07,-0.0047345646
2.834536e-07,-0.0047194853
2.835536e-07,-0.0047245117
2.836536e-07,-0.0047467716
2.837536e-07,-0.0047726218
2.838536e-07,-0.0047884191
2.839536e-07,-0.0047848288
2.840536e-07,-0.0047640051
2.841536e-07,-0.0047374368
2.842536e-07,-0.0047194853
2.843536e-07,-0.0047194853
2.844536e-07,-0.0047360007
2.845536e-07,-0.0047596967
2.846536e-07,-0.0047769301
2.847536e-07,-0.0047790843
2.848536e-07,-0.0047661592
2.849536e-07,-0.0047460535
2.850536e-07,-0.0047309743
2.851536e-07,-0.0047302562
2.852536e-07,-0.0047453355
2.853536e-07,-0.0047683134
2.854536e-07,-0.0047884191
2.855536e-07,-0.0047977539
2.856536e-07,-0.0047955997
2.857536e-07,-0.0047855469
2.858536e-07,-0.0047769301
2.859536e-07,-0.0047769301
2.860536e-07,-0.0047855469
2.861536e-07,-0.0047999081
2.862536e-07,-0.0048113971
2.863536e-07,-0.0048157054
2.864536e-07,-0.0048128332
2.865536e-07,-0.0048056526
2.866536e-07,-0.0047999081
2.867536e-07,-0.004798472
2.868536e-07,-0.004798472
2.869536e-07,-0.0047970358
2.870536e-07,-0.0047884191
2.871536e-07,-0.0047733398
2.872536e-07,-0.0047553883
2.873536e-07,-0.0047438994
2.874536e-07,-0.0047424632
2.875536e-07,-0.0047525161
2.876536e-07,-0.0047683134
2.877536e-07,-0.0047790843
2.878536e-07,-0.0047769301
2.879536e-07,-0.0047604148
2.880536e-07,-0.0047345646
2.881536e-07,-0.0047101505
2.882536e-07,-0.0046965074
2.883536e-07,-0.0046972254
2.884536e-07,-0.0047072783
2.885536e-07,-0.0047180492
2.886536e-07,-0.0047194853
2.887536e-07,-0.0047079963
2.888536e-07,-0.0046864545
2.889536e-07,-0.0046641946
2.890536e-07,-0.0046505515
2.891536e-07,-0.0046491153
2.892536e-07,-0.0046577321
2.893536e-07,-0.004668503
2.894536e-07,-0.0046735294
2.895536e-07,-0.0046699391
2.896536e-07,-0.0046598863
2.897536e-07,-0.0046512695
2.898536e-07,-0.0046505515
2.899536e-07,-0.0046606043
2.900536e-07,-0.0046764017
2.901536e-07,-0.0046907629
2.902536e-07,-0.0046965074
2.903536e-07,-0.004692199
2.904536e-07,-0.0046814281
2.905536e-07,-0.0046735294
2.906536e-07,-0.0046735294
2.907536e-07,-0.0046828642
2.908536e-07,-0.0046950712
2.909536e-07,-0.0047015338
2.910536e-07,-0.0046965074
2.911536e-07,-0.004679992
2.912536e-07,-0.0046598863
2.913536e-07,-0.0046476792
2.914536e-07,-0.0046505515
2.915536e-07,-0.004669221
2.916536e-07,-0.0046950712
2.917536e-07,-0.0047151769
2.918536e-07,-0.0047194853
2.919536e-07,-0.0047065602
2.920536e-07,-0.0046843003
2.921536e-07,-0.0046656307
2.922536e-07,-0.0046620404
2.923536e-07,-0.0046771197
2.924536e-07,-0.004704406
2.925536e-07,-0.0047302562
2.926536e-07,-0.0047424632
2.927536e-07,-0.0047360007
2.928536e-07,-0.004715895
2.929536e-07,-0.0046950712
2.930536e-07,-0.0046850184
2.931536e-07,-0.004692199
2.932536e-07,-0.0047130227
2.933536e-07,-0.0047374368
2.934536e-07,-0.0047539522
2.935536e-07,-0.0047582606
2.936536e-07,-0.0047532341
2.937536e-07,-0.0047489258
2.938536e-07,-0.0047539522
2.939536e-07,-0.0047719037
2.940536e-07,-0.004798472
2.941536e-07,-0.004822168
2.942536e-07,-0.004834375
2.943536e-07,-0.0048315028
2.944536e-07,-0.0048200138
2.945536e-07,-0.0048099609
2.946536e-07,-0.0048113971
2.947536e-07,-0.0048279125
2.948536e-07,-0.0048530446
2.949536e-07,-0.0048738683
2.950536e-07,-0.0048803309
2.951536e-07,-0.0048681239
2.952536e-07,-0.0048422737
2.953536e-07,-0.0048164235
2.954536e-07,-0.0047999081
2.955536e-07,-0.00479919
2.956536e-07,-0.0048092429
2.957536e-07,-0.0048207318
2.958536e-07,-0.004822886
2.959536e-07,-0.0048128332
2.960536e-07,-0.0047955997
2.961536e-07,-0.0047805205
2.962536e-07,-0.0047769301
2.963536e-07,-0.004786983
2.964536e-07,-0.0048027803
2.965536e-07,-0.0048142693
2.966536e-07,-0.0048113971
2.967536e-07,-0.0047941636
2.968536e-07,-0.0047719037
2.969536e-07,-0.0047582606
2.970536e-07,-0.0047654412
2.971536e-07,-0.0047948817
2.972536e-07,-0.0048358111
2.973536e-07,-0.0048731503
2.974536e-07,-0.0048918199
2.975536e-07,-0.0048853573
2.976536e-07,-0.0048623794
2.977536e-07,-0.0048358111
2.978536e-07,-0.004822886
2.979536e-07,-0.0048300666
2.980536e-07,-0.0048523265
2.981536e-07,-0.0048774586
2.982536e-07,-0.0048918199
2.983536e-07,-0.0048889476
2.984536e-07,-0.0048738683
2.985536e-07,-0.0048595071
2.986536e-07,-0.0048573529
2.987536e-07,-0.0048738683
2.988536e-07,-0.0049040269
2.989536e-07,-0.0049341854
2.990536e-07,-0.0049492647
2.991536e-07,-0.0049428022
2.992536e-07,-0.0049191062
2.993536e-07,-0.0048896657
2.994536e-07,-0.0048688419
2.995536e-07,-0.0048638155
2.996536e-07,-0.0048731503
2.997536e-07,-0.0048860754
2.998536e-07,-0.0048918199
2.999536e-07,-0.0048839212
3.000536e-07,-0.0048652516
3.001536e-07,-0.0048451459
3.002536e-07,-0.004834375
3.003536e-07,-0.0048358111
3.004536e-07,-0.004845864
3.005536e-07,-0.0048523265
3.006536e-07,-0.004845864
3.007536e-07,-0.004822886
3.008536e-07,-0.0047891372
3.009536e-07,-0.0047582606
3.010536e-07,-0.0047424632
3.011536e-07,-0.0047460535
3.012536e-07,-0.0047640051
3.013536e-07,-0.0047819566
3.014536e-07,-0.0047884191
3.015536e-07,-0.0047769301
3.016536e-07,-0.0047532341
3.017536e-07,-0.0047295381
3.018536e-07,-0.0047194853
3.019536e-07,-0.0047288201
3.020536e-07,-0.0047532341
3.021536e-07,-0.0047776482
3.022536e-07,-0.0047884191
3.023536e-07,-0.0047783663
3.024536e-07,-0.0047503619
3.025536e-07,-0.0047180492
3.026536e-07,-0.0046965074
3.027536e-07,-0.0046950712
3.028536e-07,-0.0047130227
3.029536e-07,-0.0047410271
3.030536e-07,-0.0047654412
3.031536e-07,-0.0047783663
3.032536e-07,-0.0047790843
3.033536e-07,-0.004775494
3.034536e-07,-0.0047769301
3.035536e-07,-0.0047891372
3.036536e-07,-0.004810679
3.037536e-07,-0.0048329389
3.038536e-07,-0.004845864
3.039536e-07,-0.0048451459
3.040536e-07,-0.004834375
3.041536e-07,-0.0048236041
3.042536e-07,-0.004822886
3.043536e-07,-0.0048379653
3.044536e-07,-0.0048652516
3.045536e-07,-0.0048946921
3.046536e-07,-0.0049147978
3.047536e-07,-0.0049191062
3.048536e-07,-0.0049104894
3.049536e-07,-0.0048975643
3.050536e-07,-0.0048918199
3.051536e-07,-0.0049004366
3.052536e-07,-0.0049205423
3.053536e-07,-0.0049442383
3.054536e-07,-0.0049607537
3.055536e-07,-0.0049629079
3.056536e-07,-0.0049521369
3.057536e-07,-0.0049363396
3.058536e-07,-0.0049262868
3.059536e-07,-0.0049277229
3.060536e-07,-0.004941366
3.061536e-07,-0.0049585995
3.062536e-07,-0.0049722426
3.063536e-07,-0.0049751149
3.064536e-07,-0.0049686523
3.065536e-07,-0.0049571634
3.066536e-07,-0.0049492647
3.067536e-07,-0.0049478286
3.068536e-07,-0.0049514189
3.069536e-07,-0.0049542911
3.070536e-07,-0.0049492647
3.071536e-07,-0.0049341854
3.072536e-07,-0.0049126436
3.073536e-07,-0.0048918199
3.074536e-07,-0.0048803309
3.075536e-07,-0.0048810489
3.076536e-07,-0.0048903837
3.077536e-07,-0.0049004366
3.078536e-07,-0.0049033088
3.079536e-07,-0.0048961282
3.080536e-07,-0.0048824851
3.081536e-07,-0.0048709961
3.082536e-07,-0.0048688419
3.083536e-07,-0.0048788948
3.084536e-07,-0.0048968463
3.085536e-07,-0.0049119256
3.086536e-07,-0.0049147978
3.087536e-07,-0.0049025908
3.088536e-07,-0.0048796128
3.089536e-07,-0.0048573529
3.090536e-07,-0.004845864
3.091536e-07,-0.0048516085
3.092536e-07,-0.0048717142
3.093536e-07,-0.0048968463
3.094536e-07,-0.0049147978
3.095536e-07,-0.0049191062
3.096536e-07,-0.0049090533
3.097536e-07,-0.004893256
3.098536e-07,-0.0048803309
3.099536e-07,-0.0048774586
3.100536e-07,-0.0048853573
3.101536e-07,-0.0048968463
3.102536e-07,-0.0049033088
3.103536e-07,-0.0048997185
3.104536e-07,-0.0048846392
3.105536e-07,-0.0048638155
3.106536e-07,-0.004845864
3.107536e-07,-0.0048350931
3.108536e-07,-0.0048329389
3.109536e-07,-0.004834375
3.110536e-07,-0.004834375
3.111536e-07,-0.0048286305
3.112536e-07,-0.0048178596
3.113536e-07,-0.0048063706
3.114536e-07,-0.0047999081
3.115536e-07,-0.0048020623
3.116536e-07,-0.0048099609
3.117536e-07,-0.0048192957
3.118536e-07,-0.004822886
3.119536e-07,-0.0048178596
3.120536e-07,-0.0048049345
3.121536e-07,-0.0047898552
3.122536e-07,-0.0047769301
3.123536e-07,-0.0047704676
3.124536e-07,-0.0047704676
3.125536e-07,-0.0047733398
3.126536e-07,-0.0047769301
3.127536e-07,-0.0047805205
3.128536e-07,-0.0047855469
3.129536e-07,-0.0047955997
3.130536e-07,-0.0048113971
3.131536e-07,-0.0048315028
3.132536e-07,-0.0048487362
3.133536e-07,-0.0048587891
3.134536e-07,-0.0048573529
3.135536e-07,-0.0048480182
3.136536e-07,-0.0048372472
3.137536e-07,-0.0048350931
3.138536e-07,-0.004845864
3.139536e-07,-0.0048681239
3.140536e-07,-0.004893256
3.141536e-07,-0.0049112075
3.142536e-07,-0.0049147978
3.143536e-07,-0.0049047449
3.144536e-07,-0.0048896657
3.145536e-07,-0.0048781767
3.146536e-07,-0.0048803309
3.147536e-07,-0.0048954102
3.148536e-07,-0.004916952
3.149536e-07,-0.0049334674
3.150536e-07,-0.0049377757
3.151536e-07,-0.0049284409
3.152536e-07,-0.0049133617
3.153536e-07,-0.0049018727
3.154536e-07,-0.0049033088
3.155536e-07,-0.0049183881
3.156536e-07,-0.0049384938
3.157536e-07,-0.0049521369
3.158536e-07,-0.0049492647
3.159536e-07,-0.004929159
3.160536e-07,-0.0048982824
3.161536e-07,-0.0048709961
3.162536e-07,-0.0048573529
3.163536e-07,-0.0048616613
3.164536e-07,-0.0048788948
3.165536e-07,-0.0048961282
3.166536e-07,-0.0049033088
3.167536e-07,-0.0048961282
3.168536e-07,-0.0048796128
3.169536e-07,-0.0048638155
3.170536e-07,-0.0048573529
3.171536e-07,-0.0048638155
3.172536e-07,-0.0048760225
3.173536e-07,-0.0048846392
3.174536e-07,-0.0048803309
3.175536e-07,-0.0048602252
3.176536e-07,-0.0048322208
3.177536e-07,-0.0048085248
3.178536e-07,-0.0047999081
3.179536e-07,-0.004810679
3.180536e-07,-0.0048336569
3.181536e-07,-0.0048573529
3.182536e-07,-0.0048688419
3.183536e-07,-0.0048638155
3.184536e-07,-0.0048473001
3.185536e-07,-0.0048300666
3.186536e-07,-0.004822886
3.187536e-07,-0.0048300666
3.188536e-07,-0.004846582
3.189536e-07,-0.0048623794
3.190536e-07,-0.0048688419
3.191536e-07,-0.0048623794
3.192536e-07,-0.0048487362
3.193536e-07,-0.0048401195
3.194536e-07,-0.004845864
3.195536e-07,-0.0048681239
3.196536e-07,-0.0048997185
3.197536e-07,-0.0049270048
3.198536e-07,-0.0049377757
3.199536e-07,-0.0049284409
3.200536e-07,-0.0049068991
3.201536e-07,-0.0048860754
3.202536e-07,-0.0048803309
3.203536e-07,-0.0048946921
3.204536e-07,-0.0049219784
3.205536e-07,-0.0049492647
3.206536e-07,-0.0049607537
3.207536e-07,-0.0049507008
3.208536e-07,-0.0049248506
3.209536e-07,-0.0048961282
3.210536e-07,-0.0048803309
3.211536e-07,-0.0048867934
3.212536e-07,-0.0049126436
3.213536e-07,-0.0049463925
3.214536e-07,-0.0049722426
3.215536e-07,-0.0049815774
3.216536e-07,-0.0049743968
3.217536e-07,-0.0049593176
3.218536e-07,-0.0049492647
3.219536e-07,-0.0049514189
3.220536e-07,-0.0049657801
3.221536e-07,-0.0049837316
3.222536e-07,-0.0049952206
3.223536e-07,-0.0049937845
3.224536e-07,-0.0049815774
3.225536e-07,-0.0049672162
3.226536e-07,-0.0049607537
3.227536e-07,-0.0049686523
3.228536e-07,-0.004988758
3.229536e-07,-0.005012454
3.230536e-07,-0.0050296875
3.231536e-07,-0.0050339959
3.232536e-07,-0.0050260972
3.233536e-07,-0.0050138902
3.234536e-07,-0.0050067096
3.235536e-07,-0.0050095818
3.236536e-07,-0.0050217888
3.237536e-07,-0.005035432
3.238536e-07,-0.0050411765
3.239536e-07,-0.005035432
3.240536e-07,-0.0050203527
3.241536e-07,-0.0050045554
3.242536e-07,-0.0049952206
3.243536e-07,-0.0049973748
3.244536e-07,-0.0050088637
3.245536e-07,-0.0050225069
3.246536e-07,-0.0050296875
3.247536e-07,-0.0050282514
3.248536e-07,-0.0050203527
3.249536e-07,-0.0050153263
3.250536e-07,-0.0050181985
3.251536e-07,-0.0050318417
3.252536e-07,-0.0050497932
3.253536e-07,-0.0050634364
3.254536e-07,-0.0050641544
3.255536e-07,-0.0050497932
3.256536e-07,-0.0050282514
3.257536e-07,-0.0050095818
3.258536e-07,-0.0050067096
3.259536e-07,-0.0050225069
3.260536e-07,-0.0050512293
3.261536e-07,-0.0050806698
3.262536e-07,-0.0050986213
3.263536e-07,-0.0050979033
3.264536e-07,-0.0050813879
3.265536e-07,-0.0050584099
3.266536e-07,-0.0050411765
3.267536e-07,-0.0050368681
3.268536e-07,-0.0050447668
3.269536e-07,-0.0050569738
3.270536e-07,-0.0050641544
3.271536e-07,-0.005059128
3.272536e-07,-0.0050440487
3.273536e-07,-0.005023225
3.274536e-07,-0.0050067096
3.275536e-07,-0.0049980928
3.276536e-07,-0.0049973748
3.277536e-07,-0.0049980928
3.278536e-07,-0.0049952206
3.279536e-07,-0.0049858858
3.280536e-07,-0.0049722426
3.281536e-07,-0.0049621898
3.282536e-07,-0.0049607537
3.283536e-07,-0.0049693704
3.284536e-07,-0.0049830136
3.285536e-07,-0.0049937845
3.286536e-07,-0.0049952206
3.287536e-07,-0.0049851677
3.288536e-07,-0.0049686523
3.289536e-07,-0.0049542911
3.290536e-07,-0.0049492647
3.291536e-07,-0.0049542911
3.292536e-07,-0.004965062
3.293536e-07,-0.0049736788
3.294536e-07,-0.0049722426
3.295536e-07,-0.0049621898
3.296536e-07,-0.0049485466
3.297536e-07,-0.0049420841
3.298536e-07,-0.0049492647
3.299536e-07,-0.0049686523
3.300536e-07,-0.0049923483
3.301536e-07,-0.0050074276
3.302536e-07,-0.0050067096
3.303536e-07,-0.0049894761
3.304536e-07,-0.0049657801
3.305536e-07,-0.0049485466
3.306536e-07,-0.0049492647
3.307536e-07,-0.0049686523
3.308536e-07,-0.0049980928
3.309536e-07,-0.0050225069
3.310536e-07,-0.0050296875
3.311536e-07,-0.0050153263
3.312536e-07,-0.00498804
3.313536e-07,-0.0049614717
3.314536e-07,-0.0049492647
3.315536e-07,-0.0049571634
3.316536e-07,-0.0049787052
3.317536e-07,-0.005000247
3.318536e-07,-0.0050067096
3.319536e-07,-0.0049916303
3.320536e-07,-0.0049578814
3.321536e-07,-0.0049198242
3.322536e-07,-0.0048918199
3.323536e-07,-0.004881767
3.324536e-07,-0.0048896657
3.325536e-07,-0.0049047449
3.326536e-07,-0.0049147978
3.327536e-07,-0.0049133617
3.328536e-07,-0.0049011546
3.329536e-07,-0.0048867934
3.330536e-07,-0.0048803309
3.331536e-07,-0.0048867934
3.332536e-07,-0.0049033088
3.333536e-07,-0.0049198242
3.334536e-07,-0.0049262868
3.335536e-07,-0.00491767
3.336536e-07,-0.0048982824
3.337536e-07,-0.0048781767
3.338536e-07,-0.0048688419
3.339536e-07,-0.0048767406
3.340536e-07,-0.0048982824
3.341536e-07,-0.0049226965
3.342536e-07,-0.0049377757
3.343536e-07,-0.0049356216
3.344536e-07,-0.0049183881
3.345536e-07,-0.0048954102
3.346536e-07,-0.0048803309
3.347536e-07,-0.0048803309
3.348536e-07,-0.0048954102
3.349536e-07,-0.0049183881
3.350536e-07,-0.0049377757
3.351536e-07,-0.0049449563
3.352536e-07,-0.0049392119
3.353536e-07,-0.0049262868
3.354536e-07,-0.0049147978
3.355536e-07,-0.0049126436
3.356536e-07,-0.0049212603
3.357536e-07,-0.0049356216
3.358536e-07,-0.0049492647
3.359536e-07,-0.0049571634
3.360536e-07,-0.0049593176
3.361536e-07,-0.0049585995
3.362536e-07,-0.0049607537
3.363536e-07,-0.0049672162
3.364536e-07,-0.004975833
3.365536e-07,-0.0049830136
3.366536e-07,-0.0049837316
3.367536e-07,-0.0049779871
3.368536e-07,-0.0049715246
3.369536e-07,-0.0049715246
3.370536e-07,-0.0049837316
3.371536e-07,-0.0050081457
3.372536e-07,-0.0050375862
3.373536e-07,-0.0050634364
3.374536e-07,-0.0050756434
3.375536e-07,-0.0050720531
3.376536e-07,-0.0050569738
3.377536e-07,-0.0050397403
3.378536e-07,-0.0050296875
3.379536e-07,-0.0050296875
3.380536e-07,-0.0050368681
3.381536e-07,-0.0050433307
3.382536e-07,-0.0050411765
3.383536e-07,-0.0050282514
3.384536e-07,-0.0050088637
3.385536e-07,-0.0049916303
3.386536e-07,-0.0049837316
3.387536e-07,-0.0049873219
3.388536e-07,-0.0049980928
3.389536e-07,-0.0050074276
3.390536e-07,-0.0050067096
3.391536e-07,-0.0049945025
3.392536e-07,-0.0049751149
3.393536e-07,-0.0049578814
3.394536e-07,-0.0049492647
3.395536e-07,-0.0049499828
3.396536e-07,-0.0049550092
3.397536e-07,-0.004952855
3.398536e-07,-0.0049377757
3.399536e-07,-0.0049090533
3.400536e-07,-0.0048767406
3.401536e-07,-0.0048516085
3.402536e-07,-0.004845864
3.403536e-07,-0.0048602252
3.404536e-07,-0.0048860754
3.405536e-07,-0.0049090533
3.406536e-07,-0.0049147978
3.407536e-07,-0.0048990005
3.408536e-07,-0.0048674058
3.409536e-07,-0.0048365292
3.410536e-07,-0.004822886
3.411536e-07,-0.004834375
3.412536e-07,-0.0048688419
3.413536e-07,-0.0049133617
3.414536e-07,-0.0049492647
3.415536e-07,-0.004965062
3.416536e-07,-0.0049578814
3.417536e-07,-0.0049370577
3.418536e-07,-0.0049147978
3.419536e-07,-0.0049047449
3.420536e-07,-0.0049126436
3.421536e-07,-0.0049341854
3.422536e-07,-0.0049607537
3.423536e-07,-0.0049837316
3.424536e-07,-0.0049973748
3.425536e-07,-0.0050031193
3.426536e-07,-0.0050067096
3.427536e-07,-0.005012454
3.428536e-07,-0.0050210708
3.429536e-07,-0.0050325597
3.430536e-07,-0.0050411765
3.431536e-07,-0.0050454848
3.432536e-07,-0.0050454848
3.433536e-07,-0.0050462029
3.434536e-07,-0.0050526654
3.435536e-07,-0.0050670267
3.436536e-07,-0.0050878504
3.437536e-07,-0.0051115464
3.438536e-07,-0.0051330882
3.439536e-07,-0.0051488856
3.440536e-07,-0.0051603745
3.441536e-07,-0.0051697093
3.442536e-07,-0.0051790441
3.443536e-07,-0.0051883789
3.444536e-07,-0.0051955595
3.445536e-07,-0.0051969956
3.446536e-07,-0.0051905331
3.447536e-07,-0.0051804802
3.448536e-07,-0.0051732996
3.449536e-07,-0.0051754538
3.450536e-07,-0.0051905331
3.451536e-07,-0.0052149472
3.452536e-07,-0.0052407973
3.453536e-07,-0.0052573127
3.454536e-07,-0.0052594669
3.455536e-07,-0.005248696
3.456536e-07,-0.0052343348
3.457536e-07,-0.0052278722
3.458536e-07,-0.005236489
3.459536e-07,-0.005260185
3.460536e-07,-0.0052896255
3.461536e-07,-0.0053118853
3.462536e-07,-0.0053169118
3.463536e-07,-0.0053025506
3.464536e-07,-0.0052767004
3.465536e-07,-0.0052508502
3.466536e-07,-0.005236489
3.467536e-07,-0.005237207
3.468536e-07,-0.0052501321
3.469536e-07,-0.0052637753
3.470536e-07,-0.0052709559
3.471536e-07,-0.0052680836
3.472536e-07,-0.0052594669
3.473536e-07,-0.0052544405
3.474536e-07,-0.0052594669
3.475536e-07,-0.0052752642
3.476536e-07,-0.0052939338
3.477536e-07,-0.0053068589
3.478536e-07,-0.0053054228
3.479536e-07,-0.0052903435
3.480536e-07,-0.0052695198
3.481536e-07,-0.0052558766
3.482536e-07,-0.0052594669
3.483536e-07,-0.0052795726
3.484536e-07,-0.005307577
3.485536e-07,-0.0053276827
3.486536e-07,-0.0053284007
3.487536e-07,-0.0053068589
3.488536e-07,-0.005272392
3.489536e-07,-0.0052400793
3.490536e-07,-0.005225
3.491536e-07,-0.0052321806
3.492536e-07,-0.0052558766
3.493536e-07,-0.0052817268
3.494536e-07,-0.0052939338
3.495536e-07,-0.0052853171
3.496536e-07,-0.005260185
3.497536e-07,-0.0052314625
3.498536e-07,-0.005213511
3.499536e-07,-0.0052142291
3.500536e-07,-0.0052321806
3.501536e-07,-0.0052551585
3.502536e-07,-0.0052709559
3.503536e-07,-0.0052709559
3.504536e-07,-0.0052565947
3.505536e-07,-0.005237207
3.506536e-07,-0.005225
3.507536e-07,-0.0052271542
3.508536e-07,-0.0052422335
3.509536e-07,-0.005260185
3.510536e-07,-0.0052709559
3.511536e-07,-0.0052666475
3.512536e-07,-0.0052494141
3.513536e-07,-0.0052278722
3.514536e-07,-0.005213511
3.515536e-07,-0.005213511
3.516536e-07,-0.0052278722
3.517536e-07,-0.0052465418
3.518536e-07,-0.0052594669
3.519536e-07,-0.0052580308
3.520536e-07,-0.0052429515
3.521536e-07,-0.0052206916
3.522536e-07,-0.0052020221
3.523536e-07,-0.0051941234
3.524536e-07,-0.0051991498
3.525536e-07,-0.0052113568
3.526536e-07,-0.005225
3.527536e-07,-0.0052336167
3.528536e-07,-0.0052379251
3.529536e-07,-0.0052407973
3.530536e-07,-0.0052479779
3.531536e-07,-0.0052623392
3.532536e-07,-0.0052802907
3.533536e-07,-0.0052968061
3.534536e-07,-0.0053054228
3.535536e-07,-0.0053047047
3.536536e-07,-0.0052982422
3.537536e-07,-0.0052924977
3.538536e-07,-0.0052939338
3.539536e-07,-0.0053039867
3.540536e-07,-0.0053176298
3.541536e-07,-0.0053284007
3.542536e-07,-0.0053284007
3.543536e-07,-0.0053176298
3.544536e-07,-0.0053003964
3.545536e-07,-0.0052867532
3.546536e-07,-0.0052824449
3.547536e-07,-0.0052896255
3.548536e-07,-0.0053018325
3.549536e-07,-0.0053097312
3.550536e-07,-0.0053054228
3.551536e-07,-0.0052874713
3.552536e-07,-0.0052637753
3.553536e-07,-0.0052429515
3.554536e-07,-0.005236489
3.555536e-07,-0.0052451057
3.556536e-07,-0.0052637753
3.557536e-07,-0.0052795726
3.558536e-07,-0.0052824449
3.559536e-07,-0.0052695198
3.560536e-07,-0.0052458238
3.561536e-07,-0.0052235639
3.562536e-07,-0.005213511
3.563536e-07,-0.0052199736
3.564536e-07,-0.0052393612
3.565536e-07,-0.005260185
3.566536e-07,-0.0052709559
3.567536e-07,-0.0052666475
3.568536e-07,-0.0052508502
3.569536e-07,-0.0052336167
3.570536e-07,-0.005225
3.571536e-07,-0.0052307445
3.572536e-07,-0.0052472599
3.573536e-07,-0.0052644933
3.574536e-07,-0.0052709559
3.575536e-07,-0.0052616211
3.576536e-07,-0.0052393612
3.577536e-07,-0.0052149472
3.578536e-07,-0.0052020221
3.579536e-07,-0.0052077665
3.580536e-07,-0.0052314625
3.581536e-07,-0.0052637753
3.582536e-07,-0.0052939338
3.583536e-07,-0.0053111673
3.584536e-07,-0.0053140395
3.585536e-07,-0.0053054228
3.586536e-07,-0.0052939338
3.587536e-07,-0.0052867532
3.588536e-07,-0.0052860352
3.589536e-07,-0.0052896255
3.590536e-07,-0.0052939338
3.591536e-07,-0.0052968061
3.592536e-07,-0.0052996783
3.593536e-07,-0.0053054228
3.594536e-07,-0.0053169118
3.595536e-07,-0.0053327091
3.596536e-07,-0.0053477884
3.597536e-07,-0.005355687
3.598536e-07,-0.0053513787
3.599536e-07,-0.0053355813
3.600536e-07,-0.0053169118
3.601536e-07,-0.0053039867
3.602536e-07,-0.0053054228
3.603536e-07,-0.0053226563
3.604536e-07,-0.0053492245
3.605536e-07,-0.0053736386
3.606536e-07,-0.0053858456
3.607536e-07,-0.0053829733
3.608536e-07,-0.0053693302
3.609536e-07,-0.005355687
3.610536e-07,-0.0053513787
3.611536e-07,-0.0053621496
3.612536e-07,-0.0053844095
3.613536e-07,-0.0054109777
3.614536e-07,-0.0054318015
3.615536e-07,-0.0054425724
3.616536e-07,-0.0054461627
3.617536e-07,-0.0054475988
3.618536e-07,-0.0054547794
3.619536e-07,-0.0054684226
3.620536e-07,-0.0054820657
3.621536e-07,-0.0054878102
3.622536e-07,-0.0054777574
3.623536e-07,-0.005450471
3.624536e-07,-0.0054131319
3.625536e-07,-0.005379383
3.626536e-07,-0.0053628676
3.627536e-07,-0.0053686121
3.628536e-07,-0.0053923081
3.629536e-07,-0.0054217486
3.630536e-07,-0.0054432904
3.631536e-07,-0.0054475988
3.632536e-07,-0.0054332376
3.633536e-07,-0.0054095416
3.634536e-07,-0.0053858456
3.635536e-07,-0.0053714844
3.636536e-07,-0.0053686121
3.637536e-07,-0.0053722024
3.638536e-07,-0.0053743566
3.639536e-07,-0.0053678941
3.640536e-07,-0.0053528148
3.641536e-07,-0.0053334272
3.642536e-07,-0.0053169118
3.643536e-07,-0.005308295
3.644536e-07,-0.005308295
3.645536e-07,-0.0053133215
3.646536e-07,-0.0053169118
3.647536e-07,-0.0053147576
3.648536e-07,-0.0053054228
3.649536e-07,-0.0052932158
3.650536e-07,-0.0052824449
3.651536e-07,-0.0052752642
3.652536e-07,-0.0052709559
3.653536e-07,-0.0052666475
3.654536e-07,-0.0052594669
3.655536e-07,-0.0052494141
3.656536e-07,-0.0052400793
3.657536e-07,-0.0052343348
3.658536e-07,-0.005236489
3.659536e-07,-0.0052436696
3.660536e-07,-0.0052508502
3.661536e-07,-0.0052494141
3.662536e-07,-0.005236489
3.663536e-07,-0.005212793
3.664536e-07,-0.0051869428
3.665536e-07,-0.0051689913
3.666536e-07,-0.0051675551
3.667536e-07,-0.0051826344
3.668536e-07,-0.0052063304
3.669536e-07,-0.0052278722
3.670536e-07,-0.005236489
3.671536e-07,-0.0052278722
3.672536e-07,-0.0052084846
3.673536e-07,-0.0051883789
3.674536e-07,-0.0051790441
3.675536e-07,-0.0051869428
3.676536e-07,-0.0052099207
3.677536e-07,-0.0052379251
3.678536e-07,-0.0052594669
3.679536e-07,-0.0052680836
3.680536e-07,-0.0052630572
3.681536e-07,-0.0052537224
3.682536e-07,-0.0052479779
3.683536e-07,-0.0052537224
3.684536e-07,-0.0052716739
3.685536e-07,-0.0052953699
3.686536e-07,-0.0053169118
3.687536e-07,-0.0053298369
3.688536e-07,-0.005331991
3.689536e-07,-0.0053291188
3.690536e-07,-0.0053284007
3.691536e-07,-0.0053348633
3.692536e-07,-0.0053492245
3.693536e-07,-0.0053678941
3.694536e-07,-0.0053858456
3.695536e-07,-0.0053973346
3.696536e-07,-0.0054016429
3.697536e-07,-0.0054002068
3.698536e-07,-0.0053973346
3.699536e-07,-0.0053951804
3.700536e-07,-0.0053944623
3.701536e-07,-0.0053915901
3.702536e-07,-0.0053858456
3.703536e-07,-0.0053765108
3.704536e-07,-0.005366458
3.705536e-07,-0.0053607135
3.706536e-07,-0.0053628676
3.707536e-07,-0.0053722024
3.708536e-07,-0.0053844095
3.709536e-07,-0.0053944623
3.710536e-07,-0.0053973346
3.711536e-07,-0.0053930262
3.712536e-07,-0.0053858456
3.713536e-07,-0.0053822553
3.714536e-07,-0.0053858456
3.715536e-07,-0.0053966165
3.716536e-07,-0.0054088235
3.717536e-07,-0.005414568
3.718536e-07,-0.0054088235
3.719536e-07,-0.0053915901
3.720536e-07,-0.0053678941
3.721536e-07,-0.0053485064
3.722536e-07,-0.0053398897
3.723536e-07,-0.0053427619
3.724536e-07,-0.0053528148
3.725536e-07,-0.0053578412
3.726536e-07,-0.0053513787
3.727536e-07,-0.0053298369
3.728536e-07,-0.0052982422
3.729536e-07,-0.0052673656
3.730536e-07,-0.0052479779
3.731536e-07,-0.0052443876
3.732536e-07,-0.0052530044
3.733536e-07,-0.0052652114
3.734536e-07,-0.0052709559
3.735536e-07,-0.0052630572
3.736536e-07,-0.0052415154
3.737536e-07,-0.0052142291
3.738536e-07,-0.0051905331
3.739536e-07,-0.0051768899
3.740536e-07,-0.0051761719
3.741536e-07,-0.0051826344
3.742536e-07,-0.0051905331
3.743536e-07,-0.0051941234
3.744536e-07,-0.0051919692
3.745536e-07,-0.0051862247
3.746536e-07,-0.0051790441
3.747536e-07,-0.0051732996
3.748536e-07,-0.0051689913
3.749536e-07,-0.0051632468
3.750536e-07,-0.0051560662
3.751536e-07,-0.0051474494
3.752536e-07,-0.005141705
3.753536e-07,-0.0051438591
3.754536e-07,-0.0051560662
3.755536e-07,-0.0051754538
3.756536e-07,-0.0051962776
3.757536e-07,-0.0052106388
3.758536e-07,-0.005213511
3.759536e-07,-0.0052077665
3.760536e-07,-0.0051991498
3.761536e-07,-0.0051991498
3.762536e-07,-0.005213511
3.763536e-07,-0.0052422335
3.764536e-07,-0.0052781365
3.765536e-07,-0.0053097312
3.766536e-07,-0.0053284007
3.767536e-07,-0.005331273
3.768536e-07,-0.0053240924
3.769536e-07,-0.0053161937
3.770536e-07,-0.0053169118
3.771536e-07,-0.0053305549
3.772536e-07,-0.0053535329
3.773536e-07,-0.005378665
3.774536e-07,-0.0053973346
3.775536e-07,-0.0054066693
3.776536e-07,-0.0054088235
3.777536e-07,-0.0054109777
3.778536e-07,-0.0054203125
3.779536e-07,-0.005437546
3.780536e-07,-0.0054598058
3.781536e-07,-0.0054791935
3.782536e-07,-0.0054892463
3.783536e-07,-0.0054885283
3.784536e-07,-0.0054820657
3.785536e-07,-0.0054763212
3.786536e-07,-0.0054777574
3.787536e-07,-0.0054863741
3.788536e-07,-0.0054964269
3.789536e-07,-0.0054985811
3.790536e-07,-0.0054892463
3.791536e-07,-0.0054684226
3.792536e-07,-0.0054447266
3.793536e-07,-0.0054303653
3.794536e-07,-0.0054318015
3.795536e-07,-0.005449753
3.796536e-07,-0.005474167
3.797536e-07,-0.0054914005
3.798536e-07,-0.0054892463
3.799536e-07,-0.0054648323
3.800536e-07,-0.005426775
3.801536e-07,-0.0053879998
3.802536e-07,-0.0053628676
3.803536e-07,-0.0053578412
3.804536e-07,-0.0053678941
3.805536e-07,-0.0053822553
3.806536e-07,-0.0053858456
3.807536e-07,-0.0053729205
3.808536e-07,-0.0053456342
3.809536e-07,-0.0053154756
3.810536e-07,-0.0052939338
3.811536e-07,-0.0052889074
3.812536e-07,-0.0052996783
3.813536e-07,-0.0053169118
3.814536e-07,-0.0053284007
3.815536e-07,-0.0053262466
3.816536e-07,-0.0053090131
3.817536e-07,-0.005283881
3.818536e-07,-0.0052594669
3.819536e-07,-0.0052429515
3.820536e-07,-0.0052357709
3.821536e-07,-0.0052357709
3.822536e-07,-0.005236489
3.823536e-07,-0.005236489
3.824536e-07,-0.0052379251
3.825536e-07,-0.0052443876
3.826536e-07,-0.0052594669
3.827536e-07,-0.0052824449
3.828536e-07,-0.0053054228
3.829536e-07,-0.0053190659
3.830536e-07,-0.0053169118
3.831536e-07,-0.0052982422
3.832536e-07,-0.0052716739
3.833536e-07,-0.0052515682
3.834536e-07,-0.0052479779
3.835536e-07,-0.0052666475
3.836536e-07,-0.0053003964
3.837536e-07,-0.0053377355
3.838536e-07,-0.0053628676
3.839536e-07,-0.0053686121
3.840536e-07,-0.005355687
3.841536e-07,-0.0053348633
3.842536e-07,-0.0053169118
3.843536e-07,-0.0053111673
3.844536e-07,-0.0053176298
3.845536e-07,-0.0053305549
3.846536e-07,-0.0053398897
3.847536e-07,-0.0053398897
3.848536e-07,-0.005331273
3.849536e-07,-0.0053212201
3.850536e-07,-0.0053169118
3.851536e-07,-0.0053248104
3.852536e-07,-0.0053441981
3.853536e-07,-0.0053678941
3.854536e-07,-0.0053858456
3.855536e-07,-0.0053930262
3.856536e-07,-0.0053887178
3.857536e-07,-0.005379383
3.858536e-07,-0.0053743566
3.859536e-07,-0.005378665
3.860536e-07,-0.0053915901
3.861536e-07,-0.0054081055
3.862536e-07,-0.0054203125
3.863536e-07,-0.0054217486
3.864536e-07,-0.0054124138
3.865536e-07,-0.0053973346
3.866536e-07,-0.0053858456
3.867536e-07,-0.0053844095
3.868536e-07,-0.0053958984
3.869536e-07,-0.0054174403
3.870536e-07,-0.0054432904
3.871536e-07,-0.0054677045
3.872536e-07,-0.0054878102
3.873536e-07,-0.0055021714
3.874536e-07,-0.0055122243
3.875536e-07,-0.0055172507
3.876536e-07,-0.0055158146
3.877536e-07,-0.0055064798
3.878536e-07,-0.0054892463
3.879536e-07,-0.0054669864
3.880536e-07,-0.0054461627
3.881536e-07,-0.0054332376
3.882536e-07,-0.0054318015
3.883536e-07,-0.0054411363
3.884536e-07,-0.0054547794
3.885536e-07,-0.0054648323
3.886536e-07,-0.0054662684
3.887536e-07,-0.0054576517
3.888536e-07,-0.0054447266
3.889536e-07,-0.0054339557
3.890536e-07,-0.0054318015
3.891536e-07,-0.005437546
3.892536e-07,-0.0054461627
3.893536e-07,-0.005450471
3.894536e-07,-0.0054432904
3.895536e-07,-0.005426057
3.896536e-07,-0.0054045152
3.897536e-07,-0.0053887178
3.898536e-07,-0.0053858456
3.899536e-07,-0.0053973346
3.900536e-07,-0.0054174403
3.901536e-07,-0.0054353918
3.902536e-07,-0.0054432904
3.903536e-07,-0.005437546
3.904536e-07,-0.0054224667
3.905536e-07,-0.0054059513
3.906536e-07,-0.0053973346
3.907536e-07,-0.0053980526
3.908536e-07,-0.0054059513
3.909536e-07,-0.0054116958
3.910536e-07,-0.0054088235
3.911536e-07,-0.0053958984
3.912536e-07,-0.005378665
3.913536e-07,-0.0053650218
3.914536e-07,-0.0053628676
3.915536e-07,-0.0053736386
3.916536e-07,-0.0053915901
3.917536e-07,-0.0054059513
3.918536e-07,-0.0054088235
3.919536e-07,-0.0053973346
3.920536e-07,-0.0053772289
3.921536e-07,-0.0053585593
3.922536e-07,-0.0053513787
3.923536e-07,-0.0053592773
3.924536e-07,-0.0053779469
3.925536e-07,-0.0053944623
3.926536e-07,-0.0053973346
3.927536e-07,-0.0053808192
3.928536e-07,-0.0053470703
3.929536e-07,-0.0053061409
3.930536e-07,-0.0052709559
3.931536e-07,-0.0052494141
3.932536e-07,-0.0052429515
3.933536e-07,-0.0052451057
3.934536e-07,-0.0052479779
3.935536e-07,-0.0052451057
3.936536e-07,-0.005237207
3.937536e-07,-0.0052278722
3.938536e-07,-0.005225
3.939536e-07,-0.0052307445
3.940536e-07,-0.0052436696
3.941536e-07,-0.0052558766
3.942536e-07,-0.0052594669
3.943536e-07,-0.0052494141
3.944536e-07,-0.0052271542
3.945536e-07,-0.0052005859
3.946536e-07,-0.0051790441
3.947536e-07,-0.0051682732
3.948536e-07,-0.0051704274
3.949536e-07,-0.0051797622
3.950536e-07,-0.0051905331
3.951536e-07,-0.0051977137
3.952536e-07,-0.0052020221
3.953536e-07,-0.0052056124
3.954536e-07,-0.005213511
3.955536e-07,-0.0052271542
3.956536e-07,-0.0052436696
3.957536e-07,-0.0052565947
3.958536e-07,-0.0052594669
3.959536e-07,-0.0052508502
3.960536e-07,-0.0052343348
3.961536e-07,-0.0052192555
3.962536e-07,-0.005213511
3.963536e-07,-0.0052235639
3.964536e-07,-0.0052472599
3.965536e-07,-0.0052774184
3.966536e-07,-0.0053054228
3.967536e-07,-0.0053240924
3.968536e-07,-0.005331273
3.969536e-07,-0.0053305549
3.970536e-07,-0.0053284007
3.971536e-07,-0.0053284007
3.972536e-07,-0.005331991
3.973536e-07,-0.0053370175
3.974536e-07,-0.0053398897
3.975536e-07,-0.0053384536
3.976536e-07,-0.0053334272
3.977536e-07,-0.0053284007
3.978536e-07,-0.0053284007
3.979536e-07,-0.0053341452
3.980536e-07,-0.0053427619
3.981536e-07,-0.0053499426
3.982536e-07,-0.0053513787
3.983536e-07,-0.0053463523
3.984536e-07,-0.0053370175
3.985536e-07,-0.0053298369
3.986536e-07,-0.0053284007
3.987536e-07,-0.0053334272
3.988536e-07,-0.0053413258
3.989536e-07,-0.0053456342
3.990536e-07,-0.0053398897
3.991536e-07,-0.0053240924
3.992536e-07,-0.0053018325
3.993536e-07,-0.0052817268
3.994536e-07,-0.0052709559
3.995536e-07,-0.0052738281
3.996536e-07,-0.0052867532
3.997536e-07,-0.0053039867
3.998536e-07,-0.0053169118
3.999536e-07,-0.0053212201
4.000536e-07,-0.0053176298
4.001536e-07,-0.0053104492
4.002536e-07,-0.0053054228
4.003536e-07,-0.0053061409
4.004536e-07,-0.0053118853
4.005536e-07,-0.0053169118
4.006536e-07,-0.0053169118
4.007536e-07,-0.0053090131
4.008536e-07,-0.0052953699
4.009536e-07,-0.0052810087
4.010536e-07,-0.0052709559
4.011536e-07,-0.0052695198
4.012536e-07,-0.0052767004
4.013536e-07,-0.0052896255
4.014536e-07,-0.0053054228
4.015536e-07,-0.0053226563
4.016536e-07,-0.0053413258
4.017536e-07,-0.0053621496
4.018536e-07,-0.0053858456
4.019536e-07,-0.0054073874
4.020536e-07,-0.0054217486
4.021536e-07,-0.0054224667
4.022536e-07,-0.0054088235
4.023536e-07,-0.0053844095
4.024536e-07,-0.0053578412
4.025536e-07,-0.0053413258
4.026536e-07,-0.0053398897
4.027536e-07,-0.005354969
4.028536e-07,-0.005379383
4.029536e-07,-0.0054037971
4.030536e-07,-0.0054203125
4.031536e-07,-0.005426057
4.032536e-07,-0.0054253389
4.033536e-07,-0.0054253389
4.034536e-07,-0.0054318015
4.035536e-07,-0.0054447266
4.036536e-07,-0.0054576517
4.037536e-07,-0.0054633961
4.038536e-07,-0.0054547794
4.039536e-07,-0.0054325195
4.040536e-07,-0.0054045152
4.041536e-07,-0.0053822553
4.042536e-07,-0.0053743566
4.043536e-07,-0.0053844095
4.044536e-07,-0.0054066693
4.045536e-07,-0.0054296473
4.046536e-07,-0.0054432904
4.047536e-07,-0.0054432904
4.048536e-07,-0.0054318015
4.049536e-07,-0.0054174403
4.050536e-07,-0.0054088235
4.051536e-07,-0.0054088235
4.052536e-07,-0.005414568
4.053536e-07,-0.0054174403
4.054536e-07,-0.0054088235
4.055536e-07,-0.0053865636
4.056536e-07,-0.005355687
4.057536e-07,-0.0053248104
4.058536e-07,-0.0053054228
4.059536e-07,-0.0053011144
4.060536e-07,-0.0053097312
4.061536e-07,-0.0053219382
4.062536e-07,-0.0053284007
4.063536e-07,-0.0053248104
4.064536e-07,-0.0053126034
4.065536e-07,-0.0052996783
4.066536e-07,-0.0052939338
4.067536e-07,-0.0052982422
4.068536e-07,-0.0053097312
4.069536e-07,-0.0053190659
4.070536e-07,-0.0053169118
4.071536e-07,-0.0052989602
4.072536e-07,-0.0052695198
4.073536e-07,-0.005237207
4.074536e-07,-0.005213511
4.075536e-07,-0.0052063304
4.076536e-07,-0.0052171013
4.077536e-07,-0.005237207
4.078536e-07,-0.0052594669
4.079536e-07,-0.0052752642
4.080536e-07,-0.0052824449
4.081536e-07,-0.0052831629
4.082536e-07,-0.0052824449
4.083536e-07,-0.0052824449
4.084536e-07,-0.0052831629
4.085536e-07,-0.0052802907
4.086536e-07,-0.0052709559
4.087536e-07,-0.0052551585
4.088536e-07,-0.005237207
4.089536e-07,-0.005225
4.090536e-07,-0.005225
4.091536e-07,-0.0052386432
4.092536e-07,-0.005260185
4.093536e-07,-0.0052817268
4.094536e-07,-0.0052939338
4.095536e-07,-0.0052924977
4.096536e-07,-0.0052795726
4.097536e-07,-0.0052616211
4.098536e-07,-0.0052479779
4.099536e-07,-0.0052429515
4.100536e-07,-0.0052465418
4.101536e-07,-0.0052537224
4.102536e-07,-0.0052594669
4.103536e-07,-0.005260185
4.104536e-07,-0.0052558766
4.105536e-07,-0.0052508502
4.106536e-07,-0.0052479779
4.107536e-07,-0.0052472599
4.108536e-07,-0.0052451057
4.109536e-07,-0.0052386432
4.110536e-07,-0.005225
4.111536e-07,-0.0052077665
4.112536e-07,-0.0051934053
4.113536e-07,-0.005189815
4.114536e-07,-0.0052020221
4.115536e-07,-0.0052257181
4.116536e-07,-0.0052515682
4.117536e-07,-0.0052652114
4.118536e-07,-0.0052594669
4.119536e-07,-0.0052321806
4.120536e-07,-0.0051926873
4.121536e-07,-0.0051553481
4.122536e-07,-0.0051330882
4.123536e-07,-0.0051316521
4.124536e-07,-0.0051481675
4.125536e-07,-0.0051711455
4.126536e-07,-0.0051905331
4.127536e-07,-0.0051991498
4.128536e-07,-0.0051969956
4.129536e-07,-0.0051919692
4.130536e-07,-0.0051905331
4.131536e-07,-0.0051962776
4.132536e-07,-0.0052070485
4.133536e-07,-0.0052149472
4.134536e-07,-0.005213511
4.135536e-07,-0.005201304
4.136536e-07,-0.0051847886
4.137536e-07,-0.0051740177
4.138536e-07,-0.0051790441
4.139536e-07,-0.0052034582
4.140536e-07,-0.0052407973
4.141536e-07,-0.0052788545
4.142536e-07,-0.0053054228
4.143536e-07,-0.0053126034
4.144536e-07,-0.0053018325
4.145536e-07,-0.005283881
4.146536e-07,-0.0052709559
4.147536e-07,-0.0052731101
4.148536e-07,-0.0052903435
4.149536e-07,-0.0053169118
4.150536e-07,-0.0053398897
4.151536e-07,-0.0053513787
4.152536e-07,-0.0053470703
4.153536e-07,-0.0053327091
4.154536e-07,-0.0053169118
4.155536e-07,-0.005307577
4.156536e-07,-0.005308295
4.157536e-07,-0.0053176298
4.158536e-07,-0.0053284007
4.159536e-07,-0.0053355813
4.160536e-07,-0.0053370175
4.161536e-07,-0.0053334272
4.162536e-07,-0.0053284007
4.163536e-07,-0.0053262466
4.164536e-07,-0.0053262466
4.165536e-07,-0.0053284007
4.166536e-07,-0.0053284007
4.167536e-07,-0.0053255285
4.168536e-07,-0.0053219382
4.169536e-07,-0.0053212201
4.170536e-07,-0.0053284007
4.171536e-07,-0.0053441981
4.172536e-07,-0.0053650218
4.173536e-07,-0.0053851275
4.174536e-07,-0.0053973346
4.175536e-07,-0.0053994887
4.176536e-07,-0.0053923081
4.177536e-07,-0.0053815372
4.178536e-07,-0.0053743566
4.179536e-07,-0.0053743566
4.180536e-07,-0.0053822553
4.181536e-07,-0.0053915901
4.182536e-07,-0.0053973346
4.183536e-07,-0.0053951804
4.184536e-07,-0.0053836914
4.185536e-07,-0.0053678941
4.186536e-07,-0.0053513787
4.187536e-07,-0.0053391716
4.188536e-07,-0.0053327091
4.189536e-07,-0.0053298369
4.190536e-07,-0.0053284007
4.191536e-07,-0.0053262466
4.192536e-07,-0.0053233743
4.193536e-07,-0.005319784
4.194536e-07,-0.0053169118
4.195536e-07,-0.0053133215
4.196536e-07,-0.0053054228
4.197536e-07,-0.0052917796
4.198536e-07,-0.0052709559
4.199536e-07,-0.0052458238
4.200536e-07,-0.0052228458
4.201536e-07,-0.0052070485
4.202536e-07,-0.0052020221
4.203536e-07,-0.0052056124
4.204536e-07,-0.0052120749
4.205536e-07,-0.0052120749
4.206536e-07,-0.0052020221
4.207536e-07,-0.0051804802
4.208536e-07,-0.0051531939
4.209536e-07,-0.0051273437
4.210536e-07,-0.0051101103
4.211536e-07,-0.0051029297
4.212536e-07,-0.0051029297
4.213536e-07,-0.0051029297
4.214536e-07,-0.0050986213
4.215536e-07,-0.0050885685
4.216536e-07,-0.0050777976
4.217536e-07,-0.0050720531
4.218536e-07,-0.0050756434
4.219536e-07,-0.0050885685
4.220536e-07,-0.0051058019
4.221536e-07,-0.005118727
4.222536e-07,-0.0051215993
4.223536e-07,-0.0051144187
4.224536e-07,-0.0051029297
4.225536e-07,-0.005095031
4.226536e-07,-0.0050986213
4.227536e-07,-0.0051144187
4.228536e-07,-0.0051373966
4.229536e-07,-0.0051582204
4.230536e-07,-0.0051675551
4.231536e-07,-0.0051639648
4.232536e-07,-0.0051510398
4.233536e-07,-0.0051373966
4.234536e-07,-0.0051330882
4.235536e-07,-0.0051409869
4.236536e-07,-0.0051582204
4.237536e-07,-0.005177608
4.238536e-07,-0.0051905331
4.239536e-07,-0.0051926873
4.240536e-07,-0.0051855067
4.241536e-07,-0.0051747358
4.242536e-07,-0.0051675551
4.243536e-07,-0.005166119
4.244536e-07,-0.0051689913
4.245536e-07,-0.0051711455
4.246536e-07,-0.0051675551
4.247536e-07,-0.0051582204
4.248536e-07,-0.0051474494
4.249536e-07,-0.0051409869
4.250536e-07,-0.0051445772
4.251536e-07,-0.0051567842
4.252536e-07,-0.0051704274
4.253536e-07,-0.0051761719
4.254536e-07,-0.0051675551
4.255536e-07,-0.0051431411
4.256536e-07,-0.0051093922
4.257536e-07,-0.0050799517
4.258536e-07,-0.0050641544
4.259536e-07,-0.0050670267
4.260536e-07,-0.0050849782
4.261536e-07,-0.0051072381
4.262536e-07,-0.0051215993
4.263536e-07,-0.0051223173
4.264536e-07,-0.0051115464
4.265536e-07,-0.0050964671
4.266536e-07,-0.0050871324
4.267536e-07,-0.0050900046
4.268536e-07,-0.0051036477
4.269536e-07,-0.0051208812
4.270536e-07,-0.0051330882
4.271536e-07,-0.0051338063
4.272536e-07,-0.0051230354
4.273536e-07,-0.0051086742
4.274536e-07,-0.0050986213
4.275536e-07,-0.0050993394
4.276536e-07,-0.0051115464
4.277536e-07,-0.0051294979
4.278536e-07,-0.0051445772
4.279536e-07,-0.0051517578
4.280536e-07,-0.0051503217
4.281536e-07,-0.0051460133
4.282536e-07,-0.0051445772
4.283536e-07,-0.0051524759
4.284536e-07,-0.0051697093
4.285536e-07,-0.0051926873
4.286536e-07,-0.005213511
4.287536e-07,-0.0052278722
4.288536e-07,-0.0052343348
4.289536e-07,-0.0052350528
4.290536e-07,-0.005236489
4.291536e-07,-0.0052415154
4.292536e-07,-0.0052508502
4.293536e-07,-0.0052623392
4.294536e-07,-0.0052709559
4.295536e-07,-0.0052752642
4.296536e-07,-0.0052767004
4.297536e-07,-0.0052774184
4.298536e-07,-0.0052824449
4.299536e-07,-0.0052924977
4.300536e-07,-0.0053068589
4.301536e-07,-0.005319784
4.302536e-07,-0.0053284007
4.303536e-07,-0.0053305549
4.304536e-07,-0.0053284007
4.305536e-07,-0.0053262466
4.306536e-07,-0.0053284007
4.307536e-07,-0.0053362994
4.308536e-07,-0.0053456342
4.309536e-07,-0.0053528148
4.310536e-07,-0.0053513787
4.311536e-07,-0.0053413258
4.312536e-07,-0.0053255285
4.313536e-07,-0.0053118853
4.314536e-07,-0.0053054228
4.315536e-07,-0.005308295
4.316536e-07,-0.0053183479
4.317536e-07,-0.0053269646
4.318536e-07,-0.0053284007
4.319536e-07,-0.0053190659
4.320536e-07,-0.0053011144
4.321536e-07,-0.0052824449
4.322536e-07,-0.0052709559
4.323536e-07,-0.005272392
4.324536e-07,-0.0052867532
4.325536e-07,-0.005308295
4.326536e-07,-0.0053284007
4.327536e-07,-0.0053406078
4.328536e-07,-0.00534348
4.329536e-07,-0.0053377355
4.330536e-07,-0.0053284007
4.331536e-07,-0.0053205021
4.332536e-07,-0.0053161937
4.333536e-07,-0.0053154756
4.334536e-07,-0.0053169118
4.335536e-07,-0.005319784
4.336536e-07,-0.0053255285
4.337536e-07,-0.0053355813
4.338536e-07,-0.0053513787
4.339536e-07,-0.0053714844
4.340536e-07,-0.0053915901
4.341536e-07,-0.0054059513
4.342536e-07,-0.0054088235
4.343536e-07,-0.0054002068
4.344536e-07,-0.0053822553
4.345536e-07,-0.0053643038
4.346536e-07,-0.0053513787
4.347536e-07,-0.0053492245
4.348536e-07,-0.0053571232
4.349536e-07,-0.0053714844
4.350536e-07,-0.0053858456
4.351536e-07,-0.0053951804
4.352536e-07,-0.0053973346
4.353536e-07,-0.0053930262
4.354536e-07,-0.0053858456
4.355536e-07,-0.0053772289
4.356536e-07,-0.0053686121
4.357536e-07,-0.0053599954
4.358536e-07,-0.0053513787
4.359536e-07,-0.0053441981
4.360536e-07,-0.0053398897
4.361536e-07,-0.0053427619
4.362536e-07,-0.0053513787
4.363536e-07,-0.0053643038
4.364536e-07,-0.0053772289
4.365536e-07,-0.0053851275
4.366536e-07,-0.0053858456
4.367536e-07,-0.0053815372
4.368536e-07,-0.0053765108
4.369536e-07,-0.0053772289
4.370536e-07,-0.0053858456
4.371536e-07,-0.0054002068
4.372536e-07,-0.005414568
4.373536e-07,-0.0054231847
4.374536e-07,-0.0054203125
4.375536e-07,-0.0054088235
4.376536e-07,-0.0053944623
4.377536e-07,-0.0053851275
4.378536e-07,-0.0053858456
4.379536e-07,-0.0053958984
4.380536e-07,-0.0054088235
4.381536e-07,-0.0054152861
4.382536e-07,-0.0054088235
4.383536e-07,-0.005390154
4.384536e-07,-0.0053650218
4.385536e-07,-0.0053456342
4.386536e-07,-0.0053398897
4.387536e-07,-0.0053506606
4.388536e-07,-0.0053736386
4.389536e-07,-0.0053958984
4.390536e-07,-0.0054088235
4.391536e-07,-0.0054052332
4.392536e-07,-0.0053887178
4.393536e-07,-0.005367176
4.394536e-07,-0.0053513787
4.395536e-07,-0.0053485064
4.396536e-07,-0.0053592773
4.397536e-07,-0.0053779469
4.398536e-07,-0.0053973346
4.399536e-07,-0.0054102597
4.400536e-07,-0.0054160041
4.401536e-07,-0.0054181583
4.402536e-07,-0.0054203125
4.403536e-07,-0.0054274931
4.404536e-07,-0.005438264
4.405536e-07,-0.0054490349
4.406536e-07,-0.0054547794
4.407536e-07,-0.0054519072
4.408536e-07,-0.0054418543
4.409536e-07,-0.0054296473
4.410536e-07,-0.0054203125
4.411536e-07,-0.0054188764
4.412536e-07,-0.005426057
4.413536e-07,-0.0054397001
4.414536e-07,-0.0054547794
4.415536e-07,-0.0054691406
4.416536e-07,-0.0054813477
4.417536e-07,-0.0054914005
4.418536e-07,-0.0055007353
4.419536e-07,-0.0055071978
4.420536e-07,-0.0055079159
4.421536e-07,-0.0055014534
4.422536e-07,-0.0054892463
4.423536e-07,-0.0054748851
4.424536e-07,-0.0054662684
4.425536e-07,-0.0054705767
4.426536e-07,-0.0054892463
4.427536e-07,-0.0055194049
4.428536e-07,-0.0055509995
4.429536e-07,-0.0055732594
4.430536e-07,-0.0055811581
4.431536e-07,-0.0055739775
4.432536e-07,-0.0055588982
4.433536e-07,-0.0055474092
4.434536e-07,-0.0055466912
4.435536e-07,-0.0055588982
4.436536e-07,-0.0055782858
4.437536e-07,-0.0055962374
4.438536e-07,-0.005604136
4.439536e-07,-0.0056012638
4.440536e-07,-0.0055926471
4.441536e-07,-0.0055876206
4.442536e-07,-0.0055926471
4.443536e-07,-0.0056098805
4.444536e-07,-0.0056335765
4.445536e-07,-0.0056536822
4.446536e-07,-0.0056615809
4.447536e-07,-0.0056551183
4.448536e-07,-0.0056386029
4.449536e-07,-0.0056228056
4.450536e-07,-0.005615625
4.451536e-07,-0.0056213695
4.452536e-07,-0.0056350126
4.453536e-07,-0.0056472197
4.454536e-07,-0.0056500919
4.455536e-07,-0.005639321
4.456536e-07,-0.0056199334
4.457536e-07,-0.0056012638
4.458536e-07,-0.0055926471
4.459536e-07,-0.0055969554
4.460536e-07,-0.0056105986
4.461536e-07,-0.0056235237
4.462536e-07,-0.005627114
4.463536e-07,-0.0056163431
4.464536e-07,-0.0055948012
4.465536e-07,-0.0055718233
4.466536e-07,-0.0055581801
4.467536e-07,-0.0055581801
4.468536e-07,-0.005568233
4.469536e-07,-0.0055790039
4.470536e-07,-0.0055811581
4.471536e-07,-0.005568233
4.472536e-07,-0.0055423828
4.473536e-07,-0.0055122243
4.474536e-07,-0.0054892463
4.475536e-07,-0.0054806296
4.476536e-07,-0.0054863741
4.477536e-07,-0.0055000172
4.478536e-07,-0.0055122243
4.479536e-07,-0.0055158146
4.480536e-07,-0.005509352
4.481536e-07,-0.0054978631
4.482536e-07,-0.0054892463
4.483536e-07,-0.0054878102
4.484536e-07,-0.0054928366
4.485536e-07,-0.0055000172
4.486536e-07,-0.0055007353
4.487536e-07,-0.0054906824
4.488536e-07,-0.0054698587
4.489536e-07,-0.0054432904
4.490536e-07,-0.0054203125
4.491536e-07,-0.0054059513
4.492536e-07,-0.0054016429
4.493536e-07,-0.0054037971
4.494536e-07,-0.0054088235
4.495536e-07,-0.0054109777
4.496536e-07,-0.0054102597
4.497536e-07,-0.0054088235
4.498536e-07,-0.0054088235
4.499536e-07,-0.0054116958
4.500536e-07,-0.0054152861
4.501536e-07,-0.0054152861
4.502536e-07,-0.0054088235
4.503536e-07,-0.0053944623
4.504536e-07,-0.0053757927
4.505536e-07,-0.0053599954
4.506536e-07,-0.0053513787
4.507536e-07,-0.0053528148
4.508536e-07,-0.0053607135
4.509536e-07,-0.0053700483
4.510536e-07,-0.0053743566
4.511536e-07,-0.0053722024
4.512536e-07,-0.0053643038
4.513536e-07,-0.0053564051
4.514536e-07,-0.0053513787
4.515536e-07,-0.0053513787
4.516536e-07,-0.0053542509
4.517536e-07,-0.005354969
4.518536e-07,-0.0053513787
4.519536e-07,-0.0053441981
4.520536e-07,-0.0053384536
4.521536e-07,-0.0053391716
4.522536e-07,-0.0053513787
4.523536e-07,-0.0053722024
4.524536e-07,-0.0053937443
4.525536e-07,-0.0054081055
4.526536e-07,-0.0054088235
4.527536e-07,-0.0053958984
4.528536e-07,-0.0053772289
4.529536e-07,-0.0053635857
4.530536e-07,-0.0053628676
4.531536e-07,-0.0053765108
4.532536e-07,-0.0053980526
4.533536e-07,-0.0054160041
4.534536e-07,-0.0054203125
4.535536e-07,-0.0054066693
4.536536e-07,-0.0053815372
4.537536e-07,-0.005354969
4.538536e-07,-0.0053398897
4.539536e-07,-0.0053427619
4.540536e-07,-0.0053621496
4.541536e-07,-0.0053879998
4.542536e-07,-0.0054088235
4.543536e-07,-0.0054160041
4.544536e-07,-0.0054088235
4.545536e-07,-0.0053915901
4.546536e-07,-0.0053743566
4.547536e-07,-0.0053643038
4.548536e-07,-0.0053635857
4.549536e-07,-0.0053693302
4.550536e-07,-0.0053743566
4.551536e-07,-0.0053743566
4.552536e-07,-0.0053678941
4.553536e-07,-0.0053585593
4.554536e-07,-0.0053513787
4.555536e-07,-0.0053499426
4.556536e-07,-0.0053535329
4.557536e-07,-0.0053592773
4.558536e-07,-0.0053628676
4.559536e-07,-0.0053621496
4.560536e-07,-0.0053592773
4.561536e-07,-0.0053578412
4.562536e-07,-0.0053628676
4.563536e-07,-0.0053750747
4.564536e-07,-0.0053915901
4.565536e-07,-0.0054052332
4.566536e-07,-0.0054088235
4.567536e-07,-0.0054002068
4.568536e-07,-0.0053822553
4.569536e-07,-0.0053628676
4.570536e-07,-0.0053513787
4.571536e-07,-0.0053535329
4.572536e-07,-0.0053700483
4.573536e-07,-0.0053951804
4.574536e-07,-0.0054203125
4.575536e-07,-0.0054397001
4.576536e-07,-0.005449753
4.577536e-07,-0.0054533433
4.578536e-07,-0.0054547794
4.579536e-07,-0.0054590878
4.580536e-07,-0.0054684226
4.581536e-07,-0.0054791935
4.582536e-07,-0.0054892463
4.583536e-07,-0.0054949908
4.584536e-07,-0.0054949908
4.585536e-07,-0.0054921186
4.586536e-07,-0.0054892463
4.587536e-07,-0.0054892463
4.588536e-07,-0.0054921186
4.589536e-07,-0.0054964269
4.590536e-07,-0.0055007353
4.591536e-07,-0.0055036075
4.592536e-07,-0.0055050437
4.593536e-07,-0.0055079159
4.594536e-07,-0.0055122243
4.595536e-07,-0.0055179687
4.596536e-07,-0.0055222771
4.597536e-07,-0.005520841
4.598536e-07,-0.0055122243
4.599536e-07,-0.0054964269
4.600536e-07,-0.0054763212
4.601536e-07,-0.0054576517
4.602536e-07,-0.0054432904
4.603536e-07,-0.0054346737
4.604536e-07,-0.0054296473
4.605536e-07,-0.0054253389
4.606536e-07,-0.0054203125
4.607536e-07,-0.005414568
4.608536e-07,-0.0054116958
4.609536e-07,-0.0054131319
4.610536e-07,-0.0054203125
4.611536e-07,-0.0054282112
4.612536e-07,-0.0054310834
4.613536e-07,-0.0054210306
4.614536e-07,-0.0053973346
4.615536e-07,-0.0053635857
4.616536e-07,-0.0053284007
4.617536e-07,-0.0053032686
4.618536e-07,-0.0052939338
4.619536e-07,-0.0052996783
4.620536e-07,-0.0053126034
4.621536e-07,-0.0053219382
4.622536e-07,-0.0053169118
4.623536e-07,-0.005296088
4.624536e-07,-0.0052652114
4.625536e-07,-0.0052343348
4.626536e-07,-0.005213511
4.627536e-07,-0.0052077665
4.628536e-07,-0.005213511
4.629536e-07,-0.0052228458
4.630536e-07,-0.005225
