LECROYHDO6104B,11090,Waveform
Segments,1,SegmentSize,5002
Segment,TrigTime,TimeSinceSegment1
#1,04-May-2026 18:47:34,0                 
Time,Ampl
-3.704256e-08,-0.0059832721
-3.694256e-08,-0.0059789637
-3.684256e-08,-0.0059696289
-3.674256e-08,-0.0059581399
-3.664256e-08,-0.0059488051
-3.654256e-08,-0.0059452148
-3.644256e-08,-0.005947369
-3.634256e-08,-0.0059545496
-3.624256e-08,-0.0059602941
-3.614256e-08,-0.0059595761
-3.604256e-08,-0.0059488051
-3.594256e-08,-0.0059279814
-3.584256e-08,-0.0059028493
-3.574256e-08,-0.0058798713
-3.564256e-08,-0.0058676643
-3.554256e-08,-0.0058676643
-3.544256e-08,-0.0058798713
-3.534256e-08,-0.0058963867
-3.524256e-08,-0.0059093118
-3.514256e-08,-0.005911466
-3.504256e-08,-0.0059028493
-3.494256e-08,-0.0058870519
-3.484256e-08,-0.0058719727
-3.474256e-08,-0.005864792
-3.464256e-08,-0.0058683824
-3.454256e-08,-0.0058805894
-3.444256e-08,-0.0058949506
-3.434256e-08,-0.0059035673
-3.424256e-08,-0.0059028493
-3.414256e-08,-0.0058942325
-3.404256e-08,-0.0058848977
-3.394256e-08,-0.0058827436
-3.384256e-08,-0.0058913603
-3.374256e-08,-0.0059107479
-3.364256e-08,-0.0059344439
-3.354256e-08,-0.0059538316
-3.344256e-08,-0.0059602941
-3.334256e-08,-0.0059523955
-3.324256e-08,-0.005935162
-3.314256e-08,-0.0059150563
-3.304256e-08,-0.0059028493
-3.294256e-08,-0.0059021312
-3.284256e-08,-0.0059129021
-3.274256e-08,-0.0059308536
-3.264256e-08,-0.0059488051
-3.254256e-08,-0.0059624483
-3.244256e-08,-0.005970347
-3.234256e-08,-0.0059732192
-3.224256e-08,-0.0059717831
-3.214256e-08,-0.0059674747
-3.204256e-08,-0.005958858
-3.194256e-08,-0.0059452148
-3.184256e-08,-0.0059258272
-3.174256e-08,-0.0059050034
-3.164256e-08,-0.00588777
-3.154256e-08,-0.0058784352
-3.144256e-08,-0.0058798713
-3.134256e-08,-0.0058884881
-3.124256e-08,-0.0058978228
-3.114256e-08,-0.005899977
-3.104256e-08,-0.0058913603
-3.094256e-08,-0.0058726907
-3.084256e-08,-0.005851867
-3.074256e-08,-0.0058367877
-3.064256e-08,-0.0058339154
-3.054256e-08,-0.0058432502
-3.044256e-08,-0.0058583295
-3.034256e-08,-0.0058691004
-3.024256e-08,-0.0058683824
-3.014256e-08,-0.0058540211
-3.004256e-08,-0.0058310432
-2.994256e-08,-0.0058102194
-2.984256e-08,-0.0057994485
-2.974256e-08,-0.0058037569
-2.964256e-08,-0.0058202723
-2.954256e-08,-0.005840378
-2.944256e-08,-0.0058568934
-2.934256e-08,-0.005864792
-2.924256e-08,-0.0058655101
-2.914256e-08,-0.005864792
-2.904256e-08,-0.0058683824
-2.894256e-08,-0.0058791533
-2.884256e-08,-0.0058949506
-2.874256e-08,-0.0059085937
-2.864256e-08,-0.0059143382
-2.854256e-08,-0.0059100299
-2.844256e-08,-0.0058985409
-2.834256e-08,-0.0058863339
-2.824256e-08,-0.0058798713
-2.814256e-08,-0.0058820255
-2.804256e-08,-0.0058913603
-2.794256e-08,-0.005899977
-2.784256e-08,-0.0059028493
-2.774256e-08,-0.0058985409
-2.764256e-08,-0.0058906422
-2.754256e-08,-0.0058863339
-2.744256e-08,-0.0058913603
-2.734256e-08,-0.0059071576
-2.724256e-08,-0.0059279814
-2.714256e-08,-0.0059444968
-2.704256e-08,-0.0059488051
-2.694256e-08,-0.0059373162
-2.684256e-08,-0.0059157744
-2.674256e-08,-0.0058927964
-2.664256e-08,-0.0058798713
-2.654256e-08,-0.0058834616
-2.644256e-08,-0.0059021312
-2.634256e-08,-0.0059272633
-2.624256e-08,-0.0059488051
-2.614256e-08,-0.005958858
-2.604256e-08,-0.0059559858
-2.594256e-08,-0.0059459329
-2.584256e-08,-0.0059373162
-2.574256e-08,-0.0059373162
-2.564256e-08,-0.0059480871
-2.554256e-08,-0.0059653205
-2.544256e-08,-0.0059832721
-2.534256e-08,-0.005994043
-2.524256e-08,-0.005994761
-2.514256e-08,-0.0059861443
-2.504256e-08,-0.0059717831
-2.494256e-08,-0.0059559858
-2.484256e-08,-0.0059416245
-2.474256e-08,-0.0059279814
-2.464256e-08,-0.0059143382
-2.454256e-08,-0.0059006951
-2.444256e-08,-0.0058892061
-2.434256e-08,-0.0058820255
-2.424256e-08,-0.0058798713
-2.414256e-08,-0.0058827436
-2.404256e-08,-0.0058863339
-2.394256e-08,-0.0058863339
-2.384256e-08,-0.0058798713
-2.374256e-08,-0.0058662282
-2.364256e-08,-0.0058511489
-2.354256e-08,-0.0058382238
-2.344256e-08,-0.0058339154
-2.334256e-08,-0.0058367877
-2.324256e-08,-0.0058439683
-2.314256e-08,-0.0058482767
-2.304256e-08,-0.0058454044
-2.294256e-08,-0.0058346335
-2.284256e-08,-0.0058209903
-2.274256e-08,-0.0058116556
-2.264256e-08,-0.0058109375
-2.254256e-08,-0.0058202723
-2.244256e-08,-0.0058339154
-2.234256e-08,-0.0058446864
-2.224256e-08,-0.0058454044
-2.214256e-08,-0.0058339154
-2.204256e-08,-0.0058152459
-2.194256e-08,-0.0057972943
-2.184256e-08,-0.0057879596
-2.174256e-08,-0.0057915499
-2.164256e-08,-0.0058037569
-2.154256e-08,-0.005816682
-2.144256e-08,-0.0058224265
-2.134256e-08,-0.0058159639
-2.124256e-08,-0.0057987305
-2.114256e-08,-0.0057786248
-2.104256e-08,-0.0057649816
-2.094256e-08,-0.0057628274
-2.084256e-08,-0.0057721622
-2.074256e-08,-0.0057872415
-2.064256e-08,-0.0057994485
-2.054256e-08,-0.0058023208
-2.044256e-08,-0.005792986
-2.034256e-08,-0.0057750345
-2.024256e-08,-0.0057534926
-2.014256e-08,-0.005734105
-2.004256e-08,-0.0057197438
-1.994256e-08,-0.0057111271
-1.984256e-08,-0.0057075368
-1.974256e-08,-0.0057075368
-1.964256e-08,-0.0057125632
-1.954256e-08,-0.0057240522
-1.944256e-08,-0.0057420037
-1.934256e-08,-0.0057628274
-1.924256e-08,-0.0057800609
-1.914256e-08,-0.0057865234
-1.904256e-08,-0.0057764706
-1.894256e-08,-0.0057506204
-1.884256e-08,-0.0057147174
-1.874256e-08,-0.0056780963
-1.864256e-08,-0.0056500919
-1.854256e-08,-0.0056371668
-1.844256e-08,-0.0056378849
-1.834256e-08,-0.0056486558
-1.824256e-08,-0.0056615809
-1.814256e-08,-0.0056723518
-1.804256e-08,-0.0056809685
-1.794256e-08,-0.0056874311
-1.784256e-08,-0.0056960478
-1.774256e-08,-0.0057075368
-1.764256e-08,-0.0057190257
-1.754256e-08,-0.0057283605
-1.744256e-08,-0.0057305147
-1.734256e-08,-0.0057254883
-1.724256e-08,-0.0057154354
-1.714256e-08,-0.0057046645
-1.704256e-08,-0.0056960478
-1.694256e-08,-0.0056910214
-1.684256e-08,-0.0056874311
-1.674256e-08,-0.0056816866
-1.664256e-08,-0.0056730699
-1.654256e-08,-0.0056644531
-1.644256e-08,-0.0056615809
-1.634256e-08,-0.0056709157
-1.624256e-08,-0.0056960478
-1.614256e-08,-0.0057326689
-1.604256e-08,-0.0057714442
-1.594256e-08,-0.0058001666
-1.584256e-08,-0.0058109375
-1.574256e-08,-0.0058008847
-1.564256e-08,-0.0057764706
-1.554256e-08,-0.0057491843
-1.544256e-08,-0.0057305147
-1.534256e-08,-0.0057269244
-1.524256e-08,-0.0057376953
-1.514256e-08,-0.0057563649
-1.504256e-08,-0.0057764706
-1.494256e-08,-0.0057915499
-1.484256e-08,-0.0058023208
-1.474256e-08,-0.0058116556
-1.464256e-08,-0.0058224265
-1.454256e-08,-0.0058360696
-1.444256e-08,-0.0058504308
-1.434256e-08,-0.0058583295
-1.424256e-08,-0.0058568934
-1.414256e-08,-0.0058446864
-1.404256e-08,-0.0058267348
-1.394256e-08,-0.0058102194
-1.384256e-08,-0.0057994485
-1.374256e-08,-0.0057972943
-1.364256e-08,-0.0058001666
-1.354256e-08,-0.0058023208
-1.344256e-08,-0.0057994485
-1.334256e-08,-0.0057922679
-1.324256e-08,-0.0057858054
-1.314256e-08,-0.0057865234
-1.304256e-08,-0.0057994485
-1.294256e-08,-0.0058224265
-1.284256e-08,-0.0058475586
-1.274256e-08,-0.0058655101
-1.264256e-08,-0.0058683824
-1.254256e-08,-0.0058561753
-1.244256e-08,-0.0058346335
-1.234256e-08,-0.0058130917
-1.224256e-08,-0.0057994485
-1.214256e-08,-0.0057958582
-1.204256e-08,-0.0057980124
-1.194256e-08,-0.0057972943
-1.184256e-08,-0.0057879596
-1.174256e-08,-0.0057707261
-1.164256e-08,-0.0057534926
-1.154256e-08,-0.0057448759
-1.144256e-08,-0.0057534926
-1.134256e-08,-0.0057779067
-1.124256e-08,-0.0058102194
-1.114256e-08,-0.0058360696
-1.104256e-08,-0.0058454044
-1.094256e-08,-0.0058346335
-1.084256e-08,-0.0058109375
-1.074256e-08,-0.0057872415
-1.064256e-08,-0.0057764706
-1.054256e-08,-0.0057836512
-1.044256e-08,-0.005804475
-1.034256e-08,-0.0058296071
-1.024256e-08,-0.0058454044
-1.014256e-08,-0.0058468405
-1.004256e-08,-0.0058353516
-9.942565e-09,-0.0058202723
-9.842565e-09,-0.0058109375
-9.742565e-09,-0.0058130917
-9.642565e-09,-0.0058252987
-9.542565e-09,-0.0058389419
-9.442565e-09,-0.0058454044
-9.342565e-09,-0.005840378
-9.242565e-09,-0.0058252987
-9.142565e-09,-0.0058095014
-9.042565e-09,-0.0057994485
-8.942565e-09,-0.0058001666
-8.842565e-09,-0.0058095014
-8.742565e-09,-0.0058195542
-8.642565e-09,-0.0058224265
-8.542565e-09,-0.0058152459
-8.442565e-09,-0.0058023208
-8.342565e-09,-0.0057908318
-8.242565e-09,-0.0057879596
-8.142565e-09,-0.0057965763
-8.042565e-09,-0.0058116556
-7.942565e-09,-0.0058231445
-7.842565e-09,-0.0058224265
-7.742565e-09,-0.0058066291
-7.642565e-09,-0.005780779
-7.542565e-09,-0.0057556468
-7.442565e-09,-0.0057420037
-7.342565e-09,-0.0057441579
-7.242565e-09,-0.005757801
-7.142565e-09,-0.0057721622
-7.042565e-09,-0.0057764706
-6.942565e-09,-0.0057649816
-6.842565e-09,-0.0057405676
-6.742565e-09,-0.0057139993
-6.642565e-09,-0.0056960478
-6.542565e-09,-0.0056924575
-6.442565e-09,-0.0056996381
-6.342565e-09,-0.0057053826
-6.242565e-09,-0.0056960478
-6.142565e-09,-0.0056615809
-6.042565e-09,-0.005603418
-5.942565e-09,-0.0055294577
-5.842565e-09,-0.0054547794
-5.742565e-09,-0.0053915901
-5.642565e-09,-0.0053449161
-5.542565e-09,-0.005308295
-5.442565e-09,-0.0052709559
-5.342565e-09,-0.0052214097
-5.242565e-09,-0.005153912
-5.142565e-09,-0.0050720531
-5.042565e-09,-0.0049837316
-4.942565e-09,-0.0049004366
-4.842565e-09,-0.0048279125
-4.742565e-09,-0.0047654412
-4.642565e-09,-0.0047079963
-4.542565e-09,-0.004645525
-4.442565e-09,-0.0045715648
-4.342565e-09,-0.0044839614
-4.242565e-09,-0.0043863051
-4.142565e-09,-0.0042836225
-4.042565e-09,-0.0041816579
-3.942565e-09,-0.0040825655
-3.842565e-09,-0.0039841912
-3.742565e-09,-0.0038850988
-3.642565e-09,-0.0037831342
-3.542565e-09,-0.0036775793
-3.442565e-09,-0.0035705882
-3.342565e-09,-0.0034643153
-3.242565e-09,-0.0033594784
-3.142565e-09,-0.0032539235
-3.042565e-09,-0.0031454963
-2.942565e-09,-0.0030313247
-2.842565e-09,-0.0029106905
-2.742565e-09,-0.002786466
-2.642565e-09,-0.0026629596
-2.542565e-09,-0.0025444795
-2.442565e-09,-0.002431744
-2.342565e-09,-0.0023233169
-2.242565e-09,-0.0022148897
-2.142565e-09,-0.0021007181
-2.042565e-09,-0.0019793658
-1.942565e-09,-0.001850833
-1.842565e-09,-0.001720864
-1.742565e-09,-0.0015952034
-1.642565e-09,-0.0014781595
-1.542565e-09,-0.0013718865
-1.442565e-09,-0.0012727941
-1.342565e-09,-0.001176574
-1.242565e-09,-0.0010789177
-1.142565e-09,-0.00097623506
-1.042565e-09,-0.00087068015
-9.425648e-10,-0.00076656135
-8.425648e-10,-0.0006689051
-7.425648e-10,-0.0005813017
-6.425648e-10,-0.00050303309
-5.425648e-10,-0.00043122702
-4.425648e-10,-0.00036157514
-3.425648e-10,-0.00028976907
-2.425648e-10,-0.00021580882
-1.425648e-10,-0.00014184858
-4.256484e-11,-7.3632812e-05
5.743516e-11,-1.690602e-05
1.574352e-10,2.5459559e-05
2.574352e-10,5.5618107e-05
3.574352e-10,7.7877987e-05
4.574352e-10,0.00010013787
5.574352e-10,0.00012886029
6.574352e-10,0.00016548139
7.574352e-10,0.00020856503
8.574352e-10,0.00025236673
9.574352e-10,0.00028970588
1.057435e-09,0.00031627413
1.157435e-09,0.0003313534
1.257435e-09,0.00033997013
1.357435e-09,0.00034715074
1.457435e-09,0.00036007583
1.557435e-09,0.00038089959
1.657435e-09,0.00040890395
1.757435e-09,0.0004390625
1.857435e-09,0.00046419462
1.957435e-09,0.00048071002
2.057435e-09,0.0004864545
2.157435e-09,0.00048501838
2.257435e-09,0.00048214614
2.357435e-09,0.00048358226
2.457435e-09,0.00049219899
2.557435e-09,0.00050799632
2.657435e-09,0.0005266659
2.757435e-09,0.0005431813
2.857435e-09,0.00055610639
2.957435e-09,0.00056544118
3.057435e-09,0.0005740579
3.157435e-09,0.00058482881
3.257435e-09,0.00060206227
3.357435e-09,0.00062288603
3.457435e-09,0.00064370979
3.557435e-09,0.000658071
3.657435e-09,0.00066309743
3.757435e-09,0.00065735294
3.857435e-09,0.00064658203
3.957435e-09,0.00063868336
4.057435e-09,0.00064083755
4.157435e-09,0.00065735294
4.257435e-09,0.00068607537
4.357435e-09,0.00072054228
4.457435e-09,0.00075213695
4.557435e-09,0.00077224265
4.657435e-09,0.00077870519
4.757435e-09,0.00077439683
4.857435e-09,0.0007657801
4.957435e-09,0.00076075368
5.057435e-09,0.00076506204
5.157435e-09,0.00077870519
5.257435e-09,0.00079809283
5.357435e-09,0.00081819853
5.457435e-09,0.00083255974
5.557435e-09,0.00083758617
5.657435e-09,0.00083615005
5.757435e-09,0.0008296875
5.857435e-09,0.00082394301
5.957435e-09,0.00082107077
6.057435e-09,0.00082322495
6.157435e-09,0.0008296875
6.257435e-09,0.00083830423
6.357435e-09,0.00084763902
6.457435e-09,0.00085697381
6.557435e-09,0.00086415441
6.657435e-09,0.0008698989
6.757435e-09,0.0008734892
6.857435e-09,0.00087564338
6.957435e-09,0.00087564338
7.057435e-09,0.00087564338
7.157435e-09,0.0008770795
7.257435e-09,0.00088066981
7.357435e-09,0.00088713235
7.457435e-09,0.00089503102
7.557435e-09,0.00090149357
7.657435e-09,0.00090292969
7.757435e-09,0.00089862132
7.857435e-09,0.00088856847
7.957435e-09,0.0008770795
8.057435e-09,0.00086774472
8.157435e-09,0.00086415441
8.257435e-09,0.00086846278
8.357435e-09,0.00087779756
8.457435e-09,0.00088928653
8.557435e-09,0.00089862132
8.657435e-09,0.00090221163
8.757435e-09,0.00090005744
8.857435e-09,0.0008935949
8.957435e-09,0.00088713235
9.057435e-09,0.00088210593
9.157435e-09,0.00087995175
9.257435e-09,0.00087851563
9.357435e-09,0.00087564338
9.457435e-09,0.0008698989
9.557435e-09,0.00086128217
9.657435e-09,0.00085051126
9.757435e-09,0.00084117647
9.857435e-09,0.00083543199
9.957435e-09,0.00083399586
1.005744e-08,0.00083615005
1.015744e-08,0.00084117647
1.025744e-08,0.0008462029
1.035744e-08,0.0008497932
1.045744e-08,0.00085194738
1.055744e-08,0.00085266544
1.065744e-08,0.00085122932
1.075744e-08,0.00084763902
1.085744e-08,0.00084045841
1.095744e-08,0.0008296875
1.105744e-08,0.00081532629
1.115744e-08,0.00079881089
1.125744e-08,0.00078373162
1.135744e-08,0.00077224265
1.145744e-08,0.0007657801
1.155744e-08,0.00076290786
1.165744e-08,0.0007621898
1.175744e-08,0.00076075368
1.185744e-08,0.00075572725
1.195744e-08,0.00074639246
1.205744e-08,0.00073562155
1.215744e-08,0.00072628676
1.225744e-08,0.00072054228
1.235744e-08,0.00071982422
1.245744e-08,0.00072269646
1.255744e-08,0.00072628676
1.265744e-08,0.00072700483
1.275744e-08,0.00072269646
1.285744e-08,0.00071407973
1.295744e-08,0.00070330882
1.305744e-08,0.00069397403
1.315744e-08,0.00068822955
1.325744e-08,0.00068822955
1.335744e-08,0.00069181985
1.345744e-08,0.00069612822
1.355744e-08,0.00069900046
1.365744e-08,0.00069684628
1.375744e-08,0.00069181985
1.385744e-08,0.00068607537
1.395744e-08,0.00068248506
1.405744e-08,0.00068392119
1.415744e-08,0.00069181985
1.425744e-08,0.00070330882
1.435744e-08,0.00071479779
1.445744e-08,0.00072341452
1.455744e-08,0.00072628676
1.465744e-08,0.00072341452
1.475744e-08,0.00071695198
1.485744e-08,0.00070977137
1.495744e-08,0.00070330882
1.505744e-08,0.00069971852
1.515744e-08,0.00069756434
1.525744e-08,0.00069541016
1.535744e-08,0.00069181985
1.545744e-08,0.00068535731
1.555744e-08,0.00067745864
1.565744e-08,0.00066740579
1.575744e-08,0.00065735294
1.585744e-08,0.00064801815
1.595744e-08,0.00063940142
1.605744e-08,0.0006307847
1.615744e-08,0.00062288603
1.625744e-08,0.00061570542
1.635744e-08,0.00060924288
1.645744e-08,0.00060421645
1.655744e-08,0.00059990809
1.665744e-08,0.00059488166
1.675744e-08,0.00058841912
1.685744e-08,0.00057836627
1.695744e-08,0.00056544118
1.705744e-08,0.00055179802
1.715744e-08,0.00054030905
1.725744e-08,0.00053312845
1.735744e-08,0.00053097426
1.745744e-08,0.00053169233
1.755744e-08,0.00053312845
1.765744e-08,0.00052953814
1.775744e-08,0.00051948529
1.785744e-08,0.0005029699
1.795744e-08,0.00048358226
1.805744e-08,0.00046491268
1.815744e-08,0.00045055147
1.825744e-08,0.0004426528
1.835744e-08,0.00044049862
1.845744e-08,0.00044049862
1.855744e-08,0.0004390625
1.865744e-08,0.00043403608
1.875744e-08,0.00042470129
1.885744e-08,0.00041393038
1.895744e-08,0.00040459559
1.905744e-08,0.0003988511
1.915744e-08,0.00039741498
1.925744e-08,0.00039956916
1.935744e-08,0.00040459559
1.945744e-08,0.00041105813
1.955744e-08,0.0004189568
1.965744e-08,0.00042829159
1.975744e-08,0.0004390625
1.985744e-08,0.00045126953
1.995744e-08,0.00046419462
2.005744e-08,0.00047568359
2.015744e-08,0.00048501838
2.025744e-08,0.00049148093
2.035744e-08,0.00049650735
2.045744e-08,0.00050153378
2.055744e-08,0.00050799632
2.065744e-08,0.00051589499
2.075744e-08,0.0005230756
2.085744e-08,0.00052882008
2.095744e-08,0.00053097426
2.105744e-08,0.00052953814
2.115744e-08,0.00052594784
2.125744e-08,0.00052163948
2.135744e-08,0.00051948529
2.145744e-08,0.00051876723
2.155744e-08,0.00052020335
2.165744e-08,0.00052020335
2.175744e-08,0.00051948529
2.185744e-08,0.00051733111
2.195744e-08,0.00051589499
2.205744e-08,0.00051661305
2.215744e-08,0.00051948529
2.225744e-08,0.0005230756
2.235744e-08,0.00052379366
2.245744e-08,0.00051948529
2.255744e-08,0.00050799632
2.265744e-08,0.00049076287
2.275744e-08,0.00047281135
2.285744e-08,0.00045773208
2.295744e-08,0.00045055147
2.305744e-08,0.00045055147
2.315744e-08,0.00045414177
2.325744e-08,0.0004555779
2.335744e-08,0.00045055147
2.345744e-08,0.00043690832
2.355744e-08,0.00041680262
2.365744e-08,0.00039597886
2.375744e-08,0.00038161765
2.385744e-08,0.00037730928
2.395744e-08,0.00038305377
2.405744e-08,0.00039454274
2.415744e-08,0.00040459559
2.425744e-08,0.00040818589
2.435744e-08,0.00040244141
2.445744e-08,0.00038808019
2.455744e-08,0.00037012868
2.465744e-08,0.00035433134
2.475744e-08,0.00034499655
2.485744e-08,0.00034284237
2.495744e-08,0.00034715074
2.505744e-08,0.00035361328
2.515744e-08,0.00035863971
2.525744e-08,0.00036079389
2.535744e-08,0.00035863971
2.545744e-08,0.00035289522
2.555744e-08,0.00034499655
2.565744e-08,0.00033566176
2.575744e-08,0.00032417279
2.585744e-08,0.00031196576
2.595744e-08,0.00029904067
2.605744e-08,0.00028683364
2.615744e-08,0.00027821691
2.625744e-08,0.00027390855
2.635744e-08,0.00027319049
2.645744e-08,0.00027606273
2.655744e-08,0.00027821691
2.665744e-08,0.00027749885
2.675744e-08,0.00027103631
2.685744e-08,0.00025954733
2.695744e-08,0.00024375
2.705744e-08,0.0002272346
2.715744e-08,0.00021287339
2.725744e-08,0.00020282054
2.735744e-08,0.00019779412
2.745744e-08,0.000196358
2.755744e-08,0.00019707606
2.765744e-08,0.00019851218
2.775744e-08,0.00019779412
2.785744e-08,0.00019492188
2.795744e-08,0.00018989545
2.805744e-08,0.00018271484
2.815744e-08,0.00017481618
2.825744e-08,0.00016619945
2.835744e-08,0.00015901884
2.845744e-08,0.00015399242
2.855744e-08,0.00015183824
2.865744e-08,0.0001525563
2.875744e-08,0.0001561466
2.885744e-08,0.00016045496
2.895744e-08,0.00016332721
2.905744e-08,0.00016404527
2.915744e-08,0.00016189108
2.925744e-08,0.00015686466
2.935744e-08,0.00015183824
2.945744e-08,0.00014896599
2.955744e-08,0.00014968405
2.965744e-08,0.00015471048
2.975744e-08,0.00016332721
2.985744e-08,0.00017266199
2.995744e-08,0.00018056066
3.005744e-08,0.00018558709
3.015744e-08,0.00018630515
3.025744e-08,0.00018415097
3.035744e-08,0.00018056066
3.045744e-08,0.00017697036
3.055744e-08,0.00017481618
3.065744e-08,0.00017338006
3.075744e-08,0.00017338006
3.085744e-08,0.00017338006
3.095744e-08,0.00017481618
3.105744e-08,0.00017840648
3.115744e-08,0.00018558709
3.125744e-08,0.000196358
3.135744e-08,0.00020928309
3.145744e-08,0.00022220818
3.155744e-08,0.00023297909
3.165744e-08,0.00023944164
3.175744e-08,0.00024375
3.185744e-08,0.00024805836
3.195744e-08,0.00025595703
3.205744e-08,0.00026960018
3.215744e-08,0.00028970588
3.225744e-08,0.00031268382
3.235744e-08,0.00033278952
3.245744e-08,0.00034499655
3.255744e-08,0.00034715074
3.265744e-08,0.00033925207
3.275744e-08,0.00032560892
3.285744e-08,0.0003112477
3.295744e-08,0.00030119485
3.305744e-08,0.00029545037
3.315744e-08,0.00029329619
3.325744e-08,0.00028826976
3.335744e-08,0.00027821691
3.345744e-08,0.0002602654
3.355744e-08,0.00023585133
3.365744e-08,0.00021000115
3.375744e-08,0.00018630515
3.385744e-08,0.00016907169
3.395744e-08,0.00015758272
3.405744e-08,0.00014968405
3.415744e-08,0.00014034926
3.425744e-08,0.00012598805
3.435744e-08,0.00010444623
3.445744e-08,7.7877987e-05
3.455744e-08,4.84375e-05
3.465744e-08,2.0433134e-05
3.475744e-08,-2.544807e-06
3.485744e-08,-1.9778263e-05
3.495744e-08,-3.1985294e-05
3.505744e-08,-4.0602022e-05
3.515744e-08,-4.8500689e-05
3.525744e-08,-5.6399357e-05
3.535744e-08,-6.6452206e-05
3.545744e-08,-8.0095358e-05
3.555744e-08,-9.6610754e-05
3.565744e-08,-0.00011599839
3.575744e-08,-0.00013538603
3.585744e-08,-0.00015190142
3.595744e-08,-0.00016195427
3.605744e-08,-0.00016410846
3.615744e-08,-0.00015836397
3.625744e-08,-0.000146875
3.635744e-08,-0.00013466797
3.645744e-08,-0.00012605124
3.655744e-08,-0.00012389706
3.665744e-08,-0.00012748736
3.675744e-08,-0.00013538603
3.685744e-08,-0.00014256664
3.695744e-08,-0.000146875
3.705744e-08,-0.00014831112
3.715744e-08,-0.00014831112
3.725744e-08,-0.00015118336
3.735744e-08,-0.00015836397
3.745744e-08,-0.000170571
3.755744e-08,-0.00018493222
3.765744e-08,-0.00019713925
3.775744e-08,-0.00020431985
3.785744e-08,-0.00020575597
3.795744e-08,-0.00020360179
3.805744e-08,-0.00020144761
3.815744e-08,-0.00020431985
3.825744e-08,-0.00021293658
3.835744e-08,-0.00022657973
3.845744e-08,-0.00024022289
3.855744e-08,-0.00025027574
3.865744e-08,-0.00025386604
3.875744e-08,-0.0002509938
3.885744e-08,-0.00024453125
3.895744e-08,-0.00023878676
3.905744e-08,-0.00023591452
3.915744e-08,-0.0002380687
3.925744e-08,-0.00024309513
3.935744e-08,-0.00025027574
3.945744e-08,-0.0002581744
3.955744e-08,-0.00026607307
3.965744e-08,-0.0002746898
3.975744e-08,-0.00028474265
3.985744e-08,-0.00029623162
3.995744e-08,-0.00030700253
4.005744e-08,-0.00031490119
4.015744e-08,-0.00031920956
4.025744e-08,-0.00031992762
4.035744e-08,-0.00032064568
4.045744e-08,-0.00032351792
4.055744e-08,-0.00033069853
4.065744e-08,-0.00034290556
4.075744e-08,-0.00035654871
4.085744e-08,-0.00036875574
4.095744e-08,-0.00037665441
4.105744e-08,-0.00037880859
4.115744e-08,-0.00037880859
4.125744e-08,-0.00038024472
4.135744e-08,-0.00038814338
4.145744e-08,-0.00040465878
4.155744e-08,-0.00042835478
4.165744e-08,-0.00045492302
4.175744e-08,-0.00048005515
4.185744e-08,-0.00050016085
4.195744e-08,-0.00051308594
4.205744e-08,-0.0005209846
4.215744e-08,-0.00052601103
4.225744e-08,-0.00053031939
4.235744e-08,-0.00053606388
4.245744e-08,-0.00054180836
4.255744e-08,-0.00054898897
4.265744e-08,-0.00055688764
4.275744e-08,-0.00056694049
4.285744e-08,-0.00057986558
4.295744e-08,-0.00059494485
4.305744e-08,-0.00061074219
4.315744e-08,-0.0006251034
4.325744e-08,-0.00063515625
4.335744e-08,-0.00064090074
4.345744e-08,-0.00064377298
4.355744e-08,-0.00064808134
4.365744e-08,-0.00065813419
4.375744e-08,-0.00067536765
4.385744e-08,-0.00069762753
4.395744e-08,-0.00071988741
4.405744e-08,-0.00073712086
4.415744e-08,-0.00074430147
4.425744e-08,-0.00074286535
4.435744e-08,-0.00073855699
4.445744e-08,-0.0007364028
4.455744e-08,-0.00074430147
4.465744e-08,-0.00076225299
4.475744e-08,-0.00078666705
4.485744e-08,-0.00080964499
4.495744e-08,-0.00082472426
4.505744e-08,-0.00082616039
4.515744e-08,-0.00081395335
4.525744e-08,-0.00079241153
4.535744e-08,-0.00076727941
4.545744e-08,-0.00074214729
4.555744e-08,-0.00071845129
4.565744e-08,-0.00069403722
4.575744e-08,-0.00066387868
4.585744e-08,-0.00062582146
4.595744e-08,-0.0005777114
4.605744e-08,-0.0005209846
4.615744e-08,-0.00045707721
4.625744e-08,-0.00038670726
4.635744e-08,-0.00030915671
4.645744e-08,-0.00022227137
4.655744e-08,-0.00012389706
4.665744e-08,-1.1161535e-05
4.675744e-08,0.00011521714
4.685744e-08,0.00025739315
4.695744e-08,0.00041608456
4.705744e-08,0.00059272748
4.715744e-08,0.0007894761
4.725744e-08,0.0010070485
4.735744e-08,0.0012432904
4.745744e-08,0.0014924575
4.755744e-08,0.0017488051
4.765744e-08,0.0020065889
4.775744e-08,0.0022658088
4.785744e-08,0.0025314913
4.795744e-08,0.002812971
4.805744e-08,0.0031174288
4.815744e-08,0.0034491728
4.825744e-08,0.0038060489
4.835744e-08,0.0041794405
4.845744e-08,0.0045607307
4.855744e-08,0.004942739
4.865744e-08,0.0053254653
4.875744e-08,0.0057125
4.885744e-08,0.0061124598
4.895744e-08,0.0065282169
4.905744e-08,0.0069576172
4.915744e-08,0.0073913258
4.925744e-08,0.0078178539
4.935744e-08,0.0082285846
4.945744e-08,0.0086206457
4.955744e-08,0.0089983456
4.965744e-08,0.009370301
4.975744e-08,0.0097451287
4.985744e-08,0.010123547
4.995744e-08,0.010501247
5.005744e-08,0.010868176
5.015744e-08,0.011215717
5.025744e-08,0.011539562
5.035744e-08,0.01184402
5.045744e-08,0.012135553
5.055744e-08,0.012422059
5.065744e-08,0.012707129
5.075744e-08,0.012987891
5.085744e-08,0.013255727
5.095744e-08,0.013502022
5.105744e-08,0.013721749
5.115744e-08,0.013917779
5.125744e-08,0.014094422
5.135744e-08,0.014260294
5.145744e-08,0.014419704
5.155744e-08,0.014572651
5.165744e-08,0.014716263
5.175744e-08,0.014846232
5.185744e-08,0.014962557
5.195744e-08,0.015067394
5.205744e-08,0.015165769
5.215744e-08,0.015259835
5.225744e-08,0.015348156
5.235744e-08,0.015425707
5.245744e-08,0.015485306
5.255744e-08,0.015524081
5.265744e-08,0.015544187
5.275744e-08,0.015554957
5.285744e-08,0.01556501
5.295744e-08,0.015581526
5.305744e-08,0.015603786
5.315744e-08,0.015624609
5.325744e-08,0.015634662
5.335744e-08,0.015627482
5.345744e-08,0.015603786
5.355744e-08,0.015572909
5.365744e-08,0.015547059
5.375744e-08,0.01553557
5.385744e-08,0.01553916
5.395744e-08,0.015550649
5.405744e-08,0.015556394
5.415744e-08,0.015547059
5.425744e-08,0.015520491
5.435744e-08,0.015483869
5.445744e-08,0.015450839
5.455744e-08,0.015432169
5.465744e-08,0.015432887
5.475744e-08,0.01544653
5.485744e-08,0.015462328
5.495744e-08,0.015466636
5.505744e-08,0.015455147
5.515744e-08,0.015432887
5.525744e-08,0.015409191
5.535744e-08,0.015397702
5.545744e-08,0.015402729
5.555744e-08,0.01542068
5.565744e-08,0.015442222
5.575744e-08,0.015455147
5.585744e-08,0.015454429
5.595744e-08,0.015442222
5.605744e-08,0.015427861
5.615744e-08,0.01542068
5.625744e-08,0.015424989
5.635744e-08,0.015437914
5.645744e-08,0.015451557
5.655744e-08,0.015455147
5.665744e-08,0.01544653
5.675744e-08,0.015429297
5.685744e-08,0.0154135
5.695744e-08,0.015409191
5.705744e-08,0.015419962
5.715744e-08,0.015442222
5.725744e-08,0.0154652
5.735744e-08,0.015478125
5.745744e-08,0.015476689
5.755744e-08,0.0154652
5.765744e-08,0.015453711
5.775744e-08,0.015455147
5.785744e-08,0.015474535
5.795744e-08,0.015511156
5.805744e-08,0.015554239
5.815744e-08,0.015593015
5.825744e-08,0.015621737
5.835744e-08,0.015641125
5.845744e-08,0.015659076
5.855744e-08,0.015684926
5.865744e-08,0.01572442
5.875744e-08,0.015776838
5.885744e-08,0.015835719
5.895744e-08,0.015891728
5.905744e-08,0.015941992
5.915744e-08,0.015990102
5.925744e-08,0.016042521
5.935744e-08,0.016110018
5.945744e-08,0.016195468
5.955744e-08,0.016296714
5.965744e-08,0.016405141
5.975744e-08,0.016512132
5.985744e-08,0.016614097
5.995744e-08,0.016713189
6.005744e-08,0.016818026
6.015744e-08,0.016937224
6.025744e-08,0.017073656
6.035744e-08,0.017223012
6.045744e-08,0.017375959
6.055744e-08,0.017523162
6.065744e-08,0.017659593
6.075744e-08,0.017788844
6.085744e-08,0.017920249
6.095744e-08,0.018063143
6.105744e-08,0.018223989
6.115744e-08,0.018400632
6.125744e-08,0.018584455
6.135744e-08,0.018763971
6.145744e-08,0.018930561
6.155744e-08,0.01908279
6.165744e-08,0.019224247
6.175744e-08,0.019361397
6.185744e-08,0.019499983
6.195744e-08,0.019640005
6.205744e-08,0.01977859
6.215744e-08,0.019912868
6.225744e-08,0.020040682
6.235744e-08,0.020164907
6.245744e-08,0.020289131
6.255744e-08,0.020418382
6.265744e-08,0.020549787
6.275744e-08,0.02067832
6.285744e-08,0.02079321
6.295744e-08,0.02088943
6.305744e-08,0.020965545
6.315744e-08,0.021028734
6.325744e-08,0.021088333
6.335744e-08,0.021153676
6.345744e-08,0.021226919
6.355744e-08,0.021303033
6.365744e-08,0.021373403
6.375744e-08,0.021429412
6.385744e-08,0.021468187
6.395744e-08,0.021494037
6.405744e-08,0.021516297
6.415744e-08,0.021544301
6.425744e-08,0.021579486
6.435744e-08,0.021616826
6.445744e-08,0.021646984
6.455744e-08,0.021659191
6.465744e-08,0.021650574
6.475744e-08,0.021626878
6.485744e-08,0.021598874
6.495744e-08,0.021578768
6.505744e-08,0.021573742
6.515744e-08,0.021581641
6.525744e-08,0.021593848
6.535744e-08,0.021601746
6.545744e-08,0.021597438
6.555744e-08,0.021582359
6.565744e-08,0.021561535
6.575744e-08,0.021544301
6.585744e-08,0.021534967
6.595744e-08,0.021531376
6.605744e-08,0.021529222
6.615744e-08,0.021521324
6.625744e-08,0.021503372
6.635744e-08,0.02147824
6.645744e-08,0.021450954
6.655744e-08,0.021429412
6.665744e-08,0.021415051
6.675744e-08,0.021404998
6.685744e-08,0.021392791
6.695744e-08,0.021371967
6.705744e-08,0.02134109
6.715744e-08,0.021305905
6.725744e-08,0.021275029
6.735744e-08,0.021257077
6.745744e-08,0.021253487
6.755744e-08,0.021259949
6.765744e-08,0.021264258
6.775744e-08,0.021257077
6.785744e-08,0.021232663
6.795744e-08,0.021193888
6.805744e-08,0.02115224
6.815744e-08,0.02111921
6.825744e-08,0.021102694
6.835744e-08,0.021102694
6.845744e-08,0.021111311
6.855744e-08,0.02111921
6.865744e-08,0.021117773
6.875744e-08,0.021106284
6.885744e-08,0.021089051
6.895744e-08,0.021073254
6.905744e-08,0.021065355
6.915744e-08,0.021065355
6.925744e-08,0.021070381
6.935744e-08,0.021073254
6.945744e-08,0.021068945
6.955744e-08,0.021055302
6.965744e-08,0.021035915
6.975744e-08,0.021015809
6.985744e-08,0.020997139
6.995744e-08,0.020981342
7.005744e-08,0.020964827
7.015744e-08,0.020946875
7.025744e-08,0.020926051
7.035744e-08,0.020905227
7.045744e-08,0.020887994
7.055744e-08,0.020877941
7.065744e-08,0.020874351
7.075744e-08,0.020872915
7.085744e-08,0.020867888
7.095744e-08,0.020854963
7.105744e-08,0.020835576
7.115744e-08,0.020813316
7.125744e-08,0.020795364
7.135744e-08,0.020786029
7.145744e-08,0.020784593
7.155744e-08,0.020786747
7.165744e-08,0.020784593
7.175744e-08,0.02077454
7.185744e-08,0.020758025
7.195744e-08,0.020740074
7.205744e-08,0.020728585
7.215744e-08,0.020728585
7.225744e-08,0.020737201
7.235744e-08,0.020747972
7.245744e-08,0.020750844
7.255744e-08,0.020740074
7.265744e-08,0.020717096
7.275744e-08,0.020689809
7.285744e-08,0.020668986
7.295744e-08,0.020659651
7.305744e-08,0.020661087
7.315744e-08,0.020664677
7.325744e-08,0.020658933
7.335744e-08,0.020636673
7.345744e-08,0.020600052
7.355744e-08,0.02055984
7.365744e-08,0.0205304
7.375744e-08,0.020521783
7.385744e-08,0.020534708
7.395744e-08,0.020558404
7.405744e-08,0.020577792
7.415744e-08,0.020579228
7.425744e-08,0.020558404
7.435744e-08,0.020523219
7.445744e-08,0.020487316
7.455744e-08,0.020464338
7.465744e-08,0.02046003
7.475744e-08,0.020468647
7.485744e-08,0.020478699
7.495744e-08,0.020475827
7.505744e-08,0.020455003
7.515744e-08,0.020421255
7.525744e-08,0.020385352
7.535744e-08,0.020360938
7.545744e-08,0.020355193
7.555744e-08,0.02036381
7.565744e-08,0.020378171
7.575744e-08,0.020383915
7.585744e-08,0.020375299
7.595744e-08,0.020353039
7.605744e-08,0.020325753
7.615744e-08,0.020303493
7.625744e-08,0.020292004
7.635744e-08,0.020287695
7.645744e-08,0.020282669
7.655744e-08,0.020269026
7.665744e-08,0.020242457
7.675744e-08,0.020209427
7.685744e-08,0.020179986
7.695744e-08,0.020165625
7.705744e-08,0.020170651
7.715744e-08,0.020190757
7.725744e-08,0.020212299
7.735744e-08,0.02022307
7.745744e-08,0.020215171
7.755744e-08,0.020190039
7.765744e-08,0.020158444
7.775744e-08,0.020131158
7.785744e-08,0.020116079
7.795744e-08,0.020113207
7.805744e-08,0.020113925
7.815744e-08,0.02010818
7.825744e-08,0.020090947
7.835744e-08,0.02006366
7.845744e-08,0.020034938
7.855744e-08,0.020016268
7.865744e-08,0.020013396
7.875744e-08,0.020024167
7.885744e-08,0.020040682
7.895744e-08,0.020050735
7.905744e-08,0.020047145
7.915744e-08,0.020027757
7.925744e-08,0.019999753
7.935744e-08,0.019970313
7.945744e-08,0.019946616
7.955744e-08,0.019930101
7.965744e-08,0.019916458
7.975744e-08,0.019901379
7.985744e-08,0.019881991
7.995744e-08,0.019859731
8.005744e-08,0.01984178
8.015744e-08,0.019832445
8.025744e-08,0.019832445
8.035744e-08,0.019836753
8.045744e-08,0.019836035
8.055744e-08,0.019820956
8.065744e-08,0.019788643
8.075744e-08,0.019741969
8.085744e-08,0.019692423
8.095744e-08,0.019648621
8.105744e-08,0.019617745
8.115744e-08,0.019598357
8.125744e-08,0.019584714
8.135744e-08,0.019568199
8.145744e-08,0.019545221
8.155744e-08,0.019516498
8.165744e-08,0.019487776
8.175744e-08,0.019464798
8.185744e-08,0.019450437
8.195744e-08,0.01944182
8.205744e-08,0.019433921
8.215744e-08,0.019418842
8.225744e-08,0.019395864
8.235744e-08,0.019367142
8.245744e-08,0.019338419
8.255744e-08,0.019315441
8.265744e-08,0.019298926
8.275744e-08,0.019283847
8.285744e-08,0.019263741
8.295744e-08,0.019235018
8.305744e-08,0.019198397
8.315744e-08,0.019161058
8.325744e-08,0.019133054
8.335744e-08,0.019120129
8.345744e-08,0.019122283
8.355744e-08,0.019130182
8.365744e-08,0.019133054
8.375744e-08,0.019120129
8.385744e-08,0.019089252
8.395744e-08,0.019046886
8.405744e-08,0.019003803
8.415744e-08,0.018970772
8.425744e-08,0.018951384
8.435744e-08,0.01894205
8.445744e-08,0.018931997
8.455744e-08,0.018913327
8.465744e-08,0.018883169
8.475744e-08,0.018847266
8.485744e-08,0.018815671
8.495744e-08,0.018798438
8.505744e-08,0.018797001
8.515744e-08,0.0188049
8.525744e-08,0.018809208
8.535744e-08,0.018798438
8.545744e-08,0.018768279
8.555744e-08,0.018723041
8.565744e-08,0.018675649
8.575744e-08,0.018637592
8.585744e-08,0.01861605
8.595744e-08,0.018608151
8.605744e-08,0.018603843
8.615744e-08,0.018591636
8.625744e-08,0.018565068
8.635744e-08,0.018526293
8.645744e-08,0.018485363
8.655744e-08,0.018453768
8.665744e-08,0.018438689
8.675744e-08,0.018437971
8.685744e-08,0.018442997
8.695744e-08,0.018442279
8.705744e-08,0.0184272
8.715744e-08,0.01839776
8.725744e-08,0.018361139
8.735744e-08,0.01832739
8.745744e-08,0.018302976
8.755744e-08,0.018288614
8.765744e-08,0.018276407
8.775744e-08,0.018258456
8.785744e-08,0.018227579
8.795744e-08,0.018185214
8.805744e-08,0.01813854
8.815744e-08,0.01809761
8.825744e-08,0.018069606
8.835744e-08,0.018055963
8.845744e-08,0.0180495
8.855744e-08,0.018040165
8.865744e-08,0.01802006
8.875744e-08,0.017987029
8.885744e-08,0.017944663
8.895744e-08,0.017902298
8.905744e-08,0.017866395
8.915744e-08,0.017839827
8.925744e-08,0.017819003
8.935744e-08,0.017798897
8.945744e-08,0.017773047
8.955744e-08,0.017740734
8.965744e-08,0.017704831
8.975744e-08,0.017672518
8.985744e-08,0.01764954
8.995744e-08,0.017636615
9.005744e-08,0.017631589
9.015744e-08,0.017626563
9.025744e-08,0.017614355
9.035744e-08,0.017592096
9.045744e-08,0.017559783
9.055744e-08,0.017523162
9.065744e-08,0.017488695
9.075744e-08,0.017461409
9.085744e-08,0.017442739
9.095744e-08,0.01743125
9.105744e-08,0.017423351
9.115744e-08,0.017414735
9.125744e-08,0.017403246
9.135744e-08,0.017385294
9.145744e-08,0.017361598
9.155744e-08,0.017332158
9.165744e-08,0.017300563
9.175744e-08,0.017270404
9.185744e-08,0.017246708
9.195744e-08,0.017232347
9.205744e-08,0.017230193
9.215744e-08,0.017235937
9.225744e-08,0.017243118
9.235744e-08,0.017243118
9.245744e-08,0.017230193
9.255744e-08,0.017201471
9.265744e-08,0.017161977
9.275744e-08,0.017119612
9.285744e-08,0.017081554
9.295744e-08,0.017052114
9.305744e-08,0.017029136
9.315744e-08,0.017006158
9.325744e-08,0.016976718
9.335744e-08,0.016937224
9.345744e-08,0.016891986
9.355744e-08,0.016848903
9.365744e-08,0.01681659
9.375744e-08,0.016799357
9.385744e-08,0.016793612
9.395744e-08,0.016789304
9.405744e-08,0.016774943
9.415744e-08,0.016741912
9.425744e-08,0.016690929
9.435744e-08,0.01663133
9.445744e-08,0.01657604
9.455744e-08,0.01653511
9.465744e-08,0.01651285
9.475744e-08,0.016504952
9.485744e-08,0.016499925
9.495744e-08,0.016489154
9.505744e-08,0.016468331
9.515744e-08,0.01643889
9.525744e-08,0.01640945
9.535744e-08,0.016385754
9.545744e-08,0.01636852
9.555744e-08,0.016352723
9.565744e-08,0.016329745
9.575744e-08,0.016293842
9.585744e-08,0.01624645
9.595744e-08,0.016195468
9.605744e-08,0.01615382
9.615744e-08,0.016132996
9.625744e-08,0.016134432
9.635744e-08,0.01615023
9.645744e-08,0.016166027
9.655744e-08,0.016167463
9.665744e-08,0.016145921
9.675744e-08,0.016104992
9.685744e-08,0.01605401
9.695744e-08,0.016006618
9.705744e-08,0.015972869
9.715744e-08,0.015953481
9.725744e-08,0.015941274
9.735744e-08,0.015926195
9.745744e-08,0.015901063
9.755744e-08,0.01586516
9.765744e-08,0.015824948
9.775744e-08,0.015788327
9.785744e-08,0.015762477
9.795744e-08,0.015748834
9.805744e-08,0.015740935
9.815744e-08,0.015730882
9.825744e-08,0.015711495
9.835744e-08,0.015681336
9.845744e-08,0.015643997
9.855744e-08,0.015604504
9.865744e-08,0.015568601
9.875744e-08,0.015537724
9.885744e-08,0.015508284
9.895744e-08,0.015478125
9.905744e-08,0.015444376
9.915744e-08,0.015408473
9.925744e-08,0.01537616
9.935744e-08,0.015351746
9.945744e-08,0.015337385
9.955744e-08,0.015330205
9.965744e-08,0.015325896
9.975744e-08,0.015317279
9.985744e-08,0.015301482
9.995744e-08,0.015280658
1.000574e-07,0.01525768
1.001574e-07,0.015236857
1.002574e-07,0.015220341
1.003574e-07,0.01520598
1.004574e-07,0.015190183
1.005574e-07,0.015167923
1.006574e-07,0.015141355
1.007574e-07,0.015114786
1.008574e-07,0.015094681
1.009574e-07,0.0150875
1.010574e-07,0.015091808
1.011574e-07,0.015103297
1.012574e-07,0.015111914
1.013574e-07,0.015110478
1.014574e-07,0.015096835
1.015574e-07,0.015073857
1.016574e-07,0.015049443
1.017574e-07,0.015030055
1.018574e-07,0.015018566
1.019574e-07,0.015010668
1.020574e-07,0.015001333
1.021574e-07,0.014984099
1.022574e-07,0.014958249
1.023574e-07,0.014927372
1.024574e-07,0.014900086
1.025574e-07,0.014880699
1.026574e-07,0.014871364
1.027574e-07,0.014867773
1.028574e-07,0.014861311
1.029574e-07,0.014846232
1.030574e-07,0.014821099
1.031574e-07,0.014791659
1.032574e-07,0.014763655
1.033574e-07,0.014742831
1.034574e-07,0.014729906
1.035574e-07,0.014719135
1.036574e-07,0.014702619
1.037574e-07,0.014673897
1.038574e-07,0.014634404
1.039574e-07,0.014592038
1.040574e-07,0.014556853
1.041574e-07,0.014536029
1.042574e-07,0.014530285
1.043574e-07,0.014531721
1.044574e-07,0.014529567
1.045574e-07,0.014513051
1.046574e-07,0.014481457
1.047574e-07,0.014440527
1.048574e-07,0.014401752
1.049574e-07,0.014375184
1.050574e-07,0.014362977
1.051574e-07,0.014360105
1.052574e-07,0.014355796
1.053574e-07,0.014340717
1.054574e-07,0.014312713
1.055574e-07,0.014277528
1.056574e-07,0.014245933
1.057574e-07,0.014225827
1.058574e-07,0.014220801
1.059574e-07,0.014223673
1.060574e-07,0.014225109
1.061574e-07,0.014214338
1.062574e-07,0.014188488
1.063574e-07,0.014152585
1.064574e-07,0.014115964
1.065574e-07,0.01408796
1.066574e-07,0.014070726
1.067574e-07,0.014060673
1.068574e-07,0.014049184
1.069574e-07,0.014030515
1.070574e-07,0.014004665
1.071574e-07,0.013977378
1.072574e-07,0.013957991
1.073574e-07,0.013950092
1.074574e-07,0.01395081
1.075574e-07,0.013949374
1.076574e-07,0.01393214
1.077574e-07,0.013892647
1.078574e-07,0.013835202
1.079574e-07,0.013774167
1.080574e-07,0.013728211
1.081574e-07,0.013708824
1.082574e-07,0.013716004
1.083574e-07,0.013737546
1.084574e-07,0.013751907
1.085574e-07,0.01374329
1.086574e-07,0.013708105
1.087574e-07,0.013654969
1.088574e-07,0.013603987
1.089574e-07,0.013570956
1.090574e-07,0.013563775
1.091574e-07,0.013575982
1.092574e-07,0.01359178
1.093574e-07,0.013593934
1.094574e-07,0.013575982
1.095574e-07,0.013541515
1.096574e-07,0.013504894
1.097574e-07,0.013479044
1.098574e-07,0.013469709
1.099574e-07,0.013471145
1.100574e-07,0.013471145
1.101574e-07,0.013456066
1.102574e-07,0.013422317
1.103574e-07,0.013378516
1.104574e-07,0.013339022
1.105574e-07,0.013318199
1.106574e-07,0.013321789
1.107574e-07,0.013341176
1.108574e-07,0.013360564
1.109574e-07,0.013364154
1.110574e-07,0.013344049
1.111574e-07,0.01330671
1.112574e-07,0.01326578
1.113574e-07,0.013237776
1.114574e-07,0.013229877
1.115574e-07,0.01323634
1.116574e-07,0.013244238
1.117574e-07,0.013237776
1.118574e-07,0.013210489
1.119574e-07,0.013168842
1.120574e-07,0.013126476
1.121574e-07,0.013099908
1.122574e-07,0.013097754
1.123574e-07,0.013114987
1.124574e-07,0.013136529
1.125574e-07,0.013145864
1.126574e-07,0.013132221
1.127574e-07,0.013096318
1.128574e-07,0.013049644
1.129574e-07,0.013007996
1.130574e-07,0.012979992
1.131574e-07,0.012965631
1.132574e-07,0.012955578
1.133574e-07,0.012939063
1.134574e-07,0.012908904
1.135574e-07,0.012868693
1.136574e-07,0.012829199
1.137574e-07,0.012801195
1.138574e-07,0.012790424
1.139574e-07,0.012791142
1.140574e-07,0.01279186
1.141574e-07,0.012778217
1.142574e-07,0.012744468
1.143574e-07,0.012694922
1.144574e-07,0.01264394
1.145574e-07,0.012605882
1.146574e-07,0.012589367
1.147574e-07,0.012590803
1.148574e-07,0.012597266
1.149574e-07,0.012594393
1.150574e-07,0.012571415
1.151574e-07,0.012530486
1.152574e-07,0.012483094
1.153574e-07,0.012445037
1.154574e-07,0.012426367
1.155574e-07,0.012427803
1.156574e-07,0.012439292
1.157574e-07,0.012445037
1.158574e-07,0.012434266
1.159574e-07,0.012405543
1.160574e-07,0.012366768
1.161574e-07,0.012330147
1.162574e-07,0.012307887
1.163574e-07,0.012302143
1.164574e-07,0.012305733
1.165574e-07,0.012307169
1.166574e-07,0.012294962
1.167574e-07,0.012264804
1.168574e-07,0.012223156
1.169574e-07,0.01218079
1.170574e-07,0.012149196
1.171574e-07,0.012135553
1.172574e-07,0.012136989
1.173574e-07,0.012146324
1.174574e-07,0.012152786
1.175574e-07,0.012149914
1.176574e-07,0.012135553
1.177574e-07,0.012111857
1.178574e-07,0.01208457
1.179574e-07,0.012057284
1.180574e-07,0.012032152
1.181574e-07,0.012008456
1.182574e-07,0.01198476
1.183574e-07,0.011961064
1.184574e-07,0.011938086
1.185574e-07,0.011916544
1.186574e-07,0.011896438
1.187574e-07,0.011876333
1.188574e-07,0.011852637
1.189574e-07,0.011824632
1.190574e-07,0.011793038
1.191574e-07,0.011761443
1.192574e-07,0.011733439
1.193574e-07,0.011709743
1.194574e-07,0.011688919
1.195574e-07,0.011665223
1.196574e-07,0.011634346
1.197574e-07,0.011594853
1.198574e-07,0.011550333
1.199574e-07,0.011508686
1.200574e-07,0.011479963
1.201574e-07,0.011468474
1.202574e-07,0.011472783
1.203574e-07,0.011482835
1.204574e-07,0.01148858
1.205574e-07,0.011479963
1.206574e-07,0.011455549
1.207574e-07,0.0114218
1.208574e-07,0.01138877
1.209574e-07,0.011365074
1.210574e-07,0.011355021
1.211574e-07,0.011353585
1.212574e-07,0.011352148
1.213574e-07,0.011342096
1.214574e-07,0.011319836
1.215574e-07,0.011289677
1.216574e-07,0.011260237
1.217574e-07,0.011238695
1.218574e-07,0.011230078
1.219574e-07,0.011232232
1.220574e-07,0.011237259
1.221574e-07,0.011238695
1.222574e-07,0.011232232
1.223574e-07,0.011220743
1.224574e-07,0.011209254
1.225574e-07,0.011204228
1.226574e-07,0.011205664
1.227574e-07,0.011209972
1.228574e-07,0.011207818
1.229574e-07,0.011192739
1.230574e-07,0.011164017
1.231574e-07,0.011126677
1.232574e-07,0.011091492
1.233574e-07,0.01106636
1.234574e-07,0.011055589
1.235574e-07,0.011055589
1.236574e-07,0.011058462
1.237574e-07,0.011054871
1.238574e-07,0.01104051
1.239574e-07,0.011016096
1.240574e-07,0.010988092
1.241574e-07,0.01096296
1.242574e-07,0.010943572
1.243574e-07,0.010928493
1.244574e-07,0.010913413
1.245574e-07,0.010894026
1.246574e-07,0.01087033
1.247574e-07,0.010845916
1.248574e-07,0.01082581
1.249574e-07,0.010813603
1.250574e-07,0.01080714
1.251574e-07,0.010799242
1.252574e-07,0.010783444
1.253574e-07,0.010756158
1.254574e-07,0.010720973
1.255574e-07,0.010686506
1.256574e-07,0.010662092
1.257574e-07,0.010652757
1.258574e-07,0.010653475
1.259574e-07,0.010653475
1.260574e-07,0.010639832
1.261574e-07,0.010606801
1.262574e-07,0.010557255
1.263574e-07,0.010504837
1.264574e-07,0.010464625
1.265574e-07,0.010445956
1.266574e-07,0.01044811
1.267574e-07,0.010458163
1.268574e-07,0.010457445
1.269574e-07,0.010434467
1.270574e-07,0.010387075
1.271574e-07,0.010326758
1.272574e-07,0.010272185
1.273574e-07,0.010239154
1.274574e-07,0.010232692
1.275574e-07,0.010244181
1.276574e-07,0.010256388
1.277574e-07,0.010250643
1.278574e-07,0.010220485
1.279574e-07,0.010171657
1.280574e-07,0.01011852
1.281574e-07,0.010078309
1.282574e-07,0.010059639
1.283574e-07,0.010059639
1.284574e-07,0.01006682
1.285574e-07,0.01006682
1.286574e-07,0.010052459
1.287574e-07,0.010027327
1.288574e-07,0.010001476
1.289574e-07,0.0099863971
1.290574e-07,0.0099878332
1.291574e-07,0.010000758
1.292574e-07,0.010012247
1.293574e-07,0.010009375
1.294574e-07,0.0099863971
1.295574e-07,0.0099483398
1.296574e-07,0.0099088465
1.297574e-07,0.0098829963
1.298574e-07,0.009878688
1.299574e-07,0.0098916131
1.300574e-07,0.0099095646
1.301574e-07,0.0099174632
1.302574e-07,0.0099066923
1.303574e-07,0.0098779699
1.304574e-07,0.0098427849
1.305574e-07,0.0098140625
1.306574e-07,0.0097997013
1.307574e-07,0.0097997013
1.308574e-07,0.0098047277
1.309574e-07,0.0098025735
1.310574e-07,0.0097860581
1.311574e-07,0.0097566176
1.312574e-07,0.0097235869
1.313574e-07,0.0096991728
1.314574e-07,0.009689838
1.315574e-07,0.0096948644
1.316574e-07,0.0097056353
1.317574e-07,0.0097106618
1.318574e-07,0.0097027631
1.319574e-07,0.0096819393
1.320574e-07,0.0096553711
1.321574e-07,0.009630239
1.322574e-07,0.0096122875
1.323574e-07,0.0096000804
1.324574e-07,0.0095857192
1.325574e-07,0.0095613051
1.326574e-07,0.009523966
1.327574e-07,0.0094780101
1.328574e-07,0.0094327723
1.329574e-07,0.0094004596
1.330574e-07,0.0093853803
1.331574e-07,0.0093846622
1.332574e-07,0.0093896886
1.333574e-07,0.0093889706
1.334574e-07,0.0093760455
1.335574e-07,0.0093523495
1.336574e-07,0.009322909
1.337574e-07,0.0092970588
1.338574e-07,0.0092783892
1.339574e-07,0.0092647461
1.340574e-07,0.0092496668
1.341574e-07,0.009228125
1.342574e-07,0.0091972484
1.343574e-07,0.0091627815
1.344574e-07,0.0091319049
1.345574e-07,0.0091132353
1.346574e-07,0.0091074908
1.347574e-07,0.009109645
1.348574e-07,0.0091110811
1.349574e-07,0.0091017463
1.350574e-07,0.0090802045
1.351574e-07,0.0090522001
1.352574e-07,0.0090256319
1.353574e-07,0.0090098346
1.354574e-07,0.0090048081
1.355574e-07,0.0090048081
1.356574e-07,0.0089983456
1.357574e-07,0.0089753676
1.358574e-07,0.0089344382
1.359574e-07,0.0088813017
1.360574e-07,0.0088303194
1.361574e-07,0.0087915441
1.362574e-07,0.0087707204
1.363574e-07,0.0087635398
1.364574e-07,0.0087585133
1.365574e-07,0.0087455882
1.366574e-07,0.0087204561
1.367574e-07,0.0086867073
1.368574e-07,0.0086536765
1.369574e-07,0.0086306985
1.370574e-07,0.0086213637
1.371574e-07,0.0086213637
1.372574e-07,0.0086199276
1.373574e-07,0.0086077206
1.374574e-07,0.0085818704
1.375574e-07,0.0085481216
1.376574e-07,0.0085150908
1.377574e-07,0.0084928309
1.378574e-07,0.008482778
1.379574e-07,0.0084784697
1.380574e-07,0.0084691349
1.381574e-07,0.008446875
1.382574e-07,0.0084095358
1.383574e-07,0.0083657341
1.384574e-07,0.008328395
1.385574e-07,0.0083090074
1.386574e-07,0.0083090074
1.387574e-07,0.0083212144
1.388574e-07,0.0083298311
1.389574e-07,0.0083204963
1.390574e-07,0.0082881836
1.391574e-07,0.0082372013
1.392574e-07,0.0081819106
1.393574e-07,0.0081366728
1.394574e-07,0.0081101045
1.395574e-07,0.0080993336
1.396574e-07,0.0080971795
1.397574e-07,0.0080907169
1.398574e-07,0.0080749196
1.399574e-07,0.0080505055
1.400574e-07,0.0080268095
1.401574e-07,0.0080102941
1.402574e-07,0.0080045496
1.403574e-07,0.0080052677
1.404574e-07,0.0080023955
1.405574e-07,0.0079873162
1.406574e-07,0.0079585938
1.407574e-07,0.0079219727
1.408574e-07,0.007890378
1.409574e-07,0.0078724265
1.410574e-07,0.0078731445
1.411574e-07,0.0078860696
1.412574e-07,0.0079004308
1.413574e-07,0.0079068934
1.414574e-07,0.0079011489
1.415574e-07,0.0078882238
1.416574e-07,0.0078760168
1.417574e-07,0.0078724265
1.418574e-07,0.0078774529
1.419574e-07,0.0078839154
1.420574e-07,0.0078810432
1.421574e-07,0.0078609375
1.422574e-07,0.0078257525
1.423574e-07,0.0077855411
1.424574e-07,0.0077553826
1.425574e-07,0.0077460478
1.426574e-07,0.0077568187
1.427574e-07,0.0077769244
1.428574e-07,0.0077891314
1.429574e-07,0.0077805147
1.430574e-07,0.00774892
1.431574e-07,0.0077051183
1.432574e-07,0.0076649069
1.433574e-07,0.0076426471
1.434574e-07,0.007641929
1.435574e-07,0.0076526999
1.436574e-07,0.0076577263
1.437574e-07,0.0076426471
1.438574e-07,0.0076024357
1.439574e-07,0.007547145
1.440574e-07,0.0074932904
1.441574e-07,0.0074588235
1.442574e-07,0.0074502068
1.443574e-07,0.0074602597
1.444574e-07,0.0074724667
1.445574e-07,0.0074703125
1.446574e-07,0.0074466165
1.447574e-07,0.0074071232
1.448574e-07,0.0073676298
1.449574e-07,0.0073439338
1.450574e-07,0.0073432158
1.451574e-07,0.007358295
1.452574e-07,0.0073719382
1.453574e-07,0.0073669118
1.454574e-07,0.007333881
1.455574e-07,0.0072785903
1.456574e-07,0.0072175551
1.457574e-07,0.0071715993
1.458574e-07,0.0071529297
1.459574e-07,0.0071608284
1.460574e-07,0.0071809341
1.461574e-07,0.0071945772
1.462574e-07,0.0071888327
1.463574e-07,0.0071615464
1.464574e-07,0.0071234892
1.465574e-07,0.0070911765
1.466574e-07,0.0070746611
1.467574e-07,0.0070753791
1.468574e-07,0.0070818417
1.469574e-07,0.0070796875
1.470574e-07,0.0070559915
1.471574e-07,0.0070093176
1.472574e-07,0.0069504366
1.473574e-07,0.006895864
1.474574e-07,0.0068599609
1.475574e-07,0.006848472
1.476574e-07,0.0068570887
1.477574e-07,0.006872886
1.478574e-07,0.0068829389
1.479574e-07,0.0068800666
1.480574e-07,0.0068671415
1.481574e-07,0.0068499081
1.482574e-07,0.006836983
1.483574e-07,0.0068319566
1.484574e-07,0.0068312385
1.485574e-07,0.0068269301
1.486574e-07,0.0068118509
1.487574e-07,0.0067845646
1.488574e-07,0.0067486615
1.489574e-07,0.0067120404
1.490574e-07,0.0066840361
1.491574e-07,0.0066689568
1.492574e-07,0.0066646484
1.493574e-07,0.0066660846
1.494574e-07,0.0066675207
1.495574e-07,0.0066653665
1.496574e-07,0.0066603401
1.497574e-07,0.0066545956
1.498574e-07,0.0066510053
1.499574e-07,0.0066488511
1.500574e-07,0.0066438247
1.501574e-07,0.0066316176
1.502574e-07,0.0066093578
1.503574e-07,0.0065784812
1.504574e-07,0.0065447323
1.505574e-07,0.0065167279
1.506574e-07,0.0064994945
1.507574e-07,0.0064951861
1.508574e-07,0.0064994945
1.509574e-07,0.006505239
1.510574e-07,0.0065073932
1.511574e-07,0.0065023667
1.512574e-07,0.0064923139
1.513574e-07,0.006482261
1.514574e-07,0.0064750804
1.515574e-07,0.0064729262
1.516574e-07,0.0064729262
1.517574e-07,0.0064707721
1.518574e-07,0.0064621553
1.519574e-07,0.0064456399
1.520574e-07,0.0064240981
1.521574e-07,0.0064018382
1.522574e-07,0.0063831687
1.523574e-07,0.0063702436
1.524574e-07,0.0063623449
1.525574e-07,0.0063558824
1.526574e-07,0.0063479837
1.527574e-07,0.0063364947
1.528574e-07,0.0063228516
1.529574e-07,0.0063099265
1.530574e-07,0.0063005917
1.531574e-07,0.0062948472
1.532574e-07,0.006291975
1.533574e-07,0.0062869485
1.534574e-07,0.0062761776
1.535574e-07,0.0062582261
1.536574e-07,0.006233812
1.537574e-07,0.0062065257
1.538574e-07,0.0061813936
1.539574e-07,0.0061612879
1.540574e-07,0.0061469267
1.541574e-07,0.0061375919
1.542574e-07,0.0061289752
1.543574e-07,0.0061196404
1.544574e-07,0.0061067153
1.545574e-07,0.006091636
1.546574e-07,0.0060751206
1.547574e-07,0.0060586052
1.548574e-07,0.0060413718
1.549574e-07,0.0060227022
1.550574e-07,0.0060004423
1.551574e-07,0.0059745921
1.552574e-07,0.0059465878
1.553574e-07,0.0059193015
1.554574e-07,0.0058970416
1.555574e-07,0.0058819623
1.556574e-07,0.0058754998
1.557574e-07,0.0058733456
1.558574e-07,0.0058719095
1.559574e-07,0.0058647289
1.560574e-07,0.0058503676
1.561574e-07,0.0058273897
1.562574e-07,0.0057993853
1.563574e-07,0.0057699449
1.564574e-07,0.0057448127
1.565574e-07,0.005723989
1.566574e-07,0.0057074736
1.567574e-07,0.0056923943
1.568574e-07,0.0056758789
1.569574e-07,0.0056550551
1.570574e-07,0.0056313591
1.571574e-07,0.0056076631
1.572574e-07,0.0055882755
1.573574e-07,0.0055746324
1.574574e-07,0.0055674517
1.575574e-07,0.0055645795
1.576574e-07,0.0055602711
1.577574e-07,0.0055516544
1.578574e-07,0.005535139
1.579574e-07,0.005510725
1.580574e-07,0.0054805664
1.581574e-07,0.0054482537
1.582574e-07,0.0054180951
1.583574e-07,0.0053915269
1.584574e-07,0.0053714212
1.585574e-07,0.0053563419
1.586574e-07,0.0053462891
1.587574e-07,0.0053398265
1.588574e-07,0.0053355182
1.589574e-07,0.005333364
1.590574e-07,0.0053312098
1.591574e-07,0.0053269014
1.592574e-07,0.0053197208
1.593574e-07,0.005310386
1.594574e-07,0.005298179
1.595574e-07,0.0052845358
1.596574e-07,0.0052694566
1.597574e-07,0.0052529412
1.598574e-07,0.0052342716
1.599574e-07,0.0052120117
1.600574e-07,0.0051868796
1.601574e-07,0.0051610294
1.602574e-07,0.0051387695
1.603574e-07,0.0051258444
1.604574e-07,0.0051258444
1.605574e-07,0.0051380515
1.606574e-07,0.0051588752
1.607574e-07,0.0051811351
1.608574e-07,0.0051954963
1.609574e-07,0.0051954963
1.610574e-07,0.005179699
1.611574e-07,0.0051524127
1.612574e-07,0.0051201
1.613574e-07,0.0050920956
1.614574e-07,0.005072708
1.615574e-07,0.0050633732
1.616574e-07,0.0050597829
1.617574e-07,0.0050576287
1.618574e-07,0.0050518842
1.619574e-07,0.0050418313
1.620574e-07,0.0050310604
1.621574e-07,0.0050231618
1.622574e-07,0.0050231618
1.623574e-07,0.0050324966
1.624574e-07,0.0050461397
1.625574e-07,0.0050576287
1.626574e-07,0.0050605009
1.627574e-07,0.0050504481
1.628574e-07,0.0050289063
1.629574e-07,0.0050001838
1.630574e-07,0.0049728975
1.631574e-07,0.0049535099
1.632574e-07,0.0049441751
1.633574e-07,0.004942739
1.634574e-07,0.004943457
1.635574e-07,0.0049413028
1.636574e-07,0.0049326861
1.637574e-07,0.004919761
1.638574e-07,0.0049068359
1.639574e-07,0.0048989373
1.640574e-07,0.0049003734
1.641574e-07,0.0049082721
1.642574e-07,0.0049176068
1.643574e-07,0.0049219152
1.644574e-07,0.0049154527
1.645574e-07,0.0048967831
1.646574e-07,0.004871651
1.647574e-07,0.0048472369
1.648574e-07,0.0048314396
1.649574e-07,0.0048278493
1.650574e-07,0.0048343118
1.651574e-07,0.0048450827
1.652574e-07,0.0048522633
1.653574e-07,0.0048508272
1.654574e-07,0.0048400563
1.655574e-07,0.004824977
1.656574e-07,0.0048120519
1.657574e-07,0.0048048713
1.658574e-07,0.0048055894
1.659574e-07,0.0048098977
1.660574e-07,0.0048120519
1.661574e-07,0.0048048713
1.662574e-07,0.0047862017
1.663574e-07,0.0047567613
1.664574e-07,0.0047230124
1.665574e-07,0.0046899816
1.666574e-07,0.0046626953
1.667574e-07,0.0046418716
1.668574e-07,0.0046246381
1.669574e-07,0.0046095588
1.670574e-07,0.0045930434
1.671574e-07,0.00457581
1.672574e-07,0.0045578585
1.673574e-07,0.004540625
1.674574e-07,0.0045241096
1.675574e-07,0.0045068761
1.676574e-07,0.0044860524
1.677574e-07,0.0044602022
1.678574e-07,0.0044307617
1.679574e-07,0.0044006032
1.680574e-07,0.004374753
1.681574e-07,0.0043568015
1.682574e-07,0.0043460306
1.683574e-07,0.004339568
1.684574e-07,0.0043323874
1.685574e-07,0.0043223346
1.686574e-07,0.0043079733
1.687574e-07,0.0042907399
1.688574e-07,0.0042756606
1.689574e-07,0.0042648897
1.690574e-07,0.0042584272
1.691574e-07,0.0042526827
1.692574e-07,0.0042440659
1.693574e-07,0.0042304228
1.694574e-07,0.0042131893
1.695574e-07,0.0041966739
1.696574e-07,0.004185903
1.697574e-07,0.0041844669
1.698574e-07,0.0041916475
1.699574e-07,0.0042017004
1.700574e-07,0.0042081629
1.701574e-07,0.0042074449
1.702574e-07,0.0041988281
1.703574e-07,0.0041880572
1.704574e-07,0.0041815947
1.705574e-07,0.0041844669
1.706574e-07,0.0041966739
1.707574e-07,0.0042124713
1.708574e-07,0.0042218061
1.709574e-07,0.0042189338
1.710574e-07,0.0042002642
1.711574e-07,0.0041708238
1.712574e-07,0.0041392291
1.713574e-07,0.0041155331
1.714574e-07,0.0041040441
1.715574e-07,0.0041047622
1.716574e-07,0.0041112247
1.717574e-07,0.0041155331
1.718574e-07,0.0041119428
1.719574e-07,0.0040997358
1.720574e-07,0.0040803481
1.721574e-07,0.0040580882
1.722574e-07,0.0040358284
1.723574e-07,0.0040121324
1.724574e-07,0.0039862822
1.725574e-07,0.0039546875
1.726574e-07,0.0039187845
1.727574e-07,0.0038807273
1.728574e-07,0.0038455423
1.729574e-07,0.0038168199
1.730574e-07,0.003795278
1.731574e-07,0.0037773265
1.732574e-07,0.0037586569
1.733574e-07,0.0037363971
1.734574e-07,0.003711983
1.735574e-07,0.0036890051
1.736574e-07,0.0036739258
1.737574e-07,0.0036674632
1.738574e-07,0.0036674632
1.739574e-07,0.0036653091
1.740574e-07,0.0036516659
1.741574e-07,0.0036215074
1.742574e-07,0.0035762695
1.743574e-07,0.0035260053
1.744574e-07,0.0034836397
1.745574e-07,0.0034606618
1.746574e-07,0.0034606618
1.747574e-07,0.0034786133
1.748574e-07,0.0035023093
1.749574e-07,0.0035181066
1.750574e-07,0.0035188247
1.751574e-07,0.0035058996
1.752574e-07,0.0034865119
1.753574e-07,0.0034721507
1.754574e-07,0.0034685604
1.755574e-07,0.0034764591
1.756574e-07,0.0034886661
1.757574e-07,0.0034951287
1.758574e-07,0.0034893842
1.759574e-07,0.0034714327
1.760574e-07,0.0034470186
1.761574e-07,0.0034261949
1.762574e-07,0.003416142
1.763574e-07,0.0034204504
1.764574e-07,0.0034340935
1.765574e-07,0.0034491728
1.766574e-07,0.0034577895
1.767574e-07,0.0034563534
1.768574e-07,0.0034441464
1.769574e-07,0.0034261949
1.770574e-07,0.0034089614
1.771574e-07,0.0033953182
1.772574e-07,0.0033859835
1.773574e-07,0.003380239
1.774574e-07,0.0033744945
1.775574e-07,0.00336875
1.776574e-07,0.0033622875
1.777574e-07,0.003357261
1.778574e-07,0.0033536707
1.779574e-07,0.0033500804
1.780574e-07,0.0033443359
1.781574e-07,0.0033342831
1.782574e-07,0.0033192038
1.783574e-07,0.0033005342
1.784574e-07,0.0032818647
1.785574e-07,0.0032653493
1.786574e-07,0.0032517061
1.787574e-07,0.0032394991
1.788574e-07,0.0032258559
1.789574e-07,0.0032079044
1.790574e-07,0.0031849265
1.791574e-07,0.0031605124
1.792574e-07,0.0031360983
1.793574e-07,0.0031159926
1.794574e-07,0.0030994773
1.795574e-07,0.003084398
1.796574e-07,0.0030671645
1.797574e-07,0.0030470588
1.798574e-07,0.003025517
1.799574e-07,0.0030075655
1.800574e-07,0.0029982307
1.801574e-07,0.0030011029
1.802574e-07,0.0030125919
1.803574e-07,0.0030262351
1.804574e-07,0.0030326976
1.805574e-07,0.0030240809
1.806574e-07,0.0029996668
1.807574e-07,0.002965918
1.808574e-07,0.0029321691
1.809574e-07,0.0029091912
1.810574e-07,0.0029027286
1.811574e-07,0.0029106273
1.812574e-07,0.0029278608
1.813574e-07,0.0029436581
1.814574e-07,0.0029515568
1.815574e-07,0.0029479665
1.816574e-07,0.0029357594
1.817574e-07,0.0029206801
1.818574e-07,0.0029063189
1.819574e-07,0.00289483
1.820574e-07,0.0028847771
1.821574e-07,0.0028747243
1.822574e-07,0.0028625172
1.823574e-07,0.0028488741
1.824574e-07,0.002836667
1.825574e-07,0.0028287684
1.826574e-07,0.0028258961
1.827574e-07,0.0028266142
1.828574e-07,0.00282446
1.829574e-07,0.0028172794
1.830574e-07,0.0028029182
1.831574e-07,0.0027828125
1.832574e-07,0.0027634249
1.833574e-07,0.0027483456
1.834574e-07,0.0027404469
1.835574e-07,0.0027375747
1.836574e-07,0.0027347024
1.837574e-07,0.0027253676
1.838574e-07,0.0027066981
1.839574e-07,0.0026794118
1.840574e-07,0.0026492532
1.841574e-07,0.0026219669
1.842574e-07,0.0026032973
1.843574e-07,0.0025932445
1.844574e-07,0.0025896542
1.845574e-07,0.0025875
1.846574e-07,0.0025817555
1.847574e-07,0.0025717027
1.848574e-07,0.0025573415
1.849574e-07,0.0025415441
1.850574e-07,0.002527901
1.851574e-07,0.002516412
1.852574e-07,0.0025063591
1.853574e-07,0.0024955882
1.854574e-07,0.0024819451
1.855574e-07,0.0024668658
1.856574e-07,0.0024510685
1.857574e-07,0.0024381434
1.858574e-07,0.0024280905
1.859574e-07,0.0024209099
1.860574e-07,0.0024137293
1.861574e-07,0.0024036765
1.862574e-07,0.0023900333
1.863574e-07,0.0023735179
1.864574e-07,0.0023577206
1.865574e-07,0.0023462316
1.866574e-07,0.0023412052
1.867574e-07,0.0023419233
1.868574e-07,0.0023447955
1.869574e-07,0.0023462316
1.870574e-07,0.0023440774
1.871574e-07,0.002338333
1.872574e-07,0.0023304343
1.873574e-07,0.0023232537
1.874574e-07,0.0023182273
1.875574e-07,0.0023139189
1.876574e-07,0.0023088925
1.877574e-07,0.0023002757
1.878574e-07,0.0022866326
1.879574e-07,0.0022701172
1.880574e-07,0.0022543199
1.881574e-07,0.0022428309
1.882574e-07,0.0022392406
1.883574e-07,0.002244267
1.884574e-07,0.0022543199
1.885574e-07,0.0022658088
1.886574e-07,0.0022737075
1.887574e-07,0.0022765797
1.888574e-07,0.0022729894
1.889574e-07,0.0022658088
1.890574e-07,0.002255756
1.891574e-07,0.0022449851
1.892574e-07,0.002232778
1.893574e-07,0.0022198529
1.894574e-07,0.0022054917
1.895574e-07,0.0021889763
1.896574e-07,0.0021710248
1.897574e-07,0.0021509191
1.898574e-07,0.0021279412
1.899574e-07,0.0021013729
1.900574e-07,0.0020704963
1.901574e-07,0.0020360294
1.902574e-07,0.0020008444
1.903574e-07,0.0019685317
1.904574e-07,0.0019412454
1.905574e-07,0.0019211397
1.906574e-07,0.0019060604
1.907574e-07,0.0018916992
1.908574e-07,0.0018744658
1.909574e-07,0.0018522059
1.910574e-07,0.0018256376
1.911574e-07,0.0017983513
1.912574e-07,0.0017753734
1.913574e-07,0.0017602941
1.914574e-07,0.0017531135
1.915574e-07,0.0017502413
1.916574e-07,0.001746651
1.917574e-07,0.0017373162
1.918574e-07,0.0017200827
1.919574e-07,0.0016978228
1.920574e-07,0.0016748449
1.921574e-07,0.0016568934
1.922574e-07,0.0016475586
1.923574e-07,0.0016475586
1.924574e-07,0.001651867
1.925574e-07,0.0016568934
1.926574e-07,0.0016583295
1.927574e-07,0.0016554573
1.928574e-07,0.0016504308
1.929574e-07,0.0016454044
1.930574e-07,0.0016432502
1.931574e-07,0.0016446864
1.932574e-07,0.0016461225
1.933574e-07,0.0016454044
1.934574e-07,0.001640378
1.935574e-07,0.0016303251
1.936574e-07,0.0016188362
1.937574e-07,0.0016109375
1.938574e-07,0.0016095014
1.939574e-07,0.001616682
1.940574e-07,0.0016296071
1.941574e-07,0.0016454044
1.942574e-07,0.0016583295
1.943574e-07,0.0016655101
1.944574e-07,0.001664792
1.945574e-07,0.0016568934
1.946574e-07,0.0016446864
1.947574e-07,0.0016317613
1.948574e-07,0.0016202723
1.949574e-07,0.0016109375
1.950574e-07,0.001605193
1.951574e-07,0.0016016027
1.952574e-07,0.0016001666
1.953574e-07,0.0015994485
1.954574e-07,0.0015987305
1.955574e-07,0.0015965763
1.956574e-07,0.001592986
1.957574e-07,0.0015879596
1.958574e-07,0.0015829331
1.959574e-07,0.0015793428
1.960574e-07,0.0015779067
1.961574e-07,0.0015764706
1.962574e-07,0.0015735983
1.963574e-07,0.0015656997
1.964574e-07,0.0015520565
1.965574e-07,0.0015305147
1.966574e-07,0.0015046645
1.967574e-07,0.0014780963
1.968574e-07,0.0014551183
1.969574e-07,0.0014386029
1.970574e-07,0.0014285501
1.971574e-07,0.0014213695
1.972574e-07,0.0014149069
1.973574e-07,0.001404136
1.974574e-07,0.0013890568
1.975574e-07,0.0013703872
1.976574e-07,0.0013517176
1.977574e-07,0.0013352022
1.978574e-07,0.0013222771
1.979574e-07,0.0013115062
1.980574e-07,0.0013014534
1.981574e-07,0.0012892463
1.982574e-07,0.001273449
1.983574e-07,0.0012554975
1.984574e-07,0.001237546
1.985574e-07,0.0012203125
1.986574e-07,0.0012052332
1.987574e-07,0.001190872
1.988574e-07,0.0011772289
1.989574e-07,0.0011628676
1.990574e-07,0.0011492245
1.991574e-07,0.0011391716
1.992574e-07,0.0011355813
1.993574e-07,0.0011398897
1.994574e-07,0.0011499426
1.995574e-07,0.0011614315
1.996574e-07,0.001167176
1.997574e-07,0.0011628676
1.998574e-07,0.0011470703
1.999574e-07,0.0011219382
2.000574e-07,0.0010939338
2.001574e-07,0.0010709559
2.002574e-07,0.0010573127
2.003574e-07,0.0010544405
2.004574e-07,0.001060903
2.005574e-07,0.0010709559
2.006574e-07,0.0010810087
2.007574e-07,0.0010874713
2.008574e-07,0.0010917796
2.009574e-07,0.0010939338
2.010574e-07,0.0010968061
2.011574e-07,0.0011003964
2.012574e-07,0.0011047047
2.013574e-07,0.0011054228
2.014574e-07,0.0011011144
2.015574e-07,0.0010910616
2.016574e-07,0.0010759823
2.017574e-07,0.0010594669
2.018574e-07,0.0010443876
2.019574e-07,0.0010343348
2.020574e-07,0.0010314625
2.021574e-07,0.001036489
2.022574e-07,0.0010479779
2.023574e-07,0.0010637753
2.024574e-07,0.0010802907
2.025574e-07,0.0010939338
2.026574e-07,0.0011011144
2.027574e-07,0.0010982422
2.028574e-07,0.001083881
2.029574e-07,0.0010594669
2.030574e-07,0.0010293084
2.031574e-07,0.0010005859
2.032574e-07,0.00097832606
2.033574e-07,0.00096755515
2.034574e-07,0.00096827321
2.035574e-07,0.00097617188
2.036574e-07,0.00098550666
2.037574e-07,0.00099053309
2.038574e-07,0.00098766085
2.039574e-07,0.000977608
2.040574e-07,0.00096540097
2.041574e-07,0.00095606618
2.042574e-07,0.00095319393
2.043574e-07,0.0009575023
2.044574e-07,0.0009646829
2.045574e-07,0.00096755515
2.046574e-07,0.0009610926
2.047574e-07,0.00094242302
2.048574e-07,0.00091513672
2.049574e-07,0.00088713235
2.050574e-07,0.00086702665
2.051574e-07,0.00086056411
2.052574e-07,0.00086918084
2.053574e-07,0.00088713235
2.054574e-07,0.00090580193
2.055574e-07,0.00091513672
2.056574e-07,0.00090867417
2.057574e-07,0.00088713235
2.058574e-07,0.00085625574
2.059574e-07,0.00082466108
2.060574e-07,0.00080311926
2.061574e-07,0.00079522059
2.062574e-07,0.00080096507
2.063574e-07,0.00081389017
2.064574e-07,0.0008260972
2.065574e-07,0.0008296875
2.066574e-07,0.00082035271
2.067574e-07,0.00080024701
2.068574e-07,0.00077439683
2.069574e-07,0.00074926471
2.070574e-07,0.00073059513
2.071574e-07,0.00071982422
2.072574e-07,0.00071623392
2.073574e-07,0.00071479779
2.074574e-07,0.00071120749
2.075574e-07,0.00070259076
2.076574e-07,0.00068751149
2.077574e-07,0.00066884191
2.078574e-07,0.00064873621
2.079574e-07,0.00063150276
2.080574e-07,0.00061929573
2.081574e-07,0.00061139706
2.082574e-07,0.00060780676
2.083574e-07,0.00060637063
2.084574e-07,0.00060421645
2.085574e-07,0.00059990809
2.086574e-07,0.00059200942
2.087574e-07,0.00057908433
2.088574e-07,0.00056185087
2.089574e-07,0.00054246324
2.090574e-07,0.00052235754
2.091574e-07,0.00050440602
2.092574e-07,0.00049148093
2.093574e-07,0.00048501838
2.094574e-07,0.00048573644
2.095574e-07,0.00049148093
2.096574e-07,0.0004993796
2.097574e-07,0.00050799632
2.098574e-07,0.00051374081
2.099574e-07,0.00051517693
2.100574e-07,0.00051302275
2.101574e-07,0.00050799632
2.102574e-07,0.00050081572
2.103574e-07,0.00049219899
2.104574e-07,0.00048358226
2.105574e-07,0.00047352941
2.106574e-07,0.00046347656
2.107574e-07,0.00045342371
2.108574e-07,0.00044480699
2.109574e-07,0.0004390625
2.110574e-07,0.00043690832
2.111574e-07,0.0004390625
2.112574e-07,0.00044408892
2.113574e-07,0.00045055147
2.114574e-07,0.00045773208
2.115574e-07,0.00046347656
2.116574e-07,0.00046922105
2.117574e-07,0.00047352941
2.118574e-07,0.00047640165
2.119574e-07,0.00047640165
2.120574e-07,0.00047209329
2.121574e-07,0.00046204044
2.122574e-07,0.00044624311
2.123574e-07,0.00042685547
2.124574e-07,0.00040746783
2.125574e-07,0.00039310662
2.126574e-07,0.00038879825
2.127574e-07,0.00039454274
2.128574e-07,0.00040962201
2.129574e-07,0.00042757353
2.130574e-07,0.00044121668
2.131574e-07,0.00044480699
2.132574e-07,0.0004354722
2.133574e-07,0.00041608456
2.134574e-07,0.00039238856
2.135574e-07,0.00037012868
2.136574e-07,0.0003550494
2.137574e-07,0.00034715074
2.138574e-07,0.00034356043
2.139574e-07,0.00033709789
2.140574e-07,0.00032417279
2.141574e-07,0.00030119485
2.142574e-07,0.00027103631
2.143574e-07,0.00023944164
2.144574e-07,0.00021359145
2.145574e-07,0.00019779412
2.146574e-07,0.00019276769
2.147574e-07,0.000196358
2.148574e-07,0.0002035386
2.149574e-07,0.00020928309
2.150574e-07,0.00021143727
2.151574e-07,0.00021071921
2.152574e-07,0.00020856503
2.153574e-07,0.00020928309
2.154574e-07,0.00021359145
2.155574e-07,0.00022292624
2.156574e-07,0.00023656939
2.157574e-07,0.00025523897
2.158574e-07,0.00028108915
2.159574e-07,0.00031555607
2.160574e-07,0.00036079389
2.161574e-07,0.00041608456
2.162574e-07,0.00047855584
2.163574e-07,0.00054461742
2.164574e-07,0.00061211512
2.165574e-07,0.00068033088
2.166574e-07,0.00075357307
2.167574e-07,0.00083758617
2.168574e-07,0.00093524242
2.169574e-07,0.0010479779
2.170574e-07,0.0011707663
2.171574e-07,0.0012957089
2.172574e-07,0.0014163431
2.173574e-07,0.0015305147
2.174574e-07,0.001641096
2.175574e-07,0.0017574219
2.176574e-07,0.0018873909
2.177574e-07,0.0020360294
2.178574e-07,0.0022019014
2.179574e-07,0.0023763902
2.180574e-07,0.0025501608
2.181574e-07,0.0027138787
2.182574e-07,0.0028668256
2.183574e-07,0.003014028
2.184574e-07,0.0031633847
2.185574e-07,0.0033227941
2.186574e-07,0.0034936926
2.187574e-07,0.0036696174
2.188574e-07,0.003841952
2.189574e-07,0.0040006434
2.190574e-07,0.0041413833
2.191574e-07,0.0042670439
2.192574e-07,0.004386242
2.193574e-07,0.0045061581
2.194574e-07,0.0046332548
2.195574e-07,0.004765378
2.196574e-07,0.0048982192
2.197574e-07,0.0050231618
2.198574e-07,0.0051366153
2.199574e-07,0.0052378619
2.200574e-07,0.0053326459
2.201574e-07,0.0054252757
2.202574e-07,0.0055179056
2.203574e-07,0.0056083812
2.204574e-07,0.0056909582
2.205574e-07,0.0057584559
2.206574e-07,0.0058094382
2.207574e-07,0.0058460593
2.208574e-07,0.0058762178
2.209574e-07,0.0059078125
2.210574e-07,0.0059473058
2.211574e-07,0.0059946978
2.212574e-07,0.0060449621
2.213574e-07,0.006091636
2.214574e-07,0.0061296932
2.215574e-07,0.0061562615
2.216574e-07,0.0061727769
2.217574e-07,0.0061835478
2.218574e-07,0.0061900103
2.219574e-07,0.0061928826
2.220574e-07,0.0061907284
2.221574e-07,0.0061835478
2.222574e-07,0.0061734949
2.223574e-07,0.0061648782
2.224574e-07,0.0061634421
2.225574e-07,0.0061720588
2.226574e-07,0.0061900103
2.227574e-07,0.0062108341
2.228574e-07,0.0062259134
2.229574e-07,0.0062295037
2.230574e-07,0.0062194508
2.231574e-07,0.0061993451
2.232574e-07,0.0061770852
2.233574e-07,0.0061605699
2.234574e-07,0.0061519531
2.235574e-07,0.0061497989
2.236574e-07,0.0061469267
2.237574e-07,0.0061375919
2.238574e-07,0.0061182043
2.239574e-07,0.0060923541
2.240574e-07,0.0060657858
2.241574e-07,0.0060456801
2.242574e-07,0.0060363454
2.243574e-07,0.0060349092
2.244574e-07,0.0060363454
2.245574e-07,0.0060341912
2.246574e-07,0.0060248564
2.247574e-07,0.0060097771
2.248574e-07,0.005996134
2.249574e-07,0.0059882353
2.250574e-07,0.0059903895
2.251574e-07,0.0059990062
2.252574e-07,0.006008341
2.253574e-07,0.0060112132
2.254574e-07,0.0060025965
2.255574e-07,0.0059853631
2.256574e-07,0.0059666935
2.257574e-07,0.0059537684
2.258574e-07,0.0059537684
2.259574e-07,0.0059674115
2.260574e-07,0.0059889534
2.261574e-07,0.0060112132
2.262574e-07,0.0060262925
2.263574e-07,0.0060313189
2.264574e-07,0.0060284467
2.265574e-07,0.0060227022
2.266574e-07,0.0060183938
2.267574e-07,0.00601983
2.268574e-07,0.0060255744
2.269574e-07,0.0060341912
2.270574e-07,0.0060428079
2.271574e-07,0.0060507066
2.272574e-07,0.0060593233
2.273574e-07,0.0060686581
2.274574e-07,0.0060801471
2.275574e-07,0.006091636
2.276574e-07,0.0061002528
2.277574e-07,0.006103125
2.278574e-07,0.0060995347
2.279574e-07,0.006091636
2.280574e-07,0.0060844554
2.281574e-07,0.0060801471
2.282574e-07,0.0060815832
2.283574e-07,0.0060866096
2.284574e-07,0.006091636
2.285574e-07,0.006091636
2.286574e-07,0.0060858915
2.287574e-07,0.0060751206
2.288574e-07,0.0060643497
2.289574e-07,0.0060571691
2.290574e-07,0.0060564511
2.291574e-07,0.0060600414
2.292574e-07,0.0060657858
2.293574e-07,0.0060686581
2.294574e-07,0.0060657858
2.295574e-07,0.0060571691
2.296574e-07,0.0060456801
2.297574e-07,0.0060341912
2.298574e-07,0.0060248564
2.299574e-07,0.0060169577
2.300574e-07,0.0060090591
2.301574e-07,0.0059997243
2.302574e-07,0.0059882353
2.303574e-07,0.0059767463
2.304574e-07,0.0059681296
2.305574e-07,0.0059652574
2.306574e-07,0.0059681296
2.307574e-07,0.0059738741
2.308574e-07,0.0059781824
2.309574e-07,0.0059767463
2.310574e-07,0.0059681296
2.311574e-07,0.0059537684
2.312574e-07,0.0059365349
2.313574e-07,0.0059193015
2.314574e-07,0.0059027861
2.315574e-07,0.0058862707
2.316574e-07,0.0058690372
2.317574e-07,0.0058503676
2.318574e-07,0.0058324161
2.319574e-07,0.005818773
2.320574e-07,0.0058130285
2.321574e-07,0.0058159007
2.322574e-07,0.0058245175
2.323574e-07,0.0058316981
2.324574e-07,0.0058302619
2.325574e-07,0.0058159007
2.326574e-07,0.0057893325
2.327574e-07,0.0057577378
2.328574e-07,0.0057297335
2.329574e-07,0.0057125
2.330574e-07,0.0057081916
2.331574e-07,0.0057117819
2.332574e-07,0.0057160903
2.333574e-07,0.0057125
2.334574e-07,0.0056967027
2.335574e-07,0.0056715705
2.336574e-07,0.0056428481
2.337574e-07,0.0056205882
2.338574e-07,0.0056098173
2.339574e-07,0.0056105354
2.340574e-07,0.0056198702
2.341574e-07,0.0056320772
2.342574e-07,0.0056421301
2.343574e-07,0.0056478745
2.344574e-07,0.0056514648
2.345574e-07,0.0056550551
2.346574e-07,0.0056579274
2.347574e-07,0.0056579274
2.348574e-07,0.0056507468
2.349574e-07,0.0056320772
2.350574e-07,0.0056026367
2.351574e-07,0.0055674517
2.352574e-07,0.0055358571
2.353574e-07,0.0055171875
2.354574e-07,0.0055157514
2.355574e-07,0.0055308307
2.356574e-07,0.0055538086
2.357574e-07,0.0055746324
2.358574e-07,0.0055846852
2.359574e-07,0.0055796588
2.360574e-07,0.0055624253
2.361574e-07,0.0055401654
2.362574e-07,0.0055200597
2.363574e-07,0.0055064166
2.364574e-07,0.005499236
2.365574e-07,0.0054942096
2.366574e-07,0.0054855928
2.367574e-07,0.0054705136
2.368574e-07,0.0054489717
2.369574e-07,0.0054252757
2.370574e-07,0.00540517
2.371574e-07,0.005392963
2.372574e-07,0.0053886546
2.373574e-07,0.0053908088
2.374574e-07,0.0053936811
2.375574e-07,0.0053922449
2.376574e-07,0.0053836282
2.377574e-07,0.0053678309
2.378574e-07,0.0053462891
2.379574e-07,0.005321875
2.380574e-07,0.005298179
2.381574e-07,0.0052759191
2.382574e-07,0.0052565315
2.383574e-07,0.005239298
2.384574e-07,0.0052227826
2.385574e-07,0.0052069853
2.386574e-07,0.005191188
2.387574e-07,0.0051768267
2.388574e-07,0.0051624655
2.389574e-07,0.0051495404
2.390574e-07,0.0051387695
2.391574e-07,0.0051301528
2.392574e-07,0.0051222541
2.393574e-07,0.0051150735
2.394574e-07,0.0051057387
2.395574e-07,0.0050935317
2.396574e-07,0.0050770163
2.397574e-07,0.0050576287
2.398574e-07,0.005037523
2.399574e-07,0.0050202895
2.400574e-07,0.0050073644
2.401574e-07,0.0050001838
2.402574e-07,0.0049973116
2.403574e-07,0.0049951574
2.404574e-07,0.0049930032
2.405574e-07,0.0049886949
2.406574e-07,0.0049829504
2.407574e-07,0.0049764878
2.408574e-07,0.0049707433
2.409574e-07,0.0049657169
2.410574e-07,0.0049585363
2.411574e-07,0.0049456112
2.412574e-07,0.0049247875
2.413574e-07,0.0048967831
2.414574e-07,0.0048651884
2.415574e-07,0.0048357479
2.416574e-07,0.0048142061
2.417574e-07,0.0048048713
2.418574e-07,0.0048055894
2.419574e-07,0.0048098977
2.420574e-07,0.0048120519
2.421574e-07,0.0048048713
2.422574e-07,0.0047869198
2.423574e-07,0.0047610696
2.424574e-07,0.0047345014
2.425574e-07,0.0047129596
2.426574e-07,0.0047007525
2.427574e-07,0.0046985983
2.428574e-07,0.0047007525
2.429574e-07,0.0047014706
2.430574e-07,0.0046964442
2.431574e-07,0.0046835191
2.432574e-07,0.0046648495
2.433574e-07,0.0046440257
2.434574e-07,0.0046260742
2.435574e-07,0.0046131491
2.436574e-07,0.0046081227
2.437574e-07,0.0046095588
2.438574e-07,0.0046167394
2.439574e-07,0.0046275103
2.440574e-07,0.0046411535
2.441574e-07,0.0046555147
2.442574e-07,0.0046670037
2.443574e-07,0.0046727482
2.444574e-07,0.0046691579
2.445574e-07,0.0046555147
2.446574e-07,0.0046332548
2.447574e-07,0.0046074046
2.448574e-07,0.0045822725
2.449574e-07,0.0045636029
2.450574e-07,0.004552114
2.451574e-07,0.0045456514
2.452574e-07,0.0045391889
2.453574e-07,0.004529136
2.454574e-07,0.0045126206
2.455574e-07,0.0044903608
2.456574e-07,0.0044673828
2.457574e-07,0.0044487132
2.458574e-07,0.0044372243
2.459574e-07,0.0044321978
2.460574e-07,0.0044307617
2.461574e-07,0.0044257353
2.462574e-07,0.0044135283
2.463574e-07,0.0043919864
2.464574e-07,0.0043639821
2.465574e-07,0.0043338235
2.466574e-07,0.0043086914
2.467574e-07,0.004291458
2.468574e-07,0.0042849954
2.469574e-07,0.0042878676
2.470574e-07,0.0042957663
2.471574e-07,0.0043058192
2.472574e-07,0.004315154
2.473574e-07,0.0043223346
2.474574e-07,0.0043259249
2.475574e-07,0.0043252068
2.476574e-07,0.0043208984
2.477574e-07,0.0043108456
2.478574e-07,0.0042972024
2.479574e-07,0.004280687
2.480574e-07,0.0042648897
2.481574e-07,0.0042534007
2.482574e-07,0.0042483743
2.483574e-07,0.0042498104
2.484574e-07,0.004256273
2.485574e-07,0.0042648897
2.486574e-07,0.0042713523
2.487574e-07,0.0042735064
2.488574e-07,0.0042713523
2.489574e-07,0.0042648897
2.490574e-07,0.004256273
2.491574e-07,0.0042476563
2.492574e-07,0.0042397576
2.493574e-07,0.0042304228
2.494574e-07,0.0042196519
2.495574e-07,0.0042060087
2.496574e-07,0.0041894933
2.497574e-07,0.0041729779
2.498574e-07,0.0041586167
2.499574e-07,0.0041485639
2.500574e-07,0.0041464097
2.501574e-07,0.00415
2.502574e-07,0.0041586167
2.503574e-07,0.0041679515
2.504574e-07,0.004173696
2.505574e-07,0.0041729779
2.506574e-07,0.0041636432
2.507574e-07,0.0041471278
2.508574e-07,0.0041255859
2.509574e-07,0.0041040441
2.510574e-07,0.0040868107
2.511574e-07,0.0040767578
2.512574e-07,0.0040753217
2.513574e-07,0.0040810662
2.514574e-07,0.004091119
2.515574e-07,0.0041018899
2.516574e-07,0.0041105067
2.517574e-07,0.0041155331
2.518574e-07,0.0041162511
2.519574e-07,0.0041126608
2.520574e-07,0.0041047622
2.521574e-07,0.0040925551
2.522574e-07,0.0040746036
2.523574e-07,0.0040501896
2.524574e-07,0.0040207491
2.525574e-07,0.0039891544
2.526574e-07,0.003960432
2.527574e-07,0.0039388902
2.528574e-07,0.0039259651
2.529574e-07,0.0039202206
2.530574e-07,0.0039180664
2.531574e-07,0.00391304
2.532574e-07,0.0039029871
2.533574e-07,0.0038857537
2.534574e-07,0.0038649299
2.535574e-07,0.0038462603
2.536574e-07,0.0038333352
2.537574e-07,0.0038283088
2.538574e-07,0.0038275908
2.539574e-07,0.0038247185
2.540574e-07,0.0038146657
2.541574e-07,0.0037938419
2.542574e-07,0.0037651195
2.543574e-07,0.0037349609
2.544574e-07,0.003711983
2.545574e-07,0.0037019301
2.546574e-07,0.0037069566
2.547574e-07,0.0037213178
2.548574e-07,0.0037378332
2.549574e-07,0.003747886
2.550574e-07,0.0037464499
2.551574e-07,0.0037328068
2.552574e-07,0.0037127011
2.553574e-07,0.0036904412
2.554574e-07,0.0036724897
2.555574e-07,0.0036595646
2.556574e-07,0.0036509478
2.557574e-07,0.0036444853
2.558574e-07,0.0036373047
2.559574e-07,0.003628688
2.560574e-07,0.0036186351
2.561574e-07,0.0036100184
2.562574e-07,0.0036021197
2.563574e-07,0.0035949391
2.564574e-07,0.0035863224
2.565574e-07,0.0035755515
2.566574e-07,0.0035640625
2.567574e-07,0.0035532916
2.568574e-07,0.0035453929
2.569574e-07,0.0035410846
2.570574e-07,0.0035389304
2.571574e-07,0.0035353401
2.572574e-07,0.0035252872
2.573574e-07,0.0035066176
2.574574e-07,0.0034814855
2.575574e-07,0.0034541992
2.576574e-07,0.0034305032
2.577574e-07,0.0034147059
2.578574e-07,0.0034082433
2.579574e-07,0.0034089614
2.580574e-07,0.0034125517
2.581574e-07,0.0034147059
2.582574e-07,0.0034147059
2.583574e-07,0.0034125517
2.584574e-07,0.0034125517
2.585574e-07,0.0034147059
2.586574e-07,0.0034175781
2.587574e-07,0.0034168601
2.588574e-07,0.0034089614
2.589574e-07,0.0033917279
2.590574e-07,0.0033680319
2.591574e-07,0.003345054
2.592574e-07,0.0033285386
2.593574e-07,0.0033227941
2.594574e-07,0.0033271025
2.595574e-07,0.0033357192
2.596574e-07,0.0033393095
2.597574e-07,0.0033342831
2.598574e-07,0.0033184858
2.599574e-07,0.003297662
2.600574e-07,0.0032775563
2.601574e-07,0.0032653493
2.602574e-07,0.0032610409
2.603574e-07,0.0032596048
2.604574e-07,0.0032552964
2.605574e-07,0.0032423713
2.606574e-07,0.0032201114
2.607574e-07,0.0031949793
2.608574e-07,0.0031734375
2.609574e-07,0.0031619485
2.610574e-07,0.0031612305
2.611574e-07,0.0031655388
2.612574e-07,0.0031641027
2.613574e-07,0.0031504596
2.614574e-07,0.0031217371
2.615574e-07,0.0030836799
2.616574e-07,0.0030470588
2.617574e-07,0.0030240809
2.618574e-07,0.0030190545
2.619574e-07,0.0030298254
2.620574e-07,0.0030463408
2.621574e-07,0.0030585478
2.622574e-07,0.0030585478
2.623574e-07,0.0030456227
2.624574e-07,0.0030269531
2.625574e-07,0.0030125919
2.626574e-07,0.0030097197
2.627574e-07,0.0030204906
2.628574e-07,0.0030398782
2.629574e-07,0.0030585478
2.630574e-07,0.0030686006
2.631574e-07,0.0030664465
2.632574e-07,0.0030535214
2.633574e-07,0.0030355699
2.634574e-07,0.0030190545
2.635574e-07,0.0030068474
2.636574e-07,0.0029982307
2.637574e-07,0.002989614
2.638574e-07,0.0029774069
2.639574e-07,0.0029608915
2.640574e-07,0.0029407858
2.641574e-07,0.0029206801
2.642574e-07,0.0029041648
2.643574e-07,0.0028919577
2.644574e-07,0.002883341
2.645574e-07,0.0028747243
2.646574e-07,0.0028646714
2.647574e-07,0.0028524644
2.648574e-07,0.0028402574
2.649574e-07,0.0028287684
2.650574e-07,0.0028194336
2.651574e-07,0.0028115349
2.652574e-07,0.002800046
2.653574e-07,0.0027828125
2.654574e-07,0.0027583984
2.655574e-07,0.002729676
2.656574e-07,0.0027009536
2.657574e-07,0.0026794118
2.658574e-07,0.0026679228
2.659574e-07,0.0026664867
2.660574e-07,0.0026722312
2.661574e-07,0.0026794118
2.662574e-07,0.0026837201
2.663574e-07,0.0026837201
2.664574e-07,0.0026808479
2.665574e-07,0.0026794118
2.666574e-07,0.002682284
2.667574e-07,0.0026887466
2.668574e-07,0.0026966452
2.669574e-07,0.0027023897
2.670574e-07,0.0027016716
2.671574e-07,0.0026930549
2.672574e-07,0.0026801298
2.673574e-07,0.0026679228
2.674574e-07,0.0026614602
2.675574e-07,0.0026643325
2.676574e-07,0.0026751034
2.677574e-07,0.0026909007
2.678574e-07,0.00270598
2.679574e-07,0.0027160329
2.680574e-07,0.0027189051
2.681574e-07,0.0027138787
2.682574e-07,0.0027038258
2.683574e-07,0.0026916188
2.684574e-07,0.0026794118
2.685574e-07,0.0026679228
2.686574e-07,0.0026578699
2.687574e-07,0.0026492532
2.688574e-07,0.0026413545
2.689574e-07,0.0026334559
2.690574e-07,0.0026269933
2.691574e-07,0.0026205308
2.692574e-07,0.0026155044
2.693574e-07,0.0026104779
2.694574e-07,0.0026061696
2.695574e-07,0.0026018612
2.696574e-07,0.002599707
2.697574e-07,0.002598989
2.698574e-07,0.002599707
2.699574e-07,0.0026018612
2.700574e-07,0.0026018612
2.701574e-07,0.002598989
2.702574e-07,0.0025925264
2.703574e-07,0.0025824736
2.704574e-07,0.0025724207
2.705574e-07,0.0025645221
2.706574e-07,0.0025616498
2.707574e-07,0.0025645221
2.708574e-07,0.0025702665
2.709574e-07,0.002576011
2.710574e-07,0.0025774472
2.711574e-07,0.0025709846
2.712574e-07,0.0025587776
2.713574e-07,0.0025415441
2.714574e-07,0.0025243107
2.715574e-07,0.0025106675
2.716574e-07,0.0025013327
2.717574e-07,0.0024955882
2.718574e-07,0.0024898438
2.719574e-07,0.002480509
2.720574e-07,0.0024668658
2.721574e-07,0.0024496324
2.722574e-07,0.0024316808
2.723574e-07,0.0024173196
2.724574e-07,0.0024079848
2.725574e-07,0.0024036765
2.726574e-07,0.0024008042
2.727574e-07,0.0023936236
2.728574e-07,0.0023799805
2.729574e-07,0.0023577206
2.730574e-07,0.0023311523
2.731574e-07,0.002303866
2.732574e-07,0.0022816062
2.733574e-07,0.0022658088
2.734574e-07,0.002255756
2.735574e-07,0.0022464212
2.736574e-07,0.0022349322
2.737574e-07,0.0022198529
2.738574e-07,0.0022026195
2.739574e-07,0.0021882583
2.740574e-07,0.0021817957
2.741574e-07,0.002185386
2.742574e-07,0.002196875
2.743574e-07,0.0022098001
2.744574e-07,0.0022155446
2.745574e-07,0.002208364
2.746574e-07,0.0021868222
2.747574e-07,0.0021566636
2.748574e-07,0.0021265051
2.749574e-07,0.0021049632
2.750574e-07,0.0020985007
2.751574e-07,0.0021063994
2.752574e-07,0.0021229148
2.753574e-07,0.0021394301
2.754574e-07,0.002149483
2.755574e-07,0.0021487649
2.756574e-07,0.0021401482
2.757574e-07,0.0021279412
2.758574e-07,0.0021178883
2.759574e-07,0.00211358
2.760574e-07,0.002114298
2.761574e-07,0.0021164522
2.762574e-07,0.0021157341
2.763574e-07,0.0021085535
2.764574e-07,0.0020927562
2.765574e-07,0.0020704963
2.766574e-07,0.0020446461
2.767574e-07,0.002019514
2.768574e-07,0.0019965361
2.769574e-07,0.0019785846
2.770574e-07,0.0019649414
2.771574e-07,0.0019556066
2.772574e-07,0.001948426
2.773574e-07,0.0019441176
2.774574e-07,0.0019398093
2.775574e-07,0.0019355009
2.776574e-07,0.0019290384
2.777574e-07,0.0019211397
2.778574e-07,0.001912523
2.779574e-07,0.0019053424
2.780574e-07,0.0019003159
2.781574e-07,0.0018981618
2.782574e-07,0.0018967256
2.783574e-07,0.0018945715
2.784574e-07,0.0018873909
2.785574e-07,0.0018751838
2.786574e-07,0.0018586684
2.787574e-07,0.0018407169
2.788574e-07,0.0018256376
2.789574e-07,0.001817739
2.790574e-07,0.0018170209
2.791574e-07,0.0018220473
2.792574e-07,0.0018270738
2.793574e-07,0.0018292279
2.794574e-07,0.0018249196
2.795574e-07,0.0018155848
2.796574e-07,0.0018040958
2.797574e-07,0.001794761
2.798574e-07,0.0017897346
2.799574e-07,0.0017904527
2.800574e-07,0.0017933249
2.801574e-07,0.001794761
2.802574e-07,0.0017918888
2.803574e-07,0.0017839901
2.804574e-07,0.0017717831
2.805574e-07,0.0017602941
2.806574e-07,0.0017516774
2.807574e-07,0.0017488051
2.808574e-07,0.0017488051
2.809574e-07,0.0017488051
2.810574e-07,0.0017444968
2.811574e-07,0.0017330078
2.812574e-07,0.0017150563
2.813574e-07,0.0016913603
2.814574e-07,0.0016676643
2.815574e-07,0.0016468405
2.816574e-07,0.0016317613
2.817574e-07,0.0016224265
2.818574e-07,0.0016181181
2.819574e-07,0.0016174
2.820574e-07,0.0016188362
2.821574e-07,0.0016224265
2.822574e-07,0.001628171
2.823574e-07,0.0016339154
2.824574e-07,0.0016375057
2.825574e-07,0.0016339154
2.826574e-07,0.0016202723
2.827574e-07,0.001593704
2.828574e-07,0.0015585191
2.829574e-07,0.0015190257
2.830574e-07,0.0014852769
2.831574e-07,0.0014644531
2.832574e-07,0.0014608628
2.833574e-07,0.0014730699
2.834574e-07,0.0014931756
2.835574e-07,0.0015111271
2.836574e-07,0.0015175896
2.837574e-07,0.0015075368
2.838574e-07,0.0014816866
2.839574e-07,0.0014472197
2.840574e-07,0.0014113166
2.841574e-07,0.0013811581
2.842574e-07,0.0013610524
2.843574e-07,0.0013495634
2.844574e-07,0.0013423828
2.845574e-07,0.0013352022
2.846574e-07,0.0013244313
2.847574e-07,0.0013100701
2.848574e-07,0.0012935547
2.849574e-07,0.0012777574
2.850574e-07,0.0012648323
2.851574e-07,0.0012562155
2.852574e-07,0.0012490349
2.853574e-07,0.0012432904
2.854574e-07,0.001237546
2.855574e-07,0.0012318015
2.856574e-07,0.001226775
2.857574e-07,0.0012203125
2.858574e-07,0.0012116958
2.859574e-07,0.0011980526
2.860574e-07,0.0011772289
2.861574e-07,0.0011513787
2.862574e-07,0.0011233743
2.863574e-07,0.0010989602
2.864574e-07,0.001084599
2.865574e-07,0.0010824449
2.866574e-07,0.0010910616
2.867574e-07,0.0011032686
2.868574e-07,0.0011104492
2.869574e-07,0.0011054228
2.870574e-07,0.0010860352
2.871574e-07,0.0010544405
2.872574e-07,0.0010199736
2.873574e-07,0.00099053309
2.874574e-07,0.00097401769
2.875574e-07,0.00097186351
2.876574e-07,0.00097904412
2.877574e-07,0.00099053309
2.878574e-07,0.00099771369
2.879574e-07,0.00099771369
2.880574e-07,0.00099053309
2.881574e-07,0.00097904412
2.882574e-07,0.00096827321
2.883574e-07,0.00096181066
2.884574e-07,0.00095822036
2.885574e-07,0.00095606618
2.886574e-07,0.00095175781
2.887574e-07,0.00094385915
2.888574e-07,0.00093237017
2.889574e-07,0.00092159926
2.890574e-07,0.0009137006
2.891574e-07,0.00091082835
2.892574e-07,0.00091082835
2.893574e-07,0.00091011029
2.894574e-07,0.00090508387
2.895574e-07,0.00089215878
2.896574e-07,0.0008734892
2.897574e-07,0.00085266544
2.898574e-07,0.00083543199
2.899574e-07,0.00082537914
2.900574e-07,0.00082466108
2.901574e-07,0.0008296875
2.902574e-07,0.0008332778
2.903574e-07,0.00082896944
2.904574e-07,0.00081245404
2.905574e-07,0.00078373162
2.906574e-07,0.00074711052
2.907574e-07,0.00070905331
2.908574e-07,0.0006781767
2.909574e-07,0.00065735294
2.910574e-07,0.00064658203
2.911574e-07,0.00064299173
2.912574e-07,0.00064011949
2.913574e-07,0.000634375
2.914574e-07,0.00062288603
2.915574e-07,0.00060780676
2.916574e-07,0.00059129136
2.917574e-07,0.00057693015
2.918574e-07,0.0005668773
2.919574e-07,0.00056041475
2.920574e-07,0.00055682445
2.921574e-07,0.00055395221
2.922574e-07,0.0005503619
2.923574e-07,0.00054605354
2.924574e-07,0.0005431813
2.925574e-07,0.00054246324
2.926574e-07,0.00054389936
2.927574e-07,0.00054605354
2.928574e-07,0.00054605354
2.929574e-07,0.00054246324
2.930574e-07,0.00053384651
2.931574e-07,0.00052092142
2.932574e-07,0.00050727826
2.933574e-07,0.00049650735
2.934574e-07,0.00049004481
2.935574e-07,0.00049004481
2.936574e-07,0.00049291705
2.937574e-07,0.00049650735
2.938574e-07,0.00049650735
2.939574e-07,0.00049148093
2.940574e-07,0.0004792739
2.941574e-07,0.00046204044
2.942574e-07,0.00044193474
2.943574e-07,0.00042182904
2.944574e-07,0.00040459559
2.945574e-07,0.00039310662
2.946574e-07,0.00038736213
2.947574e-07,0.00038879825
2.948574e-07,0.0003952608
2.949574e-07,0.00040459559
2.950574e-07,0.00041393038
2.951574e-07,0.00042039292
2.952574e-07,0.00042182904
2.953574e-07,0.00041608456
2.954574e-07,0.00040531365
2.955574e-07,0.0003916705
2.956574e-07,0.00037946347
2.957574e-07,0.00037012868
2.958574e-07,0.00036582031
2.959574e-07,0.00036582031
2.960574e-07,0.00036797449
2.961574e-07,0.00037012868
2.962574e-07,0.0003715648
2.963574e-07,0.0003715648
2.964574e-07,0.00037084674
2.965574e-07,0.00037012868
2.966574e-07,0.00036941062
2.967574e-07,0.00036797449
2.968574e-07,0.00036438419
2.969574e-07,0.00035863971
2.970574e-07,0.00035074104
2.971574e-07,0.00034068819
2.972574e-07,0.0003313534
2.973574e-07,0.00032417279
2.974574e-07,0.00031914637
2.975574e-07,0.00031627413
2.976574e-07,0.00031411994
2.977574e-07,0.00031268382
2.978574e-07,0.00030981158
2.979574e-07,0.00030550322
2.980574e-07,0.00029904067
2.981574e-07,0.00028970588
2.982574e-07,0.00027606273
2.983574e-07,0.00025667509
2.984574e-07,0.00023369715
2.985574e-07,0.00020928309
2.986574e-07,0.00018630515
2.987574e-07,0.00016835363
2.988574e-07,0.00015758272
2.989574e-07,0.00015183824
2.990574e-07,0.00014824793
2.991574e-07,0.00014034926
2.992574e-07,0.00012670611
2.993574e-07,0.00010588235
2.994574e-07,8.2904412e-05
2.995574e-07,6.4234835e-05
2.996574e-07,5.5618107e-05
2.997574e-07,5.9926471e-05
2.998574e-07,7.4287684e-05
2.999574e-07,9.0803079e-05
3.000574e-07,9.9419807e-05
3.001574e-07,9.4393382e-05
3.002574e-07,7.3569623e-05
3.003574e-07,4.1256893e-05
3.004574e-07,6.7899816e-06
3.005574e-07,-2.0496324e-05
3.006574e-07,-3.4857537e-05
3.007574e-07,-3.6293658e-05
3.008574e-07,-2.9831112e-05
3.009574e-07,-2.0496324e-05
3.010574e-07,-1.4751838e-05
3.011574e-07,-1.4751838e-05
3.012574e-07,-1.8342142e-05
3.013574e-07,-2.0496324e-05
3.014574e-07,-1.9060202e-05
3.015574e-07,-1.2597656e-05
3.016574e-07,-3.9809283e-06
3.017574e-07,2.4816176e-06
3.018574e-07,3.917739e-06
3.019574e-07,-1.8267463e-06
3.020574e-07,-1.1161535e-05
3.021574e-07,-2.0496324e-05
3.022574e-07,-2.6240809e-05
3.023574e-07,-2.6958869e-05
3.024574e-07,-2.4086627e-05
3.025574e-07,-2.0496324e-05
3.026574e-07,-2.0496324e-05
3.027574e-07,-2.5522748e-05
3.028574e-07,-3.4857537e-05
3.029574e-07,-4.3474265e-05
3.030574e-07,-4.7782629e-05
3.031574e-07,-4.4192325e-05
3.032574e-07,-3.4139476e-05
3.033574e-07,-2.0496324e-05
3.034574e-07,-8.2892923e-06
3.035574e-07,-3.2628676e-06
3.036574e-07,-7.5712316e-06
3.037574e-07,-2.0496324e-05
3.038574e-07,-3.9165901e-05
3.039574e-07,-5.8553539e-05
3.040574e-07,-7.2196691e-05
3.041574e-07,-7.7941176e-05
3.042574e-07,-7.3632812e-05
3.043574e-07,-5.998966e-05
3.044574e-07,-4.1320083e-05
3.045574e-07,-2.0496324e-05
3.046574e-07,-2.544807e-06
3.047574e-07,1.0380285e-05
3.048574e-07,1.540671e-05
3.049574e-07,1.3970588e-05
3.050574e-07,7.5080423e-06
3.051574e-07,-3.90625e-07
3.052574e-07,-6.853171e-06
3.053574e-07,-9.0073529e-06
3.054574e-07,-6.853171e-06
3.055574e-07,-1.8267463e-06
3.056574e-07,1.763557e-06
3.057574e-07,2.4816176e-06
3.058574e-07,-2.544807e-06
3.059574e-07,-1.1879596e-05
3.060574e-07,-2.3368566e-05
3.061574e-07,-3.1985294e-05
3.062574e-07,-3.4857537e-05
3.063574e-07,-3.1985294e-05
3.064574e-07,-2.5522748e-05
3.065574e-07,-2.0496324e-05
3.066574e-07,-2.1932445e-05
3.067574e-07,-3.3421415e-05
3.068574e-07,-5.3527114e-05
3.069574e-07,-7.7941176e-05
3.070574e-07,-0.00010091912
3.071574e-07,-0.00011671645
3.072574e-07,-0.00012389706
3.073574e-07,-0.00012389706
3.074574e-07,-0.000123179
3.075574e-07,-0.0001267693
3.076574e-07,-0.00013897633
3.077574e-07,-0.00015836397
3.078574e-07,-0.00017990579
3.079574e-07,-0.00019713925
3.080574e-07,-0.00020503791
3.081574e-07,-0.00020431985
3.082574e-07,-0.00019857537
3.083574e-07,-0.00019713925
3.084574e-07,-0.00020575597
3.085574e-07,-0.00022729779
3.086574e-07,-0.00025961052
3.087574e-07,-0.00029551356
3.088574e-07,-0.00032495404
3.089574e-07,-0.0003421875
3.090574e-07,-0.00034649586
3.091574e-07,-0.00034146944
3.092574e-07,-0.00033428883
3.093574e-07,-0.00033069853
3.094574e-07,-0.00033428883
3.095574e-07,-0.00034434168
3.096574e-07,-0.00035511259
3.097574e-07,-0.00036516544
3.098574e-07,-0.00037162799
3.099574e-07,-0.00037737247
3.100574e-07,-0.0003859892
3.101574e-07,-0.00039963235
3.102574e-07,-0.00041973805
3.103574e-07,-0.00044271599
3.104574e-07,-0.00046425781
3.105574e-07,-0.00048005515
3.106574e-07,-0.00048938994
3.107574e-07,-0.00049441636
3.108574e-07,-0.00049800666
3.109574e-07,-0.00050303309
3.110574e-07,-0.00050949563
3.111574e-07,-0.00051524012
3.112574e-07,-0.0005173943
3.113574e-07,-0.00051452206
3.114574e-07,-0.00051021369
3.115574e-07,-0.00051093176
3.116574e-07,-0.00052242073
3.117574e-07,-0.00054898897
3.118574e-07,-0.00058776425
3.119574e-07,-0.00063084789
3.120574e-07,-0.00066675092
3.121574e-07,-0.00068685662
3.122574e-07,-0.00068757468
3.123574e-07,-0.00067393153
3.124574e-07,-0.00065526195
3.125574e-07,-0.00064090074
3.126574e-07,-0.00063802849
3.127574e-07,-0.00064664522
3.128574e-07,-0.00066172449
3.129574e-07,-0.00067536765
3.130574e-07,-0.00068326631
3.131574e-07,-0.00068613856
3.132574e-07,-0.0006890108
3.133574e-07,-0.00069834559
3.134574e-07,-0.00071916935
3.135574e-07,-0.00075004596
3.136574e-07,-0.00078451287
3.137574e-07,-0.00081323529
3.138574e-07,-0.00082903263
3.139574e-07,-0.00082903263
3.140574e-07,-0.00081754366
3.141574e-07,-0.00080174632
3.142574e-07,-0.00079025735
3.143574e-07,-0.00078953929
3.144574e-07,-0.00079815602
3.145574e-07,-0.00081323529
3.146574e-07,-0.00082831457
3.147574e-07,-0.00083764936
3.148574e-07,-0.00083980354
3.149574e-07,-0.00083621324
3.150574e-07,-0.00083118681
3.151574e-07,-0.00082759651
3.152574e-07,-0.00082975069
3.153574e-07,-0.00083621324
3.154574e-07,-0.00084698415
3.155574e-07,-0.00085919118
3.156574e-07,-0.00087139821
3.157574e-07,-0.00088216912
3.158574e-07,-0.00089006778
3.159574e-07,-0.00089437615
3.160574e-07,-0.00089509421
3.161574e-07,-0.00089365809
3.162574e-07,-0.00089222197
3.163574e-07,-0.00089437615
3.164574e-07,-0.00090155676
3.165574e-07,-0.00091663603
3.166574e-07,-0.00093745979
3.167574e-07,-0.00096043773
3.168574e-07,-0.00098126149
3.169574e-07,-0.00099705882
3.170574e-07,-0.0010056756
3.171574e-07,-0.0010085478
3.172574e-07,-0.0010085478
3.173574e-07,-0.0010085478
3.174574e-07,-0.0010099839
3.175574e-07,-0.00101142
3.176574e-07,-0.00101142
3.177574e-07,-0.0010085478
3.178574e-07,-0.0010020852
3.179574e-07,-0.0009956227
3.180574e-07,-0.0009920324
3.181574e-07,-0.00099705882
3.182574e-07,-0.00101142
3.183574e-07,-0.0010322438
3.184574e-07,-0.0010566579
3.185574e-07,-0.0010774816
3.186574e-07,-0.0010904067
3.187574e-07,-0.001093279
3.188574e-07,-0.0010882525
3.189574e-07,-0.0010774816
3.190574e-07,-0.0010652746
3.191574e-07,-0.0010545037
3.192574e-07,-0.0010473231
3.193574e-07,-0.0010430147
3.194574e-07,-0.0010422966
3.195574e-07,-0.0010451689
3.196574e-07,-0.0010530676
3.197574e-07,-0.0010659926
3.198574e-07,-0.0010832261
3.199574e-07,-0.0011026137
3.200574e-07,-0.0011205653
3.201574e-07,-0.0011349265
3.202574e-07,-0.0011435432
3.203574e-07,-0.0011464154
3.204574e-07,-0.0011471335
3.205574e-07,-0.0011464154
3.206574e-07,-0.0011471335
3.207574e-07,-0.0011507238
3.208574e-07,-0.0011543141
3.209574e-07,-0.0011579044
3.210574e-07,-0.0011600586
3.211574e-07,-0.0011614947
3.212574e-07,-0.0011636489
3.213574e-07,-0.0011693934
3.214574e-07,-0.0011787282
3.215574e-07,-0.0011916533
3.216574e-07,-0.0012045784
3.217574e-07,-0.0012153493
3.218574e-07,-0.0012210937
3.219574e-07,-0.0012218118
3.220574e-07,-0.0012189396
3.221574e-07,-0.0012153493
3.222574e-07,-0.0012146312
3.223574e-07,-0.0012189396
3.224574e-07,-0.0012268382
3.225574e-07,-0.0012383272
3.226574e-07,-0.0012498162
3.227574e-07,-0.001259869
3.228574e-07,-0.0012677677
3.229574e-07,-0.0012727941
3.230574e-07,-0.0012771025
3.231574e-07,-0.0012799747
3.232574e-07,-0.001282847
3.233574e-07,-0.0012842831
3.234574e-07,-0.001282847
3.235574e-07,-0.0012785386
3.236574e-07,-0.001271358
3.237574e-07,-0.0012613051
3.238574e-07,-0.0012505342
3.239574e-07,-0.0012404814
3.240574e-07,-0.0012325827
3.241574e-07,-0.0012268382
3.242574e-07,-0.0012232479
3.243574e-07,-0.0012225299
3.244574e-07,-0.001223966
3.245574e-07,-0.0012268382
3.246574e-07,-0.0012318647
3.247574e-07,-0.0012376091
3.248574e-07,-0.0012440717
3.249574e-07,-0.0012498162
3.250574e-07,-0.0012541245
3.251574e-07,-0.0012562787
3.252574e-07,-0.0012548426
3.253574e-07,-0.0012498162
3.254574e-07,-0.0012419175
3.255574e-07,-0.0012304285
3.256574e-07,-0.0012175034
3.257574e-07,-0.0012038603
3.258574e-07,-0.0011916533
3.259574e-07,-0.0011830365
3.260574e-07,-0.0011794462
3.261574e-07,-0.0011808824
3.262574e-07,-0.0011873449
3.263574e-07,-0.0011981158
3.264574e-07,-0.001211759
3.265574e-07,-0.0012268382
3.266574e-07,-0.0012419175
3.267574e-07,-0.0012569968
3.268574e-07,-0.001271358
3.269574e-07,-0.0012842831
3.270574e-07,-0.001295054
3.271574e-07,-0.0013029527
3.272574e-07,-0.001306543
3.273574e-07,-0.001307261
3.274574e-07,-0.0013058249
3.275574e-07,-0.0013036707
3.276574e-07,-0.0013036707
3.277574e-07,-0.001307261
3.278574e-07,-0.0013151597
3.279574e-07,-0.0013259306
3.280574e-07,-0.0013395738
3.281574e-07,-0.0013532169
3.282574e-07,-0.001366142
3.283574e-07,-0.0013769129
3.284574e-07,-0.0013848116
3.285574e-07,-0.0013876838
3.286574e-07,-0.0013855296
3.287574e-07,-0.001377631
3.288574e-07,-0.001366142
3.289574e-07,-0.0013532169
3.290574e-07,-0.001342446
3.291574e-07,-0.0013374196
3.292574e-07,-0.0013410099
3.293574e-07,-0.0013532169
3.294574e-07,-0.0013704504
3.295574e-07,-0.0013891199
3.296574e-07,-0.0014034812
3.297574e-07,-0.0014106618
3.298574e-07,-0.0014099437
3.299574e-07,-0.0014034812
3.300574e-07,-0.0013948644
3.301574e-07,-0.0013876838
3.302574e-07,-0.0013840935
3.303574e-07,-0.0013833755
3.304574e-07,-0.0013848116
3.305574e-07,-0.0013876838
3.306574e-07,-0.0013905561
3.307574e-07,-0.0013941464
3.308574e-07,-0.0014006089
3.309574e-07,-0.0014106618
3.310574e-07,-0.0014243049
3.311574e-07,-0.0014401023
3.312574e-07,-0.0014551815
3.313574e-07,-0.0014681066
3.314574e-07,-0.0014774414
3.315574e-07,-0.0014831859
3.316574e-07,-0.0014874943
3.317574e-07,-0.0014910846
3.318574e-07,-0.0014953929
3.319574e-07,-0.0014997013
3.320574e-07,-0.0015018555
3.321574e-07,-0.0015025735
3.322574e-07,-0.0015018555
3.323574e-07,-0.0015011374
3.324574e-07,-0.0015047277
3.325574e-07,-0.0015140625
3.326574e-07,-0.0015298598
3.327574e-07,-0.0015514017
3.328574e-07,-0.0015743796
3.329574e-07,-0.0015944853
3.330574e-07,-0.0016088465
3.331574e-07,-0.0016167452
3.332574e-07,-0.0016188994
3.333574e-07,-0.0016174632
3.334574e-07,-0.0016153091
3.335574e-07,-0.0016160271
3.336574e-07,-0.0016203355
3.337574e-07,-0.0016289522
3.338574e-07,-0.0016425954
3.339574e-07,-0.0016598288
3.340574e-07,-0.0016792165
3.341574e-07,-0.001697886
3.342574e-07,-0.0017122472
3.343574e-07,-0.0017201459
3.344574e-07,-0.0017187098
3.345574e-07,-0.001709375
3.346574e-07,-0.0016964499
3.347574e-07,-0.001685679
3.348574e-07,-0.0016813706
3.349574e-07,-0.0016863971
3.350574e-07,-0.0016993222
3.351574e-07,-0.0017158375
3.352574e-07,-0.0017280446
3.353574e-07,-0.0017323529
3.354574e-07,-0.0017258904
3.355574e-07,-0.0017122472
3.356574e-07,-0.001697168
3.357574e-07,-0.0016863971
3.358574e-07,-0.0016849609
3.359574e-07,-0.0016935777
3.360574e-07,-0.0017072208
3.361574e-07,-0.001720864
3.362574e-07,-0.0017294807
3.363574e-07,-0.0017316349
3.364574e-07,-0.0017273265
3.365574e-07,-0.001720864
3.366574e-07,-0.0017158375
3.367574e-07,-0.0017151195
3.368574e-07,-0.0017172737
3.369574e-07,-0.001720864
3.370574e-07,-0.0017223001
3.371574e-07,-0.001721582
3.372574e-07,-0.0017201459
3.373574e-07,-0.001720864
3.374574e-07,-0.0017273265
3.375574e-07,-0.0017409697
3.376574e-07,-0.0017596392
3.377574e-07,-0.0017783088
3.378574e-07,-0.0017905159
3.379574e-07,-0.00179267
3.380574e-07,-0.0017833352
3.381574e-07,-0.0017668199
3.382574e-07,-0.0017488683
3.383574e-07,-0.0017380974
3.384574e-07,-0.0017402516
3.385574e-07,-0.0017553309
3.386574e-07,-0.0017811811
3.387574e-07,-0.0018113396
3.388574e-07,-0.001839344
3.389574e-07,-0.0018587316
3.390574e-07,-0.0018695025
3.391574e-07,-0.0018730928
3.392574e-07,-0.0018759651
3.393574e-07,-0.0018817096
3.394574e-07,-0.0018946347
3.395574e-07,-0.0019147403
3.396574e-07,-0.0019391544
3.397574e-07,-0.0019621324
3.398574e-07,-0.0019793658
3.399574e-07,-0.0019879825
3.400574e-07,-0.0019887006
3.401574e-07,-0.0019851103
3.402574e-07,-0.0019822381
3.403574e-07,-0.0019843922
3.404574e-07,-0.001993009
3.405574e-07,-0.0020080882
3.406574e-07,-0.0020260398
3.407574e-07,-0.0020425551
3.408574e-07,-0.0020561983
3.409574e-07,-0.0020655331
3.410574e-07,-0.0020727137
3.411574e-07,-0.0020791762
3.412574e-07,-0.002088511
3.413574e-07,-0.0021
3.414574e-07,-0.0021129251
3.415574e-07,-0.002123696
3.416574e-07,-0.0021308766
3.417574e-07,-0.0021344669
3.418574e-07,-0.002135185
3.419574e-07,-0.002135903
3.420574e-07,-0.0021387753
3.421574e-07,-0.0021459559
3.422574e-07,-0.0021560087
3.423574e-07,-0.0021667796
3.424574e-07,-0.0021753964
3.425574e-07,-0.0021804228
3.426574e-07,-0.002182577
3.427574e-07,-0.0021840131
3.428574e-07,-0.0021868853
3.429574e-07,-0.0021919118
3.430574e-07,-0.0021983743
3.431574e-07,-0.0022041188
3.432574e-07,-0.002206273
3.433574e-07,-0.0022034007
3.434574e-07,-0.0021969382
3.435574e-07,-0.0021904756
3.436574e-07,-0.0021883215
3.437574e-07,-0.0021919118
3.438574e-07,-0.0022019646
3.439574e-07,-0.0022156078
3.440574e-07,-0.0022292509
3.441574e-07,-0.0022378676
3.442574e-07,-0.002241458
3.443574e-07,-0.0022407399
3.444574e-07,-0.0022385857
3.445574e-07,-0.0022378676
3.446574e-07,-0.0022385857
3.447574e-07,-0.0022385857
3.448574e-07,-0.0022357135
3.449574e-07,-0.0022263787
3.450574e-07,-0.0022112994
3.451574e-07,-0.002194784
3.452574e-07,-0.002182577
3.453574e-07,-0.0021804228
3.454574e-07,-0.0021919118
3.455574e-07,-0.0022148897
3.456574e-07,-0.0022443302
3.457574e-07,-0.0022723346
3.458574e-07,-0.0022917222
3.459574e-07,-0.0022974667
3.460574e-07,-0.002289568
3.461574e-07,-0.0022723346
3.462574e-07,-0.0022507927
3.463574e-07,-0.0022314051
3.464574e-07,-0.0022191981
3.465574e-07,-0.0022148897
3.466574e-07,-0.0022191981
3.467574e-07,-0.002230687
3.468574e-07,-0.0022450483
3.469574e-07,-0.0022608456
3.470574e-07,-0.0022744887
3.471574e-07,-0.0022845416
3.472574e-07,-0.0022902861
3.473574e-07,-0.0022953125
3.474574e-07,-0.002301057
3.475574e-07,-0.0023103918
3.476574e-07,-0.0023240349
3.477574e-07,-0.0023412684
3.478574e-07,-0.0023577838
3.479574e-07,-0.0023707089
3.480574e-07,-0.0023764534
3.481574e-07,-0.0023757353
3.482574e-07,-0.0023728631
3.483574e-07,-0.0023735811
3.484574e-07,-0.0023814798
3.485574e-07,-0.0023987132
3.486574e-07,-0.0024216912
3.487574e-07,-0.0024446691
3.488574e-07,-0.0024611845
3.489574e-07,-0.0024676471
3.490574e-07,-0.0024647748
3.491574e-07,-0.0024575942
3.492574e-07,-0.0024525678
3.493574e-07,-0.0024561581
3.494574e-07,-0.0024683651
3.495574e-07,-0.0024855986
3.496574e-07,-0.002502114
3.497574e-07,-0.0025136029
3.498574e-07,-0.0025171932
3.499574e-07,-0.0025157571
3.500574e-07,-0.0025128849
3.501574e-07,-0.0025136029
3.502574e-07,-0.0025186294
3.503574e-07,-0.002526528
3.504574e-07,-0.0025337086
3.505574e-07,-0.0025365809
3.506574e-07,-0.0025351448
3.507574e-07,-0.0025322725
3.508574e-07,-0.0025322725
3.509574e-07,-0.0025365809
3.510574e-07,-0.0025459157
3.511574e-07,-0.0025552505
3.512574e-07,-0.0025609949
3.513574e-07,-0.0025595588
3.514574e-07,-0.0025516602
3.515574e-07,-0.0025423254
3.516574e-07,-0.0025394531
3.517574e-07,-0.0025480699
3.518574e-07,-0.0025688936
3.519574e-07,-0.0025961799
3.520574e-07,-0.0026227482
3.521574e-07,-0.0026399816
3.522574e-07,-0.00264429
3.523574e-07,-0.0026378274
3.524574e-07,-0.0026263385
3.525574e-07,-0.0026170037
3.526574e-07,-0.0026134134
3.527574e-07,-0.0026155676
3.528574e-07,-0.0026184398
3.529574e-07,-0.0026170037
3.530574e-07,-0.002609105
3.531574e-07,-0.0025954619
3.532574e-07,-0.0025811006
3.533574e-07,-0.0025710478
3.534574e-07,-0.0025696117
3.535574e-07,-0.0025753562
3.536574e-07,-0.002585409
3.537574e-07,-0.0025940257
3.538574e-07,-0.0025990522
3.539574e-07,-0.0025990522
3.540574e-07,-0.0025961799
3.541574e-07,-0.0025940257
3.542574e-07,-0.0025933077
3.543574e-07,-0.0025940257
3.544574e-07,-0.0025947438
3.545574e-07,-0.0025940257
3.546574e-07,-0.0025925896
3.547574e-07,-0.0025940257
3.548574e-07,-0.0026019244
3.549574e-07,-0.0026170037
3.550574e-07,-0.0026371094
3.551574e-07,-0.0026572151
3.552574e-07,-0.0026708582
3.553574e-07,-0.0026744485
3.554574e-07,-0.002667986
3.555574e-07,-0.0026579331
3.556574e-07,-0.0026507525
3.557574e-07,-0.0026514706
3.558574e-07,-0.0026608054
3.559574e-07,-0.0026737305
3.560574e-07,-0.0026837833
3.561574e-07,-0.0026859375
3.562574e-07,-0.002680193
3.563574e-07,-0.0026730124
3.564574e-07,-0.0026722943
3.565574e-07,-0.0026859375
3.566574e-07,-0.0027146599
3.567574e-07,-0.0027519991
3.568574e-07,-0.0027879021
3.569574e-07,-0.0028123162
3.570574e-07,-0.0028194968
3.571574e-07,-0.0028123162
3.572574e-07,-0.002798673
3.573574e-07,-0.0027893382
3.574574e-07,-0.0027907744
3.575574e-07,-0.0028022633
3.576574e-07,-0.0028202148
3.577574e-07,-0.0028352941
3.578574e-07,-0.0028431928
3.579574e-07,-0.0028439108
3.580574e-07,-0.0028424747
3.581574e-07,-0.0028467831
3.582574e-07,-0.0028611443
3.583574e-07,-0.0028855584
3.584574e-07,-0.0029142808
3.585574e-07,-0.0029386949
3.586574e-07,-0.0029516199
3.587574e-07,-0.0029516199
3.588574e-07,-0.002940849
3.589574e-07,-0.0029272059
3.590574e-07,-0.0029178711
3.591574e-07,-0.002917153
3.592574e-07,-0.0029250517
3.593574e-07,-0.0029386949
3.594574e-07,-0.0029537741
3.595574e-07,-0.0029666992
3.596574e-07,-0.0029767521
3.597574e-07,-0.0029846507
3.598574e-07,-0.0029911133
3.599574e-07,-0.0029961397
3.600574e-07,-0.0029982939
3.601574e-07,-0.0029961397
3.602574e-07,-0.0029903952
3.603574e-07,-0.0029839327
3.604574e-07,-0.0029810604
3.605574e-07,-0.0029846507
3.606574e-07,-0.0029975758
3.607574e-07,-0.0030183996
3.608574e-07,-0.0030420956
3.609574e-07,-0.0030650735
3.610574e-07,-0.003082307
3.611574e-07,-0.003093796
3.612574e-07,-0.0030988224
3.613574e-07,-0.0030995404
3.614574e-07,-0.0030981043
3.615574e-07,-0.0030959501
3.616574e-07,-0.0030923598
3.617574e-07,-0.0030880515
3.618574e-07,-0.0030844612
3.619574e-07,-0.0030844612
3.620574e-07,-0.0030894876
3.621574e-07,-0.0030995404
3.622574e-07,-0.0031117475
3.623574e-07,-0.0031203642
3.624574e-07,-0.0031210823
3.625574e-07,-0.0031110294
3.626574e-07,-0.0030923598
3.627574e-07,-0.003070818
3.628574e-07,-0.0030521484
3.629574e-07,-0.0030420956
3.630574e-07,-0.0030406595
3.631574e-07,-0.0030442498
3.632574e-07,-0.003046404
3.633574e-07,-0.0030420956
3.634574e-07,-0.0030298886
3.635574e-07,-0.0030126551
3.636574e-07,-0.0029961397
3.637574e-07,-0.0029846507
3.638574e-07,-0.0029796243
3.639574e-07,-0.0029796243
3.640574e-07,-0.0029789062
3.641574e-07,-0.0029731618
3.642574e-07,-0.0029623909
3.643574e-07,-0.0029487477
3.644574e-07,-0.0029394129
3.645574e-07,-0.0029386949
3.646574e-07,-0.0029480296
3.647574e-07,-0.0029652631
3.648574e-07,-0.0029832146
3.649574e-07,-0.0029961397
3.650574e-07,-0.0030004481
3.651574e-07,-0.0029968578
3.652574e-07,-0.0029896772
3.653574e-07,-0.0029846507
3.654574e-07,-0.0029832146
3.655574e-07,-0.0029853688
3.656574e-07,-0.0029868049
3.657574e-07,-0.0029846507
3.658574e-07,-0.0029781882
3.659574e-07,-0.0029717256
3.660574e-07,-0.0029717256
3.661574e-07,-0.0029846507
3.662574e-07,-0.003011937
3.663574e-07,-0.0030492762
3.664574e-07,-0.0030894876
3.665574e-07,-0.0031225184
3.666574e-07,-0.003141906
3.667574e-07,-0.0031469324
3.668574e-07,-0.003141188
3.669574e-07,-0.0031340074
3.670574e-07,-0.0031311351
3.671574e-07,-0.0031354435
3.672574e-07,-0.0031454963
3.673574e-07,-0.0031569853
3.674574e-07,-0.003165602
3.675574e-07,-0.0031684743
3.676574e-07,-0.0031684743
3.677574e-07,-0.0031684743
3.678574e-07,-0.0031727826
3.679574e-07,-0.0031835535
3.680574e-07,-0.0031986328
3.681574e-07,-0.0032144301
3.682574e-07,-0.0032273552
3.683574e-07,-0.0032345358
3.684574e-07,-0.0032374081
3.685574e-07,-0.0032374081
3.686574e-07,-0.0032374081
3.687574e-07,-0.0032395623
3.688574e-07,-0.0032438706
3.689574e-07,-0.0032488971
3.690574e-07,-0.0032539235
3.691574e-07,-0.0032582318
3.692574e-07,-0.0032632583
3.693574e-07,-0.003271875
3.694574e-07,-0.003284082
3.695574e-07,-0.0032998794
3.696574e-07,-0.0033156767
3.697574e-07,-0.0033293199
3.698574e-07,-0.0033365005
3.699574e-07,-0.0033365005
3.700574e-07,-0.0033293199
3.701574e-07,-0.0033178309
3.702574e-07,-0.0033056239
3.703574e-07,-0.0032948529
3.704574e-07,-0.0032869543
3.705574e-07,-0.003283364
3.706574e-07,-0.0032826459
3.707574e-07,-0.003283364
3.708574e-07,-0.003284082
3.709574e-07,-0.003283364
3.710574e-07,-0.0032797737
3.711574e-07,-0.003271875
3.712574e-07,-0.0032611041
3.713574e-07,-0.0032488971
3.714574e-07,-0.0032381261
3.715574e-07,-0.0032316636
3.716574e-07,-0.0032316636
3.717574e-07,-0.0032374081
3.718574e-07,-0.0032460248
3.719574e-07,-0.0032532054
3.720574e-07,-0.0032546415
3.721574e-07,-0.0032488971
3.722574e-07,-0.0032381261
3.723574e-07,-0.0032273552
3.724574e-07,-0.0032223288
3.725574e-07,-0.0032259191
3.726574e-07,-0.0032388442
3.727574e-07,-0.0032567957
3.728574e-07,-0.0032733111
3.729574e-07,-0.003283364
3.730574e-07,-0.0032848001
3.731574e-07,-0.0032790556
3.732574e-07,-0.0032733111
3.733574e-07,-0.003271875
3.734574e-07,-0.0032790556
3.735574e-07,-0.0032926988
3.736574e-07,-0.003307778
3.737574e-07,-0.0033178309
3.738574e-07,-0.0033171128
3.739574e-07,-0.0033049058
3.740574e-07,-0.0032876723
3.741574e-07,-0.003271875
3.742574e-07,-0.0032668486
3.743574e-07,-0.0032769014
3.744574e-07,-0.0032998794
3.745574e-07,-0.0033293199
3.746574e-07,-0.003354452
3.747574e-07,-0.0033673771
3.748574e-07,-0.0033616326
3.749574e-07,-0.0033408088
3.750574e-07,-0.0033099322
3.751574e-07,-0.0032797737
3.752574e-07,-0.0032575138
3.753574e-07,-0.0032488971
3.754574e-07,-0.0032546415
3.755574e-07,-0.003271875
3.756574e-07,-0.0032948529
3.757574e-07,-0.0033178309
3.758574e-07,-0.0033357824
3.759574e-07,-0.0033479894
3.760574e-07,-0.0033530159
3.761574e-07,-0.0033522978
3.762574e-07,-0.0033472714
3.763574e-07,-0.0033393727
3.764574e-07,-0.0033293199
3.765574e-07,-0.0033178309
3.766574e-07,-0.0033063419
3.767574e-07,-0.003295571
3.768574e-07,-0.0032876723
3.769574e-07,-0.003283364
3.770574e-07,-0.003284082
3.771574e-07,-0.0032891085
3.772574e-07,-0.0032970071
3.773574e-07,-0.0033063419
3.774574e-07,-0.0033149586
3.775574e-07,-0.0033214212
3.776574e-07,-0.0033264476
3.777574e-07,-0.0033293199
3.778574e-07,-0.003330756
3.779574e-07,-0.0033293199
3.780574e-07,-0.0033257295
3.781574e-07,-0.0033178309
3.782574e-07,-0.00330706
3.783574e-07,-0.0032962891
3.784574e-07,-0.0032905446
3.785574e-07,-0.0032948529
3.786574e-07,-0.0033135225
3.787574e-07,-0.0033465533
3.788574e-07,-0.0033889189
3.789574e-07,-0.0034327206
3.790574e-07,-0.0034671875
3.791574e-07,-0.0034858571
3.792574e-07,-0.0034880113
3.793574e-07,-0.0034786765
3.794574e-07,-0.0034686236
3.795574e-07,-0.0034686236
3.796574e-07,-0.0034837029
3.797574e-07,-0.0035131434
3.798574e-07,-0.0035476103
3.799574e-07,-0.0035770508
3.800574e-07,-0.0035928481
3.801574e-07,-0.0035935662
3.802574e-07,-0.0035863856
3.803574e-07,-0.0035813591
3.804574e-07,-0.0035906939
3.805574e-07,-0.0036165441
3.806574e-07,-0.0036546013
3.807574e-07,-0.0036940947
3.808574e-07,-0.003722099
3.809574e-07,-0.0037314338
3.810574e-07,-0.0037228171
3.811574e-07,-0.0037041475
3.812574e-07,-0.0036890682
3.813574e-07,-0.0036854779
3.814574e-07,-0.0036962489
3.815574e-07,-0.0037156365
3.816574e-07,-0.003733588
3.817574e-07,-0.0037429228
3.818574e-07,-0.0037414867
3.819574e-07,-0.003733588
3.820574e-07,-0.0037278435
3.821574e-07,-0.0037314338
3.822574e-07,-0.0037443589
3.823574e-07,-0.0037608743
3.824574e-07,-0.0037709272
3.825574e-07,-0.0037659007
3.826574e-07,-0.003745077
3.827574e-07,-0.0037127642
3.828574e-07,-0.0036818876
3.829574e-07,-0.0036625
3.830574e-07,-0.0036596278
3.831574e-07,-0.0036696806
3.832574e-07,-0.0036854779
3.833574e-07,-0.0036969669
3.834574e-07,-0.003698403
3.835574e-07,-0.0036905044
3.836574e-07,-0.0036797335
3.837574e-07,-0.003673989
3.838574e-07,-0.0036768612
3.839574e-07,-0.0036869141
3.840574e-07,-0.0036955308
3.841574e-07,-0.0036969669
3.842574e-07,-0.0036854779
3.843574e-07,-0.0036639361
3.844574e-07,-0.0036380859
3.845574e-07,-0.0036165441
3.846574e-07,-0.0036050551
3.847574e-07,-0.003603619
3.848574e-07,-0.0036093635
3.849574e-07,-0.0036165441
3.850574e-07,-0.0036230067
3.851574e-07,-0.0036287511
3.852574e-07,-0.0036373679
3.853574e-07,-0.003651011
3.854574e-07,-0.0036689625
3.855574e-07,-0.003686196
3.856574e-07,-0.0036969669
3.857574e-07,-0.0036969669
3.858574e-07,-0.0036869141
3.859574e-07,-0.0036725528
3.860574e-07,-0.0036625
3.861574e-07,-0.0036625
3.862574e-07,-0.0036725528
3.863574e-07,-0.0036869141
3.864574e-07,-0.003697685
3.865574e-07,-0.0036969669
3.866574e-07,-0.003686196
3.867574e-07,-0.0036718348
3.868574e-07,-0.0036646542
3.869574e-07,-0.003673989
3.870574e-07,-0.0037012753
3.871574e-07,-0.0037393325
3.872574e-07,-0.0037766716
3.873574e-07,-0.0038003676
3.874574e-07,-0.0038061121
3.875574e-07,-0.0037953412
3.876574e-07,-0.0037788258
3.877574e-07,-0.0037659007
3.878574e-07,-0.0037623104
3.879574e-07,-0.0037680549
3.880574e-07,-0.0037752355
3.881574e-07,-0.0037773897
3.882574e-07,-0.0037723633
3.883574e-07,-0.0037630285
3.884574e-07,-0.0037580021
3.885574e-07,-0.0037659007
3.886574e-07,-0.0037881606
3.887574e-07,-0.0038197553
3.888574e-07,-0.0038506319
3.889574e-07,-0.0038693015
3.890574e-07,-0.0038700195
3.891574e-07,-0.0038556583
3.892574e-07,-0.0038326804
3.893574e-07,-0.0038118566
3.894574e-07,-0.0037989315
3.895574e-07,-0.0037946232
3.896574e-07,-0.003793187
3.897574e-07,-0.0037888787
3.898574e-07,-0.0037788258
3.899574e-07,-0.0037673369
3.900574e-07,-0.0037601562
3.901574e-07,-0.0037659007
3.902574e-07,-0.0037852884
3.903574e-07,-0.0038140108
3.904574e-07,-0.0038420152
3.905574e-07,-0.0038578125
3.906574e-07,-0.0038563764
3.907574e-07,-0.0038384249
3.908574e-07,-0.0038125747
3.909574e-07,-0.0037888787
3.910574e-07,-0.0037745175
3.911574e-07,-0.0037702091
3.912574e-07,-0.0037730813
3.913574e-07,-0.0037773897
3.914574e-07,-0.0037788258
3.915574e-07,-0.0037766716
3.916574e-07,-0.0037752355
3.917574e-07,-0.0037773897
3.918574e-07,-0.0037838523
3.919574e-07,-0.0037910329
3.920574e-07,-0.0037946232
3.921574e-07,-0.0037888787
3.922574e-07,-0.0037752355
3.923574e-07,-0.0037587201
3.924574e-07,-0.003745795
3.925574e-07,-0.0037429228
3.926574e-07,-0.0037486673
3.927574e-07,-0.0037558479
3.928574e-07,-0.0037565659
3.929574e-07,-0.0037429228
3.930574e-07,-0.0037142004
3.931574e-07,-0.0036782973
3.932574e-07,-0.0036459846
3.933574e-07,-0.0036280331
3.934574e-07,-0.003627315
3.935574e-07,-0.0036395221
3.936574e-07,-0.0036546013
3.937574e-07,-0.0036625
3.938574e-07,-0.0036574736
3.939574e-07,-0.0036409582
3.940574e-07,-0.0036208525
3.941574e-07,-0.0036050551
3.942574e-07,-0.0035978745
3.943574e-07,-0.0035978745
3.944574e-07,-0.0035978745
3.945574e-07,-0.0035935662
3.946574e-07,-0.0035820772
3.947574e-07,-0.003567716
3.948574e-07,-0.0035576631
3.949574e-07,-0.0035590993
3.950574e-07,-0.0035727424
3.951574e-07,-0.0035928481
3.952574e-07,-0.0036100816
3.953574e-07,-0.0036165441
3.954574e-07,-0.0036093635
3.955574e-07,-0.0035935662
3.956574e-07,-0.0035777688
3.957574e-07,-0.0035705882
3.958574e-07,-0.0035748966
3.959574e-07,-0.0035878217
3.960574e-07,-0.0036000287
3.961574e-07,-0.0036050551
3.962574e-07,-0.0036000287
3.963574e-07,-0.0035906939
3.964574e-07,-0.0035863856
3.965574e-07,-0.0035935662
3.966574e-07,-0.0036143899
3.967574e-07,-0.0036423943
3.968574e-07,-0.0036653722
3.969574e-07,-0.003673989
3.970574e-07,-0.0036653722
3.971574e-07,-0.0036459846
3.972574e-07,-0.0036294692
3.973574e-07,-0.0036280331
3.974574e-07,-0.0036481388
3.975574e-07,-0.003686196
3.976574e-07,-0.0037299977
3.977574e-07,-0.0037659007
3.978574e-07,-0.0037845703
3.979574e-07,-0.0037860064
3.980574e-07,-0.0037795439
3.981574e-07,-0.0037773897
3.982574e-07,-0.0037881606
3.983574e-07,-0.0038118566
3.984574e-07,-0.0038427332
3.985574e-07,-0.0038693015
3.986574e-07,-0.0038829446
3.987574e-07,-0.0038807904
3.988574e-07,-0.0038693015
3.989574e-07,-0.0038578125
3.990574e-07,-0.0038549403
3.991574e-07,-0.003864275
3.992574e-07,-0.0038829446
3.993574e-07,-0.0039037684
3.994574e-07,-0.0039195657
3.995574e-07,-0.0039267463
3.996574e-07,-0.0039274644
3.997574e-07,-0.0039267463
3.998574e-07,-0.0039281824
3.999574e-07,-0.0039339269
4.000574e-07,-0.0039418256
4.001574e-07,-0.0039497243
4.002574e-07,-0.0039547507
4.003574e-07,-0.003958341
4.004574e-07,-0.0039633674
4.005574e-07,-0.0039727022
4.006574e-07,-0.0039877815
4.007574e-07,-0.0040050149
4.008574e-07,-0.004017222
4.009574e-07,-0.0040186581
4.010574e-07,-0.0040071691
4.011574e-07,-0.0039841912
4.012574e-07,-0.0039590591
4.013574e-07,-0.0039382353
4.014574e-07,-0.0039289005
4.015574e-07,-0.0039310547
4.016574e-07,-0.0039403895
4.017574e-07,-0.0039497243
4.018574e-07,-0.0039533146
4.019574e-07,-0.0039497243
4.020574e-07,-0.0039389534
4.021574e-07,-0.0039267463
4.022574e-07,-0.0039159754
4.023574e-07,-0.0039087948
4.024574e-07,-0.0039052045
4.025574e-07,-0.0039037684
4.026574e-07,-0.0039037684
4.027574e-07,-0.0039044864
4.028574e-07,-0.0039080767
4.029574e-07,-0.0039152574
4.030574e-07,-0.0039245921
4.031574e-07,-0.003934645
4.032574e-07,-0.0039425437
4.033574e-07,-0.0039497243
4.034574e-07,-0.0039569049
4.035574e-07,-0.0039683938
4.036574e-07,-0.0039849092
4.037574e-07,-0.0040071691
4.038574e-07,-0.004029429
4.039574e-07,-0.0040445083
4.040574e-07,-0.0040488166
4.041574e-07,-0.004041636
4.042574e-07,-0.004029429
4.043574e-07,-0.0040229665
4.044574e-07,-0.0040301471
4.045574e-07,-0.004053125
4.046574e-07,-0.0040868739
4.047574e-07,-0.0041206227
4.048574e-07,-0.0041421645
4.049574e-07,-0.0041450368
4.050574e-07,-0.0041328297
4.051574e-07,-0.0041148782
4.052574e-07,-0.0041055434
4.053574e-07,-0.0041105699
4.054574e-07,-0.0041299575
4.055574e-07,-0.0041536535
4.056574e-07,-0.0041694508
4.057574e-07,-0.0041680147
4.058574e-07,-0.0041493451
4.059574e-07,-0.0041227769
4.060574e-07,-0.0041026712
4.061574e-07,-0.0040990809
4.062574e-07,-0.0041134421
4.063574e-07,-0.00413642
4.064574e-07,-0.0041550896
4.065574e-07,-0.0041565257
4.066574e-07,-0.0041378562
4.067574e-07,-0.0041055434
4.068574e-07,-0.0040732307
4.069574e-07,-0.004053125
4.070574e-07,-0.0040495347
4.071574e-07,-0.0040581514
4.072574e-07,-0.0040674862
4.073574e-07,-0.004064614
4.074574e-07,-0.0040459444
4.075574e-07,-0.0040165039
4.076574e-07,-0.0039884995
4.077574e-07,-0.0039727022
4.078574e-07,-0.0039755744
4.079574e-07,-0.0039920898
4.080574e-07,-0.0040107594
4.081574e-07,-0.0040186581
4.082574e-07,-0.0040093233
4.083574e-07,-0.0039856273
4.084574e-07,-0.003958341
4.085574e-07,-0.0039382353
4.086574e-07,-0.0039324908
4.087574e-07,-0.0039389534
4.088574e-07,-0.0039482881
4.089574e-07,-0.0039497243
4.090574e-07,-0.0039375172
4.091574e-07,-0.0039152574
4.092574e-07,-0.0038922794
4.093574e-07,-0.0038807904
4.094574e-07,-0.0038865349
4.095574e-07,-0.0039052045
4.096574e-07,-0.0039267463
4.097574e-07,-0.0039382353
4.098574e-07,-0.0039303366
4.099574e-07,-0.0039052045
4.100574e-07,-0.0038728918
4.101574e-07,-0.0038463235
4.102574e-07,-0.0038362707
4.103574e-07,-0.0038441693
4.104574e-07,-0.0038628389
4.105574e-07,-0.0038807904
4.106574e-07,-0.003887971
4.107574e-07,-0.0038822266
4.108574e-07,-0.0038685834
4.109574e-07,-0.0038578125
4.110574e-07,-0.0038578125
4.111574e-07,-0.0038714557
4.112574e-07,-0.0038937155
4.113574e-07,-0.0039152574
4.114574e-07,-0.0039274644
4.115574e-07,-0.0039260283
4.116574e-07,-0.0039152574
4.117574e-07,-0.0039037684
4.118574e-07,-0.0039001781
4.119574e-07,-0.0039080767
4.120574e-07,-0.0039274644
4.121574e-07,-0.0039497243
4.122574e-07,-0.0039683938
4.123574e-07,-0.0039777286
4.124574e-07,-0.0039777286
4.125574e-07,-0.0039727022
4.126574e-07,-0.0039683938
4.127574e-07,-0.0039683938
4.128574e-07,-0.0039741383
4.129574e-07,-0.0039841912
4.130574e-07,-0.003994244
4.131574e-07,-0.0040028608
4.132574e-07,-0.0040071691
4.133574e-07,-0.0040071691
4.134574e-07,-0.0040035788
4.135574e-07,-0.0039971163
4.136574e-07,-0.0039863454
4.137574e-07,-0.0039727022
4.138574e-07,-0.0039576229
4.139574e-07,-0.0039439798
4.140574e-07,-0.0039367992
4.141574e-07,-0.0039382353
4.142574e-07,-0.0039497243
4.143574e-07,-0.00396983
4.144574e-07,-0.003993526
4.145574e-07,-0.0040186581
4.146574e-07,-0.0040423541
4.147574e-07,-0.0040638959
4.148574e-07,-0.0040832835
4.149574e-07,-0.0040990809
4.150574e-07,-0.0041098518
4.151574e-07,-0.0041134421
4.152574e-07,-0.0041091337
4.153574e-07,-0.0040990809
4.154574e-07,-0.0040897461
4.155574e-07,-0.00408831
4.156574e-07,-0.0040990809
4.157574e-07,-0.0041220588
4.158574e-07,-0.0041507812
4.159574e-07,-0.0041766314
4.160574e-07,-0.0041909926
4.161574e-07,-0.0041909926
4.162574e-07,-0.0041809398
4.163574e-07,-0.0041708869
4.164574e-07,-0.0041687328
4.165574e-07,-0.0041795037
4.166574e-07,-0.0041996094
4.167574e-07,-0.0042204331
4.168574e-07,-0.004230486
4.169574e-07,-0.0042254596
4.170574e-07,-0.004207508
4.171574e-07,-0.0041866843
4.172574e-07,-0.0041744773
4.173574e-07,-0.0041795037
4.174574e-07,-0.0042003274
4.175574e-07,-0.0042283318
4.176574e-07,-0.0042513097
4.177574e-07,-0.0042599265
4.178574e-07,-0.0042527459
4.179574e-07,-0.0042383847
4.180574e-07,-0.0042261776
4.181574e-07,-0.0042254596
4.182574e-07,-0.0042369485
4.183574e-07,-0.0042534639
4.184574e-07,-0.0042635168
4.185574e-07,-0.0042599265
4.186574e-07,-0.004241975
4.187574e-07,-0.0042204331
4.188574e-07,-0.004207508
4.189574e-07,-0.0042139706
4.190574e-07,-0.0042412569
4.191574e-07,-0.0042793141
4.192574e-07,-0.004313063
4.193574e-07,-0.0043288603
4.194574e-07,-0.0043216797
4.195574e-07,-0.0042979837
4.196574e-07,-0.0042728516
4.197574e-07,-0.0042599265
4.198574e-07,-0.0042671071
4.199574e-07,-0.0042908031
4.200574e-07,-0.0043195255
4.201574e-07,-0.0043403493
4.202574e-07,-0.0043446576
4.203574e-07,-0.0043346048
4.204574e-07,-0.0043180894
4.205574e-07,-0.0043058824
4.206574e-07,-0.0043044462
4.207574e-07,-0.004313063
4.208574e-07,-0.0043238339
4.209574e-07,-0.0043288603
4.210574e-07,-0.0043231158
4.211574e-07,-0.0043109088
4.212574e-07,-0.0042987017
4.213574e-07,-0.0042943934
4.214574e-07,-0.0043001379
4.215574e-07,-0.0043101907
4.216574e-07,-0.0043152171
4.217574e-07,-0.0043058824
4.218574e-07,-0.0042807502
4.219574e-07,-0.0042484375
4.220574e-07,-0.0042218693
4.221574e-07,-0.0042139706
4.222574e-07,-0.004230486
4.223574e-07,-0.0042649529
4.224574e-07,-0.0043030101
4.225574e-07,-0.0043288603
4.226574e-07,-0.0043331687
4.227574e-07,-0.0043173713
4.228574e-07,-0.0042915211
4.229574e-07,-0.0042714154
4.230574e-07,-0.004266389
4.231574e-07,-0.004277878
4.232574e-07,-0.0042987017
4.233574e-07,-0.0043173713
4.234574e-07,-0.0043238339
4.235574e-07,-0.0043173713
4.236574e-07,-0.0043044462
4.237574e-07,-0.0042943934
4.238574e-07,-0.0042965476
4.239574e-07,-0.004313063
4.240574e-07,-0.0043381951
4.241574e-07,-0.0043633272
4.242574e-07,-0.0043798426
4.243574e-07,-0.004384869
4.244574e-07,-0.0043812787
4.245574e-07,-0.0043748162
4.246574e-07,-0.0043705078
4.247574e-07,-0.0043712259
4.248574e-07,-0.0043733801
4.249574e-07,-0.0043748162
4.250574e-07,-0.0043733801
4.251574e-07,-0.0043697898
4.252574e-07,-0.0043690717
4.253574e-07,-0.0043748162
4.254574e-07,-0.0043884593
4.255574e-07,-0.0044049747
4.256574e-07,-0.0044178998
4.257574e-07,-0.0044207721
4.258574e-07,-0.0044121553
4.259574e-07,-0.0043956399
4.260574e-07,-0.0043805607
4.261574e-07,-0.0043748162
4.262574e-07,-0.0043827148
4.263574e-07,-0.0044013844
4.264574e-07,-0.0044207721
4.265574e-07,-0.004432261
4.266574e-07,-0.0044301068
4.267574e-07,-0.0044157456
4.268574e-07,-0.0043977941
4.269574e-07,-0.0043863051
4.270574e-07,-0.0043884593
4.271574e-07,-0.0044056928
4.272574e-07,-0.0044308249
4.273574e-07,-0.004455239
4.274574e-07,-0.0044696002
4.275574e-07,-0.0044710363
4.276574e-07,-0.0044602654
4.277574e-07,-0.00444375
4.278574e-07,-0.0044279527
4.279574e-07,-0.0044164637
4.280574e-07,-0.0044107192
4.281574e-07,-0.0044092831
4.282574e-07,-0.0044092831
4.283574e-07,-0.0044114373
4.284574e-07,-0.0044150276
4.285574e-07,-0.0044207721
4.286574e-07,-0.0044286707
4.287574e-07,-0.0044351333
4.288574e-07,-0.0044372875
4.289574e-07,-0.004432261
4.290574e-07,-0.0044207721
4.291574e-07,-0.0044056928
4.292574e-07,-0.0043927677
4.293574e-07,-0.0043863051
4.294574e-07,-0.0043870232
4.295574e-07,-0.0043920496
4.296574e-07,-0.0043970761
4.297574e-07,-0.0043977941
4.298574e-07,-0.0043942038
4.299574e-07,-0.0043877413
4.300574e-07,-0.004384151
4.301574e-07,-0.0043863051
4.302574e-07,-0.0043934858
4.303574e-07,-0.0044028205
4.304574e-07,-0.004408565
4.305574e-07,-0.0044092831
4.306574e-07,-0.0044056928
4.307574e-07,-0.0044028205
4.308574e-07,-0.0044064108
4.309574e-07,-0.0044207721
4.310574e-07,-0.0044423139
4.311574e-07,-0.0044645738
4.312574e-07,-0.0044782169
4.313574e-07,-0.0044782169
4.314574e-07,-0.0044660099
4.315574e-07,-0.0044494945
4.316574e-07,-0.0044394416
4.317574e-07,-0.00444375
4.318574e-07,-0.0044645738
4.319574e-07,-0.0044940142
4.320574e-07,-0.0045213006
4.321574e-07,-0.0045356618
4.322574e-07,-0.0045320715
4.323574e-07,-0.004514838
4.324574e-07,-0.0044925781
4.325574e-07,-0.0044782169
4.326574e-07,-0.0044767808
4.327574e-07,-0.0044889878
4.328574e-07,-0.0045076574
4.329574e-07,-0.0045241728
4.330574e-07,-0.0045335076
4.331574e-07,-0.0045349437
4.332574e-07,-0.0045335076
4.333574e-07,-0.0045356618
4.334574e-07,-0.0045457146
4.335574e-07,-0.0045615119
4.336574e-07,-0.0045794635
4.337574e-07,-0.0045931066
4.338574e-07,-0.0045988511
4.339574e-07,-0.0045995692
4.340574e-07,-0.0045995692
4.341574e-07,-0.0046045956
4.342574e-07,-0.0046182387
4.343574e-07,-0.0046376264
4.344574e-07,-0.0046584501
4.345574e-07,-0.0046735294
4.346574e-07,-0.00468071
4.347574e-07,-0.0046821461
4.348574e-07,-0.0046821461
4.349574e-07,-0.0046850184
4.350574e-07,-0.004692917
4.351574e-07,-0.004703688
4.352574e-07,-0.0047101505
4.353574e-07,-0.0047079963
4.354574e-07,-0.0046965074
4.355574e-07,-0.0046785558
4.356574e-07,-0.0046606043
4.357574e-07,-0.0046505515
4.358574e-07,-0.0046491153
4.359574e-07,-0.0046548598
4.360574e-07,-0.0046606043
4.361574e-07,-0.0046620404
4.362574e-07,-0.004656296
4.363574e-07,-0.0046476792
4.364574e-07,-0.0046397806
4.365574e-07,-0.0046390625
4.366574e-07,-0.004644807
4.367574e-07,-0.0046534237
4.368574e-07,-0.004657014
4.369574e-07,-0.0046505515
4.370574e-07,-0.004633318
4.371574e-07,-0.004609622
4.372574e-07,-0.0045866441
4.373574e-07,-0.0045701287
4.374574e-07,-0.0045615119
4.375574e-07,-0.0045564855
4.376574e-07,-0.0045493049
4.377574e-07,-0.0045356618
4.378574e-07,-0.0045169922
4.379574e-07,-0.0044997587
4.380574e-07,-0.0044925781
4.381574e-07,-0.0045011949
4.382574e-07,-0.0045234547
4.383574e-07,-0.004550741
4.384574e-07,-0.0045694106
4.385574e-07,-0.0045701287
4.386574e-07,-0.004550741
4.387574e-07,-0.0045184283
4.388574e-07,-0.0044861156
4.389574e-07,-0.0044667279
4.390574e-07,-0.0044645738
4.391574e-07,-0.0044767808
4.392574e-07,-0.0044925781
4.393574e-07,-0.0045011949
4.394574e-07,-0.0044961684
4.395574e-07,-0.0044803711
4.396574e-07,-0.0044631376
4.397574e-07,-0.004455239
4.398574e-07,-0.0044624196
4.399574e-07,-0.0044825253
4.400574e-07,-0.0045062213
4.401574e-07,-0.0045241728
4.402574e-07,-0.0045284812
4.403574e-07,-0.0045191464
4.404574e-07,-0.004502631
4.405574e-07,-0.0044897059
4.406574e-07,-0.0044861156
4.407574e-07,-0.0044925781
4.408574e-07,-0.0045040671
4.409574e-07,-0.0045126838
4.410574e-07,-0.0045141199
4.411574e-07,-0.0045090935
4.412574e-07,-0.004502631
4.413574e-07,-0.0045011949
4.414574e-07,-0.0045098116
4.415574e-07,-0.0045284812
4.416574e-07,-0.004550741
4.417574e-07,-0.0045701287
4.418574e-07,-0.0045816176
4.419574e-07,-0.0045844899
4.420574e-07,-0.0045830538
4.421574e-07,-0.0045816176
4.422574e-07,-0.0045837718
4.423574e-07,-0.0045887983
4.424574e-07,-0.0045931066
4.425574e-07,-0.0045931066
4.426574e-07,-0.0045895163
4.427574e-07,-0.004585926
4.428574e-07,-0.0045895163
4.429574e-07,-0.0046045956
4.430574e-07,-0.0046318819
4.431574e-07,-0.0046649127
4.432574e-07,-0.004692917
4.433574e-07,-0.0047079963
4.434574e-07,-0.004704406
4.435574e-07,-0.0046857364
4.436574e-07,-0.0046606043
4.437574e-07,-0.0046390625
4.438574e-07,-0.0046275735
4.439574e-07,-0.0046261374
4.440574e-07,-0.0046326
4.441574e-07,-0.0046390625
4.442574e-07,-0.0046426528
4.443574e-07,-0.0046433709
4.444574e-07,-0.004644807
4.445574e-07,-0.0046505515
4.446574e-07,-0.0046620404
4.447574e-07,-0.0046756836
4.448574e-07,-0.0046850184
4.449574e-07,-0.0046850184
4.450574e-07,-0.0046728114
4.451574e-07,-0.0046512695
4.452574e-07,-0.0046261374
4.453574e-07,-0.0046045956
4.454574e-07,-0.0045902344
4.455574e-07,-0.0045816176
4.456574e-07,-0.0045758732
4.457574e-07,-0.0045701287
4.458574e-07,-0.0045629481
4.459574e-07,-0.0045586397
4.460574e-07,-0.0045600758
4.461574e-07,-0.0045701287
4.462574e-07,-0.0045866441
4.463574e-07,-0.0046024414
4.464574e-07,-0.0046103401
4.465574e-07,-0.0046045956
4.466574e-07,-0.0045866441
4.467574e-07,-0.0045636661
4.468574e-07,-0.0045442785
4.469574e-07,-0.0045356618
4.470574e-07,-0.004538534
4.471574e-07,-0.0045464327
4.472574e-07,-0.0045514591
4.473574e-07,-0.0045471507
4.474574e-07,-0.0045327895
4.475574e-07,-0.0045162741
4.476574e-07,-0.0045069393
4.477574e-07,-0.0045126838
4.478574e-07,-0.0045342256
4.479574e-07,-0.0045643842
4.480574e-07,-0.0045909524
4.481574e-07,-0.0046045956
4.482574e-07,-0.0046010053
4.483574e-07,-0.004585926
4.484574e-07,-0.0045686926
4.485574e-07,-0.0045586397
4.486574e-07,-0.0045600758
4.487574e-07,-0.0045694106
4.488574e-07,-0.0045794635
4.489574e-07,-0.0045816176
4.490574e-07,-0.0045751551
4.491574e-07,-0.0045658203
4.492574e-07,-0.0045615119
4.493574e-07,-0.0045701287
4.494574e-07,-0.0045931066
4.495574e-07,-0.0046225471
4.496574e-07,-0.0046491153
4.497574e-07,-0.0046620404
4.498574e-07,-0.0046591682
4.499574e-07,-0.004645525
4.500574e-07,-0.0046318819
4.501574e-07,-0.0046275735
4.502574e-07,-0.0046361903
4.503574e-07,-0.0046527057
4.504574e-07,-0.004668503
4.505574e-07,-0.0046735294
4.506574e-07,-0.0046663488
4.507574e-07,-0.0046519876
4.508574e-07,-0.0046397806
4.509574e-07,-0.0046390625
4.510574e-07,-0.0046519876
4.511574e-07,-0.0046720933
4.512574e-07,-0.0046900448
4.513574e-07,-0.0046965074
4.514574e-07,-0.0046878906
4.515574e-07,-0.004669221
4.516574e-07,-0.0046498334
4.517574e-07,-0.0046390625
4.518574e-07,-0.0046383444
4.519574e-07,-0.0046433709
4.520574e-07,-0.004645525
4.521574e-07,-0.0046390625
4.522574e-07,-0.0046239832
4.523574e-07,-0.004608904
4.524574e-07,-0.0046038775
4.525574e-07,-0.0046160846
4.526574e-07,-0.0046433709
4.527574e-07,-0.0046756836
4.528574e-07,-0.0046965074
4.529574e-07,-0.0046965074
4.530574e-07,-0.0046742475
4.531574e-07,-0.0046412167
4.532574e-07,-0.0046132123
4.533574e-07,-0.0046045956
4.534574e-07,-0.0046196749
4.535574e-07,-0.0046498334
4.536574e-07,-0.004679992
4.537574e-07,-0.0046965074
4.538574e-07,-0.0046943532
4.539574e-07,-0.0046785558
4.540574e-07,-0.0046634766
4.541574e-07,-0.0046620404
4.542574e-07,-0.0046792739
4.543574e-07,-0.0047087144
4.544574e-07,-0.0047374368
4.545574e-07,-0.0047539522
4.546574e-07,-0.0047539522
4.547574e-07,-0.0047431813
4.548574e-07,-0.0047352826
4.549574e-07,-0.0047424632
4.550574e-07,-0.0047683134
4.551574e-07,-0.0048063706
4.552574e-07,-0.0048401195
4.553574e-07,-0.0048573529
4.554574e-07,-0.0048523265
4.555574e-07,-0.0048329389
4.556574e-07,-0.0048142693
4.557574e-07,-0.0048113971
4.558574e-07,-0.0048300666
4.559574e-07,-0.0048645335
4.560574e-07,-0.0048975643
4.561574e-07,-0.0049147978
4.562574e-07,-0.0049076172
4.563574e-07,-0.0048810489
4.564574e-07,-0.0048508904
4.565574e-07,-0.004834375
4.566574e-07,-0.0048408375
4.567574e-07,-0.0048666877
4.568574e-07,-0.0048968463
4.569574e-07,-0.0049147978
4.570574e-07,-0.0049083352
4.571574e-07,-0.0048796128
4.572574e-07,-0.0048415556
4.573574e-07,-0.0048113971
4.574574e-07,-0.0048020623
4.575574e-07,-0.0048142693
4.576574e-07,-0.0048379653
4.577574e-07,-0.0048573529
4.578574e-07,-0.0048587891
4.579574e-07,-0.0048401195
4.580574e-07,-0.0048078068
4.581574e-07,-0.0047769301
4.582574e-07,-0.0047604148
4.583574e-07,-0.0047611328
4.584574e-07,-0.004774776
4.585574e-07,-0.0047884191
4.586574e-07,-0.0047898552
4.587574e-07,-0.004774776
4.588574e-07,-0.0047482077
4.589574e-07,-0.0047194853
4.590574e-07,-0.0047015338
4.591574e-07,-0.0046993796
4.592574e-07,-0.0047123047
4.593574e-07,-0.0047309743
4.594574e-07,-0.0047446174
4.595574e-07,-0.0047474897
4.596574e-07,-0.0047374368
4.597574e-07,-0.0047194853
4.598574e-07,-0.0047008157
4.599574e-07,-0.0046864545
4.600574e-07,-0.0046778378
4.601574e-07,-0.0046735294
4.602574e-07,-0.0046706572
4.603574e-07,-0.0046670669
4.604574e-07,-0.0046634766
4.605574e-07,-0.0046620404
4.606574e-07,-0.0046641946
4.607574e-07,-0.0046706572
4.608574e-07,-0.0046785558
4.609574e-07,-0.0046850184
4.610574e-07,-0.0046871726
4.611574e-07,-0.0046850184
4.612574e-07,-0.004679992
4.613574e-07,-0.0046735294
4.614574e-07,-0.0046670669
4.615574e-07,-0.0046598863
4.616574e-07,-0.0046505515
4.617574e-07,-0.0046390625
4.618574e-07,-0.0046275735
4.619574e-07,-0.0046189568
4.620574e-07,-0.0046182387
4.621574e-07,-0.0046275735
4.622574e-07,-0.0046440889
4.623574e-07,-0.0046613224
4.624574e-07,-0.0046728114
4.625574e-07,-0.0046735294
4.626574e-07,-0.0046627585
4.627574e-07,-0.0046469612
4.628574e-07,-0.0046326
4.629574e-07,-0.0046275735
4.630574e-07,-0.0046326
