LECROYHDO6104B,11090,Waveform
Segments,1,SegmentSize,5002
Segment,TrigTime,TimeSinceSegment1
#1,04-May-2026 18:47:53,0                 
Time,Ampl
-3.707157e-08,-0.0050296875
-3.697157e-08,-0.0050433307
-3.687157e-08,-0.0050612822
-3.677157e-08,-0.0050770795
-3.667157e-08,-0.0050871324
-3.657157e-08,-0.0050914407
-3.647157e-08,-0.005094313
-3.637157e-08,-0.0051029297
-3.627157e-08,-0.0051215993
-3.617157e-08,-0.0051488856
-3.607157e-08,-0.005177608
-3.597157e-08,-0.0051984318
-3.587157e-08,-0.0052020221
-3.577157e-08,-0.0051876608
-3.567157e-08,-0.0051603745
-3.557157e-08,-0.0051309341
-3.547157e-08,-0.0051101103
-3.537157e-08,-0.0051036477
-3.527157e-08,-0.0051093922
-3.517157e-08,-0.0051223173
-3.507157e-08,-0.0051330882
-3.497157e-08,-0.0051373966
-3.487157e-08,-0.0051359605
-3.477157e-08,-0.0051330882
-3.467157e-08,-0.0051330882
-3.457157e-08,-0.0051381147
-3.447157e-08,-0.0051452953
-3.437157e-08,-0.0051496036
-3.427157e-08,-0.0051445772
-3.417157e-08,-0.005130216
-3.407157e-08,-0.0051101103
-3.397157e-08,-0.0050935949
-3.387157e-08,-0.0050871324
-3.377157e-08,-0.005094313
-3.367157e-08,-0.0051101103
-3.357157e-08,-0.0051266257
-3.347157e-08,-0.0051330882
-3.337157e-08,-0.0051251896
-3.327157e-08,-0.0051058019
-3.317157e-08,-0.0050821059
-3.307157e-08,-0.0050641544
-3.297157e-08,-0.005059846
-3.287157e-08,-0.0050698989
-3.277157e-08,-0.0050892865
-3.267157e-08,-0.0051101103
-3.257157e-08,-0.0051251896
-3.247157e-08,-0.0051323702
-3.237157e-08,-0.0051330882
-3.227157e-08,-0.0051330882
-3.217157e-08,-0.0051359605
-3.207157e-08,-0.005142423
-3.197157e-08,-0.0051503217
-3.187157e-08,-0.0051560662
-3.177157e-08,-0.0051567842
-3.167157e-08,-0.005153912
-3.157157e-08,-0.0051517578
-3.147157e-08,-0.0051560662
-3.137157e-08,-0.0051682732
-3.127157e-08,-0.0051876608
-3.117157e-08,-0.0052092027
-3.107157e-08,-0.005225
-3.097157e-08,-0.0052314625
-3.087157e-08,-0.0052278722
-3.077157e-08,-0.0052163833
-3.067157e-08,-0.0052020221
-3.057157e-08,-0.005189815
-3.047157e-08,-0.0051819164
-3.037157e-08,-0.0051783261
-3.027157e-08,-0.0051790441
-3.017157e-08,-0.0051833525
-3.007157e-08,-0.0051941234
-2.997157e-08,-0.0052113568
-2.987157e-08,-0.005236489
-2.977157e-08,-0.0052666475
-2.967157e-08,-0.005296088
-2.957157e-08,-0.0053183479
-2.947157e-08,-0.0053284007
-2.937157e-08,-0.0053255285
-2.927157e-08,-0.0053126034
-2.917157e-08,-0.005296088
-2.907157e-08,-0.0052824449
-2.897157e-08,-0.0052738281
-2.887157e-08,-0.0052709559
-2.877157e-08,-0.0052702378
-2.867157e-08,-0.0052709559
-2.857157e-08,-0.005272392
-2.847157e-08,-0.0052781365
-2.837157e-08,-0.0052889074
-2.827157e-08,-0.0053054228
-2.817157e-08,-0.0053240924
-2.807157e-08,-0.0053384536
-2.797157e-08,-0.0053406078
-2.787157e-08,-0.0053284007
-2.777157e-08,-0.0053047047
-2.767157e-08,-0.0052774184
-2.757157e-08,-0.0052558766
-2.747157e-08,-0.0052479779
-2.737157e-08,-0.0052537224
-2.727157e-08,-0.0052688017
-2.717157e-08,-0.005284599
-2.707157e-08,-0.0052939338
-2.697157e-08,-0.0052953699
-2.687157e-08,-0.0052924977
-2.677157e-08,-0.0052903435
-2.667157e-08,-0.0052939338
-2.657157e-08,-0.0053025506
-2.647157e-08,-0.0053111673
-2.637157e-08,-0.0053133215
-2.627157e-08,-0.0053054228
-2.617157e-08,-0.0052896255
-2.607157e-08,-0.0052738281
-2.597157e-08,-0.0052659295
-2.587157e-08,-0.0052709559
-2.577157e-08,-0.0052867532
-2.567157e-08,-0.0053047047
-2.557157e-08,-0.0053133215
-2.547157e-08,-0.0053054228
-2.537157e-08,-0.0052831629
-2.527157e-08,-0.0052580308
-2.517157e-08,-0.0052422335
-2.507157e-08,-0.0052479779
-2.497157e-08,-0.0052752642
-2.487157e-08,-0.0053147576
-2.477157e-08,-0.0053485064
-2.467157e-08,-0.0053628676
-2.457157e-08,-0.0053499426
-2.447157e-08,-0.0053161937
-2.437157e-08,-0.0052767004
-2.427157e-08,-0.0052479779
-2.417157e-08,-0.0052415154
-2.407157e-08,-0.0052580308
-2.397157e-08,-0.0052881893
-2.387157e-08,-0.0053169118
-2.377157e-08,-0.0053341452
-2.367157e-08,-0.0053377355
-2.357157e-08,-0.005331991
-2.347157e-08,-0.0053284007
-2.337157e-08,-0.0053348633
-2.327157e-08,-0.0053528148
-2.317157e-08,-0.0053772289
-2.307157e-08,-0.0053973346
-2.297157e-08,-0.0054052332
-2.287157e-08,-0.0053987707
-2.277157e-08,-0.0053815372
-2.267157e-08,-0.0053628676
-2.257157e-08,-0.0053506606
-2.247157e-08,-0.0053506606
-2.237157e-08,-0.0053599954
-2.227157e-08,-0.0053743566
-2.217157e-08,-0.0053879998
-2.207157e-08,-0.0053980526
-2.197157e-08,-0.0054037971
-2.187157e-08,-0.0054088235
-2.177157e-08,-0.005414568
-2.167157e-08,-0.0054203125
-2.157157e-08,-0.0054231847
-2.147157e-08,-0.0054203125
-2.137157e-08,-0.0054095416
-2.127157e-08,-0.0053930262
-2.117157e-08,-0.0053757927
-2.107157e-08,-0.0053628676
-2.097157e-08,-0.0053578412
-2.087157e-08,-0.0053599954
-2.077157e-08,-0.005367176
-2.067157e-08,-0.0053743566
-2.057157e-08,-0.005379383
-2.047157e-08,-0.0053836914
-2.037157e-08,-0.0053887178
-2.027157e-08,-0.0053973346
-2.017157e-08,-0.0054095416
-2.007157e-08,-0.0054224667
-1.997157e-08,-0.0054310834
-1.987157e-08,-0.0054318015
-1.977157e-08,-0.0054231847
-1.967157e-08,-0.0054088235
-1.957157e-08,-0.0053951804
-1.947157e-08,-0.0053858456
-1.937157e-08,-0.0053844095
-1.927157e-08,-0.0053879998
-1.917157e-08,-0.0053937443
-1.907157e-08,-0.0053973346
-1.897157e-08,-0.0053980526
-1.887157e-08,-0.0053973346
-1.877157e-08,-0.0054002068
-1.867157e-08,-0.0054088235
-1.857157e-08,-0.0054210306
-1.847157e-08,-0.0054325195
-1.837157e-08,-0.005437546
-1.827157e-08,-0.0054318015
-1.817157e-08,-0.0054174403
-1.807157e-08,-0.0054016429
-1.797157e-08,-0.0053930262
-1.787157e-08,-0.0053973346
-1.777157e-08,-0.0054152861
-1.767157e-08,-0.0054411363
-1.757157e-08,-0.0054648323
-1.747157e-08,-0.0054777574
-1.737157e-08,-0.0054770393
-1.727157e-08,-0.0054662684
-1.717157e-08,-0.0054519072
-1.707157e-08,-0.0054432904
-1.697157e-08,-0.0054425724
-1.687157e-08,-0.0054490349
-1.677157e-08,-0.0054547794
-1.667157e-08,-0.0054547794
-1.657157e-08,-0.0054461627
-1.647157e-08,-0.0054318015
-1.637157e-08,-0.0054174403
-1.627157e-08,-0.0054088235
-1.617157e-08,-0.0054073874
-1.607157e-08,-0.0054109777
-1.597157e-08,-0.0054131319
-1.587157e-08,-0.0054088235
-1.577157e-08,-0.0053987707
-1.567157e-08,-0.0053887178
-1.557157e-08,-0.0053858456
-1.547157e-08,-0.0053973346
-1.537157e-08,-0.0054224667
-1.527157e-08,-0.0054533433
-1.517157e-08,-0.0054791935
-1.507157e-08,-0.0054892463
-1.497157e-08,-0.0054791935
-1.487157e-08,-0.0054526252
-1.477157e-08,-0.0054210306
-1.467157e-08,-0.0053973346
-1.457157e-08,-0.0053879998
-1.447157e-08,-0.0053944623
-1.437157e-08,-0.0054081055
-1.427157e-08,-0.0054203125
-1.417157e-08,-0.0054231847
-1.407157e-08,-0.0054152861
-1.397157e-08,-0.0054002068
-1.387157e-08,-0.0053858456
-1.377157e-08,-0.0053779469
-1.367157e-08,-0.0053779469
-1.357157e-08,-0.0053822553
-1.347157e-08,-0.0053858456
-1.337157e-08,-0.0053829733
-1.327157e-08,-0.0053729205
-1.317157e-08,-0.0053571232
-1.307157e-08,-0.0053398897
-1.297157e-08,-0.0053248104
-1.287157e-08,-0.0053126034
-1.277157e-08,-0.0053025506
-1.267157e-08,-0.0052939338
-1.257157e-08,-0.0052874713
-1.247157e-08,-0.005284599
-1.237157e-08,-0.0052903435
-1.227157e-08,-0.0053054228
-1.217157e-08,-0.0053269646
-1.207157e-08,-0.0053499426
-1.197157e-08,-0.005367176
-1.187157e-08,-0.0053743566
-1.177157e-08,-0.0053722024
-1.167157e-08,-0.0053650218
-1.157157e-08,-0.0053599954
-1.147157e-08,-0.0053628676
-1.137157e-08,-0.0053736386
-1.127157e-08,-0.0053879998
-1.117157e-08,-0.0054009249
-1.107157e-08,-0.0054088235
-1.097157e-08,-0.00541385
-1.087157e-08,-0.0054231847
-1.077157e-08,-0.0054432904
-1.067157e-08,-0.0054777574
-1.057157e-08,-0.0055229952
-1.047157e-08,-0.0055675149
-1.037157e-08,-0.0055976735
-1.027157e-08,-0.005604136
-1.017157e-08,-0.0055869026
-1.007157e-08,-0.0055553079
-9.971572e-09,-0.0055258674
-9.871572e-09,-0.0055122243
-9.771572e-09,-0.0055222771
-9.671572e-09,-0.0055524357
-9.571572e-09,-0.005591929
-9.471572e-09,-0.005627114
-9.371572e-09,-0.0056493739
-9.271572e-09,-0.0056572725
-9.171572e-09,-0.0056587086
-9.071572e-09,-0.0056615809
-8.971572e-09,-0.0056730699
-8.871572e-09,-0.0056924575
-8.771572e-09,-0.0057139993
-8.671572e-09,-0.0057305147
-8.571572e-09,-0.0057362592
-8.471572e-09,-0.0057326689
-8.371572e-09,-0.0057247702
-8.271572e-09,-0.0057190257
-8.171572e-09,-0.0057204619
-8.071572e-09,-0.0057283605
-7.971572e-09,-0.0057376953
-7.871572e-09,-0.0057420037
-7.771572e-09,-0.0057391314
-7.671572e-09,-0.0057326689
-7.571572e-09,-0.0057269244
-7.471572e-09,-0.0057305147
-7.371572e-09,-0.0057448759
-7.271572e-09,-0.0057671358
-7.171572e-09,-0.0057886776
-7.071572e-09,-0.0057994485
-6.971572e-09,-0.0057944221
-6.871572e-09,-0.0057750345
-6.771572e-09,-0.0057470301
-6.671572e-09,-0.0057190257
-6.571572e-09,-0.00569892
-6.471572e-09,-0.0056881491
-6.371572e-09,-0.0056852769
-6.271572e-09,-0.0056845588
-6.171572e-09,-0.0056831227
-6.071572e-09,-0.0056809685
-5.971572e-09,-0.0056809685
-5.871572e-09,-0.0056845588
-5.771572e-09,-0.0056924575
-5.671572e-09,-0.0057010742
-5.571572e-09,-0.0057039465
-5.471572e-09,-0.0056960478
-5.371572e-09,-0.005675224
-5.271572e-09,-0.0056465016
-5.171572e-09,-0.0056163431
-5.071572e-09,-0.0055926471
-4.971572e-09,-0.00558044
-4.871572e-09,-0.0055775678
-4.771572e-09,-0.00558044
-4.671572e-09,-0.0055811581
-4.571572e-09,-0.0055768497
-4.471572e-09,-0.005568233
-4.371572e-09,-0.005556744
-4.271572e-09,-0.0055466912
-4.171572e-09,-0.0055373564
-4.071572e-09,-0.0055251494
-3.971572e-09,-0.0055028895
-3.871572e-09,-0.0054662684
-3.771572e-09,-0.00541385
-3.671572e-09,-0.0053492245
-3.571572e-09,-0.0052802907
-3.471572e-09,-0.005213511
-3.371572e-09,-0.0051503217
-3.271572e-09,-0.0050885685
-3.171572e-09,-0.0050196347
-3.071572e-09,-0.0049377757
-2.971572e-09,-0.0048408375
-2.871572e-09,-0.0047324104
-2.771572e-09,-0.004621111
-2.671572e-09,-0.0045126838
-2.571572e-09,-0.0044107192
-2.471572e-09,-0.0043101907
-2.371572e-09,-0.0042017636
-2.271572e-09,-0.0040761029
-2.171572e-09,-0.0039274644
-2.071572e-09,-0.0037580021
-1.971572e-09,-0.0035777688
-1.871572e-09,-0.0033982537
-1.771572e-09,-0.0032287914
-1.671572e-09,-0.003070818
-1.571572e-09,-0.0029200253
-1.471572e-09,-0.0027663603
-1.371572e-09,-0.0026019244
-1.271572e-09,-0.0024252815
-1.171572e-09,-0.0022393038
-1.071572e-09,-0.0020540441
-9.715725e-10,-0.0018774012
-8.715725e-10,-0.0017129653
-7.715725e-10,-0.0015600184
-6.715725e-10,-0.0014106618
-5.715725e-10,-0.0012555607
-4.715725e-10,-0.0010889706
-3.715725e-10,-0.00090945542
-2.715725e-10,-0.00072132353
-1.715725e-10,-0.00053175551
-7.157247e-11,-0.00034721392
2.842753e-11,-0.00017272518
1.284275e-10,-9.0073529e-06
2.284275e-10,0.00014609375
3.284275e-10,0.00029545037
4.284275e-10,0.00044193474
5.284275e-10,0.00058841912
6.284275e-10,0.00073490349
7.284275e-10,0.00088138787
8.284275e-10,0.0010285903
9.284275e-10,0.0011743566
1.028428e-09,0.0013194049
1.128428e-09,0.0014637351
1.228428e-09,0.0016073472
1.328428e-09,0.0017488051
1.428428e-09,0.001889545
1.528428e-09,0.0020288488
1.628428e-09,0.0021667165
1.728428e-09,0.0023002757
1.828428e-09,0.0024273725
1.928428e-09,0.0025444164
2.028428e-09,0.0026514074
2.128428e-09,0.0027483456
2.228428e-09,0.0028402574
2.328428e-09,0.0029314511
2.428428e-09,0.0030269531
2.528428e-09,0.0031274816
2.628428e-09,0.0032301643
2.728428e-09,0.0033299747
2.828428e-09,0.0034226045
2.928428e-09,0.0035066176
3.028428e-09,0.0035834501
3.128428e-09,0.0036581284
3.228428e-09,0.0037349609
3.328428e-09,0.0038168199
3.428428e-09,0.0038993968
3.528428e-09,0.0039762293
3.628428e-09,0.0040387006
3.728428e-09,0.0040810662
3.828428e-09,0.0041047622
3.928428e-09,0.0041176873
4.028428e-09,0.0041291762
4.128428e-09,0.00415
4.228428e-09,0.0041844669
4.328428e-09,0.0042318589
4.428428e-09,0.0042842773
4.528428e-09,0.0043338235
4.628428e-09,0.0043740349
4.728428e-09,0.0044027574
4.828428e-09,0.0044228631
4.928428e-09,0.0044372243
5.028428e-09,0.0044494313
5.128428e-09,0.0044602022
5.228428e-09,0.0044681009
5.328428e-09,0.0044716912
5.428428e-09,0.0044702551
5.528428e-09,0.0044673828
5.628428e-09,0.0044659467
5.728428e-09,0.0044716912
5.828428e-09,0.0044846163
5.928428e-09,0.0045018497
6.028428e-09,0.0045183651
6.128428e-09,0.004529136
6.228428e-09,0.0045312902
6.328428e-09,0.0045269818
6.428428e-09,0.0045212374
6.528428e-09,0.0045176471
6.628428e-09,0.0045205193
6.728428e-09,0.0045276999
6.828428e-09,0.0045363166
6.928428e-09,0.004540625
7.028428e-09,0.0045384708
7.128428e-09,0.0045305722
7.228428e-09,0.0045212374
7.328428e-09,0.0045176471
7.428428e-09,0.0045226735
7.528428e-09,0.0045363166
7.628428e-09,0.0045557043
7.728428e-09,0.0045750919
7.828428e-09,0.0045887351
7.928428e-09,0.0045937615
8.028428e-09,0.0045923254
8.128428e-09,0.0045865809
8.228428e-09,0.0045801183
8.328428e-09,0.0045736558
8.428428e-09,0.0045686294
8.528428e-09,0.0045636029
8.628428e-09,0.0045571404
8.728428e-09,0.0045499598
8.828428e-09,0.0045434972
8.928428e-09,0.004540625
9.028428e-09,0.0045420611
9.128428e-09,0.0045478056
9.228428e-09,0.0045557043
9.328428e-09,0.0045636029
9.428428e-09,0.0045707835
9.528428e-09,0.0045779642
9.628428e-09,0.0045865809
9.728428e-09,0.0045980699
9.828428e-09,0.004611713
9.928428e-09,0.0046246381
1.002843e-08,0.0046325368
1.012843e-08,0.0046325368
1.022843e-08,0.0046246381
1.032843e-08,0.0046124311
1.042843e-08,0.0046016602
1.052843e-08,0.0045980699
1.062843e-08,0.0046052505
1.072843e-08,0.004623202
1.082843e-08,0.0046461799
1.092843e-08,0.0046670037
1.102843e-08,0.0046799288
1.112843e-08,0.0046813649
1.122843e-08,0.004671312
1.132843e-08,0.0046555147
1.142843e-08,0.0046375632
1.152843e-08,0.004623202
1.162843e-08,0.0046138672
1.172843e-08,0.0046095588
1.182843e-08,0.0046095588
1.192843e-08,0.0046124311
1.202843e-08,0.0046160214
1.212843e-08,0.0046210478
1.222843e-08,0.0046260742
1.232843e-08,0.0046303826
1.242843e-08,0.0046332548
1.252843e-08,0.0046325368
1.262843e-08,0.0046289465
1.272843e-08,0.0046224839
1.282843e-08,0.0046160214
1.292843e-08,0.0046095588
1.302843e-08,0.0046045324
1.312843e-08,0.0046016602
1.322843e-08,0.004599506
1.332843e-08,0.0045980699
1.342843e-08,0.0045973518
1.352843e-08,0.0045980699
1.362843e-08,0.0046016602
1.372843e-08,0.0046095588
1.382843e-08,0.0046203297
1.392843e-08,0.0046311006
1.402843e-08,0.0046404354
1.412843e-08,0.0046440257
1.422843e-08,0.0046425896
1.432843e-08,0.0046375632
1.442843e-08,0.0046332548
1.452843e-08,0.0046325368
1.462843e-08,0.0046389993
1.472843e-08,0.0046519244
1.482843e-08,0.004670594
1.492843e-08,0.0046899816
1.502843e-08,0.0047072151
1.512843e-08,0.0047194221
1.522843e-08,0.0047251666
1.532843e-08,0.0047244485
1.542843e-08,0.0047201402
1.552843e-08,0.0047143957
1.562843e-08,0.0047108054
1.572843e-08,0.0047129596
1.582843e-08,0.0047222943
1.592843e-08,0.0047402459
1.602843e-08,0.004765378
1.612843e-08,0.0047933824
1.622843e-08,0.0048192325
1.632843e-08,0.0048379021
1.642843e-08,0.0048443647
1.652843e-08,0.0048393382
1.662843e-08,0.0048256951
1.672843e-08,0.0048098977
1.682843e-08,0.0047976907
1.692843e-08,0.0047933824
1.702843e-08,0.0047969727
1.712843e-08,0.0048048713
1.722843e-08,0.00481277
1.732843e-08,0.0048163603
1.742843e-08,0.0048134881
1.752843e-08,0.0048063074
1.762843e-08,0.0047984088
1.772843e-08,0.0047933824
1.782843e-08,0.0047912282
1.792843e-08,0.004789792
1.802843e-08,0.0047847656
1.812843e-08,0.0047704044
1.822843e-08,0.0047459903
1.832843e-08,0.0047143957
1.842843e-08,0.004682083
1.852843e-08,0.0046555147
1.862843e-08,0.0046411535
1.872843e-08,0.0046397174
1.882843e-08,0.004646898
1.892843e-08,0.0046555147
1.902843e-08,0.0046583869
1.912843e-08,0.0046512063
1.922843e-08,0.0046332548
1.932843e-08,0.0046095588
1.942843e-08,0.0045858628
1.952843e-08,0.0045679113
1.962843e-08,0.0045571404
1.972843e-08,0.004552114
1.982843e-08,0.0045492417
1.992843e-08,0.0045449334
2.002843e-08,0.0045384708
2.012843e-08,0.004529136
2.022843e-08,0.0045212374
2.032843e-08,0.0045183651
2.042843e-08,0.0045212374
2.052843e-08,0.004529136
2.062843e-08,0.0045384708
2.072843e-08,0.0045449334
2.082843e-08,0.0045456514
2.092843e-08,0.004540625
2.102843e-08,0.0045320083
2.112843e-08,0.0045233915
2.122843e-08,0.0045176471
2.132843e-08,0.0045176471
2.142843e-08,0.0045212374
2.152843e-08,0.0045255457
2.162843e-08,0.004529136
2.172843e-08,0.004529136
2.182843e-08,0.0045269818
2.192843e-08,0.0045248277
2.202843e-08,0.0045248277
2.212843e-08,0.004529136
2.222843e-08,0.0045355986
2.232843e-08,0.0045420611
2.242843e-08,0.0045449334
2.252843e-08,0.004540625
2.262843e-08,0.0045298541
2.272843e-08,0.0045162109
2.282843e-08,0.0045032858
2.292843e-08,0.0044946691
2.302843e-08,0.004493233
2.312843e-08,0.0044975414
2.322843e-08,0.0045032858
2.332843e-08,0.0045061581
2.342843e-08,0.0045025678
2.352843e-08,0.0044917969
2.362843e-08,0.0044759995
2.372843e-08,0.0044602022
2.382843e-08,0.0044494313
2.392843e-08,0.0044465591
2.402843e-08,0.0044508674
2.412843e-08,0.0044602022
2.422843e-08,0.004469537
2.432843e-08,0.0044752815
2.442843e-08,0.0044759995
2.452843e-08,0.0044716912
2.462843e-08,0.0044645106
2.472843e-08,0.0044558938
2.482843e-08,0.0044472771
2.492843e-08,0.0044372243
2.502843e-08,0.0044242992
2.512843e-08,0.0044070657
2.522843e-08,0.00438696
2.532843e-08,0.0043682904
2.542843e-08,0.0043546473
2.552843e-08,0.0043489028
2.562843e-08,0.004351057
2.572843e-08,0.0043568015
2.582843e-08,0.0043603918
2.592843e-08,0.0043553653
2.602843e-08,0.0043381319
2.612843e-08,0.0043108456
2.622843e-08,0.0042792509
2.632843e-08,0.0042512466
2.642843e-08,0.0042340131
2.652843e-08,0.0042304228
2.662843e-08,0.0042376034
2.672843e-08,0.0042498104
2.682843e-08,0.0042605813
2.692843e-08,0.0042648897
2.702843e-08,0.0042627355
2.712843e-08,0.004256991
2.722843e-08,0.0042490924
2.732843e-08,0.0042419118
2.742843e-08,0.004233295
2.752843e-08,0.0042203699
2.762843e-08,0.0042002642
2.772843e-08,0.0041729779
2.782843e-08,0.0041421013
2.792843e-08,0.004114815
2.802843e-08,0.0040975816
2.812843e-08,0.0040925551
2.822843e-08,0.0040982996
2.832843e-08,0.0041090705
2.842843e-08,0.0041162511
2.852843e-08,0.0041155331
2.862843e-08,0.0041054802
2.872843e-08,0.004091119
2.882843e-08,0.0040774759
2.892843e-08,0.0040695772
2.902843e-08,0.004066705
2.912843e-08,0.0040652688
2.922843e-08,0.0040595244
2.932843e-08,0.0040465993
2.942843e-08,0.0040279297
2.952843e-08,0.0040092601
2.962843e-08,0.0039984892
2.972843e-08,0.0040006434
2.982843e-08,0.0040150046
2.992843e-08,0.0040358284
3.002843e-08,0.0040530618
3.012843e-08,0.0040580882
3.022843e-08,0.0040494715
3.032843e-08,0.00403152
3.042843e-08,0.0040121324
3.052843e-08,0.0040006434
3.062843e-08,0.0040006434
3.072843e-08,0.0040092601
3.082843e-08,0.004020031
3.092843e-08,0.0040236213
3.102843e-08,0.0040164407
3.112843e-08,0.0039999253
3.122843e-08,0.0039805377
3.132843e-08,0.0039661765
3.142843e-08,0.0039625862
3.152843e-08,0.0039697668
3.162843e-08,0.0039805377
3.172843e-08,0.0039891544
3.182843e-08,0.0039884364
3.192843e-08,0.0039776654
3.202843e-08,0.00396115
3.212843e-08,0.0039431985
3.222843e-08,0.0039288373
3.232843e-08,0.0039187845
3.242843e-08,0.0039101677
3.252843e-08,0.0038972426
3.262843e-08,0.0038785731
3.272843e-08,0.0038548771
3.282843e-08,0.0038326172
3.292843e-08,0.0038168199
3.302843e-08,0.0038125115
3.312843e-08,0.003818974
3.322843e-08,0.003830463
3.332843e-08,0.0038397978
3.342843e-08,0.0038390797
3.352843e-08,0.0038275908
3.362843e-08,0.0038060489
3.372843e-08,0.0037823529
3.382843e-08,0.0037622472
3.392843e-08,0.0037493222
3.402843e-08,0.0037421415
3.412843e-08,0.0037363971
3.422843e-08,0.0037277803
3.432843e-08,0.003711983
3.442843e-08,0.0036911592
3.452843e-08,0.0036674632
3.462843e-08,0.0036466395
3.472843e-08,0.0036315602
3.482843e-08,0.0036236615
3.492843e-08,0.0036215074
3.502843e-08,0.0036215074
3.512843e-08,0.0036222254
3.522843e-08,0.0036222254
3.532843e-08,0.0036215074
3.542843e-08,0.0036215074
3.552843e-08,0.0036222254
3.562843e-08,0.0036229435
3.572843e-08,0.0036215074
3.582843e-08,0.003617199
3.592843e-08,0.0036100184
3.602843e-08,0.0036028378
3.612843e-08,0.0035985294
3.622843e-08,0.0036006836
3.632843e-08,0.0036100184
3.642843e-08,0.0036258157
3.652843e-08,0.0036444853
3.662843e-08,0.0036610007
3.672843e-08,0.0036732077
3.682843e-08,0.0036789522
3.692843e-08,0.0036789522
3.702843e-08,0.00367608
3.712843e-08,0.0036724897
3.722843e-08,0.0036696174
3.732843e-08,0.0036674632
3.742843e-08,0.003664591
3.752843e-08,0.0036602826
3.762843e-08,0.003653102
3.772843e-08,0.0036444853
3.782843e-08,0.0036351505
3.792843e-08,0.0036272518
3.802843e-08,0.0036222254
3.812843e-08,0.0036215074
3.822843e-08,0.0036236615
3.832843e-08,0.0036279699
3.842843e-08,0.0036315602
3.852843e-08,0.0036329963
3.862843e-08,0.0036315602
3.872843e-08,0.0036265338
3.882843e-08,0.0036193532
3.892843e-08,0.0036100184
3.902843e-08,0.0035992475
3.912843e-08,0.0035877585
3.922843e-08,0.0035726792
3.932843e-08,0.0035525735
3.942843e-08,0.0035267233
3.952843e-08,0.0034951287
3.962843e-08,0.0034606618
3.972843e-08,0.0034261949
3.982843e-08,0.0033967544
3.992843e-08,0.0033759306
4.002843e-08,0.0033637236
4.012843e-08,0.003357261
4.022843e-08,0.0033522346
4.032843e-08,0.0033421818
4.042843e-08,0.0033249483
4.052843e-08,0.0032998162
4.062843e-08,0.0032696576
4.072843e-08,0.0032402171
4.082843e-08,0.003215085
4.092843e-08,0.0031964154
4.102843e-08,0.0031834903
4.112843e-08,0.0031720014
4.122843e-08,0.0031576402
4.132843e-08,0.0031389706
4.142843e-08,0.0031167107
4.152843e-08,0.0030951689
4.162843e-08,0.0030786535
4.172843e-08,0.0030700368
4.182843e-08,0.0030686006
4.192843e-08,0.0030714729
4.202843e-08,0.0030736271
4.212843e-08,0.0030700368
4.222843e-08,0.003060702
4.232843e-08,0.0030470588
4.242843e-08,0.0030334157
4.252843e-08,0.0030240809
4.262843e-08,0.0030204906
4.272843e-08,0.0030212086
4.282843e-08,0.0030233628
4.292843e-08,0.0030240809
4.302843e-08,0.0030219267
4.312843e-08,0.0030190545
4.322843e-08,0.0030183364
4.332843e-08,0.0030240809
4.342843e-08,0.0030384421
4.352843e-08,0.0030599839
4.362843e-08,0.0030872702
4.372843e-08,0.0031159926
4.382843e-08,0.003143997
4.392843e-08,0.0031712833
4.402843e-08,0.0032000057
4.412843e-08,0.0032308824
4.422843e-08,0.0032660673
4.432843e-08,0.0033055607
4.442843e-08,0.0033479262
4.452843e-08,0.0033917279
4.462843e-08,0.0034376838
4.472843e-08,0.0034857939
4.482843e-08,0.0035396484
4.492843e-08,0.0035985294
4.502843e-08,0.0036631549
4.512843e-08,0.0037306526
4.522843e-08,0.0037981503
4.532843e-08,0.0038627757
4.542843e-08,0.003925247
4.552843e-08,0.0039877183
4.562843e-08,0.0040544979
4.572843e-08,0.0041270221
4.582843e-08,0.0042060087
4.592843e-08,0.0042893038
4.602843e-08,0.0043718807
4.612843e-08,0.0044487132
4.622843e-08,0.0045183651
4.632843e-08,0.0045815545
4.642843e-08,0.0046418716
4.652843e-08,0.0047014706
4.662843e-08,0.0047625057
4.672843e-08,0.0048228228
4.682843e-08,0.0048802677
4.692843e-08,0.00493125
4.702843e-08,0.0049750517
4.712843e-08,0.0050131089
4.722843e-08,0.0050511661
4.732843e-08,0.0050920956
4.742843e-08,0.0051387695
4.752843e-08,0.0051904699
4.762843e-08,0.0052414522
4.772843e-08,0.0052874081
4.782843e-08,0.0053233111
4.792843e-08,0.0053484432
4.802843e-08,0.0053656767
4.812843e-08,0.0053793199
4.822843e-08,0.0053936811
4.832843e-08,0.0054094784
4.842843e-08,0.0054252757
4.852843e-08,0.0054367647
4.862843e-08,0.005440355
4.872843e-08,0.0054353286
4.882843e-08,0.0054245577
4.892843e-08,0.0054137868
4.902843e-08,0.0054080423
4.912843e-08,0.0054109145
4.922843e-08,0.0054216854
4.932843e-08,0.0054367647
4.942843e-08,0.0054504079
4.952843e-08,0.0054583065
4.962843e-08,0.0054568704
4.972843e-08,0.0054482537
4.982843e-08,0.0054353286
4.992843e-08,0.0054216854
5.002843e-08,0.0054109145
5.012843e-08,0.0054022978
5.022843e-08,0.0053951172
5.032843e-08,0.0053872185
5.042843e-08,0.0053778837
5.052843e-08,0.0053678309
5.062843e-08,0.0053592142
5.072843e-08,0.0053541877
5.082843e-08,0.0053534697
5.092843e-08,0.0053563419
5.102843e-08,0.0053599322
5.112843e-08,0.0053606503
5.122843e-08,0.0053556239
5.132843e-08,0.0053448529
5.142843e-08,0.0053297737
5.152843e-08,0.0053132583
5.162843e-08,0.0052988971
5.172843e-08,0.0052874081
5.182843e-08,0.0052787914
5.192843e-08,0.0052694566
5.202843e-08,0.0052579676
5.212843e-08,0.0052414522
5.222843e-08,0.0052213465
5.232843e-08,0.0052005227
5.242843e-08,0.0051832893
5.252843e-08,0.0051725184
5.262843e-08,0.0051689281
5.272843e-08,0.0051710823
5.282843e-08,0.0051739545
5.292843e-08,0.0051725184
5.302843e-08,0.0051631836
5.312843e-08,0.0051466682
5.322843e-08,0.0051244083
5.332843e-08,0.0051035846
5.342843e-08,0.0050885053
5.352843e-08,0.0050820427
5.362843e-08,0.0050841969
5.372843e-08,0.0050920956
5.382843e-08,0.0051007123
5.392843e-08,0.0051043026
5.402843e-08,0.0051014304
5.412843e-08,0.0050920956
5.422843e-08,0.0050791705
5.432843e-08,0.0050655273
5.442843e-08,0.0050540384
5.452843e-08,0.0050461397
5.462843e-08,0.0050403952
5.472843e-08,0.0050360869
5.482843e-08,0.0050303424
5.492843e-08,0.0050231618
5.502843e-08,0.0050159812
5.512843e-08,0.0050109547
5.522843e-08,0.0050095186
5.532843e-08,0.0050116728
5.542843e-08,0.0050166992
5.552843e-08,0.0050231618
5.562843e-08,0.0050289063
5.572843e-08,0.0050346507
5.582843e-08,0.0050411133
5.592843e-08,0.0050490119
5.602843e-08,0.0050583467
5.612843e-08,0.0050691176
5.622843e-08,0.0050777344
5.632843e-08,0.0050806066
5.642843e-08,0.0050777344
5.652843e-08,0.0050691176
5.662843e-08,0.0050590648
5.672843e-08,0.0050533203
5.682843e-08,0.0050561926
5.692843e-08,0.0050691176
5.702843e-08,0.0050892233
5.712843e-08,0.0051114832
5.722843e-08,0.0051287167
5.732843e-08,0.0051380515
5.742843e-08,0.0051373334
5.752843e-08,0.0051301528
5.762843e-08,0.0051215361
5.772843e-08,0.0051150735
5.782843e-08,0.0051136374
5.792843e-08,0.0051150735
5.802843e-08,0.0051172277
5.812843e-08,0.0051150735
5.822843e-08,0.0051071749
5.832843e-08,0.0050949678
5.842843e-08,0.0050806066
5.852843e-08,0.0050691176
5.862843e-08,0.0050626551
5.872843e-08,0.005061219
5.882843e-08,0.0050640912
5.892843e-08,0.0050691176
5.902843e-08,0.005073426
5.912843e-08,0.0050770163
5.922843e-08,0.0050791705
5.932843e-08,0.0050806066
5.942843e-08,0.0050798886
5.952843e-08,0.0050770163
5.962843e-08,0.0050691176
5.972843e-08,0.0050576287
5.982843e-08,0.0050432675
5.992843e-08,0.0050289063
6.002843e-08,0.0050181353
6.012843e-08,0.0050116728
6.022843e-08,0.0050095186
6.032843e-08,0.0050102367
6.042843e-08,0.0050116728
6.052843e-08,0.0050116728
6.062843e-08,0.0050116728
6.072843e-08,0.0050131089
6.082843e-08,0.0050174173
6.092843e-08,0.0050231618
6.102843e-08,0.0050274701
6.112843e-08,0.0050253159
6.122843e-08,0.0050123909
6.132843e-08,0.0049886949
6.142843e-08,0.0049592544
6.152843e-08,0.00493125
6.162843e-08,0.0049125804
6.172843e-08,0.0049082721
6.182843e-08,0.0049161707
6.192843e-08,0.0049283778
6.202843e-08,0.0049362764
6.212843e-08,0.00493125
6.222843e-08,0.0049118624
6.232843e-08,0.0048824219
6.242843e-08,0.0048515453
6.252843e-08,0.0048278493
6.262843e-08,0.0048156422
6.272843e-08,0.0048134881
6.282843e-08,0.0048163603
6.292843e-08,0.0048163603
6.302843e-08,0.0048084616
6.312843e-08,0.0047919462
6.322843e-08,0.0047696864
6.332843e-08,0.0047474265
6.342843e-08,0.0047287569
6.352843e-08,0.0047136776
6.362843e-08,0.0047014706
6.372843e-08,0.0046899816
6.382843e-08,0.0046777746
6.392843e-08,0.0046662856
6.402843e-08,0.0046576689
6.412843e-08,0.0046555147
6.422843e-08,0.0046576689
6.432843e-08,0.0046605411
6.442843e-08,0.0046576689
6.452843e-08,0.0046440257
6.462843e-08,0.0046181756
6.472843e-08,0.0045837086
6.482843e-08,0.0045478056
6.492843e-08,0.0045176471
6.502843e-08,0.0044982594
6.512843e-08,0.0044903608
6.522843e-08,0.0044903608
6.532843e-08,0.0044946691
6.542843e-08,0.0044989775
6.552843e-08,0.0045011317
6.562843e-08,0.0045032858
6.572843e-08,0.0045061581
6.582843e-08,0.0045083123
6.592843e-08,0.0045075942
6.602843e-08,0.0044996955
6.612843e-08,0.0044831801
6.622843e-08,0.0044587661
6.632843e-08,0.0044329159
6.642843e-08,0.0044120921
6.652843e-08,0.0044027574
6.662843e-08,0.0044063477
6.672843e-08,0.0044185547
6.682843e-08,0.0044314798
6.692843e-08,0.0044372243
6.702843e-08,0.0044300437
6.712843e-08,0.004409938
6.722843e-08,0.0043826517
6.732843e-08,0.0043568015
6.742843e-08,0.0043381319
6.752843e-08,0.0043302332
6.762843e-08,0.0043302332
6.772843e-08,0.0043338235
6.782843e-08,0.0043366958
6.792843e-08,0.0043359777
6.802843e-08,0.0043302332
6.812843e-08,0.0043223346
6.822843e-08,0.0043122817
6.832843e-08,0.0043000747
6.842843e-08,0.0042849954
6.852843e-08,0.0042648897
6.862843e-08,0.0042411937
6.872843e-08,0.0042174977
6.882843e-08,0.004197392
6.892843e-08,0.0041844669
6.902843e-08,0.0041794405
6.912843e-08,0.0041794405
6.922843e-08,0.0041794405
6.932843e-08,0.0041729779
6.942843e-08,0.0041564625
6.952843e-08,0.0041313304
6.962843e-08,0.0041004538
6.972843e-08,0.0040695772
6.982843e-08,0.004043009
6.992843e-08,0.0040214671
7.002843e-08,0.0040042337
7.012843e-08,0.0039891544
7.022843e-08,0.0039740751
7.032843e-08,0.0039582778
7.042843e-08,0.0039431985
7.052843e-08,0.0039317096
7.062843e-08,0.0039230928
7.072843e-08,0.0039166303
7.082843e-08,0.0039087316
7.092843e-08,0.0038972426
7.102843e-08,0.0038807273
7.112843e-08,0.0038606216
7.122843e-08,0.003841952
7.132843e-08,0.0038283088
7.142843e-08,0.0038218463
7.152843e-08,0.0038218463
7.162843e-08,0.0038254366
7.172843e-08,0.0038283088
7.182843e-08,0.0038275908
7.192843e-08,0.0038225643
7.202843e-08,0.0038146657
7.212843e-08,0.0038053309
7.222843e-08,0.0037967142
7.232843e-08,0.0037888155
7.242843e-08,0.0037801988
7.252843e-08,0.003770864
7.262843e-08,0.0037615292
7.272843e-08,0.0037543486
7.282843e-08,0.0037529125
7.292843e-08,0.003759375
7.302843e-08,0.0037730182
7.312843e-08,0.0037909697
7.322843e-08,0.003806767
7.332843e-08,0.0038168199
7.342843e-08,0.003818256
7.352843e-08,0.0038117934
7.362843e-08,0.0038017406
7.372843e-08,0.0037938419
7.382843e-08,0.0037902516
7.392843e-08,0.0037909697
7.402843e-08,0.0037931239
7.412843e-08,0.0037938419
7.422843e-08,0.0037895335
7.432843e-08,0.0037801988
7.442843e-08,0.0037694278
7.452843e-08,0.003759375
7.462843e-08,0.0037536305
7.472843e-08,0.0037536305
7.482843e-08,0.0037565028
7.492843e-08,0.003759375
7.502843e-08,0.0037586569
7.512843e-08,0.0037521944
7.522843e-08,0.0037407054
7.532843e-08,0.0037249081
7.542843e-08,0.0037069566
7.552843e-08,0.0036890051
7.562843e-08,0.0036710535
7.572843e-08,0.0036559743
7.582843e-08,0.0036437672
7.592843e-08,0.0036351505
7.602843e-08,0.0036315602
7.612843e-08,0.0036329963
7.622843e-08,0.0036373047
7.632843e-08,0.0036416131
7.642843e-08,0.0036444853
7.652843e-08,0.0036444853
7.662843e-08,0.0036430492
7.672843e-08,0.003640895
7.682843e-08,0.0036416131
7.692843e-08,0.0036444853
7.702843e-08,0.0036473575
7.712843e-08,0.0036459214
7.722843e-08,0.0036380227
7.732843e-08,0.0036215074
7.742843e-08,0.0035999655
7.752843e-08,0.0035798598
7.762843e-08,0.0035662167
7.772843e-08,0.0035640625
7.782843e-08,0.0035726792
7.792843e-08,0.0035877585
7.802843e-08,0.0036021197
7.812843e-08,0.0036100184
7.822843e-08,0.0036085823
7.832843e-08,0.0035992475
7.842843e-08,0.0035870404
7.852843e-08,0.0035755515
7.862843e-08,0.0035683709
7.872843e-08,0.0035640625
7.882843e-08,0.0035597541
7.892843e-08,0.0035525735
7.902843e-08,0.0035410846
7.912843e-08,0.0035267233
7.922843e-08,0.0035137983
7.932843e-08,0.0035066176
7.942843e-08,0.0035058996
7.952843e-08,0.003510208
7.962843e-08,0.0035152344
7.972843e-08,0.0035181066
7.982843e-08,0.0035159524
7.992843e-08,0.0035094899
8.002843e-08,0.0035015912
8.012843e-08,0.0034951287
8.022843e-08,0.0034908203
8.032843e-08,0.0034879481
8.042843e-08,0.0034822036
8.052843e-08,0.0034721507
8.062843e-08,0.0034577895
8.072843e-08,0.0034405561
8.082843e-08,0.0034254768
8.092843e-08,0.0034147059
8.102843e-08,0.0034096795
8.112843e-08,0.0034068072
8.122843e-08,0.0034017808
8.132843e-08,0.0033917279
8.142843e-08,0.0033759306
8.152843e-08,0.0033579791
8.162843e-08,0.0033421818
8.172843e-08,0.0033342831
8.182843e-08,0.0033350011
8.192843e-08,0.0033407456
8.202843e-08,0.0033464901
8.212843e-08,0.0033457721
8.222843e-08,0.0033364373
8.232843e-08,0.0033199219
8.242843e-08,0.0033019704
8.252843e-08,0.0032883272
8.262843e-08,0.0032833008
8.272843e-08,0.003286173
8.282843e-08,0.0032933536
8.292843e-08,0.0032998162
8.302843e-08,0.0033012523
8.312843e-08,0.0032955078
8.322843e-08,0.0032868911
8.332843e-08,0.0032768382
8.342843e-08,0.0032696576
8.352843e-08,0.0032646312
8.362843e-08,0.0032603228
8.372843e-08,0.0032538603
8.382843e-08,0.0032423713
8.392843e-08,0.0032251379
8.402843e-08,0.0032050322
8.412843e-08,0.0031849265
8.422843e-08,0.003166975
8.432843e-08,0.0031526137
8.442843e-08,0.0031396886
8.452843e-08,0.0031274816
8.462843e-08,0.0031145565
8.472843e-08,0.0031016314
8.482843e-08,0.0030908605
8.492843e-08,0.0030815257
8.502843e-08,0.0030736271
8.512843e-08,0.0030635742
8.522843e-08,0.0030484949
8.532843e-08,0.0030240809
8.542843e-08,0.0029924862
8.552843e-08,0.0029580193
8.562843e-08,0.0029278608
8.572843e-08,0.0029091912
8.582843e-08,0.0029048828
8.592843e-08,0.0029134995
8.602843e-08,0.0029292969
8.612843e-08,0.0029436581
8.622843e-08,0.0029494026
8.632843e-08,0.002942222
8.642843e-08,0.0029235524
8.652843e-08,0.0028977022
8.662843e-08,0.0028704159
8.672843e-08,0.0028467199
8.682843e-08,0.0028294864
8.692843e-08,0.0028172794
8.702843e-08,0.0028100988
8.712843e-08,0.0028050724
8.722843e-08,0.002800046
8.732843e-08,0.0027943015
8.742843e-08,0.0027856847
8.752843e-08,0.0027734777
8.762843e-08,0.0027569623
8.772843e-08,0.0027368566
8.782843e-08,0.0027153148
8.792843e-08,0.0026966452
8.802843e-08,0.0026844382
8.812843e-08,0.0026794118
8.822843e-08,0.0026808479
8.832843e-08,0.0026837201
8.842843e-08,0.0026808479
8.852843e-08,0.0026679228
8.862843e-08,0.0026427907
8.872843e-08,0.0026076057
8.882843e-08,0.0025717027
8.892843e-08,0.0025415441
8.902843e-08,0.0025243107
8.912843e-08,0.0025221565
8.922843e-08,0.0025300551
8.932843e-08,0.0025415441
8.942843e-08,0.0025480067
8.952843e-08,0.0025436983
8.962843e-08,0.002528619
8.972843e-08,0.0025070772
8.982843e-08,0.0024855354
8.992843e-08,0.00246902
9.002843e-08,0.0024611213
9.012843e-08,0.0024611213
9.022843e-08,0.0024632755
9.032843e-08,0.0024625574
9.042843e-08,0.0024546588
9.052843e-08,0.0024381434
9.062843e-08,0.0024158835
9.072843e-08,0.0023921875
9.082843e-08,0.0023713637
9.092843e-08,0.0023577206
9.102843e-08,0.002351258
9.112843e-08,0.002351258
9.122843e-08,0.0023541303
9.132843e-08,0.0023577206
9.142843e-08,0.0023591567
9.152843e-08,0.0023577206
9.162843e-08,0.0023534122
9.172843e-08,0.0023462316
9.182843e-08,0.0023376149
9.192843e-08,0.0023289982
9.202843e-08,0.0023196634
9.212843e-08,0.0023117647
9.222843e-08,0.0023053022
9.232843e-08,0.0022995577
9.242843e-08,0.0022952493
9.252843e-08,0.0022887868
9.262843e-08,0.002279452
9.272843e-08,0.0022665269
9.282843e-08,0.0022492934
9.292843e-08,0.0022313419
9.302843e-08,0.0022155446
9.312843e-08,0.0022047737
9.322843e-08,0.0022026195
9.332843e-08,0.002208364
9.342843e-08,0.0022176988
9.352843e-08,0.0022263155
9.362843e-08,0.0022284697
9.372843e-08,0.0022198529
9.382843e-08,0.0022011834
9.392843e-08,0.0021760512
9.402843e-08,0.0021502011
9.412843e-08,0.0021279412
9.422843e-08,0.0021128619
9.432843e-08,0.0021049632
9.442843e-08,0.0021006549
9.452843e-08,0.0020934743
9.462843e-08,0.0020791131
9.472843e-08,0.0020561351
9.482843e-08,0.0020252585
9.492843e-08,0.0019900735
9.502843e-08,0.0019570427
9.512843e-08,0.0019297564
9.522843e-08,0.0019103688
9.532843e-08,0.0018981618
9.542843e-08,0.001889545
9.552843e-08,0.0018809283
9.562843e-08,0.0018687213
9.572843e-08,0.0018522059
9.582843e-08,0.0018328182
9.592843e-08,0.0018112764
9.602843e-08,0.0017904527
9.612843e-08,0.0017717831
9.622843e-08,0.0017545496
9.632843e-08,0.0017373162
9.642843e-08,0.0017200827
9.652843e-08,0.0017028493
9.662843e-08,0.0016856158
9.672843e-08,0.0016691004
9.682843e-08,0.0016554573
9.692843e-08,0.0016454044
9.702843e-08,0.0016382238
9.712843e-08,0.0016346335
9.722843e-08,0.0016331974
9.732843e-08,0.0016339154
9.742843e-08,0.0016367877
9.752843e-08,0.001641096
9.762843e-08,0.0016446864
9.772843e-08,0.0016454044
9.782843e-08,0.0016418141
9.792843e-08,0.0016324793
9.802843e-08,0.0016174
9.812843e-08,0.0015994485
9.822843e-08,0.0015829331
9.832843e-08,0.0015707261
9.842843e-08,0.0015649816
9.852843e-08,0.0015649816
9.862843e-08,0.0015685719
9.872843e-08,0.0015728803
9.882843e-08,0.0015757525
9.892843e-08,0.0015764706
9.902843e-08,0.0015779067
9.912843e-08,0.0015822151
9.922843e-08,0.0015901137
9.932843e-08,0.0015994485
9.942843e-08,0.0016066291
9.952843e-08,0.0016059111
9.962843e-08,0.0015958582
9.972843e-08,0.0015764706
9.982843e-08,0.0015534926
9.992843e-08,0.001534105
1.000284e-07,0.001521898
1.001284e-07,0.0015190257
1.002284e-07,0.0015204619
1.003284e-07,0.0015190257
1.004284e-07,0.0015075368
1.005284e-07,0.0014845588
1.006284e-07,0.0014536822
1.007284e-07,0.0014242417
1.008284e-07,0.0014062902
1.009284e-07,0.001404136
1.010284e-07,0.0014177792
1.011284e-07,0.0014386029
1.012284e-07,0.0014565545
1.013284e-07,0.0014615809
1.014284e-07,0.001451528
1.015284e-07,0.0014307043
1.016284e-07,0.0014084444
1.017284e-07,0.0013926471
1.018284e-07,0.0013897748
1.019284e-07,0.0013983915
1.020284e-07,0.0014134708
1.021284e-07,0.001427114
1.022284e-07,0.0014342946
1.023284e-07,0.0014342946
1.024284e-07,0.0014307043
1.025284e-07,0.001427114
1.026284e-07,0.001427114
1.027284e-07,0.0014314223
1.028284e-07,0.0014364488
1.029284e-07,0.0014386029
1.030284e-07,0.0014371668
1.031284e-07,0.0014328585
1.032284e-07,0.0014285501
1.033284e-07,0.001427114
1.034284e-07,0.0014285501
1.035284e-07,0.0014314223
1.036284e-07,0.0014314223
1.037284e-07,0.001427114
1.038284e-07,0.0014192153
1.039284e-07,0.0014120347
1.040284e-07,0.0014098805
1.041284e-07,0.001415625
1.042284e-07,0.001427832
1.043284e-07,0.0014400391
1.044284e-07,0.0014450655
1.045284e-07,0.0014386029
1.046284e-07,0.0014206514
1.047284e-07,0.0013976735
1.048284e-07,0.0013782858
1.049284e-07,0.0013696691
1.050284e-07,0.0013732594
1.051284e-07,0.0013840303
1.052284e-07,0.0013933651
1.053284e-07,0.0013926471
1.054284e-07,0.0013790039
1.055284e-07,0.0013553079
1.056284e-07,0.0013301758
1.057284e-07,0.0013122243
1.058284e-07,0.0013057617
1.059284e-07,0.0013100701
1.060284e-07,0.0013186868
1.061284e-07,0.0013237132
1.062284e-07,0.0013201229
1.063284e-07,0.001308634
1.064284e-07,0.0012921186
1.065284e-07,0.0012777574
1.066284e-07,0.0012684226
1.067284e-07,0.0012655503
1.068284e-07,0.0012655503
1.069284e-07,0.0012662684
1.070284e-07,0.0012655503
1.071284e-07,0.0012633961
1.072284e-07,0.0012633961
1.073284e-07,0.0012662684
1.074284e-07,0.0012705767
1.075284e-07,0.0012720129
1.076284e-07,0.0012669864
1.077284e-07,0.0012547794
1.078284e-07,0.001237546
1.079284e-07,0.0012217486
1.080284e-07,0.0012152861
1.081284e-07,0.0012203125
1.082284e-07,0.0012346737
1.083284e-07,0.0012511891
1.084284e-07,0.0012590878
1.085284e-07,0.0012547794
1.086284e-07,0.0012389821
1.087284e-07,0.0012195944
1.088284e-07,0.0012073874
1.089284e-07,0.0012088235
1.090284e-07,0.0012239028
1.091284e-07,0.0012440085
1.092284e-07,0.0012569336
1.093284e-07,0.0012547794
1.094284e-07,0.0012353918
1.095284e-07,0.0012059513
1.096284e-07,0.0011779469
1.097284e-07,0.0011628676
1.098284e-07,0.0011635857
1.099284e-07,0.0011765108
1.100284e-07,0.001190872
1.101284e-07,0.0011973346
1.102284e-07,0.0011923081
1.103284e-07,0.001178665
1.104284e-07,0.001166458
1.105284e-07,0.0011628676
1.106284e-07,0.0011707663
1.107284e-07,0.0011851275
1.108284e-07,0.0011966165
1.109284e-07,0.0011973346
1.110284e-07,0.0011844095
1.111284e-07,0.0011635857
1.112284e-07,0.0011456342
1.113284e-07,0.0011398897
1.114284e-07,0.0011506606
1.115284e-07,0.0011722024
1.116284e-07,0.0011951804
1.117284e-07,0.0012088235
1.118284e-07,0.0012088235
1.119284e-07,0.0011980526
1.120284e-07,0.0011872817
1.121284e-07,0.0011858456
1.122284e-07,0.0011973346
1.123284e-07,0.0012160041
1.124284e-07,0.0012318015
1.125284e-07,0.0012318015
1.126284e-07,0.0012109777
1.127284e-07,0.0011736386
1.128284e-07,0.0011298369
1.129284e-07,0.0010939338
1.130284e-07,0.0010738281
1.131284e-07,0.0010709559
1.132284e-07,0.0010774184
1.133284e-07,0.0010824449
1.134284e-07,0.0010781365
1.135284e-07,0.0010630572
1.136284e-07,0.0010429515
1.137284e-07,0.001025
1.138284e-07,0.0010142291
1.139284e-07,0.0010113568
1.140284e-07,0.0010092027
1.141284e-07,0.0010020221
1.142284e-07,0.00098550666
1.143284e-07,0.00096324678
1.144284e-07,0.00094242302
1.145284e-07,0.00093308824
1.146284e-07,0.00094026884
1.147284e-07,0.00096252872
1.148284e-07,0.00099053309
1.149284e-07,0.001013511
1.150284e-07,0.0010228458
1.151284e-07,0.0010156652
1.152284e-07,0.00099843176
1.153284e-07,0.00097904412
1.154284e-07,0.00096611903
1.155284e-07,0.00096252872
1.156284e-07,0.00096540097
1.157284e-07,0.00096755515
1.158284e-07,0.00096324678
1.159284e-07,0.00095032169
1.160284e-07,0.00093093405
1.161284e-07,0.00091011029
1.162284e-07,0.0008935949
1.163284e-07,0.00088426011
1.164284e-07,0.00087995175
1.165284e-07,0.00087564338
1.166284e-07,0.00086918084
1.167284e-07,0.00085912799
1.168284e-07,0.00084835708
1.169284e-07,0.00084117647
1.170284e-07,0.00084045841
1.171284e-07,0.00084548483
1.172284e-07,0.00085122932
1.173284e-07,0.00085266544
1.174284e-07,0.00084404871
1.175284e-07,0.00082537914
1.176284e-07,0.00079952895
1.177284e-07,0.00077224265
1.178284e-07,0.00074998277
1.179284e-07,0.00073633961
1.180284e-07,0.00072987707
1.181284e-07,0.00072628676
1.182284e-07,0.0007219784
1.183284e-07,0.00071479779
1.184284e-07,0.00070402688
1.185284e-07,0.00069181985
1.186284e-07,0.00068104894
1.187284e-07,0.00067099609
1.188284e-07,0.00066022518
1.189284e-07,0.00064586397
1.190284e-07,0.00062647633
1.191284e-07,0.00060134421
1.192284e-07,0.00057621209
1.193284e-07,0.00055395221
1.194284e-07,0.00053959099
1.195284e-07,0.00053384651
1.196284e-07,0.00053312845
1.197284e-07,0.00053097426
1.198284e-07,0.00052235754
1.199284e-07,0.00050440602
1.200284e-07,0.00047855584
1.201284e-07,0.00045055147
1.202284e-07,0.00042685547
1.203284e-07,0.00041177619
1.204284e-07,0.00040531365
1.205284e-07,0.00040459559
1.206284e-07,0.00040172335
1.207284e-07,0.00039023438
1.208284e-07,0.00036725643
1.209284e-07,0.00033566176
1.210284e-07,0.00030191291
1.211284e-07,0.00027390855
1.212284e-07,0.00025739315
1.213284e-07,0.00025523897
1.214284e-07,0.0002638557
1.215284e-07,0.00027606273
1.216284e-07,0.00028611558
1.217284e-07,0.00028970588
1.218284e-07,0.00028467946
1.219284e-07,0.00027319049
1.220284e-07,0.00025882927
1.221284e-07,0.00024375
1.222284e-07,0.00022938879
1.223284e-07,0.00021502757
1.224284e-07,0.00020066636
1.225284e-07,0.00018630515
1.226284e-07,0.00017481618
1.227284e-07,0.00016835363
1.228284e-07,0.00016835363
1.229284e-07,0.00017481618
1.230284e-07,0.00018415097
1.231284e-07,0.00019133157
1.232284e-07,0.00019276769
1.233284e-07,0.00018630515
1.234284e-07,0.00017481618
1.235284e-07,0.00016260915
1.236284e-07,0.00015399242
1.237284e-07,0.00015183824
1.238284e-07,0.00015327436
1.239284e-07,0.00015542854
1.240284e-07,0.00015112017
1.241284e-07,0.00014034926
1.242284e-07,0.00012383387
1.243284e-07,0.00010660041
1.244284e-07,9.5829504e-05
1.245284e-07,9.4393382e-05
1.246284e-07,0.00010229205
1.247284e-07,0.00011378102
1.248284e-07,0.00012096163
1.249284e-07,0.00011737132
1.250284e-07,0.00010229205
1.251284e-07,7.8596048e-05
1.252284e-07,5.4900046e-05
1.253284e-07,3.6948529e-05
1.254284e-07,2.9049862e-05
1.255284e-07,2.8331801e-05
1.256284e-07,2.9767923e-05
1.257284e-07,2.5459559e-05
1.258284e-07,1.2534467e-05
1.259284e-07,-9.0073529e-06
1.260284e-07,-3.4139476e-05
1.261284e-07,-5.4963235e-05
1.262284e-07,-6.7888327e-05
1.263284e-07,-7.1478631e-05
1.264284e-07,-6.8606388e-05
1.265284e-07,-6.6452206e-05
1.266284e-07,-6.9324449e-05
1.267284e-07,-7.8659237e-05
1.268284e-07,-9.4456572e-05
1.269284e-07,-0.00011240809
1.270284e-07,-0.00012892348
1.271284e-07,-0.00014184858
1.272284e-07,-0.00015118336
1.273284e-07,-0.00015836397
1.274284e-07,-0.0001633904
1.275284e-07,-0.00016626264
1.276284e-07,-0.00016482652
1.277284e-07,-0.00015836397
1.278284e-07,-0.00014831112
1.279284e-07,-0.00013754021
1.280284e-07,-0.00013179573
1.281284e-07,-0.00013538603
1.282284e-07,-0.00014902918
1.283284e-07,-0.00016913488
1.284284e-07,-0.00018995864
1.285284e-07,-0.00020431985
1.286284e-07,-0.0002071921
1.287284e-07,-0.00019929343
1.288284e-07,-0.00018421415
1.289284e-07,-0.00016985294
1.290284e-07,-0.00016267233
1.291284e-07,-0.00016554458
1.292284e-07,-0.00017775161
1.293284e-07,-0.00019283088
1.294284e-07,-0.00020575597
1.295284e-07,-0.00021221852
1.296284e-07,-0.0002107824
1.297284e-07,-0.00020431985
1.298284e-07,-0.00019785731
1.299284e-07,-0.000194267
1.300284e-07,-0.00019713925
1.301284e-07,-0.00020431985
1.302284e-07,-0.00021365464
1.303284e-07,-0.00022227137
1.304284e-07,-0.00022729779
1.305284e-07,-0.00022729779
1.306284e-07,-0.00022370749
1.307284e-07,-0.00021724494
1.308284e-07,-0.00021006434
1.309284e-07,-0.00020431985
1.310284e-07,-0.00020144761
1.311284e-07,-0.00020216567
1.312284e-07,-0.0002071921
1.313284e-07,-0.00021580882
1.314284e-07,-0.00022729779
1.315284e-07,-0.00024022289
1.316284e-07,-0.00025171186
1.317284e-07,-0.00026176471
1.318284e-07,-0.00026894531
1.319284e-07,-0.00027397174
1.320284e-07,-0.0002782801
1.321284e-07,-0.00028474265
1.322284e-07,-0.00029335937
1.323284e-07,-0.00030484835
1.324284e-07,-0.00031777344
1.325284e-07,-0.00033069853
1.326284e-07,-0.00034290556
1.327284e-07,-0.00035439453
1.328284e-07,-0.00036516544
1.329284e-07,-0.00037665441
1.330284e-07,-0.0003895795
1.331284e-07,-0.00040394072
1.332284e-07,-0.00041901999
1.333284e-07,-0.00043409926
1.334284e-07,-0.00044846048
1.335284e-07,-0.00046282169
1.336284e-07,-0.00047646484
1.337284e-07,-0.00049154412
1.338284e-07,-0.00050805951
1.339284e-07,-0.00052529297
1.340284e-07,-0.00054324449
1.341284e-07,-0.00056047794
1.342284e-07,-0.00057627528
1.343284e-07,-0.00058991843
1.344284e-07,-0.00060356158
1.345284e-07,-0.00061792279
1.346284e-07,-0.00063300207
1.347284e-07,-0.0006487994
1.348284e-07,-0.00066316062
1.349284e-07,-0.00067536765
1.350284e-07,-0.00068326631
1.351284e-07,-0.00068829274
1.352284e-07,-0.0006926011
1.353284e-07,-0.00069834559
1.354284e-07,-0.0007091165
1.355284e-07,-0.00072563189
1.356284e-07,-0.00074645565
1.357284e-07,-0.00076727941
1.358284e-07,-0.00078451287
1.359284e-07,-0.00079384766
1.360284e-07,-0.00079528378
1.361284e-07,-0.00079025735
1.362284e-07,-0.00078379481
1.363284e-07,-0.00077948644
1.364284e-07,-0.00078164062
1.365284e-07,-0.00079025735
1.366284e-07,-0.00080246438
1.367284e-07,-0.00081395335
1.368284e-07,-0.00082185202
1.369284e-07,-0.00082472426
1.370284e-07,-0.00082257008
1.371284e-07,-0.00081897978
1.372284e-07,-0.00081538948
1.373284e-07,-0.00081323529
1.374284e-07,-0.00081179917
1.375284e-07,-0.00080820887
1.376284e-07,-0.00080174632
1.377284e-07,-0.00079025735
1.378284e-07,-0.00077733226
1.379284e-07,-0.00076656135
1.380284e-07,-0.00076297105
1.381284e-07,-0.00076727941
1.382284e-07,-0.00077805032
1.383284e-07,-0.00079169347
1.384284e-07,-0.00080102826
1.385284e-07,-0.00080174632
1.386284e-07,-0.00079384766
1.387284e-07,-0.00077948644
1.388284e-07,-0.00076512523
1.389284e-07,-0.00075579044
1.390284e-07,-0.00075507238
1.391284e-07,-0.00076297105
1.392284e-07,-0.0007766142
1.393284e-07,-0.00079025735
1.394284e-07,-0.00080102826
1.395284e-07,-0.00080677275
1.396284e-07,-0.00081036305
1.397284e-07,-0.00081323529
1.398284e-07,-0.00081897978
1.399284e-07,-0.00082759651
1.400284e-07,-0.00083764936
1.401284e-07,-0.00084770221
1.402284e-07,-0.00085416475
1.403284e-07,-0.00085560087
1.404284e-07,-0.00085272863
1.405284e-07,-0.00084770221
1.406284e-07,-0.00084267578
1.407284e-07,-0.00083836742
1.408284e-07,-0.00083621324
1.409284e-07,-0.00083621324
1.410284e-07,-0.00083836742
1.411284e-07,-0.00084195772
1.412284e-07,-0.00084913833
1.413284e-07,-0.00085919118
1.414284e-07,-0.00087139821
1.415284e-07,-0.00088504136
1.416284e-07,-0.00089724839
1.417284e-07,-0.00090514706
1.418284e-07,-0.0009080193
1.419284e-07,-0.00090658318
1.420284e-07,-0.00090083869
1.421284e-07,-0.00089365809
1.422284e-07,-0.00088647748
1.423284e-07,-0.00088001494
1.424284e-07,-0.00087498851
1.425284e-07,-0.00087068015
1.426284e-07,-0.0008678079
1.427284e-07,-0.00086708984
1.428284e-07,-0.00086852597
1.429284e-07,-0.00087068015
1.430284e-07,-0.00087211627
1.431284e-07,-0.00087139821
1.432284e-07,-0.00086708984
1.433284e-07,-0.00085919118
1.434284e-07,-0.00084913833
1.435284e-07,-0.0008405216
1.436284e-07,-0.00083549517
1.437284e-07,-0.00083621324
1.438284e-07,-0.0008405216
1.439284e-07,-0.00084626608
1.440284e-07,-0.00084913833
1.441284e-07,-0.00084770221
1.442284e-07,-0.00084267578
1.443284e-07,-0.00083621324
1.444284e-07,-0.00083334099
1.445284e-07,-0.00083621324
1.446284e-07,-0.00084626608
1.447284e-07,-0.00086134536
1.448284e-07,-0.00087786075
1.449284e-07,-0.00089365809
1.450284e-07,-0.00090730124
1.451284e-07,-0.00091807215
1.452284e-07,-0.00092884306
1.453284e-07,-0.00093961397
1.454284e-07,-0.00094966682
1.455284e-07,-0.00095756549
1.456284e-07,-0.00096187385
1.457284e-07,-0.00096259191
1.458284e-07,-0.00096259191
1.459284e-07,-0.00096761834
1.460284e-07,-0.00098197955
1.461284e-07,-0.0010085478
1.462284e-07,-0.0010444508
1.463284e-07,-0.0010846622
1.464284e-07,-0.0011205653
1.465284e-07,-0.0011464154
1.466284e-07,-0.0011593405
1.467284e-07,-0.0011636489
1.468284e-07,-0.001164367
1.469284e-07,-0.0011693934
1.470284e-07,-0.0011830365
1.471284e-07,-0.0012060145
1.472284e-07,-0.0012340188
1.473284e-07,-0.0012613051
1.474284e-07,-0.001283565
1.475284e-07,-0.0013000804
1.476284e-07,-0.0013108513
1.477284e-07,-0.00131875
1.478284e-07,-0.0013266487
1.479284e-07,-0.0013359835
1.480284e-07,-0.0013446002
1.481284e-07,-0.0013532169
1.482284e-07,-0.0013611156
1.483284e-07,-0.0013697323
1.484284e-07,-0.0013819393
1.485284e-07,-0.0013991728
1.486284e-07,-0.0014214327
1.487284e-07,-0.0014436926
1.488284e-07,-0.001460926
1.489284e-07,-0.0014681066
1.490284e-07,-0.0014637983
1.491284e-07,-0.0014501551
1.492284e-07,-0.0014336397
1.493284e-07,-0.0014221507
1.494284e-07,-0.0014214327
1.495284e-07,-0.0014336397
1.496284e-07,-0.0014551815
1.497284e-07,-0.0014795956
1.498284e-07,-0.0015011374
1.499284e-07,-0.0015140625
1.500284e-07,-0.0015183709
1.501284e-07,-0.0015140625
1.502284e-07,-0.0015054458
1.503284e-07,-0.001496829
1.504284e-07,-0.0014918026
1.505284e-07,-0.0014910846
1.506284e-07,-0.001496829
1.507284e-07,-0.0015090361
1.508284e-07,-0.0015269876
1.509284e-07,-0.0015485294
1.510284e-07,-0.0015700712
1.511284e-07,-0.0015887408
1.512284e-07,-0.0016009478
1.513284e-07,-0.0016059743
1.514284e-07,-0.0016052562
1.515284e-07,-0.001602384
1.516284e-07,-0.0016016659
1.517284e-07,-0.0016059743
1.518284e-07,-0.0016160271
1.519284e-07,-0.0016296703
1.520284e-07,-0.0016425954
1.521284e-07,-0.0016519301
1.522284e-07,-0.0016555205
1.523284e-07,-0.0016548024
1.524284e-07,-0.0016526482
1.525284e-07,-0.0016519301
1.526284e-07,-0.0016548024
1.527284e-07,-0.0016605469
1.528284e-07,-0.0016677275
1.529284e-07,-0.0016749081
1.530284e-07,-0.0016799345
1.531284e-07,-0.0016835248
1.532284e-07,-0.0016849609
1.533284e-07,-0.0016863971
1.534284e-07,-0.001685679
1.535284e-07,-0.0016820887
1.536284e-07,-0.0016749081
1.537284e-07,-0.0016634191
1.538284e-07,-0.0016512121
1.539284e-07,-0.0016433134
1.540284e-07,-0.0016425954
1.541284e-07,-0.0016519301
1.542284e-07,-0.0016684455
1.543284e-07,-0.0016871151
1.544284e-07,-0.0017021944
1.545284e-07,-0.001709375
1.546284e-07,-0.0017079389
1.547284e-07,-0.0017014763
1.548284e-07,-0.001697168
1.549284e-07,-0.001697886
1.550284e-07,-0.0017065028
1.551284e-07,-0.001720864
1.552284e-07,-0.0017345071
1.553284e-07,-0.0017438419
1.554284e-07,-0.0017459961
1.555284e-07,-0.0017438419
1.556284e-07,-0.0017416877
1.557284e-07,-0.0017438419
1.558284e-07,-0.0017538948
1.559284e-07,-0.0017696921
1.560284e-07,-0.0017876436
1.561284e-07,-0.0018012868
1.562284e-07,-0.0018084674
1.563284e-07,-0.0018099035
1.564284e-07,-0.0018091854
1.565284e-07,-0.0018127757
1.566284e-07,-0.0018235466
1.567284e-07,-0.0018407801
1.568284e-07,-0.0018623219
1.569284e-07,-0.0018817096
1.570284e-07,-0.0018946347
1.571284e-07,-0.001898943
1.572284e-07,-0.0018975069
1.573284e-07,-0.0018931985
1.574284e-07,-0.0018910443
1.575284e-07,-0.0018946347
1.576284e-07,-0.0019032514
1.577284e-07,-0.0019161765
1.578284e-07,-0.0019305377
1.579284e-07,-0.001945617
1.580284e-07,-0.0019599782
1.581284e-07,-0.0019736213
1.582284e-07,-0.0019858284
1.583284e-07,-0.0019951631
1.584284e-07,-0.0019994715
1.585284e-07,-0.0019965993
1.586284e-07,-0.0019879825
1.587284e-07,-0.0019757755
1.588284e-07,-0.0019657227
1.589284e-07,-0.0019621324
1.590284e-07,-0.0019685949
1.591284e-07,-0.0019851103
1.592284e-07,-0.0020080882
1.593284e-07,-0.0020310662
1.594284e-07,-0.0020497358
1.595284e-07,-0.0020590705
1.596284e-07,-0.0020605067
1.597284e-07,-0.0020540441
1.598284e-07,-0.0020447093
1.599284e-07,-0.0020360926
1.600284e-07,-0.0020310662
1.601284e-07,-0.0020310662
1.602284e-07,-0.0020368107
1.603284e-07,-0.0020482996
1.604284e-07,-0.0020619428
1.605284e-07,-0.0020770221
1.606284e-07,-0.0020899472
1.607284e-07,-0.0020985639
1.608284e-07,-0.0021014361
1.609284e-07,-0.0021
1.610284e-07,-0.0020956916
1.611284e-07,-0.0020928194
1.612284e-07,-0.0020942555
1.613284e-07,-0.0021
1.614284e-07,-0.0021093348
1.615284e-07,-0.0021186696
1.616284e-07,-0.002123696
1.617284e-07,-0.0021229779
1.618284e-07,-0.0021165154
1.619284e-07,-0.0021078987
1.620284e-07,-0.0021014361
1.621284e-07,-0.0021
1.622284e-07,-0.0021050264
1.623284e-07,-0.0021143612
1.624284e-07,-0.0021251321
1.625284e-07,-0.0021344669
1.626284e-07,-0.0021409295
1.627284e-07,-0.0021452378
1.628284e-07,-0.0021502642
1.629284e-07,-0.0021574449
1.630284e-07,-0.0021674977
1.631284e-07,-0.0021789867
1.632284e-07,-0.0021883215
1.633284e-07,-0.0021919118
1.634284e-07,-0.0021904756
1.635284e-07,-0.0021847312
1.636284e-07,-0.0021804228
1.637284e-07,-0.0021804228
1.638284e-07,-0.0021861673
1.639284e-07,-0.0021962201
1.640284e-07,-0.0022077091
1.641284e-07,-0.0022148897
1.642284e-07,-0.0022163258
1.643284e-07,-0.0022127355
1.644284e-07,-0.002206991
1.645284e-07,-0.0022034007
1.646284e-07,-0.0022034007
1.647284e-07,-0.0022077091
1.648284e-07,-0.0022127355
1.649284e-07,-0.0022148897
1.650284e-07,-0.0022105813
1.651284e-07,-0.0021990924
1.652284e-07,-0.002183295
1.653284e-07,-0.0021689338
1.654284e-07,-0.0021603171
1.655284e-07,-0.002159599
1.656284e-07,-0.0021674977
1.657284e-07,-0.0021804228
1.658284e-07,-0.0021940659
1.659284e-07,-0.0022055549
1.660284e-07,-0.0022127355
1.661284e-07,-0.0022148897
1.662284e-07,-0.0022141716
1.663284e-07,-0.0022112994
1.664284e-07,-0.0022077091
1.665284e-07,-0.0022034007
1.666284e-07,-0.0021990924
1.667284e-07,-0.002194784
1.668284e-07,-0.0021919118
1.669284e-07,-0.0021919118
1.670284e-07,-0.002194784
1.671284e-07,-0.0022012466
1.672284e-07,-0.0022084272
1.673284e-07,-0.0022148897
1.674284e-07,-0.0022177619
1.675284e-07,-0.0022163258
1.676284e-07,-0.0022112994
1.677284e-07,-0.0022034007
1.678284e-07,-0.0021962201
1.679284e-07,-0.0021933479
1.680284e-07,-0.002194784
1.681284e-07,-0.0022034007
1.682284e-07,-0.0022170439
1.683284e-07,-0.0022328412
1.684284e-07,-0.0022486386
1.685284e-07,-0.0022608456
1.686284e-07,-0.0022673081
1.687284e-07,-0.0022687443
1.688284e-07,-0.002265154
1.689284e-07,-0.0022608456
1.690284e-07,-0.0022586914
1.691284e-07,-0.0022622817
1.692284e-07,-0.0022716165
1.693284e-07,-0.0022838235
1.694284e-07,-0.0022953125
1.695284e-07,-0.0023003389
1.696284e-07,-0.0022967486
1.697284e-07,-0.0022838235
1.698284e-07,-0.002265154
1.699284e-07,-0.0022450483
1.700284e-07,-0.0022314051
1.701284e-07,-0.0022263787
1.702284e-07,-0.0022314051
1.703284e-07,-0.0022436121
1.704284e-07,-0.0022579733
1.705284e-07,-0.0022723346
1.706284e-07,-0.0022831055
1.707284e-07,-0.002289568
1.708284e-07,-0.0022938764
1.709284e-07,-0.0022953125
1.710284e-07,-0.0022945944
1.711284e-07,-0.0022910041
1.712284e-07,-0.0022831055
1.713284e-07,-0.0022723346
1.714284e-07,-0.0022608456
1.715284e-07,-0.0022529469
1.716284e-07,-0.0022522289
1.717284e-07,-0.0022608456
1.718284e-07,-0.0022766429
1.719284e-07,-0.0022953125
1.720284e-07,-0.0023111098
1.721284e-07,-0.0023182904
1.722284e-07,-0.0023168543
1.723284e-07,-0.0023089557
1.724284e-07,-0.0022996209
1.725284e-07,-0.0022953125
1.726284e-07,-0.0022981847
1.727284e-07,-0.0023075195
1.728284e-07,-0.0023197266
1.729284e-07,-0.0023297794
1.730284e-07,-0.0023340878
1.731284e-07,-0.0023340878
1.732284e-07,-0.0023304975
1.733284e-07,-0.0023297794
1.734284e-07,-0.0023340878
1.735284e-07,-0.0023455767
1.736284e-07,-0.002360656
1.737284e-07,-0.0023757353
1.738284e-07,-0.0023879423
1.739284e-07,-0.0023951229
1.740284e-07,-0.0023979952
1.741284e-07,-0.0023987132
1.742284e-07,-0.0024001494
1.743284e-07,-0.0024037397
1.744284e-07,-0.002408048
1.745284e-07,-0.0024102022
1.746284e-07,-0.0024087661
1.747284e-07,-0.0024030216
1.748284e-07,-0.0023944049
1.749284e-07,-0.0023872243
1.750284e-07,-0.0023850701
1.751284e-07,-0.0023908146
1.752284e-07,-0.0024037397
1.753284e-07,-0.0024216912
1.754284e-07,-0.0024403608
1.755284e-07,-0.00245544
1.756284e-07,-0.0024640568
1.757284e-07,-0.0024676471
1.758284e-07,-0.002466929
1.759284e-07,-0.0024647748
1.760284e-07,-0.0024647748
1.761284e-07,-0.0024676471
1.762284e-07,-0.0024748277
1.763284e-07,-0.0024863166
1.764284e-07,-0.0024992417
1.765284e-07,-0.0025136029
1.766284e-07,-0.002526528
1.767284e-07,-0.0025372989
1.768284e-07,-0.0025444795
1.769284e-07,-0.0025480699
1.770284e-07,-0.0025487879
1.771284e-07,-0.0025480699
1.772284e-07,-0.0025473518
1.773284e-07,-0.0025480699
1.774284e-07,-0.0025516602
1.775284e-07,-0.0025574046
1.776284e-07,-0.0025645852
1.777284e-07,-0.0025710478
1.778284e-07,-0.0025760742
1.779284e-07,-0.0025796645
1.780284e-07,-0.0025811006
1.781284e-07,-0.0025825368
1.782284e-07,-0.0025839729
1.783284e-07,-0.0025868451
1.784284e-07,-0.0025904354
1.785284e-07,-0.0025940257
1.786284e-07,-0.002596898
1.787284e-07,-0.002597616
1.788284e-07,-0.002596898
1.789284e-07,-0.0025940257
1.790284e-07,-0.0025904354
1.791284e-07,-0.0025882812
1.792284e-07,-0.0025889993
1.793284e-07,-0.0025940257
1.794284e-07,-0.0026055147
1.795284e-07,-0.0026234662
1.796284e-07,-0.0026471622
1.797284e-07,-0.0026744485
1.798284e-07,-0.0027017348
1.799284e-07,-0.0027254308
1.800284e-07,-0.0027433824
1.801284e-07,-0.0027548713
1.802284e-07,-0.0027598977
1.803284e-07,-0.0027613339
1.804284e-07,-0.00276277
1.805284e-07,-0.0027663603
1.806284e-07,-0.002774259
1.807284e-07,-0.0027850299
1.808284e-07,-0.002798673
1.809284e-07,-0.0028123162
1.810284e-07,-0.0028238051
1.811284e-07,-0.0028309858
1.812284e-07,-0.0028345761
1.813284e-07,-0.0028352941
1.814284e-07,-0.002833858
1.815284e-07,-0.0028324219
1.816284e-07,-0.0028324219
1.817284e-07,-0.0028352941
1.818284e-07,-0.0028417567
1.819284e-07,-0.0028503734
1.820284e-07,-0.0028611443
1.821284e-07,-0.002869761
1.822284e-07,-0.0028747875
1.823284e-07,-0.0028740694
1.824284e-07,-0.0028683249
1.825284e-07,-0.0028582721
1.826284e-07,-0.0028482192
1.827284e-07,-0.0028424747
1.828284e-07,-0.0028417567
1.829284e-07,-0.0028467831
1.830284e-07,-0.0028546818
1.831284e-07,-0.0028625804
1.832284e-07,-0.0028676068
1.833284e-07,-0.002869761
1.834284e-07,-0.002869761
1.835284e-07,-0.0028704791
1.836284e-07,-0.0028740694
1.837284e-07,-0.00288125
1.838284e-07,-0.0028891487
1.839284e-07,-0.0028948932
1.840284e-07,-0.0028956112
1.841284e-07,-0.002892739
1.842284e-07,-0.0028884306
1.843284e-07,-0.0028869945
1.844284e-07,-0.0028920209
1.845284e-07,-0.0029042279
1.846284e-07,-0.0029200253
1.847284e-07,-0.0029343865
1.848284e-07,-0.002940849
1.849284e-07,-0.0029386949
1.850284e-07,-0.0029293601
1.851284e-07,-0.0029185892
1.852284e-07,-0.0029128447
1.853284e-07,-0.0029157169
1.854284e-07,-0.0029257698
1.855284e-07,-0.0029365407
1.856284e-07,-0.0029430032
1.857284e-07,-0.0029386949
1.858284e-07,-0.0029250517
1.859284e-07,-0.0029078182
1.860284e-07,-0.0028948932
1.861284e-07,-0.002892739
1.862284e-07,-0.0029027918
1.863284e-07,-0.0029207433
1.864284e-07,-0.0029394129
1.865284e-07,-0.0029501838
1.866284e-07,-0.0029501838
1.867284e-07,-0.002940131
1.868284e-07,-0.0029264878
1.869284e-07,-0.0029157169
1.870284e-07,-0.0029128447
1.871284e-07,-0.0029185892
1.872284e-07,-0.002928642
1.873284e-07,-0.0029386949
1.874284e-07,-0.0029444393
1.875284e-07,-0.0029458755
1.876284e-07,-0.0029465935
1.877284e-07,-0.0029501838
1.878284e-07,-0.0029588006
1.879284e-07,-0.0029717256
1.880284e-07,-0.0029860869
1.881284e-07,-0.0029961397
1.882284e-07,-0.00299973
1.883284e-07,-0.0029968578
1.884284e-07,-0.0029911133
1.885284e-07,-0.0029846507
1.886284e-07,-0.0029803424
1.887284e-07,-0.0029789062
1.888284e-07,-0.0029767521
1.889284e-07,-0.0029731618
1.890284e-07,-0.0029674173
1.891284e-07,-0.0029623909
1.892284e-07,-0.0029631089
1.893284e-07,-0.0029731618
1.894284e-07,-0.0029939855
1.895284e-07,-0.0030219899
1.896284e-07,-0.0030521484
1.897284e-07,-0.0030765625
1.898284e-07,-0.0030916418
1.899284e-07,-0.0030959501
1.900284e-07,-0.0030930779
1.901284e-07,-0.0030880515
1.902284e-07,-0.0030837431
1.903284e-07,-0.0030815889
1.904284e-07,-0.0030794347
1.905284e-07,-0.0030765625
1.906284e-07,-0.003070818
1.907284e-07,-0.0030629193
1.908284e-07,-0.0030557387
1.909284e-07,-0.0030535846
1.910284e-07,-0.0030571749
1.911284e-07,-0.0030665097
1.912284e-07,-0.0030779986
1.913284e-07,-0.0030880515
1.914284e-07,-0.003094514
1.915284e-07,-0.0030959501
1.916284e-07,-0.0030930779
1.917284e-07,-0.0030880515
1.918284e-07,-0.0030801528
1.919284e-07,-0.0030679458
1.920284e-07,-0.0030514304
1.921284e-07,-0.0030306066
1.922284e-07,-0.0030083467
1.923284e-07,-0.0029903952
1.924284e-07,-0.0029810604
1.925284e-07,-0.0029846507
1.926284e-07,-0.0029990119
1.927284e-07,-0.0030183996
1.928284e-07,-0.003035633
1.929284e-07,-0.0030420956
1.930284e-07,-0.0030363511
1.931284e-07,-0.0030205538
1.932284e-07,-0.0030011661
1.933284e-07,-0.0029846507
1.934284e-07,-0.002976034
1.935284e-07,-0.0029745979
1.936284e-07,-0.0029753159
1.937284e-07,-0.0029731618
1.938284e-07,-0.002963827
1.939284e-07,-0.0029480296
1.940284e-07,-0.0029293601
1.941284e-07,-0.0029157169
1.942284e-07,-0.0029114085
1.943284e-07,-0.0029178711
1.944284e-07,-0.0029329504
1.945284e-07,-0.0029501838
1.946284e-07,-0.002964545
1.947284e-07,-0.0029710076
1.948284e-07,-0.0029695715
1.949284e-07,-0.0029616728
1.950284e-07,-0.0029509019
1.951284e-07,-0.002940131
1.952284e-07,-0.0029315142
1.953284e-07,-0.0029272059
1.954284e-07,-0.0029272059
1.955284e-07,-0.0029329504
1.956284e-07,-0.0029444393
1.957284e-07,-0.0029616728
1.958284e-07,-0.0029824966
1.959284e-07,-0.0030033203
1.960284e-07,-0.0030205538
1.961284e-07,-0.0030306066
1.962284e-07,-0.0030341969
1.963284e-07,-0.0030327608
1.964284e-07,-0.0030298886
1.965284e-07,-0.0030306066
1.966284e-07,-0.0030363511
1.967284e-07,-0.003046404
1.968284e-07,-0.0030607652
1.969284e-07,-0.0030765625
1.970284e-07,-0.0030930779
1.971284e-07,-0.0031095933
1.972284e-07,-0.0031275448
1.973284e-07,-0.0031454963
1.974284e-07,-0.0031612937
1.975284e-07,-0.0031720646
1.976284e-07,-0.0031749368
1.977284e-07,-0.0031684743
1.978284e-07,-0.0031562672
1.979284e-07,-0.0031426241
1.980284e-07,-0.0031340074
1.981284e-07,-0.0031340074
1.982284e-07,-0.0031426241
1.983284e-07,-0.0031569853
1.984284e-07,-0.0031706284
1.985284e-07,-0.0031799632
1.986284e-07,-0.0031828355
1.987284e-07,-0.0031821174
1.988284e-07,-0.0031799632
1.989284e-07,-0.0031799632
1.990284e-07,-0.0031835535
1.991284e-07,-0.00318858
1.992284e-07,-0.0031921703
1.993284e-07,-0.0031914522
1.994284e-07,-0.0031864258
1.995284e-07,-0.0031785271
1.996284e-07,-0.0031720646
1.997284e-07,-0.0031684743
1.998284e-07,-0.0031677562
1.999284e-07,-0.003165602
2.000284e-07,-0.0031584214
2.001284e-07,-0.0031454963
2.002284e-07,-0.0031282629
2.003284e-07,-0.0031124655
2.004284e-07,-0.0031052849
2.005284e-07,-0.0031110294
2.006284e-07,-0.0031289809
2.007284e-07,-0.0031526769
2.008284e-07,-0.0031720646
2.009284e-07,-0.0031799632
2.010284e-07,-0.0031727826
2.011284e-07,-0.0031548311
2.012284e-07,-0.0031347254
2.013284e-07,-0.0031225184
2.014284e-07,-0.0031232364
2.015284e-07,-0.0031361615
2.016284e-07,-0.0031541131
2.017284e-07,-0.0031684743
2.018284e-07,-0.0031720646
2.019284e-07,-0.0031634478
2.020284e-07,-0.0031483686
2.021284e-07,-0.0031340074
2.022284e-07,-0.0031282629
2.023284e-07,-0.0031340074
2.024284e-07,-0.0031498047
2.025284e-07,-0.0031684743
2.026284e-07,-0.0031842716
2.027284e-07,-0.0031921703
2.028284e-07,-0.0031928883
2.029284e-07,-0.0031914522
2.030284e-07,-0.0031928883
2.031284e-07,-0.003200787
2.032284e-07,-0.0032165843
2.033284e-07,-0.0032374081
2.034284e-07,-0.0032582318
2.035284e-07,-0.0032747472
2.036284e-07,-0.0032869543
2.037284e-07,-0.0032948529
2.038284e-07,-0.0033013155
2.039284e-07,-0.0033092142
2.040284e-07,-0.0033185489
2.041284e-07,-0.0033293199
2.042284e-07,-0.0033386546
2.043284e-07,-0.0033443991
2.044284e-07,-0.0033451172
2.045284e-07,-0.0033408088
2.046284e-07,-0.0033336282
2.047284e-07,-0.0033257295
2.048284e-07,-0.0033199851
2.049284e-07,-0.0033178309
2.050284e-07,-0.0033214212
2.051284e-07,-0.0033293199
2.052284e-07,-0.0033400908
2.053284e-07,-0.0033522978
2.054284e-07,-0.0033616326
2.055284e-07,-0.0033652229
2.056284e-07,-0.0033623506
2.057284e-07,-0.0033522978
2.058284e-07,-0.0033379366
2.059284e-07,-0.0033228573
2.060284e-07,-0.0033120864
2.061284e-07,-0.0033063419
2.062284e-07,-0.00330706
2.063284e-07,-0.0033128045
2.064284e-07,-0.0033214212
2.065284e-07,-0.0033293199
2.066284e-07,-0.0033365005
2.067284e-07,-0.0033422449
2.068284e-07,-0.0033479894
2.069284e-07,-0.0033522978
2.070284e-07,-0.003354452
2.071284e-07,-0.0033522978
2.072284e-07,-0.0033443991
2.073284e-07,-0.0033293199
2.074284e-07,-0.0033106503
2.075284e-07,-0.0032919807
2.076284e-07,-0.0032783375
2.077284e-07,-0.003271875
2.078284e-07,-0.003271875
2.079284e-07,-0.0032747472
2.080284e-07,-0.0032761834
2.081284e-07,-0.003271875
2.082284e-07,-0.0032618222
2.083284e-07,-0.0032488971
2.084284e-07,-0.0032388442
2.085284e-07,-0.0032374081
2.086284e-07,-0.0032474609
2.087284e-07,-0.0032675666
2.088284e-07,-0.0032934168
2.089284e-07,-0.0033178309
2.090284e-07,-0.0033350643
2.091284e-07,-0.0033422449
2.092284e-07,-0.0033393727
2.093284e-07,-0.0033293199
2.094284e-07,-0.0033149586
2.095284e-07,-0.0033013155
2.096284e-07,-0.0032898265
2.097284e-07,-0.003283364
2.098284e-07,-0.003283364
2.099284e-07,-0.0032912626
2.100284e-07,-0.00330706
2.101284e-07,-0.0033293199
2.102284e-07,-0.0033558881
2.103284e-07,-0.0033817383
2.104284e-07,-0.0034047162
2.105284e-07,-0.0034212316
2.106284e-07,-0.0034312845
2.107284e-07,-0.003437029
2.108284e-07,-0.0034406193
2.109284e-07,-0.0034442096
2.110284e-07,-0.0034485179
2.111284e-07,-0.0034542624
2.112284e-07,-0.0034600069
2.113284e-07,-0.0034671875
2.114284e-07,-0.0034779584
2.115284e-07,-0.0034930377
2.116284e-07,-0.0035131434
2.117284e-07,-0.0035361213
2.118284e-07,-0.003556227
2.119284e-07,-0.0035662799
2.120284e-07,-0.0035634076
2.121284e-07,-0.0035476103
2.122284e-07,-0.0035246324
2.123284e-07,-0.0035023725
2.124284e-07,-0.0034894474
2.125284e-07,-0.0034901654
2.126284e-07,-0.0035009364
2.127284e-07,-0.0035160156
2.128284e-07,-0.0035253504
2.129284e-07,-0.0035246324
2.130284e-07,-0.0035152976
2.131284e-07,-0.0035030905
2.132284e-07,-0.003496628
2.133284e-07,-0.0035016544
2.134284e-07,-0.0035181698
2.135284e-07,-0.0035389936
2.136284e-07,-0.003555509
2.137284e-07,-0.0035590993
2.138284e-07,-0.0035476103
2.139284e-07,-0.0035267865
2.140284e-07,-0.0035045267
2.141284e-07,-0.0034901654
2.142284e-07,-0.0034887293
2.143284e-07,-0.003497346
2.144284e-07,-0.0035117073
2.145284e-07,-0.0035246324
2.146284e-07,-0.003532531
2.147284e-07,-0.0035354033
2.148284e-07,-0.0035389936
2.149284e-07,-0.0035476103
2.150284e-07,-0.0035619715
2.151284e-07,-0.003579923
2.152284e-07,-0.0035957204
2.153284e-07,-0.0036050551
2.154284e-07,-0.0036057732
2.155284e-07,-0.0036014648
2.156284e-07,-0.0035957204
2.157284e-07,-0.0035935662
2.158284e-07,-0.0035950023
2.159284e-07,-0.0035978745
2.160284e-07,-0.0035978745
2.161284e-07,-0.0035935662
2.162284e-07,-0.0035863856
2.163284e-07,-0.0035820772
2.164284e-07,-0.0035871036
2.165284e-07,-0.0036050551
2.166284e-07,-0.0036323415
2.167284e-07,-0.0036603458
2.168284e-07,-0.0036804515
2.169284e-07,-0.0036854779
2.170284e-07,-0.0036768612
2.171284e-07,-0.0036617819
2.172284e-07,-0.003651011
2.173284e-07,-0.003651011
2.174284e-07,-0.0036632181
2.175284e-07,-0.0036804515
2.176284e-07,-0.0036940947
2.177284e-07,-0.0036969669
2.178284e-07,-0.0036890682
2.179284e-07,-0.0036782973
2.180284e-07,-0.003674707
2.181284e-07,-0.0036854779
2.182284e-07,-0.0037106101
2.183284e-07,-0.0037414867
2.184284e-07,-0.0037666188
2.185284e-07,-0.0037773897
2.186284e-07,-0.0037716452
2.187284e-07,-0.0037565659
2.188284e-07,-0.0037443589
2.189284e-07,-0.0037429228
2.190284e-07,-0.0037551298
2.191284e-07,-0.0037737994
2.192284e-07,-0.0037881606
2.193284e-07,-0.0037888787
2.194284e-07,-0.0037752355
2.195284e-07,-0.0037565659
2.196284e-07,-0.003745795
2.197284e-07,-0.0037544118
2.198284e-07,-0.0037838523
2.199284e-07,-0.0038254998
2.200284e-07,-0.0038628389
2.201284e-07,-0.0038807904
2.202284e-07,-0.0038736098
2.203284e-07,-0.0038456055
2.204284e-07,-0.0038125747
2.205284e-07,-0.0037888787
2.206284e-07,-0.0037852884
2.207284e-07,-0.0038003676
2.208284e-07,-0.0038247817
2.209284e-07,-0.0038463235
2.210284e-07,-0.0038563764
2.211284e-07,-0.0038556583
2.212284e-07,-0.0038491958
2.213284e-07,-0.0038463235
2.214284e-07,-0.00385135
2.215284e-07,-0.0038614028
2.216284e-07,-0.0038700195
2.217284e-07,-0.0038693015
2.218284e-07,-0.0038570944
2.219284e-07,-0.0038384249
2.220284e-07,-0.0038240636
2.221284e-07,-0.0038233456
2.222284e-07,-0.003839861
2.223284e-07,-0.0038685834
2.224284e-07,-0.0038973058
2.225284e-07,-0.0039152574
2.226284e-07,-0.0039174115
2.227284e-07,-0.0039066406
2.228284e-07,-0.0038944336
2.229284e-07,-0.0038922794
2.230284e-07,-0.0039059226
2.231284e-07,-0.0039324908
2.232284e-07,-0.0039626494
2.233284e-07,-0.0039841912
2.234284e-07,-0.0039913718
2.235284e-07,-0.0039841912
2.236284e-07,-0.0039712661
2.237284e-07,-0.0039612132
2.238284e-07,-0.0039590591
2.239284e-07,-0.0039626494
2.240284e-07,-0.0039662397
2.241284e-07,-0.0039612132
2.242284e-07,-0.003946134
2.243284e-07,-0.0039253102
2.244284e-07,-0.0039080767
2.245284e-07,-0.0039037684
2.246284e-07,-0.0039152574
2.247284e-07,-0.0039375172
2.248284e-07,-0.0039597771
2.249284e-07,-0.0039727022
2.250284e-07,-0.00396983
2.251284e-07,-0.0039554687
2.252284e-07,-0.0039382353
2.253284e-07,-0.0039267463
2.254284e-07,-0.0039267463
2.255284e-07,-0.0039339269
2.256284e-07,-0.0039403895
2.257284e-07,-0.0039382353
2.258284e-07,-0.0039238741
2.259284e-07,-0.0039023323
2.260284e-07,-0.0038850988
2.261284e-07,-0.0038807904
2.262284e-07,-0.0038944336
2.263284e-07,-0.0039195657
2.264284e-07,-0.003946134
2.265284e-07,-0.0039612132
2.266284e-07,-0.003958341
2.267284e-07,-0.0039403895
2.268284e-07,-0.0039181296
2.269284e-07,-0.0039037684
2.270284e-07,-0.0039044864
2.271284e-07,-0.0039202838
2.272284e-07,-0.0039425437
2.273284e-07,-0.0039612132
2.274284e-07,-0.0039683938
2.275284e-07,-0.0039640855
2.276284e-07,-0.0039547507
2.277284e-07,-0.0039497243
2.278284e-07,-0.0039547507
2.279284e-07,-0.003970548
2.280284e-07,-0.0039906537
2.281284e-07,-0.0040071691
2.282284e-07,-0.0040150678
2.283284e-07,-0.0040150678
2.284284e-07,-0.0040100414
2.285284e-07,-0.0040071691
2.286284e-07,-0.0040093233
2.287284e-07,-0.0040143497
2.288284e-07,-0.0040193761
2.289284e-07,-0.0040186581
2.290284e-07,-0.0040121955
2.291284e-07,-0.0040035788
2.292284e-07,-0.0039999885
2.293284e-07,-0.0040071691
2.294284e-07,-0.0040258387
2.295284e-07,-0.0040495347
2.296284e-07,-0.0040689223
2.297284e-07,-0.0040761029
2.298284e-07,-0.0040674862
2.299284e-07,-0.0040488166
2.300284e-07,-0.004029429
2.301284e-07,-0.0040186581
2.302284e-07,-0.0040200942
2.303284e-07,-0.0040301471
2.304284e-07,-0.0040401999
2.305284e-07,-0.004041636
2.306284e-07,-0.0040308651
2.307284e-07,-0.0040114775
2.308284e-07,-0.0039928079
2.309284e-07,-0.0039841912
2.310284e-07,-0.0039899357
2.311284e-07,-0.0040078872
2.312284e-07,-0.0040279929
2.313284e-07,-0.004041636
2.314284e-07,-0.004041636
2.315284e-07,-0.004029429
2.316284e-07,-0.0040114775
2.317284e-07,-0.0039956801
2.318284e-07,-0.0039870634
2.319284e-07,-0.0039849092
2.320284e-07,-0.0039863454
2.321284e-07,-0.0039841912
2.322284e-07,-0.0039777286
2.323284e-07,-0.00396983
2.324284e-07,-0.0039669577
2.325284e-07,-0.0039727022
2.326284e-07,-0.0039884995
2.327284e-07,-0.0040071691
2.328284e-07,-0.0040200942
2.329284e-07,-0.0040186581
2.330284e-07,-0.0040014246
2.331284e-07,-0.0039727022
2.332284e-07,-0.0039446978
2.333284e-07,-0.0039267463
2.334284e-07,-0.0039245921
2.335284e-07,-0.0039353631
2.336284e-07,-0.0039504423
2.337284e-07,-0.0039612132
2.338284e-07,-0.0039626494
2.339284e-07,-0.0039561868
2.340284e-07,-0.0039490062
2.341284e-07,-0.0039497243
2.342284e-07,-0.0039619313
2.343284e-07,-0.0039827551
2.344284e-07,-0.0040050149
2.345284e-07,-0.0040186581
2.346284e-07,-0.0040193761
2.347284e-07,-0.0040071691
2.348284e-07,-0.0039892176
2.349284e-07,-0.0039727022
2.350284e-07,-0.0039633674
2.351284e-07,-0.0039612132
2.352284e-07,-0.0039619313
2.353284e-07,-0.0039612132
2.354284e-07,-0.0039561868
2.355284e-07,-0.0039497243
2.356284e-07,-0.003946134
2.357284e-07,-0.0039497243
2.358284e-07,-0.0039612132
2.359284e-07,-0.0039770106
2.360284e-07,-0.0039906537
2.361284e-07,-0.0039956801
2.362284e-07,-0.0039906537
2.363284e-07,-0.0039777286
2.364284e-07,-0.0039626494
2.365284e-07,-0.0039497243
2.366284e-07,-0.0039382353
2.367284e-07,-0.0039253102
2.368284e-07,-0.0039059226
2.369284e-07,-0.0038807904
2.370284e-07,-0.0038542222
2.371284e-07,-0.0038362707
2.372284e-07,-0.0038362707
2.373284e-07,-0.0038578125
2.374284e-07,-0.0038958697
2.375284e-07,-0.0039353631
2.376284e-07,-0.0039612132
2.377284e-07,-0.0039612132
2.378284e-07,-0.0039367992
2.379284e-07,-0.0038980239
2.380284e-07,-0.0038628389
2.381284e-07,-0.0038463235
2.382284e-07,-0.0038527861
2.383284e-07,-0.0038764821
2.384284e-07,-0.0039023323
2.385284e-07,-0.0039152574
2.386284e-07,-0.0039087948
2.387284e-07,-0.0038865349
2.388284e-07,-0.0038606847
2.389284e-07,-0.0038463235
2.390284e-07,-0.00385135
2.391284e-07,-0.0038743279
2.392284e-07,-0.0039073587
2.393284e-07,-0.0039382353
2.394284e-07,-0.0039590591
2.395284e-07,-0.0039676758
2.396284e-07,-0.003970548
2.397284e-07,-0.0039727022
2.398284e-07,-0.0039784467
2.399284e-07,-0.0039849092
2.400284e-07,-0.0039884995
2.401284e-07,-0.0039841912
2.402284e-07,-0.0039727022
2.403284e-07,-0.0039612132
2.404284e-07,-0.0039590591
2.405284e-07,-0.0039727022
2.406284e-07,-0.0040007066
2.407284e-07,-0.0040337374
2.408284e-07,-0.0040588695
2.409284e-07,-0.004064614
2.410284e-07,-0.0040480986
2.411284e-07,-0.0040165039
2.412284e-07,-0.0039834731
2.413284e-07,-0.0039612132
2.414284e-07,-0.0039540326
2.415284e-07,-0.0039569049
2.416284e-07,-0.0039590591
2.417284e-07,-0.0039497243
2.418284e-07,-0.0039253102
2.419284e-07,-0.0038915614
2.420284e-07,-0.0038614028
2.421284e-07,-0.0038463235
2.422284e-07,-0.00385135
2.423284e-07,-0.0038707376
2.424284e-07,-0.0038922794
2.425284e-07,-0.0039037684
2.426284e-07,-0.0038980239
2.427284e-07,-0.0038772001
2.428284e-07,-0.0038527861
2.429284e-07,-0.0038348346
2.430284e-07,-0.0038298081
2.431284e-07,-0.0038362707
2.432284e-07,-0.0038441693
2.433284e-07,-0.0038463235
2.434284e-07,-0.0038377068
2.435284e-07,-0.0038233456
2.436284e-07,-0.0038118566
2.437284e-07,-0.0038118566
2.438284e-07,-0.0038254998
2.439284e-07,-0.0038470416
2.440284e-07,-0.0038649931
2.441284e-07,-0.0038693015
2.442284e-07,-0.0038570944
2.443284e-07,-0.0038355526
2.444284e-07,-0.003816165
2.445284e-07,-0.0038118566
2.446284e-07,-0.0038262178
2.447284e-07,-0.0038535041
2.448284e-07,-0.0038800724
2.449284e-07,-0.0038922794
2.450284e-07,-0.0038843807
2.451284e-07,-0.0038606847
2.452284e-07,-0.0038355526
2.453284e-07,-0.0038233456
2.454284e-07,-0.0038319623
2.455284e-07,-0.0038585306
2.456284e-07,-0.0038915614
2.457284e-07,-0.0039152574
2.458284e-07,-0.0039188477
2.459284e-07,-0.0039001781
2.460284e-07,-0.0038685834
2.461284e-07,-0.0038348346
2.462284e-07,-0.0038104205
2.463284e-07,-0.0037989315
2.464284e-07,-0.0037982135
2.465284e-07,-0.0038003676
2.466284e-07,-0.0038018038
2.467284e-07,-0.0038018038
2.468284e-07,-0.0038032399
2.469284e-07,-0.0038118566
2.470284e-07,-0.003828372
2.471284e-07,-0.0038491958
2.472284e-07,-0.0038685834
2.473284e-07,-0.0038807904
2.474284e-07,-0.0038836627
2.475284e-07,-0.0038807904
2.476284e-07,-0.0038779182
2.477284e-07,-0.0038807904
2.478284e-07,-0.0038886891
2.479284e-07,-0.0038973058
2.480284e-07,-0.00389946
2.481284e-07,-0.0038922794
2.482284e-07,-0.0038786363
2.483284e-07,-0.0038678653
2.484284e-07,-0.0038707376
2.485284e-07,-0.0038922794
2.486284e-07,-0.0039289005
2.487284e-07,-0.0039676758
2.488284e-07,-0.0039928079
2.489284e-07,-0.0039956801
2.490284e-07,-0.0039755744
2.491284e-07,-0.0039446978
2.492284e-07,-0.0039202838
2.493284e-07,-0.0039152574
2.494284e-07,-0.0039332089
2.495284e-07,-0.0039648035
2.496284e-07,-0.003994244
2.497284e-07,-0.0040071691
2.498284e-07,-0.0039985524
2.499284e-07,-0.0039748564
2.500284e-07,-0.0039504423
2.501284e-07,-0.0039382353
2.502284e-07,-0.0039446978
2.503284e-07,-0.0039648035
2.504284e-07,-0.0039856273
2.505284e-07,-0.0039956801
2.506284e-07,-0.0039892176
2.507284e-07,-0.0039719841
2.508284e-07,-0.0039554687
2.509284e-07,-0.0039497243
2.510284e-07,-0.003958341
2.511284e-07,-0.0039748564
2.512284e-07,-0.0039870634
2.513284e-07,-0.0039841912
2.514284e-07,-0.0039648035
2.515284e-07,-0.0039367992
2.516284e-07,-0.0039159754
2.517284e-07,-0.0039152574
2.518284e-07,-0.0039375172
2.519284e-07,-0.0039755744
2.520284e-07,-0.0040114775
2.521284e-07,-0.0040301471
2.522284e-07,-0.0040251206
2.523284e-07,-0.0040028608
2.524284e-07,-0.0039762925
2.525284e-07,-0.0039612132
2.526284e-07,-0.0039640855
2.527284e-07,-0.0039813189
2.528284e-07,-0.0039999885
2.529284e-07,-0.0040071691
2.530284e-07,-0.0039971163
2.531284e-07,-0.0039748564
2.532284e-07,-0.0039547507
2.533284e-07,-0.0039497243
2.534284e-07,-0.0039648035
2.535284e-07,-0.0039949621
2.536284e-07,-0.0040258387
2.537284e-07,-0.004041636
2.538284e-07,-0.0040358915
2.539284e-07,-0.0040136317
2.540284e-07,-0.0039877815
2.541284e-07,-0.0039727022
2.542284e-07,-0.0039762925
2.543284e-07,-0.0039956801
2.544284e-07,-0.00401794
2.545284e-07,-0.0040301471
2.546284e-07,-0.0040251206
2.547284e-07,-0.0040064511
2.548284e-07,-0.0039884995
2.549284e-07,-0.0039841912
2.550284e-07,-0.0040014246
2.551284e-07,-0.0040358915
2.552284e-07,-0.0040739488
2.553284e-07,-0.0040990809
2.554284e-07,-0.0041019531
2.555284e-07,-0.0040832835
2.556284e-07,-0.0040545611
2.557284e-07,-0.0040301471
2.558284e-07,-0.0040208123
2.559284e-07,-0.0040272748
2.560284e-07,-0.004041636
2.561284e-07,-0.004053125
2.562284e-07,-0.0040524069
2.563284e-07,-0.0040394818
2.564284e-07,-0.0040208123
2.565284e-07,-0.0040071691
2.566284e-07,-0.004005733
2.567284e-07,-0.004017222
2.568284e-07,-0.0040358915
2.569284e-07,-0.004053125
2.570284e-07,-0.0040631778
2.571284e-07,-0.0040660501
2.572284e-07,-0.004064614
2.573284e-07,-0.004064614
2.574284e-07,-0.0040667682
2.575284e-07,-0.0040667682
2.576284e-07,-0.0040595875
2.577284e-07,-0.004041636
2.578284e-07,-0.0040157858
2.579284e-07,-0.0039899357
2.580284e-07,-0.0039770106
2.581284e-07,-0.0039841912
2.582284e-07,-0.0040100414
2.583284e-07,-0.0040459444
2.584284e-07,-0.0040753849
2.585284e-07,-0.0040875919
2.586284e-07,-0.0040796932
2.587284e-07,-0.0040588695
2.588284e-07,-0.0040387638
2.589284e-07,-0.0040301471
2.590284e-07,-0.0040373277
2.591284e-07,-0.0040538431
2.592284e-07,-0.0040660501
2.593284e-07,-0.004064614
2.594284e-07,-0.0040459444
2.595284e-07,-0.0040165039
2.596284e-07,-0.0039920898
2.597284e-07,-0.0039841912
2.598284e-07,-0.0039971163
2.599284e-07,-0.0040236845
2.600284e-07,-0.0040509708
2.601284e-07,-0.004064614
2.602284e-07,-0.0040588695
2.603284e-07,-0.0040394818
2.604284e-07,-0.00401794
2.605284e-07,-0.0040071691
2.606284e-07,-0.0040114775
2.607284e-07,-0.0040265568
2.608284e-07,-0.0040401999
2.609284e-07,-0.004041636
2.610284e-07,-0.0040272748
2.611284e-07,-0.0040035788
2.612284e-07,-0.0039849092
2.613284e-07,-0.0039841912
2.614284e-07,-0.004005733
2.615284e-07,-0.0040423541
2.616284e-07,-0.0040789752
2.617284e-07,-0.0040990809
2.618284e-07,-0.0040947725
2.619284e-07,-0.0040696404
2.620284e-07,-0.0040351735
2.621284e-07,-0.0040071691
2.622284e-07,-0.0039949621
2.623284e-07,-0.0039985524
2.624284e-07,-0.0040100414
2.625284e-07,-0.0040186581
2.626284e-07,-0.0040186581
2.627284e-07,-0.0040114775
2.628284e-07,-0.0040050149
2.629284e-07,-0.0040071691
2.630284e-07,-0.0040215303
2.631284e-07,-0.0040445083
2.632284e-07,-0.004065332
2.633284e-07,-0.0040761029
2.634284e-07,-0.0040739488
2.635284e-07,-0.004064614
2.636284e-07,-0.0040588695
2.637284e-07,-0.004064614
2.638284e-07,-0.0040840016
2.639284e-07,-0.0041098518
2.640284e-07,-0.0041292394
2.641284e-07,-0.0041335478
2.642284e-07,-0.0041206227
2.643284e-07,-0.0040990809
2.644284e-07,-0.0040840016
2.645284e-07,-0.0040875919
2.646284e-07,-0.0041134421
2.647284e-07,-0.0041536535
2.648284e-07,-0.0041917107
2.649284e-07,-0.0042139706
2.650284e-07,-0.0042125345
2.651284e-07,-0.0041938649
2.652284e-07,-0.0041701689
2.653284e-07,-0.0041565257
2.654284e-07,-0.004160116
2.655284e-07,-0.0041766314
2.656284e-07,-0.004194583
2.657284e-07,-0.0042024816
2.658284e-07,-0.0041938649
2.659284e-07,-0.0041730411
2.660284e-07,-0.0041529354
2.661284e-07,-0.0041450368
2.662284e-07,-0.0041550896
2.663284e-07,-0.0041780676
2.664284e-07,-0.0042024816
2.665284e-07,-0.0042139706
2.666284e-07,-0.00420679
2.667284e-07,-0.0041852482
2.668284e-07,-0.0041608341
2.669284e-07,-0.0041450368
2.670284e-07,-0.0041457548
2.671284e-07,-0.004160116
2.672284e-07,-0.0041787856
2.673284e-07,-0.0041909926
2.674284e-07,-0.0041909926
2.675284e-07,-0.004183094
2.676284e-07,-0.0041766314
2.677284e-07,-0.0041795037
2.678284e-07,-0.0041960191
2.679284e-07,-0.0042197151
2.680284e-07,-0.0042405388
2.681284e-07,-0.0042484375
2.682284e-07,-0.0042412569
2.683284e-07,-0.0042268957
2.684284e-07,-0.0042175609
2.685284e-07,-0.0042254596
2.686284e-07,-0.0042534639
2.687284e-07,-0.0042929573
2.688284e-07,-0.0043302964
2.689284e-07,-0.0043518382
2.690284e-07,-0.0043518382
2.691284e-07,-0.004336759
2.692284e-07,-0.0043209616
2.693284e-07,-0.0043173713
2.694284e-07,-0.0043324506
2.695284e-07,-0.0043618911
2.696284e-07,-0.0043920496
2.697284e-07,-0.0044092831
2.698284e-07,-0.004408565
2.699284e-07,-0.0043942038
2.700284e-07,-0.0043784065
2.701284e-07,-0.0043748162
2.702284e-07,-0.0043884593
2.703284e-07,-0.0044135915
2.704284e-07,-0.0044372875
2.705284e-07,-0.00444375
2.706284e-07,-0.0044272346
2.707284e-07,-0.0043920496
2.708284e-07,-0.0043539924
2.709284e-07,-0.0043288603
2.710284e-07,-0.0043274242
2.711284e-07,-0.0043496841
2.712284e-07,-0.0043819968
2.713284e-07,-0.0044092831
2.714284e-07,-0.0044193359
2.715284e-07,-0.0044100011
2.716284e-07,-0.0043877413
2.717284e-07,-0.0043633272
2.718284e-07,-0.0043460937
2.719284e-07,-0.0043396312
2.720284e-07,-0.0043403493
2.721284e-07,-0.0043403493
2.722284e-07,-0.0043360409
2.723284e-07,-0.0043274242
2.724284e-07,-0.0043195255
2.725284e-07,-0.0043173713
2.726284e-07,-0.0043231158
2.727284e-07,-0.0043331687
2.728284e-07,-0.0043403493
2.729284e-07,-0.0043403493
2.730284e-07,-0.0043317325
2.731284e-07,-0.0043202436
2.732284e-07,-0.004313781
2.733284e-07,-0.0043173713
2.734284e-07,-0.0043302964
2.735284e-07,-0.0043453757
2.736284e-07,-0.0043511202
2.737284e-07,-0.0043403493
2.738284e-07,-0.0043152171
2.739284e-07,-0.0042850586
2.740284e-07,-0.0042635168
2.741284e-07,-0.0042599265
2.742284e-07,-0.0042742877
2.743284e-07,-0.0042958295
2.744284e-07,-0.0043109088
2.745284e-07,-0.0043058824
2.746284e-07,-0.0042800322
2.747284e-07,-0.0042434111
2.748284e-07,-0.0042125345
2.749284e-07,-0.0042024816
2.750284e-07,-0.0042168428
2.751284e-07,-0.0042477194
2.752284e-07,-0.0042793141
2.753284e-07,-0.0042943934
2.754284e-07,-0.0042872128
2.755284e-07,-0.0042635168
2.756284e-07,-0.0042376666
2.757284e-07,-0.0042254596
2.758284e-07,-0.0042340763
2.759284e-07,-0.0042584903
2.760284e-07,-0.0042836225
2.761284e-07,-0.0042943934
2.762284e-07,-0.0042814683
2.763284e-07,-0.0042498736
2.764284e-07,-0.0042139706
2.765284e-07,-0.0041909926
2.766284e-07,-0.0041924288
2.767284e-07,-0.0042175609
2.768284e-07,-0.0042534639
2.769284e-07,-0.0042829044
2.770284e-07,-0.0042936753
2.771284e-07,-0.0042821864
2.772284e-07,-0.0042584903
2.773284e-07,-0.0042369485
2.774284e-07,-0.0042297679
2.775284e-07,-0.004241975
2.776284e-07,-0.0042671071
2.777284e-07,-0.0042943934
2.778284e-07,-0.0043123449
2.779284e-07,-0.0043152171
2.780284e-07,-0.0043066004
2.781284e-07,-0.0042943934
2.782284e-07,-0.0042864947
2.783284e-07,-0.0042864947
2.784284e-07,-0.0042943934
2.785284e-07,-0.0043058824
2.786284e-07,-0.0043159352
2.787284e-07,-0.0043231158
2.788284e-07,-0.0043302964
2.789284e-07,-0.0043403493
2.790284e-07,-0.0043547105
2.791284e-07,-0.0043712259
2.792284e-07,-0.0043870232
2.793284e-07,-0.0043977941
2.794284e-07,-0.0044035386
2.795284e-07,-0.004407847
2.796284e-07,-0.0044164637
2.797284e-07,-0.004432261
2.798284e-07,-0.004455239
2.799284e-07,-0.004478935
2.800284e-07,-0.0044961684
2.801284e-07,-0.0045011949
2.802284e-07,-0.0044947323
2.803284e-07,-0.0044825253
2.804284e-07,-0.0044746266
2.805284e-07,-0.0044782169
2.806284e-07,-0.0044940142
2.807284e-07,-0.004514838
2.808284e-07,-0.0045313534
2.809284e-07,-0.0045356618
2.810284e-07,-0.0045256089
2.811284e-07,-0.0045076574
2.812284e-07,-0.0044932962
2.813284e-07,-0.0044897059
2.814284e-07,-0.0045004768
2.815284e-07,-0.0045184283
2.816284e-07,-0.0045335076
2.817284e-07,-0.0045356618
2.818284e-07,-0.0045220186
2.819284e-07,-0.0044983226
2.820284e-07,-0.0044760627
2.821284e-07,-0.0044667279
2.822284e-07,-0.0044746266
2.823284e-07,-0.0044961684
2.824284e-07,-0.0045205825
2.825284e-07,-0.0045356618
2.826284e-07,-0.0045356618
2.827284e-07,-0.0045220186
2.828284e-07,-0.0045040671
2.829284e-07,-0.0044897059
2.830284e-07,-0.0044853975
2.831284e-07,-0.0044889878
2.832284e-07,-0.0044932962
2.833284e-07,-0.0044897059
2.834284e-07,-0.0044753447
2.835284e-07,-0.0044530848
2.836284e-07,-0.004432261
2.837284e-07,-0.0044207721
2.838284e-07,-0.0044236443
2.839284e-07,-0.0044372875
2.840284e-07,-0.0044545209
2.841284e-07,-0.0044667279
2.842284e-07,-0.0044688821
2.843284e-07,-0.0044638557
2.844284e-07,-0.0044573932
2.845284e-07,-0.004455239
2.846284e-07,-0.0044602654
2.847284e-07,-0.0044688821
2.848284e-07,-0.0044731905
2.849284e-07,-0.0044667279
2.850284e-07,-0.0044494945
2.851284e-07,-0.0044293888
2.852284e-07,-0.0044164637
2.853284e-07,-0.0044207721
2.854284e-07,-0.00444375
2.855284e-07,-0.0044782169
2.856284e-07,-0.0045098116
2.857284e-07,-0.0045241728
2.858284e-07,-0.004514838
2.859284e-07,-0.0044861156
2.860284e-07,-0.0044494945
2.861284e-07,-0.0044207721
2.862284e-07,-0.0044100011
2.863284e-07,-0.0044178998
2.864284e-07,-0.0044372875
2.865284e-07,-0.004455239
2.866284e-07,-0.0044624196
2.867284e-07,-0.0044566751
2.868284e-07,-0.0044430319
2.869284e-07,-0.004432261
2.870284e-07,-0.004431543
2.871284e-07,-0.0044430319
2.872284e-07,-0.0044617015
2.873284e-07,-0.0044782169
2.874284e-07,-0.0044832433
2.875284e-07,-0.0044746266
2.876284e-07,-0.004455239
2.877284e-07,-0.004432261
2.878284e-07,-0.0044150276
2.879284e-07,-0.004408565
2.880284e-07,-0.0044114373
2.881284e-07,-0.0044207721
2.882284e-07,-0.0044301068
2.883284e-07,-0.0044351333
2.884284e-07,-0.0044351333
2.885284e-07,-0.004432261
2.886284e-07,-0.0044286707
2.887284e-07,-0.0044250804
2.888284e-07,-0.0044229262
2.889284e-07,-0.0044207721
2.890284e-07,-0.004420054
2.891284e-07,-0.0044229262
2.892284e-07,-0.0044308249
2.893284e-07,-0.00444375
2.894284e-07,-0.0044595473
2.895284e-07,-0.0044731905
2.896284e-07,-0.0044803711
2.897284e-07,-0.0044782169
2.898284e-07,-0.0044688821
2.899284e-07,-0.0044595473
2.900284e-07,-0.0044573932
2.901284e-07,-0.0044667279
2.902284e-07,-0.0044875517
2.903284e-07,-0.0045119658
2.904284e-07,-0.0045306353
2.905284e-07,-0.0045356618
2.906284e-07,-0.0045241728
2.907284e-07,-0.0045004768
2.908284e-07,-0.0044746266
2.909284e-07,-0.004455239
2.910284e-07,-0.0044487764
2.911284e-07,-0.0044523667
2.912284e-07,-0.0044609835
2.913284e-07,-0.0044667279
2.914284e-07,-0.0044645738
2.915284e-07,-0.004455239
2.916284e-07,-0.0044459042
2.917284e-07,-0.00444375
2.918284e-07,-0.0044530848
2.919284e-07,-0.0044717544
2.920284e-07,-0.0044947323
2.921284e-07,-0.0045126838
2.922284e-07,-0.0045184283
2.923284e-07,-0.0045098116
2.924284e-07,-0.0044904239
2.925284e-07,-0.0044667279
2.926284e-07,-0.0044451861
2.927284e-07,-0.0044301068
2.928284e-07,-0.0044222082
2.929284e-07,-0.0044207721
2.930284e-07,-0.0044229262
2.931284e-07,-0.0044279527
2.932284e-07,-0.0044344152
2.933284e-07,-0.00444375
2.934284e-07,-0.0044538028
2.935284e-07,-0.0044624196
2.936284e-07,-0.0044667279
2.937284e-07,-0.0044667279
2.938284e-07,-0.0044631376
2.939284e-07,-0.0044602654
2.940284e-07,-0.0044609835
2.941284e-07,-0.0044667279
2.942284e-07,-0.0044760627
2.943284e-07,-0.0044853975
2.944284e-07,-0.0044904239
2.945284e-07,-0.0044897059
2.946284e-07,-0.0044875517
2.947284e-07,-0.0044889878
2.948284e-07,-0.0045004768
2.949284e-07,-0.0045241728
2.950284e-07,-0.0045550494
2.951284e-07,-0.004585208
2.952284e-07,-0.0046031595
2.953284e-07,-0.0046045956
2.954284e-07,-0.0045902344
2.955284e-07,-0.0045686926
2.956284e-07,-0.0045514591
2.957284e-07,-0.0045471507
2.958284e-07,-0.0045579216
2.959284e-07,-0.0045780273
2.960284e-07,-0.0045966969
2.961284e-07,-0.0046045956
2.962284e-07,-0.0045988511
2.963284e-07,-0.0045844899
2.964284e-07,-0.0045715648
2.965284e-07,-0.0045701287
2.966284e-07,-0.0045837718
2.967284e-07,-0.004608904
2.968284e-07,-0.0046347541
2.969284e-07,-0.0046505515
2.970284e-07,-0.0046491153
2.971284e-07,-0.004633318
2.972284e-07,-0.0046103401
2.973284e-07,-0.0045931066
2.974284e-07,-0.0045887983
2.975284e-07,-0.0045995692
2.976284e-07,-0.0046189568
2.977284e-07,-0.0046390625
2.978284e-07,-0.0046519876
2.979284e-07,-0.0046555779
2.980284e-07,-0.0046534237
2.981284e-07,-0.0046505515
2.982284e-07,-0.0046527057
2.983284e-07,-0.0046620404
2.984284e-07,-0.0046742475
2.985284e-07,-0.0046850184
2.986284e-07,-0.0046907629
2.987284e-07,-0.004692199
2.988284e-07,-0.004692199
2.989284e-07,-0.0046965074
2.990284e-07,-0.0047094324
2.991284e-07,-0.0047295381
2.992284e-07,-0.0047546703
2.993284e-07,-0.0047769301
2.994284e-07,-0.0047927275
2.995284e-07,-0.0048020623
2.996284e-07,-0.0048063706
2.997284e-07,-0.0048113971
2.998284e-07,-0.0048200138
2.999284e-07,-0.0048329389
3.000284e-07,-0.004846582
3.001284e-07,-0.0048573529
3.002284e-07,-0.0048609432
3.003284e-07,-0.0048573529
3.004284e-07,-0.004846582
3.005284e-07,-0.004834375
3.006284e-07,-0.004822886
3.007284e-07,-0.0048149874
3.008284e-07,-0.004810679
3.009284e-07,-0.0048113971
3.010284e-07,-0.0048171415
3.011284e-07,-0.0048286305
3.012284e-07,-0.004846582
3.013284e-07,-0.0048688419
3.014284e-07,-0.0048896657
3.015284e-07,-0.0049040269
3.016284e-07,-0.0049047449
3.017284e-07,-0.0048918199
3.018284e-07,-0.0048681239
3.019284e-07,-0.0048408375
3.020284e-07,-0.0048200138
3.021284e-07,-0.0048113971
3.022284e-07,-0.0048142693
3.023284e-07,-0.004822168
3.024284e-07,-0.0048279125
3.025284e-07,-0.004822886
3.026284e-07,-0.0048063706
3.027284e-07,-0.0047819566
3.028284e-07,-0.0047575425
3.029284e-07,-0.0047424632
3.030284e-07,-0.004739591
3.031284e-07,-0.0047460535
3.032284e-07,-0.0047575425
3.033284e-07,-0.0047654412
3.034284e-07,-0.0047668773
3.035284e-07,-0.004763287
3.036284e-07,-0.0047568244
3.037284e-07,-0.0047539522
3.038284e-07,-0.0047553883
3.039284e-07,-0.0047582606
3.040284e-07,-0.0047589786
3.041284e-07,-0.0047539522
3.042284e-07,-0.0047424632
3.043284e-07,-0.0047295381
3.044284e-07,-0.0047202034
3.045284e-07,-0.0047194853
3.046284e-07,-0.004727384
3.047284e-07,-0.0047388729
3.048284e-07,-0.0047467716
3.049284e-07,-0.0047424632
3.050284e-07,-0.0047252298
3.051284e-07,-0.0046993796
3.052284e-07,-0.0046713752
3.053284e-07,-0.0046505515
3.054284e-07,-0.0046397806
3.055284e-07,-0.0046361903
3.056284e-07,-0.0046340361
3.057284e-07,-0.0046275735
3.058284e-07,-0.0046132123
3.059284e-07,-0.0045945427
3.060284e-07,-0.0045780273
3.061284e-07,-0.0045701287
3.062284e-07,-0.004574437
3.063284e-07,-0.0045866441
3.064284e-07,-0.0045995692
3.065284e-07,-0.0046045956
3.066284e-07,-0.0045966969
3.067284e-07,-0.0045780273
3.068284e-07,-0.0045550494
3.069284e-07,-0.0045356618
3.070284e-07,-0.0045256089
3.071284e-07,-0.0045256089
3.072284e-07,-0.0045313534
3.073284e-07,-0.0045356618
3.074284e-07,-0.0045349437
3.075284e-07,-0.0045299173
3.076284e-07,-0.0045241728
3.077284e-07,-0.0045241728
3.078284e-07,-0.0045342256
3.079284e-07,-0.0045528952
3.080284e-07,-0.004574437
3.081284e-07,-0.0045931066
3.082284e-07,-0.0046031595
3.083284e-07,-0.0046031595
3.084284e-07,-0.004598133
3.085284e-07,-0.0045931066
3.086284e-07,-0.0045931066
3.087284e-07,-0.0045988511
3.088284e-07,-0.0046081859
3.089284e-07,-0.0046160846
3.090284e-07,-0.0046196749
3.091284e-07,-0.0046182387
3.092284e-07,-0.0046153665
3.093284e-07,-0.0046160846
3.094284e-07,-0.0046232652
3.095284e-07,-0.0046376264
3.096284e-07,-0.0046555779
3.097284e-07,-0.0046735294
3.098284e-07,-0.0046864545
3.099284e-07,-0.0046936351
3.100284e-07,-0.0046957893
3.101284e-07,-0.0046965074
3.102284e-07,-0.0046979435
3.103284e-07,-0.0047022518
3.104284e-07,-0.0047101505
3.105284e-07,-0.0047194853
3.106284e-07,-0.0047302562
3.107284e-07,-0.0047417452
3.108284e-07,-0.0047539522
3.109284e-07,-0.0047654412
3.110284e-07,-0.004774776
3.111284e-07,-0.0047790843
3.112284e-07,-0.004775494
3.113284e-07,-0.0047654412
3.114284e-07,-0.00475108
3.115284e-07,-0.0047374368
3.116284e-07,-0.0047302562
3.117284e-07,-0.0047309743
3.118284e-07,-0.0047374368
3.119284e-07,-0.0047446174
3.120284e-07,-0.0047474897
3.121284e-07,-0.0047424632
3.122284e-07,-0.0047316923
3.123284e-07,-0.0047202034
3.124284e-07,-0.0047151769
3.125284e-07,-0.0047194853
3.126284e-07,-0.0047324104
3.127284e-07,-0.0047467716
3.128284e-07,-0.0047561064
3.129284e-07,-0.0047539522
3.130284e-07,-0.0047410271
3.131284e-07,-0.0047237937
3.132284e-07,-0.0047108686
3.133284e-07,-0.0047079963
3.134284e-07,-0.0047173311
3.135284e-07,-0.0047331284
3.136284e-07,-0.0047482077
3.137284e-07,-0.0047539522
3.138284e-07,-0.0047489258
3.139284e-07,-0.0047360007
3.140284e-07,-0.0047237937
3.141284e-07,-0.0047194853
3.142284e-07,-0.0047259478
3.143284e-07,-0.004739591
3.144284e-07,-0.0047553883
3.145284e-07,-0.0047654412
3.146284e-07,-0.0047675954
3.147284e-07,-0.0047640051
3.148284e-07,-0.0047611328
3.149284e-07,-0.0047654412
3.150284e-07,-0.0047776482
3.151284e-07,-0.0047948817
3.152284e-07,-0.0048085248
3.153284e-07,-0.0048113971
3.154284e-07,-0.0048013442
3.155284e-07,-0.0047826746
3.156284e-07,-0.0047640051
3.157284e-07,-0.0047539522
3.158284e-07,-0.0047575425
3.159284e-07,-0.0047733398
3.160284e-07,-0.0047941636
3.161284e-07,-0.0048113971
3.162284e-07,-0.0048178596
3.163284e-07,-0.0048128332
3.164284e-07,-0.0048006261
3.165284e-07,-0.0047884191
3.166284e-07,-0.0047812385
3.167284e-07,-0.0047798024
3.168284e-07,-0.0047841108
3.169284e-07,-0.0047884191
3.170284e-07,-0.0047912914
3.171284e-07,-0.0047927275
3.172284e-07,-0.0047948817
3.173284e-07,-0.0047999081
3.174284e-07,-0.0048078068
3.175284e-07,-0.0048157054
3.176284e-07,-0.0048178596
3.177284e-07,-0.0048113971
3.178284e-07,-0.0047955997
3.179284e-07,-0.0047740579
3.180284e-07,-0.0047539522
3.181284e-07,-0.0047424632
3.182284e-07,-0.0047410271
3.183284e-07,-0.0047482077
3.184284e-07,-0.0047582606
3.185284e-07,-0.0047654412
3.186284e-07,-0.0047675954
3.187284e-07,-0.0047654412
3.188284e-07,-0.004763287
3.189284e-07,-0.0047654412
3.190284e-07,-0.0047711857
3.191284e-07,-0.0047783663
3.192284e-07,-0.0047819566
3.193284e-07,-0.0047769301
3.194284e-07,-0.0047647231
3.195284e-07,-0.0047489258
3.196284e-07,-0.0047360007
3.197284e-07,-0.0047309743
3.198284e-07,-0.0047345646
3.199284e-07,-0.0047410271
3.200284e-07,-0.0047453355
3.201284e-07,-0.0047424632
3.202284e-07,-0.0047316923
3.203284e-07,-0.0047194853
3.204284e-07,-0.0047137408
3.205284e-07,-0.0047194853
3.206284e-07,-0.0047374368
3.207284e-07,-0.0047611328
3.208284e-07,-0.0047805205
3.209284e-07,-0.0047884191
3.210284e-07,-0.0047819566
3.211284e-07,-0.0047661592
3.212284e-07,-0.0047503619
3.213284e-07,-0.0047424632
3.214284e-07,-0.0047460535
3.215284e-07,-0.0047582606
3.216284e-07,-0.0047711857
3.217284e-07,-0.0047769301
3.218284e-07,-0.0047733398
3.219284e-07,-0.004763287
3.220284e-07,-0.0047539522
3.221284e-07,-0.0047539522
3.222284e-07,-0.0047640051
3.223284e-07,-0.0047812385
3.224284e-07,-0.0047955997
3.225284e-07,-0.0047999081
3.226284e-07,-0.0047905733
3.227284e-07,-0.0047719037
3.228284e-07,-0.0047525161
3.229284e-07,-0.0047424632
3.230284e-07,-0.0047467716
3.231284e-07,-0.004763287
3.232284e-07,-0.0047841108
3.233284e-07,-0.0047999081
3.234284e-07,-0.0048056526
3.235284e-07,-0.0048006261
3.236284e-07,-0.0047927275
3.237284e-07,-0.0047884191
3.238284e-07,-0.0047927275
3.239284e-07,-0.0048034984
3.240284e-07,-0.0048164235
3.241284e-07,-0.004822886
3.242284e-07,-0.0048192957
3.243284e-07,-0.0048063706
3.244284e-07,-0.0047898552
3.245284e-07,-0.0047769301
3.246284e-07,-0.0047711857
3.247284e-07,-0.0047733398
3.248284e-07,-0.0047769301
3.249284e-07,-0.0047769301
3.250284e-07,-0.0047704676
3.251284e-07,-0.0047582606
3.252284e-07,-0.0047467716
3.253284e-07,-0.0047424632
3.254284e-07,-0.0047482077
3.255284e-07,-0.004763287
3.256284e-07,-0.0047826746
3.257284e-07,-0.0047999081
3.258284e-07,-0.004810679
3.259284e-07,-0.0048135512
3.260284e-07,-0.0048128332
3.261284e-07,-0.0048113971
3.262284e-07,-0.004810679
3.263284e-07,-0.0048099609
3.264284e-07,-0.0048070887
3.265284e-07,-0.0047999081
3.266284e-07,-0.0047912914
3.267284e-07,-0.0047848288
3.268284e-07,-0.004786983
3.269284e-07,-0.0047999081
3.270284e-07,-0.0048214499
3.271284e-07,-0.0048451459
3.272284e-07,-0.0048623794
3.273284e-07,-0.0048688419
3.274284e-07,-0.0048645335
3.275284e-07,-0.004858071
3.276284e-07,-0.0048566349
3.277284e-07,-0.0048688419
3.278284e-07,-0.004893256
3.279284e-07,-0.0049219784
3.280284e-07,-0.0049442383
3.281284e-07,-0.0049492647
3.282284e-07,-0.0049363396
3.283284e-07,-0.0049119256
3.284284e-07,-0.0048889476
3.285284e-07,-0.0048803309
3.286284e-07,-0.0048918199
3.287284e-07,-0.0049205423
3.288284e-07,-0.0049550092
3.289284e-07,-0.0049837316
3.290284e-07,-0.0049966567
3.291284e-07,-0.0049945025
3.292284e-07,-0.0049830136
3.293284e-07,-0.0049722426
3.294284e-07,-0.0049700885
3.295284e-07,-0.004976551
3.296284e-07,-0.00498804
3.297284e-07,-0.0049952206
3.298284e-07,-0.0049930664
3.299284e-07,-0.0049808594
3.300284e-07,-0.0049636259
3.301284e-07,-0.0049492647
3.302284e-07,-0.0049442383
3.303284e-07,-0.0049492647
3.304284e-07,-0.0049607537
3.305284e-07,-0.0049722426
3.306284e-07,-0.004976551
3.307284e-07,-0.0049729607
3.308284e-07,-0.0049621898
3.309284e-07,-0.0049492647
3.310284e-07,-0.0049384938
3.311284e-07,-0.0049305951
3.312284e-07,-0.0049234145
3.313284e-07,-0.0049147978
3.314284e-07,-0.0049025908
3.315284e-07,-0.0048882295
3.316284e-07,-0.0048753045
3.317284e-07,-0.0048688419
3.318284e-07,-0.00486956
3.319284e-07,-0.0048753045
3.320284e-07,-0.0048810489
3.321284e-07,-0.0048803309
3.322284e-07,-0.0048709961
3.323284e-07,-0.0048530446
3.324284e-07,-0.0048315028
3.325284e-07,-0.0048113971
3.326284e-07,-0.0047970358
3.327284e-07,-0.0047884191
3.328284e-07,-0.0047826746
3.329284e-07,-0.0047769301
3.330284e-07,-0.0047675954
3.331284e-07,-0.0047553883
3.332284e-07,-0.0047424632
3.333284e-07,-0.0047309743
3.334284e-07,-0.0047223575
3.335284e-07,-0.0047151769
3.336284e-07,-0.0047072783
3.337284e-07,-0.0046965074
3.338284e-07,-0.0046843003
3.339284e-07,-0.0046742475
3.340284e-07,-0.0046699391
3.341284e-07,-0.0046735294
3.342284e-07,-0.0046835823
3.343284e-07,-0.0046950712
3.344284e-07,-0.0047008157
3.345284e-07,-0.0046965074
3.346284e-07,-0.0046821461
3.347284e-07,-0.0046627585
3.348284e-07,-0.0046462431
3.349284e-07,-0.0046390625
3.350284e-07,-0.004644807
3.351284e-07,-0.0046598863
3.352284e-07,-0.0046792739
3.353284e-07,-0.0046965074
3.354284e-07,-0.0047094324
3.355284e-07,-0.0047194853
3.356284e-07,-0.0047295381
3.357284e-07,-0.0047424632
3.358284e-07,-0.0047575425
3.359284e-07,-0.0047719037
3.360284e-07,-0.0047790843
3.361284e-07,-0.0047769301
3.362284e-07,-0.0047683134
3.363284e-07,-0.0047596967
3.364284e-07,-0.0047611328
3.365284e-07,-0.0047769301
3.366284e-07,-0.0048070887
3.367284e-07,-0.0048437098
3.368284e-07,-0.0048753045
3.369284e-07,-0.0048918199
3.370284e-07,-0.0048903837
3.371284e-07,-0.0048745864
3.372284e-07,-0.0048566349
3.373284e-07,-0.004845864
3.374284e-07,-0.0048501723
3.375284e-07,-0.0048681239
3.376284e-07,-0.0048925379
3.377284e-07,-0.0049147978
3.378284e-07,-0.0049284409
3.379284e-07,-0.0049327493
3.380284e-07,-0.0049334674
3.381284e-07,-0.0049377757
3.382284e-07,-0.0049499828
3.383284e-07,-0.0049708065
3.384284e-07,-0.0049959386
3.385284e-07,-0.0050181985
3.386284e-07,-0.0050325597
3.387284e-07,-0.0050390223
3.388284e-07,-0.0050397403
3.389284e-07,-0.0050411765
3.390284e-07,-0.0050462029
3.391284e-07,-0.0050555377
3.392284e-07,-0.0050663086
3.393284e-07,-0.0050756434
3.394284e-07,-0.0050813879
3.395284e-07,-0.0050842601
3.396284e-07,-0.0050892865
3.397284e-07,-0.0050986213
3.398284e-07,-0.0051144187
3.399284e-07,-0.0051338063
3.400284e-07,-0.0051531939
3.401284e-07,-0.0051675551
3.402284e-07,-0.0051747358
3.403284e-07,-0.0051768899
3.404284e-07,-0.0051768899
3.405284e-07,-0.0051790441
3.406284e-07,-0.0051833525
3.407284e-07,-0.0051876608
3.408284e-07,-0.0051876608
3.409284e-07,-0.0051790441
3.410284e-07,-0.0051632468
3.411284e-07,-0.0051438591
3.412284e-07,-0.0051280618
3.413284e-07,-0.0051215993
3.414284e-07,-0.0051251896
3.415284e-07,-0.0051338063
3.416284e-07,-0.005142423
3.417284e-07,-0.0051445772
3.418284e-07,-0.0051373966
3.419284e-07,-0.0051237534
3.420284e-07,-0.0051093922
3.421284e-07,-0.0050986213
3.422284e-07,-0.0050921588
3.423284e-07,-0.0050878504
3.424284e-07,-0.0050792337
3.425284e-07,-0.0050641544
3.426284e-07,-0.0050433307
3.427284e-07,-0.005023225
3.428284e-07,-0.005012454
3.429284e-07,-0.0050181985
3.430284e-07,-0.0050397403
3.431284e-07,-0.005070617
3.432284e-07,-0.0050971852
3.433284e-07,-0.0051101103
3.434284e-07,-0.0051029297
3.435284e-07,-0.0050785156
3.436284e-07,-0.0050462029
3.437284e-07,-0.0050181985
3.438284e-07,-0.0050024012
3.439284e-07,-0.005000247
3.440284e-07,-0.0050081457
3.441284e-07,-0.0050181985
3.442284e-07,-0.0050225069
3.443284e-07,-0.0050196347
3.444284e-07,-0.0050088637
3.445284e-07,-0.0049952206
3.446284e-07,-0.0049815774
3.447284e-07,-0.0049700885
3.448284e-07,-0.0049593176
3.449284e-07,-0.0049492647
3.450284e-07,-0.0049399299
3.451284e-07,-0.0049334674
3.452284e-07,-0.0049327493
3.453284e-07,-0.0049377757
3.454284e-07,-0.0049456744
3.455284e-07,-0.0049499828
3.456284e-07,-0.0049442383
3.457284e-07,-0.0049262868
3.458284e-07,-0.0048997185
3.459284e-07,-0.0048724322
3.460284e-07,-0.0048559168
3.461284e-07,-0.0048573529
3.462284e-07,-0.0048760225
3.463284e-07,-0.0049033088
3.464284e-07,-0.0049277229
3.465284e-07,-0.0049377757
3.466284e-07,-0.0049284409
3.467284e-07,-0.0049025908
3.468284e-07,-0.0048709961
3.469284e-07,-0.004845864
3.470284e-07,-0.0048336569
3.471284e-07,-0.0048350931
3.472284e-07,-0.004845864
3.473284e-07,-0.0048573529
3.474284e-07,-0.0048645335
3.475284e-07,-0.0048666877
3.476284e-07,-0.0048666877
3.477284e-07,-0.0048688419
3.478284e-07,-0.0048760225
3.479284e-07,-0.0048853573
3.480284e-07,-0.0048918199
3.481284e-07,-0.0048918199
3.482284e-07,-0.0048832031
3.483284e-07,-0.0048709961
3.484284e-07,-0.0048602252
3.485284e-07,-0.0048573529
3.486284e-07,-0.0048645335
3.487284e-07,-0.0048774586
3.488284e-07,-0.0048882295
3.489284e-07,-0.0048918199
3.490284e-07,-0.0048846392
3.491284e-07,-0.0048717142
3.492284e-07,-0.0048595071
3.493284e-07,-0.0048573529
3.494284e-07,-0.0048674058
3.495284e-07,-0.0048875115
3.496284e-07,-0.0049097714
3.497284e-07,-0.0049262868
3.498284e-07,-0.0049320312
3.499284e-07,-0.0049277229
3.500284e-07,-0.0049198242
3.501284e-07,-0.0049147978
3.502284e-07,-0.004916952
3.503284e-07,-0.0049262868
3.504284e-07,-0.0049384938
3.505284e-07,-0.0049492647
3.506284e-07,-0.0049564453
3.507284e-07,-0.0049621898
3.508284e-07,-0.0049700885
3.509284e-07,-0.0049837316
3.510284e-07,-0.0050031193
3.511284e-07,-0.005023943
3.512284e-07,-0.0050383042
3.513284e-07,-0.0050411765
3.514284e-07,-0.0050311236
3.515284e-07,-0.005012454
3.516284e-07,-0.0049945025
3.517284e-07,-0.0049837316
3.518284e-07,-0.0049837316
3.519284e-07,-0.0049916303
3.520284e-07,-0.0050016831
3.521284e-07,-0.0050067096
3.522284e-07,-0.0050045554
3.523284e-07,-0.0049959386
3.524284e-07,-0.00498804
3.525284e-07,-0.0049837316
3.526284e-07,-0.0049851677
3.527284e-07,-0.004988758
3.528284e-07,-0.0049894761
3.529284e-07,-0.0049837316
3.530284e-07,-0.0049729607
3.531284e-07,-0.0049614717
3.532284e-07,-0.0049564453
3.533284e-07,-0.0049607537
3.534284e-07,-0.0049715246
3.535284e-07,-0.0049822955
3.536284e-07,-0.0049844497
3.537284e-07,-0.0049722426
3.538284e-07,-0.0049492647
3.539284e-07,-0.0049248506
3.540284e-07,-0.0049112075
3.541284e-07,-0.0049147978
3.542284e-07,-0.0049356216
3.543284e-07,-0.004965062
3.544284e-07,-0.00498804
3.545284e-07,-0.0049952206
3.546284e-07,-0.0049830136
3.547284e-07,-0.0049578814
3.548284e-07,-0.0049313132
3.549284e-07,-0.0049147978
3.550284e-07,-0.0049112075
3.551284e-07,-0.004916952
3.552284e-07,-0.0049205423
3.553284e-07,-0.0049147978
3.554284e-07,-0.0048975643
3.555284e-07,-0.0048745864
3.556284e-07,-0.004858071
3.557284e-07,-0.0048573529
3.558284e-07,-0.0048745864
3.559284e-07,-0.0049018727
3.560284e-07,-0.0049270048
3.561284e-07,-0.0049377757
3.562284e-07,-0.0049284409
3.563284e-07,-0.0049047449
3.564284e-07,-0.0048774586
3.565284e-07,-0.0048573529
3.566284e-07,-0.0048501723
3.567284e-07,-0.0048523265
3.568284e-07,-0.0048544807
3.569284e-07,-0.004845864
3.570284e-07,-0.0048243222
3.571284e-07,-0.0047955997
3.572284e-07,-0.0047726218
3.573284e-07,-0.0047654412
3.574284e-07,-0.0047798024
3.575284e-07,-0.0048085248
3.576284e-07,-0.0048394014
3.577284e-07,-0.0048573529
3.578284e-07,-0.0048551988
3.579284e-07,-0.004834375
3.580284e-07,-0.0048078068
3.581284e-07,-0.0047884191
3.582284e-07,-0.0047855469
3.583284e-07,-0.0048006261
3.584284e-07,-0.0048243222
3.585284e-07,-0.004845864
3.586284e-07,-0.004858071
3.587284e-07,-0.0048595071
3.588284e-07,-0.0048559168
3.589284e-07,-0.0048573529
3.590284e-07,-0.0048688419
3.591284e-07,-0.0048889476
3.592284e-07,-0.0049112075
3.593284e-07,-0.0049262868
3.594284e-07,-0.004929159
3.595284e-07,-0.0049212603
3.596284e-07,-0.0049097714
3.597284e-07,-0.0049033088
3.598284e-07,-0.0049076172
3.599284e-07,-0.0049234145
3.600284e-07,-0.0049435202
3.601284e-07,-0.0049607537
3.602284e-07,-0.0049700885
3.603284e-07,-0.0049715246
3.604284e-07,-0.0049708065
3.605284e-07,-0.0049722426
3.606284e-07,-0.0049801413
3.607284e-07,-0.0049916303
3.608284e-07,-0.0050024012
3.609284e-07,-0.0050067096
3.610284e-07,-0.0050038373
3.611284e-07,-0.0049980928
3.612284e-07,-0.0049966567
3.613284e-07,-0.0050067096
3.614284e-07,-0.0050289694
3.615284e-07,-0.0050576919
3.616284e-07,-0.0050842601
3.617284e-07,-0.0050986213
3.618284e-07,-0.0050986213
3.619284e-07,-0.0050885685
3.620284e-07,-0.0050777976
3.621284e-07,-0.0050756434
3.622284e-07,-0.0050856962
3.623284e-07,-0.0051050839
3.624284e-07,-0.0051244715
3.625284e-07,-0.0051330882
3.626284e-07,-0.0051266257
3.627284e-07,-0.00510652
3.628284e-07,-0.005082824
3.629284e-07,-0.0050641544
3.630284e-07,-0.0050576919
3.631284e-07,-0.0050620002
3.632284e-07,-0.005070617
3.633284e-07,-0.0050756434
3.634284e-07,-0.0050720531
3.635284e-07,-0.005059846
3.636284e-07,-0.005046921
3.637284e-07,-0.0050411765
3.638284e-07,-0.005046921
3.639284e-07,-0.0050634364
3.640284e-07,-0.005083542
3.641284e-07,-0.0050986213
3.642284e-07,-0.0051036477
3.643284e-07,-0.0050979033
3.644284e-07,-0.0050864143
3.645284e-07,-0.0050756434
3.646284e-07,-0.005070617
3.647284e-07,-0.005071335
3.648284e-07,-0.0050742073
3.649284e-07,-0.0050756434
3.650284e-07,-0.0050727711
3.651284e-07,-0.0050684628
3.652284e-07,-0.0050677447
3.653284e-07,-0.0050756434
3.654284e-07,-0.0050928768
3.655284e-07,-0.0051158548
3.656284e-07,-0.0051352424
3.657284e-07,-0.0051445772
3.658284e-07,-0.0051402688
3.659284e-07,-0.0051251896
3.660284e-07,-0.0051079561
3.661284e-07,-0.0050986213
3.662284e-07,-0.0051022116
3.663284e-07,-0.0051172909
3.664284e-07,-0.0051388327
3.665284e-07,-0.0051560662
3.666284e-07,-0.0051639648
3.667284e-07,-0.0051625287
3.668284e-07,-0.0051575023
3.669284e-07,-0.0051560662
3.670284e-07,-0.0051646829
3.671284e-07,-0.0051855067
3.672284e-07,-0.0052120749
3.673284e-07,-0.005236489
3.674284e-07,-0.0052522863
3.675284e-07,-0.0052551585
3.676284e-07,-0.005248696
3.677284e-07,-0.005236489
3.678284e-07,-0.0052257181
3.679284e-07,-0.0052199736
3.680284e-07,-0.0052206916
3.681284e-07,-0.005225
3.682284e-07,-0.0052321806
3.683284e-07,-0.0052407973
3.684284e-07,-0.0052537224
3.685284e-07,-0.0052709559
3.686284e-07,-0.0052932158
3.687284e-07,-0.0053169118
3.688284e-07,-0.0053384536
3.689284e-07,-0.0053513787
3.690284e-07,-0.0053535329
3.691284e-07,-0.0053449161
3.692284e-07,-0.005331273
3.693284e-07,-0.0053169118
3.694284e-07,-0.005307577
3.695284e-07,-0.0053054228
3.696284e-07,-0.0053090131
3.697284e-07,-0.0053169118
3.698284e-07,-0.0053262466
3.699284e-07,-0.0053362994
3.700284e-07,-0.0053485064
3.701284e-07,-0.0053628676
3.702284e-07,-0.0053801011
3.703284e-07,-0.0053973346
3.704284e-07,-0.0054124138
3.705284e-07,-0.0054203125
3.706284e-07,-0.0054217486
3.707284e-07,-0.0054174403
3.708284e-07,-0.0054116958
3.709284e-07,-0.0054088235
3.710284e-07,-0.0054102597
3.711284e-07,-0.005414568
3.712284e-07,-0.0054188764
3.713284e-07,-0.0054203125
3.714284e-07,-0.0054174403
3.715284e-07,-0.0054124138
3.716284e-07,-0.0054088235
3.717284e-07,-0.0054088235
3.718284e-07,-0.005414568
3.719284e-07,-0.0054231847
3.720284e-07,-0.0054310834
3.721284e-07,-0.0054318015
3.722284e-07,-0.0054231847
3.723284e-07,-0.0054059513
3.724284e-07,-0.0053844095
3.725284e-07,-0.0053628676
3.726284e-07,-0.0053470703
3.727284e-07,-0.0053384536
3.728284e-07,-0.0053362994
3.729284e-07,-0.0053398897
3.730284e-07,-0.0053456342
3.731284e-07,-0.0053520967
3.732284e-07,-0.0053585593
3.733284e-07,-0.0053628676
3.734284e-07,-0.0053643038
3.735284e-07,-0.0053592773
3.736284e-07,-0.0053477884
3.737284e-07,-0.0053284007
3.738284e-07,-0.0053047047
3.739284e-07,-0.0052802907
3.740284e-07,-0.005260185
3.741284e-07,-0.0052479779
3.742284e-07,-0.0052429515
3.743284e-07,-0.0052422335
3.744284e-07,-0.0052407973
3.745284e-07,-0.005236489
3.746284e-07,-0.0052278722
3.747284e-07,-0.0052192555
3.748284e-07,-0.005212793
3.749284e-07,-0.005213511
3.750284e-07,-0.0052206916
3.751284e-07,-0.0052321806
3.752284e-07,-0.0052422335
3.753284e-07,-0.0052479779
3.754284e-07,-0.0052465418
3.755284e-07,-0.0052407973
3.756284e-07,-0.0052321806
3.757284e-07,-0.005225
3.758284e-07,-0.0052199736
3.759284e-07,-0.0052149472
3.760284e-07,-0.0052092027
3.761284e-07,-0.0052020221
3.762284e-07,-0.0051941234
3.763284e-07,-0.0051905331
3.764284e-07,-0.0051926873
3.765284e-07,-0.0052020221
3.766284e-07,-0.0052149472
3.767284e-07,-0.005225
3.768284e-07,-0.0052257181
3.769284e-07,-0.005213511
3.770284e-07,-0.0051912511
3.771284e-07,-0.0051668371
3.772284e-07,-0.0051488856
3.773284e-07,-0.0051445772
3.774284e-07,-0.005153912
3.775284e-07,-0.0051704274
3.776284e-07,-0.0051855067
3.777284e-07,-0.0051905331
3.778284e-07,-0.0051833525
3.779284e-07,-0.0051697093
3.780284e-07,-0.0051575023
3.781284e-07,-0.0051560662
3.782284e-07,-0.0051697093
3.783284e-07,-0.0051941234
3.784284e-07,-0.0052199736
3.785284e-07,-0.005236489
3.786284e-07,-0.005237207
3.787284e-07,-0.0052221278
3.788284e-07,-0.0051991498
3.789284e-07,-0.0051790441
3.790284e-07,-0.0051711455
3.791284e-07,-0.005177608
3.792284e-07,-0.0051948415
3.793284e-07,-0.005213511
3.794284e-07,-0.005225
3.795284e-07,-0.005225
3.796284e-07,-0.0052149472
3.797284e-07,-0.0052020221
3.798284e-07,-0.0051941234
3.799284e-07,-0.0051955595
3.800284e-07,-0.0052077665
3.801284e-07,-0.005225
3.802284e-07,-0.0052407973
3.803284e-07,-0.005248696
3.804284e-07,-0.0052472599
3.805284e-07,-0.005236489
3.806284e-07,-0.0052214097
3.807284e-07,-0.0052070485
3.808284e-07,-0.0051962776
3.809284e-07,-0.0051905331
3.810284e-07,-0.005189815
3.811284e-07,-0.0051919692
3.812284e-07,-0.0051969956
3.813284e-07,-0.0052020221
3.814284e-07,-0.0052077665
3.815284e-07,-0.0052120749
3.816284e-07,-0.0052142291
3.817284e-07,-0.005213511
3.818284e-07,-0.0052092027
3.819284e-07,-0.005201304
3.820284e-07,-0.0051905331
3.821284e-07,-0.0051790441
3.822284e-07,-0.0051668371
3.823284e-07,-0.0051553481
3.824284e-07,-0.0051438591
3.825284e-07,-0.0051330882
3.826284e-07,-0.0051251896
3.827284e-07,-0.0051215993
3.828284e-07,-0.0051244715
3.829284e-07,-0.0051330882
3.830284e-07,-0.0051467314
3.831284e-07,-0.0051610926
3.832284e-07,-0.0051725816
3.833284e-07,-0.0051790441
3.834284e-07,-0.0051790441
3.835284e-07,-0.0051747358
3.836284e-07,-0.0051697093
3.837284e-07,-0.0051675551
3.838284e-07,-0.0051697093
3.839284e-07,-0.005177608
3.840284e-07,-0.0051883789
3.841284e-07,-0.0052020221
3.842284e-07,-0.0052163833
3.843284e-07,-0.0052314625
3.844284e-07,-0.0052465418
3.845284e-07,-0.0052594669
3.846284e-07,-0.0052688017
3.847284e-07,-0.0052716739
3.848284e-07,-0.0052680836
3.849284e-07,-0.0052594669
3.850284e-07,-0.0052501321
3.851284e-07,-0.0052451057
3.852284e-07,-0.0052479779
3.853284e-07,-0.0052594669
3.854284e-07,-0.0052767004
3.855284e-07,-0.0052932158
3.856284e-07,-0.0053032686
3.857284e-07,-0.0053054228
3.858284e-07,-0.0053011144
3.859284e-07,-0.0052968061
3.860284e-07,-0.0052975241
3.861284e-07,-0.0053054228
3.862284e-07,-0.005319784
3.863284e-07,-0.0053341452
3.864284e-07,-0.0053420439
3.865284e-07,-0.0053398897
3.866284e-07,-0.0053284007
3.867284e-07,-0.0053126034
3.868284e-07,-0.0052996783
3.869284e-07,-0.0052939338
3.870284e-07,-0.0052953699
3.871284e-07,-0.0053003964
3.872284e-07,-0.0053011144
3.873284e-07,-0.0052939338
3.874284e-07,-0.0052795726
3.875284e-07,-0.0052623392
3.876284e-07,-0.0052508502
3.877284e-07,-0.0052479779
3.878284e-07,-0.0052544405
3.879284e-07,-0.0052652114
3.880284e-07,-0.005272392
3.881284e-07,-0.0052709559
3.882284e-07,-0.005260185
3.883284e-07,-0.0052443876
3.884284e-07,-0.0052307445
3.885284e-07,-0.005225
3.886284e-07,-0.0052271542
3.887284e-07,-0.0052321806
3.888284e-07,-0.0052328987
3.889284e-07,-0.005225
3.890284e-07,-0.0052084846
3.891284e-07,-0.005189815
3.892284e-07,-0.0051783261
3.893284e-07,-0.0051790441
3.894284e-07,-0.0051934053
3.895284e-07,-0.0052142291
3.896284e-07,-0.0052314625
3.897284e-07,-0.005236489
3.898284e-07,-0.0052264361
3.899284e-07,-0.0052063304
3.900284e-07,-0.0051840705
3.901284e-07,-0.0051675551
3.902284e-07,-0.0051610926
3.903284e-07,-0.0051632468
3.904284e-07,-0.0051668371
3.905284e-07,-0.0051675551
3.906284e-07,-0.0051646829
3.907284e-07,-0.0051610926
3.908284e-07,-0.0051646829
3.909284e-07,-0.0051790441
3.910284e-07,-0.0052027401
3.911284e-07,-0.0052278722
3.912284e-07,-0.0052451057
3.913284e-07,-0.0052479779
3.914284e-07,-0.005236489
3.915284e-07,-0.0052185375
3.916284e-07,-0.0052041762
3.917284e-07,-0.0052020221
3.918284e-07,-0.005213511
3.919284e-07,-0.0052314625
3.920284e-07,-0.0052458238
3.921284e-07,-0.0052479779
3.922284e-07,-0.005237207
3.923284e-07,-0.0052206916
3.924284e-07,-0.0052092027
3.925284e-07,-0.005213511
3.926284e-07,-0.0052336167
3.927284e-07,-0.005260903
3.928284e-07,-0.0052817268
3.929284e-07,-0.0052824449
3.930284e-07,-0.005260185
3.931284e-07,-0.0052206916
3.932284e-07,-0.0051811983
3.933284e-07,-0.0051560662
3.934284e-07,-0.005153912
3.935284e-07,-0.0051718635
3.936284e-07,-0.0051962776
3.937284e-07,-0.005213511
3.938284e-07,-0.005212793
3.939284e-07,-0.0051934053
3.940284e-07,-0.005166119
3.941284e-07,-0.0051445772
3.942284e-07,-0.0051381147
3.943284e-07,-0.0051474494
3.944284e-07,-0.005165401
3.945284e-07,-0.0051790441
3.946284e-07,-0.005177608
3.947284e-07,-0.0051582204
3.948284e-07,-0.0051280618
3.949284e-07,-0.0050986213
3.950284e-07,-0.0050806698
3.951284e-07,-0.0050792337
3.952284e-07,-0.0050914407
3.953284e-07,-0.0051101103
3.954284e-07,-0.0051259076
3.955284e-07,-0.0051338063
3.956284e-07,-0.0051345244
3.957284e-07,-0.0051330882
3.958284e-07,-0.0051352424
3.959284e-07,-0.005141705
3.960284e-07,-0.0051503217
3.961284e-07,-0.0051560662
3.962284e-07,-0.0051524759
3.963284e-07,-0.0051395508
3.964284e-07,-0.0051194451
3.965284e-07,-0.0050986213
3.966284e-07,-0.0050842601
3.967284e-07,-0.0050806698
3.968284e-07,-0.0050864143
3.969284e-07,-0.0050986213
3.970284e-07,-0.0051115464
3.971284e-07,-0.0051230354
3.972284e-07,-0.0051294979
3.973284e-07,-0.0051330882
3.974284e-07,-0.0051345244
3.975284e-07,-0.0051345244
3.976284e-07,-0.0051338063
3.977284e-07,-0.0051330882
3.978284e-07,-0.0051338063
3.979284e-07,-0.0051388327
3.980284e-07,-0.0051503217
3.981284e-07,-0.0051675551
3.982284e-07,-0.0051883789
3.983284e-07,-0.0052084846
3.984284e-07,-0.0052214097
3.985284e-07,-0.005225
3.986284e-07,-0.0052206916
3.987284e-07,-0.005212793
3.988284e-07,-0.0052092027
3.989284e-07,-0.005213511
3.990284e-07,-0.0052264361
3.991284e-07,-0.0052429515
3.992284e-07,-0.0052558766
3.993284e-07,-0.0052594669
3.994284e-07,-0.0052515682
3.995284e-07,-0.005236489
3.996284e-07,-0.0052214097
3.997284e-07,-0.005213511
3.998284e-07,-0.0052156652
3.999284e-07,-0.0052278722
4.000284e-07,-0.0052443876
4.001284e-07,-0.0052594669
4.002284e-07,-0.0052702378
4.003284e-07,-0.0052767004
4.004284e-07,-0.0052795726
4.005284e-07,-0.0052824449
4.006284e-07,-0.005284599
4.007284e-07,-0.0052853171
4.008284e-07,-0.0052810087
4.009284e-07,-0.0052709559
4.010284e-07,-0.0052573127
4.011284e-07,-0.0052443876
4.012284e-07,-0.005236489
4.013284e-07,-0.005236489
4.014284e-07,-0.0052415154
4.015284e-07,-0.0052465418
4.016284e-07,-0.0052458238
4.017284e-07,-0.005236489
4.018284e-07,-0.0052228458
4.019284e-07,-0.0052113568
4.020284e-07,-0.0052113568
4.021284e-07,-0.005225
4.022284e-07,-0.0052494141
4.023284e-07,-0.0052759823
4.024284e-07,-0.0052924977
4.025284e-07,-0.0052939338
4.026284e-07,-0.0052795726
4.027284e-07,-0.0052587489
4.028284e-07,-0.0052415154
4.029284e-07,-0.005236489
4.030284e-07,-0.0052436696
4.031284e-07,-0.0052565947
4.032284e-07,-0.0052644933
4.033284e-07,-0.0052594669
4.034284e-07,-0.0052422335
4.035284e-07,-0.0052214097
4.036284e-07,-0.0052084846
4.037284e-07,-0.005213511
4.038284e-07,-0.0052379251
4.039284e-07,-0.0052731101
4.040284e-07,-0.0053039867
4.041284e-07,-0.0053169118
4.042284e-07,-0.0053054228
4.043284e-07,-0.0052752642
4.044284e-07,-0.0052400793
4.045284e-07,-0.005213511
4.046284e-07,-0.0052056124
4.047284e-07,-0.0052156652
4.048284e-07,-0.0052343348
4.049284e-07,-0.0052479779
4.050284e-07,-0.005248696
4.051284e-07,-0.0052343348
4.052284e-07,-0.0052113568
4.053284e-07,-0.0051905331
4.054284e-07,-0.0051797622
4.055284e-07,-0.0051797622
4.056284e-07,-0.0051862247
4.057284e-07,-0.0051905331
4.058284e-07,-0.0051869428
4.059284e-07,-0.0051747358
4.060284e-07,-0.0051582204
4.061284e-07,-0.0051445772
4.062284e-07,-0.0051402688
4.063284e-07,-0.0051452953
4.064284e-07,-0.0051567842
4.065284e-07,-0.0051675551
4.066284e-07,-0.0051740177
4.067284e-07,-0.0051747358
4.068284e-07,-0.0051754538
4.069284e-07,-0.0051790441
4.070284e-07,-0.005189097
4.071284e-07,-0.0052041762
4.072284e-07,-0.0052178194
4.073284e-07,-0.005225
4.074284e-07,-0.0052214097
4.075284e-07,-0.0052092027
4.076284e-07,-0.0051926873
4.077284e-07,-0.0051790441
4.078284e-07,-0.0051732996
4.079284e-07,-0.0051768899
4.080284e-07,-0.0051869428
4.081284e-07,-0.0052020221
4.082284e-07,-0.0052199736
4.083284e-07,-0.0052407973
4.084284e-07,-0.0052659295
4.085284e-07,-0.0052939338
4.086284e-07,-0.0053219382
4.087284e-07,-0.0053420439
4.088284e-07,-0.0053492245
4.089284e-07,-0.0053398897
4.090284e-07,-0.0053183479
4.091284e-07,-0.0052939338
4.092284e-07,-0.0052759823
4.093284e-07,-0.0052709559
4.094284e-07,-0.0052781365
4.095284e-07,-0.0052903435
4.096284e-07,-0.0052975241
4.097284e-07,-0.0052939338
4.098284e-07,-0.0052795726
4.099284e-07,-0.0052623392
4.100284e-07,-0.0052537224
4.101284e-07,-0.0052594669
4.102284e-07,-0.0052810087
4.103284e-07,-0.0053097312
4.104284e-07,-0.0053327091
4.105284e-07,-0.0053398897
4.106284e-07,-0.0053276827
4.107284e-07,-0.0053025506
4.108284e-07,-0.0052767004
4.109284e-07,-0.0052594669
4.110284e-07,-0.0052565947
4.111284e-07,-0.0052637753
4.112284e-07,-0.0052716739
4.113284e-07,-0.0052709559
4.114284e-07,-0.0052573127
4.115284e-07,-0.0052343348
4.116284e-07,-0.005212793
4.117284e-07,-0.0052020221
4.118284e-07,-0.0052056124
4.119284e-07,-0.0052192555
4.120284e-07,-0.0052328987
4.121284e-07,-0.005236489
4.122284e-07,-0.005225
4.123284e-07,-0.0052020221
4.124284e-07,-0.0051754538
4.125284e-07,-0.0051560662
4.126284e-07,-0.0051481675
4.127284e-07,-0.0051510398
4.128284e-07,-0.0051560662
4.129284e-07,-0.0051560662
4.130284e-07,-0.0051474494
4.131284e-07,-0.0051330882
4.132284e-07,-0.0051215993
4.133284e-07,-0.0051215993
4.134284e-07,-0.0051352424
4.135284e-07,-0.0051575023
4.136284e-07,-0.0051797622
4.137284e-07,-0.0051905331
4.138284e-07,-0.0051862247
4.139284e-07,-0.0051704274
4.140284e-07,-0.0051524759
4.141284e-07,-0.0051445772
4.142284e-07,-0.0051517578
4.143284e-07,-0.0051718635
4.144284e-07,-0.0051955595
4.145284e-07,-0.005213511
4.146284e-07,-0.0052185375
4.147284e-07,-0.005212793
4.148284e-07,-0.0052034582
4.149284e-07,-0.0052020221
4.150284e-07,-0.0052142291
4.151284e-07,-0.0052386432
4.152284e-07,-0.0052688017
4.153284e-07,-0.0052939338
4.154284e-07,-0.0053054228
4.155284e-07,-0.0053032686
4.156284e-07,-0.0052924977
4.157284e-07,-0.0052824449
4.158284e-07,-0.0052795726
4.159284e-07,-0.0052853171
4.160284e-07,-0.005296088
4.161284e-07,-0.0053054228
4.162284e-07,-0.005308295
4.163284e-07,-0.0053032686
4.164284e-07,-0.0052968061
4.165284e-07,-0.0052939338
4.166284e-07,-0.0053003964
4.167284e-07,-0.0053154756
4.168284e-07,-0.0053348633
4.169284e-07,-0.0053513787
4.170284e-07,-0.0053607135
4.171284e-07,-0.0053607135
4.172284e-07,-0.0053564051
4.173284e-07,-0.0053513787
4.174284e-07,-0.0053506606
4.175284e-07,-0.0053542509
4.176284e-07,-0.0053592773
4.177284e-07,-0.0053628676
4.178284e-07,-0.0053621496
4.179284e-07,-0.0053592773
4.180284e-07,-0.0053578412
4.181284e-07,-0.0053628676
4.182284e-07,-0.0053757927
4.183284e-07,-0.0053937443
4.184284e-07,-0.0054102597
4.185284e-07,-0.0054203125
4.186284e-07,-0.0054188764
4.187284e-07,-0.0054073874
4.188284e-07,-0.005390872
4.189284e-07,-0.0053743566
4.190284e-07,-0.0053628676
4.191284e-07,-0.0053571232
4.192284e-07,-0.0053542509
4.193284e-07,-0.0053513787
4.194284e-07,-0.0053456342
4.195284e-07,-0.0053384536
4.196284e-07,-0.005331991
4.197284e-07,-0.0053284007
4.198284e-07,-0.0053291188
4.199284e-07,-0.005331991
4.200284e-07,-0.0053327091
4.201284e-07,-0.0053284007
4.202284e-07,-0.0053190659
4.203284e-07,-0.0053061409
4.204284e-07,-0.0052932158
4.205284e-07,-0.0052824449
4.206284e-07,-0.0052738281
4.207284e-07,-0.0052652114
4.208284e-07,-0.0052530044
4.209284e-07,-0.005236489
4.210284e-07,-0.0052199736
4.211284e-07,-0.0052092027
4.212284e-07,-0.0052106388
4.213284e-07,-0.005225
4.214284e-07,-0.005248696
4.215284e-07,-0.0052731101
4.216284e-07,-0.0052860352
4.217284e-07,-0.0052824449
4.218284e-07,-0.0052616211
4.219284e-07,-0.0052314625
4.220284e-07,-0.005201304
4.221284e-07,-0.0051790441
4.222284e-07,-0.005166119
4.223284e-07,-0.0051589384
4.224284e-07,-0.0051496036
4.225284e-07,-0.0051330882
4.226284e-07,-0.0051093922
4.227284e-07,-0.0050849782
4.228284e-07,-0.0050677447
4.229284e-07,-0.0050641544
4.230284e-07,-0.0050727711
4.231284e-07,-0.0050856962
4.232284e-07,-0.0050928768
4.233284e-07,-0.0050871324
4.234284e-07,-0.0050677447
4.235284e-07,-0.0050426126
4.236284e-07,-0.005023225
4.237284e-07,-0.0050181985
4.238284e-07,-0.0050289694
4.239284e-07,-0.005047639
4.240284e-07,-0.0050627183
4.241284e-07,-0.0050641544
4.242284e-07,-0.0050483571
4.243284e-07,-0.0050217888
4.244284e-07,-0.0049966567
4.245284e-07,-0.0049837316
4.246284e-07,-0.0049873219
4.247284e-07,-0.0050031193
4.248284e-07,-0.0050210708
4.249284e-07,-0.0050296875
4.250284e-07,-0.0050246611
4.251284e-07,-0.0050081457
4.252284e-07,-0.0049916303
4.253284e-07,-0.0049837316
4.254284e-07,-0.0049894761
4.255284e-07,-0.0050052734
4.256284e-07,-0.0050217888
4.257284e-07,-0.0050296875
4.258284e-07,-0.005023943
4.259284e-07,-0.0050088637
4.260284e-07,-0.0049916303
4.261284e-07,-0.0049837316
4.262284e-07,-0.004988758
4.263284e-07,-0.0050038373
4.264284e-07,-0.0050210708
4.265284e-07,-0.0050296875
4.266284e-07,-0.0050260972
4.267284e-07,-0.0050138902
4.268284e-07,-0.005000247
4.269284e-07,-0.0049952206
4.270284e-07,-0.0050031193
4.271284e-07,-0.0050210708
4.272284e-07,-0.0050404584
4.273284e-07,-0.0050526654
4.274284e-07,-0.0050526654
4.275284e-07,-0.0050433307
4.276284e-07,-0.0050332778
4.277284e-07,-0.0050296875
4.278284e-07,-0.0050375862
4.279284e-07,-0.0050533835
4.280284e-07,-0.0050691808
4.281284e-07,-0.0050756434
4.282284e-07,-0.0050691808
4.283284e-07,-0.0050541016
4.284284e-07,-0.0050375862
4.285284e-07,-0.0050296875
4.286284e-07,-0.0050347139
4.287284e-07,-0.0050497932
4.288284e-07,-0.0050663086
4.289284e-07,-0.0050756434
4.290284e-07,-0.0050727711
4.291284e-07,-0.0050605641
4.292284e-07,-0.005046921
4.293284e-07,-0.0050411765
4.294284e-07,-0.005047639
4.295284e-07,-0.0050648725
4.296284e-07,-0.0050842601
4.297284e-07,-0.0050986213
4.298284e-07,-0.0051022116
4.299284e-07,-0.0050964671
4.300284e-07,-0.0050892865
4.301284e-07,-0.0050871324
4.302284e-07,-0.005094313
4.303284e-07,-0.0051086742
4.304284e-07,-0.0051244715
4.305284e-07,-0.0051330882
4.306284e-07,-0.0051323702
4.307284e-07,-0.0051259076
4.308284e-07,-0.0051201631
4.309284e-07,-0.0051215993
4.310284e-07,-0.0051338063
4.311284e-07,-0.0051524759
4.312284e-07,-0.0051697093
4.313284e-07,-0.0051790441
4.314284e-07,-0.0051768899
4.315284e-07,-0.0051675551
4.316284e-07,-0.0051582204
4.317284e-07,-0.0051560662
4.318284e-07,-0.0051625287
4.319284e-07,-0.0051732996
4.320284e-07,-0.005177608
4.321284e-07,-0.0051675551
4.322284e-07,-0.0051395508
4.323284e-07,-0.0050971852
4.324284e-07,-0.0050505113
4.325284e-07,-0.0050067096
4.326284e-07,-0.0049693704
4.327284e-07,-0.0049334674
4.328284e-07,-0.0048889476
4.329284e-07,-0.004822886
4.330284e-07,-0.0047302562
4.331284e-07,-0.0046117762
4.332284e-07,-0.0044753447
4.333284e-07,-0.0043288603
4.334284e-07,-0.0041773495
4.335284e-07,-0.0040186581
4.336284e-07,-0.0038456055
4.337284e-07,-0.003651011
4.338284e-07,-0.0034305664
4.339284e-07,-0.0031864258
4.340284e-07,-0.0029279239
4.341284e-07,-0.0026629596
4.342284e-07,-0.002395841
4.343284e-07,-0.0021244141
4.344284e-07,-0.0018414982
4.345284e-07,-0.0015370404
4.346284e-07,-0.0012067325
4.347284e-07,-0.00085057445
4.348284e-07,-0.00047574678
4.349284e-07,-8.9430147e-05
4.350284e-07,0.00030263097
4.351284e-07,0.00069971852
4.352284e-07,0.0011039867
4.353284e-07,0.0015190257
4.354284e-07,0.0019455538
4.355284e-07,0.0023785443
4.356284e-07,0.002812971
4.357284e-07,0.0032423713
4.358284e-07,0.0036638729
4.359284e-07,0.0040796301
4.360284e-07,0.0044939511
4.361284e-07,0.0049082721
4.362284e-07,0.0053211569
4.363284e-07,0.0057261432
4.364284e-07,0.006114614
4.365284e-07,0.006482261
4.366284e-07,0.0068290843
4.367284e-07,0.0071622645
4.368284e-07,0.0074889821
4.369284e-07,0.0078149816
4.370284e-07,0.0081373909
4.371284e-07,0.0084475931
4.372284e-07,0.0087333812
4.373284e-07,0.0089868566
4.374284e-07,0.0092087374
4.375284e-07,0.0094083582
4.376284e-07,0.0095993624
4.377284e-07,0.0097910846
4.378284e-07,0.0099863971
4.379284e-07,0.010176683
4.380284e-07,0.010349018
4.381284e-07,0.010491912
4.382284e-07,0.010601775
4.383284e-07,0.010685788
4.384284e-07,0.01075903
4.385284e-07,0.010836581
4.386284e-07,0.010924902
4.387284e-07,0.011020404
4.388284e-07,0.01111088
4.389284e-07,0.01118125
4.390284e-07,0.011224334
4.391284e-07,0.011243721
4.392284e-07,0.011250902
4.393284e-07,0.011261673
4.394284e-07,0.011286087
4.395284e-07,0.011324144
4.396284e-07,0.011367228
4.397284e-07,0.01139954
4.398284e-07,0.011410311
4.399284e-07,0.011396668
4.400284e-07,0.011365792
4.401284e-07,0.011330607
4.402284e-07,0.011304756
4.403284e-07,0.011293986
4.404284e-07,0.011297576
4.405284e-07,0.011307629
4.406284e-07,0.011314091
4.407284e-07,0.011311937
4.408284e-07,0.011300448
4.409284e-07,0.011284651
4.410284e-07,0.011271008
4.411284e-07,0.011263109
4.412284e-07,0.011260955
4.413284e-07,0.011261673
4.414284e-07,0.011262391
4.415284e-07,0.011261673
4.416284e-07,0.011260955
4.417284e-07,0.011261673
4.418284e-07,0.011266699
4.419284e-07,0.011276034
4.420284e-07,0.011286805
4.421284e-07,0.01129614
4.422284e-07,0.01130332
4.423284e-07,0.011309065
4.424284e-07,0.011316963
4.425284e-07,0.011330607
4.426284e-07,0.011349994
4.427284e-07,0.011372972
4.428284e-07,0.011394514
4.429284e-07,0.011411029
4.430284e-07,0.011421082
4.431284e-07,0.011427545
4.432284e-07,0.011434007
4.433284e-07,0.011445496
4.434284e-07,0.01146273
4.435284e-07,0.011481399
4.436284e-07,0.011497197
4.437284e-07,0.011502941
4.438284e-07,0.011497915
4.439284e-07,0.011485708
4.440284e-07,0.011472783
4.441284e-07,0.011468474
4.442284e-07,0.011476373
4.443284e-07,0.011496479
4.444284e-07,0.011523047
4.445284e-07,0.011548897
4.446284e-07,0.011569003
4.447284e-07,0.011580492
4.448284e-07,0.011584082
4.449284e-07,0.011583364
4.450284e-07,0.011579774
4.451284e-07,0.011573311
4.452284e-07,0.011563258
4.453284e-07,0.011548897
4.454284e-07,0.011531664
4.455284e-07,0.011516584
4.456284e-07,0.011509404
4.457284e-07,0.01151443
4.458284e-07,0.011532382
4.459284e-07,0.01155895
4.460284e-07,0.011586236
4.461284e-07,0.011606342
4.462284e-07,0.011614241
4.463284e-07,0.011608496
4.464284e-07,0.011592699
4.465284e-07,0.011571875
4.466284e-07,0.011548897
4.467284e-07,0.011525201
4.468284e-07,0.011502223
4.469284e-07,0.011479963
4.470284e-07,0.011461294
4.471284e-07,0.011449805
4.472284e-07,0.011448369
4.473284e-07,0.011456985
4.474284e-07,0.011472065
4.475284e-07,0.011485708
4.476284e-07,0.011490016
4.477284e-07,0.011479963
4.478284e-07,0.011456985
4.479284e-07,0.011426827
4.480284e-07,0.011398104
4.481284e-07,0.011376563
4.482284e-07,0.011362919
4.483284e-07,0.011352866
4.484284e-07,0.011339941
4.485284e-07,0.011319118
4.486284e-07,0.011290395
4.487284e-07,0.011260955
4.488284e-07,0.011237259
4.489284e-07,0.011227206
4.490284e-07,0.011230796
4.491284e-07,0.011242285
4.492284e-07,0.01125162
4.493284e-07,0.011250184
4.494284e-07,0.011235105
4.495284e-07,0.011209254
4.496284e-07,0.01118125
4.497284e-07,0.011158272
4.498284e-07,0.011144629
4.499284e-07,0.011140321
4.500284e-07,0.011138166
4.501284e-07,0.011135294
4.502284e-07,0.011128832
4.503284e-07,0.011121651
4.504284e-07,0.011118779
4.505284e-07,0.011123805
4.506284e-07,0.01113673
4.507284e-07,0.011151091
4.508284e-07,0.011160426
4.509284e-07,0.011158272
4.510284e-07,0.011146065
4.511284e-07,0.011128832
4.512284e-07,0.011115188
4.513284e-07,0.011112316
4.514284e-07,0.011120933
4.515284e-07,0.011134576
4.516284e-07,0.011145347
4.517284e-07,0.011146783
4.518284e-07,0.011138166
4.519284e-07,0.011125241
4.520284e-07,0.011118061
4.521284e-07,0.011123805
4.522284e-07,0.011142475
4.523284e-07,0.011166889
4.524284e-07,0.011186994
4.525284e-07,0.011192739
4.526284e-07,0.011181968
4.527284e-07,0.011160426
4.528284e-07,0.011137448
4.529284e-07,0.011123805
4.530284e-07,0.011121651
4.531284e-07,0.011126677
4.532284e-07,0.011130268
4.533284e-07,0.011123805
4.534284e-07,0.011105136
4.535284e-07,0.011079285
4.536284e-07,0.011055589
4.537284e-07,0.011043382
4.538284e-07,0.0110441
4.539284e-07,0.011053435
4.540284e-07,0.011059898
4.541284e-07,0.011054871
4.542284e-07,0.011035484
4.543284e-07,0.011006043
4.544284e-07,0.010975167
4.545284e-07,0.010951471
4.546284e-07,0.010937827
4.547284e-07,0.010930647
4.548284e-07,0.01092203
4.549284e-07,0.010905515
4.550284e-07,0.010881101
4.551284e-07,0.01085525
4.552284e-07,0.010838735
4.553284e-07,0.010836581
4.554284e-07,0.01084807
4.555284e-07,0.010863867
4.556284e-07,0.010871048
4.557284e-07,0.010859559
4.558284e-07,0.0108294
4.559284e-07,0.010790625
4.560284e-07,0.010758312
4.561284e-07,0.010744669
4.562284e-07,0.01075185
4.563284e-07,0.010769801
4.564284e-07,0.010784162
4.565284e-07,0.010779136
4.566284e-07,0.010749696
4.567284e-07,0.010703022
4.568284e-07,0.010653475
4.569284e-07,0.01061829
4.570284e-07,0.010604647
4.571284e-07,0.01061111
4.572284e-07,0.010624035
4.573284e-07,0.010629779
4.574284e-07,0.010619727
4.575284e-07,0.010595313
4.576284e-07,0.010564436
4.577284e-07,0.010537868
4.578284e-07,0.01052207
4.579284e-07,0.010514172
4.580284e-07,0.010506991
4.581284e-07,0.010491912
4.582284e-07,0.010465344
4.583284e-07,0.010432313
4.584284e-07,0.010402872
4.585284e-07,0.010388511
4.586284e-07,0.010392101
4.587284e-07,0.010408617
4.588284e-07,0.010426568
4.589284e-07,0.010434467
4.590284e-07,0.010428004
4.591284e-07,0.010410771
4.592284e-07,0.010394256
4.593284e-07,0.010388511
4.594284e-07,0.010397846
4.595284e-07,0.010417233
4.596284e-07,0.010433031
4.597284e-07,0.010434467
4.598284e-07,0.010415797
4.599284e-07,0.010383485
4.600284e-07,0.010350454
4.601284e-07,0.010331066
4.602284e-07,0.010332502
4.603284e-07,0.010352608
4.604284e-07,0.010379176
4.605284e-07,0.0104
4.606284e-07,0.010405744
4.607284e-07,0.010395692
4.608284e-07,0.010379176
4.609284e-07,0.010365533
4.610284e-07,0.010361225
4.611284e-07,0.010364815
4.612284e-07,0.010369123
4.613284e-07,0.010365533
4.614284e-07,0.010350454
4.615284e-07,0.010327476
4.616284e-07,0.010306652
4.617284e-07,0.010296599
4.618284e-07,0.010302344
4.619284e-07,0.010318859
4.620284e-07,0.010336093
4.621284e-07,0.010342555
4.622284e-07,0.01033322
4.623284e-07,0.010310242
4.624284e-07,0.010282956
4.625284e-07,0.010262132
4.626284e-07,0.010254234
4.627284e-07,0.010257106
4.628284e-07,0.010262132
4.629284e-07,0.010262132
4.630284e-07,0.010250643
