LECROYHDO6104B,11090,Waveform
Segments,1,SegmentSize,5002
Segment,TrigTime,TimeSinceSegment1
#1,04-May-2026 18:46:13,0                 
Time,Ampl
-3.705122e-08,-0.003082307
-3.695122e-08,-0.0030736903
-3.685122e-08,-0.0030765625
-3.675122e-08,-0.0030902057
-3.665122e-08,-0.0031103114
-3.655122e-08,-0.003130417
-3.645122e-08,-0.0031454963
-3.635122e-08,-0.0031526769
-3.625122e-08,-0.003153395
-3.615122e-08,-0.003153395
-3.605122e-08,-0.0031569853
-3.595122e-08,-0.0031663201
-3.585122e-08,-0.0031799632
-3.575122e-08,-0.0031936064
-3.565122e-08,-0.0032029412
-3.555122e-08,-0.0032065315
-3.545122e-08,-0.0032050954
-3.535122e-08,-0.0032022231
-3.525122e-08,-0.0032029412
-3.515122e-08,-0.0032079676
-3.505122e-08,-0.0032173024
-3.495122e-08,-0.0032273552
-3.485122e-08,-0.0032374081
-3.475122e-08,-0.0032460248
-3.465122e-08,-0.0032553596
-3.455122e-08,-0.0032675666
-3.445122e-08,-0.003283364
-3.435122e-08,-0.0033005974
-3.425122e-08,-0.0033142406
-3.415122e-08,-0.0033207031
-3.405122e-08,-0.0033178309
-3.395122e-08,-0.0033092142
-3.385122e-08,-0.0033005974
-3.375122e-08,-0.0032984432
-3.365122e-08,-0.0033063419
-3.355122e-08,-0.0033214212
-3.345122e-08,-0.0033372185
-3.335122e-08,-0.0033451172
-3.325122e-08,-0.0033408088
-3.315122e-08,-0.0033257295
-3.305122e-08,-0.00330706
-3.295122e-08,-0.0032941349
-3.285122e-08,-0.0032948529
-3.275122e-08,-0.0033092142
-3.265122e-08,-0.003331474
-3.255122e-08,-0.0033522978
-3.245122e-08,-0.0033637868
-3.235122e-08,-0.0033637868
-3.225122e-08,-0.0033566062
-3.215122e-08,-0.0033501436
-3.205122e-08,-0.0033522978
-3.195122e-08,-0.0033645048
-3.185122e-08,-0.0033831744
-3.175122e-08,-0.0034004079
-3.165122e-08,-0.0034097426
-3.155122e-08,-0.0034083065
-3.145122e-08,-0.0033989717
-3.135122e-08,-0.0033896369
-3.125122e-08,-0.0033867647
-3.115122e-08,-0.0033925092
-3.105122e-08,-0.0034039982
-3.095122e-08,-0.0034154871
-3.085122e-08,-0.0034212316
-3.075122e-08,-0.0034190774
-3.065122e-08,-0.003413333
-3.055122e-08,-0.0034090246
-3.045122e-08,-0.0034097426
-3.035122e-08,-0.0034162052
-3.025122e-08,-0.0034233858
-3.015122e-08,-0.00342554
-3.005122e-08,-0.0034212316
-2.995122e-08,-0.0034126149
-2.985122e-08,-0.0034083065
-2.975122e-08,-0.0034176413
-2.965122e-08,-0.0034442096
-2.955122e-08,-0.0034837029
-2.945122e-08,-0.0035246324
-2.935122e-08,-0.0035526367
-2.925122e-08,-0.0035590993
-2.915122e-08,-0.0035447381
-2.905122e-08,-0.003521042
-2.895122e-08,-0.0035023725
-2.885122e-08,-0.0035016544
-2.875122e-08,-0.003521042
-2.865122e-08,-0.0035533548
-2.855122e-08,-0.0035820772
-2.845122e-08,-0.0035935662
-2.835122e-08,-0.0035827953
-2.825122e-08,-0.0035547909
-2.815122e-08,-0.0035231962
-2.805122e-08,-0.0035016544
-2.795122e-08,-0.003497346
-2.785122e-08,-0.0035066808
-2.775122e-08,-0.0035196059
-2.765122e-08,-0.0035246324
-2.755122e-08,-0.0035152976
-2.745122e-08,-0.0034937557
-2.735122e-08,-0.0034707778
-2.725122e-08,-0.0034556985
-2.715122e-08,-0.0034542624
-2.705122e-08,-0.0034621611
-2.695122e-08,-0.0034700597
-2.685122e-08,-0.0034671875
-2.675122e-08,-0.0034485179
-2.665122e-08,-0.0034190774
-2.655122e-08,-0.003390355
-2.645122e-08,-0.0033752757
-2.635122e-08,-0.0033810202
-2.625122e-08,-0.0034047162
-2.615122e-08,-0.0034341567
-2.605122e-08,-0.0034556985
-2.595122e-08,-0.0034592888
-2.585122e-08,-0.0034427734
-2.575122e-08,-0.0034147691
-2.565122e-08,-0.0033867647
-2.555122e-08,-0.0033680951
-2.545122e-08,-0.0033623506
-2.535122e-08,-0.0033673771
-2.525122e-08,-0.0033752757
-2.515122e-08,-0.0033803022
-2.505122e-08,-0.0033803022
-2.495122e-08,-0.0033774299
-2.485122e-08,-0.0033752757
-2.475122e-08,-0.0033759938
-2.465122e-08,-0.003378148
-2.455122e-08,-0.003378866
-2.445122e-08,-0.0033752757
-2.435122e-08,-0.0033680951
-2.425122e-08,-0.0033616326
-2.415122e-08,-0.0033630687
-2.405122e-08,-0.0033752757
-2.395122e-08,-0.0033960995
-2.385122e-08,-0.0034183594
-2.375122e-08,-0.0034327206
-2.365122e-08,-0.0034327206
-2.355122e-08,-0.0034190774
-2.345122e-08,-0.003401844
-2.335122e-08,-0.0033917911
-2.325122e-08,-0.0033982537
-2.315122e-08,-0.0034233858
-2.305122e-08,-0.0034585708
-2.295122e-08,-0.0034923196
-2.285122e-08,-0.0035131434
-2.275122e-08,-0.0035160156
-2.265122e-08,-0.0035066808
-2.255122e-08,-0.0034944738
-2.245122e-08,-0.0034901654
-2.235122e-08,-0.003496628
-2.225122e-08,-0.0035102711
-2.215122e-08,-0.0035217601
-2.205122e-08,-0.0035246324
-2.195122e-08,-0.0035167337
-2.185122e-08,-0.0035052447
-2.175122e-08,-0.0035009364
-2.165122e-08,-0.0035131434
-2.155122e-08,-0.00354402
-2.145122e-08,-0.0035856675
-2.135122e-08,-0.0036258789
-2.125122e-08,-0.003651011
-2.115122e-08,-0.0036574736
-2.105122e-08,-0.0036495749
-2.095122e-08,-0.0036402401
-2.085122e-08,-0.0036395221
-2.075122e-08,-0.0036538833
-2.065122e-08,-0.0036782973
-2.055122e-08,-0.0037041475
-2.045122e-08,-0.0037199449
-2.035122e-08,-0.003722099
-2.025122e-08,-0.0037142004
-2.015122e-08,-0.0037063017
-2.005122e-08,-0.0037084559
-1.995122e-08,-0.0037235352
-1.985122e-08,-0.0037472312
-1.975122e-08,-0.003768773
-1.965122e-08,-0.0037773897
-1.955122e-08,-0.0037702091
-1.945122e-08,-0.0037522576
-1.935122e-08,-0.0037357422
-1.925122e-08,-0.0037314338
-1.915122e-08,-0.0037436409
-1.905122e-08,-0.0037666188
-1.895122e-08,-0.0037895967
-1.885122e-08,-0.0038003676
-1.875122e-08,-0.003793187
-1.865122e-08,-0.0037723633
-1.855122e-08,-0.0037479492
-1.845122e-08,-0.0037314338
-1.835122e-08,-0.0037278435
-1.825122e-08,-0.003733588
-1.815122e-08,-0.0037378964
-1.805122e-08,-0.0037314338
-1.795122e-08,-0.0037091739
-1.785122e-08,-0.0036768612
-1.775122e-08,-0.0036459846
-1.765122e-08,-0.0036280331
-1.755122e-08,-0.0036301873
-1.745122e-08,-0.0036474207
-1.735122e-08,-0.0036703987
-1.725122e-08,-0.0036854779
-1.715122e-08,-0.003686196
-1.705122e-08,-0.003674707
-1.695122e-08,-0.0036589097
-1.685122e-08,-0.003651011
-1.675122e-08,-0.0036567555
-1.665122e-08,-0.003673989
-1.655122e-08,-0.0036940947
-1.645122e-08,-0.0037084559
-1.635122e-08,-0.0037106101
-1.625122e-08,-0.0037019933
-1.615122e-08,-0.0036905044
-1.605122e-08,-0.0036854779
-1.595122e-08,-0.0036912224
-1.585122e-08,-0.0037063017
-1.575122e-08,-0.003722099
-1.565122e-08,-0.0037314338
-1.555122e-08,-0.0037299977
-1.545122e-08,-0.0037206629
-1.535122e-08,-0.0037106101
-1.525122e-08,-0.0037084559
-1.515122e-08,-0.0037163545
-1.505122e-08,-0.0037314338
-1.495122e-08,-0.003745795
-1.485122e-08,-0.0037544118
-1.475122e-08,-0.0037551298
-1.465122e-08,-0.0037522576
-1.455122e-08,-0.0037536937
-1.445122e-08,-0.0037659007
-1.435122e-08,-0.0037874426
-1.425122e-08,-0.0038125747
-1.415122e-08,-0.0038305262
-1.405122e-08,-0.0038348346
-1.395122e-08,-0.0038262178
-1.385122e-08,-0.0038132927
-1.375122e-08,-0.0038053941
-1.365122e-08,-0.0038118566
-1.355122e-08,-0.0038312443
-1.345122e-08,-0.0038542222
-1.335122e-08,-0.0038700195
-1.325122e-08,-0.0038693015
-1.315122e-08,-0.0038527861
-1.305122e-08,-0.0038312443
-1.295122e-08,-0.0038183192
-1.285122e-08,-0.0038233456
-1.275122e-08,-0.0038463235
-1.265122e-08,-0.0038772001
-1.255122e-08,-0.0039001781
-1.245122e-08,-0.0039037684
-1.235122e-08,-0.0038865349
-1.225122e-08,-0.0038592486
-1.215122e-08,-0.0038377068
-1.205122e-08,-0.0038348346
-1.195122e-08,-0.003852068
-1.185122e-08,-0.0038800724
-1.175122e-08,-0.0039016142
-1.165122e-08,-0.0039037684
-1.155122e-08,-0.0038836627
-1.145122e-08,-0.003852068
-1.135122e-08,-0.0038269359
-1.125122e-08,-0.0038233456
-1.115122e-08,-0.0038463235
-1.105122e-08,-0.0038850988
-1.095122e-08,-0.0039217199
-1.085122e-08,-0.0039382353
-1.075122e-08,-0.0039260283
-1.065122e-08,-0.0038929975
-1.055122e-08,-0.0038563764
-1.045122e-08,-0.0038348346
-1.035122e-08,-0.0038384249
-1.025122e-08,-0.0038628389
-1.015122e-08,-0.0038944336
-1.005122e-08,-0.0039152574
-9.951216e-09,-0.0039159754
-9.851216e-09,-0.00389946
-9.751216e-09,-0.0038786363
-9.651216e-09,-0.0038693015
-9.551216e-09,-0.0038807904
-9.451216e-09,-0.0039102309
-9.351216e-09,-0.003946134
-9.251216e-09,-0.0039727022
-9.151216e-09,-0.0039806009
-9.051216e-09,-0.0039719841
-8.951216e-09,-0.0039569049
-8.851216e-09,-0.0039497243
-8.751216e-09,-0.0039590591
-8.651216e-09,-0.0039834731
-8.551216e-09,-0.0040114775
-8.451216e-09,-0.0040301471
-8.351216e-09,-0.0040323012
-8.251216e-09,-0.0040193761
-8.151216e-09,-0.0040021427
-8.051216e-09,-0.0039956801
-7.951216e-09,-0.0040071691
-7.851216e-09,-0.0040358915
-7.751216e-09,-0.0040710765
-7.651216e-09,-0.0040990809
-7.551216e-09,-0.0041105699
-7.451216e-09,-0.0041041073
-7.351216e-09,-0.004089028
-7.251216e-09,-0.0040761029
-7.151216e-09,-0.0040739488
-7.051216e-09,-0.0040832835
-6.951216e-09,-0.0040990809
-6.851216e-09,-0.0041105699
-6.751216e-09,-0.0041134421
-6.651216e-09,-0.0041076976
-6.551216e-09,-0.0040997989
-6.451216e-09,-0.0040990809
-6.351216e-09,-0.0041091337
-6.251216e-09,-0.0041270852
-6.151216e-09,-0.0041464729
-6.051216e-09,-0.0041565257
-5.951216e-09,-0.0041536535
-5.851216e-09,-0.0041400103
-5.751216e-09,-0.0041227769
-5.651216e-09,-0.0041105699
-5.551216e-09,-0.0041069795
-5.451216e-09,-0.0041105699
-5.351216e-09,-0.0041141602
-5.251216e-09,-0.0041105699
-5.151216e-09,-0.0040990809
-5.051216e-09,-0.0040840016
-4.951216e-09,-0.0040739488
-4.851216e-09,-0.0040761029
-4.751216e-09,-0.0040919003
-4.651216e-09,-0.0041134421
-4.551216e-09,-0.0041306756
-4.451216e-09,-0.0041335478
-4.351216e-09,-0.0041199046
-4.251216e-09,-0.0040954906
-4.151216e-09,-0.0040732307
-4.051216e-09,-0.004064614
-3.951216e-09,-0.0040739488
-3.851216e-09,-0.0040954906
-3.751216e-09,-0.0041191866
-3.651216e-09,-0.0041335478
-3.551216e-09,-0.0041335478
-3.451216e-09,-0.0041227769
-3.351216e-09,-0.0041112879
-3.251216e-09,-0.0041105699
-3.151216e-09,-0.0041227769
-3.051216e-09,-0.0041407284
-2.951216e-09,-0.0041529354
-2.851216e-09,-0.0041450368
-2.751216e-09,-0.0041112879
-2.651216e-09,-0.0040567153
-2.551216e-09,-0.003994244
-2.451216e-09,-0.0039382353
-2.351216e-09,-0.0038980239
-2.251216e-09,-0.0038721737
-2.151216e-09,-0.0038484777
-2.051216e-09,-0.0038118566
-1.951216e-09,-0.0037515395
-1.851216e-09,-0.0036668084
-1.751216e-09,-0.0035641257
-1.651216e-09,-0.0034556985
-1.551216e-09,-0.0033515797
-1.451216e-09,-0.0032539235
-1.351216e-09,-0.0031548311
-1.251216e-09,-0.0030420956
-1.151216e-09,-0.0029056641
-1.051216e-09,-0.0027405101
-9.512162e-10,-0.0025530963
-8.512162e-10,-0.0023527574
-7.512162e-10,-0.0021495462
-6.512162e-10,-0.0019477711
-5.512162e-10,-0.0017459961
-4.512162e-10,-0.0015370404
-3.512162e-10,-0.0013130055
-2.512162e-10,-0.0010717371
-1.512162e-10,-0.00081467142
-5.121624e-11,-0.00054898897
4.878376e-11,-0.00028330653
1.487838e-10,-2.3368566e-05
2.487838e-10,0.00023154297
3.487838e-10,0.00048501838
4.487838e-10,0.00074064798
5.487838e-10,0.0010020221
6.487838e-10,0.0012662684
7.487838e-10,0.0015305147
8.487838e-10,0.0017890165
9.487838e-10,0.0020381836
1.048784e-09,0.0022772978
1.148784e-09,0.0025070772
1.248784e-09,0.002728958
1.348784e-09,0.00294294
1.448784e-09,0.0031490234
1.548784e-09,0.0033457721
1.648784e-09,0.0035324678
1.748784e-09,0.0037098288
1.848784e-09,0.0038807273
1.948784e-09,0.0040465993
2.048784e-09,0.0042081629
2.148784e-09,0.0043639821
2.248784e-09,0.0045097484
2.348784e-09,0.0046440257
2.448784e-09,0.0047646599
2.548784e-09,0.004871651
2.648784e-09,0.0049693072
2.748784e-09,0.0050576287
2.848784e-09,0.0051380515
2.948784e-09,0.0052098575
3.048784e-09,0.0052716108
3.148784e-09,0.005321875
3.248784e-09,0.0053642406
3.348784e-09,0.0054022978
3.448784e-09,0.005440355
3.548784e-09,0.0054827206
3.648784e-09,0.0055272403
3.748784e-09,0.0055696059
3.848784e-09,0.005605509
3.948784e-09,0.0056320772
4.048784e-09,0.0056493107
4.148784e-09,0.0056622358
4.248784e-09,0.0056744428
4.348784e-09,0.0056895221
4.448784e-09,0.0057060375
4.548784e-09,0.0057196806
4.648784e-09,0.0057268612
4.748784e-09,0.005723989
4.848784e-09,0.0057153722
4.948784e-09,0.0057081916
5.048784e-09,0.0057096278
5.148784e-09,0.005723989
5.248784e-09,0.005748403
5.348784e-09,0.0057742532
5.448784e-09,0.0057914867
5.548784e-09,0.0057929228
5.648784e-09,0.0057771255
5.748784e-09,0.0057498392
5.848784e-09,0.0057211167
5.948784e-09,0.005701011
6.048784e-09,0.0056931124
6.148784e-09,0.0056959846
6.248784e-09,0.0057038833
6.348784e-09,0.0057125
6.448784e-09,0.0057189625
6.548784e-09,0.0057268612
6.648784e-09,0.0057390682
6.748784e-09,0.0057584559
6.848784e-09,0.0057843061
6.948784e-09,0.0058101563
7.048784e-09,0.0058295439
7.148784e-09,0.0058388787
7.248784e-09,0.0058403148
7.348784e-09,0.0058403148
7.448784e-09,0.0058460593
7.548784e-09,0.0058618566
7.648784e-09,0.0058841165
7.748784e-09,0.0059042222
7.848784e-09,0.005913557
7.948784e-09,0.0059078125
8.048784e-09,0.005890579
8.148784e-09,0.0058726275
8.248784e-09,0.0058683192
8.348784e-09,0.0058848346
8.448784e-09,0.0059193015
8.548784e-09,0.0059602309
8.648784e-09,0.0059911075
8.748784e-09,0.0059997243
8.848784e-09,0.0059839269
8.948784e-09,0.0059537684
9.048784e-09,0.0059236098
9.148784e-09,0.0059078125
9.248784e-09,0.0059106847
9.348784e-09,0.005925764
9.448784e-09,0.0059401252
9.548784e-09,0.0059422794
9.648784e-09,0.0059279182
9.748784e-09,0.005902068
9.848784e-09,0.0058798081
9.948784e-09,0.0058733456
1.004878e-08,0.0058877068
1.014878e-08,0.0059164292
1.024878e-08,0.0059473058
1.034878e-08,0.0059652574
1.044878e-08,0.0059631032
1.054878e-08,0.0059429975
1.064878e-08,0.0059164292
1.074878e-08,0.0058963235
1.084878e-08,0.005889861
1.094878e-08,0.0058977597
1.104878e-08,0.0059099667
1.114878e-08,0.0059193015
1.124878e-08,0.0059200195
1.134878e-08,0.005914275
1.144878e-08,0.0059114028
1.154878e-08,0.0059193015
1.164878e-08,0.0059401252
1.174878e-08,0.0059674115
1.184878e-08,0.0059911075
1.194878e-08,0.0059997243
1.204878e-08,0.0059882353
1.214878e-08,0.0059623851
1.224878e-08,0.0059315085
1.234878e-08,0.0059078125
1.244878e-08,0.0058977597
1.254878e-08,0.0058977597
1.264878e-08,0.0059006319
1.274878e-08,0.0058963235
1.284878e-08,0.0058812443
1.294878e-08,0.0058589844
1.304878e-08,0.0058381606
1.314878e-08,0.0058273897
1.324878e-08,0.0058302619
1.334878e-08,0.0058410329
1.344878e-08,0.0058510857
1.354878e-08,0.0058503676
1.364878e-08,0.0058360064
1.374878e-08,0.0058115924
1.384878e-08,0.0057871783
1.394878e-08,0.0057699449
1.404878e-08,0.0057627642
1.414878e-08,0.0057606101
1.424878e-08,0.0057534295
1.434878e-08,0.0057354779
1.444878e-08,0.0057067555
1.454878e-08,0.0056758789
1.464878e-08,0.0056550551
1.474878e-08,0.0056550551
1.484878e-08,0.0056751608
1.494878e-08,0.0057074736
1.504878e-08,0.0057354779
1.514878e-08,0.0057469669
1.524878e-08,0.0057383502
1.534878e-08,0.0057153722
1.544878e-08,0.0056916762
1.554878e-08,0.0056780331
1.564878e-08,0.0056794692
1.574878e-08,0.005688804
1.584878e-08,0.0056952665
1.594878e-08,0.0056895221
1.604878e-08,0.0056694164
1.614878e-08,0.0056442842
1.624878e-08,0.0056277688
1.634878e-08,0.0056320772
1.644878e-08,0.0056586455
1.654878e-08,0.0056981388
1.664878e-08,0.0057326057
1.674878e-08,0.0057469669
1.684878e-08,0.0057369141
1.694878e-08,0.0057089097
1.704878e-08,0.0056801873
1.714878e-08,0.0056665441
1.724878e-08,0.0056751608
1.734878e-08,0.005701011
1.744878e-08,0.0057304515
1.754878e-08,0.0057469669
1.764878e-08,0.0057440947
1.774878e-08,0.0057268612
1.784878e-08,0.0057074736
1.794878e-08,0.005701011
1.804878e-08,0.0057153722
1.814878e-08,0.0057455308
1.824878e-08,0.0057807158
1.834878e-08,0.0058044118
1.844878e-08,0.0058094382
1.854878e-08,0.0057986673
1.864878e-08,0.0057814338
1.874878e-08,0.0057699449
1.884878e-08,0.0057706629
1.894878e-08,0.0057799977
1.904878e-08,0.0057871783
1.914878e-08,0.0057814338
1.924878e-08,0.0057584559
1.934878e-08,0.0057254251
1.944878e-08,0.0056938304
1.954878e-08,0.0056780331
1.964878e-08,0.0056837776
1.974878e-08,0.0057067555
1.984878e-08,0.0057326057
1.994878e-08,0.0057469669
2.004878e-08,0.0057419405
2.014878e-08,0.0057189625
2.024878e-08,0.0056895221
2.034878e-08,0.0056665441
2.044878e-08,0.0056572093
2.054878e-08,0.0056600816
2.064878e-08,0.0056672622
2.074878e-08,0.0056665441
2.084878e-08,0.005652901
2.094878e-08,0.005629205
2.104878e-08,0.0056040728
2.114878e-08,0.0055861213
2.124878e-08,0.0055803768
2.134878e-08,0.005582531
2.144878e-08,0.0055839671
2.154878e-08,0.0055746324
2.164878e-08,0.0055530905
2.174878e-08,0.0055250862
2.184878e-08,0.0055013902
2.194878e-08,0.0054942096
2.204878e-08,0.0055056985
2.214878e-08,0.0055286765
2.224878e-08,0.0055523725
2.234878e-08,0.0055631434
2.244878e-08,0.005558117
2.254878e-08,0.0055423196
2.264878e-08,0.0055286765
2.274878e-08,0.0055286765
2.284878e-08,0.005546628
2.294878e-08,0.0055775046
2.304878e-08,0.005606227
2.314878e-08,0.0056205882
2.324878e-08,0.0056148438
2.334878e-08,0.0055947381
2.344878e-08,0.0055731962
2.354878e-08,0.0055631434
2.364878e-08,0.005571042
2.374878e-08,0.0055918658
2.384878e-08,0.0056134076
2.394878e-08,0.0056205882
2.404878e-08,0.0056076631
2.414878e-08,0.0055789407
2.424878e-08,0.005547346
2.434878e-08,0.0055286765
2.444878e-08,0.0055329848
2.454878e-08,0.0055573989
2.464878e-08,0.0055918658
2.474878e-08,0.0056205882
2.484878e-08,0.0056327953
2.494878e-08,0.0056256147
2.504878e-08,0.005606227
2.514878e-08,0.0055861213
2.524878e-08,0.0055717601
2.534878e-08,0.0055638614
2.544878e-08,0.0055566808
2.554878e-08,0.0055401654
2.564878e-08,0.005510725
2.574878e-08,0.0054705136
2.584878e-08,0.0054310202
2.594878e-08,0.0054022978
2.604878e-08,0.005392963
2.614878e-08,0.0054022978
2.624878e-08,0.0054209674
2.634878e-08,0.0054367647
2.644878e-08,0.0054410731
2.654878e-08,0.0054303022
2.664878e-08,0.0054116326
2.674878e-08,0.0053908088
2.684878e-08,0.0053750115
2.694878e-08,0.0053642406
2.704878e-08,0.0053527516
2.714878e-08,0.005333364
2.724878e-08,0.0053024874
2.734878e-08,0.0052637121
2.744878e-08,0.0052242188
2.754878e-08,0.0051954963
2.764878e-08,0.0051832893
2.774878e-08,0.0051868796
2.784878e-08,0.0051983686
2.794878e-08,0.0052069853
2.804878e-08,0.0052041131
2.814878e-08,0.0051897518
2.824878e-08,0.00516821
2.834878e-08,0.0051495404
2.844878e-08,0.0051409237
2.854878e-08,0.005143796
2.864878e-08,0.0051538488
2.874878e-08,0.0051610294
2.884878e-08,0.0051588752
2.894878e-08,0.0051430779
2.904878e-08,0.0051186638
2.914878e-08,0.0050920956
2.924878e-08,0.0050719899
2.934878e-08,0.0050626551
2.944878e-08,0.0050626551
2.954878e-08,0.0050691176
2.964878e-08,0.0050755802
2.974878e-08,0.0050777344
2.984878e-08,0.0050755802
2.994878e-08,0.0050691176
3.004878e-08,0.005061219
3.014878e-08,0.0050533203
3.024878e-08,0.0050447036
3.034878e-08,0.0050346507
3.044878e-08,0.0050231618
3.054878e-08,0.0050102367
3.064878e-08,0.0049987477
3.074878e-08,0.0049886949
3.084878e-08,0.0049807962
3.094878e-08,0.0049728975
3.104878e-08,0.0049642808
3.114878e-08,0.0049542279
3.124878e-08,0.0049441751
3.134878e-08,0.0049369945
3.144878e-08,0.0049334042
3.154878e-08,0.00493125
3.164878e-08,0.0049255055
3.174878e-08,0.0049104262
3.184878e-08,0.0048809858
3.194878e-08,0.0048393382
3.204878e-08,0.0047919462
3.214878e-08,0.0047495807
3.224878e-08,0.0047222943
3.234878e-08,0.0047129596
3.244878e-08,0.0047172679
3.254878e-08,0.0047244485
3.264878e-08,0.0047215763
3.274878e-08,0.0047014706
3.284878e-08,0.0046655676
3.294878e-08,0.004623202
3.304878e-08,0.0045858628
3.314878e-08,0.0045636029
3.324878e-08,0.0045564223
3.334878e-08,0.0045571404
3.344878e-08,0.0045549862
3.354878e-08,0.004540625
3.364878e-08,0.0045119026
3.374878e-08,0.0044759995
3.384878e-08,0.0044436868
3.394878e-08,0.0044257353
3.404878e-08,0.0044250172
3.414878e-08,0.0044357881
3.424878e-08,0.0044465591
3.434878e-08,0.0044487132
3.444878e-08,0.0044365062
3.454878e-08,0.0044149644
3.464878e-08,0.0043927045
3.474878e-08,0.0043797794
3.484878e-08,0.0043797794
3.494878e-08,0.0043891142
3.504878e-08,0.0043998851
3.514878e-08,0.0044027574
3.524878e-08,0.0043941406
3.534878e-08,0.0043783433
3.544878e-08,0.004363264
3.554878e-08,0.0043568015
3.564878e-08,0.0043611098
3.574878e-08,0.0043704446
3.584878e-08,0.0043761891
3.594878e-08,0.0043682904
3.604878e-08,0.0043445944
3.614878e-08,0.0043115636
3.624878e-08,0.004280687
3.634878e-08,0.0042648897
3.644878e-08,0.0042691981
3.654878e-08,0.0042900218
3.664878e-08,0.004315872
3.674878e-08,0.0043338235
3.684878e-08,0.0043352597
3.694878e-08,0.0043208984
3.704878e-08,0.0042972024
3.714878e-08,0.0042763787
3.724878e-08,0.0042663258
3.734878e-08,0.00426848
3.744878e-08,0.0042785329
3.754878e-08,0.0042878676
3.764878e-08,0.004291458
3.774878e-08,0.0042893038
3.784878e-08,0.0042864315
3.794878e-08,0.0042878676
3.804878e-08,0.0042972024
3.814878e-08,0.0043115636
3.824878e-08,0.0043230526
3.834878e-08,0.0043223346
3.844878e-08,0.0043051011
3.854878e-08,0.0042735064
3.864878e-08,0.0042368853
3.874878e-08,0.0042074449
3.884878e-08,0.0041930836
3.894878e-08,0.0041966739
3.904878e-08,0.0042117532
3.914878e-08,0.0042304228
3.924878e-08,0.0042433479
3.934878e-08,0.0042455021
3.944878e-08,0.0042397576
3.954878e-08,0.0042304228
3.964878e-08,0.0042225241
3.974878e-08,0.0042167796
3.984878e-08,0.0042131893
3.994878e-08,0.0042074449
4.004878e-08,0.0041959559
4.014878e-08,0.0041787224
4.024878e-08,0.0041578987
4.034878e-08,0.004138511
4.044878e-08,0.0041219956
4.054878e-08,0.0041090705
4.064878e-08,0.0040968635
4.074878e-08,0.0040810662
4.084878e-08,0.0040609605
4.094878e-08,0.0040387006
4.104878e-08,0.0040171588
4.114878e-08,0.0040006434
4.124878e-08,0.0039898725
4.134878e-08,0.0039819738
4.144878e-08,0.003971921
4.154878e-08,0.0039546875
4.164878e-08,0.0039288373
4.174878e-08,0.0038965246
4.184878e-08,0.0038649299
4.194878e-08,0.0038397978
4.204878e-08,0.0038247185
4.214878e-08,0.003818974
4.224878e-08,0.003818256
4.234878e-08,0.0038168199
4.244878e-08,0.0038117934
4.254878e-08,0.0038024586
4.264878e-08,0.0037916877
4.274878e-08,0.0037823529
4.284878e-08,0.0037751723
4.294878e-08,0.0037694278
4.304878e-08,0.0037615292
4.314878e-08,0.003747886
4.324878e-08,0.0037292165
4.334878e-08,0.0037076746
4.344878e-08,0.0036897231
4.354878e-08,0.0036789522
4.364878e-08,0.00367608
4.374878e-08,0.0036789522
4.384878e-08,0.0036811064
4.394878e-08,0.0036789522
4.404878e-08,0.0036710535
4.414878e-08,0.0036595646
4.424878e-08,0.0036495117
4.434878e-08,0.0036444853
4.444878e-08,0.0036452034
4.454878e-08,0.0036466395
4.464878e-08,0.0036444853
4.474878e-08,0.0036329963
4.484878e-08,0.0036128906
4.494878e-08,0.0035899127
4.504878e-08,0.0035712431
4.514878e-08,0.0035640625
4.524878e-08,0.003570525
4.534878e-08,0.0035863224
4.544878e-08,0.0036021197
4.554878e-08,0.0036100184
4.564878e-08,0.003604992
4.574878e-08,0.0035891946
4.584878e-08,0.0035683709
4.594878e-08,0.0035525735
4.604878e-08,0.003546111
4.614878e-08,0.0035482652
4.624878e-08,0.0035532916
4.634878e-08,0.0035525735
4.644878e-08,0.0035410846
4.654878e-08,0.0035181066
4.664878e-08,0.0034886661
4.674878e-08,0.0034606618
4.684878e-08,0.0034419922
4.694878e-08,0.0034362477
4.704878e-08,0.0034405561
4.714878e-08,0.0034491728
4.724878e-08,0.0034549173
4.734878e-08,0.0034527631
4.744878e-08,0.0034427102
4.754878e-08,0.0034261949
4.764878e-08,0.0034068072
4.774878e-08,0.0033881376
4.784878e-08,0.0033716222
4.794878e-08,0.003357261
4.804878e-08,0.003345054
4.814878e-08,0.0033350011
4.824878e-08,0.0033271025
4.834878e-08,0.0033227941
4.844878e-08,0.0033206399
4.854878e-08,0.0033192038
4.864878e-08,0.0033170496
4.874878e-08,0.0033113051
4.884878e-08,0.0033026884
4.894878e-08,0.0032926356
4.904878e-08,0.0032840188
4.914878e-08,0.0032768382
4.924878e-08,0.0032710938
4.934878e-08,0.0032646312
4.944878e-08,0.0032552964
4.954878e-08,0.0032423713
4.964878e-08,0.003226574
4.974878e-08,0.0032122128
4.984878e-08,0.0032014419
4.994878e-08,0.0031964154
5.004878e-08,0.0031949793
5.014878e-08,0.0031928251
5.024878e-08,0.0031863626
5.034878e-08,0.0031734375
5.044878e-08,0.0031576402
5.054878e-08,0.003143279
5.064878e-08,0.0031360983
5.074878e-08,0.0031389706
5.084878e-08,0.0031475873
5.094878e-08,0.003155486
5.104878e-08,0.0031540499
5.114878e-08,0.0031389706
5.124878e-08,0.0031109662
5.134878e-08,0.0030764993
5.144878e-08,0.0030449046
5.154878e-08,0.0030240809
5.164878e-08,0.0030154642
5.174878e-08,0.0030154642
5.184878e-08,0.0030161822
5.194878e-08,0.0030125919
5.204878e-08,0.0030032571
5.214878e-08,0.0029917682
5.224878e-08,0.0029860237
5.234878e-08,0.002989614
5.244878e-08,0.0030032571
5.254878e-08,0.0030219267
5.264878e-08,0.0030348518
5.274878e-08,0.0030355699
5.284878e-08,0.0030212086
5.294878e-08,0.0029967946
5.304878e-08,0.0029716625
5.314878e-08,0.0029551471
5.324878e-08,0.0029529929
5.334878e-08,0.0029630457
5.344878e-08,0.002978125
5.354878e-08,0.002989614
5.364878e-08,0.0029917682
5.374878e-08,0.0029831514
5.384878e-08,0.0029687902
5.394878e-08,0.0029551471
5.404878e-08,0.0029458123
5.414878e-08,0.0029407858
5.424878e-08,0.0029379136
5.434878e-08,0.0029321691
5.444878e-08,0.0029228343
5.454878e-08,0.0029113454
5.464878e-08,0.0029012925
5.474878e-08,0.0028977022
5.484878e-08,0.0028991383
5.494878e-08,0.0029020106
5.504878e-08,0.0028998564
5.514878e-08,0.0028862132
5.524878e-08,0.0028610811
5.534878e-08,0.0028294864
5.544878e-08,0.002800764
5.554878e-08,0.0027828125
5.564878e-08,0.0027785041
5.574878e-08,0.0027835306
5.584878e-08,0.002788557
5.594878e-08,0.0027828125
5.604878e-08,0.0027598346
5.614878e-08,0.0027217773
5.624878e-08,0.0026758215
5.634878e-08,0.0026334559
5.644878e-08,0.0026040154
5.654878e-08,0.0025903722
5.664878e-08,0.0025875
5.674878e-08,0.0025875
5.684878e-08,0.0025810375
5.694878e-08,0.002563804
5.704878e-08,0.0025372358
5.714878e-08,0.0025070772
5.724878e-08,0.0024797909
5.734878e-08,0.0024596852
5.744878e-08,0.0024467601
5.754878e-08,0.0024381434
5.764878e-08,0.0024288086
5.774878e-08,0.0024158835
5.784878e-08,0.0023993681
5.794878e-08,0.0023806985
5.804878e-08,0.002362747
5.814878e-08,0.0023476677
5.824878e-08,0.0023347426
5.834878e-08,0.0023232537
5.844878e-08,0.0023110466
5.854878e-08,0.0022988396
5.864878e-08,0.0022866326
5.874878e-08,0.0022772978
5.884878e-08,0.0022715533
5.894878e-08,0.0022693991
5.904878e-08,0.0022686811
5.914878e-08,0.0022658088
5.924878e-08,0.0022600643
5.934878e-08,0.0022500115
5.944878e-08,0.0022399586
5.954878e-08,0.0022313419
5.964878e-08,0.0022270335
5.974878e-08,0.0022263155
5.984878e-08,0.0022284697
5.994878e-08,0.0022313419
6.004878e-08,0.00223206
6.014878e-08,0.0022313419
6.024878e-08,0.0022306239
6.034878e-08,0.0022313419
6.044878e-08,0.0022349322
6.054878e-08,0.0022392406
6.064878e-08,0.0022428309
6.074878e-08,0.0022428309
6.084878e-08,0.0022370864
6.094878e-08,0.0022270335
6.104878e-08,0.0022162626
6.114878e-08,0.002208364
6.124878e-08,0.0022062098
6.134878e-08,0.002209082
6.144878e-08,0.0022155446
6.154878e-08,0.0022198529
6.164878e-08,0.0022191349
6.174878e-08,0.0022119543
6.184878e-08,0.0021990292
6.194878e-08,0.002185386
6.204878e-08,0.0021738971
6.214878e-08,0.0021674345
6.224878e-08,0.0021645623
6.234878e-08,0.0021624081
6.244878e-08,0.0021573817
6.254878e-08,0.0021473288
6.264878e-08,0.0021329676
6.274878e-08,0.0021164522
6.284878e-08,0.0021035271
6.294878e-08,0.0020970646
6.304878e-08,0.0020985007
6.314878e-08,0.0021049632
6.324878e-08,0.0021114258
6.334878e-08,0.0021121438
6.344878e-08,0.0021028091
6.354878e-08,0.0020819853
6.364878e-08,0.0020532629
6.374878e-08,0.0020223863
6.384878e-08,0.001995818
6.394878e-08,0.0019785846
6.404878e-08,0.001971404
6.414878e-08,0.001971404
6.424878e-08,0.001972122
6.434878e-08,0.0019670956
6.444878e-08,0.0019520163
6.454878e-08,0.0019268842
6.464878e-08,0.0018945715
6.474878e-08,0.0018636949
6.484878e-08,0.0018407169
6.494878e-08,0.001829946
6.504878e-08,0.0018313821
6.514878e-08,0.0018407169
6.524878e-08,0.0018500517
6.534878e-08,0.0018514878
6.544878e-08,0.0018399989
6.554878e-08,0.001817739
6.564878e-08,0.0017897346
6.574878e-08,0.0017638844
6.584878e-08,0.0017488051
6.594878e-08,0.0017488051
6.604878e-08,0.0017617302
6.614878e-08,0.0017811179
6.624878e-08,0.0017990694
6.634878e-08,0.00180625
6.644878e-08,0.0017997875
6.654878e-08,0.0017803998
6.664878e-08,0.0017531135
6.674878e-08,0.0017258272
6.684878e-08,0.0017042854
6.694878e-08,0.0016913603
6.704878e-08,0.0016884881
6.714878e-08,0.0016913603
6.724878e-08,0.0016956687
6.734878e-08,0.0016963867
6.744878e-08,0.0016913603
6.754878e-08,0.0016798713
6.764878e-08,0.0016626379
6.774878e-08,0.0016432502
6.784878e-08,0.0016245807
6.794878e-08,0.0016109375
6.804878e-08,0.001604475
6.814878e-08,0.0016066291
6.824878e-08,0.0016138097
6.834878e-08,0.0016224265
6.844878e-08,0.0016267348
6.854878e-08,0.0016209903
6.864878e-08,0.0016037569
6.874878e-08,0.0015764706
6.884878e-08,0.0015441579
6.894878e-08,0.0015147174
6.904878e-08,0.0014938936
6.914878e-08,0.0014845588
6.924878e-08,0.0014845588
6.934878e-08,0.0014881491
6.944878e-08,0.0014859949
6.954878e-08,0.0014730699
6.964878e-08,0.0014479377
6.974878e-08,0.0014141889
6.984878e-08,0.0013818761
6.994878e-08,0.0013581801
7.004878e-08,0.0013502815
7.014878e-08,0.0013574621
7.024878e-08,0.0013746955
7.034878e-08,0.0013926471
7.044878e-08,0.0014019818
7.054878e-08,0.0013969554
7.064878e-08,0.0013768497
7.074878e-08,0.0013466912
7.084878e-08,0.0013136604
7.094878e-08,0.001284938
7.104878e-08,0.0012648323
7.114878e-08,0.0012547794
7.124878e-08,0.0012519072
7.134878e-08,0.0012526252
7.144878e-08,0.0012540614
7.154878e-08,0.0012547794
7.164878e-08,0.0012547794
7.174878e-08,0.0012526252
7.184878e-08,0.001249753
7.194878e-08,0.0012432904
7.204878e-08,0.0012325195
7.214878e-08,0.0012181583
7.224878e-08,0.0012016429
7.234878e-08,0.0011858456
7.244878e-08,0.0011765108
7.254878e-08,0.0011750747
7.264878e-08,0.0011836914
7.274878e-08,0.0011973346
7.284878e-08,0.0012109777
7.294878e-08,0.0012188764
7.304878e-08,0.0012181583
7.314878e-08,0.0012088235
7.324878e-08,0.0011958984
7.334878e-08,0.0011858456
7.344878e-08,0.0011822553
7.354878e-08,0.0011858456
7.364878e-08,0.0011930262
7.374878e-08,0.0011980526
7.384878e-08,0.0011923081
7.394878e-08,0.0011743566
7.404878e-08,0.0011449161
7.414878e-08,0.0011104492
7.424878e-08,0.0010795726
7.434878e-08,0.0010594669
7.444878e-08,0.0010537224
7.454878e-08,0.001060185
7.464878e-08,0.0010716739
7.474878e-08,0.0010824449
7.484878e-08,0.0010853171
7.494878e-08,0.0010795726
7.504878e-08,0.0010659295
7.514878e-08,0.0010479779
7.524878e-08,0.0010307445
7.534878e-08,0.0010149472
7.544878e-08,0.0010027401
7.554878e-08,0.00099053309
7.564878e-08,0.000977608
7.574878e-08,0.00096324678
7.584878e-08,0.00094816751
7.594878e-08,0.00093308824
7.604878e-08,0.00092016314
7.614878e-08,0.00091011029
7.624878e-08,0.00090364775
7.634878e-08,0.00089862132
7.644878e-08,0.00089503102
7.654878e-08,0.00089215878
7.664878e-08,0.0008900046
7.674878e-08,0.00088713235
7.684878e-08,0.00088354205
7.694878e-08,0.00087851563
7.704878e-08,0.00087133502
7.714878e-08,0.00086415441
7.724878e-08,0.00085769187
7.734878e-08,0.00085553768
7.744878e-08,0.00085769187
7.754878e-08,0.00086415441
7.764878e-08,0.00087205308
7.774878e-08,0.00087636144
7.784878e-08,0.00087420726
7.794878e-08,0.00086415441
7.804878e-08,0.00084835708
7.814878e-08,0.00083184168
7.824878e-08,0.00082035271
7.834878e-08,0.00081819853
7.844878e-08,0.00082537914
7.854878e-08,0.00083902229
7.864878e-08,0.00085410156
7.874878e-08,0.00086415441
7.884878e-08,0.00086774472
7.894878e-08,0.00086487247
7.904878e-08,0.00085912799
7.914878e-08,0.00085266544
7.924878e-08,0.00084692096
7.934878e-08,0.00084045841
7.944878e-08,0.00083184168
7.954878e-08,0.00081819853
7.964878e-08,0.00079952895
7.974878e-08,0.00077942325
7.984878e-08,0.00076147174
7.994878e-08,0.00074926471
8.004878e-08,0.00074423828
8.014878e-08,0.00074280216
8.024878e-08,0.00074280216
8.034878e-08,0.00073777574
8.044878e-08,0.00072700483
8.054878e-08,0.00071120749
8.064878e-08,0.00069397403
8.074878e-08,0.00068033088
8.084878e-08,0.00067171415
8.094878e-08,0.00066740579
8.104878e-08,0.00066381549
8.114878e-08,0.00065735294
8.124878e-08,0.00064442785
8.134878e-08,0.00062647633
8.144878e-08,0.00060637063
8.154878e-08,0.00058841912
8.164878e-08,0.00057549403
8.174878e-08,0.00056759536
8.184878e-08,0.00056185087
8.194878e-08,0.00055395221
8.204878e-08,0.00054102711
8.214878e-08,0.00052163948
8.224878e-08,0.00049794347
8.234878e-08,0.00047352941
8.244878e-08,0.00045198759
8.254878e-08,0.00043475414
8.264878e-08,0.00042326517
8.274878e-08,0.00041608456
8.284878e-08,0.00041034007
8.294878e-08,0.00040531365
8.304878e-08,0.00039956916
8.314878e-08,0.00039310662
8.324878e-08,0.00038520795
8.334878e-08,0.00037587316
8.344878e-08,0.00036294807
8.354878e-08,0.00034715074
8.364878e-08,0.00032919922
8.374878e-08,0.00031196576
8.384878e-08,0.00029760455
8.394878e-08,0.00028970588
8.404878e-08,0.00028826976
8.414878e-08,0.00029186006
8.424878e-08,0.00029760455
8.434878e-08,0.00030119485
8.444878e-08,0.00030119485
8.454878e-08,0.00029832261
8.464878e-08,0.00029401425
8.474878e-08,0.00028970588
8.484878e-08,0.0002875517
8.494878e-08,0.00028611558
8.504878e-08,0.0002839614
8.514878e-08,0.00027821691
8.524878e-08,0.00026816406
8.534878e-08,0.00025523897
8.544878e-08,0.00024159582
8.554878e-08,0.00023226103
8.564878e-08,0.00022867073
8.574878e-08,0.00023154297
8.584878e-08,0.00023728745
8.594878e-08,0.00024375
8.604878e-08,0.00024662224
8.614878e-08,0.00024518612
8.624878e-08,0.00023944164
8.634878e-08,0.00023226103
8.644878e-08,0.00022579848
8.654878e-08,0.00022077206
8.664878e-08,0.00021646369
8.674878e-08,0.00020928309
8.684878e-08,0.00019851218
8.694878e-08,0.00018271484
8.704878e-08,0.00016619945
8.714878e-08,0.00015183824
8.724878e-08,0.00014322151
8.734878e-08,0.00014250345
8.744878e-08,0.00014681181
8.754878e-08,0.00015183824
8.764878e-08,0.00015183824
8.774878e-08,0.00014250345
8.784878e-08,0.00012598805
8.794878e-08,0.00010588235
8.804878e-08,8.9366958e-05
8.814878e-08,8.3622472e-05
8.824878e-08,9.0085018e-05
8.834878e-08,0.00010588235
8.844878e-08,0.00012383387
8.854878e-08,0.00013532284
8.864878e-08,0.00013316866
8.874878e-08,0.00011737132
8.884878e-08,9.22392e-05
8.894878e-08,6.7107077e-05
8.904878e-08,5.0591682e-05
8.914878e-08,4.84375e-05
8.924878e-08,6.0644531e-05
8.934878e-08,8.2186351e-05
8.944878e-08,0.00010372817
8.954878e-08,0.00011737132
8.964878e-08,0.00011952551
8.974878e-08,0.00011162684
8.984878e-08,9.7265625e-05
8.994878e-08,8.2904412e-05
9.004878e-08,7.1415441e-05
9.014878e-08,6.4234835e-05
9.024878e-08,5.7054228e-05
9.034878e-08,4.84375e-05
9.044878e-08,3.4794347e-05
9.054878e-08,1.612477e-05
9.064878e-08,-3.2628676e-06
9.074878e-08,-2.0496324e-05
9.084878e-08,-3.1267233e-05
9.094878e-08,-3.5575597e-05
9.104878e-08,-3.4139476e-05
9.114878e-08,-3.1985294e-05
9.124878e-08,-3.1985294e-05
9.134878e-08,-3.7729779e-05
9.144878e-08,-4.921875e-05
9.154878e-08,-6.6452206e-05
9.164878e-08,-8.6557904e-05
9.174878e-08,-0.00010738166
9.184878e-08,-0.00012820542
9.194878e-08,-0.000146875
9.204878e-08,-0.00016195427
9.214878e-08,-0.00017344324
9.224878e-08,-0.00017918773
9.234878e-08,-0.00018134191
9.244878e-08,-0.00018134191
9.254878e-08,-0.00018134191
9.264878e-08,-0.00018493222
9.274878e-08,-0.00019283088
9.284878e-08,-0.00020503791
9.294878e-08,-0.00021868107
9.304878e-08,-0.00023017004
9.314878e-08,-0.00023878676
9.324878e-08,-0.00024309513
9.334878e-08,-0.00024453125
9.344878e-08,-0.00024596737
9.354878e-08,-0.00025027574
9.364878e-08,-0.00025673828
9.374878e-08,-0.00026463695
9.384878e-08,-0.00027109949
9.394878e-08,-0.00027325368
9.404878e-08,-0.00027038143
9.414878e-08,-0.00026391889
9.424878e-08,-0.00025602022
9.434878e-08,-0.00025027574
9.444878e-08,-0.00024740349
9.454878e-08,-0.00024668543
9.464878e-08,-0.00024812155
9.474878e-08,-0.00025027574
9.484878e-08,-0.00025314798
9.494878e-08,-0.00025745634
9.504878e-08,-0.00026463695
9.514878e-08,-0.00027325368
9.524878e-08,-0.00028115234
9.534878e-08,-0.00028402459
9.544878e-08,-0.0002782801
9.554878e-08,-0.00026176471
9.564878e-08,-0.00023663258
9.574878e-08,-0.00020862822
9.584878e-08,-0.00018421415
9.594878e-08,-0.00016985294
9.604878e-08,-0.00016769876
9.614878e-08,-0.00017631549
9.624878e-08,-0.0001906767
9.634878e-08,-0.00020431985
9.644878e-08,-0.0002143727
9.654878e-08,-0.00022011719
9.664878e-08,-0.00022370749
9.674878e-08,-0.00022729779
9.684878e-08,-0.00023304228
9.694878e-08,-0.00024094095
9.704878e-08,-0.00024740349
9.714878e-08,-0.00025027574
9.724878e-08,-0.00024955767
9.734878e-08,-0.00024668543
9.744878e-08,-0.00024596737
9.754878e-08,-0.00025027574
9.764878e-08,-0.00026176471
9.774878e-08,-0.00027971622
9.784878e-08,-0.00030053998
9.794878e-08,-0.00031920956
9.804878e-08,-0.00033357077
9.814878e-08,-0.00034434168
9.824878e-08,-0.00035367647
9.834878e-08,-0.00036516544
9.844878e-08,-0.00037952665
9.854878e-08,-0.00039676011
9.864878e-08,-0.00041255744
9.874878e-08,-0.00042261029
9.884878e-08,-0.00042548254
9.894878e-08,-0.00042189223
9.904878e-08,-0.00041542969
9.914878e-08,-0.00041112132
9.924878e-08,-0.00041327551
9.934878e-08,-0.00042189223
9.944878e-08,-0.00043409926
9.954878e-08,-0.00044558824
9.964878e-08,-0.00045133272
9.974878e-08,-0.00044917854
9.984878e-08,-0.00044199793
9.994878e-08,-0.00043409926
1.000488e-07,-0.00043050896
1.001488e-07,-0.00043409926
1.002488e-07,-0.00044415211
1.003488e-07,-0.00045707721
1.004488e-07,-0.00046713006
1.005488e-07,-0.00046928424
1.006488e-07,-0.00046138557
1.007488e-07,-0.00044558824
1.008488e-07,-0.0004262006
1.009488e-07,-0.00040896714
1.010488e-07,-0.00039963235
1.011488e-07,-0.00039963235
1.012488e-07,-0.00040896714
1.013488e-07,-0.00042476448
1.014488e-07,-0.00044271599
1.015488e-07,-0.00045707721
1.016488e-07,-0.00046569393
1.017488e-07,-0.00046784812
1.018488e-07,-0.00046425781
1.019488e-07,-0.00045707721
1.020488e-07,-0.00044846048
1.021488e-07,-0.00044127987
1.022488e-07,-0.00043697151
1.023488e-07,-0.00043409926
1.024488e-07,-0.00043266314
1.025488e-07,-0.00043050896
1.026488e-07,-0.00042691866
1.027488e-07,-0.00042261029
1.028488e-07,-0.00041830193
1.029488e-07,-0.00041686581
1.030488e-07,-0.00041758387
1.031488e-07,-0.00042261029
1.032488e-07,-0.0004297909
1.033488e-07,-0.00043768957
1.034488e-07,-0.00044271599
1.035488e-07,-0.00044558824
1.036488e-07,-0.00044558824
1.037488e-07,-0.00044343405
1.038488e-07,-0.00044271599
1.039488e-07,-0.00044558824
1.040488e-07,-0.00045205078
1.041488e-07,-0.00046282169
1.042488e-07,-0.00047646484
1.043488e-07,-0.00049154412
1.044488e-07,-0.00050734145
1.045488e-07,-0.00052242073
1.046488e-07,-0.00053606388
1.047488e-07,-0.00054898897
1.048488e-07,-0.00055904182
1.049488e-07,-0.00056622243
1.050488e-07,-0.00057053079
1.051488e-07,-0.00057196691
1.052488e-07,-0.00057340303
1.053488e-07,-0.00057699334
1.054488e-07,-0.00058417394
1.055488e-07,-0.00059494485
1.056488e-07,-0.00060858801
1.057488e-07,-0.0006215131
1.058488e-07,-0.00063300207
1.059488e-07,-0.00064090074
1.060488e-07,-0.00064808134
1.061488e-07,-0.00065598001
1.062488e-07,-0.0006689051
1.063488e-07,-0.00068685662
1.064488e-07,-0.00070768038
1.065488e-07,-0.00072778608
1.066488e-07,-0.00074142923
1.067488e-07,-0.00074430147
1.068488e-07,-0.00073712086
1.069488e-07,-0.00072275965
1.070488e-07,-0.00070839844
1.071488e-07,-0.00069834559
1.072488e-07,-0.00069762753
1.073488e-07,-0.00070552619
1.074488e-07,-0.00071916935
1.075488e-07,-0.0007328125
1.076488e-07,-0.00074286535
1.077488e-07,-0.00074645565
1.078488e-07,-0.00074573759
1.079488e-07,-0.00074430147
1.080488e-07,-0.00074430147
1.081488e-07,-0.00074789177
1.082488e-07,-0.00075220014
1.083488e-07,-0.00075579044
1.084488e-07,-0.00075435432
1.085488e-07,-0.00074717371
1.086488e-07,-0.00073424862
1.087488e-07,-0.00072132353
1.088488e-07,-0.00071198874
1.089488e-07,-0.00071055262
1.090488e-07,-0.00071773323
1.091488e-07,-0.0007328125
1.092488e-07,-0.00075148208
1.093488e-07,-0.00076871553
1.094488e-07,-0.00078235869
1.095488e-07,-0.00079025735
1.096488e-07,-0.0007931296
1.097488e-07,-0.0007931296
1.098488e-07,-0.00079169347
1.099488e-07,-0.00079025735
1.100488e-07,-0.00078953929
1.101488e-07,-0.00078882123
1.102488e-07,-0.00078953929
1.103488e-07,-0.00079025735
1.104488e-07,-0.0007931296
1.105488e-07,-0.0008003102
1.106488e-07,-0.00081036305
1.107488e-07,-0.00082472426
1.108488e-07,-0.0008405216
1.109488e-07,-0.00085488281
1.110488e-07,-0.00086565372
1.111488e-07,-0.00087068015
1.112488e-07,-0.00087139821
1.113488e-07,-0.00086924403
1.114488e-07,-0.0008678079
1.115488e-07,-0.00087068015
1.116488e-07,-0.00088001494
1.117488e-07,-0.00089437615
1.118488e-07,-0.00091232767
1.119488e-07,-0.000928125
1.120488e-07,-0.00093889591
1.121488e-07,-0.00094248621
1.122488e-07,-0.00094105009
1.123488e-07,-0.00093961397
1.124488e-07,-0.00094320427
1.125488e-07,-0.00095612937
1.126488e-07,-0.00097910731
1.127488e-07,-0.0010085478
1.128488e-07,-0.0010387063
1.129488e-07,-0.0010631204
1.130488e-07,-0.0010760455
1.131488e-07,-0.0010774816
1.132488e-07,-0.0010717371
1.133488e-07,-0.0010638385
1.134488e-07,-0.0010609662
1.135488e-07,-0.0010659926
1.136488e-07,-0.0010789177
1.137488e-07,-0.0010961512
1.138488e-07,-0.0011155388
1.139488e-07,-0.0011349265
1.140488e-07,-0.0011543141
1.141488e-07,-0.001176574
1.142488e-07,-0.0012009881
1.143488e-07,-0.0012268382
1.144488e-07,-0.0012505342
1.145488e-07,-0.0012677677
1.146488e-07,-0.0012749483
1.147488e-07,-0.0012727941
1.148488e-07,-0.0012670496
1.149488e-07,-0.0012656135
1.150488e-07,-0.0012742302
1.151488e-07,-0.0012957721
1.152488e-07,-0.0013259306
1.153488e-07,-0.0013582433
1.154488e-07,-0.0013840935
1.155488e-07,-0.0013991728
1.156488e-07,-0.0014056353
1.157488e-07,-0.0014085076
1.158488e-07,-0.0014164062
1.159488e-07,-0.0014336397
1.160488e-07,-0.0014580538
1.161488e-07,-0.001484622
1.162488e-07,-0.0015047277
1.163488e-07,-0.0015140625
1.164488e-07,-0.0015126264
1.165488e-07,-0.0015061638
1.166488e-07,-0.0015047277
1.167488e-07,-0.0015140625
1.168488e-07,-0.0015363224
1.169488e-07,-0.0015657629
1.170488e-07,-0.0015952034
1.171488e-07,-0.0016174632
1.172488e-07,-0.0016303883
1.173488e-07,-0.0016361328
1.174488e-07,-0.0016418773
1.175488e-07,-0.0016519301
1.176488e-07,-0.0016670094
1.177488e-07,-0.0016842429
1.178488e-07,-0.0016957318
1.179488e-07,-0.001697886
1.180488e-07,-0.0016899874
1.181488e-07,-0.0016770623
1.182488e-07,-0.0016662914
1.183488e-07,-0.0016634191
1.184488e-07,-0.0016691636
1.185488e-07,-0.0016792165
1.186488e-07,-0.0016863971
1.187488e-07,-0.0016863971
1.188488e-07,-0.0016792165
1.189488e-07,-0.0016720358
1.190488e-07,-0.0016727539
1.191488e-07,-0.0016863971
1.192488e-07,-0.0017115292
1.193488e-07,-0.0017388155
1.194488e-07,-0.001756767
1.195488e-07,-0.0017553309
1.196488e-07,-0.001733071
1.197488e-07,-0.001697886
1.198488e-07,-0.0016627011
1.199488e-07,-0.0016404412
1.200488e-07,-0.0016361328
1.201488e-07,-0.0016476218
1.202488e-07,-0.0016641372
1.203488e-07,-0.0016749081
1.204488e-07,-0.0016727539
1.205488e-07,-0.0016591108
1.206488e-07,-0.0016411592
1.207488e-07,-0.0016289522
1.208488e-07,-0.001626798
1.209488e-07,-0.0016339786
1.210488e-07,-0.0016411592
1.211488e-07,-0.0016404412
1.212488e-07,-0.0016275161
1.213488e-07,-0.0016052562
1.214488e-07,-0.0015829963
1.215488e-07,-0.0015715074
1.216488e-07,-0.0015772518
1.217488e-07,-0.0015995117
1.218488e-07,-0.0016282341
1.219488e-07,-0.0016519301
1.220488e-07,-0.0016612649
1.221488e-07,-0.0016540843
1.222488e-07,-0.0016361328
1.223488e-07,-0.0016174632
1.224488e-07,-0.0016081284
1.225488e-07,-0.0016110007
1.226488e-07,-0.0016246438
1.227488e-07,-0.0016404412
1.228488e-07,-0.0016512121
1.229488e-07,-0.0016533663
1.230488e-07,-0.0016476218
1.231488e-07,-0.0016404412
1.232488e-07,-0.0016368509
1.233488e-07,-0.0016404412
1.234488e-07,-0.001650494
1.235488e-07,-0.0016634191
1.236488e-07,-0.0016749081
1.237488e-07,-0.0016835248
1.238488e-07,-0.0016907054
1.239488e-07,-0.001697886
1.240488e-07,-0.0017079389
1.241488e-07,-0.001721582
1.242488e-07,-0.0017345071
1.243488e-07,-0.0017438419
1.244488e-07,-0.0017467142
1.245488e-07,-0.0017431239
1.246488e-07,-0.0017366613
1.247488e-07,-0.0017323529
1.248488e-07,-0.0017337891
1.249488e-07,-0.0017416877
1.250488e-07,-0.0017538948
1.251488e-07,-0.0017668199
1.252488e-07,-0.0017775908
1.253488e-07,-0.0017854894
1.254488e-07,-0.00179267
1.255488e-07,-0.0018012868
1.256488e-07,-0.0018127757
1.257488e-07,-0.0018271369
1.258488e-07,-0.001840062
1.259488e-07,-0.0018472426
1.260488e-07,-0.0018472426
1.261488e-07,-0.001840062
1.262488e-07,-0.0018307273
1.263488e-07,-0.0018242647
1.264488e-07,-0.0018264189
1.265488e-07,-0.0018379079
1.266488e-07,-0.0018580136
1.267488e-07,-0.0018817096
1.268488e-07,-0.0019039694
1.269488e-07,-0.001921921
1.270488e-07,-0.0019334099
1.271488e-07,-0.0019391544
1.272488e-07,-0.0019413086
1.273488e-07,-0.0019398725
1.274488e-07,-0.0019355641
1.275488e-07,-0.0019276654
1.276488e-07,-0.0019161765
1.277488e-07,-0.0019025333
1.278488e-07,-0.0018896082
1.279488e-07,-0.0018817096
1.280488e-07,-0.0018817096
1.281488e-07,-0.0018903263
1.282488e-07,-0.0019068417
1.283488e-07,-0.0019276654
1.284488e-07,-0.0019492073
1.285488e-07,-0.0019671588
1.286488e-07,-0.0019800839
1.287488e-07,-0.0019851103
1.288488e-07,-0.0019829561
1.289488e-07,-0.0019750574
1.290488e-07,-0.0019628504
1.291488e-07,-0.0019506434
1.292488e-07,-0.0019413086
1.293488e-07,-0.0019377183
1.294488e-07,-0.0019413086
1.295488e-07,-0.0019506434
1.296488e-07,-0.0019628504
1.297488e-07,-0.0019736213
1.298488e-07,-0.00198152
1.299488e-07,-0.0019851103
1.300488e-07,-0.0019872645
1.301488e-07,-0.0019908548
1.302488e-07,-0.0019980354
1.303488e-07,-0.0020080882
1.304488e-07,-0.0020181411
1.305488e-07,-0.0020231675
1.306488e-07,-0.0020195772
1.307488e-07,-0.0020080882
1.308488e-07,-0.0019915728
1.309488e-07,-0.0019786477
1.310488e-07,-0.0019750574
1.311488e-07,-0.0019851103
1.312488e-07,-0.0020073702
1.313488e-07,-0.0020346565
1.314488e-07,-0.0020597886
1.315488e-07,-0.0020770221
1.316488e-07,-0.0020849207
1.317488e-07,-0.0020870749
1.318488e-07,-0.0020899472
1.319488e-07,-0.0021
1.320488e-07,-0.0021179515
1.321488e-07,-0.0021394933
1.322488e-07,-0.002158881
1.323488e-07,-0.0021689338
1.324488e-07,-0.0021660616
1.325488e-07,-0.0021531365
1.326488e-07,-0.002135903
1.327488e-07,-0.0021229779
1.328488e-07,-0.0021193876
1.329488e-07,-0.0021258502
1.330488e-07,-0.0021402114
1.331488e-07,-0.0021574449
1.332488e-07,-0.0021739602
1.333488e-07,-0.0021883215
1.334488e-07,-0.0022012466
1.335488e-07,-0.0022148897
1.336488e-07,-0.002229969
1.337488e-07,-0.0022436121
1.338488e-07,-0.0022515108
1.339488e-07,-0.0022493566
1.340488e-07,-0.0022357135
1.341488e-07,-0.0022134536
1.342488e-07,-0.0021883215
1.343488e-07,-0.0021689338
1.344488e-07,-0.0021610352
1.345488e-07,-0.0021660616
1.346488e-07,-0.0021818589
1.347488e-07,-0.0022034007
1.348488e-07,-0.0022256606
1.349488e-07,-0.0022443302
1.350488e-07,-0.0022594095
1.351488e-07,-0.0022723346
1.352488e-07,-0.0022845416
1.353488e-07,-0.0022974667
1.354488e-07,-0.0023089557
1.355488e-07,-0.0023182904
1.356488e-07,-0.0023240349
1.357488e-07,-0.0023261891
1.358488e-07,-0.0023276252
1.359488e-07,-0.0023297794
1.360488e-07,-0.002336242
1.361488e-07,-0.0023470129
1.362488e-07,-0.002360656
1.363488e-07,-0.0023757353
1.364488e-07,-0.0023900965
1.365488e-07,-0.0024023035
1.366488e-07,-0.0024130744
1.367488e-07,-0.0024216912
1.368488e-07,-0.0024281537
1.369488e-07,-0.0024331801
1.370488e-07,-0.0024346163
1.371488e-07,-0.0024331801
1.372488e-07,-0.0024303079
1.373488e-07,-0.0024281537
1.374488e-07,-0.0024281537
1.375488e-07,-0.0024331801
1.376488e-07,-0.0024417969
1.377488e-07,-0.0024518497
1.378488e-07,-0.0024604665
1.379488e-07,-0.0024676471
1.380488e-07,-0.0024726735
1.381488e-07,-0.0024769818
1.382488e-07,-0.0024827263
1.383488e-07,-0.002490625
1.384488e-07,-0.0024985237
1.385488e-07,-0.0025049862
1.386488e-07,-0.0025064223
1.387488e-07,-0.002502114
1.388488e-07,-0.0024949334
1.389488e-07,-0.0024891889
1.390488e-07,-0.0024870347
1.391488e-07,-0.002490625
1.392488e-07,-0.0024970875
1.393488e-07,-0.0025013959
1.394488e-07,-0.0024999598
1.395488e-07,-0.002490625
1.396488e-07,-0.0024769818
1.397488e-07,-0.0024654929
1.398488e-07,-0.0024611845
1.399488e-07,-0.0024676471
1.400488e-07,-0.0024812902
1.401488e-07,-0.0024942153
1.402488e-07,-0.0024992417
1.403488e-07,-0.002490625
1.404488e-07,-0.0024705193
1.405488e-07,-0.0024453872
1.406488e-07,-0.0024267176
1.407488e-07,-0.0024216912
1.408488e-07,-0.0024324621
1.409488e-07,-0.0024540039
1.410488e-07,-0.0024762638
1.411488e-07,-0.002490625
1.412488e-07,-0.0024920611
1.413488e-07,-0.0024841625
1.414488e-07,-0.0024726735
1.415488e-07,-0.0024676471
1.416488e-07,-0.0024733915
1.417488e-07,-0.0024891889
1.418488e-07,-0.0025092946
1.419488e-07,-0.0025250919
1.420488e-07,-0.0025315545
1.421488e-07,-0.0025279642
1.422488e-07,-0.0025200655
1.423488e-07,-0.0025136029
1.424488e-07,-0.0025150391
1.425488e-07,-0.00252581
1.426488e-07,-0.0025423254
1.427488e-07,-0.0025595588
1.428488e-07,-0.0025724839
1.429488e-07,-0.0025789465
1.430488e-07,-0.0025811006
1.431488e-07,-0.0025825368
1.432488e-07,-0.0025861271
1.433488e-07,-0.0025918716
1.434488e-07,-0.0025997702
1.435488e-07,-0.0026055147
1.436488e-07,-0.0026083869
1.437488e-07,-0.0026098231
1.438488e-07,-0.0026119773
1.439488e-07,-0.0026170037
1.440488e-07,-0.0026270565
1.441488e-07,-0.0026385455
1.442488e-07,-0.0026485983
1.443488e-07,-0.0026514706
1.444488e-07,-0.0026457261
1.445488e-07,-0.002632801
1.446488e-07,-0.0026177217
1.447488e-07,-0.0026055147
1.448488e-07,-0.0025990522
1.449488e-07,-0.002597616
1.450488e-07,-0.002597616
1.451488e-07,-0.0025940257
1.452488e-07,-0.0025846909
1.453488e-07,-0.0025703297
1.454488e-07,-0.0025559685
1.455488e-07,-0.0025480699
1.456488e-07,-0.002550224
1.457488e-07,-0.002561713
1.458488e-07,-0.0025789465
1.459488e-07,-0.0025940257
1.460488e-07,-0.0026012063
1.461488e-07,-0.002597616
1.462488e-07,-0.002585409
1.463488e-07,-0.0025710478
1.464488e-07,-0.0025602769
1.465488e-07,-0.0025574046
1.466488e-07,-0.002561713
1.467488e-07,-0.0025710478
1.468488e-07,-0.0025796645
1.469488e-07,-0.0025846909
1.470488e-07,-0.0025846909
1.471488e-07,-0.0025825368
1.472488e-07,-0.0025818187
1.473488e-07,-0.0025868451
1.474488e-07,-0.0025990522
1.475488e-07,-0.0026170037
1.476488e-07,-0.0026371094
1.477488e-07,-0.0026550609
1.478488e-07,-0.002667986
1.479488e-07,-0.0026744485
1.480488e-07,-0.0026758847
1.481488e-07,-0.0026737305
1.482488e-07,-0.0026730124
1.483488e-07,-0.0026744485
1.484488e-07,-0.002680193
1.485488e-07,-0.0026888097
1.486488e-07,-0.0026988626
1.487488e-07,-0.0027089154
1.488488e-07,-0.0027168141
1.489488e-07,-0.0027225586
1.490488e-07,-0.002726867
1.491488e-07,-0.0027318934
1.492488e-07,-0.0027405101
1.493488e-07,-0.0027541533
1.494488e-07,-0.0027713867
1.495488e-07,-0.0027893382
1.496488e-07,-0.0028036994
1.497488e-07,-0.0028108801
1.498488e-07,-0.0028094439
1.499488e-07,-0.0028008272
1.500488e-07,-0.0027893382
1.501488e-07,-0.0027814396
1.502488e-07,-0.0027807215
1.503488e-07,-0.0027893382
1.504488e-07,-0.0028036994
1.505488e-07,-0.0028194968
1.506488e-07,-0.0028309858
1.507488e-07,-0.0028352941
1.508488e-07,-0.002833858
1.509488e-07,-0.0028302677
1.510488e-07,-0.0028295496
1.511488e-07,-0.0028352941
1.512488e-07,-0.0028475011
1.513488e-07,-0.0028618624
1.514488e-07,-0.0028747875
1.515488e-07,-0.00288125
1.516488e-07,-0.0028798139
1.517488e-07,-0.0028733513
1.518488e-07,-0.0028647346
1.519488e-07,-0.0028582721
1.520488e-07,-0.0028546818
1.521488e-07,-0.0028532456
1.522488e-07,-0.0028510915
1.523488e-07,-0.0028467831
1.524488e-07,-0.0028403205
1.525488e-07,-0.0028345761
1.526488e-07,-0.0028324219
1.527488e-07,-0.0028352941
1.528488e-07,-0.0028431928
1.529488e-07,-0.0028518095
1.530488e-07,-0.0028582721
1.531488e-07,-0.0028582721
1.532488e-07,-0.0028525276
1.533488e-07,-0.0028431928
1.534488e-07,-0.0028367302
1.535488e-07,-0.0028352941
1.536488e-07,-0.0028410386
1.537488e-07,-0.0028503734
1.538488e-07,-0.0028611443
1.539488e-07,-0.002869761
1.540488e-07,-0.0028747875
1.541488e-07,-0.0028783778
1.542488e-07,-0.0028841222
1.543488e-07,-0.002892739
1.544488e-07,-0.0029042279
1.545488e-07,-0.0029142808
1.546488e-07,-0.0029193072
1.547488e-07,-0.0029157169
1.548488e-07,-0.0029056641
1.549488e-07,-0.002893457
1.550488e-07,-0.0028877125
1.551488e-07,-0.002892739
1.552488e-07,-0.0029092544
1.553488e-07,-0.0029336684
1.554488e-07,-0.0029573644
1.555488e-07,-0.0029731618
1.556488e-07,-0.0029789062
1.557488e-07,-0.002976034
1.558488e-07,-0.0029717256
1.559488e-07,-0.0029731618
1.560488e-07,-0.0029832146
1.561488e-07,-0.0030004481
1.562488e-07,-0.0030191176
1.563488e-07,-0.0030306066
1.564488e-07,-0.0030306066
1.565488e-07,-0.0030191176
1.566488e-07,-0.0030011661
1.567488e-07,-0.0029846507
1.568488e-07,-0.0029774701
1.569488e-07,-0.0029817785
1.570488e-07,-0.0029975758
1.571488e-07,-0.0030191176
1.572488e-07,-0.0030413775
1.573488e-07,-0.0030607652
1.574488e-07,-0.0030765625
1.575488e-07,-0.0030880515
1.576488e-07,-0.0030973863
1.577488e-07,-0.0031052849
1.578488e-07,-0.0031103114
1.579488e-07,-0.0031110294
1.580488e-07,-0.003106003
1.581488e-07,-0.0030973863
1.582488e-07,-0.0030858973
1.583488e-07,-0.0030765625
1.584488e-07,-0.003070818
1.585488e-07,-0.0030693819
1.586488e-07,-0.0030722541
1.587488e-07,-0.0030765625
1.588488e-07,-0.003082307
1.589488e-07,-0.0030894876
1.590488e-07,-0.0030988224
1.591488e-07,-0.0031110294
1.592488e-07,-0.0031253906
1.593488e-07,-0.0031375977
1.594488e-07,-0.0031454963
1.595488e-07,-0.0031454963
1.596488e-07,-0.0031390338
1.597488e-07,-0.0031289809
1.598488e-07,-0.0031218003
1.599488e-07,-0.0031225184
1.600488e-07,-0.0031318532
1.601488e-07,-0.0031476505
1.602488e-07,-0.0031620117
1.603488e-07,-0.0031684743
1.604488e-07,-0.0031620117
1.605488e-07,-0.0031426241
1.606488e-07,-0.0031153378
1.607488e-07,-0.0030880515
1.608488e-07,-0.0030679458
1.609488e-07,-0.0030578929
1.610488e-07,-0.003058611
1.611488e-07,-0.0030650735
1.612488e-07,-0.003070818
1.613488e-07,-0.0030715361
1.614488e-07,-0.0030650735
1.615488e-07,-0.0030535846
1.616488e-07,-0.0030413775
1.617488e-07,-0.0030320427
1.618488e-07,-0.0030284524
1.619488e-07,-0.0030306066
1.620488e-07,-0.0030363511
1.621488e-07,-0.0030420956
1.622488e-07,-0.0030442498
1.623488e-07,-0.0030420956
1.624488e-07,-0.0030341969
1.625488e-07,-0.0030205538
1.626488e-07,-0.0030033203
1.627488e-07,-0.0029846507
1.628488e-07,-0.0029681353
1.629488e-07,-0.0029559283
1.630488e-07,-0.0029494658
1.631488e-07,-0.0029501838
1.632488e-07,-0.0029566464
1.633488e-07,-0.0029659812
1.634488e-07,-0.002976034
1.635488e-07,-0.0029846507
1.636488e-07,-0.0029903952
1.637488e-07,-0.0029932675
1.638488e-07,-0.0029947036
1.639488e-07,-0.0029961397
1.640488e-07,-0.0029982939
1.641488e-07,-0.00299973
1.642488e-07,-0.0029990119
1.643488e-07,-0.0029961397
1.644488e-07,-0.0029903952
1.645488e-07,-0.0029824966
1.646488e-07,-0.002976034
1.647488e-07,-0.0029731618
1.648488e-07,-0.0029753159
1.649488e-07,-0.0029846507
1.650488e-07,-0.00299973
1.651488e-07,-0.0030191176
1.652488e-07,-0.0030406595
1.653488e-07,-0.0030614832
1.654488e-07,-0.0030787167
1.655488e-07,-0.0030880515
1.656488e-07,-0.0030887695
1.657488e-07,-0.0030808709
1.658488e-07,-0.0030672277
1.659488e-07,-0.0030535846
1.660488e-07,-0.0030449678
1.661488e-07,-0.0030456859
1.662488e-07,-0.0030578929
1.663488e-07,-0.0030765625
1.664488e-07,-0.0030966682
1.665488e-07,-0.0031103114
1.666488e-07,-0.0031153378
1.667488e-07,-0.0031110294
1.668488e-07,-0.0031038488
1.669488e-07,-0.0031002585
1.670488e-07,-0.003106721
1.671488e-07,-0.0031225184
1.672488e-07,-0.0031433421
1.673488e-07,-0.0031605756
1.674488e-07,-0.003165602
1.675488e-07,-0.0031569853
1.676488e-07,-0.0031375977
1.677488e-07,-0.003117492
1.678488e-07,-0.003106721
1.679488e-07,-0.0031110294
1.680488e-07,-0.003130417
1.681488e-07,-0.0031562672
1.682488e-07,-0.0031799632
1.683488e-07,-0.0031914522
1.684488e-07,-0.0031900161
1.685488e-07,-0.0031792452
1.686488e-07,-0.0031699104
1.687488e-07,-0.0031684743
1.688488e-07,-0.0031792452
1.689488e-07,-0.0032000689
1.690488e-07,-0.0032216108
1.691488e-07,-0.0032374081
1.692488e-07,-0.0032438706
1.693488e-07,-0.0032424345
1.694488e-07,-0.0032417165
1.695488e-07,-0.0032488971
1.696488e-07,-0.0032682847
1.697488e-07,-0.0032970071
1.698488e-07,-0.0033278837
1.699488e-07,-0.0033522978
1.700488e-07,-0.0033637868
1.701488e-07,-0.0033609145
1.702488e-07,-0.0033508617
1.703488e-07,-0.0033408088
1.704488e-07,-0.0033379366
1.705488e-07,-0.0033451172
1.706488e-07,-0.0033587603
1.707488e-07,-0.0033752757
1.708488e-07,-0.0033882008
1.709488e-07,-0.0033968176
1.710488e-07,-0.003402562
1.711488e-07,-0.0034097426
1.712488e-07,-0.0034212316
1.713488e-07,-0.003437747
1.714488e-07,-0.0034549805
1.715488e-07,-0.0034671875
1.716488e-07,-0.0034700597
1.717488e-07,-0.0034621611
1.718488e-07,-0.0034470818
1.719488e-07,-0.0034327206
1.720488e-07,-0.0034248219
1.721488e-07,-0.0034269761
1.722488e-07,-0.0034384651
1.723488e-07,-0.0034556985
1.724488e-07,-0.0034722139
1.725488e-07,-0.0034837029
1.726488e-07,-0.0034894474
1.727488e-07,-0.0034901654
1.728488e-07,-0.0034887293
1.729488e-07,-0.0034880113
1.730488e-07,-0.0034887293
1.731488e-07,-0.0034901654
1.732488e-07,-0.0034908835
1.733488e-07,-0.0034887293
1.734488e-07,-0.003484421
1.735488e-07,-0.0034786765
1.736488e-07,-0.0034743681
1.737488e-07,-0.0034722139
1.738488e-07,-0.00347365
1.739488e-07,-0.0034786765
1.740488e-07,-0.0034858571
1.741488e-07,-0.0034930377
1.742488e-07,-0.0034987822
1.743488e-07,-0.0035016544
1.744488e-07,-0.0035009364
1.745488e-07,-0.0034959099
1.746488e-07,-0.0034880113
1.747488e-07,-0.0034786765
1.748488e-07,-0.0034707778
1.749488e-07,-0.0034657514
1.750488e-07,-0.0034650333
1.751488e-07,-0.0034671875
1.752488e-07,-0.0034700597
1.753488e-07,-0.0034693417
1.754488e-07,-0.0034643153
1.755488e-07,-0.0034556985
1.756488e-07,-0.0034477999
1.757488e-07,-0.0034449276
1.758488e-07,-0.0034513902
1.759488e-07,-0.0034671875
1.760488e-07,-0.0034894474
1.761488e-07,-0.0035102711
1.762488e-07,-0.0035231962
1.763488e-07,-0.0035246324
1.764488e-07,-0.0035152976
1.765488e-07,-0.0034995002
1.766488e-07,-0.0034858571
1.767488e-07,-0.0034786765
1.768488e-07,-0.0034801126
1.769488e-07,-0.0034858571
1.770488e-07,-0.0034908835
1.771488e-07,-0.0034901654
1.772488e-07,-0.0034815487
1.773488e-07,-0.0034671875
1.774488e-07,-0.0034528263
1.775488e-07,-0.0034442096
1.776488e-07,-0.0034434915
1.777488e-07,-0.0034477999
1.778488e-07,-0.0034542624
1.779488e-07,-0.0034556985
1.780488e-07,-0.0034506721
1.781488e-07,-0.0034399012
1.782488e-07,-0.0034276942
1.783488e-07,-0.0034212316
1.784488e-07,-0.0034233858
1.785488e-07,-0.0034341567
1.786488e-07,-0.0034506721
1.787488e-07,-0.0034671875
1.788488e-07,-0.0034793945
1.789488e-07,-0.0034865751
1.790488e-07,-0.0034887293
1.791488e-07,-0.0034901654
1.792488e-07,-0.0034937557
1.793488e-07,-0.0035009364
1.794488e-07,-0.0035117073
1.795488e-07,-0.0035246324
1.796488e-07,-0.0035382755
1.797488e-07,-0.0035512006
1.798488e-07,-0.0035662799
1.799488e-07,-0.0035820772
1.800488e-07,-0.0035993107
1.801488e-07,-0.0036158261
1.802488e-07,-0.0036301873
1.803488e-07,-0.0036395221
1.804488e-07,-0.0036438304
1.805488e-07,-0.0036438304
1.806488e-07,-0.0036416762
1.807488e-07,-0.0036395221
1.808488e-07,-0.0036373679
1.809488e-07,-0.0036330595
1.810488e-07,-0.003626597
1.811488e-07,-0.0036165441
1.812488e-07,-0.0036050551
1.813488e-07,-0.0035964384
1.814488e-07,-0.0035921301
1.815488e-07,-0.0035935662
1.816488e-07,-0.0035985926
1.817488e-07,-0.0036014648
1.818488e-07,-0.0035964384
1.819488e-07,-0.0035820772
1.820488e-07,-0.0035590993
1.821488e-07,-0.0035332491
1.822488e-07,-0.0035124253
1.823488e-07,-0.0035016544
1.824488e-07,-0.0035023725
1.825488e-07,-0.0035109892
1.826488e-07,-0.003520324
1.827488e-07,-0.0035246324
1.828488e-07,-0.003521042
1.829488e-07,-0.0035117073
1.830488e-07,-0.0035030905
1.831488e-07,-0.0035016544
1.832488e-07,-0.0035095531
1.833488e-07,-0.0035253504
1.834488e-07,-0.00354402
1.835488e-07,-0.0035590993
1.836488e-07,-0.0035662799
1.837488e-07,-0.0035662799
1.838488e-07,-0.0035619715
1.839488e-07,-0.0035590993
1.840488e-07,-0.0035605354
1.841488e-07,-0.0035669979
1.842488e-07,-0.0035756147
1.843488e-07,-0.0035820772
1.844488e-07,-0.0035827953
1.845488e-07,-0.0035784869
1.846488e-07,-0.0035691521
1.847488e-07,-0.0035590993
1.848488e-07,-0.0035497645
1.849488e-07,-0.0035425839
1.850488e-07,-0.0035382755
1.851488e-07,-0.0035361213
1.852488e-07,-0.0035375574
1.853488e-07,-0.00354402
1.854488e-07,-0.003555509
1.855488e-07,-0.0035705882
1.856488e-07,-0.0035835133
1.857488e-07,-0.0035885398
1.858488e-07,-0.0035806411
1.859488e-07,-0.0035590993
1.860488e-07,-0.0035289407
1.861488e-07,-0.0034995002
1.862488e-07,-0.0034808307
1.863488e-07,-0.0034786765
1.864488e-07,-0.0034930377
1.865488e-07,-0.0035167337
1.866488e-07,-0.0035411477
1.867488e-07,-0.0035590993
1.868488e-07,-0.003567716
1.869488e-07,-0.0035705882
1.870488e-07,-0.0035734605
1.871488e-07,-0.0035820772
1.872488e-07,-0.0035971565
1.873488e-07,-0.0036136719
1.874488e-07,-0.0036258789
1.875488e-07,-0.0036280331
1.876488e-07,-0.0036208525
1.877488e-07,-0.0036093635
1.878488e-07,-0.0036021829
1.879488e-07,-0.0036050551
1.880488e-07,-0.0036194164
1.881488e-07,-0.0036409582
1.882488e-07,-0.0036610639
1.883488e-07,-0.003673989
1.884488e-07,-0.0036761432
1.885488e-07,-0.0036711167
1.886488e-07,-0.0036653722
1.887488e-07,-0.0036625
1.888488e-07,-0.0036646542
1.889488e-07,-0.0036689625
1.890488e-07,-0.0036689625
1.891488e-07,-0.0036625
1.892488e-07,-0.003651011
1.893488e-07,-0.0036409582
1.894488e-07,-0.0036395221
1.895488e-07,-0.003651011
1.896488e-07,-0.0036725528
1.897488e-07,-0.0036948127
1.898488e-07,-0.0037091739
1.899488e-07,-0.0037084559
1.900488e-07,-0.0036948127
1.901488e-07,-0.0036768612
1.902488e-07,-0.0036668084
1.903488e-07,-0.003673989
1.904488e-07,-0.0036991211
1.905488e-07,-0.0037343061
1.906488e-07,-0.0037673369
1.907488e-07,-0.0037888787
1.908488e-07,-0.0037974954
1.909488e-07,-0.0037989315
1.910488e-07,-0.003804676
1.911488e-07,-0.0038233456
1.912488e-07,-0.0038556583
1.913488e-07,-0.0038937155
1.914488e-07,-0.0039245921
1.915488e-07,-0.0039382353
1.916488e-07,-0.0039317727
1.917488e-07,-0.0039138212
1.918488e-07,-0.0038958697
1.919488e-07,-0.0038922794
1.920488e-07,-0.0039066406
1.921488e-07,-0.003934645
1.922488e-07,-0.0039640855
1.923488e-07,-0.0039841912
1.924488e-07,-0.0039899357
1.925488e-07,-0.0039856273
1.926488e-07,-0.0039806009
1.927488e-07,-0.0039841912
1.928488e-07,-0.0039985524
1.929488e-07,-0.004017222
1.930488e-07,-0.0040272748
1.931488e-07,-0.0040186581
1.932488e-07,-0.0039877815
1.933488e-07,-0.0039425437
1.934488e-07,-0.0038980239
1.935488e-07,-0.0038693015
1.936488e-07,-0.003864275
1.937488e-07,-0.0038786363
1.938488e-07,-0.0039008961
1.939488e-07,-0.0039152574
1.940488e-07,-0.0039138212
1.941488e-07,-0.0038973058
1.942488e-07,-0.0038743279
1.943488e-07,-0.0038578125
1.944488e-07,-0.0038549403
1.945488e-07,-0.0038657112
1.946488e-07,-0.0038815085
1.947488e-07,-0.0038922794
1.948488e-07,-0.0038915614
1.949488e-07,-0.0038800724
1.950488e-07,-0.0038657112
1.951488e-07,-0.0038578125
1.952488e-07,-0.0038628389
1.953488e-07,-0.0038786363
1.954488e-07,-0.003898742
1.955488e-07,-0.0039152574
1.956488e-07,-0.003922438
1.957488e-07,-0.003922438
1.958488e-07,-0.0039217199
1.959488e-07,-0.0039267463
1.960488e-07,-0.0039403895
1.961488e-07,-0.003958341
1.962488e-07,-0.0039719841
1.963488e-07,-0.0039727022
1.964488e-07,-0.003958341
1.965488e-07,-0.0039339269
1.966488e-07,-0.0039087948
1.967488e-07,-0.0038922794
1.968488e-07,-0.0038894072
1.969488e-07,-0.0038958697
1.970488e-07,-0.0039037684
1.971488e-07,-0.0039037684
1.972488e-07,-0.0038929975
1.973488e-07,-0.0038743279
1.974488e-07,-0.0038563764
1.975488e-07,-0.0038463235
1.976488e-07,-0.0038463235
1.977488e-07,-0.003852068
1.978488e-07,-0.0038549403
1.979488e-07,-0.0038463235
1.980488e-07,-0.0038254998
1.981488e-07,-0.0037974954
1.982488e-07,-0.0037752355
1.983488e-07,-0.0037659007
1.984488e-07,-0.0037730813
1.985488e-07,-0.0037910329
1.986488e-07,-0.0038075483
1.987488e-07,-0.0038118566
1.988488e-07,-0.0038003676
1.989488e-07,-0.0037781078
1.990488e-07,-0.0037551298
1.991488e-07,-0.0037429228
1.992488e-07,-0.003745795
1.993488e-07,-0.0037601562
1.994488e-07,-0.0037773897
1.995488e-07,-0.0037888787
1.996488e-07,-0.0037903148
1.997488e-07,-0.0037874426
1.998488e-07,-0.0037874426
1.999488e-07,-0.0038003676
2.000488e-07,-0.0038262178
2.001488e-07,-0.0038599667
2.002488e-07,-0.0038886891
2.003488e-07,-0.0039037684
2.004488e-07,-0.0039016142
2.005488e-07,-0.0038894072
2.006488e-07,-0.0038793543
2.007488e-07,-0.0038807904
2.008488e-07,-0.003898742
2.009488e-07,-0.0039274644
2.010488e-07,-0.0039561868
2.011488e-07,-0.0039727022
2.012488e-07,-0.0039741383
2.013488e-07,-0.0039655216
2.014488e-07,-0.0039576229
2.015488e-07,-0.0039612132
2.016488e-07,-0.0039806009
2.017488e-07,-0.0040100414
2.018488e-07,-0.0040380457
2.019488e-07,-0.004053125
2.020488e-07,-0.0040516889
2.021488e-07,-0.0040394818
2.022488e-07,-0.0040279929
2.023488e-07,-0.0040301471
2.024488e-07,-0.0040502528
2.025488e-07,-0.0040847197
2.026488e-07,-0.0041199046
2.027488e-07,-0.0041450368
2.028488e-07,-0.0041529354
2.029488e-07,-0.0041464729
2.030488e-07,-0.00413642
2.031488e-07,-0.0041335478
2.032488e-07,-0.0041443187
2.033488e-07,-0.0041658605
2.034488e-07,-0.0041888385
2.035488e-07,-0.0042024816
2.036488e-07,-0.0042024816
2.037488e-07,-0.0041924288
2.038488e-07,-0.0041809398
2.039488e-07,-0.0041795037
2.040488e-07,-0.0041909926
2.041488e-07,-0.0042118164
2.042488e-07,-0.004230486
2.043488e-07,-0.0042369485
2.044488e-07,-0.0042261776
2.045488e-07,-0.0042017636
2.046488e-07,-0.0041751953
2.047488e-07,-0.0041565257
2.048488e-07,-0.0041522174
2.049488e-07,-0.004159398
2.050488e-07,-0.0041680147
2.051488e-07,-0.0041680147
2.052488e-07,-0.0041543716
2.053488e-07,-0.0041321117
2.054488e-07,-0.0041098518
2.055488e-07,-0.0040990809
2.056488e-07,-0.0041041073
2.057488e-07,-0.0041213408
2.058488e-07,-0.0041385742
2.059488e-07,-0.0041450368
2.060488e-07,-0.0041342659
2.061488e-07,-0.0041098518
2.062488e-07,-0.0040825655
2.063488e-07,-0.004064614
2.064488e-07,-0.0040631778
2.065488e-07,-0.004076821
2.066488e-07,-0.0040962086
2.067488e-07,-0.0041105699
2.068488e-07,-0.004112006
2.069488e-07,-0.0041019531
2.070488e-07,-0.0040861558
2.071488e-07,-0.0040761029
2.072488e-07,-0.0040775391
2.073488e-07,-0.0040904642
2.074488e-07,-0.0041076976
2.075488e-07,-0.0041220588
2.076488e-07,-0.0041270852
2.077488e-07,-0.0041249311
2.078488e-07,-0.0041206227
2.079488e-07,-0.0041220588
2.080488e-07,-0.0041328297
2.081488e-07,-0.0041514993
2.082488e-07,-0.0041694508
2.083488e-07,-0.0041795037
2.084488e-07,-0.0041773495
2.085488e-07,-0.0041644244
2.086488e-07,-0.0041471909
2.087488e-07,-0.0041335478
2.088488e-07,-0.0041263672
2.089488e-07,-0.0041249311
2.090488e-07,-0.0041213408
2.091488e-07,-0.0041105699
2.092488e-07,-0.0040904642
2.093488e-07,-0.0040660501
2.094488e-07,-0.0040430722
2.095488e-07,-0.0040301471
2.096488e-07,-0.0040279929
2.097488e-07,-0.0040330193
2.098488e-07,-0.0040366096
2.099488e-07,-0.0040301471
2.100488e-07,-0.0040121955
2.101488e-07,-0.0039877815
2.102488e-07,-0.0039640855
2.103488e-07,-0.0039497243
2.104488e-07,-0.003946852
2.105488e-07,-0.0039518784
2.106488e-07,-0.0039547507
2.107488e-07,-0.0039497243
2.108488e-07,-0.0039339269
2.109488e-07,-0.0039131032
2.110488e-07,-0.0038965878
2.111488e-07,-0.0038922794
2.112488e-07,-0.0039008961
2.113488e-07,-0.0039145393
2.114488e-07,-0.003923156
2.115488e-07,-0.0039152574
2.116488e-07,-0.003887971
2.117488e-07,-0.0038470416
2.118488e-07,-0.0038061121
2.119488e-07,-0.0037773897
2.120488e-07,-0.003768773
2.121488e-07,-0.0037781078
2.122488e-07,-0.0037960593
2.123488e-07,-0.0038118566
2.124488e-07,-0.0038176011
2.125488e-07,-0.0038140108
2.126488e-07,-0.0038053941
2.127488e-07,-0.0038003676
2.128488e-07,-0.0038032399
2.129488e-07,-0.0038118566
2.130488e-07,-0.0038204733
2.131488e-07,-0.0038233456
2.132488e-07,-0.003816883
2.133488e-07,-0.003803958
2.134488e-07,-0.003792469
2.135488e-07,-0.0037888787
2.136488e-07,-0.0037953412
2.137488e-07,-0.0038075483
2.138488e-07,-0.0038190372
2.139488e-07,-0.0038233456
2.140488e-07,-0.0038190372
2.141488e-07,-0.0038104205
2.142488e-07,-0.0038061121
2.143488e-07,-0.0038118566
2.144488e-07,-0.003828372
2.145488e-07,-0.0038477597
2.146488e-07,-0.0038606847
2.147488e-07,-0.0038578125
2.148488e-07,-0.0038384249
2.149488e-07,-0.0038097024
2.150488e-07,-0.0037852884
2.151488e-07,-0.0037773897
2.152488e-07,-0.0037903148
2.153488e-07,-0.0038197553
2.154488e-07,-0.0038535041
2.155488e-07,-0.0038807904
2.156488e-07,-0.0038944336
2.157488e-07,-0.0038973058
2.158488e-07,-0.0038973058
2.159488e-07,-0.0039037684
2.160488e-07,-0.0039217199
2.161488e-07,-0.003946852
2.162488e-07,-0.0039712661
2.163488e-07,-0.0039841912
2.164488e-07,-0.003982037
2.165488e-07,-0.0039683938
2.166488e-07,-0.0039540326
2.167488e-07,-0.0039497243
2.168488e-07,-0.0039597771
2.169488e-07,-0.0039798828
2.170488e-07,-0.0039999885
2.171488e-07,-0.0040071691
2.172488e-07,-0.0039956801
2.173488e-07,-0.0039683938
2.174488e-07,-0.0039367992
2.175488e-07,-0.0039152574
2.176488e-07,-0.0039131032
2.177488e-07,-0.0039317727
2.178488e-07,-0.0039633674
2.179488e-07,-0.0039956801
2.180488e-07,-0.0040165039
2.181488e-07,-0.0040229665
2.182488e-07,-0.0040165039
2.183488e-07,-0.0040071691
2.184488e-07,-0.0040021427
2.185488e-07,-0.0040064511
2.186488e-07,-0.004017222
2.187488e-07,-0.0040301471
2.188488e-07,-0.0040394818
2.189488e-07,-0.0040423541
2.190488e-07,-0.004041636
2.191488e-07,-0.004041636
2.192488e-07,-0.0040452263
2.193488e-07,-0.0040516889
2.194488e-07,-0.0040595875
2.195488e-07,-0.004064614
2.196488e-07,-0.0040638959
2.197488e-07,-0.0040588695
2.198488e-07,-0.0040538431
2.199488e-07,-0.004053125
2.200488e-07,-0.0040588695
2.201488e-07,-0.0040696404
2.202488e-07,-0.0040811294
2.203488e-07,-0.0040875919
2.204488e-07,-0.0040875919
2.205488e-07,-0.0040818474
2.206488e-07,-0.004076821
2.207488e-07,-0.0040761029
2.208488e-07,-0.0040832835
2.209488e-07,-0.0040962086
2.210488e-07,-0.0041105699
2.211488e-07,-0.0041220588
2.212488e-07,-0.0041278033
2.213488e-07,-0.0041292394
2.214488e-07,-0.0041299575
2.215488e-07,-0.0041335478
2.216488e-07,-0.0041407284
2.217488e-07,-0.0041493451
2.218488e-07,-0.0041558077
2.219488e-07,-0.0041565257
2.220488e-07,-0.0041536535
2.221488e-07,-0.0041507812
2.222488e-07,-0.0041550896
2.223488e-07,-0.0041680147
2.224488e-07,-0.0041895565
2.225488e-07,-0.0042125345
2.226488e-07,-0.004230486
2.227488e-07,-0.0042369485
2.228488e-07,-0.0042333582
2.229488e-07,-0.0042247415
2.230488e-07,-0.0042204331
2.231488e-07,-0.0042254596
2.232488e-07,-0.0042405388
2.233488e-07,-0.0042606445
2.234488e-07,-0.0042771599
2.235488e-07,-0.0042829044
2.236488e-07,-0.0042771599
2.237488e-07,-0.004266389
2.238488e-07,-0.0042584903
2.239488e-07,-0.0042599265
2.240488e-07,-0.0042728516
2.241488e-07,-0.0042922392
2.242488e-07,-0.0043094727
2.243488e-07,-0.0043173713
2.244488e-07,-0.0043144991
2.245488e-07,-0.0043066004
2.246488e-07,-0.0043008559
2.247488e-07,-0.0043058824
2.248488e-07,-0.0043216797
2.249488e-07,-0.0043439396
2.250488e-07,-0.0043640453
2.251488e-07,-0.0043748162
2.252488e-07,-0.0043740981
2.253488e-07,-0.0043669175
2.254488e-07,-0.0043618911
2.255488e-07,-0.0043633272
2.256488e-07,-0.004372662
2.257488e-07,-0.004384869
2.258488e-07,-0.0043913316
2.259488e-07,-0.0043863051
2.260488e-07,-0.0043712259
2.261488e-07,-0.0043547105
2.262488e-07,-0.0043453757
2.263488e-07,-0.0043518382
2.264488e-07,-0.0043719439
2.265488e-07,-0.0043977941
2.266488e-07,-0.0044164637
2.267488e-07,-0.0044207721
2.268488e-07,-0.0044100011
2.269488e-07,-0.0043920496
2.270488e-07,-0.0043812787
2.271488e-07,-0.0043863051
2.272488e-07,-0.004407847
2.273488e-07,-0.0044380055
2.274488e-07,-0.0044609835
2.275488e-07,-0.0044667279
2.276488e-07,-0.0044509306
2.277488e-07,-0.0044222082
2.278488e-07,-0.0043927677
2.279488e-07,-0.0043748162
2.280488e-07,-0.0043733801
2.281488e-07,-0.0043819968
2.282488e-07,-0.0043906135
2.283488e-07,-0.0043863051
2.284488e-07,-0.0043669175
2.285488e-07,-0.0043396312
2.286488e-07,-0.0043152171
2.287488e-07,-0.0043058824
2.288488e-07,-0.0043144991
2.289488e-07,-0.0043338867
2.290488e-07,-0.0043504021
2.291488e-07,-0.0043518382
2.292488e-07,-0.0043338867
2.293488e-07,-0.004301574
2.294488e-07,-0.0042692613
2.295488e-07,-0.0042484375
2.296488e-07,-0.0042455653
2.297488e-07,-0.0042556181
2.298488e-07,-0.0042678251
2.299488e-07,-0.0042714154
2.300488e-07,-0.0042627987
2.301488e-07,-0.0042484375
2.302488e-07,-0.0042398208
2.303488e-07,-0.0042484375
2.304488e-07,-0.0042757238
2.305488e-07,-0.004313063
2.306488e-07,-0.0043432215
2.307488e-07,-0.0043518382
2.308488e-07,-0.0043331687
2.309488e-07,-0.0042965476
2.310488e-07,-0.0042613626
2.311488e-07,-0.0042484375
2.312488e-07,-0.0042685432
2.313488e-07,-0.0043188074
2.314488e-07,-0.0043805607
2.315488e-07,-0.004432261
2.316488e-07,-0.004455239
2.317488e-07,-0.0044459042
2.318488e-07,-0.0044128734
2.319488e-07,-0.0043748162
2.320488e-07,-0.0043496841
2.321488e-07,-0.0043460937
2.322488e-07,-0.0043618911
2.323488e-07,-0.0043863051
2.324488e-07,-0.0044064108
2.325488e-07,-0.0044157456
2.326488e-07,-0.0044143095
2.327488e-07,-0.0044092831
2.328488e-07,-0.0044092831
2.329488e-07,-0.0044171818
2.330488e-07,-0.0044308249
2.331488e-07,-0.00444375
2.332488e-07,-0.0044480584
2.333488e-07,-0.0044415958
2.334488e-07,-0.0044265165
2.335488e-07,-0.0044092831
2.336488e-07,-0.0043985122
2.337488e-07,-0.0043977941
2.338488e-07,-0.0044064108
2.339488e-07,-0.0044207721
2.340488e-07,-0.0044351333
2.341488e-07,-0.0044459042
2.342488e-07,-0.0044523667
2.343488e-07,-0.004455239
2.344488e-07,-0.0044566751
2.345488e-07,-0.004455957
2.346488e-07,-0.0044516487
2.347488e-07,-0.00444375
2.348488e-07,-0.004431543
2.349488e-07,-0.0044178998
2.350488e-07,-0.0044056928
2.351488e-07,-0.0043977941
2.352488e-07,-0.0043934858
2.353488e-07,-0.0043906135
2.354488e-07,-0.004384869
2.355488e-07,-0.0043748162
2.356488e-07,-0.0043618911
2.357488e-07,-0.0043504021
2.358488e-07,-0.0043460937
2.359488e-07,-0.0043518382
2.360488e-07,-0.0043647633
2.361488e-07,-0.0043769704
2.362488e-07,-0.0043819968
2.363488e-07,-0.0043748162
2.364488e-07,-0.0043561466
2.365488e-07,-0.0043324506
2.366488e-07,-0.004313781
2.367488e-07,-0.0043058824
2.368488e-07,-0.0043101907
2.369488e-07,-0.0043209616
2.370488e-07,-0.0043295784
2.371488e-07,-0.0043288603
2.372488e-07,-0.0043173713
2.373488e-07,-0.0042987017
2.374488e-07,-0.0042814683
2.375488e-07,-0.0042714154
2.376488e-07,-0.0042685432
2.377488e-07,-0.0042685432
2.378488e-07,-0.0042635168
2.379488e-07,-0.0042484375
2.380488e-07,-0.0042247415
2.381488e-07,-0.0041988913
2.382488e-07,-0.0041816579
2.383488e-07,-0.0041795037
2.384488e-07,-0.0041924288
2.385488e-07,-0.0042139706
2.386488e-07,-0.004231204
2.387488e-07,-0.0042369485
2.388488e-07,-0.0042290499
2.389488e-07,-0.0042139706
2.390488e-07,-0.0042017636
2.391488e-07,-0.0042024816
2.392488e-07,-0.0042168428
2.393488e-07,-0.0042383847
2.394488e-07,-0.0042556181
2.395488e-07,-0.0042599265
2.396488e-07,-0.0042484375
2.397488e-07,-0.0042276137
2.398488e-07,-0.0042082261
2.399488e-07,-0.0042024816
2.400488e-07,-0.0042139706
2.401488e-07,-0.0042376666
2.402488e-07,-0.0042642348
2.403488e-07,-0.0042829044
2.404488e-07,-0.004289367
2.405488e-07,-0.0042857767
2.406488e-07,-0.0042814683
2.407488e-07,-0.0042829044
2.408488e-07,-0.0042936753
2.409488e-07,-0.0043080365
2.410488e-07,-0.0043188074
2.411488e-07,-0.0043173713
2.412488e-07,-0.0043030101
2.413488e-07,-0.0042821864
2.414488e-07,-0.0042649529
2.415488e-07,-0.0042599265
2.416488e-07,-0.0042685432
2.417488e-07,-0.0042843405
2.418488e-07,-0.0042958295
2.419488e-07,-0.0042943934
2.420488e-07,-0.004277878
2.421488e-07,-0.0042549
2.422488e-07,-0.0042376666
2.423488e-07,-0.0042369485
2.424488e-07,-0.0042556181
2.425488e-07,-0.0042864947
2.426488e-07,-0.0043159352
2.427488e-07,-0.0043288603
2.428488e-07,-0.0043209616
2.429488e-07,-0.0042965476
2.430488e-07,-0.0042678251
2.431488e-07,-0.0042484375
2.432488e-07,-0.0042448472
2.433488e-07,-0.004254182
2.434488e-07,-0.0042671071
2.435488e-07,-0.0042714154
2.436488e-07,-0.0042627987
2.437488e-07,-0.0042434111
2.438488e-07,-0.0042240234
2.439488e-07,-0.0042139706
2.440488e-07,-0.004218997
2.441488e-07,-0.0042347943
2.442488e-07,-0.0042513097
2.443488e-07,-0.0042599265
2.444488e-07,-0.0042549
2.445488e-07,-0.0042412569
2.446488e-07,-0.0042276137
2.447488e-07,-0.0042254596
2.448488e-07,-0.0042376666
2.449488e-07,-0.0042606445
2.450488e-07,-0.0042829044
2.451488e-07,-0.0042943934
2.452488e-07,-0.0042908031
2.453488e-07,-0.0042764419
2.454488e-07,-0.0042620807
2.455488e-07,-0.0042599265
2.456488e-07,-0.0042742877
2.457488e-07,-0.004301574
2.458488e-07,-0.0043317325
2.459488e-07,-0.0043518382
2.460488e-07,-0.0043575827
2.461488e-07,-0.0043511202
2.462488e-07,-0.0043417854
2.463488e-07,-0.0043403493
2.464488e-07,-0.0043511202
2.465488e-07,-0.0043697898
2.466488e-07,-0.0043891774
2.467488e-07,-0.0043977941
2.468488e-07,-0.0043934858
2.469488e-07,-0.0043812787
2.470488e-07,-0.0043712259
2.471488e-07,-0.0043748162
2.472488e-07,-0.0043956399
2.473488e-07,-0.0044293888
2.474488e-07,-0.0044645738
2.475488e-07,-0.0044897059
2.476488e-07,-0.0044983226
2.477488e-07,-0.0044947323
2.478488e-07,-0.0044882698
2.479488e-07,-0.0044897059
2.480488e-07,-0.0045055032
2.481488e-07,-0.0045320715
2.482488e-07,-0.0045607939
2.483488e-07,-0.0045816176
2.484488e-07,-0.0045887983
2.485488e-07,-0.004585208
2.486488e-07,-0.0045801815
2.487488e-07,-0.0045816176
2.488488e-07,-0.0045952608
2.489488e-07,-0.0046189568
2.490488e-07,-0.0046433709
2.491488e-07,-0.0046620404
2.492488e-07,-0.0046699391
2.493488e-07,-0.0046713752
2.494488e-07,-0.0046742475
2.495488e-07,-0.0046850184
2.496488e-07,-0.0047058421
2.497488e-07,-0.0047324104
2.498488e-07,-0.0047546703
2.499488e-07,-0.0047654412
2.500488e-07,-0.0047618509
2.501488e-07,-0.00475108
2.502488e-07,-0.0047417452
2.503488e-07,-0.0047424632
2.504488e-07,-0.0047561064
2.505488e-07,-0.0047762121
2.506488e-07,-0.0047934455
2.507488e-07,-0.0047999081
2.508488e-07,-0.0047941636
2.509488e-07,-0.0047819566
2.510488e-07,-0.0047740579
2.511488e-07,-0.0047769301
2.512488e-07,-0.0047905733
2.513488e-07,-0.0048063706
2.514488e-07,-0.0048121151
2.515488e-07,-0.0047999081
2.516488e-07,-0.0047704676
2.517488e-07,-0.0047360007
2.518488e-07,-0.0047108686
2.519488e-07,-0.0047079963
2.520488e-07,-0.004728102
2.521488e-07,-0.0047611328
2.522488e-07,-0.0047898552
2.523488e-07,-0.0047999081
2.524488e-07,-0.004786983
2.525488e-07,-0.0047589786
2.526488e-07,-0.0047309743
2.527488e-07,-0.0047194853
2.528488e-07,-0.0047295381
2.529488e-07,-0.0047539522
2.530488e-07,-0.0047783663
2.531488e-07,-0.0047884191
2.532488e-07,-0.0047762121
2.533488e-07,-0.0047474897
2.534488e-07,-0.0047166131
2.535488e-07,-0.0046965074
2.536488e-07,-0.0046957893
2.537488e-07,-0.0047094324
2.538488e-07,-0.0047259478
2.539488e-07,-0.0047309743
2.540488e-07,-0.0047180492
2.541488e-07,-0.004692199
2.542488e-07,-0.0046649127
2.543488e-07,-0.0046505515
2.544488e-07,-0.0046555779
2.545488e-07,-0.0046764017
2.546488e-07,-0.0047022518
2.547488e-07,-0.0047194853
2.548488e-07,-0.0047216395
2.549488e-07,-0.0047108686
2.550488e-07,-0.0046986615
2.551488e-07,-0.0046965074
2.552488e-07,-0.0047087144
2.553488e-07,-0.0047324104
2.554488e-07,-0.0047546703
2.555488e-07,-0.0047654412
2.556488e-07,-0.0047589786
2.557488e-07,-0.0047403091
2.558488e-07,-0.0047223575
2.559488e-07,-0.0047194853
2.560488e-07,-0.0047367187
2.561488e-07,-0.0047711857
2.562488e-07,-0.0048078068
2.563488e-07,-0.004834375
2.564488e-07,-0.0048415556
2.565488e-07,-0.0048322208
2.566488e-07,-0.0048178596
2.567488e-07,-0.0048113971
2.568488e-07,-0.0048207318
2.569488e-07,-0.0048429917
2.570488e-07,-0.0048674058
2.571488e-07,-0.0048803309
2.572488e-07,-0.0048738683
2.573488e-07,-0.0048501723
2.574488e-07,-0.0048207318
2.575488e-07,-0.0047999081
2.576488e-07,-0.004798472
2.577488e-07,-0.0048164235
2.578488e-07,-0.0048451459
2.579488e-07,-0.0048688419
2.580488e-07,-0.0048767406
2.581488e-07,-0.0048659697
2.582488e-07,-0.0048401195
2.583488e-07,-0.0048113971
2.584488e-07,-0.0047891372
2.585488e-07,-0.0047783663
2.586488e-07,-0.0047762121
2.587488e-07,-0.0047769301
2.588488e-07,-0.004774776
2.589488e-07,-0.0047683134
2.590488e-07,-0.0047596967
2.591488e-07,-0.0047539522
2.592488e-07,-0.0047532341
2.593488e-07,-0.0047561064
2.594488e-07,-0.0047582606
2.595488e-07,-0.0047539522
2.596488e-07,-0.0047410271
2.597488e-07,-0.0047230756
2.598488e-07,-0.0047058421
2.599488e-07,-0.0046965074
2.600488e-07,-0.0046972254
2.601488e-07,-0.004704406
2.602488e-07,-0.0047101505
2.603488e-07,-0.0047079963
2.604488e-07,-0.0046950712
2.605488e-07,-0.0046756836
2.606488e-07,-0.0046577321
2.607488e-07,-0.0046505515
2.608488e-07,-0.004657014
2.609488e-07,-0.0046735294
2.610488e-07,-0.0046900448
2.611488e-07,-0.0046965074
2.612488e-07,-0.0046886087
2.613488e-07,-0.0046677849
2.614488e-07,-0.0046440889
2.615488e-07,-0.0046275735
2.616488e-07,-0.0046254193
2.617488e-07,-0.0046376264
2.618488e-07,-0.004657014
2.619488e-07,-0.0046735294
2.620488e-07,-0.00468071
2.621488e-07,-0.0046764017
2.622488e-07,-0.0046677849
2.623488e-07,-0.0046620404
2.624488e-07,-0.0046656307
2.625488e-07,-0.004679992
2.626488e-07,-0.0047008157
2.627488e-07,-0.0047194853
2.628488e-07,-0.0047295381
2.629488e-07,-0.0047288201
2.630488e-07,-0.0047194853
2.631488e-07,-0.0047079963
2.632488e-07,-0.0047000977
2.633488e-07,-0.0046979435
2.634488e-07,-0.0047022518
2.635488e-07,-0.0047079963
2.636488e-07,-0.0047137408
2.637488e-07,-0.0047187672
2.638488e-07,-0.0047237937
2.639488e-07,-0.0047309743
2.640488e-07,-0.0047403091
2.641488e-07,-0.0047503619
2.642488e-07,-0.0047561064
2.643488e-07,-0.0047539522
2.644488e-07,-0.0047438994
2.645488e-07,-0.004727384
2.646488e-07,-0.0047101505
2.647488e-07,-0.0046965074
2.648488e-07,-0.0046893267
2.649488e-07,-0.0046871726
2.650488e-07,-0.0046864545
2.651488e-07,-0.0046850184
2.652488e-07,-0.00468071
2.653488e-07,-0.0046756836
2.654488e-07,-0.0046728114
2.655488e-07,-0.0046735294
2.656488e-07,-0.0046764017
2.657488e-07,-0.0046771197
2.658488e-07,-0.0046699391
2.659488e-07,-0.0046505515
2.660488e-07,-0.004621111
2.661488e-07,-0.0045887983
2.662488e-07,-0.0045615119
2.663488e-07,-0.0045471507
2.664488e-07,-0.0045471507
2.665488e-07,-0.0045579216
2.666488e-07,-0.0045715648
2.667488e-07,-0.0045816176
2.668488e-07,-0.0045844899
2.669488e-07,-0.0045816176
2.670488e-07,-0.0045794635
2.671488e-07,-0.0045816176
2.672488e-07,-0.0045909524
2.673488e-07,-0.0046031595
2.674488e-07,-0.0046132123
2.675488e-07,-0.0046160846
2.676488e-07,-0.004609622
2.677488e-07,-0.004597415
2.678488e-07,-0.004585926
2.679488e-07,-0.0045816176
2.680488e-07,-0.0045866441
2.681488e-07,-0.004598133
2.682488e-07,-0.004609622
2.683488e-07,-0.0046160846
2.684488e-07,-0.0046146484
2.685488e-07,-0.0046067498
2.686488e-07,-0.004598133
2.687488e-07,-0.0045931066
2.688488e-07,-0.0045931066
2.689488e-07,-0.0045959789
2.690488e-07,-0.0045966969
2.691488e-07,-0.0045931066
2.692488e-07,-0.004585926
2.693488e-07,-0.0045801815
2.694488e-07,-0.0045808996
2.695488e-07,-0.0045931066
2.696488e-07,-0.0046139304
2.697488e-07,-0.0046354722
2.698488e-07,-0.0046498334
2.699488e-07,-0.0046505515
2.700488e-07,-0.0046383444
2.701488e-07,-0.0046196749
2.702488e-07,-0.0046060317
2.703488e-07,-0.0046045956
2.704488e-07,-0.0046182387
2.705488e-07,-0.0046404986
2.706488e-07,-0.0046620404
2.707488e-07,-0.0046735294
2.708488e-07,-0.0046720933
2.709488e-07,-0.0046620404
2.710488e-07,-0.0046527057
2.711488e-07,-0.0046505515
2.712488e-07,-0.0046598863
2.713488e-07,-0.0046756836
2.714488e-07,-0.0046907629
2.715488e-07,-0.0046965074
2.716488e-07,-0.0046914809
2.717488e-07,-0.00468071
2.718488e-07,-0.0046713752
2.719488e-07,-0.0046735294
2.720488e-07,-0.0046878906
2.721488e-07,-0.0047108686
2.722488e-07,-0.0047316923
2.723488e-07,-0.0047424632
2.724488e-07,-0.0047388729
2.725488e-07,-0.0047259478
2.726488e-07,-0.0047123047
2.727488e-07,-0.0047079963
2.728488e-07,-0.0047173311
2.729488e-07,-0.0047374368
2.730488e-07,-0.0047604148
2.731488e-07,-0.0047769301
2.732488e-07,-0.0047826746
2.733488e-07,-0.0047798024
2.734488e-07,-0.004775494
2.735488e-07,-0.0047769301
2.736488e-07,-0.004786983
2.737488e-07,-0.0048027803
2.738488e-07,-0.0048171415
2.739488e-07,-0.004822886
2.740488e-07,-0.0048178596
2.741488e-07,-0.0048063706
2.742488e-07,-0.0047977539
2.743488e-07,-0.0047999081
2.744488e-07,-0.0048164235
2.745488e-07,-0.0048437098
2.746488e-07,-0.0048717142
2.747488e-07,-0.0048918199
2.748488e-07,-0.0048990005
2.749488e-07,-0.0048968463
2.750488e-07,-0.0048911018
2.751488e-07,-0.0048918199
2.752488e-07,-0.0049011546
2.753488e-07,-0.004916952
2.754488e-07,-0.0049320312
2.755488e-07,-0.0049377757
2.756488e-07,-0.0049320312
2.757488e-07,-0.0049191062
2.758488e-07,-0.0049068991
2.759488e-07,-0.0049033088
2.760488e-07,-0.0049112075
2.761488e-07,-0.0049277229
2.762488e-07,-0.0049428022
2.763488e-07,-0.0049492647
2.764488e-07,-0.0049435202
2.765488e-07,-0.0049305951
2.766488e-07,-0.00491767
2.767488e-07,-0.0049147978
2.768488e-07,-0.0049241326
2.769488e-07,-0.004941366
2.770488e-07,-0.0049564453
2.771488e-07,-0.0049607537
2.772488e-07,-0.0049492647
2.773488e-07,-0.0049270048
2.774488e-07,-0.0049040269
2.775488e-07,-0.0048918199
2.776488e-07,-0.0048961282
2.777488e-07,-0.0049155159
2.778488e-07,-0.004940648
2.779488e-07,-0.0049607537
2.780488e-07,-0.0049686523
2.781488e-07,-0.004964344
2.782488e-07,-0.0049550092
2.783488e-07,-0.0049492647
2.784488e-07,-0.004952855
2.785488e-07,-0.0049657801
2.786488e-07,-0.0049830136
2.787488e-07,-0.0049952206
2.788488e-07,-0.0049980928
2.789488e-07,-0.0049909122
2.790488e-07,-0.0049801413
2.791488e-07,-0.0049722426
2.792488e-07,-0.0049722426
2.793488e-07,-0.0049787052
2.794488e-07,-0.004988758
2.795488e-07,-0.0049952206
2.796488e-07,-0.0049945025
2.797488e-07,-0.0049873219
2.798488e-07,-0.0049787052
2.799488e-07,-0.0049722426
2.800488e-07,-0.0049715246
2.801488e-07,-0.0049743968
2.802488e-07,-0.004975833
2.803488e-07,-0.0049722426
2.804488e-07,-0.0049614717
2.805488e-07,-0.0049463925
2.806488e-07,-0.0049334674
2.807488e-07,-0.0049262868
2.808488e-07,-0.0049270048
2.809488e-07,-0.0049327493
2.810488e-07,-0.0049377757
2.811488e-07,-0.0049377757
2.812488e-07,-0.0049320312
2.813488e-07,-0.0049255687
2.814488e-07,-0.0049219784
2.815488e-07,-0.0049262868
2.816488e-07,-0.0049363396
2.817488e-07,-0.0049456744
2.818488e-07,-0.0049478286
2.819488e-07,-0.0049377757
2.820488e-07,-0.00491767
2.821488e-07,-0.0048961282
2.822488e-07,-0.0048810489
2.823488e-07,-0.0048803309
2.824488e-07,-0.0048918199
2.825488e-07,-0.0049076172
2.826488e-07,-0.00491767
2.827488e-07,-0.0049147978
2.828488e-07,-0.0048990005
2.829488e-07,-0.0048788948
2.830488e-07,-0.0048659697
2.831488e-07,-0.0048688419
2.832488e-07,-0.0048867934
2.833488e-07,-0.0049104894
2.834488e-07,-0.0049277229
2.835488e-07,-0.0049262868
2.836488e-07,-0.004905463
2.837488e-07,-0.0048738683
2.838488e-07,-0.004845864
2.839488e-07,-0.004834375
2.840488e-07,-0.0048451459
2.841488e-07,-0.0048709961
2.842488e-07,-0.0048990005
2.843488e-07,-0.0049147978
2.844488e-07,-0.0049112075
2.845488e-07,-0.0048911018
2.846488e-07,-0.0048652516
2.847488e-07,-0.004845864
2.848488e-07,-0.0048408375
2.849488e-07,-0.0048487362
2.850488e-07,-0.0048616613
2.851488e-07,-0.0048688419
2.852488e-07,-0.0048659697
2.853488e-07,-0.0048551988
2.854488e-07,-0.0048451459
2.855488e-07,-0.004845864
2.856488e-07,-0.0048609432
2.857488e-07,-0.0048867934
2.858488e-07,-0.0049126436
2.859488e-07,-0.0049262868
2.860488e-07,-0.0049219784
2.861488e-07,-0.0049040269
2.862488e-07,-0.004881767
2.863488e-07,-0.0048688419
2.864488e-07,-0.0048738683
2.865488e-07,-0.0048954102
2.866488e-07,-0.0049248506
2.867488e-07,-0.0049492647
2.868488e-07,-0.0049600356
2.869488e-07,-0.0049550092
2.870488e-07,-0.0049399299
2.871488e-07,-0.0049262868
2.872488e-07,-0.0049212603
2.873488e-07,-0.0049270048
2.874488e-07,-0.0049392119
2.875488e-07,-0.0049492647
2.876488e-07,-0.0049507008
2.877488e-07,-0.004941366
2.878488e-07,-0.0049270048
2.879488e-07,-0.0049147978
2.880488e-07,-0.0049097714
2.881488e-07,-0.0049140797
2.882488e-07,-0.0049219784
2.883488e-07,-0.0049262868
2.884488e-07,-0.0049219784
2.885488e-07,-0.0049083352
2.886488e-07,-0.0048882295
2.887488e-07,-0.0048688419
2.888488e-07,-0.0048559168
2.889488e-07,-0.0048508904
2.890488e-07,-0.0048530446
2.891488e-07,-0.0048573529
2.892488e-07,-0.0048609432
2.893488e-07,-0.0048630974
2.894488e-07,-0.0048645335
2.895488e-07,-0.0048688419
2.896488e-07,-0.0048753045
2.897488e-07,-0.004881767
2.898488e-07,-0.0048846392
2.899488e-07,-0.0048803309
2.900488e-07,-0.00486956
2.901488e-07,-0.0048566349
2.902488e-07,-0.0048473001
2.903488e-07,-0.004845864
2.904488e-07,-0.0048530446
2.905488e-07,-0.0048652516
2.906488e-07,-0.0048760225
2.907488e-07,-0.0048803309
2.908488e-07,-0.0048760225
2.909488e-07,-0.0048674058
2.910488e-07,-0.0048595071
2.911488e-07,-0.0048573529
2.912488e-07,-0.0048623794
2.913488e-07,-0.0048709961
2.914488e-07,-0.0048788948
2.915488e-07,-0.0048803309
2.916488e-07,-0.0048767406
2.917488e-07,-0.0048717142
2.918488e-07,-0.0048717142
2.919488e-07,-0.0048803309
2.920488e-07,-0.0048968463
2.921488e-07,-0.0049155159
2.922488e-07,-0.0049270048
2.923488e-07,-0.0049262868
2.924488e-07,-0.0049140797
2.925488e-07,-0.0048961282
2.926488e-07,-0.0048824851
2.927488e-07,-0.0048803309
2.928488e-07,-0.0048903837
2.929488e-07,-0.0049076172
2.930488e-07,-0.0049226965
2.931488e-07,-0.0049262868
2.932488e-07,-0.00491767
2.933488e-07,-0.0049018727
2.934488e-07,-0.0048867934
2.935488e-07,-0.0048803309
2.936488e-07,-0.0048839212
2.937488e-07,-0.004893256
2.938488e-07,-0.0048982824
2.939488e-07,-0.0048918199
2.940488e-07,-0.0048724322
2.941488e-07,-0.004845864
2.942488e-07,-0.004822886
2.943488e-07,-0.0048113971
2.944488e-07,-0.0048149874
2.945488e-07,-0.0048286305
2.946488e-07,-0.0048415556
2.947488e-07,-0.004845864
2.948488e-07,-0.0048365292
2.949488e-07,-0.0048185777
2.950488e-07,-0.00479919
2.951488e-07,-0.0047884191
2.952488e-07,-0.0047891372
2.953488e-07,-0.004798472
2.954488e-07,-0.0048085248
2.955488e-07,-0.0048113971
2.956488e-07,-0.0048042165
2.957488e-07,-0.0047905733
2.958488e-07,-0.0047790843
2.959488e-07,-0.0047769301
2.960488e-07,-0.0047855469
2.961488e-07,-0.0047999081
2.962488e-07,-0.0048113971
2.963488e-07,-0.0048113971
2.964488e-07,-0.00479919
2.965488e-07,-0.0047805205
2.966488e-07,-0.0047661592
2.967488e-07,-0.0047654412
2.968488e-07,-0.0047812385
2.969488e-07,-0.0048078068
2.970488e-07,-0.0048336569
2.971488e-07,-0.004845864
2.972488e-07,-0.0048408375
2.973488e-07,-0.0048214499
2.974488e-07,-0.0048006261
2.975488e-07,-0.0047884191
2.976488e-07,-0.0047920094
2.977488e-07,-0.0048092429
2.978488e-07,-0.0048307847
2.979488e-07,-0.004845864
2.980488e-07,-0.0048473001
2.981488e-07,-0.0048365292
2.982488e-07,-0.0048214499
2.983488e-07,-0.0048113971
2.984488e-07,-0.0048135512
2.985488e-07,-0.0048264763
2.986488e-07,-0.0048437098
2.987488e-07,-0.0048573529
2.988488e-07,-0.0048616613
2.989488e-07,-0.0048573529
2.990488e-07,-0.0048494543
2.991488e-07,-0.004845864
2.992488e-07,-0.0048501723
2.993488e-07,-0.0048609432
2.994488e-07,-0.0048731503
2.995488e-07,-0.0048803309
2.996488e-07,-0.0048803309
2.997488e-07,-0.0048767406
2.998488e-07,-0.0048745864
2.999488e-07,-0.0048803309
3.000488e-07,-0.0048961282
3.001488e-07,-0.004916952
3.002488e-07,-0.0049370577
3.003488e-07,-0.0049492647
3.004488e-07,-0.004952855
3.005488e-07,-0.004952855
3.006488e-07,-0.0049571634
3.007488e-07,-0.0049722426
3.008488e-07,-0.0049988109
3.009488e-07,-0.0050304056
3.010488e-07,-0.0050548196
3.011488e-07,-0.0050641544
3.012488e-07,-0.0050548196
3.013488e-07,-0.0050347139
3.014488e-07,-0.0050146082
3.015488e-07,-0.0050067096
3.016488e-07,-0.0050174805
3.017488e-07,-0.0050433307
3.018488e-07,-0.0050742073
3.019488e-07,-0.0050986213
3.020488e-07,-0.0051093922
3.021488e-07,-0.0051058019
3.022488e-07,-0.0050957491
3.023488e-07,-0.0050871324
3.024488e-07,-0.0050856962
3.025488e-07,-0.0050907227
3.026488e-07,-0.0050971852
3.027488e-07,-0.0050986213
3.028488e-07,-0.0050928768
3.029488e-07,-0.005083542
3.030488e-07,-0.0050756434
3.031488e-07,-0.0050756434
3.032488e-07,-0.0050849782
3.033488e-07,-0.0051000574
3.034488e-07,-0.0051108284
3.035488e-07,-0.0051101103
3.036488e-07,-0.0050964671
3.037488e-07,-0.0050742073
3.038488e-07,-0.0050533835
3.039488e-07,-0.0050411765
3.040488e-07,-0.0050418945
3.041488e-07,-0.0050497932
3.042488e-07,-0.0050569738
3.043488e-07,-0.0050526654
3.044488e-07,-0.0050339959
3.045488e-07,-0.0050045554
3.046488e-07,-0.0049729607
3.047488e-07,-0.0049492647
3.048488e-07,-0.0049384938
3.049488e-07,-0.0049384938
3.050488e-07,-0.004941366
3.051488e-07,-0.0049377757
3.052488e-07,-0.0049241326
3.053488e-07,-0.0049025908
3.054488e-07,-0.004881767
3.055488e-07,-0.0048688419
3.056488e-07,-0.0048688419
3.057488e-07,-0.0048796128
3.058488e-07,-0.004893256
3.059488e-07,-0.0049033088
3.060488e-07,-0.0049047449
3.061488e-07,-0.0048990005
3.062488e-07,-0.0048925379
3.063488e-07,-0.0048918199
3.064488e-07,-0.0048975643
3.065488e-07,-0.0049061811
3.066488e-07,-0.0049104894
3.067488e-07,-0.0049033088
3.068488e-07,-0.0048832031
3.069488e-07,-0.0048566349
3.070488e-07,-0.0048336569
3.071488e-07,-0.004822886
3.072488e-07,-0.0048279125
3.073488e-07,-0.0048444278
3.074488e-07,-0.0048616613
3.075488e-07,-0.0048688419
3.076488e-07,-0.0048616613
3.077488e-07,-0.0048451459
3.078488e-07,-0.0048279125
3.079488e-07,-0.004822886
3.080488e-07,-0.0048358111
3.081488e-07,-0.0048645335
3.082488e-07,-0.0048990005
3.083488e-07,-0.0049262868
3.084488e-07,-0.0049377757
3.085488e-07,-0.0049320312
3.086488e-07,-0.0049162339
3.087488e-07,-0.0049033088
3.088488e-07,-0.0049018727
3.089488e-07,-0.0049162339
3.090488e-07,-0.0049420841
3.091488e-07,-0.0049722426
3.092488e-07,-0.0049973748
3.093488e-07,-0.005012454
3.094488e-07,-0.0050181985
3.095488e-07,-0.0050181985
3.096488e-07,-0.0050167624
3.097488e-07,-0.0050167624
3.098488e-07,-0.0050174805
3.099488e-07,-0.0050181985
3.100488e-07,-0.0050181985
3.101488e-07,-0.0050196347
3.102488e-07,-0.0050260972
3.103488e-07,-0.0050411765
3.104488e-07,-0.0050641544
3.105488e-07,-0.0050900046
3.106488e-07,-0.0051115464
3.107488e-07,-0.0051215993
3.108488e-07,-0.005118009
3.109488e-07,-0.0051022116
3.110488e-07,-0.0050813879
3.111488e-07,-0.0050641544
3.112488e-07,-0.0050555377
3.113488e-07,-0.0050569738
3.114488e-07,-0.0050655905
3.115488e-07,-0.0050756434
3.116488e-07,-0.0050842601
3.117488e-07,-0.0050900046
3.118488e-07,-0.005094313
3.119488e-07,-0.0050986213
3.120488e-07,-0.0051036477
3.121488e-07,-0.00510652
3.122488e-07,-0.0051058019
3.123488e-07,-0.0050986213
3.124488e-07,-0.0050864143
3.125488e-07,-0.005071335
3.126488e-07,-0.005059846
3.127488e-07,-0.0050526654
3.128488e-07,-0.0050497932
3.129488e-07,-0.005047639
3.130488e-07,-0.0050411765
3.131488e-07,-0.0050296875
3.132488e-07,-0.0050153263
3.133488e-07,-0.0050052734
3.134488e-07,-0.0050052734
3.135488e-07,-0.0050181985
3.136488e-07,-0.0050397403
3.137488e-07,-0.0050605641
3.138488e-07,-0.005070617
3.139488e-07,-0.0050641544
3.140488e-07,-0.0050426126
3.141488e-07,-0.0050153263
3.142488e-07,-0.0049966567
3.143488e-07,-0.0049952206
3.144488e-07,-0.0050138902
3.145488e-07,-0.0050454848
3.146488e-07,-0.0050777976
3.147488e-07,-0.0050986213
3.148488e-07,-0.0051036477
3.149488e-07,-0.0050964671
3.150488e-07,-0.0050871324
3.151488e-07,-0.0050871324
3.152488e-07,-0.0051022116
3.153488e-07,-0.0051309341
3.154488e-07,-0.0051639648
3.155488e-07,-0.0051905331
3.156488e-07,-0.0052041762
3.157488e-07,-0.0052041762
3.158488e-07,-0.0051962776
3.159488e-07,-0.0051905331
3.160488e-07,-0.0051919692
3.161488e-07,-0.0052005859
3.162488e-07,-0.0052142291
3.163488e-07,-0.005225
3.164488e-07,-0.0052300264
3.165488e-07,-0.0052293084
3.166488e-07,-0.0052264361
3.167488e-07,-0.005225
3.168488e-07,-0.0052264361
3.169488e-07,-0.0052271542
3.170488e-07,-0.0052242819
3.171488e-07,-0.005213511
3.172488e-07,-0.0051962776
3.173488e-07,-0.005177608
3.174488e-07,-0.005166119
3.175488e-07,-0.0051675551
3.176488e-07,-0.0051819164
3.177488e-07,-0.0052034582
3.178488e-07,-0.0052206916
3.179488e-07,-0.005225
3.180488e-07,-0.005212793
3.181488e-07,-0.005189097
3.182488e-07,-0.0051632468
3.183488e-07,-0.0051445772
3.184488e-07,-0.0051388327
3.185488e-07,-0.0051438591
3.186488e-07,-0.0051524759
3.187488e-07,-0.0051560662
3.188488e-07,-0.0051503217
3.189488e-07,-0.0051381147
3.190488e-07,-0.0051259076
3.191488e-07,-0.0051215993
3.192488e-07,-0.0051294979
3.193488e-07,-0.0051452953
3.194488e-07,-0.0051610926
3.195488e-07,-0.0051675551
3.196488e-07,-0.0051589384
3.197488e-07,-0.0051373966
3.198488e-07,-0.0051101103
3.199488e-07,-0.0050871324
3.200488e-07,-0.0050749253
3.201488e-07,-0.0050749253
3.202488e-07,-0.0050813879
3.203488e-07,-0.0050871324
3.204488e-07,-0.0050871324
3.205488e-07,-0.0050799517
3.206488e-07,-0.005070617
3.207488e-07,-0.0050641544
3.208488e-07,-0.0050655905
3.209488e-07,-0.0050742073
3.210488e-07,-0.0050871324
3.211488e-07,-0.0050986213
3.212488e-07,-0.0051050839
3.213488e-07,-0.0051072381
3.214488e-07,-0.0051072381
3.215488e-07,-0.0051101103
3.216488e-07,-0.0051172909
3.217488e-07,-0.0051273437
3.218488e-07,-0.0051381147
3.219488e-07,-0.0051445772
3.220488e-07,-0.0051460133
3.221488e-07,-0.0051445772
3.222488e-07,-0.0051431411
3.223488e-07,-0.0051445772
3.224488e-07,-0.0051488856
3.225488e-07,-0.0051517578
3.226488e-07,-0.0051510398
3.227488e-07,-0.0051445772
3.228488e-07,-0.0051345244
3.229488e-07,-0.0051273437
3.230488e-07,-0.0051294979
3.231488e-07,-0.0051445772
3.232488e-07,-0.0051689913
3.233488e-07,-0.0051948415
3.234488e-07,-0.0052113568
3.235488e-07,-0.005213511
3.236488e-07,-0.0052005859
3.237488e-07,-0.0051804802
3.238488e-07,-0.0051625287
3.239488e-07,-0.0051560662
3.240488e-07,-0.0051618107
3.241488e-07,-0.0051732996
3.242488e-07,-0.0051811983
3.243488e-07,-0.0051790441
3.244488e-07,-0.0051646829
3.245488e-07,-0.0051460133
3.246488e-07,-0.0051323702
3.247488e-07,-0.0051330882
3.248488e-07,-0.0051488856
3.249488e-07,-0.0051718635
3.250488e-07,-0.005189097
3.251488e-07,-0.0051905331
3.252488e-07,-0.0051711455
3.253488e-07,-0.0051366785
3.254488e-07,-0.0051000574
3.255488e-07,-0.0050756434
3.256488e-07,-0.005070617
3.257488e-07,-0.005083542
3.258488e-07,-0.0051050839
3.259488e-07,-0.0051215993
3.260488e-07,-0.0051259076
3.261488e-07,-0.0051158548
3.262488e-07,-0.0051000574
3.263488e-07,-0.0050871324
3.264488e-07,-0.0050856962
3.265488e-07,-0.0050964671
3.266488e-07,-0.0051151367
3.267488e-07,-0.0051330882
3.268488e-07,-0.0051431411
3.269488e-07,-0.0051438591
3.270488e-07,-0.0051388327
3.271488e-07,-0.0051330882
3.272488e-07,-0.0051309341
3.273488e-07,-0.0051323702
3.274488e-07,-0.0051345244
3.275488e-07,-0.0051330882
3.276488e-07,-0.0051259076
3.277488e-07,-0.0051158548
3.278488e-07,-0.0051086742
3.279488e-07,-0.0051101103
3.280488e-07,-0.0051215993
3.281488e-07,-0.0051402688
3.282488e-07,-0.0051575023
3.283488e-07,-0.0051675551
3.284488e-07,-0.005166119
3.285488e-07,-0.0051546301
3.286488e-07,-0.0051409869
3.287488e-07,-0.0051330882
3.288488e-07,-0.0051345244
3.289488e-07,-0.0051452953
3.290488e-07,-0.0051582204
3.291488e-07,-0.0051675551
3.292488e-07,-0.0051675551
3.293488e-07,-0.0051589384
3.294488e-07,-0.0051452953
3.295488e-07,-0.0051330882
3.296488e-07,-0.0051266257
3.297488e-07,-0.0051259076
3.298488e-07,-0.0051294979
3.299488e-07,-0.0051330882
3.300488e-07,-0.0051352424
3.301488e-07,-0.0051366785
3.302488e-07,-0.0051395508
3.303488e-07,-0.0051445772
3.304488e-07,-0.0051503217
3.305488e-07,-0.005153912
3.306488e-07,-0.0051524759
3.307488e-07,-0.0051445772
3.308488e-07,-0.0051352424
3.309488e-07,-0.0051323702
3.310488e-07,-0.005142423
3.311488e-07,-0.0051675551
3.312488e-07,-0.0052027401
3.313488e-07,-0.005237207
3.314488e-07,-0.0052587489
3.315488e-07,-0.0052594669
3.316488e-07,-0.0052407973
3.317488e-07,-0.005212793
3.318488e-07,-0.0051883789
3.319488e-07,-0.0051790441
3.320488e-07,-0.0051883789
3.321488e-07,-0.0052120749
3.322488e-07,-0.0052386432
3.323488e-07,-0.0052594669
3.324488e-07,-0.0052695198
3.325488e-07,-0.0052716739
3.326488e-07,-0.0052745462
3.327488e-07,-0.0052824449
3.328488e-07,-0.0052982422
3.329488e-07,-0.0053161937
3.330488e-07,-0.0053276827
3.331488e-07,-0.0053284007
3.332488e-07,-0.0053176298
3.333488e-07,-0.0053018325
3.334488e-07,-0.0052917796
3.335488e-07,-0.0052939338
3.336488e-07,-0.0053090131
3.337488e-07,-0.0053305549
3.338488e-07,-0.0053463523
3.339488e-07,-0.0053513787
3.340488e-07,-0.0053449161
3.341488e-07,-0.0053355813
3.342488e-07,-0.0053348633
3.343488e-07,-0.0053513787
3.344488e-07,-0.0053829733
3.345488e-07,-0.0054188764
3.346488e-07,-0.0054432904
3.347488e-07,-0.0054432904
3.348488e-07,-0.0054174403
3.349488e-07,-0.0053757927
3.350488e-07,-0.0053370175
3.351488e-07,-0.0053169118
3.352488e-07,-0.0053226563
3.353488e-07,-0.0053485064
3.354488e-07,-0.005379383
3.355488e-07,-0.0053973346
3.356488e-07,-0.0053937443
3.357488e-07,-0.0053700483
3.358488e-07,-0.0053398897
3.359488e-07,-0.0053169118
3.360488e-07,-0.0053126034
3.361488e-07,-0.0053255285
3.362488e-07,-0.0053470703
3.363488e-07,-0.0053628676
3.364488e-07,-0.0053628676
3.365488e-07,-0.0053463523
3.366488e-07,-0.005319784
3.367488e-07,-0.0052939338
3.368488e-07,-0.0052781365
3.369488e-07,-0.0052745462
3.370488e-07,-0.0052788545
3.371488e-07,-0.0052824449
3.372488e-07,-0.0052810087
3.373488e-07,-0.0052731101
3.374488e-07,-0.0052644933
3.375488e-07,-0.0052594669
3.376488e-07,-0.0052616211
3.377488e-07,-0.0052666475
3.378488e-07,-0.0052680836
3.379488e-07,-0.0052594669
3.380488e-07,-0.0052379251
3.381488e-07,-0.0052077665
3.382488e-07,-0.005177608
3.383488e-07,-0.0051560662
3.384488e-07,-0.0051467314
3.385488e-07,-0.0051467314
3.386488e-07,-0.0051488856
3.387488e-07,-0.0051445772
3.388488e-07,-0.0051323702
3.389488e-07,-0.0051151367
3.390488e-07,-0.0051014936
3.391488e-07,-0.0050986213
3.392488e-07,-0.0051079561
3.393488e-07,-0.0051251896
3.394488e-07,-0.0051402688
3.395488e-07,-0.0051445772
3.396488e-07,-0.0051366785
3.397488e-07,-0.0051223173
3.398488e-07,-0.0051101103
3.399488e-07,-0.0051101103
3.400488e-07,-0.0051244715
3.401488e-07,-0.0051474494
3.402488e-07,-0.0051689913
3.403488e-07,-0.0051790441
3.404488e-07,-0.0051740177
3.405488e-07,-0.0051582204
3.406488e-07,-0.0051409869
3.407488e-07,-0.0051330882
3.408488e-07,-0.0051373966
3.409488e-07,-0.0051503217
3.410488e-07,-0.0051632468
3.411488e-07,-0.0051675551
3.412488e-07,-0.0051603745
3.413488e-07,-0.0051467314
3.414488e-07,-0.0051345244
3.415488e-07,-0.0051330882
3.416488e-07,-0.0051431411
3.417488e-07,-0.0051603745
3.418488e-07,-0.0051747358
3.419488e-07,-0.0051790441
3.420488e-07,-0.0051718635
3.421488e-07,-0.0051610926
3.422488e-07,-0.0051567842
3.423488e-07,-0.0051675551
3.424488e-07,-0.0051941234
3.425488e-07,-0.0052271542
3.426488e-07,-0.0052530044
3.427488e-07,-0.0052594669
3.428488e-07,-0.0052436696
3.429488e-07,-0.005212793
3.430488e-07,-0.0051833525
3.431488e-07,-0.0051675551
3.432488e-07,-0.0051732996
3.433488e-07,-0.0051969956
3.434488e-07,-0.0052257181
3.435488e-07,-0.0052479779
3.436488e-07,-0.0052558766
3.437488e-07,-0.0052522863
3.438488e-07,-0.0052465418
3.439488e-07,-0.0052479779
3.440488e-07,-0.0052616211
3.441488e-07,-0.0052831629
3.442488e-07,-0.0053011144
3.443488e-07,-0.0053054228
3.444488e-07,-0.0052917796
3.445488e-07,-0.0052659295
3.446488e-07,-0.0052393612
3.447488e-07,-0.005225
3.448488e-07,-0.0052293084
3.449488e-07,-0.0052472599
3.450488e-07,-0.0052695198
3.451488e-07,-0.0052824449
3.452488e-07,-0.0052795726
3.453488e-07,-0.0052637753
3.454488e-07,-0.0052458238
3.455488e-07,-0.005236489
3.456488e-07,-0.0052436696
3.457488e-07,-0.0052637753
3.458488e-07,-0.0052889074
3.459488e-07,-0.0053054228
3.460488e-07,-0.0053068589
3.461488e-07,-0.0052939338
3.462488e-07,-0.0052745462
3.463488e-07,-0.0052594669
3.464488e-07,-0.0052558766
3.465488e-07,-0.0052630572
3.466488e-07,-0.0052752642
3.467488e-07,-0.0052824449
3.468488e-07,-0.0052802907
3.469488e-07,-0.0052709559
3.470488e-07,-0.0052616211
3.471488e-07,-0.0052594669
3.472488e-07,-0.0052695198
3.473488e-07,-0.0052881893
3.474488e-07,-0.005307577
3.475488e-07,-0.0053169118
3.476488e-07,-0.0053118853
3.477488e-07,-0.0052946519
3.478488e-07,-0.0052738281
3.479488e-07,-0.0052594669
3.480488e-07,-0.0052573127
3.481488e-07,-0.0052652114
3.482488e-07,-0.0052767004
3.483488e-07,-0.0052824449
3.484488e-07,-0.0052767004
3.485488e-07,-0.005260903
3.486488e-07,-0.0052407973
3.487488e-07,-0.005225
3.488488e-07,-0.0052185375
3.489488e-07,-0.0052199736
3.490488e-07,-0.0052242819
3.491488e-07,-0.005225
3.492488e-07,-0.0052192555
3.493488e-07,-0.0052092027
3.494488e-07,-0.005201304
3.495488e-07,-0.0052020221
3.496488e-07,-0.005212793
3.497488e-07,-0.0052300264
3.498488e-07,-0.0052436696
3.499488e-07,-0.0052479779
3.500488e-07,-0.0052386432
3.501488e-07,-0.0052206916
3.502488e-07,-0.005201304
3.503488e-07,-0.0051905331
3.504488e-07,-0.0051912511
3.505488e-07,-0.005201304
3.506488e-07,-0.0052113568
3.507488e-07,-0.005213511
3.508488e-07,-0.0052048943
3.509488e-07,-0.0051883789
3.510488e-07,-0.0051732996
3.511488e-07,-0.0051675551
3.512488e-07,-0.0051747358
3.513488e-07,-0.0051905331
3.514488e-07,-0.0052070485
3.515488e-07,-0.005213511
3.516488e-07,-0.0052056124
3.517488e-07,-0.0051869428
3.518488e-07,-0.0051668371
3.519488e-07,-0.0051560662
3.520488e-07,-0.0051610926
3.521488e-07,-0.0051797622
3.522488e-07,-0.0052048943
3.523488e-07,-0.005225
3.524488e-07,-0.0052328987
3.525488e-07,-0.0052271542
3.526488e-07,-0.0052142291
3.527488e-07,-0.0052020221
3.528488e-07,-0.0051977137
3.529488e-07,-0.0052034582
3.530488e-07,-0.0052149472
3.531488e-07,-0.005225
3.532488e-07,-0.0052293084
3.533488e-07,-0.0052257181
3.534488e-07,-0.0052185375
3.535488e-07,-0.005213511
3.536488e-07,-0.0052142291
3.537488e-07,-0.0052206916
3.538488e-07,-0.0052300264
3.539488e-07,-0.005236489
3.540488e-07,-0.005236489
3.541488e-07,-0.0052307445
3.542488e-07,-0.0052214097
3.543488e-07,-0.005213511
3.544488e-07,-0.0052092027
3.545488e-07,-0.0052084846
3.546488e-07,-0.0052070485
3.547488e-07,-0.0052020221
3.548488e-07,-0.0051934053
3.549488e-07,-0.0051833525
3.550488e-07,-0.0051768899
3.551488e-07,-0.0051790441
3.552488e-07,-0.005189815
3.553488e-07,-0.0052056124
3.554488e-07,-0.0052192555
3.555488e-07,-0.005225
3.556488e-07,-0.0052192555
3.557488e-07,-0.0052056124
3.558488e-07,-0.005189815
3.559488e-07,-0.0051790441
3.560488e-07,-0.0051761719
3.561488e-07,-0.0051819164
3.562488e-07,-0.0051919692
3.563488e-07,-0.0052020221
3.564488e-07,-0.0052092027
3.565488e-07,-0.0052149472
3.566488e-07,-0.0052192555
3.567488e-07,-0.005225
3.568488e-07,-0.0052293084
3.569488e-07,-0.0052278722
3.570488e-07,-0.0052149472
3.571488e-07,-0.0051905331
3.572488e-07,-0.0051582204
3.573488e-07,-0.0051273437
3.574488e-07,-0.0051086742
3.575488e-07,-0.0051101103
3.576488e-07,-0.0051309341
3.577488e-07,-0.0051639648
3.578488e-07,-0.0051948415
3.579488e-07,-0.005213511
3.580488e-07,-0.0052142291
3.581488e-07,-0.0051998679
3.582488e-07,-0.0051804802
3.583488e-07,-0.0051675551
3.584488e-07,-0.0051675551
3.585488e-07,-0.0051797622
3.586488e-07,-0.0051977137
3.587488e-07,-0.005213511
3.588488e-07,-0.0052206916
3.589488e-07,-0.0052192555
3.590488e-07,-0.0052149472
3.591488e-07,-0.005213511
3.592488e-07,-0.0052199736
3.593488e-07,-0.0052343348
3.594488e-07,-0.0052494141
3.595488e-07,-0.0052594669
3.596488e-07,-0.0052594669
3.597488e-07,-0.0052515682
3.598488e-07,-0.0052415154
3.599488e-07,-0.005236489
3.600488e-07,-0.0052429515
3.601488e-07,-0.005260185
3.602488e-07,-0.005283881
3.603488e-07,-0.0053054228
3.604488e-07,-0.005319784
3.605488e-07,-0.0053233743
3.606488e-07,-0.0053212201
3.607488e-07,-0.0053169118
3.608488e-07,-0.0053169118
3.609488e-07,-0.0053240924
3.610488e-07,-0.0053362994
3.611488e-07,-0.0053513787
3.612488e-07,-0.0053650218
3.613488e-07,-0.0053750747
3.614488e-07,-0.0053822553
3.615488e-07,-0.0053858456
3.616488e-07,-0.0053865636
3.617488e-07,-0.0053844095
3.618488e-07,-0.0053765108
3.619488e-07,-0.0053628676
3.620488e-07,-0.0053463523
3.621488e-07,-0.0053305549
3.622488e-07,-0.005319784
3.623488e-07,-0.0053169118
3.624488e-07,-0.005319784
3.625488e-07,-0.0053240924
3.626488e-07,-0.0053240924
3.627488e-07,-0.0053169118
3.628488e-07,-0.0053032686
3.629488e-07,-0.0052896255
3.630488e-07,-0.0052810087
3.631488e-07,-0.0052824449
3.632488e-07,-0.0052932158
3.633488e-07,-0.0053061409
3.634488e-07,-0.0053126034
3.635488e-07,-0.0053054228
3.636488e-07,-0.0052831629
3.637488e-07,-0.0052508502
3.638488e-07,-0.0052171013
3.639488e-07,-0.0051905331
3.640488e-07,-0.0051747358
3.641488e-07,-0.0051697093
3.642488e-07,-0.0051689913
3.643488e-07,-0.0051675551
3.644488e-07,-0.0051618107
3.645488e-07,-0.005153912
3.646488e-07,-0.0051467314
3.647488e-07,-0.0051445772
3.648488e-07,-0.0051474494
3.649488e-07,-0.0051517578
3.650488e-07,-0.0051524759
3.651488e-07,-0.0051445772
3.652488e-07,-0.0051280618
3.653488e-07,-0.00510652
3.654488e-07,-0.0050871324
3.655488e-07,-0.0050756434
3.656488e-07,-0.0050727711
3.657488e-07,-0.0050749253
3.658488e-07,-0.0050770795
3.659488e-07,-0.0050756434
3.660488e-07,-0.005070617
3.661488e-07,-0.0050670267
3.662488e-07,-0.005071335
3.663488e-07,-0.0050871324
3.664488e-07,-0.0051122645
3.665488e-07,-0.0051388327
3.666488e-07,-0.0051560662
3.667488e-07,-0.0051560662
3.668488e-07,-0.0051395508
3.669488e-07,-0.0051151367
3.670488e-07,-0.0050935949
3.671488e-07,-0.0050871324
3.672488e-07,-0.0050993394
3.673488e-07,-0.0051259076
3.674488e-07,-0.0051560662
3.675488e-07,-0.0051790441
3.676488e-07,-0.005189097
3.677488e-07,-0.0051869428
3.678488e-07,-0.0051804802
3.679488e-07,-0.0051790441
3.680488e-07,-0.0051862247
3.681488e-07,-0.005201304
3.682488e-07,-0.0052163833
3.683488e-07,-0.005225
3.684488e-07,-0.0052228458
3.685488e-07,-0.005213511
3.686488e-07,-0.0052034582
3.687488e-07,-0.0052020221
3.688488e-07,-0.0052120749
3.689488e-07,-0.0052321806
3.690488e-07,-0.0052544405
3.691488e-07,-0.0052709559
3.692488e-07,-0.0052774184
3.693488e-07,-0.0052774184
3.694488e-07,-0.0052759823
3.695488e-07,-0.0052824449
3.696488e-07,-0.0052996783
3.697488e-07,-0.0053248104
3.698488e-07,-0.0053492245
3.699488e-07,-0.0053628676
3.700488e-07,-0.0053607135
3.701488e-07,-0.0053441981
3.702488e-07,-0.0053226563
3.703488e-07,-0.0053054228
3.704488e-07,-0.0053018325
3.705488e-07,-0.0053140395
3.706488e-07,-0.0053377355
3.707488e-07,-0.0053628676
3.708488e-07,-0.0053829733
3.709488e-07,-0.0053937443
3.710488e-07,-0.0053973346
3.711488e-07,-0.0053973346
3.712488e-07,-0.0053980526
3.713488e-07,-0.0054016429
3.714488e-07,-0.0054066693
3.715488e-07,-0.0054088235
3.716488e-07,-0.0054066693
3.717488e-07,-0.0054002068
3.718488e-07,-0.0053923081
3.719488e-07,-0.0053858456
3.720488e-07,-0.0053815372
3.721488e-07,-0.0053779469
3.722488e-07,-0.0053729205
3.723488e-07,-0.0053628676
3.724488e-07,-0.0053499426
3.725488e-07,-0.0053377355
3.726488e-07,-0.0053334272
3.727488e-07,-0.0053398897
3.728488e-07,-0.0053571232
3.729488e-07,-0.005378665
3.730488e-07,-0.0053951804
3.731488e-07,-0.0053973346
3.732488e-07,-0.0053822553
3.733488e-07,-0.0053535329
3.734488e-07,-0.0053205021
3.735488e-07,-0.0052939338
3.736488e-07,-0.0052810087
3.737488e-07,-0.0052824449
3.738488e-07,-0.0052932158
3.739488e-07,-0.0053054228
3.740488e-07,-0.0053118853
3.741488e-07,-0.0053104492
3.742488e-07,-0.0053025506
3.743488e-07,-0.0052939338
3.744488e-07,-0.0052889074
3.745488e-07,-0.0052889074
3.746488e-07,-0.0052917796
3.747488e-07,-0.0052939338
3.748488e-07,-0.0052917796
3.749488e-07,-0.005284599
3.750488e-07,-0.0052731101
3.751488e-07,-0.0052594669
3.752488e-07,-0.0052458238
3.753488e-07,-0.0052336167
3.754488e-07,-0.0052228458
3.755488e-07,-0.005213511
3.756488e-07,-0.0052084846
3.757488e-07,-0.0052092027
3.758488e-07,-0.0052192555
3.759488e-07,-0.005236489
3.760488e-07,-0.0052580308
3.761488e-07,-0.0052781365
3.762488e-07,-0.0052910616
3.763488e-07,-0.0052939338
3.764488e-07,-0.0052889074
3.765488e-07,-0.0052817268
3.766488e-07,-0.0052788545
3.767488e-07,-0.0052824449
3.768488e-07,-0.0052917796
3.769488e-07,-0.0053018325
3.770488e-07,-0.0053068589
3.771488e-07,-0.0053054228
3.772488e-07,-0.0053003964
3.773488e-07,-0.0052989602
3.774488e-07,-0.005307577
3.775488e-07,-0.0053284007
3.776488e-07,-0.005355687
3.777488e-07,-0.0053808192
3.778488e-07,-0.0053923081
3.779488e-07,-0.0053858456
3.780488e-07,-0.0053650218
3.781488e-07,-0.0053413258
3.782488e-07,-0.0053262466
3.783488e-07,-0.0053284007
3.784488e-07,-0.0053463523
3.785488e-07,-0.0053714844
3.786488e-07,-0.005390872
3.787488e-07,-0.0053973346
3.788488e-07,-0.005390872
3.789488e-07,-0.005379383
3.790488e-07,-0.0053750747
3.791488e-07,-0.0053858456
3.792488e-07,-0.0054109777
3.793488e-07,-0.0054418543
3.794488e-07,-0.0054633961
3.795488e-07,-0.0054662684
3.796488e-07,-0.005449753
3.797488e-07,-0.0054239028
3.798488e-07,-0.005402361
3.799488e-07,-0.0053973346
3.800488e-07,-0.0054124138
3.801488e-07,-0.0054397001
3.802488e-07,-0.0054655503
3.803488e-07,-0.0054777574
3.804488e-07,-0.0054720129
3.805488e-07,-0.0054540614
3.806488e-07,-0.0054368279
3.807488e-07,-0.0054318015
3.808488e-07,-0.0054425724
3.809488e-07,-0.0054633961
3.810488e-07,-0.0054827838
3.811488e-07,-0.0054892463
3.812488e-07,-0.0054799115
3.813488e-07,-0.0054590878
3.814488e-07,-0.0054397001
3.815488e-07,-0.0054318015
3.816488e-07,-0.005438264
3.817488e-07,-0.0054533433
3.818488e-07,-0.0054655503
3.819488e-07,-0.0054662684
3.820488e-07,-0.0054533433
3.821488e-07,-0.0054346737
3.822488e-07,-0.0054246209
3.823488e-07,-0.0054318015
3.824488e-07,-0.0054583697
3.825488e-07,-0.0054949908
3.826488e-07,-0.0055251494
3.827488e-07,-0.0055352022
3.828488e-07,-0.0055215591
3.829488e-07,-0.0054928366
3.830488e-07,-0.0054648323
3.831488e-07,-0.0054547794
3.832488e-07,-0.0054677045
3.833488e-07,-0.0054978631
3.834488e-07,-0.0055294577
3.835488e-07,-0.0055466912
3.836488e-07,-0.0055423828
3.837488e-07,-0.0055215591
3.838488e-07,-0.0054985811
3.839488e-07,-0.0054892463
3.840488e-07,-0.0055007353
3.841488e-07,-0.0055294577
3.842488e-07,-0.0055617705
3.843488e-07,-0.0055811581
3.844488e-07,-0.0055790039
3.845488e-07,-0.0055581801
3.846488e-07,-0.0055301758
3.847488e-07,-0.0055122243
3.848488e-07,-0.0055136604
3.849488e-07,-0.0055344841
3.850488e-07,-0.0055653608
3.851488e-07,-0.0055926471
3.852488e-07,-0.0056062902
3.853488e-07,-0.0056055722
3.854488e-07,-0.0055969554
3.855488e-07,-0.0055926471
3.856488e-07,-0.0055983915
3.857488e-07,-0.0056134708
3.858488e-07,-0.0056299862
3.859488e-07,-0.0056386029
3.860488e-07,-0.0056335765
3.861488e-07,-0.0056163431
3.862488e-07,-0.0055962374
3.863488e-07,-0.0055811581
3.864488e-07,-0.0055782858
3.865488e-07,-0.0055854665
3.866488e-07,-0.0055969554
3.867488e-07,-0.005604136
3.868488e-07,-0.005604136
3.869488e-07,-0.0055998277
3.870488e-07,-0.0055976735
3.871488e-07,-0.005604136
3.872488e-07,-0.0056206514
3.873488e-07,-0.0056400391
3.874488e-07,-0.0056522461
3.875488e-07,-0.0056500919
3.876488e-07,-0.0056314223
3.877488e-07,-0.005604136
3.878488e-07,-0.00558044
3.879488e-07,-0.0055696691
3.880488e-07,-0.0055754136
3.881488e-07,-0.0055904929
3.882488e-07,-0.005603418
3.883488e-07,-0.005604136
3.884488e-07,-0.0055904929
3.885488e-07,-0.0055689511
3.886488e-07,-0.0055545898
3.887488e-07,-0.0055581801
3.888488e-07,-0.0055825942
3.889488e-07,-0.0056206514
3.890488e-07,-0.0056551183
3.891488e-07,-0.0056730699
3.892488e-07,-0.0056673254
3.893488e-07,-0.0056436294
3.894488e-07,-0.0056170611
3.895488e-07,-0.005604136
3.896488e-07,-0.0056134708
3.897488e-07,-0.0056421932
3.898488e-07,-0.0056780963
3.899488e-07,-0.0057075368
3.900488e-07,-0.0057197438
3.901488e-07,-0.0057154354
3.902488e-07,-0.0057032284
3.903488e-07,-0.0056960478
3.904488e-07,-0.0057017923
3.905488e-07,-0.0057211799
3.906488e-07,-0.005745594
3.907488e-07,-0.0057649816
3.908488e-07,-0.0057721622
3.909488e-07,-0.0057671358
3.910488e-07,-0.005757801
3.911488e-07,-0.0057534926
3.912488e-07,-0.0057599552
3.913488e-07,-0.0057764706
3.914488e-07,-0.0057965763
3.915488e-07,-0.0058109375
3.916488e-07,-0.0058152459
3.917488e-07,-0.0058102194
3.918488e-07,-0.0058023208
3.919488e-07,-0.0057994485
3.920488e-07,-0.005804475
3.921488e-07,-0.005816682
3.922488e-07,-0.005828171
3.923488e-07,-0.0058339154
3.924488e-07,-0.0058303251
3.925488e-07,-0.0058217084
3.926488e-07,-0.0058130917
3.927488e-07,-0.0058109375
3.928488e-07,-0.005816682
3.929488e-07,-0.0058245807
3.930488e-07,-0.005828171
3.931488e-07,-0.0058224265
3.932488e-07,-0.0058066291
3.933488e-07,-0.0057886776
3.934488e-07,-0.0057764706
3.935488e-07,-0.0057764706
3.936488e-07,-0.0057872415
3.937488e-07,-0.0058001666
3.938488e-07,-0.0058030388
3.939488e-07,-0.0057879596
3.940488e-07,-0.0057549288
3.941488e-07,-0.0057147174
3.942488e-07,-0.0056795324
3.943488e-07,-0.0056615809
3.944488e-07,-0.0056622989
3.945488e-07,-0.0056730699
3.946488e-07,-0.0056802505
3.947488e-07,-0.0056730699
3.948488e-07,-0.0056486558
3.949488e-07,-0.0056141889
3.950488e-07,-0.0055840303
3.951488e-07,-0.0055696691
3.952488e-07,-0.0055732594
3.953488e-07,-0.0055861845
3.954488e-07,-0.0055933651
3.955488e-07,-0.0055811581
3.956488e-07,-0.0055459731
3.957488e-07,-0.0054957089
3.958488e-07,-0.0054483169
3.959488e-07,-0.0054203125
3.960488e-07,-0.0054188764
3.961488e-07,-0.005438264
3.962488e-07,-0.0054633961
3.963488e-07,-0.0054777574
3.964488e-07,-0.0054705767
3.965488e-07,-0.0054440085
3.966488e-07,-0.0054102597
3.967488e-07,-0.0053858456
3.968488e-07,-0.0053808192
3.969488e-07,-0.0053944623
3.970488e-07,-0.0054160041
3.971488e-07,-0.0054318015
3.972488e-07,-0.0054303653
3.973488e-07,-0.0054095416
3.974488e-07,-0.005379383
3.975488e-07,-0.0053513787
3.976488e-07,-0.0053370175
3.977488e-07,-0.0053398897
3.978488e-07,-0.005354969
3.979488e-07,-0.0053743566
3.980488e-07,-0.0053894359
3.981488e-07,-0.0053987707
3.982488e-07,-0.005403079
3.983488e-07,-0.0054088235
3.984488e-07,-0.0054174403
3.985488e-07,-0.0054282112
3.986488e-07,-0.0054346737
3.987488e-07,-0.0054318015
3.988488e-07,-0.0054188764
3.989488e-07,-0.0054016429
3.990488e-07,-0.0053872817
3.991488e-07,-0.0053858456
3.992488e-07,-0.0053994887
3.993488e-07,-0.0054253389
3.994488e-07,-0.0054540614
3.995488e-07,-0.0054777574
3.996488e-07,-0.0054928366
3.997488e-07,-0.0055007353
3.998488e-07,-0.005509352
3.999488e-07,-0.0055237132
4.000488e-07,-0.0055452551
4.001488e-07,-0.0055675149
4.002488e-07,-0.0055825942
4.003488e-07,-0.0055811581
4.004488e-07,-0.0055632066
4.005488e-07,-0.0055359203
4.006488e-07,-0.0055115062
4.007488e-07,-0.0055007353
4.008488e-07,-0.0055071978
4.009488e-07,-0.0055265855
4.010488e-07,-0.0055466912
4.011488e-07,-0.0055581801
4.012488e-07,-0.0055545898
4.013488e-07,-0.0055395106
4.014488e-07,-0.0055222771
4.015488e-07,-0.0055122243
4.016488e-07,-0.0055136604
4.017488e-07,-0.0055237132
4.018488e-07,-0.0055337661
4.019488e-07,-0.0055352022
4.020488e-07,-0.0055251494
4.021488e-07,-0.0055079159
4.022488e-07,-0.0054928366
4.023488e-07,-0.0054892463
4.024488e-07,-0.0054992992
4.025488e-07,-0.0055172507
4.026488e-07,-0.005533048
4.027488e-07,-0.0055352022
4.028488e-07,-0.005520841
4.029488e-07,-0.0054949908
4.030488e-07,-0.0054691406
4.031488e-07,-0.0054547794
4.032488e-07,-0.0054583697
4.033488e-07,-0.0054763212
4.034488e-07,-0.0054985811
4.035488e-07,-0.0055122243
4.036488e-07,-0.0055107881
4.037488e-07,-0.0054964269
4.038488e-07,-0.0054777574
4.039488e-07,-0.0054662684
4.040488e-07,-0.0054691406
4.041488e-07,-0.0054870921
4.042488e-07,-0.0055115062
4.043488e-07,-0.0055352022
4.044488e-07,-0.0055502815
4.045488e-07,-0.005556026
4.046488e-07,-0.005556744
4.047488e-07,-0.0055581801
4.048488e-07,-0.0055624885
4.049488e-07,-0.0055675149
4.050488e-07,-0.0055675149
4.051488e-07,-0.0055581801
4.052488e-07,-0.0055395106
4.053488e-07,-0.0055172507
4.054488e-07,-0.0055014534
4.055488e-07,-0.0055007353
4.056488e-07,-0.0055172507
4.057488e-07,-0.0055452551
4.058488e-07,-0.0055739775
4.059488e-07,-0.0055926471
4.060488e-07,-0.0055955193
4.061488e-07,-0.0055847484
4.062488e-07,-0.0055689511
4.063488e-07,-0.0055581801
4.064488e-07,-0.005556744
4.065488e-07,-0.0055624885
4.066488e-07,-0.0055689511
4.067488e-07,-0.0055696691
4.068488e-07,-0.0055603343
4.069488e-07,-0.0055431009
4.070488e-07,-0.0055251494
4.071488e-07,-0.0055122243
4.072488e-07,-0.0055064798
4.073488e-07,-0.0055050437
4.074488e-07,-0.0055007353
4.075488e-07,-0.0054892463
4.076488e-07,-0.0054705767
4.077488e-07,-0.005450471
4.078488e-07,-0.0054397001
4.079488e-07,-0.0054432904
4.080488e-07,-0.0054598058
4.081488e-07,-0.0054799115
4.082488e-07,-0.0054892463
4.083488e-07,-0.0054777574
4.084488e-07,-0.0054425724
4.085488e-07,-0.0053915901
4.086488e-07,-0.0053413258
4.087488e-07,-0.0053054228
4.088488e-07,-0.0052924977
4.089488e-07,-0.0052989602
4.090488e-07,-0.0053154756
4.091488e-07,-0.0053284007
4.092488e-07,-0.0053305549
4.093488e-07,-0.0053219382
4.094488e-07,-0.0053111673
4.095488e-07,-0.0053054228
4.096488e-07,-0.0053104492
4.097488e-07,-0.0053240924
4.098488e-07,-0.0053370175
4.099488e-07,-0.0053398897
4.100488e-07,-0.0053284007
4.101488e-07,-0.0053047047
4.102488e-07,-0.0052788545
4.103488e-07,-0.0052594669
4.104488e-07,-0.0052530044
4.105488e-07,-0.0052573127
4.106488e-07,-0.0052666475
4.107488e-07,-0.0052709559
4.108488e-07,-0.0052666475
4.109488e-07,-0.0052551585
4.110488e-07,-0.0052429515
4.111488e-07,-0.005236489
4.112488e-07,-0.0052386432
4.113488e-07,-0.0052458238
4.114488e-07,-0.0052515682
4.115488e-07,-0.0052479779
4.116488e-07,-0.0052336167
4.117488e-07,-0.005213511
4.118488e-07,-0.0051962776
4.119488e-07,-0.0051905331
4.120488e-07,-0.0051984318
4.121488e-07,-0.0052149472
4.122488e-07,-0.0052307445
4.123488e-07,-0.005236489
4.124488e-07,-0.0052278722
4.125488e-07,-0.0052077665
4.126488e-07,-0.0051855067
4.127488e-07,-0.0051675551
4.128488e-07,-0.0051582204
4.129488e-07,-0.005153912
4.130488e-07,-0.0051481675
4.131488e-07,-0.0051330882
4.132488e-07,-0.0051086742
4.133488e-07,-0.0050806698
4.134488e-07,-0.005059128
4.135488e-07,-0.0050526654
4.136488e-07,-0.0050634364
4.137488e-07,-0.0050856962
4.138488e-07,-0.0051086742
4.139488e-07,-0.0051215993
4.140488e-07,-0.0051215993
4.141488e-07,-0.0051115464
4.142488e-07,-0.0051007755
4.143488e-07,-0.0050986213
4.144488e-07,-0.0051072381
4.145488e-07,-0.0051215993
4.146488e-07,-0.0051330882
4.147488e-07,-0.0051330882
4.148488e-07,-0.0051194451
4.149488e-07,-0.0050979033
4.150488e-07,-0.0050799517
4.151488e-07,-0.0050756434
4.152488e-07,-0.0050885685
4.153488e-07,-0.0051137006
4.154488e-07,-0.0051395508
4.155488e-07,-0.0051560662
4.156488e-07,-0.0051589384
4.157488e-07,-0.0051517578
4.158488e-07,-0.0051438591
4.159488e-07,-0.0051445772
4.160488e-07,-0.0051567842
4.161488e-07,-0.0051754538
4.162488e-07,-0.0051905331
4.163488e-07,-0.0051905331
4.164488e-07,-0.0051740177
4.165488e-07,-0.0051481675
4.166488e-07,-0.0051266257
4.167488e-07,-0.0051215993
4.168488e-07,-0.0051395508
4.169488e-07,-0.0051761719
4.170488e-07,-0.0052171013
4.171488e-07,-0.0052479779
4.172488e-07,-0.0052587489
4.173488e-07,-0.0052494141
4.174488e-07,-0.0052300264
4.175488e-07,-0.005213511
4.176488e-07,-0.0052092027
4.177488e-07,-0.0052178194
4.178488e-07,-0.0052343348
4.179488e-07,-0.0052479779
4.180488e-07,-0.0052515682
4.181488e-07,-0.0052451057
4.182488e-07,-0.0052328987
4.183488e-07,-0.005225
4.184488e-07,-0.0052264361
4.185488e-07,-0.0052386432
4.186488e-07,-0.0052558766
4.187488e-07,-0.0052709559
4.188488e-07,-0.0052781365
4.189488e-07,-0.0052774184
4.190488e-07,-0.0052731101
4.191488e-07,-0.0052709559
4.192488e-07,-0.0052752642
4.193488e-07,-0.005283881
4.194488e-07,-0.0052924977
4.195488e-07,-0.0052939338
4.196488e-07,-0.0052867532
4.197488e-07,-0.0052745462
4.198488e-07,-0.0052630572
4.199488e-07,-0.0052594669
4.200488e-07,-0.0052673656
4.201488e-07,-0.005284599
4.202488e-07,-0.0053032686
4.203488e-07,-0.0053169118
4.204488e-07,-0.0053219382
4.205488e-07,-0.0053212201
4.206488e-07,-0.0053212201
4.207488e-07,-0.0053284007
4.208488e-07,-0.0053456342
4.209488e-07,-0.0053678941
4.210488e-07,-0.0053879998
4.211488e-07,-0.0053973346
4.212488e-07,-0.0053915901
4.213488e-07,-0.0053750747
4.214488e-07,-0.0053542509
4.215488e-07,-0.0053398897
4.216488e-07,-0.0053377355
4.217488e-07,-0.0053485064
4.218488e-07,-0.005366458
4.219488e-07,-0.0053858456
4.220488e-07,-0.005402361
4.221488e-07,-0.0054152861
4.222488e-07,-0.0054282112
4.223488e-07,-0.0054432904
4.224488e-07,-0.0054598058
4.225488e-07,-0.005473449
4.226488e-07,-0.0054770393
4.227488e-07,-0.0054662684
4.228488e-07,-0.0054425724
4.229488e-07,-0.005414568
4.230488e-07,-0.0053923081
4.231488e-07,-0.0053858456
4.232488e-07,-0.0053980526
4.233488e-07,-0.0054231847
4.234488e-07,-0.005449753
4.235488e-07,-0.0054662684
4.236488e-07,-0.0054655503
4.237488e-07,-0.005449753
4.238488e-07,-0.005426775
4.239488e-07,-0.0054088235
4.240488e-07,-0.005402361
4.241488e-07,-0.0054088235
4.242488e-07,-0.0054217486
4.243488e-07,-0.0054318015
4.244488e-07,-0.0054318015
4.245488e-07,-0.0054188764
4.246488e-07,-0.0053973346
4.247488e-07,-0.0053743566
4.248488e-07,-0.0053564051
4.249488e-07,-0.0053470703
4.250488e-07,-0.0053463523
4.251488e-07,-0.0053513787
4.252488e-07,-0.0053585593
4.253488e-07,-0.005367176
4.254488e-07,-0.0053765108
4.255488e-07,-0.0053858456
4.256488e-07,-0.0053923081
4.257488e-07,-0.0053930262
4.258488e-07,-0.0053829733
4.259488e-07,-0.0053628676
4.260488e-07,-0.0053355813
4.261488e-07,-0.005307577
4.262488e-07,-0.0052889074
4.263488e-07,-0.0052824449
4.264488e-07,-0.0052874713
4.265488e-07,-0.0052968061
4.266488e-07,-0.0053011144
4.267488e-07,-0.0052939338
4.268488e-07,-0.0052752642
4.269488e-07,-0.0052530044
4.270488e-07,-0.005237207
4.271488e-07,-0.005236489
4.272488e-07,-0.0052515682
4.273488e-07,-0.0052759823
4.274488e-07,-0.0052982422
4.275488e-07,-0.0053054228
4.276488e-07,-0.0052939338
4.277488e-07,-0.0052666475
4.278488e-07,-0.0052357709
4.279488e-07,-0.005213511
4.280488e-07,-0.0052077665
4.281488e-07,-0.0052185375
4.282488e-07,-0.0052393612
4.283488e-07,-0.0052594669
4.284488e-07,-0.0052716739
4.285488e-07,-0.0052745462
4.286488e-07,-0.0052716739
4.287488e-07,-0.0052709559
4.288488e-07,-0.0052767004
4.289488e-07,-0.0052903435
4.290488e-07,-0.0053054228
4.291488e-07,-0.0053169118
4.292488e-07,-0.0053183479
4.293488e-07,-0.0053104492
4.294488e-07,-0.005296088
4.295488e-07,-0.0052824449
4.296488e-07,-0.0052738281
4.297488e-07,-0.0052709559
4.298488e-07,-0.0052716739
4.299488e-07,-0.0052709559
4.300488e-07,-0.0052659295
4.301488e-07,-0.0052580308
4.302488e-07,-0.0052501321
4.303488e-07,-0.0052479779
4.304488e-07,-0.0052530044
4.305488e-07,-0.0052644933
4.306488e-07,-0.0052759823
4.307488e-07,-0.0052824449
4.308488e-07,-0.0052795726
4.309488e-07,-0.0052680836
4.310488e-07,-0.0052515682
4.311488e-07,-0.005236489
4.312488e-07,-0.0052271542
4.313488e-07,-0.005225
4.314488e-07,-0.0052293084
4.315488e-07,-0.005236489
4.316488e-07,-0.0052451057
4.317488e-07,-0.0052544405
4.318488e-07,-0.0052673656
4.319488e-07,-0.0052824449
4.320488e-07,-0.0052989602
4.321488e-07,-0.0053118853
4.322488e-07,-0.0053147576
4.323488e-07,-0.0053054228
4.324488e-07,-0.005283881
4.325488e-07,-0.0052558766
4.326488e-07,-0.0052293084
4.327488e-07,-0.005213511
4.328488e-07,-0.0052113568
4.329488e-07,-0.0052199736
4.330488e-07,-0.0052350528
4.331488e-07,-0.0052479779
4.332488e-07,-0.0052544405
4.333488e-07,-0.0052544405
4.334488e-07,-0.0052508502
4.335488e-07,-0.0052479779
4.336488e-07,-0.005248696
4.337488e-07,-0.0052530044
4.338488e-07,-0.0052580308
4.339488e-07,-0.0052594669
4.340488e-07,-0.0052573127
4.341488e-07,-0.0052522863
4.342488e-07,-0.005248696
4.343488e-07,-0.0052479779
4.344488e-07,-0.0052508502
4.345488e-07,-0.0052537224
4.346488e-07,-0.0052537224
4.347488e-07,-0.0052479779
4.348488e-07,-0.0052386432
4.349488e-07,-0.0052307445
4.350488e-07,-0.0052321806
4.351488e-07,-0.0052479779
4.352488e-07,-0.0052774184
4.353488e-07,-0.0053126034
4.354488e-07,-0.0053449161
4.355488e-07,-0.0053628676
4.356488e-07,-0.0053628676
4.357488e-07,-0.0053470703
4.358488e-07,-0.0053248104
4.359488e-07,-0.0053054228
4.360488e-07,-0.0052968061
4.361488e-07,-0.0053018325
4.362488e-07,-0.0053183479
4.363488e-07,-0.0053398897
4.364488e-07,-0.0053614315
4.365488e-07,-0.0053808192
4.366488e-07,-0.0053958984
4.367488e-07,-0.0054088235
4.368488e-07,-0.0054181583
4.369488e-07,-0.0054224667
4.370488e-07,-0.0054195944
4.371488e-07,-0.0054088235
4.372488e-07,-0.0053930262
4.373488e-07,-0.0053779469
4.374488e-07,-0.0053707663
4.375488e-07,-0.0053743566
4.376488e-07,-0.0053887178
4.377488e-07,-0.0054081055
4.378488e-07,-0.0054246209
4.379488e-07,-0.0054318015
4.380488e-07,-0.0054282112
4.381488e-07,-0.0054181583
4.382488e-07,-0.0054095416
4.383488e-07,-0.0054088235
4.384488e-07,-0.0054174403
4.385488e-07,-0.0054318015
4.386488e-07,-0.0054425724
4.387488e-07,-0.0054432904
4.388488e-07,-0.0054303653
4.389488e-07,-0.0054066693
4.390488e-07,-0.0053815372
4.391488e-07,-0.0053628676
4.392488e-07,-0.0053571232
4.393488e-07,-0.0053628676
4.394488e-07,-0.0053757927
4.395488e-07,-0.0053858456
4.396488e-07,-0.0053879998
4.397488e-07,-0.0053808192
4.398488e-07,-0.005366458
4.399488e-07,-0.0053513787
4.400488e-07,-0.0053391716
4.401488e-07,-0.005331273
4.402488e-07,-0.0053248104
4.403488e-07,-0.0053169118
4.404488e-07,-0.0053039867
4.405488e-07,-0.0052867532
4.406488e-07,-0.0052673656
4.407488e-07,-0.0052479779
4.408488e-07,-0.0052307445
4.409488e-07,-0.0052142291
4.410488e-07,-0.0051977137
4.411488e-07,-0.0051790441
4.412488e-07,-0.0051596565
4.413488e-07,-0.0051431411
4.414488e-07,-0.0051338063
4.415488e-07,-0.0051330882
4.416488e-07,-0.0051395508
4.417488e-07,-0.0051481675
4.418488e-07,-0.0051510398
4.419488e-07,-0.0051445772
4.420488e-07,-0.0051287799
4.421488e-07,-0.0051072381
4.422488e-07,-0.0050878504
4.423488e-07,-0.0050756434
4.424488e-07,-0.005071335
4.425488e-07,-0.005071335
4.426488e-07,-0.0050698989
4.427488e-07,-0.0050641544
4.428488e-07,-0.0050541016
4.429488e-07,-0.0050447668
4.430488e-07,-0.0050433307
4.431488e-07,-0.0050526654
4.432488e-07,-0.0050720531
4.433488e-07,-0.0050935949
4.434488e-07,-0.0051079561
4.435488e-07,-0.0051101103
4.436488e-07,-0.0050993394
4.437488e-07,-0.005083542
4.438488e-07,-0.0050727711
4.439488e-07,-0.0050756434
4.440488e-07,-0.005094313
4.441488e-07,-0.0051230354
4.442488e-07,-0.0051510398
4.443488e-07,-0.0051675551
4.444488e-07,-0.0051689913
4.445488e-07,-0.0051589384
4.446488e-07,-0.0051474494
4.447488e-07,-0.0051445772
4.448488e-07,-0.0051560662
4.449488e-07,-0.0051790441
4.450488e-07,-0.0052056124
4.451488e-07,-0.005225
4.452488e-07,-0.0052321806
4.453488e-07,-0.0052271542
4.454488e-07,-0.0052185375
4.455488e-07,-0.005213511
4.456488e-07,-0.0052192555
4.457488e-07,-0.0052350528
4.458488e-07,-0.0052551585
4.459488e-07,-0.0052709559
4.460488e-07,-0.0052767004
4.461488e-07,-0.0052716739
4.462488e-07,-0.0052594669
4.463488e-07,-0.0052479779
4.464488e-07,-0.0052422335
4.465488e-07,-0.0052422335
4.466488e-07,-0.0052458238
4.467488e-07,-0.0052479779
4.468488e-07,-0.0052443876
4.469488e-07,-0.0052350528
4.470488e-07,-0.0052235639
4.471488e-07,-0.005213511
4.472488e-07,-0.0052077665
4.473488e-07,-0.0052041762
4.474488e-07,-0.0051998679
4.475488e-07,-0.0051905331
4.476488e-07,-0.0051761719
4.477488e-07,-0.0051596565
4.478488e-07,-0.0051474494
4.479488e-07,-0.0051445772
4.480488e-07,-0.0051517578
4.481488e-07,-0.005165401
4.482488e-07,-0.0051768899
4.483488e-07,-0.0051790441
4.484488e-07,-0.0051689913
4.485488e-07,-0.0051488856
4.486488e-07,-0.0051266257
4.487488e-07,-0.0051101103
4.488488e-07,-0.0051050839
4.489488e-07,-0.0051115464
4.490488e-07,-0.0051237534
4.491488e-07,-0.0051330882
4.492488e-07,-0.0051345244
4.493488e-07,-0.0051259076
4.494488e-07,-0.0051122645
4.495488e-07,-0.0050986213
4.496488e-07,-0.0050914407
4.497488e-07,-0.0050921588
4.498488e-07,-0.0050993394
4.499488e-07,-0.0051101103
4.500488e-07,-0.0051201631
4.501488e-07,-0.0051287799
4.502488e-07,-0.0051366785
4.503488e-07,-0.0051445772
4.504488e-07,-0.0051531939
4.505488e-07,-0.0051610926
4.506488e-07,-0.005166119
4.507488e-07,-0.0051675551
4.508488e-07,-0.0051668371
4.509488e-07,-0.0051675551
4.510488e-07,-0.0051747358
4.511488e-07,-0.0051905331
4.512488e-07,-0.005213511
4.513488e-07,-0.0052379251
4.514488e-07,-0.0052551585
4.515488e-07,-0.0052594669
4.516488e-07,-0.0052501321
4.517488e-07,-0.0052314625
4.518488e-07,-0.0052120749
4.519488e-07,-0.0052020221
4.520488e-07,-0.0052056124
4.521488e-07,-0.0052214097
4.522488e-07,-0.0052458238
4.523488e-07,-0.0052709559
4.524488e-07,-0.0052917796
4.525488e-07,-0.0053068589
4.526488e-07,-0.0053183479
4.527488e-07,-0.0053284007
4.528488e-07,-0.0053384536
4.529488e-07,-0.0053477884
4.530488e-07,-0.0053528148
4.531488e-07,-0.0053513787
4.532488e-07,-0.0053449161
4.533488e-07,-0.0053370175
4.534488e-07,-0.0053341452
4.535488e-07,-0.0053398897
4.536488e-07,-0.0053542509
4.537488e-07,-0.0053736386
4.538488e-07,-0.005390154
4.539488e-07,-0.0053973346
4.540488e-07,-0.0053937443
4.541488e-07,-0.0053815372
4.542488e-07,-0.0053693302
4.543488e-07,-0.0053628676
4.544488e-07,-0.0053657399
4.545488e-07,-0.0053772289
4.546488e-07,-0.005390154
4.547488e-07,-0.0053973346
4.548488e-07,-0.0053951804
4.549488e-07,-0.0053836914
4.550488e-07,-0.005367176
4.551488e-07,-0.0053513787
4.552488e-07,-0.0053413258
4.553488e-07,-0.0053377355
4.554488e-07,-0.0053384536
4.555488e-07,-0.0053398897
4.556488e-07,-0.0053406078
4.557488e-07,-0.0053413258
4.558488e-07,-0.0053441981
4.559488e-07,-0.0053513787
4.560488e-07,-0.0053621496
4.561488e-07,-0.0053729205
4.562488e-07,-0.0053779469
4.563488e-07,-0.0053743566
4.564488e-07,-0.0053614315
4.565488e-07,-0.0053449161
4.566488e-07,-0.005331991
4.567488e-07,-0.0053284007
4.568488e-07,-0.0053377355
4.569488e-07,-0.005354969
4.570488e-07,-0.0053743566
4.571488e-07,-0.0053858456
4.572488e-07,-0.0053844095
4.573488e-07,-0.0053707663
4.574488e-07,-0.0053492245
4.575488e-07,-0.0053284007
4.576488e-07,-0.0053140395
4.577488e-07,-0.0053090131
4.578488e-07,-0.0053111673
4.579488e-07,-0.0053169118
4.580488e-07,-0.0053212201
4.581488e-07,-0.0053226563
4.582488e-07,-0.0053205021
4.583488e-07,-0.0053169118
4.584488e-07,-0.0053126034
4.585488e-07,-0.005307577
4.586488e-07,-0.0053011144
4.587488e-07,-0.0052939338
4.588488e-07,-0.0052860352
4.589488e-07,-0.0052810087
4.590488e-07,-0.0052795726
4.591488e-07,-0.0052824449
4.592488e-07,-0.0052874713
4.593488e-07,-0.0052896255
4.594488e-07,-0.005284599
4.595488e-07,-0.0052709559
4.596488e-07,-0.0052515682
4.597488e-07,-0.0052321806
4.598488e-07,-0.0052221278
4.599488e-07,-0.005225
4.600488e-07,-0.0052400793
4.601488e-07,-0.005260185
4.602488e-07,-0.0052774184
4.603488e-07,-0.0052824449
4.604488e-07,-0.0052745462
4.605488e-07,-0.0052565947
4.606488e-07,-0.005237207
4.607488e-07,-0.005225
4.608488e-07,-0.0052228458
4.609488e-07,-0.0052278722
4.610488e-07,-0.0052350528
4.611488e-07,-0.005236489
4.612488e-07,-0.0052285903
4.613488e-07,-0.0052142291
4.614488e-07,-0.0051991498
4.615488e-07,-0.0051905331
4.616488e-07,-0.0051926873
4.617488e-07,-0.0052056124
4.618488e-07,-0.0052221278
4.619488e-07,-0.005236489
4.620488e-07,-0.0052436696
4.621488e-07,-0.0052429515
4.622488e-07,-0.0052386432
4.623488e-07,-0.005236489
4.624488e-07,-0.0052400793
4.625488e-07,-0.0052494141
4.626488e-07,-0.0052616211
4.627488e-07,-0.0052709559
4.628488e-07,-0.0052752642
4.629488e-07,-0.0052738281
4.630488e-07,-0.0052709559
