LECROYHDO6104B,11090,Waveform
Segments,1,SegmentSize,5002
Segment,TrigTime,TimeSinceSegment1
#1,04-May-2026 18:48:53,0                 
Time,Ampl
-3.708608e-08,-0.0026119773
-3.698608e-08,-0.0026170037
-3.688608e-08,-0.0026241843
-3.678608e-08,-0.0026284926
-3.668608e-08,-0.0026263385
-3.658608e-08,-0.0026177217
-3.648608e-08,-0.002609105
-3.638608e-08,-0.0026055147
-3.628608e-08,-0.0026098231
-3.618608e-08,-0.002621312
-3.608608e-08,-0.0026371094
-3.598608e-08,-0.0026514706
-3.588608e-08,-0.0026622415
-3.578608e-08,-0.0026701402
-3.568608e-08,-0.0026773208
-3.558608e-08,-0.0026859375
-3.548608e-08,-0.0026967084
-3.538608e-08,-0.0027060432
-3.528608e-08,-0.0027110696
-3.518608e-08,-0.0027089154
-3.508608e-08,-0.0027010168
-3.498608e-08,-0.002691682
-3.488608e-08,-0.0026888097
-3.478608e-08,-0.0026974265
-3.468608e-08,-0.0027182502
-3.458608e-08,-0.0027476907
-3.448608e-08,-0.0027778493
-3.438608e-08,-0.0028008272
-3.428608e-08,-0.0028130342
-3.418608e-08,-0.0028144704
-3.408608e-08,-0.0028087259
-3.398608e-08,-0.0028008272
-3.388608e-08,-0.0027922105
-3.378608e-08,-0.0027835937
-3.368608e-08,-0.0027713867
-3.358608e-08,-0.0027548713
-3.348608e-08,-0.0027347656
-3.338608e-08,-0.0027139419
-3.328608e-08,-0.0026967084
-3.318608e-08,-0.0026859375
-3.308608e-08,-0.002680193
-3.298608e-08,-0.0026751666
-3.288608e-08,-0.0026665499
-3.278608e-08,-0.0026514706
-3.268608e-08,-0.002632083
-3.258608e-08,-0.0026141314
-3.248608e-08,-0.0026004883
-3.238608e-08,-0.0025940257
-3.228608e-08,-0.0025889993
-3.218608e-08,-0.0025782284
-3.208608e-08,-0.0025538143
-3.198608e-08,-0.0025136029
-3.188608e-08,-0.0024647748
-3.178608e-08,-0.002419537
-3.168608e-08,-0.0023908146
-3.158608e-08,-0.0023872243
-3.148608e-08,-0.0024051758
-3.138608e-08,-0.0024346163
-3.128608e-08,-0.0024590303
-3.118608e-08,-0.0024676471
-3.108608e-08,-0.0024575942
-3.098608e-08,-0.0024367705
-3.088608e-08,-0.0024173828
-3.078608e-08,-0.0024102022
-3.068608e-08,-0.0024173828
-3.058608e-08,-0.0024331801
-3.048608e-08,-0.0024453872
-3.038608e-08,-0.0024446691
-3.028608e-08,-0.0024281537
-3.018608e-08,-0.0024037397
-3.008608e-08,-0.0023865062
-2.998608e-08,-0.0023872243
-2.988608e-08,-0.0024116383
-2.978608e-08,-0.002454722
-2.968608e-08,-0.0025006778
-2.958608e-08,-0.0025365809
-2.948608e-08,-0.0025538143
-2.938608e-08,-0.0025538143
-2.928608e-08,-0.0025473518
-2.918608e-08,-0.0025480699
-2.908608e-08,-0.0025631491
-2.898608e-08,-0.0025933077
-2.888608e-08,-0.0026299288
-2.878608e-08,-0.0026629596
-2.868608e-08,-0.0026852194
-2.858608e-08,-0.0026974265
-2.848608e-08,-0.0027060432
-2.838608e-08,-0.0027204044
-2.828608e-08,-0.0027462546
-2.818608e-08,-0.0027828757
-2.808608e-08,-0.0028230871
-2.798608e-08,-0.0028582721
-2.788608e-08,-0.0028819681
-2.778608e-08,-0.002893457
-2.768608e-08,-0.0028992015
-2.758608e-08,-0.0029042279
-2.748608e-08,-0.0029128447
-2.738608e-08,-0.0029236156
-2.728608e-08,-0.0029300781
-2.718608e-08,-0.0029272059
-2.708608e-08,-0.0029128447
-2.698608e-08,-0.0028920209
-2.688608e-08,-0.0028711972
-2.678608e-08,-0.0028582721
-2.668608e-08,-0.0028553998
-2.658608e-08,-0.0028589901
-2.648608e-08,-0.0028582721
-2.638608e-08,-0.0028467831
-2.628608e-08,-0.0028209329
-2.618608e-08,-0.0027850299
-2.608608e-08,-0.0027484088
-2.598608e-08,-0.0027204044
-2.588608e-08,-0.0027053251
-2.578608e-08,-0.0026988626
-2.568608e-08,-0.002691682
-2.558608e-08,-0.0026744485
-2.548608e-08,-0.0026435719
-2.538608e-08,-0.0026033605
-2.528608e-08,-0.0025638672
-2.518608e-08,-0.0025365809
-2.508608e-08,-0.0025294003
-2.498608e-08,-0.0025401712
-2.488608e-08,-0.002561713
-2.478608e-08,-0.0025825368
-2.468608e-08,-0.0025947438
-2.458608e-08,-0.0025961799
-2.448608e-08,-0.0025933077
-2.438608e-08,-0.0025940257
-2.428608e-08,-0.0026047966
-2.418608e-08,-0.0026277746
-2.408608e-08,-0.0026600873
-2.398608e-08,-0.0026974265
-2.388608e-08,-0.0027369198
-2.378608e-08,-0.0027785673
-2.368608e-08,-0.0028259593
-2.358608e-08,-0.00288125
-2.348608e-08,-0.0029437213
-2.338608e-08,-0.0030097829
-2.328608e-08,-0.003070818
-2.318608e-08,-0.0031225184
-2.308608e-08,-0.0031634478
-2.298608e-08,-0.0031993509
-2.288608e-08,-0.00323669
-2.278608e-08,-0.003283364
-2.268608e-08,-0.0033393727
-2.258608e-08,-0.0033996898
-2.248608e-08,-0.0034528263
-2.238608e-08,-0.0034901654
-2.228608e-08,-0.0035073989
-2.218608e-08,-0.0035073989
-2.208608e-08,-0.0034987822
-2.198608e-08,-0.0034901654
-2.188608e-08,-0.0034858571
-2.178608e-08,-0.003485139
-2.168608e-08,-0.0034808307
-2.158608e-08,-0.0034671875
-2.148608e-08,-0.0034406193
-2.138608e-08,-0.0034047162
-2.128608e-08,-0.0033652229
-2.118608e-08,-0.0033293199
-2.108608e-08,-0.0032998794
-2.098608e-08,-0.0032733111
-2.088608e-08,-0.0032431526
-2.078608e-08,-0.0032029412
-2.068608e-08,-0.0031526769
-2.058608e-08,-0.0030966682
-2.048608e-08,-0.0030449678
-2.038608e-08,-0.0030076287
-2.028608e-08,-0.002987523
-2.018608e-08,-0.0029824966
-2.008608e-08,-0.0029846507
-1.998608e-08,-0.0029846507
-1.988608e-08,-0.0029781882
-1.978608e-08,-0.0029659812
-1.968608e-08,-0.0029544922
-1.958608e-08,-0.0029501838
-1.948608e-08,-0.0029559283
-1.938608e-08,-0.0029695715
-1.928608e-08,-0.0029846507
-1.918608e-08,-0.0029961397
-1.908608e-08,-0.0030018842
-1.898608e-08,-0.0030061926
-1.888608e-08,-0.0030169635
-1.878608e-08,-0.0030420956
-1.868608e-08,-0.003083025
-1.858608e-08,-0.0031354435
-1.848608e-08,-0.0031900161
-1.838608e-08,-0.0032374081
-1.828608e-08,-0.0032740292
-1.818608e-08,-0.0033013155
-1.808608e-08,-0.0033250115
-1.798608e-08,-0.0033522978
-1.788608e-08,-0.0033846105
-1.778608e-08,-0.0034176413
-1.768608e-08,-0.0034434915
-1.758608e-08,-0.0034556985
-1.748608e-08,-0.0034521082
-1.738608e-08,-0.003437029
-1.728608e-08,-0.0034197955
-1.718608e-08,-0.0034097426
-1.708608e-08,-0.0034104607
-1.698608e-08,-0.0034183594
-1.688608e-08,-0.00342554
-1.678608e-08,-0.0034212316
-1.668608e-08,-0.003401844
-1.658608e-08,-0.0033695312
-1.648608e-08,-0.003330756
-1.638608e-08,-0.0032948529
-1.628608e-08,-0.0032654125
-1.618608e-08,-0.0032409984
-1.608608e-08,-0.0032144301
-1.598608e-08,-0.0031799632
-1.588608e-08,-0.0031347254
-1.578608e-08,-0.0030815889
-1.568608e-08,-0.0030284524
-1.558608e-08,-0.0029846507
-1.548608e-08,-0.0029537741
-1.538608e-08,-0.0029329504
-1.528608e-08,-0.0029157169
-1.518608e-08,-0.002892739
-1.508608e-08,-0.0028589901
-1.498608e-08,-0.0028159065
-1.488608e-08,-0.0027670784
-1.478608e-08,-0.0027204044
-1.468608e-08,-0.002679475
-1.458608e-08,-0.0026435719
-1.448608e-08,-0.0026083869
-1.438608e-08,-0.0025710478
-1.428608e-08,-0.0025301183
-1.418608e-08,-0.0024877528
-1.408608e-08,-0.0024504136
-1.398608e-08,-0.0024216912
-1.388608e-08,-0.0024008674
-1.378608e-08,-0.002383634
-1.368608e-08,-0.0023613741
-1.358608e-08,-0.0023297794
-1.348608e-08,-0.0022874138
-1.338608e-08,-0.0022400218
-1.328608e-08,-0.002194784
-1.318608e-08,-0.0021574449
-1.308608e-08,-0.0021272863
-1.298608e-08,-0.0020978458
-1.288608e-08,-0.0020597886
-1.278608e-08,-0.0020080882
-1.268608e-08,-0.0019427447
-1.258608e-08,-0.0018738109
-1.248608e-08,-0.0018120577
-1.238608e-08,-0.0017668199
-1.228608e-08,-0.0017395335
-1.218608e-08,-0.0017223001
-1.208608e-08,-0.0017014763
-1.198608e-08,-0.0016634191
-1.188608e-08,-0.0016045381
-1.178608e-08,-0.0015298598
-1.168608e-08,-0.0014530273
-1.158608e-08,-0.0013876838
-1.148608e-08,-0.0013402918
-1.138608e-08,-0.0013094152
-1.128608e-08,-0.001282847
-1.118608e-08,-0.0012498162
-1.108608e-08,-0.0012017061
-1.098608e-08,-0.0011399529
-1.088608e-08,-0.0010753274
-1.078608e-08,-0.0010200368
-1.068608e-08,-0.00098413373
-1.058608e-08,-0.00097049058
-1.048608e-08,-0.00097049058
-1.038608e-08,-0.00097408088
-1.028608e-08,-0.00097120864
-1.018608e-08,-0.00095756549
-1.008608e-08,-0.00093745979
-9.986076e-09,-0.00091663603
-9.886076e-09,-0.00090299288
-9.786076e-09,-0.00089868451
-9.686076e-09,-0.00090155676
-9.586076e-09,-0.00090514706
-9.486076e-09,-0.00090514706
-9.386076e-09,-0.00090083869
-9.286076e-09,-0.00089509421
-9.186076e-09,-0.00089365809
-9.086076e-09,-0.00090155676
-8.986076e-09,-0.00092022633
-8.886076e-09,-0.00094607652
-8.786076e-09,-0.00097408088
-8.686076e-09,-0.00099993107
-8.586076e-09,-0.0010214729
-8.486076e-09,-0.0010387063
-8.386076e-09,-0.0010545037
-8.286076e-09,-0.0010688649
-8.186076e-09,-0.0010810719
-8.086076e-09,-0.0010882525
-7.986076e-09,-0.0010889706
-7.886076e-09,-0.0010846622
-7.786076e-09,-0.0010796358
-7.686076e-09,-0.0010796358
-7.586076e-09,-0.0010889706
-7.486076e-09,-0.0011069221
-7.386076e-09,-0.001129182
-7.286076e-09,-0.0011478516
-7.186076e-09,-0.0011579044
-7.086076e-09,-0.0011564683
-6.986076e-09,-0.0011478516
-6.886076e-09,-0.0011385168
-6.786076e-09,-0.0011349265
-6.686076e-09,-0.0011392348
-6.586076e-09,-0.0011492877
-6.486076e-09,-0.0011579044
-6.386076e-09,-0.0011579044
-6.286076e-09,-0.0011464154
-6.186076e-09,-0.0011255917
-6.086076e-09,-0.0011004596
-5.986076e-09,-0.0010774816
-5.886076e-09,-0.0010595301
-5.786076e-09,-0.0010451689
-5.686076e-09,-0.0010300896
-5.586076e-09,-0.0010085478
-5.486076e-09,-0.00098054343
-5.386076e-09,-0.00094894876
-5.286076e-09,-0.00092166245
-5.186076e-09,-0.00090514706
-5.086076e-09,-0.00090083869
-4.986076e-09,-0.000904429
-4.886076e-09,-0.00090514706
-4.786076e-09,-0.00089365809
-4.686076e-09,-0.0008642176
-4.586076e-09,-0.00081969784
-4.486076e-09,-0.00076799747
-4.386076e-09,-0.00072132353
-4.286076e-09,-0.00068972886
-4.186076e-09,-0.00067464959
-4.086076e-09,-0.00067321347
-3.986076e-09,-0.00067536765
-3.886076e-09,-0.00067177734
-3.786076e-09,-0.00065741613
-3.686076e-09,-0.00063372013
-3.586076e-09,-0.00060643382
-3.486076e-09,-0.00058273782
-3.386076e-09,-0.00056622243
-3.286076e-09,-0.00055616958
-3.186076e-09,-0.00054898897
-3.086076e-09,-0.00053821806
-2.986076e-09,-0.00051954848
-2.886076e-09,-0.00049513442
-2.786076e-09,-0.00046856618
-2.686076e-09,-0.00044702436
-2.586076e-09,-0.00043553539
-2.486076e-09,-0.00043625345
-2.386076e-09,-0.00044558824
-2.286076e-09,-0.00045851333
-2.186076e-09,-0.00046928424
-2.086076e-09,-0.00047287454
-1.986076e-09,-0.00046856618
-1.886076e-09,-0.00045707721
-1.786076e-09,-0.00044056181
-1.686076e-09,-0.00042117417
-1.586076e-09,-0.00039963235
-1.486076e-09,-0.00037665441
-1.386076e-09,-0.00035224035
-1.286076e-09,-0.00032854435
-1.186076e-09,-0.00030772059
-1.086076e-09,-0.00029192325
-9.860763e-10,-0.0002818704
-8.860763e-10,-0.00027684398
-7.860763e-10,-0.00027325368
-6.860763e-10,-0.00026679113
-5.860763e-10,-0.0002545841
-4.860763e-10,-0.00023304228
-3.860763e-10,-0.00020431985
-2.860763e-10,-0.000170571
-1.860763e-10,-0.00013682215
-8.607629e-11,-0.00010522748
1.392371e-11,-7.7941176e-05
1.139237e-10,-5.4963235e-05
2.139237e-10,-3.5575597e-05
3.139237e-10,-1.690602e-05
4.139237e-10,2.4816176e-06
5.139237e-10,2.1869256e-05
6.139237e-10,4.1256893e-05
7.139237e-10,5.8490349e-05
8.139237e-10,7.1415441e-05
9.139237e-10,8.0032169e-05
1.013924e-09,8.4340533e-05
1.113924e-09,8.5058594e-05
1.213924e-09,8.2904412e-05
1.313924e-09,7.9314108e-05
1.413924e-09,7.3569623e-05
1.513924e-09,6.7107077e-05
1.613924e-09,5.9926471e-05
1.713924e-09,5.1309743e-05
1.813924e-09,4.2693015e-05
1.913924e-09,3.4076287e-05
2.013924e-09,2.5459559e-05
2.113924e-09,1.6842831e-05
2.213924e-09,6.7899816e-06
2.313924e-09,-5.4170496e-06
2.413924e-09,-2.0496324e-05
2.513924e-09,-3.844784e-05
2.613924e-09,-5.7835478e-05
2.713924e-09,-7.5786994e-05
2.813924e-09,-8.9430147e-05
2.913924e-09,-9.7328814e-05
3.013924e-09,-9.8046875e-05
3.113924e-09,-9.4456572e-05
3.213924e-09,-8.9430147e-05
3.313924e-09,-8.5121783e-05
3.413924e-09,-8.4403722e-05
3.513924e-09,-8.5839844e-05
3.613924e-09,-8.9430147e-05
3.713924e-09,-9.1584329e-05
3.813924e-09,-9.1584329e-05
3.913924e-09,-9.0148208e-05
4.013924e-09,-8.9430147e-05
4.113924e-09,-9.230239e-05
4.213924e-09,-0.00010020106
4.313924e-09,-0.00011169003
4.413924e-09,-0.00012389706
4.513924e-09,-0.00013107767
4.613924e-09,-0.00012964154
4.713924e-09,-0.00011815257
4.813924e-09,-0.00010091912
4.913924e-09,-8.5121783e-05
5.013924e-09,-7.7223116e-05
5.113924e-09,-8.2967601e-05
5.213924e-09,-0.00010091912
5.313924e-09,-0.00012748736
5.413924e-09,-0.00015620979
5.513924e-09,-0.00018205997
5.613924e-09,-0.00020431985
5.713924e-09,-0.00022586167
5.813924e-09,-0.00025242992
5.913924e-09,-0.00028761489
6.013924e-09,-0.00033069853
6.113924e-09,-0.00037665441
6.213924e-09,-0.00041758387
6.313924e-09,-0.00044846048
6.413924e-09,-0.00046856618
6.513924e-09,-0.00048292739
6.613924e-09,-0.00050231503
6.713924e-09,-0.00053462776
6.813924e-09,-0.00058345588
6.913924e-09,-0.00064377298
7.013924e-09,-0.00070480813
7.113924e-09,-0.0007565085
7.213924e-09,-0.00079025735
7.313924e-09,-0.00080892693
7.413924e-09,-0.00082113396
7.513924e-09,-0.00083836742
7.613924e-09,-0.00087068015
7.713924e-09,-0.00091735409
7.813924e-09,-0.0009719267
7.913924e-09,-0.0010214729
8.013924e-09,-0.0010545037
8.113924e-09,-0.0010681468
8.213924e-09,-0.0010667107
8.313924e-09,-0.0010624023
8.413924e-09,-0.0010659926
8.513924e-09,-0.0010846622
8.613924e-09,-0.001116975
8.713924e-09,-0.001152878
8.813924e-09,-0.0011808824
8.913924e-09,-0.0011930894
9.013924e-09,-0.0011873449
9.113924e-09,-0.0011693934
9.213924e-09,-0.0011464154
9.313924e-09,-0.0011263097
9.413924e-09,-0.0011119485
9.513924e-09,-0.0011004596
9.613924e-09,-0.0010889706
9.713924e-09,-0.0010738913
9.813924e-09,-0.0010559398
9.913924e-09,-0.0010401425
1.001392e-08,-0.0010315257
1.011392e-08,-0.001034398
1.021392e-08,-0.0010473231
1.031392e-08,-0.0010674288
1.041392e-08,-0.0010889706
1.051392e-08,-0.0011076402
1.061392e-08,-0.0011241556
1.071392e-08,-0.0011399529
1.081392e-08,-0.0011579044
1.091392e-08,-0.0011780101
1.101392e-08,-0.0011981158
1.111392e-08,-0.001211759
1.121392e-08,-0.0012153493
1.131392e-08,-0.0012081687
1.141392e-08,-0.0011966797
1.151392e-08,-0.001188063
1.161392e-08,-0.0011923713
1.171392e-08,-0.001212477
1.181392e-08,-0.0012469439
1.191392e-08,-0.0012857192
1.201392e-08,-0.00131875
1.211392e-08,-0.0013381376
1.221392e-08,-0.0013417279
1.231392e-08,-0.0013323932
1.241392e-08,-0.00131875
1.251392e-08,-0.0013079791
1.261392e-08,-0.0013029527
1.271392e-08,-0.0013043888
1.281392e-08,-0.001307261
1.291392e-08,-0.0013079791
1.301392e-08,-0.0013036707
1.311392e-08,-0.001295054
1.321392e-08,-0.0012842831
1.331392e-08,-0.0012742302
1.341392e-08,-0.0012663316
1.351392e-08,-0.001259151
1.361392e-08,-0.0012498162
1.371392e-08,-0.0012376091
1.381392e-08,-0.0012210937
1.391392e-08,-0.0012017061
1.401392e-08,-0.0011808824
1.411392e-08,-0.0011571864
1.421392e-08,-0.0011299
1.431392e-08,-0.0010961512
1.441392e-08,-0.0010545037
1.451392e-08,-0.0010071117
1.461392e-08,-0.00095900161
1.471392e-08,-0.00091591797
1.481392e-08,-0.00088216912
1.491392e-08,-0.00085919118
1.501392e-08,-0.00084267578
1.511392e-08,-0.00082544233
1.521392e-08,-0.00080174632
1.531392e-08,-0.00076727941
1.541392e-08,-0.00072347771
1.551392e-08,-0.00067536765
1.561392e-08,-0.00062941176
1.571392e-08,-0.00059063649
1.581392e-08,-0.00055904182
1.591392e-08,-0.00053103745
1.601392e-08,-0.00050303309
1.611392e-08,-0.00047143842
1.621392e-08,-0.00043625345
1.631392e-08,-0.00040322266
1.641392e-08,-0.00037665441
1.651392e-08,-0.00036157514
1.661392e-08,-0.00035942096
1.671392e-08,-0.00036660156
1.681392e-08,-0.00037665441
1.691392e-08,-0.00038311696
1.701392e-08,-0.00038168084
1.711392e-08,-0.00037162799
1.721392e-08,-0.00035367647
1.731392e-08,-0.00033213465
1.741392e-08,-0.00030987477
1.751392e-08,-0.00028976907
1.761392e-08,-0.00027325368
1.771392e-08,-0.00026176471
1.781392e-08,-0.00025602022
1.791392e-08,-0.00025602022
1.801392e-08,-0.00026176471
1.811392e-08,-0.00027109949
1.821392e-08,-0.00028330653
1.831392e-08,-0.00029551356
1.841392e-08,-0.00030772059
1.851392e-08,-0.00032136374
1.861392e-08,-0.00033644301
1.871392e-08,-0.00035583065
1.881392e-08,-0.00037665441
1.891392e-08,-0.00039604205
1.901392e-08,-0.0004096852
1.911392e-08,-0.00041471163
1.921392e-08,-0.00041112132
1.931392e-08,-0.00040322266
1.941392e-08,-0.00039819623
1.951392e-08,-0.00040394072
1.961392e-08,-0.00042261029
1.971392e-08,-0.00045420496
1.981392e-08,-0.00049226218
1.991392e-08,-0.00052960133
2.001392e-08,-0.00056047794
2.011392e-08,-0.00058273782
2.021392e-08,-0.00059853516
2.031392e-08,-0.00061289637
2.041392e-08,-0.00062941176
2.051392e-08,-0.0006487994
2.061392e-08,-0.00067034122
2.071392e-08,-0.00069116498
2.081392e-08,-0.00070983456
2.091392e-08,-0.00072850414
2.101392e-08,-0.00075148208
2.111392e-08,-0.00078307675
2.121392e-08,-0.00082472426
2.131392e-08,-0.00087283433
2.141392e-08,-0.00092166245
2.151392e-08,-0.00096402803
2.161392e-08,-0.00099705882
2.171392e-08,-0.0010243451
2.181392e-08,-0.0010516314
2.191392e-08,-0.0010875345
2.201392e-08,-0.0011349265
2.211392e-08,-0.0011909352
2.221392e-08,-0.0012462259
2.231392e-08,-0.0012907456
2.241392e-08,-0.00131875
2.251392e-08,-0.0013316751
2.261392e-08,-0.0013388557
2.271392e-08,-0.001353935
2.281392e-08,-0.0013876838
2.291392e-08,-0.0014429745
2.301392e-08,-0.0015140625
2.311392e-08,-0.0015880227
2.321392e-08,-0.0016519301
2.331392e-08,-0.0016993222
2.341392e-08,-0.0017301988
2.351392e-08,-0.0017538948
2.361392e-08,-0.0017783088
2.371392e-08,-0.0018106216
2.381392e-08,-0.0018522691
2.391392e-08,-0.0018967888
2.401392e-08,-0.0019391544
2.411392e-08,-0.0019750574
2.421392e-08,-0.0020037799
2.431392e-08,-0.002028912
2.441392e-08,-0.0020540441
2.451392e-08,-0.0020806124
2.461392e-08,-0.0021071806
2.471392e-08,-0.0021294405
2.481392e-08,-0.0021459559
2.491392e-08,-0.002159599
2.501392e-08,-0.0021753964
2.511392e-08,-0.0022005285
2.521392e-08,-0.0022378676
2.531392e-08,-0.0022831055
2.541392e-08,-0.002324753
2.551392e-08,-0.0023506032
2.561392e-08,-0.0023527574
2.571392e-08,-0.0023304975
2.581392e-08,-0.0022945944
2.591392e-08,-0.0022586914
2.601392e-08,-0.0022378676
2.611392e-08,-0.0022371496
2.621392e-08,-0.0022529469
2.631392e-08,-0.0022723346
2.641392e-08,-0.0022838235
2.651392e-08,-0.002278079
2.661392e-08,-0.0022558192
2.671392e-08,-0.0022242245
2.681392e-08,-0.0021919118
2.691392e-08,-0.0021653435
2.701392e-08,-0.0021452378
2.711392e-08,-0.0021251321
2.721392e-08,-0.0021
2.731392e-08,-0.0020669692
2.741392e-08,-0.0020296301
2.751392e-08,-0.0019958812
2.761392e-08,-0.0019736213
2.771392e-08,-0.0019657227
2.781392e-08,-0.0019678768
2.791392e-08,-0.001970031
2.801392e-08,-0.0019621324
2.811392e-08,-0.0019384364
2.821392e-08,-0.0019018153
2.831392e-08,-0.0018601677
2.841392e-08,-0.0018242647
2.851392e-08,-0.0018005687
2.861392e-08,-0.0017876436
2.871392e-08,-0.0017790269
2.881392e-08,-0.0017668199
2.891392e-08,-0.00174456
2.901392e-08,-0.0017129653
2.911392e-08,-0.0016792165
2.921392e-08,-0.0016519301
2.931392e-08,-0.0016361328
2.941392e-08,-0.0016311064
2.951392e-08,-0.0016318244
2.961392e-08,-0.0016289522
2.971392e-08,-0.0016167452
2.981392e-08,-0.0015937672
2.991392e-08,-0.0015650448
3.001392e-08,-0.0015370404
3.011392e-08,-0.0015133444
3.021392e-08,-0.0014939568
3.031392e-08,-0.0014738511
3.041392e-08,-0.0014451287
3.051392e-08,-0.0014056353
3.061392e-08,-0.0013568072
3.071392e-08,-0.0013051068
3.081392e-08,-0.0012613051
3.091392e-08,-0.0012304285
3.101392e-08,-0.0012131951
3.111392e-08,-0.0012031422
3.121392e-08,-0.0011923713
3.131392e-08,-0.0011722656
3.141392e-08,-0.0011385168
3.151392e-08,-0.001093997
3.161392e-08,-0.0010430147
3.171392e-08,-0.00099275046
3.181392e-08,-0.00094535846
3.191392e-08,-0.00090155676
3.201392e-08,-0.00085919118
3.211392e-08,-0.00081610754
3.221392e-08,-0.0007730239
3.231392e-08,-0.0007328125
3.241392e-08,-0.00069834559
3.251392e-08,-0.0006724954
3.261392e-08,-0.00065526195
3.271392e-08,-0.00064233686
3.281392e-08,-0.00062941176
3.291392e-08,-0.00061289637
3.301392e-08,-0.00059279067
3.311392e-08,-0.00056981273
3.321392e-08,-0.00054898897
3.331392e-08,-0.00053247358
3.341392e-08,-0.00052026654
3.351392e-08,-0.00051164982
3.361392e-08,-0.00050303309
3.371392e-08,-0.00049298024
3.381392e-08,-0.00048149127
3.391392e-08,-0.00046856618
3.401392e-08,-0.00045707721
3.411392e-08,-0.00044774242
3.421392e-08,-0.00044056181
3.431392e-08,-0.00043625345
3.441392e-08,-0.00043409926
3.451392e-08,-0.00043625345
3.461392e-08,-0.00044487017
3.471392e-08,-0.00045994945
3.481392e-08,-0.00048005515
3.491392e-08,-0.00050087891
3.501392e-08,-0.00051524012
3.511392e-08,-0.00052026654
3.521392e-08,-0.00051452206
3.531392e-08,-0.00050375115
3.541392e-08,-0.00049585248
3.551392e-08,-0.00050159697
3.561392e-08,-0.00052601103
3.571392e-08,-0.00056694049
3.581392e-08,-0.00061576861
3.591392e-08,-0.00066316062
3.601392e-08,-0.00069834559
3.611392e-08,-0.00071988741
3.621392e-08,-0.00073065832
3.631392e-08,-0.00073999311
3.641392e-08,-0.00075579044
3.651392e-08,-0.00078235869
3.661392e-08,-0.0008168256
3.671392e-08,-0.00085201057
3.681392e-08,-0.00088216912
3.691392e-08,-0.00090299288
3.701392e-08,-0.00091807215
3.711392e-08,-0.00093530561
3.721392e-08,-0.00096259191
3.731392e-08,-0.0010056756
3.741392e-08,-0.0010638385
3.751392e-08,-0.001129182
3.761392e-08,-0.0011923713
3.771392e-08,-0.0012462259
3.781392e-08,-0.0012885915
3.791392e-08,-0.0013223403
3.801392e-08,-0.0013532169
3.811392e-08,-0.0013876838
3.821392e-08,-0.0014278952
3.831392e-08,-0.0014716969
3.841392e-08,-0.0015140625
3.851392e-08,-0.0015521197
3.861392e-08,-0.0015858686
3.871392e-08,-0.0016167452
3.881392e-08,-0.0016519301
3.891392e-08,-0.0016942957
3.901392e-08,-0.0017459961
3.911392e-08,-0.0018027229
3.921392e-08,-0.0018587316
3.931392e-08,-0.0019082778
3.941392e-08,-0.0019477711
3.951392e-08,-0.0019757755
3.961392e-08,-0.0019965993
3.971392e-08,-0.0020131147
3.981392e-08,-0.002028912
3.991392e-08,-0.0020468635
4.001392e-08,-0.0020655331
4.011392e-08,-0.0020856388
4.021392e-08,-0.0021057445
4.031392e-08,-0.0021258502
4.041392e-08,-0.0021459559
4.051392e-08,-0.0021653435
4.061392e-08,-0.0021840131
4.071392e-08,-0.0022005285
4.081392e-08,-0.0022148897
4.091392e-08,-0.0022285329
4.101392e-08,-0.0022428941
4.111392e-08,-0.0022572553
4.121392e-08,-0.0022723346
4.131392e-08,-0.0022845416
4.141392e-08,-0.0022917222
4.151392e-08,-0.0022910041
4.161392e-08,-0.0022838235
4.171392e-08,-0.0022744887
4.181392e-08,-0.0022687443
4.191392e-08,-0.0022708984
4.201392e-08,-0.0022838235
4.211392e-08,-0.0023039292
4.221392e-08,-0.002325471
4.231392e-08,-0.0023434226
4.241392e-08,-0.0023527574
4.251392e-08,-0.0023563477
4.261392e-08,-0.0023577838
4.271392e-08,-0.0023635283
4.281392e-08,-0.0023757353
4.291392e-08,-0.0023915326
4.301392e-08,-0.0024030216
4.311392e-08,-0.0024030216
4.321392e-08,-0.0023872243
4.331392e-08,-0.0023577838
4.341392e-08,-0.0023225988
4.351392e-08,-0.0022953125
4.361392e-08,-0.0022838235
4.371392e-08,-0.0022917222
4.381392e-08,-0.002313264
4.391392e-08,-0.0023376781
4.401392e-08,-0.0023527574
4.411392e-08,-0.0023513212
4.421392e-08,-0.0023348058
4.431392e-08,-0.0023089557
4.441392e-08,-0.0022838235
4.451392e-08,-0.002265872
4.461392e-08,-0.0022558192
4.471392e-08,-0.0022486386
4.481392e-08,-0.0022378676
4.491392e-08,-0.0022170439
4.501392e-08,-0.0021861673
4.511392e-08,-0.0021481101
4.521392e-08,-0.002111489
4.531392e-08,-0.0020827665
4.541392e-08,-0.0020633789
4.551392e-08,-0.002052608
4.561392e-08,-0.0020425551
4.571392e-08,-0.0020267578
4.581392e-08,-0.0020001896
4.591392e-08,-0.0019628504
4.601392e-08,-0.0019161765
4.611392e-08,-0.0018659122
4.621392e-08,-0.001816366
4.631392e-08,-0.0017711282
4.641392e-08,-0.0017323529
4.651392e-08,-0.0017021944
4.661392e-08,-0.0016813706
4.671392e-08,-0.0016691636
4.681392e-08,-0.0016634191
4.691392e-08,-0.0016605469
4.701392e-08,-0.0016548024
4.711392e-08,-0.0016418773
4.721392e-08,-0.0016174632
4.731392e-08,-0.0015837144
4.741392e-08,-0.0015456572
4.751392e-08,-0.0015090361
4.761392e-08,-0.0014795956
4.771392e-08,-0.0014580538
4.781392e-08,-0.0014415384
4.791392e-08,-0.0014235869
4.801392e-08,-0.0013991728
4.811392e-08,-0.0013654239
4.821392e-08,-0.0013244945
4.831392e-08,-0.001283565
4.841392e-08,-0.0012498162
4.851392e-08,-0.0012289924
4.861392e-08,-0.0012225299
4.871392e-08,-0.0012268382
4.881392e-08,-0.0012383272
4.891392e-08,-0.0012505342
4.901392e-08,-0.001259151
4.911392e-08,-0.0012627413
4.921392e-08,-0.0012613051
4.931392e-08,-0.0012534065
4.941392e-08,-0.0012390453
4.951392e-08,-0.0012182215
4.961392e-08,-0.0011923713
4.971392e-08,-0.001165085
4.981392e-08,-0.0011428251
4.991392e-08,-0.0011313362
5.001392e-08,-0.0011349265
5.011392e-08,-0.001152878
5.021392e-08,-0.0011801643
5.031392e-08,-0.0012110409
5.041392e-08,-0.0012383272
5.051392e-08,-0.001259151
5.061392e-08,-0.0012727941
5.071392e-08,-0.0012842831
5.081392e-08,-0.0012957721
5.091392e-08,-0.0013101333
5.101392e-08,-0.0013259306
5.111392e-08,-0.0013410099
5.121392e-08,-0.0013532169
5.131392e-08,-0.0013632698
5.141392e-08,-0.0013754768
5.151392e-08,-0.0013934283
5.161392e-08,-0.0014221507
5.171392e-08,-0.0014616441
5.181392e-08,-0.0015076
5.191392e-08,-0.0015542739
5.201392e-08,-0.0015944853
5.211392e-08,-0.0016246438
5.221392e-08,-0.0016454676
5.231392e-08,-0.0016605469
5.241392e-08,-0.0016749081
5.251392e-08,-0.0016921415
5.261392e-08,-0.0017129653
5.271392e-08,-0.0017345071
5.281392e-08,-0.0017553309
5.291392e-08,-0.0017740005
5.301392e-08,-0.001791952
5.311392e-08,-0.0018120577
5.321392e-08,-0.0018357537
5.331392e-08,-0.0018644761
5.341392e-08,-0.0018946347
5.351392e-08,-0.0019240751
5.361392e-08,-0.0019506434
5.371392e-08,-0.0019736213
5.381392e-08,-0.0019965993
5.391392e-08,-0.0020224494
5.401392e-08,-0.0020540441
5.411392e-08,-0.0020892291
5.421392e-08,-0.002123696
5.431392e-08,-0.0021517004
5.441392e-08,-0.0021689338
5.451392e-08,-0.0021761144
5.461392e-08,-0.0021797047
5.471392e-08,-0.0021861673
5.481392e-08,-0.0022034007
5.491392e-08,-0.0022342773
5.501392e-08,-0.0022752068
5.511392e-08,-0.0023211627
5.521392e-08,-0.0023642463
5.531392e-08,-0.0024008674
5.541392e-08,-0.0024303079
5.551392e-08,-0.00245544
5.561392e-08,-0.002479136
5.571392e-08,-0.002502832
5.581392e-08,-0.00252581
5.591392e-08,-0.0025451976
5.601392e-08,-0.0025595588
5.611392e-08,-0.0025703297
5.621392e-08,-0.0025825368
5.631392e-08,-0.0026012063
5.641392e-08,-0.0026284926
5.651392e-08,-0.0026636776
5.661392e-08,-0.0027017348
5.671392e-08,-0.0027340476
5.681392e-08,-0.0027548713
5.691392e-08,-0.0027642061
5.701392e-08,-0.0027663603
5.711392e-08,-0.0027692325
5.721392e-08,-0.0027778493
5.731392e-08,-0.0027936466
5.741392e-08,-0.0028137523
5.751392e-08,-0.0028295496
5.761392e-08,-0.0028352941
5.771392e-08,-0.0028302677
5.781392e-08,-0.0028202148
5.791392e-08,-0.0028115981
5.801392e-08,-0.0028123162
5.811392e-08,-0.0028252413
5.821392e-08,-0.0028475011
5.831392e-08,-0.002869043
5.841392e-08,-0.00288125
5.851392e-08,-0.0028798139
5.861392e-08,-0.0028654527
5.871392e-08,-0.0028446289
5.881392e-08,-0.0028238051
5.891392e-08,-0.0028087259
5.901392e-08,-0.002798673
5.911392e-08,-0.0027900563
5.921392e-08,-0.0027778493
5.931392e-08,-0.0027591797
5.941392e-08,-0.0027354837
5.951392e-08,-0.0027132238
5.961392e-08,-0.0026974265
5.971392e-08,-0.002691682
5.981392e-08,-0.0026931181
5.991392e-08,-0.0026974265
6.001392e-08,-0.0026974265
6.011392e-08,-0.0026888097
6.021392e-08,-0.0026722943
6.031392e-08,-0.0026507525
6.041392e-08,-0.0026284926
6.051392e-08,-0.0026062328
6.061392e-08,-0.0025825368
6.071392e-08,-0.0025530963
6.081392e-08,-0.0025136029
6.091392e-08,-0.0024662109
6.101392e-08,-0.0024152286
6.111392e-08,-0.0023714269
6.121392e-08,-0.0023412684
6.131392e-08,-0.0023290614
6.141392e-08,-0.0023312155
6.151392e-08,-0.0023383961
6.161392e-08,-0.0023412684
6.171392e-08,-0.0023319336
6.181392e-08,-0.0023089557
6.191392e-08,-0.0022752068
6.201392e-08,-0.0022378676
6.211392e-08,-0.0022019646
6.221392e-08,-0.0021696519
6.231392e-08,-0.0021402114
6.241392e-08,-0.002111489
6.251392e-08,-0.0020827665
6.261392e-08,-0.0020554802
6.271392e-08,-0.0020332204
6.281392e-08,-0.0020195772
6.291392e-08,-0.0020145508
6.301392e-08,-0.0020152688
6.311392e-08,-0.0020152688
6.321392e-08,-0.0020080882
6.331392e-08,-0.0019915728
6.341392e-08,-0.0019678768
6.351392e-08,-0.0019405905
6.361392e-08,-0.0019161765
6.371392e-08,-0.0018967888
6.381392e-08,-0.0018817096
6.391392e-08,-0.0018666303
6.401392e-08,-0.0018472426
6.411392e-08,-0.0018206744
6.421392e-08,-0.0017897978
6.431392e-08,-0.0017582031
6.441392e-08,-0.0017323529
6.451392e-08,-0.0017144014
6.461392e-08,-0.0017050666
6.471392e-08,-0.0017007583
6.481392e-08,-0.001697886
6.491392e-08,-0.0016935777
6.501392e-08,-0.0016885512
6.511392e-08,-0.0016820887
6.521392e-08,-0.0016749081
6.531392e-08,-0.0016655733
6.541392e-08,-0.001649776
6.551392e-08,-0.00162608
6.561392e-08,-0.0015944853
6.571392e-08,-0.0015600184
6.581392e-08,-0.0015298598
6.591392e-08,-0.0015133444
6.601392e-08,-0.0015140625
6.611392e-08,-0.0015298598
6.621392e-08,-0.0015521197
6.631392e-08,-0.0015722254
6.641392e-08,-0.0015829963
6.651392e-08,-0.0015822783
6.661392e-08,-0.0015758157
6.671392e-08,-0.0015700712
6.681392e-08,-0.0015715074
6.691392e-08,-0.0015801241
6.701392e-08,-0.001590895
6.711392e-08,-0.0015973575
6.721392e-08,-0.0015944853
6.731392e-08,-0.0015837144
6.741392e-08,-0.0015729435
6.751392e-08,-0.0015736615
6.761392e-08,-0.0015944853
6.771392e-08,-0.0016361328
6.781392e-08,-0.0016907054
6.791392e-08,-0.0017459961
6.801392e-08,-0.0017897978
6.811392e-08,-0.001815648
6.821392e-08,-0.0018249828
6.831392e-08,-0.0018285731
6.841392e-08,-0.0018357537
6.851392e-08,-0.0018537052
6.861392e-08,-0.0018809915
6.871392e-08,-0.0019125862
6.881392e-08,-0.0019391544
6.891392e-08,-0.0019571059
6.901392e-08,-0.0019678768
6.911392e-08,-0.0019786477
6.921392e-08,-0.0019965993
6.931392e-08,-0.0020267578
6.941392e-08,-0.0020669692
6.951392e-08,-0.0021093348
6.961392e-08,-0.0021459559
6.971392e-08,-0.0021703699
6.981392e-08,-0.0021854492
6.991392e-08,-0.0021969382
7.001392e-08,-0.0022148897
7.011392e-08,-0.0022457663
7.021392e-08,-0.0022874138
7.031392e-08,-0.0023348058
7.041392e-08,-0.0023757353
7.051392e-08,-0.0024037397
7.061392e-08,-0.0024181009
7.071392e-08,-0.0024238454
7.081392e-08,-0.0024331801
7.091392e-08,-0.002454722
7.101392e-08,-0.0024927792
7.111392e-08,-0.0025423254
7.121392e-08,-0.0025940257
7.131392e-08,-0.0026356733
7.141392e-08,-0.0026593693
7.151392e-08,-0.0026629596
7.161392e-08,-0.0026514706
7.171392e-08,-0.0026335191
7.181392e-08,-0.0026177217
7.191392e-08,-0.0026119773
7.201392e-08,-0.0026170037
7.211392e-08,-0.002632801
7.221392e-08,-0.002655779
7.231392e-08,-0.0026823472
7.241392e-08,-0.0027089154
7.251392e-08,-0.0027333295
7.261392e-08,-0.0027541533
7.271392e-08,-0.0027685145
7.281392e-08,-0.0027778493
7.291392e-08,-0.0027821576
7.301392e-08,-0.0027843118
7.311392e-08,-0.0027857479
7.321392e-08,-0.0027893382
7.331392e-08,-0.0027950827
7.341392e-08,-0.0028022633
7.351392e-08,-0.0028080078
7.361392e-08,-0.0028123162
7.371392e-08,-0.0028151884
7.381392e-08,-0.0028180607
7.391392e-08,-0.0028245232
7.401392e-08,-0.0028352941
7.411392e-08,-0.0028503734
7.421392e-08,-0.0028668888
7.431392e-08,-0.0028819681
7.441392e-08,-0.002892739
7.451392e-08,-0.0028984835
7.461392e-08,-0.0029013557
7.471392e-08,-0.0029027918
7.481392e-08,-0.0029042279
7.491392e-08,-0.0029042279
7.501392e-08,-0.0028999196
7.511392e-08,-0.0028884306
7.521392e-08,-0.002869761
7.531392e-08,-0.002846065
7.541392e-08,-0.0028238051
7.551392e-08,-0.0028072898
7.561392e-08,-0.0028008272
7.571392e-08,-0.0028022633
7.581392e-08,-0.0028072898
7.591392e-08,-0.0028080078
7.601392e-08,-0.0028008272
7.611392e-08,-0.0027843118
7.621392e-08,-0.0027634881
7.631392e-08,-0.0027448185
7.641392e-08,-0.0027318934
7.651392e-08,-0.002726867
7.661392e-08,-0.0027254308
7.671392e-08,-0.0027211225
7.681392e-08,-0.0027089154
7.691392e-08,-0.0026873736
7.701392e-08,-0.0026586512
7.711392e-08,-0.0026292107
7.721392e-08,-0.0026055147
7.731392e-08,-0.0025897174
7.741392e-08,-0.0025818187
7.751392e-08,-0.0025767923
7.761392e-08,-0.0025710478
7.771392e-08,-0.0025609949
7.781392e-08,-0.0025473518
7.791392e-08,-0.0025315545
7.801392e-08,-0.0025136029
7.811392e-08,-0.0024934972
7.821392e-08,-0.0024690832
7.831392e-08,-0.0024367705
7.841392e-08,-0.0023987132
7.851392e-08,-0.0023585018
7.861392e-08,-0.0023233169
7.871392e-08,-0.002301057
7.881392e-08,-0.0022953125
7.891392e-08,-0.0023032112
7.901392e-08,-0.0023175724
7.911392e-08,-0.0023283433
7.921392e-08,-0.0023297794
7.931392e-08,-0.0023211627
7.941392e-08,-0.0023082376
7.951392e-08,-0.0022974667
7.961392e-08,-0.0022953125
7.971392e-08,-0.002301775
7.981392e-08,-0.0023103918
7.991392e-08,-0.0023139821
8.001392e-08,-0.0023068015
8.011392e-08,-0.002289568
8.021392e-08,-0.0022701804
8.031392e-08,-0.0022579733
8.041392e-08,-0.0022608456
8.051392e-08,-0.0022802332
8.061392e-08,-0.0023089557
8.071392e-08,-0.002336242
8.081392e-08,-0.0023527574
8.091392e-08,-0.0023549115
8.101392e-08,-0.0023477309
8.111392e-08,-0.0023398323
8.121392e-08,-0.0023412684
8.131392e-08,-0.0023549115
8.141392e-08,-0.0023771714
8.151392e-08,-0.0023987132
8.161392e-08,-0.0024102022
8.171392e-08,-0.002408048
8.181392e-08,-0.0023951229
8.191392e-08,-0.0023807617
8.201392e-08,-0.0023757353
8.211392e-08,-0.0023850701
8.221392e-08,-0.0024087661
8.231392e-08,-0.0024396427
8.241392e-08,-0.0024676471
8.251392e-08,-0.0024877528
8.261392e-08,-0.0024985237
8.271392e-08,-0.0025057043
8.281392e-08,-0.0025136029
8.291392e-08,-0.00252581
8.301392e-08,-0.0025408892
8.311392e-08,-0.0025538143
8.321392e-08,-0.0025595588
8.331392e-08,-0.0025588408
8.341392e-08,-0.0025566866
8.351392e-08,-0.002561713
8.361392e-08,-0.0025825368
8.371392e-08,-0.002621312
8.381392e-08,-0.0026722943
8.391392e-08,-0.0027247128
8.401392e-08,-0.0027663603
8.411392e-08,-0.0027914924
8.421392e-08,-0.0028008272
8.431392e-08,-0.0028044175
8.441392e-08,-0.0028123162
8.451392e-08,-0.0028324219
8.461392e-08,-0.0028654527
8.471392e-08,-0.0029042279
8.481392e-08,-0.0029386949
8.491392e-08,-0.0029616728
8.501392e-08,-0.0029717256
8.511392e-08,-0.002976034
8.521392e-08,-0.0029846507
8.531392e-08,-0.0030061926
8.541392e-08,-0.0030435317
8.551392e-08,-0.003093796
8.561392e-08,-0.0031454963
8.571392e-08,-0.003189298
8.581392e-08,-0.0032187385
8.591392e-08,-0.0032330997
8.601392e-08,-0.0032374081
8.611392e-08,-0.0032395623
8.621392e-08,-0.0032453068
8.631392e-08,-0.003260386
8.641392e-08,-0.003283364
8.651392e-08,-0.0033120864
8.661392e-08,-0.0033422449
8.671392e-08,-0.0033724035
8.681392e-08,-0.0033982537
8.691392e-08,-0.0034197955
8.701392e-08,-0.0034363109
8.711392e-08,-0.0034477999
8.721392e-08,-0.0034556985
8.731392e-08,-0.0034621611
8.741392e-08,-0.0034686236
8.751392e-08,-0.0034786765
8.761392e-08,-0.0034901654
8.771392e-08,-0.0035016544
8.781392e-08,-0.0035102711
8.791392e-08,-0.0035138614
8.801392e-08,-0.0035131434
8.811392e-08,-0.0035117073
8.821392e-08,-0.0035152976
8.831392e-08,-0.0035275046
8.841392e-08,-0.0035476103
8.851392e-08,-0.0035713063
8.861392e-08,-0.0035899759
8.871392e-08,-0.0035978745
8.881392e-08,-0.0035935662
8.891392e-08,-0.0035806411
8.901392e-08,-0.003567716
8.911392e-08,-0.0035634076
8.921392e-08,-0.0035705882
8.931392e-08,-0.0035863856
8.941392e-08,-0.0036007468
8.951392e-08,-0.0036043371
8.961392e-08,-0.0035935662
8.971392e-08,-0.0035713063
8.981392e-08,-0.0035483284
8.991392e-08,-0.0035375574
9.001392e-08,-0.0035476103
9.011392e-08,-0.0035763327
9.021392e-08,-0.0036129538
9.031392e-08,-0.0036423943
9.041392e-08,-0.003651011
9.051392e-08,-0.0036352137
9.061392e-08,-0.0036014648
9.071392e-08,-0.0035634076
9.081392e-08,-0.0035361213
9.091392e-08,-0.0035260685
9.101392e-08,-0.003531813
9.111392e-08,-0.0035425839
9.121392e-08,-0.0035476103
9.131392e-08,-0.0035389936
9.141392e-08,-0.0035188879
9.151392e-08,-0.0034951919
9.161392e-08,-0.0034786765
9.171392e-08,-0.0034772403
9.181392e-08,-0.0034894474
9.191392e-08,-0.003508835
9.201392e-08,-0.0035246324
9.211392e-08,-0.0035282227
9.221392e-08,-0.0035167337
9.231392e-08,-0.0034937557
9.241392e-08,-0.0034671875
9.251392e-08,-0.0034427734
9.261392e-08,-0.0034226677
9.271392e-08,-0.0034054343
9.281392e-08,-0.0033867647
9.291392e-08,-0.0033645048
9.301392e-08,-0.0033408088
9.311392e-08,-0.003319267
9.321392e-08,-0.0033063419
9.331392e-08,-0.0033027516
9.341392e-08,-0.0033063419
9.351392e-08,-0.0033092142
9.361392e-08,-0.0033063419
9.371392e-08,-0.0032926988
9.381392e-08,-0.0032711569
9.391392e-08,-0.0032467429
9.401392e-08,-0.0032259191
9.411392e-08,-0.003212994
9.421392e-08,-0.0032065315
9.431392e-08,-0.0032015051
9.441392e-08,-0.0031914522
9.451392e-08,-0.0031742187
9.461392e-08,-0.0031512408
9.471392e-08,-0.0031275448
9.481392e-08,-0.0031110294
9.491392e-08,-0.0031052849
9.501392e-08,-0.0031095933
9.511392e-08,-0.0031210823
9.521392e-08,-0.0031340074
9.531392e-08,-0.0031447783
9.541392e-08,-0.003153395
9.551392e-08,-0.0031605756
9.561392e-08,-0.0031684743
9.571392e-08,-0.0031763729
9.581392e-08,-0.0031806813
9.591392e-08,-0.0031785271
9.601392e-08,-0.0031684743
9.611392e-08,-0.0031526769
9.621392e-08,-0.0031368796
9.631392e-08,-0.0031289809
9.641392e-08,-0.0031340074
9.651392e-08,-0.0031505227
9.661392e-08,-0.0031720646
9.671392e-08,-0.0031914522
9.681392e-08,-0.0032029412
9.691392e-08,-0.0032058134
9.701392e-08,-0.0032043773
9.711392e-08,-0.0032058134
9.721392e-08,-0.0032144301
9.731392e-08,-0.0032295094
9.741392e-08,-0.0032438706
9.751392e-08,-0.0032517693
9.761392e-08,-0.0032488971
9.771392e-08,-0.0032381261
9.781392e-08,-0.0032280733
9.791392e-08,-0.0032295094
9.801392e-08,-0.0032488971
9.811392e-08,-0.003284082
9.821392e-08,-0.0033250115
9.831392e-08,-0.0033587603
9.841392e-08,-0.0033752757
9.851392e-08,-0.0033724035
9.861392e-08,-0.0033580423
9.871392e-08,-0.0033436811
9.881392e-08,-0.0033408088
9.891392e-08,-0.0033530159
9.901392e-08,-0.0033745577
9.911392e-08,-0.0033960995
9.921392e-08,-0.0034097426
9.931392e-08,-0.0034126149
9.941392e-08,-0.0034118968
9.951392e-08,-0.0034154871
9.961392e-08,-0.0034327206
9.971392e-08,-0.0034635972
9.981392e-08,-0.0035009364
9.991392e-08,-0.003531813
1.000139e-07,-0.0035476103
1.001139e-07,-0.0035461742
1.002139e-07,-0.0035339671
1.003139e-07,-0.0035231962
1.004139e-07,-0.0035246324
1.005139e-07,-0.0035397116
1.006139e-07,-0.0035619715
1.007139e-07,-0.003579205
1.008139e-07,-0.0035820772
1.009139e-07,-0.0035691521
1.010139e-07,-0.0035504825
1.011139e-07,-0.0035389936
1.012139e-07,-0.0035476103
1.013139e-07,-0.003579205
1.014139e-07,-0.0036258789
1.015139e-07,-0.0036703987
1.016139e-07,-0.0036969669
1.017139e-07,-0.003698403
1.018139e-07,-0.0036775793
1.019139e-07,-0.0036495749
1.020139e-07,-0.0036280331
1.021139e-07,-0.0036230067
1.022139e-07,-0.0036330595
1.023139e-07,-0.0036495749
1.024139e-07,-0.0036625
1.025139e-07,-0.0036653722
1.026139e-07,-0.0036603458
1.027139e-07,-0.0036560375
1.028139e-07,-0.0036625
1.029139e-07,-0.0036833238
1.030139e-07,-0.0037149184
1.031139e-07,-0.003745795
1.032139e-07,-0.0037659007
1.033139e-07,-0.003769491
1.034139e-07,-0.0037601562
1.035139e-07,-0.0037479492
1.036139e-07,-0.0037429228
1.037139e-07,-0.0037508215
1.038139e-07,-0.003768773
1.039139e-07,-0.0037881606
1.040139e-07,-0.0038003676
1.041139e-07,-0.0038018038
1.042139e-07,-0.0037982135
1.043139e-07,-0.0037989315
1.044139e-07,-0.0038118566
1.045139e-07,-0.003839861
1.046139e-07,-0.0038764821
1.047139e-07,-0.0039095129
1.048139e-07,-0.0039267463
1.049139e-07,-0.0039245921
1.050139e-07,-0.0039087948
1.051139e-07,-0.0038908433
1.052139e-07,-0.0038807904
1.053139e-07,-0.0038843807
1.054139e-07,-0.0038958697
1.055139e-07,-0.0039059226
1.056139e-07,-0.0039037684
1.057139e-07,-0.003887253
1.058139e-07,-0.003863557
1.059139e-07,-0.0038456055
1.060139e-07,-0.0038463235
1.061139e-07,-0.0038693015
1.062139e-07,-0.0039059226
1.063139e-07,-0.0039425437
1.064139e-07,-0.0039612132
1.065139e-07,-0.0039533146
1.066139e-07,-0.0039210018
1.067139e-07,-0.0038764821
1.068139e-07,-0.0038348346
1.069139e-07,-0.0038061121
1.070139e-07,-0.003793187
1.071139e-07,-0.0037903148
1.072139e-07,-0.0037888787
1.073139e-07,-0.0037831342
1.074139e-07,-0.0037730813
1.075139e-07,-0.0037651827
1.076139e-07,-0.0037659007
1.077139e-07,-0.0037759536
1.078139e-07,-0.0037910329
1.079139e-07,-0.0038018038
1.080139e-07,-0.0038003676
1.081139e-07,-0.0037845703
1.082139e-07,-0.0037608743
1.083139e-07,-0.0037400506
1.084139e-07,-0.0037314338
1.085139e-07,-0.0037378964
1.086139e-07,-0.0037551298
1.087139e-07,-0.0037709272
1.088139e-07,-0.0037773897
1.089139e-07,-0.0037709272
1.090139e-07,-0.0037565659
1.091139e-07,-0.0037443589
1.092139e-07,-0.0037429228
1.093139e-07,-0.0037544118
1.094139e-07,-0.0037709272
1.095139e-07,-0.0037816981
1.096139e-07,-0.0037773897
1.097139e-07,-0.0037587201
1.098139e-07,-0.003733588
1.099139e-07,-0.0037170726
1.100139e-07,-0.0037199449
1.101139e-07,-0.0037443589
1.102139e-07,-0.0037802619
1.103139e-07,-0.0038118566
1.104139e-07,-0.0038233456
1.105139e-07,-0.0038097024
1.106139e-07,-0.0037788258
1.107139e-07,-0.0037472312
1.108139e-07,-0.0037314338
1.109139e-07,-0.0037407686
1.110139e-07,-0.0037730813
1.111139e-07,-0.0038132927
1.112139e-07,-0.0038463235
1.113139e-07,-0.0038606847
1.114139e-07,-0.0038563764
1.115139e-07,-0.003839861
1.116139e-07,-0.0038233456
1.117139e-07,-0.0038132927
1.118139e-07,-0.0038097024
1.119139e-07,-0.0038075483
1.120139e-07,-0.0038003676
1.121139e-07,-0.0037852884
1.122139e-07,-0.003768773
1.123139e-07,-0.0037594382
1.124139e-07,-0.0037659007
1.125139e-07,-0.0037895967
1.126139e-07,-0.0038226275
1.127139e-07,-0.0038535041
1.128139e-07,-0.0038693015
1.129139e-07,-0.0038671473
1.130139e-07,-0.0038527861
1.131139e-07,-0.0038384249
1.132139e-07,-0.0038348346
1.133139e-07,-0.0038477597
1.134139e-07,-0.0038721737
1.135139e-07,-0.0038980239
1.136139e-07,-0.0039152574
1.137139e-07,-0.0039202838
1.138139e-07,-0.0039181296
1.139139e-07,-0.0039210018
1.140139e-07,-0.0039382353
1.141139e-07,-0.0039727022
1.142139e-07,-0.004017222
1.143139e-07,-0.0040595875
1.144139e-07,-0.0040875919
1.145139e-07,-0.0040976448
1.146139e-07,-0.0040969267
1.147139e-07,-0.0040976448
1.148139e-07,-0.0041105699
1.149139e-07,-0.0041392923
1.150139e-07,-0.0041766314
1.151139e-07,-0.0042096622
1.152139e-07,-0.0042254596
1.153139e-07,-0.0042225873
1.154139e-07,-0.0042089442
1.155139e-07,-0.0042010455
1.156139e-07,-0.0042139706
1.157139e-07,-0.0042534639
1.158139e-07,-0.0043116268
1.159139e-07,-0.0043733801
1.160139e-07,-0.0044207721
1.161139e-07,-0.0044451861
1.162139e-07,-0.0044494945
1.163139e-07,-0.0044473403
1.164139e-07,-0.004455239
1.165139e-07,-0.0044818072
1.166139e-07,-0.004526327
1.167139e-07,-0.0045758732
1.168139e-07,-0.0046160846
1.169139e-07,-0.0046376264
1.170139e-07,-0.0046412167
1.171139e-07,-0.0046376264
1.172139e-07,-0.0046390625
1.173139e-07,-0.004656296
1.174139e-07,-0.0046886087
1.175139e-07,-0.0047288201
1.176139e-07,-0.0047654412
1.177139e-07,-0.0047898552
1.178139e-07,-0.0048006261
1.179139e-07,-0.0048049345
1.180139e-07,-0.0048113971
1.181139e-07,-0.0048250402
1.182139e-07,-0.004845864
1.183139e-07,-0.0048666877
1.184139e-07,-0.0048803309
1.185139e-07,-0.0048839212
1.186139e-07,-0.0048810489
1.187139e-07,-0.0048810489
1.188139e-07,-0.0048918199
1.189139e-07,-0.004916952
1.190139e-07,-0.0049521369
1.191139e-07,-0.0049851677
1.192139e-07,-0.0050067096
1.193139e-07,-0.0050102999
1.194139e-07,-0.004999529
1.195139e-07,-0.0049837316
1.196139e-07,-0.0049722426
1.197139e-07,-0.0049708065
1.198139e-07,-0.0049779871
1.199139e-07,-0.0049844497
1.200139e-07,-0.0049837316
1.201139e-07,-0.0049729607
1.202139e-07,-0.0049585995
1.203139e-07,-0.0049514189
1.204139e-07,-0.0049607537
1.205139e-07,-0.0049909122
1.206139e-07,-0.0050347139
1.207139e-07,-0.0050792337
1.208139e-07,-0.0051101103
1.209139e-07,-0.0051194451
1.210139e-07,-0.0051079561
1.211139e-07,-0.0050856962
1.212139e-07,-0.0050641544
1.213139e-07,-0.0050526654
1.214139e-07,-0.0050526654
1.215139e-07,-0.005059128
1.216139e-07,-0.0050641544
1.217139e-07,-0.0050634364
1.218139e-07,-0.0050569738
1.219139e-07,-0.0050519474
1.220139e-07,-0.0050526654
1.221139e-07,-0.0050612822
1.222139e-07,-0.0050734892
1.223139e-07,-0.0050806698
1.224139e-07,-0.0050756434
1.225139e-07,-0.0050576919
1.226139e-07,-0.0050311236
1.227139e-07,-0.0050074276
1.228139e-07,-0.0049952206
1.229139e-07,-0.0049966567
1.230139e-07,-0.0050067096
1.231139e-07,-0.0050138902
1.232139e-07,-0.0050067096
1.233139e-07,-0.0049815774
1.234139e-07,-0.0049428022
1.235139e-07,-0.0049011546
1.236139e-07,-0.0048688419
1.237139e-07,-0.0048523265
1.238139e-07,-0.0048494543
1.239139e-07,-0.0048516085
1.240139e-07,-0.004845864
1.241139e-07,-0.0048264763
1.242139e-07,-0.0047934455
1.243139e-07,-0.0047546703
1.244139e-07,-0.0047194853
1.245139e-07,-0.0046943532
1.246139e-07,-0.004679992
1.247139e-07,-0.0046713752
1.248139e-07,-0.0046620404
1.249139e-07,-0.0046476792
1.250139e-07,-0.0046304458
1.251139e-07,-0.0046146484
1.252139e-07,-0.0046045956
1.253139e-07,-0.0046017233
1.254139e-07,-0.0045995692
1.255139e-07,-0.0045916705
1.256139e-07,-0.0045701287
1.257139e-07,-0.0045335076
1.258139e-07,-0.0044875517
1.259139e-07,-0.0044430319
1.260139e-07,-0.0044092831
1.261139e-07,-0.0043906135
1.262139e-07,-0.004384151
1.263139e-07,-0.0043819968
1.264139e-07,-0.0043748162
1.265139e-07,-0.0043597369
1.266139e-07,-0.0043403493
1.267139e-07,-0.0043238339
1.268139e-07,-0.0043173713
1.269139e-07,-0.0043238339
1.270139e-07,-0.004337477
1.271139e-07,-0.0043504021
1.272139e-07,-0.0043518382
1.273139e-07,-0.0043396312
1.274139e-07,-0.0043180894
1.275139e-07,-0.0042958295
1.276139e-07,-0.0042829044
1.277139e-07,-0.0042836225
1.278139e-07,-0.0042929573
1.279139e-07,-0.0043037282
1.280139e-07,-0.0043058824
1.281139e-07,-0.0042958295
1.282139e-07,-0.004277878
1.283139e-07,-0.0042627987
1.284139e-07,-0.0042599265
1.285139e-07,-0.0042750057
1.286139e-07,-0.0043044462
1.287139e-07,-0.004337477
1.288139e-07,-0.0043633272
1.289139e-07,-0.0043733801
1.290139e-07,-0.0043676356
1.291139e-07,-0.0043532744
1.292139e-07,-0.0043403493
1.293139e-07,-0.0043353228
1.294139e-07,-0.0043410673
1.295139e-07,-0.0043518382
1.296139e-07,-0.0043633272
1.297139e-07,-0.004372662
1.298139e-07,-0.0043812787
1.299139e-07,-0.0043956399
1.300139e-07,-0.0044207721
1.301139e-07,-0.0044588293
1.302139e-07,-0.0045047852
1.303139e-07,-0.0045485869
1.304139e-07,-0.0045816176
1.305139e-07,-0.0045988511
1.306139e-07,-0.0046024414
1.307139e-07,-0.0046010053
1.308139e-07,-0.0046045956
1.309139e-07,-0.0046196749
1.310139e-07,-0.0046469612
1.311139e-07,-0.0046785558
1.312139e-07,-0.0047079963
1.313139e-07,-0.0047295381
1.314139e-07,-0.0047424632
1.315139e-07,-0.004751798
1.316139e-07,-0.0047654412
1.317139e-07,-0.0047862649
1.318139e-07,-0.0048142693
1.319139e-07,-0.0048444278
1.320139e-07,-0.0048688419
1.321139e-07,-0.0048839212
1.322139e-07,-0.0048903837
1.323139e-07,-0.0048911018
1.324139e-07,-0.0048918199
1.325139e-07,-0.0048954102
1.326139e-07,-0.0049025908
1.327139e-07,-0.0049097714
1.328139e-07,-0.0049147978
1.329139e-07,-0.0049183881
1.330139e-07,-0.0049248506
1.331139e-07,-0.0049377757
1.332139e-07,-0.0049607537
1.333139e-07,-0.0049909122
1.334139e-07,-0.0050225069
1.335139e-07,-0.0050447668
1.336139e-07,-0.0050526654
1.337139e-07,-0.0050447668
1.338139e-07,-0.0050260972
1.339139e-07,-0.0050074276
1.340139e-07,-0.0049952206
1.341139e-07,-0.0049937845
1.342139e-07,-0.0049988109
1.343139e-07,-0.0050052734
1.344139e-07,-0.0050067096
1.345139e-07,-0.0050024012
1.346139e-07,-0.0049959386
1.347139e-07,-0.0049959386
1.348139e-07,-0.0050067096
1.349139e-07,-0.0050289694
1.350139e-07,-0.0050555377
1.351139e-07,-0.0050777976
1.352139e-07,-0.0050871324
1.353139e-07,-0.0050821059
1.354139e-07,-0.0050677447
1.355139e-07,-0.0050512293
1.356139e-07,-0.0050411765
1.357139e-07,-0.0050390223
1.358139e-07,-0.0050404584
1.359139e-07,-0.0050390223
1.360139e-07,-0.0050296875
1.361139e-07,-0.0050138902
1.362139e-07,-0.0049973748
1.363139e-07,-0.0049894761
1.364139e-07,-0.0049952206
1.365139e-07,-0.005012454
1.366139e-07,-0.0050325597
1.367139e-07,-0.0050447668
1.368139e-07,-0.0050411765
1.369139e-07,-0.0050225069
1.370139e-07,-0.0049973748
1.371139e-07,-0.0049779871
1.372139e-07,-0.0049722426
1.373139e-07,-0.0049794233
1.374139e-07,-0.0049894761
1.375139e-07,-0.0049901942
1.376139e-07,-0.0049722426
1.377139e-07,-0.0049356216
1.378139e-07,-0.0048925379
1.379139e-07,-0.004858071
1.380139e-07,-0.004845864
1.381139e-07,-0.004858071
1.382139e-07,-0.0048853573
1.383139e-07,-0.0049097714
1.384139e-07,-0.0049147978
1.385139e-07,-0.004893256
1.386139e-07,-0.0048501723
1.387139e-07,-0.004798472
1.388139e-07,-0.0047539522
1.389139e-07,-0.0047252298
1.390139e-07,-0.0047123047
1.391139e-07,-0.0047058421
1.392139e-07,-0.0046965074
1.393139e-07,-0.0046792739
1.394139e-07,-0.004657014
1.395139e-07,-0.0046369083
1.396139e-07,-0.0046275735
1.397139e-07,-0.0046297277
1.398139e-07,-0.0046354722
1.399139e-07,-0.0046340361
1.400139e-07,-0.0046160846
1.401139e-07,-0.0045794635
1.402139e-07,-0.0045327895
1.403139e-07,-0.004491142
1.404139e-07,-0.0044667279
1.405139e-07,-0.0044652918
1.406139e-07,-0.004478935
1.407139e-07,-0.0044961684
1.408139e-07,-0.0045011949
1.409139e-07,-0.0044889878
1.410139e-07,-0.0044638557
1.411139e-07,-0.0044365694
1.412139e-07,-0.0044207721
1.413139e-07,-0.0044207721
1.414139e-07,-0.004432261
1.415139e-07,-0.00444375
1.416139e-07,-0.00444375
1.417139e-07,-0.0044279527
1.418139e-07,-0.0044021025
1.419139e-07,-0.0043762523
1.420139e-07,-0.0043633272
1.421139e-07,-0.0043661994
1.422139e-07,-0.0043798426
1.423139e-07,-0.0043906135
1.424139e-07,-0.0043863051
1.425139e-07,-0.0043640453
1.426139e-07,-0.0043295784
1.427139e-07,-0.0042979837
1.428139e-07,-0.0042829044
1.429139e-07,-0.0042908031
1.430139e-07,-0.0043166533
1.431139e-07,-0.0043460937
1.432139e-07,-0.0043633272
1.433139e-07,-0.004360455
1.434139e-07,-0.0043417854
1.435139e-07,-0.0043180894
1.436139e-07,-0.0043058824
1.437139e-07,-0.004313063
1.438139e-07,-0.004336759
1.439139e-07,-0.0043654814
1.440139e-07,-0.0043863051
1.441139e-07,-0.0043891774
1.442139e-07,-0.0043748162
1.443139e-07,-0.0043539924
1.444139e-07,-0.0043403493
1.445139e-07,-0.0043432215
1.446139e-07,-0.0043633272
1.447139e-07,-0.0043934858
1.448139e-07,-0.0044207721
1.449139e-07,-0.0044372875
1.450139e-07,-0.0044401597
1.451139e-07,-0.0044358513
1.452139e-07,-0.004432261
1.453139e-07,-0.0044358513
1.454139e-07,-0.0044480584
1.455139e-07,-0.0044638557
1.456139e-07,-0.0044782169
1.457139e-07,-0.0044889878
1.458139e-07,-0.0044983226
1.459139e-07,-0.0045119658
1.460139e-07,-0.0045356618
1.461139e-07,-0.0045686926
1.462139e-07,-0.0046053136
1.463139e-07,-0.0046354722
1.464139e-07,-0.0046505515
1.465139e-07,-0.0046498334
1.466139e-07,-0.0046383444
1.467139e-07,-0.0046275735
1.468139e-07,-0.0046275735
1.469139e-07,-0.0046419347
1.470139e-07,-0.0046656307
1.471139e-07,-0.0046907629
1.472139e-07,-0.0047079963
1.473139e-07,-0.0047151769
1.474139e-07,-0.0047173311
1.475139e-07,-0.0047237937
1.476139e-07,-0.0047424632
1.477139e-07,-0.0047740579
1.478139e-07,-0.0048113971
1.479139e-07,-0.0048429917
1.480139e-07,-0.0048573529
1.481139e-07,-0.0048530446
1.482139e-07,-0.0048358111
1.483139e-07,-0.0048178596
1.484139e-07,-0.0048113971
1.485139e-07,-0.0048192957
1.486139e-07,-0.0048372472
1.487139e-07,-0.0048530446
1.488139e-07,-0.0048573529
1.489139e-07,-0.0048473001
1.490139e-07,-0.0048300666
1.491139e-07,-0.0048178596
1.492139e-07,-0.004822886
1.493139e-07,-0.0048473001
1.494139e-07,-0.0048824851
1.495139e-07,-0.0049140797
1.496139e-07,-0.0049262868
1.497139e-07,-0.0049133617
1.498139e-07,-0.0048810489
1.499139e-07,-0.0048451459
1.500139e-07,-0.004822886
1.501139e-07,-0.0048257583
1.502139e-07,-0.0048523265
1.503139e-07,-0.0048911018
1.504139e-07,-0.0049262868
1.505139e-07,-0.0049463925
1.506139e-07,-0.0049492647
1.507139e-07,-0.0049420841
1.508139e-07,-0.0049377757
1.509139e-07,-0.0049442383
1.510139e-07,-0.0049636259
1.511139e-07,-0.00498804
1.512139e-07,-0.0050067096
1.513139e-07,-0.0050110179
1.514139e-07,-0.004999529
1.515139e-07,-0.0049794233
1.516139e-07,-0.0049607537
1.517139e-07,-0.0049535731
1.518139e-07,-0.0049600356
1.519139e-07,-0.004976551
1.520139e-07,-0.0049952206
1.521139e-07,-0.0050081457
1.522139e-07,-0.005012454
1.523139e-07,-0.0050102999
1.524139e-07,-0.0050067096
1.525139e-07,-0.0050067096
1.526139e-07,-0.005012454
1.527139e-07,-0.0050210708
1.528139e-07,-0.0050296875
1.529139e-07,-0.005035432
1.530139e-07,-0.0050383042
1.531139e-07,-0.0050397403
1.532139e-07,-0.0050411765
1.533139e-07,-0.0050426126
1.534139e-07,-0.0050411765
1.535139e-07,-0.0050332778
1.536139e-07,-0.0050181985
1.537139e-07,-0.0049988109
1.538139e-07,-0.0049822955
1.539139e-07,-0.004976551
1.540139e-07,-0.0049837316
1.541139e-07,-0.0050009651
1.542139e-07,-0.0050196347
1.543139e-07,-0.0050275333
1.544139e-07,-0.0050181985
1.545139e-07,-0.0049923483
1.546139e-07,-0.0049571634
1.547139e-07,-0.0049248506
1.548139e-07,-0.0049033088
1.549139e-07,-0.0048946921
1.550139e-07,-0.0048925379
1.551139e-07,-0.0048860754
1.552139e-07,-0.0048688419
1.553139e-07,-0.0048394014
1.554139e-07,-0.0048056526
1.555139e-07,-0.0047783663
1.556139e-07,-0.0047654412
1.557139e-07,-0.0047675954
1.558139e-07,-0.0047762121
1.559139e-07,-0.0047790843
1.560139e-07,-0.0047654412
1.561139e-07,-0.0047331284
1.562139e-07,-0.0046893267
1.563139e-07,-0.0046462431
1.564139e-07,-0.0046160846
1.565139e-07,-0.0046017233
1.566139e-07,-0.004598133
1.567139e-07,-0.0045945427
1.568139e-07,-0.0045816176
1.569139e-07,-0.0045579216
1.570139e-07,-0.0045306353
1.571139e-07,-0.0045119658
1.572139e-07,-0.0045126838
1.573139e-07,-0.0045342256
1.574139e-07,-0.0045679745
1.575139e-07,-0.0045959789
1.576139e-07,-0.0046045956
1.577139e-07,-0.004585926
1.578139e-07,-0.0045449966
1.579139e-07,-0.0044954504
1.580139e-07,-0.004455239
1.581139e-07,-0.0044344152
1.582139e-07,-0.0044329791
1.583139e-07,-0.00444375
1.584139e-07,-0.004455239
1.585139e-07,-0.0044588293
1.586139e-07,-0.0044545209
1.587139e-07,-0.0044473403
1.588139e-07,-0.00444375
1.589139e-07,-0.0044480584
1.590139e-07,-0.0044581112
1.591139e-07,-0.0044667279
1.592139e-07,-0.0044667279
1.593139e-07,-0.004455239
1.594139e-07,-0.0044372875
1.595139e-07,-0.0044193359
1.596139e-07,-0.0044092831
1.597139e-07,-0.0044071289
1.598139e-07,-0.004407847
1.599139e-07,-0.0044035386
1.600139e-07,-0.0043863051
1.601139e-07,-0.0043583008
1.602139e-07,-0.0043281422
1.603139e-07,-0.0043073185
1.604139e-07,-0.0043058824
1.605139e-07,-0.0043223977
1.606139e-07,-0.0043475299
1.607139e-07,-0.0043654814
1.608139e-07,-0.0043633272
1.609139e-07,-0.004337477
1.610139e-07,-0.0042965476
1.611139e-07,-0.004254182
1.612139e-07,-0.0042254596
1.613139e-07,-0.0042175609
1.614139e-07,-0.0042254596
1.615139e-07,-0.0042398208
1.616139e-07,-0.0042484375
1.617139e-07,-0.0042462833
1.618139e-07,-0.0042362305
1.619139e-07,-0.004230486
1.620139e-07,-0.0042369485
1.621139e-07,-0.0042584903
1.622139e-07,-0.004289367
1.623139e-07,-0.0043166533
1.624139e-07,-0.0043288603
1.625139e-07,-0.0043231158
1.626139e-07,-0.0043073185
1.627139e-07,-0.0042929573
1.628139e-07,-0.0042943934
1.629139e-07,-0.0043152171
1.630139e-07,-0.0043496841
1.631139e-07,-0.0043855871
1.632139e-07,-0.0044092831
1.633139e-07,-0.0044171818
1.634139e-07,-0.0044128734
1.635139e-07,-0.0044107192
1.636139e-07,-0.0044207721
1.637139e-07,-0.0044487764
1.638139e-07,-0.0044875517
1.639139e-07,-0.0045248909
1.640139e-07,-0.0045471507
1.641139e-07,-0.0045493049
1.642139e-07,-0.0045356618
1.643139e-07,-0.0045191464
1.644139e-07,-0.0045126838
1.645139e-07,-0.0045227367
1.646139e-07,-0.0045442785
1.647139e-07,-0.0045679745
1.648139e-07,-0.0045816176
1.649139e-07,-0.0045816176
1.650139e-07,-0.0045730009
1.651139e-07,-0.0045694106
1.652139e-07,-0.0045816176
1.653139e-07,-0.0046146484
1.654139e-07,-0.0046606043
1.655139e-07,-0.004704406
1.656139e-07,-0.0047309743
1.657139e-07,-0.0047316923
1.658139e-07,-0.0047115866
1.659139e-07,-0.0046828642
1.660139e-07,-0.0046620404
1.661139e-07,-0.0046591682
1.662139e-07,-0.0046742475
1.663139e-07,-0.0046986615
1.664139e-07,-0.0047194853
1.665139e-07,-0.0047302562
1.666139e-07,-0.0047316923
1.667139e-07,-0.0047331284
1.668139e-07,-0.0047424632
1.669139e-07,-0.0047647231
1.670139e-07,-0.0047955997
1.671139e-07,-0.004822168
1.672139e-07,-0.004834375
1.673139e-07,-0.0048250402
1.674139e-07,-0.004798472
1.675139e-07,-0.0047661592
1.676139e-07,-0.0047424632
1.677139e-07,-0.0047360007
1.678139e-07,-0.0047474897
1.679139e-07,-0.0047683134
1.680139e-07,-0.0047884191
1.681139e-07,-0.0048006261
1.682139e-07,-0.0048063706
1.683139e-07,-0.0048113971
1.684139e-07,-0.004822886
1.685139e-07,-0.0048444278
1.686139e-07,-0.0048717142
1.687139e-07,-0.0048946921
1.688139e-07,-0.0049033088
1.689139e-07,-0.004893256
1.690139e-07,-0.00486956
1.691139e-07,-0.0048415556
1.692139e-07,-0.004822886
1.693139e-07,-0.0048192957
1.694139e-07,-0.0048293486
1.695139e-07,-0.0048451459
1.696139e-07,-0.0048573529
1.697139e-07,-0.0048602252
1.698139e-07,-0.0048551988
1.699139e-07,-0.0048480182
1.700139e-07,-0.004845864
1.701139e-07,-0.0048516085
1.702139e-07,-0.0048623794
1.703139e-07,-0.004870278
1.704139e-07,-0.0048688419
1.705139e-07,-0.0048566349
1.706139e-07,-0.0048379653
1.707139e-07,-0.0048207318
1.708139e-07,-0.0048113971
1.709139e-07,-0.004810679
1.710139e-07,-0.0048121151
1.711139e-07,-0.0048070887
1.712139e-07,-0.0047884191
1.713139e-07,-0.0047582606
1.714139e-07,-0.0047252298
1.715139e-07,-0.0047015338
1.716139e-07,-0.0046965074
1.717139e-07,-0.0047087144
1.718139e-07,-0.0047288201
1.719139e-07,-0.0047403091
1.720139e-07,-0.0047309743
1.721139e-07,-0.0046979435
1.722139e-07,-0.0046505515
1.723139e-07,-0.0046031595
1.724139e-07,-0.0045701287
1.725139e-07,-0.0045579216
1.726139e-07,-0.0045607939
1.727139e-07,-0.0045651023
1.728139e-07,-0.0045586397
1.729139e-07,-0.0045349437
1.730139e-07,-0.0044976045
1.731139e-07,-0.0044595473
1.732139e-07,-0.004432261
1.733139e-07,-0.0044229262
1.734139e-07,-0.0044265165
1.735139e-07,-0.0044336972
1.736139e-07,-0.004432261
1.737139e-07,-0.0044164637
1.738139e-07,-0.0043891774
1.739139e-07,-0.004361173
1.740139e-07,-0.0043403493
1.741139e-07,-0.0043317325
1.742139e-07,-0.0043295784
1.743139e-07,-0.0043238339
1.744139e-07,-0.0043058824
1.745139e-07,-0.0042735696
1.746139e-07,-0.0042355124
1.747139e-07,-0.0042039177
1.748139e-07,-0.0041909926
1.749139e-07,-0.0041996094
1.750139e-07,-0.0042225873
1.751139e-07,-0.0042434111
1.752139e-07,-0.0042484375
1.753139e-07,-0.004231204
1.754139e-07,-0.0041967371
1.755139e-07,-0.0041586799
1.756139e-07,-0.0041335478
1.757139e-07,-0.0041292394
1.758139e-07,-0.0041428826
1.759139e-07,-0.0041644244
1.760139e-07,-0.0041795037
1.761139e-07,-0.0041809398
1.762139e-07,-0.0041708869
1.763139e-07,-0.0041586799
1.764139e-07,-0.0041565257
1.765139e-07,-0.0041694508
1.766139e-07,-0.004195301
1.767139e-07,-0.0042218693
1.768139e-07,-0.0042369485
1.769139e-07,-0.0042333582
1.770139e-07,-0.0042132525
1.771139e-07,-0.0041874023
1.772139e-07,-0.0041680147
1.773139e-07,-0.0041629883
1.774139e-07,-0.0041730411
1.775139e-07,-0.0041888385
1.776139e-07,-0.0042024816
1.777139e-07,-0.004207508
1.778139e-07,-0.0042053539
1.779139e-07,-0.0042046358
1.780139e-07,-0.0042139706
1.781139e-07,-0.0042376666
1.782139e-07,-0.0042721335
1.783139e-07,-0.0043066004
1.784139e-07,-0.0043288603
1.785139e-07,-0.0043331687
1.786139e-07,-0.0043202436
1.787139e-07,-0.0042994198
1.788139e-07,-0.0042829044
1.789139e-07,-0.004277878
1.790139e-07,-0.0042850586
1.791139e-07,-0.0043008559
1.792139e-07,-0.0043173713
1.793139e-07,-0.0043317325
1.794139e-07,-0.0043439396
1.795139e-07,-0.004360455
1.796139e-07,-0.0043863051
1.797139e-07,-0.0044214901
1.798139e-07,-0.0044595473
1.799139e-07,-0.0044925781
1.800139e-07,-0.0045126838
1.801139e-07,-0.0045169922
1.802139e-07,-0.0045098116
1.803139e-07,-0.0045019129
1.804139e-07,-0.0045011949
1.805139e-07,-0.0045105296
1.806139e-07,-0.004526327
1.807139e-07,-0.0045406882
1.808139e-07,-0.0045471507
1.809139e-07,-0.0045457146
1.810139e-07,-0.0045428424
1.811139e-07,-0.0045485869
1.812139e-07,-0.0045701287
1.813139e-07,-0.0046074678
1.814139e-07,-0.0046512695
1.815139e-07,-0.0046886087
1.816139e-07,-0.0047079963
1.817139e-07,-0.0047065602
1.818139e-07,-0.0046900448
1.819139e-07,-0.0046713752
1.820139e-07,-0.0046620404
1.821139e-07,-0.0046670669
1.822139e-07,-0.0046821461
1.823139e-07,-0.0046986615
1.824139e-07,-0.0047079963
1.825139e-07,-0.0047079963
1.826139e-07,-0.0047058421
1.827139e-07,-0.0047101505
1.828139e-07,-0.0047309743
1.829139e-07,-0.0047668773
1.830139e-07,-0.0048099609
1.831139e-07,-0.0048437098
1.832139e-07,-0.0048573529
1.833139e-07,-0.0048480182
1.834139e-07,-0.0048250402
1.835139e-07,-0.0048034984
1.836139e-07,-0.0047999081
1.837139e-07,-0.0048200138
1.838139e-07,-0.0048573529
1.839139e-07,-0.0048982824
1.840139e-07,-0.0049262868
1.841139e-07,-0.0049334674
1.842139e-07,-0.0049234145
1.843139e-07,-0.0049083352
1.844139e-07,-0.0049033088
1.845139e-07,-0.00491767
1.846139e-07,-0.0049499828
1.847139e-07,-0.00498804
1.848139e-07,-0.0050181985
1.849139e-07,-0.0050289694
1.850139e-07,-0.0050196347
1.851139e-07,-0.0049966567
1.852139e-07,-0.0049722426
1.853139e-07,-0.0049557273
1.854139e-07,-0.0049514189
1.855139e-07,-0.0049550092
1.856139e-07,-0.0049607537
1.857139e-07,-0.0049657801
1.858139e-07,-0.0049700885
1.859139e-07,-0.0049787052
1.860139e-07,-0.0049952206
1.861139e-07,-0.0050189166
1.862139e-07,-0.0050426126
1.863139e-07,-0.0050562557
1.864139e-07,-0.0050526654
1.865139e-07,-0.0050296875
1.866139e-07,-0.0049945025
1.867139e-07,-0.0049600356
1.868139e-07,-0.0049377757
1.869139e-07,-0.0049320312
1.870139e-07,-0.0049384938
1.871139e-07,-0.0049478286
1.872139e-07,-0.0049492647
1.873139e-07,-0.0049384938
1.874139e-07,-0.0049191062
1.875139e-07,-0.0049004366
1.876139e-07,-0.0048918199
1.877139e-07,-0.0048961282
1.878139e-07,-0.0049083352
1.879139e-07,-0.00491767
1.880139e-07,-0.0049147978
1.881139e-07,-0.0048946921
1.882139e-07,-0.0048623794
1.883139e-07,-0.0048271944
1.884139e-07,-0.0047999081
1.885139e-07,-0.0047841108
1.886139e-07,-0.0047769301
1.887139e-07,-0.0047697495
1.888139e-07,-0.0047539522
1.889139e-07,-0.0047266659
1.890139e-07,-0.0046943532
1.891139e-07,-0.0046656307
1.892139e-07,-0.0046505515
1.893139e-07,-0.0046512695
1.894139e-07,-0.0046613224
1.895139e-07,-0.004668503
1.896139e-07,-0.0046620404
1.897139e-07,-0.0046376264
1.898139e-07,-0.0046010053
1.899139e-07,-0.0045629481
1.900139e-07,-0.0045356618
1.901139e-07,-0.0045241728
1.902139e-07,-0.0045248909
1.903139e-07,-0.0045284812
1.904139e-07,-0.0045241728
1.905139e-07,-0.0045083755
1.906139e-07,-0.0044853975
1.907139e-07,-0.0044645738
1.908139e-07,-0.004455239
1.909139e-07,-0.0044602654
1.910139e-07,-0.0044731905
1.911139e-07,-0.0044832433
1.912139e-07,-0.0044782169
1.913139e-07,-0.004455239
1.914139e-07,-0.0044193359
1.915139e-07,-0.004384151
1.916139e-07,-0.0043633272
1.917139e-07,-0.0043633272
1.918139e-07,-0.0043805607
1.919139e-07,-0.0044042567
1.920139e-07,-0.0044207721
1.921139e-07,-0.0044229262
1.922139e-07,-0.0044121553
1.923139e-07,-0.004396358
1.924139e-07,-0.0043863051
1.925139e-07,-0.0043891774
1.926139e-07,-0.0044035386
1.927139e-07,-0.0044207721
1.928139e-07,-0.004432261
1.929139e-07,-0.004431543
1.930139e-07,-0.004420054
1.931139e-07,-0.0044056928
1.932139e-07,-0.0043977941
1.933139e-07,-0.0044021025
1.934139e-07,-0.0044157456
1.935139e-07,-0.004432261
1.936139e-07,-0.00444375
1.937139e-07,-0.0044459042
1.938139e-07,-0.0044415958
1.939139e-07,-0.0044380055
1.940139e-07,-0.00444375
1.941139e-07,-0.0044602654
1.942139e-07,-0.0044839614
1.943139e-07,-0.0045040671
1.944139e-07,-0.0045126838
1.945139e-07,-0.0045055032
1.946139e-07,-0.0044868336
1.947139e-07,-0.0044667279
1.948139e-07,-0.004455239
1.949139e-07,-0.0044573932
1.950139e-07,-0.0044703182
1.951139e-07,-0.0044846795
1.952139e-07,-0.0044897059
1.953139e-07,-0.0044818072
1.954139e-07,-0.0044652918
1.955139e-07,-0.0044487764
1.956139e-07,-0.00444375
1.957139e-07,-0.004455957
1.958139e-07,-0.0044825253
1.959139e-07,-0.0045126838
1.960139e-07,-0.0045356618
1.961139e-07,-0.0045435604
1.962139e-07,-0.0045363798
1.963139e-07,-0.0045227367
1.964139e-07,-0.0045126838
1.965139e-07,-0.0045134019
1.966139e-07,-0.0045256089
1.967139e-07,-0.0045435604
1.968139e-07,-0.0045586397
1.969139e-07,-0.0045658203
1.970139e-07,-0.0045643842
1.971139e-07,-0.0045593578
1.972139e-07,-0.0045586397
1.973139e-07,-0.0045672564
1.974139e-07,-0.004585208
1.975139e-07,-0.0046074678
1.976139e-07,-0.0046275735
1.977139e-07,-0.0046412167
1.978139e-07,-0.0046491153
1.979139e-07,-0.0046541418
1.980139e-07,-0.0046620404
1.981139e-07,-0.0046742475
1.982139e-07,-0.0046907629
1.983139e-07,-0.0047065602
1.984139e-07,-0.0047194853
1.985139e-07,-0.0047295381
1.986139e-07,-0.0047403091
1.987139e-07,-0.0047589786
1.988139e-07,-0.0047884191
1.989139e-07,-0.0048271944
1.990139e-07,-0.0048674058
1.991139e-07,-0.0048990005
1.992139e-07,-0.0049147978
1.993139e-07,-0.0049126436
1.994139e-07,-0.0048997185
1.995139e-07,-0.0048853573
1.996139e-07,-0.0048803309
1.997139e-07,-0.0048889476
1.998139e-07,-0.0049083352
1.999139e-07,-0.0049313132
2.000139e-07,-0.0049492647
2.001139e-07,-0.0049593176
2.002139e-07,-0.004964344
2.003139e-07,-0.0049708065
2.004139e-07,-0.0049837316
2.005139e-07,-0.0050045554
2.006139e-07,-0.0050268153
2.007139e-07,-0.0050411765
2.008139e-07,-0.0050411765
2.009139e-07,-0.0050246611
2.010139e-07,-0.0049988109
2.011139e-07,-0.0049743968
2.012139e-07,-0.0049607537
2.013139e-07,-0.0049614717
2.014139e-07,-0.0049715246
2.015139e-07,-0.0049787052
2.016139e-07,-0.0049722426
2.017139e-07,-0.0049478286
2.018139e-07,-0.0049104894
2.019139e-07,-0.0048717142
2.020139e-07,-0.004845864
2.021139e-07,-0.0048408375
2.022139e-07,-0.0048537626
2.023139e-07,-0.0048760225
2.024139e-07,-0.0048918199
2.025139e-07,-0.0048911018
2.026139e-07,-0.0048709961
2.027139e-07,-0.0048372472
2.028139e-07,-0.0047999081
2.029139e-07,-0.0047697495
2.030139e-07,-0.00475108
2.031139e-07,-0.0047438994
2.032139e-07,-0.0047424632
2.033139e-07,-0.0047403091
2.034139e-07,-0.0047331284
2.035139e-07,-0.0047216395
2.036139e-07,-0.0047079963
2.037139e-07,-0.0046943532
2.038139e-07,-0.0046821461
2.039139e-07,-0.0046720933
2.040139e-07,-0.0046620404
2.041139e-07,-0.0046541418
2.042139e-07,-0.0046483973
2.043139e-07,-0.0046476792
2.044139e-07,-0.0046505515
2.045139e-07,-0.0046519876
2.046139e-07,-0.004645525
2.047139e-07,-0.0046268555
2.048139e-07,-0.0045931066
2.049139e-07,-0.004550741
2.050139e-07,-0.0045090935
2.051139e-07,-0.004478935
2.052139e-07,-0.0044667279
2.053139e-07,-0.0044696002
2.054139e-07,-0.004479653
2.055139e-07,-0.0044853975
2.056139e-07,-0.0044782169
2.057139e-07,-0.0044573932
2.058139e-07,-0.0044293888
2.059139e-07,-0.0044028205
2.060139e-07,-0.0043863051
2.061139e-07,-0.0043791245
2.062139e-07,-0.0043755342
2.063139e-07,-0.0043647633
2.064139e-07,-0.0043403493
2.065139e-07,-0.0043044462
2.066139e-07,-0.0042649529
2.067139e-07,-0.0042355124
2.068139e-07,-0.0042254596
2.069139e-07,-0.0042347943
2.070139e-07,-0.0042556181
2.071139e-07,-0.0042721335
2.072139e-07,-0.0042714154
2.073139e-07,-0.0042498736
2.074139e-07,-0.0042125345
2.075139e-07,-0.0041730411
2.076139e-07,-0.0041450368
2.077139e-07,-0.0041342659
2.078139e-07,-0.0041378562
2.079139e-07,-0.0041450368
2.080139e-07,-0.0041450368
2.081139e-07,-0.0041321117
2.082139e-07,-0.0041098518
2.083139e-07,-0.0040875919
2.084139e-07,-0.0040761029
2.085139e-07,-0.0040811294
2.086139e-07,-0.0040997989
2.087139e-07,-0.0041213408
2.088139e-07,-0.0041335478
2.089139e-07,-0.0041306756
2.090139e-07,-0.0041141602
2.091139e-07,-0.0040926183
2.092139e-07,-0.0040761029
2.093139e-07,-0.0040710765
2.094139e-07,-0.0040761029
2.095139e-07,-0.0040847197
2.096139e-07,-0.0040875919
2.097139e-07,-0.0040811294
2.098139e-07,-0.0040682043
2.099139e-07,-0.0040559972
2.100139e-07,-0.004053125
2.101139e-07,-0.004064614
2.102139e-07,-0.0040861558
2.103139e-07,-0.0041084157
2.104139e-07,-0.0041220588
2.105139e-07,-0.0041213408
2.106139e-07,-0.0041069795
2.107139e-07,-0.004089028
2.108139e-07,-0.0040761029
2.109139e-07,-0.0040739488
2.110139e-07,-0.0040818474
2.111139e-07,-0.0040933364
2.112139e-07,-0.0040990809
2.113139e-07,-0.0040954906
2.114139e-07,-0.0040854377
2.115139e-07,-0.0040753849
2.116139e-07,-0.0040761029
2.117139e-07,-0.0040911822
2.118139e-07,-0.0041191866
2.119139e-07,-0.0041522174
2.120139e-07,-0.0041795037
2.121139e-07,-0.004195301
2.122139e-07,-0.0042003274
2.123139e-07,-0.0042003274
2.124139e-07,-0.0042024816
2.125139e-07,-0.0042125345
2.126139e-07,-0.0042290499
2.127139e-07,-0.0042470014
2.128139e-07,-0.0042599265
2.129139e-07,-0.0042635168
2.130139e-07,-0.0042599265
2.131139e-07,-0.0042563362
2.132139e-07,-0.0042599265
2.133139e-07,-0.0042764419
2.134139e-07,-0.0043037282
2.135139e-07,-0.0043353228
2.136139e-07,-0.0043633272
2.137139e-07,-0.0043819968
2.138139e-07,-0.0043906135
2.139139e-07,-0.0043942038
2.140139e-07,-0.0043977941
2.141139e-07,-0.0044064108
2.142139e-07,-0.0044214901
2.143139e-07,-0.0044387236
2.144139e-07,-0.004455239
2.145139e-07,-0.0044688821
2.146139e-07,-0.0044818072
2.147139e-07,-0.0044954504
2.148139e-07,-0.0045126838
2.149139e-07,-0.0045327895
2.150139e-07,-0.0045521772
2.151139e-07,-0.0045658203
2.152139e-07,-0.0045701287
2.153139e-07,-0.0045679745
2.154139e-07,-0.0045651023
2.155139e-07,-0.0045679745
2.156139e-07,-0.0045816176
2.157139e-07,-0.0046024414
2.158139e-07,-0.0046225471
2.159139e-07,-0.004633318
2.160139e-07,-0.0046275735
2.161139e-07,-0.0046081859
2.162139e-07,-0.0045844899
2.163139e-07,-0.0045686926
2.164139e-07,-0.0045701287
2.165139e-07,-0.0045902344
2.166139e-07,-0.004621111
2.167139e-07,-0.0046491153
2.168139e-07,-0.0046620404
2.169139e-07,-0.0046548598
2.170139e-07,-0.0046318819
2.171139e-07,-0.0046038775
2.172139e-07,-0.0045816176
2.173139e-07,-0.0045715648
2.174139e-07,-0.0045730009
2.175139e-07,-0.0045787454
2.176139e-07,-0.0045816176
2.177139e-07,-0.0045787454
2.178139e-07,-0.0045722829
2.179139e-07,-0.0045672564
2.180139e-07,-0.0045701287
2.181139e-07,-0.0045801815
2.182139e-07,-0.0045909524
2.183139e-07,-0.0045938247
2.184139e-07,-0.0045816176
2.185139e-07,-0.0045543313
2.186139e-07,-0.0045191464
2.187139e-07,-0.0044868336
2.188139e-07,-0.0044667279
2.189139e-07,-0.0044617015
2.190139e-07,-0.0044660099
2.191139e-07,-0.0044703182
2.192139e-07,-0.0044667279
2.193139e-07,-0.0044523667
2.194139e-07,-0.004432261
2.195139e-07,-0.0044157456
2.196139e-07,-0.0044092831
2.197139e-07,-0.0044143095
2.198139e-07,-0.0044243624
2.199139e-07,-0.0044293888
2.200139e-07,-0.0044207721
2.201139e-07,-0.0043977941
2.202139e-07,-0.0043676356
2.203139e-07,-0.0043417854
2.204139e-07,-0.0043288603
2.205139e-07,-0.0043295784
2.206139e-07,-0.004337477
2.207139e-07,-0.0043403493
2.208139e-07,-0.0043288603
2.209139e-07,-0.0043030101
2.210139e-07,-0.0042699793
2.211139e-07,-0.0042448472
2.212139e-07,-0.0042369485
2.213139e-07,-0.0042484375
2.214139e-07,-0.0042714154
2.215139e-07,-0.0042908031
2.216139e-07,-0.0042943934
2.217139e-07,-0.004278596
2.218139e-07,-0.0042491556
2.219139e-07,-0.0042197151
2.220139e-07,-0.0042024816
2.221139e-07,-0.0042003274
2.222139e-07,-0.004207508
2.223139e-07,-0.0042118164
2.224139e-07,-0.0042024816
2.225139e-07,-0.0041773495
2.226139e-07,-0.0041443187
2.227139e-07,-0.0041177505
2.228139e-07,-0.0041105699
2.229139e-07,-0.0041256491
2.230139e-07,-0.0041550896
2.231139e-07,-0.0041816579
2.232139e-07,-0.0041909926
2.233139e-07,-0.0041759134
2.234139e-07,-0.0041436006
2.235139e-07,-0.0041084157
2.236139e-07,-0.0040875919
2.237139e-07,-0.00408831
2.238139e-07,-0.0041055434
2.239139e-07,-0.0041256491
2.240139e-07,-0.0041335478
2.241139e-07,-0.0041206227
2.242139e-07,-0.0040911822
2.243139e-07,-0.0040595875
2.244139e-07,-0.004041636
2.245139e-07,-0.0040473805
2.246139e-07,-0.0040761029
2.247139e-07,-0.0041141602
2.248139e-07,-0.0041450368
2.249139e-07,-0.0041565257
2.250139e-07,-0.0041464729
2.251139e-07,-0.0041227769
2.252139e-07,-0.0040990809
2.253139e-07,-0.0040854377
2.254139e-07,-0.0040847197
2.255139e-07,-0.0040919003
2.256139e-07,-0.0040990809
2.257139e-07,-0.0040997989
2.258139e-07,-0.0040954906
2.259139e-07,-0.0040919003
2.260139e-07,-0.0040990809
2.261139e-07,-0.0041206227
2.262139e-07,-0.0041522174
2.263139e-07,-0.004183812
2.264139e-07,-0.0042024816
2.265139e-07,-0.0041996094
2.266139e-07,-0.0041766314
2.267139e-07,-0.0041421645
2.268139e-07,-0.0041105699
2.269139e-07,-0.0040926183
2.270139e-07,-0.0040919003
2.271139e-07,-0.0041041073
2.272139e-07,-0.0041220588
2.273139e-07,-0.0041371381
2.274139e-07,-0.0041457548
2.275139e-07,-0.0041507812
2.276139e-07,-0.0041565257
2.277139e-07,-0.0041665786
2.278139e-07,-0.0041802217
2.279139e-07,-0.0041938649
2.280139e-07,-0.0042024816
2.281139e-07,-0.0042046358
2.282139e-07,-0.0042017636
2.283139e-07,-0.0041988913
2.284139e-07,-0.0042024816
2.285139e-07,-0.0042139706
2.286139e-07,-0.004230486
2.287139e-07,-0.0042470014
2.288139e-07,-0.0042599265
2.289139e-07,-0.0042678251
2.290139e-07,-0.0042742877
2.291139e-07,-0.0042857767
2.292139e-07,-0.0043058824
2.293139e-07,-0.0043338867
2.294139e-07,-0.0043633272
2.295139e-07,-0.0043863051
2.296139e-07,-0.0043977941
2.297139e-07,-0.0043977941
2.298139e-07,-0.0043942038
2.299139e-07,-0.0043956399
2.300139e-07,-0.0044092831
2.301139e-07,-0.0044358513
2.302139e-07,-0.004467446
2.303139e-07,-0.0044954504
2.304139e-07,-0.0045126838
2.305139e-07,-0.0045191464
2.306139e-07,-0.0045220186
2.307139e-07,-0.0045327895
2.308139e-07,-0.0045586397
2.309139e-07,-0.0046002872
2.310139e-07,-0.0046491153
2.311139e-07,-0.004692199
2.312139e-07,-0.0047194853
2.313139e-07,-0.0047288201
2.314139e-07,-0.0047266659
2.315139e-07,-0.0047245117
2.316139e-07,-0.0047309743
2.317139e-07,-0.0047489258
2.318139e-07,-0.0047733398
2.319139e-07,-0.0047927275
2.320139e-07,-0.0047999081
2.321139e-07,-0.0047934455
2.322139e-07,-0.0047819566
2.323139e-07,-0.0047776482
2.324139e-07,-0.0047884191
2.325139e-07,-0.0048164235
2.326139e-07,-0.0048537626
2.327139e-07,-0.0048860754
2.328139e-07,-0.0049033088
2.329139e-07,-0.0049025908
2.330139e-07,-0.0048911018
2.331139e-07,-0.0048803309
2.332139e-07,-0.0048803309
2.333139e-07,-0.004893256
2.334139e-07,-0.0049112075
2.335139e-07,-0.0049219784
2.336139e-07,-0.0049147978
2.337139e-07,-0.0048896657
2.338139e-07,-0.0048566349
2.339139e-07,-0.0048300666
2.340139e-07,-0.004822886
2.341139e-07,-0.0048386834
2.342139e-07,-0.0048674058
2.343139e-07,-0.004893974
2.344139e-07,-0.0049033088
2.345139e-07,-0.0048911018
2.346139e-07,-0.0048630974
2.347139e-07,-0.0048358111
2.348139e-07,-0.004822886
2.349139e-07,-0.0048300666
2.350139e-07,-0.0048516085
2.351139e-07,-0.0048731503
2.352139e-07,-0.0048803309
2.353139e-07,-0.0048688419
2.354139e-07,-0.0048451459
2.355139e-07,-0.0048250402
2.356139e-07,-0.004822886
2.357139e-07,-0.004845864
2.358139e-07,-0.0048860754
2.359139e-07,-0.0049270048
2.360139e-07,-0.0049492647
2.361139e-07,-0.0049420841
2.362139e-07,-0.0049076172
2.363139e-07,-0.0048616613
2.364139e-07,-0.004822886
2.365139e-07,-0.0048042165
2.366139e-07,-0.0048070887
2.367139e-07,-0.0048214499
2.368139e-07,-0.004834375
2.369139e-07,-0.0048336569
2.370139e-07,-0.0048192957
2.371139e-07,-0.0047999081
2.372139e-07,-0.0047884191
2.373139e-07,-0.0047948817
2.374139e-07,-0.0048185777
2.375139e-07,-0.0048480182
2.376139e-07,-0.0048688419
2.377139e-07,-0.0048681239
2.378139e-07,-0.0048437098
2.379139e-07,-0.0048042165
2.380139e-07,-0.0047654412
2.381139e-07,-0.0047417452
2.382139e-07,-0.004739591
2.383139e-07,-0.0047546703
2.384139e-07,-0.0047769301
2.385139e-07,-0.0047934455
2.386139e-07,-0.0047977539
2.387139e-07,-0.0047898552
2.388139e-07,-0.0047769301
2.389139e-07,-0.0047675954
2.390139e-07,-0.0047654412
2.391139e-07,-0.0047711857
2.392139e-07,-0.0047769301
2.393139e-07,-0.0047769301
2.394139e-07,-0.0047675954
2.395139e-07,-0.0047503619
2.396139e-07,-0.0047309743
2.397139e-07,-0.0047173311
2.398139e-07,-0.0047130227
2.399139e-07,-0.0047187672
2.400139e-07,-0.0047309743
2.401139e-07,-0.0047438994
2.402139e-07,-0.0047539522
2.403139e-07,-0.0047604148
2.404139e-07,-0.0047654412
2.405139e-07,-0.0047719037
2.406139e-07,-0.0047812385
2.407139e-07,-0.0047948817
2.408139e-07,-0.0048113971
2.409139e-07,-0.0048293486
2.410139e-07,-0.0048473001
2.411139e-07,-0.0048645335
2.412139e-07,-0.0048803309
2.413139e-07,-0.004893256
2.414139e-07,-0.0049018727
2.415139e-07,-0.0049047449
2.416139e-07,-0.0049033088
2.417139e-07,-0.0049004366
2.418139e-07,-0.0049011546
2.419139e-07,-0.0049090533
2.420139e-07,-0.0049262868
2.421139e-07,-0.0049492647
2.422139e-07,-0.0049722426
2.423139e-07,-0.004988758
2.424139e-07,-0.0049952206
2.425139e-07,-0.0049930664
2.426139e-07,-0.00498804
2.427139e-07,-0.0049873219
2.428139e-07,-0.0049952206
2.429139e-07,-0.0050110179
2.430139e-07,-0.0050296875
2.431139e-07,-0.0050454848
2.432139e-07,-0.0050526654
2.433139e-07,-0.0050526654
2.434139e-07,-0.0050519474
2.435139e-07,-0.0050576919
2.436139e-07,-0.0050756434
2.437139e-07,-0.0051050839
2.438139e-07,-0.0051402688
2.439139e-07,-0.0051711455
2.440139e-07,-0.0051905331
2.441139e-07,-0.0051962776
2.442139e-07,-0.0051934053
2.443139e-07,-0.005189097
2.444139e-07,-0.0051905331
2.445139e-07,-0.005201304
2.446139e-07,-0.0052185375
2.447139e-07,-0.0052357709
2.448139e-07,-0.0052479779
2.449139e-07,-0.0052544405
2.450139e-07,-0.005260185
2.451139e-07,-0.0052709559
2.452139e-07,-0.0052939338
2.453139e-07,-0.0053284007
2.454139e-07,-0.0053693302
2.455139e-07,-0.0054066693
2.456139e-07,-0.0054318015
2.457139e-07,-0.0054418543
2.458139e-07,-0.0054397001
2.459139e-07,-0.0054332376
2.460139e-07,-0.0054318015
2.461139e-07,-0.005438264
2.462139e-07,-0.0054519072
2.463139e-07,-0.0054669864
2.464139e-07,-0.0054777574
2.465139e-07,-0.0054820657
2.466139e-07,-0.0054835018
2.467139e-07,-0.0054885283
2.468139e-07,-0.0055007353
2.469139e-07,-0.0055222771
2.470139e-07,-0.0055474092
2.471139e-07,-0.0055689511
2.472139e-07,-0.0055811581
2.473139e-07,-0.0055818761
2.474139e-07,-0.0055754136
2.475139e-07,-0.0055689511
2.476139e-07,-0.0055696691
2.477139e-07,-0.0055782858
2.478139e-07,-0.0055912109
2.479139e-07,-0.0056012638
2.480139e-07,-0.005604136
2.481139e-07,-0.0056005457
2.482139e-07,-0.0055962374
2.483139e-07,-0.0055991096
2.484139e-07,-0.005615625
2.485139e-07,-0.0056436294
2.486139e-07,-0.0056737879
2.487139e-07,-0.0056946117
2.488139e-07,-0.0056960478
2.489139e-07,-0.0056766602
2.490139e-07,-0.0056443474
2.491139e-07,-0.0056120347
2.492139e-07,-0.0055926471
2.493139e-07,-0.005591929
2.494139e-07,-0.0056077263
2.495139e-07,-0.0056307043
2.496139e-07,-0.0056500919
2.497139e-07,-0.0056608628
2.498139e-07,-0.0056637351
2.499139e-07,-0.0056658892
2.500139e-07,-0.0056730699
2.501139e-07,-0.0056881491
2.502139e-07,-0.0057061006
2.503139e-07,-0.0057183077
2.504139e-07,-0.0057190257
2.505139e-07,-0.0057061006
2.506139e-07,-0.0056852769
2.507139e-07,-0.0056673254
2.508139e-07,-0.0056615809
2.509139e-07,-0.0056701976
2.510139e-07,-0.0056881491
2.511139e-07,-0.0057039465
2.512139e-07,-0.0057075368
2.513139e-07,-0.0056960478
2.514139e-07,-0.005675224
2.515139e-07,-0.0056558364
2.516139e-07,-0.0056500919
2.517139e-07,-0.0056622989
2.518139e-07,-0.0056881491
2.519139e-07,-0.0057154354
2.520139e-07,-0.0057305147
2.521139e-07,-0.0057262063
2.522139e-07,-0.0057046645
2.523139e-07,-0.005675224
2.524139e-07,-0.0056500919
2.525139e-07,-0.0056386029
2.526139e-07,-0.0056414752
2.527139e-07,-0.0056522461
2.528139e-07,-0.0056615809
2.529139e-07,-0.005663017
2.530139e-07,-0.0056558364
2.531139e-07,-0.0056450655
2.532139e-07,-0.0056386029
2.533139e-07,-0.0056407571
2.534139e-07,-0.005651528
2.535139e-07,-0.0056644531
2.536139e-07,-0.0056730699
2.537139e-07,-0.0056737879
2.538139e-07,-0.0056680434
2.539139e-07,-0.0056615809
2.540139e-07,-0.0056615809
2.541139e-07,-0.0056694795
2.542139e-07,-0.0056831227
2.543139e-07,-0.0056938936
2.544139e-07,-0.0056960478
2.545139e-07,-0.005686713
2.546139e-07,-0.0056694795
2.547139e-07,-0.0056544003
2.548139e-07,-0.0056500919
2.549139e-07,-0.0056601448
2.550139e-07,-0.0056816866
2.551139e-07,-0.0057046645
2.552139e-07,-0.0057190257
2.553139e-07,-0.0057175896
2.554139e-07,-0.0057003562
2.555139e-07,-0.005674506
2.556139e-07,-0.0056500919
2.557139e-07,-0.0056335765
2.558139e-07,-0.0056285501
2.559139e-07,-0.0056321404
2.560139e-07,-0.0056386029
2.561139e-07,-0.0056450655
2.562139e-07,-0.0056493739
2.563139e-07,-0.0056544003
2.564139e-07,-0.0056615809
2.565139e-07,-0.0056709157
2.566139e-07,-0.0056788143
2.567139e-07,-0.0056809685
2.568139e-07,-0.0056730699
2.569139e-07,-0.0056572725
2.570139e-07,-0.0056371668
2.571139e-07,-0.0056220875
2.572139e-07,-0.005615625
2.573139e-07,-0.0056184972
2.574139e-07,-0.0056263959
2.575139e-07,-0.0056307043
2.576139e-07,-0.005627114
2.577139e-07,-0.005615625
2.578139e-07,-0.0056026999
2.579139e-07,-0.0055969554
2.580139e-07,-0.005604136
2.581139e-07,-0.0056242417
2.582139e-07,-0.00565081
2.583139e-07,-0.0056737879
2.584139e-07,-0.0056845588
2.585139e-07,-0.0056809685
2.586139e-07,-0.0056680434
2.587139e-07,-0.0056551183
2.588139e-07,-0.0056500919
2.589139e-07,-0.0056536822
2.590139e-07,-0.0056622989
2.591139e-07,-0.0056666073
2.592139e-07,-0.0056615809
2.593139e-07,-0.0056472197
2.594139e-07,-0.0056314223
2.595139e-07,-0.0056256778
2.596139e-07,-0.0056386029
2.597139e-07,-0.0056709157
2.598139e-07,-0.0057125632
2.599139e-07,-0.0057484662
2.600139e-07,-0.0057649816
2.601139e-07,-0.005757083
2.602139e-07,-0.0057312328
2.603139e-07,-0.0057017923
2.604139e-07,-0.0056845588
2.605139e-07,-0.0056888672
2.606139e-07,-0.0057154354
2.607139e-07,-0.0057527746
2.608139e-07,-0.0057879596
2.609139e-07,-0.0058116556
2.610139e-07,-0.0058209903
2.611139e-07,-0.0058217084
2.612139e-07,-0.0058224265
2.613139e-07,-0.0058303251
2.614139e-07,-0.0058446864
2.615139e-07,-0.0058597656
2.616139e-07,-0.0058683824
2.617139e-07,-0.0058662282
2.618139e-07,-0.0058554573
2.619139e-07,-0.0058446864
2.620139e-07,-0.0058454044
2.621139e-07,-0.005864074
2.622139e-07,-0.005899259
2.623139e-07,-0.0059437787
2.624139e-07,-0.0059832721
2.625139e-07,-0.0060084042
2.626139e-07,-0.0060155848
2.627139e-07,-0.0060084042
2.628139e-07,-0.005994761
2.629139e-07,-0.0059847082
2.630139e-07,-0.0059839901
2.631139e-07,-0.0059926068
2.632139e-07,-0.00600625
2.633139e-07,-0.0060206112
2.634139e-07,-0.0060328182
2.635139e-07,-0.0060428711
2.636139e-07,-0.0060522059
2.637139e-07,-0.0060636949
2.638139e-07,-0.006077338
2.639139e-07,-0.0060924173
2.640139e-07,-0.0061096507
2.641139e-07,-0.0061276023
2.642139e-07,-0.006148426
2.643139e-07,-0.0061735581
2.644139e-07,-0.0062015625
2.645139e-07,-0.0062302849
2.646139e-07,-0.0062539809
2.647139e-07,-0.0062683421
2.648139e-07,-0.0062704963
2.649139e-07,-0.0062640338
2.650139e-07,-0.0062561351
2.651139e-07,-0.0062525448
2.652139e-07,-0.0062590074
2.653139e-07,-0.0062733686
2.654139e-07,-0.006289884
2.655139e-07,-0.006302091
2.656139e-07,-0.0063049632
2.657139e-07,-0.0063006549
2.658139e-07,-0.0062949104
2.659139e-07,-0.0062949104
2.660139e-07,-0.0063049632
2.661139e-07,-0.0063214786
2.662139e-07,-0.0063365579
2.663139e-07,-0.0063401482
2.664139e-07,-0.0063279412
2.665139e-07,-0.006302091
2.666139e-07,-0.0062726505
2.667139e-07,-0.0062518267
2.668139e-07,-0.0062475184
2.669139e-07,-0.0062590074
2.670139e-07,-0.006278395
2.671139e-07,-0.0062927562
2.672139e-07,-0.0062934743
2.673139e-07,-0.0062805492
2.674139e-07,-0.0062611615
2.675139e-07,-0.0062475184
2.676139e-07,-0.0062475184
2.677139e-07,-0.0062625977
2.678139e-07,-0.0062827034
2.679139e-07,-0.0062970646
2.680139e-07,-0.0062934743
2.681139e-07,-0.0062719324
2.682139e-07,-0.0062403378
2.683139e-07,-0.0062130515
2.684139e-07,-0.0062015625
2.685139e-07,-0.006208025
2.686139e-07,-0.0062252585
2.687139e-07,-0.0062389017
2.688139e-07,-0.0062360294
2.689139e-07,-0.0062137695
2.690139e-07,-0.0061785846
2.691139e-07,-0.0061469899
2.692139e-07,-0.0061326287
2.693139e-07,-0.0061426815
2.694139e-07,-0.006172122
2.695139e-07,-0.0062051528
2.696139e-07,-0.0062245404
2.697139e-07,-0.0062202321
2.698139e-07,-0.0061936638
2.699139e-07,-0.0061556066
2.700139e-07,-0.0061211397
2.701139e-07,-0.006101034
2.702139e-07,-0.0060981618
2.703139e-07,-0.0061046243
2.704139e-07,-0.0061096507
2.705139e-07,-0.0061053424
2.706139e-07,-0.006089545
2.707139e-07,-0.0060687213
2.708139e-07,-0.0060522059
2.709139e-07,-0.0060464614
2.710139e-07,-0.0060514878
2.711139e-07,-0.0060601045
2.712139e-07,-0.0060636949
2.713139e-07,-0.0060572323
2.714139e-07,-0.0060399989
2.715139e-07,-0.0060206112
2.716139e-07,-0.00600625
2.717139e-07,-0.0060026597
2.718139e-07,-0.0060091222
2.719139e-07,-0.0060170209
2.720139e-07,-0.006017739
2.721139e-07,-0.00600625
2.722139e-07,-0.0059847082
2.723139e-07,-0.0059617302
2.724139e-07,-0.0059488051
2.725139e-07,-0.0059531135
2.726139e-07,-0.0059739373
2.727139e-07,-0.0060033778
2.728139e-07,-0.0060292279
2.729139e-07,-0.0060399989
2.730139e-07,-0.0060313821
2.731139e-07,-0.0060055319
2.732139e-07,-0.0059717831
2.733139e-07,-0.0059387523
2.734139e-07,-0.0059136202
2.735139e-07,-0.0058978228
2.736139e-07,-0.0058913603
2.737139e-07,-0.0058906422
2.738139e-07,-0.0058949506
2.739139e-07,-0.0059028493
2.740139e-07,-0.0059143382
2.741139e-07,-0.0059279814
2.742139e-07,-0.0059387523
2.743139e-07,-0.0059430607
2.744139e-07,-0.0059373162
2.745139e-07,-0.0059222369
2.746139e-07,-0.0059028493
2.747139e-07,-0.0058870519
2.748139e-07,-0.0058798713
2.749139e-07,-0.0058827436
2.750139e-07,-0.0058927964
2.751139e-07,-0.0059014131
2.752139e-07,-0.0059028493
2.753139e-07,-0.0058956687
2.754139e-07,-0.0058827436
2.755139e-07,-0.0058712546
2.756139e-07,-0.0058683824
2.757139e-07,-0.0058777171
2.758139e-07,-0.0058963867
2.759139e-07,-0.0059179285
2.760139e-07,-0.0059373162
2.761139e-07,-0.0059495232
2.762139e-07,-0.0059567038
2.763139e-07,-0.0059624483
2.764139e-07,-0.0059717831
2.765139e-07,-0.0059861443
2.766139e-07,-0.0060033778
2.767139e-07,-0.0060191751
2.768139e-07,-0.0060292279
2.769139e-07,-0.0060328182
2.770139e-07,-0.0060328182
2.771139e-07,-0.0060342544
2.772139e-07,-0.0060407169
2.773139e-07,-0.0060514878
2.774139e-07,-0.0060622587
2.775139e-07,-0.0060672852
2.776139e-07,-0.0060636949
2.777139e-07,-0.0060529239
2.778139e-07,-0.006041435
2.779139e-07,-0.0060356905
2.780139e-07,-0.0060407169
2.781139e-07,-0.0060543601
2.782139e-07,-0.0060694393
2.783139e-07,-0.0060780561
2.784139e-07,-0.0060751838
2.785139e-07,-0.0060629768
2.786139e-07,-0.0060486156
2.787139e-07,-0.0060428711
2.788139e-07,-0.0060522059
2.789139e-07,-0.0060744658
2.790139e-07,-0.006101034
2.791139e-07,-0.0061197036
2.792139e-07,-0.0061211397
2.793139e-07,-0.0061046243
2.794139e-07,-0.0060780561
2.795139e-07,-0.006053642
2.796139e-07,-0.0060407169
2.797139e-07,-0.006042153
2.798139e-07,-0.0060522059
2.799139e-07,-0.0060579504
2.800139e-07,-0.0060522059
2.801139e-07,-0.0060328182
2.802139e-07,-0.0060084042
2.803139e-07,-0.0059918888
2.804139e-07,-0.005994761
2.805139e-07,-0.0060198932
2.806139e-07,-0.0060579504
2.807139e-07,-0.0060938534
2.808139e-07,-0.0061096507
2.809139e-07,-0.0060981618
2.810139e-07,-0.0060636949
2.811139e-07,-0.0060198932
2.812139e-07,-0.0059832721
2.813139e-07,-0.0059667567
2.814139e-07,-0.0059732192
2.815139e-07,-0.005994761
2.816139e-07,-0.006017739
2.817139e-07,-0.0060313821
2.818139e-07,-0.0060313821
2.819139e-07,-0.0060206112
2.820139e-07,-0.00600625
2.821139e-07,-0.005994761
2.822139e-07,-0.0059890165
2.823139e-07,-0.0059868624
2.824139e-07,-0.0059832721
2.825139e-07,-0.0059753734
2.826139e-07,-0.0059646025
2.827139e-07,-0.0059538316
2.828139e-07,-0.0059488051
2.829139e-07,-0.0059502413
2.830139e-07,-0.0059567038
2.831139e-07,-0.0059610122
2.832139e-07,-0.0059602941
2.833139e-07,-0.0059516774
2.834139e-07,-0.0059394704
2.835139e-07,-0.0059294175
2.836139e-07,-0.0059258272
2.837139e-07,-0.0059301356
2.838139e-07,-0.0059373162
2.839139e-07,-0.0059416245
2.840139e-07,-0.0059373162
2.841139e-07,-0.0059258272
2.842139e-07,-0.0059129021
2.843139e-07,-0.0059071576
2.844139e-07,-0.0059143382
2.845139e-07,-0.0059330078
2.846139e-07,-0.0059559858
2.847139e-07,-0.0059717831
2.848139e-07,-0.0059717831
2.849139e-07,-0.0059559858
2.850139e-07,-0.0059308536
2.851139e-07,-0.0059100299
2.852139e-07,-0.0059028493
2.853139e-07,-0.005911466
2.854139e-07,-0.0059301356
2.855139e-07,-0.0059459329
2.856139e-07,-0.0059488051
2.857139e-07,-0.0059344439
2.858139e-07,-0.0059085937
2.859139e-07,-0.0058827436
2.860139e-07,-0.0058683824
2.861139e-07,-0.0058705365
2.862139e-07,-0.0058848977
2.863139e-07,-0.005899259
2.864139e-07,-0.0059028493
2.865139e-07,-0.0058892061
2.866139e-07,-0.0058619198
2.867139e-07,-0.0058317613
2.868139e-07,-0.0058109375
2.869139e-07,-0.0058066291
2.870139e-07,-0.0058181181
2.871139e-07,-0.0058346335
2.872139e-07,-0.0058454044
2.873139e-07,-0.0058418141
2.874139e-07,-0.0058245807
2.875139e-07,-0.0057994485
2.876139e-07,-0.0057764706
2.877139e-07,-0.0057628274
2.878139e-07,-0.0057585191
2.879139e-07,-0.005757801
2.880139e-07,-0.0057534926
2.881139e-07,-0.0057398495
2.882139e-07,-0.0057190257
2.883139e-07,-0.005698202
2.884139e-07,-0.0056845588
2.885139e-07,-0.0056838408
2.886139e-07,-0.0056946117
2.887139e-07,-0.0057089729
2.888139e-07,-0.0057190257
2.889139e-07,-0.0057183077
2.890139e-07,-0.0057061006
2.891139e-07,-0.0056888672
2.892139e-07,-0.0056730699
2.893139e-07,-0.0056651712
2.894139e-07,-0.0056651712
2.895139e-07,-0.0056694795
2.896139e-07,-0.0056730699
2.897139e-07,-0.0056730699
2.898139e-07,-0.0056716337
2.899139e-07,-0.0056737879
2.900139e-07,-0.0056845588
2.901139e-07,-0.0057046645
2.902139e-07,-0.0057290786
2.903139e-07,-0.0057484662
2.904139e-07,-0.0057534926
2.905139e-07,-0.0057412856
2.906139e-07,-0.0057147174
2.907139e-07,-0.0056838408
2.908139e-07,-0.0056615809
2.909139e-07,-0.0056551183
2.910139e-07,-0.0056658892
2.911139e-07,-0.005686713
2.912139e-07,-0.0057075368
2.913139e-07,-0.0057190257
2.914139e-07,-0.0057168716
2.915139e-07,-0.0057032284
2.916139e-07,-0.0056845588
2.917139e-07,-0.0056673254
2.918139e-07,-0.0056544003
2.919139e-07,-0.0056457835
2.920139e-07,-0.0056386029
2.921139e-07,-0.0056299862
2.922139e-07,-0.0056199334
2.923139e-07,-0.0056098805
2.924139e-07,-0.005604136
2.925139e-07,-0.005603418
2.926139e-07,-0.0056077263
2.927139e-07,-0.0056127528
2.928139e-07,-0.005615625
2.929139e-07,-0.0056134708
2.930139e-07,-0.0056084444
2.931139e-07,-0.005604136
2.932139e-07,-0.005604136
2.933139e-07,-0.0056105986
2.934139e-07,-0.0056220875
2.935139e-07,-0.0056328585
2.936139e-07,-0.0056386029
2.937139e-07,-0.0056357307
2.938139e-07,-0.0056256778
2.939139e-07,-0.0056134708
2.940139e-07,-0.005604136
2.941139e-07,-0.0056012638
2.942139e-07,-0.005604136
2.943139e-07,-0.0056098805
2.944139e-07,-0.005615625
2.945139e-07,-0.0056184972
2.946139e-07,-0.0056184972
2.947139e-07,-0.0056206514
2.948139e-07,-0.005627114
2.949139e-07,-0.0056400391
2.950139e-07,-0.0056565545
2.951139e-07,-0.0056730699
2.952139e-07,-0.0056845588
2.953139e-07,-0.0056881491
2.954139e-07,-0.0056845588
2.955139e-07,-0.0056780963
2.956139e-07,-0.0056730699
2.957139e-07,-0.0056716337
2.958139e-07,-0.005674506
2.959139e-07,-0.0056795324
2.960139e-07,-0.0056845588
2.961139e-07,-0.0056888672
2.962139e-07,-0.0056938936
2.963139e-07,-0.0057032284
2.964139e-07,-0.0057190257
2.965139e-07,-0.0057398495
2.966139e-07,-0.0057621094
2.967139e-07,-0.0057800609
2.968139e-07,-0.0057879596
2.969139e-07,-0.0057850873
2.970139e-07,-0.0057743164
2.971139e-07,-0.0057613913
2.972139e-07,-0.0057534926
2.973139e-07,-0.0057534926
2.974139e-07,-0.0057621094
2.975139e-07,-0.0057750345
2.976139e-07,-0.0057879596
2.977139e-07,-0.0057980124
2.978139e-07,-0.0058059111
2.979139e-07,-0.0058130917
2.980139e-07,-0.0058224265
2.981139e-07,-0.0058339154
2.982139e-07,-0.0058461225
2.983139e-07,-0.0058547392
2.984139e-07,-0.0058568934
2.985139e-07,-0.005851867
2.986139e-07,-0.0058418141
2.987139e-07,-0.0058310432
2.988139e-07,-0.0058224265
2.989139e-07,-0.0058174
2.990139e-07,-0.0058145278
2.991139e-07,-0.0058095014
2.992139e-07,-0.0057994485
2.993139e-07,-0.0057850873
2.994139e-07,-0.00576929
2.995139e-07,-0.005757083
2.996139e-07,-0.0057534926
2.997139e-07,-0.005757801
2.998139e-07,-0.0057649816
2.999139e-07,-0.00576929
3.000139e-07,-0.0057649816
3.001139e-07,-0.0057491843
3.002139e-07,-0.0057240522
3.003139e-07,-0.0056967659
3.004139e-07,-0.0056730699
3.005139e-07,-0.0056572725
3.006139e-07,-0.00565081
3.007139e-07,-0.0056493739
3.008139e-07,-0.0056500919
3.009139e-07,-0.00565081
3.010139e-07,-0.0056500919
3.011139e-07,-0.0056500919
3.012139e-07,-0.0056500919
3.013139e-07,-0.0056486558
3.014139e-07,-0.0056421932
3.015139e-07,-0.005627114
3.016139e-07,-0.005604136
3.017139e-07,-0.0055761317
3.018139e-07,-0.0055488454
3.019139e-07,-0.0055301758
3.020139e-07,-0.0055237132
3.021139e-07,-0.0055273035
3.022139e-07,-0.0055352022
3.023139e-07,-0.0055395106
3.024139e-07,-0.0055352022
3.025139e-07,-0.0055229952
3.026139e-07,-0.005508634
3.027139e-07,-0.0054992992
3.028139e-07,-0.0055007353
3.029139e-07,-0.0055122243
3.030139e-07,-0.0055287397
3.031139e-07,-0.0055423828
3.032139e-07,-0.0055466912
3.033139e-07,-0.0055416648
3.034139e-07,-0.005533048
3.035139e-07,-0.0055294577
3.036139e-07,-0.0055352022
3.037139e-07,-0.0055509995
3.038139e-07,-0.0055696691
3.039139e-07,-0.0055818761
3.040139e-07,-0.0055811581
3.041139e-07,-0.0055675149
3.042139e-07,-0.0055474092
3.043139e-07,-0.0055337661
3.044139e-07,-0.0055352022
3.045139e-07,-0.0055538718
3.046139e-07,-0.0055840303
3.047139e-07,-0.0056127528
3.048139e-07,-0.005627114
3.049139e-07,-0.0056213695
3.050139e-07,-0.0055976735
3.051139e-07,-0.0055646427
3.052139e-07,-0.0055352022
3.053139e-07,-0.0055172507
3.054139e-07,-0.0055122243
3.055139e-07,-0.0055165326
3.056139e-07,-0.0055237132
3.057139e-07,-0.0055280216
3.058139e-07,-0.0055301758
3.059139e-07,-0.0055308938
3.060139e-07,-0.0055352022
3.061139e-07,-0.0055423828
3.062139e-07,-0.0055481273
3.063139e-07,-0.0055474092
3.064139e-07,-0.0055352022
3.065139e-07,-0.0055115062
3.066139e-07,-0.0054827838
3.067139e-07,-0.0054569336
3.068139e-07,-0.0054432904
3.069139e-07,-0.0054432904
3.070139e-07,-0.0054540614
3.071139e-07,-0.0054684226
3.072139e-07,-0.0054777574
3.073139e-07,-0.0054806296
3.074139e-07,-0.0054791935
3.075139e-07,-0.0054806296
3.076139e-07,-0.0054892463
3.077139e-07,-0.0055043256
3.078139e-07,-0.0055194049
3.079139e-07,-0.0055244313
3.080139e-07,-0.0055122243
3.081139e-07,-0.0054835018
3.082139e-07,-0.0054454446
3.083139e-07,-0.0054124138
3.084139e-07,-0.0053973346
3.085139e-07,-0.0054052332
3.086139e-07,-0.0054332376
3.087139e-07,-0.0054691406
3.088139e-07,-0.0055007353
3.089139e-07,-0.0055194049
3.090139e-07,-0.0055229952
3.091139e-07,-0.0055179687
3.092139e-07,-0.0055122243
3.093139e-07,-0.0055100701
3.094139e-07,-0.0055115062
3.095139e-07,-0.0055107881
3.096139e-07,-0.0055007353
3.097139e-07,-0.0054799115
3.098139e-07,-0.0054519072
3.099139e-07,-0.0054253389
3.100139e-07,-0.0054088235
3.101139e-07,-0.0054073874
3.102139e-07,-0.0054181583
3.103139e-07,-0.0054332376
3.104139e-07,-0.0054432904
3.105139e-07,-0.0054425724
3.106139e-07,-0.0054318015
3.107139e-07,-0.0054174403
3.108139e-07,-0.0054088235
3.109139e-07,-0.0054102597
3.110139e-07,-0.0054210306
3.111139e-07,-0.0054346737
3.112139e-07,-0.0054432904
3.113139e-07,-0.0054404182
3.114139e-07,-0.005426057
3.115139e-07,-0.0054052332
3.116139e-07,-0.0053858456
3.117139e-07,-0.0053743566
3.118139e-07,-0.0053729205
3.119139e-07,-0.0053779469
3.120139e-07,-0.0053858456
3.121139e-07,-0.0053923081
3.122139e-07,-0.0053966165
3.123139e-07,-0.0054016429
3.124139e-07,-0.0054088235
3.125139e-07,-0.0054188764
3.126139e-07,-0.0054289292
3.127139e-07,-0.0054339557
3.128139e-07,-0.0054318015
3.129139e-07,-0.0054217486
3.130139e-07,-0.0054088235
3.131139e-07,-0.0053987707
3.132139e-07,-0.0053973346
3.133139e-07,-0.0054059513
3.134139e-07,-0.0054203125
3.135139e-07,-0.0054346737
3.136139e-07,-0.0054432904
3.137139e-07,-0.0054447266
3.138139e-07,-0.0054432904
3.139139e-07,-0.0054454446
3.140139e-07,-0.0054547794
3.141139e-07,-0.0054720129
3.142139e-07,-0.0054906824
3.143139e-07,-0.0055021714
3.144139e-07,-0.0055007353
3.145139e-07,-0.005484938
3.146139e-07,-0.00546196
3.147139e-07,-0.0054411363
3.148139e-07,-0.0054318015
3.149139e-07,-0.005438264
3.150139e-07,-0.0054562155
3.151139e-07,-0.0054763212
3.152139e-07,-0.0054892463
3.153139e-07,-0.0054892463
3.154139e-07,-0.0054784754
3.155139e-07,-0.0054641142
3.156139e-07,-0.0054547794
3.157139e-07,-0.0054540614
3.158139e-07,-0.005461242
3.159139e-07,-0.0054677045
3.160139e-07,-0.0054662684
3.161139e-07,-0.0054519072
3.162139e-07,-0.005426775
3.163139e-07,-0.0053980526
3.164139e-07,-0.0053743566
3.165139e-07,-0.0053614315
3.166139e-07,-0.0053607135
3.167139e-07,-0.005367176
3.168139e-07,-0.0053743566
3.169139e-07,-0.005379383
3.170139e-07,-0.0053836914
3.171139e-07,-0.0053915901
3.172139e-07,-0.0054088235
3.173139e-07,-0.0054361098
3.174139e-07,-0.0054684226
3.175139e-07,-0.005497145
3.176139e-07,-0.0055122243
3.177139e-07,-0.005508634
3.178139e-07,-0.0054870921
3.179139e-07,-0.0054576517
3.180139e-07,-0.0054318015
3.181139e-07,-0.0054188764
3.182139e-07,-0.0054239028
3.183139e-07,-0.0054425724
3.184139e-07,-0.0054662684
3.185139e-07,-0.0054863741
3.186139e-07,-0.005497145
3.187139e-07,-0.005497145
3.188139e-07,-0.0054892463
3.189139e-07,-0.0054777574
3.190139e-07,-0.0054677045
3.191139e-07,-0.0054598058
3.192139e-07,-0.0054547794
3.193139e-07,-0.0054519072
3.194139e-07,-0.0054511891
3.195139e-07,-0.0054519072
3.196139e-07,-0.0054547794
3.197139e-07,-0.0054576517
3.198139e-07,-0.0054590878
3.199139e-07,-0.0054547794
3.200139e-07,-0.0054432904
3.201139e-07,-0.005426775
3.202139e-07,-0.0054081055
3.203139e-07,-0.0053937443
3.204139e-07,-0.0053858456
3.205139e-07,-0.0053851275
3.206139e-07,-0.0053879998
3.207139e-07,-0.005390154
3.208139e-07,-0.0053858456
3.209139e-07,-0.0053750747
3.210139e-07,-0.0053614315
3.211139e-07,-0.0053477884
3.212139e-07,-0.0053398897
3.213139e-07,-0.0053384536
3.214139e-07,-0.0053406078
3.215139e-07,-0.0053420439
3.216139e-07,-0.0053398897
3.217139e-07,-0.0053334272
3.218139e-07,-0.0053269646
3.219139e-07,-0.0053240924
3.220139e-07,-0.0053284007
3.221139e-07,-0.0053398897
3.222139e-07,-0.0053542509
3.223139e-07,-0.0053635857
3.224139e-07,-0.0053628676
3.225139e-07,-0.0053506606
3.226139e-07,-0.005331273
3.227139e-07,-0.0053097312
3.228139e-07,-0.0052939338
3.229139e-07,-0.0052853171
3.230139e-07,-0.0052810087
3.231139e-07,-0.0052781365
3.232139e-07,-0.0052709559
3.233139e-07,-0.0052594669
3.234139e-07,-0.0052479779
3.235139e-07,-0.0052429515
3.236139e-07,-0.0052479779
3.237139e-07,-0.0052644933
3.238139e-07,-0.0052867532
3.239139e-07,-0.0053068589
3.240139e-07,-0.0053169118
3.241139e-07,-0.0053133215
3.242139e-07,-0.0052989602
3.243139e-07,-0.0052824449
3.244139e-07,-0.0052709559
3.245139e-07,-0.0052695198
3.246139e-07,-0.0052767004
3.247139e-07,-0.0052874713
3.248139e-07,-0.0052939338
3.249139e-07,-0.0052924977
3.250139e-07,-0.005284599
3.251139e-07,-0.0052752642
3.252139e-07,-0.0052709559
3.253139e-07,-0.0052759823
3.254139e-07,-0.0052896255
3.255139e-07,-0.0053061409
3.256139e-07,-0.0053169118
3.257139e-07,-0.0053169118
3.258139e-07,-0.0053039867
3.259139e-07,-0.0052824449
3.260139e-07,-0.0052594669
3.261139e-07,-0.0052407973
3.262139e-07,-0.0052314625
3.263139e-07,-0.0052300264
3.264139e-07,-0.005236489
3.265139e-07,-0.0052472599
3.266139e-07,-0.005260903
3.267139e-07,-0.0052767004
3.268139e-07,-0.0052939338
3.269139e-07,-0.0053118853
3.270139e-07,-0.0053269646
3.271139e-07,-0.0053370175
3.272139e-07,-0.0053398897
3.273139e-07,-0.0053370175
3.274139e-07,-0.005331273
3.275139e-07,-0.0053276827
3.276139e-07,-0.0053284007
3.277139e-07,-0.005331991
3.278139e-07,-0.0053362994
3.279139e-07,-0.0053355813
3.280139e-07,-0.0053284007
3.281139e-07,-0.0053176298
3.282139e-07,-0.005307577
3.283139e-07,-0.0053068589
3.284139e-07,-0.0053169118
3.285139e-07,-0.0053377355
3.286139e-07,-0.0053614315
3.287139e-07,-0.005379383
3.288139e-07,-0.0053858456
3.289139e-07,-0.005378665
3.290139e-07,-0.0053635857
3.291139e-07,-0.0053477884
3.292139e-07,-0.0053398897
3.293139e-07,-0.0053427619
3.294139e-07,-0.0053535329
3.295139e-07,-0.005366458
3.296139e-07,-0.0053743566
3.297139e-07,-0.0053757927
3.298139e-07,-0.0053729205
3.299139e-07,-0.0053707663
3.300139e-07,-0.0053743566
3.301139e-07,-0.0053851275
3.302139e-07,-0.0053987707
3.303139e-07,-0.0054088235
3.304139e-07,-0.0054088235
3.305139e-07,-0.0053980526
3.306139e-07,-0.0053801011
3.307139e-07,-0.0053621496
3.308139e-07,-0.0053513787
3.309139e-07,-0.0053499426
3.310139e-07,-0.005354969
3.311139e-07,-0.0053614315
3.312139e-07,-0.0053628676
3.313139e-07,-0.0053585593
3.314139e-07,-0.0053506606
3.315139e-07,-0.0053470703
3.316139e-07,-0.0053513787
3.317139e-07,-0.0053650218
3.318139e-07,-0.0053822553
3.319139e-07,-0.0053951804
3.320139e-07,-0.0053973346
3.321139e-07,-0.0053872817
3.322139e-07,-0.0053686121
3.323139e-07,-0.0053499426
3.324139e-07,-0.0053398897
3.325139e-07,-0.0053406078
3.326139e-07,-0.0053499426
3.327139e-07,-0.0053592773
3.328139e-07,-0.0053628676
3.329139e-07,-0.0053571232
3.330139e-07,-0.0053441981
3.331139e-07,-0.0053327091
3.332139e-07,-0.0053284007
3.333139e-07,-0.0053341452
3.334139e-07,-0.0053463523
3.335139e-07,-0.0053585593
3.336139e-07,-0.0053628676
3.337139e-07,-0.0053564051
3.338139e-07,-0.0053420439
3.339139e-07,-0.0053262466
3.340139e-07,-0.0053169118
3.341139e-07,-0.0053161937
3.342139e-07,-0.0053219382
3.343139e-07,-0.0053276827
3.344139e-07,-0.0053284007
3.345139e-07,-0.0053219382
3.346139e-07,-0.0053118853
3.347139e-07,-0.0053039867
3.348139e-07,-0.0053054228
3.349139e-07,-0.0053161937
3.350139e-07,-0.0053305549
3.351139e-07,-0.0053413258
3.352139e-07,-0.0053398897
3.353139e-07,-0.0053248104
3.354139e-07,-0.0053003964
3.355139e-07,-0.0052759823
3.356139e-07,-0.0052594669
3.357139e-07,-0.0052558766
3.358139e-07,-0.0052630572
3.359139e-07,-0.0052745462
3.360139e-07,-0.0052824449
3.361139e-07,-0.005284599
3.362139e-07,-0.005283881
3.363139e-07,-0.0052853171
3.364139e-07,-0.0052939338
3.365139e-07,-0.0053104492
3.366139e-07,-0.0053291188
3.367139e-07,-0.0053413258
3.368139e-07,-0.0053398897
3.369139e-07,-0.0053226563
3.370139e-07,-0.0052946519
3.371139e-07,-0.0052666475
3.372139e-07,-0.0052479779
3.373139e-07,-0.0052429515
3.374139e-07,-0.0052479779
3.375139e-07,-0.0052565947
3.376139e-07,-0.0052594669
3.377139e-07,-0.0052537224
3.378139e-07,-0.0052415154
3.379139e-07,-0.0052300264
3.380139e-07,-0.005225
3.381139e-07,-0.0052300264
3.382139e-07,-0.0052400793
3.383139e-07,-0.005248696
3.384139e-07,-0.0052479779
3.385139e-07,-0.0052350528
3.386139e-07,-0.0052142291
3.387139e-07,-0.0051934053
3.388139e-07,-0.0051790441
3.389139e-07,-0.0051754538
3.390139e-07,-0.0051783261
3.391139e-07,-0.0051819164
3.392139e-07,-0.0051790441
3.393139e-07,-0.0051689913
3.394139e-07,-0.0051553481
3.395139e-07,-0.0051452953
3.396139e-07,-0.0051445772
3.397139e-07,-0.005153912
3.398139e-07,-0.005166119
3.399139e-07,-0.0051732996
3.400139e-07,-0.0051675551
3.401139e-07,-0.0051496036
3.402139e-07,-0.0051266257
3.403139e-07,-0.0051108284
3.404139e-07,-0.0051101103
3.405139e-07,-0.0051273437
3.406139e-07,-0.005153912
3.407139e-07,-0.0051790441
3.408139e-07,-0.0051905331
3.409139e-07,-0.0051840705
3.410139e-07,-0.005165401
3.411139e-07,-0.0051445772
3.412139e-07,-0.0051330882
3.413139e-07,-0.0051359605
3.414139e-07,-0.0051496036
3.415139e-07,-0.0051639648
3.416139e-07,-0.0051675551
3.417139e-07,-0.0051560662
3.418139e-07,-0.0051323702
3.419139e-07,-0.0051058019
3.420139e-07,-0.0050871324
3.421139e-07,-0.0050813879
3.422139e-07,-0.0050871324
3.423139e-07,-0.0050957491
3.424139e-07,-0.0050986213
3.425139e-07,-0.0050921588
3.426139e-07,-0.0050785156
3.427139e-07,-0.0050663086
3.428139e-07,-0.0050641544
3.429139e-07,-0.0050763614
3.430139e-07,-0.0050993394
3.431139e-07,-0.0051251896
3.432139e-07,-0.0051445772
3.433139e-07,-0.0051531939
3.434139e-07,-0.0051531939
3.435139e-07,-0.0051517578
3.436139e-07,-0.0051560662
3.437139e-07,-0.0051689913
3.438139e-07,-0.0051855067
3.439139e-07,-0.0051991498
3.440139e-07,-0.0052020221
3.441139e-07,-0.0051926873
3.442139e-07,-0.0051754538
3.443139e-07,-0.0051603745
3.444139e-07,-0.0051560662
3.445139e-07,-0.0051646829
3.446139e-07,-0.0051804802
3.447139e-07,-0.0051962776
3.448139e-07,-0.0052020221
3.449139e-07,-0.0051962776
3.450139e-07,-0.0051833525
3.451139e-07,-0.0051711455
3.452139e-07,-0.0051675551
3.453139e-07,-0.0051725816
3.454139e-07,-0.0051804802
3.455139e-07,-0.0051811983
3.456139e-07,-0.0051675551
3.457139e-07,-0.0051395508
3.458139e-07,-0.0051050839
3.459139e-07,-0.0050763614
3.460139e-07,-0.0050641544
3.461139e-07,-0.0050691808
3.462139e-07,-0.005082824
3.463139e-07,-0.0050928768
3.464139e-07,-0.0050871324
3.465139e-07,-0.0050634364
3.466139e-07,-0.0050275333
3.467139e-07,-0.0049930664
3.468139e-07,-0.0049722426
3.469139e-07,-0.0049700885
3.470139e-07,-0.0049815774
3.471139e-07,-0.0049973748
3.472139e-07,-0.0050067096
3.473139e-07,-0.0050059915
3.474139e-07,-0.004999529
3.475139e-07,-0.0049973748
3.476139e-07,-0.0050067096
3.477139e-07,-0.0050296875
3.478139e-07,-0.0050576919
3.479139e-07,-0.0050799517
3.480139e-07,-0.0050871324
3.481139e-07,-0.0050777976
3.482139e-07,-0.0050605641
3.483139e-07,-0.0050490751
3.484139e-07,-0.0050526654
3.485139e-07,-0.0050734892
3.486139e-07,-0.0051029297
3.487139e-07,-0.0051266257
3.488139e-07,-0.0051330882
3.489139e-07,-0.0051201631
3.490139e-07,-0.0050979033
3.491139e-07,-0.0050821059
3.492139e-07,-0.0050871324
3.493139e-07,-0.0051165728
3.494139e-07,-0.0051610926
3.495139e-07,-0.0052027401
3.496139e-07,-0.005225
3.497139e-07,-0.0052192555
3.498139e-07,-0.005189815
3.499139e-07,-0.0051517578
3.500139e-07,-0.0051215993
3.501139e-07,-0.0051086742
3.502139e-07,-0.0051108284
3.503139e-07,-0.0051194451
3.504139e-07,-0.0051215993
3.505139e-07,-0.0051129825
3.506139e-07,-0.0050993394
3.507139e-07,-0.0050907227
3.508139e-07,-0.0050986213
3.509139e-07,-0.0051266257
3.510139e-07,-0.005166119
3.511139e-07,-0.0052005859
3.512139e-07,-0.005213511
3.513139e-07,-0.0051977137
3.514139e-07,-0.0051589384
3.515139e-07,-0.0051122645
3.516139e-07,-0.0050756434
3.517139e-07,-0.005059846
3.518139e-07,-0.0050648725
3.519139e-07,-0.0050785156
3.520139e-07,-0.0050871324
3.521139e-07,-0.0050799517
3.522139e-07,-0.0050576919
3.523139e-07,-0.0050289694
3.524139e-07,-0.0050067096
3.525139e-07,-0.005000247
3.526139e-07,-0.0050095818
3.527139e-07,-0.0050275333
3.528139e-07,-0.0050411765
3.529139e-07,-0.0050433307
3.530139e-07,-0.0050339959
3.531139e-07,-0.0050181985
3.532139e-07,-0.0050067096
3.533139e-07,-0.0050045554
3.534139e-07,-0.0050102999
3.535139e-07,-0.0050174805
3.536139e-07,-0.0050181985
3.537139e-07,-0.0050095818
3.538139e-07,-0.0049952206
3.539139e-07,-0.0049837316
3.540139e-07,-0.0049837316
3.541139e-07,-0.0049973748
3.542139e-07,-0.0050210708
3.543139e-07,-0.0050426126
3.544139e-07,-0.0050526654
3.545139e-07,-0.0050462029
3.546139e-07,-0.0050275333
3.547139e-07,-0.0050067096
3.548139e-07,-0.0049952206
3.549139e-07,-0.0049973748
3.550139e-07,-0.0050102999
3.551139e-07,-0.005023943
3.552139e-07,-0.0050296875
3.553139e-07,-0.005023225
3.554139e-07,-0.0050081457
3.555139e-07,-0.0049952206
3.556139e-07,-0.0049952206
3.557139e-07,-0.005011736
3.558139e-07,-0.0050397403
3.559139e-07,-0.0050691808
3.560139e-07,-0.0050871324
3.561139e-07,-0.0050878504
3.562139e-07,-0.0050742073
3.563139e-07,-0.0050548196
3.564139e-07,-0.0050411765
3.565139e-07,-0.0050390223
3.566139e-07,-0.005046921
3.567139e-07,-0.0050584099
3.568139e-07,-0.0050641544
3.569139e-07,-0.0050605641
3.570139e-07,-0.0050505113
3.571139e-07,-0.0050411765
3.572139e-07,-0.0050411765
3.573139e-07,-0.0050526654
3.574139e-07,-0.0050720531
3.575139e-07,-0.0050900046
3.576139e-07,-0.0050986213
3.577139e-07,-0.0050935949
3.578139e-07,-0.0050785156
3.579139e-07,-0.0050627183
3.580139e-07,-0.0050526654
3.581139e-07,-0.0050519474
3.582139e-07,-0.0050562557
3.583139e-07,-0.0050584099
3.584139e-07,-0.0050526654
3.585139e-07,-0.0050383042
3.586139e-07,-0.0050225069
3.587139e-07,-0.0050131721
3.588139e-07,-0.0050181985
3.589139e-07,-0.005035432
3.590139e-07,-0.0050569738
3.591139e-07,-0.0050691808
3.592139e-07,-0.0050641544
3.593139e-07,-0.0050404584
3.594139e-07,-0.0050074276
3.595139e-07,-0.0049772691
3.596139e-07,-0.0049607537
3.597139e-07,-0.0049607537
3.598139e-07,-0.0049700885
3.599139e-07,-0.0049772691
3.600139e-07,-0.0049722426
3.601139e-07,-0.0049542911
3.602139e-07,-0.0049320312
3.603139e-07,-0.0049198242
3.604139e-07,-0.0049262868
3.605139e-07,-0.0049535731
3.606139e-07,-0.0049901942
3.607139e-07,-0.0050203527
3.608139e-07,-0.0050296875
3.609139e-07,-0.0050138902
3.610139e-07,-0.0049815774
3.611139e-07,-0.0049471105
3.612139e-07,-0.0049262868
3.613139e-07,-0.0049248506
3.614139e-07,-0.0049384938
3.615139e-07,-0.0049542911
3.616139e-07,-0.0049607537
3.617139e-07,-0.0049535731
3.618139e-07,-0.0049370577
3.619139e-07,-0.0049248506
3.620139e-07,-0.0049262868
3.621139e-07,-0.0049435202
3.622139e-07,-0.0049686523
3.623139e-07,-0.0049858858
3.624139e-07,-0.0049837316
3.625139e-07,-0.0049585995
3.626139e-07,-0.0049205423
3.627139e-07,-0.0048853573
3.628139e-07,-0.0048688419
3.629139e-07,-0.0048767406
3.630139e-07,-0.0049011546
3.631139e-07,-0.0049270048
3.632139e-07,-0.0049377757
3.633139e-07,-0.0049262868
3.634139e-07,-0.0048968463
3.635139e-07,-0.0048652516
3.636139e-07,-0.004845864
3.637139e-07,-0.0048473001
3.638139e-07,-0.0048666877
3.639139e-07,-0.0048896657
3.640139e-07,-0.0049033088
3.641139e-07,-0.0048982824
3.642139e-07,-0.0048781767
3.643139e-07,-0.0048523265
3.644139e-07,-0.004834375
3.645139e-07,-0.0048300666
3.646139e-07,-0.0048379653
3.647139e-07,-0.004845864
3.648139e-07,-0.004845864
3.649139e-07,-0.0048336569
3.650139e-07,-0.0048157054
3.651139e-07,-0.0048042165
3.652139e-07,-0.0048113971
3.653139e-07,-0.0048401195
3.654139e-07,-0.0048832031
3.655139e-07,-0.0049241326
3.656139e-07,-0.0049492647
3.657139e-07,-0.0049514189
3.658139e-07,-0.0049363396
3.659139e-07,-0.0049191062
3.660139e-07,-0.0049147978
3.661139e-07,-0.0049313132
3.662139e-07,-0.0049657801
3.663139e-07,-0.0050031193
3.664139e-07,-0.0050296875
3.665139e-07,-0.00503615
3.666139e-07,-0.0050246611
3.667139e-07,-0.0050059915
3.668139e-07,-0.0049952206
3.669139e-07,-0.004999529
3.670139e-07,-0.0050174805
3.671139e-07,-0.0050390223
3.672139e-07,-0.0050526654
3.673139e-07,-0.0050512293
3.674139e-07,-0.00503615
3.675139e-07,-0.0050181985
3.676139e-07,-0.0050067096
3.677139e-07,-0.0050074276
3.678139e-07,-0.0050181985
3.679139e-07,-0.0050289694
3.680139e-07,-0.0050296875
3.681139e-07,-0.0050174805
3.682139e-07,-0.0049966567
3.683139e-07,-0.0049779871
3.684139e-07,-0.0049722426
3.685139e-07,-0.0049822955
3.686139e-07,-0.0050024012
3.687139e-07,-0.0050181985
3.688139e-07,-0.0050181985
3.689139e-07,-0.0049973748
3.690139e-07,-0.0049614717
3.691139e-07,-0.0049255687
3.692139e-07,-0.0049033088
3.693139e-07,-0.0049025908
3.694139e-07,-0.0049205423
3.695139e-07,-0.0049442383
3.696139e-07,-0.0049607537
3.697139e-07,-0.0049621898
3.698139e-07,-0.0049507008
3.699139e-07,-0.0049384938
3.700139e-07,-0.0049377757
3.701139e-07,-0.0049557273
3.702139e-07,-0.0049894761
3.703139e-07,-0.0050268153
3.704139e-07,-0.0050526654
3.705139e-07,-0.0050569738
3.706139e-07,-0.0050404584
3.707139e-07,-0.005011736
3.708139e-07,-0.0049837316
3.709139e-07,-0.0049679343
3.710139e-07,-0.0049686523
3.711139e-07,-0.0049801413
3.712139e-07,-0.0049952206
3.713139e-07,-0.0050081457
3.714139e-07,-0.0050167624
3.715139e-07,-0.0050260972
3.716139e-07,-0.0050411765
3.717139e-07,-0.0050641544
3.718139e-07,-0.0050921588
3.719139e-07,-0.0051172909
3.720139e-07,-0.0051330882
3.721139e-07,-0.0051359605
3.722139e-07,-0.0051294979
3.723139e-07,-0.0051223173
3.724139e-07,-0.0051215993
3.725139e-07,-0.005130216
3.726139e-07,-0.0051438591
3.727139e-07,-0.0051546301
3.728139e-07,-0.0051560662
3.729139e-07,-0.0051467314
3.730139e-07,-0.0051330882
3.731139e-07,-0.0051259076
3.732139e-07,-0.0051330882
3.733139e-07,-0.0051575023
3.734139e-07,-0.0051912511
3.735139e-07,-0.0052221278
3.736139e-07,-0.005236489
3.737139e-07,-0.0052300264
3.738139e-07,-0.0052077665
3.739139e-07,-0.0051819164
3.740139e-07,-0.0051675551
3.741139e-07,-0.0051725816
3.742139e-07,-0.0051962776
3.743139e-07,-0.0052293084
3.744139e-07,-0.0052594669
3.745139e-07,-0.0052781365
3.746139e-07,-0.005284599
3.747139e-07,-0.0052824449
3.748139e-07,-0.0052824449
3.749139e-07,-0.0052896255
3.750139e-07,-0.0053032686
3.751139e-07,-0.0053190659
3.752139e-07,-0.0053284007
3.753139e-07,-0.0053269646
3.754139e-07,-0.0053147576
3.755139e-07,-0.0052975241
3.756139e-07,-0.0052824449
3.757139e-07,-0.0052745462
3.758139e-07,-0.0052738281
3.759139e-07,-0.0052774184
3.760139e-07,-0.0052824449
3.761139e-07,-0.0052874713
3.762139e-07,-0.0052939338
3.763139e-07,-0.0053068589
3.764139e-07,-0.0053284007
3.765139e-07,-0.005354969
3.766139e-07,-0.0053808192
3.767139e-07,-0.0053966165
3.768139e-07,-0.0053973346
3.769139e-07,-0.0053851275
3.770139e-07,-0.0053686121
3.771139e-07,-0.0053585593
3.772139e-07,-0.0053628676
3.773139e-07,-0.0053829733
3.774139e-07,-0.0054116958
3.775139e-07,-0.005438264
3.776139e-07,-0.0054547794
3.777139e-07,-0.0054583697
3.778139e-07,-0.0054554975
3.779139e-07,-0.0054562155
3.780139e-07,-0.0054662684
3.781139e-07,-0.0054870921
3.782139e-07,-0.0055107881
3.783139e-07,-0.0055258674
3.784139e-07,-0.0055237132
3.785139e-07,-0.0055050437
3.786139e-07,-0.0054784754
3.787139e-07,-0.0054576517
3.788139e-07,-0.0054547794
3.789139e-07,-0.0054720129
3.790139e-07,-0.0055021714
3.791139e-07,-0.0055316119
3.792139e-07,-0.0055466912
3.793139e-07,-0.0055438189
3.794139e-07,-0.0055287397
3.795139e-07,-0.0055136604
3.796139e-07,-0.0055122243
3.797139e-07,-0.0055280216
3.798139e-07,-0.005556026
3.799139e-07,-0.0055818761
3.800139e-07,-0.0055926471
3.801139e-07,-0.00558044
3.802139e-07,-0.0055502815
3.803139e-07,-0.0055150965
3.804139e-07,-0.0054892463
3.805139e-07,-0.0054827838
3.806139e-07,-0.0054949908
3.807139e-07,-0.0055165326
3.808139e-07,-0.0055352022
3.809139e-07,-0.0055423828
3.810139e-07,-0.0055373564
3.811139e-07,-0.0055273035
3.812139e-07,-0.0055237132
3.813139e-07,-0.00553233
3.814139e-07,-0.0055524357
3.815139e-07,-0.0055754136
3.816139e-07,-0.0055926471
3.817139e-07,-0.0055962374
3.818139e-07,-0.0055869026
3.819139e-07,-0.0055711052
3.820139e-07,-0.0055581801
3.821139e-07,-0.0055545898
3.822139e-07,-0.0055610524
3.823139e-07,-0.0055725414
3.824139e-07,-0.0055811581
3.825139e-07,-0.0055840303
3.826139e-07,-0.0055825942
3.827139e-07,-0.0055833123
3.828139e-07,-0.0055926471
3.829139e-07,-0.0056141889
3.830139e-07,-0.0056436294
3.831139e-07,-0.0056737879
3.832139e-07,-0.0056960478
3.833139e-07,-0.0057053826
3.834139e-07,-0.0057039465
3.835139e-07,-0.005698202
3.836139e-07,-0.0056960478
3.837139e-07,-0.0057025103
3.838139e-07,-0.0057154354
3.839139e-07,-0.0057305147
3.840139e-07,-0.0057420037
3.841139e-07,-0.0057491843
3.842139e-07,-0.0057549288
3.843139e-07,-0.0057664177
3.844139e-07,-0.0057879596
3.845139e-07,-0.0058188362
3.846139e-07,-0.0058511489
3.847139e-07,-0.0058741268
3.848139e-07,-0.0058798713
3.849139e-07,-0.0058662282
3.850139e-07,-0.0058418141
3.851139e-07,-0.0058188362
3.852139e-07,-0.0058109375
3.853139e-07,-0.0058238626
3.854139e-07,-0.0058533031
3.855139e-07,-0.00588777
3.856139e-07,-0.0059143382
3.857139e-07,-0.005923673
3.858139e-07,-0.0059150563
3.859139e-07,-0.0058971048
3.860139e-07,-0.0058798713
3.861139e-07,-0.0058726907
3.862139e-07,-0.0058777171
3.863139e-07,-0.0058899242
3.864139e-07,-0.0059028493
3.865139e-07,-0.0059093118
3.866139e-07,-0.0059078757
3.867139e-07,-0.0059006951
3.868139e-07,-0.0058913603
3.869139e-07,-0.0058834616
3.870139e-07,-0.005876281
3.871139e-07,-0.0058683824
3.872139e-07,-0.0058568934
3.873139e-07,-0.0058439683
3.874139e-07,-0.0058339154
3.875139e-07,-0.0058331974
3.876139e-07,-0.0058454044
3.877139e-07,-0.0058683824
3.878139e-07,-0.0058942325
3.879139e-07,-0.0059129021
3.880139e-07,-0.0059143382
3.881139e-07,-0.0058978228
3.882139e-07,-0.0058705365
3.883139e-07,-0.005841096
3.884139e-07,-0.0058224265
3.885139e-07,-0.0058181181
3.886139e-07,-0.0058260168
3.887139e-07,-0.0058375057
3.888139e-07,-0.0058454044
3.889139e-07,-0.0058454044
3.890139e-07,-0.005840378
3.891139e-07,-0.0058382238
3.892139e-07,-0.0058454044
3.893139e-07,-0.005864792
3.894139e-07,-0.0058906422
3.895139e-07,-0.0059143382
3.896139e-07,-0.0059258272
3.897139e-07,-0.0059215188
3.898139e-07,-0.0059057215
3.899139e-07,-0.00588777
3.900139e-07,-0.0058798713
3.901139e-07,-0.0058870519
3.902139e-07,-0.0059064396
3.903139e-07,-0.0059308536
3.904139e-07,-0.0059488051
3.905139e-07,-0.0059545496
3.906139e-07,-0.0059488051
3.907139e-07,-0.0059394704
3.908139e-07,-0.0059373162
3.909139e-07,-0.0059488051
3.910139e-07,-0.0059732192
3.911139e-07,-0.0060040958
3.912139e-07,-0.0060292279
3.913139e-07,-0.006041435
3.914139e-07,-0.0060371266
3.915139e-07,-0.0060227654
3.916139e-07,-0.00600625
3.917139e-07,-0.0059969152
3.918139e-07,-0.0059990694
3.919139e-07,-0.0060112764
3.920139e-07,-0.0060292279
3.921139e-07,-0.0060471795
3.922139e-07,-0.0060622587
3.923139e-07,-0.0060744658
3.924139e-07,-0.0060866728
3.925139e-07,-0.006101034
3.926139e-07,-0.0061182675
3.927139e-07,-0.0061333467
3.928139e-07,-0.0061441176
3.929139e-07,-0.0061469899
3.930139e-07,-0.0061419635
3.931139e-07,-0.0061319106
3.932139e-07,-0.0061211397
3.933139e-07,-0.006112523
3.934139e-07,-0.0061067785
3.935139e-07,-0.0061024701
3.936139e-07,-0.0060981618
3.937139e-07,-0.0060945715
3.938139e-07,-0.0060931353
3.939139e-07,-0.0060981618
3.940139e-07,-0.0061096507
3.941139e-07,-0.0061276023
3.942139e-07,-0.006148426
3.943139e-07,-0.0061670956
3.944139e-07,-0.0061785846
3.945139e-07,-0.006184329
3.946139e-07,-0.0061864832
3.947139e-07,-0.0061907916
3.948139e-07,-0.0062015625
3.949139e-07,-0.0062173598
3.950139e-07,-0.0062345933
3.951139e-07,-0.0062460823
3.952139e-07,-0.0062475184
3.953139e-07,-0.0062396197
3.954139e-07,-0.0062281307
3.955139e-07,-0.0062209501
3.956139e-07,-0.0062245404
3.957139e-07,-0.0062410558
3.958139e-07,-0.0062654699
3.959139e-07,-0.006289884
3.960139e-07,-0.0063049632
3.961139e-07,-0.0063071174
3.962139e-07,-0.0062977826
3.963139e-07,-0.0062827034
3.964139e-07,-0.0062704963
3.965139e-07,-0.0062654699
3.966139e-07,-0.0062683421
3.967139e-07,-0.0062755227
3.968139e-07,-0.0062819853
3.969139e-07,-0.0062848575
3.970139e-07,-0.0062855756
3.971139e-07,-0.0062870117
3.972139e-07,-0.0062934743
3.973139e-07,-0.0063056813
3.974139e-07,-0.0063200425
3.975139e-07,-0.0063329676
3.976139e-07,-0.0063394301
3.977139e-07,-0.006337276
3.978139e-07,-0.0063293773
3.979139e-07,-0.0063207606
3.980139e-07,-0.0063164522
3.981139e-07,-0.0063186064
3.982139e-07,-0.0063243509
3.983139e-07,-0.0063286592
3.984139e-07,-0.0063279412
3.985139e-07,-0.0063207606
3.986139e-07,-0.0063099897
3.987139e-07,-0.0063028091
3.988139e-07,-0.0063049632
3.989139e-07,-0.0063186064
3.990139e-07,-0.0063401482
3.991139e-07,-0.0063645623
3.992139e-07,-0.006385386
3.993139e-07,-0.0063990292
3.994139e-07,-0.0064069278
3.995139e-07,-0.0064126723
3.996139e-07,-0.0064198529
3.997139e-07,-0.0064291877
3.998139e-07,-0.0064370864
3.999139e-07,-0.0064392406
4.000139e-07,-0.0064313419
4.001139e-07,-0.0064155446
4.002139e-07,-0.0063975931
4.003139e-07,-0.0063889763
4.004139e-07,-0.006396875
4.005139e-07,-0.0064241613
4.006139e-07,-0.0064650908
4.007139e-07,-0.0065096105
4.008139e-07,-0.0065462316
4.009139e-07,-0.0065670554
4.010139e-07,-0.0065713637
4.011139e-07,-0.0065656193
4.012139e-07,-0.0065577206
4.013139e-07,-0.0065541303
4.014139e-07,-0.0065577206
4.015139e-07,-0.0065641831
4.016139e-07,-0.0065692096
4.017139e-07,-0.0065684915
4.018139e-07,-0.006562029
4.019139e-07,-0.0065526942
4.020139e-07,-0.0065462316
4.021139e-07,-0.0065462316
4.022139e-07,-0.0065526942
4.023139e-07,-0.006562029
4.024139e-07,-0.0065692096
4.025139e-07,-0.0065692096
4.026139e-07,-0.006562029
4.027139e-07,-0.0065491039
4.028139e-07,-0.0065347426
4.029139e-07,-0.0065225356
4.030139e-07,-0.0065132008
4.031139e-07,-0.0065060202
4.032139e-07,-0.0065002757
4.033139e-07,-0.0064945312
4.034139e-07,-0.0064895048
4.035139e-07,-0.0064880687
4.036139e-07,-0.0064887868
4.037139e-07,-0.006491659
4.038139e-07,-0.0064923771
4.039139e-07,-0.0064880687
4.040139e-07,-0.0064772978
4.041139e-07,-0.0064622185
4.042139e-07,-0.0064478573
4.043139e-07,-0.0064406767
4.044139e-07,-0.0064428309
4.045139e-07,-0.0064528837
4.046139e-07,-0.0064643727
4.047139e-07,-0.0064708352
4.048139e-07,-0.0064658088
4.049139e-07,-0.0064514476
4.050139e-07,-0.0064334961
4.051139e-07,-0.006420571
4.052139e-07,-0.0064198529
4.053139e-07,-0.006432778
4.054139e-07,-0.0064543199
4.055139e-07,-0.0064758617
4.056139e-07,-0.0064887868
4.057139e-07,-0.0064895048
4.058139e-07,-0.006479452
4.059139e-07,-0.0064658088
4.060139e-07,-0.0064543199
4.061139e-07,-0.0064492934
4.062139e-07,-0.0064500115
4.063139e-07,-0.0064521657
4.064139e-07,-0.0064543199
4.065139e-07,-0.0064543199
4.066139e-07,-0.006456474
4.067139e-07,-0.0064629366
4.068139e-07,-0.0064772978
4.069139e-07,-0.0064966854
4.070139e-07,-0.006515355
4.071139e-07,-0.0065254079
4.072139e-07,-0.0065232537
4.073139e-07,-0.0065088925
4.074139e-07,-0.0064902229
4.075139e-07,-0.0064737075
4.076139e-07,-0.0064658088
4.077139e-07,-0.0064658088
4.078139e-07,-0.0064672449
4.079139e-07,-0.0064615005
4.080139e-07,-0.0064428309
4.081139e-07,-0.0064133904
4.082139e-07,-0.0063810777
4.083139e-07,-0.0063573817
4.084139e-07,-0.0063509191
4.085139e-07,-0.00636169
4.086139e-07,-0.0063810777
4.087139e-07,-0.0063961569
4.088139e-07,-0.006396875
4.089139e-07,-0.0063789235
4.090139e-07,-0.0063473288
4.091139e-07,-0.0063150161
4.092139e-07,-0.0062934743
4.093139e-07,-0.0062877298
4.094139e-07,-0.0062941923
4.095139e-07,-0.0063035271
4.096139e-07,-0.0063049632
4.097139e-07,-0.0062941923
4.098139e-07,-0.0062740866
4.099139e-07,-0.006254699
4.100139e-07,-0.0062475184
4.101139e-07,-0.0062568532
4.102139e-07,-0.0062805492
4.103139e-07,-0.0063085535
4.104139e-07,-0.0063279412
4.105139e-07,-0.0063315315
4.106139e-07,-0.0063193244
4.107139e-07,-0.0062992188
4.108139e-07,-0.0062819853
4.109139e-07,-0.0062748047
4.110139e-07,-0.0062776769
4.111139e-07,-0.0062870117
4.112139e-07,-0.0062934743
4.113139e-07,-0.0062913201
4.114139e-07,-0.0062805492
4.115139e-07,-0.006266906
4.116139e-07,-0.0062590074
4.117139e-07,-0.0062618796
4.118139e-07,-0.0062762408
4.119139e-07,-0.0062977826
4.120139e-07,-0.0063164522
4.121139e-07,-0.0063272231
4.122139e-07,-0.0063265051
4.123139e-07,-0.0063171703
4.124139e-07,-0.0063049632
4.125139e-07,-0.0062934743
4.126139e-07,-0.0062848575
4.127139e-07,-0.0062776769
4.128139e-07,-0.0062704963
4.129139e-07,-0.0062618796
4.130139e-07,-0.0062532629
4.131139e-07,-0.0062475184
4.132139e-07,-0.0062475184
4.133139e-07,-0.0062525448
4.134139e-07,-0.0062590074
4.135139e-07,-0.0062618796
4.136139e-07,-0.0062590074
4.137139e-07,-0.0062503906
4.138139e-07,-0.0062403378
4.139139e-07,-0.0062353114
4.140139e-07,-0.0062360294
4.141139e-07,-0.0062417739
4.142139e-07,-0.0062460823
4.143139e-07,-0.0062417739
4.144139e-07,-0.0062245404
4.145139e-07,-0.0061972541
4.146139e-07,-0.0061685317
4.147139e-07,-0.006148426
4.148139e-07,-0.0061441176
4.149139e-07,-0.0061548886
4.150139e-07,-0.0061728401
4.151139e-07,-0.0061879193
4.152139e-07,-0.0061900735
4.153139e-07,-0.0061778665
4.154139e-07,-0.0061584789
4.155139e-07,-0.0061398093
4.156139e-07,-0.0061326287
4.157139e-07,-0.0061376551
4.158139e-07,-0.0061498621
4.159139e-07,-0.0061584789
4.160139e-07,-0.0061556066
4.161139e-07,-0.0061383732
4.162139e-07,-0.006112523
4.163139e-07,-0.006088827
4.164139e-07,-0.0060751838
4.165139e-07,-0.0060751838
4.166139e-07,-0.0060830825
4.167139e-07,-0.0060902631
4.168139e-07,-0.0060866728
4.169139e-07,-0.0060708755
4.170139e-07,-0.0060471795
4.171139e-07,-0.0060263557
4.172139e-07,-0.006017739
4.173139e-07,-0.0060227654
4.174139e-07,-0.0060364085
4.175139e-07,-0.0060457433
4.176139e-07,-0.0060407169
4.177139e-07,-0.006017739
4.178139e-07,-0.0059818359
4.179139e-07,-0.005947369
4.180139e-07,-0.0059258272
4.181139e-07,-0.0059251091
4.182139e-07,-0.0059416245
4.183139e-07,-0.0059653205
4.184139e-07,-0.0059832721
4.185139e-07,-0.0059875804
4.186139e-07,-0.0059782456
4.187139e-07,-0.0059617302
4.188139e-07,-0.0059488051
4.189139e-07,-0.0059459329
4.190139e-07,-0.0059523955
4.191139e-07,-0.0059638844
4.192139e-07,-0.0059717831
4.193139e-07,-0.005971065
4.194139e-07,-0.0059631664
4.195139e-07,-0.0059531135
4.196139e-07,-0.0059488051
4.197139e-07,-0.0059531135
4.198139e-07,-0.0059646025
4.199139e-07,-0.0059768095
4.200139e-07,-0.0059832721
4.201139e-07,-0.0059811179
4.202139e-07,-0.0059725011
4.203139e-07,-0.0059638844
4.204139e-07,-0.0059602941
4.205139e-07,-0.0059646025
4.206139e-07,-0.0059725011
4.207139e-07,-0.0059768095
4.208139e-07,-0.0059717831
4.209139e-07,-0.0059567038
4.210139e-07,-0.0059365981
4.211139e-07,-0.0059200827
4.212139e-07,-0.0059143382
4.213139e-07,-0.0059208008
4.214139e-07,-0.0059330078
4.215139e-07,-0.0059416245
4.216139e-07,-0.0059373162
4.217139e-07,-0.0059179285
4.218139e-07,-0.0058892061
4.219139e-07,-0.0058619198
4.220139e-07,-0.0058454044
4.221139e-07,-0.0058439683
4.222139e-07,-0.005851867
4.223139e-07,-0.0058597656
4.224139e-07,-0.0058568934
4.225139e-07,-0.0058389419
4.226139e-07,-0.0058095014
4.227139e-07,-0.005781497
4.228139e-07,-0.0057649816
4.229139e-07,-0.0057671358
4.230139e-07,-0.0057843693
4.231139e-07,-0.0058073472
4.232139e-07,-0.0058224265
4.233139e-07,-0.0058209903
4.234139e-07,-0.0058023208
4.235139e-07,-0.0057728803
4.236139e-07,-0.0057420037
4.237139e-07,-0.0057190257
4.238139e-07,-0.0057082548
4.239139e-07,-0.0057053826
4.240139e-07,-0.0057075368
4.241139e-07,-0.0057096909
4.242139e-07,-0.005710409
4.243139e-07,-0.0057132812
4.244139e-07,-0.0057190257
4.245139e-07,-0.0057283605
4.246139e-07,-0.0057362592
4.247139e-07,-0.0057384134
4.248139e-07,-0.0057305147
4.249139e-07,-0.0057139993
4.250139e-07,-0.0056953297
4.251139e-07,-0.0056838408
4.252139e-07,-0.0056845588
4.253139e-07,-0.005698202
4.254139e-07,-0.0057168716
4.255139e-07,-0.0057305147
4.256139e-07,-0.0057305147
4.257139e-07,-0.0057147174
4.258139e-07,-0.0056895852
4.259139e-07,-0.0056680434
4.260139e-07,-0.0056615809
4.261139e-07,-0.005675224
4.262139e-07,-0.0057039465
4.263139e-07,-0.0057384134
4.264139e-07,-0.0057649816
4.265139e-07,-0.0057771886
4.266139e-07,-0.0057757525
4.267139e-07,-0.0057678539
4.268139e-07,-0.0057649816
4.269139e-07,-0.0057728803
4.270139e-07,-0.0057915499
4.271139e-07,-0.0058152459
4.272139e-07,-0.0058339154
4.273139e-07,-0.0058432502
4.274139e-07,-0.0058432502
4.275139e-07,-0.0058418141
4.276139e-07,-0.0058454044
4.277139e-07,-0.0058597656
4.278139e-07,-0.0058834616
4.279139e-07,-0.0059085937
4.280139e-07,-0.0059258272
4.281139e-07,-0.0059294175
4.282139e-07,-0.0059200827
4.283139e-07,-0.0059042854
4.284139e-07,-0.0058913603
4.285139e-07,-0.0058892061
4.286139e-07,-0.005899259
4.287139e-07,-0.0059179285
4.288139e-07,-0.0059373162
4.289139e-07,-0.0059509593
4.290139e-07,-0.0059552677
4.291139e-07,-0.0059531135
4.292139e-07,-0.0059488051
4.293139e-07,-0.005947369
4.294139e-07,-0.0059495232
4.295139e-07,-0.0059552677
4.296139e-07,-0.0059602941
4.297139e-07,-0.0059624483
4.298139e-07,-0.0059624483
4.299139e-07,-0.0059602941
4.300139e-07,-0.0059602941
4.301139e-07,-0.0059624483
4.302139e-07,-0.0059667567
4.303139e-07,-0.005970347
4.304139e-07,-0.0059717831
4.305139e-07,-0.0059725011
4.306139e-07,-0.0059746553
4.307139e-07,-0.0059818359
4.308139e-07,-0.005994761
4.309139e-07,-0.0060112764
4.310139e-07,-0.0060263557
4.311139e-07,-0.0060328182
4.312139e-07,-0.0060292279
4.313139e-07,-0.0060163028
4.314139e-07,-0.0060005055
4.315139e-07,-0.0059875804
4.316139e-07,-0.0059832721
4.317139e-07,-0.0059854262
4.318139e-07,-0.0059882985
4.319139e-07,-0.0059847082
4.320139e-07,-0.0059717831
4.321139e-07,-0.0059516774
4.322139e-07,-0.0059315717
4.323139e-07,-0.0059215188
4.324139e-07,-0.0059258272
4.325139e-07,-0.0059430607
4.326139e-07,-0.0059638844
4.327139e-07,-0.0059760915
4.328139e-07,-0.0059717831
4.329139e-07,-0.0059502413
4.330139e-07,-0.0059186466
4.331139e-07,-0.00588777
4.332139e-07,-0.0058683824
4.333139e-07,-0.0058619198
4.334139e-07,-0.0058626379
4.335139e-07,-0.0058597656
4.336139e-07,-0.0058454044
4.337139e-07,-0.0058181181
4.338139e-07,-0.0057836512
4.339139e-07,-0.0057549288
4.340139e-07,-0.0057420037
4.341139e-07,-0.0057477482
4.342139e-07,-0.0057656997
4.343139e-07,-0.0057829331
4.344139e-07,-0.0057879596
4.345139e-07,-0.0057743164
4.346139e-07,-0.0057448759
4.347139e-07,-0.0057111271
4.348139e-07,-0.0056845588
4.349139e-07,-0.0056723518
4.350139e-07,-0.0056737879
4.351139e-07,-0.0056809685
4.352139e-07,-0.0056845588
4.353139e-07,-0.0056788143
4.354139e-07,-0.0056644531
4.355139e-07,-0.0056479377
4.356139e-07,-0.0056386029
4.357139e-07,-0.0056400391
4.358139e-07,-0.0056493739
4.359139e-07,-0.0056594267
4.360139e-07,-0.0056615809
4.361139e-07,-0.005651528
4.362139e-07,-0.0056307043
4.363139e-07,-0.0056084444
4.364139e-07,-0.0055926471
4.365139e-07,-0.0055890568
4.366139e-07,-0.0055962374
4.367139e-07,-0.0056077263
4.368139e-07,-0.005615625
4.369139e-07,-0.0056149069
4.370139e-07,-0.0056084444
4.371139e-07,-0.0056019818
4.372139e-07,-0.005604136
4.373139e-07,-0.0056177792
4.374139e-07,-0.0056414752
4.375139e-07,-0.0056666073
4.376139e-07,-0.0056845588
4.377139e-07,-0.0056910214
4.378139e-07,-0.005686713
4.379139e-07,-0.0056780963
4.380139e-07,-0.0056730699
4.381139e-07,-0.0056759421
4.382139e-07,-0.0056845588
4.383139e-07,-0.0056938936
4.384139e-07,-0.0056960478
4.385139e-07,-0.0056881491
4.386139e-07,-0.0056723518
4.387139e-07,-0.0056565545
4.388139e-07,-0.0056500919
4.389139e-07,-0.0056565545
4.390139e-07,-0.0056759421
4.391139e-07,-0.0056996381
4.392139e-07,-0.0057190257
4.393139e-07,-0.0057276425
4.394139e-07,-0.0057240522
4.395139e-07,-0.0057118451
4.396139e-07,-0.0056960478
4.397139e-07,-0.0056809685
4.398139e-07,-0.0056680434
4.399139e-07,-0.0056544003
4.400139e-07,-0.0056386029
4.401139e-07,-0.0056199334
4.402139e-07,-0.005603418
4.403139e-07,-0.0055926471
4.404139e-07,-0.0055926471
4.405139e-07,-0.0056026999
4.406139e-07,-0.0056170611
4.407139e-07,-0.005627114
4.408139e-07,-0.005627114
4.409139e-07,-0.0056149069
4.410139e-07,-0.0055955193
4.411139e-07,-0.0055775678
4.412139e-07,-0.0055696691
4.413139e-07,-0.0055746955
4.414139e-07,-0.0055876206
4.415139e-07,-0.0056005457
4.416139e-07,-0.005604136
4.417139e-07,-0.0055948012
4.418139e-07,-0.0055761317
4.419139e-07,-0.005556744
4.420139e-07,-0.0055466912
4.421139e-07,-0.0055517176
4.422139e-07,-0.0055711052
4.423139e-07,-0.0055955193
4.424139e-07,-0.005615625
4.425139e-07,-0.0056228056
4.426139e-07,-0.0056163431
4.427139e-07,-0.0055998277
4.428139e-07,-0.0055811581
4.429139e-07,-0.005568233
4.430139e-07,-0.0055646427
4.431139e-07,-0.0055703872
4.432139e-07,-0.0055811581
4.433139e-07,-0.0055940832
4.434139e-07,-0.0056077263
4.435139e-07,-0.0056228056
4.436139e-07,-0.0056386029
4.437139e-07,-0.0056551183
4.438139e-07,-0.0056687615
4.439139e-07,-0.005675224
4.440139e-07,-0.0056730699
4.441139e-07,-0.005663017
4.442139e-07,-0.0056500919
4.443139e-07,-0.0056407571
4.444139e-07,-0.0056386029
4.445139e-07,-0.0056436294
4.446139e-07,-0.005651528
4.447139e-07,-0.0056551183
4.448139e-07,-0.0056500919
4.449139e-07,-0.0056371668
4.450139e-07,-0.0056213695
4.451139e-07,-0.0056120347
4.452139e-07,-0.005615625
4.453139e-07,-0.0056335765
4.454139e-07,-0.0056608628
4.455139e-07,-0.0056881491
4.456139e-07,-0.0057075368
4.457139e-07,-0.0057139993
4.458139e-07,-0.005710409
4.459139e-07,-0.0057025103
4.460139e-07,-0.0056960478
4.461139e-07,-0.0056953297
4.462139e-07,-0.0056974839
4.463139e-07,-0.0056996381
4.464139e-07,-0.0056960478
4.465139e-07,-0.0056874311
4.466139e-07,-0.0056788143
4.467139e-07,-0.0056759421
4.468139e-07,-0.0056845588
4.469139e-07,-0.0057039465
4.470139e-07,-0.0057276425
4.471139e-07,-0.0057470301
4.472139e-07,-0.0057534926
4.473139e-07,-0.0057448759
4.474139e-07,-0.0057269244
4.475139e-07,-0.0057075368
4.476139e-07,-0.0056960478
4.477139e-07,-0.0056960478
4.478139e-07,-0.0057046645
4.479139e-07,-0.0057147174
4.480139e-07,-0.0057190257
4.481139e-07,-0.0057147174
4.482139e-07,-0.0057061006
4.483139e-07,-0.0057010742
4.484139e-07,-0.0057075368
4.485139e-07,-0.0057290786
4.486139e-07,-0.0057599552
4.487139e-07,-0.0057908318
4.488139e-07,-0.0058109375
4.489139e-07,-0.0058145278
4.490139e-07,-0.0058030388
4.491139e-07,-0.0057872415
4.492139e-07,-0.0057764706
4.493139e-07,-0.0057793428
4.494139e-07,-0.0057965763
4.495139e-07,-0.0058224265
4.496139e-07,-0.0058454044
4.497139e-07,-0.0058590476
4.498139e-07,-0.0058604837
4.499139e-07,-0.0058533031
4.500139e-07,-0.0058454044
4.501139e-07,-0.0058439683
4.502139e-07,-0.0058504308
4.503139e-07,-0.005864792
4.504139e-07,-0.0058798713
4.505139e-07,-0.0058906422
4.506139e-07,-0.0058935145
4.507139e-07,-0.0058892061
4.508139e-07,-0.0058798713
4.509139e-07,-0.0058683824
4.510139e-07,-0.0058568934
4.511139e-07,-0.0058454044
4.512139e-07,-0.0058339154
4.513139e-07,-0.0058238626
4.514139e-07,-0.0058174
4.515139e-07,-0.005816682
4.516139e-07,-0.0058224265
4.517139e-07,-0.0058324793
4.518139e-07,-0.005841096
4.519139e-07,-0.0058425322
4.520139e-07,-0.0058339154
4.521139e-07,-0.0058152459
4.522139e-07,-0.005792986
4.523139e-07,-0.0057743164
4.524139e-07,-0.0057649816
4.525139e-07,-0.0057649816
4.526139e-07,-0.005770008
4.527139e-07,-0.0057714442
4.528139e-07,-0.0057649816
4.529139e-07,-0.0057484662
4.530139e-07,-0.0057262063
4.531139e-07,-0.0057061006
4.532139e-07,-0.0056960478
4.533139e-07,-0.005698202
4.534139e-07,-0.0057075368
4.535139e-07,-0.0057175896
4.536139e-07,-0.0057190257
4.537139e-07,-0.0057082548
4.538139e-07,-0.0056888672
4.539139e-07,-0.0056666073
4.540139e-07,-0.0056500919
4.541139e-07,-0.0056436294
4.542139e-07,-0.0056465016
4.543139e-07,-0.00565081
4.544139e-07,-0.0056500919
4.545139e-07,-0.0056400391
4.546139e-07,-0.0056220875
4.547139e-07,-0.005603418
4.548139e-07,-0.0055926471
4.549139e-07,-0.0055940832
4.550139e-07,-0.0056070083
4.551139e-07,-0.0056249598
4.552139e-07,-0.0056386029
4.553139e-07,-0.0056400391
4.554139e-07,-0.005627832
4.555139e-07,-0.0056055722
4.556139e-07,-0.0055811581
4.557139e-07,-0.0055624885
4.558139e-07,-0.0055531537
4.559139e-07,-0.0055531537
4.560139e-07,-0.0055581801
4.561139e-07,-0.0055639246
4.562139e-07,-0.0055675149
4.563139e-07,-0.0055689511
4.564139e-07,-0.0055696691
4.565139e-07,-0.0055732594
4.566139e-07,-0.0055790039
4.567139e-07,-0.0055869026
4.568139e-07,-0.0055926471
4.569139e-07,-0.0055948012
4.570139e-07,-0.005591929
4.571139e-07,-0.0055861845
4.572139e-07,-0.0055811581
4.573139e-07,-0.0055790039
4.574139e-07,-0.00558044
4.575139e-07,-0.0055854665
4.576139e-07,-0.0055926471
4.577139e-07,-0.0056012638
4.578139e-07,-0.0056105986
4.579139e-07,-0.0056228056
4.580139e-07,-0.0056386029
4.581139e-07,-0.0056565545
4.582139e-07,-0.005674506
4.583139e-07,-0.0056888672
4.584139e-07,-0.0056960478
4.585139e-07,-0.0056960478
4.586139e-07,-0.0056917394
4.587139e-07,-0.005686713
4.588139e-07,-0.0056845588
4.589139e-07,-0.0056874311
4.590139e-07,-0.0056938936
4.591139e-07,-0.0057017923
4.592139e-07,-0.0057075368
4.593139e-07,-0.0057089729
4.594139e-07,-0.0057082548
4.595139e-07,-0.0057068187
4.596139e-07,-0.0057075368
4.597139e-07,-0.0057111271
4.598139e-07,-0.0057168716
4.599139e-07,-0.0057204619
4.600139e-07,-0.0057190257
4.601139e-07,-0.0057118451
4.602139e-07,-0.0056996381
4.603139e-07,-0.0056852769
4.604139e-07,-0.0056730699
4.605139e-07,-0.0056637351
4.606139e-07,-0.0056565545
4.607139e-07,-0.0056486558
4.608139e-07,-0.0056386029
4.609139e-07,-0.0056249598
4.610139e-07,-0.0056084444
4.611139e-07,-0.0055933651
4.612139e-07,-0.0055811581
4.613139e-07,-0.0055739775
4.614139e-07,-0.0055703872
4.615139e-07,-0.0055696691
4.616139e-07,-0.0055696691
4.617139e-07,-0.0055703872
4.618139e-07,-0.0055732594
4.619139e-07,-0.0055768497
4.620139e-07,-0.0055811581
4.621139e-07,-0.0055818761
4.622139e-07,-0.0055761317
4.623139e-07,-0.0055603343
4.624139e-07,-0.0055352022
4.625139e-07,-0.0055071978
4.626139e-07,-0.0054842199
4.627139e-07,-0.005473449
4.628139e-07,-0.0054777574
4.629139e-07,-0.0054942727
4.630139e-07,-0.0055143784
