LECROYHDO6104B,11090,Waveform
Segments,1,SegmentSize,5002
Segment,TrigTime,TimeSinceSegment1
#1,04-May-2026 18:52:29,0                 
Time,Ampl
-3.706521e-08,-0.00558044
-3.696521e-08,-0.0055811581
-3.686521e-08,-0.0055761317
-3.676521e-08,-0.0055696691
-3.666521e-08,-0.0055696691
-3.656521e-08,-0.0055811581
-3.646521e-08,-0.0056055722
-3.636521e-08,-0.0056364488
-3.626521e-08,-0.0056651712
-3.616521e-08,-0.0056845588
-3.606521e-08,-0.0056924575
-3.596521e-08,-0.0056938936
-3.586521e-08,-0.0056960478
-3.576521e-08,-0.0057075368
-3.566521e-08,-0.0057297966
-3.556521e-08,-0.0057585191
-3.546521e-08,-0.0057843693
-3.536521e-08,-0.0057994485
-3.526521e-08,-0.0058008847
-3.516521e-08,-0.005793704
-3.506521e-08,-0.0057865234
-3.496521e-08,-0.0057879596
-3.486521e-08,-0.0058030388
-3.476521e-08,-0.0058296071
-3.466521e-08,-0.0058583295
-3.456521e-08,-0.0058798713
-3.446521e-08,-0.0058884881
-3.436521e-08,-0.0058834616
-3.426521e-08,-0.0058705365
-3.416521e-08,-0.0058568934
-3.406521e-08,-0.0058468405
-3.396521e-08,-0.0058396599
-3.386521e-08,-0.0058331974
-3.376521e-08,-0.0058224265
-3.366521e-08,-0.0058073472
-3.356521e-08,-0.0057908318
-3.346521e-08,-0.0057786248
-3.336521e-08,-0.0057764706
-3.326521e-08,-0.0057836512
-3.316521e-08,-0.0057958582
-3.306521e-08,-0.0058030388
-3.296521e-08,-0.0057994485
-3.286521e-08,-0.005781497
-3.276521e-08,-0.0057549288
-3.266521e-08,-0.0057276425
-3.256521e-08,-0.0057075368
-3.246521e-08,-0.00569892
-3.236521e-08,-0.00569892
-3.226521e-08,-0.0057003562
-3.216521e-08,-0.0056960478
-3.206521e-08,-0.0056824046
-3.196521e-08,-0.0056615809
-3.186521e-08,-0.0056407571
-3.176521e-08,-0.005627114
-3.166521e-08,-0.0056228056
-3.156521e-08,-0.0056235237
-3.146521e-08,-0.0056235237
-3.136521e-08,-0.005615625
-3.126521e-08,-0.0055976735
-3.116521e-08,-0.0055746955
-3.106521e-08,-0.0055553079
-3.096521e-08,-0.0055466912
-3.086521e-08,-0.0055524357
-3.076521e-08,-0.005568233
-3.066521e-08,-0.0055847484
-3.056521e-08,-0.0055926471
-3.046521e-08,-0.0055869026
-3.036521e-08,-0.0055703872
-3.026521e-08,-0.0055495634
-3.016521e-08,-0.0055352022
-3.006521e-08,-0.0055308938
-2.996521e-08,-0.0055366383
-2.986521e-08,-0.005544537
-2.976521e-08,-0.0055466912
-2.966521e-08,-0.0055387925
-2.956521e-08,-0.0055215591
-2.946521e-08,-0.0055021714
-2.936521e-08,-0.0054892463
-2.926521e-08,-0.0054878102
-2.916521e-08,-0.0054985811
-2.906521e-08,-0.0055165326
-2.896521e-08,-0.0055352022
-2.886521e-08,-0.0055495634
-2.876521e-08,-0.0055581801
-2.866521e-08,-0.0055639246
-2.856521e-08,-0.0055696691
-2.846521e-08,-0.0055775678
-2.836521e-08,-0.0055861845
-2.826521e-08,-0.005591929
-2.816521e-08,-0.0055926471
-2.806521e-08,-0.0055890568
-2.796521e-08,-0.0055854665
-2.786521e-08,-0.0055890568
-2.776521e-08,-0.005604136
-2.766521e-08,-0.0056299862
-2.756521e-08,-0.0056615809
-2.746521e-08,-0.0056895852
-2.736521e-08,-0.0057075368
-2.726521e-08,-0.0057132812
-2.716521e-08,-0.0057111271
-2.706521e-08,-0.005710409
-2.696521e-08,-0.0057190257
-2.686521e-08,-0.0057391314
-2.676521e-08,-0.0057664177
-2.666521e-08,-0.005792986
-2.656521e-08,-0.0058109375
-2.646521e-08,-0.0058159639
-2.636521e-08,-0.0058109375
-2.626521e-08,-0.0058023208
-2.616521e-08,-0.0057994485
-2.606521e-08,-0.005804475
-2.596521e-08,-0.005816682
-2.586521e-08,-0.005828171
-2.576521e-08,-0.0058339154
-2.566521e-08,-0.0058303251
-2.556521e-08,-0.0058202723
-2.546521e-08,-0.0058116556
-2.536521e-08,-0.0058109375
-2.526521e-08,-0.0058202723
-2.516521e-08,-0.0058360696
-2.506521e-08,-0.0058511489
-2.496521e-08,-0.0058568934
-2.486521e-08,-0.0058511489
-2.476521e-08,-0.0058360696
-2.466521e-08,-0.0058202723
-2.456521e-08,-0.0058109375
-2.446521e-08,-0.0058123736
-2.436521e-08,-0.0058217084
-2.426521e-08,-0.0058317613
-2.416521e-08,-0.0058339154
-2.406521e-08,-0.0058245807
-2.396521e-08,-0.005805193
-2.386521e-08,-0.0057822151
-2.376521e-08,-0.0057649816
-2.366521e-08,-0.0057585191
-2.356521e-08,-0.0057613913
-2.346521e-08,-0.005770008
-2.336521e-08,-0.0057764706
-2.326521e-08,-0.0057764706
-2.316521e-08,-0.005770008
-2.306521e-08,-0.0057606733
-2.296521e-08,-0.0057534926
-2.286521e-08,-0.0057513385
-2.276521e-08,-0.0057513385
-2.266521e-08,-0.0057499023
-2.256521e-08,-0.0057420037
-2.246521e-08,-0.0057254883
-2.236521e-08,-0.0057046645
-2.226521e-08,-0.0056852769
-2.216521e-08,-0.0056730699
-2.206521e-08,-0.0056709157
-2.196521e-08,-0.005674506
-2.186521e-08,-0.0056780963
-2.176521e-08,-0.0056730699
-2.166521e-08,-0.0056565545
-2.156521e-08,-0.0056307043
-2.146521e-08,-0.005603418
-2.136521e-08,-0.0055811581
-2.126521e-08,-0.0055696691
-2.116521e-08,-0.0055675149
-2.106521e-08,-0.0055696691
-2.096521e-08,-0.0055696691
-2.086521e-08,-0.0055624885
-2.076521e-08,-0.0055495634
-2.066521e-08,-0.0055352022
-2.056521e-08,-0.0055237132
-2.046521e-08,-0.0055194049
-2.036521e-08,-0.0055215591
-2.026521e-08,-0.0055244313
-2.016521e-08,-0.0055237132
-2.006521e-08,-0.0055158146
-1.996521e-08,-0.0055021714
-1.986521e-08,-0.0054878102
-1.976521e-08,-0.0054777574
-1.966521e-08,-0.0054763212
-1.956521e-08,-0.0054820657
-1.946521e-08,-0.0054921186
-1.936521e-08,-0.0055007353
-1.926521e-08,-0.0055057617
-1.916521e-08,-0.0055079159
-1.906521e-08,-0.005508634
-1.896521e-08,-0.0055122243
-1.886521e-08,-0.0055179687
-1.876521e-08,-0.0055222771
-1.866521e-08,-0.0055215591
-1.856521e-08,-0.0055122243
-1.846521e-08,-0.0054949908
-1.836521e-08,-0.0054756032
-1.826521e-08,-0.0054598058
-1.816521e-08,-0.0054547794
-1.806521e-08,-0.0054605239
-1.796521e-08,-0.0054712948
-1.786521e-08,-0.0054799115
-1.776521e-08,-0.0054777574
-1.766521e-08,-0.0054633961
-1.756521e-08,-0.0054404182
-1.746521e-08,-0.0054195944
-1.736521e-08,-0.0054088235
-1.726521e-08,-0.00541385
-1.716521e-08,-0.0054310834
-1.706521e-08,-0.0054526252
-1.696521e-08,-0.0054662684
-1.686521e-08,-0.0054641142
-1.676521e-08,-0.0054454446
-1.666521e-08,-0.0054160041
-1.656521e-08,-0.0053858456
-1.646521e-08,-0.0053657399
-1.636521e-08,-0.0053607135
-1.626521e-08,-0.0053693302
-1.616521e-08,-0.0053858456
-1.606521e-08,-0.0054016429
-1.596521e-08,-0.0054116958
-1.586521e-08,-0.0054131319
-1.576521e-08,-0.0054088235
-1.566521e-08,-0.0054016429
-1.556521e-08,-0.0053944623
-1.546521e-08,-0.0053894359
-1.536521e-08,-0.0053858456
-1.526521e-08,-0.0053829733
-1.516521e-08,-0.0053801011
-1.506521e-08,-0.0053772289
-1.496521e-08,-0.0053743566
-1.486521e-08,-0.0053722024
-1.476521e-08,-0.0053700483
-1.466521e-08,-0.005367176
-1.456521e-08,-0.0053628676
-1.446521e-08,-0.0053592773
-1.436521e-08,-0.0053585593
-1.426521e-08,-0.0053635857
-1.416521e-08,-0.0053743566
-1.406521e-08,-0.005390154
-1.396521e-08,-0.0054059513
-1.386521e-08,-0.0054167222
-1.376521e-08,-0.0054203125
-1.366521e-08,-0.0054152861
-1.356521e-08,-0.0054052332
-1.346521e-08,-0.0053937443
-1.336521e-08,-0.0053858456
-1.326521e-08,-0.0053822553
-1.316521e-08,-0.0053822553
-1.306521e-08,-0.0053836914
-1.296521e-08,-0.0053858456
-1.286521e-08,-0.0053887178
-1.276521e-08,-0.0053944623
-1.266521e-08,-0.0054052332
-1.256521e-08,-0.0054203125
-1.246521e-08,-0.0054368279
-1.236521e-08,-0.0054483169
-1.226521e-08,-0.0054511891
-1.216521e-08,-0.0054432904
-1.206521e-08,-0.0054274931
-1.196521e-08,-0.0054109777
-1.186521e-08,-0.0054002068
-1.176521e-08,-0.0053973346
-1.166521e-08,-0.0054009249
-1.156521e-08,-0.0054059513
-1.146521e-08,-0.0054059513
-1.136521e-08,-0.0053973346
-1.126521e-08,-0.0053844095
-1.116521e-08,-0.0053736386
-1.106521e-08,-0.0053729205
-1.096521e-08,-0.0053858456
-1.086521e-08,-0.0054073874
-1.076521e-08,-0.0054289292
-1.066521e-08,-0.0054397001
-1.056521e-08,-0.0054318015
-1.046521e-08,-0.0054081055
-1.036521e-08,-0.0053772289
-1.026521e-08,-0.0053513787
-1.016521e-08,-0.0053398897
-1.006521e-08,-0.0053441981
-9.965211e-09,-0.0053578412
-9.865211e-09,-0.0053707663
-9.765211e-09,-0.0053743566
-9.665211e-09,-0.0053657399
-9.565211e-09,-0.0053513787
-9.465211e-09,-0.0053398897
-9.365211e-09,-0.0053398897
-9.265211e-09,-0.0053528148
-9.165211e-09,-0.0053736386
-9.065211e-09,-0.0053915901
-8.965211e-09,-0.0053973346
-8.865211e-09,-0.0053887178
-8.765211e-09,-0.0053700483
-8.665211e-09,-0.0053506606
-8.565211e-09,-0.0053398897
-8.465211e-09,-0.0053406078
-8.365211e-09,-0.0053492245
-8.265211e-09,-0.0053585593
-8.165211e-09,-0.0053628676
-8.065211e-09,-0.0053621496
-7.965211e-09,-0.0053621496
-7.865211e-09,-0.0053722024
-7.765211e-09,-0.0053973346
-7.665211e-09,-0.0054353918
-7.565211e-09,-0.0054756032
-7.465211e-09,-0.0055050437
-7.365211e-09,-0.0055122243
-7.265211e-09,-0.005497145
-7.165211e-09,-0.0054698587
-7.065211e-09,-0.0054468807
-6.965211e-09,-0.0054432904
-6.865211e-09,-0.0054641142
-6.765211e-09,-0.0055028895
-6.665211e-09,-0.0055438189
-6.565211e-09,-0.0055696691
-6.465211e-09,-0.0055711052
-6.365211e-09,-0.0055488454
-6.265211e-09,-0.0055165326
-6.165211e-09,-0.0054892463
-6.065211e-09,-0.0054777574
-5.965211e-09,-0.0054842199
-5.865211e-09,-0.0055000172
-5.765211e-09,-0.0055122243
-5.665211e-09,-0.0055107881
-5.565211e-09,-0.0054942727
-5.465211e-09,-0.0054684226
-5.365211e-09,-0.0054432904
-5.265211e-09,-0.0054289292
-5.165211e-09,-0.0054274931
-5.065211e-09,-0.0054353918
-4.965211e-09,-0.0054432904
-4.865211e-09,-0.0054447266
-4.765211e-09,-0.0054368279
-4.665211e-09,-0.0054224667
-4.565211e-09,-0.0054088235
-4.465211e-09,-0.0054002068
-4.365211e-09,-0.0053980526
-4.265211e-09,-0.0053987707
-4.165211e-09,-0.0053973346
-4.065211e-09,-0.005390154
-3.965211e-09,-0.005379383
-3.865211e-09,-0.0053678941
-3.765211e-09,-0.0053628676
-3.665211e-09,-0.005366458
-3.565211e-09,-0.0053772289
-3.465211e-09,-0.0053894359
-3.365211e-09,-0.0053973346
-3.265211e-09,-0.0053973346
-3.165211e-09,-0.005390872
-3.065211e-09,-0.0053815372
-2.965211e-09,-0.0053743566
-2.865211e-09,-0.0053707663
-2.765211e-09,-0.0053678941
-2.665211e-09,-0.0053592773
-2.565211e-09,-0.0053398897
-2.465211e-09,-0.005307577
-2.365211e-09,-0.0052644933
-2.265211e-09,-0.0052163833
-2.165211e-09,-0.0051675551
-2.065211e-09,-0.005118009
-1.965211e-09,-0.0050605641
-1.865211e-09,-0.00498804
-1.765211e-09,-0.0048918199
-1.665211e-09,-0.0047697495
-1.565211e-09,-0.0046254193
-1.465211e-09,-0.0044681641
-1.365211e-09,-0.0043058824
-1.265211e-09,-0.0041414465
-1.165211e-09,-0.0039719841
-1.065211e-09,-0.0037881606
-9.652111e-10,-0.0035820772
-8.652111e-10,-0.0033494256
-7.652111e-10,-0.0030930779
-6.652111e-10,-0.0028194968
-5.652111e-10,-0.0025365809
-4.652111e-10,-0.0022486386
-3.652111e-10,-0.0019535156
-2.652111e-10,-0.0016461857
-1.652111e-10,-0.00131875
-6.521115e-11,-0.00096977252
3.478885e-11,-0.00060068934
1.347889e-10,-0.00022011719
2.347889e-10,0.00016332721
3.347889e-10,0.00054461742
4.347889e-10,0.00092303539
5.347889e-10,0.0013000172
6.347889e-10,0.0016798713
7.347889e-10,0.0020640338
8.347889e-10,0.0024510685
9.347889e-10,0.002836667
1.034789e-09,0.0032193934
1.134789e-09,0.0035978114
1.234789e-09,0.0039747932
1.334789e-09,0.004351057
1.434789e-09,0.0047244485
1.534789e-09,0.0050885053
1.634789e-09,0.0054331744
1.734789e-09,0.0057491211
1.834789e-09,0.0060341912
1.934789e-09,0.0062948472
2.034789e-09,0.0065440142
2.134789e-09,0.0067953355
2.234789e-09,0.0070567096
2.334789e-09,0.0073252642
2.434789e-09,0.0075887925
2.534789e-09,0.0078322151
2.634789e-09,0.008044761
2.734789e-09,0.0082257123
2.834789e-09,0.0083844037
2.934789e-09,0.0085344784
3.034789e-09,0.0086881434
3.134789e-09,0.0088468348
3.234789e-09,0.009002654
3.334789e-09,0.0091412397
3.434789e-09,0.0092511029
3.534789e-09,0.0093300896
3.634789e-09,0.0093860983
3.734789e-09,0.0094356445
3.834789e-09,0.0094923713
3.934789e-09,0.0095634593
4.034789e-09,0.0096431641
4.134789e-09,0.0097192785
4.234789e-09,0.0097795956
4.334789e-09,0.0098176528
4.434789e-09,0.0098384766
4.534789e-09,0.0098521197
4.634789e-09,0.0098715074
4.734789e-09,0.0099016659
4.834789e-09,0.0099397231
4.934789e-09,0.0099756261
5.034789e-09,0.009997886
5.134789e-09,0.010002912
5.234789e-09,0.0099957318
5.334789e-09,0.0099863971
5.434789e-09,0.0099863971
5.534789e-09,0.010000758
5.634789e-09,0.010025172
5.734789e-09,0.010050304
5.834789e-09,0.01006682
5.934789e-09,0.010071128
6.034789e-09,0.010068256
6.134789e-09,0.010067538
6.234789e-09,0.010078309
6.334789e-09,0.010103441
6.434789e-09,0.010135754
6.534789e-09,0.010165194
6.634789e-09,0.01018171
6.734789e-09,0.01018171
6.834789e-09,0.010172375
6.934789e-09,0.010165194
7.034789e-09,0.010170221
7.134789e-09,0.010191044
7.234789e-09,0.010221921
7.334789e-09,0.01025208
7.434789e-09,0.010273621
7.534789e-09,0.010283674
7.634789e-09,0.010287983
7.734789e-09,0.010297317
7.834789e-09,0.010319577
7.934789e-09,0.010354044
8.034789e-09,0.010390665
8.134789e-09,0.010416515
8.234789e-09,0.010422978
8.334789e-09,0.010410771
8.434789e-09,0.010392819
8.534789e-09,0.010384921
8.634789e-09,0.0104
8.734789e-09,0.010439493
8.834789e-09,0.010491194
8.934789e-09,0.01053715
9.034789e-09,0.010560846
9.134789e-09,0.010559409
9.234789e-09,0.010542176
9.334789e-09,0.010529969
9.434789e-09,0.010537868
9.534789e-09,0.010572335
9.634789e-09,0.010624035
9.734789e-09,0.010672145
9.834789e-09,0.010698713
9.934789e-09,0.010693687
1.003479e-08,0.010665682
1.013479e-08,0.01063337
1.023479e-08,0.01061829
1.033479e-08,0.010634088
1.043479e-08,0.010677171
1.053479e-08,0.010732462
1.063479e-08,0.010779136
1.073479e-08,0.010802114
1.083479e-08,0.010799242
1.093479e-08,0.010782008
1.103479e-08,0.010767647
1.113479e-08,0.010769083
1.123479e-08,0.010789907
1.133479e-08,0.010820784
1.143479e-08,0.01084807
1.153479e-08,0.010860277
1.163479e-08,0.010854532
1.173479e-08,0.010838735
1.183479e-08,0.010825092
1.193479e-08,0.010823656
1.203479e-08,0.010835863
1.213479e-08,0.01085525
1.223479e-08,0.010871048
1.233479e-08,0.010875356
1.243479e-08,0.010868176
1.253479e-08,0.01085525
1.263479e-08,0.01084807
1.273479e-08,0.010854532
1.283479e-08,0.010875356
1.293479e-08,0.010903361
1.303479e-08,0.010928493
1.313479e-08,0.010941418
1.323479e-08,0.010939982
1.333479e-08,0.010929211
1.343479e-08,0.010917004
1.353479e-08,0.010909105
1.363479e-08,0.010907669
1.373479e-08,0.010908387
1.383479e-08,0.010905515
1.393479e-08,0.01089618
1.403479e-08,0.010882537
1.413479e-08,0.010871766
1.423479e-08,0.010871048
1.433479e-08,0.010883973
1.443479e-08,0.010907669
1.453479e-08,0.010933519
1.463479e-08,0.010951471
1.473479e-08,0.010954343
1.483479e-08,0.010941418
1.493479e-08,0.01091844
1.503479e-08,0.010894026
1.513479e-08,0.01087392
1.523479e-08,0.010860277
1.533479e-08,0.010849506
1.543479e-08,0.010836581
1.553479e-08,0.010819347
1.563479e-08,0.010799242
1.573479e-08,0.010779854
1.583479e-08,0.010767647
1.593479e-08,0.010763339
1.603479e-08,0.010764057
1.613479e-08,0.010763339
1.623479e-08,0.010756158
1.633479e-08,0.010739643
1.643479e-08,0.010718101
1.653479e-08,0.010698713
1.663479e-08,0.010687224
1.673479e-08,0.010686506
1.683479e-08,0.010693687
1.693479e-08,0.010700149
1.703479e-08,0.010698713
1.713479e-08,0.010687224
1.723479e-08,0.010668555
1.733479e-08,0.010650603
1.743479e-08,0.010641268
1.753479e-08,0.010644859
1.763479e-08,0.010658502
1.773479e-08,0.010675735
1.783479e-08,0.010687224
1.793479e-08,0.010689378
1.803479e-08,0.010682198
1.813479e-08,0.010672145
1.823479e-08,0.010664246
1.833479e-08,0.010663528
1.843479e-08,0.010667837
1.853479e-08,0.010673581
1.863479e-08,0.010675735
1.873479e-08,0.010672145
1.883479e-08,0.010665682
1.893479e-08,0.010661374
1.903479e-08,0.010664246
1.913479e-08,0.010674299
1.923479e-08,0.010687942
1.933479e-08,0.010697995
1.943479e-08,0.010698713
1.953479e-08,0.010689378
1.963479e-08,0.010675017
1.973479e-08,0.010664964
1.983479e-08,0.010664246
1.993479e-08,0.010675735
2.003479e-08,0.010693687
2.013479e-08,0.010708048
2.023479e-08,0.010710202
2.033479e-08,0.010695123
2.043479e-08,0.010667119
2.053479e-08,0.010634088
2.063479e-08,0.010606801
2.073479e-08,0.010591722
2.083479e-08,0.01058885
2.093479e-08,0.01059244
2.103479e-08,0.010595313
2.113479e-08,0.01059244
2.123479e-08,0.010582387
2.133479e-08,0.01057018
2.143479e-08,0.010560846
2.153479e-08,0.010556537
2.163479e-08,0.010555819
2.173479e-08,0.010554383
2.183479e-08,0.010549357
2.193479e-08,0.010539304
2.203479e-08,0.010526379
2.213479e-08,0.010517044
2.223479e-08,0.01051489
2.233479e-08,0.010519916
2.243479e-08,0.010527815
2.253479e-08,0.010531405
2.263479e-08,0.010526379
2.273479e-08,0.010512017
2.283479e-08,0.01049263
2.293479e-08,0.010476114
2.303479e-08,0.010468934
2.313479e-08,0.010471088
2.323479e-08,0.010478987
2.333479e-08,0.010484013
2.343479e-08,0.010480423
2.353479e-08,0.010467498
2.363479e-08,0.010448828
2.373479e-08,0.010432313
2.383479e-08,0.010422978
2.393479e-08,0.010420824
2.403479e-08,0.010420824
2.413479e-08,0.010415079
2.423479e-08,0.0104
2.433479e-08,0.010377022
2.443479e-08,0.010354044
2.453479e-08,0.010340401
2.463479e-08,0.010342555
2.473479e-08,0.010358352
2.483479e-08,0.010379176
2.493479e-08,0.010392101
2.503479e-08,0.010388511
2.513479e-08,0.010366969
2.523479e-08,0.010334656
2.533479e-08,0.010304498
2.543479e-08,0.01028511
2.553479e-08,0.010278648
2.563479e-08,0.010280084
2.573479e-08,0.010277212
2.583479e-08,0.010262132
2.593479e-08,0.010234128
2.603479e-08,0.010201097
2.613479e-08,0.010172375
2.623479e-08,0.010158732
2.633479e-08,0.01015945
2.643479e-08,0.010168066
2.653479e-08,0.010170221
2.663479e-08,0.010158732
2.673479e-08,0.010131445
2.683479e-08,0.010096978
2.693479e-08,0.010068256
2.703479e-08,0.010055331
2.713479e-08,0.010059639
2.723479e-08,0.010071846
2.733479e-08,0.010078309
2.743479e-08,0.01006682
2.753479e-08,0.010034507
2.763479e-08,0.0099899874
2.773479e-08,0.0099461857
2.783479e-08,0.0099174632
2.793479e-08,0.0099066923
2.803479e-08,0.0099074104
2.813479e-08,0.0099074104
2.823479e-08,0.0098944853
2.833479e-08,0.0098657629
2.843479e-08,0.0098291418
2.853479e-08,0.009796829
2.863479e-08,0.0097795956
2.873479e-08,0.0097788775
2.883479e-08,0.0097867762
2.893479e-08,0.0097867762
2.903479e-08,0.0097681066
2.913479e-08,0.0097278952
2.923479e-08,0.0096769129
2.933479e-08,0.009630957
2.943479e-08,0.009607261
2.953479e-08,0.0096094152
2.963479e-08,0.0096288028
2.973479e-08,0.0096496266
2.983479e-08,0.0096532169
2.993479e-08,0.0096331112
3.003479e-08,0.009595054
3.013479e-08,0.0095541245
3.023479e-08,0.0095268382
3.033479e-08,0.0095218118
3.043479e-08,0.0095347369
3.053479e-08,0.0095526884
3.063479e-08,0.0095613051
3.073479e-08,0.0095526884
3.083479e-08,0.0095289924
3.093479e-08,0.0095009881
3.103479e-08,0.0094808824
3.113479e-08,0.0094744198
3.123479e-08,0.009477292
3.133479e-08,0.0094787282
3.143479e-08,0.0094693934
3.153479e-08,0.0094456974
3.163479e-08,0.0094155388
3.173479e-08,0.0093925609
3.183479e-08,0.0093889706
3.193479e-08,0.0094083582
3.203479e-08,0.0094428251
3.213479e-08,0.0094758559
3.223479e-08,0.0094923713
3.233479e-08,0.0094851907
3.243479e-08,0.0094600586
3.253479e-08,0.0094306181
3.263479e-08,0.0094119485
3.273479e-08,0.0094112305
3.283479e-08,0.0094248736
3.293479e-08,0.009440671
3.303479e-08,0.0094464154
3.313479e-08,0.0094356445
3.323479e-08,0.0094133847
3.333479e-08,0.0093896886
3.343479e-08,0.0093774816
3.353479e-08,0.0093796358
3.363479e-08,0.0093896886
3.373479e-08,0.0093961512
3.383479e-08,0.0093889706
3.393479e-08,0.0093652746
3.403479e-08,0.009335116
3.413479e-08,0.00931142
3.423479e-08,0.0093085478
3.433479e-08,0.0093279354
3.443479e-08,0.009358812
3.453479e-08,0.0093846622
3.463479e-08,0.0093889706
3.473479e-08,0.0093667107
3.483479e-08,0.0093264993
3.493479e-08,0.0092862879
3.503479e-08,0.0092625919
3.513479e-08,0.00926331
3.523479e-08,0.0092819795
3.533479e-08,0.0093028033
3.543479e-08,0.0093085478
3.553479e-08,0.0092913143
3.563479e-08,0.0092561294
3.573479e-08,0.0092180722
3.583479e-08,0.0091936581
3.593479e-08,0.009192222
3.603479e-08,0.0092094554
3.613479e-08,0.0092309972
3.623479e-08,0.009239614
3.633479e-08,0.0092274069
3.643479e-08,0.0091965303
3.653479e-08,0.0091606273
3.663479e-08,0.0091362132
3.673479e-08,0.0091326229
3.683479e-08,0.0091477022
3.693479e-08,0.009169244
3.703479e-08,0.0091821691
3.713479e-08,0.0091764246
3.723479e-08,0.0091534467
3.733479e-08,0.0091240062
3.743479e-08,0.0091017463
3.753479e-08,0.0090952838
3.763479e-08,0.0091046186
3.773479e-08,0.0091182617
3.783479e-08,0.0091247243
3.793479e-08,0.0091161075
3.803479e-08,0.0090952838
3.813479e-08,0.0090708697
3.823479e-08,0.0090557904
3.833479e-08,0.0090572266
3.843479e-08,0.0090723058
3.853479e-08,0.0090909754
3.863479e-08,0.0091017463
3.873479e-08,0.0090967199
3.883479e-08,0.0090773323
3.893479e-08,0.0090522001
3.903479e-08,0.0090328125
3.913479e-08,0.0090256319
3.923479e-08,0.0090285041
3.933479e-08,0.0090335306
3.943479e-08,0.0090328125
3.953479e-08,0.0090206055
3.963479e-08,0.0089990636
3.973479e-08,0.0089775218
3.983479e-08,0.0089638787
3.993479e-08,0.0089610064
4.003479e-08,0.0089645967
4.013479e-08,0.0089645967
4.023479e-08,0.0089523897
4.033479e-08,0.0089251034
4.043479e-08,0.0088899184
4.053479e-08,0.0088568876
4.063479e-08,0.0088375
4.073479e-08,0.0088339097
4.083479e-08,0.0088410903
4.093479e-08,0.0088453987
4.103479e-08,0.0088375
4.113479e-08,0.0088123679
4.123479e-08,0.0087771829
4.133479e-08,0.008742716
4.143479e-08,0.0087226103
4.153479e-08,0.0087204561
4.163479e-08,0.0087297909
4.173479e-08,0.0087391257
4.183479e-08,0.0087340993
4.193479e-08,0.0087096852
4.203479e-08,0.0086687557
4.213479e-08,0.0086227999
4.223479e-08,0.0085847426
4.233479e-08,0.0085610466
4.243479e-08,0.0085488396
4.253479e-08,0.0085409409
4.263479e-08,0.0085272978
4.273479e-08,0.0085036018
4.283479e-08,0.0084734432
4.293479e-08,0.0084440028
4.303479e-08,0.0084238971
4.313479e-08,0.0084138442
4.323479e-08,0.0084088178
4.333479e-08,0.008399483
4.343479e-08,0.0083779412
4.353479e-08,0.0083441923
4.363479e-08,0.008304699
4.373479e-08,0.0082709501
4.383479e-08,0.0082515625
4.393479e-08,0.0082465361
4.403479e-08,0.0082479722
4.413479e-08,0.0082443819
4.423479e-08,0.0082285846
4.433479e-08,0.0082020163
4.443479e-08,0.0081740119
4.453479e-08,0.0081574966
4.463479e-08,0.0081596507
4.473479e-08,0.0081776023
4.483479e-08,0.008197708
4.493479e-08,0.0082034524
4.503479e-08,0.0081826287
4.513479e-08,0.0081381089
4.523479e-08,0.0080835363
4.533479e-08,0.0080397346
4.543479e-08,0.0080217831
4.553479e-08,0.0080318359
4.563479e-08,0.0080569681
4.573479e-08,0.0080785099
4.583479e-08,0.0080792279
4.593479e-08,0.0080555319
4.603479e-08,0.0080167567
4.613479e-08,0.0079815717
4.623479e-08,0.0079643382
4.633479e-08,0.0079693647
4.643479e-08,0.0079865981
4.653479e-08,0.007997369
4.663479e-08,0.0079873162
4.673479e-08,0.0079542854
4.683479e-08,0.0079090476
4.693479e-08,0.0078724265
4.703479e-08,0.0078609375
4.713479e-08,0.007878889
4.723479e-08,0.007914074
4.733479e-08,0.0079449506
4.743479e-08,0.0079528493
4.753479e-08,0.0079298713
4.763479e-08,0.0078860696
4.773479e-08,0.0078415499
4.783479e-08,0.0078149816
4.793479e-08,0.0078149816
4.803479e-08,0.0078329331
4.813479e-08,0.0078501666
4.823479e-08,0.0078494485
4.833479e-08,0.0078221622
4.843479e-08,0.0077776425
4.853479e-08,0.0077345588
4.863479e-08,0.0077115809
4.873479e-08,0.0077180434
4.883479e-08,0.0077453297
4.893479e-08,0.0077769244
4.903479e-08,0.0077920037
4.913479e-08,0.0077819508
4.923479e-08,0.0077517923
4.933479e-08,0.0077187615
4.943479e-08,0.0077000919
4.953479e-08,0.0077029642
4.963479e-08,0.0077216337
4.973479e-08,0.0077374311
4.983479e-08,0.0077345588
4.993479e-08,0.0077044003
5.003479e-08,0.0076555722
5.013479e-08,0.0076053079
5.023479e-08,0.0075737132
5.033479e-08,0.0075701229
5.043479e-08,0.0075880744
5.053479e-08,0.0076110524
5.063479e-08,0.0076196691
5.073479e-08,0.0076045898
5.083479e-08,0.0075701229
5.093479e-08,0.0075313477
5.103479e-08,0.0075047794
5.113479e-08,0.0074990349
5.123479e-08,0.0075083697
5.133479e-08,0.0075155503
5.143479e-08,0.0075047794
5.153479e-08,0.0074681583
5.163479e-08,0.0074128676
5.173479e-08,0.007357577
5.183479e-08,0.0073209559
5.193479e-08,0.0073137753
5.203479e-08,0.0073302907
5.213479e-08,0.0073547047
5.223479e-08,0.0073669118
5.233479e-08,0.0073554228
5.243479e-08,0.007322392
5.253479e-08,0.0072821806
5.263479e-08,0.0072520221
5.273479e-08,0.0072434053
5.283479e-08,0.0072527401
5.293479e-08,0.0072692555
5.303479e-08,0.007275
5.313479e-08,0.0072613568
5.323479e-08,0.0072311983
5.333479e-08,0.0071960133
5.343479e-08,0.0071715993
5.353479e-08,0.0071672909
5.363479e-08,0.0071816521
5.373479e-08,0.0072024759
5.383479e-08,0.0072175551
5.393479e-08,0.0072189913
5.403479e-08,0.0072082204
5.413479e-08,0.0071967314
5.423479e-08,0.0071945772
5.433479e-08,0.0072060662
5.443479e-08,0.0072240177
5.453479e-08,0.0072362247
5.463479e-08,0.0072290441
5.473479e-08,0.0071981675
5.483479e-08,0.0071522116
5.493479e-08,0.0071069738
5.503479e-08,0.0070796875
5.513479e-08,0.0070775333
5.523479e-08,0.0070947668
5.533479e-08,0.0071170267
5.543479e-08,0.0071256434
5.553479e-08,0.0071120002
5.563479e-08,0.0070789694
5.573479e-08,0.0070401942
5.583479e-08,0.0070107537
5.593479e-08,0.0070007008
5.603479e-08,0.0070064453
5.613479e-08,0.007015062
5.623479e-08,0.0070107537
5.633479e-08,0.0069834674
5.643479e-08,0.0069346392
5.653479e-08,0.0068771944
5.663479e-08,0.0068269301
5.673479e-08,0.0067960535
5.683479e-08,0.0067845646
5.693479e-08,0.0067838465
5.703479e-08,0.0067809743
5.713479e-08,0.006765895
5.723479e-08,0.0067378906
5.733479e-08,0.0067048598
5.743479e-08,0.0066775735
5.753479e-08,0.0066632123
5.763479e-08,0.0066617762
5.773479e-08,0.0066624943
5.783479e-08,0.0066545956
5.793479e-08,0.0066308996
5.803479e-08,0.0065914063
5.813479e-08,0.0065454504
5.823479e-08,0.006505239
5.833479e-08,0.0064779527
5.843479e-08,0.0064650276
5.853479e-08,0.006457847
5.863479e-08,0.0064477941
5.873479e-08,0.0064284065
5.883479e-08,0.0064004021
5.893479e-08,0.0063731158
5.903479e-08,0.0063558824
5.913479e-08,0.0063537282
5.923479e-08,0.0063644991
5.933479e-08,0.0063774242
5.943479e-08,0.0063788603
5.953479e-08,0.0063616268
5.963479e-08,0.0063257238
5.973479e-08,0.006281204
5.983479e-08,0.0062409926
5.993479e-08,0.0062165786
6.003479e-08,0.006209398
6.013479e-08,0.0062144244
6.023479e-08,0.0062180147
6.033479e-08,0.006210116
6.043479e-08,0.0061871381
6.053479e-08,0.0061519531
6.063479e-08,0.006114614
6.073479e-08,0.0060844554
6.083479e-08,0.0060650678
6.093479e-08,0.0060550149
6.103479e-08,0.0060456801
6.113479e-08,0.0060291648
6.123479e-08,0.0060018784
6.133479e-08,0.0059666935
6.143479e-08,0.0059307904
6.153479e-08,0.0059035041
6.163479e-08,0.005889861
6.173479e-08,0.005889861
6.183479e-08,0.0058963235
6.193479e-08,0.00590135
6.203479e-08,0.0058984777
6.213479e-08,0.0058848346
6.223479e-08,0.0058618566
6.233479e-08,0.0058352884
6.243479e-08,0.0058094382
6.253479e-08,0.0057878964
6.263479e-08,0.0057699449
6.273479e-08,0.0057541475
6.283479e-08,0.0057383502
6.293479e-08,0.0057203987
6.303479e-08,0.005701011
6.313479e-08,0.0056801873
6.323479e-08,0.0056600816
6.333479e-08,0.0056399759
6.343479e-08,0.0056205882
6.353479e-08,0.0056026367
6.363479e-08,0.0055868394
6.373479e-08,0.0055731962
6.383479e-08,0.0055631434
6.393479e-08,0.0055559628
6.403479e-08,0.0055487822
6.413479e-08,0.0055401654
6.423479e-08,0.0055286765
6.433479e-08,0.0055135972
6.443479e-08,0.0054970818
6.453479e-08,0.0054820025
6.463479e-08,0.0054712316
6.473479e-08,0.0054662052
6.483479e-08,0.0054647691
6.493479e-08,0.005464051
6.503479e-08,0.0054597426
6.513479e-08,0.0054489717
6.523479e-08,0.0054324563
6.533479e-08,0.0054116326
6.543479e-08,0.0053908088
6.553479e-08,0.0053728573
6.563479e-08,0.0053592142
6.573479e-08,0.0053505974
6.583479e-08,0.0053448529
6.593479e-08,0.0053412626
6.603479e-08,0.0053383904
6.613479e-08,0.0053355182
6.623479e-08,0.005333364
6.633479e-08,0.0053319278
6.643479e-08,0.0053319278
6.653479e-08,0.0053319278
6.663479e-08,0.005333364
6.673479e-08,0.0053355182
6.683479e-08,0.0053383904
6.693479e-08,0.0053419807
6.703479e-08,0.0053448529
6.713479e-08,0.005345571
6.723479e-08,0.0053419807
6.733479e-08,0.005334082
6.743479e-08,0.005321875
6.753479e-08,0.0053089499
6.763479e-08,0.0052996151
6.773479e-08,0.0052960248
6.783479e-08,0.0052988971
6.793479e-08,0.0053060777
6.803479e-08,0.0053125402
6.813479e-08,0.0053146944
6.823479e-08,0.005310386
6.833479e-08,0.0053003332
6.843479e-08,0.0052895623
6.853479e-08,0.0052802275
6.863479e-08,0.0052759191
6.873479e-08,0.005274483
6.883479e-08,0.0052708927
6.893479e-08,0.0052615579
6.903479e-08,0.0052414522
6.913479e-08,0.0052134478
6.923479e-08,0.0051818532
6.933479e-08,0.0051552849
6.943479e-08,0.0051380515
6.953479e-08,0.0051315889
6.963479e-08,0.005132307
6.973479e-08,0.005133025
6.983479e-08,0.0051265625
6.993479e-08,0.0051107652
7.003479e-08,0.0050870692
7.013479e-08,0.0050633732
7.023479e-08,0.0050461397
7.033479e-08,0.0050396772
7.043479e-08,0.0050439855
7.053479e-08,0.0050533203
7.063479e-08,0.0050576287
7.073479e-08,0.0050504481
7.083479e-08,0.0050289063
7.093479e-08,0.0049944393
7.103479e-08,0.0049542279
7.113479e-08,0.0049161707
7.123479e-08,0.0048860122
7.133479e-08,0.0048687787
7.143479e-08,0.0048623162
7.153479e-08,0.0048637523
7.163479e-08,0.0048666245
7.173479e-08,0.0048680607
7.183479e-08,0.0048623162
7.193479e-08,0.004848673
7.203479e-08,0.0048278493
7.213479e-08,0.004800563
7.223479e-08,0.0047704044
7.233479e-08,0.0047409639
7.243479e-08,0.0047158318
7.253479e-08,0.004695008
7.263479e-08,0.0046784926
7.273479e-08,0.0046626953
7.283479e-08,0.0046454619
7.293479e-08,0.004623202
7.303479e-08,0.0045980699
7.313479e-08,0.0045722197
7.323479e-08,0.0045513959
7.333479e-08,0.0045363166
7.343479e-08,0.004529136
7.353479e-08,0.0045255457
7.363479e-08,0.0045198012
7.373479e-08,0.0045097484
7.383479e-08,0.0044946691
7.393479e-08,0.0044774357
7.403479e-08,0.0044637925
7.413479e-08,0.0044587661
7.423479e-08,0.0044602022
7.433479e-08,0.0044637925
7.443479e-08,0.0044609203
7.453479e-08,0.0044451229
7.463479e-08,0.0044142463
7.473479e-08,0.004375471
7.483479e-08,0.004339568
7.493479e-08,0.0043194623
7.503479e-08,0.0043223346
7.513479e-08,0.0043453125
7.523479e-08,0.0043776252
7.533479e-08,0.0044049115
7.543479e-08,0.0044142463
7.553479e-08,0.0044013212
7.563479e-08,0.0043718807
7.573479e-08,0.0043381319
7.583479e-08,0.0043108456
7.593479e-08,0.0042986386
7.603479e-08,0.0042993566
7.613479e-08,0.0043072553
7.623479e-08,0.0043108456
7.633479e-08,0.0043051011
7.643479e-08,0.0042893038
7.653479e-08,0.0042699161
7.663479e-08,0.0042534007
7.673479e-08,0.0042455021
7.683479e-08,0.004244784
7.693479e-08,0.0042462201
7.703479e-08,0.0042419118
7.713479e-08,0.0042275506
7.723479e-08,0.0042052907
7.733479e-08,0.0041801585
7.743479e-08,0.004161489
7.753479e-08,0.0041550264
7.763479e-08,0.0041607709
7.773479e-08,0.004173696
7.783479e-08,0.0041844669
7.793479e-08,0.0041866211
7.803479e-08,0.0041772863
7.813479e-08,0.0041593348
7.823479e-08,0.004138511
7.833479e-08,0.0041219956
7.843479e-08,0.0041119428
7.853479e-08,0.0041076344
7.863479e-08,0.0041040441
7.873479e-08,0.0040968635
7.883479e-08,0.0040832204
7.893479e-08,0.0040652688
7.903479e-08,0.0040465993
7.913479e-08,0.00403152
7.923479e-08,0.0040214671
7.933479e-08,0.0040157227
7.943479e-08,0.0040121324
7.953479e-08,0.0040063879
7.963479e-08,0.0039970531
7.973479e-08,0.0039826919
7.983479e-08,0.0039661765
7.993479e-08,0.003948225
8.003479e-08,0.0039309915
8.013479e-08,0.003913758
8.023479e-08,0.0038972426
8.033479e-08,0.0038807273
8.043479e-08,0.003865648
8.053479e-08,0.0038520048
8.063479e-08,0.0038397978
8.073479e-08,0.0038283088
8.083479e-08,0.0038153837
8.093479e-08,0.0038003045
8.103479e-08,0.0037823529
8.113479e-08,0.0037636834
8.123479e-08,0.0037486041
8.133479e-08,0.0037392693
8.143479e-08,0.0037363971
8.153479e-08,0.0037371151
8.163479e-08,0.0037363971
8.173479e-08,0.0037292165
8.183479e-08,0.0037134191
8.193479e-08,0.0036911592
8.203479e-08,0.0036681813
8.213479e-08,0.0036516659
8.223479e-08,0.0036444853
8.233479e-08,0.0036466395
8.243479e-08,0.0036516659
8.253479e-08,0.003653102
8.263479e-08,0.0036444853
8.273479e-08,0.0036250977
8.283479e-08,0.0036006836
8.293479e-08,0.0035777057
8.303479e-08,0.0035640625
8.313479e-08,0.0035626264
8.323479e-08,0.0035719612
8.333479e-08,0.0035856043
8.343479e-08,0.0035985294
8.353479e-08,0.0036071461
8.363479e-08,0.0036107364
8.373479e-08,0.0036107364
8.383479e-08,0.0036100184
8.393479e-08,0.0036071461
8.403479e-08,0.0035999655
8.413479e-08,0.0035856043
8.423479e-08,0.0035640625
8.433479e-08,0.0035389304
8.443479e-08,0.0035166705
8.453479e-08,0.0035051815
8.463479e-08,0.0035066176
8.473479e-08,0.0035181066
8.483479e-08,0.0035317498
8.493479e-08,0.0035374943
8.503479e-08,0.0035295956
8.513479e-08,0.0035080538
8.523479e-08,0.0034807675
8.533479e-08,0.0034585076
8.543479e-08,0.0034491728
8.553479e-08,0.0034549173
8.563479e-08,0.0034685604
8.573479e-08,0.0034814855
8.583479e-08,0.0034836397
8.593479e-08,0.0034714327
8.603479e-08,0.0034498909
8.613479e-08,0.003427631
8.623479e-08,0.0034147059
8.633479e-08,0.0034147059
8.643479e-08,0.0034240407
8.653479e-08,0.0034348116
8.663479e-08,0.0034376838
8.673479e-08,0.003427631
8.683479e-08,0.0034068072
8.693479e-08,0.0033838293
8.703479e-08,0.00336875
8.713479e-08,0.0033680319
8.723479e-08,0.003380239
8.733479e-08,0.0033989085
8.743479e-08,0.0034147059
8.753479e-08,0.0034211684
8.763479e-08,0.003416142
8.773479e-08,0.003403935
8.783479e-08,0.0033917279
8.793479e-08,0.0033838293
8.803479e-08,0.003380957
8.813479e-08,0.0033816751
8.823479e-08,0.003380239
8.833479e-08,0.0033752125
8.843479e-08,0.0033665958
8.853479e-08,0.0033594152
8.863479e-08,0.003357261
8.873479e-08,0.0033622875
8.883479e-08,0.0033716222
8.893479e-08,0.0033795209
8.903479e-08,0.003380239
8.913479e-08,0.0033716222
8.923479e-08,0.0033551068
8.933479e-08,0.0033364373
8.943479e-08,0.0033227941
8.953479e-08,0.0033163316
8.963479e-08,0.0033163316
8.973479e-08,0.0033163316
8.983479e-08,0.0033113051
8.993479e-08,0.0032983801
9.003479e-08,0.0032782744
9.013479e-08,0.0032581687
9.023479e-08,0.0032423713
9.033479e-08,0.0032351907
9.043479e-08,0.0032344727
9.053479e-08,0.0032351907
9.063479e-08,0.0032308824
9.073479e-08,0.0032179573
9.083479e-08,0.0031964154
9.093479e-08,0.0031720014
9.103479e-08,0.0031504596
9.113479e-08,0.0031346622
9.123479e-08,0.0031260455
9.133479e-08,0.0031210191
9.143479e-08,0.0031159926
9.153479e-08,0.003108094
9.163479e-08,0.0030987592
9.173479e-08,0.0030887063
9.183479e-08,0.0030815257
9.193479e-08,0.0030757813
9.203479e-08,0.0030686006
9.213479e-08,0.0030556756
9.223479e-08,0.0030355699
9.233479e-08,0.0030090016
9.243479e-08,0.0029824334
9.253479e-08,0.0029623277
9.263479e-08,0.0029551471
9.273479e-08,0.0029601735
9.283479e-08,0.0029716625
9.293479e-08,0.0029802792
9.303479e-08,0.002978125
9.313479e-08,0.0029616096
9.323479e-08,0.0029350414
9.333479e-08,0.002907037
9.343479e-08,0.0028862132
9.353479e-08,0.0028783146
9.363479e-08,0.0028804688
9.373479e-08,0.0028862132
9.383479e-08,0.0028862132
9.393479e-08,0.0028747243
9.403479e-08,0.0028510283
9.413479e-08,0.0028215878
9.423479e-08,0.0027943015
9.433479e-08,0.00277635
9.443479e-08,0.0027691693
9.453479e-08,0.0027698874
9.463479e-08,0.0027713235
9.473479e-08,0.0027677332
9.483479e-08,0.0027562443
9.493479e-08,0.0027368566
9.503479e-08,0.0027138787
9.513479e-08,0.0026909007
9.523479e-08,0.002670077
9.533479e-08,0.0026514074
9.543479e-08,0.0026334559
9.553479e-08,0.0026155044
9.563479e-08,0.0025982709
9.573479e-08,0.0025839097
9.583479e-08,0.002576011
9.593479e-08,0.0025738568
9.603479e-08,0.0025745749
9.613479e-08,0.0025731388
9.623479e-08,0.0025645221
9.633479e-08,0.0025465705
9.643479e-08,0.0025200023
9.653479e-08,0.0024898438
9.663479e-08,0.0024611213
9.673479e-08,0.0024381434
9.683479e-08,0.0024209099
9.693479e-08,0.0024065487
9.703479e-08,0.0023921875
9.713479e-08,0.002374954
9.723479e-08,0.0023548483
9.733479e-08,0.0023361788
9.743479e-08,0.0023232537
9.753479e-08,0.0023175092
9.763479e-08,0.0023189453
9.773479e-08,0.0023225356
9.783479e-08,0.0023232537
9.793479e-08,0.0023167911
9.803479e-08,0.0023024299
9.813479e-08,0.0022837603
9.823479e-08,0.0022658088
9.833479e-08,0.0022521657
9.843479e-08,0.0022457031
9.853479e-08,0.0022435489
9.863479e-08,0.0022428309
9.873479e-08,0.0022392406
9.883479e-08,0.0022306239
9.893479e-08,0.0022155446
9.903479e-08,0.002196875
9.913479e-08,0.0021760512
9.923479e-08,0.0021559455
9.933479e-08,0.0021358398
9.943479e-08,0.0021164522
9.953479e-08,0.0020970646
9.963479e-08,0.0020791131
9.973479e-08,0.0020618796
9.983479e-08,0.0020475184
9.993479e-08,0.0020353114
1.000348e-07,0.0020245404
1.001348e-07,0.0020137695
1.002348e-07,0.0020015625
1.003348e-07,0.0019872013
1.004348e-07,0.001972122
1.005348e-07,0.0019570427
1.006348e-07,0.0019441176
1.007348e-07,0.0019326287
1.008348e-07,0.0019218578
1.009348e-07,0.0019103688
1.010348e-07,0.0018981618
1.011348e-07,0.0018859547
1.012348e-07,0.0018751838
1.013348e-07,0.0018672852
1.014348e-07,0.0018636949
1.015348e-07,0.0018622587
1.016348e-07,0.0018615407
1.017348e-07,0.0018579504
1.018348e-07,0.0018522059
1.019348e-07,0.0018457433
1.020348e-07,0.001842153
1.021348e-07,0.0018443072
1.022348e-07,0.0018522059
1.023348e-07,0.0018629768
1.024348e-07,0.0018715935
1.025348e-07,0.0018723116
1.026348e-07,0.0018636949
1.027348e-07,0.0018471795
1.028348e-07,0.0018277918
1.029348e-07,0.0018134306
1.030348e-07,0.00180625
1.031348e-07,0.0018069681
1.032348e-07,0.0018112764
1.033348e-07,0.0018119945
1.034348e-07,0.00180625
1.035348e-07,0.0017933249
1.036348e-07,0.0017775276
1.037348e-07,0.0017653205
1.038348e-07,0.0017602941
1.039348e-07,0.0017631664
1.040348e-07,0.0017689108
1.041348e-07,0.0017696289
1.042348e-07,0.0017602941
1.043348e-07,0.0017387523
1.044348e-07,0.0017093118
1.045348e-07,0.0016798713
1.046348e-07,0.0016568934
1.047348e-07,0.0016446864
1.048348e-07,0.001641096
1.049348e-07,0.0016396599
1.050348e-07,0.0016339154
1.051348e-07,0.0016195542
1.052348e-07,0.0015980124
1.053348e-07,0.0015735983
1.054348e-07,0.0015534926
1.055348e-07,0.0015405676
1.056348e-07,0.001534105
1.057348e-07,0.0015290786
1.058348e-07,0.0015190257
1.059348e-07,0.00149892
1.060348e-07,0.0014701976
1.061348e-07,0.0014364488
1.062348e-07,0.001404136
1.063348e-07,0.0013790039
1.064348e-07,0.0013632066
1.065348e-07,0.0013538718
1.066348e-07,0.0013466912
1.067348e-07,0.0013366383
1.068348e-07,0.0013229952
1.069348e-07,0.0013057617
1.070348e-07,0.0012892463
1.071348e-07,0.0012748851
1.072348e-07,0.0012641142
1.073348e-07,0.0012547794
1.074348e-07,0.0012432904
1.075348e-07,0.0012274931
1.076348e-07,0.0012066693
1.077348e-07,0.0011844095
1.078348e-07,0.0011628676
1.079348e-07,0.0011463523
1.080348e-07,0.0011348633
1.081348e-07,0.0011298369
1.082348e-07,0.0011284007
1.083348e-07,0.0011291188
1.084348e-07,0.001131273
1.085348e-07,0.0011348633
1.086348e-07,0.0011398897
1.087348e-07,0.0011449161
1.088348e-07,0.0011477884
1.089348e-07,0.0011470703
1.090348e-07,0.0011398897
1.091348e-07,0.0011276827
1.092348e-07,0.0011140395
1.093348e-07,0.0011011144
1.094348e-07,0.0010939338
1.095348e-07,0.0010924977
1.096348e-07,0.0010953699
1.097348e-07,0.0011003964
1.098348e-07,0.0011054228
1.099348e-07,0.0011090131
1.100348e-07,0.0011133215
1.101348e-07,0.001119784
1.102348e-07,0.0011284007
1.103348e-07,0.0011384536
1.104348e-07,0.0011456342
1.105348e-07,0.0011470703
1.106348e-07,0.0011398897
1.107348e-07,0.0011262466
1.108348e-07,0.0011104492
1.109348e-07,0.0010989602
1.110348e-07,0.0010939338
1.111348e-07,0.001096088
1.112348e-07,0.0011003964
1.113348e-07,0.0011011144
1.114348e-07,0.0010939338
1.115348e-07,0.0010774184
1.116348e-07,0.0010565947
1.117348e-07,0.001037207
1.118348e-07,0.001025
1.119348e-07,0.0010221278
1.120348e-07,0.0010257181
1.121348e-07,0.0010285903
1.122348e-07,0.001025
1.123348e-07,0.0010113568
1.124348e-07,0.00098981503
1.125348e-07,0.00096540097
1.126348e-07,0.00094457721
1.127348e-07,0.00093165211
1.128348e-07,0.00092662569
1.129348e-07,0.00092518957
1.130348e-07,0.00092159926
1.131348e-07,0.00091226448
1.132348e-07,0.00089790326
1.133348e-07,0.00087995175
1.134348e-07,0.00086415441
1.135348e-07,0.0008533835
1.136348e-07,0.00084763902
1.137348e-07,0.00084476677
1.138348e-07,0.00084117647
1.139348e-07,0.00083399586
1.140348e-07,0.00082322495
1.141348e-07,0.0008131721
1.142348e-07,0.00080670956
1.143348e-07,0.00080670956
1.144348e-07,0.0008131721
1.145348e-07,0.00082250689
1.146348e-07,0.0008296875
1.147348e-07,0.00083112362
1.148348e-07,0.00082681526
1.149348e-07,0.00081748047
1.150348e-07,0.00080670956
1.151348e-07,0.00079809283
1.152348e-07,0.00079163028
1.153348e-07,0.00078803998
1.154348e-07,0.00078373162
1.155348e-07,0.00077798713
1.156348e-07,0.00077008847
1.157348e-07,0.00076003562
1.158348e-07,0.00074926471
1.159348e-07,0.00073777574
1.160348e-07,0.0007255687
1.161348e-07,0.00070977137
1.162348e-07,0.00069181985
1.163348e-07,0.00067171415
1.164348e-07,0.00065376264
1.165348e-07,0.00064011949
1.166348e-07,0.000634375
1.167348e-07,0.00063509306
1.168348e-07,0.00063868336
1.169348e-07,0.00064011949
1.170348e-07,0.000634375
1.171348e-07,0.00062001379
1.172348e-07,0.00059847197
1.173348e-07,0.00057477597
1.174348e-07,0.00055395221
1.175348e-07,0.00053815487
1.176348e-07,0.00052810202
1.177348e-07,0.00051876723
1.178348e-07,0.00050799632
1.179348e-07,0.00049291705
1.180348e-07,0.00047568359
1.181348e-07,0.00045988626
1.182348e-07,0.00045055147
1.183348e-07,0.00045198759
1.184348e-07,0.0004627585
1.185348e-07,0.00047999196
1.186348e-07,0.00049650735
1.187348e-07,0.00050727826
1.188348e-07,0.00051015051
1.189348e-07,0.00050512408
1.190348e-07,0.00049650735
1.191348e-07,0.00048860869
1.192348e-07,0.00048358226
1.193348e-07,0.00048358226
1.194348e-07,0.00048501838
1.195348e-07,0.00048573644
1.196348e-07,0.0004828642
1.197348e-07,0.00047496553
1.198348e-07,0.00046204044
1.199348e-07,0.00044624311
1.200348e-07,0.00042829159
1.201348e-07,0.00041034007
1.202348e-07,0.00039310662
1.203348e-07,0.00037730928
1.204348e-07,0.00036582031
1.205348e-07,0.00035863971
1.206348e-07,0.00035863971
1.207348e-07,0.00036510225
1.208348e-07,0.0003751551
1.209348e-07,0.00038592601
1.210348e-07,0.00039310662
1.211348e-07,0.00039310662
1.212348e-07,0.00038592601
1.213348e-07,0.00037300092
1.214348e-07,0.00035863971
1.215348e-07,0.00034715074
1.216348e-07,0.00034212431
1.217348e-07,0.00034284237
1.218348e-07,0.00034715074
1.219348e-07,0.00035217716
1.220348e-07,0.00035433134
1.221348e-07,0.00035217716
1.222348e-07,0.00034715074
1.223348e-07,0.00034068819
1.224348e-07,0.00033637983
1.225348e-07,0.00033422564
1.226348e-07,0.00033566176
1.227348e-07,0.00033781595
1.228348e-07,0.00033925207
1.229348e-07,0.00033853401
1.230348e-07,0.00033566176
1.231348e-07,0.00033207146
1.232348e-07,0.00032991728
1.233348e-07,0.0003313534
1.234348e-07,0.00033566176
1.235348e-07,0.00034140625
1.236348e-07,0.00034571461
1.237348e-07,0.00034427849
1.238348e-07,0.00033566176
1.239348e-07,0.00031914637
1.240348e-07,0.00029760455
1.241348e-07,0.00027462661
1.242348e-07,0.00025523897
1.243348e-07,0.00024159582
1.244348e-07,0.00023513327
1.245348e-07,0.00023297909
1.246348e-07,0.00023226103
1.247348e-07,0.00023010685
1.248348e-07,0.00022579848
1.249348e-07,0.00021789982
1.250348e-07,0.00020928309
1.251348e-07,0.00020138442
1.252348e-07,0.000196358
1.253348e-07,0.00019133157
1.254348e-07,0.00018630515
1.255348e-07,0.00017768842
1.256348e-07,0.00016404527
1.257348e-07,0.00014681181
1.258348e-07,0.00012886029
1.259348e-07,0.00011449908
1.260348e-07,0.00010588235
1.261348e-07,0.00010372817
1.262348e-07,0.00010588235
1.263348e-07,0.00010660041
1.264348e-07,0.00010229205
1.265348e-07,9.0085018e-05
1.266348e-07,7.1415441e-05
1.267348e-07,5.1309743e-05
1.268348e-07,3.4794347e-05
1.269348e-07,2.6177619e-05
1.270348e-07,2.5459559e-05
1.271348e-07,2.8331801e-05
1.272348e-07,2.9049862e-05
1.273348e-07,2.1151195e-05
1.274348e-07,2.4816176e-06
1.275348e-07,-2.3368566e-05
1.276348e-07,-4.9936811e-05
1.277348e-07,-7.0042509e-05
1.278348e-07,-7.7941176e-05
1.279348e-07,-7.3632812e-05
1.280348e-07,-6.1425781e-05
1.281348e-07,-4.921875e-05
1.282348e-07,-4.3474265e-05
1.283348e-07,-4.921875e-05
1.284348e-07,-6.5016085e-05
1.285348e-07,-8.7994026e-05
1.286348e-07,-0.00011240809
1.287348e-07,-0.00013466797
1.288348e-07,-0.00015333755
1.289348e-07,-0.00016841682
1.290348e-07,-0.00018134191
1.291348e-07,-0.00019283088
1.292348e-07,-0.00020144761
1.293348e-07,-0.00020575597
1.294348e-07,-0.00020431985
1.295348e-07,-0.00019713925
1.296348e-07,-0.00018780446
1.297348e-07,-0.00018134191
1.298348e-07,-0.00018134191
1.299348e-07,-0.00018995864
1.300348e-07,-0.00020503791
1.301348e-07,-0.00022298943
1.302348e-07,-0.00023878676
1.303348e-07,-0.00024955767
1.304348e-07,-0.00025530216
1.305348e-07,-0.0002581744
1.306348e-07,-0.00026176471
1.307348e-07,-0.00026679113
1.308348e-07,-0.00027253562
1.309348e-07,-0.00027612592
1.310348e-07,-0.00027325368
1.311348e-07,-0.00026176471
1.312348e-07,-0.00024309513
1.313348e-07,-0.00022155331
1.314348e-07,-0.00020431985
1.315348e-07,-0.00019642119
1.316348e-07,-0.00020144761
1.317348e-07,-0.00021652688
1.318348e-07,-0.00023878676
1.319348e-07,-0.00026176471
1.320348e-07,-0.00027971622
1.321348e-07,-0.00029120519
1.322348e-07,-0.00029623162
1.323348e-07,-0.00029623162
1.324348e-07,-0.00029335937
1.325348e-07,-0.00028976907
1.326348e-07,-0.00028474265
1.327348e-07,-0.0002782801
1.328348e-07,-0.00027038143
1.329348e-07,-0.00026104665
1.330348e-07,-0.00025027574
1.331348e-07,-0.00024022289
1.332348e-07,-0.00023160616
1.333348e-07,-0.00022729779
1.334348e-07,-0.00022729779
1.335348e-07,-0.00023304228
1.336348e-07,-0.00024524931
1.337348e-07,-0.00026320083
1.338348e-07,-0.00028474265
1.339348e-07,-0.00030628447
1.340348e-07,-0.00032279986
1.341348e-07,-0.00033213465
1.342348e-07,-0.00033069853
1.343348e-07,-0.00031992762
1.344348e-07,-0.00030341222
1.345348e-07,-0.00028546071
1.346348e-07,-0.00027325368
1.347348e-07,-0.00026966337
1.348348e-07,-0.00027540786
1.349348e-07,-0.00028905101
1.350348e-07,-0.00030772059
1.351348e-07,-0.00032639017
1.352348e-07,-0.00034146944
1.353348e-07,-0.00035080423
1.354348e-07,-0.00035367647
1.355348e-07,-0.00035152229
1.356348e-07,-0.00034505974
1.357348e-07,-0.00033716108
1.358348e-07,-0.00033069853
1.359348e-07,-0.00032782629
1.360348e-07,-0.00033069853
1.361348e-07,-0.00034003332
1.362348e-07,-0.00035367647
1.363348e-07,-0.00036875574
1.364348e-07,-0.00038096278
1.365348e-07,-0.00038814338
1.366348e-07,-0.00038814338
1.367348e-07,-0.00038311696
1.368348e-07,-0.00037737247
1.369348e-07,-0.00037450023
1.370348e-07,-0.00037665441
1.371348e-07,-0.00038455308
1.372348e-07,-0.00039460593
1.373348e-07,-0.00040465878
1.374348e-07,-0.00041112132
1.375348e-07,-0.00041327551
1.376348e-07,-0.00041399357
1.377348e-07,-0.00041542969
1.378348e-07,-0.00042261029
1.379348e-07,-0.00043553539
1.380348e-07,-0.0004534869
1.381348e-07,-0.0004735926
1.382348e-07,-0.00049154412
1.383348e-07,-0.00050518727
1.384348e-07,-0.00051452206
1.385348e-07,-0.0005209846
1.386348e-07,-0.00052601103
1.387348e-07,-0.00053247358
1.388348e-07,-0.00054037224
1.389348e-07,-0.00055042509
1.390348e-07,-0.00056047794
1.391348e-07,-0.00057053079
1.392348e-07,-0.00057914752
1.393348e-07,-0.00058776425
1.394348e-07,-0.00059494485
1.395348e-07,-0.00060068934
1.396348e-07,-0.00060571576
1.397348e-07,-0.00061002413
1.398348e-07,-0.00061792279
1.399348e-07,-0.00063084789
1.400348e-07,-0.00065238971
1.401348e-07,-0.00067967601
1.402348e-07,-0.00070983456
1.403348e-07,-0.00073496668
1.404348e-07,-0.0007493279
1.405348e-07,-0.00074789177
1.406348e-07,-0.0007328125
1.407348e-07,-0.0007127068
1.408348e-07,-0.00069690947
1.409348e-07,-0.00069475528
1.410348e-07,-0.00070983456
1.411348e-07,-0.00073783892
1.412348e-07,-0.00076871553
1.413348e-07,-0.00079169347
1.414348e-07,-0.00080174632
1.415348e-07,-0.00079815602
1.416348e-07,-0.00078882123
1.417348e-07,-0.00078379481
1.418348e-07,-0.00079025735
1.419348e-07,-0.00080964499
1.420348e-07,-0.00083549517
1.421348e-07,-0.00085847312
1.422348e-07,-0.00087068015
1.423348e-07,-0.00086924403
1.424348e-07,-0.00085919118
1.425348e-07,-0.00084842027
1.426348e-07,-0.00084770221
1.427348e-07,-0.0008606273
1.428348e-07,-0.00088504136
1.429348e-07,-0.00091448185
1.430348e-07,-0.00093961397
1.431348e-07,-0.00095469324
1.432348e-07,-0.00096043773
1.433348e-07,-0.00096115579
1.434348e-07,-0.00096259191
1.435348e-07,-0.00096905446
1.436348e-07,-0.00097982537
1.437348e-07,-0.00099059628
1.438348e-07,-0.00099705882
1.439348e-07,-0.00099705882
1.440348e-07,-0.00099346852
1.441348e-07,-0.0009920324
1.442348e-07,-0.00099705882
1.443348e-07,-0.0010121381
1.444348e-07,-0.001035116
1.445348e-07,-0.0010595301
1.446348e-07,-0.0010774816
1.447348e-07,-0.0010860983
1.448348e-07,-0.0010853803
1.449348e-07,-0.0010803539
1.450348e-07,-0.0010774816
1.451348e-07,-0.0010810719
1.452348e-07,-0.0010904067
1.453348e-07,-0.0011026137
1.454348e-07,-0.0011119485
1.455348e-07,-0.0011148208
1.456348e-07,-0.0011112305
1.457348e-07,-0.0011047679
1.458348e-07,-0.0011004596
1.459348e-07,-0.0011004596
1.460348e-07,-0.001106204
1.461348e-07,-0.0011148208
1.462348e-07,-0.0011234375
1.463348e-07,-0.0011320542
1.464348e-07,-0.001140671
1.465348e-07,-0.001152878
1.466348e-07,-0.0011693934
1.467348e-07,-0.0011894991
1.468348e-07,-0.0012088867
1.469348e-07,-0.0012225299
1.470348e-07,-0.0012268382
1.471348e-07,-0.0012225299
1.472348e-07,-0.0012146312
1.473348e-07,-0.0012096048
1.474348e-07,-0.0012153493
1.475348e-07,-0.0012325827
1.476348e-07,-0.0012577148
1.477348e-07,-0.0012842831
1.478348e-07,-0.001307261
1.479348e-07,-0.0013230584
1.480348e-07,-0.0013331112
1.481348e-07,-0.0013417279
1.482348e-07,-0.0013532169
1.483348e-07,-0.0013682962
1.484348e-07,-0.0013840935
1.485348e-07,-0.0013955825
1.486348e-07,-0.0013991728
1.487348e-07,-0.0013941464
1.488348e-07,-0.0013848116
1.489348e-07,-0.0013769129
1.490348e-07,-0.0013761949
1.491348e-07,-0.0013833755
1.492348e-07,-0.0013948644
1.493348e-07,-0.0014056353
1.494348e-07,-0.0014106618
1.495348e-07,-0.0014106618
1.496348e-07,-0.0014106618
1.497348e-07,-0.0014171243
1.498348e-07,-0.0014336397
1.499348e-07,-0.0014594899
1.500348e-07,-0.0014874943
1.501348e-07,-0.001508318
1.502348e-07,-0.0015140625
1.503348e-07,-0.0015047277
1.504348e-07,-0.0014853401
1.505348e-07,-0.0014659524
1.506348e-07,-0.0014566176
1.507348e-07,-0.001460208
1.508348e-07,-0.0014745692
1.509348e-07,-0.0014910846
1.510348e-07,-0.0015025735
1.511348e-07,-0.0015054458
1.512348e-07,-0.0015018555
1.513348e-07,-0.0014989832
1.514348e-07,-0.0015025735
1.515348e-07,-0.0015147806
1.516348e-07,-0.001531296
1.517348e-07,-0.0015449391
1.518348e-07,-0.0015485294
1.519348e-07,-0.0015399127
1.520348e-07,-0.0015233973
1.521348e-07,-0.001508318
1.522348e-07,-0.0015025735
1.523348e-07,-0.0015104722
1.524348e-07,-0.0015298598
1.525348e-07,-0.0015528378
1.526348e-07,-0.0015715074
1.527348e-07,-0.0015822783
1.528348e-07,-0.0015858686
1.529348e-07,-0.0015880227
1.530348e-07,-0.0015944853
1.531348e-07,-0.0016066923
1.532348e-07,-0.0016224897
1.533348e-07,-0.0016354148
1.534348e-07,-0.0016404412
1.535348e-07,-0.0016375689
1.536348e-07,-0.0016318244
1.537348e-07,-0.0016311064
1.538348e-07,-0.0016404412
1.539348e-07,-0.0016612649
1.540348e-07,-0.0016871151
1.541348e-07,-0.001709375
1.542348e-07,-0.001720864
1.543348e-07,-0.0017194278
1.544348e-07,-0.0017115292
1.545348e-07,-0.0017050666
1.546348e-07,-0.001709375
1.547348e-07,-0.0017251723
1.548348e-07,-0.0017467142
1.549348e-07,-0.0017639476
1.550348e-07,-0.0017668199
1.551348e-07,-0.0017531767
1.552348e-07,-0.0017273265
1.553348e-07,-0.0017014763
1.554348e-07,-0.0016863971
1.555348e-07,-0.0016878332
1.556348e-07,-0.0017043486
1.557348e-07,-0.0017258904
1.558348e-07,-0.0017438419
1.559348e-07,-0.0017517406
1.560348e-07,-0.0017495864
1.561348e-07,-0.00174456
1.562348e-07,-0.0017438419
1.563348e-07,-0.0017503045
1.564348e-07,-0.0017610754
1.565348e-07,-0.0017696921
1.566348e-07,-0.0017668199
1.567348e-07,-0.0017510225
1.568348e-07,-0.0017258904
1.569348e-07,-0.0017007583
1.570348e-07,-0.0016863971
1.571348e-07,-0.0016878332
1.572348e-07,-0.0017036305
1.573348e-07,-0.0017258904
1.574348e-07,-0.0017438419
1.575348e-07,-0.0017517406
1.576348e-07,-0.0017481503
1.577348e-07,-0.0017395335
1.578348e-07,-0.0017323529
1.579348e-07,-0.0017301988
1.580348e-07,-0.001733071
1.581348e-07,-0.0017359432
1.582348e-07,-0.0017323529
1.583348e-07,-0.001721582
1.584348e-07,-0.0017065028
1.585348e-07,-0.0016957318
1.586348e-07,-0.001697886
1.587348e-07,-0.0017158375
1.588348e-07,-0.0017467142
1.589348e-07,-0.0017826172
1.590348e-07,-0.0018127757
1.591348e-07,-0.0018307273
1.592348e-07,-0.0018371898
1.593348e-07,-0.0018364717
1.594348e-07,-0.0018357537
1.595348e-07,-0.001840062
1.596348e-07,-0.0018486788
1.597348e-07,-0.0018565774
1.598348e-07,-0.0018587316
1.599348e-07,-0.0018522691
1.600348e-07,-0.001839344
1.601348e-07,-0.001827855
1.602348e-07,-0.0018242647
1.603348e-07,-0.0018335995
1.604348e-07,-0.0018537052
1.605348e-07,-0.0018766831
1.606348e-07,-0.0018931985
1.607348e-07,-0.0018975069
1.608348e-07,-0.0018896082
1.609348e-07,-0.0018738109
1.610348e-07,-0.0018587316
1.611348e-07,-0.001850833
1.612348e-07,-0.001850833
1.613348e-07,-0.0018551413
1.614348e-07,-0.0018587316
1.615348e-07,-0.0018558594
1.616348e-07,-0.0018458065
1.617348e-07,-0.0018335995
1.618348e-07,-0.0018242647
1.619348e-07,-0.0018228286
1.620348e-07,-0.0018314453
1.621348e-07,-0.0018450885
1.622348e-07,-0.0018587316
1.623348e-07,-0.0018673483
1.624348e-07,-0.0018687845
1.625348e-07,-0.0018644761
1.626348e-07,-0.0018587316
1.627348e-07,-0.0018537052
1.628348e-07,-0.001851551
1.629348e-07,-0.0018501149
1.630348e-07,-0.0018472426
1.631348e-07,-0.0018414982
1.632348e-07,-0.0018328814
1.633348e-07,-0.0018264189
1.634348e-07,-0.0018242647
1.635348e-07,-0.0018292911
1.636348e-07,-0.0018407801
1.637348e-07,-0.0018558594
1.638348e-07,-0.0018702206
1.639348e-07,-0.0018817096
1.640348e-07,-0.0018896082
1.641348e-07,-0.0018960708
1.642348e-07,-0.0019046875
1.643348e-07,-0.0019161765
1.644348e-07,-0.0019291016
1.645348e-07,-0.0019420267
1.646348e-07,-0.0019506434
1.647348e-07,-0.0019549517
1.648348e-07,-0.0019563879
1.649348e-07,-0.001957824
1.650348e-07,-0.0019621324
1.651348e-07,-0.0019707491
1.652348e-07,-0.0019836742
1.653348e-07,-0.0019965993
1.654348e-07,-0.0020080882
1.655348e-07,-0.002016705
1.656348e-07,-0.0020238856
1.657348e-07,-0.0020325023
1.658348e-07,-0.0020425551
1.659348e-07,-0.0020547622
1.660348e-07,-0.0020662511
1.661348e-07,-0.0020741498
1.662348e-07,-0.0020770221
1.663348e-07,-0.002076304
1.664348e-07,-0.0020748679
1.665348e-07,-0.0020784582
1.666348e-07,-0.002088511
1.667348e-07,-0.0021035903
1.668348e-07,-0.0021193876
1.669348e-07,-0.0021308766
1.670348e-07,-0.0021344669
1.671348e-07,-0.0021315947
1.672348e-07,-0.0021265682
1.673348e-07,-0.0021265682
1.674348e-07,-0.0021344669
1.675348e-07,-0.0021509823
1.676348e-07,-0.0021703699
1.677348e-07,-0.0021854492
1.678348e-07,-0.0021919118
1.679348e-07,-0.0021883215
1.680348e-07,-0.0021797047
1.681348e-07,-0.002171088
1.682348e-07,-0.0021689338
1.683348e-07,-0.0021739602
1.684348e-07,-0.002183295
1.685348e-07,-0.0021911937
1.686348e-07,-0.0021919118
1.687348e-07,-0.0021854492
1.688348e-07,-0.0021761144
1.689348e-07,-0.0021689338
1.690348e-07,-0.0021689338
1.691348e-07,-0.0021761144
1.692348e-07,-0.0021868853
1.693348e-07,-0.0021933479
1.694348e-07,-0.0021919118
1.695348e-07,-0.0021818589
1.696348e-07,-0.0021674977
1.697348e-07,-0.0021581629
1.698348e-07,-0.0021574449
1.699348e-07,-0.0021667796
1.700348e-07,-0.0021811409
1.701348e-07,-0.0021919118
1.702348e-07,-0.0021919118
1.703348e-07,-0.0021797047
1.704348e-07,-0.0021603171
1.705348e-07,-0.0021423656
1.706348e-07,-0.0021344669
1.707348e-07,-0.0021387753
1.708348e-07,-0.0021517004
1.709348e-07,-0.0021639074
1.710348e-07,-0.0021689338
1.711348e-07,-0.0021624713
1.712348e-07,-0.0021466739
1.713348e-07,-0.0021308766
1.714348e-07,-0.0021229779
1.715348e-07,-0.0021258502
1.716348e-07,-0.0021380572
1.717348e-07,-0.0021509823
1.718348e-07,-0.0021574449
1.719348e-07,-0.0021531365
1.720348e-07,-0.0021416475
1.721348e-07,-0.0021287224
1.722348e-07,-0.0021229779
1.723348e-07,-0.0021287224
1.724348e-07,-0.0021438017
1.725348e-07,-0.002159599
1.726348e-07,-0.0021689338
1.727348e-07,-0.0021653435
1.728348e-07,-0.0021517004
1.729348e-07,-0.0021337489
1.730348e-07,-0.0021229779
1.731348e-07,-0.0021244141
1.732348e-07,-0.0021394933
1.733348e-07,-0.0021610352
1.734348e-07,-0.0021804228
1.735348e-07,-0.0021890395
1.736348e-07,-0.0021854492
1.737348e-07,-0.0021725241
1.738348e-07,-0.0021574449
1.739348e-07,-0.0021481101
1.740348e-07,-0.0021488281
1.741348e-07,-0.0021574449
1.742348e-07,-0.0021689338
1.743348e-07,-0.0021789867
1.744348e-07,-0.002183295
1.745348e-07,-0.002183295
1.746348e-07,-0.0021804228
1.747348e-07,-0.0021782686
1.748348e-07,-0.0021782686
1.749348e-07,-0.0021797047
1.750348e-07,-0.0021804228
1.751348e-07,-0.0021789867
1.752348e-07,-0.0021775506
1.753348e-07,-0.0021768325
1.754348e-07,-0.0021804228
1.755348e-07,-0.0021904756
1.756348e-07,-0.0022048369
1.757348e-07,-0.0022220703
1.758348e-07,-0.0022378676
1.759348e-07,-0.0022493566
1.760348e-07,-0.0022565372
1.761348e-07,-0.0022594095
1.762348e-07,-0.0022608456
1.763348e-07,-0.0022601275
1.764348e-07,-0.0022586914
1.765348e-07,-0.002254383
1.766348e-07,-0.0022493566
1.767348e-07,-0.0022464844
1.768348e-07,-0.0022493566
1.769348e-07,-0.0022615636
1.770348e-07,-0.0022838235
1.771348e-07,-0.0023118279
1.772348e-07,-0.0023391142
1.773348e-07,-0.0023577838
1.774348e-07,-0.0023642463
1.775348e-07,-0.002359938
1.776348e-07,-0.0023498851
1.777348e-07,-0.0023412684
1.778348e-07,-0.0023412684
1.779348e-07,-0.0023498851
1.780348e-07,-0.0023642463
1.781348e-07,-0.0023778895
1.782348e-07,-0.0023872243
1.783348e-07,-0.0023908146
1.784348e-07,-0.0023922507
1.785348e-07,-0.0023979952
1.786348e-07,-0.0024102022
1.787348e-07,-0.0024288718
1.788348e-07,-0.0024468233
1.789348e-07,-0.0024575942
1.790348e-07,-0.0024561581
1.791348e-07,-0.002443233
1.792348e-07,-0.0024267176
1.793348e-07,-0.0024166648
1.794348e-07,-0.0024216912
1.795348e-07,-0.0024439511
1.796348e-07,-0.0024776999
1.797348e-07,-0.0025128849
1.798348e-07,-0.0025365809
1.799348e-07,-0.0025444795
1.800348e-07,-0.0025372989
1.801348e-07,-0.0025236558
1.802348e-07,-0.0025136029
1.803348e-07,-0.0025136029
1.804348e-07,-0.0025236558
1.805348e-07,-0.002538017
1.806348e-07,-0.0025480699
1.807348e-07,-0.0025473518
1.808348e-07,-0.0025344267
1.809348e-07,-0.0025136029
1.810348e-07,-0.002490625
1.811348e-07,-0.0024733915
1.812348e-07,-0.0024640568
1.813348e-07,-0.0024633387
1.814348e-07,-0.0024676471
1.815348e-07,-0.0024741096
1.816348e-07,-0.0024798541
1.817348e-07,-0.0024855986
1.818348e-07,-0.002490625
1.819348e-07,-0.0024934972
1.820348e-07,-0.0024920611
1.821348e-07,-0.0024834444
1.822348e-07,-0.0024676471
1.823348e-07,-0.0024468233
1.824348e-07,-0.0024267176
1.825348e-07,-0.0024130744
1.826348e-07,-0.0024102022
1.827348e-07,-0.0024166648
1.828348e-07,-0.0024288718
1.829348e-07,-0.0024389246
1.830348e-07,-0.0024446691
1.831348e-07,-0.0024453872
1.832348e-07,-0.0024453872
1.833348e-07,-0.0024518497
1.834348e-07,-0.0024676471
1.835348e-07,-0.0024920611
1.836348e-07,-0.0025179113
1.837348e-07,-0.0025387351
1.838348e-07,-0.0025480699
1.839348e-07,-0.0025466337
1.840348e-07,-0.0025408892
1.841348e-07,-0.0025387351
1.842348e-07,-0.0025480699
1.843348e-07,-0.0025688936
1.844348e-07,-0.0025961799
1.845348e-07,-0.0026220301
1.846348e-07,-0.0026399816
1.847348e-07,-0.0026478803
1.848348e-07,-0.0026500345
1.849348e-07,-0.0026536248
1.850348e-07,-0.0026629596
1.851348e-07,-0.0026780388
1.852348e-07,-0.0026931181
1.853348e-07,-0.0027010168
1.854348e-07,-0.0026974265
1.855348e-07,-0.0026845014
1.856348e-07,-0.0026715763
1.857348e-07,-0.0026694221
1.858348e-07,-0.0026859375
1.859348e-07,-0.0027196864
1.860348e-07,-0.0027613339
1.861348e-07,-0.0027958008
1.862348e-07,-0.0028123162
1.863348e-07,-0.0028072898
1.864348e-07,-0.0027871841
1.865348e-07,-0.0027656422
1.866348e-07,-0.0027548713
1.867348e-07,-0.0027620519
1.868348e-07,-0.0027828757
1.869348e-07,-0.0028072898
1.870348e-07,-0.0028238051
1.871348e-07,-0.0028266774
1.872348e-07,-0.0028173426
1.873348e-07,-0.0028058536
1.874348e-07,-0.0028008272
1.875348e-07,-0.0028087259
1.876348e-07,-0.0028259593
1.877348e-07,-0.002846065
1.878348e-07,-0.0028582721
1.879348e-07,-0.0028582721
1.880348e-07,-0.0028467831
1.881348e-07,-0.0028324219
1.882348e-07,-0.0028238051
1.883348e-07,-0.0028259593
1.884348e-07,-0.0028388844
1.885348e-07,-0.0028561179
1.886348e-07,-0.002869761
1.887348e-07,-0.0028769416
1.888348e-07,-0.0028798139
1.889348e-07,-0.0028834042
1.890348e-07,-0.002892739
1.891348e-07,-0.0029099724
1.892348e-07,-0.0029315142
1.893348e-07,-0.0029501838
1.894348e-07,-0.0029616728
1.895348e-07,-0.0029652631
1.896348e-07,-0.0029666992
1.897348e-07,-0.0029753159
1.898348e-07,-0.0029961397
1.899348e-07,-0.0030298886
1.900348e-07,-0.0030672277
1.901348e-07,-0.0030973863
1.902348e-07,-0.0031110294
1.903348e-07,-0.003106721
1.904348e-07,-0.0030923598
1.905348e-07,-0.003082307
1.906348e-07,-0.0030880515
1.907348e-07,-0.0031146197
1.908348e-07,-0.0031555492
1.909348e-07,-0.0031979148
1.910348e-07,-0.0032259191
1.911348e-07,-0.0032323817
1.912348e-07,-0.0032194566
1.913348e-07,-0.0031971967
1.914348e-07,-0.0031799632
1.915348e-07,-0.0031763729
1.916348e-07,-0.0031864258
1.917348e-07,-0.0032029412
1.918348e-07,-0.0032144301
1.919348e-07,-0.003212994
1.920348e-07,-0.0031979148
1.921348e-07,-0.0031756549
1.922348e-07,-0.0031569853
1.923348e-07,-0.0031490866
1.924348e-07,-0.0031526769
1.925348e-07,-0.0031620117
1.926348e-07,-0.0031684743
1.927348e-07,-0.003165602
1.928348e-07,-0.0031526769
1.929348e-07,-0.0031354435
1.930348e-07,-0.0031225184
1.931348e-07,-0.0031203642
1.932348e-07,-0.003129699
1.933348e-07,-0.0031447783
1.934348e-07,-0.0031569853
1.935348e-07,-0.0031598575
1.936348e-07,-0.0031512408
1.937348e-07,-0.0031368796
1.938348e-07,-0.0031225184
1.939348e-07,-0.0031160558
1.940348e-07,-0.00311821
1.941348e-07,-0.0031268267
1.942348e-07,-0.0031340074
1.943348e-07,-0.0031347254
1.944348e-07,-0.0031282629
1.945348e-07,-0.003117492
1.946348e-07,-0.0031110294
1.947348e-07,-0.0031146197
1.948348e-07,-0.003129699
1.949348e-07,-0.003153395
1.950348e-07,-0.0031799632
1.951348e-07,-0.0032015051
1.952348e-07,-0.0032151482
1.953348e-07,-0.0032216108
1.954348e-07,-0.0032259191
1.955348e-07,-0.0032338178
1.956348e-07,-0.0032488971
1.957348e-07,-0.0032704389
1.958348e-07,-0.0032948529
1.959348e-07,-0.0033178309
1.960348e-07,-0.0033336282
1.961348e-07,-0.0033415269
1.962348e-07,-0.0033408088
1.963348e-07,-0.0033343463
1.964348e-07,-0.0033250115
1.965348e-07,-0.0033149586
1.966348e-07,-0.0033063419
1.967348e-07,-0.0033005974
1.968348e-07,-0.0032984432
1.969348e-07,-0.0033005974
1.970348e-07,-0.0033063419
1.971348e-07,-0.0033128045
1.972348e-07,-0.0033163948
1.973348e-07,-0.0033149586
1.974348e-07,-0.0033063419
1.975348e-07,-0.0032926988
1.976348e-07,-0.0032776195
1.977348e-07,-0.0032661305
1.978348e-07,-0.003260386
1.979348e-07,-0.003260386
1.980348e-07,-0.0032625402
1.981348e-07,-0.0032639763
1.982348e-07,-0.003260386
1.983348e-07,-0.0032517693
1.984348e-07,-0.0032388442
1.985348e-07,-0.0032259191
1.986348e-07,-0.0032144301
1.987348e-07,-0.0032043773
1.988348e-07,-0.0031943244
1.989348e-07,-0.0031821174
1.990348e-07,-0.0031684743
1.991348e-07,-0.0031562672
1.992348e-07,-0.0031505227
1.993348e-07,-0.0031541131
1.994348e-07,-0.0031684743
1.995348e-07,-0.00318858
1.996348e-07,-0.0032058134
1.997348e-07,-0.0032115579
1.998348e-07,-0.0032029412
1.999348e-07,-0.0031806813
2.000348e-07,-0.003153395
2.001348e-07,-0.0031318532
2.002348e-07,-0.0031225184
2.003348e-07,-0.0031282629
2.004348e-07,-0.0031440602
2.005348e-07,-0.0031605756
2.006348e-07,-0.0031684743
2.007348e-07,-0.003164884
2.008348e-07,-0.0031505227
2.009348e-07,-0.0031340074
2.010348e-07,-0.0031225184
2.011348e-07,-0.0031203642
2.012348e-07,-0.0031261087
2.013348e-07,-0.0031368796
2.014348e-07,-0.0031454963
2.015348e-07,-0.0031498047
2.016348e-07,-0.0031498047
2.017348e-07,-0.0031512408
2.018348e-07,-0.0031569853
2.019348e-07,-0.0031691923
2.020348e-07,-0.0031849897
2.021348e-07,-0.0031979148
2.022348e-07,-0.0032029412
2.023348e-07,-0.0031979148
2.024348e-07,-0.0031864258
2.025348e-07,-0.0031742187
2.026348e-07,-0.0031684743
2.027348e-07,-0.0031720646
2.028348e-07,-0.0031828355
2.029348e-07,-0.0031950425
2.030348e-07,-0.0032029412
2.031348e-07,-0.0032029412
2.032348e-07,-0.0031971967
2.033348e-07,-0.0031907341
2.034348e-07,-0.0031914522
2.035348e-07,-0.0032022231
2.036348e-07,-0.0032230469
2.037348e-07,-0.0032488971
2.038348e-07,-0.003271875
2.039348e-07,-0.0032876723
2.040348e-07,-0.0032948529
2.041348e-07,-0.003295571
2.042348e-07,-0.0032948529
2.043348e-07,-0.0032962891
2.044348e-07,-0.0033013155
2.045348e-07,-0.0033092142
2.046348e-07,-0.0033178309
2.047348e-07,-0.0033264476
2.048348e-07,-0.0033350643
2.049348e-07,-0.0033472714
2.050348e-07,-0.0033637868
2.051348e-07,-0.0033838925
2.052348e-07,-0.0034047162
2.053348e-07,-0.0034219497
2.054348e-07,-0.0034327206
2.055348e-07,-0.003437029
2.056348e-07,-0.003437747
2.057348e-07,-0.0034391831
2.058348e-07,-0.0034442096
2.059348e-07,-0.0034528263
2.060348e-07,-0.0034621611
2.061348e-07,-0.0034671875
2.062348e-07,-0.0034671875
2.063348e-07,-0.0034621611
2.064348e-07,-0.0034578527
2.065348e-07,-0.0034585708
2.066348e-07,-0.0034671875
2.067348e-07,-0.0034815487
2.068348e-07,-0.0034959099
2.069348e-07,-0.0035038086
2.070348e-07,-0.0035016544
2.071348e-07,-0.0034916016
2.072348e-07,-0.0034801126
2.073348e-07,-0.0034743681
2.074348e-07,-0.0034786765
2.075348e-07,-0.0034916016
2.076348e-07,-0.0035066808
2.077348e-07,-0.0035152976
2.078348e-07,-0.0035131434
2.079348e-07,-0.0035030905
2.080348e-07,-0.0034944738
2.081348e-07,-0.0034951919
2.082348e-07,-0.0035131434
2.083348e-07,-0.0035447381
2.084348e-07,-0.0035806411
2.085348e-07,-0.0036079274
2.086348e-07,-0.0036165441
2.087348e-07,-0.0036057732
2.088348e-07,-0.0035842314
2.089348e-07,-0.0035648437
2.090348e-07,-0.0035590993
2.091348e-07,-0.0035713063
2.092348e-07,-0.0035964384
2.093348e-07,-0.0036222886
2.094348e-07,-0.0036395221
2.095348e-07,-0.0036423943
2.096348e-07,-0.0036352137
2.097348e-07,-0.003627315
2.098348e-07,-0.0036280331
2.099348e-07,-0.0036416762
2.100348e-07,-0.0036646542
2.101348e-07,-0.003686196
2.102348e-07,-0.0036969669
2.103348e-07,-0.0036926585
2.104348e-07,-0.0036768612
2.105348e-07,-0.0036596278
2.106348e-07,-0.003651011
2.107348e-07,-0.0036560375
2.108348e-07,-0.0036732709
2.109348e-07,-0.0036933766
2.110348e-07,-0.0037084559
2.111348e-07,-0.0037142004
2.112348e-07,-0.0037127642
2.113348e-07,-0.0037127642
2.114348e-07,-0.0037199449
2.115348e-07,-0.0037371783
2.116348e-07,-0.0037594382
2.117348e-07,-0.0037759536
2.118348e-07,-0.0037773897
2.119348e-07,-0.0037608743
2.120348e-07,-0.0037299977
2.121348e-07,-0.003697685
2.122348e-07,-0.003673989
2.123348e-07,-0.0036660903
2.124348e-07,-0.0036711167
2.125348e-07,-0.0036811696
2.126348e-07,-0.0036854779
2.127348e-07,-0.0036782973
2.128348e-07,-0.0036603458
2.129348e-07,-0.0036402401
2.130348e-07,-0.0036280331
2.131348e-07,-0.0036287511
2.132348e-07,-0.0036416762
2.133348e-07,-0.0036596278
2.134348e-07,-0.003673989
2.135348e-07,-0.0036782973
2.136348e-07,-0.0036718348
2.137348e-07,-0.0036603458
2.138348e-07,-0.003651011
2.139348e-07,-0.0036474207
2.140348e-07,-0.0036495749
2.141348e-07,-0.0036517291
2.142348e-07,-0.003651011
2.143348e-07,-0.0036452665
2.144348e-07,-0.003638804
2.145348e-07,-0.003638804
2.146348e-07,-0.003651011
2.147348e-07,-0.0036754251
2.148348e-07,-0.0037048656
2.149348e-07,-0.0037307158
2.150348e-07,-0.0037429228
2.151348e-07,-0.0037393325
2.152348e-07,-0.0037256893
2.153348e-07,-0.0037113281
2.154348e-07,-0.0037084559
2.155348e-07,-0.0037206629
2.156348e-07,-0.003745077
2.157348e-07,-0.0037716452
2.158348e-07,-0.0037888787
2.159348e-07,-0.0037910329
2.160348e-07,-0.0037802619
2.161348e-07,-0.0037644646
2.162348e-07,-0.0037544118
2.163348e-07,-0.003757284
2.164348e-07,-0.0037737994
2.165348e-07,-0.0037989315
2.166348e-07,-0.0038233456
2.167348e-07,-0.0038412971
2.168348e-07,-0.00385135
2.169348e-07,-0.0038556583
2.170348e-07,-0.0038578125
2.171348e-07,-0.0038614028
2.172348e-07,-0.003864275
2.173348e-07,-0.003864275
2.174348e-07,-0.0038578125
2.175348e-07,-0.0038463235
2.176348e-07,-0.0038341165
2.177348e-07,-0.003828372
2.178348e-07,-0.0038348346
2.179348e-07,-0.0038527861
2.180348e-07,-0.003875764
2.181348e-07,-0.0038951517
2.182348e-07,-0.0039037684
2.183348e-07,-0.00389946
2.184348e-07,-0.0038865349
2.185348e-07,-0.0038743279
2.186348e-07,-0.0038693015
2.187348e-07,-0.0038743279
2.188348e-07,-0.0038850988
2.189348e-07,-0.0038929975
2.190348e-07,-0.0038922794
2.191348e-07,-0.0038807904
2.192348e-07,-0.003863557
2.193348e-07,-0.0038499138
2.194348e-07,-0.0038463235
2.195348e-07,-0.0038549403
2.196348e-07,-0.0038714557
2.197348e-07,-0.0038865349
2.198348e-07,-0.0038922794
2.199348e-07,-0.003887253
2.200348e-07,-0.0038764821
2.201348e-07,-0.0038685834
2.202348e-07,-0.0038693015
2.203348e-07,-0.0038800724
2.204348e-07,-0.0038937155
2.205348e-07,-0.0039001781
2.206348e-07,-0.0038922794
2.207348e-07,-0.0038693015
2.208348e-07,-0.0038384249
2.209348e-07,-0.0038118566
2.210348e-07,-0.0038003676
2.211348e-07,-0.0038068302
2.212348e-07,-0.0038240636
2.213348e-07,-0.0038412971
2.214348e-07,-0.0038463235
2.215348e-07,-0.0038341165
2.216348e-07,-0.0038075483
2.217348e-07,-0.0037773897
2.218348e-07,-0.0037544118
2.219348e-07,-0.0037436409
2.220348e-07,-0.0037429228
2.221348e-07,-0.003745077
2.222348e-07,-0.0037429228
2.223348e-07,-0.003733588
2.224348e-07,-0.003722099
2.225348e-07,-0.0037149184
2.226348e-07,-0.0037199449
2.227348e-07,-0.0037378964
2.228348e-07,-0.0037615924
2.229348e-07,-0.0037816981
2.230348e-07,-0.0037888787
2.231348e-07,-0.0037824161
2.232348e-07,-0.003769491
2.233348e-07,-0.0037608743
2.234348e-07,-0.0037659007
2.235348e-07,-0.0037874426
2.236348e-07,-0.0038176011
2.237348e-07,-0.0038448874
2.238348e-07,-0.0038578125
2.239348e-07,-0.0038535041
2.240348e-07,-0.0038391429
2.241348e-07,-0.003828372
2.242348e-07,-0.0038348346
2.243348e-07,-0.003863557
2.244348e-07,-0.0039087948
2.245348e-07,-0.0039576229
2.246348e-07,-0.0039956801
2.247348e-07,-0.0040150678
2.248348e-07,-0.004017222
2.249348e-07,-0.0040107594
2.250348e-07,-0.0040071691
2.251348e-07,-0.0040129136
2.252348e-07,-0.0040258387
2.253348e-07,-0.0040387638
2.254348e-07,-0.004041636
2.255348e-07,-0.0040323012
2.256348e-07,-0.0040157858
2.257348e-07,-0.0040035788
2.258348e-07,-0.0040071691
2.259348e-07,-0.0040315832
2.260348e-07,-0.0040717946
2.261348e-07,-0.0041141602
2.262348e-07,-0.0041450368
2.263348e-07,-0.0041543716
2.264348e-07,-0.0041421645
2.265348e-07,-0.0041191866
2.266348e-07,-0.0040990809
2.267348e-07,-0.0040919003
2.268348e-07,-0.0040990809
2.269348e-07,-0.0041163143
2.270348e-07,-0.0041335478
2.271348e-07,-0.0041428826
2.272348e-07,-0.0041421645
2.273348e-07,-0.0041371381
2.274348e-07,-0.0041335478
2.275348e-07,-0.0041378562
2.276348e-07,-0.0041500632
2.277348e-07,-0.0041665786
2.278348e-07,-0.0041795037
2.279348e-07,-0.0041866843
2.280348e-07,-0.0041888385
2.281348e-07,-0.0041924288
2.282348e-07,-0.0042024816
2.283348e-07,-0.0042225873
2.284348e-07,-0.0042491556
2.285348e-07,-0.0042757238
2.286348e-07,-0.0042943934
2.287348e-07,-0.004302292
2.288348e-07,-0.004302292
2.289348e-07,-0.0043008559
2.290348e-07,-0.0043058824
2.291348e-07,-0.0043202436
2.292348e-07,-0.0043417854
2.293348e-07,-0.0043618911
2.294348e-07,-0.0043748162
2.295348e-07,-0.0043762523
2.296348e-07,-0.0043705078
2.297348e-07,-0.0043633272
2.298348e-07,-0.0043633272
2.299348e-07,-0.0043733801
2.300348e-07,-0.0043913316
2.301348e-07,-0.0044092831
2.302348e-07,-0.0044207721
2.303348e-07,-0.0044222082
2.304348e-07,-0.0044164637
2.305348e-07,-0.0044100011
2.306348e-07,-0.0044092831
2.307348e-07,-0.0044178998
2.308348e-07,-0.004432261
2.309348e-07,-0.0044466222
2.310348e-07,-0.004455239
2.311348e-07,-0.004455239
2.312348e-07,-0.0044494945
2.313348e-07,-0.0044444681
2.314348e-07,-0.00444375
2.315348e-07,-0.0044473403
2.316348e-07,-0.0044516487
2.317348e-07,-0.0044473403
2.318348e-07,-0.004432261
2.319348e-07,-0.0044064108
2.320348e-07,-0.0043784065
2.321348e-07,-0.0043575827
2.322348e-07,-0.0043518382
2.323348e-07,-0.004361173
2.324348e-07,-0.0043784065
2.325348e-07,-0.0043934858
2.326348e-07,-0.0043977941
2.327348e-07,-0.0043898955
2.328348e-07,-0.0043748162
2.329348e-07,-0.0043640453
2.330348e-07,-0.0043633272
2.331348e-07,-0.0043740981
2.332348e-07,-0.0043906135
2.333348e-07,-0.0044006664
2.334348e-07,-0.0043977941
2.335348e-07,-0.0043812787
2.336348e-07,-0.0043590188
2.337348e-07,-0.0043425034
2.338348e-07,-0.0043403493
2.339348e-07,-0.0043525563
2.340348e-07,-0.0043705078
2.341348e-07,-0.0043812787
2.342348e-07,-0.0043748162
2.343348e-07,-0.0043496841
2.344348e-07,-0.0043144991
2.345348e-07,-0.0042843405
2.346348e-07,-0.0042714154
2.347348e-07,-0.0042793141
2.348348e-07,-0.0043001379
2.349348e-07,-0.0043209616
2.350348e-07,-0.0043288603
2.351348e-07,-0.0043180894
2.352348e-07,-0.0042943934
2.353348e-07,-0.0042706974
2.354348e-07,-0.0042599265
2.355348e-07,-0.0042678251
2.356348e-07,-0.004289367
2.357348e-07,-0.004313781
2.358348e-07,-0.0043288603
2.359348e-07,-0.0043274242
2.360348e-07,-0.004313063
2.361348e-07,-0.0042951114
2.362348e-07,-0.0042829044
2.363348e-07,-0.0042807502
2.364348e-07,-0.0042857767
2.365348e-07,-0.004289367
2.366348e-07,-0.0042829044
2.367348e-07,-0.004265671
2.368348e-07,-0.0042448472
2.369348e-07,-0.0042326402
2.370348e-07,-0.0042369485
2.371348e-07,-0.0042599265
2.372348e-07,-0.0042922392
2.373348e-07,-0.0043195255
2.374348e-07,-0.0043288603
2.375348e-07,-0.0043152171
2.376348e-07,-0.0042864947
2.377348e-07,-0.0042556181
2.378348e-07,-0.0042369485
2.379348e-07,-0.0042369485
2.380348e-07,-0.0042505917
2.381348e-07,-0.004266389
2.382348e-07,-0.0042714154
2.383348e-07,-0.0042613626
2.384348e-07,-0.0042405388
2.385348e-07,-0.0042211512
2.386348e-07,-0.0042139706
2.387348e-07,-0.0042240234
2.388348e-07,-0.0042448472
2.389348e-07,-0.0042649529
2.390348e-07,-0.0042714154
2.391348e-07,-0.0042592084
2.392348e-07,-0.0042333582
2.393348e-07,-0.0042060719
2.394348e-07,-0.0041909926
2.395348e-07,-0.0041931468
2.396348e-07,-0.0042089442
2.397348e-07,-0.0042268957
2.398348e-07,-0.0042369485
2.399348e-07,-0.0042333582
2.400348e-07,-0.0042218693
2.401348e-07,-0.0042118164
2.402348e-07,-0.0042139706
2.403348e-07,-0.004231204
2.404348e-07,-0.0042570542
2.405348e-07,-0.004277878
2.406348e-07,-0.0042829044
2.407348e-07,-0.0042678251
2.408348e-07,-0.0042405388
2.409348e-07,-0.0042139706
2.410348e-07,-0.0042024816
2.411348e-07,-0.0042110983
2.412348e-07,-0.0042347943
2.413348e-07,-0.0042592084
2.414348e-07,-0.0042714154
2.415348e-07,-0.0042649529
2.416348e-07,-0.0042448472
2.417348e-07,-0.0042233054
2.418348e-07,-0.0042139706
2.419348e-07,-0.0042218693
2.420348e-07,-0.004242693
2.421348e-07,-0.0042635168
2.422348e-07,-0.0042714154
2.423348e-07,-0.0042620807
2.424348e-07,-0.0042412569
2.425348e-07,-0.0042247415
2.426348e-07,-0.0042254596
2.427348e-07,-0.0042513097
2.428348e-07,-0.0042951114
2.429348e-07,-0.0043425034
2.430348e-07,-0.0043748162
2.431348e-07,-0.0043812787
2.432348e-07,-0.0043626091
2.433348e-07,-0.0043324506
2.434348e-07,-0.0043058824
2.435348e-07,-0.0042965476
2.436348e-07,-0.0043066004
2.437348e-07,-0.0043295784
2.438348e-07,-0.0043518382
2.439348e-07,-0.0043640453
2.440348e-07,-0.0043640453
2.441348e-07,-0.0043568647
2.442348e-07,-0.0043518382
2.443348e-07,-0.0043554285
2.444348e-07,-0.0043676356
2.445348e-07,-0.004384869
2.446348e-07,-0.0043977941
2.447348e-07,-0.0044021025
2.448348e-07,-0.0043977941
2.449348e-07,-0.0043906135
2.450348e-07,-0.0043863051
2.451348e-07,-0.0043870232
2.452348e-07,-0.0043913316
2.453348e-07,-0.0043927677
2.454348e-07,-0.0043863051
2.455348e-07,-0.0043719439
2.456348e-07,-0.0043554285
2.457348e-07,-0.0043468118
2.458348e-07,-0.0043518382
2.459348e-07,-0.0043719439
2.460348e-07,-0.0043992302
2.461348e-07,-0.0044222082
2.462348e-07,-0.004432261
2.463348e-07,-0.0044257985
2.464348e-07,-0.0044071289
2.465348e-07,-0.0043877413
2.466348e-07,-0.0043748162
2.467348e-07,-0.0043719439
2.468348e-07,-0.0043748162
2.469348e-07,-0.0043740981
2.470348e-07,-0.0043633272
2.471348e-07,-0.0043425034
2.472348e-07,-0.0043195255
2.473348e-07,-0.0043051643
2.474348e-07,-0.0043058824
2.475348e-07,-0.0043216797
2.476348e-07,-0.0043432215
2.477348e-07,-0.0043568647
2.478348e-07,-0.0043518382
2.479348e-07,-0.0043274242
2.480348e-07,-0.0042929573
2.481348e-07,-0.0042627987
2.482348e-07,-0.0042484375
2.483348e-07,-0.0042527459
2.484348e-07,-0.0042685432
2.485348e-07,-0.0042821864
2.486348e-07,-0.0042829044
2.487348e-07,-0.0042685432
2.488348e-07,-0.0042477194
2.489348e-07,-0.0042340763
2.490348e-07,-0.0042369485
2.491348e-07,-0.0042577723
2.492348e-07,-0.0042864947
2.493348e-07,-0.0043066004
2.494348e-07,-0.0043058824
2.495348e-07,-0.0042821864
2.496348e-07,-0.0042470014
2.497348e-07,-0.004218997
2.498348e-07,-0.0042139706
2.499348e-07,-0.0042376666
2.500348e-07,-0.0042814683
2.501348e-07,-0.0043259881
2.502348e-07,-0.0043518382
2.503348e-07,-0.0043504021
2.504348e-07,-0.0043274242
2.505348e-07,-0.0042987017
2.506348e-07,-0.0042829044
2.507348e-07,-0.0042908031
2.508348e-07,-0.0043195255
2.509348e-07,-0.0043575827
2.510348e-07,-0.0043863051
2.511348e-07,-0.004396358
2.512348e-07,-0.0043884593
2.513348e-07,-0.004372662
2.514348e-07,-0.0043633272
2.515348e-07,-0.0043705078
2.516348e-07,-0.0043927677
2.517348e-07,-0.0044214901
2.518348e-07,-0.00444375
2.519348e-07,-0.0044523667
2.520348e-07,-0.0044487764
2.521348e-07,-0.0044423139
2.522348e-07,-0.00444375
2.523348e-07,-0.0044602654
2.524348e-07,-0.0044875517
2.525348e-07,-0.0045169922
2.526348e-07,-0.0045356618
2.527348e-07,-0.0045378159
2.528348e-07,-0.004526327
2.529348e-07,-0.0045141199
2.530348e-07,-0.0045126838
2.531348e-07,-0.0045306353
2.532348e-07,-0.0045658203
2.533348e-07,-0.0046060317
2.534348e-07,-0.0046390625
2.535348e-07,-0.0046541418
2.536348e-07,-0.0046519876
2.537348e-07,-0.0046390625
2.538348e-07,-0.0046275735
2.539348e-07,-0.0046261374
2.540348e-07,-0.0046354722
2.541348e-07,-0.0046505515
2.542348e-07,-0.0046620404
2.543348e-07,-0.0046649127
2.544348e-07,-0.0046606043
2.545348e-07,-0.0046534237
2.546348e-07,-0.0046505515
2.547348e-07,-0.0046555779
2.548348e-07,-0.0046641946
2.549348e-07,-0.004669221
2.550348e-07,-0.0046620404
2.551348e-07,-0.0046404986
2.552348e-07,-0.004608904
2.553348e-07,-0.0045780273
2.554348e-07,-0.0045586397
2.555348e-07,-0.0045557675
2.556348e-07,-0.0045658203
2.557348e-07,-0.0045816176
2.558348e-07,-0.0045931066
2.559348e-07,-0.0045945427
2.560348e-07,-0.0045887983
2.561348e-07,-0.0045816176
2.562348e-07,-0.0045816176
2.563348e-07,-0.0045909524
2.564348e-07,-0.0046060317
2.565348e-07,-0.0046175207
2.566348e-07,-0.0046160846
2.567348e-07,-0.0045995692
2.568348e-07,-0.0045722829
2.569348e-07,-0.0045435604
2.570348e-07,-0.0045241728
2.571348e-07,-0.0045177102
2.572348e-07,-0.0045213006
2.573348e-07,-0.004526327
2.574348e-07,-0.0045241728
2.575348e-07,-0.0045112477
2.576348e-07,-0.0044918601
2.577348e-07,-0.0044739085
2.578348e-07,-0.0044667279
2.579348e-07,-0.0044739085
2.580348e-07,-0.0044918601
2.581348e-07,-0.0045119658
2.582348e-07,-0.0045241728
2.583348e-07,-0.0045248909
2.584348e-07,-0.0045162741
2.585348e-07,-0.0045062213
2.586348e-07,-0.0045011949
2.587348e-07,-0.004503349
2.588348e-07,-0.0045090935
2.589348e-07,-0.0045105296
2.590348e-07,-0.0045011949
2.591348e-07,-0.0044825253
2.592348e-07,-0.0044609835
2.593348e-07,-0.0044494945
2.594348e-07,-0.004455239
2.595348e-07,-0.004479653
2.596348e-07,-0.0045141199
2.597348e-07,-0.0045442785
2.598348e-07,-0.0045586397
2.599348e-07,-0.0045521772
2.600348e-07,-0.0045320715
2.601348e-07,-0.0045105296
2.602348e-07,-0.0045011949
2.603348e-07,-0.0045105296
2.604348e-07,-0.0045349437
2.605348e-07,-0.0045629481
2.606348e-07,-0.0045816176
2.607348e-07,-0.0045844899
2.608348e-07,-0.0045730009
2.609348e-07,-0.0045572036
2.610348e-07,-0.0045471507
2.611348e-07,-0.004550741
2.612348e-07,-0.0045672564
2.613348e-07,-0.0045880802
2.614348e-07,-0.0046045956
2.615348e-07,-0.0046103401
2.616348e-07,-0.0046074678
2.617348e-07,-0.0046031595
2.618348e-07,-0.0046045956
2.619348e-07,-0.0046160846
2.620348e-07,-0.0046347541
2.621348e-07,-0.0046534237
2.622348e-07,-0.0046620404
2.623348e-07,-0.0046584501
2.624348e-07,-0.004645525
2.625348e-07,-0.0046318819
2.626348e-07,-0.0046275735
2.627348e-07,-0.0046361903
2.628348e-07,-0.0046548598
2.629348e-07,-0.0046742475
2.630348e-07,-0.0046850184
2.631348e-07,-0.0046835823
2.632348e-07,-0.0046713752
2.633348e-07,-0.0046577321
2.634348e-07,-0.0046505515
2.635348e-07,-0.0046541418
2.636348e-07,-0.0046641946
2.637348e-07,-0.0046735294
2.638348e-07,-0.0046735294
2.639348e-07,-0.0046598863
2.640348e-07,-0.0046354722
2.641348e-07,-0.0046103401
2.642348e-07,-0.0045931066
2.643348e-07,-0.0045887983
2.644348e-07,-0.0045938247
2.645348e-07,-0.0046024414
2.646348e-07,-0.0046045956
2.647348e-07,-0.004598133
2.648348e-07,-0.0045844899
2.649348e-07,-0.0045730009
2.650348e-07,-0.0045701287
2.651348e-07,-0.0045773093
2.652348e-07,-0.0045902344
2.653348e-07,-0.0045988511
2.654348e-07,-0.0045931066
2.655348e-07,-0.0045708467
2.656348e-07,-0.004538534
2.657348e-07,-0.0045069393
2.658348e-07,-0.0044897059
2.659348e-07,-0.0044925781
2.660348e-07,-0.0045126838
2.661348e-07,-0.0045392521
2.662348e-07,-0.0045586397
2.663348e-07,-0.0045629481
2.664348e-07,-0.0045514591
2.665348e-07,-0.0045306353
2.666348e-07,-0.0045126838
2.667348e-07,-0.0045055032
2.668348e-07,-0.0045105296
2.669348e-07,-0.0045227367
2.670348e-07,-0.0045356618
2.671348e-07,-0.0045414062
2.672348e-07,-0.004538534
2.673348e-07,-0.0045313534
2.674348e-07,-0.0045241728
2.675348e-07,-0.0045227367
2.676348e-07,-0.004526327
2.677348e-07,-0.0045320715
2.678348e-07,-0.0045356618
2.679348e-07,-0.0045335076
2.680348e-07,-0.004526327
2.681348e-07,-0.0045184283
2.682348e-07,-0.0045126838
2.683348e-07,-0.0045098116
2.684348e-07,-0.0045062213
2.685348e-07,-0.0044976045
2.686348e-07,-0.0044782169
2.687348e-07,-0.0044494945
2.688348e-07,-0.0044171818
2.689348e-07,-0.0043906135
2.690348e-07,-0.0043748162
2.691348e-07,-0.004372662
2.692348e-07,-0.0043798426
2.693348e-07,-0.0043870232
2.694348e-07,-0.0043863051
2.695348e-07,-0.0043748162
2.696348e-07,-0.0043547105
2.697348e-07,-0.0043331687
2.698348e-07,-0.0043173713
2.699348e-07,-0.0043094727
2.700348e-07,-0.0043066004
2.701348e-07,-0.0043030101
2.702348e-07,-0.0042943934
2.703348e-07,-0.0042793141
2.704348e-07,-0.0042620807
2.705348e-07,-0.0042498736
2.706348e-07,-0.0042484375
2.707348e-07,-0.0042584903
2.708348e-07,-0.0042742877
2.709348e-07,-0.0042879308
2.710348e-07,-0.0042943934
2.711348e-07,-0.0042922392
2.712348e-07,-0.0042872128
2.713348e-07,-0.0042864947
2.714348e-07,-0.0042943934
2.715348e-07,-0.0043109088
2.716348e-07,-0.0043295784
2.717348e-07,-0.0043410673
2.718348e-07,-0.0043403493
2.719348e-07,-0.0043281422
2.720348e-07,-0.004313781
2.721348e-07,-0.0043080365
2.722348e-07,-0.0043173713
2.723348e-07,-0.0043417854
2.724348e-07,-0.0043733801
2.725348e-07,-0.0043985122
2.726348e-07,-0.0044092831
2.727348e-07,-0.0044035386
2.728348e-07,-0.0043891774
2.729348e-07,-0.0043762523
2.730348e-07,-0.0043748162
2.731348e-07,-0.004384869
2.732348e-07,-0.0043992302
2.733348e-07,-0.0044056928
2.734348e-07,-0.0043977941
2.735348e-07,-0.0043755342
2.736348e-07,-0.0043496841
2.737348e-07,-0.0043346048
2.738348e-07,-0.0043403493
2.739348e-07,-0.0043661994
2.740348e-07,-0.0044013844
2.741348e-07,-0.0044279527
2.742348e-07,-0.004432261
2.743348e-07,-0.0044100011
2.744348e-07,-0.0043712259
2.745348e-07,-0.0043346048
2.746348e-07,-0.0043173713
2.747348e-07,-0.0043274242
2.748348e-07,-0.0043583008
2.749348e-07,-0.0043956399
2.750348e-07,-0.0044207721
2.751348e-07,-0.0044243624
2.752348e-07,-0.0044092831
2.753348e-07,-0.0043870232
2.754348e-07,-0.0043748162
2.755348e-07,-0.0043819968
2.756348e-07,-0.004407847
2.757348e-07,-0.0044408778
2.758348e-07,-0.0044667279
2.759348e-07,-0.0044746266
2.760348e-07,-0.0044645738
2.761348e-07,-0.0044459042
2.762348e-07,-0.004432261
2.763348e-07,-0.0044336972
2.764348e-07,-0.0044523667
2.765348e-07,-0.0044825253
2.766348e-07,-0.0045126838
2.767348e-07,-0.0045349437
2.768348e-07,-0.0045464327
2.769348e-07,-0.0045514591
2.770348e-07,-0.0045586397
2.771348e-07,-0.0045715648
2.772348e-07,-0.0045902344
2.773348e-07,-0.0046074678
2.774348e-07,-0.0046160846
2.775348e-07,-0.0046124943
2.776348e-07,-0.0045995692
2.777348e-07,-0.004585926
2.778348e-07,-0.0045816176
2.779348e-07,-0.0045916705
2.780348e-07,-0.0046124943
2.781348e-07,-0.0046361903
2.782348e-07,-0.0046505515
2.783348e-07,-0.0046498334
2.784348e-07,-0.0046354722
2.785348e-07,-0.0046168026
2.786348e-07,-0.0046045956
2.787348e-07,-0.0046067498
2.788348e-07,-0.0046232652
2.789348e-07,-0.004645525
2.790348e-07,-0.0046620404
2.791348e-07,-0.0046634766
2.792348e-07,-0.0046476792
2.793348e-07,-0.004621111
2.794348e-07,-0.0045931066
2.795348e-07,-0.004574437
2.796348e-07,-0.0045701287
2.797348e-07,-0.0045787454
2.798348e-07,-0.0045931066
2.799348e-07,-0.0046067498
2.800348e-07,-0.0046139304
2.801348e-07,-0.0046160846
2.802348e-07,-0.0046160846
2.803348e-07,-0.0046160846
2.804348e-07,-0.0046182387
2.805348e-07,-0.0046189568
2.806348e-07,-0.0046160846
2.807348e-07,-0.0046067498
2.808348e-07,-0.0045923886
2.809348e-07,-0.004574437
2.810348e-07,-0.0045586397
2.811348e-07,-0.0045471507
2.812348e-07,-0.0045406882
2.813348e-07,-0.0045378159
2.814348e-07,-0.0045356618
2.815348e-07,-0.0045335076
2.816348e-07,-0.0045335076
2.817348e-07,-0.0045378159
2.818348e-07,-0.0045471507
2.819348e-07,-0.0045600758
2.820348e-07,-0.0045715648
2.821348e-07,-0.0045765912
2.822348e-07,-0.0045701287
2.823348e-07,-0.0045543313
2.824348e-07,-0.0045342256
2.825348e-07,-0.0045177102
2.826348e-07,-0.0045126838
2.827348e-07,-0.0045205825
2.828348e-07,-0.0045370979
2.829348e-07,-0.0045564855
2.830348e-07,-0.0045701287
2.831348e-07,-0.0045751551
2.832348e-07,-0.004573719
2.833348e-07,-0.0045701287
2.834348e-07,-0.0045701287
2.835348e-07,-0.0045758732
2.836348e-07,-0.004585208
2.837348e-07,-0.0045923886
2.838348e-07,-0.0045931066
2.839348e-07,-0.004585926
2.840348e-07,-0.004573719
2.841348e-07,-0.0045629481
2.842348e-07,-0.0045586397
2.843348e-07,-0.0045629481
2.844348e-07,-0.004573719
2.845348e-07,-0.004585208
2.846348e-07,-0.0045931066
2.847348e-07,-0.0045959789
2.848348e-07,-0.004597415
2.849348e-07,-0.0046024414
2.850348e-07,-0.0046160846
2.851348e-07,-0.0046383444
2.852348e-07,-0.0046649127
2.853348e-07,-0.0046900448
2.854348e-07,-0.0047079963
2.855348e-07,-0.0047173311
2.856348e-07,-0.0047223575
2.857348e-07,-0.0047288201
2.858348e-07,-0.0047424632
2.859348e-07,-0.0047640051
2.860348e-07,-0.0047898552
2.861348e-07,-0.0048149874
2.862348e-07,-0.004834375
2.863348e-07,-0.0048473001
2.864348e-07,-0.0048573529
2.865348e-07,-0.0048717142
2.866348e-07,-0.0048918199
2.867348e-07,-0.00491767
2.868348e-07,-0.0049420841
2.869348e-07,-0.0049585995
2.870348e-07,-0.0049607537
2.871348e-07,-0.0049514189
2.872348e-07,-0.0049377757
2.873348e-07,-0.0049305951
2.874348e-07,-0.0049377757
2.875348e-07,-0.0049585995
2.876348e-07,-0.0049866039
2.877348e-07,-0.0050095818
2.878348e-07,-0.0050181985
2.879348e-07,-0.0050095818
2.880348e-07,-0.00498804
2.881348e-07,-0.004965062
2.882348e-07,-0.0049492647
2.883348e-07,-0.0049456744
2.884348e-07,-0.0049499828
2.885348e-07,-0.0049535731
2.886348e-07,-0.0049492647
2.887348e-07,-0.0049327493
2.888348e-07,-0.0049090533
2.889348e-07,-0.0048846392
2.890348e-07,-0.0048688419
2.891348e-07,-0.0048630974
2.892348e-07,-0.0048630974
2.893348e-07,-0.0048595071
2.894348e-07,-0.004845864
2.895348e-07,-0.0048200138
2.896348e-07,-0.004786983
2.897348e-07,-0.0047582606
2.898348e-07,-0.0047424632
2.899348e-07,-0.0047424632
2.900348e-07,-0.0047532341
2.901348e-07,-0.0047647231
2.902348e-07,-0.0047654412
2.903348e-07,-0.004751798
2.904348e-07,-0.004727384
2.905348e-07,-0.0047022518
2.906348e-07,-0.0046850184
2.907348e-07,-0.0046821461
2.908348e-07,-0.0046900448
2.909348e-07,-0.0047015338
2.910348e-07,-0.0047079963
2.911348e-07,-0.0047051241
2.912348e-07,-0.0046965074
2.913348e-07,-0.0046907629
2.914348e-07,-0.0046965074
2.915348e-07,-0.0047173311
2.916348e-07,-0.0047503619
2.917348e-07,-0.0047848288
2.918348e-07,-0.0048113971
2.919348e-07,-0.0048243222
2.920348e-07,-0.0048257583
2.921348e-07,-0.004822168
2.922348e-07,-0.004822886
2.923348e-07,-0.0048329389
2.924348e-07,-0.0048501723
2.925348e-07,-0.0048681239
2.926348e-07,-0.0048803309
2.927348e-07,-0.0048832031
2.928348e-07,-0.0048781767
2.929348e-07,-0.0048717142
2.930348e-07,-0.0048688419
2.931348e-07,-0.0048717142
2.932348e-07,-0.0048767406
2.933348e-07,-0.0048774586
2.934348e-07,-0.0048688419
2.935348e-07,-0.0048523265
2.936348e-07,-0.0048350931
2.937348e-07,-0.0048271944
2.938348e-07,-0.004834375
2.939348e-07,-0.0048566349
2.940348e-07,-0.0048860754
2.941348e-07,-0.0049090533
2.942348e-07,-0.0049147978
2.943348e-07,-0.0049004366
2.944348e-07,-0.0048717142
2.945348e-07,-0.0048422737
2.946348e-07,-0.004822886
2.947348e-07,-0.0048200138
2.948348e-07,-0.0048293486
2.949348e-07,-0.0048415556
2.950348e-07,-0.004845864
2.951348e-07,-0.0048379653
2.952348e-07,-0.0048207318
2.953348e-07,-0.0048049345
2.954348e-07,-0.0047999081
2.955348e-07,-0.004810679
2.956348e-07,-0.0048329389
2.957348e-07,-0.0048559168
2.958348e-07,-0.0048688419
2.959348e-07,-0.0048659697
2.960348e-07,-0.0048501723
2.961348e-07,-0.0048322208
2.962348e-07,-0.004822886
2.963348e-07,-0.0048300666
2.964348e-07,-0.0048516085
2.965348e-07,-0.0048796128
2.966348e-07,-0.0049033088
2.967348e-07,-0.0049155159
2.968348e-07,-0.0049147978
2.969348e-07,-0.0049076172
2.970348e-07,-0.0049033088
2.971348e-07,-0.0049068991
2.972348e-07,-0.0049191062
2.973348e-07,-0.0049349035
2.974348e-07,-0.0049492647
2.975348e-07,-0.0049578814
2.976348e-07,-0.0049614717
2.977348e-07,-0.004964344
2.978348e-07,-0.0049722426
2.979348e-07,-0.0049844497
2.980348e-07,-0.0049973748
2.981348e-07,-0.0050031193
2.982348e-07,-0.0049952206
2.983348e-07,-0.0049743968
2.984348e-07,-0.0049471105
2.985348e-07,-0.0049241326
2.986348e-07,-0.0049147978
2.987348e-07,-0.0049226965
2.988348e-07,-0.0049420841
2.989348e-07,-0.0049629079
2.990348e-07,-0.0049722426
2.991348e-07,-0.004965062
2.992348e-07,-0.0049428022
2.993348e-07,-0.0049147978
2.994348e-07,-0.0048918199
2.995348e-07,-0.0048796128
2.996348e-07,-0.0048760225
2.997348e-07,-0.0048760225
2.998348e-07,-0.0048688419
2.999348e-07,-0.0048508904
3.000348e-07,-0.0048236041
3.001348e-07,-0.0047955997
3.002348e-07,-0.0047769301
3.003348e-07,-0.0047726218
3.004348e-07,-0.0047805205
3.005348e-07,-0.0047927275
3.006348e-07,-0.0047999081
3.007348e-07,-0.0047941636
3.008348e-07,-0.004775494
3.009348e-07,-0.00475108
3.010348e-07,-0.0047309743
3.011348e-07,-0.0047223575
3.012348e-07,-0.004727384
3.013348e-07,-0.0047403091
3.014348e-07,-0.0047539522
3.015348e-07,-0.0047596967
3.016348e-07,-0.0047532341
3.017348e-07,-0.0047381549
3.018348e-07,-0.0047194853
3.019348e-07,-0.0047029699
3.020348e-07,-0.0046914809
3.021348e-07,-0.0046864545
3.022348e-07,-0.0046850184
3.023348e-07,-0.0046857364
3.024348e-07,-0.0046893267
3.025348e-07,-0.0046965074
3.026348e-07,-0.0047079963
3.027348e-07,-0.0047237937
3.028348e-07,-0.004739591
3.029348e-07,-0.0047503619
3.030348e-07,-0.0047539522
3.031348e-07,-0.0047496438
3.032348e-07,-0.0047424632
3.033348e-07,-0.0047388729
3.034348e-07,-0.0047424632
3.035348e-07,-0.0047546703
3.036348e-07,-0.0047704676
3.037348e-07,-0.0047841108
3.038348e-07,-0.0047884191
3.039348e-07,-0.0047833927
3.040348e-07,-0.0047726218
3.041348e-07,-0.0047640051
3.042348e-07,-0.0047654412
3.043348e-07,-0.0047798024
3.044348e-07,-0.0048042165
3.045348e-07,-0.0048329389
3.046348e-07,-0.0048573529
3.047348e-07,-0.0048738683
3.048348e-07,-0.0048832031
3.049348e-07,-0.0048875115
3.050348e-07,-0.0048918199
3.051348e-07,-0.0048975643
3.052348e-07,-0.0049033088
3.053348e-07,-0.0049061811
3.054348e-07,-0.0049033088
3.055348e-07,-0.0048961282
3.056348e-07,-0.0048889476
3.057348e-07,-0.0048860754
3.058348e-07,-0.0048918199
3.059348e-07,-0.0049033088
3.060348e-07,-0.0049140797
3.061348e-07,-0.0049155159
3.062348e-07,-0.0049033088
3.063348e-07,-0.0048774586
3.064348e-07,-0.004845864
3.065348e-07,-0.0048171415
3.066348e-07,-0.0047999081
3.067348e-07,-0.0047948817
3.068348e-07,-0.0047970358
3.069348e-07,-0.0047970358
3.070348e-07,-0.0047884191
3.071348e-07,-0.0047690315
3.072348e-07,-0.0047453355
3.073348e-07,-0.0047259478
3.074348e-07,-0.0047194853
3.075348e-07,-0.004728102
3.076348e-07,-0.0047467716
3.077348e-07,-0.0047661592
3.078348e-07,-0.0047769301
3.079348e-07,-0.0047762121
3.080348e-07,-0.0047661592
3.081348e-07,-0.0047561064
3.082348e-07,-0.0047539522
3.083348e-07,-0.0047618509
3.084348e-07,-0.0047776482
3.085348e-07,-0.0047927275
3.086348e-07,-0.0047999081
3.087348e-07,-0.0047955997
3.088348e-07,-0.0047833927
3.089348e-07,-0.0047704676
3.090348e-07,-0.0047654412
3.091348e-07,-0.0047711857
3.092348e-07,-0.0047848288
3.093348e-07,-0.0048006261
3.094348e-07,-0.0048113971
3.095348e-07,-0.0048157054
3.096348e-07,-0.0048171415
3.097348e-07,-0.0048214499
3.098348e-07,-0.004834375
3.099348e-07,-0.0048551988
3.100348e-07,-0.0048774586
3.101348e-07,-0.0048918199
3.102348e-07,-0.0048918199
3.103348e-07,-0.0048760225
3.104348e-07,-0.0048523265
3.105348e-07,-0.0048307847
3.106348e-07,-0.004822886
3.107348e-07,-0.0048315028
3.108348e-07,-0.0048516085
3.109348e-07,-0.0048753045
3.110348e-07,-0.0048918199
3.111348e-07,-0.0048975643
3.112348e-07,-0.0048946921
3.113348e-07,-0.0048903837
3.114348e-07,-0.0048918199
3.115348e-07,-0.0048997185
3.116348e-07,-0.0049097714
3.117348e-07,-0.0049133617
3.118348e-07,-0.0049033088
3.119348e-07,-0.0048810489
3.120348e-07,-0.0048537626
3.121348e-07,-0.0048350931
3.122348e-07,-0.004834375
3.123348e-07,-0.0048537626
3.124348e-07,-0.0048846392
3.125348e-07,-0.0049140797
3.126348e-07,-0.0049262868
3.127348e-07,-0.0049155159
3.128348e-07,-0.0048860754
3.129348e-07,-0.0048501723
3.130348e-07,-0.004822886
3.131348e-07,-0.0048135512
3.132348e-07,-0.004822168
3.133348e-07,-0.0048408375
3.134348e-07,-0.0048573529
3.135348e-07,-0.0048630974
3.136348e-07,-0.0048573529
3.137348e-07,-0.0048451459
3.138348e-07,-0.004834375
3.139348e-07,-0.0048315028
3.140348e-07,-0.0048365292
3.141348e-07,-0.0048437098
3.142348e-07,-0.004845864
3.143348e-07,-0.0048386834
3.144348e-07,-0.0048236041
3.145348e-07,-0.0048078068
3.146348e-07,-0.0047999081
3.147348e-07,-0.0048049345
3.148348e-07,-0.0048207318
3.149348e-07,-0.0048408375
3.150348e-07,-0.0048573529
3.151348e-07,-0.0048638155
3.152348e-07,-0.0048602252
3.153348e-07,-0.0048516085
3.154348e-07,-0.004845864
3.155348e-07,-0.004845864
3.156348e-07,-0.0048516085
3.157348e-07,-0.004858071
3.158348e-07,-0.0048573529
3.159348e-07,-0.0048473001
3.160348e-07,-0.0048300666
3.161348e-07,-0.0048121151
3.162348e-07,-0.0047999081
3.163348e-07,-0.0047977539
3.164348e-07,-0.0048049345
3.165348e-07,-0.0048149874
3.166348e-07,-0.004822886
3.167348e-07,-0.0048243222
3.168348e-07,-0.004822168
3.169348e-07,-0.0048192957
3.170348e-07,-0.004822886
3.171348e-07,-0.0048329389
3.172348e-07,-0.004846582
3.173348e-07,-0.0048573529
3.174348e-07,-0.0048573529
3.175348e-07,-0.0048451459
3.176348e-07,-0.0048250402
3.177348e-07,-0.0048034984
3.178348e-07,-0.0047884191
3.179348e-07,-0.0047841108
3.180348e-07,-0.0047884191
3.181348e-07,-0.0047955997
3.182348e-07,-0.0047999081
3.183348e-07,-0.0047977539
3.184348e-07,-0.0047912914
3.185348e-07,-0.0047862649
3.186348e-07,-0.0047884191
3.187348e-07,-0.004798472
3.188348e-07,-0.0048121151
3.189348e-07,-0.004822886
3.190348e-07,-0.004822886
3.191348e-07,-0.0048099609
3.192348e-07,-0.0047891372
3.193348e-07,-0.0047675954
3.194348e-07,-0.0047539522
3.195348e-07,-0.0047532341
3.196348e-07,-0.004763287
3.197348e-07,-0.0047769301
3.198348e-07,-0.0047884191
3.199348e-07,-0.0047927275
3.200348e-07,-0.0047905733
3.201348e-07,-0.004786983
3.202348e-07,-0.0047884191
3.203348e-07,-0.0047963178
3.204348e-07,-0.0048085248
3.205348e-07,-0.0048192957
3.206348e-07,-0.004822886
3.207348e-07,-0.0048178596
3.208348e-07,-0.0048085248
3.209348e-07,-0.0048006261
3.210348e-07,-0.0047999081
3.211348e-07,-0.0048092429
3.212348e-07,-0.0048243222
3.213348e-07,-0.0048379653
3.214348e-07,-0.004845864
3.215348e-07,-0.0048451459
3.216348e-07,-0.0048401195
3.217348e-07,-0.0048379653
3.218348e-07,-0.004845864
3.219348e-07,-0.0048645335
3.220348e-07,-0.0048903837
3.221348e-07,-0.0049133617
3.222348e-07,-0.0049262868
3.223348e-07,-0.0049255687
3.224348e-07,-0.0049140797
3.225348e-07,-0.0049004366
3.226348e-07,-0.0048918199
3.227348e-07,-0.004893256
3.228348e-07,-0.0049033088
3.229348e-07,-0.0049162339
3.230348e-07,-0.0049262868
3.231348e-07,-0.0049305951
3.232348e-07,-0.0049320312
3.233348e-07,-0.0049363396
3.234348e-07,-0.0049492647
3.235348e-07,-0.0049715246
3.236348e-07,-0.0049980928
3.237348e-07,-0.0050203527
3.238348e-07,-0.0050296875
3.239348e-07,-0.005023225
3.240348e-07,-0.0050059915
3.241348e-07,-0.0049858858
3.242348e-07,-0.0049722426
3.243348e-07,-0.0049708065
3.244348e-07,-0.0049808594
3.245348e-07,-0.0049952206
3.246348e-07,-0.0050067096
3.247348e-07,-0.005011736
3.248348e-07,-0.005011736
3.249348e-07,-0.005012454
3.250348e-07,-0.0050181985
3.251348e-07,-0.0050318417
3.252348e-07,-0.0050512293
3.253348e-07,-0.0050677447
3.254348e-07,-0.0050756434
3.255348e-07,-0.005071335
3.256348e-07,-0.0050576919
3.257348e-07,-0.0050418945
3.258348e-07,-0.0050296875
3.259348e-07,-0.0050253791
3.260348e-07,-0.0050275333
3.261348e-07,-0.0050304056
3.262348e-07,-0.0050296875
3.263348e-07,-0.0050246611
3.264348e-07,-0.0050189166
3.265348e-07,-0.0050189166
3.266348e-07,-0.0050296875
3.267348e-07,-0.0050519474
3.268348e-07,-0.0050792337
3.269348e-07,-0.0051014936
3.270348e-07,-0.0051101103
3.271348e-07,-0.0051029297
3.272348e-07,-0.0050842601
3.273348e-07,-0.0050641544
3.274348e-07,-0.0050526654
3.275348e-07,-0.0050555377
3.276348e-07,-0.0050698989
3.277348e-07,-0.0050878504
3.278348e-07,-0.0050986213
3.279348e-07,-0.0050964671
3.280348e-07,-0.0050821059
3.281348e-07,-0.0050605641
3.282348e-07,-0.0050411765
3.283348e-07,-0.0050296875
3.284348e-07,-0.0050268153
3.285348e-07,-0.0050289694
3.286348e-07,-0.0050296875
3.287348e-07,-0.0050253791
3.288348e-07,-0.0050153263
3.289348e-07,-0.0050038373
3.290348e-07,-0.0049952206
3.291348e-07,-0.0049916303
3.292348e-07,-0.0049916303
3.293348e-07,-0.0049901942
3.294348e-07,-0.0049837316
3.295348e-07,-0.0049715246
3.296348e-07,-0.0049578814
3.297348e-07,-0.0049485466
3.298348e-07,-0.0049492647
3.299348e-07,-0.0049614717
3.300348e-07,-0.0049801413
3.301348e-07,-0.0049980928
3.302348e-07,-0.0050067096
3.303348e-07,-0.0050038373
3.304348e-07,-0.0049916303
3.305348e-07,-0.0049787052
3.306348e-07,-0.0049722426
3.307348e-07,-0.0049772691
3.308348e-07,-0.0049923483
3.309348e-07,-0.005012454
3.310348e-07,-0.0050296875
3.311348e-07,-0.0050411765
3.312348e-07,-0.0050483571
3.313348e-07,-0.0050541016
3.314348e-07,-0.0050641544
3.315348e-07,-0.0050792337
3.316348e-07,-0.0050957491
3.317348e-07,-0.0051079561
3.318348e-07,-0.0051101103
3.319348e-07,-0.0051014936
3.320348e-07,-0.0050856962
3.321348e-07,-0.005070617
3.322348e-07,-0.0050641544
3.323348e-07,-0.0050691808
3.324348e-07,-0.005082824
3.325348e-07,-0.0050986213
3.326348e-07,-0.0051101103
3.327348e-07,-0.0051137006
3.328348e-07,-0.0051115464
3.329348e-07,-0.0051086742
3.330348e-07,-0.0051101103
3.331348e-07,-0.005118009
3.332348e-07,-0.0051287799
3.333348e-07,-0.0051359605
3.334348e-07,-0.0051330882
3.335348e-07,-0.0051194451
3.336348e-07,-0.0051000574
3.337348e-07,-0.005082824
3.338348e-07,-0.0050756434
3.339348e-07,-0.0050813879
3.340348e-07,-0.0050957491
3.341348e-07,-0.0051122645
3.342348e-07,-0.0051215993
3.343348e-07,-0.0051201631
3.344348e-07,-0.0051108284
3.345348e-07,-0.0051007755
3.346348e-07,-0.0050986213
3.347348e-07,-0.0051086742
3.348348e-07,-0.0051287799
3.349348e-07,-0.0051517578
3.350348e-07,-0.0051675551
3.351348e-07,-0.0051711455
3.352348e-07,-0.0051625287
3.353348e-07,-0.0051467314
3.354348e-07,-0.0051330882
3.355348e-07,-0.0051266257
3.356348e-07,-0.0051287799
3.357348e-07,-0.0051366785
3.358348e-07,-0.0051445772
3.359348e-07,-0.0051488856
3.360348e-07,-0.0051496036
3.361348e-07,-0.0051503217
3.362348e-07,-0.0051560662
3.363348e-07,-0.0051682732
3.364348e-07,-0.0051862247
3.365348e-07,-0.0052034582
3.366348e-07,-0.005213511
3.367348e-07,-0.005212793
3.368348e-07,-0.0052020221
3.369348e-07,-0.0051847886
3.370348e-07,-0.0051675551
3.371348e-07,-0.0051553481
3.372348e-07,-0.0051503217
3.373348e-07,-0.0051517578
3.374348e-07,-0.0051560662
3.375348e-07,-0.0051625287
3.376348e-07,-0.0051704274
3.377348e-07,-0.0051797622
3.378348e-07,-0.0051905331
3.379348e-07,-0.0051998679
3.380348e-07,-0.0052034582
3.381348e-07,-0.0051962776
3.382348e-07,-0.0051790441
3.383348e-07,-0.0051546301
3.384348e-07,-0.0051294979
3.385348e-07,-0.0051137006
3.386348e-07,-0.0051101103
3.387348e-07,-0.005118727
3.388348e-07,-0.0051323702
3.389348e-07,-0.0051431411
3.390348e-07,-0.0051445772
3.391348e-07,-0.0051352424
3.392348e-07,-0.0051194451
3.393348e-07,-0.0051058019
3.394348e-07,-0.0050986213
3.395348e-07,-0.0050993394
3.396348e-07,-0.0051022116
3.397348e-07,-0.0051000574
3.398348e-07,-0.0050871324
3.399348e-07,-0.0050641544
3.400348e-07,-0.0050368681
3.401348e-07,-0.0050153263
3.402348e-07,-0.0050067096
3.403348e-07,-0.005012454
3.404348e-07,-0.0050260972
3.405348e-07,-0.0050383042
3.406348e-07,-0.0050411765
3.407348e-07,-0.0050318417
3.408348e-07,-0.0050167624
3.409348e-07,-0.0050052734
3.410348e-07,-0.0050067096
3.411348e-07,-0.0050246611
3.412348e-07,-0.0050533835
3.413348e-07,-0.0050813879
3.414348e-07,-0.0050986213
3.415348e-07,-0.0050979033
3.416348e-07,-0.0050813879
3.417348e-07,-0.005059128
3.418348e-07,-0.0050411765
3.419348e-07,-0.005035432
3.420348e-07,-0.0050433307
3.421348e-07,-0.005059128
3.422348e-07,-0.0050756434
3.423348e-07,-0.0050878504
3.424348e-07,-0.005095031
3.425348e-07,-0.0051007755
3.426348e-07,-0.0051101103
3.427348e-07,-0.0051251896
3.428348e-07,-0.005141705
3.429348e-07,-0.005153912
3.430348e-07,-0.0051560662
3.431348e-07,-0.0051460133
3.432348e-07,-0.0051280618
3.433348e-07,-0.0051129825
3.434348e-07,-0.0051101103
3.435348e-07,-0.0051230354
3.436348e-07,-0.0051496036
3.437348e-07,-0.0051797622
3.438348e-07,-0.0052020221
3.439348e-07,-0.0052092027
3.440348e-07,-0.0052005859
3.441348e-07,-0.0051833525
3.442348e-07,-0.0051675551
3.443348e-07,-0.0051625287
3.444348e-07,-0.0051697093
3.445348e-07,-0.0051855067
3.446348e-07,-0.0052020221
3.447348e-07,-0.0052113568
3.448348e-07,-0.0052099207
3.449348e-07,-0.0052005859
3.450348e-07,-0.0051905331
3.451348e-07,-0.0051855067
3.452348e-07,-0.005189815
3.453348e-07,-0.0052005859
3.454348e-07,-0.005213511
3.455348e-07,-0.0052228458
3.456348e-07,-0.005225
3.457348e-07,-0.0052206916
3.458348e-07,-0.005213511
3.459348e-07,-0.0052084846
3.460348e-07,-0.0052084846
3.461348e-07,-0.0052142291
3.462348e-07,-0.005225
3.463348e-07,-0.0052379251
3.464348e-07,-0.0052494141
3.465348e-07,-0.0052573127
3.466348e-07,-0.0052594669
3.467348e-07,-0.0052551585
3.468348e-07,-0.0052451057
3.469348e-07,-0.0052293084
3.470348e-07,-0.005213511
3.471348e-07,-0.0052020221
3.472348e-07,-0.005201304
3.473348e-07,-0.005213511
3.474348e-07,-0.005236489
3.475348e-07,-0.0052637753
3.476348e-07,-0.005284599
3.477348e-07,-0.0052924977
3.478348e-07,-0.0052824449
3.479348e-07,-0.0052594669
3.480348e-07,-0.0052321806
3.481348e-07,-0.0052106388
3.482348e-07,-0.0052020221
3.483348e-07,-0.0052048943
3.484348e-07,-0.005213511
3.485348e-07,-0.0052185375
3.486348e-07,-0.005213511
3.487348e-07,-0.0051977137
3.488348e-07,-0.0051768899
3.489348e-07,-0.0051603745
3.490348e-07,-0.0051560662
3.491348e-07,-0.0051646829
3.492348e-07,-0.0051811983
3.493348e-07,-0.0051962776
3.494348e-07,-0.0052020221
3.495348e-07,-0.0051955595
3.496348e-07,-0.0051811983
3.497348e-07,-0.005165401
3.498348e-07,-0.0051560662
3.499348e-07,-0.0051553481
3.500348e-07,-0.0051610926
3.501348e-07,-0.0051668371
3.502348e-07,-0.0051675551
3.503348e-07,-0.0051625287
3.504348e-07,-0.0051567842
3.505348e-07,-0.0051567842
3.506348e-07,-0.0051675551
3.507348e-07,-0.005189097
3.508348e-07,-0.005213511
3.509348e-07,-0.0052321806
3.510348e-07,-0.005236489
3.511348e-07,-0.005225
3.512348e-07,-0.0052027401
3.513348e-07,-0.0051804802
3.514348e-07,-0.0051675551
3.515348e-07,-0.0051682732
3.516348e-07,-0.0051790441
3.517348e-07,-0.0051926873
3.518348e-07,-0.0052020221
3.519348e-07,-0.0052041762
3.520348e-07,-0.0052027401
3.521348e-07,-0.0052041762
3.522348e-07,-0.005213511
3.523348e-07,-0.0052321806
3.524348e-07,-0.0052537224
3.525348e-07,-0.0052688017
3.526348e-07,-0.0052709559
3.527348e-07,-0.0052580308
3.528348e-07,-0.0052357709
3.529348e-07,-0.0052142291
3.530348e-07,-0.0052020221
3.531348e-07,-0.0052020221
3.532348e-07,-0.0052099207
3.533348e-07,-0.0052163833
3.534348e-07,-0.005213511
3.535348e-07,-0.0051991498
3.536348e-07,-0.0051783261
3.537348e-07,-0.0051610926
3.538348e-07,-0.0051560662
3.539348e-07,-0.0051668371
3.540348e-07,-0.0051883789
3.541348e-07,-0.0052106388
3.542348e-07,-0.005225
3.543348e-07,-0.0052264361
3.544348e-07,-0.0052178194
3.545348e-07,-0.0052070485
3.546348e-07,-0.0052020221
3.547348e-07,-0.0052063304
3.548348e-07,-0.0052156652
3.549348e-07,-0.0052242819
3.550348e-07,-0.005225
3.551348e-07,-0.0052178194
3.552348e-07,-0.0052077665
3.553348e-07,-0.0052041762
3.554348e-07,-0.005213511
3.555348e-07,-0.0052350528
3.556348e-07,-0.0052616211
3.557348e-07,-0.0052802907
3.558348e-07,-0.0052824449
3.559348e-07,-0.0052673656
3.560348e-07,-0.0052443876
3.561348e-07,-0.0052264361
3.562348e-07,-0.005225
3.563348e-07,-0.0052436696
3.564348e-07,-0.0052752642
3.565348e-07,-0.0053047047
3.566348e-07,-0.0053169118
3.567348e-07,-0.0053061409
3.568348e-07,-0.0052774184
3.569348e-07,-0.0052451057
3.570348e-07,-0.005225
3.571348e-07,-0.0052264361
3.572348e-07,-0.0052479779
3.573348e-07,-0.0052795726
3.574348e-07,-0.0053054228
3.575348e-07,-0.0053154756
3.576348e-07,-0.005308295
3.577348e-07,-0.0052896255
3.578348e-07,-0.0052709559
3.579348e-07,-0.0052616211
3.580348e-07,-0.0052637753
3.581348e-07,-0.0052731101
3.582348e-07,-0.0052824449
3.583348e-07,-0.005284599
3.584348e-07,-0.0052802907
3.585348e-07,-0.0052731101
3.586348e-07,-0.0052709559
3.587348e-07,-0.0052774184
3.588348e-07,-0.0052917796
3.589348e-07,-0.005307577
3.590348e-07,-0.0053169118
3.591348e-07,-0.0053147576
3.592348e-07,-0.0053018325
3.593348e-07,-0.005284599
3.594348e-07,-0.0052709559
3.595348e-07,-0.0052659295
3.596348e-07,-0.0052695198
3.597348e-07,-0.0052774184
3.598348e-07,-0.0052824449
3.599348e-07,-0.0052802907
3.600348e-07,-0.0052709559
3.601348e-07,-0.0052587489
3.602348e-07,-0.0052479779
3.603348e-07,-0.0052422335
3.604348e-07,-0.0052407973
3.605348e-07,-0.0052400793
3.606348e-07,-0.005236489
3.607348e-07,-0.0052285903
3.608348e-07,-0.0052199736
3.609348e-07,-0.005213511
3.610348e-07,-0.005213511
3.611348e-07,-0.0052178194
3.612348e-07,-0.0052214097
3.613348e-07,-0.0052171013
3.614348e-07,-0.0052020221
3.615348e-07,-0.0051790441
3.616348e-07,-0.0051567842
3.617348e-07,-0.0051467314
3.618348e-07,-0.0051560662
3.619348e-07,-0.0051840705
3.620348e-07,-0.0052206916
3.621348e-07,-0.0052501321
3.622348e-07,-0.0052594669
3.623348e-07,-0.0052443876
3.624348e-07,-0.0052113568
3.625348e-07,-0.0051768899
3.626348e-07,-0.0051560662
3.627348e-07,-0.0051603745
3.628348e-07,-0.0051869428
3.629348e-07,-0.0052257181
3.630348e-07,-0.0052594669
3.631348e-07,-0.0052752642
3.632348e-07,-0.0052688017
3.633348e-07,-0.0052479779
3.634348e-07,-0.005225
3.635348e-07,-0.0052142291
3.636348e-07,-0.0052228458
3.637348e-07,-0.005248696
3.638348e-07,-0.0052824449
3.639348e-07,-0.0053133215
3.640348e-07,-0.0053327091
3.641348e-07,-0.0053406078
3.642348e-07,-0.0053398897
3.643348e-07,-0.0053391716
3.644348e-07,-0.0053441981
3.645348e-07,-0.0053564051
3.646348e-07,-0.0053743566
3.647348e-07,-0.0053923081
3.648348e-07,-0.0054066693
3.649348e-07,-0.0054152861
3.650348e-07,-0.0054203125
3.651348e-07,-0.0054239028
3.652348e-07,-0.0054289292
3.653348e-07,-0.0054361098
3.654348e-07,-0.0054432904
3.655348e-07,-0.0054490349
3.656348e-07,-0.005450471
3.657348e-07,-0.0054483169
3.658348e-07,-0.0054432904
3.659348e-07,-0.0054361098
3.660348e-07,-0.0054296473
3.661348e-07,-0.0054239028
3.662348e-07,-0.0054203125
3.663348e-07,-0.0054195944
3.664348e-07,-0.0054217486
3.665348e-07,-0.005426775
3.666348e-07,-0.0054318015
3.667348e-07,-0.0054346737
3.668348e-07,-0.0054325195
3.669348e-07,-0.0054231847
3.670348e-07,-0.0054088235
3.671348e-07,-0.0053923081
3.672348e-07,-0.005379383
3.673348e-07,-0.0053729205
3.674348e-07,-0.0053743566
3.675348e-07,-0.0053801011
3.676348e-07,-0.0053844095
3.677348e-07,-0.0053836914
3.678348e-07,-0.0053743566
3.679348e-07,-0.0053607135
3.680348e-07,-0.0053485064
3.681348e-07,-0.0053441981
3.682348e-07,-0.0053513787
3.683348e-07,-0.005367176
3.684348e-07,-0.0053851275
3.685348e-07,-0.0053973346
3.686348e-07,-0.0053973346
3.687348e-07,-0.0053865636
3.688348e-07,-0.0053700483
3.689348e-07,-0.0053564051
3.690348e-07,-0.0053513787
3.691348e-07,-0.0053571232
3.692348e-07,-0.0053693302
3.693348e-07,-0.0053808192
3.694348e-07,-0.0053858456
3.695348e-07,-0.0053822553
3.696348e-07,-0.0053729205
3.697348e-07,-0.0053643038
3.698348e-07,-0.0053628676
3.699348e-07,-0.0053693302
3.700348e-07,-0.0053808192
3.701348e-07,-0.0053923081
3.702348e-07,-0.0053973346
3.703348e-07,-0.0053951804
3.704348e-07,-0.0053894359
3.705348e-07,-0.0053844095
3.706348e-07,-0.0053858456
3.707348e-07,-0.0053944623
3.708348e-07,-0.0054073874
3.709348e-07,-0.0054210306
3.710348e-07,-0.0054318015
3.711348e-07,-0.0054404182
3.712348e-07,-0.005449753
3.713348e-07,-0.0054655503
3.714348e-07,-0.0054892463
3.715348e-07,-0.0055172507
3.716348e-07,-0.0055416648
3.717348e-07,-0.005556744
3.718348e-07,-0.0055581801
3.719348e-07,-0.0055488454
3.720348e-07,-0.0055380744
3.721348e-07,-0.0055359203
3.722348e-07,-0.0055466912
3.723348e-07,-0.0055696691
3.724348e-07,-0.0055955193
3.725348e-07,-0.0056134708
3.726348e-07,-0.005615625
3.727348e-07,-0.005603418
3.728348e-07,-0.0055861845
3.729348e-07,-0.0055761317
3.730348e-07,-0.0055811581
3.731348e-07,-0.0056026999
3.732348e-07,-0.0056314223
3.733348e-07,-0.0056544003
3.734348e-07,-0.0056615809
3.735348e-07,-0.0056500919
3.736348e-07,-0.005627832
3.737348e-07,-0.0056084444
3.738348e-07,-0.005604136
3.739348e-07,-0.0056192153
3.740348e-07,-0.0056479377
3.741348e-07,-0.0056780963
3.742348e-07,-0.0056960478
3.743348e-07,-0.0056953297
3.744348e-07,-0.0056802505
3.745348e-07,-0.0056615809
3.746348e-07,-0.0056500919
3.747348e-07,-0.0056536822
3.748348e-07,-0.0056687615
3.749348e-07,-0.005686713
3.750348e-07,-0.0056960478
3.751348e-07,-0.0056903033
3.752348e-07,-0.0056709157
3.753348e-07,-0.0056465016
3.754348e-07,-0.005627114
3.755348e-07,-0.0056184972
3.756348e-07,-0.0056192153
3.757348e-07,-0.0056213695
3.758348e-07,-0.005615625
3.759348e-07,-0.0055969554
3.760348e-07,-0.0055696691
3.761348e-07,-0.0055416648
3.762348e-07,-0.0055237132
3.763348e-07,-0.0055222771
3.764348e-07,-0.0055337661
3.765348e-07,-0.0055495634
3.766348e-07,-0.0055581801
3.767348e-07,-0.0055517176
3.768348e-07,-0.0055308938
3.769348e-07,-0.0055028895
3.770348e-07,-0.0054777574
3.771348e-07,-0.0054633961
3.772348e-07,-0.0054605239
3.773348e-07,-0.0054641142
3.774348e-07,-0.0054662684
3.775348e-07,-0.0054626781
3.776348e-07,-0.0054526252
3.777348e-07,-0.0054440085
3.778348e-07,-0.0054432904
3.779348e-07,-0.0054554975
3.780348e-07,-0.0054784754
3.781348e-07,-0.0055050437
3.782348e-07,-0.0055237132
3.783348e-07,-0.0055280216
3.784348e-07,-0.0055172507
3.785348e-07,-0.005497145
3.786348e-07,-0.0054777574
3.787348e-07,-0.0054677045
3.788348e-07,-0.0054698587
3.789348e-07,-0.0054827838
3.790348e-07,-0.0055007353
3.791348e-07,-0.0055172507
3.792348e-07,-0.0055280216
3.793348e-07,-0.005533048
3.794348e-07,-0.0055352022
3.795348e-07,-0.0055359203
3.796348e-07,-0.0055366383
3.797348e-07,-0.0055366383
3.798348e-07,-0.0055352022
3.799348e-07,-0.0055337661
3.800348e-07,-0.0055352022
3.801348e-07,-0.0055431009
3.802348e-07,-0.0055581801
3.803348e-07,-0.0055790039
3.804348e-07,-0.0055991096
3.805348e-07,-0.0056127528
3.806348e-07,-0.005615625
3.807348e-07,-0.0056091625
3.808348e-07,-0.0055983915
3.809348e-07,-0.0055912109
3.810348e-07,-0.0055926471
3.811348e-07,-0.0056019818
3.812348e-07,-0.0056141889
3.813348e-07,-0.0056206514
3.814348e-07,-0.005615625
3.815348e-07,-0.0055983915
3.816348e-07,-0.0055746955
3.817348e-07,-0.0055545898
3.818348e-07,-0.0055466912
3.819348e-07,-0.0055524357
3.820348e-07,-0.005568233
3.821348e-07,-0.0055847484
3.822348e-07,-0.0055926471
3.823348e-07,-0.0055883387
3.824348e-07,-0.0055746955
3.825348e-07,-0.0055581801
3.826348e-07,-0.0055466912
3.827348e-07,-0.0055438189
3.828348e-07,-0.0055466912
3.829348e-07,-0.0055495634
3.830348e-07,-0.0055466912
3.831348e-07,-0.0055344841
3.832348e-07,-0.0055172507
3.833348e-07,-0.0055000172
3.834348e-07,-0.0054892463
3.835348e-07,-0.0054870921
3.836348e-07,-0.0054906824
3.837348e-07,-0.0054935547
3.838348e-07,-0.0054892463
3.839348e-07,-0.0054777574
3.840348e-07,-0.0054626781
3.841348e-07,-0.0054533433
3.842348e-07,-0.0054547794
3.843348e-07,-0.0054691406
3.844348e-07,-0.0054914005
3.845348e-07,-0.0055129423
3.846348e-07,-0.0055237132
3.847348e-07,-0.0055222771
3.848348e-07,-0.0055115062
3.849348e-07,-0.0055014534
3.850348e-07,-0.0055007353
3.851348e-07,-0.0055122243
3.852348e-07,-0.0055337661
3.853348e-07,-0.0055553079
3.854348e-07,-0.0055696691
3.855348e-07,-0.0055711052
3.856348e-07,-0.0055632066
3.857348e-07,-0.0055517176
3.858348e-07,-0.0055466912
3.859348e-07,-0.0055517176
3.860348e-07,-0.0055639246
3.861348e-07,-0.0055768497
3.862348e-07,-0.0055811581
3.863348e-07,-0.0055718233
3.864348e-07,-0.0055517176
3.865348e-07,-0.0055287397
3.866348e-07,-0.0055122243
3.867348e-07,-0.005508634
3.868348e-07,-0.0055194049
3.869348e-07,-0.0055387925
3.870348e-07,-0.0055581801
3.871348e-07,-0.0055725414
3.872348e-07,-0.00558044
3.873348e-07,-0.0055854665
3.874348e-07,-0.0055926471
3.875348e-07,-0.0056055722
3.876348e-07,-0.0056228056
3.877348e-07,-0.005639321
3.878348e-07,-0.0056500919
3.879348e-07,-0.00565081
3.880348e-07,-0.0056421932
3.881348e-07,-0.0056285501
3.882348e-07,-0.005615625
3.883348e-07,-0.0056070083
3.884348e-07,-0.0056026999
3.885348e-07,-0.0055991096
3.886348e-07,-0.0055926471
3.887348e-07,-0.0055818761
3.888348e-07,-0.0055696691
3.889348e-07,-0.0055603343
3.890348e-07,-0.0055581801
3.891348e-07,-0.0055646427
3.892348e-07,-0.0055754136
3.893348e-07,-0.0055833123
3.894348e-07,-0.0055811581
3.895348e-07,-0.0055667969
3.896348e-07,-0.0055438189
3.897348e-07,-0.0055186868
3.898348e-07,-0.0055007353
3.899348e-07,-0.0054935547
3.900348e-07,-0.005497145
3.901348e-07,-0.0055057617
3.902348e-07,-0.0055122243
3.903348e-07,-0.0055122243
3.904348e-07,-0.0055050437
3.905348e-07,-0.0054957089
3.906348e-07,-0.0054892463
3.907348e-07,-0.0054892463
3.908348e-07,-0.0054957089
3.909348e-07,-0.0055050437
3.910348e-07,-0.0055122243
3.911348e-07,-0.0055143784
3.912348e-07,-0.0055115062
3.913348e-07,-0.0055057617
3.914348e-07,-0.0055007353
3.915348e-07,-0.0054978631
3.916348e-07,-0.0054964269
3.917348e-07,-0.0054935547
3.918348e-07,-0.0054892463
3.919348e-07,-0.0054835018
3.920348e-07,-0.0054791935
3.921348e-07,-0.0054806296
3.922348e-07,-0.0054892463
3.923348e-07,-0.0055036075
3.924348e-07,-0.0055186868
3.925348e-07,-0.0055265855
3.926348e-07,-0.0055237132
3.927348e-07,-0.0055100701
3.928348e-07,-0.0054914005
3.929348e-07,-0.0054748851
3.930348e-07,-0.0054662684
3.931348e-07,-0.0054669864
3.932348e-07,-0.0054727309
3.933348e-07,-0.0054777574
3.934348e-07,-0.0054777574
3.935348e-07,-0.0054720129
3.936348e-07,-0.0054662684
3.937348e-07,-0.0054669864
3.938348e-07,-0.0054777574
3.939348e-07,-0.0054978631
3.940348e-07,-0.005520841
3.941348e-07,-0.0055352022
3.942348e-07,-0.0055352022
3.943348e-07,-0.0055186868
3.944348e-07,-0.0054928366
3.945348e-07,-0.0054684226
3.946348e-07,-0.0054547794
3.947348e-07,-0.0054569336
3.948348e-07,-0.0054712948
3.949348e-07,-0.0054885283
3.950348e-07,-0.0055007353
3.951348e-07,-0.0055021714
3.952348e-07,-0.0054964269
3.953348e-07,-0.0054892463
3.954348e-07,-0.0054892463
3.955348e-07,-0.0055000172
3.956348e-07,-0.0055179687
3.957348e-07,-0.0055366383
3.958348e-07,-0.0055466912
3.959348e-07,-0.0055438189
3.960348e-07,-0.0055301758
3.961348e-07,-0.0055136604
3.962348e-07,-0.0055007353
3.963348e-07,-0.0054978631
3.964348e-07,-0.0055043256
3.965348e-07,-0.0055150965
3.966348e-07,-0.0055237132
3.967348e-07,-0.0055265855
3.968348e-07,-0.0055237132
3.969348e-07,-0.0055215591
3.970348e-07,-0.0055237132
3.971348e-07,-0.005533048
3.972348e-07,-0.0055459731
3.973348e-07,-0.005556744
3.974348e-07,-0.0055581801
3.975348e-07,-0.0055495634
3.976348e-07,-0.0055337661
3.977348e-07,-0.0055186868
3.978348e-07,-0.0055122243
3.979348e-07,-0.0055186868
3.980348e-07,-0.0055352022
3.981348e-07,-0.0055553079
3.982348e-07,-0.0055696691
3.983348e-07,-0.0055739775
3.984348e-07,-0.0055675149
3.985348e-07,-0.005556744
3.986348e-07,-0.0055466912
3.987348e-07,-0.0055416648
3.988348e-07,-0.0055416648
3.989348e-07,-0.0055409467
3.990348e-07,-0.0055352022
3.991348e-07,-0.005520841
3.992348e-07,-0.0054992992
3.993348e-07,-0.0054756032
3.994348e-07,-0.0054547794
3.995348e-07,-0.0054404182
3.996348e-07,-0.0054318015
3.997348e-07,-0.005426057
3.998348e-07,-0.0054203125
3.999348e-07,-0.0054131319
4.000348e-07,-0.0054052332
4.001348e-07,-0.0053994887
4.002348e-07,-0.0053973346
4.003348e-07,-0.0053966165
4.004348e-07,-0.0053937443
4.005348e-07,-0.0053829733
4.006348e-07,-0.0053628676
4.007348e-07,-0.0053377355
4.008348e-07,-0.0053147576
4.009348e-07,-0.0053025506
4.010348e-07,-0.0053054228
4.011348e-07,-0.0053205021
4.012348e-07,-0.0053391716
4.013348e-07,-0.0053513787
4.014348e-07,-0.0053513787
4.015348e-07,-0.0053398897
4.016348e-07,-0.0053255285
4.017348e-07,-0.0053190659
4.018348e-07,-0.0053284007
4.019348e-07,-0.0053520967
4.020348e-07,-0.0053815372
4.021348e-07,-0.0054037971
4.022348e-07,-0.0054088235
4.023348e-07,-0.0053951804
4.024348e-07,-0.0053700483
4.025348e-07,-0.0053470703
4.026348e-07,-0.0053398897
4.027348e-07,-0.0053520967
4.028348e-07,-0.005379383
4.029348e-07,-0.0054102597
4.030348e-07,-0.0054318015
4.031348e-07,-0.005438264
4.032348e-07,-0.0054318015
4.033348e-07,-0.0054224667
4.034348e-07,-0.0054203125
4.035348e-07,-0.0054310834
4.036348e-07,-0.0054519072
4.037348e-07,-0.005474167
4.038348e-07,-0.0054892463
4.039348e-07,-0.0054921186
4.040348e-07,-0.005484938
4.041348e-07,-0.0054770393
4.042348e-07,-0.0054777574
4.043348e-07,-0.0054921186
4.044348e-07,-0.0055165326
4.045348e-07,-0.0055423828
4.046348e-07,-0.0055581801
4.047348e-07,-0.0055574621
4.048348e-07,-0.0055423828
4.049348e-07,-0.0055201229
4.050348e-07,-0.0055007353
4.051348e-07,-0.0054921186
4.052348e-07,-0.0054942727
4.053348e-07,-0.0055036075
4.054348e-07,-0.0055122243
4.055348e-07,-0.0055158146
4.056348e-07,-0.0055136604
4.057348e-07,-0.0055107881
4.058348e-07,-0.0055122243
4.059348e-07,-0.0055201229
4.060348e-07,-0.00553233
4.061348e-07,-0.0055431009
4.062348e-07,-0.0055466912
4.063348e-07,-0.0055416648
4.064348e-07,-0.0055316119
4.065348e-07,-0.0055237132
4.066348e-07,-0.0055237132
4.067348e-07,-0.005533048
4.068348e-07,-0.0055466912
4.069348e-07,-0.0055574621
4.070348e-07,-0.0055581801
4.071348e-07,-0.0055474092
4.072348e-07,-0.0055294577
4.073348e-07,-0.0055150965
4.074348e-07,-0.0055122243
4.075348e-07,-0.0055237132
4.076348e-07,-0.005544537
4.077348e-07,-0.0055667969
4.078348e-07,-0.0055811581
4.079348e-07,-0.0055825942
4.080348e-07,-0.0055746955
4.081348e-07,-0.0055639246
4.082348e-07,-0.0055581801
4.083348e-07,-0.0055610524
4.084348e-07,-0.0055718233
4.085348e-07,-0.0055840303
4.086348e-07,-0.0055926471
4.087348e-07,-0.0055969554
4.088348e-07,-0.0056005457
4.089348e-07,-0.0056091625
4.090348e-07,-0.005627114
4.091348e-07,-0.0056522461
4.092348e-07,-0.0056780963
4.093348e-07,-0.0056946117
4.094348e-07,-0.0056960478
4.095348e-07,-0.0056831227
4.096348e-07,-0.0056637351
4.097348e-07,-0.0056500919
4.098348e-07,-0.0056500919
4.099348e-07,-0.0056651712
4.100348e-07,-0.005686713
4.101348e-07,-0.0057046645
4.102348e-07,-0.0057075368
4.103348e-07,-0.0056953297
4.104348e-07,-0.005675224
4.105348e-07,-0.0056601448
4.106348e-07,-0.0056615809
4.107348e-07,-0.0056816866
4.108348e-07,-0.0057125632
4.109348e-07,-0.0057405676
4.110348e-07,-0.0057534926
4.111348e-07,-0.005746312
4.112348e-07,-0.0057247702
4.113348e-07,-0.0057032284
4.114348e-07,-0.0056960478
4.115348e-07,-0.0057096909
4.116348e-07,-0.0057398495
4.117348e-07,-0.0057750345
4.118348e-07,-0.0057994485
4.119348e-07,-0.0058037569
4.120348e-07,-0.0057879596
4.121348e-07,-0.0057635455
4.122348e-07,-0.0057420037
4.123348e-07,-0.0057348231
4.124348e-07,-0.0057427217
4.125348e-07,-0.0057599552
4.126348e-07,-0.0057764706
4.127348e-07,-0.0057836512
4.128348e-07,-0.0057800609
4.129348e-07,-0.0057714442
4.130348e-07,-0.0057649816
4.131348e-07,-0.0057678539
4.132348e-07,-0.0057793428
4.133348e-07,-0.0057965763
4.134348e-07,-0.0058109375
4.135348e-07,-0.0058188362
4.136348e-07,-0.0058195542
4.137348e-07,-0.0058188362
4.138348e-07,-0.0058224265
4.139348e-07,-0.0058324793
4.140348e-07,-0.0058461225
4.141348e-07,-0.0058568934
4.142348e-07,-0.0058568934
4.143348e-07,-0.0058439683
4.144348e-07,-0.0058217084
4.145348e-07,-0.0057994485
4.146348e-07,-0.0057879596
4.147348e-07,-0.0057922679
4.148348e-07,-0.0058095014
4.149348e-07,-0.0058303251
4.150348e-07,-0.0058454044
4.151348e-07,-0.0058461225
4.152348e-07,-0.0058317613
4.153348e-07,-0.0058087833
4.154348e-07,-0.0057879596
4.155348e-07,-0.0057764706
4.156348e-07,-0.0057779067
4.157348e-07,-0.0057879596
4.158348e-07,-0.0057994485
4.159348e-07,-0.0058059111
4.160348e-07,-0.005805193
4.161348e-07,-0.0057972943
4.162348e-07,-0.0057879596
4.163348e-07,-0.0057800609
4.164348e-07,-0.0057750345
4.165348e-07,-0.0057714442
4.166348e-07,-0.0057649816
4.167348e-07,-0.0057542107
4.168348e-07,-0.0057398495
4.169348e-07,-0.0057233341
4.170348e-07,-0.0057075368
4.171348e-07,-0.0056931756
4.172348e-07,-0.0056802505
4.173348e-07,-0.0056658892
4.174348e-07,-0.0056500919
4.175348e-07,-0.0056350126
4.176348e-07,-0.0056242417
4.177348e-07,-0.0056213695
4.178348e-07,-0.005627114
4.179348e-07,-0.0056378849
4.180348e-07,-0.0056457835
4.181348e-07,-0.0056429113
4.182348e-07,-0.005627114
4.183348e-07,-0.0056005457
4.184348e-07,-0.0055718233
4.185348e-07,-0.0055517176
4.186348e-07,-0.0055466912
4.187348e-07,-0.005556744
4.188348e-07,-0.0055739775
4.189348e-07,-0.0055890568
4.190348e-07,-0.0055926471
4.191348e-07,-0.0055833123
4.192348e-07,-0.0055660788
4.193348e-07,-0.0055517176
4.194348e-07,-0.0055466912
4.195348e-07,-0.0055538718
4.196348e-07,-0.0055675149
4.197348e-07,-0.005579722
4.198348e-07,-0.0055811581
4.199348e-07,-0.0055711052
4.200348e-07,-0.005556026
4.201348e-07,-0.0055452551
4.202348e-07,-0.0055466912
4.203348e-07,-0.0055624885
4.204348e-07,-0.0055854665
4.205348e-07,-0.0056026999
4.206348e-07,-0.005604136
4.207348e-07,-0.0055847484
4.208348e-07,-0.0055502815
4.209348e-07,-0.0055136604
4.210348e-07,-0.0054892463
4.211348e-07,-0.0054863741
4.212348e-07,-0.0055036075
4.213348e-07,-0.00553233
4.214348e-07,-0.0055581801
4.215348e-07,-0.0055711052
4.216348e-07,-0.0055675149
4.217348e-07,-0.0055524357
4.218348e-07,-0.0055352022
4.219348e-07,-0.0055229952
4.220348e-07,-0.0055172507
4.221348e-07,-0.0055158146
4.222348e-07,-0.0055122243
4.223348e-07,-0.0055007353
4.224348e-07,-0.0054835018
4.225348e-07,-0.0054648323
4.226348e-07,-0.0054547794
4.227348e-07,-0.0054576517
4.228348e-07,-0.005474167
4.229348e-07,-0.0054957089
4.230348e-07,-0.0055122243
4.231348e-07,-0.0055136604
4.232348e-07,-0.005497145
4.233348e-07,-0.0054669864
4.234348e-07,-0.0054318015
4.235348e-07,-0.0054037971
4.236348e-07,-0.005390872
4.237348e-07,-0.0053937443
4.238348e-07,-0.0054088235
4.239348e-07,-0.0054289292
4.240348e-07,-0.0054468807
4.241348e-07,-0.0054598058
4.242348e-07,-0.0054662684
4.243348e-07,-0.0054684226
4.244348e-07,-0.0054691406
4.245348e-07,-0.0054684226
4.246348e-07,-0.0054662684
4.247348e-07,-0.0054633961
4.248348e-07,-0.0054590878
4.249348e-07,-0.0054554975
4.250348e-07,-0.0054547794
4.251348e-07,-0.0054576517
4.252348e-07,-0.0054641142
4.253348e-07,-0.0054712948
4.254348e-07,-0.0054777574
4.255348e-07,-0.0054806296
4.256348e-07,-0.0054806296
4.257348e-07,-0.0054784754
4.258348e-07,-0.0054777574
4.259348e-07,-0.0054791935
4.260348e-07,-0.0054827838
4.261348e-07,-0.0054863741
4.262348e-07,-0.0054892463
4.263348e-07,-0.0054885283
4.264348e-07,-0.0054835018
4.265348e-07,-0.0054756032
4.266348e-07,-0.0054662684
4.267348e-07,-0.0054576517
4.268348e-07,-0.005449753
4.269348e-07,-0.0054454446
4.270348e-07,-0.0054432904
4.271348e-07,-0.0054454446
4.272348e-07,-0.0054526252
4.273348e-07,-0.0054641142
4.274348e-07,-0.0054777574
4.275348e-07,-0.0054899644
4.276348e-07,-0.0054978631
4.277348e-07,-0.005497145
4.278348e-07,-0.0054892463
4.279348e-07,-0.0054777574
4.280348e-07,-0.0054677045
4.281348e-07,-0.0054633961
4.282348e-07,-0.0054662684
4.283348e-07,-0.005474167
4.284348e-07,-0.0054813477
4.285348e-07,-0.0054835018
4.286348e-07,-0.0054777574
4.287348e-07,-0.0054662684
4.288348e-07,-0.0054554975
4.289348e-07,-0.005450471
4.290348e-07,-0.0054547794
4.291348e-07,-0.0054669864
4.292348e-07,-0.0054806296
4.293348e-07,-0.0054899644
4.294348e-07,-0.0054892463
4.295348e-07,-0.0054806296
4.296348e-07,-0.0054684226
4.297348e-07,-0.00546196
4.298348e-07,-0.0054662684
4.299348e-07,-0.0054806296
4.300348e-07,-0.0055007353
4.301348e-07,-0.0055172507
4.302348e-07,-0.0055237132
4.303348e-07,-0.0055186868
4.304348e-07,-0.0055057617
4.305348e-07,-0.0054935547
4.306348e-07,-0.0054892463
4.307348e-07,-0.0054949908
4.308348e-07,-0.0055071978
4.309348e-07,-0.0055194049
4.310348e-07,-0.0055237132
4.311348e-07,-0.0055172507
4.312348e-07,-0.0055043256
4.313348e-07,-0.0054921186
4.314348e-07,-0.0054892463
4.315348e-07,-0.0055007353
4.316348e-07,-0.0055251494
4.317348e-07,-0.0055553079
4.318348e-07,-0.0055811581
4.319348e-07,-0.0055969554
4.320348e-07,-0.0056005457
4.321348e-07,-0.0055969554
4.322348e-07,-0.0055926471
4.323348e-07,-0.0055940832
4.324348e-07,-0.005604136
4.325348e-07,-0.0056206514
4.326348e-07,-0.0056386029
4.327348e-07,-0.0056536822
4.328348e-07,-0.0056637351
4.329348e-07,-0.0056687615
4.330348e-07,-0.0056730699
4.331348e-07,-0.0056788143
4.332348e-07,-0.005686713
4.333348e-07,-0.0056974839
4.334348e-07,-0.0057075368
4.335348e-07,-0.0057161535
4.336348e-07,-0.005721898
4.337348e-07,-0.0057269244
4.338348e-07,-0.0057305147
4.339348e-07,-0.0057333869
4.340348e-07,-0.0057348231
4.341348e-07,-0.005734105
4.342348e-07,-0.0057305147
4.343348e-07,-0.0057269244
4.344348e-07,-0.0057262063
4.345348e-07,-0.0057312328
4.346348e-07,-0.0057420037
4.347348e-07,-0.0057542107
4.348348e-07,-0.0057628274
4.349348e-07,-0.0057635455
4.350348e-07,-0.0057534926
4.351348e-07,-0.0057376953
4.352348e-07,-0.0057240522
4.353348e-07,-0.0057204619
4.354348e-07,-0.0057305147
4.355348e-07,-0.0057513385
4.356348e-07,-0.0057750345
4.357348e-07,-0.0057893957
4.358348e-07,-0.0057879596
4.359348e-07,-0.00576929
4.360348e-07,-0.0057398495
4.361348e-07,-0.0057118451
4.362348e-07,-0.0056960478
4.363348e-07,-0.0056960478
4.364348e-07,-0.0057082548
4.365348e-07,-0.0057233341
4.366348e-07,-0.0057305147
4.367348e-07,-0.005722616
4.368348e-07,-0.0057010742
4.369348e-07,-0.0056730699
4.370348e-07,-0.0056500919
4.371348e-07,-0.0056407571
4.372348e-07,-0.0056479377
4.373348e-07,-0.0056687615
4.374348e-07,-0.0056960478
4.375348e-07,-0.005721898
4.376348e-07,-0.0057405676
4.377348e-07,-0.0057506204
4.378348e-07,-0.0057534926
4.379348e-07,-0.0057506204
4.380348e-07,-0.0057448759
4.381348e-07,-0.0057376953
4.382348e-07,-0.0057305147
4.383348e-07,-0.0057276425
4.384348e-07,-0.0057326689
4.385348e-07,-0.0057491843
4.386348e-07,-0.0057764706
4.387348e-07,-0.0058095014
4.388348e-07,-0.005841096
4.389348e-07,-0.0058619198
4.390348e-07,-0.0058683824
4.391348e-07,-0.0058612017
4.392348e-07,-0.0058482767
4.393348e-07,-0.005840378
4.394348e-07,-0.0058454044
4.395348e-07,-0.005864792
4.396348e-07,-0.0058935145
4.397348e-07,-0.0059208008
4.398348e-07,-0.0059373162
4.399348e-07,-0.0059380342
4.400348e-07,-0.0059265453
4.401348e-07,-0.005911466
4.402348e-07,-0.0059028493
4.403348e-07,-0.0059078757
4.404348e-07,-0.0059265453
4.405348e-07,-0.0059509593
4.406348e-07,-0.0059717831
4.407348e-07,-0.005982554
4.408348e-07,-0.0059803998
4.409348e-07,-0.005970347
4.410348e-07,-0.0059602941
4.411348e-07,-0.0059559858
4.412348e-07,-0.0059595761
4.413348e-07,-0.0059667567
4.414348e-07,-0.0059717831
4.415348e-07,-0.0059681928
4.416348e-07,-0.0059552677
4.417348e-07,-0.0059344439
4.418348e-07,-0.0059143382
4.419348e-07,-0.0059006951
4.420348e-07,-0.0058978228
4.421348e-07,-0.0059042854
4.422348e-07,-0.0059143382
4.423348e-07,-0.0059222369
4.424348e-07,-0.005923673
4.425348e-07,-0.0059164924
4.426348e-07,-0.0059028493
4.427348e-07,-0.0058870519
4.428348e-07,-0.0058734088
4.429348e-07,-0.0058626379
4.430348e-07,-0.0058568934
4.431348e-07,-0.0058540211
4.432348e-07,-0.0058540211
4.433348e-07,-0.0058554573
4.434348e-07,-0.0058568934
4.435348e-07,-0.0058576114
4.436348e-07,-0.0058568934
4.437348e-07,-0.005852585
4.438348e-07,-0.0058454044
4.439348e-07,-0.0058360696
4.440348e-07,-0.0058260168
4.441348e-07,-0.005816682
4.442348e-07,-0.0058109375
4.443348e-07,-0.0058073472
4.444348e-07,-0.005804475
4.445348e-07,-0.0058016027
4.446348e-07,-0.0057994485
4.447348e-07,-0.0058001666
4.448348e-07,-0.005805193
4.449348e-07,-0.0058174
4.450348e-07,-0.0058339154
4.451348e-07,-0.0058504308
4.452348e-07,-0.0058597656
4.453348e-07,-0.0058583295
4.454348e-07,-0.0058454044
4.455348e-07,-0.0058252987
4.456348e-07,-0.0058059111
4.457348e-07,-0.0057958582
4.458348e-07,-0.0057994485
4.459348e-07,-0.0058159639
4.460348e-07,-0.0058382238
4.461348e-07,-0.0058576114
4.462348e-07,-0.0058683824
4.463348e-07,-0.0058691004
4.464348e-07,-0.0058633559
4.465348e-07,-0.0058583295
4.466348e-07,-0.0058568934
4.467348e-07,-0.0058612017
4.468348e-07,-0.0058676643
4.469348e-07,-0.0058712546
4.470348e-07,-0.0058683824
4.471348e-07,-0.0058597656
4.472348e-07,-0.0058504308
4.473348e-07,-0.0058439683
4.474348e-07,-0.0058454044
4.475348e-07,-0.005851867
4.476348e-07,-0.0058576114
4.477348e-07,-0.0058561753
4.478348e-07,-0.0058454044
4.479348e-07,-0.005828171
4.480348e-07,-0.0058109375
4.481348e-07,-0.005804475
4.482348e-07,-0.0058109375
4.483348e-07,-0.005828889
4.484348e-07,-0.0058497128
4.485348e-07,-0.0058612017
4.486348e-07,-0.0058568934
4.487348e-07,-0.0058375057
4.488348e-07,-0.0058102194
4.489348e-07,-0.0057872415
4.490348e-07,-0.0057764706
4.491348e-07,-0.0057786248
4.492348e-07,-0.0057858054
4.493348e-07,-0.0057886776
4.494348e-07,-0.0057764706
4.495348e-07,-0.0057499023
4.496348e-07,-0.0057154354
4.497348e-07,-0.0056859949
4.498348e-07,-0.0056730699
4.499348e-07,-0.0056788143
4.500348e-07,-0.0056967659
4.501348e-07,-0.0057139993
4.502348e-07,-0.0057190257
4.503348e-07,-0.0057053826
4.504348e-07,-0.0056780963
4.505348e-07,-0.0056479377
4.506348e-07,-0.005627114
4.507348e-07,-0.0056228056
4.508348e-07,-0.0056328585
4.509348e-07,-0.0056493739
4.510348e-07,-0.0056615809
4.511348e-07,-0.0056637351
4.512348e-07,-0.0056558364
4.513348e-07,-0.0056450655
4.514348e-07,-0.0056386029
4.515348e-07,-0.0056400391
4.516348e-07,-0.0056457835
4.517348e-07,-0.0056479377
4.518348e-07,-0.0056386029
4.519348e-07,-0.005615625
4.520348e-07,-0.0055833123
4.521348e-07,-0.0055531537
4.522348e-07,-0.0055352022
4.523348e-07,-0.0055359203
4.524348e-07,-0.0055524357
4.525348e-07,-0.0055754136
4.526348e-07,-0.0055926471
4.527348e-07,-0.0055969554
4.528348e-07,-0.0055876206
4.529348e-07,-0.0055718233
4.530348e-07,-0.0055581801
4.531348e-07,-0.0055545898
4.532348e-07,-0.0055617705
4.533348e-07,-0.0055768497
4.534348e-07,-0.0055926471
4.535348e-07,-0.0056048541
4.536348e-07,-0.0056127528
4.537348e-07,-0.0056184972
4.538348e-07,-0.005627114
4.539348e-07,-0.0056386029
4.540348e-07,-0.0056493739
4.541348e-07,-0.0056544003
4.542348e-07,-0.0056500919
4.543348e-07,-0.0056364488
4.544348e-07,-0.0056206514
4.545348e-07,-0.0056113166
4.546348e-07,-0.005615625
4.547348e-07,-0.0056364488
4.548348e-07,-0.0056694795
4.549348e-07,-0.0057039465
4.550348e-07,-0.0057305147
4.551348e-07,-0.0057441579
4.552348e-07,-0.0057448759
4.553348e-07,-0.0057384134
4.554348e-07,-0.0057305147
4.555348e-07,-0.0057240522
4.556348e-07,-0.0057183077
4.557348e-07,-0.0057089729
4.558348e-07,-0.0056960478
4.559348e-07,-0.0056809685
4.560348e-07,-0.0056694795
4.561348e-07,-0.0056701976
4.562348e-07,-0.0056845588
4.563348e-07,-0.0057089729
4.564348e-07,-0.0057319508
4.565348e-07,-0.0057420037
4.566348e-07,-0.0057305147
4.567348e-07,-0.0056996381
4.568348e-07,-0.0056608628
4.569348e-07,-0.0056285501
4.570348e-07,-0.005615625
4.571348e-07,-0.0056242417
4.572348e-07,-0.0056465016
4.573348e-07,-0.0056673254
4.574348e-07,-0.0056730699
4.575348e-07,-0.0056587086
4.576348e-07,-0.0056299862
4.577348e-07,-0.005603418
4.578348e-07,-0.0055926471
4.579348e-07,-0.0056070083
4.580348e-07,-0.0056421932
4.581348e-07,-0.0056852769
4.582348e-07,-0.0057190257
4.583348e-07,-0.0057326689
4.584348e-07,-0.0057247702
4.585348e-07,-0.0057046645
4.586348e-07,-0.0056845588
4.587348e-07,-0.0056759421
4.588348e-07,-0.0056816866
4.589348e-07,-0.0056960478
4.590348e-07,-0.0057075368
4.591348e-07,-0.0057089729
4.592348e-07,-0.00569892
4.593348e-07,-0.0056831227
4.594348e-07,-0.0056730699
4.595348e-07,-0.0056766602
4.596348e-07,-0.0056960478
4.597348e-07,-0.0057254883
4.598348e-07,-0.0057534926
4.599348e-07,-0.005770008
4.600348e-07,-0.0057707261
4.601348e-07,-0.005757801
4.602348e-07,-0.0057420037
4.603348e-07,-0.0057319508
4.604348e-07,-0.0057333869
4.605348e-07,-0.005746312
4.606348e-07,-0.0057649816
4.607348e-07,-0.0057822151
4.608348e-07,-0.0057915499
4.609348e-07,-0.0057922679
4.610348e-07,-0.0057879596
4.611348e-07,-0.0057822151
4.612348e-07,-0.0057800609
4.613348e-07,-0.0057822151
4.614348e-07,-0.0057879596
4.615348e-07,-0.0057944221
4.616348e-07,-0.0058008847
4.617348e-07,-0.0058059111
4.618348e-07,-0.0058109375
4.619348e-07,-0.0058159639
4.620348e-07,-0.0058202723
4.621348e-07,-0.0058224265
4.622348e-07,-0.0058224265
4.623348e-07,-0.0058195542
4.624348e-07,-0.005816682
4.625348e-07,-0.005816682
4.626348e-07,-0.0058224265
4.627348e-07,-0.0058331974
4.628348e-07,-0.0058475586
4.629348e-07,-0.0058604837
4.630348e-07,-0.0058683824
