LECROYHDO6104B,11090,Waveform
Segments,1,SegmentSize,5002
Segment,TrigTime,TimeSinceSegment1
#1,04-May-2026 18:49:20,0                 
Time,Ampl
-3.701534e-08,-0.0055653608
-3.691534e-08,-0.005533048
-3.681534e-08,-0.0054957089
-3.671534e-08,-0.0054662684
-3.661534e-08,-0.0054554975
-3.651534e-08,-0.0054669864
-3.641534e-08,-0.0054964269
-3.631534e-08,-0.0055352022
-3.621534e-08,-0.0055732594
-3.611534e-08,-0.0056026999
-3.601534e-08,-0.0056170611
-3.591534e-08,-0.005615625
-3.581534e-08,-0.0056005457
-3.571534e-08,-0.0055761317
-3.561534e-08,-0.0055481273
-3.551534e-08,-0.0055237132
-3.541534e-08,-0.0055100701
-3.531534e-08,-0.0055129423
-3.521534e-08,-0.0055337661
-3.511534e-08,-0.0055696691
-3.501534e-08,-0.0056105986
-3.491534e-08,-0.0056443474
-3.481534e-08,-0.0056594267
-3.471534e-08,-0.0056500919
-3.461534e-08,-0.0056192153
-3.451534e-08,-0.0055768497
-3.441534e-08,-0.0055373564
-3.431534e-08,-0.0055122243
-3.421534e-08,-0.0055079159
-3.411534e-08,-0.0055237132
-3.401534e-08,-0.0055509995
-3.391534e-08,-0.0055811581
-3.381534e-08,-0.0056062902
-3.371534e-08,-0.0056228056
-3.361534e-08,-0.0056292682
-3.351534e-08,-0.005627114
-3.341534e-08,-0.005615625
-3.331534e-08,-0.0055955193
-3.321534e-08,-0.0055675149
-3.311534e-08,-0.0055352022
-3.301534e-08,-0.0055071978
-3.291534e-08,-0.0054935547
-3.281534e-08,-0.0055021714
-3.271534e-08,-0.0055352022
-3.261534e-08,-0.0055840303
-3.251534e-08,-0.0056342946
-3.241534e-08,-0.0056680434
-3.231534e-08,-0.0056730699
-3.221534e-08,-0.0056479377
-3.211534e-08,-0.0056026999
-3.201534e-08,-0.0055553079
-3.191534e-08,-0.0055237132
-3.181534e-08,-0.0055186868
-3.171534e-08,-0.0055416648
-3.161534e-08,-0.0055825942
-3.151534e-08,-0.005627114
-3.141534e-08,-0.005663017
-3.131534e-08,-0.0056838408
-3.121534e-08,-0.0056895852
-3.111534e-08,-0.0056845588
-3.101534e-08,-0.005674506
-3.091534e-08,-0.0056637351
-3.081534e-08,-0.005651528
-3.071534e-08,-0.0056386029
-3.061534e-08,-0.0056263959
-3.051534e-08,-0.0056192153
-3.041534e-08,-0.0056220875
-3.031534e-08,-0.0056386029
-3.021534e-08,-0.0056666073
-3.011534e-08,-0.00569892
-3.001534e-08,-0.0057240522
-2.991534e-08,-0.0057305147
-2.981534e-08,-0.0057147174
-2.971534e-08,-0.0056802505
-2.961534e-08,-0.0056386029
-2.951534e-08,-0.005604136
-2.941534e-08,-0.0055883387
-2.931534e-08,-0.0055962374
-2.921534e-08,-0.0056242417
-2.911534e-08,-0.0056615809
-2.901534e-08,-0.005698202
-2.891534e-08,-0.0057240522
-2.881534e-08,-0.0057348231
-2.871534e-08,-0.0057305147
-2.861534e-08,-0.0057125632
-2.851534e-08,-0.0056859949
-2.841534e-08,-0.0056558364
-2.831534e-08,-0.005627114
-2.821534e-08,-0.0056077263
-2.811534e-08,-0.005603418
-2.801534e-08,-0.0056177792
-2.791534e-08,-0.0056500919
-2.781534e-08,-0.0056924575
-2.771534e-08,-0.0057319508
-2.761534e-08,-0.0057556468
-2.751534e-08,-0.0057534926
-2.741534e-08,-0.0057254883
-2.731534e-08,-0.0056788143
-2.721534e-08,-0.0056299862
-2.711534e-08,-0.0055926471
-2.701534e-08,-0.0055782858
-2.691534e-08,-0.0055876206
-2.681534e-08,-0.005615625
-2.671534e-08,-0.0056500919
-2.661534e-08,-0.0056816866
-2.651534e-08,-0.0057032284
-2.641534e-08,-0.0057147174
-2.631534e-08,-0.0057190257
-2.621534e-08,-0.0057204619
-2.611534e-08,-0.0057211799
-2.601534e-08,-0.0057211799
-2.591534e-08,-0.0057190257
-2.581534e-08,-0.0057154354
-2.571534e-08,-0.0057118451
-2.561534e-08,-0.0057118451
-2.551534e-08,-0.0057190257
-2.541534e-08,-0.005734105
-2.531534e-08,-0.0057549288
-2.521534e-08,-0.0057743164
-2.511534e-08,-0.0057879596
-2.501534e-08,-0.0057915499
-2.491534e-08,-0.0057850873
-2.481534e-08,-0.0057743164
-2.471534e-08,-0.0057649816
-2.461534e-08,-0.0057621094
-2.451534e-08,-0.0057685719
-2.441534e-08,-0.0057822151
-2.431534e-08,-0.0057994485
-2.421534e-08,-0.0058152459
-2.411534e-08,-0.0058260168
-2.401534e-08,-0.005828889
-2.391534e-08,-0.0058224265
-2.381534e-08,-0.0058073472
-2.371534e-08,-0.0057843693
-2.361534e-08,-0.0057563649
-2.351534e-08,-0.0057305147
-2.341534e-08,-0.0057132812
-2.331534e-08,-0.0057125632
-2.321534e-08,-0.0057305147
-2.311534e-08,-0.0057649816
-2.301534e-08,-0.005805193
-2.291534e-08,-0.0058375057
-2.281534e-08,-0.0058497128
-2.271534e-08,-0.0058339154
-2.261534e-08,-0.005793704
-2.251534e-08,-0.0057412856
-2.241534e-08,-0.0056924575
-2.231534e-08,-0.0056615809
-2.221534e-08,-0.0056572725
-2.211534e-08,-0.0056773782
-2.201534e-08,-0.0057132812
-2.191534e-08,-0.0057534926
-2.181534e-08,-0.0057872415
-2.171534e-08,-0.0058087833
-2.161534e-08,-0.0058159639
-2.151534e-08,-0.0058109375
-2.141534e-08,-0.0057951402
-2.131534e-08,-0.0057714442
-2.121534e-08,-0.0057405676
-2.111534e-08,-0.0057075368
-2.101534e-08,-0.0056802505
-2.091534e-08,-0.0056673254
-2.081534e-08,-0.0056759421
-2.071534e-08,-0.0057075368
-2.061534e-08,-0.0057542107
-2.051534e-08,-0.0058030388
-2.041534e-08,-0.0058367877
-2.031534e-08,-0.0058454044
-2.021534e-08,-0.0058267348
-2.011534e-08,-0.0057908318
-2.001534e-08,-0.0057534926
-1.991534e-08,-0.0057305147
-1.981534e-08,-0.0057326689
-1.971534e-08,-0.0057592371
-1.961534e-08,-0.0058016027
-1.951534e-08,-0.0058454044
-1.941534e-08,-0.0058784352
-1.931534e-08,-0.0058935145
-1.921534e-08,-0.0058920784
-1.911534e-08,-0.0058798713
-1.901534e-08,-0.0058633559
-1.891534e-08,-0.0058468405
-1.881534e-08,-0.0058331974
-1.871534e-08,-0.0058224265
-1.861534e-08,-0.0058159639
-1.851534e-08,-0.005816682
-1.841534e-08,-0.0058260168
-1.831534e-08,-0.0058454044
-1.821534e-08,-0.0058705365
-1.811534e-08,-0.0058927964
-1.801534e-08,-0.0059021312
-1.791534e-08,-0.0058913603
-1.781534e-08,-0.0058583295
-1.771534e-08,-0.0058102194
-1.761534e-08,-0.0057592371
-1.751534e-08,-0.0057190257
-1.741534e-08,-0.00569892
-1.731534e-08,-0.0057003562
-1.721534e-08,-0.0057183077
-1.711534e-08,-0.0057420037
-1.701534e-08,-0.0057621094
-1.691534e-08,-0.0057714442
-1.681534e-08,-0.0057678539
-1.671534e-08,-0.0057534926
-1.661534e-08,-0.0057305147
-1.651534e-08,-0.0057017923
-1.641534e-08,-0.0056701976
-1.631534e-08,-0.0056386029
-1.621534e-08,-0.0056120347
-1.611534e-08,-0.0055983915
-1.601534e-08,-0.0056026999
-1.591534e-08,-0.005627114
-1.581534e-08,-0.0056666073
-1.571534e-08,-0.005710409
-1.561534e-08,-0.0057434398
-1.551534e-08,-0.0057534926
-1.541534e-08,-0.0057362592
-1.531534e-08,-0.0056974839
-1.521534e-08,-0.00565081
-1.511534e-08,-0.005615625
-1.501534e-08,-0.0056048541
-1.491534e-08,-0.0056235237
-1.481534e-08,-0.0056658892
-1.471534e-08,-0.0057190257
-1.461534e-08,-0.0057671358
-1.451534e-08,-0.0057965763
-1.441534e-08,-0.0058030388
-1.431534e-08,-0.0057879596
-1.421534e-08,-0.0057599552
-1.411534e-08,-0.0057297966
-1.401534e-08,-0.0057068187
-1.391534e-08,-0.0056960478
-1.381534e-08,-0.0057010742
-1.371534e-08,-0.0057204619
-1.361534e-08,-0.0057513385
-1.351534e-08,-0.0057879596
-1.341534e-08,-0.0058231445
-1.331534e-08,-0.0058497128
-1.321534e-08,-0.0058619198
-1.311534e-08,-0.0058568934
-1.301534e-08,-0.0058360696
-1.291534e-08,-0.0058066291
-1.281534e-08,-0.0057757525
-1.271534e-08,-0.0057534926
-1.261534e-08,-0.0057448759
-1.251534e-08,-0.0057527746
-1.241534e-08,-0.0057728803
-1.231534e-08,-0.0057994485
-1.221534e-08,-0.0058260168
-1.211534e-08,-0.0058468405
-1.201534e-08,-0.0058576114
-1.191534e-08,-0.0058568934
-1.181534e-08,-0.0058461225
-1.171534e-08,-0.0058274529
-1.161534e-08,-0.0058066291
-1.151534e-08,-0.0057879596
-1.141534e-08,-0.0057786248
-1.131534e-08,-0.0057836512
-1.121534e-08,-0.0058030388
-1.111534e-08,-0.0058339154
-1.101534e-08,-0.0058669462
-1.091534e-08,-0.0058927964
-1.081534e-08,-0.0059021312
-1.071534e-08,-0.0058913603
-1.061534e-08,-0.005864792
-1.051534e-08,-0.0058310432
-1.041534e-08,-0.0058023208
-1.031534e-08,-0.0057879596
-1.021534e-08,-0.0057908318
-1.011534e-08,-0.0058087833
-1.001534e-08,-0.0058339154
-9.915338e-09,-0.0058568934
-9.815338e-09,-0.0058719727
-9.715338e-09,-0.005876281
-9.615338e-09,-0.0058705365
-9.515338e-09,-0.0058568934
-9.415338e-09,-0.0058367877
-9.315338e-09,-0.0058116556
-9.215338e-09,-0.0057829331
-9.115338e-09,-0.0057534926
-9.015338e-09,-0.0057305147
-8.915338e-09,-0.0057211799
-8.815338e-09,-0.0057326689
-8.715338e-09,-0.0057649816
-8.615338e-09,-0.0058123736
-8.515338e-09,-0.0058626379
-8.415338e-09,-0.0059006951
-8.315338e-09,-0.0059143382
-8.215338e-09,-0.0059006951
-8.115338e-09,-0.0058655101
-8.015338e-09,-0.0058224265
-7.915338e-09,-0.0057879596
-7.815338e-09,-0.0057728803
-7.715338e-09,-0.0057822151
-7.615338e-09,-0.0058095014
-7.515338e-09,-0.0058454044
-7.415338e-09,-0.0058784352
-7.315338e-09,-0.0059006951
-7.215338e-09,-0.0059085937
-7.115338e-09,-0.0059028493
-7.015338e-09,-0.00588777
-6.915338e-09,-0.0058669462
-6.815338e-09,-0.0058439683
-6.715338e-09,-0.0058224265
-6.615338e-09,-0.0058066291
-6.515338e-09,-0.0058016027
-6.415338e-09,-0.0058109375
-6.315338e-09,-0.0058339154
-6.215338e-09,-0.0058676643
-6.115338e-09,-0.0059028493
-6.015338e-09,-0.0059294175
-5.915338e-09,-0.0059373162
-5.815338e-09,-0.005923673
-5.715338e-09,-0.0058935145
-5.615338e-09,-0.0058554573
-5.515338e-09,-0.0058224265
-5.415338e-09,-0.0058059111
-5.315338e-09,-0.0058087833
-5.215338e-09,-0.005828889
-5.115338e-09,-0.0058568934
-5.015338e-09,-0.0058805894
-4.915338e-09,-0.0058899242
-4.815338e-09,-0.0058791533
-4.715338e-09,-0.0058454044
-4.615338e-09,-0.005793704
-4.515338e-09,-0.0057305147
-4.415338e-09,-0.0056644531
-4.315338e-09,-0.005604136
-4.215338e-09,-0.005556744
-4.115338e-09,-0.0055258674
-4.015338e-09,-0.005509352
-3.915338e-09,-0.0055007353
-3.815338e-09,-0.0054870921
-3.715338e-09,-0.0054526252
-3.615338e-09,-0.0053865636
-3.515338e-09,-0.0052824449
-3.415338e-09,-0.005142423
-3.315338e-09,-0.0049794233
-3.215338e-09,-0.0048099609
-3.115338e-09,-0.0046505515
-3.015338e-09,-0.0045112477
-2.915338e-09,-0.0043942038
-2.815338e-09,-0.0042915211
-2.715338e-09,-0.0041909926
-2.615338e-09,-0.0040789752
-2.515338e-09,-0.0039475701
-2.415338e-09,-0.003792469
-2.315338e-09,-0.0036165441
-2.215338e-09,-0.0034269761
-2.115338e-09,-0.0032316636
-2.015338e-09,-0.0030363511
-1.915338e-09,-0.0028467831
-1.815338e-09,-0.0026665499
-1.715338e-09,-0.0024970875
-1.615338e-09,-0.0023398323
-1.515338e-09,-0.0021919118
-1.415338e-09,-0.0020490177
-1.315338e-09,-0.0019046875
-1.215338e-09,-0.0017510225
-1.115338e-09,-0.0015829963
-1.015338e-09,-0.001401327
-9.153384e-10,-0.0012110409
-8.153384e-10,-0.0010221909
-7.153384e-10,-0.00084770221
-6.153384e-10,-0.00069690947
-5.153384e-10,-0.00057483915
-4.153384e-10,-0.00047861903
-3.153384e-10,-0.00039963235
-2.153384e-10,-0.0003256721
-1.153384e-10,-0.00024596737
-1.533838e-11,-0.00015261949
8.466162e-11,-4.3474265e-05
1.846616e-10,7.7159926e-05
2.846616e-10,0.00020138442
3.846616e-10,0.00031771025
4.846616e-10,0.00041608456
5.846616e-10,0.00048789063
6.846616e-10,0.00053169233
7.846616e-10,0.00055107996
8.846616e-10,0.00055395221
9.846616e-10,0.00055323415
1.084662e-09,0.00056185087
1.184662e-09,0.00058770106
1.284662e-09,0.000634375
1.384662e-09,0.00069684628
1.484662e-09,0.0007657801
1.584662e-09,0.00082896944
1.684662e-09,0.00087564338
1.784662e-09,0.00090005744
1.884662e-09,0.00090364775
1.984662e-09,0.00089287684
2.084662e-09,0.00087564338
2.184662e-09,0.00086128217
2.284662e-09,0.00085553768
2.384662e-09,0.00086056411
2.484662e-09,0.00087564338
2.584662e-09,0.0008971852
2.684662e-09,0.0009208812
2.784662e-09,0.00094170496
2.884662e-09,0.00095606618
2.984662e-09,0.00096037454
3.084662e-09,0.00095247587
3.184662e-09,0.00093452436
3.284662e-09,0.00091011029
3.384662e-09,0.00088785041
3.484662e-09,0.00087636144
3.584662e-09,0.00088354205
3.684662e-09,0.00091011029
3.784662e-09,0.00095319393
3.884662e-09,0.0010020221
3.984662e-09,0.0010451057
4.084662e-09,0.0010709559
4.184662e-09,0.0010745462
4.284662e-09,0.0010580308
4.384662e-09,0.0010300264
4.484662e-09,0.0010020221
4.584662e-09,0.0009847886
4.684662e-09,0.00098335248
4.784662e-09,0.00099843176
4.884662e-09,0.001025
4.984662e-09,0.0010565947
5.084662e-09,0.0010860352
5.184662e-09,0.0011104492
5.284662e-09,0.0011284007
5.384662e-09,0.0011406078
5.484662e-09,0.0011485064
5.584662e-09,0.0011520967
5.684662e-09,0.0011513787
5.784662e-09,0.0011470703
5.884662e-09,0.0011413258
5.984662e-09,0.0011370175
6.084662e-09,0.0011398897
6.184662e-09,0.0011520967
6.284662e-09,0.0011743566
6.384662e-09,0.001203079
6.484662e-09,0.0012318015
6.584662e-09,0.0012547794
6.684662e-09,0.0012662684
6.784662e-09,0.0012655503
6.884662e-09,0.0012547794
6.984662e-09,0.0012411363
7.084662e-09,0.0012310834
7.184662e-09,0.0012310834
7.284662e-09,0.0012432904
7.384662e-09,0.0012655503
7.484662e-09,0.0012928366
7.584662e-09,0.0013179688
7.684662e-09,0.0013352022
7.784662e-09,0.0013409467
7.884662e-09,0.0013337661
7.984662e-09,0.0013186868
8.084662e-09,0.0013007353
8.184662e-09,0.0012870921
8.284662e-09,0.0012827838
8.384662e-09,0.0012914005
8.484662e-09,0.0013122243
8.584662e-09,0.0013423828
8.684662e-09,0.0013754136
8.784662e-09,0.0014055722
8.884662e-09,0.001427114
8.984662e-09,0.0014371668
9.084662e-09,0.0014342946
9.184662e-09,0.0014220875
9.284662e-09,0.001404136
9.384662e-09,0.0013861845
9.484662e-09,0.0013739775
9.584662e-09,0.0013711052
9.684662e-09,0.0013811581
9.784662e-09,0.0014026999
9.884662e-09,0.0014321404
9.984662e-09,0.0014622989
1.008466e-08,0.0014845588
1.018466e-08,0.0014903033
1.028466e-08,0.001475224
1.038466e-08,0.0014407571
1.048466e-08,0.0013926471
1.058466e-08,0.0013423828
1.068466e-08,0.0013014534
1.078466e-08,0.0012784754
1.088466e-08,0.0012777574
1.098466e-08,0.0012942727
1.108466e-08,0.0013179688
1.118466e-08,0.0013387925
1.128466e-08,0.0013466912
1.138466e-08,0.0013373564
1.148466e-08,0.0013129423
1.158466e-08,0.0012784754
1.168466e-08,0.0012432904
1.178466e-08,0.0012131319
1.188466e-08,0.0011937443
1.198466e-08,0.0011844095
1.208466e-08,0.0011858456
1.218466e-08,0.0011944623
1.228466e-08,0.0012073874
1.238466e-08,0.0012217486
1.248466e-08,0.0012318015
1.258466e-08,0.0012346737
1.268466e-08,0.0012274931
1.278466e-08,0.0012102597
1.288466e-08,0.0011858456
1.298466e-08,0.0011628676
1.308466e-08,0.0011492245
1.318466e-08,0.0011528148
1.328466e-08,0.0011743566
1.338466e-08,0.0012102597
1.348466e-08,0.0012490349
1.358466e-08,0.0012784754
1.368466e-08,0.0012892463
1.378466e-08,0.0012777574
1.388466e-08,0.0012490349
1.398466e-08,0.001214568
1.408466e-08,0.0011858456
1.418466e-08,0.0011743566
1.428466e-08,0.0011844095
1.438466e-08,0.00121385
1.448466e-08,0.0012547794
1.458466e-08,0.0012985811
1.468466e-08,0.0013373564
1.478466e-08,0.0013653608
1.488466e-08,0.0013811581
1.498466e-08,0.0013840303
1.508466e-08,0.0013775678
1.518466e-08,0.0013632066
1.528466e-08,0.0013466912
1.538466e-08,0.0013337661
1.548466e-08,0.0013308938
1.558466e-08,0.0013423828
1.568466e-08,0.0013696691
1.578466e-08,0.0014098805
1.588466e-08,0.0014551183
1.598466e-08,0.0014946117
1.608466e-08,0.0015190257
1.618466e-08,0.0015233341
1.628466e-08,0.0015089729
1.638466e-08,0.0014809685
1.648466e-08,0.0014500919
1.658466e-08,0.0014249598
1.668466e-08,0.0014120347
1.678466e-08,0.0014134708
1.688466e-08,0.001427114
1.698466e-08,0.0014493739
1.708466e-08,0.0014730699
1.718466e-08,0.0014946117
1.728466e-08,0.0015075368
1.738466e-08,0.0015096909
1.748466e-08,0.0014996381
1.758466e-08,0.0014780963
1.768466e-08,0.0014500919
1.778466e-08,0.0014220875
1.788466e-08,0.0014012638
1.798466e-08,0.0013948012
1.808466e-08,0.001404136
1.818466e-08,0.0014263959
1.828466e-08,0.0014536822
1.838466e-08,0.0014759421
1.848466e-08,0.0014845588
1.858466e-08,0.001475224
1.868466e-08,0.0014486558
1.878466e-08,0.0014105986
1.888466e-08,0.0013696691
1.898466e-08,0.001333048
1.908466e-08,0.0013071978
1.918466e-08,0.0012921186
1.928466e-08,0.0012892463
1.938466e-08,0.0012949908
1.948466e-08,0.0013057617
1.958466e-08,0.0013172507
1.968466e-08,0.0013237132
1.978466e-08,0.0013201229
1.988466e-08,0.0013021714
1.998466e-08,0.0012712948
2.008466e-08,0.0012318015
2.018466e-08,0.0011937443
2.028466e-08,0.001167176
2.038466e-08,0.0011607135
2.048466e-08,0.0011743566
2.058466e-08,0.001202361
2.068466e-08,0.0012310834
2.078466e-08,0.0012483169
2.088466e-08,0.0012432904
2.098466e-08,0.0012160041
2.108466e-08,0.0011736386
2.118466e-08,0.0011284007
2.128466e-08,0.0010939338
2.138466e-08,0.0010767004
2.148466e-08,0.0010774184
2.158466e-08,0.0010896255
2.168466e-08,0.0011054228
2.178466e-08,0.0011183479
2.188466e-08,0.0011262466
2.198466e-08,0.0011284007
2.208466e-08,0.0011284007
2.218466e-08,0.0011255285
2.228466e-08,0.0011183479
2.238466e-08,0.0011047047
2.248466e-08,0.0010824449
2.258466e-08,0.0010558766
2.268466e-08,0.0010314625
2.278466e-08,0.0010192555
2.288466e-08,0.001025
2.298466e-08,0.0010494141
2.308466e-08,0.0010853171
2.318466e-08,0.001119784
2.328466e-08,0.0011398897
2.338466e-08,0.0011377355
2.348466e-08,0.0011133215
2.358466e-08,0.0010752642
2.368466e-08,0.001036489
2.378466e-08,0.0010092027
2.388466e-08,0.0010005859
2.398466e-08,0.0010113568
2.408466e-08,0.001036489
2.418466e-08,0.0010688017
2.428466e-08,0.0010996783
2.438466e-08,0.0011248104
2.448466e-08,0.0011398897
2.458466e-08,0.0011441981
2.468466e-08,0.0011370175
2.478466e-08,0.0011190659
2.488466e-08,0.0010939338
2.498466e-08,0.0010673656
2.508466e-08,0.0010465418
2.518466e-08,0.0010386432
2.528466e-08,0.0010479779
2.538466e-08,0.0010738281
2.548466e-08,0.0011104492
2.558466e-08,0.0011470703
2.568466e-08,0.0011743566
2.578466e-08,0.0011858456
2.588466e-08,0.0011808192
2.598466e-08,0.0011628676
2.608466e-08,0.0011398897
2.618466e-08,0.0011183479
2.628466e-08,0.0011025506
2.638466e-08,0.0010946519
2.648466e-08,0.0010939338
2.658466e-08,0.0010996783
2.668466e-08,0.0011090131
2.678466e-08,0.001119784
2.688466e-08,0.0011284007
2.698466e-08,0.0011291188
2.708466e-08,0.0011183479
2.718466e-08,0.0010939338
2.728466e-08,0.0010594669
2.738466e-08,0.0010228458
2.748466e-08,0.00099340533
2.758466e-08,0.00098191636
2.768466e-08,0.00099053309
2.778466e-08,0.0010142291
2.788466e-08,0.0010407973
2.798466e-08,0.0010558766
2.808466e-08,0.0010479779
2.818466e-08,0.0010149472
2.828466e-08,0.00096181066
2.838466e-08,0.00090364775
2.848466e-08,0.00085266544
2.858466e-08,0.00081963465
2.868466e-08,0.00080742762
2.878466e-08,0.0008095818
2.888466e-08,0.00081819853
2.898466e-08,0.00082466108
2.908466e-08,0.00082466108
2.918466e-08,0.00081819853
2.928466e-08,0.00080670956
2.938466e-08,0.00079163028
2.948466e-08,0.00077224265
2.958466e-08,0.00074639246
2.968466e-08,0.00071479779
2.978466e-08,0.00067889476
2.988466e-08,0.00064658203
2.998466e-08,0.00062575827
3.008466e-08,0.00062288603
3.018466e-08,0.00063940142
3.028466e-08,0.00066668773
3.038466e-08,0.00069325597
3.048466e-08,0.00070330882
3.058466e-08,0.00068822955
3.068466e-08,0.00064730009
3.078466e-08,0.00058985524
3.088466e-08,0.00053097426
3.098466e-08,0.00048717256
3.108466e-08,0.00046850299
3.118466e-08,0.00047783778
3.128466e-08,0.00050799632
3.138466e-08,0.00054748966
3.148466e-08,0.00058339269
3.158466e-08,0.00060637063
3.168466e-08,0.00061139706
3.178466e-08,0.00059990809
3.188466e-08,0.00057621209
3.198466e-08,0.0005467716
3.208466e-08,0.00051948529
3.218466e-08,0.00050009766
3.228466e-08,0.00049219899
3.238466e-08,0.0004993796
3.248466e-08,0.00051948529
3.258466e-08,0.00054892578
3.268466e-08,0.00057980239
3.278466e-08,0.00060278033
3.288466e-08,0.00061139706
3.298466e-08,0.00060134421
3.308466e-08,0.00057549403
3.318466e-08,0.00054102711
3.328466e-08,0.00050799632
3.338466e-08,0.00048717256
3.348466e-08,0.00048430032
3.358466e-08,0.00050081572
3.368466e-08,0.00053097426
3.378466e-08,0.0005668773
3.388466e-08,0.00059847197
3.398466e-08,0.00061857767
3.408466e-08,0.00062288603
3.418466e-08,0.00061139706
3.428466e-08,0.00058770106
3.438466e-08,0.00055897863
3.448466e-08,0.00053097426
3.458466e-08,0.00051086857
3.468466e-08,0.0005029699
3.478466e-08,0.00051015051
3.488466e-08,0.00053097426
3.498466e-08,0.00056041475
3.508466e-08,0.00059129136
3.518466e-08,0.00061498736
3.528466e-08,0.00062288603
3.538466e-08,0.00061139706
3.548466e-08,0.00058195657
3.558466e-08,0.00054030905
3.568466e-08,0.00049650735
3.578466e-08,0.00046204044
3.588466e-08,0.00044624311
3.598466e-08,0.00045055147
3.608466e-08,0.00047352941
3.618466e-08,0.00050584214
3.628466e-08,0.00053815487
3.638466e-08,0.00055969669
3.648466e-08,0.00056544118
3.658466e-08,0.00055538833
3.668466e-08,0.00053312845
3.678466e-08,0.00050727826
3.688466e-08,0.00048501838
3.698466e-08,0.00047209329
3.708466e-08,0.00047137523
3.718466e-08,0.00048071002
3.728466e-08,0.00049650735
3.738466e-08,0.00051302275
3.748466e-08,0.00052522978
3.758466e-08,0.00052810202
3.768466e-08,0.00051948529
3.778466e-08,0.00049866153
3.788466e-08,0.00046922105
3.798466e-08,0.0004354722
3.808466e-08,0.00040459559
3.818466e-08,0.00038305377
3.828466e-08,0.0003751551
3.838466e-08,0.00038377183
3.848466e-08,0.00040459559
3.858466e-08,0.00043188189
3.868466e-08,0.0004555779
3.878466e-08,0.00046778493
3.888466e-08,0.00046204044
3.898466e-08,0.00043834444
3.908466e-08,0.00040100528
3.918466e-08,0.00036007583
3.928466e-08,0.00032417279
3.938466e-08,0.00030263097
3.948466e-08,0.00029832261
3.958466e-08,0.0003112477
3.968466e-08,0.00033566176
3.978466e-08,0.00036438419
3.988466e-08,0.00038879825
3.998466e-08,0.00040315947
4.008466e-08,0.00040459559
4.018466e-08,0.0003916705
4.028466e-08,0.00036725643
4.038466e-08,0.00033566176
4.048466e-08,0.00030119485
4.058466e-08,0.00027103631
4.068466e-08,0.00024877642
4.078466e-08,0.00023944164
4.088466e-08,0.00024375
4.098466e-08,0.00025882927
4.108466e-08,0.00028037109
4.118466e-08,0.00030047679
4.128466e-08,0.00031268382
4.138466e-08,0.00031196576
4.148466e-08,0.00029616843
4.158466e-08,0.000267446
4.168466e-08,0.00023226103
4.178466e-08,0.00019779412
4.188466e-08,0.00017122587
4.198466e-08,0.00015901884
4.208466e-08,0.00016332721
4.218466e-08,0.00018199678
4.228466e-08,0.00020928309
4.238466e-08,0.00023656939
4.248466e-08,0.00025523897
4.258466e-08,0.00025882927
4.268466e-08,0.00024375
4.278466e-08,0.00021359145
4.288466e-08,0.00017481618
4.298466e-08,0.00013747702
4.308466e-08,0.0001123449
4.318466e-08,0.00010516429
4.328466e-08,0.00011737132
4.338466e-08,0.00014322151
4.348466e-08,0.00017266199
4.358466e-08,0.00019348575
4.368466e-08,0.00019779412
4.378466e-08,0.00018199678
4.388466e-08,0.00014896599
4.398466e-08,0.00010803653
4.408466e-08,7.1415441e-05
4.418466e-08,4.84375e-05
4.428466e-08,4.4847197e-05
4.438466e-08,5.8490349e-05
4.448466e-08,8.2904412e-05
4.458466e-08,0.0001087546
4.468466e-08,0.00012598805
4.478466e-08,0.00012957835
4.488466e-08,0.00011737132
4.498466e-08,9.2957261e-05
4.508466e-08,6.2080653e-05
4.518466e-08,3.0485983e-05
4.528466e-08,2.4816176e-06
4.538466e-08,-1.8342142e-05
4.548466e-08,-3.0549173e-05
4.558466e-08,-3.4857537e-05
4.568466e-08,-3.1985294e-05
4.578466e-08,-2.3368566e-05
4.588466e-08,-1.1879596e-05
4.598466e-08,-1.1086857e-06
4.608466e-08,2.4816176e-06
4.618466e-08,-4.698989e-06
4.628466e-08,-2.4086627e-05
4.638466e-08,-5.4245175e-05
4.648466e-08,-8.9430147e-05
4.658466e-08,-0.00012030676
4.668466e-08,-0.00013682215
4.678466e-08,-0.00013466797
4.688466e-08,-0.00011240809
4.698466e-08,-7.6505055e-05
4.708466e-08,-3.7729779e-05
4.718466e-08,-7.5712316e-06
4.728466e-08,2.4816176e-06
4.738466e-08,-1.0443474e-05
4.748466e-08,-4.4192325e-05
4.758466e-08,-8.9430147e-05
4.768466e-08,-0.00013538603
4.778466e-08,-0.000170571
4.788466e-08,-0.0001870864
4.798466e-08,-0.00018205997
4.808466e-08,-0.00015836397
4.818466e-08,-0.00012246094
4.828466e-08,-8.3685662e-05
4.838466e-08,-5.0654871e-05
4.848466e-08,-3.1985294e-05
4.858466e-08,-3.1985294e-05
4.868466e-08,-5.1372932e-05
4.878466e-08,-8.5121783e-05
4.888466e-08,-0.00012389706
4.898466e-08,-0.00015836397
4.908466e-08,-0.00017775161
4.918466e-08,-0.00017775161
4.928466e-08,-0.00015836397
4.938466e-08,-0.00012605124
4.948466e-08,-9.1584329e-05
4.958466e-08,-6.5734145e-05
4.968466e-08,-5.4963235e-05
4.978466e-08,-6.2143842e-05
4.988466e-08,-8.224954e-05
4.998466e-08,-0.00010953585
5.008466e-08,-0.00013538603
5.018466e-08,-0.00015405561
5.028466e-08,-0.0001633904
5.038466e-08,-0.00016410846
5.048466e-08,-0.00015836397
5.058466e-08,-0.00014902918
5.068466e-08,-0.00013969439
5.078466e-08,-0.00013394991
5.088466e-08,-0.00013538603
5.098466e-08,-0.00014831112
5.108466e-08,-0.00017487937
5.118466e-08,-0.00021509076
5.128466e-08,-0.00026176471
5.138466e-08,-0.00030556641
5.148466e-08,-0.00033357077
5.158466e-08,-0.00033931526
5.168466e-08,-0.00031920956
5.178466e-08,-0.0002818704
5.188466e-08,-0.00024165901
5.198466e-08,-0.00021580882
5.208466e-08,-0.00021580882
5.218466e-08,-0.00024596737
5.228466e-08,-0.00029982192
5.238466e-08,-0.00036444738
5.248466e-08,-0.00042261029
5.258466e-08,-0.00046282169
5.268466e-08,-0.00047933709
5.278466e-08,-0.00047502872
5.288466e-08,-0.00045707721
5.298466e-08,-0.00043481733
5.308466e-08,-0.00041686581
5.318466e-08,-0.00040824908
5.328466e-08,-0.00041112132
5.338466e-08,-0.00042691866
5.348466e-08,-0.0004534869
5.358466e-08,-0.00048867187
5.368466e-08,-0.00052601103
5.378466e-08,-0.0005576057
5.388466e-08,-0.00057627528
5.398466e-08,-0.00057699334
5.408466e-08,-0.00056047794
5.418466e-08,-0.00053462776
5.428466e-08,-0.00051164982
5.438466e-08,-0.00050231503
5.448466e-08,-0.00051452206
5.458466e-08,-0.00054539867
5.468466e-08,-0.00058561006
5.478466e-08,-0.00062079504
5.488466e-08,-0.00064090074
5.498466e-08,-0.00064090074
5.508466e-08,-0.00062366728
5.518466e-08,-0.0006014074
5.528466e-08,-0.00058345588
5.538466e-08,-0.0005777114
5.548466e-08,-0.000584892
5.558466e-08,-0.00060068934
5.568466e-08,-0.00061792279
5.578466e-08,-0.00063228401
5.588466e-08,-0.00064305492
5.598466e-08,-0.00065310777
5.608466e-08,-0.00066387868
5.618466e-08,-0.00067536765
5.628466e-08,-0.00068326631
5.638466e-08,-0.00068111213
5.648466e-08,-0.00066387868
5.658466e-08,-0.00063300207
5.668466e-08,-0.00059709903
5.678466e-08,-0.00056909467
5.688466e-08,-0.00056047794
5.698466e-08,-0.00057699334
5.708466e-08,-0.00061361443
5.718466e-08,-0.00065957031
5.728466e-08,-0.00069834559
5.738466e-08,-0.00071701517
5.748466e-08,-0.00070983456
5.758466e-08,-0.00068111213
5.768466e-08,-0.00064090074
5.778466e-08,-0.00060212546
5.788466e-08,-0.00057555722
5.798466e-08,-0.00056550437
5.808466e-08,-0.00057196691
5.818466e-08,-0.00059063649
5.828466e-08,-0.00061505055
5.838466e-08,-0.0006416188
5.848466e-08,-0.00066387868
5.858466e-08,-0.00067895795
5.868466e-08,-0.00068470244
5.878466e-08,-0.00067895795
5.888466e-08,-0.00066387868
5.898466e-08,-0.00064449104
5.908466e-08,-0.00062941176
5.918466e-08,-0.00062653952
5.928466e-08,-0.00064090074
5.938466e-08,-0.00067177734
5.948466e-08,-0.0007127068
5.958466e-08,-0.00075220014
5.968466e-08,-0.00077876838
5.978466e-08,-0.00078594899
5.988466e-08,-0.00077446002
5.998466e-08,-0.0007493279
6.008466e-08,-0.00072132353
6.018466e-08,-0.00069906365
6.028466e-08,-0.00068972886
6.038466e-08,-0.00069403722
6.048466e-08,-0.00070983456
6.058466e-08,-0.00073353056
6.068466e-08,-0.00076081687
6.078466e-08,-0.00078810317
6.088466e-08,-0.00081323529
6.098466e-08,-0.00083262293
6.108466e-08,-0.00084195772
6.118466e-08,-0.00083980354
6.128466e-08,-0.00082472426
6.138466e-08,-0.00080174632
6.148466e-08,-0.00077733226
6.158466e-08,-0.00075938074
6.168466e-08,-0.00075579044
6.178466e-08,-0.00076727941
6.188466e-08,-0.00078953929
6.198466e-08,-0.00081538948
6.208466e-08,-0.00083621324
6.218466e-08,-0.00084554802
6.228466e-08,-0.00084267578
6.238466e-08,-0.00082975069
6.248466e-08,-0.00081323529
6.258466e-08,-0.00079887408
6.268466e-08,-0.00078953929
6.278466e-08,-0.00078666705
6.288466e-08,-0.00079025735
6.298466e-08,-0.0008003102
6.308466e-08,-0.00081754366
6.318466e-08,-0.00084123966
6.328466e-08,-0.00087068015
6.338466e-08,-0.00090083869
6.348466e-08,-0.00092668888
6.358466e-08,-0.00094033203
6.368466e-08,-0.00093961397
6.378466e-08,-0.00092525276
6.388466e-08,-0.000904429
6.398466e-08,-0.00088719554
6.408466e-08,-0.00088216912
6.418466e-08,-0.00089365809
6.428466e-08,-0.00092022633
6.438466e-08,-0.00095469324
6.448466e-08,-0.00098556985
6.458466e-08,-0.0010056756
6.468466e-08,-0.001010702
6.478466e-08,-0.0010020852
6.488466e-08,-0.00098556985
6.498466e-08,-0.00096761834
6.508466e-08,-0.00095612937
6.518466e-08,-0.00095325712
6.528466e-08,-0.00096259191
6.538466e-08,-0.00098269761
6.548466e-08,-0.0010121381
6.558466e-08,-0.0010458869
6.568466e-08,-0.0010774816
6.578466e-08,-0.0011004596
6.588466e-08,-0.0011076402
6.598466e-08,-0.0010954331
6.608466e-08,-0.0010659926
6.618466e-08,-0.0010272174
6.628466e-08,-0.00099131434
6.638466e-08,-0.00097120864
6.648466e-08,-0.00097408088
6.658466e-08,-0.0010013672
6.668466e-08,-0.0010458869
6.678466e-08,-0.0010947151
6.688466e-08,-0.0011349265
6.698466e-08,-0.0011571864
6.708466e-08,-0.0011571864
6.718466e-08,-0.0011399529
6.728466e-08,-0.0011119485
6.738466e-08,-0.00108179
6.748466e-08,-0.0010566579
6.758466e-08,-0.0010430147
6.768466e-08,-0.0010430147
6.778466e-08,-0.001058812
6.788466e-08,-0.0010904067
6.798466e-08,-0.0011334903
6.808466e-08,-0.0011808824
6.818466e-08,-0.0012225299
6.828466e-08,-0.0012490981
6.838466e-08,-0.0012541245
6.848466e-08,-0.0012383272
6.858466e-08,-0.001211759
6.868466e-08,-0.001188063
6.878466e-08,-0.0011830365
6.888466e-08,-0.0012038603
6.898466e-08,-0.0012498162
6.908466e-08,-0.0013079791
6.918466e-08,-0.0013632698
6.928466e-08,-0.0013991728
6.938466e-08,-0.0014070715
6.948466e-08,-0.001389838
6.958466e-08,-0.0013553711
6.968466e-08,-0.00131875
6.978466e-08,-0.0012907456
6.988466e-08,-0.0012792567
6.998466e-08,-0.0012850011
7.008466e-08,-0.001307261
7.018466e-08,-0.0013417279
7.028466e-08,-0.0013855296
7.038466e-08,-0.0014336397
7.048466e-08,-0.0014795956
7.058466e-08,-0.0015140625
7.068466e-08,-0.0015284237
7.078466e-08,-0.0015162167
7.088466e-08,-0.0014795956
7.098466e-08,-0.0014286133
7.108466e-08,-0.0013797852
7.118466e-08,-0.0013510627
7.128466e-08,-0.0013532169
7.138466e-08,-0.0013848116
7.148466e-08,-0.0014329216
7.158466e-08,-0.0014788775
7.168466e-08,-0.0015025735
7.178466e-08,-0.001496111
7.188466e-08,-0.0014616441
7.198466e-08,-0.0014128159
7.208466e-08,-0.0013647059
7.218466e-08,-0.001330239
7.228466e-08,-0.0013144416
7.238466e-08,-0.0013130055
7.248466e-08,-0.00131875
7.258466e-08,-0.0013244945
7.268466e-08,-0.0013280848
7.278466e-08,-0.0013323932
7.288466e-08,-0.0013417279
7.298466e-08,-0.0013568072
7.308466e-08,-0.0013747587
7.318466e-08,-0.0013869658
7.328466e-08,-0.0013876838
7.338466e-08,-0.0013740407
7.348466e-08,-0.0013510627
7.358466e-08,-0.0013288028
7.368466e-08,-0.00131875
7.378466e-08,-0.0013280848
7.388466e-08,-0.001354653
7.398466e-08,-0.0013905561
7.408466e-08,-0.0014221507
7.418466e-08,-0.0014386661
7.428466e-08,-0.0014350758
7.438466e-08,-0.0014149701
7.448466e-08,-0.0013876838
7.458466e-08,-0.0013639878
7.468466e-08,-0.001353935
7.478466e-08,-0.0013618336
7.488466e-08,-0.0013876838
7.498466e-08,-0.0014286133
7.508466e-08,-0.0014774414
7.518466e-08,-0.0015284237
7.528466e-08,-0.0015715074
7.538466e-08,-0.0015987937
7.548466e-08,-0.0016038201
7.558466e-08,-0.0015858686
7.568466e-08,-0.0015485294
7.578466e-08,-0.0015047277
7.588466e-08,-0.0014709789
7.598466e-08,-0.001460208
7.608466e-08,-0.0014795956
7.618466e-08,-0.0015255515
7.628466e-08,-0.0015851505
7.638466e-08,-0.0016397231
7.648466e-08,-0.0016749081
7.658466e-08,-0.0016835248
7.668466e-08,-0.0016691636
7.678466e-08,-0.0016425954
7.688466e-08,-0.0016174632
7.698466e-08,-0.001603102
7.708466e-08,-0.001602384
7.718466e-08,-0.0016124368
7.728466e-08,-0.0016289522
7.738466e-08,-0.0016476218
7.748466e-08,-0.0016684455
7.758466e-08,-0.0016928596
7.768466e-08,-0.001720864
7.778466e-08,-0.0017495864
7.788466e-08,-0.0017711282
7.798466e-08,-0.0017783088
7.808466e-08,-0.0017668199
7.818466e-08,-0.0017402516
7.828466e-08,-0.0017086569
7.838466e-08,-0.0016871151
7.848466e-08,-0.0016863971
7.858466e-08,-0.0017108111
7.868466e-08,-0.0017524586
7.878466e-08,-0.0017991326
7.888466e-08,-0.0018357537
7.898466e-08,-0.0018529871
7.908466e-08,-0.0018493968
7.918466e-08,-0.0018328814
7.928466e-08,-0.0018127757
7.938466e-08,-0.0017976965
7.948466e-08,-0.001791952
7.958466e-08,-0.0017941062
7.968466e-08,-0.0018012868
7.978466e-08,-0.0018120577
7.988466e-08,-0.0018271369
7.998466e-08,-0.0018465246
8.008466e-08,-0.0018702206
8.018466e-08,-0.0018924805
8.028466e-08,-0.0019046875
8.038466e-08,-0.001898225
8.048466e-08,-0.0018702206
8.058466e-08,-0.0018264189
8.068466e-08,-0.0017797449
8.078466e-08,-0.0017481503
8.088466e-08,-0.0017438419
8.098466e-08,-0.0017704102
8.108466e-08,-0.0018178022
8.118466e-08,-0.0018687845
8.128466e-08,-0.0019046875
8.138466e-08,-0.0019125862
8.148466e-08,-0.0018903263
8.158466e-08,-0.0018486788
8.168466e-08,-0.0018012868
8.178466e-08,-0.0017625115
8.188466e-08,-0.0017402516
8.198466e-08,-0.0017352252
8.208466e-08,-0.0017438419
8.218466e-08,-0.0017610754
8.228466e-08,-0.0017833352
8.238466e-08,-0.0018091854
8.248466e-08,-0.0018357537
8.258466e-08,-0.0018594497
8.268466e-08,-0.0018730928
8.278466e-08,-0.0018702206
8.288466e-08,-0.0018472426
8.298466e-08,-0.0018091854
8.308466e-08,-0.001768256
8.318466e-08,-0.0017388155
8.328466e-08,-0.0017323529
8.338466e-08,-0.0017524586
8.348466e-08,-0.0017912339
8.358466e-08,-0.0018321634
8.368466e-08,-0.0018587316
8.378466e-08,-0.0018601677
8.388466e-08,-0.0018364717
8.398466e-08,-0.0017962603
8.408466e-08,-0.0017553309
8.418466e-08,-0.0017273265
8.428466e-08,-0.0017194278
8.438466e-08,-0.0017309168
8.448466e-08,-0.0017553309
8.458466e-08,-0.0017833352
8.468466e-08,-0.0018084674
8.478466e-08,-0.0018264189
8.488466e-08,-0.0018357537
8.498466e-08,-0.0018357537
8.508466e-08,-0.0018242647
8.518466e-08,-0.0018012868
8.528466e-08,-0.0017668199
8.538466e-08,-0.0017273265
8.548466e-08,-0.0016921415
8.558466e-08,-0.0016727539
8.568466e-08,-0.0016749081
8.578466e-08,-0.0016993222
8.588466e-08,-0.0017380974
8.598466e-08,-0.0017768727
8.608466e-08,-0.0018012868
8.618466e-08,-0.0018027229
8.628466e-08,-0.001780463
8.638466e-08,-0.0017416877
8.648466e-08,-0.001697886
8.658466e-08,-0.0016598288
8.668466e-08,-0.0016332606
8.678466e-08,-0.0016196174
8.688466e-08,-0.0016174632
8.698466e-08,-0.0016232077
8.708466e-08,-0.0016361328
8.718466e-08,-0.0016533663
8.728466e-08,-0.0016749081
8.738466e-08,-0.0016957318
8.748466e-08,-0.001709375
8.758466e-08,-0.0017108111
8.768466e-08,-0.001697886
8.778466e-08,-0.00167419
8.788466e-08,-0.001649776
8.798466e-08,-0.0016361328
8.808466e-08,-0.0016404412
8.818466e-08,-0.0016641372
8.828466e-08,-0.0017000402
8.838466e-08,-0.0017345071
8.848466e-08,-0.0017553309
8.858466e-08,-0.0017553309
8.868466e-08,-0.0017373794
8.878466e-08,-0.0017100931
8.888466e-08,-0.0016863971
8.898466e-08,-0.0016770623
8.908466e-08,-0.001685679
8.918466e-08,-0.0017100931
8.928466e-08,-0.0017438419
8.938466e-08,-0.0017783088
8.948466e-08,-0.0018070312
8.958466e-08,-0.0018264189
8.968466e-08,-0.0018357537
8.978466e-08,-0.0018328814
8.988466e-08,-0.0018178022
8.998466e-08,-0.0017905159
9.008466e-08,-0.0017553309
9.018466e-08,-0.0017201459
9.028466e-08,-0.0016950138
9.038466e-08,-0.0016899874
9.048466e-08,-0.001709375
9.058466e-08,-0.0017495864
9.068466e-08,-0.0017991326
9.078466e-08,-0.0018429343
9.088466e-08,-0.0018702206
9.098466e-08,-0.001874529
9.108466e-08,-0.0018601677
9.118466e-08,-0.0018357537
9.128466e-08,-0.0018127757
9.138466e-08,-0.0017984145
9.148466e-08,-0.0017948242
9.158466e-08,-0.0017969784
9.168466e-08,-0.0018012868
9.178466e-08,-0.001804159
9.188466e-08,-0.0018070312
9.198466e-08,-0.0018127757
9.208466e-08,-0.0018242647
9.218466e-08,-0.001839344
9.228466e-08,-0.0018529871
9.238466e-08,-0.0018572955
9.248466e-08,-0.0018472426
9.258466e-08,-0.0018249828
9.268466e-08,-0.0017991326
9.278466e-08,-0.0017797449
9.288466e-08,-0.0017783088
9.298466e-08,-0.0017962603
9.308466e-08,-0.001827855
9.318466e-08,-0.0018601677
9.328466e-08,-0.0018817096
9.338466e-08,-0.0018838637
9.348466e-08,-0.0018673483
9.358466e-08,-0.001840062
9.368466e-08,-0.0018127757
9.378466e-08,-0.0017948242
9.388466e-08,-0.001791952
9.398466e-08,-0.0018027229
9.408466e-08,-0.0018242647
9.418466e-08,-0.0018529871
9.428466e-08,-0.0018852999
9.438466e-08,-0.0019190487
9.448466e-08,-0.0019506434
9.458466e-08,-0.0019729033
9.468466e-08,-0.0019793658
9.478466e-08,-0.0019635685
9.488466e-08,-0.0019276654
9.498466e-08,-0.0018809915
9.508466e-08,-0.001839344
9.518466e-08,-0.0018213925
9.528466e-08,-0.0018357537
9.538466e-08,-0.0018831457
9.548466e-08,-0.0019506434
9.558466e-08,-0.002017423
9.568466e-08,-0.0020655331
9.578466e-08,-0.0020827665
9.588466e-08,-0.0020712776
9.598466e-08,-0.002041119
9.608466e-08,-0.0020080882
9.618466e-08,-0.0019851103
9.628466e-08,-0.0019793658
9.638466e-08,-0.0019887006
9.648466e-08,-0.0020080882
9.658466e-08,-0.0020325023
9.668466e-08,-0.0020590705
9.678466e-08,-0.0020856388
9.688466e-08,-0.002111489
9.698466e-08,-0.0021323127
9.708466e-08,-0.0021423656
9.718466e-08,-0.002135185
9.728466e-08,-0.002111489
9.738466e-08,-0.0020777401
9.748466e-08,-0.0020490177
9.758466e-08,-0.002041119
9.768466e-08,-0.0020655331
9.778466e-08,-0.0021215418
9.788466e-08,-0.0021969382
9.798466e-08,-0.0022694623
9.808466e-08,-0.0023182904
9.818466e-08,-0.0023312155
9.828466e-08,-0.0023082376
9.838466e-08,-0.0022629998
9.848466e-08,-0.0022148897
9.858466e-08,-0.002182577
9.868466e-08,-0.0021761144
9.878466e-08,-0.0021969382
9.888466e-08,-0.0022378676
9.898466e-08,-0.00228885
9.908466e-08,-0.0023405503
9.918466e-08,-0.0023857881
9.928466e-08,-0.0024216912
9.938466e-08,-0.002443233
9.948466e-08,-0.0024489775
9.958466e-08,-0.0024367705
9.968466e-08,-0.0024102022
9.978466e-08,-0.0023793256
9.988466e-08,-0.0023570657
9.998466e-08,-0.0023570657
1.000847e-07,-0.0023872243
1.001847e-07,-0.0024446691
1.002847e-07,-0.0025157571
1.003847e-07,-0.0025832548
1.004847e-07,-0.0026284926
1.005847e-07,-0.0026428539
1.006847e-07,-0.0026292107
1.007847e-07,-0.0025997702
1.008847e-07,-0.0025710478
1.009847e-07,-0.0025559685
1.010847e-07,-0.0025588408
1.011847e-07,-0.0025782284
1.012847e-07,-0.0026055147
1.013847e-07,-0.002632083
1.014847e-07,-0.0026529067
1.015847e-07,-0.0026672679
1.016847e-07,-0.0026744485
1.017847e-07,-0.0026751666
1.018847e-07,-0.002668704
1.019847e-07,-0.0026529067
1.020847e-07,-0.0026284926
1.021847e-07,-0.0026012063
1.022847e-07,-0.0025803826
1.023847e-07,-0.0025760742
1.024847e-07,-0.0025940257
1.025847e-07,-0.0026313649
1.026847e-07,-0.0026766027
1.027847e-07,-0.0027146599
1.028847e-07,-0.0027318934
1.029847e-07,-0.0027225586
1.030847e-07,-0.0026895278
1.031847e-07,-0.0026457261
1.032847e-07,-0.0026055147
1.033847e-07,-0.0025789465
1.034847e-07,-0.0025710478
1.035847e-07,-0.0025782284
1.036847e-07,-0.0025940257
1.037847e-07,-0.0026134134
1.038847e-07,-0.0026335191
1.039847e-07,-0.0026543428
1.040847e-07,-0.0026744485
1.041847e-07,-0.002691682
1.042847e-07,-0.0027024529
1.043847e-07,-0.0027002987
1.044847e-07,-0.0026859375
1.045847e-07,-0.0026643957
1.046847e-07,-0.0026464442
1.047847e-07,-0.0026435719
1.048847e-07,-0.0026629596
1.049847e-07,-0.0027010168
1.050847e-07,-0.0027469727
1.051847e-07,-0.0027850299
1.052847e-07,-0.0028008272
1.053847e-07,-0.0027914924
1.054847e-07,-0.0027634881
1.055847e-07,-0.0027311753
1.056847e-07,-0.0027089154
1.057847e-07,-0.0027053251
1.058847e-07,-0.0027204044
1.059847e-07,-0.0027441004
1.060847e-07,-0.0027663603
1.061847e-07,-0.0027792854
1.062847e-07,-0.0027821576
1.063847e-07,-0.0027792854
1.064847e-07,-0.0027778493
1.065847e-07,-0.0027800034
1.066847e-07,-0.0027828757
1.067847e-07,-0.0027800034
1.068847e-07,-0.0027663603
1.069847e-07,-0.0027419462
1.070847e-07,-0.0027146599
1.071847e-07,-0.0026959903
1.072847e-07,-0.0026974265
1.073847e-07,-0.0027211225
1.074847e-07,-0.0027598977
1.075847e-07,-0.0027993911
1.076847e-07,-0.0028238051
1.077847e-07,-0.002822369
1.078847e-07,-0.0027950827
1.079847e-07,-0.0027519991
1.080847e-07,-0.0027089154
1.081847e-07,-0.002680193
1.082847e-07,-0.0026730124
1.083847e-07,-0.0026888097
1.084847e-07,-0.0027204044
1.085847e-07,-0.0027606158
1.086847e-07,-0.0028022633
1.087847e-07,-0.0028396025
1.088847e-07,-0.002869761
1.089847e-07,-0.0028884306
1.090847e-07,-0.002892739
1.091847e-07,-0.0028819681
1.092847e-07,-0.0028582721
1.093847e-07,-0.0028302677
1.094847e-07,-0.0028087259
1.095847e-07,-0.0028051356
1.096847e-07,-0.0028238051
1.097847e-07,-0.0028597082
1.098847e-07,-0.0028999196
1.099847e-07,-0.0029300781
1.100847e-07,-0.0029386949
1.101847e-07,-0.0029236156
1.102847e-07,-0.0028941751
1.103847e-07,-0.0028640165
1.104847e-07,-0.0028467831
1.105847e-07,-0.0028482192
1.106847e-07,-0.0028647346
1.107847e-07,-0.0028869945
1.108847e-07,-0.0029042279
1.109847e-07,-0.0029106905
1.110847e-07,-0.0029099724
1.111847e-07,-0.0029092544
1.112847e-07,-0.0029157169
1.113847e-07,-0.0029315142
1.114847e-07,-0.0029509019
1.115847e-07,-0.002963827
1.116847e-07,-0.0029616728
1.117847e-07,-0.0029430032
1.118847e-07,-0.0029157169
1.119847e-07,-0.0028948932
1.120847e-07,-0.002892739
1.121847e-07,-0.0029149989
1.122847e-07,-0.0029559283
1.123847e-07,-0.0030004481
1.124847e-07,-0.0030306066
1.125847e-07,-0.003034915
1.126847e-07,-0.003011937
1.127847e-07,-0.0029702895
1.128847e-07,-0.0029272059
1.129847e-07,-0.0028963293
1.130847e-07,-0.0028869945
1.131847e-07,-0.0028992015
1.132847e-07,-0.0029272059
1.133847e-07,-0.0029616728
1.134847e-07,-0.0029939855
1.135847e-07,-0.0030183996
1.136847e-07,-0.0030306066
1.137847e-07,-0.0030284524
1.138847e-07,-0.0030105009
1.139847e-07,-0.0029781882
1.140847e-07,-0.0029386949
1.141847e-07,-0.0029027918
1.142847e-07,-0.0028855584
1.143847e-07,-0.0028963293
1.144847e-07,-0.0029386949
1.145847e-07,-0.0030018842
1.146847e-07,-0.0030672277
1.147847e-07,-0.0031131836
1.148847e-07,-0.0031225184
1.149847e-07,-0.0030930779
1.150847e-07,-0.003034915
1.151847e-07,-0.0029688534
1.152847e-07,-0.0029157169
1.153847e-07,-0.0028898667
1.154847e-07,-0.0028913028
1.155847e-07,-0.0029121266
1.156847e-07,-0.0029386949
1.157847e-07,-0.0029588006
1.158847e-07,-0.0029695715
1.159847e-07,-0.0029724437
1.160847e-07,-0.0029731618
1.161847e-07,-0.0029745979
1.162847e-07,-0.0029745979
1.163847e-07,-0.0029681353
1.164847e-07,-0.0029501838
1.165847e-07,-0.0029221795
1.166847e-07,-0.0028920209
1.167847e-07,-0.0028711972
1.168847e-07,-0.002869761
1.169847e-07,-0.0028920209
1.170847e-07,-0.0029300781
1.171847e-07,-0.0029695715
1.172847e-07,-0.0029961397
1.173847e-07,-0.0029990119
1.174847e-07,-0.0029774701
1.175847e-07,-0.002940849
1.176847e-07,-0.0029042279
1.177847e-07,-0.0028790958
1.178847e-07,-0.0028719152
1.179847e-07,-0.0028826861
1.180847e-07,-0.0029042279
1.181847e-07,-0.0029307962
1.182847e-07,-0.0029588006
1.183847e-07,-0.0029846507
1.184847e-07,-0.0030076287
1.185847e-07,-0.0030255802
1.186847e-07,-0.0030334789
1.187847e-07,-0.0030277344
1.188847e-07,-0.0030076287
1.189847e-07,-0.0029781882
1.190847e-07,-0.0029509019
1.191847e-07,-0.0029386949
1.192847e-07,-0.0029501838
1.193847e-07,-0.0029846507
1.194847e-07,-0.0030320427
1.195847e-07,-0.0030758444
1.196847e-07,-0.0030995404
1.197847e-07,-0.0030952321
1.198847e-07,-0.0030665097
1.199847e-07,-0.0030241441
1.200847e-07,-0.0029846507
1.201847e-07,-0.0029609547
1.202847e-07,-0.0029580825
1.203847e-07,-0.0029731618
1.204847e-07,-0.0029961397
1.205847e-07,-0.0030183996
1.206847e-07,-0.0030341969
1.207847e-07,-0.0030413775
1.208847e-07,-0.0030420956
1.209847e-07,-0.0030370692
1.210847e-07,-0.0030262983
1.211847e-07,-0.0030083467
1.212847e-07,-0.0029846507
1.213847e-07,-0.0029595186
1.214847e-07,-0.0029422852
1.215847e-07,-0.002940849
1.216847e-07,-0.0029616728
1.217847e-07,-0.0030018842
1.218847e-07,-0.0030499943
1.219847e-07,-0.0030916418
1.220847e-07,-0.0031110294
1.221847e-07,-0.0031024127
1.222847e-07,-0.0030686638
1.223847e-07,-0.0030241441
1.224847e-07,-0.0029846507
1.225847e-07,-0.0029652631
1.226847e-07,-0.0029710076
1.227847e-07,-0.0030004481
1.228847e-07,-0.0030420956
1.229847e-07,-0.0030858973
1.230847e-07,-0.0031218003
1.231847e-07,-0.0031454963
1.232847e-07,-0.0031569853
1.233847e-07,-0.0031562672
1.234847e-07,-0.0031454963
1.235847e-07,-0.0031253906
1.236847e-07,-0.0030995404
1.237847e-07,-0.0030729722
1.238847e-07,-0.0030535846
1.239847e-07,-0.0030492762
1.240847e-07,-0.0030650735
1.241847e-07,-0.0030995404
1.242847e-07,-0.0031440602
1.243847e-07,-0.0031864258
1.244847e-07,-0.0032144301
1.245847e-07,-0.0032216108
1.246847e-07,-0.0032079676
1.247847e-07,-0.0031828355
1.248847e-07,-0.0031569853
1.249847e-07,-0.0031397518
1.250847e-07,-0.0031347254
1.251847e-07,-0.0031426241
1.252847e-07,-0.0031569853
1.253847e-07,-0.0031735007
1.254847e-07,-0.003189298
1.255847e-07,-0.0032029412
1.256847e-07,-0.0032144301
1.257847e-07,-0.0032223288
1.258847e-07,-0.003224483
1.259847e-07,-0.0032180205
1.260847e-07,-0.0032029412
1.261847e-07,-0.0031821174
1.262847e-07,-0.0031641659
1.263847e-07,-0.0031577034
1.264847e-07,-0.0031684743
1.265847e-07,-0.0031971967
1.266847e-07,-0.00323669
1.267847e-07,-0.0032733111
1.268847e-07,-0.0032948529
1.269847e-07,-0.0032926988
1.270847e-07,-0.0032675666
1.271847e-07,-0.0032287914
1.272847e-07,-0.0031914522
1.273847e-07,-0.0031684743
1.274847e-07,-0.0031670381
1.275847e-07,-0.00318858
1.276847e-07,-0.0032259191
1.277847e-07,-0.0032682847
1.278847e-07,-0.0033056239
1.279847e-07,-0.003330756
1.280847e-07,-0.0033408088
1.281847e-07,-0.0033350643
1.282847e-07,-0.0033171128
1.283847e-07,-0.0032905446
1.284847e-07,-0.003260386
1.285847e-07,-0.0032330997
1.286847e-07,-0.0032151482
1.287847e-07,-0.003212276
1.288847e-07,-0.0032259191
1.289847e-07,-0.0032532054
1.290847e-07,-0.0032862362
1.291847e-07,-0.0033149586
1.292847e-07,-0.0033293199
1.293847e-07,-0.0033242934
1.294847e-07,-0.0033013155
1.295847e-07,-0.0032690028
1.296847e-07,-0.0032374081
1.297847e-07,-0.0032180205
1.298847e-07,-0.0032158663
1.299847e-07,-0.0032323817
1.300847e-07,-0.003260386
1.301847e-07,-0.0032926988
1.302847e-07,-0.0033199851
1.303847e-07,-0.0033372185
1.304847e-07,-0.0033408088
1.305847e-07,-0.003330756
1.306847e-07,-0.0033099322
1.307847e-07,-0.0032804917
1.308847e-07,-0.0032488971
1.309847e-07,-0.0032194566
1.310847e-07,-0.0031993509
1.311847e-07,-0.0031928883
1.312847e-07,-0.0032029412
1.313847e-07,-0.0032273552
1.314847e-07,-0.0032611041
1.315847e-07,-0.0032941349
1.316847e-07,-0.0033178309
1.317847e-07,-0.0033257295
1.318847e-07,-0.0033171128
1.319847e-07,-0.0032962891
1.320847e-07,-0.003271875
1.321847e-07,-0.0032532054
1.322847e-07,-0.0032474609
1.323847e-07,-0.0032589499
1.324847e-07,-0.003283364
1.325847e-07,-0.0033149586
1.326847e-07,-0.0033436811
1.327847e-07,-0.0033623506
1.328847e-07,-0.0033637868
1.329847e-07,-0.0033487075
1.330847e-07,-0.0033207031
1.331847e-07,-0.0032876723
1.332847e-07,-0.003260386
1.333847e-07,-0.0032467429
1.334847e-07,-0.0032510512
1.335847e-07,-0.0032733111
1.336847e-07,-0.0033063419
1.337847e-07,-0.0033415269
1.338847e-07,-0.0033680951
1.339847e-07,-0.0033803022
1.340847e-07,-0.0033752757
1.341847e-07,-0.0033573242
1.342847e-07,-0.0033329102
1.343847e-07,-0.0033106503
1.344847e-07,-0.0032948529
1.345847e-07,-0.0032876723
1.346847e-07,-0.0032891085
1.347847e-07,-0.003295571
1.348847e-07,-0.0033063419
1.349847e-07,-0.0033221392
1.350847e-07,-0.0033436811
1.351847e-07,-0.0033702493
1.352847e-07,-0.0033982537
1.353847e-07,-0.0034212316
1.354847e-07,-0.0034320025
1.355847e-07,-0.0034269761
1.356847e-07,-0.0034097426
1.357847e-07,-0.0033882008
1.358847e-07,-0.0033752757
1.359847e-07,-0.0033810202
1.360847e-07,-0.0034097426
1.361847e-07,-0.0034564166
1.362847e-07,-0.0035066808
1.363847e-07,-0.0035447381
1.364847e-07,-0.0035590993
1.365847e-07,-0.0035454561
1.366847e-07,-0.0035102711
1.367847e-07,-0.0034671875
1.368847e-07,-0.0034327206
1.369847e-07,-0.0034169233
1.370847e-07,-0.0034226677
1.371847e-07,-0.0034463637
1.372847e-07,-0.0034786765
1.373847e-07,-0.0035095531
1.374847e-07,-0.0035332491
1.375847e-07,-0.0035461742
1.376847e-07,-0.0035476103
1.377847e-07,-0.0035382755
1.378847e-07,-0.0035196059
1.379847e-07,-0.0034944738
1.380847e-07,-0.0034671875
1.381847e-07,-0.0034456457
1.382847e-07,-0.003437029
1.383847e-07,-0.0034485179
1.384847e-07,-0.0034786765
1.385847e-07,-0.0035196059
1.386847e-07,-0.0035576631
1.387847e-07,-0.0035777688
1.388847e-07,-0.0035705882
1.389847e-07,-0.0035361213
1.390847e-07,-0.003484421
1.391847e-07,-0.0034334386
1.392847e-07,-0.0033982537
1.393847e-07,-0.003390355
1.394847e-07,-0.0034090246
1.395847e-07,-0.0034470818
1.396847e-07,-0.0034901654
1.397847e-07,-0.0035275046
1.398847e-07,-0.0035512006
1.399847e-07,-0.0035612534
1.400847e-07,-0.0035590993
1.401847e-07,-0.0035483284
1.402847e-07,-0.0035303768
1.403847e-07,-0.0035066808
1.404847e-07,-0.0034786765
1.405847e-07,-0.0034506721
1.406847e-07,-0.0034312845
1.407847e-07,-0.0034269761
1.408847e-07,-0.0034442096
1.409847e-07,-0.0034801126
1.410847e-07,-0.0035267865
1.411847e-07,-0.0035684341
1.412847e-07,-0.0035935662
1.413847e-07,-0.0035942842
1.414847e-07,-0.0035713063
1.415847e-07,-0.0035361213
1.416847e-07,-0.0035016544
1.417847e-07,-0.0034801126
1.418847e-07,-0.0034779584
1.419847e-07,-0.0034951919
1.420847e-07,-0.0035246324
1.421847e-07,-0.0035590993
1.422847e-07,-0.0035906939
1.423847e-07,-0.0036143899
1.424847e-07,-0.0036280331
1.425847e-07,-0.0036301873
1.426847e-07,-0.0036194164
1.427847e-07,-0.0035985926
1.428847e-07,-0.0035705882
1.429847e-07,-0.00354402
1.430847e-07,-0.0035282227
1.431847e-07,-0.003531813
1.432847e-07,-0.0035590993
1.433847e-07,-0.0036057732
1.434847e-07,-0.0036603458
1.435847e-07,-0.0037063017
1.436847e-07,-0.0037314338
1.437847e-07,-0.0037285616
1.438847e-07,-0.0037012753
1.439847e-07,-0.0036625
1.440847e-07,-0.0036280331
1.441847e-07,-0.0036107996
1.442847e-07,-0.0036165441
1.443847e-07,-0.0036445485
1.444847e-07,-0.0036854779
1.445847e-07,-0.0037285616
1.446847e-07,-0.0037659007
1.447847e-07,-0.0037903148
1.448847e-07,-0.0038003676
1.449847e-07,-0.0037974954
1.450847e-07,-0.0037838523
1.451847e-07,-0.0037644646
1.452847e-07,-0.0037429228
1.453847e-07,-0.0037271255
1.454847e-07,-0.0037235352
1.455847e-07,-0.0037364602
1.456847e-07,-0.0037659007
1.457847e-07,-0.003804676
1.458847e-07,-0.003840579
1.459847e-07,-0.0038606847
1.460847e-07,-0.0038578125
1.461847e-07,-0.0038298081
1.462847e-07,-0.0037860064
1.463847e-07,-0.0037407686
1.464847e-07,-0.0037084559
1.465847e-07,-0.0036998392
1.466847e-07,-0.0037156365
1.467847e-07,-0.0037493853
1.468847e-07,-0.0037888787
1.469847e-07,-0.0038219095
1.470847e-07,-0.003840579
1.471847e-07,-0.003839861
1.472847e-07,-0.0038233456
1.473847e-07,-0.0037946232
1.474847e-07,-0.0037608743
1.475847e-07,-0.0037264074
1.476847e-07,-0.0036969669
1.477847e-07,-0.0036782973
1.478847e-07,-0.0036732709
1.479847e-07,-0.0036847599
1.480847e-07,-0.0037084559
1.481847e-07,-0.0037386144
1.482847e-07,-0.0037651827
1.483847e-07,-0.0037795439
1.484847e-07,-0.0037773897
1.485847e-07,-0.0037594382
1.486847e-07,-0.0037321519
1.487847e-07,-0.0037048656
1.488847e-07,-0.0036854779
1.489847e-07,-0.0036782973
1.490847e-07,-0.0036818876
1.491847e-07,-0.0036933766
1.492847e-07,-0.0037084559
1.493847e-07,-0.0037264074
1.494847e-07,-0.0037486673
1.495847e-07,-0.0037737994
1.496847e-07,-0.0038003676
1.497847e-07,-0.0038219095
1.498847e-07,-0.0038298081
1.499847e-07,-0.0038183192
1.500847e-07,-0.0037888787
1.501847e-07,-0.0037493853
1.502847e-07,-0.0037142004
1.503847e-07,-0.003698403
1.504847e-07,-0.0037084559
1.505847e-07,-0.0037407686
1.506847e-07,-0.0037824161
1.507847e-07,-0.0038147289
1.508847e-07,-0.0038233456
1.509847e-07,-0.0038053941
1.510847e-07,-0.0037673369
1.511847e-07,-0.0037256893
1.512847e-07,-0.0036969669
1.513847e-07,-0.0036897863
1.514847e-07,-0.0037034295
1.515847e-07,-0.0037292796
1.516847e-07,-0.0037544118
1.517847e-07,-0.003769491
1.518847e-07,-0.0037723633
1.519847e-07,-0.0037651827
1.520847e-07,-0.0037544118
1.521847e-07,-0.0037429228
1.522847e-07,-0.0037314338
1.523847e-07,-0.0037170726
1.524847e-07,-0.0036969669
1.525847e-07,-0.003674707
1.526847e-07,-0.0036574736
1.527847e-07,-0.0036553194
1.528847e-07,-0.003673989
1.529847e-07,-0.0037113281
1.530847e-07,-0.003757284
1.531847e-07,-0.0037953412
1.532847e-07,-0.0038118566
1.533847e-07,-0.0038010857
1.534847e-07,-0.003768773
1.535847e-07,-0.0037285616
1.536847e-07,-0.0036969669
1.537847e-07,-0.0036869141
1.538847e-07,-0.0036998392
1.539847e-07,-0.0037307158
1.540847e-07,-0.0037659007
1.541847e-07,-0.0037946232
1.542847e-07,-0.0038111386
1.543847e-07,-0.0038154469
1.544847e-07,-0.0038118566
1.545847e-07,-0.003804676
1.546847e-07,-0.0037967773
1.547847e-07,-0.0037874426
1.548847e-07,-0.0037773897
1.549847e-07,-0.0037673369
1.550847e-07,-0.0037630285
1.551847e-07,-0.003769491
1.552847e-07,-0.0037888787
1.553847e-07,-0.0038197553
1.554847e-07,-0.0038527861
1.555847e-07,-0.0038764821
1.556847e-07,-0.0038807904
1.557847e-07,-0.003863557
1.558847e-07,-0.0038298081
1.559847e-07,-0.003793187
1.560847e-07,-0.0037659007
1.561847e-07,-0.0037580021
1.562847e-07,-0.003769491
1.563847e-07,-0.0037946232
1.564847e-07,-0.0038233456
1.565847e-07,-0.0038456055
1.566847e-07,-0.0038570944
1.567847e-07,-0.0038563764
1.568847e-07,-0.0038463235
1.569847e-07,-0.0038290901
1.570847e-07,-0.0038068302
1.571847e-07,-0.0037802619
1.572847e-07,-0.0037544118
1.573847e-07,-0.0037357422
1.574847e-07,-0.0037328699
1.575847e-07,-0.0037544118
1.576847e-07,-0.0038003676
1.577847e-07,-0.003863557
1.578847e-07,-0.0039267463
1.579847e-07,-0.0039719841
1.580847e-07,-0.0039841912
1.581847e-07,-0.0039597771
1.582847e-07,-0.0039087948
1.583847e-07,-0.0038484777
1.584847e-07,-0.0038003676
1.585847e-07,-0.0037781078
1.586847e-07,-0.0037860064
1.587847e-07,-0.003816883
1.588847e-07,-0.0038578125
1.589847e-07,-0.0038951517
1.590847e-07,-0.0039202838
1.591847e-07,-0.0039303366
1.592847e-07,-0.0039267463
1.593847e-07,-0.0039131032
1.594847e-07,-0.0038929975
1.595847e-07,-0.0038693015
1.596847e-07,-0.0038463235
1.597847e-07,-0.0038298081
1.598847e-07,-0.0038262178
1.599847e-07,-0.003839861
1.600847e-07,-0.0038693015
1.601847e-07,-0.0039073587
1.602847e-07,-0.0039411075
1.603847e-07,-0.0039576229
1.604847e-07,-0.0039497243
1.605847e-07,-0.0039195657
1.606847e-07,-0.0038800724
1.607847e-07,-0.0038470416
1.608847e-07,-0.0038348346
1.609847e-07,-0.0038491958
1.610847e-07,-0.0038858169
1.611847e-07,-0.0039310547
1.612847e-07,-0.0039727022
1.613847e-07,-0.0040007066
1.614847e-07,-0.0040143497
1.615847e-07,-0.00401794
1.616847e-07,-0.0040186581
1.617847e-07,-0.0040193761
1.618847e-07,-0.0040200942
1.619847e-07,-0.0040165039
1.620847e-07,-0.0040071691
1.621847e-07,-0.0039949621
1.622847e-07,-0.0039884995
1.623847e-07,-0.0039978343
1.624847e-07,-0.0040301471
1.625847e-07,-0.0040825655
1.626847e-07,-0.0041414465
1.627847e-07,-0.0041909926
1.628847e-07,-0.0042139706
1.629847e-07,-0.0042053539
1.630847e-07,-0.0041723231
1.631847e-07,-0.0041306756
1.632847e-07,-0.0040990809
1.633847e-07,-0.0040919003
1.634847e-07,-0.0041105699
1.635847e-07,-0.0041486271
1.636847e-07,-0.0041909926
1.637847e-07,-0.0042261776
1.638847e-07,-0.0042484375
1.639847e-07,-0.0042577723
1.640847e-07,-0.0042599265
1.641847e-07,-0.0042606445
1.642847e-07,-0.0042620807
1.643847e-07,-0.0042620807
1.644847e-07,-0.0042599265
1.645847e-07,-0.0042549
1.646847e-07,-0.0042505917
1.647847e-07,-0.0042549
1.648847e-07,-0.0042714154
1.649847e-07,-0.0043001379
1.650847e-07,-0.0043346048
1.651847e-07,-0.0043633272
1.652847e-07,-0.0043748162
1.653847e-07,-0.0043654814
1.654847e-07,-0.0043389131
1.655847e-07,-0.0043073185
1.656847e-07,-0.0042829044
1.657847e-07,-0.0042764419
1.658847e-07,-0.004289367
1.659847e-07,-0.0043180894
1.660847e-07,-0.0043518382
1.661847e-07,-0.0043819968
1.662847e-07,-0.0044021025
1.663847e-07,-0.0044107192
1.664847e-07,-0.0044092831
1.665847e-07,-0.0043985122
1.666847e-07,-0.0043805607
1.667847e-07,-0.0043561466
1.668847e-07,-0.0043288603
1.669847e-07,-0.0043051643
1.670847e-07,-0.0042951114
1.671847e-07,-0.0043058824
1.672847e-07,-0.0043403493
1.673847e-07,-0.0043920496
1.674847e-07,-0.0044466222
1.675847e-07,-0.0044868336
1.676847e-07,-0.0045011949
1.677847e-07,-0.0044846795
1.678847e-07,-0.0044451861
1.679847e-07,-0.0043992302
1.680847e-07,-0.0043633272
1.681847e-07,-0.0043496841
1.682847e-07,-0.0043597369
1.683847e-07,-0.0043877413
1.684847e-07,-0.0044207721
1.685847e-07,-0.0044480584
1.686847e-07,-0.0044638557
1.687847e-07,-0.0044652918
1.688847e-07,-0.004455239
1.689847e-07,-0.0044372875
1.690847e-07,-0.0044143095
1.691847e-07,-0.0043884593
1.692847e-07,-0.0043633272
1.693847e-07,-0.0043446576
1.694847e-07,-0.0043396312
1.695847e-07,-0.0043532744
1.696847e-07,-0.0043863051
1.697847e-07,-0.0044293888
1.698847e-07,-0.0044688821
1.699847e-07,-0.0044882698
1.700847e-07,-0.0044782169
1.701847e-07,-0.0044394416
1.702847e-07,-0.0043834329
1.703847e-07,-0.0043295784
1.704847e-07,-0.0042943934
1.705847e-07,-0.0042872128
1.706847e-07,-0.0043066004
1.707847e-07,-0.0043403493
1.708847e-07,-0.0043748162
1.709847e-07,-0.0043985122
1.710847e-07,-0.0044056928
1.711847e-07,-0.0043999483
1.712847e-07,-0.0043863051
1.713847e-07,-0.0043690717
1.714847e-07,-0.0043496841
1.715847e-07,-0.0043288603
1.716847e-07,-0.0043058824
1.717847e-07,-0.0042843405
1.718847e-07,-0.0042714154
1.719847e-07,-0.0042742877
1.720847e-07,-0.0042943934
1.721847e-07,-0.0043274242
1.722847e-07,-0.004360455
1.723847e-07,-0.0043798426
1.724847e-07,-0.0043748162
1.725847e-07,-0.0043439396
1.726847e-07,-0.0042979837
1.727847e-07,-0.0042534639
1.728847e-07,-0.0042254596
1.729847e-07,-0.0042233054
1.730847e-07,-0.0042455653
1.731847e-07,-0.0042807502
1.732847e-07,-0.0043173713
1.733847e-07,-0.0043446576
1.734847e-07,-0.004361173
1.735847e-07,-0.0043690717
1.736847e-07,-0.0043748162
1.737847e-07,-0.0043798426
1.738847e-07,-0.0043827148
1.739847e-07,-0.0043776884
1.740847e-07,-0.0043633272
1.741847e-07,-0.0043410673
1.742847e-07,-0.0043195255
1.743847e-07,-0.0043094727
1.744847e-07,-0.0043173713
1.745847e-07,-0.0043425034
1.746847e-07,-0.0043748162
1.747847e-07,-0.0043977941
1.748847e-07,-0.0043977941
1.749847e-07,-0.0043697898
1.750847e-07,-0.0043209616
1.751847e-07,-0.0042671071
1.752847e-07,-0.0042254596
1.753847e-07,-0.0042089442
1.754847e-07,-0.0042204331
1.755847e-07,-0.0042534639
1.756847e-07,-0.0042943934
1.757847e-07,-0.0043324506
1.758847e-07,-0.0043597369
1.759847e-07,-0.0043733801
1.760847e-07,-0.0043748162
1.761847e-07,-0.0043647633
1.762847e-07,-0.0043425034
1.763847e-07,-0.0043101907
1.764847e-07,-0.0042714154
1.765847e-07,-0.0042355124
1.766847e-07,-0.0042146886
1.767847e-07,-0.004218279
1.768847e-07,-0.0042484375
1.769847e-07,-0.0042958295
1.770847e-07,-0.0043425034
1.771847e-07,-0.0043697898
1.772847e-07,-0.0043633272
1.773847e-07,-0.0043245519
1.774847e-07,-0.004266389
1.775847e-07,-0.0042118164
1.776847e-07,-0.0041795037
1.777847e-07,-0.0041787856
1.778847e-07,-0.0042053539
1.779847e-07,-0.004241975
1.780847e-07,-0.0042714154
1.781847e-07,-0.0042814683
1.782847e-07,-0.0042714154
1.783847e-07,-0.0042484375
1.784847e-07,-0.0042254596
1.785847e-07,-0.0042103803
1.786847e-07,-0.0042031997
1.787847e-07,-0.0041996094
1.788847e-07,-0.0041909926
1.789847e-07,-0.0041759134
1.790847e-07,-0.0041572438
1.791847e-07,-0.0041443187
1.792847e-07,-0.0041450368
1.793847e-07,-0.004160116
1.794847e-07,-0.004183094
1.795847e-07,-0.0042010455
1.796847e-07,-0.0042024816
1.797847e-07,-0.004183094
1.798847e-07,-0.0041500632
1.799847e-07,-0.0041170324
1.800847e-07,-0.0040990809
1.801847e-07,-0.0041033892
1.802847e-07,-0.0041285214
1.803847e-07,-0.0041622702
1.804847e-07,-0.0041909926
1.805847e-07,-0.0042046358
1.806847e-07,-0.0042003274
1.807847e-07,-0.0041852482
1.808847e-07,-0.0041680147
1.809847e-07,-0.0041550896
1.810847e-07,-0.004147909
1.811847e-07,-0.0041421645
1.812847e-07,-0.0041335478
1.813847e-07,-0.0041220588
1.814847e-07,-0.0041112879
1.815847e-07,-0.0041091337
1.816847e-07,-0.0041220588
1.817847e-07,-0.0041486271
1.818847e-07,-0.0041795037
1.819847e-07,-0.0042017636
1.820847e-07,-0.0042024816
1.821847e-07,-0.0041787856
1.822847e-07,-0.0041378562
1.823847e-07,-0.0040947725
1.824847e-07,-0.004064614
1.825847e-07,-0.0040581514
1.826847e-07,-0.0040746668
1.827847e-07,-0.0041041073
1.828847e-07,-0.0041335478
1.829847e-07,-0.0041514993
1.830847e-07,-0.0041550896
1.831847e-07,-0.0041464729
1.832847e-07,-0.0041335478
1.833847e-07,-0.0041220588
1.834847e-07,-0.0041134421
1.835847e-07,-0.0041062615
1.836847e-07,-0.0040990809
1.837847e-07,-0.0040926183
1.838847e-07,-0.0040926183
1.839847e-07,-0.0041048254
1.840847e-07,-0.0041335478
1.841847e-07,-0.0041759134
1.842847e-07,-0.0042218693
1.843847e-07,-0.0042570542
1.844847e-07,-0.0042714154
1.845847e-07,-0.0042620807
1.846847e-07,-0.0042376666
1.847847e-07,-0.0042125345
1.848847e-07,-0.0042024816
1.849847e-07,-0.0042146886
1.850847e-07,-0.0042477194
1.851847e-07,-0.004290085
1.852847e-07,-0.0043288603
1.853847e-07,-0.0043539924
1.854847e-07,-0.0043618911
1.855847e-07,-0.0043590188
1.856847e-07,-0.0043518382
1.857847e-07,-0.0043468118
1.858847e-07,-0.0043453757
1.859847e-07,-0.0043439396
1.860847e-07,-0.0043403493
1.861847e-07,-0.0043338867
1.862847e-07,-0.0043302964
1.863847e-07,-0.0043346048
1.864847e-07,-0.0043518382
1.865847e-07,-0.0043798426
1.866847e-07,-0.0044092831
1.867847e-07,-0.0044257985
1.868847e-07,-0.0044207721
1.869847e-07,-0.0043906135
1.870847e-07,-0.0043453757
1.871847e-07,-0.0043001379
1.872847e-07,-0.0042714154
1.873847e-07,-0.0042699793
1.874847e-07,-0.0042951114
1.875847e-07,-0.0043346048
1.876847e-07,-0.0043748162
1.877847e-07,-0.0044013844
1.878847e-07,-0.004407847
1.879847e-07,-0.0043970761
1.880847e-07,-0.0043748162
1.881847e-07,-0.004348966
1.882847e-07,-0.0043245519
1.883847e-07,-0.004302292
1.884847e-07,-0.0042829044
1.885847e-07,-0.0042671071
1.886847e-07,-0.0042592084
1.887847e-07,-0.0042642348
1.888847e-07,-0.0042829044
1.889847e-07,-0.0043116268
1.890847e-07,-0.0043410673
1.891847e-07,-0.0043575827
1.892847e-07,-0.0043518382
1.893847e-07,-0.0043231158
1.894847e-07,-0.0042800322
1.895847e-07,-0.0042383847
1.896847e-07,-0.0042139706
1.897847e-07,-0.0042168428
1.898847e-07,-0.0042462833
1.899847e-07,-0.0042922392
1.900847e-07,-0.0043403493
1.901847e-07,-0.0043784065
1.902847e-07,-0.0043992302
1.903847e-07,-0.0044035386
1.904847e-07,-0.0043977941
1.905847e-07,-0.0043877413
1.906847e-07,-0.0043784065
1.907847e-07,-0.0043697898
1.908847e-07,-0.0043633272
1.909847e-07,-0.0043590188
1.910847e-07,-0.004361173
1.911847e-07,-0.0043733801
1.912847e-07,-0.0043977941
1.913847e-07,-0.0044308249
1.914847e-07,-0.0044638557
1.915847e-07,-0.0044868336
1.916847e-07,-0.0044897059
1.917847e-07,-0.0044710363
1.918847e-07,-0.0044372875
1.919847e-07,-0.0044006664
1.920847e-07,-0.0043748162
1.921847e-07,-0.0043683536
1.922847e-07,-0.0043819968
1.923847e-07,-0.0044107192
1.924847e-07,-0.00444375
1.925847e-07,-0.0044717544
1.926847e-07,-0.0044897059
1.927847e-07,-0.0044947323
1.928847e-07,-0.0044897059
1.929847e-07,-0.0044760627
1.930847e-07,-0.0044545209
1.931847e-07,-0.0044272346
1.932847e-07,-0.0043977941
1.933847e-07,-0.0043719439
1.934847e-07,-0.0043568647
1.935847e-07,-0.004361173
1.936847e-07,-0.0043863051
1.937847e-07,-0.0044257985
1.938847e-07,-0.0044667279
1.939847e-07,-0.0044954504
1.940847e-07,-0.0045011949
1.941847e-07,-0.0044818072
1.942847e-07,-0.0044466222
1.943847e-07,-0.0044092831
1.944847e-07,-0.0043863051
1.945847e-07,-0.004384869
1.946847e-07,-0.0044049747
1.947847e-07,-0.0044365694
1.948847e-07,-0.0044667279
1.949847e-07,-0.0044853975
1.950847e-07,-0.0044897059
1.951847e-07,-0.0044810892
1.952847e-07,-0.0044667279
1.953847e-07,-0.0044516487
1.954847e-07,-0.0044394416
1.955847e-07,-0.0044293888
1.956847e-07,-0.0044207721
1.957847e-07,-0.0044143095
1.958847e-07,-0.0044135915
1.959847e-07,-0.0044229262
1.960847e-07,-0.00444375
1.961847e-07,-0.0044724724
1.962847e-07,-0.0044997587
1.963847e-07,-0.0045155561
1.964847e-07,-0.0045126838
1.965847e-07,-0.0044897059
1.966847e-07,-0.004455957
1.967847e-07,-0.0044250804
1.968847e-07,-0.0044092831
1.969847e-07,-0.0044157456
1.970847e-07,-0.0044430319
1.971847e-07,-0.004479653
1.972847e-07,-0.0045126838
1.973847e-07,-0.0045313534
1.974847e-07,-0.0045306353
1.975847e-07,-0.004514838
1.976847e-07,-0.0044897059
1.977847e-07,-0.0044638557
1.978847e-07,-0.0044423139
1.979847e-07,-0.0044279527
1.980847e-07,-0.0044207721
1.981847e-07,-0.0044214901
1.982847e-07,-0.004432261
1.983847e-07,-0.0044516487
1.984847e-07,-0.0044782169
1.985847e-07,-0.0045047852
1.986847e-07,-0.0045227367
1.987847e-07,-0.0045227367
1.988847e-07,-0.0045011949
1.989847e-07,-0.0044631376
1.990847e-07,-0.004420054
1.991847e-07,-0.0043870232
1.992847e-07,-0.0043748162
1.993847e-07,-0.0043870232
1.994847e-07,-0.0044171818
1.995847e-07,-0.0044516487
1.996847e-07,-0.0044782169
1.997847e-07,-0.0044882698
1.998847e-07,-0.0044810892
1.999847e-07,-0.0044631376
2.000847e-07,-0.00444375
2.001847e-07,-0.0044286707
2.002847e-07,-0.0044193359
2.003847e-07,-0.0044135915
2.004847e-07,-0.0044092831
2.005847e-07,-0.0044071289
2.006847e-07,-0.0044092831
2.007847e-07,-0.0044214901
2.008847e-07,-0.00444375
2.009847e-07,-0.0044717544
2.010847e-07,-0.0044961684
2.011847e-07,-0.0045040671
2.012847e-07,-0.0044897059
2.013847e-07,-0.0044545209
2.014847e-07,-0.0044092831
2.015847e-07,-0.0043697898
2.016847e-07,-0.0043518382
2.017847e-07,-0.004360455
2.018847e-07,-0.0043913316
2.019847e-07,-0.004431543
2.020847e-07,-0.0044667279
2.021847e-07,-0.0044868336
2.022847e-07,-0.0044897059
2.023847e-07,-0.0044803711
2.024847e-07,-0.0044667279
2.025847e-07,-0.004455239
2.026847e-07,-0.0044480584
2.027847e-07,-0.0044451861
2.028847e-07,-0.00444375
2.029847e-07,-0.0044451861
2.030847e-07,-0.0044538028
2.031847e-07,-0.0044717544
2.032847e-07,-0.0045011949
2.033847e-07,-0.0045349437
2.034847e-07,-0.0045629481
2.035847e-07,-0.0045730009
2.036847e-07,-0.0045586397
2.037847e-07,-0.0045241728
2.038847e-07,-0.0044825253
2.039847e-07,-0.0044509306
2.040847e-07,-0.00444375
2.041847e-07,-0.0044638557
2.042847e-07,-0.0045040671
2.043847e-07,-0.0045485869
2.044847e-07,-0.0045816176
2.045847e-07,-0.0045931066
2.046847e-07,-0.004585208
2.047847e-07,-0.0045658203
2.048847e-07,-0.0045471507
2.049847e-07,-0.0045363798
2.050847e-07,-0.0045335076
2.051847e-07,-0.0045349437
2.052847e-07,-0.0045356618
2.053847e-07,-0.0045349437
2.054847e-07,-0.0045378159
2.055847e-07,-0.0045521772
2.056847e-07,-0.0045816176
2.057847e-07,-0.0046232652
2.058847e-07,-0.0046649127
2.059847e-07,-0.0046893267
2.060847e-07,-0.0046850184
2.061847e-07,-0.0046491153
2.062847e-07,-0.0045931066
2.063847e-07,-0.0045370979
2.064847e-07,-0.0045011949
2.065847e-07,-0.0044976045
2.066847e-07,-0.0045256089
2.067847e-07,-0.0045715648
2.068847e-07,-0.0046160846
2.069847e-07,-0.0046440889
2.070847e-07,-0.0046498334
2.071847e-07,-0.0046369083
2.072847e-07,-0.0046160846
2.073847e-07,-0.004598133
2.074847e-07,-0.0045895163
2.075847e-07,-0.0045887983
2.076847e-07,-0.0045931066
2.077847e-07,-0.004598133
2.078847e-07,-0.0046038775
2.079847e-07,-0.0046124943
2.080847e-07,-0.0046275735
2.081847e-07,-0.0046476792
2.082847e-07,-0.0046677849
2.083847e-07,-0.0046785558
2.084847e-07,-0.0046735294
2.085847e-07,-0.0046512695
2.086847e-07,-0.0046182387
2.087847e-07,-0.0045866441
2.088847e-07,-0.0045701287
2.089847e-07,-0.0045751551
2.090847e-07,-0.0045995692
2.091847e-07,-0.0046326
2.092847e-07,-0.0046620404
2.093847e-07,-0.0046756836
2.094847e-07,-0.0046699391
2.095847e-07,-0.0046469612
2.096847e-07,-0.0046160846
2.097847e-07,-0.0045844899
2.098847e-07,-0.0045586397
2.099847e-07,-0.004538534
2.100847e-07,-0.0045241728
2.101847e-07,-0.0045162741
2.102847e-07,-0.0045162741
2.103847e-07,-0.004527045
2.104847e-07,-0.0045471507
2.105847e-07,-0.0045715648
2.106847e-07,-0.0045909524
2.107847e-07,-0.0045931066
2.108847e-07,-0.0045701287
2.109847e-07,-0.0045234547
2.110847e-07,-0.0044638557
2.111847e-07,-0.004408565
2.112847e-07,-0.0043748162
2.113847e-07,-0.0043719439
2.114847e-07,-0.0043985122
2.115847e-07,-0.00444375
2.116847e-07,-0.0044897059
2.117847e-07,-0.0045213006
2.118847e-07,-0.0045306353
2.119847e-07,-0.0045169922
2.120847e-07,-0.0044897059
2.121847e-07,-0.0044581112
2.122847e-07,-0.004431543
2.123847e-07,-0.0044150276
2.124847e-07,-0.0044092831
2.125847e-07,-0.0044143095
2.126847e-07,-0.0044272346
2.127847e-07,-0.0044459042
2.128847e-07,-0.0044667279
2.129847e-07,-0.0044853975
2.130847e-07,-0.0044954504
2.131847e-07,-0.0044932962
2.132847e-07,-0.0044782169
2.133847e-07,-0.004455239
2.134847e-07,-0.004432261
2.135847e-07,-0.0044193359
2.136847e-07,-0.0044207721
2.137847e-07,-0.0044372875
2.138847e-07,-0.0044617015
2.139847e-07,-0.0044853975
2.140847e-07,-0.0045011949
2.141847e-07,-0.0045055032
2.142847e-07,-0.0045019129
2.143847e-07,-0.0044947323
2.144847e-07,-0.0044897059
2.145847e-07,-0.0044875517
2.146847e-07,-0.0044861156
2.147847e-07,-0.0044832433
2.148847e-07,-0.0044782169
2.149847e-07,-0.0044760627
2.150847e-07,-0.0044839614
2.151847e-07,-0.0045076574
2.152847e-07,-0.0045471507
2.153847e-07,-0.0045952608
2.154847e-07,-0.0046361903
2.155847e-07,-0.004657014
2.156847e-07,-0.0046505515
2.157847e-07,-0.0046203929
2.158847e-07,-0.0045808996
2.159847e-07,-0.0045521772
2.160847e-07,-0.0045471507
2.161847e-07,-0.0045701287
2.162847e-07,-0.0046117762
2.163847e-07,-0.0046555779
2.164847e-07,-0.0046850184
2.165847e-07,-0.0046914809
2.166847e-07,-0.0046785558
2.167847e-07,-0.004656296
2.168847e-07,-0.0046390625
2.169847e-07,-0.004633318
2.170847e-07,-0.0046390625
2.171847e-07,-0.0046469612
2.172847e-07,-0.0046505515
2.173847e-07,-0.004644807
2.174847e-07,-0.004633318
2.175847e-07,-0.0046254193
2.176847e-07,-0.0046275735
2.177847e-07,-0.0046419347
2.178847e-07,-0.0046606043
2.179847e-07,-0.0046706572
2.180847e-07,-0.0046620404
2.181847e-07,-0.0046311638
2.182847e-07,-0.004585208
2.183847e-07,-0.0045399701
2.184847e-07,-0.0045126838
2.185847e-07,-0.0045126838
2.186847e-07,-0.004538534
2.187847e-07,-0.0045787454
2.188847e-07,-0.0046160846
2.189847e-07,-0.0046369083
2.190847e-07,-0.0046347541
2.191847e-07,-0.0046132123
2.192847e-07,-0.0045816176
2.193847e-07,-0.0045493049
2.194847e-07,-0.0045234547
2.195847e-07,-0.0045076574
2.196847e-07,-0.0045011949
2.197847e-07,-0.0045040671
2.198847e-07,-0.0045169922
2.199847e-07,-0.0045399701
2.200847e-07,-0.0045701287
2.201847e-07,-0.0046002872
2.202847e-07,-0.004621111
2.203847e-07,-0.0046232652
2.204847e-07,-0.0046045956
2.205847e-07,-0.0045701287
2.206847e-07,-0.0045335076
2.207847e-07,-0.0045112477
2.208847e-07,-0.0045126838
2.209847e-07,-0.0045392521
2.210847e-07,-0.0045816176
2.211847e-07,-0.0046232652
2.212847e-07,-0.0046505515
2.213847e-07,-0.004657014
2.214847e-07,-0.0046462431
2.215847e-07,-0.0046290097
2.216847e-07,-0.0046160846
2.217847e-07,-0.0046124943
2.218847e-07,-0.0046153665
2.219847e-07,-0.0046182387
2.220847e-07,-0.0046160846
2.221847e-07,-0.004608904
2.222847e-07,-0.0046045956
2.223847e-07,-0.0046124943
2.224847e-07,-0.0046390625
2.225847e-07,-0.004679992
2.226847e-07,-0.0047216395
2.227847e-07,-0.0047467716
2.228847e-07,-0.0047424632
2.229847e-07,-0.0047079963
2.230847e-07,-0.0046577321
2.231847e-07,-0.0046124943
2.232847e-07,-0.0045931066
2.233847e-07,-0.004609622
2.234847e-07,-0.0046548598
2.235847e-07,-0.0047108686
2.236847e-07,-0.0047539522
2.237847e-07,-0.0047683134
2.238847e-07,-0.00475108
2.239847e-07,-0.0047101505
2.240847e-07,-0.0046620404
2.241847e-07,-0.004621829
2.242847e-07,-0.0045966969
2.243847e-07,-0.004585208
2.244847e-07,-0.0045816176
2.245847e-07,-0.0045801815
2.246847e-07,-0.0045794635
2.247847e-07,-0.0045823357
2.248847e-07,-0.0045931066
2.249847e-07,-0.0046110581
2.250847e-07,-0.0046290097
2.251847e-07,-0.0046376264
2.252847e-07,-0.0046275735
2.253847e-07,-0.0045966969
2.254847e-07,-0.0045521772
2.255847e-07,-0.0045076574
2.256847e-07,-0.0044782169
2.257847e-07,-0.0044724724
2.258847e-07,-0.0044889878
2.259847e-07,-0.0045184283
2.260847e-07,-0.0045471507
2.261847e-07,-0.0045636661
2.262847e-07,-0.0045651023
2.263847e-07,-0.0045528952
2.264847e-07,-0.0045356618
2.265847e-07,-0.0045191464
2.266847e-07,-0.0045055032
2.267847e-07,-0.0044961684
2.268847e-07,-0.0044897059
2.269847e-07,-0.0044868336
2.270847e-07,-0.0044918601
2.271847e-07,-0.0045083755
2.272847e-07,-0.0045356618
2.273847e-07,-0.0045672564
2.274847e-07,-0.0045923886
2.275847e-07,-0.0045995692
2.276847e-07,-0.0045816176
2.277847e-07,-0.0045442785
2.278847e-07,-0.0045004768
2.279847e-07,-0.0044696002
2.280847e-07,-0.0044667279
2.281847e-07,-0.0044954504
2.282847e-07,-0.0045464327
2.283847e-07,-0.0046045956
2.284847e-07,-0.0046505515
2.285847e-07,-0.0046742475
2.286847e-07,-0.0046742475
2.287847e-07,-0.0046584501
2.288847e-07,-0.0046390625
2.289847e-07,-0.0046232652
2.290847e-07,-0.0046139304
2.291847e-07,-0.0046081859
2.292847e-07,-0.0046045956
2.293847e-07,-0.0046045956
2.294847e-07,-0.0046146484
2.295847e-07,-0.0046404986
2.296847e-07,-0.0046850184
2.297847e-07,-0.0047410271
2.298847e-07,-0.0047927275
2.299847e-07,-0.0048236041
2.300847e-07,-0.004822886
2.301847e-07,-0.0047912914
2.302847e-07,-0.0047438994
2.303847e-07,-0.0047022518
2.304847e-07,-0.0046850184
2.305847e-07,-0.0046993796
2.306847e-07,-0.0047381549
2.307847e-07,-0.0047819566
2.308847e-07,-0.0048113971
2.309847e-07,-0.0048135512
2.310847e-07,-0.0047898552
2.311847e-07,-0.0047532341
2.312847e-07,-0.0047194853
2.313847e-07,-0.0047022518
2.314847e-07,-0.0047051241
2.315847e-07,-0.0047223575
2.316847e-07,-0.0047424632
2.317847e-07,-0.0047582606
2.318847e-07,-0.0047683134
2.319847e-07,-0.0047762121
2.320847e-07,-0.0047884191
2.321847e-07,-0.0048056526
2.322847e-07,-0.004822886
2.323847e-07,-0.0048315028
2.324847e-07,-0.004822886
2.325847e-07,-0.0047948817
2.326847e-07,-0.0047553883
2.327847e-07,-0.0047180492
2.328847e-07,-0.0046965074
2.329847e-07,-0.0046979435
2.330847e-07,-0.0047187672
2.331847e-07,-0.0047503619
2.332847e-07,-0.0047769301
2.333847e-07,-0.0047898552
2.334847e-07,-0.004786983
2.335847e-07,-0.0047726218
2.336847e-07,-0.0047539522
2.337847e-07,-0.0047360007
2.338847e-07,-0.0047194853
2.339847e-07,-0.0047029699
2.340847e-07,-0.0046850184
2.341847e-07,-0.0046677849
2.342847e-07,-0.004657014
2.343847e-07,-0.0046584501
2.344847e-07,-0.0046735294
2.345847e-07,-0.0046957893
2.346847e-07,-0.0047123047
2.347847e-07,-0.0047108686
2.348847e-07,-0.0046850184
2.349847e-07,-0.0046404986
2.350847e-07,-0.0045945427
2.351847e-07,-0.0045658203
2.352847e-07,-0.0045701287
2.353847e-07,-0.0046081859
2.354847e-07,-0.0046677849
2.355847e-07,-0.0047266659
2.356847e-07,-0.0047654412
2.357847e-07,-0.0047726218
2.358847e-07,-0.0047525161
2.359847e-07,-0.0047173311
2.360847e-07,-0.0046850184
2.361847e-07,-0.0046656307
2.362847e-07,-0.0046613224
2.363847e-07,-0.0046663488
2.364847e-07,-0.0046735294
2.365847e-07,-0.00468071
2.366847e-07,-0.0046907629
2.367847e-07,-0.0047101505
2.368847e-07,-0.0047424632
2.369847e-07,-0.0047819566
2.370847e-07,-0.0048164235
2.371847e-07,-0.0048293486
2.372847e-07,-0.0048113971
2.373847e-07,-0.0047675954
2.374847e-07,-0.0047144589
2.375847e-07,-0.0046764017
2.376847e-07,-0.0046735294
2.377847e-07,-0.0047115866
2.378847e-07,-0.0047790843
2.379847e-07,-0.0048516085
2.380847e-07,-0.0049033088
2.381847e-07,-0.0049191062
2.382847e-07,-0.0048997185
2.383847e-07,-0.0048609432
2.384847e-07,-0.004822886
2.385847e-07,-0.0048020623
2.386847e-07,-0.0048027803
2.387847e-07,-0.0048178596
2.388847e-07,-0.004834375
2.389847e-07,-0.0048437098
2.390847e-07,-0.0048451459
2.391847e-07,-0.004846582
2.392847e-07,-0.0048573529
2.393847e-07,-0.0048824851
2.394847e-07,-0.0049155159
2.395847e-07,-0.0049428022
2.396847e-07,-0.0049492647
2.397847e-07,-0.0049262868
2.398847e-07,-0.0048781767
2.399847e-07,-0.0048214499
2.400847e-07,-0.0047769301
2.401847e-07,-0.0047611328
2.402847e-07,-0.0047769301
2.403847e-07,-0.0048157054
2.404847e-07,-0.0048573529
2.405847e-07,-0.0048839212
2.406847e-07,-0.0048846392
2.407847e-07,-0.0048609432
2.408847e-07,-0.004822886
2.409847e-07,-0.0047841108
2.410847e-07,-0.0047561064
2.411847e-07,-0.0047424632
2.412847e-07,-0.0047424632
2.413847e-07,-0.00475108
2.414847e-07,-0.0047625689
2.415847e-07,-0.0047762121
2.416847e-07,-0.0047884191
2.417847e-07,-0.0047977539
2.418847e-07,-0.0048006261
2.419847e-07,-0.0047905733
2.420847e-07,-0.0047654412
2.421847e-07,-0.004727384
2.422847e-07,-0.0046850184
2.423847e-07,-0.0046512695
2.424847e-07,-0.0046390625
2.425847e-07,-0.0046534237
2.426847e-07,-0.0046900448
2.427847e-07,-0.0047367187
2.428847e-07,-0.0047769301
2.429847e-07,-0.0047970358
2.430847e-07,-0.0047920094
2.431847e-07,-0.0047661592
2.432847e-07,-0.0047309743
2.433847e-07,-0.0047000977
2.434847e-07,-0.0046828642
2.435847e-07,-0.0046828642
2.436847e-07,-0.0046965074
2.437847e-07,-0.0047180492
2.438847e-07,-0.0047424632
2.439847e-07,-0.0047661592
2.440847e-07,-0.0047884191
2.441847e-07,-0.0048092429
2.442847e-07,-0.0048271944
2.443847e-07,-0.0048408375
2.444847e-07,-0.004845864
2.445847e-07,-0.0048429917
2.446847e-07,-0.0048336569
2.447847e-07,-0.0048250402
2.448847e-07,-0.004822886
2.449847e-07,-0.0048329389
2.450847e-07,-0.0048551988
2.451847e-07,-0.0048853573
2.452847e-07,-0.0049147978
2.453847e-07,-0.0049363396
2.454847e-07,-0.0049449563
2.455847e-07,-0.0049399299
2.456847e-07,-0.0049262868
2.457847e-07,-0.0049112075
2.458847e-07,-0.0049018727
2.459847e-07,-0.0049025908
2.460847e-07,-0.0049147978
2.461847e-07,-0.0049363396
2.462847e-07,-0.0049621898
2.463847e-07,-0.00498804
2.464847e-07,-0.0050067096
2.465847e-07,-0.0050153263
2.466847e-07,-0.0050131721
2.467847e-07,-0.0050009651
2.468847e-07,-0.0049837316
2.469847e-07,-0.0049693704
2.470847e-07,-0.0049636259
2.471847e-07,-0.0049722426
2.472847e-07,-0.0049952206
2.473847e-07,-0.0050275333
2.474847e-07,-0.0050627183
2.475847e-07,-0.0050921588
2.476847e-07,-0.0051101103
2.477847e-07,-0.0051158548
2.478847e-07,-0.0051108284
2.479847e-07,-0.0051000574
2.480847e-07,-0.0050871324
2.481847e-07,-0.0050749253
2.482847e-07,-0.0050648725
2.483847e-07,-0.0050569738
2.484847e-07,-0.0050526654
2.485847e-07,-0.0050555377
2.486847e-07,-0.0050677447
2.487847e-07,-0.0050914407
2.488847e-07,-0.0051215993
2.489847e-07,-0.0051517578
2.490847e-07,-0.0051711455
2.491847e-07,-0.0051732996
2.492847e-07,-0.0051560662
2.493847e-07,-0.0051251896
2.494847e-07,-0.0050921588
2.495847e-07,-0.0050691808
2.496847e-07,-0.0050641544
2.497847e-07,-0.0050785156
2.498847e-07,-0.0051050839
2.499847e-07,-0.0051345244
2.500847e-07,-0.0051560662
2.501847e-07,-0.005166119
2.502847e-07,-0.005166119
2.503847e-07,-0.0051610926
2.504847e-07,-0.0051560662
2.505847e-07,-0.005153912
2.506847e-07,-0.0051524759
2.507847e-07,-0.0051496036
2.508847e-07,-0.0051445772
2.509847e-07,-0.0051388327
2.510847e-07,-0.0051388327
2.511847e-07,-0.0051481675
2.512847e-07,-0.0051675551
2.513847e-07,-0.0051919692
2.514847e-07,-0.0052099207
2.515847e-07,-0.0052113568
2.516847e-07,-0.0051905331
2.517847e-07,-0.0051531939
2.518847e-07,-0.0051129825
2.519847e-07,-0.0050864143
2.520847e-07,-0.0050871324
2.521847e-07,-0.005118009
2.522847e-07,-0.0051682732
2.523847e-07,-0.0052221278
2.524847e-07,-0.0052594669
2.525847e-07,-0.0052688017
2.526847e-07,-0.0052494141
2.527847e-07,-0.0052106388
2.528847e-07,-0.0051675551
2.529847e-07,-0.0051338063
2.530847e-07,-0.0051165728
2.531847e-07,-0.005118009
2.532847e-07,-0.0051330882
2.533847e-07,-0.0051575023
2.534847e-07,-0.0051862247
2.535847e-07,-0.0052178194
2.536847e-07,-0.0052479779
2.537847e-07,-0.005272392
2.538847e-07,-0.005283881
2.539847e-07,-0.0052759823
2.540847e-07,-0.0052479779
2.541847e-07,-0.0052056124
2.542847e-07,-0.0051603745
2.543847e-07,-0.0051287799
2.544847e-07,-0.0051215993
2.545847e-07,-0.005141705
2.546847e-07,-0.0051811983
2.547847e-07,-0.0052257181
2.548847e-07,-0.0052594669
2.549847e-07,-0.0052716739
2.550847e-07,-0.005260903
2.551847e-07,-0.0052336167
2.552847e-07,-0.0052020221
2.553847e-07,-0.0051747358
2.554847e-07,-0.0051567842
2.555847e-07,-0.0051474494
2.556847e-07,-0.0051445772
2.557847e-07,-0.0051460133
2.558847e-07,-0.0051510398
2.559847e-07,-0.0051625287
2.560847e-07,-0.0051790441
2.561847e-07,-0.0051977137
2.562847e-07,-0.0052106388
2.563847e-07,-0.0052099207
2.564847e-07,-0.0051905331
2.565847e-07,-0.0051567842
2.566847e-07,-0.0051201631
2.567847e-07,-0.0050964671
2.568847e-07,-0.0050986213
2.569847e-07,-0.005130216
2.570847e-07,-0.0051826344
2.571847e-07,-0.0052400793
2.572847e-07,-0.0052824449
2.573847e-07,-0.005296088
2.574847e-07,-0.0052788545
2.575847e-07,-0.0052386432
2.576847e-07,-0.0051905331
2.577847e-07,-0.0051488856
2.578847e-07,-0.0051230354
2.579847e-07,-0.0051151367
2.580847e-07,-0.0051215993
2.581847e-07,-0.0051359605
2.582847e-07,-0.0051546301
2.583847e-07,-0.0051768899
2.584847e-07,-0.0052020221
2.585847e-07,-0.0052285903
2.586847e-07,-0.0052515682
2.587847e-07,-0.0052644933
2.588847e-07,-0.0052594669
2.589847e-07,-0.0052357709
2.590847e-07,-0.0051991498
2.591847e-07,-0.0051603745
2.592847e-07,-0.0051330882
2.593847e-07,-0.0051273437
2.594847e-07,-0.0051445772
2.595847e-07,-0.005177608
2.596847e-07,-0.005213511
2.597847e-07,-0.0052386432
2.598847e-07,-0.0052443876
2.599847e-07,-0.0052300264
2.600847e-07,-0.0052020221
2.601847e-07,-0.0051718635
2.602847e-07,-0.0051510398
2.603847e-07,-0.0051452953
2.604847e-07,-0.0051560662
2.605847e-07,-0.0051783261
2.606847e-07,-0.0052048943
2.607847e-07,-0.0052264361
2.608847e-07,-0.005236489
2.609847e-07,-0.0052307445
2.610847e-07,-0.0052092027
2.611847e-07,-0.0051740177
2.612847e-07,-0.0051330882
2.613847e-07,-0.005095031
2.614847e-07,-0.0050684628
2.615847e-07,-0.0050620002
2.616847e-07,-0.0050756434
2.617847e-07,-0.0051058019
2.618847e-07,-0.005142423
2.619847e-07,-0.0051747358
2.620847e-07,-0.0051905331
2.621847e-07,-0.0051862247
2.622847e-07,-0.0051618107
2.623847e-07,-0.0051259076
2.624847e-07,-0.0050871324
2.625847e-07,-0.0050548196
2.626847e-07,-0.00503615
2.627847e-07,-0.0050318417
2.628847e-07,-0.0050411765
2.629847e-07,-0.0050605641
2.630847e-07,-0.0050856962
2.631847e-07,-0.0051115464
2.632847e-07,-0.0051330882
2.633847e-07,-0.0051460133
2.634847e-07,-0.0051460133
2.635847e-07,-0.0051330882
2.636847e-07,-0.0051101103
2.637847e-07,-0.0050849782
2.638847e-07,-0.0050655905
2.639847e-07,-0.0050620002
2.640847e-07,-0.0050756434
2.641847e-07,-0.0051050839
2.642847e-07,-0.0051409869
2.643847e-07,-0.0051725816
2.644847e-07,-0.0051905331
2.645847e-07,-0.0051912511
2.646847e-07,-0.0051768899
2.647847e-07,-0.0051546301
2.648847e-07,-0.0051330882
2.649847e-07,-0.0051194451
2.650847e-07,-0.0051158548
2.651847e-07,-0.0051215993
2.652847e-07,-0.0051330882
2.653847e-07,-0.0051474494
2.654847e-07,-0.0051632468
2.655847e-07,-0.0051783261
2.656847e-07,-0.0051905331
2.657847e-07,-0.0051977137
2.658847e-07,-0.0051948415
2.659847e-07,-0.0051811983
2.660847e-07,-0.0051560662
2.661847e-07,-0.0051259076
2.662847e-07,-0.0050986213
2.663847e-07,-0.0050842601
2.664847e-07,-0.0050871324
2.665847e-07,-0.00510652
2.666847e-07,-0.0051338063
2.667847e-07,-0.0051575023
2.668847e-07,-0.0051675551
2.669847e-07,-0.0051589384
2.670847e-07,-0.0051338063
2.671847e-07,-0.0050986213
2.672847e-07,-0.0050641544
2.673847e-07,-0.0050375862
2.674847e-07,-0.0050210708
2.675847e-07,-0.0050160443
2.676847e-07,-0.0050181985
2.677847e-07,-0.0050260972
2.678847e-07,-0.0050383042
2.679847e-07,-0.0050555377
2.680847e-07,-0.0050756434
2.681847e-07,-0.005095031
2.682847e-07,-0.0051072381
2.683847e-07,-0.0051050839
2.684847e-07,-0.0050871324
2.685847e-07,-0.0050562557
2.686847e-07,-0.0050225069
2.687847e-07,-0.0049988109
2.688847e-07,-0.0049952206
2.689847e-07,-0.0050153263
2.690847e-07,-0.0050533835
2.691847e-07,-0.0050971852
2.692847e-07,-0.0051330882
2.693847e-07,-0.0051496036
2.694847e-07,-0.0051431411
2.695847e-07,-0.0051194451
2.696847e-07,-0.0050871324
2.697847e-07,-0.0050584099
2.698847e-07,-0.0050411765
2.699847e-07,-0.0050397403
2.700847e-07,-0.0050526654
2.701847e-07,-0.0050749253
2.702847e-07,-0.0051022116
2.703847e-07,-0.0051273437
2.704847e-07,-0.0051445772
2.705847e-07,-0.0051496036
2.706847e-07,-0.0051395508
2.707847e-07,-0.0051129825
2.708847e-07,-0.0050756434
2.709847e-07,-0.005035432
2.710847e-07,-0.0050031193
2.711847e-07,-0.004988758
2.712847e-07,-0.0049952206
2.713847e-07,-0.0050189166
2.714847e-07,-0.0050505113
2.715847e-07,-0.0050763614
2.716847e-07,-0.0050871324
2.717847e-07,-0.0050792337
2.718847e-07,-0.0050555377
2.719847e-07,-0.0050246611
2.720847e-07,-0.0049952206
2.721847e-07,-0.0049729607
2.722847e-07,-0.0049593176
2.723847e-07,-0.0049521369
2.724847e-07,-0.0049492647
2.725847e-07,-0.0049507008
2.726847e-07,-0.0049593176
2.727847e-07,-0.0049787052
2.728847e-07,-0.0050067096
2.729847e-07,-0.0050383042
2.730847e-07,-0.0050634364
2.731847e-07,-0.0050698989
2.732847e-07,-0.0050526654
2.733847e-07,-0.0050138902
2.734847e-07,-0.0049657801
2.735847e-07,-0.0049241326
2.736847e-07,-0.0049033088
2.737847e-07,-0.0049097714
2.738847e-07,-0.0049384938
2.739847e-07,-0.004976551
2.740847e-07,-0.0050067096
2.741847e-07,-0.0050174805
2.742847e-07,-0.0050052734
2.743847e-07,-0.0049751149
2.744847e-07,-0.0049377757
2.745847e-07,-0.0049047449
2.746847e-07,-0.0048839212
2.747847e-07,-0.0048760225
2.748847e-07,-0.0048803309
2.749847e-07,-0.0048918199
2.750847e-07,-0.0049068991
2.751847e-07,-0.0049234145
2.752847e-07,-0.0049377757
2.753847e-07,-0.0049456744
2.754847e-07,-0.0049420841
2.755847e-07,-0.0049241326
2.756847e-07,-0.0048918199
2.757847e-07,-0.0048523265
2.758847e-07,-0.0048164235
2.759847e-07,-0.0047963178
2.760847e-07,-0.0047999081
2.761847e-07,-0.0048279125
2.762847e-07,-0.0048717142
2.763847e-07,-0.0049162339
2.764847e-07,-0.0049492647
2.765847e-07,-0.0049614717
2.766847e-07,-0.004952855
2.767847e-07,-0.0049298771
2.768847e-07,-0.0049033088
2.769847e-07,-0.004881767
2.770847e-07,-0.0048709961
2.771847e-07,-0.0048709961
2.772847e-07,-0.0048803309
2.773847e-07,-0.0048982824
2.774847e-07,-0.0049241326
2.775847e-07,-0.0049578814
2.776847e-07,-0.0049952206
2.777847e-07,-0.0050296875
2.778847e-07,-0.0050505113
2.779847e-07,-0.0050519474
2.780847e-07,-0.0050296875
2.781847e-07,-0.0049916303
2.782847e-07,-0.0049521369
2.783847e-07,-0.0049262868
2.784847e-07,-0.0049262868
2.785847e-07,-0.004952855
2.786847e-07,-0.0049959386
2.787847e-07,-0.0050383042
2.788847e-07,-0.0050641544
2.789847e-07,-0.0050634364
2.790847e-07,-0.0050397403
2.791847e-07,-0.0050038373
2.792847e-07,-0.0049722426
2.793847e-07,-0.0049564453
2.794847e-07,-0.0049607537
2.795847e-07,-0.0049808594
2.796847e-07,-0.0050067096
2.797847e-07,-0.0050282514
2.798847e-07,-0.0050397403
2.799847e-07,-0.0050397403
2.800847e-07,-0.0050296875
2.801847e-07,-0.005012454
2.802847e-07,-0.0049894761
2.803847e-07,-0.0049600356
2.804847e-07,-0.0049262868
2.805847e-07,-0.0048925379
2.806847e-07,-0.0048666877
2.807847e-07,-0.0048566349
2.808847e-07,-0.0048688419
2.809847e-07,-0.0048997185
2.810847e-07,-0.004940648
2.811847e-07,-0.004976551
2.812847e-07,-0.0049952206
2.813847e-07,-0.0049894761
2.814847e-07,-0.0049614717
2.815847e-07,-0.0049212603
2.816847e-07,-0.0048803309
2.817847e-07,-0.0048480182
2.818847e-07,-0.0048271944
2.819847e-07,-0.0048171415
2.820847e-07,-0.0048113971
2.821847e-07,-0.0048078068
2.822847e-07,-0.0048049345
2.823847e-07,-0.0048056526
2.824847e-07,-0.0048113971
2.825847e-07,-0.0048207318
2.826847e-07,-0.0048279125
2.827847e-07,-0.0048264763
2.828847e-07,-0.0048113971
2.829847e-07,-0.0047833927
2.830847e-07,-0.004751798
2.831847e-07,-0.0047266659
2.832847e-07,-0.0047194853
2.833847e-07,-0.0047338465
2.834847e-07,-0.0047640051
2.835847e-07,-0.004798472
2.836847e-07,-0.004822886
2.837847e-07,-0.0048286305
2.838847e-07,-0.0048135512
2.839847e-07,-0.0047855469
2.840847e-07,-0.0047539522
2.841847e-07,-0.0047309743
2.842847e-07,-0.0047216395
2.843847e-07,-0.0047266659
2.844847e-07,-0.0047424632
2.845847e-07,-0.0047640051
2.846847e-07,-0.0047862649
2.847847e-07,-0.0048063706
2.848847e-07,-0.004822886
2.849847e-07,-0.0048322208
2.850847e-07,-0.0048322208
2.851847e-07,-0.0048207318
2.852847e-07,-0.0047999081
2.853847e-07,-0.0047762121
2.854847e-07,-0.0047611328
2.855847e-07,-0.004763287
2.856847e-07,-0.0047884191
2.857847e-07,-0.0048336569
2.858847e-07,-0.0048867934
2.859847e-07,-0.0049334674
2.860847e-07,-0.0049607537
2.861847e-07,-0.0049629079
2.862847e-07,-0.0049435202
2.863847e-07,-0.0049155159
2.864847e-07,-0.0048918199
2.865847e-07,-0.0048824851
2.866847e-07,-0.0048903837
2.867847e-07,-0.0049119256
2.868847e-07,-0.0049377757
2.869847e-07,-0.0049629079
2.870847e-07,-0.0049837316
2.871847e-07,-0.0050016831
2.872847e-07,-0.0050181985
2.873847e-07,-0.0050339959
2.874847e-07,-0.0050462029
2.875847e-07,-0.0050497932
2.876847e-07,-0.0050411765
2.877847e-07,-0.0050217888
2.878847e-07,-0.0049988109
2.879847e-07,-0.0049830136
2.880847e-07,-0.0049837316
2.881847e-07,-0.0050038373
2.882847e-07,-0.0050397403
2.883847e-07,-0.0050792337
2.884847e-07,-0.0051101103
2.885847e-07,-0.0051230354
2.886847e-07,-0.0051151367
2.887847e-07,-0.0050921588
2.888847e-07,-0.0050641544
2.889847e-07,-0.0050404584
2.890847e-07,-0.0050289694
2.891847e-07,-0.0050296875
2.892847e-07,-0.0050411765
2.893847e-07,-0.005059128
2.894847e-07,-0.0050792337
2.895847e-07,-0.0050979033
2.896847e-07,-0.0051101103
2.897847e-07,-0.0051122645
2.898847e-07,-0.0050993394
2.899847e-07,-0.005071335
2.900847e-07,-0.0050296875
2.901847e-07,-0.0049837316
2.902847e-07,-0.0049449563
2.903847e-07,-0.0049241326
2.904847e-07,-0.0049262868
2.905847e-07,-0.0049485466
2.906847e-07,-0.0049801413
2.907847e-07,-0.0050074276
2.908847e-07,-0.0050181985
2.909847e-07,-0.0050081457
2.910847e-07,-0.0049808594
2.911847e-07,-0.0049456744
2.912847e-07,-0.0049147978
2.913847e-07,-0.0048954102
2.914847e-07,-0.0048889476
2.915847e-07,-0.0048925379
2.916847e-07,-0.0049033088
2.917847e-07,-0.00491767
2.918847e-07,-0.0049363396
2.919847e-07,-0.0049585995
2.920847e-07,-0.0049837316
2.921847e-07,-0.0050059915
2.922847e-07,-0.0050174805
2.923847e-07,-0.0050102999
2.924847e-07,-0.0049837316
2.925847e-07,-0.0049449563
2.926847e-07,-0.0049068991
2.927847e-07,-0.0048860754
2.928847e-07,-0.0048918199
2.929847e-07,-0.0049241326
2.930847e-07,-0.0049708065
2.931847e-07,-0.0050153263
2.932847e-07,-0.0050411765
2.933847e-07,-0.0050404584
2.934847e-07,-0.0050181985
2.935847e-07,-0.0049866039
2.936847e-07,-0.0049607537
2.937847e-07,-0.0049521369
2.938847e-07,-0.0049629079
2.939847e-07,-0.00498804
2.940847e-07,-0.0050181985
2.941847e-07,-0.0050447668
2.942847e-07,-0.0050648725
2.943847e-07,-0.0050785156
2.944847e-07,-0.0050871324
2.945847e-07,-0.0050900046
2.946847e-07,-0.0050849782
2.947847e-07,-0.0050684628
2.948847e-07,-0.0050411765
2.949847e-07,-0.0050088637
2.950847e-07,-0.0049844497
2.951847e-07,-0.0049815774
2.952847e-07,-0.0050067096
2.953847e-07,-0.0050584099
2.954847e-07,-0.0051230354
2.955847e-07,-0.0051804802
2.956847e-07,-0.005213511
2.957847e-07,-0.0052120749
2.958847e-07,-0.0051811983
2.959847e-07,-0.0051330882
2.960847e-07,-0.0050871324
2.961847e-07,-0.0050562557
2.962847e-07,-0.0050454848
2.963847e-07,-0.0050505113
2.964847e-07,-0.0050641544
2.965847e-07,-0.0050770795
2.966847e-07,-0.0050864143
2.967847e-07,-0.0050928768
2.968847e-07,-0.0050986213
2.969847e-07,-0.0051050839
2.970847e-07,-0.0051101103
2.971847e-07,-0.0051093922
2.972847e-07,-0.0050986213
2.973847e-07,-0.0050799517
2.974847e-07,-0.005059846
2.975847e-07,-0.0050483571
2.976847e-07,-0.0050526654
2.977847e-07,-0.0050727711
2.978847e-07,-0.0051007755
2.979847e-07,-0.0051251896
2.980847e-07,-0.0051330882
2.981847e-07,-0.0051208812
2.982847e-07,-0.0050935949
2.983847e-07,-0.0050627183
2.984847e-07,-0.0050411765
2.985847e-07,-0.0050375862
2.986847e-07,-0.0050519474
2.987847e-07,-0.0050756434
2.988847e-07,-0.0050986213
2.989847e-07,-0.0051122645
2.990847e-07,-0.0051144187
2.991847e-07,-0.0051079561
2.992847e-07,-0.0050986213
2.993847e-07,-0.0050907227
2.994847e-07,-0.005082824
2.995847e-07,-0.005071335
2.996847e-07,-0.0050526654
2.997847e-07,-0.0050275333
2.998847e-07,-0.0050009651
2.999847e-07,-0.0049837316
3.000847e-07,-0.0049837316
3.001847e-07,-0.0050024012
3.002847e-07,-0.0050347139
3.003847e-07,-0.0050670267
3.004847e-07,-0.0050871324
3.005847e-07,-0.0050856962
3.006847e-07,-0.0050641544
3.007847e-07,-0.0050296875
3.008847e-07,-0.0049952206
3.009847e-07,-0.0049700885
3.010847e-07,-0.0049600356
3.011847e-07,-0.0049621898
3.012847e-07,-0.0049722426
3.013847e-07,-0.0049837316
3.014847e-07,-0.0049937845
3.015847e-07,-0.0050009651
3.016847e-07,-0.0050067096
3.017847e-07,-0.0050095818
3.018847e-07,-0.0050067096
3.019847e-07,-0.0049945025
3.020847e-07,-0.0049722426
3.021847e-07,-0.0049449563
3.022847e-07,-0.0049205423
3.023847e-07,-0.0049119256
3.024847e-07,-0.0049262868
3.025847e-07,-0.0049636259
3.026847e-07,-0.0050146082
3.027847e-07,-0.0050648725
3.028847e-07,-0.0050986213
3.029847e-07,-0.0051072381
3.030847e-07,-0.0050914407
3.031847e-07,-0.0050605641
3.032847e-07,-0.0050296875
3.033847e-07,-0.005011736
3.034847e-07,-0.005012454
3.035847e-07,-0.0050318417
3.036847e-07,-0.0050641544
3.037847e-07,-0.0051007755
3.038847e-07,-0.0051359605
3.039847e-07,-0.005166119
3.040847e-07,-0.0051905331
3.041847e-07,-0.0052084846
3.042847e-07,-0.0052192555
3.043847e-07,-0.0052206916
3.044847e-07,-0.005213511
3.045847e-07,-0.005201304
3.046847e-07,-0.0051912511
3.047847e-07,-0.005189815
3.048847e-07,-0.0052020221
3.049847e-07,-0.0052271542
3.050847e-07,-0.0052573127
3.051847e-07,-0.0052831629
3.052847e-07,-0.0052939338
3.053847e-07,-0.0052860352
3.054847e-07,-0.0052616211
3.055847e-07,-0.0052300264
3.056847e-07,-0.0052020221
3.057847e-07,-0.0051862247
3.058847e-07,-0.0051862247
3.059847e-07,-0.005201304
3.060847e-07,-0.005225
3.061847e-07,-0.0052530044
3.062847e-07,-0.0052817268
3.063847e-07,-0.005307577
3.064847e-07,-0.0053284007
3.065847e-07,-0.0053398897
3.066847e-07,-0.0053370175
3.067847e-07,-0.0053176298
3.068847e-07,-0.0052824449
3.069847e-07,-0.0052400793
3.070847e-07,-0.0052027401
3.071847e-07,-0.0051833525
3.072847e-07,-0.0051905331
3.073847e-07,-0.0052228458
3.074847e-07,-0.0052709559
3.075847e-07,-0.0053190659
3.076847e-07,-0.0053513787
3.077847e-07,-0.0053599954
3.078847e-07,-0.0053463523
3.079847e-07,-0.005319784
3.080847e-07,-0.0052939338
3.081847e-07,-0.0052795726
3.082847e-07,-0.0052810087
3.083847e-07,-0.005296088
3.084847e-07,-0.0053169118
3.085847e-07,-0.0053362994
3.086847e-07,-0.0053492245
3.087847e-07,-0.0053535329
3.088847e-07,-0.0053513787
3.089847e-07,-0.0053441981
3.090847e-07,-0.0053334272
3.091847e-07,-0.005319784
3.092847e-07,-0.0053054228
3.093847e-07,-0.0052939338
3.094847e-07,-0.0052917796
3.095847e-07,-0.0053032686
3.096847e-07,-0.0053284007
3.097847e-07,-0.0053628676
3.098847e-07,-0.0053951804
3.099847e-07,-0.00541385
3.100847e-07,-0.0054088235
3.101847e-07,-0.005378665
3.102847e-07,-0.0053291188
3.103847e-07,-0.0052738281
3.104847e-07,-0.005225
3.105847e-07,-0.0051926873
3.106847e-07,-0.0051783261
3.107847e-07,-0.0051797622
3.108847e-07,-0.0051905331
3.109847e-07,-0.0052041762
3.110847e-07,-0.0052163833
3.111847e-07,-0.0052278722
3.112847e-07,-0.005236489
3.113847e-07,-0.0052407973
3.114847e-07,-0.0052379251
3.115847e-07,-0.005225
3.116847e-07,-0.0052020221
3.117847e-07,-0.0051754538
3.118847e-07,-0.0051546301
3.119847e-07,-0.0051503217
3.120847e-07,-0.0051675551
3.121847e-07,-0.0052034582
3.122847e-07,-0.0052479779
3.123847e-07,-0.0052860352
3.124847e-07,-0.0053054228
3.125847e-07,-0.0053011144
3.126847e-07,-0.0052774184
3.127847e-07,-0.0052472599
3.128847e-07,-0.005225
3.129847e-07,-0.0052192555
3.130847e-07,-0.0052307445
3.131847e-07,-0.0052551585
3.132847e-07,-0.0052824449
3.133847e-07,-0.0053047047
3.134847e-07,-0.0053183479
3.135847e-07,-0.0053248104
3.136847e-07,-0.0053284007
3.137847e-07,-0.0053305549
3.138847e-07,-0.0053305549
3.139847e-07,-0.0053262466
3.140847e-07,-0.0053169118
3.141847e-07,-0.0053039867
3.142847e-07,-0.0052946519
3.143847e-07,-0.0052968061
3.144847e-07,-0.0053169118
3.145847e-07,-0.005354969
3.146847e-07,-0.005403079
3.147847e-07,-0.0054483169
3.148847e-07,-0.0054777574
3.149847e-07,-0.0054835018
3.150847e-07,-0.0054669864
3.151847e-07,-0.005437546
3.152847e-07,-0.0054088235
3.153847e-07,-0.0053923081
3.154847e-07,-0.0053944623
3.155847e-07,-0.00541385
3.156847e-07,-0.0054432904
3.157847e-07,-0.0054756032
3.158847e-07,-0.0055043256
3.159847e-07,-0.0055244313
3.160847e-07,-0.0055352022
3.161847e-07,-0.0055344841
3.162847e-07,-0.0055222771
3.163847e-07,-0.0054978631
3.164847e-07,-0.0054662684
3.165847e-07,-0.0054332376
3.166847e-07,-0.0054088235
3.167847e-07,-0.005403079
3.168847e-07,-0.0054203125
3.169847e-07,-0.0054576517
3.170847e-07,-0.0055050437
3.171847e-07,-0.0055466912
3.172847e-07,-0.0055696691
3.173847e-07,-0.0055667969
3.174847e-07,-0.0055416648
3.175847e-07,-0.0055028895
3.176847e-07,-0.0054662684
3.177847e-07,-0.0054425724
3.178847e-07,-0.0054368279
3.179847e-07,-0.0054468807
3.180847e-07,-0.0054662684
3.181847e-07,-0.005485656
3.182847e-07,-0.0054992992
3.183847e-07,-0.0055043256
3.184847e-07,-0.0055007353
3.185847e-07,-0.0054899644
3.186847e-07,-0.005474167
3.187847e-07,-0.0054533433
3.188847e-07,-0.0054318015
3.189847e-07,-0.0054131319
3.190847e-07,-0.005403079
3.191847e-07,-0.0054088235
3.192847e-07,-0.0054318015
3.193847e-07,-0.0054677045
3.194847e-07,-0.0055071978
3.195847e-07,-0.0055373564
3.196847e-07,-0.0055466912
3.197847e-07,-0.0055316119
3.198847e-07,-0.005497145
3.199847e-07,-0.0054547794
3.200847e-07,-0.0054203125
3.201847e-07,-0.0054045152
3.202847e-07,-0.0054102597
3.203847e-07,-0.0054346737
3.204847e-07,-0.0054662684
3.205847e-07,-0.0054935547
3.206847e-07,-0.005509352
3.207847e-07,-0.0055107881
3.208847e-07,-0.0055007353
3.209847e-07,-0.005485656
3.210847e-07,-0.0054691406
3.211847e-07,-0.0054554975
3.212847e-07,-0.0054432904
3.213847e-07,-0.0054332376
3.214847e-07,-0.005426057
3.215847e-07,-0.0054246209
3.216847e-07,-0.0054318015
3.217847e-07,-0.0054483169
3.218847e-07,-0.0054720129
3.219847e-07,-0.0054957089
3.220847e-07,-0.0055122243
3.221847e-07,-0.0055129423
3.222847e-07,-0.0054957089
3.223847e-07,-0.00546196
3.224847e-07,-0.0054203125
3.225847e-07,-0.0053815372
3.226847e-07,-0.0053564051
3.227847e-07,-0.0053499426
3.228847e-07,-0.0053628676
3.229847e-07,-0.0053894359
3.230847e-07,-0.0054203125
3.231847e-07,-0.0054447266
3.232847e-07,-0.0054547794
3.233847e-07,-0.0054468807
3.234847e-07,-0.0054239028
3.235847e-07,-0.0053923081
3.236847e-07,-0.0053628676
3.237847e-07,-0.0053449161
3.238847e-07,-0.0053456342
3.239847e-07,-0.0053650218
3.240847e-07,-0.0053973346
3.241847e-07,-0.0054318015
3.242847e-07,-0.0054576517
3.243847e-07,-0.0054662684
3.244847e-07,-0.0054547794
3.245847e-07,-0.0054274931
3.246847e-07,-0.0053923081
3.247847e-07,-0.0053607135
3.248847e-07,-0.0053398897
3.249847e-07,-0.0053327091
3.250847e-07,-0.0053391716
3.251847e-07,-0.0053542509
3.252847e-07,-0.0053743566
3.253847e-07,-0.0053958984
3.254847e-07,-0.0054167222
3.255847e-07,-0.0054332376
3.256847e-07,-0.0054432904
3.257847e-07,-0.0054411363
3.258847e-07,-0.0054239028
3.259847e-07,-0.0053915901
3.260847e-07,-0.0053513787
3.261847e-07,-0.0053140395
3.262847e-07,-0.0052932158
3.263847e-07,-0.0052975241
3.264847e-07,-0.0053284007
3.265847e-07,-0.0053757927
3.266847e-07,-0.0054231847
3.267847e-07,-0.0054533433
3.268847e-07,-0.0054547794
3.269847e-07,-0.0054282112
3.270847e-07,-0.0053829733
3.271847e-07,-0.0053370175
3.272847e-07,-0.0053054228
3.273847e-07,-0.005296088
3.274847e-07,-0.005307577
3.275847e-07,-0.0053298369
3.276847e-07,-0.0053513787
3.277847e-07,-0.0053621496
3.278847e-07,-0.0053599954
3.279847e-07,-0.0053470703
3.280847e-07,-0.0053284007
3.281847e-07,-0.0053090131
3.282847e-07,-0.0052896255
3.283847e-07,-0.0052695198
3.284847e-07,-0.0052479779
3.285847e-07,-0.0052271542
3.286847e-07,-0.0052106388
3.287847e-07,-0.0052056124
3.288847e-07,-0.005213511
3.289847e-07,-0.0052321806
3.290847e-07,-0.0052522863
3.291847e-07,-0.0052644933
3.292847e-07,-0.0052594669
3.293847e-07,-0.0052350528
3.294847e-07,-0.0051969956
3.295847e-07,-0.0051553481
3.296847e-07,-0.0051215993
3.297847e-07,-0.0051036477
3.298847e-07,-0.0051022116
3.299847e-07,-0.0051144187
3.300847e-07,-0.0051330882
3.301847e-07,-0.0051546301
3.302847e-07,-0.0051761719
3.303847e-07,-0.0051962776
3.304847e-07,-0.005213511
3.305847e-07,-0.0052235639
3.306847e-07,-0.0052199736
3.307847e-07,-0.005201304
3.308847e-07,-0.0051675551
3.309847e-07,-0.0051287799
3.310847e-07,-0.0050993394
3.311847e-07,-0.0050914407
3.312847e-07,-0.0051101103
3.313847e-07,-0.0051510398
3.314847e-07,-0.0051991498
3.315847e-07,-0.0052357709
3.316847e-07,-0.0052479779
3.317847e-07,-0.0052328987
3.318847e-07,-0.0051991498
3.319847e-07,-0.0051646829
3.320847e-07,-0.0051445772
3.321847e-07,-0.0051467314
3.322847e-07,-0.0051689913
3.323847e-07,-0.0051991498
3.324847e-07,-0.005225
3.325847e-07,-0.0052386432
3.326847e-07,-0.0052407973
3.327847e-07,-0.005237207
3.328847e-07,-0.005236489
3.329847e-07,-0.0052415154
3.330847e-07,-0.0052501321
3.331847e-07,-0.0052544405
3.332847e-07,-0.0052479779
3.333847e-07,-0.0052307445
3.334847e-07,-0.0052106388
3.335847e-07,-0.0051977137
3.336847e-07,-0.0052020221
3.337847e-07,-0.005225
3.338847e-07,-0.0052594669
3.339847e-07,-0.0052910616
3.340847e-07,-0.0053054228
3.341847e-07,-0.005296088
3.342847e-07,-0.0052673656
3.343847e-07,-0.0052314625
3.344847e-07,-0.0052020221
3.345847e-07,-0.005189815
3.346847e-07,-0.0051955595
3.347847e-07,-0.0052149472
3.348847e-07,-0.005236489
3.349847e-07,-0.0052537224
3.350847e-07,-0.0052637753
3.351847e-07,-0.0052688017
3.352847e-07,-0.0052709559
3.353847e-07,-0.0052709559
3.354847e-07,-0.0052666475
3.355847e-07,-0.0052515682
3.356847e-07,-0.005225
3.357847e-07,-0.0051912511
3.358847e-07,-0.0051610926
3.359847e-07,-0.0051467314
3.360847e-07,-0.0051560662
3.361847e-07,-0.0051876608
3.362847e-07,-0.0052307445
3.363847e-07,-0.0052666475
3.364847e-07,-0.0052824449
3.365847e-07,-0.0052716739
3.366847e-07,-0.0052407973
3.367847e-07,-0.0052041762
3.368847e-07,-0.0051790441
3.369847e-07,-0.0051740177
3.370847e-07,-0.0051883789
3.371847e-07,-0.005213511
3.372847e-07,-0.005236489
3.373847e-07,-0.0052479779
3.374847e-07,-0.0052465418
3.375847e-07,-0.005236489
3.376847e-07,-0.005225
3.377847e-07,-0.0052149472
3.378847e-07,-0.0052034582
3.379847e-07,-0.0051855067
3.380847e-07,-0.0051560662
3.381847e-07,-0.0051165728
3.382847e-07,-0.0050756434
3.383847e-07,-0.005046921
3.384847e-07,-0.0050411765
3.385847e-07,-0.0050605641
3.386847e-07,-0.0050957491
3.387847e-07,-0.0051294979
3.388847e-07,-0.0051445772
3.389847e-07,-0.0051309341
3.390847e-07,-0.0050907227
3.391847e-07,-0.0050390223
3.392847e-07,-0.0049952206
3.393847e-07,-0.0049751149
3.394847e-07,-0.0049844497
3.395847e-07,-0.0050181985
3.396847e-07,-0.0050641544
3.397847e-07,-0.00510652
3.398847e-07,-0.0051359605
3.399847e-07,-0.0051474494
3.400847e-07,-0.0051445772
3.401847e-07,-0.0051316521
3.402847e-07,-0.0051137006
3.403847e-07,-0.005094313
3.404847e-07,-0.0050756434
3.405847e-07,-0.0050612822
3.406847e-07,-0.0050555377
3.407847e-07,-0.0050641544
3.408847e-07,-0.0050871324
3.409847e-07,-0.0051215993
3.410847e-07,-0.0051575023
3.411847e-07,-0.0051833525
3.412847e-07,-0.0051905331
3.413847e-07,-0.005177608
3.414847e-07,-0.0051517578
3.415847e-07,-0.0051251896
3.416847e-07,-0.0051101103
3.417847e-07,-0.0051144187
3.418847e-07,-0.0051366785
3.419847e-07,-0.0051697093
3.420847e-07,-0.0052020221
3.421847e-07,-0.0052264361
3.422847e-07,-0.0052400793
3.423847e-07,-0.0052458238
3.424847e-07,-0.0052479779
3.425847e-07,-0.0052494141
3.426847e-07,-0.005248696
3.427847e-07,-0.0052415154
3.428847e-07,-0.005225
3.429847e-07,-0.005201304
3.430847e-07,-0.0051790441
3.431847e-07,-0.0051682732
3.432847e-07,-0.0051790441
3.433847e-07,-0.0052120749
3.434847e-07,-0.0052587489
3.435847e-07,-0.0053025506
3.436847e-07,-0.0053284007
3.437847e-07,-0.0053248104
3.438847e-07,-0.0052932158
3.439847e-07,-0.0052458238
3.440847e-07,-0.0052020221
3.441847e-07,-0.0051797622
3.442847e-07,-0.005189097
3.443847e-07,-0.0052271542
3.444847e-07,-0.0052824449
3.445847e-07,-0.0053384536
3.446847e-07,-0.0053808192
3.447847e-07,-0.0054002068
3.448847e-07,-0.0053973346
3.449847e-07,-0.0053772289
3.450847e-07,-0.0053499426
3.451847e-07,-0.0053233743
3.452847e-07,-0.0053054228
3.453847e-07,-0.0052996783
3.454847e-07,-0.0053068589
3.455847e-07,-0.0053248104
3.456847e-07,-0.0053513787
3.457847e-07,-0.0053801011
3.458847e-07,-0.0054059513
3.459847e-07,-0.0054239028
3.460847e-07,-0.0054318015
3.461847e-07,-0.0054310834
3.462847e-07,-0.0054253389
3.463847e-07,-0.0054203125
3.464847e-07,-0.0054203125
3.465847e-07,-0.005426057
3.466847e-07,-0.0054353918
3.467847e-07,-0.0054461627
3.468847e-07,-0.0054547794
3.469847e-07,-0.0054605239
3.470847e-07,-0.0054641142
3.471847e-07,-0.0054662684
3.472847e-07,-0.0054662684
3.473847e-07,-0.00546196
3.474847e-07,-0.005450471
3.475847e-07,-0.0054318015
3.476847e-07,-0.0054088235
3.477847e-07,-0.005390154
3.478847e-07,-0.0053844095
3.479847e-07,-0.0053987707
3.480847e-07,-0.0054318015
3.481847e-07,-0.0054756032
3.482847e-07,-0.0055150965
3.483847e-07,-0.0055380744
3.484847e-07,-0.0055352022
3.485847e-07,-0.0055100701
3.486847e-07,-0.0054727309
3.487847e-07,-0.005438264
3.488847e-07,-0.0054203125
3.489847e-07,-0.0054231847
3.490847e-07,-0.0054440085
3.491847e-07,-0.0054727309
3.492847e-07,-0.0055007353
3.493847e-07,-0.0055215591
3.494847e-07,-0.0055337661
3.495847e-07,-0.0055416648
3.496847e-07,-0.0055466912
3.497847e-07,-0.0055488454
3.498847e-07,-0.005544537
3.499847e-07,-0.00553233
3.500847e-07,-0.0055122243
3.501847e-07,-0.0054921186
3.502847e-07,-0.0054827838
3.503847e-07,-0.0054928366
3.504847e-07,-0.0055237132
3.505847e-07,-0.0055667969
3.506847e-07,-0.0056070083
3.507847e-07,-0.0056263959
3.508847e-07,-0.005615625
3.509847e-07,-0.0055782858
3.510847e-07,-0.0055301758
3.511847e-07,-0.0054914005
3.512847e-07,-0.0054777574
3.513847e-07,-0.0054949908
3.514847e-07,-0.0055352022
3.515847e-07,-0.0055811581
3.516847e-07,-0.005615625
3.517847e-07,-0.0056299862
3.518847e-07,-0.0056263959
3.519847e-07,-0.0056141889
3.520847e-07,-0.005604136
3.521847e-07,-0.0056019818
3.522847e-07,-0.0056055722
3.523847e-07,-0.0056084444
3.524847e-07,-0.005604136
3.525847e-07,-0.0055926471
3.526847e-07,-0.0055825942
3.527847e-07,-0.0055840303
3.528847e-07,-0.005604136
3.529847e-07,-0.0056407571
3.530847e-07,-0.0056816866
3.531847e-07,-0.0057089729
3.532847e-07,-0.0057075368
3.533847e-07,-0.0056759421
3.534847e-07,-0.0056249598
3.535847e-07,-0.0055746955
3.536847e-07,-0.0055466912
3.537847e-07,-0.0055509995
3.538847e-07,-0.0055840303
3.539847e-07,-0.0056314223
3.540847e-07,-0.0056730699
3.541847e-07,-0.0056946117
3.542847e-07,-0.0056931756
3.543847e-07,-0.005674506
3.544847e-07,-0.0056500919
3.545847e-07,-0.0056299862
3.546847e-07,-0.0056163431
3.547847e-07,-0.0056055722
3.548847e-07,-0.0055926471
3.549847e-07,-0.0055754136
3.550847e-07,-0.0055581801
3.551847e-07,-0.0055502815
3.552847e-07,-0.0055581801
3.553847e-07,-0.0055818761
3.554847e-07,-0.0056134708
3.555847e-07,-0.0056364488
3.556847e-07,-0.0056386029
3.557847e-07,-0.0056141889
3.558847e-07,-0.0055703872
3.559847e-07,-0.0055229952
3.560847e-07,-0.0054892463
3.561847e-07,-0.0054813477
3.562847e-07,-0.0055000172
3.563847e-07,-0.0055344841
3.564847e-07,-0.0055696691
3.565847e-07,-0.0055940832
3.566847e-07,-0.0056026999
3.567847e-07,-0.0055998277
3.568847e-07,-0.0055926471
3.569847e-07,-0.0055876206
3.570847e-07,-0.0055861845
3.571847e-07,-0.0055854665
3.572847e-07,-0.0055811581
3.573847e-07,-0.0055739775
3.574847e-07,-0.005568233
3.575847e-07,-0.0055718233
3.576847e-07,-0.0055926471
3.577847e-07,-0.0056292682
3.578847e-07,-0.0056737879
3.579847e-07,-0.0057118451
3.580847e-07,-0.0057305147
3.581847e-07,-0.0057233341
3.582847e-07,-0.0056967659
3.583847e-07,-0.005663017
3.584847e-07,-0.0056386029
3.585847e-07,-0.0056350126
3.586847e-07,-0.0056529642
3.587847e-07,-0.0056852769
3.588847e-07,-0.0057190257
3.589847e-07,-0.0057434398
3.590847e-07,-0.0057527746
3.591847e-07,-0.0057506204
3.592847e-07,-0.0057420037
3.593847e-07,-0.0057326689
3.594847e-07,-0.0057254883
3.595847e-07,-0.0057175896
3.596847e-07,-0.0057075368
3.597847e-07,-0.0056946117
3.598847e-07,-0.0056831227
3.599847e-07,-0.0056780963
3.600847e-07,-0.0056845588
3.601847e-07,-0.0057010742
3.602847e-07,-0.0057211799
3.603847e-07,-0.005734105
3.604847e-07,-0.0057305147
3.605847e-07,-0.0057096909
3.606847e-07,-0.0056766602
3.607847e-07,-0.0056450655
3.608847e-07,-0.005627114
3.609847e-07,-0.0056292682
3.610847e-07,-0.0056500919
3.611847e-07,-0.0056802505
3.612847e-07,-0.0057075368
3.613847e-07,-0.005722616
3.614847e-07,-0.005722616
3.615847e-07,-0.0057118451
3.616847e-07,-0.0056960478
3.617847e-07,-0.0056809685
3.618847e-07,-0.0056694795
3.619847e-07,-0.0056594267
3.620847e-07,-0.0056500919
3.621847e-07,-0.0056414752
3.622847e-07,-0.0056357307
3.623847e-07,-0.0056386029
3.624847e-07,-0.0056500919
3.625847e-07,-0.0056673254
3.626847e-07,-0.0056809685
3.627847e-07,-0.0056809685
3.628847e-07,-0.0056615809
3.629847e-07,-0.0056242417
3.630847e-07,-0.005579722
3.631847e-07,-0.0055416648
3.632847e-07,-0.0055237132
3.633847e-07,-0.0055301758
3.634847e-07,-0.005556026
3.635847e-07,-0.0055890568
3.636847e-07,-0.005615625
3.637847e-07,-0.005627114
3.638847e-07,-0.0056220875
3.639847e-07,-0.0056077263
3.640847e-07,-0.0055926471
3.641847e-07,-0.0055833123
3.642847e-07,-0.00558044
3.643847e-07,-0.0055811581
3.644847e-07,-0.0055811581
3.645847e-07,-0.0055790039
3.646847e-07,-0.0055790039
3.647847e-07,-0.0055854665
3.648847e-07,-0.005604136
3.649847e-07,-0.0056335765
3.650847e-07,-0.0056658892
3.651847e-07,-0.0056895852
3.652847e-07,-0.0056960478
3.653847e-07,-0.0056816866
3.654847e-07,-0.0056536822
3.655847e-07,-0.0056235237
3.656847e-07,-0.005604136
3.657847e-07,-0.005604136
3.658847e-07,-0.0056235237
3.659847e-07,-0.0056536822
3.660847e-07,-0.0056845588
3.661847e-07,-0.0057068187
3.662847e-07,-0.0057183077
3.663847e-07,-0.0057204619
3.664847e-07,-0.0057190257
3.665847e-07,-0.0057161535
3.666847e-07,-0.0057132812
3.667847e-07,-0.0057068187
3.668847e-07,-0.0056960478
3.669847e-07,-0.0056824046
3.670847e-07,-0.0056716337
3.671847e-07,-0.0056709157
3.672847e-07,-0.0056845588
3.673847e-07,-0.0057111271
3.674847e-07,-0.0057412856
3.675847e-07,-0.0057621094
3.676847e-07,-0.0057649816
3.677847e-07,-0.005746312
3.678847e-07,-0.0057118451
3.679847e-07,-0.005675224
3.680847e-07,-0.0056500919
3.681847e-07,-0.0056443474
3.682847e-07,-0.0056594267
3.683847e-07,-0.0056874311
3.684847e-07,-0.0057190257
3.685847e-07,-0.005745594
3.686847e-07,-0.0057628274
3.687847e-07,-0.0057728803
3.688847e-07,-0.0057764706
3.689847e-07,-0.0057757525
3.690847e-07,-0.0057707261
3.691847e-07,-0.0057592371
3.692847e-07,-0.0057420037
3.693847e-07,-0.0057247702
3.694847e-07,-0.0057161535
3.695847e-07,-0.0057247702
3.696847e-07,-0.0057534926
3.697847e-07,-0.0057965763
3.698847e-07,-0.005840378
3.699847e-07,-0.0058683824
3.700847e-07,-0.0058683824
3.701847e-07,-0.0058375057
3.702847e-07,-0.0057858054
3.703847e-07,-0.0057290786
3.704847e-07,-0.0056845588
3.705847e-07,-0.0056608628
3.706847e-07,-0.0056565545
3.707847e-07,-0.0056608628
3.708847e-07,-0.0056615809
3.709847e-07,-0.0056472197
3.710847e-07,-0.0056149069
3.711847e-07,-0.005568233
3.712847e-07,-0.0055122243
3.713847e-07,-0.0054511891
3.714847e-07,-0.0053851275
3.715847e-07,-0.0053104492
3.716847e-07,-0.005225
3.717847e-07,-0.005130216
3.718847e-07,-0.0050332778
3.719847e-07,-0.004940648
3.720847e-07,-0.0048573529
3.721847e-07,-0.0047790843
3.722847e-07,-0.004692917
3.723847e-07,-0.0045823357
3.724847e-07,-0.004432261
3.725847e-07,-0.0042398208
3.726847e-07,-0.0040121955
3.727847e-07,-0.0037673369
3.728847e-07,-0.0035246324
3.729847e-07,-0.0032962891
3.730847e-07,-0.003083025
3.731847e-07,-0.0028733513
3.732847e-07,-0.0026514706
3.733847e-07,-0.0024008674
3.734847e-07,-0.0021129251
3.735847e-07,-0.0017883617
3.736847e-07,-0.0014336397
3.737847e-07,-0.001058812
3.738847e-07,-0.00067393153
3.739847e-07,-0.00028402459
3.740847e-07,0.00010588235
3.741847e-07,0.00049148093
3.742847e-07,0.0008698989
3.743847e-07,0.001238264
3.744847e-07,0.0015994485
3.745847e-07,0.0019591969
3.746847e-07,0.002326844
3.747847e-07,0.0027110064
3.748847e-07,0.0031159926
3.749847e-07,0.0035360581
3.750847e-07,0.0039597139
3.751847e-07,0.0043704446
3.752847e-07,0.0047589154
3.753847e-07,0.0051201
3.754847e-07,0.0054583065
3.755847e-07,0.005783588
3.756847e-07,0.006103125
3.757847e-07,0.0064190717
3.758847e-07,0.0067271197
3.759847e-07,0.0070215246
3.760847e-07,0.0072979779
3.761847e-07,0.0075571978
3.762847e-07,0.0078063649
3.763847e-07,0.0080526597
3.764847e-07,0.0082975184
3.765847e-07,0.0085344784
3.766847e-07,0.0087491785
3.767847e-07,0.0089286937
3.768847e-07,0.0090672794
3.769847e-07,0.0091706801
3.770847e-07,0.0092568474
3.771847e-07,0.0093473231
3.772847e-07,0.0094579044
3.773847e-07,0.0095900276
3.774847e-07,0.0097322036
3.775847e-07,0.0098628906
3.776847e-07,0.0099634191
3.777847e-07,0.010026608
3.778847e-07,0.010057485
3.779847e-07,0.010072564
3.780847e-07,0.010089798
3.781847e-07,0.01011852
3.782847e-07,0.010158014
3.783847e-07,0.010201815
3.784847e-07,0.010239154
3.785847e-07,0.010267159
3.786847e-07,0.010290855
3.787847e-07,0.010318141
3.788847e-07,0.010354044
3.789847e-07,0.010397128
3.790847e-07,0.010435185
3.791847e-07,0.010454573
3.792847e-07,0.010445956
3.793847e-07,0.010413643
3.794847e-07,0.01037415
3.795847e-07,0.01035189
3.796847e-07,0.010365533
3.797847e-07,0.01041867
3.798847e-07,0.010496938
3.799847e-07,0.010575925
3.800847e-07,0.010629779
3.801847e-07,0.010644141
3.802847e-07,0.010623317
3.803847e-07,0.010587414
3.804847e-07,0.010560846
3.805847e-07,0.010562282
3.806847e-07,0.010596031
3.807847e-07,0.010651321
3.808847e-07,0.010710202
3.809847e-07,0.010758312
3.810847e-07,0.010789189
3.811847e-07,0.010807858
3.812847e-07,0.010825092
3.813847e-07,0.01084807
3.814847e-07,0.010878228
3.815847e-07,0.010907669
3.816847e-07,0.010928493
3.817847e-07,0.010934955
3.818847e-07,0.010932801
3.819847e-07,0.010933519
3.820847e-07,0.010951471
3.821847e-07,0.010994554
3.822847e-07,0.011060616
3.823847e-07,0.011136012
3.824847e-07,0.011204228
3.825847e-07,0.011250902
3.826847e-07,0.011272444
3.827847e-07,0.011275316
3.828847e-07,0.011273162
3.829847e-07,0.011278188
3.830847e-07,0.011296858
3.831847e-07,0.011327734
3.832847e-07,0.011365074
3.833847e-07,0.011401695
3.834847e-07,0.011434007
3.835847e-07,0.011463448
3.836847e-07,0.011491452
3.837847e-07,0.011518739
3.838847e-07,0.011543153
3.839847e-07,0.011558232
3.840847e-07,0.011560386
3.841847e-07,0.011551051
3.842847e-07,0.01153669
3.843847e-07,0.011529509
3.844847e-07,0.011537408
3.845847e-07,0.011563976
3.846847e-07,0.011604188
3.847847e-07,0.011645117
3.848847e-07,0.011675276
3.849847e-07,0.011686047
3.850847e-07,0.011678148
3.851847e-07,0.011659478
3.852847e-07,0.011640809
3.853847e-07,0.01162932
3.854847e-07,0.011627884
3.855847e-07,0.01163291
3.856847e-07,0.011640809
3.857847e-07,0.011647989
3.858847e-07,0.011656606
3.859847e-07,0.011668095
3.860847e-07,0.011686765
3.861847e-07,0.011709025
3.862847e-07,0.011729848
3.863847e-07,0.011739183
3.864847e-07,0.011732721
3.865847e-07,0.011712615
3.866847e-07,0.011688201
3.867847e-07,0.011672403
3.868847e-07,0.011675276
3.869847e-07,0.01169969
3.870847e-07,0.011736311
3.871847e-07,0.011771496
3.872847e-07,0.011790165
3.873847e-07,0.011784421
3.874847e-07,0.011757853
3.875847e-07,0.011720514
3.876847e-07,0.011686765
3.877847e-07,0.011666659
3.878847e-07,0.011662351
3.879847e-07,0.011668095
3.880847e-07,0.011675276
3.881847e-07,0.011676712
3.882847e-07,0.011670967
3.883847e-07,0.011661633
3.884847e-07,0.011652298
3.885847e-07,0.011646553
3.886847e-07,0.011642245
3.887847e-07,0.011633628
3.888847e-07,0.011617831
3.889847e-07,0.011594135
3.890847e-07,0.011568285
3.891847e-07,0.011550333
3.892847e-07,0.011548897
3.893847e-07,0.011566131
3.894847e-07,0.011595571
3.895847e-07,0.011625011
3.896847e-07,0.011640809
3.897847e-07,0.011635782
3.898847e-07,0.011609932
3.899847e-07,0.011573311
3.900847e-07,0.011537408
3.901847e-07,0.011513712
3.902847e-07,0.011507968
3.903847e-07,0.011517302
3.904847e-07,0.011537408
3.905847e-07,0.011561104
3.906847e-07,0.011584082
3.907847e-07,0.01160347
3.908847e-07,0.011617831
3.909847e-07,0.011624293
3.910847e-07,0.011619267
3.911847e-07,0.011601315
3.912847e-07,0.011571875
3.913847e-07,0.011538844
3.914847e-07,0.011512994
3.915847e-07,0.011506531
3.916847e-07,0.011525919
3.917847e-07,0.011568285
3.918847e-07,0.011621421
3.919847e-07,0.011669531
3.920847e-07,0.011698254
3.921847e-07,0.011700408
3.922847e-07,0.011678866
3.923847e-07,0.011643681
3.924847e-07,0.011606342
3.925847e-07,0.011576183
3.926847e-07,0.011556796
3.927847e-07,0.011544589
3.928847e-07,0.011537408
3.929847e-07,0.011532382
3.930847e-07,0.011531664
3.931847e-07,0.011537408
3.932847e-07,0.011548897
3.933847e-07,0.01156254
3.934847e-07,0.011569721
3.935847e-07,0.011561822
3.936847e-07,0.011537408
3.937847e-07,0.011500787
3.938847e-07,0.011464884
3.939847e-07,0.011443342
3.940847e-07,0.011445496
3.941847e-07,0.01146991
3.942847e-07,0.011504377
3.943847e-07,0.011531664
3.944847e-07,0.011537408
3.945847e-07,0.011516584
3.946847e-07,0.011474937
3.947847e-07,0.011427545
3.948847e-07,0.011388051
3.949847e-07,0.011365074
3.950847e-07,0.011359329
3.951847e-07,0.011361483
3.952847e-07,0.011365074
3.953847e-07,0.011363637
3.954847e-07,0.011359329
3.955847e-07,0.011355021
3.956847e-07,0.011353585
3.957847e-07,0.011352148
3.958847e-07,0.011343532
3.959847e-07,0.011317682
3.960847e-07,0.011273162
3.961847e-07,0.011215717
3.962847e-07,0.011161144
3.963847e-07,0.011126677
3.964847e-07,0.011123805
3.965847e-07,0.011150373
3.966847e-07,0.011191303
3.967847e-07,0.011223616
3.968847e-07,0.011227206
3.969847e-07,0.011195611
3.970847e-07,0.011136012
3.971847e-07,0.01106636
3.972847e-07,0.011008915
3.973847e-07,0.010975167
3.974847e-07,0.010965832
3.975847e-07,0.01097014
3.976847e-07,0.010974449
3.977847e-07,0.010967986
3.978847e-07,0.010950034
3.979847e-07,0.010927057
3.980847e-07,0.010905515
3.981847e-07,0.010890435
3.982847e-07,0.010878228
3.983847e-07,0.010861713
3.984847e-07,0.010836581
3.985847e-07,0.01080355
3.986847e-07,0.010771955
3.987847e-07,0.010756876
3.988847e-07,0.010767647
3.989847e-07,0.01080355
3.990847e-07,0.01085166
3.991847e-07,0.010891872
3.992847e-07,0.010905515
3.993847e-07,0.010883255
3.994847e-07,0.010830836
3.995847e-07,0.010766929
3.996847e-07,0.010710202
3.997847e-07,0.010677171
3.998847e-07,0.010671427
3.999847e-07,0.010686506
4.000847e-07,0.010710202
4.001847e-07,0.01073318
4.002847e-07,0.010749696
4.003847e-07,0.010760466
4.004847e-07,0.010767647
4.005847e-07,0.010769083
4.006847e-07,0.010761185
4.007847e-07,0.010737489
4.008847e-07,0.010698713
4.009847e-07,0.010651321
4.010847e-07,0.01061111
4.011847e-07,0.010593158
4.012847e-07,0.010606801
4.013847e-07,0.010647013
4.014847e-07,0.010695841
4.015847e-07,0.010731026
4.016847e-07,0.01073318
4.017847e-07,0.010697277
4.018847e-07,0.010634806
4.019847e-07,0.01056659
4.020847e-07,0.01051489
4.021847e-07,0.010491912
4.022847e-07,0.010497656
4.023847e-07,0.010517762
4.024847e-07,0.010537868
4.025847e-07,0.010547202
4.026847e-07,0.010545766
4.027847e-07,0.010540022
4.028847e-07,0.010537868
4.029847e-07,0.01054074
4.030847e-07,0.010542894
4.031847e-07,0.010532841
4.032847e-07,0.010503401
4.033847e-07,0.010456727
4.034847e-07,0.010404308
4.035847e-07,0.010365533
4.036847e-07,0.010354044
4.037847e-07,0.010371996
4.038847e-07,0.010407899
4.039847e-07,0.010438775
4.040847e-07,0.010445956
4.041847e-07,0.010419388
4.042847e-07,0.010365533
4.043847e-07,0.010302344
4.044847e-07,0.010250643
4.045847e-07,0.010224075
4.046847e-07,0.010223357
4.047847e-07,0.010237
4.048847e-07,0.010250643
4.049847e-07,0.010252798
4.050847e-07,0.010241309
4.051847e-07,0.010223357
4.052847e-07,0.010204688
4.053847e-07,0.01018889
4.054847e-07,0.010171657
4.055847e-07,0.01014437
4.056847e-07,0.010101287
4.057847e-07,0.010045278
4.058847e-07,0.0099885512
4.059847e-07,0.0099490579
4.060847e-07,0.0099404412
4.061847e-07,0.0099641372
4.062847e-07,0.010007221
4.063847e-07,0.01004815
4.064847e-07,0.01006682
4.065847e-07,0.010052459
4.066847e-07,0.010009375
4.067847e-07,0.0099540843
4.068847e-07,0.0099059743
4.069847e-07,0.0098758157
4.070847e-07,0.0098650448
4.071847e-07,0.0098636087
4.072847e-07,0.0098600184
4.073847e-07,0.0098470933
4.074847e-07,0.0098262695
4.075847e-07,0.0098047277
4.076847e-07,0.0097910846
4.077847e-07,0.0097853401
4.078847e-07,0.0097803136
4.079847e-07,0.0097659524
4.080847e-07,0.0097336397
4.081847e-07,0.0096869658
4.082847e-07,0.0096388557
4.083847e-07,0.009607261
4.084847e-07,0.009607261
4.085847e-07,0.0096381376
4.086847e-07,0.0096869658
4.087847e-07,0.0097293313
4.088847e-07,0.0097451287
4.089847e-07,0.009725741
4.090847e-07,0.009677631
4.091847e-07,0.0096194681
4.092847e-07,0.0095727941
4.093847e-07,0.0095498162
4.094847e-07,0.0095498162
4.095847e-07,0.0095620232
4.096847e-07,0.0095727941
4.097847e-07,0.0095735122
4.098847e-07,0.0095648955
4.099847e-07,0.0095541245
4.100847e-07,0.0095498162
4.101847e-07,0.0095512523
4.102847e-07,0.0095512523
4.103847e-07,0.0095376091
4.104847e-07,0.0095038603
4.105847e-07,0.009453596
4.106847e-07,0.0094033318
4.107847e-07,0.0093731733
4.108847e-07,0.0093774816
4.109847e-07,0.0094155388
4.110847e-07,0.0094693934
4.111847e-07,0.0095146312
4.112847e-07,0.0095268382
4.113847e-07,0.0094981158
4.114847e-07,0.0094385168
4.115847e-07,0.009370301
4.116847e-07,0.0093200368
4.117847e-07,0.0093006491
4.118847e-07,0.009310702
4.119847e-07,0.009335116
4.120847e-07,0.0093545037
4.121847e-07,0.0093573759
4.122847e-07,0.0093430147
4.123847e-07,0.009322909
4.124847e-07,0.0093085478
4.125847e-07,0.0093049575
4.126847e-07,0.0093078297
4.127847e-07,0.0093049575
4.128847e-07,0.0092855699
4.129847e-07,0.0092496668
4.130847e-07,0.0092087374
4.131847e-07,0.0091814511
4.132847e-07,0.0091821691
4.133847e-07,0.0092130457
4.134847e-07,0.0092604377
4.135847e-07,0.0092999311
4.136847e-07,0.0093085478
4.137847e-07,0.0092769531
4.138847e-07,0.0092123277
4.139847e-07,0.0091383674
4.140847e-07,0.0090787684
4.141847e-07,0.0090514821
4.142847e-07,0.0090579446
4.143847e-07,0.0090845129
4.144847e-07,0.0091132353
4.145847e-07,0.0091290326
4.146847e-07,0.0091261604
4.147847e-07,0.0091110811
4.148847e-07,0.0090902574
4.149847e-07,0.0090687155
4.150847e-07,0.0090428653
4.151847e-07,0.0090055262
4.152847e-07,0.0089523897
4.153847e-07,0.0088877642
4.154847e-07,0.0088267291
4.155847e-07,0.0087865177
4.156847e-07,0.0087800551
4.157847e-07,0.0088066234
4.158847e-07,0.008849707
4.159847e-07,0.0088834559
4.160847e-07,0.0088834559
4.161847e-07,0.0088418084
4.162847e-07,0.0087678481
4.163847e-07,0.0086852711
4.164847e-07,0.0086192096
4.165847e-07,0.0085854607
4.166847e-07,0.0085847426
4.167847e-07,0.0086026942
4.168847e-07,0.0086192096
4.169847e-07,0.0086206457
4.170847e-07,0.0086041303
4.171847e-07,0.008576844
4.172847e-07,0.0085502757
4.173847e-07,0.00853017
4.174847e-07,0.0085136546
4.175847e-07,0.0084928309
4.176847e-07,0.008458364
4.177847e-07,0.00841169
4.178847e-07,0.0083621438
4.179847e-07,0.0083276769
4.180847e-07,0.0083204963
4.181847e-07,0.0083420381
4.182847e-07,0.0083793773
4.183847e-07,0.0084095358
4.184847e-07,0.0084124081
4.185847e-07,0.0083786592
4.186847e-07,0.008316188
4.187847e-07,0.0082465361
4.188847e-07,0.0081941176
4.189847e-07,0.0081740119
4.190847e-07,0.008186937
4.191847e-07,0.0082192498
4.192847e-07,0.0082515625
4.193847e-07,0.008269514
4.194847e-07,0.008269514
4.195847e-07,0.0082558709
4.196847e-07,0.0082400735
4.197847e-07,0.0082264304
4.198847e-07,0.0082142233
4.199847e-07,0.0081941176
4.200847e-07,0.0081596507
4.201847e-07,0.0081108226
4.202847e-07,0.0080569681
4.203847e-07,0.0080153205
4.204847e-07,0.0079988051
4.205847e-07,0.0080117302
4.206847e-07,0.008044043
4.207847e-07,0.0080770738
4.208847e-07,0.0080907169
4.209847e-07,0.0080749196
4.210847e-07,0.0080347082
4.211847e-07,0.0079837259
4.212847e-07,0.0079413603
4.213847e-07,0.0079198185
4.214847e-07,0.0079198185
4.215847e-07,0.0079320255
4.216847e-07,0.0079413603
4.217847e-07,0.0079392061
4.218847e-07,0.0079241268
4.219847e-07,0.0079033031
4.220847e-07,0.0078839154
4.221847e-07,0.0078709903
4.222847e-07,0.0078602194
4.223847e-07,0.007843704
4.224847e-07,0.0078149816
4.225847e-07,0.0077747702
4.226847e-07,0.0077331227
4.227847e-07,0.0077044003
4.228847e-07,0.0077000919
4.229847e-07,0.0077201976
4.230847e-07,0.0077517923
4.231847e-07,0.0077740522
4.232847e-07,0.0077690257
4.233847e-07,0.0077288143
4.234847e-07,0.0076605986
4.235847e-07,0.0075859203
4.236847e-07,0.0075277574
4.237847e-07,0.007500471
4.238847e-07,0.0075062155
4.239847e-07,0.0075320657
4.240847e-07,0.0075622243
4.241847e-07,0.0075816119
4.242847e-07,0.0075852022
4.243847e-07,0.0075758674
4.244847e-07,0.0075622243
4.245847e-07,0.0075485811
4.246847e-07,0.0075327838
4.247847e-07,0.0075083697
4.248847e-07,0.0074703125
4.249847e-07,0.0074186121
4.250847e-07,0.0073640395
4.251847e-07,0.0073231101
4.252847e-07,0.0073094669
4.253847e-07,0.0073281365
4.254847e-07,0.0073705021
4.255847e-07,0.007417176
4.256847e-07,0.0074473346
4.257847e-07,0.0074466165
4.258847e-07,0.0074143038
4.259847e-07,0.0073626034
4.260847e-07,0.0073094669
4.261847e-07,0.0072714097
4.262847e-07,0.0072541762
4.263847e-07,0.0072556124
4.264847e-07,0.007263511
4.265847e-07,0.0072678194
4.266847e-07,0.007262793
4.267847e-07,0.0072484318
4.268847e-07,0.0072290441
4.269847e-07,0.0072082204
4.270847e-07,0.0071866785
4.271847e-07,0.0071637006
4.272847e-07,0.0071371324
4.273847e-07,0.007109846
4.274847e-07,0.0070883042
4.275847e-07,0.0070811236
4.276847e-07,0.0070911765
4.277847e-07,0.0071163086
4.278847e-07,0.007144313
4.279847e-07,0.0071593922
4.280847e-07,0.0071486213
4.281847e-07,0.0071076919
4.282847e-07,0.0070445025
4.283847e-07,0.0069755687
4.284847e-07,0.0069188419
4.285847e-07,0.0068865292
4.286847e-07,0.0068793486
4.287847e-07,0.0068908375
4.288847e-07,0.0069073529
4.289847e-07,0.0069181239
4.290847e-07,0.0069166877
4.291847e-07,0.0069044807
4.292847e-07,0.006884375
4.293847e-07,0.0068585248
4.294847e-07,0.0068276482
4.295847e-07,0.0067903091
4.296847e-07,0.0067465074
4.297847e-07,0.0067019876
4.298847e-07,0.0066660846
4.299847e-07,0.006648133
4.300847e-07,0.0066545956
4.301847e-07,0.0066804458
4.302847e-07,0.0067120404
4.303847e-07,0.0067350184
4.304847e-07,0.0067350184
4.305847e-07,0.0067106043
4.306847e-07,0.006671111
4.307847e-07,0.0066316176
4.308847e-07,0.0066086397
4.309847e-07,0.0066093578
4.310847e-07,0.0066294635
4.311847e-07,0.0066574678
4.312847e-07,0.0066775735
4.313847e-07,0.0066811638
4.314847e-07,0.0066689568
4.315847e-07,0.0066488511
4.316847e-07,0.0066316176
4.317847e-07,0.0066230009
4.318847e-07,0.0066230009
4.319847e-07,0.006624437
4.320847e-07,0.0066201287
4.321847e-07,0.0066064855
4.322847e-07,0.0065863798
4.323847e-07,0.0065691464
4.324847e-07,0.0065626838
4.325847e-07,0.0065698644
4.326847e-07,0.0065856618
4.327847e-07,0.0065985869
4.328847e-07,0.0065971507
4.329847e-07,0.006576327
4.330847e-07,0.0065389878
4.331847e-07,0.0064959042
4.332847e-07,0.0064592831
4.333847e-07,0.0064370232
4.334847e-07,0.0064298426
4.335847e-07,0.0064319968
4.336847e-07,0.0064363051
4.337847e-07,0.0064370232
4.338847e-07,0.0064334329
4.339847e-07,0.0064284065
4.340847e-07,0.0064248162
4.341847e-07,0.0064212259
4.342847e-07,0.0064126091
4.343847e-07,0.0063917854
4.344847e-07,0.0063558824
4.345847e-07,0.0063092084
4.346847e-07,0.0062639706
4.347847e-07,0.006233812
4.348847e-07,0.0062295037
4.349847e-07,0.0062503274
4.350847e-07,0.0062847943
4.351847e-07,0.0063142348
4.352847e-07,0.0063214154
4.353847e-07,0.0062984375
4.354847e-07,0.0062510455
4.355847e-07,0.0061950368
4.356847e-07,0.0061490809
4.357847e-07,0.0061253849
4.358847e-07,0.006126821
4.359847e-07,0.0061433364
4.360847e-07,0.0061605699
4.361847e-07,0.0061655963
4.362847e-07,0.0061548254
4.363847e-07,0.0061304113
4.364847e-07,0.006103125
4.365847e-07,0.0060801471
4.366847e-07,0.0060650678
4.367847e-07,0.006055733
4.368847e-07,0.0060456801
4.369847e-07,0.0060313189
4.370847e-07,0.0060140855
4.371847e-07,0.0059975701
4.372847e-07,0.0059882353
4.373847e-07,0.0059882353
4.374847e-07,0.0059946978
4.375847e-07,0.0059982881
4.376847e-07,0.0059882353
4.377847e-07,0.0059595129
4.378847e-07,0.0059149931
4.379847e-07,0.0058625747
4.380847e-07,0.0058159007
4.381847e-07,0.0057857422
4.382847e-07,0.0057771255
4.383847e-07,0.0057864602
4.384847e-07,0.0058044118
4.385847e-07,0.0058216452
4.386847e-07,0.0058302619
4.387847e-07,0.0058281078
4.388847e-07,0.0058159007
4.389847e-07,0.005795077
4.390847e-07,0.0057677907
4.391847e-07,0.005736196
4.392847e-07,0.005701011
4.393847e-07,0.0056679802
4.394847e-07,0.0056428481
4.395847e-07,0.0056335133
4.396847e-07,0.0056435662
4.397847e-07,0.0056694164
4.398847e-07,0.0057024472
4.399847e-07,0.0057282973
4.400847e-07,0.0057354779
4.401847e-07,0.0057168084
4.402847e-07,0.0056758789
4.403847e-07,0.0056234605
4.404847e-07,0.0055746324
4.405847e-07,0.0055423196
4.406847e-07,0.0055322668
4.407847e-07,0.0055423196
4.408847e-07,0.0055631434
4.409847e-07,0.005582531
4.410847e-07,0.0055918658
4.411847e-07,0.0055846852
4.412847e-07,0.0055631434
4.413847e-07,0.0055308307
4.414847e-07,0.0054949276
4.415847e-07,0.0054611788
4.416847e-07,0.0054367647
4.417847e-07,0.0054259938
4.418847e-07,0.0054310202
4.419847e-07,0.005451844
4.420847e-07,0.0054827206
4.421847e-07,0.0055150333
4.422847e-07,0.0055387293
4.423847e-07,0.0055444738
4.424847e-07,0.0055286765
4.425847e-07,0.0054942096
4.426847e-07,0.0054496898
4.427847e-07,0.0054080423
4.428847e-07,0.0053793199
4.429847e-07,0.0053678309
4.430847e-07,0.0053728573
4.431847e-07,0.0053872185
4.432847e-07,0.0054022978
4.433847e-07,0.0054123506
4.434847e-07,0.0054152229
4.435847e-07,0.0054116326
4.436847e-07,0.0054022978
4.437847e-07,0.0053893727
4.438847e-07,0.0053721392
4.439847e-07,0.0053491613
4.440847e-07,0.005321875
4.441847e-07,0.0052931526
4.442847e-07,0.0052687385
4.443847e-07,0.0052550954
4.444847e-07,0.0052529412
4.445847e-07,0.0052601218
4.446847e-07,0.0052701746
4.447847e-07,0.0052730469
4.448847e-07,0.0052644301
4.449847e-07,0.0052436064
4.450847e-07,0.0052177562
4.451847e-07,0.0051947783
4.452847e-07,0.0051840074
4.453847e-07,0.0051868796
4.454847e-07,0.0051983686
4.455847e-07,0.0052120117
4.456847e-07,0.0052184743
4.457847e-07,0.0052134478
4.458847e-07,0.0051976505
4.459847e-07,0.0051746726
4.460847e-07,0.0051495404
4.461847e-07,0.0051244083
4.462847e-07,0.0050978401
4.463847e-07,0.0050683996
4.464847e-07,0.0050346507
4.465847e-07,0.0050009019
4.466847e-07,0.0049757698
4.467847e-07,0.004966435
4.468847e-07,0.0049772059
4.469847e-07,0.0050030561
4.470847e-07,0.0050310604
4.471847e-07,0.0050461397
4.472847e-07,0.0050346507
4.473847e-07,0.0049930032
4.474847e-07,0.0049276597
4.475847e-07,0.0048551356
4.476847e-07,0.0047933824
4.477847e-07,0.0047553251
4.478847e-07,0.0047438362
4.479847e-07,0.004753171
4.480847e-07,0.0047704044
4.481847e-07,0.0047826114
4.482847e-07,0.0047833295
4.483847e-07,0.0047704044
4.484847e-07,0.0047474265
4.485847e-07,0.0047194221
4.486847e-07,0.0046906997
4.487847e-07,0.0046619773
4.488847e-07,0.0046325368
4.489847e-07,0.0046045324
4.490847e-07,0.0045808364
4.491847e-07,0.0045657571
4.492847e-07,0.0045636029
4.493847e-07,0.0045722197
4.494847e-07,0.0045851448
4.495847e-07,0.0045930434
4.496847e-07,0.0045865809
4.497847e-07,0.0045614488
4.498847e-07,0.0045205193
4.499847e-07,0.0044745634
4.500847e-07,0.0044372243
4.501847e-07,0.0044178366
4.502847e-07,0.0044214269
4.503847e-07,0.0044429688
4.504847e-07,0.0044716912
4.505847e-07,0.0044961052
4.506847e-07,0.00450544
4.507847e-07,0.0044968233
4.508847e-07,0.0044716912
4.509847e-07,0.0044365062
4.510847e-07,0.004398449
4.511847e-07,0.0043661363
4.512847e-07,0.0043453125
4.513847e-07,0.004339568
4.514847e-07,0.0043489028
4.515847e-07,0.0043718807
4.516847e-07,0.0044027574
4.517847e-07,0.0044314798
4.518847e-07,0.0044479952
4.519847e-07,0.0044436868
4.520847e-07,0.0044142463
4.521847e-07,0.0043639821
4.522847e-07,0.0043029469
4.523847e-07,0.0042462201
4.524847e-07,0.0042074449
4.525847e-07,0.0041952378
4.526847e-07,0.004208881
4.527847e-07,0.0042404756
4.528847e-07,0.0042763787
4.529847e-07,0.0043029469
4.530847e-07,0.0043115636
4.531847e-07,0.0042979205
4.532847e-07,0.0042648897
4.533847e-07,0.0042196519
4.534847e-07,0.0041686696
4.535847e-07,0.0041212776
4.536847e-07,0.0040810662
4.537847e-07,0.0040530618
4.538847e-07,0.0040387006
4.539847e-07,0.0040372645
4.540847e-07,0.0040465993
4.541847e-07,0.0040602424
4.542847e-07,0.0040695772
4.543847e-07,0.004066705
4.544847e-07,0.0040465993
4.545847e-07,0.0040092601
4.546847e-07,0.0039589959
4.547847e-07,0.0039072955
4.548847e-07,0.0038627757
4.549847e-07,0.0038340533
4.550847e-07,0.0038218463
4.551847e-07,0.0038232824
4.552847e-07,0.0038283088
4.553847e-07,0.0038290269
4.554847e-07,0.003818256
4.555847e-07,0.0037938419
4.556847e-07,0.003759375
4.557847e-07,0.0037198817
4.558847e-07,0.0036825425
4.559847e-07,0.003652384
4.560847e-07,0.0036329963
4.561847e-07,0.0036250977
4.562847e-07,0.003628688
4.563847e-07,0.0036401769
4.564847e-07,0.0036559743
4.565847e-07,0.0036724897
4.566847e-07,0.0036839786
4.567847e-07,0.0036875689
4.568847e-07,0.0036789522
4.569847e-07,0.0036595646
4.570847e-07,0.0036329963
4.571847e-07,0.0036064281
4.572847e-07,0.0035870404
4.573847e-07,0.003581296
4.574847e-07,0.0035927849
4.575847e-07,0.0036193532
4.576847e-07,0.0036559743
4.577847e-07,0.0036940315
4.578847e-07,0.0037249081
4.579847e-07,0.0037442957
4.580847e-07,0.003747886
4.581847e-07,0.0037385512
4.582847e-07,0.0037191636
4.583847e-07,0.0036976218
4.584847e-07,0.0036789522
4.585847e-07,0.0036688994
4.586847e-07,0.0036717716
4.587847e-07,0.0036868509
4.588847e-07,0.0037134191
4.589847e-07,0.0037450138
4.590847e-07,0.0037744543
4.591847e-07,0.0037924058
4.592847e-07,0.0037938419
4.593847e-07,0.0037751723
4.594847e-07,0.0037407054
4.595847e-07,0.0036969037
4.596847e-07,0.0036559743
4.597847e-07,0.003628688
4.598847e-07,0.0036207893
4.599847e-07,0.0036322783
4.600847e-07,0.0036559743
4.601847e-07,0.0036789522
4.602847e-07,0.0036868509
4.603847e-07,0.0036724897
4.604847e-07,0.0036329963
4.605847e-07,0.0035755515
4.606847e-07,0.0035123621
4.607847e-07,0.0034592256
4.608847e-07,0.0034261949
4.609847e-07,0.0034182962
4.610847e-07,0.0034326574
4.611847e-07,0.0034592256
4.612847e-07,0.0034836397
4.613847e-07,0.0034951287
4.614847e-07,0.0034857939
4.615847e-07,0.0034541992
4.616847e-07,0.0034032169
4.617847e-07,0.0033414637
4.618847e-07,0.0032789924
4.619847e-07,0.0032244198
4.620847e-07,0.0031849265
4.621847e-07,0.0031655388
4.622847e-07,0.0031662569
4.623847e-07,0.0031827723
4.624847e-07,0.0032079044
4.625847e-07,0.0032316004
4.626847e-07,0.0032430894
4.627847e-07,0.0032359088
4.628847e-07,0.0032079044
4.629847e-07,0.0031626666
4.630847e-07,0.003108094
