LECROYHDO6104B,11090,Waveform
Segments,1,SegmentSize,8480
Segment,TrigTime,TimeSinceSegment1
#1,04-May-2026 18:45:31,0                 
Time,Ampl
991520,0.030272719
991521,0.0071490118
991522,0.021110984
991523,0.039267149
991524,0.0094460882
991525,0.010425523
991526,0.0061626802
991527,0.0074190027
991528,0.015207807
991529,0.0070958757
991530,0.0096567292
991531,0.0073048309
991532,0.020425236
991533,0.0077134077
991534,0.011580883
991535,0.007033404
991536,0.0075970818
991537,0.0073249368
991538,0.016869534
991539,0.027171416
991540,0.0072703641
991541,0.0072840075
991542,0.012857358
991543,0.025857229
991544,0.0074333642
991545,0.0074886545
991546,0.024521053
991547,0.013730038
991548,0.0072337431
991549,0.0077155619
991550,0.017547349
991551,0.017291619
991552,0.013832721
991553,0.018152574
991554,0.017226275
991555,0.0073953066
991556,0.013845646
991557,0.010327866
991558,0.0072380514
991559,0.019755285
991560,0.010601448
991561,0.020381434
991562,0.0071841967
991563,0.010581342
991564,0.020409439
991565,0.010260369
991566,0.0071949679
991567,0.01391458
991568,0.0023248421
991569,0.0068215765
991570,0.0043017659
991571,0.010665355
991572,0.010615809
991573,0.006960162
991574,0.017304543
991575,0.011243394
991576,0.0098632816
991577,0.0061566504
991578,0.020226333
991579,0.0095430259
991580,0.0070973118
991581,0.017217658
991582,0.0068502985
991583,0.0075159408
991584,0.0069637522
991585,0.010493021
991586,0.0071712718
991587,0.013267743
991588,0.03136402
991589,0.010743624
991590,0.0071942499
991591,0.0075310203
991592,0.011086857
991593,0.016626695
991594,0.018032657
991595,0.0097677791
991596,0.0070427391
991597,0.0073795095
991598,0.0068474263
991599,0.014142923
991600,0.013147563
991601,0.0071066464
991602,0.010640941
991603,0.010735007
991604,0.0064285179
991605,0.022894606
991606,0.0097519821
991607,0.010281192
991608,0.010249598
991609,0.0072567211
991610,0.014309512
991611,0.0068517351
991612,0.0070815142
991613,0.0062749675
991614,0.0074462891
991615,0.039453126
991616,0.0098704621
991617,0.016295319
991618,0.007349351
991619,0.014028033
991620,0.017589614
991621,0.030358266
991622,0.009429751
991623,0.01892449
991624,0.0063878666
991625,0.0027698637
991626,0.013579963
991627,0.0071131089
991628,0.0070448932
991629,0.016309587
991630,0.0158515
991631,0.01079711
991632,0.010447782
991633,0.039430149
991634,0.019419834
991635,0.016704964
991636,0.013397057
991637,0.01428079
991638,0.014435174
991639,0.024360927
991640,0.0078512756
991641,0.01567311
991642,0.011517959
991643,0.0076746321
991644,0.0073874081
991645,0.033559281
991646,0.014164465
991647,0.01043773
991648,0.0075834384
991649,0.020909926
991650,0.016964901
991651,0.0097766789
991652,0.013752297
991653,0.019456957
991654,0.00736443
991655,0.013924632
991656,0.0030316128
991657,0.014423684
991658,0.0095257927
991659,0.01051887
991660,0.037415989
991661,0.027529728
991662,0.0054974724
991663,0.005682359
991664,0.0092754178
991665,0.0040893122
991666,0.0063967453
991667,0.011229751
991668,0.013453584
991669,0.010007611
991670,0.0056870403
991671,0.010641659
991672,0.024152689
991673,0.016842831
991674,0.0046515907
991675,0.012985023
991676,0.0065142633
991677,0.010386029
991678,0.010387465
991679,0.013876522
991680,0.011261346
991681,0.0022684061
991682,0.010512408
991683,0.007349351
991684,0.010471479
991685,0.0065006032
991686,0.031907745
991687,0.013565602
991688,0.013791791
991689,0.0071131089
991690,0.017137911
991691,0.015758201
991692,0.0017778302
991693,0.010684743
991694,0.015555487
991695,0.0097720874
991696,0.0095085595
991697,0.010516716
991698,0.0072954963
991699,0.0073227827
991700,0.006512092
991701,0.010719928
991702,0.021026971
991703,0.014771944
991704,0.019120026
991705,0.0073206285
991706,0.010294118
991707,0.016534379
991708,0.024724266
991709,0.014756147
991710,0.039838005
991711,0.0070513557
991712,0.015350125
991713,0.01476899
991714,0.0075475355
991715,0.010638786
991716,0.0069443649
991717,0.010577751
991718,0.0059555951
991719,0.0097738728
991720,0.014422966
991721,0.0097103342
991722,0.0073191924
991723,0.03756319
991724,0.015556066
991725,0.025039399
991726,0.013809742
991727,0.007599236
991728,0.0095840981
991729,0.014057473
991730,0.012962045
991731,0.01404383
991732,0.010598576
991733,0.010284064
991734,0.0066453936
991735,0.036848001
991736,0.010664637
991737,0.010880055
991738,0.019827945
991739,0.016381113
991740,0.0096781496
991741,0.023394417
991742,0.032596387
991743,0.0065442547
991744,0.0072782626
991745,0.006471158
991746,0.010764447
991747,0.015864832
991748,0.0073299631
991749,0.024594296
991750,0.0068933824
991751,0.0072825714
991752,0.0095684528
991753,0.009379915
991754,0.011339614
991755,0.013894474
991756,0.0091672614
991757,0.030399816
991758,0.00731273
991759,0.030376839
991760,0.013363341
991761,0.01024529
991762,0.0071691177
991763,0.0076573989
991764,0.0062399469
991765,0.0070858225
991766,0.0071971221
991767,0.0072157914
991768,0.0089448821
991769,0.017618336
991770,0.025087066
991771,0.010862104
991772,0.017658548
991773,0.023055406
991774,0.0095595969
991775,0.010581342
991776,0.0039848848
991777,0.010880773
991778,0.039717373
991779,0.007372329
991780,0.027470129
991781,0.014032342
991782,0.035016853
991783,0.0024641037
991784,0.01385139
991785,0.0076573989
991786,0.014073989
991787,0.0072315889
991788,0.013269761
991789,0.012895965
991790,0.0072373333
991791,0.0070599723
991792,0.038595043
991793,0.013018062
991794,0.0064218142
991795,0.039464615
991796,0.014326747
991797,0.0077715707
991798,0.011167279
991799,0.012594545
991800,0.0072631836
991801,0.0083869481
991802,0.0108262
991803,0.039649874
991804,0.010554774
991805,0.019616824
991806,0.010509536
991807,0.020816579
991808,0.027144128
991809,0.010727108
991810,0.039705884
991811,0.0081234202
991812,0.0075252759
991813,0.0070937211
991814,0.0068962546
991815,0.0073845359
991816,0.0068854839
991817,0.0080896718
991818,0.014524213
991819,0.016256893
991820,0.0070348405
991821,0.0065945177
991822,0.0075712316
991823,0.019175109
991824,0.010670382
991825,0.007526712
991826,0.0022635919
991827,0.026875574
991828,0.027094582
991829,0.0066148294
991830,0.0085994946
991831,0.012895441
991832,0.010582778
991833,0.0072617475
991834,0.020180248
991835,0.014200368
991836,0.0075906194
991837,0.017056813
991838,0.019325001
991839,0.014096967
991840,0.020484835
991841,0.03968434
991842,0.023946606
991843,0.013471536
991844,0.007658117
991845,0.01372932
991846,0.017031681
991847,0.020797908
991848,0.0075618969
991849,0.013997156
991850,0.010659611
991851,0.01183005
991852,0.011700081
991853,0.019338809
991854,0.014039522
991855,0.013833439
991856,0.014707319
991857,0.031671502
991858,0.010572007
991859,0.0071942499
991860,0.0070132986
991861,0.010910932
991862,0.0071482938
991863,0.016908893
991864,0.031159524
991865,0.012411678
991866,0.0074721393
991867,0.007732077
991868,0.03049819
991869,0.0090917852
991870,0.011810662
991871,0.0070054
991872,0.0078239888
991873,0.019267004
991874,0.014188878
991875,0.029872041
991876,0.0069738054
991877,0.031344067
991878,0.020705279
991879,0.02001664
991880,0.0072272806
991881,0.010443474
991882,0.0072538489
991883,0.0080437157
991884,0.0029280651
991885,0.010584932
991886,0.010697667
991887,0.0068215765
991888,0.0071461396
991889,0.031060431
991890,0.0065536802
991891,0.0074017695
991892,0.010666791
991893,0.007137523
991894,0.0069365553
991895,0.010491584
991896,0.0070312498
991897,0.023049029
991898,0.0063000992
991899,0.019915413
991900,0.0074721393
991901,0.030706428
991902,0.010523897
991903,0.01759105
991904,0.033499684
991905,0.010594985
991906,0.0093764365
991907,0.0064934227
991908,0.010678998
991909,0.014338235
991910,0.007210765
991911,0.010592831
991912,0.0063741053
991913,0.011265654
991914,0.0067188265
991915,0.014248477
991916,0.0072064567
991917,0.013943302
991918,0.011921961
991919,0.02030101
991920,0.0080013499
991921,0.010661765
991922,0.0071253157
991923,0.022625187
991924,0.010394646
991925,0.0072897519
991926,0.007350069
991927,0.0018454376
991928,0.013754452
991929,0.010569853
991930,0.0084673716
991931,0.011702497
991932,0.010850033
991933,0.018360093
991934,0.020886948
991935,0.0068021887
991936,0.0075985179
991937,0.017873965
991938,0.01449549
991939,0.010154167
991940,0.010294118
991941,0.0073263729
991942,0.010827636
991943,0.0071655274
991944,0.013755888
991945,0.0073895622
991946,0.010496611
991947,0.0096351197
991948,0.030985754
991949,0.010206514
991950,0.015454101
991951,0.016900275
991952,0.014158002
991953,0.039609663
991954,0.0078728171
991955,0.0070872586
991956,0.016501753
991957,0.0072445138
991958,0.0062495377
991959,0.014023007
991960,0.011194565
991961,0.0073026768
991962,0.012160357
991963,0.007254567
991964,0.0098762065
991965,0.0073263729
991966,0.0072969324
991967,0.017273668
991968,0.0097405184
991969,0.014338235
991970,0.014145795
991971,0.013732192
991972,0.0069594439
991973,0.013633817
991974,0.01070772
991975,0.02240108
991976,0.013821231
991977,0.0068546073
991978,0.0059945942
991979,0.016361153
991980,0.030457979
991981,0.013055061
991982,0.02511489
991983,0.0070578181
991984,0.0063311406
991985,0.0071231616
991986,0.0074304915
991987,0.0071490118
991988,0.0076624253
991989,0.0075123506
991990,0.0069924747
991991,0.0075697955
991992,0.017293774
991993,0.0075008618
991994,0.0071411133
991995,0.0071806065
991996,0.0073069851
991997,0.01309856
991998,0.033458754
991999,0.0074218749
992000,0.010357307
992001,0.0072954963
992002,0.015940947
992003,0.0065039485
992004,0.0076351389
992005,0.0076631433
992006,0.023359232
992007,0.013972024
992008,0.010546875
992009,0.0077083814
992010,0.015344956
992011,0.013769049
992012,0.013798972
992013,0.011273553
992014,0.00828283
992015,0.010420497
992016,0.017145135
992017,0.010476505
992018,0.0067059686
992019,0.019064091
992020,0.015347573
992021,0.013699161
992022,0.0072351792
992023,0.01060432
992024,0.0009307884
992025,0.006049661
992026,0.0072265626
992027,0.013064449
992028,0.0068538892
992029,0.0073881261
992030,0.0065350723
992031,0.010342227
992032,0.0073041129
992033,0.0093455594
992034,0.014131434
992035,0.013775276
992036,0.031680837
992037,0.010543285
992038,0.02364861
992039,0.011468299
992040,0.01188534
992041,0.0069996552
992042,0.019210266
992043,0.010414752
992044,0.0067361272
992045,0.0073335534
992046,0.0075022979
992047,0.0069307215
992048,0.0071999943
992049,0.009592968
992050,0.014445227
992051,0.010976993
992052,0.023909984
992053,0.0068617878
992054,0.0073482925
992055,0.007100902
992056,0.020020967
992057,0.0073177563
992058,0.0070161708
992059,0.022325359
992060,0.0085047102
992061,0.0026926422
992062,0.0070728976
992063,0.0090805953
992064,0.017210478
992065,0.010560518
992066,0.0072122011
992067,0.026173202
992068,0.0069113337
992069,0.007328527
992070,0.026922248
992071,0.033153459
992072,0.03095416
992073,0.013264016
992074,0.017178884
992075,0.011041619
992076,0.01013758
992077,0.03708123
992078,0.0069536995
992079,0.010171995
992080,0.038706344
992081,0.0069536995
992082,0.010381003
992083,0.014103429
992084,0.017440258
992085,0.0077593634
992086,0.007247386
992087,0.0096047791
992088,0.0080386894
992089,0.013669003
992090,0.010607192
992091,0.0076408833
992092,0.010462143
992093,0.0075224033
992094,0.0077895219
992095,0.031225212
992096,0.026711857
992097,0.035032026
992098,0.03360524
992099,0.0076021082
992100,0.01789978
992101,0.0078455312
992102,0.0072495406
992103,0.0065649967
992104,0.0061494717
992105,0.027148437
992106,0.01058206
992107,0.020094281
992108,0.010785989
992109,0.0070499196
992110,0.005727252
992111,0.0093824659
992112,0.010112623
992113,0.039809283
992114,0.020912798
992115,0.012737824
992116,0.0079288259
992117,0.0071044923
992118,0.0096385162
992119,0.0071619372
992120,0.01647936
992121,0.0066009667
992122,0.033829495
992123,0.039866727
992124,0.028837316
992125,0.017332548
992126,0.0075669233
992127,0.0094054379
992128,0.020226499
992129,0.014039522
992130,0.0072954963
992131,0.0071231616
992132,0.010105268
992133,0.0065336027
992134,0.014124253
992135,0.0105081
992136,0.020303166
992137,0.007621496
992138,0.0079245176
992139,0.0074204388
992140,0.0062794406
992141,0.03043141
992142,0.0073622759
992143,0.0072251265
992144,0.007173426
992145,0.0078534298
992146,0.016900275
992147,0.0073673022
992148,0.0087072039
992149,0.0139591
992150,0.0072265626
992151,0.022983685
992152,0.007291188
992153,0.0067237047
992154,0.0071253157
992155,0.036967918
992156,0.013311407
992157,0.0070807962
992158,0.0084667262
992159,0.011468147
992160,0.0075166589
992161,0.007218664
992162,0.010562672
992163,0.010420497
992164,0.010126092
992165,0.019731987
992166,0.013686236
992167,0.02294491
992168,0.013277394
992169,0.013759478
992170,0.010002874
992171,0.01391817
992172,0.0073357075
992173,0.017061122
992174,0.0065005478
992175,0.016957721
992176,0.022598805
992177,0.014058909
992178,0.0074563418
992179,0.0072739543
992180,0.0073270909
992181,0.0072825714
992182,0.010539695
992183,0.0069206688
992184,0.0137365
992185,0.0061480352
992186,0.015197754
992187,0.012339154
992188,0.01008947
992189,0.026989028
992190,0.026165688
992191,0.0091215242
992192,0.0082842661
992193,0.012943761
992194,0.0070477654
992195,0.013006951
992196,0.010591395
992197,0.019164171
992198,0.0064065559
992199,0.013770968
992200,0.0072581572
992201,0.017178884
992202,0.012757066
992203,0.019302411
992204,0.0075022979
992205,0.0070298137
992206,0.0082849842
992207,0.032279547
992208,0.0078505576
992209,0.0070010913
992210,0.01727654
992211,0.010930319
992212,0.019842889
992213,0.018651959
992214,0.01044491
992215,0.010600012
992216,0.010576315
992217,0.029305981
992218,0.0089269299
992219,0.010806813
992220,0.023324545
992221,0.010492302
992222,0.0089678597
992223,0.016855039
992224,0.0069163605
992225,0.0060195024
992226,0.010504509
992227,0.0071231616
992228,0.017239919
992229,0.018352194
992230,0.01389591
992231,0.0071559041
992232,0.020362046
992233,0.0099516027
992234,0.020132266
992235,0.0072150733
992236,0.0071612191
992237,0.010646685
992238,0.0021128382
992239,0.013214482
992240,0.0073802276
992241,0.010661765
992242,0.013159832
992243,0.0073795095
992244,0.0084228516
992245,0.0084795784
992246,0.017025217
992247,0.039447382
992248,0.0072215362
992249,0.0068021887
992250,0.030274874
992251,0.020563103
992252,0.0072954963
992253,0.033957805
992254,0.010622271
992255,0.0080781821
992256,0.013786765
992257,0.017463954
992258,0.0070578181
992259,0.013667567
992260,0.0075597428
992261,0.013125794
992262,0.010279756
992263,0.01741728
992264,0.01008229
992265,0.017496984
992266,0.0072043026
992267,0.017440258
992268,0.0080889538
992269,0.0063167796
992270,0.010302017
992271,0.025783405
992272,0.033680636
992273,0.0076150335
992274,0.009679094
992275,0.010397518
992276,0.013926786
992277,0.024154512
992278,0.019503616
992279,0.0084415209
992280,0.020569567
992281,0.0091911769
992282,0.012654488
992283,0.0061208834
992284,0.01051528
992285,0.015386604
992286,0.0082993452
992287,0.0071102367
992288,0.0075733857
992289,0.010435576
992290,0.0086971503
992291,0.02330035
992292,0.007481474
992293,0.0072631836
992294,0.0080810543
992295,0.024616556
992296,0.0171875
992297,0.0065372242
992298,0.011224724
992299,0.020378562
992300,0.0066564223
992301,0.0012734844
992302,0.039533548
992303,0.0068660961
992304,0.010856359
992305,0.010216567
992306,0.0073874081
992307,0.01764706
992308,0.01084128
992309,0.0055750231
992310,0.014047421
992311,0.0073249368
992312,0.011539953
992313,0.010378849
992314,0.0052173394
992315,0.0065435614
992316,0.0056913486
992317,0.01060432
992318,0.0077191521
992319,0.0072244084
992320,0.010213695
992321,0.014135025
992322,0.014006491
992323,0.017280849
992324,0.016130514
992325,0.0071712718
992326,0.010960478
992327,0.0062866211
992328,0.028644219
992329,0.0074441349
992330,0.0072301528
992331,0.010869147
992332,0.011067469
992333,0.0095660044
992334,0.0096533233
992335,0.010595703
992336,0.0074412627
992337,0.010887953
992338,0.019354163
992339,0.021798886
992340,0.0067160213
992341,0.0071949679
992342,0.019910386
992343,0.017865349
992344,0.0071691177
992345,0.02063491
992346,0.027377499
992347,0.010716338
992348,0.0064165397
992349,0.0071820426
992350,0.037461225
992351,0.01060791
992352,0.039200369
992353,0.0072114831
992354,0.0074556237
992355,0.023794375
992356,0.00736443
992357,0.010852051
992358,0.0074419808
992359,0.0061927768
992360,0.010673254
992361,0.024510534
992362,0.03555312
992363,0.039413631
992364,0.0076652975
992365,0.0070829503
992366,0.010601448
992367,0.013920324
992368,0.010026281
992369,0.018027632
992370,0.010279856
992371,0.039590992
992372,0.013953355
992373,0.013803998
992374,0.033919748
992375,0.010368078
992376,0.0070496858
992377,0.030170921
992378,0.0066775167
992379,0.0091841351
992380,0.037344899
992381,0.013885139
992382,0.030307904
992383,0.0072394875
992384,0.0076688877
992385,0.013908835
992386,0.030388327
992387,0.010627298
992388,0.028670482
992389,0.035174541
992390,0.014120663
992391,0.013902373
992392,0.010605756
992393,0.013784611
992394,0.0070872586
992395,0.010922421
992396,0.018462775
992397,0.016277226
992398,0.017297363
992399,0.024655331
992400,0.010661047
992401,0.010213695
992402,0.0083036534
992403,0.0068510165
992404,0.017439539
992405,0.01044491
992406,0.007255285
992407,0.022589471
992408,0.039671414
992409,0.023655791
992410,0.013855699
992411,0.0074247471
992412,0.0075051701
992413,0.039224781
992414,0.0068969727
992415,0.0075417911
992416,0.0068761487
992417,0.0073084212
992418,0.010498047
992419,0.010391774
992420,0.0061264937
992421,0.0026001313
992422,0.0076401653
992423,0.0094633214
992424,0.011355411
992425,0.027409812
992426,0.013646025
992427,0.0075949277
992428,0.0099530388
992429,0.027471565
992430,0.017744714
992431,0.0069572898
992432,0.014295151
992433,0.010073673
992434,0.0072768265
992435,0.02386331
992436,0.017141543
992437,0.0071526021
992438,0.0069673425
992439,0.017428769
992440,0.0073988969
992441,0.017288029
992442,0.0098972647
992443,0.020388614
992444,0.0059569525
992445,0.030820599
992446,0.0053362828
992447,0.010516716
992448,0.014034496
992449,0.01148897
992450,0.0059448243
992451,0.022178022
992452,0.0069400561
992453,0.013572064
992454,0.020261003
992455,0.010622271
992456,0.0072150733
992457,0.013997156
992458,0.0074570598
992459,0.0073816637
992460,0.019278493
992461,0.01041188
992462,0.0071461396
992463,0.010857077
992464,0.016096704
992465,0.012520165
992466,0.010577751
992467,0.016217524
992468,0.0077959844
992469,0.0088127581
992470,0.0073191924
992471,0.0052238903
992472,0.0072782626
992473,0.014298995
992474,0.0072940602
992475,0.013815487
992476,0.028467515
992477,0.006769876
992478,0.010299144
992479,0.0075367647
992480,0.00951574
992481,0.0068546073
992482,0.013832721
992483,0.017695168
992484,0.014372702
992485,0.014096967
992486,0.0071109547
992487,0.016506726
992488,0.0067325369
992489,0.011125632
992490,0.0071942499
992491,0.0073335534
992492,0.009662224
992493,0.010784553
992494,0.0065436866
992495,0.0074111042
992496,0.014028033
992497,0.0063303299
992498,0.014298742
992499,0.020158118
992500,0.011302275
992501,0.017652804
992502,0.0095631322
992503,0.020496324
992504,0.0087560313
992505,0.0094906073
992506,0.0082261031
992507,0.01029699
992508,0.010535386
992509,0.0093203988
992510,0.0094748102
992511,0.017693015
992512,0.0072524128
992513,0.0069544176
992514,0.010329302
992515,0.009895972
992516,0.011149328
992517,0.014015826
992518,0.033340693
992519,0.039660644
992520,0.0074477252
992521,0.013693416
992522,0.012660429
992523,0.034108598
992524,0.0071942499
992525,0.0074836281
992526,0.010770191
992527,0.0075396369
992528,0.0070276596
992529,0.017388556
992530,0.027809054
992531,0.00696088
992532,0.013875804
992533,0.0092098461
992534,0.0082950369
992535,0.023948042
992536,0.022921214
992537,0.014538259
992538,0.0072954963
992539,0.010555492
992540,0.015536679
992541,0.014191751
992542,0.0080114026
992543,0.010028435
992544,0.010714902
992545,0.0076760687
992546,0.0069953469
992547,0.026063448
992548,0.021254595
992549,0.028598033
992550,0.0071565011
992551,0.010581342
992552,0.0072157914
992553,0.015120204
992554,0.012507899
992555,0.010612937
992556,0.010569853
992557,0.024540441
992558,0.032446288
992559,0.0070980298
992560,0.017012293
992561,0.0070664352
992562,0.017363425
992563,0.011917653
992564,0.035087317
992565,0.039745376
992566,0.010351563
992567,0.0078986669
992568,0.017254997
992569,0.020744773
992570,0.019728351
992571,0.014032342
992572,0.0078699449
992573,0.010536104
992574,0.010256778
992575,0.019577706
992576,0.0071231616
992577,0.010405417
992578,0.007115263
992579,0.017430922
992580,0.010445628
992581,0.0074283374
992582,0.017578125
992583,0.0077292048
992584,0.01388873
992585,0.011563648
992586,0.014023725
992587,0.0071310606
992588,0.025937399
992589,0.0088357367
992590,0.011019359
992591,0.010747932
992592,0.039549343
992593,0.013427016
992594,0.010534668
992595,0.0076056984
992596,0.007467831
992597,0.010712029
992598,0.0079252357
992599,0.0084975297
992600,0.011242676
992601,0.039039522
992602,0.017136518
992603,0.02712187
992604,0.011033002
992605,0.017604694
992606,0.030387608
992607,0.014051011
992608,0.015102969
992609,0.017543659
992610,0.0073816637
992611,0.032116704
992612,0.007797421
992613,0.01037454
992614,0.014293715
992615,0.010340791
992616,0.016062446
992617,0.010615091
992618,0.010642377
992619,0.013134669
992620,0.0062813065
992621,0.010894416
992622,0.0072488226
992623,0.0069213868
992624,0.015567555
992625,0.022909008
992626,0.0057459213
992627,0.012909897
992628,0.0071942499
992629,0.0067820828
992630,0.0063726394
992631,0.012528004
992632,0.020243566
992633,0.011079676
992634,0.00665471
992635,0.0076703238
992636,0.026927993
992637,0.0088120401
992638,0.007210765
992639,0.0093021896
992640,0.0084824506
992641,0.007233025
992642,0.0070147347
992643,0.010468607
992644,0.032842178
992645,0.0074462891
992646,0.010797478
992647,0.025991913
992648,0.020759853
992649,0.0081887636
992650,0.022727555
992651,0.0071281884
992652,0.0071533201
992653,0.0073730471
992654,0.010721364
992655,0.0070542279
992656,0.0072768265
992657,0.013738655
992658,0.0078584561
992659,0.011064596
992660,0.0065372242
992661,0.011061724
992662,0.020738309
992663,0.0056410846
992664,0.023191204
992665,0.0092500579
992666,0.0068941005
992667,0.014200368
992668,0.017591769
992669,0.020351993
992670,0.026505055
992671,0.017660702
992672,0.014182416
992673,0.015722964
992674,0.0071992762
992675,0.010443474
992676,0.031867061
992677,0.0071310606
992678,0.010588522
992679,0.013604377
992680,0.020524206
992681,0.033524815
992682,0.010383157
992683,0.010532514
992684,0.013735064
992685,0.0076997643
992686,0.013834875
992687,0.027107509
992688,0.0072423597
992689,0.013637408
992690,0.019704379
992691,0.0073184744
992692,0.0077715707
992693,0.0067318189
992694,0.036929142
992695,0.017061122
992696,0.011356847
992697,0.013844928
992698,0.0069766776
992699,0.0028994814
992700,0.011606014
992701,0.0063174977
992702,0.020975454
992703,0.012183336
992704,0.011313763
992705,0.0061939913
992706,0.0065870667
992707,0.0072495406
992708,0.017584588
992709,0.0063950485
992710,0.017722456
992711,0.0085449219
992712,0.0073773554
992713,0.0070736157
992714,0.035773065
992715,0.0097659286
992716,0.017081944
992717,0.013589298
992718,0.0071999943
992719,0.016067326
992720,0.0071583469
992721,0.01741728
992722,0.0070606903
992723,0.033050898
992724,0.0075202491
992725,0.013798254
992726,0.012092141
992727,0.0079216454
992728,0.0071971221
992729,0.010714902
992730,0.017063275
992731,0.010755112
992732,0.0076193418
992733,0.0071210074
992734,0.014028751
992735,0.0070657171
992736,0.010543285
992737,0.039544318
992738,0.0063452609
992739,0.013258272
992740,0.010260369
992741,0.010826918
992742,0.01546559
992743,0.0024384505
992744,0.036611643
992745,0.007371611
992746,0.010428395
992747,0.016962746
992748,0.0073385797
992749,0.0070104264
992750,0.039912682
992751,0.0073184744
992752,0.0077105355
992753,0.01159668
992754,0.020743337
992755,0.0060597141
992756,0.0071827606
992757,0.039418656
992758,0.0072768265
992759,0.010638786
992760,0.013836311
992761,0.010689051
992762,0.0070657171
992763,0.0017765656
992764,0.0065873242
992765,0.0086224722
992766,0.00736443
992767,0.022753179
992768,0.010515998
992769,0.012938848
992770,0.012097886
992771,0.010237391
992772,0.0070132986
992773,0.0073105758
992774,0.014316694
992775,0.0083129881
992776,0.0062633641
992777,0.0099932505
992778,0.0053487951
992779,0.0071533201
992780,0.0071131089
992781,0.010492302
992782,0.0062392289
992783,0.0096694045
992784,0.02432215
992785,0.007313448
992786,0.0069551356
992787,0.029569738
992788,0.023259038
992789,0.010602166
992790,0.030478084
992791,0.0076344209
992792,0.018566895
992793,0.0069867303
992794,0.0097979745
992795,0.010615091
992796,0.010636632
992797,0.010413316
992798,0.011037311
992799,0.0074922452
992800,0.0072674919
992801,0.0081341909
992802,0.013970588
992803,0.0070542279
992804,0.0073213466
992805,0.0062348195
992806,0.0012186451
992807,0.007313448
992808,0.036718749
992809,0.017309571
992810,0.013821949
992811,0.013631663
992812,0.0075310203
992813,0.01750919
992814,0.01152272
992815,0.0087560313
992816,0.010557646
992817,0.0077794692
992818,0.010638786
992819,0.0071605011
992820,0.025517004
992821,0.011350385
992822,0.01403306
992823,0.0072739543
992824,0.013600653
992825,0.010752958
992826,0.014157284
992827,0.039528523
992828,0.0097864
992829,0.0089642694
992830,0.023614861
992831,0.01051169
992832,0.022684477
992833,0.010247444
992834,0.016934743
992835,0.010581342
992836,0.013347757
992837,0.0070089903
992838,0.0069422103
992839,0.016610678
992840,0.021804631
992841,0.010409008
992842,0.010588522
992843,0.0072043026
992844,0.0071382411
992845,0.010565544
992846,0.0064245849
992847,0.010948989
992848,0.013430607
992849,0.019577924
992850,0.0030032888
992851,0.02060475
992852,0.014720243
992853,0.0086253444
992854,0.027481617
992855,0.026910041
992856,0.013261144
992857,0.0065835821
992858,0.025161564
992859,0.0071238796
992860,0.0073184744
992861,0.0094834268
992862,0.0072423597
992863,0.0076209488
992864,0.01269307
992865,0.0075008618
992866,0.0072488226
992867,0.0073349895
992868,0.019417796
992869,0.017344037
992870,0.027619485
992871,0.024025591
992872,0.007136805
992873,0.010305607
992874,0.023770681
992875,0.0072122011
992876,0.0072667738
992877,0.010443474
992878,0.0088809747
992879,0.0071705538
992880,0.01389591
992881,0.0064162216
992882,0.0057940315
992883,0.021914493
992884,0.0073299631
992885,0.011155791
992886,0.023854693
992887,0.0073220646
992888,0.020438878
992889,0.0061860927
992890,0.0070312498
992891,0.0075288662
992892,0.016291359
992893,0.0073299631
992894,0.01576574
992895,0.013862879
992896,0.032705508
992897,0.0075346106
992898,0.0068014706
992899,0.007372329
992900,0.0073658661
992901,0.01718032
992902,0.0099573471
992903,0.0072265626
992904,0.0019282878
992905,0.010403981
992906,0.0072531309
992907,0.0069874483
992908,0.0074297735
992909,0.010685461
992910,0.006615493
992911,0.020944394
992912,0.022850845
992913,0.014079734
992914,0.019519379
992915,0.0075066062
992916,0.0075482535
992917,0.0078247068
992918,0.023619886
992919,0.015683163
992920,0.016926127
992921,0.027441407
992922,0.0062556188
992923,0.0067012203
992924,0.014855239
992925,0.0070176069
992926,0.0062521682
992927,0.0069221049
992928,0.020672249
992929,0.017872529
992930,0.010664637
992931,0.006685379
992932,0.034039665
992933,0.010969095
992934,0.010855641
992935,0.0018109392
992936,0.0061379825
992937,0.039389934
992938,0.033755314
992939,0.010409008
992940,0.0085521024
992941,0.0083180144
992942,0.013706342
992943,0.02194537
992944,0.0078189624
992945,0.017148007
992946,0.0096848942
992947,0.011091165
992948,0.020709587
992949,0.020358456
992950,0.0078189624
992951,0.013809742
992952,0.011001407
992953,0.0072495406
992954,0.0076408833
992955,0.027326517
992956,0.017368451
992957,0.0087459786
992958,0.013951201
992959,0.035656855
992960,0.013383411
992961,0.020518061
992962,0.013856417
992963,0.008165068
992964,0.011015768
992965,0.014174517
992966,0.010790298
992967,0.007541073
992968,0.010643813
992969,0.01312831
992970,0.0067792106
992971,0.0072725182
992972,0.0070362766
992973,0.023085263
992974,0.019450827
992975,0.010526769
992976,0.012811844
992977,0.0071461396
992978,0.0072043026
992979,0.030032169
992980,0.0072516948
992981,0.0086138556
992982,0.0073515051
992983,0.0071999943
992984,0.0097907567
992985,0.0072962143
992986,0.014073989
992987,0.039559398
992988,0.0030621458
992989,0.0079029752
992990,0.0072409236
992991,0.017205451
992992,0.033367135
992993,0.017280849
992994,0.0070362766
992995,0.0071310606
992996,0.024949018
992997,0.014119945
992998,0.0064335479
992999,0.023967428
993000,0.007100902
993001,0.032225754
993002,0.010664637
993003,0.010373104
993004,0.010474351
993005,0.016993023
993006,0.0063555548
993007,0.012889054
993008,0.0080149928
993009,0.0074240291
993010,0.013809742
993011,0.010477941
993012,0.010493021
993013,0.0072610294
993014,0.0069529815
993015,0.010688333
993016,0.02018684
993017,0.028367704
993018,0.01437342
993019,0.0088802557
993020,0.031018067
993021,0.027370319
993022,0.0084277466
993023,0.033819221
993024,0.013816205
993025,0.013813333
993026,0.013438972
993027,0.0074103861
993028,0.010594267
993029,0.010780963
993030,0.011753217
993031,0.0072308709
993032,0.0063469382
993033,0.013972024
993034,0.0066427793
993035,0.012752757
993036,0.013819795
993037,0.0094508007
993038,0.0094547691
993039,0.01060073
993040,0.0074699852
993041,0.017225558
993042,0.010447064
993043,0.01750919
993044,0.0072904699
993045,0.0039821872
993046,0.0071849148
993047,0.0068739946
993048,0.0072143553
993049,0.0073077031
993050,0.0070807962
993051,0.010546875
993052,0.019449916
993053,0.0074175666
993054,0.038702033
993055,0.010517434
993056,0.0084537286
993057,0.033995863
993058,0.0075604608
993059,0.017489804
993060,0.014277918
993061,0.0071037742
993062,0.033218075
993063,0.0070348405
993064,0.012704358
993065,0.010370232
993066,0.007019761
993067,0.0067002242
993068,0.014288689
993069,0.0075066062
993070,0.0099379597
993071,0.007255285
993072,0.0061557954
993073,0.016928999
993074,0.019528488
993075,0.01634006
993076,0.026650822
993077,0.0090202782
993078,0.0080702836
993079,0.0073069851
993080,0.0074699852
993081,0.033136584
993082,0.014214011
993083,0.016137883
993084,0.010413616
993085,0.0064254124
993086,0.02054587
993087,0.0090303309
993088,0.0093081547
993089,0.01391458
993090,0.01496223
993091,0.010482968
993092,0.010827636
993093,0.017496265
993094,0.010528924
993095,0.0083079617
993096,0.0069170785
993097,0.006519991
993098,0.0059794565
993099,0.0071633733
993100,0.017026654
993101,0.0075367647
993102,0.017370606
993103,0.027016314
993104,0.0075022979
993105,0.0025286046
993106,0.010303453
993107,0.0067196116
993108,0.011923636
993109,0.0105081
993110,0.017880429
993111,0.007827579
993112,0.015992647
993113,0.0088500977
993114,0.0073242188
993115,0.016880887
993116,0.014179544
993117,0.018039837
993118,0.019432157
993119,0.010855641
993120,0.024368107
993121,0.013660386
993122,0.039911967
993123,0.0188017
993124,0.017334703
993125,0.008165068
993126,0.010404699
993127,0.0070915669
993128,0.017130774
993129,0.03883272
993130,0.0069213868
993131,0.010368796
993132,0.011086857
993133,0.013383601
993134,0.0096866386
993135,0.026153388
993136,0.019980038
993137,0.0065644686
993138,0.014063936
993139,0.0072832895
993140,0.010365206
993141,0.010431267
993142,0.010510254
993143,0.013903809
993144,0.0073945886
993145,0.018536067
993146,0.015027573
993147,0.0059685204
993148,0.010298426
993149,0.0071238796
993150,0.0068273209
993151,0.014292279
993152,0.0068380916
993153,0.0072789812
993154,0.032988425
993155,0.011320226
993156,0.0076495004
993157,0.0072617475
993158,0.010365206
993159,0.010798914
993160,0.010612219
993161,0.0078598922
993162,0.00646111
993163,0.0070427391
993164,0.017542223
993165,0.016982134
993166,0.0072875977
993167,0.0074836281
993168,0.0074333642
993169,0.025483189
993170,0.023489606
993171,0.039892577
993172,0.010456399
993173,0.0076430375
993174,0.010648839
993175,0.011226879
993176,0.0023493674
993177,0.01761331
993178,0.015683517
993179,0.007004682
993180,0.011776195
993181,0.0063890116
993182,0.0069996552
993183,0.030910358
993184,0.010244572
993185,0.014252787
993186,0.027033547
993187,0.0072380514
993188,0.009541912
993189,0.0074060778
993190,0.0094773313
993191,0.0075087603
993192,0.0071806065
993193,0.010496611
993194,0.0071849148
993195,0.0088948859
993196,0.0072035845
993197,0.009237132
993198,0.038694851
993199,0.014282227
993200,0.025772681
993201,0.010624425
993202,0.013567756
993203,0.013821949
993204,0.020560231
993205,0.0020125264
993206,0.0073543773
993207,0.014343262
993208,0.012418859
993209,0.010066492
993210,0.010234519
993211,0.013230247
993212,0.010307761
993213,0.024009794
993214,0.039234836
993215,0.0060187844
993216,0.01934447
993217,0.010577751
993218,0.0072976504
993219,0.0076889936
993220,0.010712029
993221,0.017377067
993222,0.0065730773
993223,0.014377729
993224,0.0068969727
993225,0.0070958757
993226,0.01997504
993227,0.007077924
993228,0.0022333779
993229,0.0065946691
993230,0.007196404
993231,0.010653866
993232,0.0082713338
993233,0.013848518
993234,0.012185361
993235,0.025420066
993236,0.0069522634
993237,0.0070477654
993238,0.010772346
993239,0.020312499
993240,0.0071748621
993241,0.0070312498
993242,0.011260627
993243,0.0069702147
993244,0.010550465
993245,0.0061121322
993246,0.0063943304
993247,0.0076286765
993248,0.012970019
993249,0.0073306812
993250,0.0070657171
993251,0.038775276
993252,0.013556985
993253,0.01041547
993254,0.01090447
993255,0.0074405447
993256,0.0084163891
993257,0.028435396
993258,0.0083984379
993259,0.029740173
993260,0.0047455365
993261,0.009155361
993262,0.007033404
993263,0.016716791
993264,0.02594425
993265,0.016255239
993266,0.0061853747
993267,0.0072035845
993268,0.01070772
993269,0.010593549
993270,0.0072954963
993271,0.0070463293
993272,0.0068158316
993273,0.010468607
993274,0.0079618562
993275,0.0077514648
993276,0.0072979331
993277,0.032722007
993278,0.01051528
993279,0.015112305
993280,0.03171315
993281,0.0080997245
993282,0.025733432
993283,0.010365924
993284,0.0077812318
993285,0.0075726677
993286,0.0065146969
993287,0.0070039639
993288,0.0072165094
993289,0.01741728
993290,0.0072560031
993291,0.011068905
993292,0.0066183652
993293,0.017611874
993294,0.0075726677
993295,0.0056956573
993296,0.016908174
993297,0.006314165
993298,0.0070793601
993299,0.0070535098
993300,0.010792452
993301,0.0063648899
993302,0.013723576
993303,0.0073213466
993304,0.0072351792
993305,0.0072236904
993306,0.010284783
993307,0.0068660961
993308,0.017270794
993309,0.01058565
993310,0.034249339
993311,0.0072538489
993312,0.013019547
993313,0.0077397125
993314,0.0072617475
993315,0.0070772059
993316,0.0073170383
993317,0.030399816
993318,0.03676255
993319,0.0070118625
993320,0.0096388916
993321,0.013595043
993322,0.010663201
993323,0.010502355
993324,0.019406479
993325,0.0075008618
993326,0.012244064
993327,0.0060116039
993328,0.006365608
993329,0.0073098578
993330,0.010414752
993331,0.03072438
993332,0.027550552
993333,0.0073759193
993334,0.01372932
993335,0.010294118
993336,0.0070010913
993337,0.0071648094
993338,0.0091646081
993339,0.0065770503
993340,0.0073464788
993341,0.039430149
993342,0.0071691177
993343,0.008707922
993344,0.0066323359
993345,0.0073752012
993346,0.017104205
993347,0.020885512
993348,0.0072380514
993349,0.017425178
993350,0.0072035845
993351,0.0096054971
993352,0.0063937865
993353,0.00743121
993354,0.029388787
993355,0.0056970934
993356,0.025945758
993357,0.010409726
993358,0.0069939108
993359,0.0077134077
993360,0.0075870291
993361,0.0067217657
993362,0.0073098578
993363,0.010766601
993364,0.013228453
993365,0.0071702679
993366,0.017596794
993367,0.0095236385
993368,0.011661305
993369,0.0099264709
993370,0.017308135
993371,0.022856412
993372,0.0073443246
993373,0.011453786
993374,0.016988598
993375,0.0070125805
993376,0.0096416809
993377,0.0072660558
993378,0.007004682
993379,0.0072078928
993380,0.0071942499
993381,0.0065329159
993382,0.0072653377
993383,0.016914638
993384,0.0075080423
993385,0.0096825678
993386,0.0080372533
993387,0.013036522
993388,0.013430607
993389,0.022944024
993390,0.012487949
993391,0.0088964868
993392,0.008987247
993393,0.010146197
993394,0.0362477
993395,0.0069493088
993396,0.0055980007
993397,0.0024176021
993398,0.0086626839
993399,0.014073989
993400,0.0074154125
993401,0.0077823414
993402,0.0076796589
993403,0.010430549
993404,0.017822266
993405,0.010882927
993406,0.0067003835
993407,0.029244713
993408,0.017456774
993409,0.017383531
993410,0.0072445138
993411,0.036940631
993412,0.036502238
993413,0.039617561
993414,0.011741728
993415,0.029291103
993416,0.011105526
993417,0.023517923
993418,0.0072373333
993419,0.0370785
993420,0.014177389
993421,0.010735007
993422,0.0067454618
993423,0.0072631836
993424,0.0071705538
993425,0.0070980298
993426,0.0394402
993427,0.0010956752
993428,0.0073802276
993429,0.007004682
993430,0.019668832
993431,0.0079618562
993432,0.027726477
993433,0.034133732
993434,0.0071454216
993435,0.0070226332
993436,0.013747271
993437,0.0064258175
993438,0.019226404
993439,0.019569496
993440,0.010664637
993441,0.0070879767
993442,0.010577751
993443,0.010640941
993444,0.01020795
993445,0.0062435376
993446,0.0071698357
993447,0.0071849148
993448,0.010661765
993449,0.0094496841
993450,0.032119807
993451,0.014038804
993452,0.0059570312
993453,0.0072150733
993454,0.0070183249
993455,0.006473456
993456,0.027607996
993457,0.008223231
993458,0.022978514
993459,0.020675121
993460,0.0065606665
993461,0.014045984
993462,0.0066636028
993463,0.0075482535
993464,0.013838465
993465,0.013791791
993466,0.030175781
993467,0.0071899416
993468,0.01128935
993469,0.0066168848
993470,0.0021916521
993471,0.0019888156
993472,0.022576544
993473,0.011169434
993474,0.011371926
993475,0.015997546
993476,0.0021394603
993477,0.0087251551
993478,0.0081891883
993479,0.0071159811
993480,0.023634249
993481,0.006982422
993482,0.010434858
993483,0.0070958757
993484,0.010203642
993485,0.0075834384
993486,0.014407169
993487,0.030647548
993488,0.020691637
993489,0.014269302
993490,0.0074132583
993491,0.009296013
993492,0.039265711
993493,0.0083187325
993494,0.010823328
993495,0.037316177
993496,0.011233341
993497,0.0075173769
993498,0.0085937502
993499,0.022789761
993500,0.0088127581
993501,0.007151884
993502,0.010332175
993503,0.013801126
993504,0.010362334
993505,0.0041137999
993506,0.0061759716
993507,0.011478918
993508,0.0072732363
993509,0.008048024
993510,0.0072509767
993511,0.0074800379
993512,0.010581342
993513,0.0072136372
993514,0.0071633733
993515,0.0063177366
993516,0.0075482535
993517,0.007233025
993518,0.010541849
993519,0.015579856
993520,0.017348345
993521,0.012050813
993522,0.023219511
993523,0.010616527
993524,0.0070477654
993525,0.0072423597
993526,0.0072150733
993527,0.007078642
993528,0.013699161
993529,0.0063212207
993530,0.0074348003
993531,0.0082756495
993532,0.010597858
993533,0.014533548
993534,0.036646225
993535,0.039270736
993536,0.010306325
993537,0.0070527918
993538,0.0079503674
993539,0.015148904
993540,0.020762006
993541,0.0071669635
993542,0.007313448
993543,0.0096995635
993544,0.0086231902
993545,0.010788144
993546,0.0176169
993547,0.013564884
993548,0.0071755801
993549,0.00936478
993550,0.007291906
993551,0.0084537286
993552,0.016075224
993553,0.0140625
993554,0.010609346
993555,0.0072229723
993556,0.0072157914
993557,0.010386747
993558,0.0070147347
993559,0.0073299631
993560,0.0073005226
993561,0.014484719
993562,0.010413316
993563,0.024479406
993564,0.0077385399
993565,0.010453527
993566,0.007254567
993567,0.011040901
993568,0.020969525
993569,0.016627485
993570,0.0073823817
993571,0.007291906
993572,0.0074987076
993573,0.023827011
993574,0.0073436066
993575,0.013993566
993576,0.0065515894
993577,0.017352654
993578,0.010754394
993579,0.028970251
993580,0.0071762982
993581,0.010067929
993582,0.016009558
993583,0.014199994
993584,0.01047866
993585,0.025298713
993586,0.0082059968
993587,0.010653866
993588,0.0073988969
993589,0.038790356
993590,0.0081621958
993591,0.0074369544
993592,0.0084458292
993593,0.0071310606
993594,0.0073321173
993595,0.013947611
993596,0.0073342714
993597,0.0074757296
993598,0.013901655
993599,0.012550265
993600,0.026653621
993601,0.013648179
993602,0.0064114607
993603,0.0072208182
993604,0.0073364256
993605,0.014397116
993606,0.032718759
993607,0.01060432
993608,0.0064194622
993609,0.015100202
993610,0.0096880747
993611,0.0075137867
993612,0.0056877583
993613,0.013643871
993614,0.0072287167
993615,0.02053079
993616,0.0071267523
993617,0.017711684
993618,0.0071619372
993619,0.01051528
993620,0.010793888
993621,0.0070879767
993622,0.015365062
993623,0.01204127
993624,0.0081478339
993625,0.010018382
993626,0.0081456797
993627,0.0070578181
993628,0.012832568
993629,0.034363512
993630,0.0085219443
993631,0.010746496
993632,0.010230929
993633,0.028252814
993634,0.0176687
993635,0.019614054
993636,0.0074886545
993637,0.016565777
993638,0.039627615
993639,0.020622702
993640,0.019037813
993641,0.0062306123
993642,0.0021069546
993643,0.007041303
993644,0.013704906
993645,0.0061401366
993646,0.0073895622
993647,0.0058708638
993648,0.01952653
993649,0.014214011
993650,0.036995921
993651,0.010661765
993652,0.018037684
993653,0.0079719098
993654,0.016074559
993655,0.010846307
993656,0.010542567
993657,0.0072423597
993658,0.021065746
993659,0.0026932654
993660,0.017826574
993661,0.014170209
993662,0.0069422103
993663,0.010493739
993664,0.010801069
993665,0.0055725924
993666,0.039717373
993667,0.039280791
993668,0.0014612217
993669,0.017629825
993670,0.030914666
993671,0.034779269
993672,0.026348518
993673,0.024925321
993674,0.0070815142
993675,0.017586024
993676,0.039938536
993677,0.010593549
993678,0.019905211
993679,0.0070836684
993680,0.0081571694
993681,0.026824592
993682,0.0076925838
993683,0.011845847
993684,0.0071770162
993685,0.007210047
993686,0.010386029
993687,0.039768353
993688,0.017209759
993689,0.0065785316
993690,0.013651052
993691,0.0061882148
993692,0.035627786
993693,0.0075252759
993694,0.010638786
993695,0.0059204102
993696,0.0071935318
993697,0.0087696752
993698,0.011960018
993699,0.0062176874
993700,0.014352596
993701,0.0070542279
993702,0.01071921
993703,0.0070298137
993704,0.030384736
993705,0.012041017
993706,0.007115263
993707,0.0080006318
993708,0.0068359375
993709,0.010799632
993710,0.0070743337
993711,0.0067512062
993712,0.012672335
993713,0.010617963
993714,0.011091165
993715,0.0072193821
993716,0.036084123
993717,0.018066376
993718,0.017359834
993719,0.01079317
993720,0.010243854
993721,0.016904583
993722,0.017784208
993723,0.019424651
993724,0.010257496
993725,0.0072509767
993726,0.019853646
993727,0.01027473
993728,0.0074283374
993729,0.010075827
993730,0.010975097
993731,0.020714615
993732,0.0072761085
993733,0.010559082
993734,0.018969726
993735,0.0072495406
993736,0.010454963
993737,0.0070743337
993738,0.021569824
993739,0.013263835
993740,0.0070211971
993741,0.0078196805
993742,0.0079367245
993743,0.0073838178
993744,0.008767521
993745,0.0079403147
993746,0.01913129
993747,0.0095911361
993748,0.0070592542
993749,0.020154526
993750,0.013490924
993751,0.009911906
993752,0.020814659
993753,0.0096688522
993754,0.0070240693
993755,0.0071023381
993756,0.0068991268
993757,0.0070549459
993758,0.026027691
993759,0.019786419
993760,0.011193847
993761,0.010842716
993762,0.0072847256
993763,0.0070441752
993764,0.0066511529
993765,0.010923139
993766,0.010025447
993767,0.013885858
993768,0.0079898611
993769,0.0080982884
993770,0.039728861
993771,0.0075087603
993772,0.0065917969
993773,0.010896571
993774,0.012507442
993775,0.020273007
993776,0.015846515
993777,0.030723661
993778,0.029738231
993779,0.017247079
993780,0.0061710132
993781,0.010673254
993782,0.019069657
993783,0.010039206
993784,0.0081916358
993785,0.017319623
993786,0.0075137867
993787,0.024373852
993788,0.0086684283
993789,0.010575597
993790,0.010753676
993791,0.0079474952
993792,0.010774501
993793,0.0094733741
993794,0.0076502184
993795,0.0073098578
993796,0.010951143
993797,0.014226936
993798,0.0071626552
993799,0.026359288
993800,0.0072380514
993801,0.0073019587
993802,0.010141263
993803,0.0073120119
993804,0.0074355183
993805,0.013821231
993806,0.017130055
993807,0.0071245977
993808,0.007100184
993809,0.017378503
993810,0.0087316176
993811,0.014876063
993812,0.014453843
993813,0.023701029
993814,0.029808367
993815,0.017367734
993816,0.023018153
993817,0.017491957
993818,0.006652114
993819,0.0069529815
993820,0.017743278
993821,0.010650275
993822,0.013926068
993823,0.0028027459
993824,0.026017614
993825,0.007151884
993826,0.016717888
993827,0.014333209
993828,0.0071813245
993829,0.0057967422
993830,0.0071475757
993831,0.014005055
993832,0.010454963
993833,0.023792939
993834,0.013284709
993835,0.014160874
993836,0.010317096
993837,0.0072265626
993838,0.030412024
993839,0.0077679805
993840,0.010272576
993841,0.020305319
993842,0.010849179
993843,0.039550781
993844,0.01187842
993845,0.0072229723
993846,0.017198989
993847,0.013184478
993848,0.017418716
993849,0.019060202
993850,0.011094111
993851,0.012133789
993852,0.0074628047
993853,0.0073012407
993854,0.031021273
993855,0.014402143
993856,0.014246323
993857,0.010562672
993858,0.0072581572
993859,0.0068818936
993860,0.0072114831
993861,0.0077213063
993862,0.020691637
993863,0.014221909
993864,0.039294433
993865,0.010919549
993866,0.00736443
993867,0.007100184
993868,0.016547194
993869,0.017164523
993870,0.0071870694
993871,0.0069558537
993872,0.0092141544
993873,0.010331457
993874,0.0073615578
993875,0.020400103
993876,0.030310767
993877,0.0077579273
993878,0.0069809859
993879,0.010887235
993880,0.0061013615
993881,0.028034722
993882,0.0092723174
993883,0.016520089
993884,0.0072308709
993885,0.010397518
993886,0.012446864
993887,0.013419836
993888,0.006887638
993889,0.039621871
993890,0.022966452
993891,0.01074865
993892,0.01071921
993893,0.019186581
993894,0.019008115
993895,0.010785271
993896,0.033707205
993897,0.0079058483
993898,0.020858226
993899,0.0072086109
993900,0.014522777
993901,0.0060317097
993902,0.02315243
993903,0.010271139
993904,0.010582778
993905,0.01947083
993906,0.016800465
993907,0.0160027
993908,0.026872702
993909,0.010237803
993910,0.0052820542
993911,0.017348345
993912,0.020535098
993913,0.011997358
993914,0.010757985
993915,0.011344641
993916,0.027000517
993917,0.010737161
993918,0.0070772059
993919,0.010525333
993920,0.01384421
993921,0.0076789409
993922,0.016130311
993923,0.010689769
993924,0.022897169
993925,0.020936495
993926,0.009809427
993927,0.017670037
993928,0.020456113
993929,0.0069149244
993930,0.0071748621
993931,0.021885052
993932,0.027287023
993933,0.013717831
993934,0.010621553
993935,0.014023007
993936,0.0070800781
993937,0.0074046417
993938,0.0076013901
993939,0.0080595128
993940,0.0078922044
993941,0.0067612594
993942,0.013926786
993943,0.012796593
993944,0.006147366
993945,0.024161305
993946,0.012516649
993947,0.012606991
993948,0.019683477
993949,0.0069048712
993950,0.0070657171
993951,0.007217946
993952,0.011045209
993953,0.0095895464
993954,0.0069996552
993955,0.014832261
993956,0.010358025
993957,0.010692641
993958,0.011242676
993959,0.013661104
993960,0.010581342
993961,0.014125689
993962,0.012922963
993963,0.013798254
993964,0.0072969324
993965,0.006602278
993966,0.0070204791
993967,0.0072861616
993968,0.014163028
993969,0.014123535
993970,0.012442555
993971,0.017153751
993972,0.012172564
993973,0.0071231616
993974,0.013427734
993975,0.0068847658
993976,0.010531796
993977,0.0072603114
993978,0.014154412
993979,0.0073357075
993980,0.011295094
993981,0.0074491613
993982,0.011470301
993983,0.021124627
993984,0.010801787
993985,0.0070384308
993986,0.028961327
993987,0.017439539
993988,0.0099104857
993989,0.013797536
993990,0.0072157914
993991,0.004939321
993992,0.011259191
993993,0.0093800267
993994,0.0071238796
993995,0.017085535
993996,0.032485746
993997,0.0021573079
993998,0.010253906
993999,0.0074786018
994000,0.0074527515
994001,0.0075640511
994002,0.0073091397
994003,0.01323092
994004,0.0065755895
994005,0.039119944
994006,0.0073005226
994007,0.012301055
994008,0.010576315
994009,0.0071238796
994010,0.009557277
994011,0.0088206576
994012,0.017099179
994013,0.027135512
994014,0.0069508273
994015,0.0095648644
994016,0.018410357
994017,0.017816521
994018,0.010271139
994019,0.011191693
994020,0.0068739946
994021,0.014154412
994022,0.01247997
994023,0.0070269415
994024,0.0019011195
994025,0.0070362766
994026,0.016046595
994027,0.016814826
994028,0.0071159811
994029,0.020198328
994030,0.0044746879
994031,0.0072150733
994032,0.0020531171
994033,0.0068933824
994034,0.010520306
994035,0.0092385681
994036,0.011702235
994037,0.018508732
994038,0.007541073
994039,0.020837696
994040,0.0068337834
994041,0.0072129192
994042,0.010645967
994043,0.0078031654
994044,0.014889706
994045,0.010349409
994046,0.039048858
994047,0.0071016201
994048,0.016796876
994049,0.0071231616
994050,0.010345099
994051,0.0101821
994052,0.0065602022
994053,0.0073529412
994054,0.0072933421
994055,0.029058265
994056,0.0099530388
994057,0.017464671
994058,0.032218665
994059,0.0064947475
994060,0.0067626955
994061,0.037180465
994062,0.0073306812
994063,0.0075942096
994064,0.0071116728
994065,0.0071576289
994066,0.03938419
994067,0.010399672
994068,0.0069852942
994069,0.0062614656
994070,0.017092716
994071,0.010396082
994072,0.010612937
994073,0.01014337
994074,0.013737218
994075,0.014582376
994076,0.008341711
994077,0.017334703
994078,0.010666073
994079,0.0075647691
994080,0.021647498
994081,0.0075224033
994082,0.010638786
994083,0.0062475614
994084,0.0072244084
994085,0.0068452721
994086,0.013840619
994087,0.015148654
994088,0.010732135
994089,0.0069558537
994090,0.0095961904
994091,0.0072265626
994092,0.01017851
994093,0.0071389591
994094,0.0276956
994095,0.021691177
994096,0.010756548
994097,0.015719784
994098,0.013697725
994099,0.0068474263
994100,0.010868566
994101,0.020824477
994102,0.017225558
994103,0.01342199
994104,0.01081543
994105,0.0071978401
994106,0.020405848
994107,0.0096155535
994108,0.012936733
994109,0.03669421
994110,0.0081475005
994111,0.011902574
994112,0.011086857
994113,0.010631606
994114,0.0068258848
994115,0.005837115
994116,0.010397518
994117,0.016562069
994118,0.0079963235
994119,0.005646111
994120,0.011201747
994121,0.016247977
994122,0.017535759
994123,0.010523897
994124,0.01169649
994125,0.016007008
994126,0.016938332
994127,0.01083769
994128,0.0072610294
994129,0.005991498
994130,0.0071949679
994131,0.0068840478
994132,0.010770191
994133,0.0073608398
994134,0.010697667
994135,0.007033404
994136,0.020763442
994137,0.0071820426
994138,0.016983571
994139,0.031690888
994140,0.017252844
994141,0.019863354
994142,0.010477223
994143,0.007732077
994144,0.013984231
994145,0.013557703
994146,0.013592889
994147,0.013949765
994148,0.037179746
994149,0.0069989371
994150,0.0071949679
994151,0.010960478
994152,0.013986385
994153,0.0072746724
994154,0.011655561
994155,0.0065529761
994156,0.0061919042
994157,0.0071116728
994158,0.011797018
994159,0.021635167
994160,0.006208993
994161,0.011702235
994162,0.013898064
994163,0.039799232
994164,0.007372329
994165,0.013875086
994166,0.017796416
994167,0.007151166
994168,0.0024774582
994169,0.008165068
994170,0.022484718
994171,0.0070154527
994172,0.0073909983
994173,0.0069077434
994174,0.0073342714
994175,0.0059010223
994176,0.01709128
994177,0.0066585764
994178,0.014053165
994179,0.034154557
994180,0.0090260226
994181,0.0071683996
994182,0.01013399
994183,0.0025556432
994184,0.0070384308
994185,0.0071289064
994186,0.0069450829
994187,0.0073802276
994188,0.014682905
994189,0.0071238796
994190,0.013521801
994191,0.0068826117
994192,0.0092012295
994193,0.010609346
994194,0.010477941
994195,0.0073184744
994196,0.007210047
994197,0.010757985
994198,0.03800695
994199,0.0072840075
994200,0.026135972
994201,0.0071231616
994202,0.011376235
994203,0.01327617
994204,0.006322972
994205,0.007092285
994206,0.006189683
994207,0.010461425
994208,0.039568014
994209,0.02086756
994210,0.0070772059
994211,0.0094094668
994212,0.0073206285
994213,0.0083065256
994214,0.0071770162
994215,0.010847025
994216,0.007400333
994217,0.017555147
994218,0.010548311
994219,0.026327934
994220,0.013961254
994221,0.02433005
994222,0.032528322
994223,0.0076753506
994224,0.01148179
994225,0.0093182735
994226,0.010495893
994227,0.0062514362
994228,0.0076868394
994229,0.0067095589
994230,0.024442067
994231,0.0070994659
994232,0.019714104
994233,0.014397116
994234,0.017428769
994235,0.039631203
994236,0.013580682
994237,0.010492302
994238,0.0069285673
994239,0.010271139
994240,0.0061920858
994241,0.023713235
994242,0.03968434
994243,0.018390235
994244,0.0073112939
994245,0.0071382411
994246,0.0070075542
994247,0.024119603
994248,0.0063447841
994249,0.0066325292
994250,0.0069623161
994251,0.020704562
994252,0.0067734662
994253,0.0071138269
994254,0.039493337
994255,0.0073091397
994256,0.017796416
994257,0.012673771
994258,0.0071396772
994259,0.018108772
994260,0.014365521
994261,0.006828757
994262,0.010477941
994263,0.026264437
994264,0.0073694563
994265,0.023795094
994266,0.01053395
994267,0.0096399644
994268,0.010780963
994269,0.0071920957
994270,0.0055721509
994271,0.017150879
994272,0.010836254
994273,0.0073414524
994274,0.020484835
994275,0.0070851045
994276,0.01074506
994277,0.021855943
994278,0.023086201
994279,0.0069687786
994280,0.0010451025
994281,0.0161657
994282,0.0072380514
994283,0.0067741843
994284,0.010350127
994285,0.010655303
994286,0.0072409236
994287,0.017323932
994288,0.010900879
994289,0.010574879
994290,0.013984949
994291,0.025751092
994292,0.0024217512
994293,0.0071166991
994294,0.011454504
994295,0.017371323
994296,0.017018037
994297,0.010373104
994298,0.014101993
994299,0.010910214
994300,0.0069867303
994301,0.007077924
994302,0.0071920957
994303,0.010538259
994304,0.039579503
994305,0.0065982593
994306,0.030550608
994307,0.0074843462
994308,0.03990335
994309,0.013706342
994310,0.016758099
994311,0.014063936
994312,0.011098346
994313,0.0071468577
994314,0.037805893
994315,0.017318904
994316,0.0068718405
994317,0.023995433
994318,0.0071605011
994319,0.0073184744
994320,0.0094669117
994321,0.014104865
994322,0.0080099665
994323,0.020773495
994324,0.0065447935
994325,0.033464499
994326,0.013511029
994327,0.017428769
994328,0.008180147
994329,0.0077263326
994330,0.014068244
994331,0.010653866
994332,0.0074742935
994333,0.032474294
994334,0.029423254
994335,0.010596422
994336,0.021599265
994337,0.018359374
994338,0.010422651
994339,0.0066901711
994340,0.0067985984
994341,0.015800925
994342,0.01428079
994343,0.0073766373
994344,0.029051216
994345,0.0068596336
994346,0.0072028665
994347,0.02770637
994348,0.010499483
994349,0.0054271026
994350,0.010573443
994351,0.0062966738
994352,0.0073306812
994353,0.0073515051
994354,0.013427016
994355,0.011702235
994356,0.014592429
994357,0.0072043026
994358,0.007100184
994359,0.0074635227
994360,0.011103372
994361,0.01361443
994362,0.0070247874
994363,0.01238511
994364,0.0064235255
994365,0.010722082
994366,0.025178658
994367,0.0073098578
994368,0.039914839
994369,0.0072861616
994370,0.016882325
994371,0.0080681294
994372,0.0071648094
994373,0.033194508
994374,0.013839183
994375,0.033690687
994376,0.0075482535
994377,0.0063189338
994378,0.011117733
994379,0.0070427391
994380,0.011094037
994381,0.007444853
994382,0.02089772
994383,0.020694509
994384,0.014020135
994385,0.0079977596
994386,0.0075934916
994387,0.010410444
994388,0.0089096967
994389,0.011579601
994390,0.010312069
994391,0.0073069851
994392,0.014211857
994393,0.013846364
994394,0.0020959862
994395,0.0069206688
994396,0.0078828698
994397,0.0071849148
994398,0.0070585362
994399,0.0065831803
994400,0.011311609
994401,0.0078527117
994402,0.0073270909
994403,0.014023007
994404,0.0070168888
994405,0.006289863
994406,0.028030934
994407,0.0076789409
994408,0.013922478
994409,0.011657445
994410,0.0074060778
994411,0.0036310693
994412,0.0071691177
994413,0.024063649
994414,0.010477941
994415,0.016948385
994416,0.0073579676
994417,0.010392492
994418,0.0069422103
994419,0.007100184
994420,0.0072825714
994421,0.036328126
994422,0.019300666
994423,0.010617245
994424,0.010798196
994425,0.0059512868
994426,0.014235552
994427,0.03371295
994428,0.0069443649
994429,0.0072437958
994430,0.0072904699
994431,0.0069508273
994432,0.010687615
994433,0.033052597
994434,0.00736443
994435,0.017575253
994436,0.010689051
994437,0.036086898
994438,0.0071920957
994439,0.01384421
994440,0.0067856731
994441,0.0070377127
994442,0.0070527918
994443,0.01361443
994444,0.039924175
994445,0.020968089
994446,0.021511095
994447,0.0076064165
994448,0.0072610294
994449,0.017048197
994450,0.037396599
994451,0.0092780618
994452,0.0072265626
994453,0.013068629
994454,0.016431972
994455,0.014056037
994456,0.0070994659
994457,0.013772404
994458,0.013556985
994459,0.010472915
994460,0.0076121609
994461,0.008326631
994462,0.027214499
994463,0.020772059
994464,0.03929228
994465,0.0073816637
994466,0.010807531
994467,0.018821085
994468,0.027564194
994469,0.0070434571
994470,0.0068933824
994471,0.0096644275
994472,0.0078370664
994473,0.0068610697
994474,0.017444566
994475,0.013993566
994476,0.0074477252
994477,0.0073471968
994478,0.0073809456
994479,0.01083769
994480,0.010342945
994481,0.0081341909
994482,0.018175552
994483,0.036266711
994484,0.039590992
994485,0.039789896
994486,0.0064690085
994487,0.0069048712
994488,0.0071583469
994489,0.0084996838
994490,0.0062097884
994491,0.013977051
994492,0.010503791
994493,0.0071353689
994494,0.0073141661
994495,0.0071533201
994496,0.010631606
994497,0.010538977
994498,0.010594267
994499,0.020461857
994500,0.0076243682
994501,0.0174101
994502,0.0076293945
994503,0.007291188
994504,0.0065946691
994505,0.038706344
994506,0.031954419
994507,0.0068531712
994508,0.0073414524
994509,0.014234834
994510,0.021778546
994511,0.013738655
994512,0.0069393381
994513,0.0070233513
994514,0.033994429
994515,0.039374139
994516,0.0073148841
994517,0.0060008331
994518,0.0069745234
994519,0.011923397
994520,0.0066903667
994521,0.0077076633
994522,0.028265741
994523,0.0066822725
994524,0.024093807
994525,0.017247817
994526,0.0072811353
994527,0.039886117
994528,0.017682243
994529,0.02576636
994530,0.0070872586
994531,0.0071116728
994532,0.020500632
994533,0.0096966913
994534,0.01415872
994535,0.0079273898
994536,0.013765223
994537,0.010639505
994538,0.0074118222
994539,0.010850615
994540,0.0081183938
994541,0.0073988969
994542,0.010710592
994543,0.017267922
994544,0.017233456
994545,0.010716338
994546,0.015664494
994547,0.017233456
994548,0.0072883158
994549,0.0071310606
994550,0.0055228462
994551,0.0070168888
994552,0.0069838581
994553,0.0095940083
994554,0.0077026365
994555,0.014182416
994556,0.017543659
994557,0.0074707032
994558,0.0072366153
994559,0.030618824
994560,0.0094619999
994561,0.012841769
994562,0.014981617
994563,0.016121954
994564,0.0078469673
994565,0.0059729018
994566,0.013915298
994567,0.019102164
994568,0.009815379
994569,0.010619399
994570,0.0073213466
994571,0.020724667
994572,0.010750086
994573,0.016283147
994574,0.0073364256
994575,0.026497157
994576,0.0081492709
994577,0.007291188
994578,0.024023438
994579,0.010551183
994580,0.030677706
994581,0.0070628445
994582,0.0068754307
994583,0.0065869419
994584,0.015689626
994585,0.010485122
994586,0.010654585
994587,0.009707462
994588,0.016493136
994589,0.0099063646
994590,0.0073816637
994591,0.014146513
994592,0.016487153
994593,0.027688419
994594,0.015489287
994595,0.007210047
994596,0.0074254652
994597,0.010479378
994598,0.010399672
994599,0.010573443
994600,0.027299948
994601,0.0066291243
994602,0.0041209273
994603,0.0061665121
994604,0.017210478
994605,0.017178165
994606,0.020018095
994607,0.0068969727
994608,0.0072258445
994609,0.0064212279
994610,0.012505027
994611,0.0062794406
994612,0.0074958354
994613,0.0069960649
994614,0.0064185048
994615,0.0067950082
994616,0.010495175
994617,0.011447046
994618,0.024824275
994619,0.0073874081
994620,0.017833754
994621,0.030819163
994622,0.020648552
994623,0.012761374
994624,0.0096284756
994625,0.0074139764
994626,0.0031845339
994627,0.039372701
994628,0.0074462891
994629,0.0069206688
994630,0.0068933824
994631,0.017454095
994632,0.0066054398
994633,0.009632417
994634,0.013524693
994635,0.0072516948
994636,0.016088149
994637,0.02690286
994638,0.020695226
994639,0.013997156
994640,0.018590871
994641,0.0072725182
994642,0.0018719144
994643,0.039533548
994644,0.0087036137
994645,0.007422593
994646,0.0073184744
994647,0.013913143
994648,0.0069048712
994649,0.013582118
994650,0.0086634019
994651,0.0072057387
994652,0.0070750518
994653,0.013100947
994654,0.010286219
994655,0.017786363
994656,0.007115263
994657,0.022030992
994658,0.033046223
994659,0.040579043
994660,0.0073385797
994661,0.010255342
994662,0.007210765
994663,0.017049633
994664,0.0094145201
994665,0.025367647
994666,0.013986385
994667,0.0096870651
994668,0.0079403147
994669,0.010817584
994670,0.0066242609
994671,0.0070843864
994672,0.012151022
994673,0.02354449
994674,0.037189797
994675,0.0087732654
994676,0.0090346392
994677,0.0073120119
994678,0.0072883158
994679,0.0076983282
994680,0.007159783
994681,0.016978545
994682,0.0071030562
994683,0.0069565717
994684,0.007467831
994685,0.020115752
994686,0.018434772
994687,0.013476563
994688,0.0072560031
994689,0.010890108
994690,0.025271446
994691,0.012650792
994692,0.013683364
994693,0.01738712
994694,0.0097561646
994695,0.010725672
994696,0.007115263
994697,0.0072201001
994698,0.0035958835
994699,0.0067691579
994700,0.014015826
994701,0.0072732363
994702,0.021725643
994703,0.013335687
994704,0.014041676
994705,0.013645307
994706,0.010294836
994707,0.0096414005
994708,0.0068711224
994709,0.013903091
994710,0.013987822
994711,0.010581342
994712,0.037660845
994713,0.0075389189
994714,0.0071770162
994715,0.026115675
994716,0.0077335131
994717,0.01361802
994718,0.0081717791
994719,0.0072165094
994720,0.017084099
994721,0.036696024
994722,0.0072933421
994723,0.010402544
994724,0.014045266
994725,0.010948271
994726,0.0071317786
994727,0.011661305
994728,0.0078871781
994729,0.010662483
994730,0.007444853
994731,0.01350644
994732,0.015778881
994733,0.010595703
994734,0.015571145
994735,0.0073565315
994736,0.0072825714
994737,0.0071698357
994738,0.0072143553
994739,0.0072452319
994740,0.0069070254
994741,0.0081988163
994742,0.020880487
994743,0.0081571694
994744,0.0066755353
994745,0.0074247471
994746,0.010830509
994747,0.017183192
994748,0.029146001
994749,0.007371611
994750,0.0066786376
994751,0.0073845359
994752,0.018281825
994753,0.0072861616
994754,0.014096967
994755,0.0071827606
994756,0.032373048
994757,0.017865349
994758,0.010309197
994759,0.0073005226
994760,0.010470043
994761,0.010743624
994762,0.0080587948
994763,0.010471479
994764,0.017235611
994765,0.0066241096
994766,0.0065156827
994767,0.013074448
994768,0.020751234
994769,0.0077342312
994770,0.018110208
994771,0.021276137
994772,0.010213695
994773,0.020309681
994774,0.036712289
994775,0.0071806065
994776,0.010312069
994777,0.0072495406
994778,0.0073220646
994779,0.013811897
994780,0.0086713005
994781,0.01071131
994782,0.02642037
994783,0.0080537684
994784,0.0069278493
994785,0.0076071345
994786,0.014123535
994787,0.0099028619
994788,0.010181382
994789,0.0074750115
994790,0.0092856502
994791,0.017935719
994792,0.0073421705
994793,0.010523897
994794,0.010373104
994795,0.039161593
994796,0.0060482249
994797,0.0064824629
994798,0.0073759193
994799,0.0074699852
994800,0.014005055
994801,0.010500919
994802,0.0074728574
994803,0.010466452
994804,0.010916676
994805,0.014188878
994806,0.013196288
994807,0.0072495406
994808,0.014387784
994809,0.023323329
994810,0.010398954
994811,0.0070362766
994812,0.013333637
994813,0.031543259
994814,0.0073364256
994815,0.017348345
994816,0.011137838
994817,0.010516716
994818,0.0072983685
994819,0.027283434
994820,0.010745778
994821,0.011540671
994822,0.015656594
994823,0.0073773554
994824,0.0072682099
994825,0.010258933
994826,0.0078290151
994827,0.010546875
994828,0.0077686985
994829,0.0071030562
994830,0.0095329732
994831,0.016762407
994832,0.014042394
994833,0.0027526831
994834,0.0062291762
994835,0.017497702
994836,0.011093319
994837,0.020379998
994838,0.0066758026
994839,0.015923712
994840,0.023348719
994841,0.013970588
994842,0.026089694
994843,0.010994945
994844,0.011512667
994845,0.013798972
994846,0.010477941
994847,0.02378935
994848,0.0072064567
994849,0.027778896
994850,0.023759192
994851,0.0069551356
994852,0.0068145334
994853,0.015019675
994854,0.021041332
994855,0.0071928138
994856,0.011560776
994857,0.011684283
994858,0.017372759
994859,0.0098704621
994860,0.007092285
994861,0.0064962949
994862,0.01071921
994863,0.026925121
994864,0.030259794
994865,0.022612453
994866,0.006585849
994867,0.0019426341
994868,0.0068628723
994869,0.007042021
994870,0.024098834
994871,0.035878159
994872,0.007658117
994873,0.010164867
994874,0.0073184744
994875,0.017283002
994876,0.018201131
994877,0.010320686
994878,0.0071461396
994879,0.0077270507
994880,0.0062354803
994881,0.0064466535
994882,0.0062440643
994883,0.038833439
994884,0.0064919866
994885,0.010983456
994886,0.0072308709
994887,0.020553768
994888,0.0075784121
994889,0.010622271
994890,0.010747932
994891,0.0080832085
994892,0.017173139
994893,0.017451027
994894,0.014097685
994895,0.023346307
994896,0.0074269013
994897,0.025080394
994898,0.039005056
994899,0.027397605
994900,0.010472915
994901,0.0021852124
994902,0.017486213
994903,0.0057528163
994904,0.0072610294
994905,0.013924632
994906,0.01658969
994907,0.013936121
994908,0.0079855528
994909,0.039438765
994910,0.010443474
994911,0.0072251265
994912,0.01048943
994913,0.010699822
994914,0.0069206688
994915,0.010304889
994916,0.012101476
994917,0.019856172
994918,0.011054544
994919,0.015417794
994920,0.0070621264
994921,0.013824822
994922,0.0080221733
994923,0.021141142
994924,0.026803769
994925,0.0072021484
994926,0.0071346508
994927,0.008032945
994928,0.0073680202
994929,0.011753935
994930,0.003637892
994931,0.016925408
994932,0.0070721796
994933,0.0069321576
994934,0.014320284
994935,0.03741483
994936,0.013664695
994937,0.0072725182
994938,0.0070542279
994939,0.011547133
994940,0.0076868394
994941,0.0070664352
994942,0.0068614483
994943,0.013947611
994944,0.017079791
994945,0.011216826
994946,0.0094893035
994947,0.0064852512
994948,0.0071037742
994949,0.010525333
994950,0.01048225
994951,0.012168974
994952,0.0092764711
994953,0.0078376317
994954,0.0061279298
994955,0.019688351
994956,0.010433421
994957,0.01044491
994958,0.0068919463
994959,0.025511976
994960,0.013108244
994961,0.0076387292
994962,0.017258588
994963,0.017321777
994964,0.010541849
994965,0.0139591
994966,0.010548311
994967,0.013933249
994968,0.014512061
994969,0.017483341
994970,0.021989677
994971,0.010584932
994972,0.010910214
994973,0.0065476727
994974,0.020614803
994975,0.0076631433
994976,0.0087617766
994977,0.0076286765
994978,0.0072538489
994979,0.0069429288
994980,0.0072035845
994981,0.037201144
994982,0.022968786
994983,0.010358025
994984,0.0070685893
994985,0.0072416416
994986,0.01399572
994987,0.010793888
994988,0.0061962963
994989,0.03062026
994990,0.011284323
994991,0.027686264
994992,0.0069694966
994993,0.0068969727
994994,0.0071999943
994995,0.0073414524
994996,0.017051786
994997,0.0071712718
994998,0.020676557
994999,0.01059714
995000,0.032020628
995001,0.024482938
995002,0.0071841967
995003,0.006828757
995004,0.01415513
995005,0.0072035845
995006,0.019679463
995007,0.010794606
995008,0.0076322667
995009,0.012546674
995010,0.01392176
995011,0.007092285
995012,0.010880055
995013,0.0061559342
995014,0.010654585
995015,0.0072315889
995016,0.0060891546
995017,0.0076559628
995018,0.010370232
995019,0.011144302
995020,0.0059082033
995021,0.0072402055
995022,0.0077636717
995023,0.0080494601
995024,0.029003188
995025,0.0064223344
995026,0.0074175666
995027,0.039471075
995028,0.012050494
995029,0.020451086
995030,0.0068818936
995031,0.0072962143
995032,0.012371467
995033,0.019096496
995034,0.007100184
995035,0.0071181352
995036,0.0072229723
995037,0.030813418
995038,0.0073249368
995039,0.02046473
995040,0.010460707
995041,0.011816201
995042,0.017027372
995043,0.010220157
995044,0.0070219152
995045,0.016199449
995046,0.039590992
995047,0.0095790504
995048,0.017462518
995049,0.0063597844
995050,0.01082261
995051,0.014046703
995052,0.010368078
995053,0.0074218749
995054,0.0073033948
995055,0.01811308
995056,0.018306239
995057,0.01396269
995058,0.016327981
995059,0.010808967
995060,0.0068151136
995061,0.0071920957
995062,0.029582608
995063,0.016646082
995064,0.022174647
995065,0.0093678189
995066,0.010914522
995067,0.0071920957
995068,0.017928539
995069,0.035110522
995070,0.010517434
995071,0.02077565
995072,0.0072344611
995073,0.017474724
995074,0.013663976
995075,0.0074362364
995076,0.012641458
995077,0.039657053
995078,0.014305204
995079,0.0069163605
995080,0.0070664352
995081,0.010765165
995082,0.010329302
995083,0.0024333922
995084,0.01071921
995085,0.013845646
995086,0.0094597312
995087,0.0079273898
995088,0.023897059
995089,0.023790067
995090,0.013854262
995091,0.014263557
995092,0.0074290554
995093,0.039636947
995094,0.017204734
995095,0.013678337
995096,0.013331134
995097,0.039705884
995098,0.013888088
995099,0.010868566
995100,0.0066166651
995101,0.010673254
995102,0.0069055893
995103,0.0072150733
995104,0.0082691861
995105,0.010426241
995106,0.01353688
995107,0.01539689
995108,0.0070233513
995109,0.010758703
995110,0.014026597
995111,0.0079963235
995112,0.014096967
995113,0.0095044831
995114,0.01372932
995115,0.010605756
995116,0.0029225582
995117,0.0071798884
995118,0.016166417
995119,0.023130888
995120,0.011316636
995121,0.0066801184
995122,0.010632324
995123,0.01288776
995124,0.0082411822
995125,0.0073802276
995126,0.027297076
995127,0.010410444
995128,0.0021332896
995129,0.0074190027
995130,0.0062184674
995131,0.018681066
995132,0.0074750115
995133,0.0078311693
995134,0.016808365
995135,0.006996783
995136,0.010890826
995137,0.030816291
995138,0.0072567211
995139,0.010586368
995140,0.0063799955
995141,0.0076495004
995142,0.021047793
995143,0.0073077031
995144,0.026091453
995145,0.010618681
995146,0.010928883
995147,0.0070542279
995148,0.022891775
995149,0.0061251111
995150,0.0073335534
995151,0.010895853
995152,0.0092146341
995153,0.010888672
995154,0.013565459
995155,0.023924345
995156,0.0072631836
995157,0.0068143955
995158,0.013534008
995159,0.0071949679
995160,0.01103013
995161,0.010962632
995162,0.016622482
995163,0.0074563418
995164,0.017983111
995165,0.0064747529
995166,0.013932531
995167,0.012204159
995168,0.010891544
995169,0.0086713005
995170,0.0073486329
995171,0.0078282971
995172,0.020711023
995173,0.019351289
995174,0.017566636
995175,0.014007928
995176,0.019106897
995177,0.0081384219
995178,0.010409008
995179,0.010733571
995180,0.039471075
995181,0.028326418
995182,0.013804716
995183,0.0070527918
995184,0.0079273898
995185,0.0060215369
995186,0.0060426476
995187,0.02463307
995188,0.0072301528
995189,0.0085722078
995190,0.011664895
995191,0.0075870291
995192,0.020580336
995193,0.0072847256
995194,0.0023991552
995195,0.039257813
995196,0.0065253242
995197,0.00630537
995198,0.0064524929
995199,0.0071131089
995200,0.010519588
995201,0.0084985737
995202,0.0072617475
995203,0.0061415727
995204,0.030422794
995205,0.010622271
995206,0.007100902
995207,0.009475952
995208,0.011090447
995209,0.014487592
995210,0.0074039237
995211,0.0084329043
995212,0.0083251949
995213,0.0074405447
995214,0.010469325
995215,0.017693015
995216,0.010770191
995217,0.027829159
995218,0.0065155737
995219,0.010332175
995220,0.0072617475
995221,0.0067540784
995222,0.0064772717
995223,0.0071066464
995224,0.010691923
995225,0.031496625
995226,0.021248851
995227,0.0020705357
995228,0.0070693074
995229,0.0071576289
995230,0.027225828
995231,0.01058924
995232,0.0070434571
995233,0.011902574
995234,0.0071461396
995235,0.030030016
995236,0.028759766
995237,0.013538316
995238,0.0070772059
995239,0.018448185
995240,0.039212573
995241,0.013924632
995242,0.031586051
995243,0.010685461
995244,0.010440602
995245,0.03214255
995246,0.01071131
995247,0.0063234698
995248,0.007798139
995249,0.022776455
995250,0.011470301
995251,0.010158404
995252,0.014583094
995253,0.0072114831
995254,0.026334874
995255,0.011015768
995256,0.025022978
995257,0.010354435
995258,0.015418199
995259,0.034888197
995260,0.027253274
995261,0.0077923941
995262,0.0069888844
995263,0.0070441752
995264,0.0076861214
995265,0.0097024357
995266,0.016989315
995267,0.0072150733
995268,0.0087759681
995269,0.0083711511
995270,0.010505945
995271,0.010736443
995272,0.023661535
995273,0.020479808
995274,0.0071648094
995275,0.013597197
995276,0.007422593
995277,0.03559266
995278,0.019679965
995279,0.010354435
995280,0.033916734
995281,0.039774816
995282,0.014028033
995283,0.020329734
995284,0.018226534
995285,0.0072840075
995286,0.0073759193
995287,0.0021431986
995288,0.010664637
995289,0.013879557
995290,0.013666131
995291,0.0072387694
995292,0.010843434
995293,0.006856523
995294,0.007841222
995295,0.0072165094
995296,0.024494486
995297,0.0061428486
995298,0.011203901
995299,0.0058435774
995300,0.011103372
995301,0.0074132583
995302,0.0073098578
995303,0.010324276
995304,0.0072646197
995305,0.018440517
995306,0.010376695
995307,0.023920037
995308,0.0070125805
995309,0.016962029
995310,0.0088465074
995311,0.01157509
995312,0.023713235
995313,0.0096815079
995314,0.024399702
995315,0.020186121
995316,0.0062521542
995317,0.0073888442
995318,0.0072495406
995319,0.024943274
995320,0.0086210361
995321,0.010500919
995322,0.010536104
995323,0.0086124195
995324,0.013641717
995325,0.0072308709
995326,0.011592371
995327,0.022153607
995328,0.017395739
995329,0.039855238
995330,0.03347886
995331,0.0074261832
995332,0.007313448
995333,0.0072998046
995334,0.015871529
995335,0.017369887
995336,0.007136805
995337,0.022531578
995338,0.010653866
995339,0.013038729
995340,0.015330595
995341,0.021013327
995342,0.0097886026
995343,0.024244601
995344,0.019149959
995345,0.013286277
995346,0.007174144
995347,0.017536478
995348,0.010943962
995349,0.0070154527
995350,0.010775937
995351,0.027641745
995352,0.039303768
995353,0.0080307908
995354,0.010542567
995355,0.0072165094
995356,0.0087854723
995357,0.027600816
995358,0.010775937
995359,0.013054343
995360,0.0096949991
995361,0.0072574392
995362,0.010629452
995363,0.0074470071
995364,0.014080452
995365,0.010046119
995366,0.007137523
995367,0.0072883158
995368,0.011777032
995369,0.013907399
995370,0.0070678713
995371,0.013620174
995372,0.0080537684
995373,0.017085535
995374,0.01762215
995375,0.0072150733
995376,0.020326143
995377,0.022405647
995378,0.011595244
995379,0.016862219
995380,0.010235237
995381,0.0072847256
995382,0.0071231616
995383,0.013983513
995384,0.010750086
995385,0.010378849
995386,0.006050379
995387,0.007372329
995388,0.0073069851
995389,0.013752297
995390,0.02386331
995391,0.01568819
995392,0.0061164405
995393,0.0067648496
995394,0.0094647575
995395,0.0076401653
995396,0.0072495406
995397,0.031177476
995398,0.01372932
995399,0.0078491215
995400,0.010880055
995401,0.017374914
995402,0.007210047
995403,0.011240521
995404,0.010615809
995405,0.016891658
995406,0.014105584
995407,0.023161765
995408,0.014085478
995409,0.015214269
995410,0.025985939
995411,0.010379567
995412,0.0070377127
995413,0.0072789812
995414,0.013829849
995415,0.014198214
995416,0.0073479149
995417,0.020201918
995418,0.0063332953
995419,0.0077126897
995420,0.0063914577
995421,0.006502036
995422,0.010262619
995423,0.010721364
995424,0.0069163605
995425,0.015001997
995426,0.010661765
995427,0.0061947093
995428,0.0077837775
995429,0.010740033
995430,0.027725041
995431,0.028231379
995432,0.0066724718
995433,0.013904527
995434,0.0095975986
995435,0.020551614
995436,0.0069091795
995437,0.010420497
995438,0.0078922044
995439,0.01532126
995440,0.0072667738
995441,0.0099656247
995442,0.0095053092
995443,0.017512782
995444,0.013209766
995445,0.0066140569
995446,0.015762867
995447,0.02176011
995448,0.0070851045
995449,0.022884592
995450,0.0074261832
995451,0.0072725182
995452,0.010650994
995453,0.010662483
995454,0.0074793198
995455,0.0085467333
995456,0.0071482938
995457,0.0070111444
995458,0.0070657171
995459,0.020627011
995460,0.033827923
995461,0.0063769338
995462,0.039975874
995463,0.022912597
995464,0.010799632
995465,0.010573443
995466,0.0071691177
995467,0.010555492
995468,0.0059038945
995469,0.01048225
995470,0.014399271
995471,0.0075468174
995472,0.01047866
995473,0.0070054
995474,0.024270451
995475,0.006209827
995476,0.017405791
995477,0.0073263729
995478,0.011062485
995479,0.010635196
995480,0.013798254
995481,0.019171759
995482,0.010732853
995483,0.0088680489
995484,0.017158778
995485,0.01040039
995486,0.019642103
995487,0.006997501
995488,0.023943014
995489,0.0098819509
995490,0.007077924
995491,0.0070657171
995492,0.013913143
995493,0.0139591
995494,0.0070772059
995495,0.0069673425
995496,0.0074075139
995497,0.0073658661
995498,0.021909466
995499,0.026962157
995500,0.010477941
995501,0.013763787
995502,0.0071705538
995503,0.0075353286
995504,0.0075252759
995505,0.016970646
995506,0.014310231
995507,0.010561236
995508,0.010328584
995509,0.012548579
995510,0.017155187
995511,0.0070951572
995512,0.017589614
995513,0.007078642
995514,0.010546875
995515,0.0088809747
995516,0.010745778
995517,0.0057489914
995518,0.010625862
995519,0.01013399
995520,0.0073112939
995521,0.027527574
995522,0.010638068
995523,0.015562706
995524,0.0093527399
995525,0.007093003
995526,0.0105598
995527,0.017634852
995528,0.014287971
995529,0.0069192327
995530,0.0095918542
995531,0.016208904
995532,0.021029124
995533,0.010869284
995534,0.0071324967
995535,0.0073550954
995536,0.0071691177
995537,0.0071296245
995538,0.007159065
995539,0.010535386
995540,0.010164867
995541,0.01327241
995542,0.010594267
995543,0.011339614
995544,0.013674029
995545,0.02009421
995546,0.0068854839
995547,0.017322496
995548,0.0064384956
995549,0.007217946
995550,0.010515998
995551,0.019359633
995552,0.0074642408
995553,0.020744458
995554,0.0070958757
995555,0.0071202894
995556,0.013634535
995557,0.016916791
995558,0.01048943
995559,0.021836225
995560,0.0073313992
995561,0.0087431064
995562,0.0072538489
995563,0.0069034351
995564,0.0070886947
995565,0.014028033
995566,0.033980783
995567,0.0079388786
995568,0.0070312498
995569,0.017160214
995570,0.020477654
995571,0.02034984
995572,0.0071755801
995573,0.004175195
995574,0.022889625
995575,0.0067506703
995576,0.021487247
995577,0.0090785399
995578,0.0072933421
995579,0.0068818936
995580,0.020690918
995581,0.0062396666
995582,0.007291906
995583,0.0080501782
995584,0.007034122
995585,0.037139095
995586,0.010592113
995587,0.010701976
995588,0.0084637813
995589,0.0070010913
995590,0.020920698
995591,0.0070255054
995592,0.030853631
995593,0.0061717313
995594,0.007371611
995595,0.023825252
995596,0.014051011
995597,0.016946232
995598,0.014032342
995599,0.016039321
995600,0.013698443
995601,0.010895853
995602,0.027353803
995603,0.0076078526
995604,0.017176012
995605,0.0071497299
995606,0.0066415453
995607,0.0071238796
995608,0.023851821
995609,0.0067114364
995610,0.017295927
995611,0.010088034
995612,0.0059283087
995613,0.02109375
995614,0.013890166
995615,0.0097325938
995616,0.011440142
995617,0.016797282
995618,0.0069264132
995619,0.0098218098
995620,0.032678939
995621,0.0073450427
995622,0.0068007526
995623,0.016773896
995624,0.0077435663
995625,0.0068933824
995626,0.017389275
995627,0.016947668
995628,0.02943735
995629,0.0070743337
995630,0.010595703
995631,0.0072387694
995632,0.014446663
995633,0.010541131
995634,0.0076279584
995635,0.0094961198
995636,0.030771218
995637,0.013993566
995638,0.010948989
995639,0.010663201
995640,0.018930234
995641,0.0096596591
995642,0.015429316
995643,0.0072567211
995644,0.023816636
995645,0.010903751
995646,0.021702666
995647,0.011065315
995648,0.021302706
995649,0.0070255054
995650,0.0071102367
995651,0.010228056
995652,0.013940429
995653,0.039499801
995654,0.020668657
995655,0.010686897
995656,0.014481129
995657,0.007525994
995658,0.013686236
995659,0.03961828
995660,0.011477482
995661,0.0070003732
995662,0.023747703
995663,0.010182818
995664,0.010251034
995665,0.012623895
995666,0.014046703
995667,0.02749167
995668,0.020967372
995669,0.014399989
995670,0.014045984
995671,0.0099076442
995672,0.0072258445
995673,0.0071102367
995674,0.0070140166
995675,0.0073450427
995676,0.021645179
995677,0.024310661
995678,0.0074778837
995679,0.00743121
995680,0.0068818936
995681,0.0063390187
995682,0.018785184
995683,0.0077493107
995684,0.0071640913
995685,0.010297708
995686,0.010080135
995687,0.0066644028
995688,0.015929457
995689,0.0074139764
995690,0.021507353
995691,0.011468865
995692,0.0073701749
995693,0.018795956
995694,0.0095286649
995695,0.0078814337
995696,0.010670382
995697,0.012976849
995698,0.016558848
995699,0.0069149244
995700,0.03424862
995701,0.019773794
995702,0.030238971
995703,0.0087028956
995704,0.012542371
995705,0.011374081
995706,0.0070319679
995707,0.0070714615
995708,0.020590154
995709,0.0072725182
995710,0.010745778
995711,0.0080070943
995712,0.0063136248
995713,0.0071403952
995714,0.0066624573
995715,0.0068467082
995716,0.022475298
995717,0.017532887
995718,0.011961618
995719,0.013545496
995720,0.00823831
995721,0.02678079
995722,0.0073816637
995723,0.028182445
995724,0.0072516948
995725,0.013987103
995726,0.0065170308
995727,0.013786765
995728,0.010546875
995729,0.021442523
995730,0.0069852942
995731,0.016333224
995732,0.0070535098
995733,0.022117704
995734,0.010523897
995735,0.018030798
995736,0.010599294
995737,0.017107077
995738,0.010696949
995739,0.013923196
995740,0.0072380514
995741,0.01070772
995742,0.014303768
995743,0.010921703
995744,0.0069278493
995745,0.0072954963
995746,0.0057425383
995747,0.013371008
995748,0.014170927
995749,0.02442986
995750,0.0075030159
995751,0.034212001
995752,0.018274726
995753,0.035168391
995754,0.023624914
995755,0.027102482
995756,0.0068251668
995757,0.01570686
995758,0.017782055
995759,0.01080035
995760,0.0082340017
995761,0.012128763
995762,0.010682588
995763,0.01527674
995764,0.020763442
995765,0.0067102769
995766,0.011582319
995767,0.016783232
995768,0.013809742
995769,0.0064848056
995770,0.011165125
995771,0.03954719
995772,0.011927705
995773,0.013740809
995774,0.014925609
995775,0.0070082722
995776,0.007525994
995777,0.0072380514
995778,0.0074139764
995779,0.024471506
995780,0.0070621264
995781,0.0085169179
995782,0.021129653
995783,0.010741469
995784,0.035732854
995785,0.0071619372
995786,0.013663258
995787,0.0072725182
995788,0.020400103
995789,0.023462564
995790,0.016913202
995791,0.019406337
995792,0.032003544
995793,0.0094687305
995794,0.0070901308
995795,0.0071612191
995796,0.0073752012
995797,0.0073213466
995798,0.010705566
995799,0.027429199
995800,0.010757267
995801,0.017063275
995802,0.017451746
995803,0.021995589
995804,0.0071224435
995805,0.0070456113
995806,0.0077809053
995807,0.012724034
995808,0.010495893
995809,0.0095162466
995810,0.011639395
995811,0.0062752785
995812,0.0093434751
995813,0.010403981
995814,0.0062897746
995815,0.0071468577
995816,0.013967716
995817,0.0072387694
995818,0.0073005226
995819,0.017830882
995820,0.0069307215
995821,0.0073579676
995822,0.013977051
995823,0.007173426
995824,0.01753217
995825,0.013936121
995826,0.0074491613
995827,0.010848461
995828,0.010615091
995829,0.014123535
995830,0.028106974
995831,0.013437289
995832,0.0063684196
995833,0.0072258445
995834,0.015372243
995835,0.014023007
995836,0.0076121609
995837,0.010075827
995838,0.020061178
995839,0.0076861214
995840,0.010691923
995841,0.0070886947
995842,0.015750138
995843,0.0072897519
995844,0.0023560359
995845,0.015880629
995846,0.0066652689
995847,0.0068402458
995848,0.0015990417
995849,0.010569853
995850,0.0071870694
995851,0.0075827204
995852,0.014166619
995853,0.03072438
995854,0.013768096
995855,0.0079546757
995856,0.01043773
995857,0.0072150733
995858,0.014394962
995859,0.0080422796
995860,0.0069558537
995861,0.010669664
995862,0.0072244084
995863,0.01780216
995864,0.0097261453
995865,0.010661765
995866,0.0072366153
995867,0.010687615
995868,0.011879596
995869,0.0062083439
995870,0.013126938
995871,0.0070377127
995872,0.010734289
995873,0.0099546555
995874,0.0071992762
995875,0.0071245977
995876,0.0066786823
995877,0.01048225
995878,0.0072007123
995879,0.0075970818
995880,0.013811897
995881,0.0065139621
995882,0.010523897
995883,0.040073529
995884,0.016865809
995885,0.030353861
995886,0.01056339
995887,0.035360456
995888,0.010462143
995889,0.0065544974
995890,0.0072272806
995891,0.0064215041
995892,0.0077730068
995893,0.0072653377
995894,0.029830962
995895,0.012757118
995896,0.036568027
995897,0.016823443
995898,0.011641808
995899,0.007195686
995900,0.01736127
995901,0.0061990176
995902,0.0071863509
995903,0.0072014304
995904,0.01750919
995905,0.017688707
995906,0.01004524
995907,0.022163661
995908,0.0071576289
995909,0.011503331
995910,0.0073450427
995911,0.017566636
995912,0.010470761
995913,0.027653953
995914,0.010849897
995915,0.0033543627
995916,0.013296461
995917,0.0074843462
995918,0.023364257
995919,0.010903033
995920,0.0069565717
995921,0.0094030043
995922,0.0072761085
995923,0.010332893
995924,0.0074865003
995925,0.014028033
995926,0.0071346508
995927,0.0083194505
995928,0.010778091
995929,0.0073601217
995930,0.010878619
995931,0.010781681
995932,0.010317096
995933,0.0082059968
995934,0.011432244
995935,0.0095126843
995936,0.0074505974
995937,0.0075913374
995938,0.017239919
995939,0.022231158
995940,0.0076530906
995941,0.0072380514
995942,0.016116543
995943,0.013947611
995944,0.0077205882
995945,0.010386747
995946,0.021139706
995947,0.0054838294
995948,0.0072344611
995949,0.013075344
995950,0.013775276
995951,0.011025104
995952,0.031826656
995953,0.0070219152
995954,0.014224782
995955,0.010564826
995956,0.0071985582
995957,0.0070571001
995958,0.006571691
995959,0.011440142
995960,0.0075382008
995961,0.013898782
995962,0.0064766593
995963,0.0096307229
995964,0.0077579273
995965,0.0075137867
995966,0.028152287
995967,0.010661765
995968,0.0278586
995969,0.0089707319
995970,0.0063031367
995971,0.011880314
995972,0.016422765
995973,0.016201222
995974,0.010811121
995975,0.0072502587
995976,0.017377786
995977,0.014114918
995978,0.0070082722
995979,0.039321002
995980,0.010984892
995981,0.0067346911
995982,0.010712029
995983,0.0073945886
995984,0.020484835
995985,0.023690257
995986,0.034221336
995987,0.0059189741
995988,0.0070657171
995989,0.0073292451
995990,0.014410041
995991,0.025473921
995992,0.01101146
995993,0.027056526
995994,0.015533088
995995,0.022967344
995996,0.0070592542
995997,0.010466452
995998,0.0087026376
995999,0.010376695
996000,0.01027832
996001,0.013763787
996002,0.007349351
996003,0.01081543
996004,0.0071159811
996005,0.0071639577
996006,0.013926068
996007,0.007100184
996008,0.020785702
996009,0.0058205999
996010,0.0069508273
996011,0.011099782
996012,0.0067950399
996013,0.0063993568
996014,0.018077178
996015,0.0072258445
996016,0.033476707
996017,0.007246668
996018,0.027852187
996019,0.0078354776
996020,0.017049633
996021,0.0072402055
996022,0.010853487
996023,0.01415154
996024,0.0064836997
996025,0.022248344
996026,0.015394584
996027,0.037418708
996028,0.010765165
996029,0.013905245
996030,0.019129137
996031,0.034020998
996032,0.0071834787
996033,0.00740895
996034,0.01739502
996035,0.0072969324
996036,0.014341826
996037,0.010640223
996038,0.010363052
996039,0.013204101
996040,0.0090669524
996041,0.0027086751
996042,0.0071619372
996043,0.010185691
996044,0.0071482938
996045,0.0071439855
996046,0.028371658
996047,0.0071504479
996048,0.0070937211
996049,0.023624197
996050,0.013915298
996051,0.016348805
996052,0.013947611
996053,0.010457835
996054,0.010867848
996055,0.0086547853
996056,0.0097311577
996057,0.0073802276
996058,0.0072875977
996059,0.014039522
996060,0.011394187
996061,0.038086157
996062,0.039369829
996063,0.010623707
996064,0.010677562
996065,0.031935252
996066,0.010202206
996067,0.007371611
996068,0.030636057
996069,0.017179601
996070,0.0072603114
996071,0.010648121
996072,0.020566693
996073,0.033895336
996074,0.0073120119
996075,0.01395445
996076,0.007400333
996077,0.0071978401
996078,0.013375316
996079,0.0065367203
996080,0.0074865003
996081,0.0063921195
996082,0.010592113
996083,0.007092285
996084,0.007114545
996085,0.0072409236
996086,0.0072639016
996087,0.013798254
996088,0.0074843462
996089,0.0070621264
996090,0.0069328756
996091,0.0028388714
996092,0.013997156
996093,0.027903983
996094,0.011523438
996095,0.013859289
996096,0.010765165
996097,0.010443474
996098,0.0073515051
996099,0.015306015
996100,0.021062156
996101,0.0073033948
996102,0.0076631433
996103,0.0044088634
996104,0.0073522232
996105,0.020271571
996106,0.014316694
996107,0.0081571694
996108,0.01037454
996109,0.0073938705
996110,0.0076279584
996111,0.01070054
996112,0.018589154
996113,0.017303107
996114,0.013595043
996115,0.039200369
996116,0.019493243
996117,0.010880773
996118,0.024162022
996119,0.0071640913
996120,0.011867388
996121,0.019867452
996122,0.028717954
996123,0.027976362
996124,0.0072373333
996125,0.0070700254
996126,0.0084400848
996127,0.006494543
996128,0.010788144
996129,0.0089348285
996130,0.0065982593
996131,0.0069946288
996132,0.01041547
996133,0.014648438
996134,0.0067533604
996135,0.02057172
996136,0.014811438
996137,0.010352281
996138,0.013476563
996139,0.010449937
996140,0.030828498
996141,0.039604634
996142,0.009255372
996143,0.0085477941
996144,0.010577751
996145,0.010569853
996146,0.010307761
996147,0.013956945
996148,0.013602941
996149,0.0072215362
996150,0.010695513
996151,0.0238152
996152,0.017090563
996153,0.010558364
996154,0.0063980762
996155,0.039491899
996156,0.014270738
996157,0.010615809
996158,0.0078239888
996159,0.010828354
996160,0.010887235
996161,0.0064483322
996162,0.020438878
996163,0.013158535
996164,0.020798627
996165,0.0099106729
996166,0.0068625058
996167,0.013903809
996168,0.016799748
996169,0.0071461396
996170,0.0098503558
996171,0.0074103861
996172,0.0070240693
996173,0.014861701
996174,0.017361989
996175,0.010755112
996176,0.010403262
996177,0.010308479
996178,0.01822797
996179,0.0099013383
996180,0.0072753904
996181,0.036989991
996182,0.0073005226
996183,0.017992446
996184,0.010717056
996185,0.0079352884
996186,0.0067591048
996187,0.0076983282
996188,0.023563879
996189,0.0068251668
996190,0.010684743
996191,0.0074103861
996192,0.010261087
996193,0.0064467485
996194,0.0084422389
996195,0.016492503
996196,0.010454245
996197,0.0087201288
996198,0.037792891
996199,0.0074685491
996200,0.0098860618
996201,0.0072014304
996202,0.010477941
996203,0.028241325
996204,0.0061099781
996205,0.0070176069
996206,0.0072416416
996207,0.013161519
996208,0.017237047
996209,0.0096997572
996210,0.011368336
996211,0.0064543681
996212,0.0070901308
996213,0.0070886947
996214,0.028258558
996215,0.010161994
996216,0.039622586
996217,0.03951057
996218,0.0073902803
996219,0.017164523
996220,0.0072732363
996221,0.010251034
996222,0.023790067
996223,0.010523897
996224,0.007019043
996225,0.0071095186
996226,0.013910271
996227,0.006901281
996228,0.017845243
996229,0.010765165
996230,0.0070728976
996231,0.0073270909
996232,0.013884421
996233,0.0092299515
996234,0.0063762162
996235,0.0099135451
996236,0.017491957
996237,0.015356446
996238,0.0070355586
996239,0.0063036769
996240,0.0064417282
996241,0.010526051
996242,0.0099336514
996243,0.010940372
996244,0.020720359
996245,0.0108341
996246,0.013099581
996247,0.010900161
996248,0.010167021
996249,0.0096514532
996250,0.010762293
996251,0.007114545
996252,0.0172392
996253,0.035963215
996254,0.0074742935
996255,0.0078512756
996256,0.0084530097
996257,0.013133329
996258,0.027142692
996259,0.010324994
996260,0.011586993
996261,0.013928222
996262,0.0073586856
996263,0.0072251265
996264,0.01063017
996265,0.0063088811
996266,0.007136805
996267,0.013641717
996268,0.0072215362
996269,0.0073450427
996270,0.0072516948
996271,0.0237635
996272,0.0071576289
996273,0.0073450427
996274,0.0073407344
996275,0.0072380514
996276,0.0075597428
996277,0.010519588
996278,0.0072890338
996279,0.010322122
996280,0.0097932573
996281,0.0069292854
996282,0.0073687383
996283,0.0073687383
996284,0.010790298
996285,0.021095186
996286,0.023427447
996287,0.0088579962
996288,0.017413689
996289,0.010880055
996290,0.0077938302
996291,0.0095822746
996292,0.010391774
996293,0.0167275
996294,0.0089994539
996295,0.0071949679
996296,0.0071116728
996297,0.010719928
996298,0.0071806065
996299,0.010730699
996300,0.0072057387
996301,0.010676126
996302,0.010885081
996303,0.0072050206
996304,0.0073156022
996305,0.0063049905
996306,0.0073184744
996307,0.017074764
996308,0.010862822
996309,0.0075446633
996310,0.0085650273
996311,0.010332175
996312,0.0073701749
996313,0.0070815142
996314,0.028463837
996315,0.0070484835
996316,0.0075525618
996317,0.013717831
996318,0.014253505
996319,0.02439611
996320,0.010619399
996321,0.016185327
996322,0.0071920957
996323,0.0075597428
996324,0.017371323
996325,0.0071691177
996326,0.0074333642
996327,0.010144761
996328,0.0073414524
996329,0.011089729
996330,0.017049633
996331,0.013947611
996332,0.030549891
996333,0.0071461396
996334,0.019980038
996335,0.010999971
996336,0.014395947
996337,0.0091983574
996338,0.0063928836
996339,0.014708037
996340,0.016631586
996341,0.0098955659
996342,0.010317096
996343,0.010447782
996344,0.0074527515
996345,0.010959042
996346,0.0070168888
996347,0.015540269
996348,0.027079504
996349,0.0063884137
996350,0.017899817
996351,0.017652804
996352,0.0071870694
996353,0.007400333
996354,0.013608686
996355,0.034021713
996356,0.0086081112
996357,0.028333956
996358,0.0074692671
996359,0.0071942499
996360,0.0072430777
996361,0.012568934
996362,0.015222886
996363,0.0070542279
996364,0.007673196
996365,0.023617733
996366,0.0071461396
996367,0.033732336
996368,0.018788775
996369,0.014109174
996370,0.023644302
996371,0.0099688359
996372,0.015940947
996373,0.0092518041
996374,0.0071123908
996375,0.034063362
996376,0.010462862
996377,0.013213752
996378,0.01437342
996379,0.007078642
996380,0.007042021
996381,0.0069896025
996382,0.010523179
996383,0.010812557
996384,0.0089254938
996385,0.010698386
996386,0.023935117
996387,0.0057595647
996388,0.039433736
996389,0.0067210477
996390,0.02366728
996391,0.017428769
996392,0.0071569108
996393,0.0072294348
996394,0.010581342
996395,0.0090568988
996396,0.0064691803
996397,0.0073795095
996398,0.0065342062
996399,0.010721364
996400,0.013766659
996401,0.010381721
996402,0.0069544176
996403,0.020359734
996404,0.00736443
996405,0.014030905
996406,0.0080243275
996407,0.021128217
996408,0.014028751
996409,0.010454963
996410,0.010352281
996411,0.010466452
996412,0.018120978
996413,0.0073141661
996414,0.010124655
996415,0.026667336
996416,0.017274385
996417,0.030577177
996418,0.007055664
996419,0.019933531
996420,0.010684025
996421,0.0072409236
996422,0.007151884
996423,0.0070886947
996424,0.0211534
996425,0.0078699449
996426,0.017957261
996427,0.018060662
996428,0.013524673
996429,0.017662138
996430,0.020672966
996431,0.013738655
996432,0.0074929632
996433,0.0072990865
996434,0.0071238796
996435,0.007365148
996436,0.0068359375
996437,0.0072660558
996438,0.0063447841
996439,0.0061753215
996440,0.010646685
996441,0.0111005
996442,0.0062797717
996443,0.0070714615
996444,0.0088967718
996445,0.006072639
996446,0.017405791
996447,0.01048943
996448,0.0073529412
996449,0.0064287973
996450,0.0071899416
996451,0.013923914
996452,0.0073177563
996453,0.0071504479
996454,0.020443186
996455,0.015031852
996456,0.0079288259
996457,0.017364861
996458,0.013488051
996459,0.010587086
996460,0.011445169
996461,0.027607996
996462,0.0073874081
996463,0.0071281884
996464,0.0065767965
996465,0.0076717599
996466,0.0043962235
996467,0.0070427391
996468,0.0045385654
996469,0.0071978401
996470,0.0080099665
996471,0.010861386
996472,0.0074269013
996473,0.019567378
996474,0.0070111444
996475,0.0076293945
996476,0.037162513
996477,0.0070585362
996478,0.014135025
996479,0.01046717
996480,0.023695285
996481,0.010845589
996482,0.0070886947
996483,0.010595703
996484,0.024455709
996485,0.0099059138
996486,0.015199738
996487,0.0075870291
996488,0.023647891
996489,0.010523897
996490,0.0068589156
996491,0.014675723
996492,0.038787484
996493,0.015693935
996494,0.012864775
996495,0.022401758
996496,0.017198989
996497,0.0072739543
996498,0.013448037
996499,0.014160156
996500,0.008062385
996501,0.014074707
996502,0.013878676
996503,0.013972742
996504,0.010562672
996505,0.027823415
996506,0.007078642
996507,0.013306382
996508,0.010557646
996509,0.0064403317
996510,0.014458152
996511,0.0070068361
996512,0.01451057
996513,0.0089800665
996514,0.0070865406
996515,0.0070434571
996516,0.0065953871
996517,0.01202608
996518,0.0059756194
996519,0.017164523
996520,0.014010082
996521,0.0078553809
996522,0.025631893
996523,0.0086763268
996524,0.0063993568
996525,0.010611501
996526,0.017325368
996527,0.020990349
996528,0.0074125403
996529,0.013629509
996530,0.024301328
996531,0.024244601
996532,0.014066808
996533,0.010945398
996534,0.007247386
996535,0.013900219
996536,0.0073378617
996537,0.0061078239
996538,0.019601656
996539,0.013556985
996540,0.015773775
996541,0.010719928
996542,0.010781681
996543,0.0069917566
996544,0.0088648461
996545,0.0072818534
996546,0.020278033
996547,0.037392292
996548,0.0075439452
996549,0.027228143
996550,0.014022289
996551,0.01027473
996552,0.0083625345
996553,0.010791016
996554,0.0091818413
996555,0.017203297
996556,0.022355469
996557,0.0020251528
996558,0.016001983
996559,0.0068467082
996560,0.013972742
996561,0.0071037742
996562,0.030625287
996563,0.010602884
996564,0.013553395
996565,0.024108168
996566,0.0096241673
996567,0.024310661
996568,0.0099846385
996569,0.010854205
996570,0.024149816
996571,0.0074908086
996572,0.021289062
996573,0.0073601217
996574,0.01484734
996575,0.014624024
996576,0.031215534
996577,0.037591912
996578,0.01423627
996579,0.010803223
996580,0.010333611
996581,0.012915039
996582,0.0073888442
996583,0.024489459
996584,0.0069185146
996585,0.024011949
996586,0.007525994
996587,0.010229493
996588,0.015857652
996589,0.007929544
996590,0.0071332147
996591,0.008414235
996592,0.0072265626
996593,0.01404024
996594,0.0058191638
996595,0.0089333924
996596,0.011086857
996597,0.010693359
996598,0.0070283776
996599,0.010354435
996600,0.01048943
996601,0.0070305318
996602,0.017768411
996603,0.013790355
996604,0.0098941578
996605,0.024164177
996606,0.0073529412
996607,0.0069623161
996608,0.0066427793
996609,0.013549087
996610,0.018004656
996611,0.0071784523
996612,0.0097620348
996613,0.0077442843
996614,0.0078002932
996615,0.017712802
996616,0.0072610294
996617,0.039145079
996618,0.010997817
996619,0.016446078
996620,0.0059283087
996621,0.02754768
996622,0.010771628
996623,0.014089786
996624,0.0071605011
996625,0.017713839
996626,0.0068416819
996627,0.010384593
996628,0.0071820426
996629,0.006570973
996630,0.022470273
996631,0.0071382411
996632,0.020958755
996633,0.02671401
996634,0.027685547
996635,0.014156566
996636,0.010982738
996637,0.011386288
996638,0.0074139764
996639,0.008723001
996640,0.010692641
996641,0.010004739
996642,0.022881292
996643,0.0107228
996644,0.014015826
996645,0.0070111444
996646,0.0074046417
996647,0.0071770162
996648,0.0073759193
996649,0.024159869
996650,0.014160874
996651,0.014695112
996652,0.011214672
996653,0.0070226332
996654,0.013867187
996655,0.022520918
996656,0.010259651
996657,0.013706342
996658,0.01726505
996659,0.009529002
996660,0.0074254652
996661,0.0070642806
996662,0.013984231
996663,0.012998334
996664,0.007217946
996665,0.0071195713
996666,0.0068309112
996667,0.010692641
996668,0.0072538489
996669,0.010526769
996670,0.010184254
996671,0.020213408
996672,0.014985434
996673,0.0071303425
996674,0.019588694
996675,0.0069221049
996676,0.0072646197
996677,0.0071231616
996678,0.0074635227
996679,0.013479481
996680,0.0098317014
996681,0.012866866
996682,0.0088831289
996683,0.0080702836
996684,0.02654383
996685,0.01429946
996686,0.013165186
996687,0.017252844
996688,0.020493452
996689,0.019697839
996690,0.007100184
996691,0.013872214
996692,0.021266084
996693,0.014305204
996694,0.010998535
996695,0.0053035445
996696,0.014145795
996697,0.013111508
996698,0.015581198
996699,0.0095398529
996700,0.037016027
996701,0.020683737
996702,0.01056339
996703,0.0074060778
996704,0.01496737
996705,0.016489545
996706,0.010484404
996707,0.010450655
996708,0.010383875
996709,0.007218664
996710,0.02391501
996711,0.0083346562
996712,0.0070003732
996713,0.012797655
996714,0.036402803
996715,0.010184254
996716,0.039751839
996717,0.007327809
996718,0.0073888442
996719,0.020695945
996720,0.0063332953
996721,0.0057674632
996722,0.013568474
996723,0.011094755
996724,0.01251106
996725,0.0070886947
996726,0.011482546
996727,0.0077744429
996728,0.01141142
996729,0.020132985
996730,0.007444853
996731,0.0073687383
996732,0.006865378
996733,0.006605478
996734,0.0072157914
996735,0.032546479
996736,0.039673571
996737,0.010285501
996738,0.0070075542
996739,0.0071698357
996740,0.0074254652
996741,0.012782197
996742,0.0071849148
996743,0.010500919
996744,0.013554113
996745,0.0068467082
996746,0.03997013
996747,0.0062817265
996748,0.017942181
996749,0.027064424
996750,0.010328584
996751,0.015629308
996752,0.010421933
996753,0.012339154
996754,0.024770938
996755,0.0071806065
996756,0.011092601
996757,0.013933249
996758,0.013648897
996759,0.012835454
996760,0.0093771545
996761,0.0074139764
996762,0.010251034
996763,0.01539522
996764,0.019232538
996765,0.013832721
996766,0.016045962
996767,0.0073069851
996768,0.0031654648
996769,0.0071949679
996770,0.0066509303
996771,0.0070118625
996772,0.007100184
996773,0.0062952056
996774,0.008061667
996775,0.0083374027
996776,0.0069221049
996777,0.0092715994
996778,0.0071949679
996779,0.0094231097
996780,0.0071346508
996781,0.0072753904
996782,0.026031591
996783,0.0074333642
996784,0.03974035
996785,0.0068883561
996786,0.027447868
996787,0.014201804
996788,0.011914062
996789,0.0072150733
996790,0.017392147
996791,0.030639589
996792,0.011073931
996793,0.014292279
996794,0.0087976791
996795,0.027345186
996796,0.010572007
996797,0.0037863723
996798,0.0079237996
996799,0.0053138528
996800,0.0075432272
996801,0.010876465
996802,0.023517923
996803,0.014084042
996804,0.024532542
996805,0.00913445
996806,0.0071798884
996807,0.0061920141
996808,0.010515998
996809,0.019544102
996810,0.013938275
996811,0.017463235
996812,0.0072251265
996813,0.0062758503
996814,0.0072416416
996815,0.014051011
996816,0.015039062
996817,0.028010109
996818,0.017500574
996819,0.021322602
996820,0.0067935721
996821,0.0072811353
996822,0.0098308353
996823,0.012304688
996824,0.0072251265
996825,0.013997156
996826,0.0073852539
996827,0.0064007929
996828,0.017248536
996829,0.010941808
996830,0.0072926241
996831,0.0073105758
996832,0.010921703
996833,0.024453679
996834,0.0070018093
996835,0.024530388
996836,0.0073988969
996837,0.01027473
996838,0.00736443
996839,0.0069070254
996840,0.0071820426
996841,0.0070663565
996842,0.0074857823
996843,0.017562328
996844,0.020761289
996845,0.0072423597
996846,0.0072854436
996847,0.0209566
996848,0.0071080825
996849,0.012874857
996850,0.0070542279
996851,0.020809397
996852,0.014073989
996853,0.0067019491
996854,0.0073098578
996855,0.0073141661
996856,0.0068337834
996857,0.036946695
996858,0.01105239
996859,0.027552705
996860,0.039236989
996861,0.010424805
996862,0.0063755284
996863,0.013936121
996864,0.009222053
996865,0.014292279
996866,0.029963234
996867,0.020670813
996868,0.010574879
996869,0.010280474
996870,0.01728731
996871,0.010971967
996872,0.0065372242
996873,0.0059893439
996874,0.011051672
996875,0.010619399
996876,0.024297019
996877,0.010505945
996878,0.0074017695
996879,0.0096540358
996880,0.010556928
996881,0.031199018
996882,0.0074563418
996883,0.0055620978
996884,0.024804687
996885,0.010283346
996886,0.0071612191
996887,0.0086210323
996888,0.0085255345
996889,0.008378597
996890,0.030732997
996891,0.0069860122
996892,0.013857853
996893,0.0069163395
996894,0.007159065
996895,0.021254595
996896,0.0015892425
996897,0.0074204388
996898,0.027607279
996899,0.010546875
996900,0.031159524
996901,0.03717472
996902,0.007365148
996903,0.0069802678
996904,0.0069544176
996905,0.017249972
996906,0.0068821134
996907,0.021993387
996908,0.026141711
996909,0.0070427391
996910,0.0080494601
996911,0.010572725
996912,0.023740521
996913,0.0079765795
996914,0.033250518
996915,0.0085901599
996916,0.0064682849
996917,0.0061250576
996918,0.0061950972
996919,0.0077069453
996920,0.007467831
996921,0.017093435
996922,0.0093886433
996923,0.013950483
996924,0.017181756
996925,0.0069407742
996926,0.0060381722
996927,0.013395973
996928,0.010276166
996929,0.020463293
996930,0.014348288
996931,0.011945657
996932,0.014275764
996933,0.005869946
996934,0.017102769
996935,0.0071698357
996936,0.011249856
996937,0.007246668
996938,0.010801787
996939,0.0071116728
996940,0.0064872839
996941,0.010844152
996942,0.010235237
996943,0.0073809456
996944,0.010582778
996945,0.0080796182
996946,0.0072854436
996947,0.0072437958
996948,0.0071346508
996949,0.0072610294
996950,0.031279441
996951,0.010531078
996952,0.007481474
996953,0.013878676
996954,0.010527487
996955,0.02581186
996956,0.019754259
996957,0.018858906
996958,0.006887638
996959,0.017038861
996960,0.0068201399
996961,0.0069536995
996962,0.0072315889
996963,0.020520052
996964,0.01044491
996965,0.0059247185
996966,0.013909553
996967,0.0087732654
996968,0.0073069851
996969,0.010851333
996970,0.010828354
996971,0.0071095186
996972,0.0079783723
996973,0.01372573
996974,0.0070010913
996975,0.010730699
996976,0.0076976102
996977,0.0068840478
996978,0.016445722
996979,0.0077234604
996980,0.010742188
996981,0.019864431
996982,0.0070908489
996983,0.011176614
996984,0.00823831
996985,0.0070068361
996986,0.015336339
996987,0.0073673022
996988,0.015446112
996989,0.0085147638
996990,0.0070693074
996991,0.0071116728
996992,0.0073213466
996993,0.010931755
996994,0.0098912856
996995,0.018518066
996996,0.0069522634
996997,0.0093484316
996998,0.0073292451
996999,0.010303453
997000,0.032535583
997001,0.039602481
997002,0.0064293663
997003,0.013706342
997004,0.010749368
997005,0.0076559628
997006,0.01377025
997007,0.014099121
997008,0.0071016201
997009,0.0072229723
997010,0.010642377
997011,0.017201142
997012,0.0059254365
997013,0.010653866
997014,0.0072423597
997015,0.0073084212
997016,0.010721364
997017,0.039535701
997018,0.025796484
997019,0.039349724
997020,0.015902171
997021,0.022562984
997022,0.027298512
997023,0.0073981788
997024,0.005514706
997025,0.013997156
997026,0.008003504
997027,0.019325959
997028,0.0065639182
997029,0.036138639
997030,0.0067066867
997031,0.0099156993
997032,0.0073565315
997033,0.0062479516
997034,0.029088361
997035,0.0062008318
997036,0.0077916761
997037,0.0096613634
997038,0.026447276
997039,0.010330738
997040,0.0073184744
997041,0.010590677
997042,0.0099810436
997043,0.010351563
997044,0.0072445138
997045,0.0073436066
997046,0.0066693476
997047,0.020537971
997048,0.016276702
997049,0.017225558
997050,0.010377413
997051,0.019588694
997052,0.0071482938
997053,0.012523696
997054,0.0069637522
997055,0.0070714615
997056,0.0072840075
997057,0.0095078414
997058,0.0070369947
997059,0.0097777816
997060,0.0064003938
997061,0.0071245977
997062,0.0068596336
997063,0.0204159
997064,0.033690754
997065,0.017507754
997066,0.01171875
997067,0.0075202491
997068,0.0099678943
997069,0.012507899
997070,0.0078469673
997071,0.017573098
997072,0.017693015
997073,0.0073033948
997074,0.0073759193
997075,0.0059742648
997076,0.013152177
997077,0.0067077447
997078,0.034556668
997079,0.0073658661
997080,0.016866527
997081,0.013795381
997082,0.010755112
997083,0.0068129594
997084,0.017876837
997085,0.0074046417
997086,0.019739999
997087,0.0071705538
997088,0.0072057387
997089,0.010605038
997090,0.0063632214
997091,0.014150104
997092,0.029758578
997093,0.0074333642
997094,0.020278033
997095,0.0072150733
997096,0.010594985
997097,0.020591108
997098,0.0097914748
997099,0.020983662
997100,0.019699764
997101,0.010824046
997102,0.0071116728
997103,0.010525333
997104,0.01955954
997105,0.010385311
997106,0.026035158
997107,0.016309312
997108,0.02758861
997109,0.013338695
997110,0.026793715
997111,0.0075676413
997112,0.0065027573
997113,0.0090418197
997114,0.029755715
997115,0.024362363
997116,0.007715242
997117,0.033276908
997118,0.023908548
997119,0.0109375
997120,0.024613684
997121,0.020685174
997122,0.0071461396
997123,0.017825857
997124,0.0072768265
997125,0.013900937
997126,0.013609404
997127,0.012581859
997128,0.0091947671
997129,0.023057193
997130,0.036764707
997131,0.0068883561
997132,0.012782587
997133,0.0071475757
997134,0.027045755
997135,0.010434858
997136,0.0072854436
997137,0.0070822323
997138,0.0091715539
997139,0.016243439
997140,0.0073601217
997141,0.0068976907
997142,0.0098352768
997143,0.007306267
997144,0.0071870694
997145,0.0098492317
997146,0.010905906
997147,0.011206055
997148,0.0072165094
997149,0.0078383498
997150,0.006997501
997151,0.010864258
997152,0.0064427941
997153,0.0071403952
997154,0.023460478
997155,0.010731417
997156,0.009062713
997157,0.0071339328
997158,0.010764447
997159,0.010576315
997160,0.010515998
997161,0.0069903205
997162,0.020797908
997163,0.010561954
997164,0.0072904699
997165,0.039694395
997166,0.013625919
997167,0.0070772059
997168,0.0070851045
997169,0.0073471968
997170,0.0069163605
997171,0.0071626552
997172,0.019578641
997173,0.013412655
997174,0.0072236904
997175,0.0064352597
997176,0.020514276
997177,0.0095143039
997178,0.028995875
997179,0.03647748
997180,0.0069687786
997181,0.010333611
997182,0.0071418313
997183,0.0075482535
997184,0.011504049
997185,0.02877626
997186,0.013177131
997187,0.013671875
997188,0.020600442
997189,0.010423369
997190,0.007151166
997191,0.0069587259
997192,0.0070886947
997193,0.039326027
997194,0.023115585
997195,0.006314361
997196,0.0077708527
997197,0.0061056698
997198,0.02731072
997199,0.0071468577
997200,0.014384191
997201,0.01418457
997202,0.010482968
997203,0.010750804
997204,0.010327866
997205,0.0069924747
997206,0.0069544176
997207,0.0055082431
997208,0.019152114
997209,0.019450484
997210,0.0070061181
997211,0.01406609
997212,0.0075712316
997213,0.0076760687
997214,0.007385972
997215,0.017099896
997216,0.0118751
997217,0.0074276193
997218,0.0072761085
997219,0.016988598
997220,0.007658835
997221,0.0069027171
997222,0.0088005513
997223,0.0068723108
997224,0.0076889936
997225,0.0042316588
997226,0.028294608
997227,0.039621152
997228,0.0094875218
997229,0.022644762
997230,0.010907342
997231,0.02091567
997232,0.0018209129
997233,0.015436653
997234,0.0073213466
997235,0.017458927
997236,0.020731129
997237,0.0072402055
997238,0.014155848
997239,0.016957721
997240,0.010781681
997241,0.022768613
997242,0.0067792106
997243,0.02021987
997244,0.0071123908
997245,0.010512408
997246,0.017258588
997247,0.030853631
997248,0.010460707
997249,0.006945801
997250,0.0083137061
997251,0.0071834787
997252,0.021018354
997253,0.0068897922
997254,0.0064852275
997255,0.010583496
997256,0.0072653377
997257,0.02007195
997258,0.007174144
997259,0.010597858
997260,0.035243854
997261,0.013616584
997262,0.010606474
997263,0.0071806065
997264,0.010893698
997265,0.0083316583
997266,0.010592113
997267,0.007151884
997268,0.010308479
997269,0.0098747537
997270,0.010684743
997271,0.0070542279
997272,0.0080663422
997273,0.0072380514
997274,0.006996783
997275,0.0074908086
997276,0.0071289064
997277,0.0090691065
997278,0.030715764
997279,0.017452464
997280,0.0055685602
997281,0.027751608
997282,0.0058507584
997283,0.015920645
997284,0.021564798
997285,0.0070097083
997286,0.010466452
997287,0.0080055362
997288,0.017238483
997289,0.017166676
997290,0.020963063
997291,0.014863138
997292,0.0091430666
997293,0.0071059284
997294,0.017944336
997295,0.0069292854
997296,0.017009176
997297,0.017635569
997298,0.010735725
997299,0.0070642806
997300,0.020658605
997301,0.022398466
997302,0.020902028
997303,0.013804716
997304,0.039848059
997305,0.0070233513
997306,0.039745376
997307,0.0063282857
997308,0.032908324
997309,0.0073163202
997310,0.0070958757
997311,0.0071195713
997312,0.007739258
997313,0.01060432
997314,0.0097929109
997315,0.031463265
997316,0.010754394
997317,0.007291906
997318,0.010381003
997319,0.019565716
997320,0.020919262
997321,0.027401913
997322,0.013775276
997323,0.034173943
997324,0.01389232
997325,0.007385972
997326,0.010192153
997327,0.0073830998
997328,0.020481244
997329,0.01110768
997330,0.012118713
997331,0.0066564223
997332,0.037230007
997333,0.0074951174
997334,0.010625862
997335,0.010404699
997336,0.013868623
997337,0.017387839
997338,0.0069249771
997339,0.010720646
997340,0.030652573
997341,0.014109892
997342,0.01071921
997343,0.0073299631
997344,0.020411415
997345,0.0072861616
997346,0.012431785
997347,0.0073077031
997348,0.010778091
997349,0.0072883158
997350,0.0071698357
997351,0.0098984512
997352,0.027854284
997353,0.0073953066
997354,0.0075152228
997355,0.017333984
997356,0.0059110788
997357,0.017164523
997358,0.020616958
997359,0.0084221335
997360,0.010403262
997361,0.017487649
997362,0.015321433
997363,0.010328584
997364,0.013088091
997365,0.0064177937
997366,0.010365924
997367,0.039309513
997368,0.0075942096
997369,0.007291188
997370,0.0060151941
997371,0.013747989
997372,0.013622329
997373,0.0072811353
997374,0.007423311
997375,0.0074807559
997376,0.016079364
997377,0.0071935318
997378,0.013476563
997379,0.0082993452
997380,0.0067066723
997381,0.010762293
997382,0.014281509
997383,0.0071856328
997384,0.010313505
997385,0.013857135
997386,0.013748707
997387,0.0091243964
997388,0.010346537
997389,0.0068596336
997390,0.0067670038
997391,0.0074908086
997392,0.0078024473
997393,0.0299978
997394,0.033538461
997395,0.014165901
997396,0.039855238
997397,0.016986443
997398,0.0074383905
997399,0.0070535098
997400,0.016380755
997401,0.01058924
997402,0.0094231097
997403,0.010294118
997404,0.010705566
997405,0.01312522
997406,0.0071827606
997407,0.0078778435
997408,0.0085966224
997409,0.017220531
997410,0.0080537684
997411,0.013625919
997412,0.010273294
997413,0.007247386
997414,0.0073809456
997415,0.0070111444
997416,0.007137523
997417,0.016947668
997418,0.0029190022
997419,0.0065779975
997420,0.0088924635
997421,0.0056877583
997422,0.023617482
997423,0.030766746
997424,0.020571003
997425,0.0074484432
997426,0.01071921
997427,0.0071497299
997428,0.026357852
997429,0.023795094
997430,0.0097716069
997431,0.032177836
997432,0.0069996552
997433,0.0060982569
997434,0.0072265626
997435,0.010299862
997436,0.016345933
997437,0.014085478
997438,0.00572797
997439,0.0064407606
997440,0.013629509
997441,0.017601822
997442,0.0082490807
997443,0.017451746
997444,0.0080006318
997445,0.0073342714
997446,0.037365723
997447,0.038947612
997448,0.02589296
997449,0.038465075
997450,0.0078010112
997451,0.0072610294
997452,0.038905244
997453,0.013791791
997454,0.0095315371
997455,0.0099250348
997456,0.010587804
997457,0.0076064165
997458,0.0069163605
997459,0.010254624
997460,0.010544003
997461,0.0099652456
997462,0.017410817
997463,0.014063218
997464,0.0073536593
997465,0.014362649
997466,0.0032603638
997467,0.015169277
997468,0.010773783
997469,0.012850369
997470,0.020398667
997471,0.0070671532
997472,0.030944824
997473,0.010284064
997474,0.0076538087
997475,0.010353717
997476,0.0069508273
997477,0.02089772
997478,0.0074333642
997479,0.0066863745
997480,0.0058306525
997481,0.007459214
997482,0.013686954
997483,0.010422651
997484,0.0062736962
997485,0.0080365352
997486,0.0071332147
997487,0.0084580369
997488,0.020588236
997489,0.039596736
997490,0.010078939
997491,0.0059943702
997492,0.022610294
997493,0.022883128
997494,0.037408356
997495,0.017282285
997496,0.014515596
997497,0.011285041
997498,0.0070585362
997499,0.038846362
997500,0.020862535
997501,0.011123477
997502,0.013141583
997503,0.0070671532
997504,0.029545976
997505,0.014198214
997506,0.020898437
997507,0.009251494
997508,0.0071102367
997509,0.016439281
997510,0.013354734
997511,0.0068704044
997512,0.0074491613
997513,0.0061729322
997514,0.010941808
997515,0.0078929225
997516,0.010494457
997517,0.020609058
997518,0.0074362364
997519,0.027652517
997520,0.018421128
997521,0.017178884
997522,0.00686466
997523,0.0064506717
997524,0.0093290443
997525,0.020486271
997526,0.0073787915
997527,0.010805377
997528,0.0068854839
997529,0.010509536
997530,0.0063317865
997531,0.010037096
997532,0.016463695
997533,0.012910731
997534,0.010493739
997535,0.026469152
997536,0.0072402055
997537,0.0099643553
997538,0.036938872
997539,0.039694395
997540,0.0074032056
997541,0.0072524128
997542,0.03701818
997543,0.020583928
997544,0.0071231616
997545,0.0061933491
997546,0.0067262445
997547,0.0073141661
997548,0.010477941
997549,0.0076573989
997550,0.014142923
997551,0.01329824
997552,0.010594985
997553,0.021373793
997554,0.0070269415
997555,0.0074139764
997556,0.0068818936
997557,0.01720617
997558,0.039682906
997559,0.01058206
997560,0.0073235007
997561,0.0072933421
997562,0.010475069
997563,0.0072509767
997564,0.010016946
997565,0.011776195
997566,0.012286582
997567,0.025866453
997568,0.011672869
997569,0.0064429268
997570,0.029659484
997571,0.007004682
997572,0.014108456
997573,0.014431583
997574,0.010283346
997575,0.010931755
997576,0.0074326461
997577,0.010215849
997578,0.010830509
997579,0.013740809
997580,0.0073421705
997581,0.020033199
997582,0.0019234511
997583,0.014573041
997584,0.0061193132
997585,0.0096911322
997586,0.020691637
997587,0.012760669
997588,0.0072969324
997589,0.0076071345
997590,0.014081888
997591,0.0070427391
997592,0.014038086
997593,0.0070578181
997594,0.01656994
997595,0.013235129
997596,0.016777173
997597,0.013660386
997598,0.039754711
997599,0.010365924
997600,0.0070312498
997601,0.017186739
997602,0.010493021
997603,0.0062198415
997604,0.013959818
997605,0.0094468063
997606,0.01062658
997607,0.0099882241
997608,0.007731359
997609,0.0074269013
997610,0.0087646488
997611,0.01954633
997612,0.0064747529
997613,0.0067863911
997614,0.0023014341
997615,0.0069852942
997616,0.007313448
997617,0.007159065
997618,0.030570714
997619,0.0071044923
997620,0.039712343
997621,0.0064674523
997622,0.020496324
997623,0.011376953
997624,0.007349351
997625,0.0071044923
997626,0.014247041
997627,0.010492302
997628,0.017511345
997629,0.0070657171
997630,0.007525994
997631,0.010608628
997632,0.014038086
997633,0.01091165
997634,0.014246323
997635,0.023990408
997636,0.010309197
997637,0.010746496
997638,0.013970588
997639,0.0081844553
997640,0.006103084
997641,0.019342277
997642,0.030665498
997643,0.013166977
997644,0.011013614
997645,0.0070405849
997646,0.0068467082
997647,0.010421215
997648,0.0075015798
997649,0.016957721
997650,0.017204734
997651,0.0075245579
997652,0.0070492015
997653,0.0074297735
997654,0.0071669635
997655,0.02124957
997656,0.01267971
997657,0.0086849434
997658,0.0073400163
997659,0.023943014
997660,0.0071806065
997661,0.0073823817
997662,0.0071978401
997663,0.0063963099
997664,0.0021858858
997665,0.010366642
997666,0.007092285
997667,0.010538259
997668,0.0075030159
997669,0.016788326
997670,0.025233824
997671,0.024333639
997672,0.0060977712
997673,0.02123449
997674,0.0064215581
997675,0.0061279298
997676,0.0092457486
997677,0.010581342
997678,0.020565256
997679,0.01181138
997680,0.010811121
997681,0.0076056984
997682,0.0070312498
997683,0.0070858225
997684,0.0072983685
997685,0.0073112939
997686,0.0070262235
997687,0.0069623161
997688,0.0062600528
997689,0.007408232
997690,0.010271139
997691,0.0061695771
997692,0.00870864
997693,0.0072732363
997694,0.0089499084
997695,0.0062758503
997696,0.016738597
997697,0.0070628445
997698,0.007444853
997699,0.0078814337
997700,0.0069730869
997701,0.0074204388
997702,0.023604017
997703,0.016733686
997704,0.013786765
997705,0.011890256
997706,0.0069185146
997707,0.014005055
997708,0.0062708342
997709,0.020427389
997710,0.0065342216
997711,0.0072402055
997712,0.010317096
997713,0.0072617475
997714,0.015764529
997715,0.010139016
997716,0.0069393381
997717,0.013660386
997718,0.0072387694
997719,0.011868824
997720,0.011361156
997721,0.010949707
997722,0.010681152
997723,0.0071576289
997724,0.0021206418
997725,0.027012724
997726,0.017081227
997727,0.0072093289
997728,0.010677562
997729,0.0069723688
997730,0.0060546873
997731,0.0072825714
997732,0.010869284
997733,0.0069623161
997734,0.011044491
997735,0.0076286765
997736,0.026164398
997737,0.017222686
997738,0.013627355
997739,0.007467831
997740,0.0076064165
997741,0.027447151
997742,0.007658835
997743,0.0072495406
997744,0.0074204388
997745,0.027885167
997746,0.015252327
997747,0.023426728
997748,0.013747271
997749,0.0072818534
997750,0.019746421
997751,0.0074340822
997752,0.013824822
997753,0.022759674
997754,0.0075762579
997755,0.016000547
997756,0.005786851
997757,0.010999253
997758,0.010705566
997759,0.011272117
997760,0.007269646
997761,0.0074412627
997762,0.031244256
997763,0.0054364372
997764,0.014444509
997765,0.031621665
997766,0.0071691177
997767,0.010737879
997768,0.0071633733
997769,0.010675408
997770,0.017461799
997771,0.021472886
997772,0.0081995344
997773,0.01098202
997774,0.0070585362
997775,0.0076394472
997776,0.0076200599
997777,0.0073981788
997778,0.0073687383
997779,0.014168495
997780,0.0072524128
997781,0.029689636
997782,0.0094733741
997783,0.013885858
997784,0.0071217255
997785,0.0073996149
997786,0.0071346508
997787,0.0096636601
997788,0.020868996
997789,0.007055664
997790,0.014402861
997791,0.0075511257
997792,0.019769348
997793,0.013853544
997794,0.013803998
997795,0.020641372
997796,0.010383157
997797,0.010914522
997798,0.012925092
997799,0.0070427391
997800,0.0076976102
997801,0.024139142
997802,0.019496784
997803,0.0076444736
997804,0.0107228
997805,0.023920037
997806,0.007004682
997807,0.015177649
997808,0.039919864
997809,0.012942325
997810,0.0086511951
997811,0.010330738
997812,0.0074750115
997813,0.013585708
997814,0.0071490118
997815,0.007313448
997816,0.010359461
997817,0.020661477
997818,0.039395679
997819,0.010541849
997820,0.0072581572
997821,0.01252944
997822,0.027916044
997823,0.0098711802
997824,0.0098037757
997825,0.0069300034
997826,0.027535472
997827,0.007151166
997828,0.023076519
997829,0.014173799
997830,0.013855699
997831,0.0071569108
997832,0.024956916
997833,0.017936436
997834,0.020033581
997835,0.0072639016
997836,0.007100184
997837,0.010373104
997838,0.027876532
997839,0.0062290407
997840,0.0073069851
997841,0.017886173
997842,0.014517033
997843,0.010558364
997844,0.014005055
997845,0.009397978
997846,0.027704934
997847,0.010670382
997848,0.014136461
997849,0.0075496896
997850,0.010636632
997851,0.0071052103
997852,0.0075798482
997853,0.007055664
997854,0.024942353
997855,0.01075224
997856,0.017474724
997857,0.03878174
997858,0.0033480725
997859,0.030450799
997860,0.023423139
997861,0.01117087
997862,0.028535288
997863,0.024140481
997864,0.006358427
997865,0.023624914
997866,0.017486932
997867,0.0073105758
997868,0.017727481
997869,0.017449591
997870,0.020201698
997871,0.0079812445
997872,0.027510339
997873,0.007218664
997874,0.017592486
997875,0.0069987648
997876,0.010513844
997877,0.017489085
997878,0.0067935358
997879,0.011280528
997880,0.007041303
997881,0.0071332147
997882,0.013798254
997883,0.013895192
997884,0.0081004426
997885,0.01080035
997886,0.010612219
997887,0.01167134
997888,0.009869026
997889,0.0075303023
997890,0.010111731
997891,0.0072445138
997892,0.0070132986
997893,0.012940099
997894,0.0072617475
997895,0.0074527515
997896,0.0074908086
997897,0.017298082
997898,0.0076940199
997899,0.007195686
997900,0.0068488624
997901,0.0087983971
997902,0.01041547
997903,0.010351563
997904,0.034650736
997905,0.01047866
997906,0.010577033
997907,0.0059757009
997908,0.0067885453
997909,0.010712747
997910,0.010481532
997911,0.02782126
997912,0.0072976504
997913,0.016719325
997914,0.0074793198
997915,0.011249856
997916,0.017597513
997917,0.0070578181
997918,0.0062553319
997919,0.0071253157
997920,0.0078584561
997921,0.013568474
997922,0.0070499196
997923,0.0070269415
997924,0.0080882357
997925,0.014247041
997926,0.0073974608
997927,0.0072007123
997928,0.0068253935
997929,0.0071281884
997930,0.0067828009
997931,0.01391458
997932,0.0073960247
997933,0.0071669635
997934,0.0077658258
997935,0.0073385797
997936,0.023791503
997937,0.0072832895
997938,0.010452091
997939,0.0070664352
997940,0.013912425
997941,0.0065904064
997942,0.010662483
997943,0.0076164696
997944,0.010546875
997945,0.010271857
997946,0.0070994659
997947,0.017662857
997948,0.013918823
997949,0.011372644
997950,0.0076638614
997951,0.016815308
997952,0.021098776
997953,0.0070664352
997954,0.007233025
997955,0.01933567
997956,0.0071834787
997957,0.010414752
997958,0.01408117
997959,0.0093276082
997960,0.0065376582
997961,0.010526769
997962,0.010414752
997963,0.013785329
997964,0.0086425785
997965,0.0071066464
997966,0.01438491
997967,0.0070664352
997968,0.0071396772
997969,0.0072531309
997970,0.0070405849
997971,0.014073989
997972,0.0071899416
997973,0.0098409411
997974,0.024187874
997975,0.010697667
997976,0.017452464
997977,0.0075482535
997978,0.028429532
997979,0.020809397
997980,0.01237434
997981,0.010757985
997982,0.014085478
997983,0.020852482
997984,0.016363641
997985,0.012945916
997986,0.012269503
997987,0.014985926
997988,0.0085090185
997989,0.0074771657
997990,0.023864027
997991,0.010431985
997992,0.023862591
997993,0.014216883
997994,0.023279527
997995,0.033179279
997996,0.010493739
997997,0.010388183
997998,0.0071353689
997999,0.019130461
998000,0.031208353
998001,0.0092543662
998002,0.017051786
998003,0.010551183
998004,0.014760455
998005,0.010799632
998006,0.019831399
998007,0.014226936
998008,0.0065160049
998009,0.03953642
998010,0.007870663
998011,0.0070348405
998012,0.0059074853
998013,0.009369256
998014,0.010443474
998015,0.010660329
998016,0.0070714615
998017,0.013113188
998018,0.014257813
998019,0.0089894012
998020,0.014269302
998021,0.024088062
998022,0.0063173962
998023,0.0085865697
998024,0.024963379
998025,0.013520365
998026,0.01043773
998027,0.006901999
998028,0.0069845761
998029,0.014093377
998030,0.020477654
998031,0.01368839
998032,0.0064130342
998033,0.013709215
998034,0.0160597
998035,0.0098948758
998036,0.010216567
998037,0.010897289
998038,0.031089155
998039,0.0073414524
998040,0.010625144
998041,0.0075662052
998042,0.013501694
998043,0.009296013
998044,0.013187968
998045,0.011895393
998046,0.0062471754
998047,0.01041188
998048,0.0053313547
998049,0.03967429
998050,0.010502355
998051,0.0073838178
998052,0.0064036651
998053,0.01062658
998054,0.013091228
998055,0.0088518178
998056,0.011073213
998057,0.0095481081
998058,0.010328584
998059,0.034295581
998060,0.0074929632
998061,0.030941952
998062,0.028792441
998063,0.017903406
998064,0.027193675
998065,0.021887925
998066,0.010697667
998067,0.016109716
998068,0.011124083
998069,0.013388241
998070,0.010443474
998071,0.0074477252
998072,0.017176729
998073,0.0082210768
998074,0.020620547
998075,0.010516716
998076,0.01105239
998077,0.019261871
998078,0.0070348405
998079,0.0073191924
998080,0.0075697955
998081,0.016773896
998082,0.010101678
998083,0.025411127
998084,0.011744143
998085,0.0072653377
998086,0.010813275
998087,0.016900612
998088,0.0080193011
998089,0.0093864892
998090,0.0070915669
998091,0.020717487
998092,0.013511029
998093,0.0071971221
998094,0.017292337
998095,0.0072610294
998096,0.0073996149
998097,0.0099178534
998098,0.010186409
998099,0.035218325
998100,0.017242791
998101,0.013905245
998102,0.0068474263
998103,0.016675815
998104,0.014016544
998105,0.0067776423
998106,0.013639562
998107,0.0071727079
998108,0.0072495406
998109,0.0072581572
998110,0.0073299631
998111,0.037060548
998112,0.013913143
998113,0.0081248563
998114,0.0070657171
998115,0.010508818
998116,0.010620117
998117,0.009098026
998118,0.010890826
998119,0.0061326488
998120,0.0077335131
998121,0.0072574392
998122,0.0088903094
998123,0.012714178
998124,0.010436294
998125,0.007100184
998126,0.014152976
998127,0.0072172275
998128,0.014085478
998129,0.0072172275
998130,0.037010282
998131,0.014626178
998132,0.0069852942
998133,0.013953355
998134,0.0068488624
998135,0.0068410067
998136,0.012026631
998137,0.017107788
998138,0.020581055
998139,0.017520681
998140,0.010798914
998141,0.0074908086
998142,0.0069400561
998143,0.013049317
998144,0.010167739
998145,0.020677993
998146,0.010722082
998147,0.007563333
998148,0.026851626
998149,0.007540355
998150,0.013821231
998151,0.032229435
998152,0.039333209
998153,0.0071949679
998154,0.0070082722
998155,0.016039625
998156,0.0072610294
998157,0.025161564
998158,0.017302595
998159,0.0065444047
998160,0.016235052
998161,0.023976764
998162,0.0073586856
998163,0.0074628047
998164,0.020188993
998165,0.010642377
998166,0.010366642
998167,0.013601505
998168,0.017385684
998169,0.010922421
998170,0.010457835
998171,0.010977123
998172,0.01051169
998173,0.017964441
998174,0.010377413
998175,0.010267549
998176,0.020402258
998177,0.010635914
998178,0.026005656
998179,0.0074125403
998180,0.0074764476
998181,0.0069630342
998182,0.015548906
998183,0.013964844
998184,0.0069565717
998185,0.0070015583
998186,0.017670754
998187,0.021166274
998188,0.021009486
998189,0.013660386
998190,0.021187099
998191,0.0057981154
998192,0.0072093289
998193,0.026051929
998194,0.020372098
998195,0.023806583
998196,0.022914425
998197,0.0087459786
998198,0.0097225411
998199,0.0072954963
998200,0.014082606
998201,0.0069393381
998202,0.01001551
998203,0.0074714213
998204,0.0073759193
998205,0.02051284
998206,0.010344381
998207,0.0074419808
998208,0.014234834
998209,0.0073428885
998210,0.011894475
998211,0.0080272006
998212,0.039401423
998213,0.017453182
998214,0.0070211971
998215,0.010217285
998216,0.010505227
998217,0.01043773
998218,0.0056367163
998219,0.019400321
998220,0.007196404
998221,0.020785114
998222,0.0067219129
998223,0.011417164
998224,0.0072129192
998225,0.0074175666
998226,0.0074376725
998227,0.010586368
998228,0.010504509
998229,0.0073349895
998230,0.010763729
998231,0.010521024
998232,0.0072222543
998233,0.010513844
998234,0.007518095
998235,0.0066925003
998236,0.010291246
998237,0.0070829503
998238,0.039736759
998239,0.0072150733
998240,0.014180262
998241,0.013758042
998242,0.0073077031
998243,0.007327809
998244,0.011460966
998245,0.0083596623
998246,0.010714184
998247,0.011382697
998248,0.013926786
998249,0.010223029
998250,0.010255557
998251,0.010424805
998252,0.010420497
998253,0.0072854436
998254,0.015903607
998255,0.0070427391
998256,0.0069551356
998257,0.019664092
998258,0.023912856
998259,0.0067544077
998260,0.013408361
998261,0.010644531
998262,0.0071231616
998263,0.038982078
998264,0.0071044923
998265,0.0095990347
998266,0.017153034
998267,0.016363166
998268,0.010493021
998269,0.0093326177
998270,0.0072861616
998271,0.011035156
998272,0.030776799
998273,0.016605871
998274,0.0073069851
998275,0.032569796
998276,0.0072639016
998277,0.024597887
998278,0.020408003
998279,0.013945456
998280,0.0073184744
998281,0.010432703
998282,0.014124253
998283,0.0074304915
998284,0.0075245579
998285,0.017070455
998286,0.020726103
998287,0.024011949
998288,0.0041448311
998289,0.0069587259
998290,0.0072308709
998291,0.0072954963
998292,0.014338235
998293,0.010294118
998294,0.012891944
998295,0.024069393
998296,0.0072768265
998297,0.020947983
998298,0.013951919
998299,0.010942526
998300,0.023554768
998301,0.011390597
998302,0.028111357
998303,0.017005112
998304,0.0077385399
998305,0.0065242993
998306,0.023606244
998307,0.0070800781
998308,0.014165901
998309,0.0071231616
998310,0.019603109
998311,0.0058363969
998312,0.010611501
998313,0.0071705538
998314,0.024310661
998315,0.0077040726
998316,0.0068948185
998317,0.0071877874
998318,0.013379624
998319,0.015383417
998320,0.029178316
998321,0.0073838178
998322,0.012858657
998323,0.013866469
998324,0.019047277
998325,0.014005055
998326,0.013844928
998327,0.0072739543
998328,0.014396398
998329,0.02093865
998330,0.0056640627
998331,0.010584214
998332,0.0067734662
998333,0.010467889
998334,0.0071942499
998335,0.0140625
998336,0.0061250576
998337,0.009897748
998338,0.01047866
998339,0.0065846164
998340,0.017509909
998341,0.020326143
998342,0.013253513
998343,0.026083132
998344,0.020243566
998345,0.03028349
998346,0.027313592
998347,0.0077220243
998348,0.023832249
998349,0.025574449
998350,0.017598949
998351,0.013838465
998352,0.010394646
998353,0.011042337
998354,0.0093907481
998355,0.031685144
998356,0.012434568
998357,0.013719267
998358,0.018007886
998359,0.010569853
998360,0.0073364256
998361,0.0080055837
998362,0.011216108
998363,0.0097081801
998364,0.038555428
998365,0.010523897
998366,0.0099565685
998367,0.011521284
998368,0.0064298678
998369,0.010613655
998370,0.0071188533
998371,0.010621553
998372,0.03098001
998373,0.0072840075
998374,0.0017560192
998375,0.0077665439
998376,0.012389002
998377,0.0069860122
998378,0.006542705
998379,0.0072222543
998380,0.010642377
998381,0.010347255
998382,0.0072818534
998383,0.006996783
998384,0.0077442843
998385,0.0097426474
998386,0.0064120889
998387,0.01032643
998388,0.02995372
998389,0.002673394
998390,0.035015021
998391,0.030659037
998392,0.0060554054
998393,0.0025216201
998394,0.024179975
998395,0.007114545
998396,0.017118566
998397,0.0088393996
998398,0.013995002
998399,0.0067655677
998400,0.01071921
998401,0.010596422
998402,0.0071202894
998403,0.007305549
998404,0.0074376725
998405,0.0020481679
998406,0.01741728
998407,0.010783835
998408,0.0092967311
998409,0.017284438
998410,0.014183134
998411,0.022661949
998412,0.0063826074
998413,0.017561609
998414,0.015235093
998415,0.0071935318
998416,0.02421516
998417,0.0071188533
998418,0.0071088006
998419,0.010428395
998420,0.020554526
998421,0.010438448
998422,0.015671674
998423,0.0070161708
998424,0.013161848
998425,0.014284381
998426,0.0069867303
998427,0.011629711
998428,0.020965936
998429,0.0072265626
998430,0.017999491
998431,0.00570571
998432,0.010605038
998433,0.0070269415
998434,0.013932531
998435,0.0072998046
998436,0.011231905
998437,0.0070542279
998438,0.01735409
998439,0.0081112133
998440,0.017889045
998441,0.026664464
998442,0.036022339
998443,0.025488963
998444,0.0069917566
998445,0.013823385
998446,0.020464011
998447,0.030320112
998448,0.0076013901
998449,0.0078347595
998450,0.036969353
998451,0.0071806065
998452,0.0072574392
998453,0.0078699449
998454,0.0061250576
998455,0.013941147
998456,0.011104808
998457,0.02325655
998458,0.039912682
998459,0.0066485237
998460,0.010699104
998461,0.016727932
998462,0.0072531309
998463,0.0068862019
998464,0.0075195311
998465,0.0099401679
998466,0.0072057387
998467,0.0073235007
998468,0.0036974023
998469,0.021195715
998470,0.0078821518
998471,0.039502673
998472,0.0070937211
998473,0.0071281884
998474,0.017167395
998475,0.010416231
998476,0.010886517
998477,0.010994945
998478,0.011891085
998479,0.010578469
998480,0.0095538329
998481,0.023833152
998482,0.01750919
998483,0.026945226
998484,0.013982077
998485,0.01090447
998486,0.0071626552
998487,0.0069572898
998488,0.010592831
998489,0.010602166
998490,0.0064503313
998491,0.02392219
998492,0.010100959
998493,0.007233025
998494,0.013673311
998495,0.0022563592
998496,0.010321404
998497,0.0073098578
998498,0.0084221335
998499,0.010029153
998500,0.017672909
998501,0.0089075426
998502,0.010406854
998503,0.01129653
998504,0.0071231616
998505,0.014321002
998506,0.0075640511
998507,0.0088443533
998508,0.010510254
998509,0.010684025
998510,0.029813878
998511,0.0071691177
998512,0.011628993
998513,0.014182416
998514,0.0075755399
998515,0.0069113337
998516,0.0070168888
998517,0.0068969727
998518,0.0075482535
998519,0.014185288
998520,0.0074462891
998521,0.0070800781
998522,0.0070448932
998523,0.0016758314
998524,0.0082936008
998525,0.010677562
998526,0.0094259819
998527,0.0079733459
998528,0.020634191
998529,0.007813218
998530,0.010724236
998531,0.030503217
998532,0.035902936
998533,0.014030187
998534,0.0070506376
998535,0.0071396772
998536,0.0075137867
998537,0.013671875
998538,0.016919663
998539,0.010504509
998540,0.030473059
998541,0.01384421
998542,0.02393727
998543,0.024057904
998544,0.010589959
998545,0.028652292
998546,0.012931154
998547,0.0074240291
998548,0.00891471
998549,0.0071899416
998550,0.013845646
998551,0.0071497299
998552,0.0071561923
998553,0.0069429288
998554,0.013391654
998555,0.0070427391
998556,0.013136978
998557,0.0076552448
998558,0.0063081631
998559,0.0096737128
998560,0.017567562
998561,0.010537541
998562,0.0075482535
998563,0.0069666244
998564,0.039759018
998565,0.01071562
998566,0.0097701913
998567,0.010836972
998568,0.0072078928
998569,0.0074498793
998570,0.011112707
998571,0.0075762579
998572,0.0080429977
998573,0.027482621
998574,0.039466769
998575,0.012773581
998576,0.037779324
998577,0.010377413
998578,0.019982193
998579,0.01754294
998580,0.014237707
998581,0.0064137233
998582,0.0068933824
998583,0.022453038
998584,0.010360898
998585,0.019197743
998586,0.013725012
998587,0.0073629939
998588,0.023317168
998589,0.0073680202
998590,0.01114502
998591,0.010572007
998592,0.010300775
998593,0.019951316
998594,0.0073335534
998595,0.013916016
998596,0.0084443931
998597,0.028010109
998598,0.006358874
998599,0.0072703641
998600,0.007136805
998601,0.010560518
998602,0.0106711
998603,0.0069536995
998604,0.0078354776
998605,0.0065483451
998606,0.013824822
998607,0.0078627644
998608,0.014276482
998609,0.036721621
998610,0.010208668
998611,0.0020357573
998612,0.0073349895
998613,0.0070937211
998614,0.011971507
998615,0.0074936813
998616,0.0079934513
998617,0.027912455
998618,0.01372932
998619,0.01048943
998620,0.0055211685
998621,0.008781882
998622,0.020691637
998623,0.0075145047
998624,0.0074355183
998625,0.013674029
998626,0.0072308709
998627,0.0070326859
998628,0.010544003
998629,0.010627298
998630,0.0099523207
998631,0.013948329
998632,0.0070039639
998633,0.0090403836
998634,0.010629452
998635,0.0094496785
998636,0.030773927
998637,0.017293774
998638,0.013366699
998639,0.0096779373
998640,0.0071289064
998641,0.0076121609
998642,0.0080264825
998643,0.0067934622
998644,0.0080056582
998645,0.0082561141
998646,0.0092581054
998647,0.0073701749
998648,0.0073421705
998649,0.015454819
998650,0.020707434
998651,0.014234834
998652,0.0054644416
998653,0.024006205
998654,0.010673254
998655,0.008223949
998656,0.0073787915
998657,0.0082268212
998658,0.0072868797
998659,0.0071834787
998660,0.013017231
998661,0.011660587
998662,0.01113712
998663,0.010765883
998664,0.0062607708
998665,0.0016193592
998666,0.0070520737
998667,0.0071432674
998668,0.023828125
998669,0.010874311
998670,0.016882325
998671,0.010685461
998672,0.013859289
998673,0.0072725182
998674,0.010513126
998675,0.0078160902
998676,0.011004279
998677,0.0071920957
998678,0.020496324
998679,0.0075303023
998680,0.010655303
998681,0.0094781062
998682,0.0075008618
998683,0.013579963
998684,0.024287684
998685,0.0070398669
998686,0.0062022102
998687,0.010186409
998688,0.012719094
998689,0.017401483
998690,0.016142385
998691,0.025623078
998692,0.0095667224
998693,0.0070391488
998694,0.014005055
998695,0.010280474
998696,0.010571289
998697,0.0071123908
998698,0.0072430777
998699,0.024199363
998700,0.0072373333
998701,0.013932531
998702,0.0070542279
998703,0.010988482
998704,0.0107228
998705,0.0056181066
998706,0.012229291
998707,0.010616527
998708,0.017026654
998709,0.020612076
998710,0.013805434
998711,0.0073608398
998712,0.014035214
998713,0.020350846
998714,0.010812557
998715,0.020537253
998716,0.0074269013
998717,0.010515998
998718,0.010587086
998719,0.019439338
998720,0.007291188
998721,0.010498047
998722,0.0099402936
998723,0.0074039237
998724,0.006996783
998725,0.027251838
998726,0.0056475471
998727,0.0064521567
998728,0.0062747691
998729,0.011435834
998730,0.0063943304
998731,0.0076387292
998732,0.0390625
998733,0.0071439855
998734,0.0084903492
998735,0.022521731
998736,0.007042021
998737,0.005551327
998738,0.010328584
998739,0.010610783
998740,0.0069285673
998741,0.017198989
998742,0.014005773
998743,0.015590533
998744,0.033985812
998745,0.0080236094
998746,0.0072423597
998747,0.0064073545
998748,0.017365579
998749,0.033010527
998750,0.010467889
998751,0.0079525216
998752,0.013583554
998753,0.0070082722
998754,0.017199706
998755,0.0083388388
998756,0.010470043
998757,0.014175235
998758,0.0072222543
998759,0.014136461
998760,0.011238902
998761,0.017460363
998762,0.0064122817
998763,0.0069285673
998764,0.0086799171
998765,0.0058148555
998766,0.0068711224
998767,0.010449219
998768,0.0081413714
998769,0.0070772059
998770,0.038625918
998771,0.027689856
998772,0.039652027
998773,0.010628016
998774,0.0068991268
998775,0.038120404
998776,0.023701746
998777,0.014432301
998778,0.013546932
998779,0.011830631
998780,0.02053079
998781,0.0075116325
998782,0.0072725182
998783,0.0072531309
998784,0.010452809
998785,0.0071432674
998786,0.0074053598
998787,0.0069486732
998788,0.016964182
998789,0.010749368
998790,0.0073098578
998791,0.0071238796
998792,0.019502917
998793,0.014013672
998794,0.0081600416
998795,0.010718492
998796,0.007137523
998797,0.030733714
998798,0.020565256
998799,0.007173426
998800,0.023185657
998801,0.0071396772
998802,0.0075482535
998803,0.014234116
998804,0.0061523439
998805,0.039443791
998806,0.013468664
998807,0.0088120401
998808,0.0073507871
998809,0.0070183249
998810,0.020909926
998811,0.017247099
998812,0.020993222
998813,0.030606618
998814,0.0077378219
998815,0.0064661363
998816,0.0072430777
998817,0.020004146
998818,0.028028781
998819,0.039368395
998820,0.020597864
998821,0.010474351
998822,0.0070958757
998823,0.034517176
998824,0.0071181352
998825,0.010482968
998826,0.0069393381
998827,0.0059132297
998828,0.025195312
998829,0.014411477
998830,0.0073227827
998831,0.010484404
998832,0.0090130977
998833,0.017400047
998834,0.0073378617
998835,0.013869341
998836,0.0091559915
998837,0.0070657171
998838,0.013979205
998839,0.0082340017
998840,0.010611501
998841,0.032625932
998842,0.0060069785
998843,0.010449219
998844,0.014092659
998845,0.006609668
998846,0.0061100945
998847,0.0076286765
998848,0.01613318
998849,0.0073005226
998850,0.011625402
998851,0.010214413
998852,0.033311293
998853,0.0075482535
998854,0.027929688
998855,0.014018699
998856,0.0070642806
998857,0.014005773
998858,0.019970704
998859,0.010309197
998860,0.0073385797
998861,0.0091710705
998862,0.0069572898
998863,0.0072265626
998864,0.0072272806
998865,0.010553338
998866,0.0072840075
998867,0.013904527
998868,0.0076976102
998869,0.037221678
998870,0.010794606
998871,0.010573443
998872,0.010477941
998873,0.010341509
998874,0.0070571001
998875,0.010468607
998876,0.0069027171
998877,0.0073299631
998878,0.0073335534
998879,0.0094186375
998880,0.010768037
998881,0.0071131089
998882,0.010631606
998883,0.0077844956
998884,0.0071281884
998885,0.010627298
998886,0.0069838581
998887,0.013480871
998888,0.0085700536
998889,0.01995777
998890,0.0070865406
998891,0.01063017
998892,0.010157686
998893,0.0064454046
998894,0.01060791
998895,0.014054601
998896,0.01199664
998897,0.0072344611
998898,0.0076530906
998899,0.039494772
998900,0.013496668
998901,0.0075367647
998902,0.037115838
998903,0.025672823
998904,0.007195686
998905,0.039676443
998906,0.0074620866
998907,0.015659466
998908,0.010493739
998909,0.0065769781
998910,0.0071928138
998911,0.010317096
998912,0.010439884
998913,0.020560231
998914,0.01430305
998915,0.0073680202
998916,0.0068639419
998917,0.021615664
998918,0.0076545267
998919,0.011457376
998920,0.0091028549
998921,0.022918137
998922,0.0059347712
998923,0.011920525
998924,0.01044491
998925,0.013076602
998926,0.0072753904
998927,0.010628734
998928,0.0071676816
998929,0.011583037
998930,0.010340073
998931,0.013863597
998932,0.0070312498
998933,0.027656106
998934,0.038570628
998935,0.0072143553
998936,0.010638786
998937,0.0072086109
998938,0.010639505
998939,0.016618079
998940,0.017364861
998941,0.0065552867
998942,0.035258722
998943,0.007077924
998944,0.014274328
998945,0.0083948392
998946,0.013867187
998947,0.012550983
998948,0.0065084971
998949,0.0063376036
998950,0.0021539538
998951,0.010426241
998952,0.036060289
998953,0.012890625
998954,0.014104147
998955,0.014903349
998956,0.0060755112
998957,0.0073694563
998958,0.007114545
998959,0.0078519937
998960,0.013414937
998961,0.019894589
998962,0.0072122011
998963,0.010760857
998964,0.0096536074
998965,0.010474351
998966,0.0072201001
998967,0.014282227
998968,0.0071985582
998969,0.020637782
998970,0.016595544
998971,0.010480814
998972,0.0079654474
998973,0.012227762
998974,0.036580592
998975,0.0070815142
998976,0.024253218
998977,0.033509739
998978,0.025454532
998979,0.008826402
998980,0.010699104
998981,0.010741469
998982,0.0083891023
998983,0.027907427
998984,0.0078448132
998985,0.014482565
998986,0.010574161
998987,0.032690212
998988,0.005139878
998989,0.032697611
998990,0.010363052
998991,0.0064323875
998992,0.0078239888
998993,0.010523897
998994,0.0063972026
998995,0.012111529
998996,0.0074383905
998997,0.0083812037
998998,0.0074606501
998999,0.0072725182
999000,0.0074125403
999001,0.006946519
999002,0.020696662
999003,0.013361673
999004,0.01716524
999005,0.013820513
999006,0.0076832492
999007,0.0085217841
999008,0.0071583469
999009,0.0074943993
999010,0.014017981
999011,0.0073479149
999012,0.0070944391
999013,0.017289465
999014,0.01060432
999015,0.007349351
999016,0.0069529815
999017,0.0071116728
999018,0.0072847256
999019,0.010732853
999020,0.0071727079
999021,0.0070980298
999022,0.032620922
999023,0.0094453702
999024,0.010234519
999025,0.01039321
999026,0.0072524128
999027,0.0019912701
999028,0.01415513
999029,0.0075719496
999030,0.0013803125
999031,0.0018543783
999032,0.010422651
999033,0.0070326859
999034,0.010468607
999035,0.010549029
999036,0.0073263729
999037,0.014270738
999038,0.021117445
999039,0.0065792422
999040,0.018288085
999041,0.0081505431
999042,0.007739258
999043,0.010811121
999044,0.026314549
999045,0.019101348
999046,0.003328748
999047,0.0070822323
999048,0.013938993
999049,0.0072631836
999050,0.011050235
999051,0.010483686
999052,0.01734332
999053,0.039671414
999054,0.0078053195
999055,0.012860467
999056,0.038729321
999057,0.010185691
999058,0.010307761
999059,0.027013442
999060,0.01175609
999061,0.0080451518
999062,0.010987764
999063,0.026686914
999064,0.038814049
999065,0.011209645
999066,0.010496611
999067,0.010376695
999068,0.0071569108
999069,0.0075109145
999070,0.0070657171
999071,0.014198214
999072,0.0070283776
999073,0.028522087
999074,0.015538094
999075,0.010432703
999076,0.0069544176
999077,0.0071841967
999078,0.021433124
999079,0.0064937696
999080,0.011029412
999081,0.017380659
999082,0.0094992248
999083,0.0062384065
999084,0.0073263729
999085,0.0072516948
999086,0.023690257
999087,0.0072337431
999088,0.014249913
999089,0.0092321057
999090,0.0108262
999091,0.0071238796
999092,0.012697467
999093,0.0071920957
999094,0.027269071
999095,0.01797593
999096,0.010277602
999097,0.0075195311
999098,0.017262178
999099,0.011064596
999100,0.028923262
999101,0.0073780734
999102,0.007459932
999103,0.020550895
999104,0.039430864
999105,0.012891937
999106,0.010111731
999107,0.010753676
999108,0.013670439
999109,0.021010455
999110,0.0069874483
999111,0.0074125403
999112,0.010760857
999113,0.0072954963
999114,0.013284355
999115,0.00647859
999116,0.010136862
999117,0.0070657171
999118,0.011500459
999119,0.0083582262
999120,0.010307761
999121,0.010813993
999122,0.021050666
999123,0.014112046
999124,0.013941865
999125,0.020421645
999126,0.010792452
999127,0.034110755
999128,0.012379366
999129,0.010256778
999130,0.02694379
999131,0.013871496
999132,0.0084616272
999133,0.007584875
999134,0.03949549
999135,0.0068718405
999136,0.0074735754
999137,0.007004682
999138,0.014371984
999139,0.015136001
999140,0.011640482
999141,0.011020795
999142,0.011951402
999143,0.010453527
999144,0.0070822323
999145,0.017567353
999146,0.013327206
999147,0.039331771
999148,0.013751579
999149,0.0043125716
999150,0.015625
999151,0.0069730869
999152,0.0022866547
999153,0.010661765
999154,0.017427333
999155,0.030833252
999156,0.010485122
999157,0.024628762
999158,0.0070793601
999159,0.01114143
999160,0.018511605
999161,0.039485436
999162,0.01621777
999163,0.0060460707
999164,0.0062018898
999165,0.0096744318
999166,0.016432818
999167,0.011661305
999168,0.012502872
999169,0.010644531
999170,0.0070434571
999171,0.0095190322
999172,0.013295362
999173,0.010668945
999174,0.0083309393
999175,0.021324966
999176,0.010569853
999177,0.0098262178
999178,0.014292997
999179,0.0068689683
999180,0.0073515051
999181,0.0069587259
999182,0.0077579273
999183,0.0069738054
999184,0.0074534696
999185,0.03684872
999186,0.0029598873
999187,0.016083706
999188,0.0065336339
999189,0.007019761
999190,0.0063968101
999191,0.0072861616
999192,0.030873736
999193,0.0075252759
999194,0.013776712
999195,0.022302821
999196,0.011486098
999197,0.033932675
999198,0.020660041
999199,0.007775879
999200,0.013683364
999201,0.0071102367
999202,0.0070484835
999203,0.0071576289
999204,0.006996783
999205,0.0073931525
999206,0.0068933824
999207,0.0071806065
999208,0.0068711224
999209,0.0071992762
999210,0.014896168
999211,0.0080559226
999212,0.0075137867
999213,0.0074987076
999214,0.013388241
999215,0.013678337
999216,0.010075827
999217,0.010500919
999218,0.0066249818
999219,0.0064151539
999220,0.0070693074
999221,0.0075202491
999222,0.009017406
999223,0.017057531
999224,0.0070571001
999225,0.0062614889
999226,0.0072531309
999227,0.021714872
999228,0.010617963
999229,0.006901281
999230,0.010901597
999231,0.0063736448
999232,0.0059268726
999233,0.010455681
999234,0.0076775048
999235,0.01039321
999236,0.010908778
999237,0.023932245
999238,0.014912684
999239,0.039552219
999240,0.033763211
999241,0.0073069851
999242,0.0082367854
999243,0.006901999
999244,0.017306698
999245,0.007306267
999246,0.020469038
999247,0.0076638614
999248,0.0075899013
999249,0.01087072
999250,0.0075303023
999251,0.0072366153
999252,0.01451057
999253,0.020579619
999254,0.0071016201
999255,0.0077672624
999256,0.01079317
999257,0.030885944
999258,0.017476879
999259,0.010631606
999260,0.013844928
999261,0.0076437555
999262,0.013649615
999263,0.01733291
999264,0.008429314
999265,0.022684094
999266,0.018544599
999267,0.021285472
999268,0.011953556
999269,0.022378847
999270,0.007077924
999271,0.033087272
999272,0.0071856328
999273,0.0085865697
999274,0.024242446
999275,0.025154976
999276,0.01396269
999277,0.017095588
999278,0.03430032
999279,0.0094518326
999280,0.010295554
999281,0.013639562
999282,0.0079733459
999283,0.0073895622
999284,0.016806209
999285,0.013476497
999286,0.010574161
999287,0.010819738
999288,0.0086418604
999289,0.006161775
999290,0.0060913088
999291,0.02605135
999292,0.0070542279
999293,0.008165786
999294,0.017749023
999295,0.0070104264
999296,0.0071095186
999297,0.016342342
999298,0.0070255054
999299,0.0070822323
999300,0.017666446
999301,0.0072122011
999302,0.017015165
999303,0.010314223
999304,0.039242733
999305,0.017092716
999306,0.015989549
999307,0.012685946
999308,0.0070025274
999309,0.0074218749
999310,0.033557128
999311,0.010873592
999312,0.016957721
999313,0.0139591
999314,0.0070211971
999315,0.0066054245
999316,0.0024376852
999317,0.013572782
999318,0.0075274301
999319,0.0072954963
999320,0.013544442
999321,0.0062112249
999322,0.0066399928
999323,0.0089211855
999324,0.010273294
999325,0.010709874
999326,0.020714615
999327,0.026074804
999328,0.036748189
999329,0.0071913777
999330,0.010428395
999331,0.011595267
999332,0.013209209
999333,0.014967974
999334,0.014426556
999335,0.011187385
999336,0.01072639
999337,0.01372573
999338,0.010602884
999339,0.0071640913
999340,0.011259191
999341,0.010038488
999342,0.012465533
999343,0.0095907198
999344,0.011251292
999345,0.0080451518
999346,0.010409008
999347,0.010234519
999348,0.017188936
999349,0.0070477654
999350,0.0078469673
999351,0.030284926
999352,0.021021226
999353,0.013401885
999354,0.0099476529
999355,0.013511029
999356,0.015101533
999357,0.017382812
999358,0.014080452
999359,0.030707864
999360,0.010579187
999361,0.0072351792
999362,0.012946504
999363,0.029812619
999364,0.0071490118
999365,0.008150707
999366,0.0092313876
999367,0.0069773956
999368,0.013203699
999369,0.010531796
999370,0.013737937
999371,0.0072610294
999372,0.0075216852
999373,0.0073830998
999374,0.0072703641
999375,0.0088278381
999376,0.0072409236
999377,0.01632553
999378,0.0072078928
999379,0.031760212
999380,0.010712029
999381,0.0070664352
999382,0.0076976102
999383,0.0081866095
999384,0.010444192
999385,0.013668285
999386,0.0074211569
999387,0.0070535098
999388,0.0066546872
999389,0.027561322
999390,0.013807588
999391,0.0073665841
999392,0.011882468
999393,0.0068589156
999394,0.039377011
999395,0.0074247471
999396,0.011954039
999397,0.010431267
999398,0.0072071748
999399,0.010638068
999400,0.016888786
999401,0.010661765
999402,0.0074793198
999403,0.024955982
999404,0.0072775446
999405,0.0075066062
999406,0.0075051701
999407,0.0072481045
999408,0.0092687272
999409,0.01553237
999410,0.0074039237
999411,0.019213572
999412,0.019124135
999413,0.010345099
999414,0.010502355
999415,0.0098970495
999416,0.016962029
999417,0.010444192
999418,0.0069910386
999419,0.021671789
999420,0.017619055
999421,0.010261805
999422,0.013847082
999423,0.0068323473
999424,0.010816866
999425,0.010337919
999426,0.012830962
999427,0.007445571
999428,0.010931755
999429,0.0073665841
999430,0.023487076
999431,0.0094180834
999432,0.010596422
999433,0.014078298
999434,0.0072646197
999435,0.019275544
999436,0.0072861616
999437,0.015521599
999438,0.024702005
999439,0.020706715
999440,0.013939711
999441,0.036719467
999442,0.034353457
999443,0.013363891
999444,0.035608135
999445,0.0093647782
999446,0.020158118
999447,0.0071403952
999448,0.017479032
999449,0.0071468577
999450,0.010951143
999451,0.039467487
999452,0.0069364659
999453,0.014315258
999454,0.023254978
999455,0.030748075
999456,0.010112449
999457,0.0069623161
999458,0.014055319
999459,0.010714902
999460,0.021220846
999461,0.013761632
999462,0.0073105758
999463,0.0071332147
999464,0.010460707
999465,0.010630888
999466,0.007019761
999467,0.010801069
999468,0.028351907
999469,0.0073529412
999470,0.026673082
999471,0.010475787
999472,0.0070592542
999473,0.012971206
999474,0.0070054
999475,0.036980122
999476,0.031308882
999477,0.0077923941
999478,0.013586415
999479,0.013822667
999480,0.0076660155
999481,0.016949821
999482,0.017066866
999483,0.014073989
999484,0.010667509
999485,0.010621553
999486,0.017635569
999487,0.010420497
999488,0.010428395
999489,0.021128217
999490,0.016865809
999491,0.017269358
999492,0.010095457
999493,0.005859375
999494,0.010667509
999495,0.0073263729
999496,0.0080494601
999497,0.0059168199
999498,0.017257152
999499,0.0067598233
999500,0.0071116728
999501,0.012953096
999502,0.0098188994
999503,0.0072157914
999504,0.0070018093
999505,0.02700698
999506,0.0072868797
999507,0.0065281182
999508,0.023899931
999509,0.0080494601
999510,0.010565544
999511,0.01650296
999512,0.01091524
999513,0.013366682
999514,0.0086591663
999515,0.0073888442
999516,0.010294118
999517,0.0072014304
999518,0.013671157
999519,0.0085418839
999520,0.010426241
999521,0.0068036248
999522,0.027746582
999523,0.012961249
999524,0.0071827606
999525,0.03968434
999526,0.039882526
999527,0.038238078
999528,0.01299259
999529,0.0072409236
999530,0.0070736157
999531,0.0069738054
999532,0.032271419
999533,0.0073637119
999534,0.039705884
999535,0.0082543138
999536,0.037454043
999537,0.023949478
999538,0.014352596
999539,0.0071231616
999540,0.027435662
999541,0.010796042
999542,0.0067333677
999543,0.013092401
999544,0.013558421
999545,0.021391746
999546,0.0071109547
999547,0.0072818534
999548,0.017725328
999549,0.036746107
999550,0.0086519131
999551,0.0073019909
999552,0.01979213
999553,0.013867187
999554,0.0071396772
999555,0.0070377127
999556,0.0067454618
999557,0.02400046
999558,0.028736915
999559,0.027688419
999560,0.039649874
999561,0.0073881261
999562,0.0072868797
999563,0.014030187
999564,0.011909036
999565,0.02036061
999566,0.023558851
999567,0.011814252
999568,0.01602855
999569,0.0075094784
999570,0.01079676
999571,0.0064108437
999572,0.013683364
999573,0.020122426
999574,0.027023738
999575,0.024116067
999576,0.007210765
999577,0.0068941005
999578,0.033631809
999579,0.017533606
999580,0.017844915
999581,0.010308479
999582,0.027534036
999583,0.010572007
999584,0.037901394
999585,0.019026512
999586,0.014102711
999587,0.0070980298
999588,0.014187442
999589,0.03929228
999590,0.007365148
999591,0.02081586
999592,0.017263614
999593,0.016486673
999594,0.016839959
999595,0.0071389591
999596,0.0062594516
999597,0.0072445138
999598,0.010708438
999599,0.010560518
999600,0.0064438763
999601,0.01430305
999602,0.0072409236
999603,0.020769905
999604,0.010174202
999605,0.014160874
999606,0.0070836684
999607,0.0073012407
999608,0.0070391488
999609,0.013821231
999610,0.0076401653
999611,0.0074606501
999612,0.0080731558
999613,0.010468607
999614,0.0070097083
999615,0.011368336
999616,0.0073658661
999617,0.0074807559
999618,0.0081040328
999619,0.0072976504
999620,0.0069199507
999621,0.017244944
999622,0.0069357478
999623,0.0063009821
999624,0.0099142632
999625,0.01071131
999626,0.023596276
999627,0.0069860122
999628,0.0070714615
999629,0.019628188
999630,0.0059979609
999631,0.0060668364
999632,0.024564138
999633,0.013677619
999634,0.0067670038
999635,0.010803941
999636,0.010526051
999637,0.0065404791
999638,0.014007928
999639,0.0074197208
999640,0.0074994257
999641,0.0156767
999642,0.0061999955
999643,0.0069788317
999644,0.012047621
999645,0.017041733
999646,0.0071195713
999647,0.0072818534
999648,0.0072840075
999649,0.0057322783
999650,0.0070980298
999651,0.0072524128
999652,0.010963351
999653,0.014165901
999654,0.012928027
999655,0.024032772
999656,0.014054601
999657,0.01048943
999658,0.0069364659
999659,0.010366642
999660,0.00731273
999661,0.0075762579
999662,0.010477941
999663,0.0069587259
999664,0.010868566
999665,0.0075482535
999666,0.0042628716
999667,0.011661305
999668,0.0068833297
999669,0.010279038
999670,0.0070664352
999671,0.013924632
999672,0.023347743
999673,0.0062625334
999674,0.024783865
999675,0.039338235
999676,0.0066555501
999677,0.0078986669
999678,0.010708438
999679,0.010312787
999680,0.027363138
999681,0.027137667
999682,0.013867187
999683,0.0072387694
999684,0.021342916
999685,0.017109232
999686,0.007195686
999687,0.012522978
999688,0.014148667
999689,0.013752297
999690,0.0095785568
999691,0.015947409
999692,0.039595302
999693,0.0066306926
999694,0.008459473
999695,0.005243795
999696,0.010525333
999697,0.0072875977
999698,0.0083754594
999699,0.006677845
999700,0.0072904699
999701,0.0074742935
999702,0.019866435
999703,0.020782111
999704,0.007459214
999705,0.02031609
999706,0.010426959
999707,0.0063038548
999708,0.0071806065
999709,0.017081944
999710,0.0052763098
999711,0.0074211569
999712,0.0073988969
999713,0.006996783
999714,0.010634478
999715,0.0075504077
999716,0.010824764
999717,0.010625862
999718,0.0070075542
999719,0.039710909
999720,0.010534668
999721,0.0063472982
999722,0.017204734
999723,0.019514017
999724,0.009383617
999725,0.0071023381
999726,0.022454474
999727,0.0098465225
999728,0.017510626
999729,0.0072495406
999730,0.0072624655
999731,0.014022289
999732,0.01033002
999733,0.0079194913
999734,0.0098446114
999735,0.0065427828
999736,0.020291677
999737,0.0077234604
999738,0.027478028
999739,0.010549747
999740,0.016860064
999741,0.0073005226
999742,0.009860782
999743,0.013510311
999744,0.012262322
999745,0.013821231
999746,0.0065372242
999747,0.0047184094
999748,0.0072840075
999749,0.0071116728
999750,0.011868106
999751,0.021444881
999752,0.0075058881
999753,0.020834114
999754,0.0095207663
999755,0.01071131
999756,0.011435834
999757,0.0096223187
999758,0.039135743
999759,0.0072610294
999760,0.013327206
999761,0.0078089098
999762,0.016886633
999763,0.029149093
999764,0.017399328
999765,0.031291649
999766,0.010619399
999767,0.0073041129
999768,0.0071691177
999769,0.016960593
999770,0.010382439
999771,0.017417997
999772,0.013796099
999773,0.020519301
999774,0.027596507
999775,0.0075654872
999776,0.016948385
999777,0.010803941
999778,0.013702033
999779,0.01349954
999780,0.022303205
999781,0.024230238
999782,0.026564419
999783,0.010026281
999784,0.010903033
999785,0.010926011
999786,0.014038804
999787,0.00698314
999788,0.0090992646
999789,0.0073795095
999790,0.016343947
999791,0.018047737
999792,0.0076536485
999793,0.0068933824
999794,0.0074541876
999795,0.0076681697
999796,0.014038086
999797,0.0069120517
999798,0.030471623
999799,0.0072136372
999800,0.010236673
999801,0.014879653
999802,0.010650275
999803,0.0056525734
999804,0.007093003
999805,0.0073328353
999806,0.017303826
999807,0.0072840075
999808,0.0063022114
999809,0.0073694563
999810,0.018582299
999811,0.013930377
999812,0.011094755
999813,0.015975123
999814,0.011096261
999815,0.020588236
999816,0.010846307
999817,0.020377126
999818,0.010426241
999819,0.014201804
999820,0.0071482938
999821,0.0075755399
999822,0.010618681
999823,0.0072617475
999824,0.0070283776
999825,0.0066715018
999826,0.015538404
999827,0.017601103
999828,0.026081039
999829,0.033584416
999830,0.020161707
999831,0.0075453813
999832,0.01081543
999833,0.0079395967
999834,0.0069716508
999835,0.0078347595
999836,0.010671818
999837,0.0075913374
999838,0.010549747
999839,0.037531596
999840,0.0023648224
999841,0.0064366958
999842,0.0072459499
999843,0.0071748621
999844,0.0074175666
999845,0.017087689
999846,0.0085757989
999847,0.0078189624
999848,0.0075949277
999849,0.0074132583
999850,0.039455999
999851,0.0072531309
999852,0.013088055
999853,0.006241173
999854,0.0098489197
999855,0.00857508
999856,0.0096580237
999857,0.029472189
999858,0.013659668
999859,0.0091359438
999860,0.010515998
999861,0.017602827
999862,0.0074771657
999863,0.0095795076
999864,0.013970588
999865,0.0072667738
999866,0.0073184744
999867,0.020442469
999868,0.0073199105
999869,0.0065364018
999870,0.0073098578
999871,0.016195089
999872,0.011662676
999873,0.015947938
999874,0.0071971221
999875,0.017946491
999876,0.0072524128
999877,0.013904527
999878,0.01039321
999879,0.01389232
999880,0.0059139477
999881,0.014234834
999882,0.011573419
999883,0.017722255
999884,0.0073852539
999885,0.010772346
999886,0.010145479
999887,0.010875747
999888,0.010861386
999889,0.0077471565
999890,0.010340791
999891,0.0066930433
999892,0.0072840075
999893,0.0093654236
999894,0.0027932166
999895,0.011879596
999896,0.0066436916
999897,0.0080896718
999898,0.0071425494
999899,0.0079561118
999900,0.0074398266
999901,0.0068818936
999902,0.0065720314
999903,0.0072516948
999904,0.0070628445
999905,0.019478831
999906,0.0071633733
999907,0.0072682099
999908,0.0081270104
999909,0.0068151136
999910,0.0071382411
999911,0.0063476814
999912,0.013401885
999913,0.011848719
999914,0.019712254
999915,0.0072624655
999916,0.0065379422
999917,0.010093778
999918,0.0088953357
999919,0.010541131
999920,0.010668227
999921,0.020573156
999922,0.010236673
999923,0.0076559628
999924,0.013558421
999925,0.0068826117
999926,0.0072222543
999927,0.0070614084
999928,0.03687026
999929,0.0075741038
999930,0.009413057
999931,0.01083769
999932,0.014875589
999933,0.018278953
999934,0.0062081981
999935,0.018223662
999936,0.01994198
999937,0.017382812
999938,0.0061014914
999939,0.017053222
999940,0.0080681294
999941,0.0072933421
999942,0.01439568
999943,0.013936121
999944,0.03102022
999945,0.01764706
999946,0.010750804
999947,0.027358111
999948,0.036538221
999949,0.026486386
999950,0.013846364
999951,0.0098870089
999952,0.011325971
999953,0.0080814725
999954,0.0091559915
999955,0.026268531
999956,0.008180147
999957,0.0075130686
999958,0.010549029
999959,0.0077478746
999960,0.010508818
999961,0.010442038
999962,0.0073199105
999963,0.0108262
999964,0.010202924
999965,0.010928883
999966,0.011465993
999967,0.010502355
999968,0.0073615578
999969,0.013582118
999970,0.0020060563
999971,0.0071662455
999972,0.020567412
999973,0.0061766454
999974,0.0063763787
999975,0.0066111637
999976,0.01037454
999977,0.035521112
999978,0.014186006
999979,0.0073479149
999980,0.038568474
999981,0.009027862
999982,0.020611214
999983,0.016857911
999984,0.006666244
999985,0.0081823012
999986,0.033599496
999987,0.013332624
999988,0.0074577779
999989,0.019341184
999990,0.0068309112
999991,0.013819077
999992,0.039269302
999993,0.034296732
999994,0.0062136496
999995,0.0073795095
999996,0.0061980491
999997,0.028959015
999998,0.0062631164
999999,0.017326804
